2019-01-01 00:00:00+00:00,0.723911356
2019-01-01 01:00:00+00:00,0.723791896
2019-01-01 02:00:00+00:00,0.723672807
2019-01-01 03:00:00+00:00,0.723553483
2019-01-01 04:00:00+00:00,0.72343446
2019-01-01 05:00:00+00:00,0.723315695
2019-01-01 06:00:00+00:00,0.723196518
2019-01-01 07:00:00+00:00,0.722909482
2019-01-01 08:00:00+00:00,0.723059183
2019-01-01 09:00:00+00:00,0.723208639
2019-01-01 10:00:00+00:00,0.723358387
2019-01-01 11:00:00+00:00,0.72350786
2019-01-01 12:00:00+00:00,0.723657525
2019-01-01 13:00:00+00:00,0.723807469
2019-01-01 14:00:00+00:00,0.7239575
2019-01-01 15:00:00+00:00,0.724106477
2019-01-01 16:00:00+00:00,0.72425551
2019-01-01 17:00:00+00:00,0.724403626
2019-01-01 18:00:00+00:00,0.72455139
2019-01-01 19:00:00+00:00,0.724699227
2019-01-01 20:00:00+00:00,0.724847913
2019-01-01 21:00:00+00:00,0.724997631
2019-01-01 22:00:00+00:00,0.725147705
2019-01-01 23:00:00+00:00,0.725297887
2019-01-02 00:00:00+00:00,0.725448305
2019-01-02 01:00:00+00:00,0.725598575
2019-01-02 02:00:00+00:00,0.725748708
2019-01-02 03:00:00+00:00,0.725899297
2019-01-02 04:00:00+00:00,0.726049701
2019-01-02 05:00:00+00:00,0.726200382
2019-01-02 06:00:00+00:00,0.726350816
2019-01-02 07:00:00+00:00,0.726500562
2019-01-02 08:00:00+00:00,0.72665128
2019-01-02 09:00:00+00:00,0.726802262
2019-01-02 10:00:00+00:00,0.726953271
2019-01-02 11:00:00+00:00,0.727105407
2019-01-02 12:00:00+00:00,0.727256314
2019-01-02 13:00:00+00:00,0.727407213
2019-01-02 14:00:00+00:00,0.727558627
2019-01-02 15:00:00+00:00,0.727708728
2019-01-02 16:00:00+00:00,0.727857979
2019-01-02 17:00:00+00:00,0.728006068
2019-01-02 18:00:00+00:00,0.728154244
2019-01-02 19:00:00+00:00,0.728303321
2019-01-02 20:00:00+00:00,0.728454058
2019-01-02 21:00:00+00:00,0.728604623
2019-01-02 22:00:00+00:00,0.728756953
2019-01-02 23:00:00+00:00,0.728910185
2019-01-03 00:00:00+00:00,0.729063239
2019-01-03 01:00:00+00:00,0.729216814
2019-01-03 02:00:00+00:00,0.72937019
2019-01-03 03:00:00+00:00,0.729523294
2019-01-03 04:00:00+00:00,0.729676966
2019-01-03 05:00:00+00:00,0.729830504
2019-01-03 06:00:00+00:00,0.729983384
2019-01-03 07:00:00+00:00,0.730134674
2019-01-03 08:00:00+00:00,0.73028502
2019-01-03 09:00:00+00:00,0.730435721
2019-01-03 10:00:00+00:00,0.730586485
2019-01-03 11:00:00+00:00,0.73073707
2019-01-03 12:00:00+00:00,0.73088712
2019-01-03 13:00:00+00:00,0.731037236
2019-01-03 14:00:00+00:00,0.731167174
2019-01-03 15:00:00+00:00,0.731292577
2019-01-03 16:00:00+00:00,0.731170727
2019-01-03 17:00:00+00:00,0.731041409
2019-01-03 18:00:00+00:00,0.730918232
2019-01-03 19:00:00+00:00,0.730796307
2019-01-03 20:00:00+00:00,0.730675536
2019-01-03 21:00:00+00:00,0.730555388
2019-01-03 22:00:00+00:00,0.730436714
2019-01-03 23:00:00+00:00,0.730009371
2019-01-04 00:00:00+00:00,0.729511256
2019-01-04 01:00:00+00:00,0.729018822
2019-01-04 02:00:00+00:00,0.728529147
2019-01-04 03:00:00+00:00,0.728039477
2019-01-04 04:00:00+00:00,0.727546568
2019-01-04 05:00:00+00:00,0.727046318
2019-01-04 06:00:00+00:00,0.726545024
2019-01-04 07:00:00+00:00,0.726041524
2019-01-04 08:00:00+00:00,0.725537536
2019-01-04 09:00:00+00:00,0.725063418
2019-01-04 10:00:00+00:00,0.725213607
2019-01-04 11:00:00+00:00,0.725364359
2019-01-04 12:00:00+00:00,0.725514526
2019-01-04 13:00:00+00:00,0.725665335
2019-01-04 14:00:00+00:00,0.725649502
2019-01-04 15:00:00+00:00,0.725180508
2019-01-04 16:00:00+00:00,0.724746053
2019-01-04 17:00:00+00:00,0.724310833
2019-01-04 18:00:00+00:00,0.723875753
2019-01-04 19:00:00+00:00,0.723441505
2019-01-04 20:00:00+00:00,0.723008873
2019-01-04 21:00:00+00:00,0.722576151
2019-01-04 22:00:00+00:00,0.722142085
2019-01-04 23:00:00+00:00,0.721709458
2019-01-05 00:00:00+00:00,0.721207988
2019-01-05 01:00:00+00:00,0.7207077
2019-01-05 02:00:00+00:00,0.720211461
2019-01-05 03:00:00+00:00,0.719778381
2019-01-05 04:00:00+00:00,0.719370955
2019-01-05 05:00:00+00:00,0.71896661
2019-01-05 06:00:00+00:00,0.718545205
2019-01-05 07:00:00+00:00,0.71814392
2019-01-05 08:00:00+00:00,0.718159114
2019-01-05 09:00:00+00:00,0.718312532
2019-01-05 10:00:00+00:00,0.718467313
2019-01-05 11:00:00+00:00,0.718624236
2019-01-05 12:00:00+00:00,0.718782433
2019-01-05 13:00:00+00:00,0.718945601
2019-01-05 14:00:00+00:00,0.719108886
2019-01-05 15:00:00+00:00,0.719271926
2019-01-05 16:00:00+00:00,0.719428133
2019-01-05 17:00:00+00:00,0.719582932
2019-01-05 18:00:00+00:00,0.719741753
2019-01-05 19:00:00+00:00,0.719901913
2019-01-05 20:00:00+00:00,0.720064188
2019-01-05 21:00:00+00:00,0.720227169
2019-01-05 22:00:00+00:00,0.720390031
2019-01-05 23:00:00+00:00,0.720551606
2019-01-06 00:00:00+00:00,0.720714264
2019-01-06 01:00:00+00:00,0.720876818
2019-01-06 02:00:00+00:00,0.72103989
2019-01-06 03:00:00+00:00,0.721203356
2019-01-06 04:00:00+00:00,0.721366805
2019-01-06 05:00:00+00:00,0.721530308
2019-01-06 06:00:00+00:00,0.721693644
2019-01-06 07:00:00+00:00,0.721856346
2019-01-06 08:00:00+00:00,0.722019391
2019-01-06 09:00:00+00:00,0.7221827
2019-01-06 10:00:00+00:00,0.722345086
2019-01-06 11:00:00+00:00,0.722507633
2019-01-06 12:00:00+00:00,0.722670861
2019-01-06 13:00:00+00:00,0.722834083
2019-01-06 14:00:00+00:00,0.722997864
2019-01-06 15:00:00+00:00,0.723161878
2019-01-06 16:00:00+00:00,0.72332511
2019-01-06 17:00:00+00:00,0.72348513
2019-01-06 18:00:00+00:00,0.723642546
2019-01-06 19:00:00+00:00,0.72379691
2019-01-06 20:00:00+00:00,0.723951176
2019-01-06 21:00:00+00:00,0.724108872
2019-01-06 22:00:00+00:00,0.724271432
2019-01-06 23:00:00+00:00,0.724435166
2019-01-07 00:00:00+00:00,0.72459916
2019-01-07 01:00:00+00:00,0.724762962
2019-01-07 02:00:00+00:00,0.724926872
2019-01-07 03:00:00+00:00,0.725090939
2019-01-07 04:00:00+00:00,0.725254654
2019-01-07 05:00:00+00:00,0.72541837
2019-01-07 06:00:00+00:00,0.725579196
2019-01-07 07:00:00+00:00,0.725739292
2019-01-07 08:00:00+00:00,0.725893813
2019-01-07 09:00:00+00:00,0.726047304
2019-01-07 10:00:00+00:00,0.726201623
2019-01-07 11:00:00+00:00,0.726356514
2019-01-07 12:00:00+00:00,0.726511645
2019-01-07 13:00:00+00:00,0.726666935
2019-01-07 14:00:00+00:00,0.72682927
2019-01-07 15:00:00+00:00,0.726991742
2019-01-07 16:00:00+00:00,0.726987009
2019-01-07 17:00:00+00:00,0.727145264
2019-01-07 18:00:00+00:00,0.727303685
2019-01-07 19:00:00+00:00,0.727461728
2019-01-07 20:00:00+00:00,0.727458232
2019-01-07 21:00:00+00:00,0.727456643
2019-01-07 22:00:00+00:00,0.727455077
2019-01-07 23:00:00+00:00,0.727455228
2019-01-08 00:00:00+00:00,0.727455734
2019-01-08 01:00:00+00:00,0.727456544
2019-01-08 02:00:00+00:00,0.72745748
2019-01-08 03:00:00+00:00,0.727458332
2019-01-08 04:00:00+00:00,0.727459256
2019-01-08 05:00:00+00:00,0.727459295
2019-01-08 06:00:00+00:00,0.727457363
2019-01-08 07:00:00+00:00,0.727617107
2019-01-08 08:00:00+00:00,0.727613567
2019-01-08 09:00:00+00:00,0.727772969
2019-01-08 10:00:00+00:00,0.727934251
2019-01-08 11:00:00+00:00,0.728095882
2019-01-08 12:00:00+00:00,0.728256855
2019-01-08 13:00:00+00:00,0.728418589
2019-01-08 14:00:00+00:00,0.728580672
2019-01-08 15:00:00+00:00,0.728742472
2019-01-08 16:00:00+00:00,0.72890285
2019-01-08 17:00:00+00:00,0.729061326
2019-01-08 18:00:00+00:00,0.729218774
2019-01-08 19:00:00+00:00,0.729376882
2019-01-08 20:00:00+00:00,0.729536221
2019-01-08 21:00:00+00:00,0.729695964
2019-01-08 22:00:00+00:00,0.729856764
2019-01-08 23:00:00+00:00,0.730020048
2019-01-09 00:00:00+00:00,0.730183963
2019-01-09 01:00:00+00:00,0.730348423
2019-01-09 02:00:00+00:00,0.73051268
2019-01-09 03:00:00+00:00,0.730676966
2019-01-09 04:00:00+00:00,0.730841657
2019-01-09 05:00:00+00:00,0.731005321
2019-01-09 06:00:00+00:00,0.731166869
2019-01-09 07:00:00+00:00,0.731326238
2019-01-09 08:00:00+00:00,0.731484763
2019-01-09 09:00:00+00:00,0.731642915
2019-01-09 10:00:00+00:00,0.731803541
2019-01-09 11:00:00+00:00,0.731964863
2019-01-09 12:00:00+00:00,0.732125885
2019-01-09 13:00:00+00:00,0.73228677
2019-01-09 14:00:00+00:00,0.732447763
2019-01-09 15:00:00+00:00,0.732608474
2019-01-09 16:00:00+00:00,0.73276732
2019-01-09 17:00:00+00:00,0.732918307
2019-01-09 18:00:00+00:00,0.73306938
2019-01-09 19:00:00+00:00,0.733229119
2019-01-09 20:00:00+00:00,0.733389696
2019-01-09 21:00:00+00:00,0.733550681
2019-01-09 22:00:00+00:00,0.733712316
2019-01-09 23:00:00+00:00,0.733876239
2019-01-10 00:00:00+00:00,0.734040216
2019-01-10 01:00:00+00:00,0.73420432
2019-01-10 02:00:00+00:00,0.734368627
2019-01-10 03:00:00+00:00,0.734532779
2019-01-10 04:00:00+00:00,0.734697105
2019-01-10 05:00:00+00:00,0.734860964
2019-01-10 06:00:00+00:00,0.735023431
2019-01-10 07:00:00+00:00,0.735184103
2019-01-10 08:00:00+00:00,0.735343459
2019-01-10 09:00:00+00:00,0.735502953
2019-01-10 10:00:00+00:00,0.735663044
2019-01-10 11:00:00+00:00,0.735823845
2019-01-10 12:00:00+00:00,0.735984098
2019-01-10 13:00:00+00:00,0.736144295
2019-01-10 14:00:00+00:00,0.736304326
2019-01-10 15:00:00+00:00,0.736463407
2019-01-10 16:00:00+00:00,0.736617929
2019-01-10 17:00:00+00:00,0.736766888
2019-01-10 18:00:00+00:00,0.73691585
2019-01-10 19:00:00+00:00,0.737066734
2019-01-10 20:00:00+00:00,0.737220835
2019-01-10 21:00:00+00:00,0.737376987
2019-01-10 22:00:00+00:00,0.737537902
2019-01-10 23:00:00+00:00,0.73770082
2019-01-11 00:00:00+00:00,0.737864515
2019-01-11 01:00:00+00:00,0.738028726
2019-01-11 02:00:00+00:00,0.738192363
2019-01-11 03:00:00+00:00,0.738355942
2019-01-11 04:00:00+00:00,0.738519923
2019-01-11 05:00:00+00:00,0.738682162
2019-01-11 06:00:00+00:00,0.738839643
2019-01-11 07:00:00+00:00,0.738994473
2019-01-11 08:00:00+00:00,0.739146416
2019-01-11 09:00:00+00:00,0.739298443
2019-01-11 10:00:00+00:00,0.739450621
2019-01-11 11:00:00+00:00,0.739604319
2019-01-11 12:00:00+00:00,0.739761134
2019-01-11 13:00:00+00:00,0.739918352
2019-01-11 14:00:00+00:00,0.740076198
2019-01-11 15:00:00+00:00,0.74023422
2019-01-11 16:00:00+00:00,0.740383778
2019-01-11 17:00:00+00:00,0.740531619
2019-01-11 18:00:00+00:00,0.740679625
2019-01-11 19:00:00+00:00,0.740830264
2019-01-11 20:00:00+00:00,0.74098833
2019-01-11 21:00:00+00:00,0.741147135
2019-01-11 22:00:00+00:00,0.741307158
2019-01-11 23:00:00+00:00,0.741468361
2019-01-12 00:00:00+00:00,0.741630439
2019-01-12 01:00:00+00:00,0.741794139
2019-01-12 02:00:00+00:00,0.741957815
2019-01-12 03:00:00+00:00,0.742121396
2019-01-12 04:00:00+00:00,0.742285189
2019-01-12 05:00:00+00:00,0.74244826
2019-01-12 06:00:00+00:00,0.742611643
2019-01-12 07:00:00+00:00,0.742774017
2019-01-12 08:00:00+00:00,0.742935533
2019-01-12 09:00:00+00:00,0.743097103
2019-01-12 10:00:00+00:00,0.74325834
2019-01-12 11:00:00+00:00,0.74342075
2019-01-12 12:00:00+00:00,0.743583826
2019-01-12 13:00:00+00:00,0.743746905
2019-01-12 14:00:00+00:00,0.743909857
2019-01-12 15:00:00+00:00,0.744073267
2019-01-12 16:00:00+00:00,0.744233898
2019-01-12 17:00:00+00:00,0.744392829
2019-01-12 18:00:00+00:00,0.744543983
2019-01-12 19:00:00+00:00,0.744698093
2019-01-12 20:00:00+00:00,0.744854572
2019-01-12 21:00:00+00:00,0.745014444
2019-01-12 22:00:00+00:00,0.745174921
2019-01-12 23:00:00+00:00,0.745337304
2019-01-13 00:00:00+00:00,0.745500593
2019-01-13 01:00:00+00:00,0.745664649
2019-01-13 02:00:00+00:00,0.745828719
2019-01-13 03:00:00+00:00,0.745992616
2019-01-13 04:00:00+00:00,0.746156519
2019-01-13 05:00:00+00:00,0.746320565
2019-01-13 06:00:00+00:00,0.746484302
2019-01-13 07:00:00+00:00,0.7466476
2019-01-13 08:00:00+00:00,0.746811128
2019-01-13 09:00:00+00:00,0.746975141
2019-01-13 10:00:00+00:00,0.747138409
2019-01-13 11:00:00+00:00,0.747301861
2019-01-13 12:00:00+00:00,0.747465983
2019-01-13 13:00:00+00:00,0.747630052
2019-01-13 14:00:00+00:00,0.747794028
2019-01-13 15:00:00+00:00,0.747958187
2019-01-13 16:00:00+00:00,0.748119063
2019-01-13 17:00:00+00:00,0.748272421
2019-01-13 18:00:00+00:00,0.748424628
2019-01-13 19:00:00+00:00,0.748576291
2019-01-13 20:00:00+00:00,0.748729137
2019-01-13 21:00:00+00:00,0.748884901
2019-01-13 22:00:00+00:00,0.74904181
2019-01-13 23:00:00+00:00,0.749199122
2019-01-14 00:00:00+00:00,0.749362314
2019-01-14 01:00:00+00:00,0.749526016
2019-01-14 02:00:00+00:00,0.749689829
2019-01-14 03:00:00+00:00,0.749853546
2019-01-14 04:00:00+00:00,0.750017379
2019-01-14 05:00:00+00:00,0.750176811
2019-01-14 06:00:00+00:00,0.750334825
2019-01-14 07:00:00+00:00,0.750490346
2019-01-14 08:00:00+00:00,0.750645704
2019-01-14 09:00:00+00:00,0.750800334
2019-01-14 10:00:00+00:00,0.750955856
2019-01-14 11:00:00+00:00,0.751111776
2019-01-14 12:00:00+00:00,0.751274289
2019-01-14 13:00:00+00:00,0.751436751
2019-01-14 14:00:00+00:00,0.751599582
2019-01-14 15:00:00+00:00,0.751763
2019-01-14 16:00:00+00:00,0.751759507
2019-01-14 17:00:00+00:00,0.751917517
2019-01-14 18:00:00+00:00,0.75207482
2019-01-14 19:00:00+00:00,0.752232146
2019-01-14 20:00:00+00:00,0.752390922
2019-01-14 21:00:00+00:00,0.752550335
2019-01-14 22:00:00+00:00,0.752709425
2019-01-14 23:00:00+00:00,0.75248734
2019-01-15 00:00:00+00:00,0.752266594
2019-01-15 01:00:00+00:00,0.752046306
2019-01-15 02:00:00+00:00,0.75179172
2019-01-15 03:00:00+00:00,0.751302708
2019-01-15 04:00:00+00:00,0.750812045
2019-01-15 05:00:00+00:00,0.750318383
2019-01-15 06:00:00+00:00,0.749823432
2019-01-15 07:00:00+00:00,0.749325748
2019-01-15 08:00:00+00:00,0.748827651
2019-01-15 09:00:00+00:00,0.748666637
2019-01-15 10:00:00+00:00,0.748826473
2019-01-15 11:00:00+00:00,0.748981873
2019-01-15 12:00:00+00:00,0.749137884
2019-01-15 13:00:00+00:00,0.749297572
2019-01-15 14:00:00+00:00,0.74883718
2019-01-15 15:00:00+00:00,0.7483585
2019-01-15 16:00:00+00:00,0.747861206
2019-01-15 17:00:00+00:00,0.747358697
2019-01-15 18:00:00+00:00,0.746856366
2019-01-15 19:00:00+00:00,0.746354655
2019-01-15 20:00:00+00:00,0.74585817
2019-01-15 21:00:00+00:00,0.745358001
2019-01-15 22:00:00+00:00,0.744861358
2019-01-15 23:00:00+00:00,0.744366725
2019-01-16 00:00:00+00:00,0.74387662
2019-01-16 01:00:00+00:00,0.74338857
2019-01-16 02:00:00+00:00,0.742900423
2019-01-16 03:00:00+00:00,0.742411982
2019-01-16 04:00:00+00:00,0.741917627
2019-01-16 05:00:00+00:00,0.741423415
2019-01-16 06:00:00+00:00,0.740929008
2019-01-16 07:00:00+00:00,0.740433404
2019-01-16 08:00:00+00:00,0.739937006
2019-01-16 09:00:00+00:00,0.739440672
2019-01-16 10:00:00+00:00,0.738961963
2019-01-16 11:00:00+00:00,0.73849857
2019-01-16 12:00:00+00:00,0.7380344
2019-01-16 13:00:00+00:00,0.737570207
2019-01-16 14:00:00+00:00,0.737104119
2019-01-16 15:00:00+00:00,0.736609073
2019-01-16 16:00:00+00:00,0.736109979
2019-01-16 17:00:00+00:00,0.735608092
2019-01-16 18:00:00+00:00,0.735106375
2019-01-16 19:00:00+00:00,0.734603919
2019-01-16 20:00:00+00:00,0.734103867
2019-01-16 21:00:00+00:00,0.733605712
2019-01-16 22:00:00+00:00,0.733110145
2019-01-16 23:00:00+00:00,0.732614849
2019-01-17 00:00:00+00:00,0.732120484
2019-01-17 01:00:00+00:00,0.731626491
2019-01-17 02:00:00+00:00,0.731132307
2019-01-17 03:00:00+00:00,0.730638083
2019-01-17 04:00:00+00:00,0.730144036
2019-01-17 05:00:00+00:00,0.72964989
2019-01-17 06:00:00+00:00,0.729155714
2019-01-17 07:00:00+00:00,0.728660448
2019-01-17 08:00:00+00:00,0.728164591
2019-01-17 09:00:00+00:00,0.727668878
2019-01-17 10:00:00+00:00,0.727191529
2019-01-17 11:00:00+00:00,0.726728365
2019-01-17 12:00:00+00:00,0.726265156
2019-01-17 13:00:00+00:00,0.72580245
2019-01-17 14:00:00+00:00,0.725339728
2019-01-17 15:00:00+00:00,0.724855536
2019-01-17 16:00:00+00:00,0.724358242
2019-01-17 17:00:00+00:00,0.723858002
2019-01-17 18:00:00+00:00,0.723358844
2019-01-17 19:00:00+00:00,0.722859176
2019-01-17 20:00:00+00:00,0.722361453
2019-01-17 21:00:00+00:00,0.721866402
2019-01-17 22:00:00+00:00,0.721372102
2019-01-17 23:00:00+00:00,0.720876486
2019-01-18 00:00:00+00:00,0.720381319
2019-01-18 01:00:00+00:00,0.719888467
2019-01-18 02:00:00+00:00,0.719393268
2019-01-18 03:00:00+00:00,0.718904773
2019-01-18 04:00:00+00:00,0.718416305
2019-01-18 05:00:00+00:00,0.717921346
2019-01-18 06:00:00+00:00,0.717423927
2019-01-18 07:00:00+00:00,0.716925359
2019-01-18 08:00:00+00:00,0.716426008
2019-01-18 09:00:00+00:00,0.71592794
2019-01-18 10:00:00+00:00,0.715454169
2019-01-18 11:00:00+00:00,0.715612965
2019-01-18 12:00:00+00:00,0.715151452
2019-01-18 13:00:00+00:00,0.714690066
2019-01-18 14:00:00+00:00,0.714225226
2019-01-18 15:00:00+00:00,0.713730437
2019-01-18 16:00:00+00:00,0.713234431
2019-01-18 17:00:00+00:00,0.712734431
2019-01-18 18:00:00+00:00,0.712234685
2019-01-18 19:00:00+00:00,0.711735099
2019-01-18 20:00:00+00:00,0.711238775
2019-01-18 21:00:00+00:00,0.710742621
2019-01-18 22:00:00+00:00,0.710249637
2019-01-18 23:00:00+00:00,0.70976186
2019-01-19 00:00:00+00:00,0.709274045
2019-01-19 01:00:00+00:00,0.708786763
2019-01-19 02:00:00+00:00,0.708303121
2019-01-19 03:00:00+00:00,0.707819447
2019-01-19 04:00:00+00:00,0.707339587
2019-01-19 05:00:00+00:00,0.706863098
2019-01-19 06:00:00+00:00,0.706386578
2019-01-19 07:00:00+00:00,0.705901296
2019-01-19 08:00:00+00:00,0.705428022
2019-01-19 09:00:00+00:00,0.705591802
2019-01-19 10:00:00+00:00,0.705755678
2019-01-19 11:00:00+00:00,0.705920066
2019-01-19 12:00:00+00:00,0.706083815
2019-01-19 13:00:00+00:00,0.705626637
2019-01-19 14:00:00+00:00,0.70516846
2019-01-19 15:00:00+00:00,0.705197127
2019-01-19 16:00:00+00:00,0.705095957
2019-01-19 17:00:00+00:00,0.704899821
2019-01-19 18:00:00+00:00,0.704811141
2019-01-19 19:00:00+00:00,0.704811508
2019-01-19 20:00:00+00:00,0.704877903
2019-01-19 21:00:00+00:00,0.704904657
2019-01-19 22:00:00+00:00,0.704969124
2019-01-19 23:00:00+00:00,0.705094614
2019-01-20 00:00:00+00:00,0.705252916
2019-01-20 01:00:00+00:00,0.705411216
2019-01-20 02:00:00+00:00,0.705569743
2019-01-20 03:00:00+00:00,0.705728177
2019-01-20 04:00:00+00:00,0.705887102
2019-01-20 05:00:00+00:00,0.706046048
2019-01-20 06:00:00+00:00,0.706151868
2019-01-20 07:00:00+00:00,0.706296521
2019-01-20 08:00:00+00:00,0.706454969
2019-01-20 09:00:00+00:00,0.706613459
2019-01-20 10:00:00+00:00,0.706769637
2019-01-20 11:00:00+00:00,0.70692501
2019-01-20 12:00:00+00:00,0.70708303
2019-01-20 13:00:00+00:00,0.70724157
2019-01-20 14:00:00+00:00,0.707399845
2019-01-20 15:00:00+00:00,0.707557777
2019-01-20 16:00:00+00:00,0.707714162
2019-01-20 17:00:00+00:00,0.707865513
2019-01-20 18:00:00+00:00,0.708019549
2019-01-20 19:00:00+00:00,0.708173467
2019-01-20 20:00:00+00:00,0.708324517
2019-01-20 21:00:00+00:00,0.708476712
2019-01-20 22:00:00+00:00,0.708633759
2019-01-20 23:00:00+00:00,0.70879033
2019-01-21 00:00:00+00:00,0.708947518
2019-01-21 01:00:00+00:00,0.709104352
2019-01-21 02:00:00+00:00,0.70926152
2019-01-21 03:00:00+00:00,0.709418469
2019-01-21 04:00:00+00:00,0.709575068
2019-01-21 05:00:00+00:00,0.709724833
2019-01-21 06:00:00+00:00,0.709873814
2019-01-21 07:00:00+00:00,0.710021205
2019-01-21 08:00:00+00:00,0.710167203
2019-01-21 09:00:00+00:00,0.710313133
2019-01-21 10:00:00+00:00,0.710459307
2019-01-21 11:00:00+00:00,0.710605589
2019-01-21 12:00:00+00:00,0.710751733
2019-01-21 13:00:00+00:00,0.71090479
2019-01-21 14:00:00+00:00,0.711058269
2019-01-21 15:00:00+00:00,0.711211887
2019-01-21 16:00:00+00:00,0.711201029
2019-01-21 17:00:00+00:00,0.711344776
2019-01-21 18:00:00+00:00,0.711447796
2019-01-21 19:00:00+00:00,0.711533683
2019-01-21 20:00:00+00:00,0.711677015
2019-01-21 21:00:00+00:00,0.711821574
2019-01-21 22:00:00+00:00,0.711967987
2019-01-21 23:00:00+00:00,0.711832825
2019-01-22 00:00:00+00:00,0.711699592
2019-01-22 01:00:00+00:00,0.711566534
2019-01-22 02:00:00+00:00,0.71152062
2019-01-22 03:00:00+00:00,0.711555104
2019-01-22 04:00:00+00:00,0.711592295
2019-01-22 05:00:00+00:00,0.711524929
2019-01-22 06:00:00+00:00,0.711383849
2019-01-22 07:00:00+00:00,0.711203761
2019-01-22 08:00:00+00:00,0.711075755
2019-01-22 09:00:00+00:00,0.711220804
2019-01-22 10:00:00+00:00,0.711365728
2019-01-22 11:00:00+00:00,0.71151158
2019-01-22 12:00:00+00:00,0.711656524
2019-01-22 13:00:00+00:00,0.711801296
2019-01-22 14:00:00+00:00,0.71194671
2019-01-22 15:00:00+00:00,0.71209244
2019-01-22 16:00:00+00:00,0.712237016
2019-01-22 17:00:00+00:00,0.712380258
2019-01-22 18:00:00+00:00,0.712522452
2019-01-22 19:00:00+00:00,0.712664084
2019-01-22 20:00:00+00:00,0.71280682
2019-01-22 21:00:00+00:00,0.712950336
2019-01-22 22:00:00+00:00,0.713100107
2019-01-22 23:00:00+00:00,0.713248421
2019-01-23 00:00:00+00:00,0.713397272
2019-01-23 01:00:00+00:00,0.713550482
2019-01-23 02:00:00+00:00,0.713704343
2019-01-23 03:00:00+00:00,0.713857563
2019-01-23 04:00:00+00:00,0.714010232
2019-01-23 05:00:00+00:00,0.71416307
2019-01-23 06:00:00+00:00,0.714309543
2019-01-23 07:00:00+00:00,0.714453898
2019-01-23 08:00:00+00:00,0.714597013
2019-01-23 09:00:00+00:00,0.714738938
2019-01-23 10:00:00+00:00,0.714881365
2019-01-23 11:00:00+00:00,0.715023073
2019-01-23 12:00:00+00:00,0.71516369
2019-01-23 13:00:00+00:00,0.715304181
2019-01-23 14:00:00+00:00,0.715444797
2019-01-23 15:00:00+00:00,0.715585219
2019-01-23 16:00:00+00:00,0.715725175
2019-01-23 17:00:00+00:00,0.715862636
2019-01-23 18:00:00+00:00,0.715999664
2019-01-23 19:00:00+00:00,0.716136128
2019-01-23 20:00:00+00:00,0.716273252
2019-01-23 21:00:00+00:00,0.716414972
2019-01-23 22:00:00+00:00,0.716559041
2019-01-23 23:00:00+00:00,0.716704063
2019-01-24 00:00:00+00:00,0.716847854
2019-01-24 01:00:00+00:00,0.716990973
2019-01-24 02:00:00+00:00,0.717134262
2019-01-24 03:00:00+00:00,0.71728131
2019-01-24 04:00:00+00:00,0.717428455
2019-01-24 05:00:00+00:00,0.717575253
2019-01-24 06:00:00+00:00,0.717716049
2019-01-24 07:00:00+00:00,0.717854813
2019-01-24 08:00:00+00:00,0.717991279
2019-01-24 09:00:00+00:00,0.718128327
2019-01-24 10:00:00+00:00,0.718266296
2019-01-24 11:00:00+00:00,0.718403988
2019-01-24 12:00:00+00:00,0.718541085
2019-01-24 13:00:00+00:00,0.718678314
2019-01-24 14:00:00+00:00,0.718816935
2019-01-24 15:00:00+00:00,0.718955536
2019-01-24 16:00:00+00:00,0.71909341
2019-01-24 17:00:00+00:00,0.719229483
2019-01-24 18:00:00+00:00,0.719363516
2019-01-24 19:00:00+00:00,0.719496725
2019-01-24 20:00:00+00:00,0.719629823
2019-01-24 21:00:00+00:00,0.719763673
2019-01-24 22:00:00+00:00,0.71990043
2019-01-24 23:00:00+00:00,0.720044228
2019-01-25 00:00:00+00:00,0.720185941
2019-01-25 01:00:00+00:00,0.72033099
2019-01-25 02:00:00+00:00,0.720476198
2019-01-25 03:00:00+00:00,0.720621533
2019-01-25 04:00:00+00:00,0.720766963
2019-01-25 05:00:00+00:00,0.720908499
2019-01-25 06:00:00+00:00,0.721046937
2019-01-25 07:00:00+00:00,0.721183088
2019-01-25 08:00:00+00:00,0.721318322
2019-01-25 09:00:00+00:00,0.721453948
2019-01-25 10:00:00+00:00,0.721590279
2019-01-25 11:00:00+00:00,0.721728261
2019-01-25 12:00:00+00:00,0.721869207
2019-01-25 13:00:00+00:00,0.722010883
2019-01-25 14:00:00+00:00,0.722150624
2019-01-25 15:00:00+00:00,0.722290264
2019-01-25 16:00:00+00:00,0.722431563
2019-01-25 17:00:00+00:00,0.722570098
2019-01-25 18:00:00+00:00,0.722705749
2019-01-25 19:00:00+00:00,0.722843373
2019-01-25 20:00:00+00:00,0.722984725
2019-01-25 21:00:00+00:00,0.723125866
2019-01-25 22:00:00+00:00,0.72326959
2019-01-25 23:00:00+00:00,0.723410734
2019-01-26 00:00:00+00:00,0.723559084
2019-01-26 01:00:00+00:00,0.723707616
2019-01-26 02:00:00+00:00,0.723856123
2019-01-26 03:00:00+00:00,0.724004868
2019-01-26 04:00:00+00:00,0.724153705
2019-01-26 05:00:00+00:00,0.724302194
2019-01-26 06:00:00+00:00,0.724449093
2019-01-26 07:00:00+00:00,0.724589494
2019-01-26 08:00:00+00:00,0.724729047
2019-01-26 09:00:00+00:00,0.724868055
2019-01-26 10:00:00+00:00,0.725006726
2019-01-26 11:00:00+00:00,0.725145304
2019-01-26 12:00:00+00:00,0.725284674
2019-01-26 13:00:00+00:00,0.72542409
2019-01-26 14:00:00+00:00,0.725567168
2019-01-26 15:00:00+00:00,0.725711272
2019-01-26 16:00:00+00:00,0.725854713
2019-01-26 17:00:00+00:00,0.725990479
2019-01-26 18:00:00+00:00,0.726126175
2019-01-26 19:00:00+00:00,0.72626167
2019-01-26 20:00:00+00:00,0.726398703
2019-01-26 21:00:00+00:00,0.726538879
2019-01-26 22:00:00+00:00,0.726683635
2019-01-26 23:00:00+00:00,0.726830698
2019-01-27 00:00:00+00:00,0.726978779
2019-01-27 01:00:00+00:00,0.727127275
2019-01-27 02:00:00+00:00,0.727276011
2019-01-27 03:00:00+00:00,0.727424214
2019-01-27 04:00:00+00:00,0.72757262
2019-01-27 05:00:00+00:00,0.727720999
2019-01-27 06:00:00+00:00,0.727869144
2019-01-27 07:00:00+00:00,0.728017265
2019-01-27 08:00:00+00:00,0.728165202
2019-01-27 09:00:00+00:00,0.728313185
2019-01-27 10:00:00+00:00,0.72846128
2019-01-27 11:00:00+00:00,0.728609365
2019-01-27 12:00:00+00:00,0.728758512
2019-01-27 13:00:00+00:00,0.728907561
2019-01-27 14:00:00+00:00,0.72905647
2019-01-27 15:00:00+00:00,0.729205003
2019-01-27 16:00:00+00:00,0.729353312
2019-01-27 17:00:00+00:00,0.729499947
2019-01-27 18:00:00+00:00,0.729642482
2019-01-27 19:00:00+00:00,0.729781093
2019-01-27 20:00:00+00:00,0.72991949
2019-01-27 21:00:00+00:00,0.730062193
2019-01-27 22:00:00+00:00,0.730209418
2019-01-27 23:00:00+00:00,0.730355413
2019-01-28 00:00:00+00:00,0.730500519
2019-01-28 01:00:00+00:00,0.730647677
2019-01-28 02:00:00+00:00,0.730794914
2019-01-28 03:00:00+00:00,0.730942283
2019-01-28 04:00:00+00:00,0.731089521
2019-01-28 05:00:00+00:00,0.731233671
2019-01-28 06:00:00+00:00,0.731373043
2019-01-28 07:00:00+00:00,0.731510507
2019-01-28 08:00:00+00:00,0.731646893
2019-01-28 09:00:00+00:00,0.731783249
2019-01-28 10:00:00+00:00,0.731920052
2019-01-28 11:00:00+00:00,0.732057641
2019-01-28 12:00:00+00:00,0.732194878
2019-01-28 13:00:00+00:00,0.732334153
2019-01-28 14:00:00+00:00,0.732469568
2019-01-28 15:00:00+00:00,0.732603884
2019-01-28 16:00:00+00:00,0.732737774
2019-01-28 17:00:00+00:00,0.732870278
2019-01-28 18:00:00+00:00,0.733001297
2019-01-28 19:00:00+00:00,0.733132276
2019-01-28 20:00:00+00:00,0.733263837
2019-01-28 21:00:00+00:00,0.73339881
2019-01-28 22:00:00+00:00,0.733535244
2019-01-28 23:00:00+00:00,0.733678387
2019-01-29 00:00:00+00:00,0.733823526
2019-01-29 01:00:00+00:00,0.733968975
2019-01-29 02:00:00+00:00,0.73411445
2019-01-29 03:00:00+00:00,0.734259833
2019-01-29 04:00:00+00:00,0.734404882
2019-01-29 05:00:00+00:00,0.734543692
2019-01-29 06:00:00+00:00,0.734680047
2019-01-29 07:00:00+00:00,0.734814648
2019-01-29 08:00:00+00:00,0.734948328
2019-01-29 09:00:00+00:00,0.735081233
2019-01-29 10:00:00+00:00,0.735214026
2019-01-29 11:00:00+00:00,0.735347941
2019-01-29 12:00:00+00:00,0.735481784
2019-01-29 13:00:00+00:00,0.735620753
2019-01-29 14:00:00+00:00,0.735756537
2019-01-29 15:00:00+00:00,0.735889269
2019-01-29 16:00:00+00:00,0.736019613
2019-01-29 17:00:00+00:00,0.736149608
2019-01-29 18:00:00+00:00,0.736278599
2019-01-29 19:00:00+00:00,0.736407817
2019-01-29 20:00:00+00:00,0.736538336
2019-01-29 21:00:00+00:00,0.736674425
2019-01-29 22:00:00+00:00,0.736811874
2019-01-29 23:00:00+00:00,0.73695138
2019-01-30 00:00:00+00:00,0.737091486
2019-01-30 01:00:00+00:00,0.737232114
2019-01-30 02:00:00+00:00,0.737372936
2019-01-30 03:00:00+00:00,0.737514005
2019-01-30 04:00:00+00:00,0.737654871
2019-01-30 05:00:00+00:00,0.737792208
2019-01-30 06:00:00+00:00,0.737925482
2019-01-30 07:00:00+00:00,0.738054486
2019-01-30 08:00:00+00:00,0.738183877
2019-01-30 09:00:00+00:00,0.738313051
2019-01-30 10:00:00+00:00,0.738442661
2019-01-30 11:00:00+00:00,0.738571478
2019-01-30 12:00:00+00:00,0.738702205
2019-01-30 13:00:00+00:00,0.738838873
2019-01-30 14:00:00+00:00,0.738976668
2019-01-30 15:00:00+00:00,0.739109937
2019-01-30 16:00:00+00:00,0.739241075
2019-01-30 17:00:00+00:00,0.739371199
2019-01-30 18:00:00+00:00,0.739499769
2019-01-30 19:00:00+00:00,0.739627791
2019-01-30 20:00:00+00:00,0.739755369
2019-01-30 21:00:00+00:00,0.739884475
2019-01-30 22:00:00+00:00,0.740016252
2019-01-30 23:00:00+00:00,0.740146358
2019-01-31 00:00:00+00:00,0.740276769
2019-01-31 01:00:00+00:00,0.740407441
2019-01-31 02:00:00+00:00,0.740538064
2019-01-31 03:00:00+00:00,0.740667797
2019-01-31 04:00:00+00:00,0.740797818
2019-01-31 05:00:00+00:00,0.740927359
2019-01-31 06:00:00+00:00,0.741056099
2019-01-31 07:00:00+00:00,0.741180746
2019-01-31 08:00:00+00:00,0.741304311
2019-01-31 09:00:00+00:00,0.741427237
2019-01-31 10:00:00+00:00,0.741549829
2019-01-31 11:00:00+00:00,0.741672632
2019-01-31 12:00:00+00:00,0.741797143
2019-01-31 13:00:00+00:00,0.741921776
2019-01-31 14:00:00+00:00,0.742046798
2019-01-31 15:00:00+00:00,0.742171571
2019-01-31 16:00:00+00:00,0.742295487
2019-01-31 17:00:00+00:00,0.742418001
2019-01-31 18:00:00+00:00,0.742540154
2019-01-31 19:00:00+00:00,0.742662295
2019-01-31 20:00:00+00:00,0.742783659
2019-01-31 21:00:00+00:00,0.742905948
2019-01-31 22:00:00+00:00,0.743028649
2019-01-31 23:00:00+00:00,0.743151737
2019-02-01 00:00:00+00:00,0.743426942
2019-02-01 01:00:00+00:00,0.743703997
2019-02-01 02:00:00+00:00,0.743988973
2019-02-01 03:00:00+00:00,0.744268741
2019-02-01 04:00:00+00:00,0.744545454
2019-02-01 05:00:00+00:00,0.744820309
2019-02-01 06:00:00+00:00,0.745093599
2019-02-01 07:00:00+00:00,0.74536428
2019-02-01 08:00:00+00:00,0.745633815
2019-02-01 09:00:00+00:00,0.745903316
2019-02-01 10:00:00+00:00,0.746172589
2019-02-01 11:00:00+00:00,0.746442661
2019-02-01 12:00:00+00:00,0.746711252
2019-02-01 13:00:00+00:00,0.746983201
2019-02-01 14:00:00+00:00,0.747255763
2019-02-01 15:00:00+00:00,0.747528254
2019-02-01 16:00:00+00:00,0.7477997
2019-02-01 17:00:00+00:00,0.748070055
2019-02-01 18:00:00+00:00,0.748339064
2019-02-01 19:00:00+00:00,0.748607084
2019-02-01 20:00:00+00:00,0.748876307
2019-02-01 21:00:00+00:00,0.749147617
2019-02-01 22:00:00+00:00,0.749419708
2019-02-01 23:00:00+00:00,0.749692253
2019-02-02 00:00:00+00:00,0.749965656
2019-02-02 01:00:00+00:00,0.750239849
2019-02-02 02:00:00+00:00,0.750514538
2019-02-02 03:00:00+00:00,0.750790219
2019-02-02 04:00:00+00:00,0.751068138
2019-02-02 05:00:00+00:00,0.751345903
2019-02-02 06:00:00+00:00,0.751623346
2019-02-02 07:00:00+00:00,0.751899698
2019-02-02 08:00:00+00:00,0.752175411
2019-02-02 09:00:00+00:00,0.75245028
2019-02-02 10:00:00+00:00,0.752724142
2019-02-02 11:00:00+00:00,0.752998111
2019-02-02 12:00:00+00:00,0.753271804
2019-02-02 13:00:00+00:00,0.753546112
2019-02-02 14:00:00+00:00,0.753822044
2019-02-02 15:00:00+00:00,0.754097064
2019-02-02 16:00:00+00:00,0.7543711
2019-02-02 17:00:00+00:00,0.754643014
2019-02-02 18:00:00+00:00,0.754914485
2019-02-02 19:00:00+00:00,0.755185789
2019-02-02 20:00:00+00:00,0.755458758
2019-02-02 21:00:00+00:00,0.75573224
2019-02-02 22:00:00+00:00,0.756006606
2019-02-02 23:00:00+00:00,0.756281576
2019-02-03 00:00:00+00:00,0.75655722
2019-02-03 01:00:00+00:00,0.756833337
2019-02-03 02:00:00+00:00,0.757109664
2019-02-03 03:00:00+00:00,0.757386186
2019-02-03 04:00:00+00:00,0.757663101
2019-02-03 05:00:00+00:00,0.757939136
2019-02-03 06:00:00+00:00,0.758215441
2019-02-03 07:00:00+00:00,0.758491677
2019-02-03 08:00:00+00:00,0.758767364
2019-02-03 09:00:00+00:00,0.759042712
2019-02-03 10:00:00+00:00,0.759318096
2019-02-03 11:00:00+00:00,0.759593503
2019-02-03 12:00:00+00:00,0.759869161
2019-02-03 13:00:00+00:00,0.760145272
2019-02-03 14:00:00+00:00,0.760427378
2019-02-03 15:00:00+00:00,0.760709399
2019-02-03 16:00:00+00:00,0.760990723
2019-02-03 17:00:00+00:00,0.761267528
2019-02-03 18:00:00+00:00,0.76154376
2019-02-03 19:00:00+00:00,0.76181758
2019-02-03 20:00:00+00:00,0.762091833
2019-02-03 21:00:00+00:00,0.762366805
2019-02-03 22:00:00+00:00,0.762643655
2019-02-03 23:00:00+00:00,0.76292266
2019-02-04 00:00:00+00:00,0.763206926
2019-02-04 01:00:00+00:00,0.76349146
2019-02-04 02:00:00+00:00,0.763776052
2019-02-04 03:00:00+00:00,0.764060883
2019-02-04 04:00:00+00:00,0.764345563
2019-02-04 05:00:00+00:00,0.764626352
2019-02-04 06:00:00+00:00,0.764903747
2019-02-04 07:00:00+00:00,0.765179584
2019-02-04 08:00:00+00:00,0.765454712
2019-02-04 09:00:00+00:00,0.765730188
2019-02-04 10:00:00+00:00,0.766008887
2019-02-04 11:00:00+00:00,0.766289166
2019-02-04 12:00:00+00:00,0.766569518
2019-02-04 13:00:00+00:00,0.76684952
2019-02-04 14:00:00+00:00,0.767130431
2019-02-04 15:00:00+00:00,0.767409879
2019-02-04 16:00:00+00:00,0.767538353
2019-02-04 17:00:00+00:00,0.767536901
2019-02-04 18:00:00+00:00,0.767506107
2019-02-04 19:00:00+00:00,0.767506019
2019-02-04 20:00:00+00:00,0.767508637
2019-02-04 21:00:00+00:00,0.76751259
2019-02-04 22:00:00+00:00,0.767517886
2019-02-04 23:00:00+00:00,0.767526643
2019-02-05 00:00:00+00:00,0.767252048
2019-02-05 01:00:00+00:00,0.766892146
2019-02-05 02:00:00+00:00,0.766546846
2019-02-05 03:00:00+00:00,0.766205859
2019-02-05 04:00:00+00:00,0.765839278
2019-02-05 05:00:00+00:00,0.765471393
2019-02-05 06:00:00+00:00,0.765096961
2019-02-05 07:00:00+00:00,0.764718221
2019-02-05 08:00:00+00:00,0.764692832
2019-02-05 09:00:00+00:00,0.764968317
2019-02-05 10:00:00+00:00,0.765244136
2019-02-05 11:00:00+00:00,0.765525512
2019-02-05 12:00:00+00:00,0.765808288
2019-02-05 13:00:00+00:00,0.766091363
2019-02-05 14:00:00+00:00,0.766374133
2019-02-05 15:00:00+00:00,0.766656362
2019-02-05 16:00:00+00:00,0.766937966
2019-02-05 17:00:00+00:00,0.766559046
2019-02-05 18:00:00+00:00,0.766178624
2019-02-05 19:00:00+00:00,0.765797891
2019-02-05 20:00:00+00:00,0.765416974
2019-02-05 21:00:00+00:00,0.765038955
2019-02-05 22:00:00+00:00,0.764666895
2019-02-05 23:00:00+00:00,0.764295883
2019-02-06 00:00:00+00:00,0.76392744
2019-02-06 01:00:00+00:00,0.763559959
2019-02-06 02:00:00+00:00,0.763192719
2019-02-06 03:00:00+00:00,0.762825789
2019-02-06 04:00:00+00:00,0.762458813
2019-02-06 05:00:00+00:00,0.762086136
2019-02-06 06:00:00+00:00,0.761709582
2019-02-06 07:00:00+00:00,0.761328223
2019-02-06 08:00:00+00:00,0.761206788
2019-02-06 09:00:00+00:00,0.761479521
2019-02-06 10:00:00+00:00,0.761758988
2019-02-06 11:00:00+00:00,0.762038478
2019-02-06 12:00:00+00:00,0.762319451
2019-02-06 13:00:00+00:00,0.762601128
2019-02-06 14:00:00+00:00,0.762883616
2019-02-06 15:00:00+00:00,0.76316632
2019-02-06 16:00:00+00:00,0.763447919
2019-02-06 17:00:00+00:00,0.763514
2019-02-06 18:00:00+00:00,0.763579248
2019-02-06 19:00:00+00:00,0.763648636
2019-02-06 20:00:00+00:00,0.763714214
2019-02-06 21:00:00+00:00,0.763786007
2019-02-06 22:00:00+00:00,0.763855391
2019-02-06 23:00:00+00:00,0.763923374
2019-02-07 00:00:00+00:00,0.763693049
2019-02-07 01:00:00+00:00,0.76338194
2019-02-07 02:00:00+00:00,0.763126928
2019-02-07 03:00:00+00:00,0.762949928
2019-02-07 04:00:00+00:00,0.762718434
2019-02-07 05:00:00+00:00,0.762346405
2019-02-07 06:00:00+00:00,0.761968135
2019-02-07 07:00:00+00:00,0.761589964
2019-02-07 08:00:00+00:00,0.761713011
2019-02-07 09:00:00+00:00,0.761986803
2019-02-07 10:00:00+00:00,0.762261399
2019-02-07 11:00:00+00:00,0.762535647
2019-02-07 12:00:00+00:00,0.762811148
2019-02-07 13:00:00+00:00,0.763087576
2019-02-07 14:00:00+00:00,0.763364483
2019-02-07 15:00:00+00:00,0.763641216
2019-02-07 16:00:00+00:00,0.763917147
2019-02-07 17:00:00+00:00,0.763669329
2019-02-07 18:00:00+00:00,0.763419777
2019-02-07 19:00:00+00:00,0.763170057
2019-02-07 20:00:00+00:00,0.76291959
2019-02-07 21:00:00+00:00,0.762670125
2019-02-07 22:00:00+00:00,0.762421587
2019-02-07 23:00:00+00:00,0.762174571
2019-02-08 00:00:00+00:00,0.761929971
2019-02-08 01:00:00+00:00,0.761685805
2019-02-08 02:00:00+00:00,0.761310972
2019-02-08 03:00:00+00:00,0.760936396
2019-02-08 04:00:00+00:00,0.760586978
2019-02-08 05:00:00+00:00,0.760210622
2019-02-08 06:00:00+00:00,0.759832276
2019-02-08 07:00:00+00:00,0.759451548
2019-02-08 08:00:00+00:00,0.759725032
2019-02-08 09:00:00+00:00,0.759998848
2019-02-08 10:00:00+00:00,0.760272074
2019-02-08 11:00:00+00:00,0.760546723
2019-02-08 12:00:00+00:00,0.760821359
2019-02-08 13:00:00+00:00,0.761096492
2019-02-08 14:00:00+00:00,0.761372465
2019-02-08 15:00:00+00:00,0.761648561
2019-02-08 16:00:00+00:00,0.761922057
2019-02-08 17:00:00+00:00,0.762194925
2019-02-08 18:00:00+00:00,0.762466977
2019-02-08 19:00:00+00:00,0.76273883
2019-02-08 20:00:00+00:00,0.763011113
2019-02-08 21:00:00+00:00,0.763285437
2019-02-08 22:00:00+00:00,0.763560351
2019-02-08 23:00:00+00:00,0.763837266
2019-02-09 00:00:00+00:00,0.764120185
2019-02-09 01:00:00+00:00,0.764404091
2019-02-09 02:00:00+00:00,0.764688004
2019-02-09 03:00:00+00:00,0.764972039
2019-02-09 04:00:00+00:00,0.765256216
2019-02-09 05:00:00+00:00,0.765539631
2019-02-09 06:00:00+00:00,0.765816547
2019-02-09 07:00:00+00:00,0.766091297
2019-02-09 08:00:00+00:00,0.766363765
2019-02-09 09:00:00+00:00,0.766636149
2019-02-09 10:00:00+00:00,0.766909473
2019-02-09 11:00:00+00:00,0.767182328
2019-02-09 12:00:00+00:00,0.767456958
2019-02-09 13:00:00+00:00,0.767733364
2019-02-09 14:00:00+00:00,0.768010913
2019-02-09 15:00:00+00:00,0.768288573
2019-02-09 16:00:00+00:00,0.76856608
2019-02-09 17:00:00+00:00,0.768842562
2019-02-09 18:00:00+00:00,0.769118018
2019-02-09 19:00:00+00:00,0.769392943
2019-02-09 20:00:00+00:00,0.769667754
2019-02-09 21:00:00+00:00,0.769944037
2019-02-09 22:00:00+00:00,0.770220774
2019-02-09 23:00:00+00:00,0.770505884
2019-02-10 00:00:00+00:00,0.770792353
2019-02-10 01:00:00+00:00,0.7710795
2019-02-10 02:00:00+00:00,0.771366884
2019-02-10 03:00:00+00:00,0.771654172
2019-02-10 04:00:00+00:00,0.771941162
2019-02-10 05:00:00+00:00,0.77222754
2019-02-10 06:00:00+00:00,0.772512696
2019-02-10 07:00:00+00:00,0.772796315
2019-02-10 08:00:00+00:00,0.773078977
2019-02-10 09:00:00+00:00,0.773361033
2019-02-10 10:00:00+00:00,0.773635062
2019-02-10 11:00:00+00:00,0.773908995
2019-02-10 12:00:00+00:00,0.774183608
2019-02-10 13:00:00+00:00,0.77445915
2019-02-10 14:00:00+00:00,0.774734123
2019-02-10 15:00:00+00:00,0.775009399
2019-02-10 16:00:00+00:00,0.775283332
2019-02-10 17:00:00+00:00,0.775556326
2019-02-10 18:00:00+00:00,0.775827539
2019-02-10 19:00:00+00:00,0.776097775
2019-02-10 20:00:00+00:00,0.776368503
2019-02-10 21:00:00+00:00,0.776640342
2019-02-10 22:00:00+00:00,0.77691408
2019-02-10 23:00:00+00:00,0.77719055
2019-02-11 00:00:00+00:00,0.777466119
2019-02-11 01:00:00+00:00,0.777749384
2019-02-11 02:00:00+00:00,0.778032542
2019-02-11 03:00:00+00:00,0.778315576
2019-02-11 04:00:00+00:00,0.778591604
2019-02-11 05:00:00+00:00,0.778869148
2019-02-11 06:00:00+00:00,0.779143432
2019-02-11 07:00:00+00:00,0.779416361
2019-02-11 08:00:00+00:00,0.779688887
2019-02-11 09:00:00+00:00,0.779961381
2019-02-11 10:00:00+00:00,0.780233161
2019-02-11 11:00:00+00:00,0.780504572
2019-02-11 12:00:00+00:00,0.780776507
2019-02-11 13:00:00+00:00,0.781048961
2019-02-11 14:00:00+00:00,0.781322196
2019-02-11 15:00:00+00:00,0.781595338
2019-02-11 16:00:00+00:00,0.781867233
2019-02-11 17:00:00+00:00,0.781973446
2019-02-11 18:00:00+00:00,0.782242245
2019-02-11 19:00:00+00:00,0.782510595
2019-02-11 20:00:00+00:00,0.782575097
2019-02-11 21:00:00+00:00,0.782642614
2019-02-11 22:00:00+00:00,0.782712868
2019-02-11 23:00:00+00:00,0.782784715
2019-02-12 00:00:00+00:00,0.782857442
2019-02-12 01:00:00+00:00,0.782938258
2019-02-12 02:00:00+00:00,0.783019738
2019-02-12 03:00:00+00:00,0.783101643
2019-02-12 04:00:00+00:00,0.783183064
2019-02-12 05:00:00+00:00,0.78303777
2019-02-12 06:00:00+00:00,0.782661546
2019-02-12 07:00:00+00:00,0.78228371
2019-02-12 08:00:00+00:00,0.782556626
2019-02-12 09:00:00+00:00,0.782832466
2019-02-12 10:00:00+00:00,0.783108333
2019-02-12 11:00:00+00:00,0.783383778
2019-02-12 12:00:00+00:00,0.783660456
2019-02-12 13:00:00+00:00,0.783937955
2019-02-12 14:00:00+00:00,0.784215545
2019-02-12 15:00:00+00:00,0.784492598
2019-02-12 16:00:00+00:00,0.784766501
2019-02-12 17:00:00+00:00,0.784383914
2019-02-12 18:00:00+00:00,0.783999662
2019-02-12 19:00:00+00:00,0.783614886
2019-02-12 20:00:00+00:00,0.78323033
2019-02-12 21:00:00+00:00,0.782847361
2019-02-12 22:00:00+00:00,0.782466567
2019-02-12 23:00:00+00:00,0.782087696
2019-02-13 00:00:00+00:00,0.781710843
2019-02-13 01:00:00+00:00,0.781334129
2019-02-13 02:00:00+00:00,0.780957474
2019-02-13 03:00:00+00:00,0.780580942
2019-02-13 04:00:00+00:00,0.780204941
2019-02-13 05:00:00+00:00,0.77982887
2019-02-13 06:00:00+00:00,0.779449707
2019-02-13 07:00:00+00:00,0.779068664
2019-02-13 08:00:00+00:00,0.77905849
2019-02-13 09:00:00+00:00,0.77933092
2019-02-13 10:00:00+00:00,0.779604319
2019-02-13 11:00:00+00:00,0.779878556
2019-02-13 12:00:00+00:00,0.780153897
2019-02-13 13:00:00+00:00,0.78043084
2019-02-13 14:00:00+00:00,0.780712681
2019-02-13 15:00:00+00:00,0.780995024
2019-02-13 16:00:00+00:00,0.781275953
2019-02-13 17:00:00+00:00,0.781552286
2019-02-13 18:00:00+00:00,0.781824827
2019-02-13 19:00:00+00:00,0.782005776
2019-02-13 20:00:00+00:00,0.78225539
2019-02-13 21:00:00+00:00,0.782529923
2019-02-13 22:00:00+00:00,0.782809204
2019-02-13 23:00:00+00:00,0.782700992
2019-02-14 00:00:00+00:00,0.782600373
2019-02-14 01:00:00+00:00,0.782549585
2019-02-14 02:00:00+00:00,0.782593264
2019-02-14 03:00:00+00:00,0.782681658
2019-02-14 04:00:00+00:00,0.782762947
2019-02-14 05:00:00+00:00,0.782759667
2019-02-14 06:00:00+00:00,0.782650189
2019-02-14 07:00:00+00:00,0.782501186
2019-02-14 08:00:00+00:00,0.782774204
2019-02-14 09:00:00+00:00,0.783054412
2019-02-14 10:00:00+00:00,0.783336353
2019-02-14 11:00:00+00:00,0.783618233
2019-02-14 12:00:00+00:00,0.783901582
2019-02-14 13:00:00+00:00,0.784185652
2019-02-14 14:00:00+00:00,0.784472028
2019-02-14 15:00:00+00:00,0.784758592
2019-02-14 16:00:00+00:00,0.785043591
2019-02-14 17:00:00+00:00,0.78515893
2019-02-14 18:00:00+00:00,0.785432287
2019-02-14 19:00:00+00:00,0.785705078
2019-02-14 20:00:00+00:00,0.785978214
2019-02-14 21:00:00+00:00,0.786090501
2019-02-14 22:00:00+00:00,0.786210696
2019-02-14 23:00:00+00:00,0.786335558
2019-02-15 00:00:00+00:00,0.786461441
2019-02-15 01:00:00+00:00,0.786587604
2019-02-15 02:00:00+00:00,0.786714322
2019-02-15 03:00:00+00:00,0.786840903
2019-02-15 04:00:00+00:00,0.786967502
2019-02-15 05:00:00+00:00,0.787093134
2019-02-15 06:00:00+00:00,0.78679349
2019-02-15 07:00:00+00:00,0.786460231
2019-02-15 08:00:00+00:00,0.786491964
2019-02-15 09:00:00+00:00,0.786766898
2019-02-15 10:00:00+00:00,0.787043809
2019-02-15 11:00:00+00:00,0.787322144
2019-02-15 12:00:00+00:00,0.787603206
2019-02-15 13:00:00+00:00,0.787886084
2019-02-15 14:00:00+00:00,0.78817162
2019-02-15 15:00:00+00:00,0.788456081
2019-02-15 16:00:00+00:00,0.788738422
2019-02-15 17:00:00+00:00,0.789017571
2019-02-15 18:00:00+00:00,0.78924674
2019-02-15 19:00:00+00:00,0.789474322
2019-02-15 20:00:00+00:00,0.789750131
2019-02-15 21:00:00+00:00,0.790031187
2019-02-15 22:00:00+00:00,0.790315223
2019-02-15 23:00:00+00:00,0.790489484
2019-02-16 00:00:00+00:00,0.790213206
2019-02-16 01:00:00+00:00,0.789988462
2019-02-16 02:00:00+00:00,0.789841163
2019-02-16 03:00:00+00:00,0.789707975
2019-02-16 04:00:00+00:00,0.789609902
2019-02-16 05:00:00+00:00,0.789500859
2019-02-16 06:00:00+00:00,0.789395925
2019-02-16 07:00:00+00:00,0.78949829
2019-02-16 08:00:00+00:00,0.789783709
2019-02-16 09:00:00+00:00,0.790069479
2019-02-16 10:00:00+00:00,0.790354823
2019-02-16 11:00:00+00:00,0.79064026
2019-02-16 12:00:00+00:00,0.790926873
2019-02-16 13:00:00+00:00,0.791213822
2019-02-16 14:00:00+00:00,0.791500744
2019-02-16 15:00:00+00:00,0.791788561
2019-02-16 16:00:00+00:00,0.792075323
2019-02-16 17:00:00+00:00,0.79236287
2019-02-16 18:00:00+00:00,0.792647329
2019-02-16 19:00:00+00:00,0.792931716
2019-02-16 20:00:00+00:00,0.793216765
2019-02-16 21:00:00+00:00,0.793502695
2019-02-16 22:00:00+00:00,0.793789501
2019-02-16 23:00:00+00:00,0.794077606
2019-02-17 00:00:00+00:00,0.794369693
2019-02-17 01:00:00+00:00,0.794663758
2019-02-17 02:00:00+00:00,0.794958223
2019-02-17 03:00:00+00:00,0.79525316
2019-02-17 04:00:00+00:00,0.795547861
2019-02-17 05:00:00+00:00,0.795842324
2019-02-17 06:00:00+00:00,0.796136697
2019-02-17 07:00:00+00:00,0.796429723
2019-02-17 08:00:00+00:00,0.796720228
2019-02-17 09:00:00+00:00,0.797008477
2019-02-17 10:00:00+00:00,0.797296294
2019-02-17 11:00:00+00:00,0.797587341
2019-02-17 12:00:00+00:00,0.797879553
2019-02-17 13:00:00+00:00,0.798171736
2019-02-17 14:00:00+00:00,0.798463961
2019-02-17 15:00:00+00:00,0.79875566
2019-02-17 16:00:00+00:00,0.799045861
2019-02-17 17:00:00+00:00,0.799335658
2019-02-17 18:00:00+00:00,0.799622448
2019-02-17 19:00:00+00:00,0.799907984
2019-02-17 20:00:00+00:00,0.800193476
2019-02-17 21:00:00+00:00,0.800479648
2019-02-17 22:00:00+00:00,0.800767482
2019-02-17 23:00:00+00:00,0.801059182
2019-02-18 00:00:00+00:00,0.801352665
2019-02-18 01:00:00+00:00,0.801646214
2019-02-18 02:00:00+00:00,0.801939654
2019-02-18 03:00:00+00:00,0.802233288
2019-02-18 04:00:00+00:00,0.802526877
2019-02-18 05:00:00+00:00,0.802817921
2019-02-18 06:00:00+00:00,0.80310491
2019-02-18 07:00:00+00:00,0.803390068
2019-02-18 08:00:00+00:00,0.803672605
2019-02-18 09:00:00+00:00,0.803956333
2019-02-18 10:00:00+00:00,0.804241098
2019-02-18 11:00:00+00:00,0.804525812
2019-02-18 12:00:00+00:00,0.804810889
2019-02-18 13:00:00+00:00,0.805097272
2019-02-18 14:00:00+00:00,0.805382971
2019-02-18 15:00:00+00:00,0.805668863
2019-02-18 16:00:00+00:00,0.805791099
2019-02-18 17:00:00+00:00,0.805422479
2019-02-18 18:00:00+00:00,0.805052008
2019-02-18 19:00:00+00:00,0.804680887
2019-02-18 20:00:00+00:00,0.804310129
2019-02-18 21:00:00+00:00,0.803941864
2019-02-18 22:00:00+00:00,0.803574948
2019-02-18 23:00:00+00:00,0.803209827
2019-02-19 00:00:00+00:00,0.802846875
2019-02-19 01:00:00+00:00,0.802484334
2019-02-19 02:00:00+00:00,0.802121976
2019-02-19 03:00:00+00:00,0.801760197
2019-02-19 04:00:00+00:00,0.80139732
2019-02-19 05:00:00+00:00,0.801032794
2019-02-19 06:00:00+00:00,0.800666684
2019-02-19 07:00:00+00:00,0.800297729
2019-02-19 08:00:00+00:00,0.79992768
2019-02-19 09:00:00+00:00,0.799953483
2019-02-19 10:00:00+00:00,0.800237937
2019-02-19 11:00:00+00:00,0.800522089
2019-02-19 12:00:00+00:00,0.800807609
2019-02-19 13:00:00+00:00,0.801093461
2019-02-19 14:00:00+00:00,0.80075975
2019-02-19 15:00:00+00:00,0.800426466
2019-02-19 16:00:00+00:00,0.800062485
2019-02-19 17:00:00+00:00,0.799695327
2019-02-19 18:00:00+00:00,0.79932597
2019-02-19 19:00:00+00:00,0.798955693
2019-02-19 20:00:00+00:00,0.798582227
2019-02-19 21:00:00+00:00,0.798210186
2019-02-19 22:00:00+00:00,0.79783969
2019-02-19 23:00:00+00:00,0.797471584
2019-02-20 00:00:00+00:00,0.797106141
2019-02-20 01:00:00+00:00,0.796741722
2019-02-20 02:00:00+00:00,0.796380535
2019-02-20 03:00:00+00:00,0.796019498
2019-02-20 04:00:00+00:00,0.795654479
2019-02-20 05:00:00+00:00,0.79528835
2019-02-20 06:00:00+00:00,0.794919106
2019-02-20 07:00:00+00:00,0.794548895
2019-02-20 08:00:00+00:00,0.794181567
2019-02-20 09:00:00+00:00,0.794464682
2019-02-20 10:00:00+00:00,0.79474576
2019-02-20 11:00:00+00:00,0.795026971
2019-02-20 12:00:00+00:00,0.795311672
2019-02-20 13:00:00+00:00,0.795597589
2019-02-20 14:00:00+00:00,0.79588423
2019-02-20 15:00:00+00:00,0.796170821
2019-02-20 16:00:00+00:00,0.796455512
2019-02-20 17:00:00+00:00,0.796164909
2019-02-20 18:00:00+00:00,0.795873281
2019-02-20 19:00:00+00:00,0.795581356
2019-02-20 20:00:00+00:00,0.795289892
2019-02-20 21:00:00+00:00,0.794999658
2019-02-20 22:00:00+00:00,0.794710997
2019-02-20 23:00:00+00:00,0.794423569
2019-02-21 00:00:00+00:00,0.794142578
2019-02-21 01:00:00+00:00,0.793866091
2019-02-21 02:00:00+00:00,0.793590128
2019-02-21 03:00:00+00:00,0.793314335
2019-02-21 04:00:00+00:00,0.793038584
2019-02-21 05:00:00+00:00,0.792760345
2019-02-21 06:00:00+00:00,0.792394046
2019-02-21 07:00:00+00:00,0.792025607
2019-02-21 08:00:00+00:00,0.792308667
2019-02-21 09:00:00+00:00,0.792592499
2019-02-21 10:00:00+00:00,0.792879489
2019-02-21 11:00:00+00:00,0.793171385
2019-02-21 12:00:00+00:00,0.793463245
2019-02-21 13:00:00+00:00,0.793755663
2019-02-21 14:00:00+00:00,0.794047894
2019-02-21 15:00:00+00:00,0.79434042
2019-02-21 16:00:00+00:00,0.794632549
2019-02-21 17:00:00+00:00,0.79489043
2019-02-21 18:00:00+00:00,0.795126356
2019-02-21 19:00:00+00:00,0.795252013
2019-02-21 20:00:00+00:00,0.795424875
2019-02-21 21:00:00+00:00,0.795680873
2019-02-21 22:00:00+00:00,0.795939385
2019-02-21 23:00:00+00:00,0.796107
2019-02-22 00:00:00+00:00,0.795771394
2019-02-22 01:00:00+00:00,0.795475306
2019-02-22 02:00:00+00:00,0.795194224
2019-02-22 03:00:00+00:00,0.794958415
2019-02-22 04:00:00+00:00,0.794731833
2019-02-22 05:00:00+00:00,0.794423484
2019-02-22 06:00:00+00:00,0.794065343
2019-02-22 07:00:00+00:00,0.793705788
2019-02-22 08:00:00+00:00,0.793998413
2019-02-22 09:00:00+00:00,0.794291987
2019-02-22 10:00:00+00:00,0.794586304
2019-02-22 11:00:00+00:00,0.794880594
2019-02-22 12:00:00+00:00,0.795174828
2019-02-22 13:00:00+00:00,0.795469487
2019-02-22 14:00:00+00:00,0.795764069
2019-02-22 15:00:00+00:00,0.79605788
2019-02-22 16:00:00+00:00,0.796350853
2019-02-22 17:00:00+00:00,0.796636062
2019-02-22 18:00:00+00:00,0.79692254
2019-02-22 19:00:00+00:00,0.797205896
2019-02-22 20:00:00+00:00,0.797495781
2019-02-22 21:00:00+00:00,0.797783014
2019-02-22 22:00:00+00:00,0.797793802
2019-02-22 23:00:00+00:00,0.797808733
2019-02-23 00:00:00+00:00,0.797829653
2019-02-23 01:00:00+00:00,0.797850605
2019-02-23 02:00:00+00:00,0.797871911
2019-02-23 03:00:00+00:00,0.797893333
2019-02-23 04:00:00+00:00,0.797915137
2019-02-23 05:00:00+00:00,0.79793765
2019-02-23 06:00:00+00:00,0.797861718
2019-02-23 07:00:00+00:00,0.797941304
2019-02-23 08:00:00+00:00,0.798234801
2019-02-23 09:00:00+00:00,0.798527879
2019-02-23 10:00:00+00:00,0.798824079
2019-02-23 11:00:00+00:00,0.799121479
2019-02-23 12:00:00+00:00,0.799419889
2019-02-23 13:00:00+00:00,0.799718857
2019-02-23 14:00:00+00:00,0.800018375
2019-02-23 15:00:00+00:00,0.800318046
2019-02-23 16:00:00+00:00,0.800617239
2019-02-23 17:00:00+00:00,0.800913904
2019-02-23 18:00:00+00:00,0.801207266
2019-02-23 19:00:00+00:00,0.801496853
2019-02-23 20:00:00+00:00,0.801791932
2019-02-23 21:00:00+00:00,0.802087386
2019-02-23 22:00:00+00:00,0.802385094
2019-02-23 23:00:00+00:00,0.802684671
2019-02-24 00:00:00+00:00,0.802985051
2019-02-24 01:00:00+00:00,0.803285814
2019-02-24 02:00:00+00:00,0.803587391
2019-02-24 03:00:00+00:00,0.803889511
2019-02-24 04:00:00+00:00,0.804191466
2019-02-24 05:00:00+00:00,0.804493057
2019-02-24 06:00:00+00:00,0.804793824
2019-02-24 07:00:00+00:00,0.805094392
2019-02-24 08:00:00+00:00,0.805394774
2019-02-24 09:00:00+00:00,0.805694327
2019-02-24 10:00:00+00:00,0.805993311
2019-02-24 11:00:00+00:00,0.806292937
2019-02-24 12:00:00+00:00,0.806593716
2019-02-24 13:00:00+00:00,0.806894554
2019-02-24 14:00:00+00:00,0.807195479
2019-02-24 15:00:00+00:00,0.807496628
2019-02-24 16:00:00+00:00,0.807797307
2019-02-24 17:00:00+00:00,0.807932256
2019-02-24 18:00:00+00:00,0.807805347
2019-02-24 19:00:00+00:00,0.8076842
2019-02-24 20:00:00+00:00,0.807562957
2019-02-24 21:00:00+00:00,0.807442221
2019-02-24 22:00:00+00:00,0.807322493
2019-02-24 23:00:00+00:00,0.807206719
2019-02-25 00:00:00+00:00,0.807091433
2019-02-25 01:00:00+00:00,0.806975956
2019-02-25 02:00:00+00:00,0.806860293
2019-02-25 03:00:00+00:00,0.806744834
2019-02-25 04:00:00+00:00,0.806628551
2019-02-25 05:00:00+00:00,0.806507032
2019-02-25 06:00:00+00:00,0.806384978
2019-02-25 07:00:00+00:00,0.806026999
2019-02-25 08:00:00+00:00,0.806321352
2019-02-25 09:00:00+00:00,0.80661674
2019-02-25 10:00:00+00:00,0.806909864
2019-02-25 11:00:00+00:00,0.807203225
2019-02-25 12:00:00+00:00,0.807496071
2019-02-25 13:00:00+00:00,0.807789735
2019-02-25 14:00:00+00:00,0.808084478
2019-02-25 15:00:00+00:00,0.80837842
2019-02-25 16:00:00+00:00,0.808670923
2019-02-25 17:00:00+00:00,0.808484537
2019-02-25 18:00:00+00:00,0.80829708
2019-02-25 19:00:00+00:00,0.808109195
2019-02-25 20:00:00+00:00,0.80792174
2019-02-25 21:00:00+00:00,0.807735678
2019-02-25 22:00:00+00:00,0.807551047
2019-02-25 23:00:00+00:00,0.807367991
2019-02-26 00:00:00+00:00,0.807185668
2019-02-26 01:00:00+00:00,0.807004347
2019-02-26 02:00:00+00:00,0.806823304
2019-02-26 03:00:00+00:00,0.806641341
2019-02-26 04:00:00+00:00,0.806459106
2019-02-26 05:00:00+00:00,0.806276059
2019-02-26 06:00:00+00:00,0.805914535
2019-02-26 07:00:00+00:00,0.8056679
2019-02-26 08:00:00+00:00,0.805958304
2019-02-26 09:00:00+00:00,0.806250163
2019-02-26 10:00:00+00:00,0.806541758
2019-02-26 11:00:00+00:00,0.8068344
2019-02-26 12:00:00+00:00,0.807126515
2019-02-26 13:00:00+00:00,0.807419091
2019-02-26 14:00:00+00:00,0.807712227
2019-02-26 15:00:00+00:00,0.808005549
2019-02-26 16:00:00+00:00,0.808297598
2019-02-26 17:00:00+00:00,0.80842558
2019-02-26 18:00:00+00:00,0.80871507
2019-02-26 19:00:00+00:00,0.809003898
2019-02-26 20:00:00+00:00,0.809292693
2019-02-26 21:00:00+00:00,0.809420749
2019-02-26 22:00:00+00:00,0.80955052
2019-02-26 23:00:00+00:00,0.809681279
2019-02-27 00:00:00+00:00,0.809814628
2019-02-27 01:00:00+00:00,0.809948114
2019-02-27 02:00:00+00:00,0.810082267
2019-02-27 03:00:00+00:00,0.810217106
2019-02-27 04:00:00+00:00,0.810351632
2019-02-27 05:00:00+00:00,0.810483119
2019-02-27 06:00:00+00:00,0.810613029
2019-02-27 07:00:00+00:00,0.810740906
2019-02-27 08:00:00+00:00,0.811031944
2019-02-27 09:00:00+00:00,0.811327985
2019-02-27 10:00:00+00:00,0.811624135
2019-02-27 11:00:00+00:00,0.811920487
2019-02-27 12:00:00+00:00,0.812217358
2019-02-27 13:00:00+00:00,0.812512124
2019-02-27 14:00:00+00:00,0.812805367
2019-02-27 15:00:00+00:00,0.813099211
2019-02-27 16:00:00+00:00,0.813389953
2019-02-27 17:00:00+00:00,0.813515785
2019-02-27 18:00:00+00:00,0.813804308
2019-02-27 19:00:00+00:00,0.814010235
2019-02-27 20:00:00+00:00,0.814286236
2019-02-27 21:00:00+00:00,0.814577108
2019-02-27 22:00:00+00:00,0.814870843
2019-02-27 23:00:00+00:00,0.814887324
2019-02-28 00:00:00+00:00,0.814906584
2019-02-28 01:00:00+00:00,0.814925814
2019-02-28 02:00:00+00:00,0.81494544
2019-02-28 03:00:00+00:00,0.814965424
2019-02-28 04:00:00+00:00,0.814984931
2019-02-28 05:00:00+00:00,0.815001853
2019-02-28 06:00:00+00:00,0.814958201
2019-02-28 07:00:00+00:00,0.814983447
2019-02-28 08:00:00+00:00,0.815277714
2019-02-28 09:00:00+00:00,0.815571174
2019-02-28 10:00:00+00:00,0.815864509
2019-02-28 11:00:00+00:00,0.816158278
2019-02-28 12:00:00+00:00,0.816452628
2019-02-28 13:00:00+00:00,0.816746746
2019-02-28 14:00:00+00:00,0.817042251
2019-02-28 15:00:00+00:00,0.817337842
2019-02-28 16:00:00+00:00,0.817631228
2019-02-28 17:00:00+00:00,0.817555989
2019-02-28 18:00:00+00:00,0.817480054
2019-02-28 19:00:00+00:00,0.817403221
2019-02-28 20:00:00+00:00,0.817326519
2019-02-28 21:00:00+00:00,0.817251039
2019-02-28 22:00:00+00:00,0.817178246
2019-02-28 23:00:00+00:00,0.817111926
2019-03-01 00:00:00+00:00,0.816916688
2019-03-01 01:00:00+00:00,0.816722642
2019-03-01 02:00:00+00:00,0.81652866
2019-03-01 03:00:00+00:00,0.816333947
2019-03-01 04:00:00+00:00,0.816139223
2019-03-01 05:00:00+00:00,0.815942331
2019-03-01 06:00:00+00:00,0.815742105
2019-03-01 07:00:00+00:00,0.815251831
2019-03-01 08:00:00+00:00,0.815413474
2019-03-01 09:00:00+00:00,0.815575556
2019-03-01 10:00:00+00:00,0.815734658
2019-03-01 11:00:00+00:00,0.815894937
2019-03-01 12:00:00+00:00,0.816058516
2019-03-01 13:00:00+00:00,0.81622012
2019-03-01 14:00:00+00:00,0.816384967
2019-03-01 15:00:00+00:00,0.81654765
2019-03-01 16:00:00+00:00,0.816712209
2019-03-01 17:00:00+00:00,0.816875033
2019-03-01 18:00:00+00:00,0.817036496
2019-03-01 19:00:00+00:00,0.817197302
2019-03-01 20:00:00+00:00,0.817360196
2019-03-01 21:00:00+00:00,0.817525016
2019-03-01 22:00:00+00:00,0.81769158
2019-03-01 23:00:00+00:00,0.817858601
2019-03-02 00:00:00+00:00,0.818028025
2019-03-02 01:00:00+00:00,0.818197911
2019-03-02 02:00:00+00:00,0.818368847
2019-03-02 03:00:00+00:00,0.818539611
2019-03-02 04:00:00+00:00,0.818710425
2019-03-02 05:00:00+00:00,0.818881798
2019-03-02 06:00:00+00:00,0.819049627
2019-03-02 07:00:00+00:00,0.81921598
2019-03-02 08:00:00+00:00,0.819380667
2019-03-02 09:00:00+00:00,0.819543585
2019-03-02 10:00:00+00:00,0.819708438
2019-03-02 11:00:00+00:00,0.819873143
2019-03-02 12:00:00+00:00,0.820038809
2019-03-02 13:00:00+00:00,0.820206544
2019-03-02 14:00:00+00:00,0.820373852
2019-03-02 15:00:00+00:00,0.820540709
2019-03-02 16:00:00+00:00,0.820707632
2019-03-02 17:00:00+00:00,0.820875228
2019-03-02 18:00:00+00:00,0.821038404
2019-03-02 19:00:00+00:00,0.821200606
2019-03-02 20:00:00+00:00,0.821365684
2019-03-02 21:00:00+00:00,0.821529085
2019-03-02 22:00:00+00:00,0.821696603
2019-03-02 23:00:00+00:00,0.821865726
2019-03-03 00:00:00+00:00,0.822036413
2019-03-03 01:00:00+00:00,0.822208248
2019-03-03 02:00:00+00:00,0.822380101
2019-03-03 03:00:00+00:00,0.822552462
2019-03-03 04:00:00+00:00,0.822725638
2019-03-03 05:00:00+00:00,0.822899855
2019-03-03 06:00:00+00:00,0.823074484
2019-03-03 07:00:00+00:00,0.823247892
2019-03-03 08:00:00+00:00,0.823420119
2019-03-03 09:00:00+00:00,0.823592488
2019-03-03 10:00:00+00:00,0.823765066
2019-03-03 11:00:00+00:00,0.823938055
2019-03-03 12:00:00+00:00,0.824112182
2019-03-03 13:00:00+00:00,0.824285992
2019-03-03 14:00:00+00:00,0.824460321
2019-03-03 15:00:00+00:00,0.824634471
2019-03-03 16:00:00+00:00,0.824808327
2019-03-03 17:00:00+00:00,0.824981153
2019-03-03 18:00:00+00:00,0.825145813
2019-03-03 19:00:00+00:00,0.825309273
2019-03-03 20:00:00+00:00,0.825475806
2019-03-03 21:00:00+00:00,0.825642548
2019-03-03 22:00:00+00:00,0.825807384
2019-03-03 23:00:00+00:00,0.825978072
2019-03-04 00:00:00+00:00,0.826149496
2019-03-04 01:00:00+00:00,0.826320707
2019-03-04 02:00:00+00:00,0.826492386
2019-03-04 03:00:00+00:00,0.826664532
2019-03-04 04:00:00+00:00,0.826836733
2019-03-04 05:00:00+00:00,0.827009054
2019-03-04 06:00:00+00:00,0.827176235
2019-03-04 07:00:00+00:00,0.827337203
2019-03-04 08:00:00+00:00,0.827497973
2019-03-04 09:00:00+00:00,0.82765945
2019-03-04 10:00:00+00:00,0.827824125
2019-03-04 11:00:00+00:00,0.827990778
2019-03-04 12:00:00+00:00,0.82815905
2019-03-04 13:00:00+00:00,0.828325009
2019-03-04 14:00:00+00:00,0.82848927
2019-03-04 15:00:00+00:00,0.82865316
2019-03-04 16:00:00+00:00,0.828813842
2019-03-04 17:00:00+00:00,0.82897183
2019-03-04 18:00:00+00:00,0.829127983
2019-03-04 19:00:00+00:00,0.82928402
2019-03-04 20:00:00+00:00,0.829440376
2019-03-04 21:00:00+00:00,0.829597145
2019-03-04 22:00:00+00:00,0.829756494
2019-03-04 23:00:00+00:00,0.829924619
2019-03-05 00:00:00+00:00,0.83009367
2019-03-05 01:00:00+00:00,0.830261867
2019-03-05 02:00:00+00:00,0.830431368
2019-03-05 03:00:00+00:00,0.830601234
2019-03-05 04:00:00+00:00,0.830770753
2019-03-05 05:00:00+00:00,0.830937475
2019-03-05 06:00:00+00:00,0.831103983
2019-03-05 07:00:00+00:00,0.831269892
2019-03-05 08:00:00+00:00,0.83143262
2019-03-05 09:00:00+00:00,0.831594204
2019-03-05 10:00:00+00:00,0.831758754
2019-03-05 11:00:00+00:00,0.831923971
2019-03-05 12:00:00+00:00,0.83208913
2019-03-05 13:00:00+00:00,0.832256774
2019-03-05 14:00:00+00:00,0.832427361
2019-03-05 15:00:00+00:00,0.83259784
2019-03-05 16:00:00+00:00,0.832767832
2019-03-05 17:00:00+00:00,0.832930666
2019-03-05 18:00:00+00:00,0.833089763
2019-03-05 19:00:00+00:00,0.833246619
2019-03-05 20:00:00+00:00,0.833402126
2019-03-05 21:00:00+00:00,0.833559825
2019-03-05 22:00:00+00:00,0.83372136
2019-03-05 23:00:00+00:00,0.833884091
2019-03-06 00:00:00+00:00,0.834046981
2019-03-06 01:00:00+00:00,0.834210049
2019-03-06 02:00:00+00:00,0.834373121
2019-03-06 03:00:00+00:00,0.834536277
2019-03-06 04:00:00+00:00,0.834699041
2019-03-06 05:00:00+00:00,0.83486183
2019-03-06 06:00:00+00:00,0.835020871
2019-03-06 07:00:00+00:00,0.835179596
2019-03-06 08:00:00+00:00,0.835332498
2019-03-06 09:00:00+00:00,0.835483237
2019-03-06 10:00:00+00:00,0.835634053
2019-03-06 11:00:00+00:00,0.83578569
2019-03-06 12:00:00+00:00,0.835940907
2019-03-06 13:00:00+00:00,0.836096122
2019-03-06 14:00:00+00:00,0.836253058
2019-03-06 15:00:00+00:00,0.836409296
2019-03-06 16:00:00+00:00,0.836564543
2019-03-06 17:00:00+00:00,0.836712914
2019-03-06 18:00:00+00:00,0.836862171
2019-03-06 19:00:00+00:00,0.837010934
2019-03-06 20:00:00+00:00,0.83715711
2019-03-06 21:00:00+00:00,0.837306666
2019-03-06 22:00:00+00:00,0.837461786
2019-03-06 23:00:00+00:00,0.837617897
2019-03-07 00:00:00+00:00,0.837774449
2019-03-07 01:00:00+00:00,0.837931328
2019-03-07 02:00:00+00:00,0.838088571
2019-03-07 03:00:00+00:00,0.838246145
2019-03-07 04:00:00+00:00,0.838403583
2019-03-07 05:00:00+00:00,0.838559165
2019-03-07 06:00:00+00:00,0.838710852
2019-03-07 07:00:00+00:00,0.838858753
2019-03-07 08:00:00+00:00,0.839006906
2019-03-07 09:00:00+00:00,0.839159978
2019-03-07 10:00:00+00:00,0.839308834
2019-03-07 11:00:00+00:00,0.839462548
2019-03-07 12:00:00+00:00,0.839617102
2019-03-07 13:00:00+00:00,0.839771742
2019-03-07 14:00:00+00:00,0.83992679
2019-03-07 15:00:00+00:00,0.840080902
2019-03-07 16:00:00+00:00,0.840232623
2019-03-07 17:00:00+00:00,0.840214952
2019-03-07 18:00:00+00:00,0.840359317
2019-03-07 19:00:00+00:00,0.840503743
2019-03-07 20:00:00+00:00,0.84064866
2019-03-07 21:00:00+00:00,0.840794125
2019-03-07 22:00:00+00:00,0.840942577
2019-03-07 23:00:00+00:00,0.840927968
2019-03-08 00:00:00+00:00,0.840920629
2019-03-08 01:00:00+00:00,0.840914138
2019-03-08 02:00:00+00:00,0.840907985
2019-03-08 03:00:00+00:00,0.84041222
2019-03-08 04:00:00+00:00,0.839916153
2019-03-08 05:00:00+00:00,0.839413344
2019-03-08 06:00:00+00:00,0.838908382
2019-03-08 07:00:00+00:00,0.838400867
2019-03-08 08:00:00+00:00,0.838449886
2019-03-08 09:00:00+00:00,0.83859335
2019-03-08 10:00:00+00:00,0.838741741
2019-03-08 11:00:00+00:00,0.838890294
2019-03-08 12:00:00+00:00,0.839039676
2019-03-08 13:00:00+00:00,0.839189753
2019-03-08 14:00:00+00:00,0.839340779
2019-03-08 15:00:00+00:00,0.839492287
2019-03-08 16:00:00+00:00,0.839644262
2019-03-08 17:00:00+00:00,0.839632385
2019-03-08 18:00:00+00:00,0.839423854
2019-03-08 19:00:00+00:00,0.839214656
2019-03-08 20:00:00+00:00,0.839002561
2019-03-08 21:00:00+00:00,0.838790875
2019-03-08 22:00:00+00:00,0.838578293
2019-03-08 23:00:00+00:00,0.838370171
2019-03-09 00:00:00+00:00,0.838162456
2019-03-09 01:00:00+00:00,0.837962348
2019-03-09 02:00:00+00:00,0.837763459
2019-03-09 03:00:00+00:00,0.837564333
2019-03-09 04:00:00+00:00,0.837365343
2019-03-09 05:00:00+00:00,0.837165745
2019-03-09 06:00:00+00:00,0.836670148
2019-03-09 07:00:00+00:00,0.836652131
2019-03-09 08:00:00+00:00,0.836801329
2019-03-09 09:00:00+00:00,0.836950455
2019-03-09 10:00:00+00:00,0.837100204
2019-03-09 11:00:00+00:00,0.837251356
2019-03-09 12:00:00+00:00,0.837402608
2019-03-09 13:00:00+00:00,0.837559563
2019-03-09 14:00:00+00:00,0.837716803
2019-03-09 15:00:00+00:00,0.837874627
2019-03-09 16:00:00+00:00,0.838032926
2019-03-09 17:00:00+00:00,0.838190129
2019-03-09 18:00:00+00:00,0.838340881
2019-03-09 19:00:00+00:00,0.838488265
2019-03-09 20:00:00+00:00,0.838636349
2019-03-09 21:00:00+00:00,0.838784646
2019-03-09 22:00:00+00:00,0.838936333
2019-03-09 23:00:00+00:00,0.839095403
2019-03-10 00:00:00+00:00,0.839255825
2019-03-10 01:00:00+00:00,0.839417816
2019-03-10 02:00:00+00:00,0.839580164
2019-03-10 03:00:00+00:00,0.839742876
2019-03-10 04:00:00+00:00,0.839905587
2019-03-10 05:00:00+00:00,0.840068462
2019-03-10 06:00:00+00:00,0.840230538
2019-03-10 07:00:00+00:00,0.840392357
2019-03-10 08:00:00+00:00,0.840553279
2019-03-10 09:00:00+00:00,0.840714416
2019-03-10 10:00:00+00:00,0.840875887
2019-03-10 11:00:00+00:00,0.841037312
2019-03-10 12:00:00+00:00,0.841199286
2019-03-10 13:00:00+00:00,0.841361914
2019-03-10 14:00:00+00:00,0.84152496
2019-03-10 15:00:00+00:00,0.841688027
2019-03-10 16:00:00+00:00,0.841851208
2019-03-10 17:00:00+00:00,0.842013571
2019-03-10 18:00:00+00:00,0.8421732
2019-03-10 19:00:00+00:00,0.842325996
2019-03-10 20:00:00+00:00,0.842479158
2019-03-10 21:00:00+00:00,0.84263622
2019-03-10 22:00:00+00:00,0.842794816
2019-03-10 23:00:00+00:00,0.842955675
2019-03-11 00:00:00+00:00,0.843117805
2019-03-11 01:00:00+00:00,0.843280531
2019-03-11 02:00:00+00:00,0.843443735
2019-03-11 03:00:00+00:00,0.843607105
2019-03-11 04:00:00+00:00,0.843770639
2019-03-11 05:00:00+00:00,0.843933566
2019-03-11 06:00:00+00:00,0.844095018
2019-03-11 07:00:00+00:00,0.844251163
2019-03-11 08:00:00+00:00,0.844405944
2019-03-11 09:00:00+00:00,0.844563494
2019-03-11 10:00:00+00:00,0.844719653
2019-03-11 11:00:00+00:00,0.844875177
2019-03-11 12:00:00+00:00,0.845030321
2019-03-11 13:00:00+00:00,0.845179685
2019-03-11 14:00:00+00:00,0.845336322
2019-03-11 15:00:00+00:00,0.84549332
2019-03-11 16:00:00+00:00,0.845649709
2019-03-11 17:00:00+00:00,0.845639024
2019-03-11 18:00:00+00:00,0.845588703
2019-03-11 19:00:00+00:00,0.84553806
2019-03-11 20:00:00+00:00,0.845487229
2019-03-11 21:00:00+00:00,0.84543976
2019-03-11 22:00:00+00:00,0.845392723
2019-03-11 23:00:00+00:00,0.845349562
2019-03-12 00:00:00+00:00,0.845311101
2019-03-12 01:00:00+00:00,0.844971803
2019-03-12 02:00:00+00:00,0.844521893
2019-03-12 03:00:00+00:00,0.844140369
2019-03-12 04:00:00+00:00,0.843774871
2019-03-12 05:00:00+00:00,0.843374645
2019-03-12 06:00:00+00:00,0.842914285
2019-03-12 07:00:00+00:00,0.843063734
2019-03-12 08:00:00+00:00,0.843211946
2019-03-12 09:00:00+00:00,0.843367068
2019-03-12 10:00:00+00:00,0.843518865
2019-03-12 11:00:00+00:00,0.843677253
2019-03-12 12:00:00+00:00,0.843835058
2019-03-12 13:00:00+00:00,0.843995624
2019-03-12 14:00:00+00:00,0.844157218
2019-03-12 15:00:00+00:00,0.844319362
2019-03-12 16:00:00+00:00,0.844481165
2019-03-12 17:00:00+00:00,0.844641471
2019-03-12 18:00:00+00:00,0.844799576
2019-03-12 19:00:00+00:00,0.844957331
2019-03-12 20:00:00+00:00,0.845113347
2019-03-12 21:00:00+00:00,0.845271023
2019-03-12 22:00:00+00:00,0.84542954
2019-03-12 23:00:00+00:00,0.845591875
2019-03-13 00:00:00+00:00,0.845755009
2019-03-13 01:00:00+00:00,0.845918494
2019-03-13 02:00:00+00:00,0.846082132
2019-03-13 03:00:00+00:00,0.84624604
2019-03-13 04:00:00+00:00,0.846410265
2019-03-13 05:00:00+00:00,0.846574275
2019-03-13 06:00:00+00:00,0.846736943
2019-03-13 07:00:00+00:00,0.846898049
2019-03-13 08:00:00+00:00,0.847057844
2019-03-13 09:00:00+00:00,0.847218298
2019-03-13 10:00:00+00:00,0.847377893
2019-03-13 11:00:00+00:00,0.847538534
2019-03-13 12:00:00+00:00,0.847699537
2019-03-13 13:00:00+00:00,0.847860978
2019-03-13 14:00:00+00:00,0.848022671
2019-03-13 15:00:00+00:00,0.84818477
2019-03-13 16:00:00+00:00,0.848346152
2019-03-13 17:00:00+00:00,0.848505711
2019-03-13 18:00:00+00:00,0.848661225
2019-03-13 19:00:00+00:00,0.848814615
2019-03-13 20:00:00+00:00,0.848971109
2019-03-13 21:00:00+00:00,0.849128636
2019-03-13 22:00:00+00:00,0.849288036
2019-03-13 23:00:00+00:00,0.849450807
2019-03-14 00:00:00+00:00,0.84961469
2019-03-14 01:00:00+00:00,0.849779165
2019-03-14 02:00:00+00:00,0.849943692
2019-03-14 03:00:00+00:00,0.850108646
2019-03-14 04:00:00+00:00,0.850273524
2019-03-14 05:00:00+00:00,0.850436669
2019-03-14 06:00:00+00:00,0.850597539
2019-03-14 07:00:00+00:00,0.850756303
2019-03-14 08:00:00+00:00,0.850914486
2019-03-14 09:00:00+00:00,0.85107348
2019-03-14 10:00:00+00:00,0.851233433
2019-03-14 11:00:00+00:00,0.851394192
2019-03-14 12:00:00+00:00,0.851554937
2019-03-14 13:00:00+00:00,0.85171555
2019-03-14 14:00:00+00:00,0.85187755
2019-03-14 15:00:00+00:00,0.852036506
2019-03-14 16:00:00+00:00,0.85219163
2019-03-14 17:00:00+00:00,0.85234548
2019-03-14 18:00:00+00:00,0.852496459
2019-03-14 19:00:00+00:00,0.852647029
2019-03-14 20:00:00+00:00,0.852797782
2019-03-14 21:00:00+00:00,0.852951104
2019-03-14 22:00:00+00:00,0.853108459
2019-03-14 23:00:00+00:00,0.85326947
2019-03-15 00:00:00+00:00,0.853431462
2019-03-15 01:00:00+00:00,0.853594065
2019-03-15 02:00:00+00:00,0.853754218
2019-03-15 03:00:00+00:00,0.853917294
2019-03-15 04:00:00+00:00,0.854075037
2019-03-15 05:00:00+00:00,0.854230861
2019-03-15 06:00:00+00:00,0.854385369
2019-03-15 07:00:00+00:00,0.854537929
2019-03-15 08:00:00+00:00,0.854689379
2019-03-15 09:00:00+00:00,0.854841463
2019-03-15 10:00:00+00:00,0.854994527
2019-03-15 11:00:00+00:00,0.855147183
2019-03-15 12:00:00+00:00,0.855300622
2019-03-15 13:00:00+00:00,0.855455456
2019-03-15 14:00:00+00:00,0.85561031
2019-03-15 15:00:00+00:00,0.855764642
2019-03-15 16:00:00+00:00,0.855917655
2019-03-15 17:00:00+00:00,0.855906615
2019-03-15 18:00:00+00:00,0.855646724
2019-03-15 19:00:00+00:00,0.8553866
2019-03-15 20:00:00+00:00,0.855126545
2019-03-15 21:00:00+00:00,0.85486746
2019-03-15 22:00:00+00:00,0.854611566
2019-03-15 23:00:00+00:00,0.854358014
2019-03-16 00:00:00+00:00,0.854106122
2019-03-16 01:00:00+00:00,0.853854699
2019-03-16 02:00:00+00:00,0.853603676
2019-03-16 03:00:00+00:00,0.853353717
2019-03-16 04:00:00+00:00,0.853106771
2019-03-16 05:00:00+00:00,0.852823051
2019-03-16 06:00:00+00:00,0.852329664
2019-03-16 07:00:00+00:00,0.852493136
2019-03-16 08:00:00+00:00,0.852651283
2019-03-16 09:00:00+00:00,0.852809628
2019-03-16 10:00:00+00:00,0.852968788
2019-03-16 11:00:00+00:00,0.853129029
2019-03-16 12:00:00+00:00,0.853296021
2019-03-16 13:00:00+00:00,0.853463756
2019-03-16 14:00:00+00:00,0.853631803
2019-03-16 15:00:00+00:00,0.853799607
2019-03-16 16:00:00+00:00,0.853967429
2019-03-16 17:00:00+00:00,0.854131899
2019-03-16 18:00:00+00:00,0.854293456
2019-03-16 19:00:00+00:00,0.854451096
2019-03-16 20:00:00+00:00,0.854608702
2019-03-16 21:00:00+00:00,0.854767924
2019-03-16 22:00:00+00:00,0.854928783
2019-03-16 23:00:00+00:00,0.855096943
2019-03-17 00:00:00+00:00,0.855265664
2019-03-17 01:00:00+00:00,0.855434688
2019-03-17 02:00:00+00:00,0.85560428
2019-03-17 03:00:00+00:00,0.85577429
2019-03-17 04:00:00+00:00,0.855944522
2019-03-17 05:00:00+00:00,0.856114842
2019-03-17 06:00:00+00:00,0.856284955
2019-03-17 07:00:00+00:00,0.85645421
2019-03-17 08:00:00+00:00,0.856621509
2019-03-17 09:00:00+00:00,0.856789243
2019-03-17 10:00:00+00:00,0.856956374
2019-03-17 11:00:00+00:00,0.857123877
2019-03-17 12:00:00+00:00,0.857292249
2019-03-17 13:00:00+00:00,0.857461072
2019-03-17 14:00:00+00:00,0.857630253
2019-03-17 15:00:00+00:00,0.857799487
2019-03-17 16:00:00+00:00,0.857968717
2019-03-17 17:00:00+00:00,0.858137586
2019-03-17 18:00:00+00:00,0.858304728
2019-03-17 19:00:00+00:00,0.85847066
2019-03-17 20:00:00+00:00,0.858635772
2019-03-17 21:00:00+00:00,0.858801741
2019-03-17 22:00:00+00:00,0.858970261
2019-03-17 23:00:00+00:00,0.859140104
2019-03-18 00:00:00+00:00,0.859310508
2019-03-18 01:00:00+00:00,0.859480786
2019-03-18 02:00:00+00:00,0.859651271
2019-03-18 03:00:00+00:00,0.859821901
2019-03-18 04:00:00+00:00,0.859992258
2019-03-18 05:00:00+00:00,0.860162376
2019-03-18 06:00:00+00:00,0.860330336
2019-03-18 07:00:00+00:00,0.860492097
2019-03-18 08:00:00+00:00,0.860652573
2019-03-18 09:00:00+00:00,0.860810244
2019-03-18 10:00:00+00:00,0.860973662
2019-03-18 11:00:00+00:00,0.861134429
2019-03-18 12:00:00+00:00,0.861293016
2019-03-18 13:00:00+00:00,0.861452646
2019-03-18 14:00:00+00:00,0.861619995
2019-03-18 15:00:00+00:00,0.861786448
2019-03-18 16:00:00+00:00,0.861953345
2019-03-18 17:00:00+00:00,0.862119949
2019-03-18 18:00:00+00:00,0.862283098
2019-03-18 19:00:00+00:00,0.862445585
2019-03-18 20:00:00+00:00,0.862607329
2019-03-18 21:00:00+00:00,0.862769239
2019-03-18 22:00:00+00:00,0.862935768
2019-03-18 23:00:00+00:00,0.863106145
2019-03-19 00:00:00+00:00,0.863276923
2019-03-19 01:00:00+00:00,0.863447993
2019-03-19 02:00:00+00:00,0.863619603
2019-03-19 03:00:00+00:00,0.863791209
2019-03-19 04:00:00+00:00,0.863962634
2019-03-19 05:00:00+00:00,0.864133731
2019-03-19 06:00:00+00:00,0.86430487
2019-03-19 07:00:00+00:00,0.864472616
2019-03-19 08:00:00+00:00,0.864639584
2019-03-19 09:00:00+00:00,0.864806943
2019-03-19 10:00:00+00:00,0.86497445
2019-03-19 11:00:00+00:00,0.865141222
2019-03-19 12:00:00+00:00,0.86530919
2019-03-19 13:00:00+00:00,0.865477815
2019-03-19 14:00:00+00:00,0.865646802
2019-03-19 15:00:00+00:00,0.865814834
2019-03-19 16:00:00+00:00,0.865982914
2019-03-19 17:00:00+00:00,0.866149141
2019-03-19 18:00:00+00:00,0.866312792
2019-03-19 19:00:00+00:00,0.866475007
2019-03-19 20:00:00+00:00,0.866637764
2019-03-19 21:00:00+00:00,0.866803486
2019-03-19 22:00:00+00:00,0.866970975
2019-03-19 23:00:00+00:00,0.867139707
2019-03-20 00:00:00+00:00,0.86730914
2019-03-20 01:00:00+00:00,0.867478523
2019-03-20 02:00:00+00:00,0.867647865
2019-03-20 03:00:00+00:00,0.867817817
2019-03-20 04:00:00+00:00,0.867987473
2019-03-20 05:00:00+00:00,0.868156692
2019-03-20 06:00:00+00:00,0.868324691
2019-03-20 07:00:00+00:00,0.868490533
2019-03-20 08:00:00+00:00,0.868655056
2019-03-20 09:00:00+00:00,0.868820957
2019-03-20 10:00:00+00:00,0.868987035
2019-03-20 11:00:00+00:00,0.869153743
2019-03-20 12:00:00+00:00,0.869319152
2019-03-20 13:00:00+00:00,0.869485441
2019-03-20 14:00:00+00:00,0.86965251
2019-03-20 15:00:00+00:00,0.869819085
2019-03-20 16:00:00+00:00,0.869985206
2019-03-20 17:00:00+00:00,0.870149932
2019-03-20 18:00:00+00:00,0.870309526
2019-03-20 19:00:00+00:00,0.870469516
2019-03-20 20:00:00+00:00,0.870628567
2019-03-20 21:00:00+00:00,0.870793913
2019-03-20 22:00:00+00:00,0.870961908
2019-03-20 23:00:00+00:00,0.871132561
2019-03-21 00:00:00+00:00,0.871303357
2019-03-21 01:00:00+00:00,0.871474461
2019-03-21 02:00:00+00:00,0.871646304
2019-03-21 03:00:00+00:00,0.871818143
2019-03-21 04:00:00+00:00,0.871988789
2019-03-21 05:00:00+00:00,0.872159693
2019-03-21 06:00:00+00:00,0.872323178
2019-03-21 07:00:00+00:00,0.87248373
2019-03-21 08:00:00+00:00,0.872646399
2019-03-21 09:00:00+00:00,0.872810356
2019-03-21 10:00:00+00:00,0.87297537
2019-03-21 11:00:00+00:00,0.873137863
2019-03-21 12:00:00+00:00,0.873303062
2019-03-21 13:00:00+00:00,0.873467876
2019-03-21 14:00:00+00:00,0.873628107
2019-03-21 15:00:00+00:00,0.873787455
2019-03-21 16:00:00+00:00,0.87394665
2019-03-21 17:00:00+00:00,0.874084897
2019-03-21 18:00:00+00:00,0.873966788
2019-03-21 19:00:00+00:00,0.873845385
2019-03-21 20:00:00+00:00,0.873725485
2019-03-21 21:00:00+00:00,0.873605344
2019-03-21 22:00:00+00:00,0.873487936
2019-03-21 23:00:00+00:00,0.873373561
2019-03-22 00:00:00+00:00,0.873259718
2019-03-22 01:00:00+00:00,0.873149476
2019-03-22 02:00:00+00:00,0.873036521
2019-03-22 03:00:00+00:00,0.87292375
2019-03-22 04:00:00+00:00,0.872810809
2019-03-22 05:00:00+00:00,0.872695955
2019-03-22 06:00:00+00:00,0.872263714
2019-03-22 07:00:00+00:00,0.872189751
2019-03-22 08:00:00+00:00,0.872348625
2019-03-22 09:00:00+00:00,0.872507341
2019-03-22 10:00:00+00:00,0.87266665
2019-03-22 11:00:00+00:00,0.872826902
2019-03-22 12:00:00+00:00,0.872987321
2019-03-22 13:00:00+00:00,0.873148054
2019-03-22 14:00:00+00:00,0.873309239
2019-03-22 15:00:00+00:00,0.87347084
2019-03-22 16:00:00+00:00,0.873631716
2019-03-22 17:00:00+00:00,0.873659842
2019-03-22 18:00:00+00:00,0.873704704
2019-03-22 19:00:00+00:00,0.873749068
2019-03-22 20:00:00+00:00,0.873793761
2019-03-22 21:00:00+00:00,0.873838335
2019-03-22 22:00:00+00:00,0.873884846
2019-03-22 23:00:00+00:00,0.87393427
2019-03-23 00:00:00+00:00,0.873984828
2019-03-23 01:00:00+00:00,0.874043598
2019-03-23 02:00:00+00:00,0.874104084
2019-03-23 03:00:00+00:00,0.873848101
2019-03-23 04:00:00+00:00,0.873383335
2019-03-23 05:00:00+00:00,0.872905596
2019-03-23 06:00:00+00:00,0.872427286
2019-03-23 07:00:00+00:00,0.872600524
2019-03-23 08:00:00+00:00,0.872773011
2019-03-23 09:00:00+00:00,0.872945655
2019-03-23 10:00:00+00:00,0.873118416
2019-03-23 11:00:00+00:00,0.873291822
2019-03-23 12:00:00+00:00,0.873466099
2019-03-23 13:00:00+00:00,0.873640186
2019-03-23 14:00:00+00:00,0.87381414
2019-03-23 15:00:00+00:00,0.873988471
2019-03-23 16:00:00+00:00,0.874162171
2019-03-23 17:00:00+00:00,0.874334737
2019-03-23 18:00:00+00:00,0.874499122
2019-03-23 19:00:00+00:00,0.874662513
2019-03-23 20:00:00+00:00,0.874826212
2019-03-23 21:00:00+00:00,0.874990867
2019-03-23 22:00:00+00:00,0.87516349
2019-03-23 23:00:00+00:00,0.875339212
2019-03-24 00:00:00+00:00,0.875514936
2019-03-24 01:00:00+00:00,0.875691239
2019-03-24 02:00:00+00:00,0.875868241
2019-03-24 03:00:00+00:00,0.876045084
2019-03-24 04:00:00+00:00,0.876222018
2019-03-24 05:00:00+00:00,0.876399213
2019-03-24 06:00:00+00:00,0.876575996
2019-03-24 07:00:00+00:00,0.876752503
2019-03-24 08:00:00+00:00,0.876928362
2019-03-24 09:00:00+00:00,0.877103459
2019-03-24 10:00:00+00:00,0.877278177
2019-03-24 11:00:00+00:00,0.877453281
2019-03-24 12:00:00+00:00,0.877630094
2019-03-24 13:00:00+00:00,0.87780724
2019-03-24 14:00:00+00:00,0.877984963
2019-03-24 15:00:00+00:00,0.87816251
2019-03-24 16:00:00+00:00,0.878339792
2019-03-24 17:00:00+00:00,0.878516716
2019-03-24 18:00:00+00:00,0.878692173
2019-03-24 19:00:00+00:00,0.878863069
2019-03-24 20:00:00+00:00,0.879033639
2019-03-24 21:00:00+00:00,0.879205073
2019-03-24 22:00:00+00:00,0.879380188
2019-03-24 23:00:00+00:00,0.879556803
2019-03-25 00:00:00+00:00,0.879733654
2019-03-25 01:00:00+00:00,0.879911547
2019-03-25 02:00:00+00:00,0.880089962
2019-03-25 03:00:00+00:00,0.880268483
2019-03-25 04:00:00+00:00,0.880446646
2019-03-25 05:00:00+00:00,0.880623223
2019-03-25 06:00:00+00:00,0.880796435
2019-03-25 07:00:00+00:00,0.880964961
2019-03-25 08:00:00+00:00,0.881132048
2019-03-25 09:00:00+00:00,0.881301001
2019-03-25 10:00:00+00:00,0.881470414
2019-03-25 11:00:00+00:00,0.881638503
2019-03-25 12:00:00+00:00,0.881809328
2019-03-25 13:00:00+00:00,0.881981709
2019-03-25 14:00:00+00:00,0.882156188
2019-03-25 15:00:00+00:00,0.882331281
2019-03-25 16:00:00+00:00,0.882506398
2019-03-25 17:00:00+00:00,0.882681121
2019-03-25 18:00:00+00:00,0.882854485
2019-03-25 19:00:00+00:00,0.883026013
2019-03-25 20:00:00+00:00,0.883198172
2019-03-25 21:00:00+00:00,0.883371176
2019-03-25 22:00:00+00:00,0.883545796
2019-03-25 23:00:00+00:00,0.883722887
2019-03-26 00:00:00+00:00,0.883900853
2019-03-26 01:00:00+00:00,0.884079353
2019-03-26 02:00:00+00:00,0.884258177
2019-03-26 03:00:00+00:00,0.884437014
2019-03-26 04:00:00+00:00,0.884615963
2019-03-26 05:00:00+00:00,0.884794779
2019-03-26 06:00:00+00:00,0.884972871
2019-03-26 07:00:00+00:00,0.885146896
2019-03-26 08:00:00+00:00,0.885320129
2019-03-26 09:00:00+00:00,0.885494129
2019-03-26 10:00:00+00:00,0.88566862
2019-03-26 11:00:00+00:00,0.885843063
2019-03-26 12:00:00+00:00,0.886018045
2019-03-26 13:00:00+00:00,0.886193881
2019-03-26 14:00:00+00:00,0.886370289
2019-03-26 15:00:00+00:00,0.88654656
2019-03-26 16:00:00+00:00,0.886722718
2019-03-26 17:00:00+00:00,0.886898013
2019-03-26 18:00:00+00:00,0.887070797
2019-03-26 19:00:00+00:00,0.887242587
2019-03-26 20:00:00+00:00,0.887415683
2019-03-26 21:00:00+00:00,0.887591555
2019-03-26 22:00:00+00:00,0.887768283
2019-03-26 23:00:00+00:00,0.887946779
2019-03-27 00:00:00+00:00,0.88812584
2019-03-27 01:00:00+00:00,0.888305466
2019-03-27 02:00:00+00:00,0.888485445
2019-03-27 03:00:00+00:00,0.8886654
2019-03-27 04:00:00+00:00,0.888845436
2019-03-27 05:00:00+00:00,0.889024936
2019-03-27 06:00:00+00:00,0.889202618
2019-03-27 07:00:00+00:00,0.889377692
2019-03-27 08:00:00+00:00,0.889552356
2019-03-27 09:00:00+00:00,0.889727961
2019-03-27 10:00:00+00:00,0.889903416
2019-03-27 11:00:00+00:00,0.890078934
2019-03-27 12:00:00+00:00,0.890254405
2019-03-27 13:00:00+00:00,0.890429945
2019-03-27 14:00:00+00:00,0.89060637
2019-03-27 15:00:00+00:00,0.890783044
2019-03-27 16:00:00+00:00,0.890959101
2019-03-27 17:00:00+00:00,0.891134522
2019-03-27 18:00:00+00:00,0.891307243
2019-03-27 19:00:00+00:00,0.891479077
2019-03-27 20:00:00+00:00,0.891650913
2019-03-27 21:00:00+00:00,0.891825418
2019-03-27 22:00:00+00:00,0.89200285
2019-03-27 23:00:00+00:00,0.89218277
2019-03-28 00:00:00+00:00,0.892363429
2019-03-28 01:00:00+00:00,0.892544235
2019-03-28 02:00:00+00:00,0.892724767
2019-03-28 03:00:00+00:00,0.89290568
2019-03-28 04:00:00+00:00,0.893086747
2019-03-28 05:00:00+00:00,0.893267065
2019-03-28 06:00:00+00:00,0.893446525
2019-03-28 07:00:00+00:00,0.89362441
2019-03-28 08:00:00+00:00,0.89380249
2019-03-28 09:00:00+00:00,0.893980235
2019-03-28 10:00:00+00:00,0.894157649
2019-03-28 11:00:00+00:00,0.894334631
2019-03-28 12:00:00+00:00,0.894512083
2019-03-28 13:00:00+00:00,0.894690059
2019-03-28 14:00:00+00:00,0.894868069
2019-03-28 15:00:00+00:00,0.895045975
2019-03-28 16:00:00+00:00,0.895223557
2019-03-28 17:00:00+00:00,0.895400537
2019-03-28 18:00:00+00:00,0.895574312
2019-03-28 19:00:00+00:00,0.895746766
2019-03-28 20:00:00+00:00,0.895919568
2019-03-28 21:00:00+00:00,0.89609372
2019-03-28 22:00:00+00:00,0.896269581
2019-03-28 23:00:00+00:00,0.89644962
2019-03-29 00:00:00+00:00,0.896630575
2019-03-29 01:00:00+00:00,0.896812184
2019-03-29 02:00:00+00:00,0.896993821
2019-03-29 03:00:00+00:00,0.897175774
2019-03-29 04:00:00+00:00,0.897358093
2019-03-29 05:00:00+00:00,0.897539765
2019-03-29 06:00:00+00:00,0.89772015
2019-03-29 07:00:00+00:00,0.897898386
2019-03-29 08:00:00+00:00,0.898075073
2019-03-29 09:00:00+00:00,0.898252134
2019-03-29 10:00:00+00:00,0.8984292
2019-03-29 11:00:00+00:00,0.898606451
2019-03-29 12:00:00+00:00,0.898783535
2019-03-29 13:00:00+00:00,0.898957509
2019-03-29 14:00:00+00:00,0.899127923
2019-03-29 15:00:00+00:00,0.899304252
2019-03-29 16:00:00+00:00,0.899481138
2019-03-29 17:00:00+00:00,0.899657313
2019-03-29 18:00:00+00:00,0.899831765
2019-03-29 19:00:00+00:00,0.900001589
2019-03-29 20:00:00+00:00,0.900171898
2019-03-29 21:00:00+00:00,0.90034508
2019-03-29 22:00:00+00:00,0.900521884
2019-03-29 23:00:00+00:00,0.900701723
2019-03-30 00:00:00+00:00,0.900882495
2019-03-30 01:00:00+00:00,0.901064291
2019-03-30 02:00:00+00:00,0.901246485
2019-03-30 03:00:00+00:00,0.901429416
2019-03-30 04:00:00+00:00,0.90161218
2019-03-30 05:00:00+00:00,0.90179517
2019-03-30 06:00:00+00:00,0.901977917
2019-03-30 07:00:00+00:00,0.902159581
2019-03-30 08:00:00+00:00,0.902339657
2019-03-30 09:00:00+00:00,0.902519507
2019-03-30 10:00:00+00:00,0.902699118
2019-03-30 11:00:00+00:00,0.902879552
2019-03-30 12:00:00+00:00,0.903060767
2019-03-30 13:00:00+00:00,0.90324215
2019-03-30 14:00:00+00:00,0.903423882
2019-03-30 15:00:00+00:00,0.903605195
2019-03-30 16:00:00+00:00,0.903786103
2019-03-30 17:00:00+00:00,0.903967003
2019-03-30 18:00:00+00:00,0.90374712
2019-03-30 19:00:00+00:00,0.903460142
2019-03-30 20:00:00+00:00,0.903195882
2019-03-30 21:00:00+00:00,0.902974665
2019-03-30 22:00:00+00:00,0.902755357
2019-03-30 23:00:00+00:00,0.902541481
2019-03-31 00:00:00+00:00,0.90232842
2019-03-31 01:00:00+00:00,0.902115611
2019-03-31 02:00:00+00:00,0.901902836
2019-03-31 03:00:00+00:00,0.901690476
2019-03-31 04:00:00+00:00,0.90139637
2019-03-31 05:00:00+00:00,0.901043251
2019-03-31 06:00:00+00:00,0.900773342
2019-03-31 07:00:00+00:00,0.900559239
2019-03-31 08:00:00+00:00,0.900618565
2019-03-31 09:00:00+00:00,0.900793427
2019-03-31 10:00:00+00:00,0.900973332
2019-03-31 11:00:00+00:00,0.901148393
2019-03-31 12:00:00+00:00,0.901324373
2019-03-31 13:00:00+00:00,0.901500558
2019-03-31 14:00:00+00:00,0.901677366
2019-03-31 15:00:00+00:00,0.901860597
2019-03-31 16:00:00+00:00,0.901944774
2019-03-31 17:00:00+00:00,0.901623368
2019-03-31 18:00:00+00:00,0.901367017
2019-03-31 19:00:00+00:00,0.901109748
2019-03-31 20:00:00+00:00,0.900859787
2019-03-31 21:00:00+00:00,0.90061111
2019-03-31 22:00:00+00:00,0.900363929
2019-03-31 23:00:00+00:00,0.900116638
2019-04-01 00:00:00+00:00,0.899897536
2019-04-01 01:00:00+00:00,0.899678964
2019-04-01 02:00:00+00:00,0.899460623
2019-04-01 03:00:00+00:00,0.899242297
2019-04-01 04:00:00+00:00,0.899023843
2019-04-01 05:00:00+00:00,0.898804587
2019-04-01 06:00:00+00:00,0.898583559
2019-04-01 07:00:00+00:00,0.898137636
2019-04-01 08:00:00+00:00,0.897692003
2019-04-01 09:00:00+00:00,0.897261861
2019-04-01 10:00:00+00:00,0.897461766
2019-04-01 11:00:00+00:00,0.897668368
2019-04-01 12:00:00+00:00,0.897874943
2019-04-01 13:00:00+00:00,0.89808209
2019-04-01 14:00:00+00:00,0.897668966
2019-04-01 15:00:00+00:00,0.897256617
2019-04-01 16:00:00+00:00,0.896823712
2019-04-01 17:00:00+00:00,0.896377731
2019-04-01 18:00:00+00:00,0.895929817
2019-04-01 19:00:00+00:00,0.895481552
2019-04-01 20:00:00+00:00,0.895033669
2019-04-01 21:00:00+00:00,0.894587122
2019-04-01 22:00:00+00:00,0.894141976
2019-04-01 23:00:00+00:00,0.893697623
2019-04-02 00:00:00+00:00,0.893254053
2019-04-02 01:00:00+00:00,0.892810849
2019-04-02 02:00:00+00:00,0.89236791
2019-04-02 03:00:00+00:00,0.891924839
2019-04-02 04:00:00+00:00,0.891480414
2019-04-02 05:00:00+00:00,0.891034618
2019-04-02 06:00:00+00:00,0.890587462
2019-04-02 07:00:00+00:00,0.890138874
2019-04-02 08:00:00+00:00,0.890342927
2019-04-02 09:00:00+00:00,0.890547153
2019-04-02 10:00:00+00:00,0.890753015
2019-04-02 11:00:00+00:00,0.890959396
2019-04-02 12:00:00+00:00,0.89116767
2019-04-02 13:00:00+00:00,0.891376863
2019-04-02 14:00:00+00:00,0.891586285
2019-04-02 15:00:00+00:00,0.891796124
2019-04-02 16:00:00+00:00,0.892006002
2019-04-02 17:00:00+00:00,0.892051856
2019-04-02 18:00:00+00:00,0.892259666
2019-04-02 19:00:00+00:00,0.892467551
2019-04-02 20:00:00+00:00,0.892676163
2019-04-02 21:00:00+00:00,0.892703701
2019-04-02 22:00:00+00:00,0.892732316
2019-04-02 23:00:00+00:00,0.892760704
2019-04-03 00:00:00+00:00,0.892789176
2019-04-03 01:00:00+00:00,0.892818257
2019-04-03 02:00:00+00:00,0.892847324
2019-04-03 03:00:00+00:00,0.892875288
2019-04-03 04:00:00+00:00,0.89290277
2019-04-03 05:00:00+00:00,0.892927868
2019-04-03 06:00:00+00:00,0.892778868
2019-04-03 07:00:00+00:00,0.892912354
2019-04-03 08:00:00+00:00,0.893117576
2019-04-03 09:00:00+00:00,0.893322898
2019-04-03 10:00:00+00:00,0.893528876
2019-04-03 11:00:00+00:00,0.893736344
2019-04-03 12:00:00+00:00,0.893944365
2019-04-03 13:00:00+00:00,0.894152521
2019-04-03 14:00:00+00:00,0.894361051
2019-04-03 15:00:00+00:00,0.894569559
2019-04-03 16:00:00+00:00,0.894778304
2019-04-03 17:00:00+00:00,0.894986833
2019-04-03 18:00:00+00:00,0.895193482
2019-04-03 19:00:00+00:00,0.895398644
2019-04-03 20:00:00+00:00,0.895604592
2019-04-03 21:00:00+00:00,0.895812743
2019-04-03 22:00:00+00:00,0.896023367
2019-04-03 23:00:00+00:00,0.896234347
2019-04-04 00:00:00+00:00,0.89644556
2019-04-04 01:00:00+00:00,0.896656989
2019-04-04 02:00:00+00:00,0.896868354
2019-04-04 03:00:00+00:00,0.897079454
2019-04-04 04:00:00+00:00,0.89728832
2019-04-04 05:00:00+00:00,0.897495377
2019-04-04 06:00:00+00:00,0.897700792
2019-04-04 07:00:00+00:00,0.897905729
2019-04-04 08:00:00+00:00,0.898110633
2019-04-04 09:00:00+00:00,0.898316054
2019-04-04 10:00:00+00:00,0.898522002
2019-04-04 11:00:00+00:00,0.898727757
2019-04-04 12:00:00+00:00,0.898933727
2019-04-04 13:00:00+00:00,0.899140475
2019-04-04 14:00:00+00:00,0.899347803
2019-04-04 15:00:00+00:00,0.899555067
2019-04-04 16:00:00+00:00,0.899761702
2019-04-04 17:00:00+00:00,0.899968787
2019-04-04 18:00:00+00:00,0.900174123
2019-04-04 19:00:00+00:00,0.900379245
2019-04-04 20:00:00+00:00,0.900585113
2019-04-04 21:00:00+00:00,0.900792805
2019-04-04 22:00:00+00:00,0.901001331
2019-04-04 23:00:00+00:00,0.90121009
2019-04-05 00:00:00+00:00,0.901419089
2019-04-05 01:00:00+00:00,0.901628461
2019-04-05 02:00:00+00:00,0.901837577
2019-04-05 03:00:00+00:00,0.902046604
2019-04-05 04:00:00+00:00,0.90225593
2019-04-05 05:00:00+00:00,0.902463963
2019-04-05 06:00:00+00:00,0.902663341
2019-04-05 07:00:00+00:00,0.902861747
2019-04-05 08:00:00+00:00,0.903063273
2019-04-05 09:00:00+00:00,0.903266718
2019-04-05 10:00:00+00:00,0.903470655
2019-04-05 11:00:00+00:00,0.903674819
2019-04-05 12:00:00+00:00,0.903879426
2019-04-05 13:00:00+00:00,0.904083897
2019-04-05 14:00:00+00:00,0.904288268
2019-04-05 15:00:00+00:00,0.904492856
2019-04-05 16:00:00+00:00,0.904697348
2019-04-05 17:00:00+00:00,0.9049012
2019-04-05 18:00:00+00:00,0.905103738
2019-04-05 19:00:00+00:00,0.905306751
2019-04-05 20:00:00+00:00,0.905510508
2019-04-05 21:00:00+00:00,0.905715948
2019-04-05 22:00:00+00:00,0.905923331
2019-04-05 23:00:00+00:00,0.906131271
2019-04-06 00:00:00+00:00,0.906338758
2019-04-06 01:00:00+00:00,0.90654644
2019-04-06 02:00:00+00:00,0.906754309
2019-04-06 03:00:00+00:00,0.906961435
2019-04-06 04:00:00+00:00,0.907168211
2019-04-06 05:00:00+00:00,0.907374109
2019-04-06 06:00:00+00:00,0.907578835
2019-04-06 07:00:00+00:00,0.907781948
2019-04-06 08:00:00+00:00,0.907983998
2019-04-06 09:00:00+00:00,0.908187102
2019-04-06 10:00:00+00:00,0.908389095
2019-04-06 11:00:00+00:00,0.908591167
2019-04-06 12:00:00+00:00,0.908793919
2019-04-06 13:00:00+00:00,0.908995977
2019-04-06 14:00:00+00:00,0.90919744
2019-04-06 15:00:00+00:00,0.909398658
2019-04-06 16:00:00+00:00,0.909600167
2019-04-06 17:00:00+00:00,0.909800553
2019-04-06 18:00:00+00:00,0.909999298
2019-04-06 19:00:00+00:00,0.910197335
2019-04-06 20:00:00+00:00,0.910395371
2019-04-06 21:00:00+00:00,0.910594033
2019-04-06 22:00:00+00:00,0.910794012
2019-04-06 23:00:00+00:00,0.910995328
2019-04-07 00:00:00+00:00,0.911197121
2019-04-07 01:00:00+00:00,0.911399187
2019-04-07 02:00:00+00:00,0.911601417
2019-04-07 03:00:00+00:00,0.911804026
2019-04-07 04:00:00+00:00,0.912006788
2019-04-07 05:00:00+00:00,0.912209057
2019-04-07 06:00:00+00:00,0.912410898
2019-04-07 07:00:00+00:00,0.912612736
2019-04-07 08:00:00+00:00,0.912814286
2019-04-07 09:00:00+00:00,0.913016699
2019-04-07 10:00:00+00:00,0.913218744
2019-04-07 11:00:00+00:00,0.91342178
2019-04-07 12:00:00+00:00,0.913625989
2019-04-07 13:00:00+00:00,0.913830136
2019-04-07 14:00:00+00:00,0.914034323
2019-04-07 15:00:00+00:00,0.914238953
2019-04-07 16:00:00+00:00,0.914442889
2019-04-07 17:00:00+00:00,0.914644272
2019-04-07 18:00:00+00:00,0.914840967
2019-04-07 19:00:00+00:00,0.915032063
2019-04-07 20:00:00+00:00,0.915227768
2019-04-07 21:00:00+00:00,0.915424164
2019-04-07 22:00:00+00:00,0.915622928
2019-04-07 23:00:00+00:00,0.915822342
2019-04-08 00:00:00+00:00,0.916022348
2019-04-08 01:00:00+00:00,0.916222237
2019-04-08 02:00:00+00:00,0.916422058
2019-04-08 03:00:00+00:00,0.916620736
2019-04-08 04:00:00+00:00,0.916818648
2019-04-08 05:00:00+00:00,0.917010612
2019-04-08 06:00:00+00:00,0.917199001
2019-04-08 07:00:00+00:00,0.917386521
2019-04-08 08:00:00+00:00,0.917573394
2019-04-08 09:00:00+00:00,0.917765564
2019-04-08 10:00:00+00:00,0.917958164
2019-04-08 11:00:00+00:00,0.91815311
2019-04-08 12:00:00+00:00,0.918348739
2019-04-08 13:00:00+00:00,0.918546518
2019-04-08 14:00:00+00:00,0.918744786
2019-04-08 15:00:00+00:00,0.918943052
2019-04-08 16:00:00+00:00,0.919140977
2019-04-08 17:00:00+00:00,0.9193372
2019-04-08 18:00:00+00:00,0.919532491
2019-04-08 19:00:00+00:00,0.919726477
2019-04-08 20:00:00+00:00,0.919921672
2019-04-08 21:00:00+00:00,0.920118663
2019-04-08 22:00:00+00:00,0.92031811
2019-04-08 23:00:00+00:00,0.920518764
2019-04-09 00:00:00+00:00,0.920719283
2019-04-09 01:00:00+00:00,0.920919409
2019-04-09 02:00:00+00:00,0.921119343
2019-04-09 03:00:00+00:00,0.921317806
2019-04-09 04:00:00+00:00,0.921514821
2019-04-09 05:00:00+00:00,0.921707525
2019-04-09 06:00:00+00:00,0.921898456
2019-04-09 07:00:00+00:00,0.92208794
2019-04-09 08:00:00+00:00,0.922278887
2019-04-09 09:00:00+00:00,0.922470264
2019-04-09 10:00:00+00:00,0.922662172
2019-04-09 11:00:00+00:00,0.922852624
2019-04-09 12:00:00+00:00,0.923039645
2019-04-09 13:00:00+00:00,0.923228786
2019-04-09 14:00:00+00:00,0.923423035
2019-04-09 15:00:00+00:00,0.923617995
2019-04-09 16:00:00+00:00,0.923813472
2019-04-09 17:00:00+00:00,0.924006906
2019-04-09 18:00:00+00:00,0.924194699
2019-04-09 19:00:00+00:00,0.924378677
2019-04-09 20:00:00+00:00,0.924570234
2019-04-09 21:00:00+00:00,0.924759507
2019-04-09 22:00:00+00:00,0.924954697
2019-04-09 23:00:00+00:00,0.92515092
2019-04-10 00:00:00+00:00,0.925347629
2019-04-10 01:00:00+00:00,0.925544836
2019-04-10 02:00:00+00:00,0.925741599
2019-04-10 03:00:00+00:00,0.925938017
2019-04-10 04:00:00+00:00,0.926133882
2019-04-10 05:00:00+00:00,0.926321882
2019-04-10 06:00:00+00:00,0.926509808
2019-04-10 07:00:00+00:00,0.926694883
2019-04-10 08:00:00+00:00,0.926878586
2019-04-10 09:00:00+00:00,0.927063262
2019-04-10 10:00:00+00:00,0.927247927
2019-04-10 11:00:00+00:00,0.92743322
2019-04-10 12:00:00+00:00,0.927624753
2019-04-10 13:00:00+00:00,0.927817012
2019-04-10 14:00:00+00:00,0.928009856
2019-04-10 15:00:00+00:00,0.928202651
2019-04-10 16:00:00+00:00,0.928394382
2019-04-10 17:00:00+00:00,0.928585478
2019-04-10 18:00:00+00:00,0.928769646
2019-04-10 19:00:00+00:00,0.928952728
2019-04-10 20:00:00+00:00,0.929134222
2019-04-10 21:00:00+00:00,0.929317584
2019-04-10 22:00:00+00:00,0.92951041
2019-04-10 23:00:00+00:00,0.929704275
2019-04-11 00:00:00+00:00,0.929898637
2019-04-11 01:00:00+00:00,0.930092952
2019-04-11 02:00:00+00:00,0.930287196
2019-04-11 03:00:00+00:00,0.930481316
2019-04-11 04:00:00+00:00,0.930670593
2019-04-11 05:00:00+00:00,0.930854963
2019-04-11 06:00:00+00:00,0.931037587
2019-04-11 07:00:00+00:00,0.93122041
2019-04-11 08:00:00+00:00,0.9314042
2019-04-11 09:00:00+00:00,0.931595234
2019-04-11 10:00:00+00:00,0.931786879
2019-04-11 11:00:00+00:00,0.931976545
2019-04-11 12:00:00+00:00,0.932168793
2019-04-11 13:00:00+00:00,0.932360922
2019-04-11 14:00:00+00:00,0.932554595
2019-04-11 15:00:00+00:00,0.932748241
2019-04-11 16:00:00+00:00,0.932942022
2019-04-11 17:00:00+00:00,0.933132749
2019-04-11 18:00:00+00:00,0.933320031
2019-04-11 19:00:00+00:00,0.933503143
2019-04-11 20:00:00+00:00,0.933690582
2019-04-11 21:00:00+00:00,0.933878829
2019-04-11 22:00:00+00:00,0.934064932
2019-04-11 23:00:00+00:00,0.934258906
2019-04-12 00:00:00+00:00,0.934453555
2019-04-12 01:00:00+00:00,0.934648466
2019-04-12 02:00:00+00:00,0.934843759
2019-04-12 03:00:00+00:00,0.935038879
2019-04-12 04:00:00+00:00,0.935226116
2019-04-12 05:00:00+00:00,0.935410822
2019-04-12 06:00:00+00:00,0.935594795
2019-04-12 07:00:00+00:00,0.935778186
2019-04-12 08:00:00+00:00,0.935964271
2019-04-12 09:00:00+00:00,0.936148921
2019-04-12 10:00:00+00:00,0.936333455
2019-04-12 11:00:00+00:00,0.936523618
2019-04-12 12:00:00+00:00,0.936716937
2019-04-12 13:00:00+00:00,0.936910459
2019-04-12 14:00:00+00:00,0.937104436
2019-04-12 15:00:00+00:00,0.937297911
2019-04-12 16:00:00+00:00,0.937484776
2019-04-12 17:00:00+00:00,0.937675747
2019-04-12 18:00:00+00:00,0.937703064
2019-04-12 19:00:00+00:00,0.937886738
2019-04-12 20:00:00+00:00,0.937907265
2019-04-12 21:00:00+00:00,0.93792829
2019-04-12 22:00:00+00:00,0.937952691
2019-04-12 23:00:00+00:00,0.937984621
2019-04-13 00:00:00+00:00,0.938017506
2019-04-13 01:00:00+00:00,0.938051377
2019-04-13 02:00:00+00:00,0.938085992
2019-04-13 03:00:00+00:00,0.938120594
2019-04-13 04:00:00+00:00,0.938155266
2019-04-13 05:00:00+00:00,0.93819001
2019-04-13 06:00:00+00:00,0.938223818
2019-04-13 07:00:00+00:00,0.938418986
2019-04-13 08:00:00+00:00,0.93861404
2019-04-13 09:00:00+00:00,0.938809397
2019-04-13 10:00:00+00:00,0.939004719
2019-04-13 11:00:00+00:00,0.93919997
2019-04-13 12:00:00+00:00,0.939396258
2019-04-13 13:00:00+00:00,0.939593547
2019-04-13 14:00:00+00:00,0.939791183
2019-04-13 15:00:00+00:00,0.939989111
2019-04-13 16:00:00+00:00,0.940186764
2019-04-13 17:00:00+00:00,0.940383166
2019-04-13 18:00:00+00:00,0.940577523
2019-04-13 19:00:00+00:00,0.94076528
2019-04-13 20:00:00+00:00,0.940955031
2019-04-13 21:00:00+00:00,0.94115059
2019-04-13 22:00:00+00:00,0.941347968
2019-04-13 23:00:00+00:00,0.941546795
2019-04-14 00:00:00+00:00,0.941746662
2019-04-14 01:00:00+00:00,0.941947174
2019-04-14 02:00:00+00:00,0.942147639
2019-04-14 03:00:00+00:00,0.9423483
2019-04-14 04:00:00+00:00,0.942548896
2019-04-14 05:00:00+00:00,0.942749161
2019-04-14 06:00:00+00:00,0.942949303
2019-04-14 07:00:00+00:00,0.943147206
2019-04-14 08:00:00+00:00,0.943344929
2019-04-14 09:00:00+00:00,0.943542369
2019-04-14 10:00:00+00:00,0.943738941
2019-04-14 11:00:00+00:00,0.943936814
2019-04-14 12:00:00+00:00,0.944136028
2019-04-14 13:00:00+00:00,0.944335643
2019-04-14 14:00:00+00:00,0.944535282
2019-04-14 15:00:00+00:00,0.944734675
2019-04-14 16:00:00+00:00,0.944933486
2019-04-14 17:00:00+00:00,0.945130378
2019-04-14 18:00:00+00:00,0.945161977
2019-04-14 19:00:00+00:00,0.94534888
2019-04-14 20:00:00+00:00,0.945536364
2019-04-14 21:00:00+00:00,0.945731675
2019-04-14 22:00:00+00:00,0.945927878
2019-04-14 23:00:00+00:00,0.945961158
2019-04-15 00:00:00+00:00,0.945994418
2019-04-15 01:00:00+00:00,0.946028149
2019-04-15 02:00:00+00:00,0.946063312
2019-04-15 03:00:00+00:00,0.946098696
2019-04-15 04:00:00+00:00,0.946133043
2019-04-15 05:00:00+00:00,0.946164721
2019-04-15 06:00:00+00:00,0.946188039
2019-04-15 07:00:00+00:00,0.946380125
2019-04-15 08:00:00+00:00,0.946566094
2019-04-15 09:00:00+00:00,0.946760167
2019-04-15 10:00:00+00:00,0.946954615
2019-04-15 11:00:00+00:00,0.947148519
2019-04-15 12:00:00+00:00,0.947342859
2019-04-15 13:00:00+00:00,0.947536947
2019-04-15 14:00:00+00:00,0.947731182
2019-04-15 15:00:00+00:00,0.947925437
2019-04-15 16:00:00+00:00,0.948119149
2019-04-15 17:00:00+00:00,0.948311821
2019-04-15 18:00:00+00:00,0.948494978
2019-04-15 19:00:00+00:00,0.948676576
2019-04-15 20:00:00+00:00,0.948858166
2019-04-15 21:00:00+00:00,0.9490406
2019-04-15 22:00:00+00:00,0.949226949
2019-04-15 23:00:00+00:00,0.949418264
2019-04-16 00:00:00+00:00,0.949610251
2019-04-16 01:00:00+00:00,0.949802191
2019-04-16 02:00:00+00:00,0.949993414
2019-04-16 03:00:00+00:00,0.950184336
2019-04-16 04:00:00+00:00,0.950368406
2019-04-16 05:00:00+00:00,0.95055462
2019-04-16 06:00:00+00:00,0.950739389
2019-04-16 07:00:00+00:00,0.950917448
2019-04-16 08:00:00+00:00,0.951096072
2019-04-16 09:00:00+00:00,0.951275181
2019-04-16 10:00:00+00:00,0.951454467
2019-04-16 11:00:00+00:00,0.951635629
2019-04-16 12:00:00+00:00,0.951817399
2019-04-16 13:00:00+00:00,0.952000562
2019-04-16 14:00:00+00:00,0.952189076
2019-04-16 15:00:00+00:00,0.952379787
2019-04-16 16:00:00+00:00,0.952568358
2019-04-16 17:00:00+00:00,0.952757836
2019-04-16 18:00:00+00:00,0.952942444
2019-04-16 19:00:00+00:00,0.953125884
2019-04-16 20:00:00+00:00,0.95331053
2019-04-16 21:00:00+00:00,0.953500702
2019-04-16 22:00:00+00:00,0.953692662
2019-04-16 23:00:00+00:00,0.953887467
2019-04-17 00:00:00+00:00,0.954083119
2019-04-17 01:00:00+00:00,0.954279452
2019-04-17 02:00:00+00:00,0.954475949
2019-04-17 03:00:00+00:00,0.954671957
2019-04-17 04:00:00+00:00,0.954861007
2019-04-17 05:00:00+00:00,0.955049448
2019-04-17 06:00:00+00:00,0.955236555
2019-04-17 07:00:00+00:00,0.955423183
2019-04-17 08:00:00+00:00,0.95561025
2019-04-17 09:00:00+00:00,0.955798354
2019-04-17 10:00:00+00:00,0.955986748
2019-04-17 11:00:00+00:00,0.956175121
2019-04-17 12:00:00+00:00,0.956370813
2019-04-17 13:00:00+00:00,0.956567011
2019-04-17 14:00:00+00:00,0.956763766
2019-04-17 15:00:00+00:00,0.956960544
2019-04-17 16:00:00+00:00,0.957150657
2019-04-17 17:00:00+00:00,0.957339831
2019-04-17 18:00:00+00:00,0.957525934
2019-04-17 19:00:00+00:00,0.957710163
2019-04-17 20:00:00+00:00,0.957894037
2019-04-17 21:00:00+00:00,0.958078736
2019-04-17 22:00:00+00:00,0.958272157
2019-04-17 23:00:00+00:00,0.958466092
2019-04-18 00:00:00+00:00,0.95866066
2019-04-18 01:00:00+00:00,0.958855163
2019-04-18 02:00:00+00:00,0.959048834
2019-04-18 03:00:00+00:00,0.959242543
2019-04-18 04:00:00+00:00,0.959436234
2019-04-18 05:00:00+00:00,0.959628436
2019-04-18 06:00:00+00:00,0.959819432
2019-04-18 07:00:00+00:00,0.960010429
2019-04-18 08:00:00+00:00,0.960199999
2019-04-18 09:00:00+00:00,0.960389105
2019-04-18 10:00:00+00:00,0.960578647
2019-04-18 11:00:00+00:00,0.960769207
2019-04-18 12:00:00+00:00,0.96096075
2019-04-18 13:00:00+00:00,0.961152967
2019-04-18 14:00:00+00:00,0.961345769
2019-04-18 15:00:00+00:00,0.961539969
2019-04-18 16:00:00+00:00,0.961734091
2019-04-18 17:00:00+00:00,0.961927636
2019-04-18 18:00:00+00:00,0.962119828
2019-04-18 19:00:00+00:00,0.962310536
2019-04-18 20:00:00+00:00,0.962501083
2019-04-18 21:00:00+00:00,0.962692899
2019-04-18 22:00:00+00:00,0.962884461
2019-04-18 23:00:00+00:00,0.96307688
2019-04-19 00:00:00+00:00,0.963270091
2019-04-19 01:00:00+00:00,0.963463095
2019-04-19 02:00:00+00:00,0.963656384
2019-04-19 03:00:00+00:00,0.963850312
2019-04-19 04:00:00+00:00,0.964042759
2019-04-19 05:00:00+00:00,0.964234357
2019-04-19 06:00:00+00:00,0.964425347
2019-04-19 07:00:00+00:00,0.964615731
2019-04-19 08:00:00+00:00,0.964806065
2019-04-19 09:00:00+00:00,0.964996378
2019-04-19 10:00:00+00:00,0.965186705
2019-04-19 11:00:00+00:00,0.965377602
2019-04-19 12:00:00+00:00,0.965569538
2019-04-19 13:00:00+00:00,0.965762045
2019-04-19 14:00:00+00:00,0.965956051
2019-04-19 15:00:00+00:00,0.966149989
2019-04-19 16:00:00+00:00,0.966343486
2019-04-19 17:00:00+00:00,0.966536916
2019-04-19 18:00:00+00:00,0.966728792
2019-04-19 19:00:00+00:00,0.966919593
2019-04-19 20:00:00+00:00,0.967110588
2019-04-19 21:00:00+00:00,0.967302702
2019-04-19 22:00:00+00:00,0.967496332
2019-04-19 23:00:00+00:00,0.96769094
2019-04-20 00:00:00+00:00,0.96788604
2019-04-20 01:00:00+00:00,0.968081247
2019-04-20 02:00:00+00:00,0.968276595
2019-04-20 03:00:00+00:00,0.96847241
2019-04-20 04:00:00+00:00,0.968666846
2019-04-20 05:00:00+00:00,0.968860503
2019-04-20 06:00:00+00:00,0.969053179
2019-04-20 07:00:00+00:00,0.96924553
2019-04-20 08:00:00+00:00,0.969437994
2019-04-20 09:00:00+00:00,0.969630629
2019-04-20 10:00:00+00:00,0.969823246
2019-04-20 11:00:00+00:00,0.970015739
2019-04-20 12:00:00+00:00,0.970208738
2019-04-20 13:00:00+00:00,0.970402415
2019-04-20 14:00:00+00:00,0.970596791
2019-04-20 15:00:00+00:00,0.970791658
2019-04-20 16:00:00+00:00,0.970986914
2019-04-20 17:00:00+00:00,0.971182775
2019-04-20 18:00:00+00:00,0.971376467
2019-04-20 19:00:00+00:00,0.97156936
2019-04-20 20:00:00+00:00,0.971762155
2019-04-20 21:00:00+00:00,0.971955823
2019-04-20 22:00:00+00:00,0.972150851
2019-04-20 23:00:00+00:00,0.972346173
2019-04-21 00:00:00+00:00,0.972541619
2019-04-21 01:00:00+00:00,0.972736797
2019-04-21 02:00:00+00:00,0.972931877
2019-04-21 03:00:00+00:00,0.973126893
2019-04-21 04:00:00+00:00,0.973320891
2019-04-21 05:00:00+00:00,0.973514912
2019-04-21 06:00:00+00:00,0.973708476
2019-04-21 07:00:00+00:00,0.973901464
2019-04-21 08:00:00+00:00,0.97409386
2019-04-21 09:00:00+00:00,0.974286648
2019-04-21 10:00:00+00:00,0.974478854
2019-04-21 11:00:00+00:00,0.974671032
2019-04-21 12:00:00+00:00,0.974864396
2019-04-21 13:00:00+00:00,0.975058712
2019-04-21 14:00:00+00:00,0.975254481
2019-04-21 15:00:00+00:00,0.97545063
2019-04-21 16:00:00+00:00,0.975645979
2019-04-21 17:00:00+00:00,0.975558552
2019-04-21 18:00:00+00:00,0.975221951
2019-04-21 19:00:00+00:00,0.97482236
2019-04-21 20:00:00+00:00,0.974468677
2019-04-21 21:00:00+00:00,0.974131665
2019-04-21 22:00:00+00:00,0.973864629
2019-04-21 23:00:00+00:00,0.973532369
2019-04-22 00:00:00+00:00,0.973198841
2019-04-22 01:00:00+00:00,0.972864811
2019-04-22 02:00:00+00:00,0.972513089
2019-04-22 03:00:00+00:00,0.972126557
2019-04-22 04:00:00+00:00,0.971692995
2019-04-22 05:00:00+00:00,0.971886647
2019-04-22 06:00:00+00:00,0.971432092
2019-04-22 07:00:00+00:00,0.970988583
2019-04-22 08:00:00+00:00,0.971180955
2019-04-22 09:00:00+00:00,0.971373559
2019-04-22 10:00:00+00:00,0.971566084
2019-04-22 11:00:00+00:00,0.97175903
2019-04-22 12:00:00+00:00,0.971952104
2019-04-22 13:00:00+00:00,0.972146766
2019-04-22 14:00:00+00:00,0.97234249
2019-04-22 15:00:00+00:00,0.972538752
2019-04-22 16:00:00+00:00,0.972735626
2019-04-22 17:00:00+00:00,0.972932157
2019-04-22 18:00:00+00:00,0.973126842
2019-04-22 19:00:00+00:00,0.973321627
2019-04-22 20:00:00+00:00,0.973516712
2019-04-22 21:00:00+00:00,0.97371394
2019-04-22 22:00:00+00:00,0.973911914
2019-04-22 23:00:00+00:00,0.9741101
2019-04-23 00:00:00+00:00,0.974308851
2019-04-23 01:00:00+00:00,0.9745072
2019-04-23 02:00:00+00:00,0.974705758
2019-04-23 03:00:00+00:00,0.97490423
2019-04-23 04:00:00+00:00,0.975100838
2019-04-23 05:00:00+00:00,0.97528698
2019-04-23 06:00:00+00:00,0.975476014
2019-04-23 07:00:00+00:00,0.975659887
2019-04-23 08:00:00+00:00,0.97584325
2019-04-23 09:00:00+00:00,0.976027327
2019-04-23 10:00:00+00:00,0.976213549
2019-04-23 11:00:00+00:00,0.976395953
2019-04-23 12:00:00+00:00,0.976586211
2019-04-23 13:00:00+00:00,0.976777475
2019-04-23 14:00:00+00:00,0.976970331
2019-04-23 15:00:00+00:00,0.977163932
2019-04-23 16:00:00+00:00,0.977357915
2019-04-23 17:00:00+00:00,0.977552335
2019-04-23 18:00:00+00:00,0.977743937
2019-04-23 19:00:00+00:00,0.977927818
2019-04-23 20:00:00+00:00,0.978113641
2019-04-23 21:00:00+00:00,0.978305524
2019-04-23 22:00:00+00:00,0.978498747
2019-04-23 23:00:00+00:00,0.978693498
2019-04-24 00:00:00+00:00,0.978888486
2019-04-24 01:00:00+00:00,0.979083558
2019-04-24 02:00:00+00:00,0.979278741
2019-04-24 03:00:00+00:00,0.97947241
2019-04-24 04:00:00+00:00,0.979665182
2019-04-24 05:00:00+00:00,0.979855732
2019-04-24 06:00:00+00:00,0.980043258
2019-04-24 07:00:00+00:00,0.980229423
2019-04-24 08:00:00+00:00,0.980416126
2019-04-24 09:00:00+00:00,0.980603714
2019-04-24 10:00:00+00:00,0.980791697
2019-04-24 11:00:00+00:00,0.980982382
2019-04-24 12:00:00+00:00,0.981173798
2019-04-24 13:00:00+00:00,0.981364877
2019-04-24 14:00:00+00:00,0.981555558
2019-04-24 15:00:00+00:00,0.981746944
2019-04-24 16:00:00+00:00,0.981937461
2019-04-24 17:00:00+00:00,0.982127105
2019-04-24 18:00:00+00:00,0.982314607
2019-04-24 19:00:00+00:00,0.982501702
2019-04-24 20:00:00+00:00,0.982689415
2019-04-24 21:00:00+00:00,0.982878752
2019-04-24 22:00:00+00:00,0.983068659
2019-04-24 23:00:00+00:00,0.983258993
2019-04-25 00:00:00+00:00,0.9834503
2019-04-25 01:00:00+00:00,0.983640308
2019-04-25 02:00:00+00:00,0.983830023
2019-04-25 03:00:00+00:00,0.984018126
2019-04-25 04:00:00+00:00,0.984205147
2019-04-25 05:00:00+00:00,0.984391532
2019-04-25 06:00:00+00:00,0.984576014
2019-04-25 07:00:00+00:00,0.984759133
2019-04-25 08:00:00+00:00,0.984941217
2019-04-25 09:00:00+00:00,0.98512352
2019-04-25 10:00:00+00:00,0.985306042
2019-04-25 11:00:00+00:00,0.985488856
2019-04-25 12:00:00+00:00,0.985671871
2019-04-25 13:00:00+00:00,0.985855162
2019-04-25 14:00:00+00:00,0.986037385
2019-04-25 15:00:00+00:00,0.986219884
2019-04-25 16:00:00+00:00,0.986400863
2019-04-25 17:00:00+00:00,0.986579264
2019-04-25 18:00:00+00:00,0.986756208
2019-04-25 19:00:00+00:00,0.986932292
2019-04-25 20:00:00+00:00,0.98710806
2019-04-25 21:00:00+00:00,0.987285464
2019-04-25 22:00:00+00:00,0.987467071
2019-04-25 23:00:00+00:00,0.987648926
2019-04-26 00:00:00+00:00,0.987830802
2019-04-26 01:00:00+00:00,0.98801284
2019-04-26 02:00:00+00:00,0.988195125
2019-04-26 03:00:00+00:00,0.988377072
2019-04-26 04:00:00+00:00,0.98855804
2019-04-26 05:00:00+00:00,0.988734263
2019-04-26 06:00:00+00:00,0.988906609
2019-04-26 07:00:00+00:00,0.98907725
2019-04-26 08:00:00+00:00,0.989248704
2019-04-26 09:00:00+00:00,0.989419107
2019-04-26 10:00:00+00:00,0.989588896
2019-04-26 11:00:00+00:00,0.989758851
2019-04-26 12:00:00+00:00,0.989929024
2019-04-26 13:00:00+00:00,0.990100387
2019-04-26 14:00:00+00:00,0.990272459
2019-04-26 15:00:00+00:00,0.990445051
2019-04-26 16:00:00+00:00,0.990624005
2019-04-26 17:00:00+00:00,0.990801399
2019-04-26 18:00:00+00:00,0.990977354
2019-04-26 19:00:00+00:00,0.991147294
2019-04-26 20:00:00+00:00,0.99131895
2019-04-26 21:00:00+00:00,0.991493051
2019-04-26 22:00:00+00:00,0.991667868
2019-04-26 23:00:00+00:00,0.991843182
2019-04-27 00:00:00+00:00,0.992026719
2019-04-27 01:00:00+00:00,0.992210999
2019-04-27 02:00:00+00:00,0.992394666
2019-04-27 03:00:00+00:00,0.992578216
2019-04-27 04:00:00+00:00,0.992761858
2019-04-27 05:00:00+00:00,0.992945178
2019-04-27 06:00:00+00:00,0.993121678
2019-04-27 07:00:00+00:00,0.993294318
2019-04-27 08:00:00+00:00,0.993467374
2019-04-27 09:00:00+00:00,0.993640809
2019-04-27 10:00:00+00:00,0.993814299
2019-04-27 11:00:00+00:00,0.993988327
2019-04-27 12:00:00+00:00,0.994163541
2019-04-27 13:00:00+00:00,0.994346028
2019-04-27 14:00:00+00:00,0.994530612
2019-04-27 15:00:00+00:00,0.994716686
2019-04-27 16:00:00+00:00,0.994902615
2019-04-27 17:00:00+00:00,0.995087619
2019-04-27 18:00:00+00:00,0.995268901
2019-04-27 19:00:00+00:00,0.995449987
2019-04-27 20:00:00+00:00,0.995628389
2019-04-27 21:00:00+00:00,0.995809941
2019-04-27 22:00:00+00:00,0.995994038
2019-04-27 23:00:00+00:00,0.996179466
2019-04-28 00:00:00+00:00,0.996365481
2019-04-28 01:00:00+00:00,0.996552412
2019-04-28 02:00:00+00:00,0.996739745
2019-04-28 03:00:00+00:00,0.996927083
2019-04-28 04:00:00+00:00,0.997113034
2019-04-28 05:00:00+00:00,0.997298449
2019-04-28 06:00:00+00:00,0.997483333
2019-04-28 07:00:00+00:00,0.997668296
2019-04-28 08:00:00+00:00,0.997853158
2019-04-28 09:00:00+00:00,0.998036565
2019-04-28 10:00:00+00:00,0.99821917
2019-04-28 11:00:00+00:00,0.998401663
2019-04-28 12:00:00+00:00,0.998585215
2019-04-28 13:00:00+00:00,0.998771138
2019-04-28 14:00:00+00:00,0.998957412
2019-04-28 15:00:00+00:00,0.999143566
2019-04-28 16:00:00+00:00,0.999329895
2019-04-28 17:00:00+00:00,0.99951612
2019-04-28 18:00:00+00:00,0.999700474
2019-04-28 19:00:00+00:00,0.999882664
2019-04-28 20:00:00+00:00,0.999882664
2019-04-28 21:00:00+00:00,0.999882664
2019-04-28 22:00:00+00:00,0.999882664
2019-04-28 23:00:00+00:00,0.999882664
2019-04-29 00:00:00+00:00,0.999882664
2019-04-29 01:00:00+00:00,0.999882664
2019-04-29 02:00:00+00:00,0.999882664
2019-04-29 03:00:00+00:00,0.999882664
2019-04-29 04:00:00+00:00,0.999882664
2019-04-29 05:00:00+00:00,0.999882664
2019-04-29 06:00:00+00:00,0.999882664
2019-04-29 07:00:00+00:00,0.999882664
2019-04-29 08:00:00+00:00,0.999882664
2019-04-29 09:00:00+00:00,0.999882664
2019-04-29 10:00:00+00:00,0.999882664
2019-04-29 11:00:00+00:00,0.999882664
2019-04-29 12:00:00+00:00,0.999882664
2019-04-29 13:00:00+00:00,0.999882664
2019-04-29 14:00:00+00:00,0.999882664
2019-04-29 15:00:00+00:00,0.999882664
2019-04-29 16:00:00+00:00,0.999882664
2019-04-29 17:00:00+00:00,0.999905781
2019-04-29 18:00:00+00:00,0.999905781
2019-04-29 19:00:00+00:00,0.999905781
2019-04-29 20:00:00+00:00,0.999905781
2019-04-29 21:00:00+00:00,0.999905781
2019-04-29 22:00:00+00:00,0.999905781
2019-04-29 23:00:00+00:00,0.999905781
2019-04-30 00:00:00+00:00,0.999929749
2019-04-30 01:00:00+00:00,0.999953903
2019-04-30 02:00:00+00:00,0.999566558
2019-04-30 03:00:00+00:00,0.999177164
2019-04-30 04:00:00+00:00,0.998787314
2019-04-30 05:00:00+00:00,0.998370408
2019-04-30 06:00:00+00:00,0.997928985
2019-04-30 07:00:00+00:00,0.998106906
2019-04-30 08:00:00+00:00,0.998285549
2019-04-30 09:00:00+00:00,0.998464603
2019-04-30 10:00:00+00:00,0.998643863
2019-04-30 11:00:00+00:00,0.998823509
2019-04-30 12:00:00+00:00,0.999003368
2019-04-30 13:00:00+00:00,0.99918291
2019-04-30 14:00:00+00:00,0.999363004
2019-04-30 15:00:00+00:00,0.999543796
2019-04-30 16:00:00+00:00,0.99972988
2019-04-30 17:00:00+00:00,0.999915204
2019-04-30 18:00:00+00:00,0.999915204
2019-04-30 19:00:00+00:00,0.999915204
2019-04-30 20:00:00+00:00,0.999915204
2019-04-30 21:00:00+00:00,0.999915204
2019-04-30 22:00:00+00:00,0.999915204
2019-04-30 23:00:00+00:00,0.999915204
2019-05-01 00:00:00+00:00,0.999915204
2019-05-01 01:00:00+00:00,0.999915204
2019-05-01 02:00:00+00:00,0.999915204
2019-05-01 03:00:00+00:00,0.999915204
2019-05-01 04:00:00+00:00,0.999915204
2019-05-01 05:00:00+00:00,0.999915204
2019-05-01 06:00:00+00:00,0.999915204
2019-05-01 07:00:00+00:00,0.999915204
2019-05-01 08:00:00+00:00,0.999915204
2019-05-01 09:00:00+00:00,0.999915204
2019-05-01 10:00:00+00:00,0.999915204
2019-05-01 11:00:00+00:00,0.999915204
2019-05-01 12:00:00+00:00,0.999915204
2019-05-01 13:00:00+00:00,0.999915204
2019-05-01 14:00:00+00:00,0.999915204
2019-05-01 15:00:00+00:00,0.999915204
2019-05-01 16:00:00+00:00,0.999915204
2019-05-01 17:00:00+00:00,0.999915204
2019-05-01 18:00:00+00:00,0.999915204
2019-05-01 19:00:00+00:00,0.999915204
2019-05-01 20:00:00+00:00,0.999915204
2019-05-01 21:00:00+00:00,0.999915204
2019-05-01 22:00:00+00:00,0.999915204
2019-05-01 23:00:00+00:00,0.999915204
2019-05-02 00:00:00+00:00,0.999915204
2019-05-02 01:00:00+00:00,0.999915204
2019-05-02 02:00:00+00:00,0.999915204
2019-05-02 03:00:00+00:00,0.999915204
2019-05-02 04:00:00+00:00,0.999915204
2019-05-02 05:00:00+00:00,0.999915204
2019-05-02 06:00:00+00:00,0.999915204
2019-05-02 07:00:00+00:00,0.999915204
2019-05-02 08:00:00+00:00,0.999915204
2019-05-02 09:00:00+00:00,0.999915204
2019-05-02 10:00:00+00:00,0.999915204
2019-05-02 11:00:00+00:00,0.999915204
2019-05-02 12:00:00+00:00,0.999915204
2019-05-02 13:00:00+00:00,0.999915204
2019-05-02 14:00:00+00:00,0.999915204
2019-05-02 15:00:00+00:00,0.999915204
2019-05-02 16:00:00+00:00,0.999915204
2019-05-02 17:00:00+00:00,0.999915204
2019-05-02 18:00:00+00:00,0.999915204
2019-05-02 19:00:00+00:00,0.999915204
2019-05-02 20:00:00+00:00,0.999915204
2019-05-02 21:00:00+00:00,0.999915204
2019-05-02 22:00:00+00:00,0.999915204
2019-05-02 23:00:00+00:00,0.999915204
2019-05-03 00:00:00+00:00,0.999915204
2019-05-03 01:00:00+00:00,0.999915204
2019-05-03 02:00:00+00:00,0.999915204
2019-05-03 03:00:00+00:00,0.999915204
2019-05-03 04:00:00+00:00,0.999915204
2019-05-03 05:00:00+00:00,0.999915204
2019-05-03 06:00:00+00:00,0.999915204
2019-05-03 07:00:00+00:00,0.999915204
2019-05-03 08:00:00+00:00,0.999915204
2019-05-03 09:00:00+00:00,0.999915204
2019-05-03 10:00:00+00:00,0.999915204
2019-05-03 11:00:00+00:00,0.999915204
2019-05-03 12:00:00+00:00,0.999915204
2019-05-03 13:00:00+00:00,0.999915204
2019-05-03 14:00:00+00:00,0.999915204
2019-05-03 15:00:00+00:00,0.999915204
2019-05-03 16:00:00+00:00,0.999915204
2019-05-03 17:00:00+00:00,0.999915204
2019-05-03 18:00:00+00:00,0.999915204
2019-05-03 19:00:00+00:00,0.999915204
2019-05-03 20:00:00+00:00,0.999915204
2019-05-03 21:00:00+00:00,0.999915204
2019-05-03 22:00:00+00:00,0.999915204
2019-05-03 23:00:00+00:00,0.999915204
2019-05-04 00:00:00+00:00,0.999915204
2019-05-04 01:00:00+00:00,0.999915204
2019-05-04 02:00:00+00:00,0.999915204
2019-05-04 03:00:00+00:00,0.999915204
2019-05-04 04:00:00+00:00,0.999915204
2019-05-04 05:00:00+00:00,0.999915204
2019-05-04 06:00:00+00:00,0.999915204
2019-05-04 07:00:00+00:00,0.999915204
2019-05-04 08:00:00+00:00,0.999915204
2019-05-04 09:00:00+00:00,0.999915204
2019-05-04 10:00:00+00:00,0.999915204
2019-05-04 11:00:00+00:00,0.999915204
2019-05-04 12:00:00+00:00,0.999915204
2019-05-04 13:00:00+00:00,0.999915204
2019-05-04 14:00:00+00:00,0.999915204
2019-05-04 15:00:00+00:00,0.999915204
2019-05-04 16:00:00+00:00,0.999915204
2019-05-04 17:00:00+00:00,0.999915204
2019-05-04 18:00:00+00:00,0.999915204
2019-05-04 19:00:00+00:00,0.999915204
2019-05-04 20:00:00+00:00,0.999915204
2019-05-04 21:00:00+00:00,0.999915204
2019-05-04 22:00:00+00:00,0.999915204
2019-05-04 23:00:00+00:00,0.999915204
2019-05-05 00:00:00+00:00,0.999915204
2019-05-05 01:00:00+00:00,0.999915204
2019-05-05 02:00:00+00:00,0.999915204
2019-05-05 03:00:00+00:00,0.999915204
2019-05-05 04:00:00+00:00,0.999915204
2019-05-05 05:00:00+00:00,0.999915204
2019-05-05 06:00:00+00:00,0.999915204
2019-05-05 07:00:00+00:00,0.999915204
2019-05-05 08:00:00+00:00,0.999915204
2019-05-05 09:00:00+00:00,0.999915204
2019-05-05 10:00:00+00:00,0.999915204
2019-05-05 11:00:00+00:00,0.999915204
2019-05-05 12:00:00+00:00,0.999915204
2019-05-05 13:00:00+00:00,0.999915204
2019-05-05 14:00:00+00:00,0.999915204
2019-05-05 15:00:00+00:00,0.999915204
2019-05-05 16:00:00+00:00,0.999915204
2019-05-05 17:00:00+00:00,0.999915204
2019-05-05 18:00:00+00:00,0.999915204
2019-05-05 19:00:00+00:00,0.999910627
2019-05-05 20:00:00+00:00,0.999906204
2019-05-05 21:00:00+00:00,0.999902614
2019-05-05 22:00:00+00:00,0.999905965
2019-05-05 23:00:00+00:00,0.999913966
2019-05-06 00:00:00+00:00,0.999921745
2019-05-06 01:00:00+00:00,0.999930191
2019-05-06 02:00:00+00:00,0.999938971
2019-05-06 03:00:00+00:00,0.999947746
2019-05-06 04:00:00+00:00,0.999947746
2019-05-06 05:00:00+00:00,0.999947746
2019-05-06 06:00:00+00:00,0.999944961
2019-05-06 07:00:00+00:00,0.999944961
2019-05-06 08:00:00+00:00,0.999944961
2019-05-06 09:00:00+00:00,0.999944961
2019-05-06 10:00:00+00:00,0.999944961
2019-05-06 11:00:00+00:00,0.999944961
2019-05-06 12:00:00+00:00,0.999944961
2019-05-06 13:00:00+00:00,0.999944961
2019-05-06 14:00:00+00:00,0.999944961
2019-05-06 15:00:00+00:00,0.999944961
2019-05-06 16:00:00+00:00,0.999944961
2019-05-06 17:00:00+00:00,0.999944961
2019-05-06 18:00:00+00:00,0.999943753
2019-05-06 19:00:00+00:00,0.999943753
2019-05-06 20:00:00+00:00,0.999943753
2019-05-06 21:00:00+00:00,0.999943753
2019-05-06 22:00:00+00:00,0.999945521
2019-05-06 23:00:00+00:00,0.999948859
2019-05-07 00:00:00+00:00,0.999952531
2019-05-07 01:00:00+00:00,0.999958089
2019-05-07 02:00:00+00:00,0.999964724
2019-05-07 03:00:00+00:00,0.999969031
2019-05-07 04:00:00+00:00,0.999919266
2019-05-07 05:00:00+00:00,0.999428104
2019-05-07 06:00:00+00:00,0.999097591
2019-05-07 07:00:00+00:00,0.999258624
2019-05-07 08:00:00+00:00,0.999419582
2019-05-07 09:00:00+00:00,0.999583069
2019-05-07 10:00:00+00:00,0.999745705
2019-05-07 11:00:00+00:00,0.999915926
2019-05-07 12:00:00+00:00,0.999915926
2019-05-07 13:00:00+00:00,0.999915926
2019-05-07 14:00:00+00:00,0.999915926
2019-05-07 15:00:00+00:00,0.999915926
2019-05-07 16:00:00+00:00,0.999915926
2019-05-07 17:00:00+00:00,0.999915926
2019-05-07 18:00:00+00:00,0.999915926
2019-05-07 19:00:00+00:00,0.999915926
2019-05-07 20:00:00+00:00,0.999915926
2019-05-07 21:00:00+00:00,0.999915926
2019-05-07 22:00:00+00:00,0.999915926
2019-05-07 23:00:00+00:00,0.999915926
2019-05-08 00:00:00+00:00,0.999915926
2019-05-08 01:00:00+00:00,0.999915926
2019-05-08 02:00:00+00:00,0.999915926
2019-05-08 03:00:00+00:00,0.999915926
2019-05-08 04:00:00+00:00,0.999915926
2019-05-08 05:00:00+00:00,0.999915926
2019-05-08 06:00:00+00:00,0.999915926
2019-05-08 07:00:00+00:00,0.999915926
2019-05-08 08:00:00+00:00,0.999915926
2019-05-08 09:00:00+00:00,0.999915926
2019-05-08 10:00:00+00:00,0.999915926
2019-05-08 11:00:00+00:00,0.999915926
2019-05-08 12:00:00+00:00,0.999915926
2019-05-08 13:00:00+00:00,0.999915926
2019-05-08 14:00:00+00:00,0.999915926
2019-05-08 15:00:00+00:00,0.999915926
2019-05-08 16:00:00+00:00,0.999915926
2019-05-08 17:00:00+00:00,0.999915926
2019-05-08 18:00:00+00:00,0.999915926
2019-05-08 19:00:00+00:00,0.999915926
2019-05-08 20:00:00+00:00,0.999915926
2019-05-08 21:00:00+00:00,0.999915926
2019-05-08 22:00:00+00:00,0.999915926
2019-05-08 23:00:00+00:00,0.999915926
2019-05-09 00:00:00+00:00,0.999915926
2019-05-09 01:00:00+00:00,0.999915926
2019-05-09 02:00:00+00:00,0.999915926
2019-05-09 03:00:00+00:00,0.999915926
2019-05-09 04:00:00+00:00,0.999915926
2019-05-09 05:00:00+00:00,0.999915926
2019-05-09 06:00:00+00:00,0.999915926
2019-05-09 07:00:00+00:00,0.999915926
2019-05-09 08:00:00+00:00,0.999915926
2019-05-09 09:00:00+00:00,0.999915926
2019-05-09 10:00:00+00:00,0.999915926
2019-05-09 11:00:00+00:00,0.999915926
2019-05-09 12:00:00+00:00,0.999915926
2019-05-09 13:00:00+00:00,0.999915926
2019-05-09 14:00:00+00:00,0.999915926
2019-05-09 15:00:00+00:00,0.999915926
2019-05-09 16:00:00+00:00,0.999915926
2019-05-09 17:00:00+00:00,0.999915926
2019-05-09 18:00:00+00:00,0.999915926
2019-05-09 19:00:00+00:00,0.999915926
2019-05-09 20:00:00+00:00,0.999915926
2019-05-09 21:00:00+00:00,0.999915926
2019-05-09 22:00:00+00:00,0.999915926
2019-05-09 23:00:00+00:00,0.999915926
2019-05-10 00:00:00+00:00,0.999915926
2019-05-10 01:00:00+00:00,0.999915926
2019-05-10 02:00:00+00:00,0.999915926
2019-05-10 03:00:00+00:00,0.999915926
2019-05-10 04:00:00+00:00,0.999915926
2019-05-10 05:00:00+00:00,0.999915926
2019-05-10 06:00:00+00:00,0.999915926
2019-05-10 07:00:00+00:00,0.999915926
2019-05-10 08:00:00+00:00,0.999915926
2019-05-10 09:00:00+00:00,0.999915926
2019-05-10 10:00:00+00:00,0.999915926
2019-05-10 11:00:00+00:00,0.999915926
2019-05-10 12:00:00+00:00,0.999915926
2019-05-10 13:00:00+00:00,0.999915926
2019-05-10 14:00:00+00:00,0.999915926
2019-05-10 15:00:00+00:00,0.999915926
2019-05-10 16:00:00+00:00,0.999915926
2019-05-10 17:00:00+00:00,0.999915926
2019-05-10 18:00:00+00:00,0.999915926
2019-05-10 19:00:00+00:00,0.999915926
2019-05-10 20:00:00+00:00,0.999915926
2019-05-10 21:00:00+00:00,0.999915926
2019-05-10 22:00:00+00:00,0.999915926
2019-05-10 23:00:00+00:00,0.999915926
2019-05-11 00:00:00+00:00,0.999915926
2019-05-11 01:00:00+00:00,0.999915926
2019-05-11 02:00:00+00:00,0.999915926
2019-05-11 03:00:00+00:00,0.999915926
2019-05-11 04:00:00+00:00,0.999915926
2019-05-11 05:00:00+00:00,0.999915926
2019-05-11 06:00:00+00:00,0.999915926
2019-05-11 07:00:00+00:00,0.999915926
2019-05-11 08:00:00+00:00,0.999915926
2019-05-11 09:00:00+00:00,0.999915926
2019-05-11 10:00:00+00:00,0.999915926
2019-05-11 11:00:00+00:00,0.999915926
2019-05-11 12:00:00+00:00,0.999915926
2019-05-11 13:00:00+00:00,0.999915926
2019-05-11 14:00:00+00:00,0.999915926
2019-05-11 15:00:00+00:00,0.999915926
2019-05-11 16:00:00+00:00,0.999915926
2019-05-11 17:00:00+00:00,0.999915926
2019-05-11 18:00:00+00:00,0.999915926
2019-05-11 19:00:00+00:00,0.999915926
2019-05-11 20:00:00+00:00,0.999915926
2019-05-11 21:00:00+00:00,0.999915926
2019-05-11 22:00:00+00:00,0.999915926
2019-05-11 23:00:00+00:00,0.999915926
2019-05-12 00:00:00+00:00,0.999915926
2019-05-12 01:00:00+00:00,0.999915926
2019-05-12 02:00:00+00:00,0.999915926
2019-05-12 03:00:00+00:00,0.999915926
2019-05-12 04:00:00+00:00,0.999915926
2019-05-12 05:00:00+00:00,0.999915926
2019-05-12 06:00:00+00:00,0.999915926
2019-05-12 07:00:00+00:00,0.999915926
2019-05-12 08:00:00+00:00,0.999915926
2019-05-12 09:00:00+00:00,0.999915926
2019-05-12 10:00:00+00:00,0.999915926
2019-05-12 11:00:00+00:00,0.999915926
2019-05-12 12:00:00+00:00,0.999915926
2019-05-12 13:00:00+00:00,0.999915926
2019-05-12 14:00:00+00:00,0.999915926
2019-05-12 15:00:00+00:00,0.999915926
2019-05-12 16:00:00+00:00,0.999915926
2019-05-12 17:00:00+00:00,0.999915926
2019-05-12 18:00:00+00:00,0.999915926
2019-05-12 19:00:00+00:00,0.999915926
2019-05-12 20:00:00+00:00,0.999915926
2019-05-12 21:00:00+00:00,0.999915926
2019-05-12 22:00:00+00:00,0.999915926
2019-05-12 23:00:00+00:00,0.999915926
2019-05-13 00:00:00+00:00,0.999915926
2019-05-13 01:00:00+00:00,0.999915926
2019-05-13 02:00:00+00:00,0.999915926
2019-05-13 03:00:00+00:00,0.999915926
2019-05-13 04:00:00+00:00,0.999915926
2019-05-13 05:00:00+00:00,0.999915926
2019-05-13 06:00:00+00:00,0.999915926
2019-05-13 07:00:00+00:00,0.999915926
2019-05-13 08:00:00+00:00,0.999915926
2019-05-13 09:00:00+00:00,0.999915926
2019-05-13 10:00:00+00:00,0.999915926
2019-05-13 11:00:00+00:00,0.999915926
2019-05-13 12:00:00+00:00,0.999915926
2019-05-13 13:00:00+00:00,0.999915926
2019-05-13 14:00:00+00:00,0.999915926
2019-05-13 15:00:00+00:00,0.999915926
2019-05-13 16:00:00+00:00,0.999915926
2019-05-13 17:00:00+00:00,0.999915926
2019-05-13 18:00:00+00:00,0.999915926
2019-05-13 19:00:00+00:00,0.999915926
2019-05-13 20:00:00+00:00,0.999915926
2019-05-13 21:00:00+00:00,0.999915926
2019-05-13 22:00:00+00:00,0.999915926
2019-05-13 23:00:00+00:00,0.999915926
2019-05-14 00:00:00+00:00,0.999915926
2019-05-14 01:00:00+00:00,0.999915926
2019-05-14 02:00:00+00:00,0.999915926
2019-05-14 03:00:00+00:00,0.999915926
2019-05-14 04:00:00+00:00,0.999915926
2019-05-14 05:00:00+00:00,0.999915926
2019-05-14 06:00:00+00:00,0.999915926
2019-05-14 07:00:00+00:00,0.999915926
2019-05-14 08:00:00+00:00,0.999915926
2019-05-14 09:00:00+00:00,0.999915926
2019-05-14 10:00:00+00:00,0.999915926
2019-05-14 11:00:00+00:00,0.999915926
2019-05-14 12:00:00+00:00,0.999915926
2019-05-14 13:00:00+00:00,0.999915926
2019-05-14 14:00:00+00:00,0.999915926
2019-05-14 15:00:00+00:00,0.999915926
2019-05-14 16:00:00+00:00,0.999915926
2019-05-14 17:00:00+00:00,0.999915926
2019-05-14 18:00:00+00:00,0.999921651
2019-05-14 19:00:00+00:00,0.999921651
2019-05-14 20:00:00+00:00,0.999921651
2019-05-14 21:00:00+00:00,0.999930285
2019-05-14 22:00:00+00:00,0.999939686
2019-05-14 23:00:00+00:00,0.999949022
2019-05-15 00:00:00+00:00,0.99995903
2019-05-15 01:00:00+00:00,0.999969343
2019-05-15 02:00:00+00:00,0.99997976
2019-05-15 03:00:00+00:00,0.999989883
2019-05-15 04:00:00+00:00,0.999999785
2019-05-15 05:00:00+00:00,0.999999785
2019-05-15 06:00:00+00:00,0.999999785
2019-05-15 07:00:00+00:00,0.999999785
2019-05-15 08:00:00+00:00,0.999999785
2019-05-15 09:00:00+00:00,0.999999785
2019-05-15 10:00:00+00:00,0.999999785
2019-05-15 11:00:00+00:00,0.999999785
2019-05-15 12:00:00+00:00,0.999999785
2019-05-15 13:00:00+00:00,0.999999785
2019-05-15 14:00:00+00:00,0.999999785
2019-05-15 15:00:00+00:00,0.999999785
2019-05-15 16:00:00+00:00,0.999999785
2019-05-15 17:00:00+00:00,0.999999785
2019-05-15 18:00:00+00:00,0.999999785
2019-05-15 19:00:00+00:00,0.999999785
2019-05-15 20:00:00+00:00,0.999999785
2019-05-15 21:00:00+00:00,0.999999785
2019-05-15 22:00:00+00:00,0.999999785
2019-05-15 23:00:00+00:00,0.999999785
2019-05-16 00:00:00+00:00,0.999999785
2019-05-16 01:00:00+00:00,0.999999785
2019-05-16 02:00:00+00:00,0.999999785
2019-05-16 03:00:00+00:00,0.999999785
2019-05-16 04:00:00+00:00,0.999999785
2019-05-16 05:00:00+00:00,0.999999785
2019-05-16 06:00:00+00:00,0.999999785
2019-05-16 07:00:00+00:00,0.999999785
2019-05-16 08:00:00+00:00,0.999999785
2019-05-16 09:00:00+00:00,0.999999785
2019-05-16 10:00:00+00:00,0.999999785
2019-05-16 11:00:00+00:00,0.999999785
2019-05-16 12:00:00+00:00,0.999999785
2019-05-16 13:00:00+00:00,0.999999785
2019-05-16 14:00:00+00:00,0.999999785
2019-05-16 15:00:00+00:00,0.999999785
2019-05-16 16:00:00+00:00,0.999999785
2019-05-16 17:00:00+00:00,0.999999785
2019-05-16 18:00:00+00:00,0.999999785
2019-05-16 19:00:00+00:00,0.999999785
2019-05-16 20:00:00+00:00,0.999999785
2019-05-16 21:00:00+00:00,0.999999785
2019-05-16 22:00:00+00:00,0.999999785
2019-05-16 23:00:00+00:00,0.999999785
2019-05-17 00:00:00+00:00,0.999999785
2019-05-17 01:00:00+00:00,0.999999785
2019-05-17 02:00:00+00:00,0.999999785
2019-05-17 03:00:00+00:00,0.999999785
2019-05-17 04:00:00+00:00,0.999999785
2019-05-17 05:00:00+00:00,0.999999785
2019-05-17 06:00:00+00:00,0.999999785
2019-05-17 07:00:00+00:00,0.999999785
2019-05-17 08:00:00+00:00,0.999999785
2019-05-17 09:00:00+00:00,0.999999785
2019-05-17 10:00:00+00:00,0.999999785
2019-05-17 11:00:00+00:00,0.999999785
2019-05-17 12:00:00+00:00,0.999999785
2019-05-17 13:00:00+00:00,0.999999785
2019-05-17 14:00:00+00:00,0.999999785
2019-05-17 15:00:00+00:00,0.999999785
2019-05-17 16:00:00+00:00,0.999999785
2019-05-17 17:00:00+00:00,0.999999785
2019-05-17 18:00:00+00:00,0.999999785
2019-05-17 19:00:00+00:00,0.999999785
2019-05-17 20:00:00+00:00,0.999999785
2019-05-17 21:00:00+00:00,0.999999785
2019-05-17 22:00:00+00:00,0.999999785
2019-05-17 23:00:00+00:00,0.999999785
2019-05-18 00:00:00+00:00,0.999999785
2019-05-18 01:00:00+00:00,0.999999785
2019-05-18 02:00:00+00:00,0.999999785
2019-05-18 03:00:00+00:00,0.999999785
2019-05-18 04:00:00+00:00,0.999999785
2019-05-18 05:00:00+00:00,0.999999785
2019-05-18 06:00:00+00:00,0.999999785
2019-05-18 07:00:00+00:00,0.999999785
2019-05-18 08:00:00+00:00,0.999999785
2019-05-18 09:00:00+00:00,0.999999785
2019-05-18 10:00:00+00:00,0.999999785
2019-05-18 11:00:00+00:00,0.999999785
2019-05-18 12:00:00+00:00,0.999999785
2019-05-18 13:00:00+00:00,0.999999785
2019-05-18 14:00:00+00:00,0.999999785
2019-05-18 15:00:00+00:00,0.999999785
2019-05-18 16:00:00+00:00,0.999999785
2019-05-18 17:00:00+00:00,0.999999785
2019-05-18 18:00:00+00:00,0.999999785
2019-05-18 19:00:00+00:00,0.999999785
2019-05-18 20:00:00+00:00,0.999999785
2019-05-18 21:00:00+00:00,0.999999785
2019-05-18 22:00:00+00:00,0.999999785
2019-05-18 23:00:00+00:00,0.999999785
2019-05-19 00:00:00+00:00,0.999999785
2019-05-19 01:00:00+00:00,0.999999785
2019-05-19 02:00:00+00:00,0.999999785
2019-05-19 03:00:00+00:00,0.999999785
2019-05-19 04:00:00+00:00,0.999999785
2019-05-19 05:00:00+00:00,0.999999785
2019-05-19 06:00:00+00:00,0.999999785
2019-05-19 07:00:00+00:00,0.999999785
2019-05-19 08:00:00+00:00,0.999999785
2019-05-19 09:00:00+00:00,0.999999785
2019-05-19 10:00:00+00:00,0.999999785
2019-05-19 11:00:00+00:00,0.999999785
2019-05-19 12:00:00+00:00,0.999999785
2019-05-19 13:00:00+00:00,0.999999785
2019-05-19 14:00:00+00:00,0.999999785
2019-05-19 15:00:00+00:00,0.999999785
2019-05-19 16:00:00+00:00,0.999999785
2019-05-19 17:00:00+00:00,0.999999785
2019-05-19 18:00:00+00:00,0.999999785
2019-05-19 19:00:00+00:00,0.999999785
2019-05-19 20:00:00+00:00,0.999999785
2019-05-19 21:00:00+00:00,0.999999785
2019-05-19 22:00:00+00:00,0.999999785
2019-05-19 23:00:00+00:00,0.999999785
2019-05-20 00:00:00+00:00,0.999999785
2019-05-20 01:00:00+00:00,0.999999785
2019-05-20 02:00:00+00:00,0.999999785
2019-05-20 03:00:00+00:00,0.999999785
2019-05-20 04:00:00+00:00,0.999999785
2019-05-20 05:00:00+00:00,0.999999785
2019-05-20 06:00:00+00:00,0.999999785
2019-05-20 07:00:00+00:00,0.999999785
2019-05-20 08:00:00+00:00,0.999999785
2019-05-20 09:00:00+00:00,0.999999785
2019-05-20 10:00:00+00:00,0.999999785
2019-05-20 11:00:00+00:00,0.999999785
2019-05-20 12:00:00+00:00,0.999999785
2019-05-20 13:00:00+00:00,0.999999785
2019-05-20 14:00:00+00:00,0.999999785
2019-05-20 15:00:00+00:00,0.999999785
2019-05-20 16:00:00+00:00,0.999999785
2019-05-20 17:00:00+00:00,0.999999785
2019-05-20 18:00:00+00:00,0.999992451
2019-05-20 19:00:00+00:00,0.99998254
2019-05-20 20:00:00+00:00,0.999976178
2019-05-20 21:00:00+00:00,0.999975188
2019-05-20 22:00:00+00:00,0.999975819
2019-05-20 23:00:00+00:00,0.999976749
2019-05-21 00:00:00+00:00,0.999979096
2019-05-21 01:00:00+00:00,0.999981687
2019-05-21 02:00:00+00:00,0.999983688
2019-05-21 03:00:00+00:00,0.999983214
2019-05-21 04:00:00+00:00,0.999981437
2019-05-21 05:00:00+00:00,0.999686357
2019-05-21 06:00:00+00:00,0.99924714
2019-05-21 07:00:00+00:00,0.999401491
2019-05-21 08:00:00+00:00,0.999555691
2019-05-21 09:00:00+00:00,0.999716873
2019-05-21 10:00:00+00:00,0.999878215
2019-05-21 11:00:00+00:00,0.999878215
2019-05-21 12:00:00+00:00,0.999878215
2019-05-21 13:00:00+00:00,0.999878215
2019-05-21 14:00:00+00:00,0.999878215
2019-05-21 15:00:00+00:00,0.999878215
2019-05-21 16:00:00+00:00,0.999878215
2019-05-21 17:00:00+00:00,0.999878215
2019-05-21 18:00:00+00:00,0.999873393
2019-05-21 19:00:00+00:00,0.999867723
2019-05-21 20:00:00+00:00,0.999862267
2019-05-21 21:00:00+00:00,0.999863523
2019-05-21 22:00:00+00:00,0.99986626
2019-05-21 23:00:00+00:00,0.999869246
2019-05-22 00:00:00+00:00,0.99987206
2019-05-22 01:00:00+00:00,0.999875244
2019-05-22 02:00:00+00:00,0.999878935
2019-05-22 03:00:00+00:00,0.999882323
2019-05-22 04:00:00+00:00,0.999882323
2019-05-22 05:00:00+00:00,0.999882323
2019-05-22 06:00:00+00:00,0.999876428
2019-05-22 07:00:00+00:00,0.999876428
2019-05-22 08:00:00+00:00,0.999876428
2019-05-22 09:00:00+00:00,0.999876428
2019-05-22 10:00:00+00:00,0.999876428
2019-05-22 11:00:00+00:00,0.999876428
2019-05-22 12:00:00+00:00,0.999876428
2019-05-22 13:00:00+00:00,0.999876428
2019-05-22 14:00:00+00:00,0.999876428
2019-05-22 15:00:00+00:00,0.999876428
2019-05-22 16:00:00+00:00,0.999876428
2019-05-22 17:00:00+00:00,0.999876428
2019-05-22 18:00:00+00:00,0.999713448
2019-05-22 19:00:00+00:00,0.999547024
2019-05-22 20:00:00+00:00,0.999380883
2019-05-22 21:00:00+00:00,0.999217489
2019-05-22 22:00:00+00:00,0.999060871
2019-05-22 23:00:00+00:00,0.998904838
2019-05-23 00:00:00+00:00,0.998748988
2019-05-23 01:00:00+00:00,0.998593003
2019-05-23 02:00:00+00:00,0.998437106
2019-05-23 03:00:00+00:00,0.998280866
2019-05-23 04:00:00+00:00,0.998121581
2019-05-23 05:00:00+00:00,0.997959564
2019-05-23 06:00:00+00:00,0.997481129
2019-05-23 07:00:00+00:00,0.997573945
2019-05-23 08:00:00+00:00,0.997736451
2019-05-23 09:00:00+00:00,0.997899503
2019-05-23 10:00:00+00:00,0.998057624
2019-05-23 11:00:00+00:00,0.99822088
2019-05-23 12:00:00+00:00,0.998386553
2019-05-23 13:00:00+00:00,0.998553341
2019-05-23 14:00:00+00:00,0.998720822
2019-05-23 15:00:00+00:00,0.998888041
2019-05-23 16:00:00+00:00,0.999055375
2019-05-23 17:00:00+00:00,0.999222583
2019-05-23 18:00:00+00:00,0.999390375
2019-05-23 19:00:00+00:00,0.999557478
2019-05-23 20:00:00+00:00,0.999725202
2019-05-23 21:00:00+00:00,0.999891821
2019-05-23 22:00:00+00:00,0.999891821
2019-05-23 23:00:00+00:00,0.999891821
2019-05-24 00:00:00+00:00,0.999891821
2019-05-24 01:00:00+00:00,0.999891821
2019-05-24 02:00:00+00:00,0.999891821
2019-05-24 03:00:00+00:00,0.999891821
2019-05-24 04:00:00+00:00,0.999891821
2019-05-24 05:00:00+00:00,0.999891821
2019-05-24 06:00:00+00:00,0.999891821
2019-05-24 07:00:00+00:00,0.999891821
2019-05-24 08:00:00+00:00,0.999891821
2019-05-24 09:00:00+00:00,0.999891821
2019-05-24 10:00:00+00:00,0.999891821
2019-05-24 11:00:00+00:00,0.999891821
2019-05-24 12:00:00+00:00,0.999891821
2019-05-24 13:00:00+00:00,0.999891821
2019-05-24 14:00:00+00:00,0.999891821
2019-05-24 15:00:00+00:00,0.999891821
2019-05-24 16:00:00+00:00,0.999891821
2019-05-24 17:00:00+00:00,0.999891821
2019-05-24 18:00:00+00:00,0.999891821
2019-05-24 19:00:00+00:00,0.999891821
2019-05-24 20:00:00+00:00,0.999891821
2019-05-24 21:00:00+00:00,0.999891821
2019-05-24 22:00:00+00:00,0.999891821
2019-05-24 23:00:00+00:00,0.999891821
2019-05-25 00:00:00+00:00,0.999891821
2019-05-25 01:00:00+00:00,0.999891821
2019-05-25 02:00:00+00:00,0.999891821
2019-05-25 03:00:00+00:00,0.999891821
2019-05-25 04:00:00+00:00,0.999891821
2019-05-25 05:00:00+00:00,0.999891821
2019-05-25 06:00:00+00:00,0.999891821
2019-05-25 07:00:00+00:00,0.999891821
2019-05-25 08:00:00+00:00,0.999891821
2019-05-25 09:00:00+00:00,0.999891821
2019-05-25 10:00:00+00:00,0.999891821
2019-05-25 11:00:00+00:00,0.999891821
2019-05-25 12:00:00+00:00,0.999891821
2019-05-25 13:00:00+00:00,0.999891821
2019-05-25 14:00:00+00:00,0.999891821
2019-05-25 15:00:00+00:00,0.999891821
2019-05-25 16:00:00+00:00,0.999891821
2019-05-25 17:00:00+00:00,0.999891821
2019-05-25 18:00:00+00:00,0.999891821
2019-05-25 19:00:00+00:00,0.999891821
2019-05-25 20:00:00+00:00,0.999891821
2019-05-25 21:00:00+00:00,0.999891821
2019-05-25 22:00:00+00:00,0.999891821
2019-05-25 23:00:00+00:00,0.999891821
2019-05-26 00:00:00+00:00,0.999891821
2019-05-26 01:00:00+00:00,0.999891821
2019-05-26 02:00:00+00:00,0.999891821
2019-05-26 03:00:00+00:00,0.999891821
2019-05-26 04:00:00+00:00,0.999891821
2019-05-26 05:00:00+00:00,0.999891821
2019-05-26 06:00:00+00:00,0.999891821
2019-05-26 07:00:00+00:00,0.999891821
2019-05-26 08:00:00+00:00,0.999891821
2019-05-26 09:00:00+00:00,0.999891821
2019-05-26 10:00:00+00:00,0.999891821
2019-05-26 11:00:00+00:00,0.999891821
2019-05-26 12:00:00+00:00,0.999891821
2019-05-26 13:00:00+00:00,0.999891821
2019-05-26 14:00:00+00:00,0.999891821
2019-05-26 15:00:00+00:00,0.999891821
2019-05-26 16:00:00+00:00,0.999891821
2019-05-26 17:00:00+00:00,0.999891821
2019-05-26 18:00:00+00:00,0.999891821
2019-05-26 19:00:00+00:00,0.999891821
2019-05-26 20:00:00+00:00,0.999891821
2019-05-26 21:00:00+00:00,0.999891821
2019-05-26 22:00:00+00:00,0.999891821
2019-05-26 23:00:00+00:00,0.999891821
2019-05-27 00:00:00+00:00,0.999891821
2019-05-27 01:00:00+00:00,0.999891821
2019-05-27 02:00:00+00:00,0.999891821
2019-05-27 03:00:00+00:00,0.999891821
2019-05-27 04:00:00+00:00,0.999891821
2019-05-27 05:00:00+00:00,0.999891821
2019-05-27 06:00:00+00:00,0.999891821
2019-05-27 07:00:00+00:00,0.999891821
2019-05-27 08:00:00+00:00,0.999891821
2019-05-27 09:00:00+00:00,0.999891821
2019-05-27 10:00:00+00:00,0.999891821
2019-05-27 11:00:00+00:00,0.999891821
2019-05-27 12:00:00+00:00,0.999891821
2019-05-27 13:00:00+00:00,0.999891821
2019-05-27 14:00:00+00:00,0.999891821
2019-05-27 15:00:00+00:00,0.999891821
2019-05-27 16:00:00+00:00,0.999891821
2019-05-27 17:00:00+00:00,0.999891821
2019-05-27 18:00:00+00:00,0.999891821
2019-05-27 19:00:00+00:00,0.999891821
2019-05-27 20:00:00+00:00,0.999891821
2019-05-27 21:00:00+00:00,0.999891821
2019-05-27 22:00:00+00:00,0.999891821
2019-05-27 23:00:00+00:00,0.999891821
2019-05-28 00:00:00+00:00,0.999891821
2019-05-28 01:00:00+00:00,0.999891821
2019-05-28 02:00:00+00:00,0.999891821
2019-05-28 03:00:00+00:00,0.999891821
2019-05-28 04:00:00+00:00,0.999891821
2019-05-28 05:00:00+00:00,0.999891821
2019-05-28 06:00:00+00:00,0.999891821
2019-05-28 07:00:00+00:00,0.999891821
2019-05-28 08:00:00+00:00,0.999891821
2019-05-28 09:00:00+00:00,0.999891821
2019-05-28 10:00:00+00:00,0.999891821
2019-05-28 11:00:00+00:00,0.999891821
2019-05-28 12:00:00+00:00,0.999891821
2019-05-28 13:00:00+00:00,0.999891821
2019-05-28 14:00:00+00:00,0.999891821
2019-05-28 15:00:00+00:00,0.999891821
2019-05-28 16:00:00+00:00,0.999891821
2019-05-28 17:00:00+00:00,0.999891821
2019-05-28 18:00:00+00:00,0.999891821
2019-05-28 19:00:00+00:00,0.999891821
2019-05-28 20:00:00+00:00,0.999891821
2019-05-28 21:00:00+00:00,0.999891821
2019-05-28 22:00:00+00:00,0.999891821
2019-05-28 23:00:00+00:00,0.999891821
2019-05-29 00:00:00+00:00,0.999891821
2019-05-29 01:00:00+00:00,0.999891821
2019-05-29 02:00:00+00:00,0.999891821
2019-05-29 03:00:00+00:00,0.999891821
2019-05-29 04:00:00+00:00,0.999891821
2019-05-29 05:00:00+00:00,0.999891821
2019-05-29 06:00:00+00:00,0.999891821
2019-05-29 07:00:00+00:00,0.999891821
2019-05-29 08:00:00+00:00,0.999891821
2019-05-29 09:00:00+00:00,0.999891821
2019-05-29 10:00:00+00:00,0.999891821
2019-05-29 11:00:00+00:00,0.999891821
2019-05-29 12:00:00+00:00,0.999891821
2019-05-29 13:00:00+00:00,0.999891821
2019-05-29 14:00:00+00:00,0.999891821
2019-05-29 15:00:00+00:00,0.999891821
2019-05-29 16:00:00+00:00,0.999891821
2019-05-29 17:00:00+00:00,0.999891821
2019-05-29 18:00:00+00:00,0.999891821
2019-05-29 19:00:00+00:00,0.999891821
2019-05-29 20:00:00+00:00,0.999891821
2019-05-29 21:00:00+00:00,0.999891821
2019-05-29 22:00:00+00:00,0.999891821
2019-05-29 23:00:00+00:00,0.999891821
2019-05-30 00:00:00+00:00,0.999891821
2019-05-30 01:00:00+00:00,0.999891821
2019-05-30 02:00:00+00:00,0.999891821
2019-05-30 03:00:00+00:00,0.999891821
2019-05-30 04:00:00+00:00,0.999891821
2019-05-30 05:00:00+00:00,0.999891821
2019-05-30 06:00:00+00:00,0.999891821
2019-05-30 07:00:00+00:00,0.999891821
2019-05-30 08:00:00+00:00,0.999891821
2019-05-30 09:00:00+00:00,0.999891821
2019-05-30 10:00:00+00:00,0.999891821
2019-05-30 11:00:00+00:00,0.999891821
2019-05-30 12:00:00+00:00,0.999891821
2019-05-30 13:00:00+00:00,0.999891821
2019-05-30 14:00:00+00:00,0.999891821
2019-05-30 15:00:00+00:00,0.999891821
2019-05-30 16:00:00+00:00,0.999891821
2019-05-30 17:00:00+00:00,0.999891821
2019-05-30 18:00:00+00:00,0.999891821
2019-05-30 19:00:00+00:00,0.999891821
2019-05-30 20:00:00+00:00,0.999891821
2019-05-30 21:00:00+00:00,0.999891821
2019-05-30 22:00:00+00:00,0.999891821
2019-05-30 23:00:00+00:00,0.999891821
2019-05-31 00:00:00+00:00,0.999891821
2019-05-31 01:00:00+00:00,0.999891821
2019-05-31 02:00:00+00:00,0.999891821
2019-05-31 03:00:00+00:00,0.999891821
2019-05-31 04:00:00+00:00,0.999891821
2019-05-31 05:00:00+00:00,0.999891821
2019-05-31 06:00:00+00:00,0.999891821
2019-05-31 07:00:00+00:00,0.999891821
2019-05-31 08:00:00+00:00,0.999891821
2019-05-31 09:00:00+00:00,0.999891821
2019-05-31 10:00:00+00:00,0.999891821
2019-05-31 11:00:00+00:00,0.999891821
2019-05-31 12:00:00+00:00,0.999891821
2019-05-31 13:00:00+00:00,0.999891821
2019-05-31 14:00:00+00:00,0.999891821
2019-05-31 15:00:00+00:00,0.999891821
2019-05-31 16:00:00+00:00,0.999891821
2019-05-31 17:00:00+00:00,0.999891821
2019-05-31 18:00:00+00:00,0.999899851
2019-05-31 19:00:00+00:00,0.999907117
2019-05-31 20:00:00+00:00,0.999907117
2019-05-31 21:00:00+00:00,0.999914919
2019-05-31 22:00:00+00:00,0.999923432
2019-05-31 23:00:00+00:00,0.999932096
2019-06-01 00:00:00+00:00,0.999832689
2019-06-01 01:00:00+00:00,0.999733834
2019-06-01 02:00:00+00:00,0.999636035
2019-06-01 03:00:00+00:00,0.999537813
2019-06-01 04:00:00+00:00,0.999438651
2019-06-01 05:00:00+00:00,0.999339837
2019-06-01 06:00:00+00:00,0.99940277
2019-06-01 07:00:00+00:00,0.99946506
2019-06-01 08:00:00+00:00,0.999527817
2019-06-01 09:00:00+00:00,0.999590733
2019-06-01 10:00:00+00:00,0.99965329
2019-06-01 11:00:00+00:00,0.999715913
2019-06-01 12:00:00+00:00,0.999779594
2019-06-01 13:00:00+00:00,0.999844498
2019-06-01 14:00:00+00:00,0.999910256
2019-06-01 15:00:00+00:00,0.999976435
2019-06-01 16:00:00+00:00,0.999976435
2019-06-01 17:00:00+00:00,0.999976435
2019-06-01 18:00:00+00:00,0.999976435
2019-06-01 19:00:00+00:00,0.999976435
2019-06-01 20:00:00+00:00,0.999976435
2019-06-01 21:00:00+00:00,0.999976435
2019-06-01 22:00:00+00:00,0.999976435
2019-06-01 23:00:00+00:00,0.999976435
2019-06-02 00:00:00+00:00,0.999976435
2019-06-02 01:00:00+00:00,0.999976435
2019-06-02 02:00:00+00:00,0.999976435
2019-06-02 03:00:00+00:00,0.999976435
2019-06-02 04:00:00+00:00,0.999976435
2019-06-02 05:00:00+00:00,0.999976435
2019-06-02 06:00:00+00:00,0.999976435
2019-06-02 07:00:00+00:00,0.999976435
2019-06-02 08:00:00+00:00,0.999976435
2019-06-02 09:00:00+00:00,0.999976435
2019-06-02 10:00:00+00:00,0.999976435
2019-06-02 11:00:00+00:00,0.999976435
2019-06-02 12:00:00+00:00,0.999976435
2019-06-02 13:00:00+00:00,0.999976435
2019-06-02 14:00:00+00:00,0.999976435
2019-06-02 15:00:00+00:00,0.999976435
2019-06-02 16:00:00+00:00,0.999976435
2019-06-02 17:00:00+00:00,0.999976435
2019-06-02 18:00:00+00:00,0.999876418
2019-06-02 19:00:00+00:00,0.999775453
2019-06-02 20:00:00+00:00,0.999674503
2019-06-02 21:00:00+00:00,0.999573426
2019-06-02 22:00:00+00:00,0.9994742
2019-06-02 23:00:00+00:00,0.999374816
2019-06-03 00:00:00+00:00,0.999276678
2019-06-03 01:00:00+00:00,0.999179278
2019-06-03 02:00:00+00:00,0.999082134
2019-06-03 03:00:00+00:00,0.998984332
2019-06-03 04:00:00+00:00,0.999049748
2019-06-03 05:00:00+00:00,0.999113866
2019-06-03 06:00:00+00:00,0.999012101
2019-06-03 07:00:00+00:00,0.99907276
2019-06-03 08:00:00+00:00,0.999133278
2019-06-03 09:00:00+00:00,0.999193087
2019-06-03 10:00:00+00:00,0.999252351
2019-06-03 11:00:00+00:00,0.999312062
2019-06-03 12:00:00+00:00,0.999373628
2019-06-03 13:00:00+00:00,0.999436087
2019-06-03 14:00:00+00:00,0.999500062
2019-06-03 15:00:00+00:00,0.999564483
2019-06-03 16:00:00+00:00,0.999629404
2019-06-03 17:00:00+00:00,0.999693772
2019-06-03 18:00:00+00:00,0.999756557
2019-06-03 19:00:00+00:00,0.999818488
2019-06-03 20:00:00+00:00,0.999880263
2019-06-03 21:00:00+00:00,0.999942553
2019-06-03 22:00:00+00:00,0.999942553
2019-06-03 23:00:00+00:00,0.999942553
2019-06-04 00:00:00+00:00,0.999942553
2019-06-04 01:00:00+00:00,0.999942553
2019-06-04 02:00:00+00:00,0.999942553
2019-06-04 03:00:00+00:00,0.999942553
2019-06-04 04:00:00+00:00,0.999942553
2019-06-04 05:00:00+00:00,0.999942553
2019-06-04 06:00:00+00:00,0.999942553
2019-06-04 07:00:00+00:00,0.999942553
2019-06-04 08:00:00+00:00,0.999942553
2019-06-04 09:00:00+00:00,0.999942553
2019-06-04 10:00:00+00:00,0.999942553
2019-06-04 11:00:00+00:00,0.999942553
2019-06-04 12:00:00+00:00,0.999942553
2019-06-04 13:00:00+00:00,0.999942553
2019-06-04 14:00:00+00:00,0.999942553
2019-06-04 15:00:00+00:00,0.999942553
2019-06-04 16:00:00+00:00,0.999942553
2019-06-04 17:00:00+00:00,0.999942553
2019-06-04 18:00:00+00:00,0.999942553
2019-06-04 19:00:00+00:00,0.999942553
2019-06-04 20:00:00+00:00,0.999942553
2019-06-04 21:00:00+00:00,0.999942553
2019-06-04 22:00:00+00:00,0.999942553
2019-06-04 23:00:00+00:00,0.999942553
2019-06-05 00:00:00+00:00,0.999942553
2019-06-05 01:00:00+00:00,0.999942553
2019-06-05 02:00:00+00:00,0.999942553
2019-06-05 03:00:00+00:00,0.999942553
2019-06-05 04:00:00+00:00,0.999942553
2019-06-05 05:00:00+00:00,0.999942553
2019-06-05 06:00:00+00:00,0.999942553
2019-06-05 07:00:00+00:00,0.999942553
2019-06-05 08:00:00+00:00,0.999942553
2019-06-05 09:00:00+00:00,0.999942553
2019-06-05 10:00:00+00:00,0.999942553
2019-06-05 11:00:00+00:00,0.999942553
2019-06-05 12:00:00+00:00,0.999942553
2019-06-05 13:00:00+00:00,0.999942553
2019-06-05 14:00:00+00:00,0.999942553
2019-06-05 15:00:00+00:00,0.999942553
2019-06-05 16:00:00+00:00,0.999942553
2019-06-05 17:00:00+00:00,0.999942553
2019-06-05 18:00:00+00:00,0.999909282
2019-06-05 19:00:00+00:00,0.999833066
2019-06-05 20:00:00+00:00,0.999757057
2019-06-05 21:00:00+00:00,0.999681607
2019-06-05 22:00:00+00:00,0.999606659
2019-06-05 23:00:00+00:00,0.99953213
2019-06-06 00:00:00+00:00,0.999457624
2019-06-06 01:00:00+00:00,0.999383659
2019-06-06 02:00:00+00:00,0.999310502
2019-06-06 03:00:00+00:00,0.999237065
2019-06-06 04:00:00+00:00,0.999163014
2019-06-06 05:00:00+00:00,0.998771244
2019-06-06 06:00:00+00:00,0.998493851
2019-06-06 07:00:00+00:00,0.998548882
2019-06-06 08:00:00+00:00,0.99860523
2019-06-06 09:00:00+00:00,0.998662326
2019-06-06 10:00:00+00:00,0.998719029
2019-06-06 11:00:00+00:00,0.998776476
2019-06-06 12:00:00+00:00,0.998834697
2019-06-06 13:00:00+00:00,0.998893091
2019-06-06 14:00:00+00:00,0.998950923
2019-06-06 15:00:00+00:00,0.999007848
2019-06-06 16:00:00+00:00,0.999065095
2019-06-06 17:00:00+00:00,0.999122606
2019-06-06 18:00:00+00:00,0.99917929
2019-06-06 19:00:00+00:00,0.999235153
2019-06-06 20:00:00+00:00,0.99929115
2019-06-06 21:00:00+00:00,0.9993518
2019-06-06 22:00:00+00:00,0.999413282
2019-06-06 23:00:00+00:00,0.99947573
2019-06-07 00:00:00+00:00,0.999537426
2019-06-07 01:00:00+00:00,0.999598918
2019-06-07 02:00:00+00:00,0.999660214
2019-06-07 03:00:00+00:00,0.999721672
2019-06-07 04:00:00+00:00,0.999782775
2019-06-07 05:00:00+00:00,0.999844144
2019-06-07 06:00:00+00:00,0.999903308
2019-06-07 07:00:00+00:00,0.999962191
2019-06-07 08:00:00+00:00,0.999962191
2019-06-07 09:00:00+00:00,0.999962191
2019-06-07 10:00:00+00:00,0.999962191
2019-06-07 11:00:00+00:00,0.999962191
2019-06-07 12:00:00+00:00,0.999962191
2019-06-07 13:00:00+00:00,0.999962191
2019-06-07 14:00:00+00:00,0.999962191
2019-06-07 15:00:00+00:00,0.999962191
2019-06-07 16:00:00+00:00,0.999962191
2019-06-07 17:00:00+00:00,0.999962191
2019-06-07 18:00:00+00:00,0.999855542
2019-06-07 19:00:00+00:00,0.999910034
2019-06-07 20:00:00+00:00,0.999963922
2019-06-07 21:00:00+00:00,0.999963922
2019-06-07 22:00:00+00:00,0.999963922
2019-06-07 23:00:00+00:00,0.999963922
2019-06-08 00:00:00+00:00,0.999963922
2019-06-08 01:00:00+00:00,0.999963922
2019-06-08 02:00:00+00:00,0.999753952
2019-06-08 03:00:00+00:00,0.99917236
2019-06-08 04:00:00+00:00,0.99862693
2019-06-08 05:00:00+00:00,0.998307328
2019-06-08 06:00:00+00:00,0.998370771
2019-06-08 07:00:00+00:00,0.998433739
2019-06-08 08:00:00+00:00,0.99849643
2019-06-08 09:00:00+00:00,0.998559759
2019-06-08 10:00:00+00:00,0.998623362
2019-06-08 11:00:00+00:00,0.998687067
2019-06-08 12:00:00+00:00,0.998751423
2019-06-08 13:00:00+00:00,0.998815694
2019-06-08 14:00:00+00:00,0.998879896
2019-06-08 15:00:00+00:00,0.998945182
2019-06-08 16:00:00+00:00,0.999011271
2019-06-08 17:00:00+00:00,0.999077412
2019-06-08 18:00:00+00:00,0.999142569
2019-06-08 19:00:00+00:00,0.999205943
2019-06-08 20:00:00+00:00,0.999268621
2019-06-08 21:00:00+00:00,0.99933231
2019-06-08 22:00:00+00:00,0.999398296
2019-06-08 23:00:00+00:00,0.999465204
2019-06-09 00:00:00+00:00,0.999532192
2019-06-09 01:00:00+00:00,0.99959968
2019-06-09 02:00:00+00:00,0.999667272
2019-06-09 03:00:00+00:00,0.999735271
2019-06-09 04:00:00+00:00,0.999803487
2019-06-09 05:00:00+00:00,0.999872569
2019-06-09 06:00:00+00:00,0.999939121
2019-06-09 07:00:00+00:00,0.999939121
2019-06-09 08:00:00+00:00,0.999939121
2019-06-09 09:00:00+00:00,0.999939121
2019-06-09 10:00:00+00:00,0.999939121
2019-06-09 11:00:00+00:00,0.999939121
2019-06-09 12:00:00+00:00,0.999939121
2019-06-09 13:00:00+00:00,0.999939121
2019-06-09 14:00:00+00:00,0.999939121
2019-06-09 15:00:00+00:00,0.999939121
2019-06-09 16:00:00+00:00,0.999939121
2019-06-09 17:00:00+00:00,0.999939121
2019-06-09 18:00:00+00:00,0.999939121
2019-06-09 19:00:00+00:00,0.999939121
2019-06-09 20:00:00+00:00,0.999939121
2019-06-09 21:00:00+00:00,0.999939121
2019-06-09 22:00:00+00:00,0.999939121
2019-06-09 23:00:00+00:00,0.999939121
2019-06-10 00:00:00+00:00,0.999939121
2019-06-10 01:00:00+00:00,0.999939121
2019-06-10 02:00:00+00:00,0.999939121
2019-06-10 03:00:00+00:00,0.999939121
2019-06-10 04:00:00+00:00,0.999939121
2019-06-10 05:00:00+00:00,0.999939121
2019-06-10 06:00:00+00:00,0.999939121
2019-06-10 07:00:00+00:00,0.999939121
2019-06-10 08:00:00+00:00,0.999939121
2019-06-10 09:00:00+00:00,0.999939121
2019-06-10 10:00:00+00:00,0.999939121
2019-06-10 11:00:00+00:00,0.999939121
2019-06-10 12:00:00+00:00,0.999939121
2019-06-10 13:00:00+00:00,0.999939121
2019-06-10 14:00:00+00:00,0.999939121
2019-06-10 15:00:00+00:00,0.999939121
2019-06-10 16:00:00+00:00,0.999939121
2019-06-10 17:00:00+00:00,0.999939121
2019-06-10 18:00:00+00:00,0.999939121
2019-06-10 19:00:00+00:00,0.999939121
2019-06-10 20:00:00+00:00,0.999939121
2019-06-10 21:00:00+00:00,0.999939121
2019-06-10 22:00:00+00:00,0.999939121
2019-06-10 23:00:00+00:00,0.999939121
2019-06-11 00:00:00+00:00,0.999939121
2019-06-11 01:00:00+00:00,0.999939121
2019-06-11 02:00:00+00:00,0.999939121
2019-06-11 03:00:00+00:00,0.999939121
2019-06-11 04:00:00+00:00,0.999939121
2019-06-11 05:00:00+00:00,0.999939121
2019-06-11 06:00:00+00:00,0.999939121
2019-06-11 07:00:00+00:00,0.999939121
2019-06-11 08:00:00+00:00,0.999939121
2019-06-11 09:00:00+00:00,0.999939121
2019-06-11 10:00:00+00:00,0.999939121
2019-06-11 11:00:00+00:00,0.999939121
2019-06-11 12:00:00+00:00,0.999939121
2019-06-11 13:00:00+00:00,0.999939121
2019-06-11 14:00:00+00:00,0.999939121
2019-06-11 15:00:00+00:00,0.999939121
2019-06-11 16:00:00+00:00,0.999939121
2019-06-11 17:00:00+00:00,0.999939121
2019-06-11 18:00:00+00:00,0.999939121
2019-06-11 19:00:00+00:00,0.999939121
2019-06-11 20:00:00+00:00,0.999939121
2019-06-11 21:00:00+00:00,0.999939121
2019-06-11 22:00:00+00:00,0.999939121
2019-06-11 23:00:00+00:00,0.999939121
2019-06-12 00:00:00+00:00,0.999939121
2019-06-12 01:00:00+00:00,0.999939121
2019-06-12 02:00:00+00:00,0.999939121
2019-06-12 03:00:00+00:00,0.999939121
2019-06-12 04:00:00+00:00,0.999939121
2019-06-12 05:00:00+00:00,0.999939121
2019-06-12 06:00:00+00:00,0.999939121
2019-06-12 07:00:00+00:00,0.999939121
2019-06-12 08:00:00+00:00,0.999939121
2019-06-12 09:00:00+00:00,0.999939121
2019-06-12 10:00:00+00:00,0.999939121
2019-06-12 11:00:00+00:00,0.999939121
2019-06-12 12:00:00+00:00,0.999939121
2019-06-12 13:00:00+00:00,0.999939121
2019-06-12 14:00:00+00:00,0.999939121
2019-06-12 15:00:00+00:00,0.999939121
2019-06-12 16:00:00+00:00,0.999939121
2019-06-12 17:00:00+00:00,0.999939121
2019-06-12 18:00:00+00:00,0.999939121
2019-06-12 19:00:00+00:00,0.999939121
2019-06-12 20:00:00+00:00,0.999939121
2019-06-12 21:00:00+00:00,0.999939121
2019-06-12 22:00:00+00:00,0.999939121
2019-06-12 23:00:00+00:00,0.999939121
2019-06-13 00:00:00+00:00,0.999939121
2019-06-13 01:00:00+00:00,0.999939121
2019-06-13 02:00:00+00:00,0.999939121
2019-06-13 03:00:00+00:00,0.999939121
2019-06-13 04:00:00+00:00,0.999939121
2019-06-13 05:00:00+00:00,0.999939121
2019-06-13 06:00:00+00:00,0.999939121
2019-06-13 07:00:00+00:00,0.999939121
2019-06-13 08:00:00+00:00,0.999939121
2019-06-13 09:00:00+00:00,0.999939121
2019-06-13 10:00:00+00:00,0.999939121
2019-06-13 11:00:00+00:00,0.999939121
2019-06-13 12:00:00+00:00,0.999939121
2019-06-13 13:00:00+00:00,0.999939121
2019-06-13 14:00:00+00:00,0.999939121
2019-06-13 15:00:00+00:00,0.999939121
2019-06-13 16:00:00+00:00,0.999939121
2019-06-13 17:00:00+00:00,0.999939121
2019-06-13 18:00:00+00:00,0.999939121
2019-06-13 19:00:00+00:00,0.999841475
2019-06-13 20:00:00+00:00,0.999744666
2019-06-13 21:00:00+00:00,0.999649938
2019-06-13 22:00:00+00:00,0.999555207
2019-06-13 23:00:00+00:00,0.999460472
2019-06-14 00:00:00+00:00,0.999529794
2019-06-14 01:00:00+00:00,0.999436237
2019-06-14 02:00:00+00:00,0.999341656
2019-06-14 03:00:00+00:00,0.99941038
2019-06-14 04:00:00+00:00,0.999478926
2019-06-14 05:00:00+00:00,0.999546136
2019-06-14 06:00:00+00:00,0.999092041
2019-06-14 07:00:00+00:00,0.999156393
2019-06-14 08:00:00+00:00,0.999221398
2019-06-14 09:00:00+00:00,0.99928642
2019-06-14 10:00:00+00:00,0.999351208
2019-06-14 11:00:00+00:00,0.999416834
2019-06-14 12:00:00+00:00,0.999483799
2019-06-14 13:00:00+00:00,0.999553491
2019-06-14 14:00:00+00:00,0.999623669
2019-06-14 15:00:00+00:00,0.99969461
2019-06-14 16:00:00+00:00,0.999766307
2019-06-14 17:00:00+00:00,0.99983833
2019-06-14 18:00:00+00:00,0.999909782
2019-06-14 19:00:00+00:00,0.999979567
2019-06-14 20:00:00+00:00,0.999979567
2019-06-14 21:00:00+00:00,0.999979567
2019-06-14 22:00:00+00:00,0.999979567
2019-06-14 23:00:00+00:00,0.999979567
2019-06-15 00:00:00+00:00,0.999979567
2019-06-15 01:00:00+00:00,0.999979567
2019-06-15 02:00:00+00:00,0.999979567
2019-06-15 03:00:00+00:00,0.999979567
2019-06-15 04:00:00+00:00,0.999979567
2019-06-15 05:00:00+00:00,0.999979567
2019-06-15 06:00:00+00:00,0.999979567
2019-06-15 07:00:00+00:00,0.999979567
2019-06-15 08:00:00+00:00,0.999979567
2019-06-15 09:00:00+00:00,0.999979567
2019-06-15 10:00:00+00:00,0.999979567
2019-06-15 11:00:00+00:00,0.999979567
2019-06-15 12:00:00+00:00,0.999979567
2019-06-15 13:00:00+00:00,0.999979567
2019-06-15 14:00:00+00:00,0.999979567
2019-06-15 15:00:00+00:00,0.999979567
2019-06-15 16:00:00+00:00,0.999979567
2019-06-15 17:00:00+00:00,0.999979567
2019-06-15 18:00:00+00:00,0.999888488
2019-06-15 19:00:00+00:00,0.999829488
2019-06-15 20:00:00+00:00,0.99977064
2019-06-15 21:00:00+00:00,0.999713567
2019-06-15 22:00:00+00:00,0.999657673
2019-06-15 23:00:00+00:00,0.99960313
2019-06-16 00:00:00+00:00,0.9995486
2019-06-16 01:00:00+00:00,0.999494295
2019-06-16 02:00:00+00:00,0.999440114
2019-06-16 03:00:00+00:00,0.999386031
2019-06-16 04:00:00+00:00,0.999019857
2019-06-16 05:00:00+00:00,0.998663804
2019-06-16 06:00:00+00:00,0.998736437
2019-06-16 07:00:00+00:00,0.998808487
2019-06-16 08:00:00+00:00,0.99888095
2019-06-16 09:00:00+00:00,0.998950241
2019-06-16 10:00:00+00:00,0.999014115
2019-06-16 11:00:00+00:00,0.999077661
2019-06-16 12:00:00+00:00,0.99914878
2019-06-16 13:00:00+00:00,0.999221104
2019-06-16 14:00:00+00:00,0.999294076
2019-06-16 15:00:00+00:00,0.999367916
2019-06-16 16:00:00+00:00,0.999441902
2019-06-16 17:00:00+00:00,0.999516158
2019-06-16 18:00:00+00:00,0.999424425
2019-06-16 19:00:00+00:00,0.999183527
2019-06-16 20:00:00+00:00,0.99894242
2019-06-16 21:00:00+00:00,0.9987021
2019-06-16 22:00:00+00:00,0.9984696
2019-06-16 23:00:00+00:00,0.998237865
2019-06-17 00:00:00+00:00,0.998006291
2019-06-17 01:00:00+00:00,0.997774958
2019-06-17 02:00:00+00:00,0.997542842
2019-06-17 03:00:00+00:00,0.997310493
2019-06-17 04:00:00+00:00,0.997077765
2019-06-17 05:00:00+00:00,0.996536553
2019-06-17 06:00:00+00:00,0.996022838
2019-06-17 07:00:00+00:00,0.996084839
2019-06-17 08:00:00+00:00,0.996146983
2019-06-17 09:00:00+00:00,0.996209146
2019-06-17 10:00:00+00:00,0.996272492
2019-06-17 11:00:00+00:00,0.996340826
2019-06-17 12:00:00+00:00,0.996411707
2019-06-17 13:00:00+00:00,0.996482539
2019-06-17 14:00:00+00:00,0.996554638
2019-06-17 15:00:00+00:00,0.996625298
2019-06-17 16:00:00+00:00,0.996698187
2019-06-17 17:00:00+00:00,0.996771462
2019-06-17 18:00:00+00:00,0.996720116
2019-06-17 19:00:00+00:00,0.996667168
2019-06-17 20:00:00+00:00,0.996614546
2019-06-17 21:00:00+00:00,0.996562344
2019-06-17 22:00:00+00:00,0.996510509
2019-06-17 23:00:00+00:00,0.996458643
2019-06-18 00:00:00+00:00,0.996406642
2019-06-18 01:00:00+00:00,0.996355105
2019-06-18 02:00:00+00:00,0.996303912
2019-06-18 03:00:00+00:00,0.996252886
2019-06-18 04:00:00+00:00,0.995884902
2019-06-18 05:00:00+00:00,0.995316086
2019-06-18 06:00:00+00:00,0.995248069
2019-06-18 07:00:00+00:00,0.995315994
2019-06-18 08:00:00+00:00,0.99538404
2019-06-18 09:00:00+00:00,0.995452242
2019-06-18 10:00:00+00:00,0.995521959
2019-06-18 11:00:00+00:00,0.995591813
2019-06-18 12:00:00+00:00,0.99566236
2019-06-18 13:00:00+00:00,0.995732499
2019-06-18 14:00:00+00:00,0.995802497
2019-06-18 15:00:00+00:00,0.995872901
2019-06-18 16:00:00+00:00,0.9959438
2019-06-18 17:00:00+00:00,0.996014714
2019-06-18 18:00:00+00:00,0.996084492
2019-06-18 19:00:00+00:00,0.996151933
2019-06-18 20:00:00+00:00,0.996219427
2019-06-18 21:00:00+00:00,0.996288206
2019-06-18 22:00:00+00:00,0.996358677
2019-06-18 23:00:00+00:00,0.996429607
2019-06-19 00:00:00+00:00,0.996501278
2019-06-19 01:00:00+00:00,0.996572968
2019-06-19 02:00:00+00:00,0.996644708
2019-06-19 03:00:00+00:00,0.996716441
2019-06-19 04:00:00+00:00,0.996787602
2019-06-19 05:00:00+00:00,0.996857781
2019-06-19 06:00:00+00:00,0.99692633
2019-06-19 07:00:00+00:00,0.996994353
2019-06-19 08:00:00+00:00,0.997063011
2019-06-19 09:00:00+00:00,0.997130682
2019-06-19 10:00:00+00:00,0.997196997
2019-06-19 11:00:00+00:00,0.997263681
2019-06-19 12:00:00+00:00,0.997332032
2019-06-19 13:00:00+00:00,0.99740184
2019-06-19 14:00:00+00:00,0.997471577
2019-06-19 15:00:00+00:00,0.99754141
2019-06-19 16:00:00+00:00,0.997611503
2019-06-19 17:00:00+00:00,0.997681586
2019-06-19 18:00:00+00:00,0.997586192
2019-06-19 19:00:00+00:00,0.997363076
2019-06-19 20:00:00+00:00,0.99714011
2019-06-19 21:00:00+00:00,0.996918585
2019-06-19 22:00:00+00:00,0.996698206
2019-06-19 23:00:00+00:00,0.996478892
2019-06-20 00:00:00+00:00,0.996260745
2019-06-20 01:00:00+00:00,0.996042519
2019-06-20 02:00:00+00:00,0.995824458
2019-06-20 03:00:00+00:00,0.995606098
2019-06-20 04:00:00+00:00,0.995386873
2019-06-20 05:00:00+00:00,0.994874236
2019-06-20 06:00:00+00:00,0.99440225
2019-06-20 07:00:00+00:00,0.994462031
2019-06-20 08:00:00+00:00,0.994521578
2019-06-20 09:00:00+00:00,0.994580985
2019-06-20 10:00:00+00:00,0.994640034
2019-06-20 11:00:00+00:00,0.994698908
2019-06-20 12:00:00+00:00,0.994759717
2019-06-20 13:00:00+00:00,0.994828141
2019-06-20 14:00:00+00:00,0.994897637
2019-06-20 15:00:00+00:00,0.994968476
2019-06-20 16:00:00+00:00,0.995038254
2019-06-20 17:00:00+00:00,0.995108389
2019-06-20 18:00:00+00:00,0.995178223
2019-06-20 19:00:00+00:00,0.995083635
2019-06-20 20:00:00+00:00,0.994988259
2019-06-20 21:00:00+00:00,0.994893381
2019-06-20 22:00:00+00:00,0.994798782
2019-06-20 23:00:00+00:00,0.99470507
2019-06-21 00:00:00+00:00,0.994611201
2019-06-21 01:00:00+00:00,0.994516179
2019-06-21 02:00:00+00:00,0.994420686
2019-06-21 03:00:00+00:00,0.994325741
2019-06-21 04:00:00+00:00,0.994393574
2019-06-21 05:00:00+00:00,0.994459633
2019-06-21 06:00:00+00:00,0.994354647
2019-06-21 07:00:00+00:00,0.994411467
2019-06-21 08:00:00+00:00,0.994468384
2019-06-21 09:00:00+00:00,0.994529951
2019-06-21 10:00:00+00:00,0.994591043
2019-06-21 11:00:00+00:00,0.994652088
2019-06-21 12:00:00+00:00,0.994716219
2019-06-21 13:00:00+00:00,0.994781486
2019-06-21 14:00:00+00:00,0.994847407
2019-06-21 15:00:00+00:00,0.994914429
2019-06-21 16:00:00+00:00,0.994981319
2019-06-21 17:00:00+00:00,0.995048396
2019-06-21 18:00:00+00:00,0.99495204
2019-06-21 19:00:00+00:00,0.995018451
2019-06-21 20:00:00+00:00,0.995084337
2019-06-21 21:00:00+00:00,0.994987672
2019-06-21 22:00:00+00:00,0.994892827
2019-06-21 23:00:00+00:00,0.994797836
2019-06-22 00:00:00+00:00,0.994703792
2019-06-22 01:00:00+00:00,0.994610373
2019-06-22 02:00:00+00:00,0.994517045
2019-06-22 03:00:00+00:00,0.994424394
2019-06-22 04:00:00+00:00,0.994331466
2019-06-22 05:00:00+00:00,0.99423887
2019-06-22 06:00:00+00:00,0.994296334
2019-06-22 07:00:00+00:00,0.99436593
2019-06-22 08:00:00+00:00,0.994434183
2019-06-22 09:00:00+00:00,0.994502427
2019-06-22 10:00:00+00:00,0.994570804
2019-06-22 11:00:00+00:00,0.994639027
2019-06-22 12:00:00+00:00,0.994709277
2019-06-22 13:00:00+00:00,0.994779563
2019-06-22 14:00:00+00:00,0.99485073
2019-06-22 15:00:00+00:00,0.994921937
2019-06-22 16:00:00+00:00,0.994992937
2019-06-22 17:00:00+00:00,0.995064061
2019-06-22 18:00:00+00:00,0.995133787
2019-06-22 19:00:00+00:00,0.995201893
2019-06-22 20:00:00+00:00,0.995265984
2019-06-22 21:00:00+00:00,0.995335063
2019-06-22 22:00:00+00:00,0.995405205
2019-06-22 23:00:00+00:00,0.995476638
2019-06-23 00:00:00+00:00,0.995548359
2019-06-23 01:00:00+00:00,0.995620494
2019-06-23 02:00:00+00:00,0.995692251
2019-06-23 03:00:00+00:00,0.995763831
2019-06-23 04:00:00+00:00,0.995835241
2019-06-23 05:00:00+00:00,0.995906626
2019-06-23 06:00:00+00:00,0.995978073
2019-06-23 07:00:00+00:00,0.996049007
2019-06-23 08:00:00+00:00,0.996119802
2019-06-23 09:00:00+00:00,0.996190029
2019-06-23 10:00:00+00:00,0.996259832
2019-06-23 11:00:00+00:00,0.996329234
2019-06-23 12:00:00+00:00,0.996399902
2019-06-23 13:00:00+00:00,0.996471323
2019-06-23 14:00:00+00:00,0.996543068
2019-06-23 15:00:00+00:00,0.996614986
2019-06-23 16:00:00+00:00,0.996679175
2019-06-23 17:00:00+00:00,0.996742853
2019-06-23 18:00:00+00:00,0.996806374
2019-06-23 19:00:00+00:00,0.996802962
2019-06-23 20:00:00+00:00,0.996776377
2019-06-23 21:00:00+00:00,0.99675321
2019-06-23 22:00:00+00:00,0.996796428
2019-06-23 23:00:00+00:00,0.996839763
2019-06-24 00:00:00+00:00,0.996883109
2019-06-24 01:00:00+00:00,0.996926699
2019-06-24 02:00:00+00:00,0.996970386
2019-06-24 03:00:00+00:00,0.997014172
2019-06-24 04:00:00+00:00,0.996949087
2019-06-24 05:00:00+00:00,0.996880906
2019-06-24 06:00:00+00:00,0.996923163
2019-06-24 07:00:00+00:00,0.996962681
2019-06-24 08:00:00+00:00,0.99703043
2019-06-24 09:00:00+00:00,0.997098147
2019-06-24 10:00:00+00:00,0.997165698
2019-06-24 11:00:00+00:00,0.997233561
2019-06-24 12:00:00+00:00,0.997303028
2019-06-24 13:00:00+00:00,0.997372285
2019-06-24 14:00:00+00:00,0.9974418
2019-06-24 15:00:00+00:00,0.997511194
2019-06-24 16:00:00+00:00,0.997573756
2019-06-24 17:00:00+00:00,0.99763605
2019-06-24 18:00:00+00:00,0.997534154
2019-06-24 19:00:00+00:00,0.997106915
2019-06-24 20:00:00+00:00,0.996680027
2019-06-24 21:00:00+00:00,0.996254184
2019-06-24 22:00:00+00:00,0.995836304
2019-06-24 23:00:00+00:00,0.995419268
2019-06-25 00:00:00+00:00,0.995002799
2019-06-25 01:00:00+00:00,0.99458705
2019-06-25 02:00:00+00:00,0.994171176
2019-06-25 03:00:00+00:00,0.99375517
2019-06-25 04:00:00+00:00,0.993338597
2019-06-25 05:00:00+00:00,0.992922532
2019-06-25 06:00:00+00:00,0.992337337
2019-06-25 07:00:00+00:00,0.992109103
2019-06-25 08:00:00+00:00,0.992176393
2019-06-25 09:00:00+00:00,0.992243838
2019-06-25 10:00:00+00:00,0.992311683
2019-06-25 11:00:00+00:00,0.992380352
2019-06-25 12:00:00+00:00,0.992450385
2019-06-25 13:00:00+00:00,0.992520355
2019-06-25 14:00:00+00:00,0.992590995
2019-06-25 15:00:00+00:00,0.992661857
2019-06-25 16:00:00+00:00,0.992733207
2019-06-25 17:00:00+00:00,0.992803675
2019-06-25 18:00:00+00:00,0.992873666
2019-06-25 19:00:00+00:00,0.992942759
2019-06-25 20:00:00+00:00,0.993012572
2019-06-25 21:00:00+00:00,0.993083105
2019-06-25 22:00:00+00:00,0.993155107
2019-06-25 23:00:00+00:00,0.99322733
2019-06-26 00:00:00+00:00,0.993300055
2019-06-26 01:00:00+00:00,0.993373559
2019-06-26 02:00:00+00:00,0.993447394
2019-06-26 03:00:00+00:00,0.99352081
2019-06-26 04:00:00+00:00,0.993593863
2019-06-26 05:00:00+00:00,0.993666375
2019-06-26 06:00:00+00:00,0.993736788
2019-06-26 07:00:00+00:00,0.993806321
2019-06-26 08:00:00+00:00,0.99387586
2019-06-26 09:00:00+00:00,0.99394679
2019-06-26 10:00:00+00:00,0.994017808
2019-06-26 11:00:00+00:00,0.994088866
2019-06-26 12:00:00+00:00,0.994160564
2019-06-26 13:00:00+00:00,0.994233174
2019-06-26 14:00:00+00:00,0.994305835
2019-06-26 15:00:00+00:00,0.99437797
2019-06-26 16:00:00+00:00,0.994450714
2019-06-26 17:00:00+00:00,0.994522268
2019-06-26 18:00:00+00:00,0.994592305
2019-06-26 19:00:00+00:00,0.994662091
2019-06-26 20:00:00+00:00,0.994732616
2019-06-26 21:00:00+00:00,0.994803789
2019-06-26 22:00:00+00:00,0.994876569
2019-06-26 23:00:00+00:00,0.994949317
2019-06-27 00:00:00+00:00,0.99502282
2019-06-27 01:00:00+00:00,0.995096371
2019-06-27 02:00:00+00:00,0.995169927
2019-06-27 03:00:00+00:00,0.995243131
2019-06-27 04:00:00+00:00,0.99531609
2019-06-27 05:00:00+00:00,0.995389853
2019-06-27 06:00:00+00:00,0.995462327
2019-06-27 07:00:00+00:00,0.995534393
2019-06-27 08:00:00+00:00,0.995606019
2019-06-27 09:00:00+00:00,0.995678164
2019-06-27 10:00:00+00:00,0.99575073
2019-06-27 11:00:00+00:00,0.995823398
2019-06-27 12:00:00+00:00,0.995896043
2019-06-27 13:00:00+00:00,0.995968639
2019-06-27 14:00:00+00:00,0.996040831
2019-06-27 15:00:00+00:00,0.996113348
2019-06-27 16:00:00+00:00,0.996186161
2019-06-27 17:00:00+00:00,0.996258501
2019-06-27 18:00:00+00:00,0.996165865
2019-06-27 19:00:00+00:00,0.996068687
2019-06-27 20:00:00+00:00,0.995971505
2019-06-27 21:00:00+00:00,0.995875065
2019-06-27 22:00:00+00:00,0.995778984
2019-06-27 23:00:00+00:00,0.995684005
2019-06-28 00:00:00+00:00,0.995589417
2019-06-28 01:00:00+00:00,0.995494528
2019-06-28 02:00:00+00:00,0.995399901
2019-06-28 03:00:00+00:00,0.995305675
2019-06-28 04:00:00+00:00,0.995211091
2019-06-28 05:00:00+00:00,0.994802056
2019-06-28 06:00:00+00:00,0.994254412
2019-06-28 07:00:00+00:00,0.994302239
2019-06-28 08:00:00+00:00,0.994370423
2019-06-28 09:00:00+00:00,0.994438988
2019-06-28 10:00:00+00:00,0.994507536
2019-06-28 11:00:00+00:00,0.994575894
2019-06-28 12:00:00+00:00,0.994644104
2019-06-28 13:00:00+00:00,0.994713628
2019-06-28 14:00:00+00:00,0.994776127
2019-06-28 15:00:00+00:00,0.994838929
2019-06-28 16:00:00+00:00,0.994901293
2019-06-28 17:00:00+00:00,0.994970889
2019-06-28 18:00:00+00:00,0.99487731
2019-06-28 19:00:00+00:00,0.994721432
2019-06-28 20:00:00+00:00,0.994566568
2019-06-28 21:00:00+00:00,0.994413111
2019-06-28 22:00:00+00:00,0.994261141
2019-06-28 23:00:00+00:00,0.994109951
2019-06-29 00:00:00+00:00,0.993958983
2019-06-29 01:00:00+00:00,0.993808053
2019-06-29 02:00:00+00:00,0.993657447
2019-06-29 03:00:00+00:00,0.993506393
2019-06-29 04:00:00+00:00,0.993355027
2019-06-29 05:00:00+00:00,0.992907208
2019-06-29 06:00:00+00:00,0.99256563
2019-06-29 07:00:00+00:00,0.992638313
2019-06-29 08:00:00+00:00,0.992710598
2019-06-29 09:00:00+00:00,0.992782641
2019-06-29 10:00:00+00:00,0.992854079
2019-06-29 11:00:00+00:00,0.992925318
2019-06-29 12:00:00+00:00,0.992998404
2019-06-29 13:00:00+00:00,0.993071796
2019-06-29 14:00:00+00:00,0.993144812
2019-06-29 15:00:00+00:00,0.993218355
2019-06-29 16:00:00+00:00,0.993291579
2019-06-29 17:00:00+00:00,0.993364519
2019-06-29 18:00:00+00:00,0.99327346
2019-06-29 19:00:00+00:00,0.993344883
2019-06-29 20:00:00+00:00,0.993416325
2019-06-29 21:00:00+00:00,0.993324721
2019-06-29 22:00:00+00:00,0.993234263
2019-06-29 23:00:00+00:00,0.99314441
2019-06-30 00:00:00+00:00,0.993055375
2019-06-30 01:00:00+00:00,0.992966575
2019-06-30 02:00:00+00:00,0.992877961
2019-06-30 03:00:00+00:00,0.992789343
2019-06-30 04:00:00+00:00,0.992700547
2019-06-30 05:00:00+00:00,0.992611852
2019-06-30 06:00:00+00:00,0.992522154
2019-06-30 07:00:00+00:00,0.992595721
2019-06-30 08:00:00+00:00,0.992668641
2019-06-30 09:00:00+00:00,0.99274113
2019-06-30 10:00:00+00:00,0.992813607
2019-06-30 11:00:00+00:00,0.99288613
2019-06-30 12:00:00+00:00,0.992959308
2019-06-30 13:00:00+00:00,0.99303263
2019-06-30 14:00:00+00:00,0.993106572
2019-06-30 15:00:00+00:00,0.993181071
2019-06-30 16:00:00+00:00,0.99325525
2019-06-30 17:00:00+00:00,0.993329097
2019-06-30 18:00:00+00:00,0.993402237
2019-06-30 19:00:00+00:00,0.993474186
2019-06-30 20:00:00+00:00,0.99354551
2019-06-30 21:00:00+00:00,0.99361769
2019-06-30 22:00:00+00:00,0.99369101
2019-06-30 23:00:00+00:00,0.99376647
2019-07-01 00:00:00+00:00,0.993776566
2019-07-01 01:00:00+00:00,0.993786662
2019-07-01 02:00:00+00:00,0.993796838
2019-07-01 03:00:00+00:00,0.993807147
2019-07-01 04:00:00+00:00,0.993817006
2019-07-01 05:00:00+00:00,0.993826538
2019-07-01 06:00:00+00:00,0.993834604
2019-07-01 07:00:00+00:00,0.993841569
2019-07-01 08:00:00+00:00,0.993847531
2019-07-01 09:00:00+00:00,0.993853443
2019-07-01 10:00:00+00:00,0.993858023
2019-07-01 11:00:00+00:00,0.99386271
2019-07-01 12:00:00+00:00,0.99386271
2019-07-01 13:00:00+00:00,0.993867858
2019-07-01 14:00:00+00:00,0.993874141
2019-07-01 15:00:00+00:00,0.993875428
2019-07-01 16:00:00+00:00,0.993882373
2019-07-01 17:00:00+00:00,0.993891472
2019-07-01 18:00:00+00:00,0.993900094
2019-07-01 19:00:00+00:00,0.993909979
2019-07-01 20:00:00+00:00,0.993920222
2019-07-01 21:00:00+00:00,0.993930557
2019-07-01 22:00:00+00:00,0.993942631
2019-07-01 23:00:00+00:00,0.993956044
2019-07-02 00:00:00+00:00,0.993969561
2019-07-02 01:00:00+00:00,0.993983652
2019-07-02 02:00:00+00:00,0.993997914
2019-07-02 03:00:00+00:00,0.994011858
2019-07-02 04:00:00+00:00,0.994024693
2019-07-02 05:00:00+00:00,0.994037547
2019-07-02 06:00:00+00:00,0.994047448
2019-07-02 07:00:00+00:00,0.994052702
2019-07-02 08:00:00+00:00,0.994054659
2019-07-02 09:00:00+00:00,0.994054659
2019-07-02 10:00:00+00:00,0.994057724
2019-07-02 11:00:00+00:00,0.994060774
2019-07-02 12:00:00+00:00,0.994060774
2019-07-02 13:00:00+00:00,0.994061079
2019-07-02 14:00:00+00:00,0.994061428
2019-07-02 15:00:00+00:00,0.994061919
2019-07-02 16:00:00+00:00,0.994063666
2019-07-02 17:00:00+00:00,0.994066017
2019-07-02 18:00:00+00:00,0.993904058
2019-07-02 19:00:00+00:00,0.99374525
2019-07-02 20:00:00+00:00,0.993746226
2019-07-02 21:00:00+00:00,0.993590631
2019-07-02 22:00:00+00:00,0.993437773
2019-07-02 23:00:00+00:00,0.993286014
2019-07-03 00:00:00+00:00,0.993134248
2019-07-03 01:00:00+00:00,0.992982781
2019-07-03 02:00:00+00:00,0.992831046
2019-07-03 03:00:00+00:00,0.992679497
2019-07-03 04:00:00+00:00,0.992527141
2019-07-03 05:00:00+00:00,0.992374621
2019-07-03 06:00:00+00:00,0.992218466
2019-07-03 07:00:00+00:00,0.992124161
2019-07-03 08:00:00+00:00,0.992125864
2019-07-03 09:00:00+00:00,0.992125961
2019-07-03 10:00:00+00:00,0.992125961
2019-07-03 11:00:00+00:00,0.992125961
2019-07-03 12:00:00+00:00,0.992127595
2019-07-03 13:00:00+00:00,0.99213101
2019-07-03 14:00:00+00:00,0.99213416
2019-07-03 15:00:00+00:00,0.992137781
2019-07-03 16:00:00+00:00,0.992143562
2019-07-03 17:00:00+00:00,0.992149414
2019-07-03 18:00:00+00:00,0.991991539
2019-07-03 19:00:00+00:00,0.991833251
2019-07-03 20:00:00+00:00,0.991675516
2019-07-03 21:00:00+00:00,0.991519056
2019-07-03 22:00:00+00:00,0.991364357
2019-07-03 23:00:00+00:00,0.991210233
2019-07-04 00:00:00+00:00,0.991056562
2019-07-04 01:00:00+00:00,0.9909033
2019-07-04 02:00:00+00:00,0.990750131
2019-07-04 03:00:00+00:00,0.990760157
2019-07-04 04:00:00+00:00,0.990769285
2019-07-04 05:00:00+00:00,0.990778737
2019-07-04 06:00:00+00:00,0.990595915
2019-07-04 07:00:00+00:00,0.990387648
2019-07-04 08:00:00+00:00,0.990389253
2019-07-04 09:00:00+00:00,0.990389253
2019-07-04 10:00:00+00:00,0.990389253
2019-07-04 11:00:00+00:00,0.990389253
2019-07-04 12:00:00+00:00,0.990389934
2019-07-04 13:00:00+00:00,0.990392138
2019-07-04 14:00:00+00:00,0.990394962
2019-07-04 15:00:00+00:00,0.990397853
2019-07-04 16:00:00+00:00,0.99040119
2019-07-04 17:00:00+00:00,0.990406543
2019-07-04 18:00:00+00:00,0.989768059
2019-07-04 19:00:00+00:00,0.989405148
2019-07-04 20:00:00+00:00,0.98904247
2019-07-04 21:00:00+00:00,0.988681603
2019-07-04 22:00:00+00:00,0.988322892
2019-07-04 23:00:00+00:00,0.987965386
2019-07-05 00:00:00+00:00,0.98760879
2019-07-05 01:00:00+00:00,0.987252225
2019-07-05 02:00:00+00:00,0.986895322
2019-07-05 03:00:00+00:00,0.986536445
2019-07-05 04:00:00+00:00,0.986177725
2019-07-05 05:00:00+00:00,0.985818585
2019-07-05 06:00:00+00:00,0.985167346
2019-07-05 07:00:00+00:00,0.984530353
2019-07-05 08:00:00+00:00,0.984530353
2019-07-05 09:00:00+00:00,0.984530353
2019-07-05 10:00:00+00:00,0.984530353
2019-07-05 11:00:00+00:00,0.984530353
2019-07-05 12:00:00+00:00,0.984531669
2019-07-05 13:00:00+00:00,0.984535343
2019-07-05 14:00:00+00:00,0.984539632
2019-07-05 15:00:00+00:00,0.984544393
2019-07-05 16:00:00+00:00,0.984549554
2019-07-05 17:00:00+00:00,0.984515318
2019-07-05 18:00:00+00:00,0.984000252
2019-07-05 19:00:00+00:00,0.983485068
2019-07-05 20:00:00+00:00,0.982970174
2019-07-05 21:00:00+00:00,0.982456767
2019-07-05 22:00:00+00:00,0.981944242
2019-07-05 23:00:00+00:00,0.981432449
2019-07-06 00:00:00+00:00,0.980920932
2019-07-06 01:00:00+00:00,0.980410077
2019-07-06 02:00:00+00:00,0.979899702
2019-07-06 03:00:00+00:00,0.979389447
2019-07-06 04:00:00+00:00,0.978879498
2019-07-06 05:00:00+00:00,0.978235833
2019-07-06 06:00:00+00:00,0.977591315
2019-07-06 07:00:00+00:00,0.977528068
2019-07-06 08:00:00+00:00,0.977533947
2019-07-06 09:00:00+00:00,0.977539243
2019-07-06 10:00:00+00:00,0.977544358
2019-07-06 11:00:00+00:00,0.977550398
2019-07-06 12:00:00+00:00,0.977557488
2019-07-06 13:00:00+00:00,0.977566414
2019-07-06 14:00:00+00:00,0.977576744
2019-07-06 15:00:00+00:00,0.977587709
2019-07-06 16:00:00+00:00,0.977598561
2019-07-06 17:00:00+00:00,0.977609225
2019-07-06 18:00:00+00:00,0.977454753
2019-07-06 19:00:00+00:00,0.977461825
2019-07-06 20:00:00+00:00,0.977468653
2019-07-06 21:00:00+00:00,0.977311673
2019-07-06 22:00:00+00:00,0.977155995
2019-07-06 23:00:00+00:00,0.977001636
2019-07-07 00:00:00+00:00,0.976847228
2019-07-07 01:00:00+00:00,0.976694088
2019-07-07 02:00:00+00:00,0.976541628
2019-07-07 03:00:00+00:00,0.976389648
2019-07-07 04:00:00+00:00,0.97623869
2019-07-07 05:00:00+00:00,0.976088024
2019-07-07 06:00:00+00:00,0.975935453
2019-07-07 07:00:00+00:00,0.975943608
2019-07-07 08:00:00+00:00,0.975951376
2019-07-07 09:00:00+00:00,0.975958807
2019-07-07 10:00:00+00:00,0.975965898
2019-07-07 11:00:00+00:00,0.975972452
2019-07-07 12:00:00+00:00,0.975979429
2019-07-07 13:00:00+00:00,0.9759869
2019-07-07 14:00:00+00:00,0.975996119
2019-07-07 15:00:00+00:00,0.976007196
2019-07-07 16:00:00+00:00,0.976018592
2019-07-07 17:00:00+00:00,0.976030266
2019-07-07 18:00:00+00:00,0.976041718
2019-07-07 19:00:00+00:00,0.976052282
2019-07-07 20:00:00+00:00,0.976062119
2019-07-07 21:00:00+00:00,0.976072601
2019-07-07 22:00:00+00:00,0.97608442
2019-07-07 23:00:00+00:00,0.97609701
2019-07-08 00:00:00+00:00,0.976109648
2019-07-08 01:00:00+00:00,0.976122247
2019-07-08 02:00:00+00:00,0.976134879
2019-07-08 03:00:00+00:00,0.976147352
2019-07-08 04:00:00+00:00,0.976158727
2019-07-08 05:00:00+00:00,0.976169322
2019-07-08 06:00:00+00:00,0.976176407
2019-07-08 07:00:00+00:00,0.976183135
2019-07-08 08:00:00+00:00,0.976188533
2019-07-08 09:00:00+00:00,0.976193498
2019-07-08 10:00:00+00:00,0.976197718
2019-07-08 11:00:00+00:00,0.976201584
2019-07-08 12:00:00+00:00,0.976205993
2019-07-08 13:00:00+00:00,0.97621129
2019-07-08 14:00:00+00:00,0.976217347
2019-07-08 15:00:00+00:00,0.9762259
2019-07-08 16:00:00+00:00,0.976235172
2019-07-08 17:00:00+00:00,0.976243992
2019-07-08 18:00:00+00:00,0.976253597
2019-07-08 19:00:00+00:00,0.976097314
2019-07-08 20:00:00+00:00,0.975940213
2019-07-08 21:00:00+00:00,0.975784457
2019-07-08 22:00:00+00:00,0.975628736
2019-07-08 23:00:00+00:00,0.975638215
2019-07-09 00:00:00+00:00,0.975484585
2019-07-09 01:00:00+00:00,0.975330951
2019-07-09 02:00:00+00:00,0.975176629
2019-07-09 03:00:00+00:00,0.97502144
2019-07-09 04:00:00+00:00,0.974866947
2019-07-09 05:00:00+00:00,0.974711772
2019-07-09 06:00:00+00:00,0.97455389
2019-07-09 07:00:00+00:00,0.974557461
2019-07-09 08:00:00+00:00,0.974559094
2019-07-09 09:00:00+00:00,0.974560524
2019-07-09 10:00:00+00:00,0.974561807
2019-07-09 11:00:00+00:00,0.974562742
2019-07-09 12:00:00+00:00,0.974564985
2019-07-09 13:00:00+00:00,0.974568844
2019-07-09 14:00:00+00:00,0.974573011
2019-07-09 15:00:00+00:00,0.974577914
2019-07-09 16:00:00+00:00,0.974581938
2019-07-09 17:00:00+00:00,0.974586746
2019-07-09 18:00:00+00:00,0.974428418
2019-07-09 19:00:00+00:00,0.974432547
2019-07-09 20:00:00+00:00,0.974438676
2019-07-09 21:00:00+00:00,0.974282716
2019-07-09 22:00:00+00:00,0.974128063
2019-07-09 23:00:00+00:00,0.973973418
2019-07-10 00:00:00+00:00,0.973821186
2019-07-10 01:00:00+00:00,0.973668106
2019-07-10 02:00:00+00:00,0.973515075
2019-07-10 03:00:00+00:00,0.973362853
2019-07-10 04:00:00+00:00,0.973209685
2019-07-10 05:00:00+00:00,0.973055446
2019-07-10 06:00:00+00:00,0.972899918
2019-07-10 07:00:00+00:00,0.972906996
2019-07-10 08:00:00+00:00,0.972913422
2019-07-10 09:00:00+00:00,0.972916939
2019-07-10 10:00:00+00:00,0.97291947
2019-07-10 11:00:00+00:00,0.97292114
2019-07-10 12:00:00+00:00,0.972924007
2019-07-10 13:00:00+00:00,0.972926076
2019-07-10 14:00:00+00:00,0.972929529
2019-07-10 15:00:00+00:00,0.972934445
2019-07-10 16:00:00+00:00,0.972940805
2019-07-10 17:00:00+00:00,0.972947585
2019-07-10 18:00:00+00:00,0.972455699
2019-07-10 19:00:00+00:00,0.971963704
2019-07-10 20:00:00+00:00,0.971474125
2019-07-10 21:00:00+00:00,0.970985561
2019-07-10 22:00:00+00:00,0.970498178
2019-07-10 23:00:00+00:00,0.970011724
2019-07-11 00:00:00+00:00,0.969525064
2019-07-11 01:00:00+00:00,0.969039616
2019-07-11 02:00:00+00:00,0.96855316
2019-07-11 03:00:00+00:00,0.968066346
2019-07-11 04:00:00+00:00,0.967579392
2019-07-11 05:00:00+00:00,0.967073458
2019-07-11 06:00:00+00:00,0.966427936
2019-07-11 07:00:00+00:00,0.966433368
2019-07-11 08:00:00+00:00,0.966437152
2019-07-11 09:00:00+00:00,0.966441265
2019-07-11 10:00:00+00:00,0.966444874
2019-07-11 11:00:00+00:00,0.966448173
2019-07-11 12:00:00+00:00,0.966452286
2019-07-11 13:00:00+00:00,0.966454772
2019-07-11 14:00:00+00:00,0.966457728
2019-07-11 15:00:00+00:00,0.966464217
2019-07-11 16:00:00+00:00,0.966471186
2019-07-11 17:00:00+00:00,0.966382611
2019-07-11 18:00:00+00:00,0.965882536
2019-07-11 19:00:00+00:00,0.965383292
2019-07-11 20:00:00+00:00,0.96488656
2019-07-11 21:00:00+00:00,0.964390311
2019-07-11 22:00:00+00:00,0.963895015
2019-07-11 23:00:00+00:00,0.963400075
2019-07-12 00:00:00+00:00,0.962905736
2019-07-12 01:00:00+00:00,0.962411728
2019-07-12 02:00:00+00:00,0.961917224
2019-07-12 03:00:00+00:00,0.961422155
2019-07-12 04:00:00+00:00,0.96092672
2019-07-12 05:00:00+00:00,0.960430622
2019-07-12 06:00:00+00:00,0.959787107
2019-07-12 07:00:00+00:00,0.959368901
2019-07-12 08:00:00+00:00,0.959372252
2019-07-12 09:00:00+00:00,0.959374178
2019-07-12 10:00:00+00:00,0.959375312
2019-07-12 11:00:00+00:00,0.959376811
2019-07-12 12:00:00+00:00,0.959379889
2019-07-12 13:00:00+00:00,0.959384112
2019-07-12 14:00:00+00:00,0.958768117
2019-07-12 15:00:00+00:00,0.958773297
2019-07-12 16:00:00+00:00,0.958142169
2019-07-12 17:00:00+00:00,0.957755021
2019-07-12 18:00:00+00:00,0.957367421
2019-07-12 19:00:00+00:00,0.956980697
2019-07-12 20:00:00+00:00,0.956595378
2019-07-12 21:00:00+00:00,0.956210047
2019-07-12 22:00:00+00:00,0.955824754
2019-07-12 23:00:00+00:00,0.95525135
2019-07-13 00:00:00+00:00,0.95461486
2019-07-13 01:00:00+00:00,0.953979501
2019-07-13 02:00:00+00:00,0.953344963
2019-07-13 03:00:00+00:00,0.952712737
2019-07-13 04:00:00+00:00,0.952080182
2019-07-13 05:00:00+00:00,0.951448357
2019-07-13 06:00:00+00:00,0.950828327
2019-07-13 07:00:00+00:00,0.95083984
2019-07-13 08:00:00+00:00,0.950850089
2019-07-13 09:00:00+00:00,0.95085969
2019-07-13 10:00:00+00:00,0.950869685
2019-07-13 11:00:00+00:00,0.950879772
2019-07-13 12:00:00+00:00,0.950892025
2019-07-13 13:00:00+00:00,0.950904188
2019-07-13 14:00:00+00:00,0.950917231
2019-07-13 15:00:00+00:00,0.950930863
2019-07-13 16:00:00+00:00,0.950944643
2019-07-13 17:00:00+00:00,0.95095817
2019-07-13 18:00:00+00:00,0.950970451
2019-07-13 19:00:00+00:00,0.950983488
2019-07-13 20:00:00+00:00,0.950994945
2019-07-13 21:00:00+00:00,0.9510066
2019-07-13 22:00:00+00:00,0.951018779
2019-07-13 23:00:00+00:00,0.951031171
2019-07-14 00:00:00+00:00,0.951044796
2019-07-14 01:00:00+00:00,0.951058669
2019-07-14 02:00:00+00:00,0.951073715
2019-07-14 03:00:00+00:00,0.951088453
2019-07-14 04:00:00+00:00,0.951101573
2019-07-14 05:00:00+00:00,0.951114874
2019-07-14 06:00:00+00:00,0.951126907
2019-07-14 07:00:00+00:00,0.95113799
2019-07-14 08:00:00+00:00,0.951149023
2019-07-14 09:00:00+00:00,0.951159371
2019-07-14 10:00:00+00:00,0.9511695
2019-07-14 11:00:00+00:00,0.951180146
2019-07-14 12:00:00+00:00,0.951191022
2019-07-14 13:00:00+00:00,0.95120413
2019-07-14 14:00:00+00:00,0.951217312
2019-07-14 15:00:00+00:00,0.95123127
2019-07-14 16:00:00+00:00,0.951245424
2019-07-14 17:00:00+00:00,0.951258121
2019-07-14 18:00:00+00:00,0.951270018
2019-07-14 19:00:00+00:00,0.951280157
2019-07-14 20:00:00+00:00,0.951289565
2019-07-14 21:00:00+00:00,0.951299717
2019-07-14 22:00:00+00:00,0.951310771
2019-07-14 23:00:00+00:00,0.95132312
2019-07-15 00:00:00+00:00,0.951336692
2019-07-15 01:00:00+00:00,0.951350757
2019-07-15 02:00:00+00:00,0.951364958
2019-07-15 03:00:00+00:00,0.95137919
2019-07-15 04:00:00+00:00,0.951392784
2019-07-15 05:00:00+00:00,0.951405713
2019-07-15 06:00:00+00:00,0.951415948
2019-07-15 07:00:00+00:00,0.951423237
2019-07-15 08:00:00+00:00,0.951430124
2019-07-15 09:00:00+00:00,0.951436399
2019-07-15 10:00:00+00:00,0.951439492
2019-07-15 11:00:00+00:00,0.951439492
2019-07-15 12:00:00+00:00,0.951443532
2019-07-15 13:00:00+00:00,0.951450361
2019-07-15 14:00:00+00:00,0.951457404
2019-07-15 15:00:00+00:00,0.95146628
2019-07-15 16:00:00+00:00,0.951475834
2019-07-15 17:00:00+00:00,0.951486103
2019-07-15 18:00:00+00:00,0.9514962
2019-07-15 19:00:00+00:00,0.951506247
2019-07-15 20:00:00+00:00,0.951515965
2019-07-15 21:00:00+00:00,0.951526825
2019-07-15 22:00:00+00:00,0.951538223
2019-07-15 23:00:00+00:00,0.951550389
2019-07-16 00:00:00+00:00,0.951563695
2019-07-16 01:00:00+00:00,0.951577915
2019-07-16 02:00:00+00:00,0.951591993
2019-07-16 03:00:00+00:00,0.95160602
2019-07-16 04:00:00+00:00,0.951619442
2019-07-16 05:00:00+00:00,0.951631168
2019-07-16 06:00:00+00:00,0.951640899
2019-07-16 07:00:00+00:00,0.951648162
2019-07-16 08:00:00+00:00,0.951654398
2019-07-16 09:00:00+00:00,0.951655091
2019-07-16 10:00:00+00:00,0.951655488
2019-07-16 11:00:00+00:00,0.951655804
2019-07-16 12:00:00+00:00,0.951656762
2019-07-16 13:00:00+00:00,0.951662671
2019-07-16 14:00:00+00:00,0.951667254
2019-07-16 15:00:00+00:00,0.951673828
2019-07-16 16:00:00+00:00,0.95168549
2019-07-16 17:00:00+00:00,0.951696924
2019-07-16 18:00:00+00:00,0.951544967
2019-07-16 19:00:00+00:00,0.95139191
2019-07-16 20:00:00+00:00,0.951239047
2019-07-16 21:00:00+00:00,0.951086443
2019-07-16 22:00:00+00:00,0.950934667
2019-07-16 23:00:00+00:00,0.950783436
2019-07-17 00:00:00+00:00,0.950633001
2019-07-17 01:00:00+00:00,0.950482893
2019-07-17 02:00:00+00:00,0.950332876
2019-07-17 03:00:00+00:00,0.950182076
2019-07-17 04:00:00+00:00,0.950030843
2019-07-17 05:00:00+00:00,0.950042574
2019-07-17 06:00:00+00:00,0.949887899
2019-07-17 07:00:00+00:00,0.949730981
2019-07-17 08:00:00+00:00,0.94973728
2019-07-17 09:00:00+00:00,0.94973728
2019-07-17 10:00:00+00:00,0.94973728
2019-07-17 11:00:00+00:00,0.949740762
2019-07-17 12:00:00+00:00,0.94974641
2019-07-17 13:00:00+00:00,0.949754216
2019-07-17 14:00:00+00:00,0.949762131
2019-07-17 15:00:00+00:00,0.949771059
2019-07-17 16:00:00+00:00,0.949780364
2019-07-17 17:00:00+00:00,0.949789212
2019-07-17 18:00:00+00:00,0.949635282
2019-07-17 19:00:00+00:00,0.949482411
2019-07-17 20:00:00+00:00,0.949330028
2019-07-17 21:00:00+00:00,0.949177866
2019-07-17 22:00:00+00:00,0.949026659
2019-07-17 23:00:00+00:00,0.94887534
2019-07-18 00:00:00+00:00,0.948724199
2019-07-18 01:00:00+00:00,0.948574007
2019-07-18 02:00:00+00:00,0.948423093
2019-07-18 03:00:00+00:00,0.948271998
2019-07-18 04:00:00+00:00,0.948120935
2019-07-18 05:00:00+00:00,0.948133073
2019-07-18 06:00:00+00:00,0.947981077
2019-07-18 07:00:00+00:00,0.947989672
2019-07-18 08:00:00+00:00,0.947997725
2019-07-18 09:00:00+00:00,0.948004679
2019-07-18 10:00:00+00:00,0.948010144
2019-07-18 11:00:00+00:00,0.948015204
2019-07-18 12:00:00+00:00,0.948020595
2019-07-18 13:00:00+00:00,0.948026996
2019-07-18 14:00:00+00:00,0.948035729
2019-07-18 15:00:00+00:00,0.948044707
2019-07-18 16:00:00+00:00,0.948054163
2019-07-18 17:00:00+00:00,0.948063521
2019-07-18 18:00:00+00:00,0.947902725
2019-07-18 19:00:00+00:00,0.947570351
2019-07-18 20:00:00+00:00,0.947238077
2019-07-18 21:00:00+00:00,0.946911691
2019-07-18 22:00:00+00:00,0.946588094
2019-07-18 23:00:00+00:00,0.946264606
2019-07-19 00:00:00+00:00,0.94594132
2019-07-19 01:00:00+00:00,0.945617613
2019-07-19 02:00:00+00:00,0.945293993
2019-07-19 03:00:00+00:00,0.944970537
2019-07-19 04:00:00+00:00,0.944647004
2019-07-19 05:00:00+00:00,0.944323221
2019-07-19 06:00:00+00:00,0.943698577
2019-07-19 07:00:00+00:00,0.943627339
2019-07-19 08:00:00+00:00,0.943632372
2019-07-19 09:00:00+00:00,0.943637148
2019-07-19 10:00:00+00:00,0.943641275
2019-07-19 11:00:00+00:00,0.943646092
2019-07-19 12:00:00+00:00,0.943653651
2019-07-19 13:00:00+00:00,0.94366291
2019-07-19 14:00:00+00:00,0.943674027
2019-07-19 15:00:00+00:00,0.943685103
2019-07-19 16:00:00+00:00,0.943696694
2019-07-19 17:00:00+00:00,0.943708548
2019-07-19 18:00:00+00:00,0.943557021
2019-07-19 19:00:00+00:00,0.94356855
2019-07-19 20:00:00+00:00,0.943580196
2019-07-19 21:00:00+00:00,0.943429264
2019-07-19 22:00:00+00:00,0.943279017
2019-07-19 23:00:00+00:00,0.943129431
2019-07-20 00:00:00+00:00,0.942980053
2019-07-20 01:00:00+00:00,0.942830946
2019-07-20 02:00:00+00:00,0.942682044
2019-07-20 03:00:00+00:00,0.942532743
2019-07-20 04:00:00+00:00,0.942546334
2019-07-20 05:00:00+00:00,0.942559746
2019-07-20 06:00:00+00:00,0.942224658
2019-07-20 07:00:00+00:00,0.942234514
2019-07-20 08:00:00+00:00,0.942244461
2019-07-20 09:00:00+00:00,0.942253505
2019-07-20 10:00:00+00:00,0.942263236
2019-07-20 11:00:00+00:00,0.942273233
2019-07-20 12:00:00+00:00,0.942283525
2019-07-20 13:00:00+00:00,0.942296312
2019-07-20 14:00:00+00:00,0.942309534
2019-07-20 15:00:00+00:00,0.942323203
2019-07-20 16:00:00+00:00,0.942336913
2019-07-20 17:00:00+00:00,0.942350547
2019-07-20 18:00:00+00:00,0.942200533
2019-07-20 19:00:00+00:00,0.942050002
2019-07-20 20:00:00+00:00,0.941899634
2019-07-20 21:00:00+00:00,0.941748791
2019-07-20 22:00:00+00:00,0.941599523
2019-07-20 23:00:00+00:00,0.941451232
2019-07-21 00:00:00+00:00,0.941303745
2019-07-21 01:00:00+00:00,0.941156309
2019-07-21 02:00:00+00:00,0.941008945
2019-07-21 03:00:00+00:00,0.940861685
2019-07-21 04:00:00+00:00,0.940876268
2019-07-21 05:00:00+00:00,0.940727042
2019-07-21 06:00:00+00:00,0.940577017
2019-07-21 07:00:00+00:00,0.940588298
2019-07-21 08:00:00+00:00,0.940599963
2019-07-21 09:00:00+00:00,0.940611449
2019-07-21 10:00:00+00:00,0.940622299
2019-07-21 11:00:00+00:00,0.94063254
2019-07-21 12:00:00+00:00,0.94064369
2019-07-21 13:00:00+00:00,0.940655594
2019-07-21 14:00:00+00:00,0.940668941
2019-07-21 15:00:00+00:00,0.940682672
2019-07-21 16:00:00+00:00,0.94069637
2019-07-21 17:00:00+00:00,0.940709451
2019-07-21 18:00:00+00:00,0.940722299
2019-07-21 19:00:00+00:00,0.940734352
2019-07-21 20:00:00+00:00,0.94074631
2019-07-21 21:00:00+00:00,0.940758914
2019-07-21 22:00:00+00:00,0.940772317
2019-07-21 23:00:00+00:00,0.940786083
2019-07-22 00:00:00+00:00,0.940799857
2019-07-22 01:00:00+00:00,0.940813675
2019-07-22 02:00:00+00:00,0.940827603
2019-07-22 03:00:00+00:00,0.940841267
2019-07-22 04:00:00+00:00,0.940852938
2019-07-22 05:00:00+00:00,0.940863967
2019-07-22 06:00:00+00:00,0.940872955
2019-07-22 07:00:00+00:00,0.940881154
2019-07-22 08:00:00+00:00,0.940889581
2019-07-22 09:00:00+00:00,0.940896516
2019-07-22 10:00:00+00:00,0.940901453
2019-07-22 11:00:00+00:00,0.940907557
2019-07-22 12:00:00+00:00,0.940915321
2019-07-22 13:00:00+00:00,0.940926359
2019-07-22 14:00:00+00:00,0.940937777
2019-07-22 15:00:00+00:00,0.940949247
2019-07-22 16:00:00+00:00,0.940961248
2019-07-22 17:00:00+00:00,0.940973372
2019-07-22 18:00:00+00:00,0.940822307
2019-07-22 19:00:00+00:00,0.940671603
2019-07-22 20:00:00+00:00,0.940520593
2019-07-22 21:00:00+00:00,0.9403697
2019-07-22 22:00:00+00:00,0.940219501
2019-07-22 23:00:00+00:00,0.940069105
2019-07-23 00:00:00+00:00,0.939919255
2019-07-23 01:00:00+00:00,0.939769415
2019-07-23 02:00:00+00:00,0.939619694
2019-07-23 03:00:00+00:00,0.939470009
2019-07-23 04:00:00+00:00,0.93948347
2019-07-23 05:00:00+00:00,0.939496779
2019-07-23 06:00:00+00:00,0.939346414
2019-07-23 07:00:00+00:00,0.939302192
2019-07-23 08:00:00+00:00,0.9393117
2019-07-23 09:00:00+00:00,0.939320823
2019-07-23 10:00:00+00:00,0.939322084
2019-07-23 11:00:00+00:00,0.939323639
2019-07-23 12:00:00+00:00,0.939330499
2019-07-23 13:00:00+00:00,0.939336351
2019-07-23 14:00:00+00:00,0.939347327
2019-07-23 15:00:00+00:00,0.939358344
2019-07-23 16:00:00+00:00,0.939369263
2019-07-23 17:00:00+00:00,0.939363565
2019-07-23 18:00:00+00:00,0.938721236
2019-07-23 19:00:00+00:00,0.9380783
2019-07-23 20:00:00+00:00,0.937435105
2019-07-23 21:00:00+00:00,0.936793207
2019-07-23 22:00:00+00:00,0.936152642
2019-07-23 23:00:00+00:00,0.935512869
2019-07-24 00:00:00+00:00,0.934873523
2019-07-24 01:00:00+00:00,0.934234564
2019-07-24 02:00:00+00:00,0.933595519
2019-07-24 03:00:00+00:00,0.932956418
2019-07-24 04:00:00+00:00,0.932317
2019-07-24 05:00:00+00:00,0.931677241
2019-07-24 06:00:00+00:00,0.93103515
2019-07-24 07:00:00+00:00,0.930593543
2019-07-24 08:00:00+00:00,0.930602888
2019-07-24 09:00:00+00:00,0.930611153
2019-07-24 10:00:00+00:00,0.930613745
2019-07-24 11:00:00+00:00,0.930616847
2019-07-24 12:00:00+00:00,0.930619285
2019-07-24 13:00:00+00:00,0.930623139
2019-07-24 14:00:00+00:00,0.930626794
2019-07-24 15:00:00+00:00,0.930630868
2019-07-24 16:00:00+00:00,0.930634362
2019-07-24 17:00:00+00:00,0.930637838
2019-07-24 18:00:00+00:00,0.930369245
2019-07-24 19:00:00+00:00,0.930105966
2019-07-24 20:00:00+00:00,0.929843352
2019-07-24 21:00:00+00:00,0.929581727
2019-07-24 22:00:00+00:00,0.929321272
2019-07-24 23:00:00+00:00,0.929061378
2019-07-25 00:00:00+00:00,0.928802125
2019-07-25 01:00:00+00:00,0.928543355
2019-07-25 02:00:00+00:00,0.928284562
2019-07-25 03:00:00+00:00,0.928025348
2019-07-25 04:00:00+00:00,0.92776556
2019-07-25 05:00:00+00:00,0.927504783
2019-07-25 06:00:00+00:00,0.926926524
2019-07-25 07:00:00+00:00,0.92693689
2019-07-25 08:00:00+00:00,0.926945528
2019-07-25 09:00:00+00:00,0.926954669
2019-07-25 10:00:00+00:00,0.926964292
2019-07-25 11:00:00+00:00,0.92697334
2019-07-25 12:00:00+00:00,0.92698324
2019-07-25 13:00:00+00:00,0.926994657
2019-07-25 14:00:00+00:00,0.9270044
2019-07-25 15:00:00+00:00,0.927007703
2019-07-25 16:00:00+00:00,0.927011435
2019-07-25 17:00:00+00:00,0.927015328
2019-07-25 18:00:00+00:00,0.926855322
2019-07-25 19:00:00+00:00,0.926559679
2019-07-25 20:00:00+00:00,0.926264287
2019-07-25 21:00:00+00:00,0.925969812
2019-07-25 22:00:00+00:00,0.925675974
2019-07-25 23:00:00+00:00,0.925381981
2019-07-26 00:00:00+00:00,0.925088853
2019-07-26 01:00:00+00:00,0.924796676
2019-07-26 02:00:00+00:00,0.924504918
2019-07-26 03:00:00+00:00,0.924211178
2019-07-26 04:00:00+00:00,0.923917523
2019-07-26 05:00:00+00:00,0.923624459
2019-07-26 06:00:00+00:00,0.923035216
2019-07-26 07:00:00+00:00,0.922577655
2019-07-26 08:00:00+00:00,0.922578671
2019-07-26 09:00:00+00:00,0.922579403
2019-07-26 10:00:00+00:00,0.922579403
2019-07-26 11:00:00+00:00,0.922586261
2019-07-26 12:00:00+00:00,0.922594799
2019-07-26 13:00:00+00:00,0.922606394
2019-07-26 14:00:00+00:00,0.922617236
2019-07-26 15:00:00+00:00,0.922628432
2019-07-26 16:00:00+00:00,0.92263996
2019-07-26 17:00:00+00:00,0.922651386
2019-07-26 18:00:00+00:00,0.922352873
2019-07-26 19:00:00+00:00,0.921789172
2019-07-26 20:00:00+00:00,0.92115884
2019-07-26 21:00:00+00:00,0.920628459
2019-07-26 22:00:00+00:00,0.920123498
2019-07-26 23:00:00+00:00,0.919647402
2019-07-27 00:00:00+00:00,0.919200525
2019-07-27 01:00:00+00:00,0.918753748
2019-07-27 02:00:00+00:00,0.918307623
2019-07-27 03:00:00+00:00,0.917861713
2019-07-27 04:00:00+00:00,0.917415938
2019-07-27 05:00:00+00:00,0.916969413
2019-07-27 06:00:00+00:00,0.916683623
2019-07-27 07:00:00+00:00,0.916695949
2019-07-27 08:00:00+00:00,0.916707144
2019-07-27 09:00:00+00:00,0.916717306
2019-07-27 10:00:00+00:00,0.91672726
2019-07-27 11:00:00+00:00,0.916737
2019-07-27 12:00:00+00:00,0.91674821
2019-07-27 13:00:00+00:00,0.916761145
2019-07-27 14:00:00+00:00,0.916774503
2019-07-27 15:00:00+00:00,0.91678773
2019-07-27 16:00:00+00:00,0.916800896
2019-07-27 17:00:00+00:00,0.916814324
2019-07-27 18:00:00+00:00,0.916826971
2019-07-27 19:00:00+00:00,0.916838671
2019-07-27 20:00:00+00:00,0.916850622
2019-07-27 21:00:00+00:00,0.916863586
2019-07-27 22:00:00+00:00,0.916877701
2019-07-27 23:00:00+00:00,0.916892129
2019-07-28 00:00:00+00:00,0.916907286
2019-07-28 01:00:00+00:00,0.916922504
2019-07-28 02:00:00+00:00,0.916937842
2019-07-28 03:00:00+00:00,0.916952905
2019-07-28 04:00:00+00:00,0.91696781
2019-07-28 05:00:00+00:00,0.916983005
2019-07-28 06:00:00+00:00,0.916997545
2019-07-28 07:00:00+00:00,0.917010016
2019-07-28 08:00:00+00:00,0.917021458
2019-07-28 09:00:00+00:00,0.917032888
2019-07-28 10:00:00+00:00,0.917044597
2019-07-28 11:00:00+00:00,0.917055086
2019-07-28 12:00:00+00:00,0.917066123
2019-07-28 13:00:00+00:00,0.917079186
2019-07-28 14:00:00+00:00,0.917092675
2019-07-28 15:00:00+00:00,0.917105801
2019-07-28 16:00:00+00:00,0.917119152
2019-07-28 17:00:00+00:00,0.91713203
2019-07-28 18:00:00+00:00,0.916979861
2019-07-28 19:00:00+00:00,0.916989217
2019-07-28 20:00:00+00:00,0.916992836
2019-07-28 21:00:00+00:00,0.9170045
2019-07-28 22:00:00+00:00,0.917016947
2019-07-28 23:00:00+00:00,0.916829307
2019-07-29 00:00:00+00:00,0.916642835
2019-07-29 01:00:00+00:00,0.916456688
2019-07-29 02:00:00+00:00,0.916270666
2019-07-29 03:00:00+00:00,0.916084448
2019-07-29 04:00:00+00:00,0.915768182
2019-07-29 05:00:00+00:00,0.915130652
2019-07-29 06:00:00+00:00,0.914684072
2019-07-29 07:00:00+00:00,0.914693925
2019-07-29 08:00:00+00:00,0.914702349
2019-07-29 09:00:00+00:00,0.914711507
2019-07-29 10:00:00+00:00,0.91472004
2019-07-29 11:00:00+00:00,0.914728981
2019-07-29 12:00:00+00:00,0.914738376
2019-07-29 13:00:00+00:00,0.914750462
2019-07-29 14:00:00+00:00,0.914762543
2019-07-29 15:00:00+00:00,0.91477566
2019-07-29 16:00:00+00:00,0.914788004
2019-07-29 17:00:00+00:00,0.914800638
2019-07-29 18:00:00+00:00,0.914813018
2019-07-29 19:00:00+00:00,0.914825617
2019-07-29 20:00:00+00:00,0.914838527
2019-07-29 21:00:00+00:00,0.914851661
2019-07-29 22:00:00+00:00,0.914865726
2019-07-29 23:00:00+00:00,0.914880564
2019-07-30 00:00:00+00:00,0.914895381
2019-07-30 01:00:00+00:00,0.914910338
2019-07-30 02:00:00+00:00,0.914925516
2019-07-30 03:00:00+00:00,0.914940749
2019-07-30 04:00:00+00:00,0.914955275
2019-07-30 05:00:00+00:00,0.91496967
2019-07-30 06:00:00+00:00,0.914982141
2019-07-30 07:00:00+00:00,0.914991778
2019-07-30 08:00:00+00:00,0.915001486
2019-07-30 09:00:00+00:00,0.915010259
2019-07-30 10:00:00+00:00,0.915015578
2019-07-30 11:00:00+00:00,0.915020561
2019-07-30 12:00:00+00:00,0.915028608
2019-07-30 13:00:00+00:00,0.915039628
2019-07-30 14:00:00+00:00,0.915051689
2019-07-30 15:00:00+00:00,0.915063961
2019-07-30 16:00:00+00:00,0.915076207
2019-07-30 17:00:00+00:00,0.915089413
2019-07-30 18:00:00+00:00,0.915102146
2019-07-30 19:00:00+00:00,0.915115228
2019-07-30 20:00:00+00:00,0.915129069
2019-07-30 21:00:00+00:00,0.915142959
2019-07-30 22:00:00+00:00,0.915157913
2019-07-30 23:00:00+00:00,0.915173501
2019-07-31 00:00:00+00:00,0.915189422
2019-07-31 01:00:00+00:00,0.915206111
2019-07-31 02:00:00+00:00,0.915222751
2019-07-31 03:00:00+00:00,0.915239393
2019-07-31 04:00:00+00:00,0.915255324
2019-07-31 05:00:00+00:00,0.915271115
2019-07-31 06:00:00+00:00,0.915284713
2019-07-31 07:00:00+00:00,0.915295528
2019-07-31 08:00:00+00:00,0.915305967
2019-07-31 09:00:00+00:00,0.915314638
2019-07-31 10:00:00+00:00,0.915323193
2019-07-31 11:00:00+00:00,0.915332215
2019-07-31 12:00:00+00:00,0.915341607
2019-07-31 13:00:00+00:00,0.91535356
2019-07-31 14:00:00+00:00,0.915365793
2019-07-31 15:00:00+00:00,0.915378237
2019-07-31 16:00:00+00:00,0.915391284
2019-07-31 17:00:00+00:00,0.915403946
2019-07-31 18:00:00+00:00,0.915253009
2019-07-31 19:00:00+00:00,0.915102595
2019-07-31 20:00:00+00:00,0.914952962
2019-07-31 21:00:00+00:00,0.914804472
2019-07-31 22:00:00+00:00,0.914656067
2019-07-31 23:00:00+00:00,0.914508198
2019-08-01 00:00:00+00:00,0.914356107
2019-08-01 01:00:00+00:00,0.914204048
2019-08-01 02:00:00+00:00,0.914052049
2019-08-01 03:00:00+00:00,0.913900321
2019-08-01 04:00:00+00:00,0.913748148
2019-08-01 05:00:00+00:00,0.913759021
2019-08-01 06:00:00+00:00,0.913604685
2019-08-01 07:00:00+00:00,0.913532364
2019-08-01 08:00:00+00:00,0.913536165
2019-08-01 09:00:00+00:00,0.913539201
2019-08-01 10:00:00+00:00,0.913539201
2019-08-01 11:00:00+00:00,0.913539201
2019-08-01 12:00:00+00:00,0.913539201
2019-08-01 13:00:00+00:00,0.913539201
2019-08-01 14:00:00+00:00,0.913545763
2019-08-01 15:00:00+00:00,0.913553051
2019-08-01 16:00:00+00:00,0.913561009
2019-08-01 17:00:00+00:00,0.913551567
2019-08-01 18:00:00+00:00,0.913242787
2019-08-01 19:00:00+00:00,0.912934021
2019-08-01 20:00:00+00:00,0.912625151
2019-08-01 21:00:00+00:00,0.912316775
2019-08-01 22:00:00+00:00,0.912009768
2019-08-01 23:00:00+00:00,0.911701993
2019-08-02 00:00:00+00:00,0.911394799
2019-08-02 01:00:00+00:00,0.911088846
2019-08-02 02:00:00+00:00,0.910783066
2019-08-02 03:00:00+00:00,0.910477026
2019-08-02 04:00:00+00:00,0.910169559
2019-08-02 05:00:00+00:00,0.90986285
2019-08-02 06:00:00+00:00,0.909236501
2019-08-02 07:00:00+00:00,0.909242672
2019-08-02 08:00:00+00:00,0.909248167
2019-08-02 09:00:00+00:00,0.909252392
2019-08-02 10:00:00+00:00,0.909256321
2019-08-02 11:00:00+00:00,0.909260757
2019-08-02 12:00:00+00:00,0.909265586
2019-08-02 13:00:00+00:00,0.909272852
2019-08-02 14:00:00+00:00,0.909280547
2019-08-02 15:00:00+00:00,0.909288181
2019-08-02 16:00:00+00:00,0.909295666
2019-08-02 17:00:00+00:00,0.909269205
2019-08-02 18:00:00+00:00,0.908861672
2019-08-02 19:00:00+00:00,0.908447977
2019-08-02 20:00:00+00:00,0.908034207
2019-08-02 21:00:00+00:00,0.907627267
2019-08-02 22:00:00+00:00,0.907220954
2019-08-02 23:00:00+00:00,0.906814977
2019-08-03 00:00:00+00:00,0.90640913
2019-08-03 01:00:00+00:00,0.906003489
2019-08-03 02:00:00+00:00,0.905598022
2019-08-03 03:00:00+00:00,0.905192554
2019-08-03 04:00:00+00:00,0.904785745
2019-08-03 05:00:00+00:00,0.904381025
2019-08-03 06:00:00+00:00,0.903738886
2019-08-03 07:00:00+00:00,0.903693557
2019-08-03 08:00:00+00:00,0.903701843
2019-08-03 09:00:00+00:00,0.903709867
2019-08-03 10:00:00+00:00,0.903717672
2019-08-03 11:00:00+00:00,0.903725292
2019-08-03 12:00:00+00:00,0.903732524
2019-08-03 13:00:00+00:00,0.90374227
2019-08-03 14:00:00+00:00,0.903752139
2019-08-03 15:00:00+00:00,0.903762133
2019-08-03 16:00:00+00:00,0.903771745
2019-08-03 17:00:00+00:00,0.903781623
2019-08-03 18:00:00+00:00,0.903628339
2019-08-03 19:00:00+00:00,0.903355255
2019-08-03 20:00:00+00:00,0.903082719
2019-08-03 21:00:00+00:00,0.902810487
2019-08-03 22:00:00+00:00,0.90253823
2019-08-03 23:00:00+00:00,0.902266411
2019-08-04 00:00:00+00:00,0.901996013
2019-08-04 01:00:00+00:00,0.901725785
2019-08-04 02:00:00+00:00,0.901455376
2019-08-04 03:00:00+00:00,0.901184646
2019-08-04 04:00:00+00:00,0.900914101
2019-08-04 05:00:00+00:00,0.900351087
2019-08-04 06:00:00+00:00,0.899748844
2019-08-04 07:00:00+00:00,0.899757919
2019-08-04 08:00:00+00:00,0.899766913
2019-08-04 09:00:00+00:00,0.899775253
2019-08-04 10:00:00+00:00,0.899782978
2019-08-04 11:00:00+00:00,0.899790751
2019-08-04 12:00:00+00:00,0.899798936
2019-08-04 13:00:00+00:00,0.899809414
2019-08-04 14:00:00+00:00,0.899819463
2019-08-04 15:00:00+00:00,0.899829753
2019-08-04 16:00:00+00:00,0.899839917
2019-08-04 17:00:00+00:00,0.899849194
2019-08-04 18:00:00+00:00,0.899695496
2019-08-04 19:00:00+00:00,0.899370216
2019-08-04 20:00:00+00:00,0.899045233
2019-08-04 21:00:00+00:00,0.898727978
2019-08-04 22:00:00+00:00,0.898411436
2019-08-04 23:00:00+00:00,0.898095689
2019-08-05 00:00:00+00:00,0.897780853
2019-08-05 01:00:00+00:00,0.897466331
2019-08-05 02:00:00+00:00,0.897151641
2019-08-05 03:00:00+00:00,0.896836311
2019-08-05 04:00:00+00:00,0.896519833
2019-08-05 05:00:00+00:00,0.896202917
2019-08-05 06:00:00+00:00,0.895587045
2019-08-05 07:00:00+00:00,0.895409265
2019-08-05 08:00:00+00:00,0.89541618
2019-08-05 09:00:00+00:00,0.89542211
2019-08-05 10:00:00+00:00,0.895426552
2019-08-05 11:00:00+00:00,0.895431087
2019-08-05 12:00:00+00:00,0.895436931
2019-08-05 13:00:00+00:00,0.895444617
2019-08-05 14:00:00+00:00,0.895453175
2019-08-05 15:00:00+00:00,0.895462322
2019-08-05 16:00:00+00:00,0.89547153
2019-08-05 17:00:00+00:00,0.895480894
2019-08-05 18:00:00+00:00,0.895057255
2019-08-05 19:00:00+00:00,0.894632866
2019-08-05 20:00:00+00:00,0.894207397
2019-08-05 21:00:00+00:00,0.893789299
2019-08-05 22:00:00+00:00,0.893372691
2019-08-05 23:00:00+00:00,0.892957057
2019-08-06 00:00:00+00:00,0.892541602
2019-08-06 01:00:00+00:00,0.892126209
2019-08-06 02:00:00+00:00,0.891710673
2019-08-06 03:00:00+00:00,0.891295225
2019-08-06 04:00:00+00:00,0.890879759
2019-08-06 05:00:00+00:00,0.890464093
2019-08-06 06:00:00+00:00,0.889820677
2019-08-06 07:00:00+00:00,0.889641638
2019-08-06 08:00:00+00:00,0.889648432
2019-08-06 09:00:00+00:00,0.889654593
2019-08-06 10:00:00+00:00,0.889660407
2019-08-06 11:00:00+00:00,0.889666359
2019-08-06 12:00:00+00:00,0.88967198
2019-08-06 13:00:00+00:00,0.889679757
2019-08-06 14:00:00+00:00,0.889687611
2019-08-06 15:00:00+00:00,0.889695962
2019-08-06 16:00:00+00:00,0.889704351
2019-08-06 17:00:00+00:00,0.88954915
2019-08-06 18:00:00+00:00,0.889168756
2019-08-06 19:00:00+00:00,0.888787633
2019-08-06 20:00:00+00:00,0.888413679
2019-08-06 21:00:00+00:00,0.888040146
2019-08-06 22:00:00+00:00,0.887667318
2019-08-06 23:00:00+00:00,0.887296007
2019-08-07 00:00:00+00:00,0.886925184
2019-08-07 01:00:00+00:00,0.886555325
2019-08-07 02:00:00+00:00,0.886185347
2019-08-07 03:00:00+00:00,0.885814988
2019-08-07 04:00:00+00:00,0.885442954
2019-08-07 05:00:00+00:00,0.885069698
2019-08-07 06:00:00+00:00,0.884424005
2019-08-07 07:00:00+00:00,0.884003578
2019-08-07 08:00:00+00:00,0.88400815
2019-08-07 09:00:00+00:00,0.884011316
2019-08-07 10:00:00+00:00,0.884013667
2019-08-07 11:00:00+00:00,0.884016503
2019-08-07 12:00:00+00:00,0.884019445
2019-08-07 13:00:00+00:00,0.884027071
2019-08-07 14:00:00+00:00,0.884035065
2019-08-07 15:00:00+00:00,0.884043233
2019-08-07 16:00:00+00:00,0.883425803
2019-08-07 17:00:00+00:00,0.882792059
2019-08-07 18:00:00+00:00,0.882139849
2019-08-07 19:00:00+00:00,0.882140295
2019-08-07 20:00:00+00:00,0.882141412
2019-08-07 21:00:00+00:00,0.88214964
2019-08-07 22:00:00+00:00,0.882158157
2019-08-07 23:00:00+00:00,0.881513939
2019-08-08 00:00:00+00:00,0.880870036
2019-08-08 01:00:00+00:00,0.880229669
2019-08-08 02:00:00+00:00,0.879590048
2019-08-08 03:00:00+00:00,0.878949839
2019-08-08 04:00:00+00:00,0.878306138
2019-08-08 05:00:00+00:00,0.877661726
2019-08-08 06:00:00+00:00,0.877023651
2019-08-08 07:00:00+00:00,0.877028166
2019-08-08 08:00:00+00:00,0.877032514
2019-08-08 09:00:00+00:00,0.877037558
2019-08-08 10:00:00+00:00,0.877042682
2019-08-08 11:00:00+00:00,0.877047101
2019-08-08 12:00:00+00:00,0.877052825
2019-08-08 13:00:00+00:00,0.87706076
2019-08-08 14:00:00+00:00,0.877069606
2019-08-08 15:00:00+00:00,0.877078468
2019-08-08 16:00:00+00:00,0.877087651
2019-08-08 17:00:00+00:00,0.877096699
2019-08-08 18:00:00+00:00,0.877105106
2019-08-08 19:00:00+00:00,0.877110553
2019-08-08 20:00:00+00:00,0.877117272
2019-08-08 21:00:00+00:00,0.877125043
2019-08-08 22:00:00+00:00,0.877134242
2019-08-08 23:00:00+00:00,0.877144472
2019-08-09 00:00:00+00:00,0.877155018
2019-08-09 01:00:00+00:00,0.877165262
2019-08-09 02:00:00+00:00,0.877175587
2019-08-09 03:00:00+00:00,0.877185493
2019-08-09 04:00:00+00:00,0.877195725
2019-08-09 05:00:00+00:00,0.877206058
2019-08-09 06:00:00+00:00,0.877215679
2019-08-09 07:00:00+00:00,0.877222949
2019-08-09 08:00:00+00:00,0.877229299
2019-08-09 09:00:00+00:00,0.877235975
2019-08-09 10:00:00+00:00,0.87724303
2019-08-09 11:00:00+00:00,0.87725013
2019-08-09 12:00:00+00:00,0.877257621
2019-08-09 13:00:00+00:00,0.877266839
2019-08-09 14:00:00+00:00,0.877275878
2019-08-09 15:00:00+00:00,0.877285157
2019-08-09 16:00:00+00:00,0.877294522
2019-08-09 17:00:00+00:00,0.877303794
2019-08-09 18:00:00+00:00,0.877310337
2019-08-09 19:00:00+00:00,0.877147041
2019-08-09 20:00:00+00:00,0.876983744
2019-08-09 21:00:00+00:00,0.876983744
2019-08-09 22:00:00+00:00,0.876828411
2019-08-09 23:00:00+00:00,0.876676205
2019-08-10 00:00:00+00:00,0.876524504
2019-08-10 01:00:00+00:00,0.876373537
2019-08-10 02:00:00+00:00,0.876223212
2019-08-10 03:00:00+00:00,0.876073118
2019-08-10 04:00:00+00:00,0.875923217
2019-08-10 05:00:00+00:00,0.875772915
2019-08-10 06:00:00+00:00,0.875621522
2019-08-10 07:00:00+00:00,0.875630172
2019-08-10 08:00:00+00:00,0.87563861
2019-08-10 09:00:00+00:00,0.875646639
2019-08-10 10:00:00+00:00,0.875654413
2019-08-10 11:00:00+00:00,0.875661781
2019-08-10 12:00:00+00:00,0.875669824
2019-08-10 13:00:00+00:00,0.875681184
2019-08-10 14:00:00+00:00,0.875693435
2019-08-10 15:00:00+00:00,0.875706396
2019-08-10 16:00:00+00:00,0.875719617
2019-08-10 17:00:00+00:00,0.875731762
2019-08-10 18:00:00+00:00,0.875578329
2019-08-10 19:00:00+00:00,0.875587786
2019-08-10 20:00:00+00:00,0.875597529
2019-08-10 21:00:00+00:00,0.875607247
2019-08-10 22:00:00+00:00,0.87545536
2019-08-10 23:00:00+00:00,0.875304018
2019-08-11 00:00:00+00:00,0.875153784
2019-08-11 01:00:00+00:00,0.875004702
2019-08-11 02:00:00+00:00,0.874856075
2019-08-11 03:00:00+00:00,0.874707437
2019-08-11 04:00:00+00:00,0.874558693
2019-08-11 05:00:00+00:00,0.874393548
2019-08-11 06:00:00+00:00,0.874100548
2019-08-11 07:00:00+00:00,0.874111981
2019-08-11 08:00:00+00:00,0.874123615
2019-08-11 09:00:00+00:00,0.874134998
2019-08-11 10:00:00+00:00,0.874146721
2019-08-11 11:00:00+00:00,0.874158511
2019-08-11 12:00:00+00:00,0.874170979
2019-08-11 13:00:00+00:00,0.874183381
2019-08-11 14:00:00+00:00,0.874195268
2019-08-11 15:00:00+00:00,0.874207654
2019-08-11 16:00:00+00:00,0.874219947
2019-08-11 17:00:00+00:00,0.874232928
2019-08-11 18:00:00+00:00,0.874245124
2019-08-11 19:00:00+00:00,0.874254637
2019-08-11 20:00:00+00:00,0.874264808
2019-08-11 21:00:00+00:00,0.874275548
2019-08-11 22:00:00+00:00,0.874289051
2019-08-11 23:00:00+00:00,0.874302792
2019-08-12 00:00:00+00:00,0.874316833
2019-08-12 01:00:00+00:00,0.874330808
2019-08-12 02:00:00+00:00,0.874344664
2019-08-12 03:00:00+00:00,0.874357623
2019-08-12 04:00:00+00:00,0.874369742
2019-08-12 05:00:00+00:00,0.874381503
2019-08-12 06:00:00+00:00,0.874392547
2019-08-12 07:00:00+00:00,0.874402308
2019-08-12 08:00:00+00:00,0.874411945
2019-08-12 09:00:00+00:00,0.874421431
2019-08-12 10:00:00+00:00,0.874429086
2019-08-12 11:00:00+00:00,0.874435333
2019-08-12 12:00:00+00:00,0.874441107
2019-08-12 13:00:00+00:00,0.874449859
2019-08-12 14:00:00+00:00,0.87445838
2019-08-12 15:00:00+00:00,0.87446731
2019-08-12 16:00:00+00:00,0.874476323
2019-08-12 17:00:00+00:00,0.87448499
2019-08-12 18:00:00+00:00,0.874493009
2019-08-12 19:00:00+00:00,0.874496615
2019-08-12 20:00:00+00:00,0.874500032
2019-08-12 21:00:00+00:00,0.874510093
2019-08-12 22:00:00+00:00,0.874523062
2019-08-12 23:00:00+00:00,0.874536242
2019-08-13 00:00:00+00:00,0.874549429
2019-08-13 01:00:00+00:00,0.874562887
2019-08-13 02:00:00+00:00,0.874576427
2019-08-13 03:00:00+00:00,0.87459011
2019-08-13 04:00:00+00:00,0.874602714
2019-08-13 05:00:00+00:00,0.874614312
2019-08-13 06:00:00+00:00,0.874625269
2019-08-13 07:00:00+00:00,0.874634487
2019-08-13 08:00:00+00:00,0.874643068
2019-08-13 09:00:00+00:00,0.874651779
2019-08-13 10:00:00+00:00,0.874658943
2019-08-13 11:00:00+00:00,0.874664331
2019-08-13 12:00:00+00:00,0.874666822
2019-08-13 13:00:00+00:00,0.874672576
2019-08-13 14:00:00+00:00,0.874679607
2019-08-13 15:00:00+00:00,0.874687549
2019-08-13 16:00:00+00:00,0.87469551
2019-08-13 17:00:00+00:00,0.874703889
2019-08-13 18:00:00+00:00,0.874391772
2019-08-13 19:00:00+00:00,0.874071666
2019-08-13 20:00:00+00:00,0.873751521
2019-08-13 21:00:00+00:00,0.8734383
2019-08-13 22:00:00+00:00,0.873121968
2019-08-13 23:00:00+00:00,0.87280795
2019-08-14 00:00:00+00:00,0.872501435
2019-08-14 01:00:00+00:00,0.872195149
2019-08-14 02:00:00+00:00,0.871888834
2019-08-14 03:00:00+00:00,0.871582089
2019-08-14 04:00:00+00:00,0.871274443
2019-08-14 05:00:00+00:00,0.87064836
2019-08-14 06:00:00+00:00,0.870050372
2019-08-14 07:00:00+00:00,0.870055928
2019-08-14 08:00:00+00:00,0.870061631
2019-08-14 09:00:00+00:00,0.870066856
2019-08-14 10:00:00+00:00,0.870071592
2019-08-14 11:00:00+00:00,0.8700762
2019-08-14 12:00:00+00:00,0.870081072
2019-08-14 13:00:00+00:00,0.870089606
2019-08-14 14:00:00+00:00,0.870098649
2019-08-14 15:00:00+00:00,0.870107781
2019-08-14 16:00:00+00:00,0.870117823
2019-08-14 17:00:00+00:00,0.870126936
2019-08-14 18:00:00+00:00,0.869878363
2019-08-14 19:00:00+00:00,0.869629691
2019-08-14 20:00:00+00:00,0.869381607
2019-08-14 21:00:00+00:00,0.869141881
2019-08-14 22:00:00+00:00,0.868904084
2019-08-14 23:00:00+00:00,0.868668198
2019-08-15 00:00:00+00:00,0.868433737
2019-08-15 01:00:00+00:00,0.868199404
2019-08-15 02:00:00+00:00,0.867965256
2019-08-15 03:00:00+00:00,0.867731257
2019-08-15 04:00:00+00:00,0.867497088
2019-08-15 05:00:00+00:00,0.866944873
2019-08-15 06:00:00+00:00,0.866545223
2019-08-15 07:00:00+00:00,0.866558178
2019-08-15 08:00:00+00:00,0.866571159
2019-08-15 09:00:00+00:00,0.866583832
2019-08-15 10:00:00+00:00,0.866596385
2019-08-15 11:00:00+00:00,0.866608995
2019-08-15 12:00:00+00:00,0.866622007
2019-08-15 13:00:00+00:00,0.866635663
2019-08-15 14:00:00+00:00,0.866649532
2019-08-15 15:00:00+00:00,0.866663491
2019-08-15 16:00:00+00:00,0.866677607
2019-08-15 17:00:00+00:00,0.866691618
2019-08-15 18:00:00+00:00,0.866540375
2019-08-15 19:00:00+00:00,0.866289317
2019-08-15 20:00:00+00:00,0.866038074
2019-08-15 21:00:00+00:00,0.865788041
2019-08-15 22:00:00+00:00,0.865546361
2019-08-15 23:00:00+00:00,0.865306291
2019-08-16 00:00:00+00:00,0.865066538
2019-08-16 01:00:00+00:00,0.86482667
2019-08-16 02:00:00+00:00,0.864586743
2019-08-16 03:00:00+00:00,0.864346881
2019-08-16 04:00:00+00:00,0.864106995
2019-08-16 05:00:00+00:00,0.863866552
2019-08-16 06:00:00+00:00,0.863318173
2019-08-16 07:00:00+00:00,0.863327522
2019-08-16 08:00:00+00:00,0.863336645
2019-08-16 09:00:00+00:00,0.863344212
2019-08-16 10:00:00+00:00,0.863351979
2019-08-16 11:00:00+00:00,0.863359774
2019-08-16 12:00:00+00:00,0.863368511
2019-08-16 13:00:00+00:00,0.863379299
2019-08-16 14:00:00+00:00,0.863385055
2019-08-16 15:00:00+00:00,0.863392236
2019-08-16 16:00:00+00:00,0.863397752
2019-08-16 17:00:00+00:00,0.863402731
2019-08-16 18:00:00+00:00,0.863228766
2019-08-16 19:00:00+00:00,0.863051988
2019-08-16 20:00:00+00:00,0.862882683
2019-08-16 21:00:00+00:00,0.862716027
2019-08-16 22:00:00+00:00,0.86255203
2019-08-16 23:00:00+00:00,0.862388018
2019-08-17 00:00:00+00:00,0.862224541
2019-08-17 01:00:00+00:00,0.862061177
2019-08-17 02:00:00+00:00,0.86189822
2019-08-17 03:00:00+00:00,0.861735357
2019-08-17 04:00:00+00:00,0.861572588
2019-08-17 05:00:00+00:00,0.861092115
2019-08-17 06:00:00+00:00,0.860692957
2019-08-17 07:00:00+00:00,0.860706037
2019-08-17 08:00:00+00:00,0.860719179
2019-08-17 09:00:00+00:00,0.860731777
2019-08-17 10:00:00+00:00,0.860744078
2019-08-17 11:00:00+00:00,0.860756447
2019-08-17 12:00:00+00:00,0.860768923
2019-08-17 13:00:00+00:00,0.860783393
2019-08-17 14:00:00+00:00,0.860798186
2019-08-17 15:00:00+00:00,0.860813126
2019-08-17 16:00:00+00:00,0.860827665
2019-08-17 17:00:00+00:00,0.860841964
2019-08-17 18:00:00+00:00,0.860855413
2019-08-17 19:00:00+00:00,0.860863028
2019-08-17 20:00:00+00:00,0.860872932
2019-08-17 21:00:00+00:00,0.860886779
2019-08-17 22:00:00+00:00,0.860901181
2019-08-17 23:00:00+00:00,0.860915771
2019-08-18 00:00:00+00:00,0.860930317
2019-08-18 01:00:00+00:00,0.860945017
2019-08-18 02:00:00+00:00,0.860959708
2019-08-18 03:00:00+00:00,0.86097443
2019-08-18 04:00:00+00:00,0.860989394
2019-08-18 05:00:00+00:00,0.861003789
2019-08-18 06:00:00+00:00,0.861017993
2019-08-18 07:00:00+00:00,0.86103205
2019-08-18 08:00:00+00:00,0.861046195
2019-08-18 09:00:00+00:00,0.861060401
2019-08-18 10:00:00+00:00,0.861073428
2019-08-18 11:00:00+00:00,0.861087113
2019-08-18 12:00:00+00:00,0.861101267
2019-08-18 13:00:00+00:00,0.861115013
2019-08-18 14:00:00+00:00,0.861128252
2019-08-18 15:00:00+00:00,0.861141694
2019-08-18 16:00:00+00:00,0.861155099
2019-08-18 17:00:00+00:00,0.861168291
2019-08-18 18:00:00+00:00,0.861180555
2019-08-18 19:00:00+00:00,0.861183516
2019-08-18 20:00:00+00:00,0.861186927
2019-08-18 21:00:00+00:00,0.861199966
2019-08-18 22:00:00+00:00,0.86121388
2019-08-18 23:00:00+00:00,0.86122808
2019-08-19 00:00:00+00:00,0.861242524
2019-08-19 01:00:00+00:00,0.861256891
2019-08-19 02:00:00+00:00,0.861271274
2019-08-19 03:00:00+00:00,0.861285534
2019-08-19 04:00:00+00:00,0.861299257
2019-08-19 05:00:00+00:00,0.86131264
2019-08-19 06:00:00+00:00,0.861317599
2019-08-19 07:00:00+00:00,0.861320341
2019-08-19 08:00:00+00:00,0.861322504
2019-08-19 09:00:00+00:00,0.861323874
2019-08-19 10:00:00+00:00,0.861323874
2019-08-19 11:00:00+00:00,0.861323874
2019-08-19 12:00:00+00:00,0.861323874
2019-08-19 13:00:00+00:00,0.861331755
2019-08-19 14:00:00+00:00,0.861340475
2019-08-19 15:00:00+00:00,0.861349068
2019-08-19 16:00:00+00:00,0.861359456
2019-08-19 17:00:00+00:00,0.861370108
2019-08-19 18:00:00+00:00,0.861380302
2019-08-19 19:00:00+00:00,0.86138181
2019-08-19 20:00:00+00:00,0.861387495
2019-08-19 21:00:00+00:00,0.861399085
2019-08-19 22:00:00+00:00,0.861411923
2019-08-19 23:00:00+00:00,0.86142498
2019-08-20 00:00:00+00:00,0.86143783
2019-08-20 01:00:00+00:00,0.861450629
2019-08-20 02:00:00+00:00,0.861463035
2019-08-20 03:00:00+00:00,0.861475333
2019-08-20 04:00:00+00:00,0.861487438
2019-08-20 05:00:00+00:00,0.86149864
2019-08-20 06:00:00+00:00,0.861504545
2019-08-20 07:00:00+00:00,0.861509977
2019-08-20 08:00:00+00:00,0.861515242
2019-08-20 09:00:00+00:00,0.861520236
2019-08-20 10:00:00+00:00,0.861527422
2019-08-20 11:00:00+00:00,0.861527422
2019-08-20 12:00:00+00:00,0.861527422
2019-08-20 13:00:00+00:00,0.861529371
2019-08-20 14:00:00+00:00,0.861534791
2019-08-20 15:00:00+00:00,0.861540455
2019-08-20 16:00:00+00:00,0.861548196
2019-08-20 17:00:00+00:00,0.861556249
2019-08-20 18:00:00+00:00,0.861562495
2019-08-20 19:00:00+00:00,0.861567518
2019-08-20 20:00:00+00:00,0.861574844
2019-08-20 21:00:00+00:00,0.861584231
2019-08-20 22:00:00+00:00,0.861594288
2019-08-20 23:00:00+00:00,0.861604734
2019-08-21 00:00:00+00:00,0.861615486
2019-08-21 01:00:00+00:00,0.86162643
2019-08-21 02:00:00+00:00,0.861637664
2019-08-21 03:00:00+00:00,0.861649204
2019-08-21 04:00:00+00:00,0.861660569
2019-08-21 05:00:00+00:00,0.861671739
2019-08-21 06:00:00+00:00,0.861682227
2019-08-21 07:00:00+00:00,0.861691719
2019-08-21 08:00:00+00:00,0.861701447
2019-08-21 09:00:00+00:00,0.861710626
2019-08-21 10:00:00+00:00,0.861710626
2019-08-21 11:00:00+00:00,0.861715183
2019-08-21 12:00:00+00:00,0.861715183
2019-08-21 13:00:00+00:00,0.861721219
2019-08-21 14:00:00+00:00,0.861727662
2019-08-21 15:00:00+00:00,0.861728653
2019-08-21 16:00:00+00:00,0.861731186
2019-08-21 17:00:00+00:00,0.8617361
2019-08-21 18:00:00+00:00,0.861738916
2019-08-21 19:00:00+00:00,0.861740585
2019-08-21 20:00:00+00:00,0.861751696
2019-08-21 21:00:00+00:00,0.861763051
2019-08-21 22:00:00+00:00,0.861775097
2019-08-21 23:00:00+00:00,0.861787422
2019-08-22 00:00:00+00:00,0.861800051
2019-08-22 01:00:00+00:00,0.861812653
2019-08-22 02:00:00+00:00,0.861825297
2019-08-22 03:00:00+00:00,0.861837971
2019-08-22 04:00:00+00:00,0.861850456
2019-08-22 05:00:00+00:00,0.861862743
2019-08-22 06:00:00+00:00,0.861874066
2019-08-22 07:00:00+00:00,0.861883574
2019-08-22 08:00:00+00:00,0.861893334
2019-08-22 09:00:00+00:00,0.861902054
2019-08-22 10:00:00+00:00,0.861909569
2019-08-22 11:00:00+00:00,0.861913088
2019-08-22 12:00:00+00:00,0.861917558
2019-08-22 13:00:00+00:00,0.861924162
2019-08-22 14:00:00+00:00,0.861930965
2019-08-22 15:00:00+00:00,0.861937788
2019-08-22 16:00:00+00:00,0.861948225
2019-08-22 17:00:00+00:00,0.861958528
2019-08-22 18:00:00+00:00,0.861967543
2019-08-22 19:00:00+00:00,0.861973281
2019-08-22 20:00:00+00:00,0.861980641
2019-08-22 21:00:00+00:00,0.861825488
2019-08-22 22:00:00+00:00,0.861675647
2019-08-22 23:00:00+00:00,0.861526013
2019-08-23 00:00:00+00:00,0.86137636
2019-08-23 01:00:00+00:00,0.861226639
2019-08-23 02:00:00+00:00,0.861076834
2019-08-23 03:00:00+00:00,0.860927128
2019-08-23 04:00:00+00:00,0.860409844
2019-08-23 05:00:00+00:00,0.859876632
2019-08-23 06:00:00+00:00,0.859366185
2019-08-23 07:00:00+00:00,0.859377019
2019-08-23 08:00:00+00:00,0.859387725
2019-08-23 09:00:00+00:00,0.859398343
2019-08-23 10:00:00+00:00,0.859407918
2019-08-23 11:00:00+00:00,0.859417965
2019-08-23 12:00:00+00:00,0.859425788
2019-08-23 13:00:00+00:00,0.859434101
2019-08-23 14:00:00+00:00,0.859442713
2019-08-23 15:00:00+00:00,0.859451309
2019-08-23 16:00:00+00:00,0.859459538
2019-08-23 17:00:00+00:00,0.859443929
2019-08-23 18:00:00+00:00,0.859194719
2019-08-23 19:00:00+00:00,0.858944052
2019-08-23 20:00:00+00:00,0.858695493
2019-08-23 21:00:00+00:00,0.858450576
2019-08-23 22:00:00+00:00,0.858207477
2019-08-23 23:00:00+00:00,0.857964525
2019-08-24 00:00:00+00:00,0.857721379
2019-08-24 01:00:00+00:00,0.857478456
2019-08-24 02:00:00+00:00,0.857235638
2019-08-24 03:00:00+00:00,0.856993259
2019-08-24 04:00:00+00:00,0.856750927
2019-08-24 05:00:00+00:00,0.856191484
2019-08-24 06:00:00+00:00,0.855557441
2019-08-24 07:00:00+00:00,0.855569297
2019-08-24 08:00:00+00:00,0.855580911
2019-08-24 09:00:00+00:00,0.855592404
2019-08-24 10:00:00+00:00,0.855603889
2019-08-24 11:00:00+00:00,0.855615594
2019-08-24 12:00:00+00:00,0.855627542
2019-08-24 13:00:00+00:00,0.855640743
2019-08-24 14:00:00+00:00,0.855654133
2019-08-24 15:00:00+00:00,0.855666171
2019-08-24 16:00:00+00:00,0.855678236
2019-08-24 17:00:00+00:00,0.855623575
2019-08-24 18:00:00+00:00,0.855419555
2019-08-24 19:00:00+00:00,0.855215774
2019-08-24 20:00:00+00:00,0.855012354
2019-08-24 21:00:00+00:00,0.85480838
2019-08-24 22:00:00+00:00,0.854609448
2019-08-24 23:00:00+00:00,0.854410753
2019-08-25 00:00:00+00:00,0.854213211
2019-08-25 01:00:00+00:00,0.854015762
2019-08-25 02:00:00+00:00,0.853818329
2019-08-25 03:00:00+00:00,0.853621116
2019-08-25 04:00:00+00:00,0.853424298
2019-08-25 05:00:00+00:00,0.852910716
2019-08-25 06:00:00+00:00,0.852567119
2019-08-25 07:00:00+00:00,0.85258019
2019-08-25 08:00:00+00:00,0.852593012
2019-08-25 09:00:00+00:00,0.852605782
2019-08-25 10:00:00+00:00,0.852618526
2019-08-25 11:00:00+00:00,0.852630819
2019-08-25 12:00:00+00:00,0.852643171
2019-08-25 13:00:00+00:00,0.852657139
2019-08-25 14:00:00+00:00,0.852671371
2019-08-25 15:00:00+00:00,0.852685639
2019-08-25 16:00:00+00:00,0.85269967
2019-08-25 17:00:00+00:00,0.852713541
2019-08-25 18:00:00+00:00,0.852725846
2019-08-25 19:00:00+00:00,0.852735476
2019-08-25 20:00:00+00:00,0.852742673
2019-08-25 21:00:00+00:00,0.852752412
2019-08-25 22:00:00+00:00,0.852764942
2019-08-25 23:00:00+00:00,0.852779086
2019-08-26 00:00:00+00:00,0.852793289
2019-08-26 01:00:00+00:00,0.852807478
2019-08-26 02:00:00+00:00,0.852821618
2019-08-26 03:00:00+00:00,0.852835715
2019-08-26 04:00:00+00:00,0.852849738
2019-08-26 05:00:00+00:00,0.852863929
2019-08-26 06:00:00+00:00,0.852876691
2019-08-26 07:00:00+00:00,0.85288676
2019-08-26 08:00:00+00:00,0.852896958
2019-08-26 09:00:00+00:00,0.852903702
2019-08-26 10:00:00+00:00,0.852910288
2019-08-26 11:00:00+00:00,0.852916439
2019-08-26 12:00:00+00:00,0.852922522
2019-08-26 13:00:00+00:00,0.852929359
2019-08-26 14:00:00+00:00,0.852936458
2019-08-26 15:00:00+00:00,0.852941704
2019-08-26 16:00:00+00:00,0.85294635
2019-08-26 17:00:00+00:00,0.852622168
2019-08-26 18:00:00+00:00,0.852077041
2019-08-26 19:00:00+00:00,0.851531138
2019-08-26 20:00:00+00:00,0.850986548
2019-08-26 21:00:00+00:00,0.850445782
2019-08-26 22:00:00+00:00,0.849908473
2019-08-26 23:00:00+00:00,0.849371554
2019-08-27 00:00:00+00:00,0.848835012
2019-08-27 01:00:00+00:00,0.848298701
2019-08-27 02:00:00+00:00,0.847762487
2019-08-27 03:00:00+00:00,0.847226289
2019-08-27 04:00:00+00:00,0.846689908
2019-08-27 05:00:00+00:00,0.846151861
2019-08-27 06:00:00+00:00,0.845506684
2019-08-27 07:00:00+00:00,0.84486
2019-08-27 08:00:00+00:00,0.844867174
2019-08-27 09:00:00+00:00,0.844875316
2019-08-27 10:00:00+00:00,0.844883221
2019-08-27 11:00:00+00:00,0.844891633
2019-08-27 12:00:00+00:00,0.844900481
2019-08-27 13:00:00+00:00,0.844910591
2019-08-27 14:00:00+00:00,0.844920575
2019-08-27 15:00:00+00:00,0.844929877
2019-08-27 16:00:00+00:00,0.844309224
2019-08-27 17:00:00+00:00,0.843665385
2019-08-27 18:00:00+00:00,0.843019319
2019-08-27 19:00:00+00:00,0.842373024
2019-08-27 20:00:00+00:00,0.841727955
2019-08-27 21:00:00+00:00,0.841083263
2019-08-27 22:00:00+00:00,0.840439314
2019-08-27 23:00:00+00:00,0.839795829
2019-08-28 00:00:00+00:00,0.839153201
2019-08-28 01:00:00+00:00,0.838510737
2019-08-28 02:00:00+00:00,0.837868302
2019-08-28 03:00:00+00:00,0.837226098
2019-08-28 04:00:00+00:00,0.836584025
2019-08-28 05:00:00+00:00,0.835941881
2019-08-28 06:00:00+00:00,0.835298442
2019-08-28 07:00:00+00:00,0.834668705
2019-08-28 08:00:00+00:00,0.83467473
2019-08-28 09:00:00+00:00,0.834680938
2019-08-28 10:00:00+00:00,0.834687257
2019-08-28 11:00:00+00:00,0.834694256
2019-08-28 12:00:00+00:00,0.834701276
2019-08-28 13:00:00+00:00,0.834709476
2019-08-28 14:00:00+00:00,0.834717946
2019-08-28 15:00:00+00:00,0.834724544
2019-08-28 16:00:00+00:00,0.834731077
2019-08-28 17:00:00+00:00,0.834083301
2019-08-28 18:00:00+00:00,0.833434961
2019-08-28 19:00:00+00:00,0.832787022
2019-08-28 20:00:00+00:00,0.832141409
2019-08-28 21:00:00+00:00,0.831497064
2019-08-28 22:00:00+00:00,0.830854062
2019-08-28 23:00:00+00:00,0.830211333
2019-08-29 00:00:00+00:00,0.829568756
2019-08-29 01:00:00+00:00,0.828926779
2019-08-29 02:00:00+00:00,0.828284979
2019-08-29 03:00:00+00:00,0.827643008
2019-08-29 04:00:00+00:00,0.827000825
2019-08-29 05:00:00+00:00,0.826358306
2019-08-29 06:00:00+00:00,0.82571086
2019-08-29 07:00:00+00:00,0.825402927
2019-08-29 08:00:00+00:00,0.825407196
2019-08-29 09:00:00+00:00,0.825412288
2019-08-29 10:00:00+00:00,0.825417429
2019-08-29 11:00:00+00:00,0.825422261
2019-08-29 12:00:00+00:00,0.825428239
2019-08-29 13:00:00+00:00,0.825435522
2019-08-29 14:00:00+00:00,0.825442837
2019-08-29 15:00:00+00:00,0.825450898
2019-08-29 16:00:00+00:00,0.825458586
2019-08-29 17:00:00+00:00,0.825302448
2019-08-29 18:00:00+00:00,0.82471774
2019-08-29 19:00:00+00:00,0.824133082
2019-08-29 20:00:00+00:00,0.823548964
2019-08-29 21:00:00+00:00,0.822965384
2019-08-29 22:00:00+00:00,0.822382175
2019-08-29 23:00:00+00:00,0.82179906
2019-08-30 00:00:00+00:00,0.821217585
2019-08-30 01:00:00+00:00,0.820636285
2019-08-30 02:00:00+00:00,0.820054878
2019-08-30 03:00:00+00:00,0.819473427
2019-08-30 04:00:00+00:00,0.818890794
2019-08-30 05:00:00+00:00,0.818307249
2019-08-30 06:00:00+00:00,0.817657378
2019-08-30 07:00:00+00:00,0.817394833
2019-08-30 08:00:00+00:00,0.817397462
2019-08-30 09:00:00+00:00,0.817400754
2019-08-30 10:00:00+00:00,0.817404238
2019-08-30 11:00:00+00:00,0.817408033
2019-08-30 12:00:00+00:00,0.817412171
2019-08-30 13:00:00+00:00,0.817418536
2019-08-30 14:00:00+00:00,0.817424911
2019-08-30 15:00:00+00:00,0.817428521
2019-08-30 16:00:00+00:00,0.817431594
2019-08-30 17:00:00+00:00,0.817271264
2019-08-30 18:00:00+00:00,0.81670685
2019-08-30 19:00:00+00:00,0.816143735
2019-08-30 20:00:00+00:00,0.815582575
2019-08-30 21:00:00+00:00,0.815024165
2019-08-30 22:00:00+00:00,0.814467578
2019-08-30 23:00:00+00:00,0.813910835
2019-08-31 00:00:00+00:00,0.813354923
2019-08-31 01:00:00+00:00,0.812799771
2019-08-31 02:00:00+00:00,0.812245584
2019-08-31 03:00:00+00:00,0.811691466
2019-08-31 04:00:00+00:00,0.811138512
2019-08-31 05:00:00+00:00,0.810584846
2019-08-31 06:00:00+00:00,0.809944596
2019-08-31 07:00:00+00:00,0.809956019
2019-08-31 08:00:00+00:00,0.809967339
2019-08-31 09:00:00+00:00,0.809978662
2019-08-31 10:00:00+00:00,0.809989874
2019-08-31 11:00:00+00:00,0.810001122
2019-08-31 12:00:00+00:00,0.810012461
2019-08-31 13:00:00+00:00,0.810025268
2019-08-31 14:00:00+00:00,0.810038197
2019-08-31 15:00:00+00:00,0.810050959
2019-08-31 16:00:00+00:00,0.810063348
2019-08-31 17:00:00+00:00,0.809911543
2019-08-31 18:00:00+00:00,0.809667301
2019-08-31 19:00:00+00:00,0.809423073
2019-08-31 20:00:00+00:00,0.809179748
2019-08-31 21:00:00+00:00,0.808936389
2019-08-31 22:00:00+00:00,0.808691993
2019-08-31 23:00:00+00:00,0.808448039
2019-09-01 00:00:00+00:00,0.808212568
2019-09-01 01:00:00+00:00,0.807977461
2019-09-01 02:00:00+00:00,0.807742531
2019-09-01 03:00:00+00:00,0.807507738
2019-09-01 04:00:00+00:00,0.807273207
2019-09-01 05:00:00+00:00,0.806729979
2019-09-01 06:00:00+00:00,0.806323578
2019-09-01 07:00:00+00:00,0.806343681
2019-09-01 08:00:00+00:00,0.806363547
2019-09-01 09:00:00+00:00,0.806383412
2019-09-01 10:00:00+00:00,0.806402798
2019-09-01 11:00:00+00:00,0.806422343
2019-09-01 12:00:00+00:00,0.806442326
2019-09-01 13:00:00+00:00,0.806463449
2019-09-01 14:00:00+00:00,0.806484979
2019-09-01 15:00:00+00:00,0.806506835
2019-09-01 16:00:00+00:00,0.806528466
2019-09-01 17:00:00+00:00,0.806549629
2019-09-01 18:00:00+00:00,0.806568837
2019-09-01 19:00:00+00:00,0.806588282
2019-09-01 20:00:00+00:00,0.80660785
2019-09-01 21:00:00+00:00,0.806628174
2019-09-01 22:00:00+00:00,0.806648886
2019-09-01 23:00:00+00:00,0.806670424
2019-09-02 00:00:00+00:00,0.806692166
2019-09-02 01:00:00+00:00,0.806713928
2019-09-02 02:00:00+00:00,0.806735551
2019-09-02 03:00:00+00:00,0.806756993
2019-09-02 04:00:00+00:00,0.806777646
2019-09-02 05:00:00+00:00,0.806796742
2019-09-02 06:00:00+00:00,0.806814124
2019-09-02 07:00:00+00:00,0.806831363
2019-09-02 08:00:00+00:00,0.80684958
2019-09-02 09:00:00+00:00,0.806868353
2019-09-02 10:00:00+00:00,0.806886569
2019-09-02 11:00:00+00:00,0.806905714
2019-09-02 12:00:00+00:00,0.806924547
2019-09-02 13:00:00+00:00,0.806943871
2019-09-02 14:00:00+00:00,0.806963282
2019-09-02 15:00:00+00:00,0.806982765
2019-09-02 16:00:00+00:00,0.807000877
2019-09-02 17:00:00+00:00,0.807017371
2019-09-02 18:00:00+00:00,0.807032193
2019-09-02 19:00:00+00:00,0.807046651
2019-09-02 20:00:00+00:00,0.80706509
2019-09-02 21:00:00+00:00,0.807084551
2019-09-02 22:00:00+00:00,0.807104024
2019-09-02 23:00:00+00:00,0.807123849
2019-09-03 00:00:00+00:00,0.807144988
2019-09-03 01:00:00+00:00,0.807166395
2019-09-03 02:00:00+00:00,0.807187903
2019-09-03 03:00:00+00:00,0.807209376
2019-09-03 04:00:00+00:00,0.807231184
2019-09-03 05:00:00+00:00,0.807252224
2019-09-03 06:00:00+00:00,0.807272581
2019-09-03 07:00:00+00:00,0.807292764
2019-09-03 08:00:00+00:00,0.807311953
2019-09-03 09:00:00+00:00,0.807327153
2019-09-03 10:00:00+00:00,0.807344655
2019-09-03 11:00:00+00:00,0.807358561
2019-09-03 12:00:00+00:00,0.807371941
2019-09-03 13:00:00+00:00,0.80738476
2019-09-03 14:00:00+00:00,0.807398136
2019-09-03 15:00:00+00:00,0.807410759
2019-09-03 16:00:00+00:00,0.807424226
2019-09-03 17:00:00+00:00,0.806828145
2019-09-03 18:00:00+00:00,0.806231164
2019-09-03 19:00:00+00:00,0.805635507
2019-09-03 20:00:00+00:00,0.805041391
2019-09-03 21:00:00+00:00,0.804447653
2019-09-03 22:00:00+00:00,0.80385855
2019-09-03 23:00:00+00:00,0.803269786
2019-09-04 00:00:00+00:00,0.802682471
2019-09-04 01:00:00+00:00,0.802093602
2019-09-04 02:00:00+00:00,0.801504587
2019-09-04 03:00:00+00:00,0.80091578
2019-09-04 04:00:00+00:00,0.800326209
2019-09-04 05:00:00+00:00,0.799732395
2019-09-04 06:00:00+00:00,0.79909324
2019-09-04 07:00:00+00:00,0.798887048
2019-09-04 08:00:00+00:00,0.798900153
2019-09-04 09:00:00+00:00,0.798913035
2019-09-04 10:00:00+00:00,0.798926109
2019-09-04 11:00:00+00:00,0.798939601
2019-09-04 12:00:00+00:00,0.798953205
2019-09-04 13:00:00+00:00,0.798968976
2019-09-04 14:00:00+00:00,0.79898578
2019-09-04 15:00:00+00:00,0.79900628
2019-09-04 16:00:00+00:00,0.799027965
2019-09-04 17:00:00+00:00,0.799049299
2019-09-04 18:00:00+00:00,0.799069995
2019-09-04 19:00:00+00:00,0.799090524
2019-09-04 20:00:00+00:00,0.799111521
2019-09-04 21:00:00+00:00,0.799132652
2019-09-04 22:00:00+00:00,0.799153959
2019-09-04 23:00:00+00:00,0.799176961
2019-09-05 00:00:00+00:00,0.79920028
2019-09-05 01:00:00+00:00,0.79922365
2019-09-05 02:00:00+00:00,0.799247152
2019-09-05 03:00:00+00:00,0.79927049
2019-09-05 04:00:00+00:00,0.799293235
2019-09-05 05:00:00+00:00,0.799315012
2019-09-05 06:00:00+00:00,0.799336192
2019-09-05 07:00:00+00:00,0.799356794
2019-09-05 08:00:00+00:00,0.799377132
2019-09-05 09:00:00+00:00,0.79939722
2019-09-05 10:00:00+00:00,0.799417785
2019-09-05 11:00:00+00:00,0.799438603
2019-09-05 12:00:00+00:00,0.79945971
2019-09-05 13:00:00+00:00,0.799481312
2019-09-05 14:00:00+00:00,0.799503039
2019-09-05 15:00:00+00:00,0.799524764
2019-09-05 16:00:00+00:00,0.799545619
2019-09-05 17:00:00+00:00,0.799566332
2019-09-05 18:00:00+00:00,0.799586109
2019-09-05 19:00:00+00:00,0.799605504
2019-09-05 20:00:00+00:00,0.799626602
2019-09-05 21:00:00+00:00,0.799648306
2019-09-05 22:00:00+00:00,0.799671624
2019-09-05 23:00:00+00:00,0.799695089
2019-09-06 00:00:00+00:00,0.799718768
2019-09-06 01:00:00+00:00,0.799742368
2019-09-06 02:00:00+00:00,0.799766053
2019-09-06 03:00:00+00:00,0.799789593
2019-09-06 04:00:00+00:00,0.799812335
2019-09-06 05:00:00+00:00,0.799835118
2019-09-06 06:00:00+00:00,0.79985756
2019-09-06 07:00:00+00:00,0.79988033
2019-09-06 08:00:00+00:00,0.799902323
2019-09-06 09:00:00+00:00,0.799924012
2019-09-06 10:00:00+00:00,0.799945494
2019-09-06 11:00:00+00:00,0.799966068
2019-09-06 12:00:00+00:00,0.799986504
2019-09-06 13:00:00+00:00,0.800007272
2019-09-06 14:00:00+00:00,0.800027954
2019-09-06 15:00:00+00:00,0.800049076
2019-09-06 16:00:00+00:00,0.80006981
2019-09-06 17:00:00+00:00,0.800089894
2019-09-06 18:00:00+00:00,0.80011067
2019-09-06 19:00:00+00:00,0.800132252
2019-09-06 20:00:00+00:00,0.800153462
2019-09-06 21:00:00+00:00,0.800176094
2019-09-06 22:00:00+00:00,0.800199331
2019-09-06 23:00:00+00:00,0.800223644
2019-09-07 00:00:00+00:00,0.800248249
2019-09-07 01:00:00+00:00,0.800272925
2019-09-07 02:00:00+00:00,0.800297662
2019-09-07 03:00:00+00:00,0.800322397
2019-09-07 04:00:00+00:00,0.800347136
2019-09-07 05:00:00+00:00,0.800371381
2019-09-07 06:00:00+00:00,0.80039543
2019-09-07 07:00:00+00:00,0.800419092
2019-09-07 08:00:00+00:00,0.800442996
2019-09-07 09:00:00+00:00,0.800467175
2019-09-07 10:00:00+00:00,0.800491408
2019-09-07 11:00:00+00:00,0.800515809
2019-09-07 12:00:00+00:00,0.800540507
2019-09-07 13:00:00+00:00,0.800565224
2019-09-07 14:00:00+00:00,0.800589903
2019-09-07 15:00:00+00:00,0.80061449
2019-09-07 16:00:00+00:00,0.800638605
2019-09-07 17:00:00+00:00,0.800662335
2019-09-07 18:00:00+00:00,0.800685339
2019-09-07 19:00:00+00:00,0.800708609
2019-09-07 20:00:00+00:00,0.800731761
2019-09-07 21:00:00+00:00,0.800754819
2019-09-07 22:00:00+00:00,0.800778022
2019-09-07 23:00:00+00:00,0.8008026
2019-09-08 00:00:00+00:00,0.80082765
2019-09-08 01:00:00+00:00,0.80085259
2019-09-08 02:00:00+00:00,0.800877535
2019-09-08 03:00:00+00:00,0.800902544
2019-09-08 04:00:00+00:00,0.800926503
2019-09-08 05:00:00+00:00,0.800950548
2019-09-08 06:00:00+00:00,0.800974493
2019-09-08 07:00:00+00:00,0.800998589
2019-09-08 08:00:00+00:00,0.801022612
2019-09-08 09:00:00+00:00,0.801046686
2019-09-08 10:00:00+00:00,0.801070984
2019-09-08 11:00:00+00:00,0.801095599
2019-09-08 12:00:00+00:00,0.801120812
2019-09-08 13:00:00+00:00,0.80114607
2019-09-08 14:00:00+00:00,0.801171367
2019-09-08 15:00:00+00:00,0.801196782
2019-09-08 16:00:00+00:00,0.801221718
2019-09-08 17:00:00+00:00,0.801082537
2019-09-08 18:00:00+00:00,0.800763701
2019-09-08 19:00:00+00:00,0.80044507
2019-09-08 20:00:00+00:00,0.800126666
2019-09-08 21:00:00+00:00,0.799808349
2019-09-08 22:00:00+00:00,0.799489396
2019-09-08 23:00:00+00:00,0.799172081
2019-09-09 00:00:00+00:00,0.798854832
2019-09-09 01:00:00+00:00,0.798537783
2019-09-09 02:00:00+00:00,0.798220753
2019-09-09 03:00:00+00:00,0.79790372
2019-09-09 04:00:00+00:00,0.797585497
2019-09-09 05:00:00+00:00,0.797265858
2019-09-09 06:00:00+00:00,0.796633536
2019-09-09 07:00:00+00:00,0.79627348
2019-09-09 08:00:00+00:00,0.79629388
2019-09-09 09:00:00+00:00,0.796313575
2019-09-09 10:00:00+00:00,0.79633337
2019-09-09 11:00:00+00:00,0.796353214
2019-09-09 12:00:00+00:00,0.796374769
2019-09-09 13:00:00+00:00,0.796398851
2019-09-09 14:00:00+00:00,0.796423568
2019-09-09 15:00:00+00:00,0.796447903
2019-09-09 16:00:00+00:00,0.796472453
2019-09-09 17:00:00+00:00,0.796492973
2019-09-09 18:00:00+00:00,0.796513649
2019-09-09 19:00:00+00:00,0.796534114
2019-09-09 20:00:00+00:00,0.796557792
2019-09-09 21:00:00+00:00,0.796582117
2019-09-09 22:00:00+00:00,0.796606847
2019-09-09 23:00:00+00:00,0.796632725
2019-09-10 00:00:00+00:00,0.796659033
2019-09-10 01:00:00+00:00,0.796685715
2019-09-10 02:00:00+00:00,0.79671245
2019-09-10 03:00:00+00:00,0.796739022
2019-09-10 04:00:00+00:00,0.796765732
2019-09-10 05:00:00+00:00,0.796790431
2019-09-10 06:00:00+00:00,0.796814206
2019-09-10 07:00:00+00:00,0.796837166
2019-09-10 08:00:00+00:00,0.796860548
2019-09-10 09:00:00+00:00,0.796883283
2019-09-10 10:00:00+00:00,0.796905669
2019-09-10 11:00:00+00:00,0.796928217
2019-09-10 12:00:00+00:00,0.796950003
2019-09-10 13:00:00+00:00,0.796971889
2019-09-10 14:00:00+00:00,0.796994
2019-09-10 15:00:00+00:00,0.79701512
2019-09-10 16:00:00+00:00,0.797036338
2019-09-10 17:00:00+00:00,0.797057383
2019-09-10 18:00:00+00:00,0.797076273
2019-09-10 19:00:00+00:00,0.797095241
2019-09-10 20:00:00+00:00,0.797115421
2019-09-10 21:00:00+00:00,0.797136637
2019-09-10 22:00:00+00:00,0.797158794
2019-09-10 23:00:00+00:00,0.797181856
2019-09-11 00:00:00+00:00,0.797205284
2019-09-11 01:00:00+00:00,0.797228897
2019-09-11 02:00:00+00:00,0.797252521
2019-09-11 03:00:00+00:00,0.797276239
2019-09-11 04:00:00+00:00,0.797300094
2019-09-11 05:00:00+00:00,0.797322862
2019-09-11 06:00:00+00:00,0.797342218
2019-09-11 07:00:00+00:00,0.797360029
2019-09-11 08:00:00+00:00,0.797378325
2019-09-11 09:00:00+00:00,0.797395849
2019-09-11 10:00:00+00:00,0.797414014
2019-09-11 11:00:00+00:00,0.79743219
2019-09-11 12:00:00+00:00,0.797452041
2019-09-11 13:00:00+00:00,0.79747365
2019-09-11 14:00:00+00:00,0.797496169
2019-09-11 15:00:00+00:00,0.797518783
2019-09-11 16:00:00+00:00,0.797541318
2019-09-11 17:00:00+00:00,0.797561695
2019-09-11 18:00:00+00:00,0.797581437
2019-09-11 19:00:00+00:00,0.797601008
2019-09-11 20:00:00+00:00,0.79762179
2019-09-11 21:00:00+00:00,0.797643041
2019-09-11 22:00:00+00:00,0.797665698
2019-09-11 23:00:00+00:00,0.797688829
2019-09-12 00:00:00+00:00,0.797712872
2019-09-12 01:00:00+00:00,0.797737091
2019-09-12 02:00:00+00:00,0.797761394
2019-09-12 03:00:00+00:00,0.797785714
2019-09-12 04:00:00+00:00,0.797808868
2019-09-12 05:00:00+00:00,0.797830222
2019-09-12 06:00:00+00:00,0.797850538
2019-09-12 07:00:00+00:00,0.797870184
2019-09-12 08:00:00+00:00,0.797891437
2019-09-12 09:00:00+00:00,0.797913294
2019-09-12 10:00:00+00:00,0.797935521
2019-09-12 11:00:00+00:00,0.797957867
2019-09-12 12:00:00+00:00,0.797980864
2019-09-12 13:00:00+00:00,0.798003978
2019-09-12 14:00:00+00:00,0.798027155
2019-09-12 15:00:00+00:00,0.798050621
2019-09-12 16:00:00+00:00,0.798073928
2019-09-12 17:00:00+00:00,0.798096253
2019-09-12 18:00:00+00:00,0.798117638
2019-09-12 19:00:00+00:00,0.798140033
2019-09-12 20:00:00+00:00,0.798163586
2019-09-12 21:00:00+00:00,0.798187115
2019-09-12 22:00:00+00:00,0.79821232
2019-09-12 23:00:00+00:00,0.798237909
2019-09-13 00:00:00+00:00,0.79826363
2019-09-13 01:00:00+00:00,0.79828957
2019-09-13 02:00:00+00:00,0.798315474
2019-09-13 03:00:00+00:00,0.798341469
2019-09-13 04:00:00+00:00,0.798366748
2019-09-13 05:00:00+00:00,0.798390089
2019-09-13 06:00:00+00:00,0.798412348
2019-09-13 07:00:00+00:00,0.798428419
2019-09-13 08:00:00+00:00,0.798444596
2019-09-13 09:00:00+00:00,0.798465484
2019-09-13 10:00:00+00:00,0.798486637
2019-09-13 11:00:00+00:00,0.798510227
2019-09-13 12:00:00+00:00,0.798534848
2019-09-13 13:00:00+00:00,0.798560979
2019-09-13 14:00:00+00:00,0.798586848
2019-09-13 15:00:00+00:00,0.798612609
2019-09-13 16:00:00+00:00,0.798637089
2019-09-13 17:00:00+00:00,0.798661435
2019-09-13 18:00:00+00:00,0.798684329
2019-09-13 19:00:00+00:00,0.798707272
2019-09-13 20:00:00+00:00,0.79873244
2019-09-13 21:00:00+00:00,0.798758755
2019-09-13 22:00:00+00:00,0.798785602
2019-09-13 23:00:00+00:00,0.798812207
2019-09-14 00:00:00+00:00,0.798838764
2019-09-14 01:00:00+00:00,0.798865573
2019-09-14 02:00:00+00:00,0.798892528
2019-09-14 03:00:00+00:00,0.798919526
2019-09-14 04:00:00+00:00,0.798945658
2019-09-14 05:00:00+00:00,0.798971268
2019-09-14 06:00:00+00:00,0.798996255
2019-09-14 07:00:00+00:00,0.799019683
2019-09-14 08:00:00+00:00,0.799042901
2019-09-14 09:00:00+00:00,0.799067238
2019-09-14 10:00:00+00:00,0.799091708
2019-09-14 11:00:00+00:00,0.799116118
2019-09-14 12:00:00+00:00,0.799141422
2019-09-14 13:00:00+00:00,0.799167882
2019-09-14 14:00:00+00:00,0.799194507
2019-09-14 15:00:00+00:00,0.799221295
2019-09-14 16:00:00+00:00,0.799247732
2019-09-14 17:00:00+00:00,0.799272497
2019-09-14 18:00:00+00:00,0.799295536
2019-09-14 19:00:00+00:00,0.799319112
2019-09-14 20:00:00+00:00,0.799343305
2019-09-14 21:00:00+00:00,0.799368353
2019-09-14 22:00:00+00:00,0.799395071
2019-09-14 23:00:00+00:00,0.799421996
2019-09-15 00:00:00+00:00,0.799448777
2019-09-15 01:00:00+00:00,0.799475519
2019-09-15 02:00:00+00:00,0.799502296
2019-09-15 03:00:00+00:00,0.799529028
2019-09-15 04:00:00+00:00,0.799554936
2019-09-15 05:00:00+00:00,0.799580649
2019-09-15 06:00:00+00:00,0.799605728
2019-09-15 07:00:00+00:00,0.799629251
2019-09-15 08:00:00+00:00,0.799652226
2019-09-15 09:00:00+00:00,0.799676238
2019-09-15 10:00:00+00:00,0.799699709
2019-09-15 11:00:00+00:00,0.799723314
2019-09-15 12:00:00+00:00,0.799748358
2019-09-15 13:00:00+00:00,0.799774719
2019-09-15 14:00:00+00:00,0.799800919
2019-09-15 15:00:00+00:00,0.799826997
2019-09-15 16:00:00+00:00,0.799853319
2019-09-15 17:00:00+00:00,0.799713896
2019-09-15 18:00:00+00:00,0.799237672
2019-09-15 19:00:00+00:00,0.798761918
2019-09-15 20:00:00+00:00,0.798285805
2019-09-15 21:00:00+00:00,0.797809626
2019-09-15 22:00:00+00:00,0.797333005
2019-09-15 23:00:00+00:00,0.796857656
2019-09-16 00:00:00+00:00,0.796382861
2019-09-16 01:00:00+00:00,0.79590807
2019-09-16 02:00:00+00:00,0.795433066
2019-09-16 03:00:00+00:00,0.794958121
2019-09-16 04:00:00+00:00,0.79448228
2019-09-16 05:00:00+00:00,0.794006194
2019-09-16 06:00:00+00:00,0.793528446
2019-09-16 07:00:00+00:00,0.792897206
2019-09-16 08:00:00+00:00,0.792687232
2019-09-16 09:00:00+00:00,0.792710243
2019-09-16 10:00:00+00:00,0.792733131
2019-09-16 11:00:00+00:00,0.792755298
2019-09-16 12:00:00+00:00,0.792778563
2019-09-16 13:00:00+00:00,0.792802584
2019-09-16 14:00:00+00:00,0.792224614
2019-09-16 15:00:00+00:00,0.791628055
2019-09-16 16:00:00+00:00,0.791003501
2019-09-16 17:00:00+00:00,0.790372669
2019-09-16 18:00:00+00:00,0.789741095
2019-09-16 19:00:00+00:00,0.78911102
2019-09-16 20:00:00+00:00,0.788481812
2019-09-16 21:00:00+00:00,0.787852161
2019-09-16 22:00:00+00:00,0.787222872
2019-09-16 23:00:00+00:00,0.786593682
2019-09-17 00:00:00+00:00,0.785964781
2019-09-17 01:00:00+00:00,0.785336008
2019-09-17 02:00:00+00:00,0.784707366
2019-09-17 03:00:00+00:00,0.784078702
2019-09-17 04:00:00+00:00,0.783448665
2019-09-17 05:00:00+00:00,0.782817573
2019-09-17 06:00:00+00:00,0.782186422
2019-09-17 07:00:00+00:00,0.781555127
2019-09-17 08:00:00+00:00,0.781577469
2019-09-17 09:00:00+00:00,0.781600393
2019-09-17 10:00:00+00:00,0.781621904
2019-09-17 11:00:00+00:00,0.781643165
2019-09-17 12:00:00+00:00,0.781666675
2019-09-17 13:00:00+00:00,0.781690167
2019-09-17 14:00:00+00:00,0.781093381
2019-09-17 15:00:00+00:00,0.781117158
2019-09-17 16:00:00+00:00,0.780499988
2019-09-17 17:00:00+00:00,0.779869162
2019-09-17 18:00:00+00:00,0.779237581
2019-09-17 19:00:00+00:00,0.778606957
2019-09-17 20:00:00+00:00,0.777977774
2019-09-17 21:00:00+00:00,0.777348573
2019-09-17 22:00:00+00:00,0.776720018
2019-09-17 23:00:00+00:00,0.776091675
2019-09-18 00:00:00+00:00,0.775463521
2019-09-18 01:00:00+00:00,0.774835576
2019-09-18 02:00:00+00:00,0.774207827
2019-09-18 03:00:00+00:00,0.773579931
2019-09-18 04:00:00+00:00,0.772951384
2019-09-18 05:00:00+00:00,0.772321859
2019-09-18 06:00:00+00:00,0.771691025
2019-09-18 07:00:00+00:00,0.771061215
2019-09-18 08:00:00+00:00,0.771083615
2019-09-18 09:00:00+00:00,0.771106571
2019-09-18 10:00:00+00:00,0.771129225
2019-09-18 11:00:00+00:00,0.771152093
2019-09-18 12:00:00+00:00,0.771174802
2019-09-18 13:00:00+00:00,0.771197226
2019-09-18 14:00:00+00:00,0.771219221
2019-09-18 15:00:00+00:00,0.771241183
2019-09-18 16:00:00+00:00,0.770741745
2019-09-18 17:00:00+00:00,0.770109572
2019-09-18 18:00:00+00:00,0.769475293
2019-09-18 19:00:00+00:00,0.768840954
2019-09-18 20:00:00+00:00,0.768208827
2019-09-18 21:00:00+00:00,0.767578112
2019-09-18 22:00:00+00:00,0.766947571
2019-09-18 23:00:00+00:00,0.766317567
2019-09-19 00:00:00+00:00,0.765688194
2019-09-19 01:00:00+00:00,0.765059086
2019-09-19 02:00:00+00:00,0.764430142
2019-09-19 03:00:00+00:00,0.763801236
2019-09-19 04:00:00+00:00,0.763171164
2019-09-19 05:00:00+00:00,0.762539656
2019-09-19 06:00:00+00:00,0.761906821
2019-09-19 07:00:00+00:00,0.761273687
2019-09-19 08:00:00+00:00,0.761294701
2019-09-19 09:00:00+00:00,0.761317122
2019-09-19 10:00:00+00:00,0.761338464
2019-09-19 11:00:00+00:00,0.761359634
2019-09-19 12:00:00+00:00,0.761381196
2019-09-19 13:00:00+00:00,0.761402837
2019-09-19 14:00:00+00:00,0.761424808
2019-09-19 15:00:00+00:00,0.761445664
2019-09-19 16:00:00+00:00,0.761302271
2019-09-19 17:00:00+00:00,0.760737972
2019-09-19 18:00:00+00:00,0.760173065
2019-09-19 19:00:00+00:00,0.759608677
2019-09-19 20:00:00+00:00,0.759046052
2019-09-19 21:00:00+00:00,0.758483958
2019-09-19 22:00:00+00:00,0.757922553
2019-09-19 23:00:00+00:00,0.757361756
2019-09-20 00:00:00+00:00,0.756801192
2019-09-20 01:00:00+00:00,0.756240764
2019-09-20 02:00:00+00:00,0.755680496
2019-09-20 03:00:00+00:00,0.755119745
2019-09-20 04:00:00+00:00,0.754557757
2019-09-20 05:00:00+00:00,0.753993214
2019-09-20 06:00:00+00:00,0.7533577
2019-09-20 07:00:00+00:00,0.752721934
2019-09-20 08:00:00+00:00,0.752741528
2019-09-20 09:00:00+00:00,0.752762588
2019-09-20 10:00:00+00:00,0.752784067
2019-09-20 11:00:00+00:00,0.752805298
2019-09-20 12:00:00+00:00,0.752827379
2019-09-20 13:00:00+00:00,0.752849855
2019-09-20 14:00:00+00:00,0.752872843
2019-09-20 15:00:00+00:00,0.752895259
2019-09-20 16:00:00+00:00,0.752294597
2019-09-20 17:00:00+00:00,0.751673377
2019-09-20 18:00:00+00:00,0.751693802
2019-09-20 19:00:00+00:00,0.751715865
2019-09-20 20:00:00+00:00,0.75108981
2019-09-20 21:00:00+00:00,0.750466662
2019-09-20 22:00:00+00:00,0.749843729
2019-09-20 23:00:00+00:00,0.749223516
2019-09-21 00:00:00+00:00,0.748604455
2019-09-21 01:00:00+00:00,0.74798667
2019-09-21 02:00:00+00:00,0.747369417
2019-09-21 03:00:00+00:00,0.746750983
2019-09-21 04:00:00+00:00,0.746131678
2019-09-21 05:00:00+00:00,0.745512162
2019-09-21 06:00:00+00:00,0.744894223
2019-09-21 07:00:00+00:00,0.744307131
2019-09-21 08:00:00+00:00,0.744327192
2019-09-21 09:00:00+00:00,0.744347644
2019-09-21 10:00:00+00:00,0.744367608
2019-09-21 11:00:00+00:00,0.744387523
2019-09-21 12:00:00+00:00,0.744408893
2019-09-21 13:00:00+00:00,0.744431518
2019-09-21 14:00:00+00:00,0.744452657
2019-09-21 15:00:00+00:00,0.744472125
2019-09-21 16:00:00+00:00,0.744491256
2019-09-21 17:00:00+00:00,0.74450932
2019-09-21 18:00:00+00:00,0.744525535
2019-09-21 19:00:00+00:00,0.744541822
2019-09-21 20:00:00+00:00,0.744559052
2019-09-21 21:00:00+00:00,0.744576749
2019-09-21 22:00:00+00:00,0.744600124
2019-09-21 23:00:00+00:00,0.744623611
2019-09-22 00:00:00+00:00,0.74464712
2019-09-22 01:00:00+00:00,0.744670821
2019-09-22 02:00:00+00:00,0.744694762
2019-09-22 03:00:00+00:00,0.744718733
2019-09-22 04:00:00+00:00,0.74474157
2019-09-22 05:00:00+00:00,0.744765136
2019-09-22 06:00:00+00:00,0.744787591
2019-09-22 07:00:00+00:00,0.744809264
2019-09-22 08:00:00+00:00,0.744831042
2019-09-22 09:00:00+00:00,0.74485297
2019-09-22 10:00:00+00:00,0.744874422
2019-09-22 11:00:00+00:00,0.744896
2019-09-22 12:00:00+00:00,0.744917978
2019-09-22 13:00:00+00:00,0.744941117
2019-09-22 14:00:00+00:00,0.744964334
2019-09-22 15:00:00+00:00,0.74498721
2019-09-22 16:00:00+00:00,0.745009672
2019-09-22 17:00:00+00:00,0.744883182
2019-09-22 18:00:00+00:00,0.744738212
2019-09-22 19:00:00+00:00,0.744591815
2019-09-22 20:00:00+00:00,0.744445984
2019-09-22 21:00:00+00:00,0.744303726
2019-09-22 22:00:00+00:00,0.7441613
2019-09-22 23:00:00+00:00,0.744021482
2019-09-23 00:00:00+00:00,0.74388221
2019-09-23 01:00:00+00:00,0.74374334
2019-09-23 02:00:00+00:00,0.743604293
2019-09-23 03:00:00+00:00,0.743465009
2019-09-23 04:00:00+00:00,0.743324055
2019-09-23 05:00:00+00:00,0.743340422
2019-09-23 06:00:00+00:00,0.743355749
2019-09-23 07:00:00+00:00,0.743356901
2019-09-23 08:00:00+00:00,0.74337146
2019-09-23 09:00:00+00:00,0.743387419
2019-09-23 10:00:00+00:00,0.743402985
2019-09-23 11:00:00+00:00,0.743419027
2019-09-23 12:00:00+00:00,0.743438202
2019-09-23 13:00:00+00:00,0.743460524
2019-09-23 14:00:00+00:00,0.743482922
2019-09-23 15:00:00+00:00,0.743503607
2019-09-23 16:00:00+00:00,0.743520539
2019-09-23 17:00:00+00:00,0.743539222
2019-09-23 18:00:00+00:00,0.743553745
2019-09-23 19:00:00+00:00,0.743570663
2019-09-23 20:00:00+00:00,0.743589091
2019-09-23 21:00:00+00:00,0.743610988
2019-09-23 22:00:00+00:00,0.743634211
2019-09-23 23:00:00+00:00,0.743657954
2019-09-24 00:00:00+00:00,0.743681786
2019-09-24 01:00:00+00:00,0.743705687
2019-09-24 02:00:00+00:00,0.74372926
2019-09-24 03:00:00+00:00,0.743752649
2019-09-24 04:00:00+00:00,0.743774271
2019-09-24 05:00:00+00:00,0.743793398
2019-09-24 06:00:00+00:00,0.743808023
2019-09-24 07:00:00+00:00,0.743823239
2019-09-24 08:00:00+00:00,0.743839324
2019-09-24 09:00:00+00:00,0.743858804
2019-09-24 10:00:00+00:00,0.743880217
2019-09-24 11:00:00+00:00,0.743901294
2019-09-24 12:00:00+00:00,0.743922549
2019-09-24 13:00:00+00:00,0.743944318
2019-09-24 14:00:00+00:00,0.743966264
2019-09-24 15:00:00+00:00,0.743987892
2019-09-24 16:00:00+00:00,0.744007164
2019-09-24 17:00:00+00:00,0.74385758
2019-09-24 18:00:00+00:00,0.743707516
2019-09-24 19:00:00+00:00,0.743558057
2019-09-24 20:00:00+00:00,0.743411999
2019-09-24 21:00:00+00:00,0.743269803
2019-09-24 22:00:00+00:00,0.743128831
2019-09-24 23:00:00+00:00,0.742989372
2019-09-25 00:00:00+00:00,0.742850359
2019-09-25 01:00:00+00:00,0.742712016
2019-09-25 02:00:00+00:00,0.742573892
2019-09-25 03:00:00+00:00,0.7424358
2019-09-25 04:00:00+00:00,0.742297017
2019-09-25 05:00:00+00:00,0.742315521
2019-09-25 06:00:00+00:00,0.742333761
2019-09-25 07:00:00+00:00,0.742333378
2019-09-25 08:00:00+00:00,0.742350166
2019-09-25 09:00:00+00:00,0.742368479
2019-09-25 10:00:00+00:00,0.742386643
2019-09-25 11:00:00+00:00,0.742404594
2019-09-25 12:00:00+00:00,0.742423967
2019-09-25 13:00:00+00:00,0.742447812
2019-09-25 14:00:00+00:00,0.742471398
2019-09-25 15:00:00+00:00,0.742494618
2019-09-25 16:00:00+00:00,0.742511467
2019-09-25 17:00:00+00:00,0.742043866
2019-09-25 18:00:00+00:00,0.741575132
2019-09-25 19:00:00+00:00,0.741106588
2019-09-25 20:00:00+00:00,0.740639064
2019-09-25 21:00:00+00:00,0.740177261
2019-09-25 22:00:00+00:00,0.739715974
2019-09-25 23:00:00+00:00,0.739255802
2019-09-26 00:00:00+00:00,0.738795685
2019-09-26 01:00:00+00:00,0.738335459
2019-09-26 02:00:00+00:00,0.737875286
2019-09-26 03:00:00+00:00,0.737411136
2019-09-26 04:00:00+00:00,0.736945359
2019-09-26 05:00:00+00:00,0.73647907
2019-09-26 06:00:00+00:00,0.735841107
2019-09-26 07:00:00+00:00,0.735668322
2019-09-26 08:00:00+00:00,0.735685017
2019-09-26 09:00:00+00:00,0.735702155
2019-09-26 10:00:00+00:00,0.7357193
2019-09-26 11:00:00+00:00,0.735736614
2019-09-26 12:00:00+00:00,0.73575879
2019-09-26 13:00:00+00:00,0.735782638
2019-09-26 14:00:00+00:00,0.735806074
2019-09-26 15:00:00+00:00,0.73582522
2019-09-26 16:00:00+00:00,0.735843486
2019-09-26 17:00:00+00:00,0.735324099
2019-09-26 18:00:00+00:00,0.734803012
2019-09-26 19:00:00+00:00,0.734282622
2019-09-26 20:00:00+00:00,0.733763118
2019-09-26 21:00:00+00:00,0.73324481
2019-09-26 22:00:00+00:00,0.732727436
2019-09-26 23:00:00+00:00,0.732211048
2019-09-27 00:00:00+00:00,0.731699162
2019-09-27 01:00:00+00:00,0.731187893
2019-09-27 02:00:00+00:00,0.730676727
2019-09-27 03:00:00+00:00,0.730165575
2019-09-27 04:00:00+00:00,0.729654423
2019-09-27 05:00:00+00:00,0.729137179
2019-09-27 06:00:00+00:00,0.728501026
2019-09-27 07:00:00+00:00,0.728390765
2019-09-27 08:00:00+00:00,0.728408997
2019-09-27 09:00:00+00:00,0.728427165
2019-09-27 10:00:00+00:00,0.728445099
2019-09-27 11:00:00+00:00,0.72846386
2019-09-27 12:00:00+00:00,0.728482882
2019-09-27 13:00:00+00:00,0.728502323
2019-09-27 14:00:00+00:00,0.728521737
2019-09-27 15:00:00+00:00,0.728541309
2019-09-27 16:00:00+00:00,0.728561344
2019-09-27 17:00:00+00:00,0.727960941
2019-09-27 18:00:00+00:00,0.727359723
2019-09-27 19:00:00+00:00,0.72675848
2019-09-27 20:00:00+00:00,0.726159574
2019-09-27 21:00:00+00:00,0.725565303
2019-09-27 22:00:00+00:00,0.724971189
2019-09-27 23:00:00+00:00,0.724376965
2019-09-28 00:00:00+00:00,0.723783404
2019-09-28 01:00:00+00:00,0.723190274
2019-09-28 02:00:00+00:00,0.722597854
2019-09-28 03:00:00+00:00,0.722005545
2019-09-28 04:00:00+00:00,0.721412078
2019-09-28 05:00:00+00:00,0.720819754
2019-09-28 06:00:00+00:00,0.720192167
2019-09-28 07:00:00+00:00,0.720090141
2019-09-28 08:00:00+00:00,0.720114277
2019-09-28 09:00:00+00:00,0.720139729
2019-09-28 10:00:00+00:00,0.720165347
2019-09-28 11:00:00+00:00,0.720192247
2019-09-28 12:00:00+00:00,0.72021918
2019-09-28 13:00:00+00:00,0.720246918
2019-09-28 14:00:00+00:00,0.72027474
2019-09-28 15:00:00+00:00,0.720302614
2019-09-28 16:00:00+00:00,0.720330335
2019-09-28 17:00:00+00:00,0.720193217
2019-09-28 18:00:00+00:00,0.720214035
2019-09-28 19:00:00+00:00,0.720234813
2019-09-28 20:00:00+00:00,0.720260342
2019-09-28 21:00:00+00:00,0.720122975
2019-09-28 22:00:00+00:00,0.71998563
2019-09-28 23:00:00+00:00,0.719848791
2019-09-29 00:00:00+00:00,0.719711964
2019-09-29 01:00:00+00:00,0.719575864
2019-09-29 02:00:00+00:00,0.71944014
2019-09-29 03:00:00+00:00,0.719304516
2019-09-29 04:00:00+00:00,0.719168822
2019-09-29 05:00:00+00:00,0.719033557
2019-09-29 06:00:00+00:00,0.718898059
2019-09-29 07:00:00+00:00,0.718924476
2019-09-29 08:00:00+00:00,0.718950441
2019-09-29 09:00:00+00:00,0.718976169
2019-09-29 10:00:00+00:00,0.719001872
2019-09-29 11:00:00+00:00,0.719028673
2019-09-29 12:00:00+00:00,0.719055609
2019-09-29 13:00:00+00:00,0.719083602
2019-09-29 14:00:00+00:00,0.719111352
2019-09-29 15:00:00+00:00,0.719139106
2019-09-29 16:00:00+00:00,0.719166772
2019-09-29 17:00:00+00:00,0.719028122
2019-09-29 18:00:00+00:00,0.718648025
2019-09-29 19:00:00+00:00,0.718262731
2019-09-29 20:00:00+00:00,0.717877265
2019-09-29 21:00:00+00:00,0.717496193
2019-09-29 22:00:00+00:00,0.717116712
2019-09-29 23:00:00+00:00,0.716738845
2019-09-30 00:00:00+00:00,0.716361286
2019-09-30 01:00:00+00:00,0.715983756
2019-09-30 02:00:00+00:00,0.715606235
2019-09-30 03:00:00+00:00,0.715228431
2019-09-30 04:00:00+00:00,0.714849482
2019-09-30 05:00:00+00:00,0.714469681
2019-09-30 06:00:00+00:00,0.713835535
2019-09-30 07:00:00+00:00,0.713627875
2019-09-30 08:00:00+00:00,0.713648556
2019-09-30 09:00:00+00:00,0.713670429
2019-09-30 10:00:00+00:00,0.71369622
2019-09-30 11:00:00+00:00,0.713722354
2019-09-30 12:00:00+00:00,0.71374855
2019-09-30 13:00:00+00:00,0.713774866
2019-09-30 14:00:00+00:00,0.713801662
2019-09-30 15:00:00+00:00,0.713828341
2019-09-30 16:00:00+00:00,0.713854388
2019-09-30 17:00:00+00:00,0.71352538
2019-09-30 18:00:00+00:00,0.713193047
2019-09-30 19:00:00+00:00,0.712864902
2019-09-30 20:00:00+00:00,0.712538447
2019-09-30 21:00:00+00:00,0.712212429
2019-09-30 22:00:00+00:00,0.711881958
2019-09-30 23:00:00+00:00,0.711552905
2019-10-01 00:00:00+00:00,0.711282292
2019-10-01 01:00:00+00:00,0.711011653
2019-10-01 02:00:00+00:00,0.710741122
2019-10-01 03:00:00+00:00,0.710470469
2019-10-01 04:00:00+00:00,0.710198184
2019-10-01 05:00:00+00:00,0.70992107
2019-10-01 06:00:00+00:00,0.709342096
2019-10-01 07:00:00+00:00,0.709414912
2019-10-01 08:00:00+00:00,0.709487191
2019-10-01 09:00:00+00:00,0.70955902
2019-10-01 10:00:00+00:00,0.709631382
2019-10-01 11:00:00+00:00,0.709705372
2019-10-01 12:00:00+00:00,0.709783923
2019-10-01 13:00:00+00:00,0.709862436
2019-10-01 14:00:00+00:00,0.709940941
2019-10-01 15:00:00+00:00,0.710014005
2019-10-01 16:00:00+00:00,0.710086523
2019-10-01 17:00:00+00:00,0.710160703
2019-10-01 18:00:00+00:00,0.710231831
2019-10-01 19:00:00+00:00,0.710303657
2019-10-01 20:00:00+00:00,0.710380643
2019-10-01 21:00:00+00:00,0.710460334
2019-10-01 22:00:00+00:00,0.710541116
2019-10-01 23:00:00+00:00,0.710623007
2019-10-02 00:00:00+00:00,0.710705176
2019-10-02 01:00:00+00:00,0.710787657
2019-10-02 02:00:00+00:00,0.710869967
2019-10-02 03:00:00+00:00,0.710951811
2019-10-02 04:00:00+00:00,0.711032383
2019-10-02 05:00:00+00:00,0.711111304
2019-10-02 06:00:00+00:00,0.711188699
2019-10-02 07:00:00+00:00,0.711264285
2019-10-02 08:00:00+00:00,0.711340885
2019-10-02 09:00:00+00:00,0.711418799
2019-10-02 10:00:00+00:00,0.71149757
2019-10-02 11:00:00+00:00,0.71157836
2019-10-02 12:00:00+00:00,0.711659582
2019-10-02 13:00:00+00:00,0.71174106
2019-10-02 14:00:00+00:00,0.711822454
2019-10-02 15:00:00+00:00,0.711903816
2019-10-02 16:00:00+00:00,0.711983278
2019-10-02 17:00:00+00:00,0.711897989
2019-10-02 18:00:00+00:00,0.711812663
2019-10-02 19:00:00+00:00,0.711727193
2019-10-02 20:00:00+00:00,0.711642787
2019-10-02 21:00:00+00:00,0.711559372
2019-10-02 22:00:00+00:00,0.711476924
2019-10-02 23:00:00+00:00,0.711394708
2019-10-03 00:00:00+00:00,0.711313055
2019-10-03 01:00:00+00:00,0.711231877
2019-10-03 02:00:00+00:00,0.711150679
2019-10-03 03:00:00+00:00,0.711069329
2019-10-03 04:00:00+00:00,0.710986421
2019-10-03 05:00:00+00:00,0.711066659
2019-10-03 06:00:00+00:00,0.710981853
2019-10-03 07:00:00+00:00,0.711060529
2019-10-03 08:00:00+00:00,0.711139932
2019-10-03 09:00:00+00:00,0.711219956
2019-10-03 10:00:00+00:00,0.711301047
2019-10-03 11:00:00+00:00,0.711382406
2019-10-03 12:00:00+00:00,0.711464294
2019-10-03 13:00:00+00:00,0.711546018
2019-10-03 14:00:00+00:00,0.711627856
2019-10-03 15:00:00+00:00,0.711709197
2019-10-03 16:00:00+00:00,0.711784637
2019-10-03 17:00:00+00:00,0.711537409
2019-10-03 18:00:00+00:00,0.711293525
2019-10-03 19:00:00+00:00,0.711050576
2019-10-03 20:00:00+00:00,0.710809555
2019-10-03 21:00:00+00:00,0.710569932
2019-10-03 22:00:00+00:00,0.710331225
2019-10-03 23:00:00+00:00,0.710092659
2019-10-04 00:00:00+00:00,0.709854362
2019-10-04 01:00:00+00:00,0.709616134
2019-10-04 02:00:00+00:00,0.709377718
2019-10-04 03:00:00+00:00,0.709138964
2019-10-04 04:00:00+00:00,0.708899531
2019-10-04 05:00:00+00:00,0.708657752
2019-10-04 06:00:00+00:00,0.708097942
2019-10-04 07:00:00+00:00,0.707834944
2019-10-04 08:00:00+00:00,0.707911495
2019-10-04 09:00:00+00:00,0.707988762
2019-10-04 10:00:00+00:00,0.708065515
2019-10-04 11:00:00+00:00,0.708144907
2019-10-04 12:00:00+00:00,0.708225653
2019-10-04 13:00:00+00:00,0.70830677
2019-10-04 14:00:00+00:00,0.708387849
2019-10-04 15:00:00+00:00,0.708468569
2019-10-04 16:00:00+00:00,0.708545386
2019-10-04 17:00:00+00:00,0.708214738
2019-10-04 18:00:00+00:00,0.707882727
2019-10-04 19:00:00+00:00,0.707549481
2019-10-04 20:00:00+00:00,0.707217689
2019-10-04 21:00:00+00:00,0.706891141
2019-10-04 22:00:00+00:00,0.706563984
2019-10-04 23:00:00+00:00,0.7062386
2019-10-05 00:00:00+00:00,0.705913816
2019-10-05 01:00:00+00:00,0.705589342
2019-10-05 02:00:00+00:00,0.705264908
2019-10-05 03:00:00+00:00,0.704940464
2019-10-05 04:00:00+00:00,0.704614614
2019-10-05 05:00:00+00:00,0.704289599
2019-10-05 06:00:00+00:00,0.703717296
2019-10-05 07:00:00+00:00,0.703709974
2019-10-05 08:00:00+00:00,0.703789621
2019-10-05 09:00:00+00:00,0.703869911
2019-10-05 10:00:00+00:00,0.703950054
2019-10-05 11:00:00+00:00,0.704031226
2019-10-05 12:00:00+00:00,0.704112967
2019-10-05 13:00:00+00:00,0.70419507
2019-10-05 14:00:00+00:00,0.704277252
2019-10-05 15:00:00+00:00,0.704359166
2019-10-05 16:00:00+00:00,0.704440828
2019-10-05 17:00:00+00:00,0.704520449
2019-10-05 18:00:00+00:00,0.704599656
2019-10-05 19:00:00+00:00,0.70467876
2019-10-05 20:00:00+00:00,0.704758317
2019-10-05 21:00:00+00:00,0.70483889
2019-10-05 22:00:00+00:00,0.704540602
2019-10-05 23:00:00+00:00,0.704242324
2019-10-06 00:00:00+00:00,0.703944566
2019-10-06 01:00:00+00:00,0.70364708
2019-10-06 02:00:00+00:00,0.703349634
2019-10-06 03:00:00+00:00,0.703052082
2019-10-06 04:00:00+00:00,0.702754761
2019-10-06 05:00:00+00:00,0.702457372
2019-10-06 06:00:00+00:00,0.702061546
2019-10-06 07:00:00+00:00,0.702142703
2019-10-06 08:00:00+00:00,0.702223655
2019-10-06 09:00:00+00:00,0.702304734
2019-10-06 10:00:00+00:00,0.702385594
2019-10-06 11:00:00+00:00,0.702467507
2019-10-06 12:00:00+00:00,0.70254981
2019-10-06 13:00:00+00:00,0.702632467
2019-10-06 14:00:00+00:00,0.702715112
2019-10-06 15:00:00+00:00,0.702797669
2019-10-06 16:00:00+00:00,0.7028799
2019-10-06 17:00:00+00:00,0.702956528
2019-10-06 18:00:00+00:00,0.703030192
2019-10-06 19:00:00+00:00,0.703103541
2019-10-06 20:00:00+00:00,0.703181491
2019-10-06 21:00:00+00:00,0.703263862
2019-10-06 22:00:00+00:00,0.703346414
2019-10-06 23:00:00+00:00,0.703429037
2019-10-07 00:00:00+00:00,0.703511631
2019-10-07 01:00:00+00:00,0.703594124
2019-10-07 02:00:00+00:00,0.703676355
2019-10-07 03:00:00+00:00,0.703758598
2019-10-07 04:00:00+00:00,0.703840045
2019-10-07 05:00:00+00:00,0.703920053
2019-10-07 06:00:00+00:00,0.70399959
2019-10-07 07:00:00+00:00,0.704080043
2019-10-07 08:00:00+00:00,0.704160932
2019-10-07 09:00:00+00:00,0.704242607
2019-10-07 10:00:00+00:00,0.704324642
2019-10-07 11:00:00+00:00,0.704406513
2019-10-07 12:00:00+00:00,0.704488153
2019-10-07 13:00:00+00:00,0.704569378
2019-10-07 14:00:00+00:00,0.704650226
2019-10-07 15:00:00+00:00,0.704723678
2019-10-07 16:00:00+00:00,0.704795141
2019-10-07 17:00:00+00:00,0.704448841
2019-10-07 18:00:00+00:00,0.704103192
2019-10-07 19:00:00+00:00,0.703757446
2019-10-07 20:00:00+00:00,0.703416082
2019-10-07 21:00:00+00:00,0.703075384
2019-10-07 22:00:00+00:00,0.702739605
2019-10-07 23:00:00+00:00,0.702404805
2019-10-08 00:00:00+00:00,0.702070235
2019-10-08 01:00:00+00:00,0.701735526
2019-10-08 02:00:00+00:00,0.701400925
2019-10-08 03:00:00+00:00,0.701066258
2019-10-08 04:00:00+00:00,0.700731516
2019-10-08 05:00:00+00:00,0.700395934
2019-10-08 06:00:00+00:00,0.699822523
2019-10-08 07:00:00+00:00,0.699726778
2019-10-08 08:00:00+00:00,0.699805858
2019-10-08 09:00:00+00:00,0.699885557
2019-10-08 10:00:00+00:00,0.699966652
2019-10-08 11:00:00+00:00,0.700048246
2019-10-08 12:00:00+00:00,0.700130556
2019-10-08 13:00:00+00:00,0.700212511
2019-10-08 14:00:00+00:00,0.700293901
2019-10-08 15:00:00+00:00,0.700374923
2019-10-08 16:00:00+00:00,0.700455202
2019-10-08 17:00:00+00:00,0.70025454
2019-10-08 18:00:00+00:00,0.700044657
2019-10-08 19:00:00+00:00,0.699837493
2019-10-08 20:00:00+00:00,0.699636798
2019-10-08 21:00:00+00:00,0.699437376
2019-10-08 22:00:00+00:00,0.69923774
2019-10-08 23:00:00+00:00,0.699039076
2019-10-09 00:00:00+00:00,0.698840485
2019-10-09 01:00:00+00:00,0.69864217
2019-10-09 02:00:00+00:00,0.698443626
2019-10-09 03:00:00+00:00,0.698244798
2019-10-09 04:00:00+00:00,0.698045543
2019-10-09 05:00:00+00:00,0.697844551
2019-10-09 06:00:00+00:00,0.697322967
2019-10-09 07:00:00+00:00,0.697152425
2019-10-09 08:00:00+00:00,0.697230005
2019-10-09 09:00:00+00:00,0.697309494
2019-10-09 10:00:00+00:00,0.697389324
2019-10-09 11:00:00+00:00,0.697469495
2019-10-09 12:00:00+00:00,0.697549589
2019-10-09 13:00:00+00:00,0.697630429
2019-10-09 14:00:00+00:00,0.697711827
2019-10-09 15:00:00+00:00,0.69779299
2019-10-09 16:00:00+00:00,0.697873247
2019-10-09 17:00:00+00:00,0.697788523
2019-10-09 18:00:00+00:00,0.697859366
2019-10-09 19:00:00+00:00,0.697933569
2019-10-09 20:00:00+00:00,0.697847786
2019-10-09 21:00:00+00:00,0.697762854
2019-10-09 22:00:00+00:00,0.697677999
2019-10-09 23:00:00+00:00,0.697594475
2019-10-10 00:00:00+00:00,0.697511353
2019-10-10 01:00:00+00:00,0.697428167
2019-10-10 02:00:00+00:00,0.697345123
2019-10-10 03:00:00+00:00,0.69726219
2019-10-10 04:00:00+00:00,0.697179555
2019-10-10 05:00:00+00:00,0.696877963
2019-10-10 06:00:00+00:00,0.696298094
2019-10-10 07:00:00+00:00,0.696122764
2019-10-10 08:00:00+00:00,0.696196743
2019-10-10 09:00:00+00:00,0.696271369
2019-10-10 10:00:00+00:00,0.696345799
2019-10-10 11:00:00+00:00,0.696420384
2019-10-10 12:00:00+00:00,0.696502531
2019-10-10 13:00:00+00:00,0.696584483
2019-10-10 14:00:00+00:00,0.696666131
2019-10-10 15:00:00+00:00,0.696747007
2019-10-10 16:00:00+00:00,0.69682608
2019-10-10 17:00:00+00:00,0.696897587
2019-10-10 18:00:00+00:00,0.696968516
2019-10-10 19:00:00+00:00,0.697038795
2019-10-10 20:00:00+00:00,0.697110009
2019-10-10 21:00:00+00:00,0.69719016
2019-10-10 22:00:00+00:00,0.69727072
2019-10-10 23:00:00+00:00,0.697013249
2019-10-11 00:00:00+00:00,0.696756233
2019-10-11 01:00:00+00:00,0.696499189
2019-10-11 02:00:00+00:00,0.696241999
2019-10-11 03:00:00+00:00,0.695984747
2019-10-11 04:00:00+00:00,0.695668025
2019-10-11 05:00:00+00:00,0.69509518
2019-10-11 06:00:00+00:00,0.694522002
2019-10-11 07:00:00+00:00,0.694295132
2019-10-11 08:00:00+00:00,0.694367014
2019-10-11 09:00:00+00:00,0.694447021
2019-10-11 10:00:00+00:00,0.694527648
2019-10-11 11:00:00+00:00,0.694609738
2019-10-11 12:00:00+00:00,0.694691934
2019-10-11 13:00:00+00:00,0.694774185
2019-10-11 14:00:00+00:00,0.69485648
2019-10-11 15:00:00+00:00,0.694938561
2019-10-11 16:00:00+00:00,0.695018517
2019-10-11 17:00:00+00:00,0.695095605
2019-10-11 18:00:00+00:00,0.695166493
2019-10-11 19:00:00+00:00,0.695237527
2019-10-11 20:00:00+00:00,0.695318031
2019-10-11 21:00:00+00:00,0.695399263
2019-10-11 22:00:00+00:00,0.695480971
2019-10-11 23:00:00+00:00,0.695562875
2019-10-12 00:00:00+00:00,0.695644911
2019-10-12 01:00:00+00:00,0.695727452
2019-10-12 02:00:00+00:00,0.695809841
2019-10-12 03:00:00+00:00,0.695892355
2019-10-12 04:00:00+00:00,0.695974898
2019-10-12 05:00:00+00:00,0.696057359
2019-10-12 06:00:00+00:00,0.696139462
2019-10-12 07:00:00+00:00,0.696221475
2019-10-12 08:00:00+00:00,0.69630335
2019-10-12 09:00:00+00:00,0.696385293
2019-10-12 10:00:00+00:00,0.696467746
2019-10-12 11:00:00+00:00,0.696550428
2019-10-12 12:00:00+00:00,0.69663317
2019-10-12 13:00:00+00:00,0.696716013
2019-10-12 14:00:00+00:00,0.696798819
2019-10-12 15:00:00+00:00,0.696881658
2019-10-12 16:00:00+00:00,0.696963851
2019-10-12 17:00:00+00:00,0.697042426
2019-10-12 18:00:00+00:00,0.69712036
2019-10-12 19:00:00+00:00,0.697197235
2019-10-12 20:00:00+00:00,0.697274689
2019-10-12 21:00:00+00:00,0.697349417
2019-10-12 22:00:00+00:00,0.697425171
2019-10-12 23:00:00+00:00,0.697508561
2019-10-13 00:00:00+00:00,0.697592158
2019-10-13 01:00:00+00:00,0.697675733
2019-10-13 02:00:00+00:00,0.697759262
2019-10-13 03:00:00+00:00,0.697842852
2019-10-13 04:00:00+00:00,0.697926307
2019-10-13 05:00:00+00:00,0.698009504
2019-10-13 06:00:00+00:00,0.69809277
2019-10-13 07:00:00+00:00,0.698176065
2019-10-13 08:00:00+00:00,0.698259317
2019-10-13 09:00:00+00:00,0.698342704
2019-10-13 10:00:00+00:00,0.698426151
2019-10-13 11:00:00+00:00,0.698509554
2019-10-13 12:00:00+00:00,0.698593062
2019-10-13 13:00:00+00:00,0.69867662
2019-10-13 14:00:00+00:00,0.698760226
2019-10-13 15:00:00+00:00,0.698843824
2019-10-13 16:00:00+00:00,0.698926669
2019-10-13 17:00:00+00:00,0.698999457
2019-10-13 18:00:00+00:00,0.699072122
2019-10-13 19:00:00+00:00,0.699144672
2019-10-13 20:00:00+00:00,0.699217368
2019-10-13 21:00:00+00:00,0.699289825
2019-10-13 22:00:00+00:00,0.699371731
2019-10-13 23:00:00+00:00,0.699453939
2019-10-14 00:00:00+00:00,0.699536018
2019-10-14 01:00:00+00:00,0.699618081
2019-10-14 02:00:00+00:00,0.699700046
2019-10-14 03:00:00+00:00,0.699781902
2019-10-14 04:00:00+00:00,0.699863223
2019-10-14 05:00:00+00:00,0.699934832
2019-10-14 06:00:00+00:00,0.700004524
2019-10-14 07:00:00+00:00,0.700073622
2019-10-14 08:00:00+00:00,0.700142254
2019-10-14 09:00:00+00:00,0.700212314
2019-10-14 10:00:00+00:00,0.70029094
2019-10-14 11:00:00+00:00,0.700369861
2019-10-14 12:00:00+00:00,0.700448343
2019-10-14 13:00:00+00:00,0.700526553
2019-10-14 14:00:00+00:00,0.700604891
2019-10-14 15:00:00+00:00,0.70068285
2019-10-14 16:00:00+00:00,0.700759557
2019-10-14 17:00:00+00:00,0.700825751
2019-10-14 18:00:00+00:00,0.700891122
2019-10-14 19:00:00+00:00,0.700957918
2019-10-14 20:00:00+00:00,0.701031342
2019-10-14 21:00:00+00:00,0.701106532
2019-10-14 22:00:00+00:00,0.701185153
2019-10-14 23:00:00+00:00,0.701264178
2019-10-15 00:00:00+00:00,0.701343726
2019-10-15 01:00:00+00:00,0.701423278
2019-10-15 02:00:00+00:00,0.701502853
2019-10-15 03:00:00+00:00,0.701582451
2019-10-15 04:00:00+00:00,0.701658266
2019-10-15 05:00:00+00:00,0.701729789
2019-10-15 06:00:00+00:00,0.701797992
2019-10-15 07:00:00+00:00,0.701864148
2019-10-15 08:00:00+00:00,0.701930044
2019-10-15 09:00:00+00:00,0.701996978
2019-10-15 10:00:00+00:00,0.702065346
2019-10-15 11:00:00+00:00,0.702134319
2019-10-15 12:00:00+00:00,0.702203505
2019-10-15 13:00:00+00:00,0.702273177
2019-10-15 14:00:00+00:00,0.702343105
2019-10-15 15:00:00+00:00,0.702412656
2019-10-15 16:00:00+00:00,0.702481017
2019-10-15 17:00:00+00:00,0.702549199
2019-10-15 18:00:00+00:00,0.702618111
2019-10-15 19:00:00+00:00,0.702687023
2019-10-15 20:00:00+00:00,0.702756289
2019-10-15 21:00:00+00:00,0.702828253
2019-10-15 22:00:00+00:00,0.702900181
2019-10-15 23:00:00+00:00,0.702972785
2019-10-16 00:00:00+00:00,0.703053
2019-10-16 01:00:00+00:00,0.703132875
2019-10-16 02:00:00+00:00,0.703206791
2019-10-16 03:00:00+00:00,0.703279315
2019-10-16 04:00:00+00:00,0.70335119
2019-10-16 05:00:00+00:00,0.703420089
2019-10-16 06:00:00+00:00,0.703487944
2019-10-16 07:00:00+00:00,0.703556355
2019-10-16 08:00:00+00:00,0.703625607
2019-10-16 09:00:00+00:00,0.703695632
2019-10-16 10:00:00+00:00,0.703765198
2019-10-16 11:00:00+00:00,0.703833559
2019-10-16 12:00:00+00:00,0.703902343
2019-10-16 13:00:00+00:00,0.703970803
2019-10-16 14:00:00+00:00,0.70403902
2019-10-16 15:00:00+00:00,0.704105969
2019-10-16 16:00:00+00:00,0.704172264
2019-10-16 17:00:00+00:00,0.704073345
2019-10-16 18:00:00+00:00,0.704136909
2019-10-16 19:00:00+00:00,0.704037377
2019-10-16 20:00:00+00:00,0.703937831
2019-10-16 21:00:00+00:00,0.703838227
2019-10-16 22:00:00+00:00,0.703738594
2019-10-16 23:00:00+00:00,0.703639193
2019-10-17 00:00:00+00:00,0.703540084
2019-10-17 01:00:00+00:00,0.703440089
2019-10-17 02:00:00+00:00,0.703340489
2019-10-17 03:00:00+00:00,0.703240836
2019-10-17 04:00:00+00:00,0.703140828
2019-10-17 05:00:00+00:00,0.703040452
2019-10-17 06:00:00+00:00,0.702939962
2019-10-17 07:00:00+00:00,0.702839536
2019-10-17 08:00:00+00:00,0.7029025
2019-10-17 09:00:00+00:00,0.702966007
2019-10-17 10:00:00+00:00,0.703030273
2019-10-17 11:00:00+00:00,0.703094299
2019-10-17 12:00:00+00:00,0.703158643
2019-10-17 13:00:00+00:00,0.703223065
2019-10-17 14:00:00+00:00,0.70328776
2019-10-17 15:00:00+00:00,0.703351141
2019-10-17 16:00:00+00:00,0.703250317
2019-10-17 17:00:00+00:00,0.703312262
2019-10-17 18:00:00+00:00,0.703374352
2019-10-17 19:00:00+00:00,0.70327447
2019-10-17 20:00:00+00:00,0.7031776
2019-10-17 21:00:00+00:00,0.703081318
2019-10-17 22:00:00+00:00,0.702984772
2019-10-17 23:00:00+00:00,0.702889214
2019-10-18 00:00:00+00:00,0.702793919
2019-10-18 01:00:00+00:00,0.702698861
2019-10-18 02:00:00+00:00,0.702603935
2019-10-18 03:00:00+00:00,0.702509093
2019-10-18 04:00:00+00:00,0.702411067
2019-10-18 05:00:00+00:00,0.702312737
2019-10-18 06:00:00+00:00,0.702377035
2019-10-18 07:00:00+00:00,0.702277227
2019-10-18 08:00:00+00:00,0.702176566
2019-10-18 09:00:00+00:00,0.702240375
2019-10-18 10:00:00+00:00,0.702304227
2019-10-18 11:00:00+00:00,0.702368681
2019-10-18 12:00:00+00:00,0.702434233
2019-10-18 13:00:00+00:00,0.702500335
2019-10-18 14:00:00+00:00,0.702566423
2019-10-18 15:00:00+00:00,0.702632395
2019-10-18 16:00:00+00:00,0.702697117
2019-10-18 17:00:00+00:00,0.702760872
2019-10-18 18:00:00+00:00,0.702824642
2019-10-18 19:00:00+00:00,0.702887835
2019-10-18 20:00:00+00:00,0.70295164
2019-10-18 21:00:00+00:00,0.703016945
2019-10-18 22:00:00+00:00,0.703089531
2019-10-18 23:00:00+00:00,0.703161206
2019-10-19 00:00:00+00:00,0.703233024
2019-10-19 01:00:00+00:00,0.703304075
2019-10-19 02:00:00+00:00,0.703374845
2019-10-19 03:00:00+00:00,0.703445118
2019-10-19 04:00:00+00:00,0.703515495
2019-10-19 05:00:00+00:00,0.703585614
2019-10-19 06:00:00+00:00,0.703655026
2019-10-19 07:00:00+00:00,0.703724199
2019-10-19 08:00:00+00:00,0.703792155
2019-10-19 09:00:00+00:00,0.70386099
2019-10-19 10:00:00+00:00,0.703928506
2019-10-19 11:00:00+00:00,0.703996548
2019-10-19 12:00:00+00:00,0.704065692
2019-10-19 13:00:00+00:00,0.704134068
2019-10-19 14:00:00+00:00,0.704201582
2019-10-19 15:00:00+00:00,0.704268388
2019-10-19 16:00:00+00:00,0.70433512
2019-10-19 17:00:00+00:00,0.704401368
2019-10-19 18:00:00+00:00,0.704466895
2019-10-19 19:00:00+00:00,0.70453208
2019-10-19 20:00:00+00:00,0.704597972
2019-10-19 21:00:00+00:00,0.704664554
2019-10-19 22:00:00+00:00,0.704731354
2019-10-19 23:00:00+00:00,0.704798209
2019-10-20 00:00:00+00:00,0.704865369
2019-10-20 01:00:00+00:00,0.704932392
2019-10-20 02:00:00+00:00,0.704999296
2019-10-20 03:00:00+00:00,0.705066072
2019-10-20 04:00:00+00:00,0.705132402
2019-10-20 05:00:00+00:00,0.705198659
2019-10-20 06:00:00+00:00,0.705263648
2019-10-20 07:00:00+00:00,0.70532804
2019-10-20 08:00:00+00:00,0.705391283
2019-10-20 09:00:00+00:00,0.705444125
2019-10-20 10:00:00+00:00,0.705495498
2019-10-20 11:00:00+00:00,0.705546957
2019-10-20 12:00:00+00:00,0.705599404
2019-10-20 13:00:00+00:00,0.705651915
2019-10-20 14:00:00+00:00,0.705706082
2019-10-20 15:00:00+00:00,0.705758476
2019-10-20 16:00:00+00:00,0.705758264
2019-10-20 17:00:00+00:00,0.705299977
2019-10-20 18:00:00+00:00,0.704841147
2019-10-20 19:00:00+00:00,0.704381616
2019-10-20 20:00:00+00:00,0.703922084
2019-10-20 21:00:00+00:00,0.703462971
2019-10-20 22:00:00+00:00,0.70300488
2019-10-20 23:00:00+00:00,0.702548323
2019-10-21 00:00:00+00:00,0.702099948
2019-10-21 01:00:00+00:00,0.701652037
2019-10-21 02:00:00+00:00,0.701204315
2019-10-21 03:00:00+00:00,0.700749753
2019-10-21 04:00:00+00:00,0.700294849
2019-10-21 05:00:00+00:00,0.699838849
2019-10-21 06:00:00+00:00,0.699381915
2019-10-21 07:00:00+00:00,0.698781112
2019-10-21 08:00:00+00:00,0.698207009
2019-10-21 09:00:00+00:00,0.698261111
2019-10-21 10:00:00+00:00,0.698315826
2019-10-21 11:00:00+00:00,0.698370686
2019-10-21 12:00:00+00:00,0.698426535
2019-10-21 13:00:00+00:00,0.697862589
2019-10-21 14:00:00+00:00,0.697298719
2019-10-21 15:00:00+00:00,0.696721112
2019-10-21 16:00:00+00:00,0.696122244
2019-10-21 17:00:00+00:00,0.695522702
2019-10-21 18:00:00+00:00,0.69492354
2019-10-21 19:00:00+00:00,0.69432466
2019-10-21 20:00:00+00:00,0.693727107
2019-10-21 21:00:00+00:00,0.693131944
2019-10-21 22:00:00+00:00,0.692539189
2019-10-21 23:00:00+00:00,0.691947351
2019-10-22 00:00:00+00:00,0.69136312
2019-10-22 01:00:00+00:00,0.690778896
2019-10-22 02:00:00+00:00,0.690194114
2019-10-22 03:00:00+00:00,0.689609635
2019-10-22 04:00:00+00:00,0.689025107
2019-10-22 05:00:00+00:00,0.688431134
2019-10-22 06:00:00+00:00,0.687836379
2019-10-22 07:00:00+00:00,0.68724196
2019-10-22 08:00:00+00:00,0.686665919
2019-10-22 09:00:00+00:00,0.68672707
2019-10-22 10:00:00+00:00,0.686788947
2019-10-22 11:00:00+00:00,0.686854108
2019-10-22 12:00:00+00:00,0.686922941
2019-10-22 13:00:00+00:00,0.686992769
2019-10-22 14:00:00+00:00,0.687062482
2019-10-22 15:00:00+00:00,0.686510275
2019-10-22 16:00:00+00:00,0.686570797
2019-10-22 17:00:00+00:00,0.686434318
2019-10-22 18:00:00+00:00,0.686304014
2019-10-22 19:00:00+00:00,0.686107114
2019-10-22 20:00:00+00:00,0.685890897
2019-10-22 21:00:00+00:00,0.685651633
2019-10-22 22:00:00+00:00,0.685541642
2019-10-22 23:00:00+00:00,0.685606407
2019-10-23 00:00:00+00:00,0.685671204
2019-10-23 01:00:00+00:00,0.685735852
2019-10-23 02:00:00+00:00,0.685800876
2019-10-23 03:00:00+00:00,0.685847819
2019-10-23 04:00:00+00:00,0.685760494
2019-10-23 05:00:00+00:00,0.685645886
2019-10-23 06:00:00+00:00,0.685441993
2019-10-23 07:00:00+00:00,0.685214619
2019-10-23 08:00:00+00:00,0.685054806
2019-10-23 09:00:00+00:00,0.685106002
2019-10-23 10:00:00+00:00,0.685156863
2019-10-23 11:00:00+00:00,0.685208625
2019-10-23 12:00:00+00:00,0.685267808
2019-10-23 13:00:00+00:00,0.684706436
2019-10-23 14:00:00+00:00,0.684140751
2019-10-23 15:00:00+00:00,0.683555844
2019-10-23 16:00:00+00:00,0.682960879
2019-10-23 17:00:00+00:00,0.682360961
2019-10-23 18:00:00+00:00,0.682409553
2019-10-23 19:00:00+00:00,0.681806833
2019-10-23 20:00:00+00:00,0.681219278
2019-10-23 21:00:00+00:00,0.680633827
2019-10-23 22:00:00+00:00,0.680054515
2019-10-23 23:00:00+00:00,0.679477334
2019-10-24 00:00:00+00:00,0.678904513
2019-10-24 01:00:00+00:00,0.678334458
2019-10-24 02:00:00+00:00,0.677766612
2019-10-24 03:00:00+00:00,0.677200003
2019-10-24 04:00:00+00:00,0.676630794
2019-10-24 05:00:00+00:00,0.676056106
2019-10-24 06:00:00+00:00,0.675466665
2019-10-24 07:00:00+00:00,0.675427605
2019-10-24 08:00:00+00:00,0.675483574
2019-10-24 09:00:00+00:00,0.675534296
2019-10-24 10:00:00+00:00,0.675590326
2019-10-24 11:00:00+00:00,0.675647156
2019-10-24 12:00:00+00:00,0.675704481
2019-10-24 13:00:00+00:00,0.675761267
2019-10-24 14:00:00+00:00,0.67581773
2019-10-24 15:00:00+00:00,0.675872997
2019-10-24 16:00:00+00:00,0.675925618
2019-10-24 17:00:00+00:00,0.675971929
2019-10-24 18:00:00+00:00,0.676015831
2019-10-24 19:00:00+00:00,0.6760628
2019-10-24 20:00:00+00:00,0.676107961
2019-10-24 21:00:00+00:00,0.676153445
2019-10-24 22:00:00+00:00,0.676200717
2019-10-24 23:00:00+00:00,0.676255126
2019-10-25 00:00:00+00:00,0.676310871
2019-10-25 01:00:00+00:00,0.676368364
2019-10-25 02:00:00+00:00,0.676426077
2019-10-25 03:00:00+00:00,0.67648404
2019-10-25 04:00:00+00:00,0.676542238
2019-10-25 05:00:00+00:00,0.676590852
2019-10-25 06:00:00+00:00,0.676638998
2019-10-25 07:00:00+00:00,0.676686959
2019-10-25 08:00:00+00:00,0.676734268
2019-10-25 09:00:00+00:00,0.676782759
2019-10-25 10:00:00+00:00,0.676831315
2019-10-25 11:00:00+00:00,0.67687917
2019-10-25 12:00:00+00:00,0.676928292
2019-10-25 13:00:00+00:00,0.676977744
2019-10-25 14:00:00+00:00,0.677026765
2019-10-25 15:00:00+00:00,0.677075558
2019-10-25 16:00:00+00:00,0.677123396
2019-10-25 17:00:00+00:00,0.677170089
2019-10-25 18:00:00+00:00,0.677216779
2019-10-25 19:00:00+00:00,0.677263873
2019-10-25 20:00:00+00:00,0.677311517
2019-10-25 21:00:00+00:00,0.677198841
2019-10-25 22:00:00+00:00,0.677086753
2019-10-25 23:00:00+00:00,0.676981574
2019-10-26 00:00:00+00:00,0.676877933
2019-10-26 01:00:00+00:00,0.676774412
2019-10-26 02:00:00+00:00,0.676671417
2019-10-26 03:00:00+00:00,0.676568772
2019-10-26 04:00:00+00:00,0.676466495
2019-10-26 05:00:00+00:00,0.676364021
2019-10-26 06:00:00+00:00,0.676261776
2019-10-26 07:00:00+00:00,0.676322936
2019-10-26 08:00:00+00:00,0.676383973
2019-10-26 09:00:00+00:00,0.676444557
2019-10-26 10:00:00+00:00,0.676505013
2019-10-26 11:00:00+00:00,0.676565686
2019-10-26 12:00:00+00:00,0.676626857
2019-10-26 13:00:00+00:00,0.676689044
2019-10-26 14:00:00+00:00,0.67675148
2019-10-26 15:00:00+00:00,0.676814219
2019-10-26 16:00:00+00:00,0.676876397
2019-10-26 17:00:00+00:00,0.676773341
2019-10-26 18:00:00+00:00,0.676827523
2019-10-26 19:00:00+00:00,0.676714471
2019-10-26 20:00:00+00:00,0.676601912
2019-10-26 21:00:00+00:00,0.676489872
2019-10-26 22:00:00+00:00,0.676385484
2019-10-26 23:00:00+00:00,0.676281533
2019-10-27 00:00:00+00:00,0.676178131
2019-10-27 01:00:00+00:00,0.676075278
2019-10-27 02:00:00+00:00,0.675972908
2019-10-27 03:00:00+00:00,0.675871344
2019-10-27 04:00:00+00:00,0.675770484
2019-10-27 05:00:00+00:00,0.675413433
2019-10-27 06:00:00+00:00,0.674826527
2019-10-27 07:00:00+00:00,0.674515606
2019-10-27 08:00:00+00:00,0.674580562
2019-10-27 09:00:00+00:00,0.674645702
2019-10-27 10:00:00+00:00,0.674712665
2019-10-27 11:00:00+00:00,0.674778646
2019-10-27 12:00:00+00:00,0.674843396
2019-10-27 13:00:00+00:00,0.674908143
2019-10-27 14:00:00+00:00,0.674972918
2019-10-27 15:00:00+00:00,0.675037532
2019-10-27 16:00:00+00:00,0.674938384
2019-10-27 17:00:00+00:00,0.67495857
2019-10-27 18:00:00+00:00,0.674970833
2019-10-27 19:00:00+00:00,0.674983713
2019-10-27 20:00:00+00:00,0.674996688
2019-10-27 21:00:00+00:00,0.675010736
2019-10-27 22:00:00+00:00,0.675030015
2019-10-27 23:00:00+00:00,0.67476017
2019-10-28 00:00:00+00:00,0.674193672
2019-10-28 01:00:00+00:00,0.673651763
2019-10-28 02:00:00+00:00,0.673076439
2019-10-28 03:00:00+00:00,0.672490057
2019-10-28 04:00:00+00:00,0.671903542
2019-10-28 05:00:00+00:00,0.671317744
2019-10-28 06:00:00+00:00,0.670725939
2019-10-28 07:00:00+00:00,0.670130465
2019-10-28 08:00:00+00:00,0.669968289
2019-10-28 09:00:00+00:00,0.67002735
2019-10-28 10:00:00+00:00,0.670088108
2019-10-28 11:00:00+00:00,0.670149183
2019-10-28 12:00:00+00:00,0.670211662
2019-10-28 13:00:00+00:00,0.670273757
2019-10-28 14:00:00+00:00,0.669803605
2019-10-28 15:00:00+00:00,0.669246394
2019-10-28 16:00:00+00:00,0.668807611
2019-10-28 17:00:00+00:00,0.668368034
2019-10-28 18:00:00+00:00,0.667928601
2019-10-28 19:00:00+00:00,0.66748809
2019-10-28 20:00:00+00:00,0.667053734
2019-10-28 21:00:00+00:00,0.666620026
2019-10-28 22:00:00+00:00,0.666187241
2019-10-28 23:00:00+00:00,0.665726578
2019-10-29 00:00:00+00:00,0.665136865
2019-10-29 01:00:00+00:00,0.664612909
2019-10-29 02:00:00+00:00,0.664124079
2019-10-29 03:00:00+00:00,0.663651441
2019-10-29 04:00:00+00:00,0.663159449
2019-10-29 05:00:00+00:00,0.662576462
2019-10-29 06:00:00+00:00,0.66198265
2019-10-29 07:00:00+00:00,0.66142583
2019-10-29 08:00:00+00:00,0.661455231
2019-10-29 09:00:00+00:00,0.66151413
2019-10-29 10:00:00+00:00,0.661572983
2019-10-29 11:00:00+00:00,0.661639306
2019-10-29 12:00:00+00:00,0.661707157
2019-10-29 13:00:00+00:00,0.661776166
2019-10-29 14:00:00+00:00,0.661845832
2019-10-29 15:00:00+00:00,0.661908581
2019-10-29 16:00:00+00:00,0.661491441
2019-10-29 17:00:00+00:00,0.66107314
2019-10-29 18:00:00+00:00,0.660654483
2019-10-29 19:00:00+00:00,0.660236556
2019-10-29 20:00:00+00:00,0.659822552
2019-10-29 21:00:00+00:00,0.659409667
2019-10-29 22:00:00+00:00,0.658999972
2019-10-29 23:00:00+00:00,0.658565102
2019-10-30 00:00:00+00:00,0.657981306
2019-10-30 01:00:00+00:00,0.657475665
2019-10-30 02:00:00+00:00,0.657020875
2019-10-30 03:00:00+00:00,0.656544644
2019-10-30 04:00:00+00:00,0.656005542
2019-10-30 05:00:00+00:00,0.655422172
2019-10-30 06:00:00+00:00,0.654830464
2019-10-30 07:00:00+00:00,0.654403647
2019-10-30 08:00:00+00:00,0.65446412
2019-10-30 09:00:00+00:00,0.654527834
2019-10-30 10:00:00+00:00,0.654593643
2019-10-30 11:00:00+00:00,0.654658883
2019-10-30 12:00:00+00:00,0.654724292
2019-10-30 13:00:00+00:00,0.654785316
2019-10-30 14:00:00+00:00,0.654846579
2019-10-30 15:00:00+00:00,0.654906608
2019-10-30 16:00:00+00:00,0.654800823
2019-10-30 17:00:00+00:00,0.654858597
2019-10-30 18:00:00+00:00,0.654916198
2019-10-30 19:00:00+00:00,0.654974158
2019-10-30 20:00:00+00:00,0.655032839
2019-10-30 21:00:00+00:00,0.654806288
2019-10-30 22:00:00+00:00,0.654585771
2019-10-30 23:00:00+00:00,0.654361323
2019-10-31 00:00:00+00:00,0.654137365
2019-10-31 01:00:00+00:00,0.65391371
2019-10-31 02:00:00+00:00,0.65369011
2019-10-31 03:00:00+00:00,0.653466698
2019-10-31 04:00:00+00:00,0.653243537
2019-10-31 05:00:00+00:00,0.653020433
2019-10-31 06:00:00+00:00,0.652785634
2019-10-31 07:00:00+00:00,0.652501431
2019-10-31 08:00:00+00:00,0.652559946
2019-10-31 09:00:00+00:00,0.652618716
2019-10-31 10:00:00+00:00,0.652677037
2019-10-31 11:00:00+00:00,0.652735468
2019-10-31 12:00:00+00:00,0.652793989
2019-10-31 13:00:00+00:00,0.652852653
2019-10-31 14:00:00+00:00,0.652911433
2019-10-31 15:00:00+00:00,0.652969986
2019-10-31 16:00:00+00:00,0.653027341
2019-10-31 17:00:00+00:00,0.653085816
2019-10-31 18:00:00+00:00,0.653151372
2019-10-31 19:00:00+00:00,0.653218296
2019-10-31 20:00:00+00:00,0.653284562
2019-10-31 21:00:00+00:00,0.653346768
2019-10-31 22:00:00+00:00,0.653409253
2019-10-31 23:00:00+00:00,0.653475299
2019-11-01 00:00:00+00:00,0.653849514
2019-11-01 01:00:00+00:00,0.65422718
2019-11-01 02:00:00+00:00,0.65460498
2019-11-01 03:00:00+00:00,0.654983242
2019-11-01 04:00:00+00:00,0.655361149
2019-11-01 05:00:00+00:00,0.655738758
2019-11-01 06:00:00+00:00,0.656113962
2019-11-01 07:00:00+00:00,0.656488086
2019-11-01 08:00:00+00:00,0.656860559
2019-11-01 09:00:00+00:00,0.657232602
2019-11-01 10:00:00+00:00,0.657603727
2019-11-01 11:00:00+00:00,0.657974629
2019-11-01 12:00:00+00:00,0.658345234
2019-11-01 13:00:00+00:00,0.658716476
2019-11-01 14:00:00+00:00,0.659087866
2019-11-01 15:00:00+00:00,0.659458814
2019-11-01 16:00:00+00:00,0.659829163
2019-11-01 17:00:00+00:00,0.660198843
2019-11-01 18:00:00+00:00,0.660568152
2019-11-01 19:00:00+00:00,0.660937192
2019-11-01 20:00:00+00:00,0.661306661
2019-11-01 21:00:00+00:00,0.66167626
2019-11-01 22:00:00+00:00,0.662045572
2019-11-01 23:00:00+00:00,0.662407109
2019-11-02 00:00:00+00:00,0.662768668
2019-11-02 01:00:00+00:00,0.663137679
2019-11-02 02:00:00+00:00,0.663507078
2019-11-02 03:00:00+00:00,0.66387646
2019-11-02 04:00:00+00:00,0.664245406
2019-11-02 05:00:00+00:00,0.664613962
2019-11-02 06:00:00+00:00,0.664972668
2019-11-02 07:00:00+00:00,0.665330556
2019-11-02 08:00:00+00:00,0.665687603
2019-11-02 09:00:00+00:00,0.666044129
2019-11-02 10:00:00+00:00,0.6664013
2019-11-02 11:00:00+00:00,0.666758832
2019-11-02 12:00:00+00:00,0.667116781
2019-11-02 13:00:00+00:00,0.667474836
2019-11-02 14:00:00+00:00,0.667831992
2019-11-02 15:00:00+00:00,0.668189251
2019-11-02 16:00:00+00:00,0.668546037
2019-11-02 17:00:00+00:00,0.668902714
2019-11-02 18:00:00+00:00,0.669259656
2019-11-02 19:00:00+00:00,0.669615272
2019-11-02 20:00:00+00:00,0.669971357
2019-11-02 21:00:00+00:00,0.67032798
2019-11-02 22:00:00+00:00,0.670692596
2019-11-02 23:00:00+00:00,0.671060141
2019-11-03 00:00:00+00:00,0.671427046
2019-11-03 01:00:00+00:00,0.671793469
2019-11-03 02:00:00+00:00,0.672160706
2019-11-03 03:00:00+00:00,0.672528021
2019-11-03 04:00:00+00:00,0.672895075
2019-11-03 05:00:00+00:00,0.673262449
2019-11-03 06:00:00+00:00,0.673629735
2019-11-03 07:00:00+00:00,0.673996299
2019-11-03 08:00:00+00:00,0.674362653
2019-11-03 09:00:00+00:00,0.674720821
2019-11-03 10:00:00+00:00,0.675080101
2019-11-03 11:00:00+00:00,0.675438965
2019-11-03 12:00:00+00:00,0.675794469
2019-11-03 13:00:00+00:00,0.676151756
2019-11-03 14:00:00+00:00,0.676514124
2019-11-03 15:00:00+00:00,0.676876463
2019-11-03 16:00:00+00:00,0.677234803
2019-11-03 17:00:00+00:00,0.677587759
2019-11-03 18:00:00+00:00,0.677940507
2019-11-03 19:00:00+00:00,0.678292216
2019-11-03 20:00:00+00:00,0.67864416
2019-11-03 21:00:00+00:00,0.678997509
2019-11-03 22:00:00+00:00,0.679351534
2019-11-03 23:00:00+00:00,0.679707279
2019-11-04 00:00:00+00:00,0.680062878
2019-11-04 01:00:00+00:00,0.680418534
2019-11-04 02:00:00+00:00,0.680774983
2019-11-04 03:00:00+00:00,0.681132114
2019-11-04 04:00:00+00:00,0.681488576
2019-11-04 05:00:00+00:00,0.681845292
2019-11-04 06:00:00+00:00,0.682201464
2019-11-04 07:00:00+00:00,0.682555923
2019-11-04 08:00:00+00:00,0.682909358
2019-11-04 09:00:00+00:00,0.683262528
2019-11-04 10:00:00+00:00,0.683615634
2019-11-04 11:00:00+00:00,0.683968513
2019-11-04 12:00:00+00:00,0.684321465
2019-11-04 13:00:00+00:00,0.68467514
2019-11-04 14:00:00+00:00,0.685029186
2019-11-04 15:00:00+00:00,0.685383023
2019-11-04 16:00:00+00:00,0.685735873
2019-11-04 17:00:00+00:00,0.686086651
2019-11-04 18:00:00+00:00,0.686437003
2019-11-04 19:00:00+00:00,0.686787689
2019-11-04 20:00:00+00:00,0.687138326
2019-11-04 21:00:00+00:00,0.687489707
2019-11-04 22:00:00+00:00,0.687841361
2019-11-04 23:00:00+00:00,0.688201472
2019-11-05 00:00:00+00:00,0.688562249
2019-11-05 01:00:00+00:00,0.688922986
2019-11-05 02:00:00+00:00,0.689283531
2019-11-05 03:00:00+00:00,0.689644067
2019-11-05 04:00:00+00:00,0.690005469
2019-11-05 05:00:00+00:00,0.69035759
2019-11-05 06:00:00+00:00,0.69070793
2019-11-05 07:00:00+00:00,0.691057133
2019-11-05 08:00:00+00:00,0.691406241
2019-11-05 09:00:00+00:00,0.691755865
2019-11-05 10:00:00+00:00,0.692107937
2019-11-05 11:00:00+00:00,0.692460051
2019-11-05 12:00:00+00:00,0.692811359
2019-11-05 13:00:00+00:00,0.693162304
2019-11-05 14:00:00+00:00,0.693512963
2019-11-05 15:00:00+00:00,0.693862913
2019-11-05 16:00:00+00:00,0.694211675
2019-11-05 17:00:00+00:00,0.694558314
2019-11-05 18:00:00+00:00,0.694904989
2019-11-05 19:00:00+00:00,0.695251413
2019-11-05 20:00:00+00:00,0.695598067
2019-11-05 21:00:00+00:00,0.69594529
2019-11-05 22:00:00+00:00,0.696292858
2019-11-05 23:00:00+00:00,0.696641163
2019-11-06 00:00:00+00:00,0.696989675
2019-11-06 01:00:00+00:00,0.69734522
2019-11-06 02:00:00+00:00,0.697701409
2019-11-06 03:00:00+00:00,0.698057643
2019-11-06 04:00:00+00:00,0.698406466
2019-11-06 05:00:00+00:00,0.698754271
2019-11-06 06:00:00+00:00,0.699101698
2019-11-06 07:00:00+00:00,0.699448773
2019-11-06 08:00:00+00:00,0.699794664
2019-11-06 09:00:00+00:00,0.700140967
2019-11-06 10:00:00+00:00,0.7004874
2019-11-06 11:00:00+00:00,0.700835765
2019-11-06 12:00:00+00:00,0.701184789
2019-11-06 13:00:00+00:00,0.701532742
2019-11-06 14:00:00+00:00,0.701883431
2019-11-06 15:00:00+00:00,0.702236138
2019-11-06 16:00:00+00:00,0.702588011
2019-11-06 17:00:00+00:00,0.702937119
2019-11-06 18:00:00+00:00,0.703286208
2019-11-06 19:00:00+00:00,0.703634945
2019-11-06 20:00:00+00:00,0.703982643
2019-11-06 21:00:00+00:00,0.704331956
2019-11-06 22:00:00+00:00,0.704676879
2019-11-06 23:00:00+00:00,0.705023144
2019-11-07 00:00:00+00:00,0.705369435
2019-11-07 01:00:00+00:00,0.705715954
2019-11-07 02:00:00+00:00,0.706071386
2019-11-07 03:00:00+00:00,0.706427041
2019-11-07 04:00:00+00:00,0.706782182
2019-11-07 05:00:00+00:00,0.70712729
2019-11-07 06:00:00+00:00,0.707470836
2019-11-07 07:00:00+00:00,0.707814609
2019-11-07 08:00:00+00:00,0.708158069
2019-11-07 09:00:00+00:00,0.708504875
2019-11-07 10:00:00+00:00,0.708853912
2019-11-07 11:00:00+00:00,0.70920314
2019-11-07 12:00:00+00:00,0.70955101
2019-11-07 13:00:00+00:00,0.709898656
2019-11-07 14:00:00+00:00,0.710246335
2019-11-07 15:00:00+00:00,0.710593875
2019-11-07 16:00:00+00:00,0.710938124
2019-11-07 17:00:00+00:00,0.711280709
2019-11-07 18:00:00+00:00,0.71162307
2019-11-07 19:00:00+00:00,0.711964519
2019-11-07 20:00:00+00:00,0.712307212
2019-11-07 21:00:00+00:00,0.712650723
2019-11-07 22:00:00+00:00,0.712996183
2019-11-07 23:00:00+00:00,0.713342373
2019-11-08 00:00:00+00:00,0.71369602
2019-11-08 01:00:00+00:00,0.714049654
2019-11-08 02:00:00+00:00,0.714399172
2019-11-08 03:00:00+00:00,0.714748722
2019-11-08 04:00:00+00:00,0.715095115
2019-11-08 05:00:00+00:00,0.715441209
2019-11-08 06:00:00+00:00,0.715785507
2019-11-08 07:00:00+00:00,0.716129194
2019-11-08 08:00:00+00:00,0.71647237
2019-11-08 09:00:00+00:00,0.716815635
2019-11-08 10:00:00+00:00,0.717158967
2019-11-08 11:00:00+00:00,0.717503105
2019-11-08 12:00:00+00:00,0.717846647
2019-11-08 13:00:00+00:00,0.718190041
2019-11-08 14:00:00+00:00,0.718533581
2019-11-08 15:00:00+00:00,0.718877544
2019-11-08 16:00:00+00:00,0.719221873
2019-11-08 17:00:00+00:00,0.719565601
2019-11-08 18:00:00+00:00,0.719908402
2019-11-08 19:00:00+00:00,0.72025063
2019-11-08 20:00:00+00:00,0.720592845
2019-11-08 21:00:00+00:00,0.720935446
2019-11-08 22:00:00+00:00,0.721277925
2019-11-08 23:00:00+00:00,0.721628847
2019-11-09 00:00:00+00:00,0.721981508
2019-11-09 01:00:00+00:00,0.722334515
2019-11-09 02:00:00+00:00,0.722687681
2019-11-09 03:00:00+00:00,0.723041133
2019-11-09 04:00:00+00:00,0.723394299
2019-11-09 05:00:00+00:00,0.723747405
2019-11-09 06:00:00+00:00,0.724093528
2019-11-09 07:00:00+00:00,0.724438582
2019-11-09 08:00:00+00:00,0.724782762
2019-11-09 09:00:00+00:00,0.725126555
2019-11-09 10:00:00+00:00,0.725470471
2019-11-09 11:00:00+00:00,0.725814849
2019-11-09 12:00:00+00:00,0.726164392
2019-11-09 13:00:00+00:00,0.726509781
2019-11-09 14:00:00+00:00,0.726853213
2019-11-09 15:00:00+00:00,0.727196632
2019-11-09 16:00:00+00:00,0.727539734
2019-11-09 17:00:00+00:00,0.72788257
2019-11-09 18:00:00+00:00,0.728225395
2019-11-09 19:00:00+00:00,0.728567738
2019-11-09 20:00:00+00:00,0.728910479
2019-11-09 21:00:00+00:00,0.729254029
2019-11-09 22:00:00+00:00,0.72959755
2019-11-09 23:00:00+00:00,0.729941095
2019-11-10 00:00:00+00:00,0.730285503
2019-11-10 01:00:00+00:00,0.730637804
2019-11-10 02:00:00+00:00,0.730990363
2019-11-10 03:00:00+00:00,0.731343581
2019-11-10 04:00:00+00:00,0.73169625
2019-11-10 05:00:00+00:00,0.732042819
2019-11-10 06:00:00+00:00,0.732387425
2019-11-10 07:00:00+00:00,0.732739131
2019-11-10 08:00:00+00:00,0.73309107
2019-11-10 09:00:00+00:00,0.733438297
2019-11-10 10:00:00+00:00,0.733785527
2019-11-10 11:00:00+00:00,0.734131029
2019-11-10 12:00:00+00:00,0.734478627
2019-11-10 13:00:00+00:00,0.734823562
2019-11-10 14:00:00+00:00,0.735168424
2019-11-10 15:00:00+00:00,0.735513312
2019-11-10 16:00:00+00:00,0.735857629
2019-11-10 17:00:00+00:00,0.736200242
2019-11-10 18:00:00+00:00,0.736542861
2019-11-10 19:00:00+00:00,0.736885412
2019-11-10 20:00:00+00:00,0.737227961
2019-11-10 21:00:00+00:00,0.737571382
2019-11-10 22:00:00+00:00,0.737915129
2019-11-10 23:00:00+00:00,0.738265855
2019-11-11 00:00:00+00:00,0.73861924
2019-11-11 01:00:00+00:00,0.738972672
2019-11-11 02:00:00+00:00,0.739326411
2019-11-11 03:00:00+00:00,0.739680418
2019-11-11 04:00:00+00:00,0.740034085
2019-11-11 05:00:00+00:00,0.74037995
2019-11-11 06:00:00+00:00,0.740725715
2019-11-11 07:00:00+00:00,0.741071443
2019-11-11 08:00:00+00:00,0.741416301
2019-11-11 09:00:00+00:00,0.74176062
2019-11-11 10:00:00+00:00,0.742105266
2019-11-11 11:00:00+00:00,0.74245044
2019-11-11 12:00:00+00:00,0.742794802
2019-11-11 13:00:00+00:00,0.743138335
2019-11-11 14:00:00+00:00,0.743480964
2019-11-11 15:00:00+00:00,0.743822531
2019-11-11 16:00:00+00:00,0.744163549
2019-11-11 17:00:00+00:00,0.744503735
2019-11-11 18:00:00+00:00,0.744844104
2019-11-11 19:00:00+00:00,0.745184635
2019-11-11 20:00:00+00:00,0.745525179
2019-11-11 21:00:00+00:00,0.745866335
2019-11-11 22:00:00+00:00,0.746208646
2019-11-11 23:00:00+00:00,0.746551736
2019-11-12 00:00:00+00:00,0.746895329
2019-11-12 01:00:00+00:00,0.747245513
2019-11-12 02:00:00+00:00,0.747598067
2019-11-12 03:00:00+00:00,0.747950583
2019-11-12 04:00:00+00:00,0.748303012
2019-11-12 05:00:00+00:00,0.748650686
2019-11-12 06:00:00+00:00,0.748993705
2019-11-12 07:00:00+00:00,0.749336484
2019-11-12 08:00:00+00:00,0.749678688
2019-11-12 09:00:00+00:00,0.750021132
2019-11-12 10:00:00+00:00,0.750363497
2019-11-12 11:00:00+00:00,0.750706025
2019-11-12 12:00:00+00:00,0.751048577
2019-11-12 13:00:00+00:00,0.751390613
2019-11-12 14:00:00+00:00,0.751731975
2019-11-12 15:00:00+00:00,0.752072979
2019-11-12 16:00:00+00:00,0.752413698
2019-11-12 17:00:00+00:00,0.752753278
2019-11-12 18:00:00+00:00,0.753092159
2019-11-12 19:00:00+00:00,0.753430541
2019-11-12 20:00:00+00:00,0.753769801
2019-11-12 21:00:00+00:00,0.754110267
2019-11-12 22:00:00+00:00,0.754451073
2019-11-12 23:00:00+00:00,0.754792711
2019-11-13 00:00:00+00:00,0.755135171
2019-11-13 01:00:00+00:00,0.755478189
2019-11-13 02:00:00+00:00,0.755820862
2019-11-13 03:00:00+00:00,0.756163288
2019-11-13 04:00:00+00:00,0.756505513
2019-11-13 05:00:00+00:00,0.756847612
2019-11-13 06:00:00+00:00,0.757188117
2019-11-13 07:00:00+00:00,0.757527608
2019-11-13 08:00:00+00:00,0.757865116
2019-11-13 09:00:00+00:00,0.758201996
2019-11-13 10:00:00+00:00,0.758539099
2019-11-13 11:00:00+00:00,0.758875955
2019-11-13 12:00:00+00:00,0.759211989
2019-11-13 13:00:00+00:00,0.759547653
2019-11-13 14:00:00+00:00,0.759883867
2019-11-13 15:00:00+00:00,0.760220996
2019-11-13 16:00:00+00:00,0.76055651
2019-11-13 17:00:00+00:00,0.760891186
2019-11-13 18:00:00+00:00,0.76122564
2019-11-13 19:00:00+00:00,0.761559923
2019-11-13 20:00:00+00:00,0.761894704
2019-11-13 21:00:00+00:00,0.762230151
2019-11-13 22:00:00+00:00,0.762566745
2019-11-13 23:00:00+00:00,0.76290448
2019-11-14 00:00:00+00:00,0.763242319
2019-11-14 01:00:00+00:00,0.763580246
2019-11-14 02:00:00+00:00,0.763918487
2019-11-14 03:00:00+00:00,0.764256884
2019-11-14 04:00:00+00:00,0.764595214
2019-11-14 05:00:00+00:00,0.764933353
2019-11-14 06:00:00+00:00,0.765271278
2019-11-14 07:00:00+00:00,0.765607946
2019-11-14 08:00:00+00:00,0.765944489
2019-11-14 09:00:00+00:00,0.76628094
2019-11-14 10:00:00+00:00,0.766627264
2019-11-14 11:00:00+00:00,0.766974754
2019-11-14 12:00:00+00:00,0.76732219
2019-11-14 13:00:00+00:00,0.767669329
2019-11-14 14:00:00+00:00,0.768015974
2019-11-14 15:00:00+00:00,0.768361754
2019-11-14 16:00:00+00:00,0.768709851
2019-11-14 17:00:00+00:00,0.769055986
2019-11-14 18:00:00+00:00,0.769401984
2019-11-14 19:00:00+00:00,0.769747022
2019-11-14 20:00:00+00:00,0.770091916
2019-11-14 21:00:00+00:00,0.770438324
2019-11-14 22:00:00+00:00,0.770786939
2019-11-14 23:00:00+00:00,0.771136612
2019-11-15 00:00:00+00:00,0.771485477
2019-11-15 01:00:00+00:00,0.771834416
2019-11-15 02:00:00+00:00,0.772183175
2019-11-15 03:00:00+00:00,0.772532649
2019-11-15 04:00:00+00:00,0.772884614
2019-11-15 05:00:00+00:00,0.773237285
2019-11-15 06:00:00+00:00,0.773588803
2019-11-15 07:00:00+00:00,0.773938774
2019-11-15 08:00:00+00:00,0.774287351
2019-11-15 09:00:00+00:00,0.774633779
2019-11-15 10:00:00+00:00,0.77497821
2019-11-15 11:00:00+00:00,0.775322403
2019-11-15 12:00:00+00:00,0.775667043
2019-11-15 13:00:00+00:00,0.776011641
2019-11-15 14:00:00+00:00,0.776356501
2019-11-15 15:00:00+00:00,0.776701686
2019-11-15 16:00:00+00:00,0.776836881
2019-11-15 17:00:00+00:00,0.776744613
2019-11-15 18:00:00+00:00,0.776644612
2019-11-15 19:00:00+00:00,0.776559575
2019-11-15 20:00:00+00:00,0.776467784
2019-11-15 21:00:00+00:00,0.776416501
2019-11-15 22:00:00+00:00,0.776389296
2019-11-15 23:00:00+00:00,0.776363776
2019-11-16 00:00:00+00:00,0.776338545
2019-11-16 01:00:00+00:00,0.776314423
2019-11-16 02:00:00+00:00,0.776326231
2019-11-16 03:00:00+00:00,0.776366622
2019-11-16 04:00:00+00:00,0.776342553
2019-11-16 05:00:00+00:00,0.776318322
2019-11-16 06:00:00+00:00,0.776223344
2019-11-16 07:00:00+00:00,0.776198358
2019-11-16 08:00:00+00:00,0.776545581
2019-11-16 09:00:00+00:00,0.776892517
2019-11-16 10:00:00+00:00,0.777239987
2019-11-16 11:00:00+00:00,0.777587929
2019-11-16 12:00:00+00:00,0.777936205
2019-11-16 13:00:00+00:00,0.778283271
2019-11-16 14:00:00+00:00,0.778630718
2019-11-16 15:00:00+00:00,0.778978131
2019-11-16 16:00:00+00:00,0.779324485
2019-11-16 17:00:00+00:00,0.779669908
2019-11-16 18:00:00+00:00,0.780014979
2019-11-16 19:00:00+00:00,0.780359474
2019-11-16 20:00:00+00:00,0.780704849
2019-11-16 21:00:00+00:00,0.781052043
2019-11-16 22:00:00+00:00,0.781400586
2019-11-16 23:00:00+00:00,0.781751365
2019-11-17 00:00:00+00:00,0.782102564
2019-11-17 01:00:00+00:00,0.782453399
2019-11-17 02:00:00+00:00,0.782804556
2019-11-17 03:00:00+00:00,0.783156732
2019-11-17 04:00:00+00:00,0.783508881
2019-11-17 05:00:00+00:00,0.783860792
2019-11-17 06:00:00+00:00,0.784212644
2019-11-17 07:00:00+00:00,0.784563987
2019-11-17 08:00:00+00:00,0.784913352
2019-11-17 09:00:00+00:00,0.785262507
2019-11-17 10:00:00+00:00,0.785610789
2019-11-17 11:00:00+00:00,0.785958668
2019-11-17 12:00:00+00:00,0.786307575
2019-11-17 13:00:00+00:00,0.78665605
2019-11-17 14:00:00+00:00,0.787004147
2019-11-17 15:00:00+00:00,0.787348862
2019-11-17 16:00:00+00:00,0.787694073
2019-11-17 17:00:00+00:00,0.788039581
2019-11-17 18:00:00+00:00,0.78838471
2019-11-17 19:00:00+00:00,0.78872201
2019-11-17 20:00:00+00:00,0.789058753
2019-11-17 21:00:00+00:00,0.789395903
2019-11-17 22:00:00+00:00,0.789733072
2019-11-17 23:00:00+00:00,0.79007293
2019-11-18 00:00:00+00:00,0.790413184
2019-11-18 01:00:00+00:00,0.790754023
2019-11-18 02:00:00+00:00,0.791095244
2019-11-18 03:00:00+00:00,0.791436645
2019-11-18 04:00:00+00:00,0.791777715
2019-11-18 05:00:00+00:00,0.792117969
2019-11-18 06:00:00+00:00,0.792457193
2019-11-18 07:00:00+00:00,0.792796202
2019-11-18 08:00:00+00:00,0.793134284
2019-11-18 09:00:00+00:00,0.793471829
2019-11-18 10:00:00+00:00,0.793809918
2019-11-18 11:00:00+00:00,0.794146927
2019-11-18 12:00:00+00:00,0.79448494
2019-11-18 13:00:00+00:00,0.794822098
2019-11-18 14:00:00+00:00,0.795158342
2019-11-18 15:00:00+00:00,0.795495016
2019-11-18 16:00:00+00:00,0.795668031
2019-11-18 17:00:00+00:00,0.79600342
2019-11-18 18:00:00+00:00,0.796339067
2019-11-18 19:00:00+00:00,0.79667395
2019-11-18 20:00:00+00:00,0.797009144
2019-11-18 21:00:00+00:00,0.797345184
2019-11-18 22:00:00+00:00,0.797682217
2019-11-18 23:00:00+00:00,0.797731851
2019-11-19 00:00:00+00:00,0.797782536
2019-11-19 01:00:00+00:00,0.797833633
2019-11-19 02:00:00+00:00,0.797885574
2019-11-19 03:00:00+00:00,0.797937289
2019-11-19 04:00:00+00:00,0.797919727
2019-11-19 05:00:00+00:00,0.797606619
2019-11-19 06:00:00+00:00,0.797292598
2019-11-19 07:00:00+00:00,0.79697978
2019-11-19 08:00:00+00:00,0.797107426
2019-11-19 09:00:00+00:00,0.79744766
2019-11-19 10:00:00+00:00,0.797788093
2019-11-19 11:00:00+00:00,0.798128434
2019-11-19 12:00:00+00:00,0.798468276
2019-11-19 13:00:00+00:00,0.798808331
2019-11-19 14:00:00+00:00,0.798526303
2019-11-19 15:00:00+00:00,0.798213409
2019-11-19 16:00:00+00:00,0.797896908
2019-11-19 17:00:00+00:00,0.797579788
2019-11-19 18:00:00+00:00,0.797261892
2019-11-19 19:00:00+00:00,0.796943384
2019-11-19 20:00:00+00:00,0.796625434
2019-11-19 21:00:00+00:00,0.796308748
2019-11-19 22:00:00+00:00,0.795992693
2019-11-19 23:00:00+00:00,0.795679145
2019-11-20 00:00:00+00:00,0.795367182
2019-11-20 01:00:00+00:00,0.795055362
2019-11-20 02:00:00+00:00,0.794743623
2019-11-20 03:00:00+00:00,0.794432457
2019-11-20 04:00:00+00:00,0.794121377
2019-11-20 05:00:00+00:00,0.793809801
2019-11-20 06:00:00+00:00,0.793497494
2019-11-20 07:00:00+00:00,0.793184298
2019-11-20 08:00:00+00:00,0.792870769
2019-11-20 09:00:00+00:00,0.792576868
2019-11-20 10:00:00+00:00,0.792295324
2019-11-20 11:00:00+00:00,0.792013468
2019-11-20 12:00:00+00:00,0.791731391
2019-11-20 13:00:00+00:00,0.791449343
2019-11-20 14:00:00+00:00,0.791149075
2019-11-20 15:00:00+00:00,0.79083358
2019-11-20 16:00:00+00:00,0.790517096
2019-11-20 17:00:00+00:00,0.790200814
2019-11-20 18:00:00+00:00,0.789883495
2019-11-20 19:00:00+00:00,0.789566002
2019-11-20 20:00:00+00:00,0.789249194
2019-11-20 21:00:00+00:00,0.788933422
2019-11-20 22:00:00+00:00,0.788619133
2019-11-20 23:00:00+00:00,0.788310162
2019-11-21 00:00:00+00:00,0.788011241
2019-11-21 01:00:00+00:00,0.78771497
2019-11-21 02:00:00+00:00,0.78742315
2019-11-21 03:00:00+00:00,0.78713405
2019-11-21 04:00:00+00:00,0.78683965
2019-11-21 05:00:00+00:00,0.786531701
2019-11-21 06:00:00+00:00,0.786401977
2019-11-21 07:00:00+00:00,0.786278475
2019-11-21 08:00:00+00:00,0.786153363
2019-11-21 09:00:00+00:00,0.785941868
2019-11-21 10:00:00+00:00,0.785645585
2019-11-21 11:00:00+00:00,0.78536223
2019-11-21 12:00:00+00:00,0.785082645
2019-11-21 13:00:00+00:00,0.784803809
2019-11-21 14:00:00+00:00,0.784522787
2019-11-21 15:00:00+00:00,0.784208961
2019-11-21 16:00:00+00:00,0.783893804
2019-11-21 17:00:00+00:00,0.783578338
2019-11-21 18:00:00+00:00,0.783262409
2019-11-21 19:00:00+00:00,0.782946648
2019-11-21 20:00:00+00:00,0.782631528
2019-11-21 21:00:00+00:00,0.782318552
2019-11-21 22:00:00+00:00,0.782006676
2019-11-21 23:00:00+00:00,0.781710677
2019-11-22 00:00:00+00:00,0.781427037
2019-11-22 01:00:00+00:00,0.781771635
2019-11-22 02:00:00+00:00,0.782115969
2019-11-22 03:00:00+00:00,0.782459739
2019-11-22 04:00:00+00:00,0.78280346
2019-11-22 05:00:00+00:00,0.783145911
2019-11-22 06:00:00+00:00,0.783486745
2019-11-22 07:00:00+00:00,0.783827019
2019-11-22 08:00:00+00:00,0.784166544
2019-11-22 09:00:00+00:00,0.784505166
2019-11-22 10:00:00+00:00,0.784844177
2019-11-22 11:00:00+00:00,0.78518073
2019-11-22 12:00:00+00:00,0.785515931
2019-11-22 13:00:00+00:00,0.785852239
2019-11-22 14:00:00+00:00,0.78619774
2019-11-22 15:00:00+00:00,0.786542559
2019-11-22 16:00:00+00:00,0.786886986
2019-11-22 17:00:00+00:00,0.787229787
2019-11-22 18:00:00+00:00,0.787571014
2019-11-22 19:00:00+00:00,0.787911745
2019-11-22 20:00:00+00:00,0.788252418
2019-11-22 21:00:00+00:00,0.788593733
2019-11-22 22:00:00+00:00,0.788935147
2019-11-22 23:00:00+00:00,0.789275186
2019-11-23 00:00:00+00:00,0.789611057
2019-11-23 01:00:00+00:00,0.789945726
2019-11-23 02:00:00+00:00,0.790280613
2019-11-23 03:00:00+00:00,0.790626598
2019-11-23 04:00:00+00:00,0.790972858
2019-11-23 05:00:00+00:00,0.791318582
2019-11-23 06:00:00+00:00,0.791663362
2019-11-23 07:00:00+00:00,0.792006859
2019-11-23 08:00:00+00:00,0.792348613
2019-11-23 09:00:00+00:00,0.792689561
2019-11-23 10:00:00+00:00,0.793028258
2019-11-23 11:00:00+00:00,0.793360567
2019-11-23 12:00:00+00:00,0.793691675
2019-11-23 13:00:00+00:00,0.794021769
2019-11-23 14:00:00+00:00,0.794350892
2019-11-23 15:00:00+00:00,0.79468015
2019-11-23 16:00:00+00:00,0.795008517
2019-11-23 17:00:00+00:00,0.795336287
2019-11-23 18:00:00+00:00,0.795664087
2019-11-23 19:00:00+00:00,0.795991619
2019-11-23 20:00:00+00:00,0.796319124
2019-11-23 21:00:00+00:00,0.796648085
2019-11-23 22:00:00+00:00,0.796977875
2019-11-23 23:00:00+00:00,0.797309308
2019-11-24 00:00:00+00:00,0.79764164
2019-11-24 01:00:00+00:00,0.797974596
2019-11-24 02:00:00+00:00,0.798307994
2019-11-24 03:00:00+00:00,0.798641807
2019-11-24 04:00:00+00:00,0.798975241
2019-11-24 05:00:00+00:00,0.799308486
2019-11-24 06:00:00+00:00,0.799642792
2019-11-24 07:00:00+00:00,0.799976441
2019-11-24 08:00:00+00:00,0.800310226
2019-11-24 09:00:00+00:00,0.800643691
2019-11-24 10:00:00+00:00,0.800977027
2019-11-24 11:00:00+00:00,0.801311073
2019-11-24 12:00:00+00:00,0.801645064
2019-11-24 13:00:00+00:00,0.801979295
2019-11-24 14:00:00+00:00,0.802313649
2019-11-24 15:00:00+00:00,0.802646812
2019-11-24 16:00:00+00:00,0.802978199
2019-11-24 17:00:00+00:00,0.803308774
2019-11-24 18:00:00+00:00,0.803639212
2019-11-24 19:00:00+00:00,0.803969384
2019-11-24 20:00:00+00:00,0.804300495
2019-11-24 21:00:00+00:00,0.804631614
2019-11-24 22:00:00+00:00,0.804963665
2019-11-24 23:00:00+00:00,0.805298352
2019-11-25 00:00:00+00:00,0.805633818
2019-11-25 01:00:00+00:00,0.805969757
2019-11-25 02:00:00+00:00,0.806305728
2019-11-25 03:00:00+00:00,0.806642243
2019-11-25 04:00:00+00:00,0.806978395
2019-11-25 05:00:00+00:00,0.8073143
2019-11-25 06:00:00+00:00,0.807648171
2019-11-25 07:00:00+00:00,0.807980868
2019-11-25 08:00:00+00:00,0.808312827
2019-11-25 09:00:00+00:00,0.808643907
2019-11-25 10:00:00+00:00,0.80897468
2019-11-25 11:00:00+00:00,0.809305086
2019-11-25 12:00:00+00:00,0.809635647
2019-11-25 13:00:00+00:00,0.80996629
2019-11-25 14:00:00+00:00,0.810296476
2019-11-25 15:00:00+00:00,0.810625457
2019-11-25 16:00:00+00:00,0.810953483
2019-11-25 17:00:00+00:00,0.811281071
2019-11-25 18:00:00+00:00,0.811608479
2019-11-25 19:00:00+00:00,0.811936567
2019-11-25 20:00:00+00:00,0.812265829
2019-11-25 21:00:00+00:00,0.812596461
2019-11-25 22:00:00+00:00,0.812927367
2019-11-25 23:00:00+00:00,0.813260683
2019-11-26 00:00:00+00:00,0.813594904
2019-11-26 01:00:00+00:00,0.813929049
2019-11-26 02:00:00+00:00,0.814263604
2019-11-26 03:00:00+00:00,0.814598092
2019-11-26 04:00:00+00:00,0.814932692
2019-11-26 05:00:00+00:00,0.815266205
2019-11-26 06:00:00+00:00,0.815598894
2019-11-26 07:00:00+00:00,0.815929809
2019-11-26 08:00:00+00:00,0.816260768
2019-11-26 09:00:00+00:00,0.816591757
2019-11-26 10:00:00+00:00,0.816922432
2019-11-26 11:00:00+00:00,0.817253271
2019-11-26 12:00:00+00:00,0.817583939
2019-11-26 13:00:00+00:00,0.8179147
2019-11-26 14:00:00+00:00,0.818245585
2019-11-26 15:00:00+00:00,0.818576779
2019-11-26 16:00:00+00:00,0.818906738
2019-11-26 17:00:00+00:00,0.819236539
2019-11-26 18:00:00+00:00,0.819565204
2019-11-26 19:00:00+00:00,0.819894264
2019-11-26 20:00:00+00:00,0.820224557
2019-11-26 21:00:00+00:00,0.820554402
2019-11-26 22:00:00+00:00,0.82088497
2019-11-26 23:00:00+00:00,0.821216989
2019-11-27 00:00:00+00:00,0.821550432
2019-11-27 01:00:00+00:00,0.821883597
2019-11-27 02:00:00+00:00,0.822215896
2019-11-27 03:00:00+00:00,0.822548696
2019-11-27 04:00:00+00:00,0.822880622
2019-11-27 05:00:00+00:00,0.823211435
2019-11-27 06:00:00+00:00,0.823539807
2019-11-27 07:00:00+00:00,0.823867113
2019-11-27 08:00:00+00:00,0.824194226
2019-11-27 09:00:00+00:00,0.824521424
2019-11-27 10:00:00+00:00,0.824848861
2019-11-27 11:00:00+00:00,0.825174943
2019-11-27 12:00:00+00:00,0.82550174
2019-11-27 13:00:00+00:00,0.825828202
2019-11-27 14:00:00+00:00,0.826155939
2019-11-27 15:00:00+00:00,0.826482804
2019-11-27 16:00:00+00:00,0.826809389
2019-11-27 17:00:00+00:00,0.82713498
2019-11-27 18:00:00+00:00,0.827460187
2019-11-27 19:00:00+00:00,0.82778502
2019-11-27 20:00:00+00:00,0.82811145
2019-11-27 21:00:00+00:00,0.828439325
2019-11-27 22:00:00+00:00,0.828768081
2019-11-27 23:00:00+00:00,0.829097098
2019-11-28 00:00:00+00:00,0.829425805
2019-11-28 01:00:00+00:00,0.82975472
2019-11-28 02:00:00+00:00,0.830085229
2019-11-28 03:00:00+00:00,0.830416104
2019-11-28 04:00:00+00:00,0.830746858
2019-11-28 05:00:00+00:00,0.831077042
2019-11-28 06:00:00+00:00,0.831405042
2019-11-28 07:00:00+00:00,0.831732782
2019-11-28 08:00:00+00:00,0.832059501
2019-11-28 09:00:00+00:00,0.832385838
2019-11-28 10:00:00+00:00,0.832712032
2019-11-28 11:00:00+00:00,0.833038579
2019-11-28 12:00:00+00:00,0.833364719
2019-11-28 13:00:00+00:00,0.833690554
2019-11-28 14:00:00+00:00,0.834016277
2019-11-28 15:00:00+00:00,0.834341905
2019-11-28 16:00:00+00:00,0.834665878
2019-11-28 17:00:00+00:00,0.834989871
2019-11-28 18:00:00+00:00,0.835313503
2019-11-28 19:00:00+00:00,0.835637693
2019-11-28 20:00:00+00:00,0.835962665
2019-11-28 21:00:00+00:00,0.836288308
2019-11-28 22:00:00+00:00,0.836615063
2019-11-28 23:00:00+00:00,0.836942093
2019-11-29 00:00:00+00:00,0.837270838
2019-11-29 01:00:00+00:00,0.837599543
2019-11-29 02:00:00+00:00,0.837928777
2019-11-29 03:00:00+00:00,0.838257801
2019-11-29 04:00:00+00:00,0.838586954
2019-11-29 05:00:00+00:00,0.838914839
2019-11-29 06:00:00+00:00,0.839239903
2019-11-29 07:00:00+00:00,0.839565142
2019-11-29 08:00:00+00:00,0.839889294
2019-11-29 09:00:00+00:00,0.840212838
2019-11-29 10:00:00+00:00,0.840538005
2019-11-29 11:00:00+00:00,0.840863436
2019-11-29 12:00:00+00:00,0.841189516
2019-11-29 13:00:00+00:00,0.840894069
2019-11-29 14:00:00+00:00,0.840934577
2019-11-29 15:00:00+00:00,0.840787086
2019-11-29 16:00:00+00:00,0.840999023
2019-11-29 17:00:00+00:00,0.841128154
2019-11-29 18:00:00+00:00,0.841262806
2019-11-29 19:00:00+00:00,0.84144536
2019-11-29 20:00:00+00:00,0.841657272
2019-11-29 21:00:00+00:00,0.841869222
2019-11-29 22:00:00+00:00,0.841951041
2019-11-29 23:00:00+00:00,0.841629865
2019-11-30 00:00:00+00:00,0.841320325
2019-11-30 01:00:00+00:00,0.841018134
2019-11-30 02:00:00+00:00,0.840720859
2019-11-30 03:00:00+00:00,0.840425558
2019-11-30 04:00:00+00:00,0.840131402
2019-11-30 05:00:00+00:00,0.839836785
2019-11-30 06:00:00+00:00,0.839540392
2019-11-30 07:00:00+00:00,0.839868569
2019-11-30 08:00:00+00:00,0.840196157
2019-11-30 09:00:00+00:00,0.840523567
2019-11-30 10:00:00+00:00,0.840851009
2019-11-30 11:00:00+00:00,0.841179128
2019-11-30 12:00:00+00:00,0.841506787
2019-11-30 13:00:00+00:00,0.841834373
2019-11-30 14:00:00+00:00,0.842161508
2019-11-30 15:00:00+00:00,0.842488357
2019-11-30 16:00:00+00:00,0.842813683
2019-11-30 17:00:00+00:00,0.843139015
2019-11-30 18:00:00+00:00,0.843463823
2019-11-30 19:00:00+00:00,0.84378832
2019-11-30 20:00:00+00:00,0.844112055
2019-11-30 21:00:00+00:00,0.844436358
2019-11-30 22:00:00+00:00,0.844761863
2019-11-30 23:00:00+00:00,0.845087358
2019-12-01 00:00:00+00:00,0.845604993
2019-12-01 01:00:00+00:00,0.846124074
2019-12-01 02:00:00+00:00,0.846643198
2019-12-01 03:00:00+00:00,0.847162497
2019-12-01 04:00:00+00:00,0.847681883
2019-12-01 05:00:00+00:00,0.848200612
2019-12-01 06:00:00+00:00,0.848719091
2019-12-01 07:00:00+00:00,0.849237806
2019-12-01 08:00:00+00:00,0.849755435
2019-12-01 09:00:00+00:00,0.850272196
2019-12-01 10:00:00+00:00,0.85078859
2019-12-01 11:00:00+00:00,0.851304681
2019-12-01 12:00:00+00:00,0.851821152
2019-12-01 13:00:00+00:00,0.852337972
2019-12-01 14:00:00+00:00,0.852854962
2019-12-01 15:00:00+00:00,0.853371508
2019-12-01 16:00:00+00:00,0.85388741
2019-12-01 17:00:00+00:00,0.854402941
2019-12-01 18:00:00+00:00,0.854918334
2019-12-01 19:00:00+00:00,0.855434321
2019-12-01 20:00:00+00:00,0.855950081
2019-12-01 21:00:00+00:00,0.85646637
2019-12-01 22:00:00+00:00,0.856983117
2019-12-01 23:00:00+00:00,0.857502138
2019-12-02 00:00:00+00:00,0.858022014
2019-12-02 01:00:00+00:00,0.85854223
2019-12-02 02:00:00+00:00,0.859062544
2019-12-02 03:00:00+00:00,0.859582418
2019-12-02 04:00:00+00:00,0.860102582
2019-12-02 05:00:00+00:00,0.860622936
2019-12-02 06:00:00+00:00,0.861141683
2019-12-02 07:00:00+00:00,0.861660488
2019-12-02 08:00:00+00:00,0.862177606
2019-12-02 09:00:00+00:00,0.862694951
2019-12-02 10:00:00+00:00,0.863214
2019-12-02 11:00:00+00:00,0.863732374
2019-12-02 12:00:00+00:00,0.864249777
2019-12-02 13:00:00+00:00,0.864766853
2019-12-02 14:00:00+00:00,0.865283801
2019-12-02 15:00:00+00:00,0.865801206
2019-12-02 16:00:00+00:00,0.866318029
2019-12-02 17:00:00+00:00,0.866834794
2019-12-02 18:00:00+00:00,0.867351246
2019-12-02 19:00:00+00:00,0.867868039
2019-12-02 20:00:00+00:00,0.868385109
2019-12-02 21:00:00+00:00,0.868903232
2019-12-02 22:00:00+00:00,0.869422106
2019-12-02 23:00:00+00:00,0.869942147
2019-12-03 00:00:00+00:00,0.870462494
2019-12-03 01:00:00+00:00,0.870983057
2019-12-03 02:00:00+00:00,0.871503666
2019-12-03 03:00:00+00:00,0.872024346
2019-12-03 04:00:00+00:00,0.872545382
2019-12-03 05:00:00+00:00,0.873066042
2019-12-03 06:00:00+00:00,0.873586102
2019-12-03 07:00:00+00:00,0.874106202
2019-12-03 08:00:00+00:00,0.87462628
2019-12-03 09:00:00+00:00,0.875145616
2019-12-03 10:00:00+00:00,0.875664421
2019-12-03 11:00:00+00:00,0.876183441
2019-12-03 12:00:00+00:00,0.87670284
2019-12-03 13:00:00+00:00,0.877222354
2019-12-03 14:00:00+00:00,0.877736888
2019-12-03 15:00:00+00:00,0.87776212
2019-12-03 16:00:00+00:00,0.877991926
2019-12-03 17:00:00+00:00,0.878221083
2019-12-03 18:00:00+00:00,0.878449943
2019-12-03 19:00:00+00:00,0.878678844
2019-12-03 20:00:00+00:00,0.878907987
2019-12-03 21:00:00+00:00,0.879138533
2019-12-03 22:00:00+00:00,0.879369394
2019-12-03 23:00:00+00:00,0.879600353
2019-12-04 00:00:00+00:00,0.87983235
2019-12-04 01:00:00+00:00,0.879747793
2019-12-04 02:00:00+00:00,0.879618019
2019-12-04 03:00:00+00:00,0.879490018
2019-12-04 04:00:00+00:00,0.879358976
2019-12-04 05:00:00+00:00,0.879226833
2019-12-04 06:00:00+00:00,0.879093777
2019-12-04 07:00:00+00:00,0.878960861
2019-12-04 08:00:00+00:00,0.878827362
2019-12-04 09:00:00+00:00,0.87870101
2019-12-04 10:00:00+00:00,0.878585706
2019-12-04 11:00:00+00:00,0.878475189
2019-12-04 12:00:00+00:00,0.878361139
2019-12-04 13:00:00+00:00,0.878249266
2019-12-04 14:00:00+00:00,0.878135356
2019-12-04 15:00:00+00:00,0.878007862
2019-12-04 16:00:00+00:00,0.878460919
2019-12-04 17:00:00+00:00,0.878914307
2019-12-04 18:00:00+00:00,0.879261875
2019-12-04 19:00:00+00:00,0.879129742
2019-12-04 20:00:00+00:00,0.878999847
2019-12-04 21:00:00+00:00,0.878871873
2019-12-04 22:00:00+00:00,0.878751504
2019-12-04 23:00:00+00:00,0.878639169
2019-12-05 00:00:00+00:00,0.878531905
2019-12-05 01:00:00+00:00,0.878425169
2019-12-05 02:00:00+00:00,0.878313915
2019-12-05 03:00:00+00:00,0.878202938
2019-12-05 04:00:00+00:00,0.878092473
2019-12-05 05:00:00+00:00,0.877977762
2019-12-05 06:00:00+00:00,0.877854889
2019-12-05 07:00:00+00:00,0.877727697
2019-12-05 08:00:00+00:00,0.877619523
2019-12-05 09:00:00+00:00,0.878140546
2019-12-05 10:00:00+00:00,0.878662367
2019-12-05 11:00:00+00:00,0.87918358
2019-12-05 12:00:00+00:00,0.879704363
2019-12-05 13:00:00+00:00,0.880225274
2019-12-05 14:00:00+00:00,0.88074647
2019-12-05 15:00:00+00:00,0.881239372
2019-12-05 16:00:00+00:00,0.881297005
2019-12-05 17:00:00+00:00,0.88135356
2019-12-05 18:00:00+00:00,0.88141012
2019-12-05 19:00:00+00:00,0.881466749
2019-12-05 20:00:00+00:00,0.88152352
2019-12-05 21:00:00+00:00,0.881581084
2019-12-05 22:00:00+00:00,0.881638709
2019-12-05 23:00:00+00:00,0.881698833
2019-12-06 00:00:00+00:00,0.881761204
2019-12-06 01:00:00+00:00,0.881824011
2019-12-06 02:00:00+00:00,0.881887008
2019-12-06 03:00:00+00:00,0.881949955
2019-12-06 04:00:00+00:00,0.882013273
2019-12-06 05:00:00+00:00,0.882076361
2019-12-06 06:00:00+00:00,0.882138763
2019-12-06 07:00:00+00:00,0.882009512
2019-12-06 08:00:00+00:00,0.881881076
2019-12-06 09:00:00+00:00,0.882402526
2019-12-06 10:00:00+00:00,0.88292507
2019-12-06 11:00:00+00:00,0.883447833
2019-12-06 12:00:00+00:00,0.883971019
2019-12-06 13:00:00+00:00,0.884494476
2019-12-06 14:00:00+00:00,0.88439773
2019-12-06 15:00:00+00:00,0.884288918
2019-12-06 16:00:00+00:00,0.884157427
2019-12-06 17:00:00+00:00,0.884025306
2019-12-06 18:00:00+00:00,0.883892398
2019-12-06 19:00:00+00:00,0.883760168
2019-12-06 20:00:00+00:00,0.883628454
2019-12-06 21:00:00+00:00,0.883497494
2019-12-06 22:00:00+00:00,0.883368165
2019-12-06 23:00:00+00:00,0.883240073
2019-12-07 00:00:00+00:00,0.883112237
2019-12-07 01:00:00+00:00,0.882985645
2019-12-07 02:00:00+00:00,0.882867064
2019-12-07 03:00:00+00:00,0.882747856
2019-12-07 04:00:00+00:00,0.882628693
2019-12-07 05:00:00+00:00,0.88250342
2019-12-07 06:00:00+00:00,0.882376818
2019-12-07 07:00:00+00:00,0.882249055
2019-12-07 08:00:00+00:00,0.882119756
2019-12-07 09:00:00+00:00,0.882023246
2019-12-07 10:00:00+00:00,0.882548393
2019-12-07 11:00:00+00:00,0.883074401
2019-12-07 12:00:00+00:00,0.883601621
2019-12-07 13:00:00+00:00,0.884128279
2019-12-07 14:00:00+00:00,0.884091307
2019-12-07 15:00:00+00:00,0.883990552
2019-12-07 16:00:00+00:00,0.883925428
2019-12-07 17:00:00+00:00,0.883859343
2019-12-07 18:00:00+00:00,0.88379254
2019-12-07 19:00:00+00:00,0.883726539
2019-12-07 20:00:00+00:00,0.8836614
2019-12-07 21:00:00+00:00,0.883597092
2019-12-07 22:00:00+00:00,0.883534139
2019-12-07 23:00:00+00:00,0.883431477
2019-12-08 00:00:00+00:00,0.883313335
2019-12-08 01:00:00+00:00,0.883197467
2019-12-08 02:00:00+00:00,0.883084761
2019-12-08 03:00:00+00:00,0.882975067
2019-12-08 04:00:00+00:00,0.882867133
2019-12-08 05:00:00+00:00,0.882758466
2019-12-08 06:00:00+00:00,0.882648351
2019-12-08 07:00:00+00:00,0.882539423
2019-12-08 08:00:00+00:00,0.882451465
2019-12-08 09:00:00+00:00,0.88298494
2019-12-08 10:00:00+00:00,0.883511697
2019-12-08 11:00:00+00:00,0.884038543
2019-12-08 12:00:00+00:00,0.884564076
2019-12-08 13:00:00+00:00,0.88508944
2019-12-08 14:00:00+00:00,0.885621971
2019-12-08 15:00:00+00:00,0.886153947
2019-12-08 16:00:00+00:00,0.886679266
2019-12-08 17:00:00+00:00,0.887204054
2019-12-08 18:00:00+00:00,0.887726565
2019-12-08 19:00:00+00:00,0.888248613
2019-12-08 20:00:00+00:00,0.888772348
2019-12-08 21:00:00+00:00,0.889297412
2019-12-08 22:00:00+00:00,0.889830753
2019-12-08 23:00:00+00:00,0.890364243
2019-12-09 00:00:00+00:00,0.890898696
2019-12-09 01:00:00+00:00,0.891434599
2019-12-09 02:00:00+00:00,0.891970792
2019-12-09 03:00:00+00:00,0.892507252
2019-12-09 04:00:00+00:00,0.893043874
2019-12-09 05:00:00+00:00,0.893579898
2019-12-09 06:00:00+00:00,0.894115134
2019-12-09 07:00:00+00:00,0.894643179
2019-12-09 08:00:00+00:00,0.89517143
2019-12-09 09:00:00+00:00,0.895699207
2019-12-09 10:00:00+00:00,0.896225009
2019-12-09 11:00:00+00:00,0.896750755
2019-12-09 12:00:00+00:00,0.897284118
2019-12-09 13:00:00+00:00,0.897817577
2019-12-09 14:00:00+00:00,0.898351792
2019-12-09 15:00:00+00:00,0.898885661
2019-12-09 16:00:00+00:00,0.899196531
2019-12-09 17:00:00+00:00,0.899340645
2019-12-09 18:00:00+00:00,0.89948479
2019-12-09 19:00:00+00:00,0.899628797
2019-12-09 20:00:00+00:00,0.899774112
2019-12-09 21:00:00+00:00,0.899921702
2019-12-09 22:00:00+00:00,0.900077817
2019-12-09 23:00:00+00:00,0.900288342
2019-12-10 00:00:00+00:00,0.900560306
2019-12-10 01:00:00+00:00,0.900808796
2019-12-10 02:00:00+00:00,0.901035019
2019-12-10 03:00:00+00:00,0.901204936
2019-12-10 04:00:00+00:00,0.90137436
2019-12-10 05:00:00+00:00,0.901525155
2019-12-10 06:00:00+00:00,0.901566163
2019-12-10 07:00:00+00:00,0.901501087
2019-12-10 08:00:00+00:00,0.901662257
2019-12-10 09:00:00+00:00,0.90218864
2019-12-10 10:00:00+00:00,0.90271639
2019-12-10 11:00:00+00:00,0.903244686
2019-12-10 12:00:00+00:00,0.903774588
2019-12-10 13:00:00+00:00,0.90430553
2019-12-10 14:00:00+00:00,0.904836539
2019-12-10 15:00:00+00:00,0.905349501
2019-12-10 16:00:00+00:00,0.905234606
2019-12-10 17:00:00+00:00,0.905761572
2019-12-10 18:00:00+00:00,0.906289219
2019-12-10 19:00:00+00:00,0.906816272
2019-12-10 20:00:00+00:00,0.906690704
2019-12-10 21:00:00+00:00,0.906567078
2019-12-10 22:00:00+00:00,0.906449757
2019-12-10 23:00:00+00:00,0.906336991
2019-12-11 00:00:00+00:00,0.906230311
2019-12-11 01:00:00+00:00,0.906126204
2019-12-11 02:00:00+00:00,0.906021717
2019-12-11 03:00:00+00:00,0.905916436
2019-12-11 04:00:00+00:00,0.905814689
2019-12-11 05:00:00+00:00,0.905705304
2019-12-11 06:00:00+00:00,0.905581989
2019-12-11 07:00:00+00:00,0.905456312
2019-12-11 08:00:00+00:00,0.90575061
2019-12-11 09:00:00+00:00,0.906277954
2019-12-11 10:00:00+00:00,0.906806054
2019-12-11 11:00:00+00:00,0.90733474
2019-12-11 12:00:00+00:00,0.907863322
2019-12-11 13:00:00+00:00,0.908392521
2019-12-11 14:00:00+00:00,0.908921986
2019-12-11 15:00:00+00:00,0.9094522
2019-12-11 16:00:00+00:00,0.909980235
2019-12-11 17:00:00+00:00,0.910506899
2019-12-11 18:00:00+00:00,0.911033299
2019-12-11 19:00:00+00:00,0.91156008
2019-12-11 20:00:00+00:00,0.912087958
2019-12-11 21:00:00+00:00,0.912616578
2019-12-11 22:00:00+00:00,0.913147029
2019-12-11 23:00:00+00:00,0.913678332
2019-12-12 00:00:00+00:00,0.914210128
2019-12-12 01:00:00+00:00,0.914742321
2019-12-12 02:00:00+00:00,0.915273699
2019-12-12 03:00:00+00:00,0.915805587
2019-12-12 04:00:00+00:00,0.916337087
2019-12-12 05:00:00+00:00,0.916867275
2019-12-12 06:00:00+00:00,0.917394702
2019-12-12 07:00:00+00:00,0.917920522
2019-12-12 08:00:00+00:00,0.918445747
2019-12-12 09:00:00+00:00,0.918969969
2019-12-12 10:00:00+00:00,0.919495862
2019-12-12 11:00:00+00:00,0.920020906
2019-12-12 12:00:00+00:00,0.920545686
2019-12-12 13:00:00+00:00,0.921070651
2019-12-12 14:00:00+00:00,0.92159644
2019-12-12 15:00:00+00:00,0.922121753
2019-12-12 16:00:00+00:00,0.922646208
2019-12-12 17:00:00+00:00,0.923170725
2019-12-12 18:00:00+00:00,0.923695612
2019-12-12 19:00:00+00:00,0.924219559
2019-12-12 20:00:00+00:00,0.924744958
2019-12-12 21:00:00+00:00,0.925271053
2019-12-12 22:00:00+00:00,0.925797392
2019-12-12 23:00:00+00:00,0.926325291
2019-12-13 00:00:00+00:00,0.926853783
2019-12-13 01:00:00+00:00,0.927382968
2019-12-13 02:00:00+00:00,0.927912626
2019-12-13 03:00:00+00:00,0.928442752
2019-12-13 04:00:00+00:00,0.928973373
2019-12-13 05:00:00+00:00,0.929503982
2019-12-13 06:00:00+00:00,0.930033937
2019-12-13 07:00:00+00:00,0.930563401
2019-12-13 08:00:00+00:00,0.931092247
2019-12-13 09:00:00+00:00,0.931621291
2019-12-13 10:00:00+00:00,0.932149437
2019-12-13 11:00:00+00:00,0.932676881
2019-12-13 12:00:00+00:00,0.933204655
2019-12-13 13:00:00+00:00,0.933732801
2019-12-13 14:00:00+00:00,0.934259621
2019-12-13 15:00:00+00:00,0.934785841
2019-12-13 16:00:00+00:00,0.93531159
2019-12-13 17:00:00+00:00,0.935835078
2019-12-13 18:00:00+00:00,0.936357953
2019-12-13 19:00:00+00:00,0.936881176
2019-12-13 20:00:00+00:00,0.9374038
2019-12-13 21:00:00+00:00,0.937927645
2019-12-13 22:00:00+00:00,0.938453303
2019-12-13 23:00:00+00:00,0.93897966
2019-12-14 00:00:00+00:00,0.93950631
2019-12-14 01:00:00+00:00,0.940033105
2019-12-14 02:00:00+00:00,0.940560107
2019-12-14 03:00:00+00:00,0.941087379
2019-12-14 04:00:00+00:00,0.941614984
2019-12-14 05:00:00+00:00,0.942142577
2019-12-14 06:00:00+00:00,0.942670028
2019-12-14 07:00:00+00:00,0.943197191
2019-12-14 08:00:00+00:00,0.943723758
2019-12-14 09:00:00+00:00,0.944249066
2019-12-14 10:00:00+00:00,0.944774187
2019-12-14 11:00:00+00:00,0.945297596
2019-12-14 12:00:00+00:00,0.945820762
2019-12-14 13:00:00+00:00,0.946343999
2019-12-14 14:00:00+00:00,0.946866575
2019-12-14 15:00:00+00:00,0.947388729
2019-12-14 16:00:00+00:00,0.947911385
2019-12-14 17:00:00+00:00,0.948432531
2019-12-14 18:00:00+00:00,0.94895484
2019-12-14 19:00:00+00:00,0.949484635
2019-12-14 20:00:00+00:00,0.950014536
2019-12-14 21:00:00+00:00,0.950546154
2019-12-14 22:00:00+00:00,0.951078346
2019-12-14 23:00:00+00:00,0.951611936
2019-12-15 00:00:00+00:00,0.952142354
2019-12-15 01:00:00+00:00,0.952669436
2019-12-15 02:00:00+00:00,0.953195913
2019-12-15 03:00:00+00:00,0.953721165
2019-12-15 04:00:00+00:00,0.954246407
2019-12-15 05:00:00+00:00,0.954771692
2019-12-15 06:00:00+00:00,0.955296676
2019-12-15 07:00:00+00:00,0.955822023
2019-12-15 08:00:00+00:00,0.956346793
2019-12-15 09:00:00+00:00,0.956870265
2019-12-15 10:00:00+00:00,0.957394034
2019-12-15 11:00:00+00:00,0.957917439
2019-12-15 12:00:00+00:00,0.958440691
2019-12-15 13:00:00+00:00,0.958964193
2019-12-15 14:00:00+00:00,0.959487195
2019-12-15 15:00:00+00:00,0.960010151
2019-12-15 16:00:00+00:00,0.96053208
2019-12-15 17:00:00+00:00,0.961053035
2019-12-15 18:00:00+00:00,0.961573414
2019-12-15 19:00:00+00:00,0.962099651
2019-12-15 20:00:00+00:00,0.962631387
2019-12-15 21:00:00+00:00,0.963163113
2019-12-15 22:00:00+00:00,0.963694627
2019-12-15 23:00:00+00:00,0.964227474
2019-12-16 00:00:00+00:00,0.964760139
2019-12-16 01:00:00+00:00,0.965286123
2019-12-16 02:00:00+00:00,0.965811012
2019-12-16 03:00:00+00:00,0.966335512
2019-12-16 04:00:00+00:00,0.966859836
2019-12-16 05:00:00+00:00,0.967383933
2019-12-16 06:00:00+00:00,0.967905711
2019-12-16 07:00:00+00:00,0.968426783
2019-12-16 08:00:00+00:00,0.968946218
2019-12-16 09:00:00+00:00,0.969464528
2019-12-16 10:00:00+00:00,0.969983139
2019-12-16 11:00:00+00:00,0.970500565
2019-12-16 12:00:00+00:00,0.9710181
2019-12-16 13:00:00+00:00,0.971535962
2019-12-16 14:00:00+00:00,0.972054424
2019-12-16 15:00:00+00:00,0.972573469
2019-12-16 16:00:00+00:00,0.973092308
2019-12-16 17:00:00+00:00,0.973611555
2019-12-16 18:00:00+00:00,0.974130909
2019-12-16 19:00:00+00:00,0.974650611
2019-12-16 20:00:00+00:00,0.975170615
2019-12-16 21:00:00+00:00,0.975691572
2019-12-16 22:00:00+00:00,0.976212173
2019-12-16 23:00:00+00:00,0.976733398
2019-12-17 00:00:00+00:00,0.97725463
2019-12-17 01:00:00+00:00,0.97777621
2019-12-17 02:00:00+00:00,0.978298211
2019-12-17 03:00:00+00:00,0.978820496
2019-12-17 04:00:00+00:00,0.9793437
2019-12-17 05:00:00+00:00,0.979864434
2019-12-17 06:00:00+00:00,0.980384815
2019-12-17 07:00:00+00:00,0.980890254
2019-12-17 08:00:00+00:00,0.981412629
2019-12-17 09:00:00+00:00,0.981935997
2019-12-17 10:00:00+00:00,0.982460204
2019-12-17 11:00:00+00:00,0.98298442
2019-12-17 12:00:00+00:00,0.983517644
2019-12-17 13:00:00+00:00,0.983429273
2019-12-17 14:00:00+00:00,0.983338024
2019-12-17 15:00:00+00:00,0.983230612
2019-12-17 16:00:00+00:00,0.983519921
2019-12-17 17:00:00+00:00,0.983808254
2019-12-17 18:00:00+00:00,0.984095645
2019-12-17 19:00:00+00:00,0.984260951
2019-12-17 20:00:00+00:00,0.984127606
2019-12-17 21:00:00+00:00,0.983994807
2019-12-17 22:00:00+00:00,0.98386421
2019-12-17 23:00:00+00:00,0.983737688
2019-12-18 00:00:00+00:00,0.983616256
2019-12-18 01:00:00+00:00,0.983497124
2019-12-18 02:00:00+00:00,0.983378469
2019-12-18 03:00:00+00:00,0.983259506
2019-12-18 04:00:00+00:00,0.983147174
2019-12-18 05:00:00+00:00,0.98303134
2019-12-18 06:00:00+00:00,0.982903016
2019-12-18 07:00:00+00:00,0.982770154
2019-12-18 08:00:00+00:00,0.982649516
2019-12-18 09:00:00+00:00,0.983168854
2019-12-18 10:00:00+00:00,0.983688403
2019-12-18 11:00:00+00:00,0.984205367
2019-12-18 12:00:00+00:00,0.984721917
2019-12-18 13:00:00+00:00,0.985239003
2019-12-18 14:00:00+00:00,0.985756178
2019-12-18 15:00:00+00:00,0.986273533
2019-12-18 16:00:00+00:00,0.986790649
2019-12-18 17:00:00+00:00,0.98730705
2019-12-18 18:00:00+00:00,0.987823036
2019-12-18 19:00:00+00:00,0.988339196
2019-12-18 20:00:00+00:00,0.988856924
2019-12-18 21:00:00+00:00,0.989375855
2019-12-18 22:00:00+00:00,0.989895392
2019-12-18 23:00:00+00:00,0.990414636
2019-12-19 00:00:00+00:00,0.990933692
2019-12-19 01:00:00+00:00,0.99145326
2019-12-19 02:00:00+00:00,0.991975306
2019-12-19 03:00:00+00:00,0.992502028
2019-12-19 04:00:00+00:00,0.993025528
2019-12-19 05:00:00+00:00,0.993549391
2019-12-19 06:00:00+00:00,0.994073626
2019-12-19 07:00:00+00:00,0.9945968
2019-12-19 08:00:00+00:00,0.995118999
2019-12-19 09:00:00+00:00,0.995640311
2019-12-19 10:00:00+00:00,0.996162353
2019-12-19 11:00:00+00:00,0.996683211
2019-12-19 12:00:00+00:00,0.99720329
2019-12-19 13:00:00+00:00,0.997722857
2019-12-19 14:00:00+00:00,0.998242652
2019-12-19 15:00:00+00:00,0.998762017
2019-12-19 16:00:00+00:00,0.999280751
2019-12-19 17:00:00+00:00,0.999798624
2019-12-19 18:00:00+00:00,0.999798624
2019-12-19 19:00:00+00:00,0.999798624
2019-12-19 20:00:00+00:00,0.999798624
2019-12-19 21:00:00+00:00,0.999798624
2019-12-19 22:00:00+00:00,0.999798624
2019-12-19 23:00:00+00:00,0.999798624
2019-12-20 00:00:00+00:00,0.999798624
2019-12-20 01:00:00+00:00,0.999798624
2019-12-20 02:00:00+00:00,0.999798624
2019-12-20 03:00:00+00:00,0.999798624
2019-12-20 04:00:00+00:00,0.999798624
2019-12-20 05:00:00+00:00,0.999798624
2019-12-20 06:00:00+00:00,0.999798624
2019-12-20 07:00:00+00:00,0.999798624
2019-12-20 08:00:00+00:00,0.999798624
2019-12-20 09:00:00+00:00,0.999798624
2019-12-20 10:00:00+00:00,0.999798624
2019-12-20 11:00:00+00:00,0.999798624
2019-12-20 12:00:00+00:00,0.999798624
2019-12-20 13:00:00+00:00,0.999798624
2019-12-20 14:00:00+00:00,0.999798624
2019-12-20 15:00:00+00:00,0.999798624
2019-12-20 16:00:00+00:00,0.999798624
2019-12-20 17:00:00+00:00,0.999798624
2019-12-20 18:00:00+00:00,0.999798624
2019-12-20 19:00:00+00:00,0.999798624
2019-12-20 20:00:00+00:00,0.999798624
2019-12-20 21:00:00+00:00,0.999798624
2019-12-20 22:00:00+00:00,0.999798624
2019-12-20 23:00:00+00:00,0.999798624
2019-12-21 00:00:00+00:00,0.999798624
2019-12-21 01:00:00+00:00,0.999798624
2019-12-21 02:00:00+00:00,0.999798624
2019-12-21 03:00:00+00:00,0.999798624
2019-12-21 04:00:00+00:00,0.999798624
2019-12-21 05:00:00+00:00,0.999798624
2019-12-21 06:00:00+00:00,0.999798624
2019-12-21 07:00:00+00:00,0.999798624
2019-12-21 08:00:00+00:00,0.999798624
2019-12-21 09:00:00+00:00,0.999798624
2019-12-21 10:00:00+00:00,0.999798624
2019-12-21 11:00:00+00:00,0.999798624
2019-12-21 12:00:00+00:00,0.999798624
2019-12-21 13:00:00+00:00,0.999798624
2019-12-21 14:00:00+00:00,0.999798624
2019-12-21 15:00:00+00:00,0.999798624
2019-12-21 16:00:00+00:00,0.999798624
2019-12-21 17:00:00+00:00,0.999798624
2019-12-21 18:00:00+00:00,0.999798624
2019-12-21 19:00:00+00:00,0.999798624
2019-12-21 20:00:00+00:00,0.999798624
2019-12-21 21:00:00+00:00,0.999798624
2019-12-21 22:00:00+00:00,0.999798624
2019-12-21 23:00:00+00:00,0.999798624
2019-12-22 00:00:00+00:00,0.999798624
2019-12-22 01:00:00+00:00,0.999798624
2019-12-22 02:00:00+00:00,0.999798624
2019-12-22 03:00:00+00:00,0.999798624
2019-12-22 04:00:00+00:00,0.999798624
2019-12-22 05:00:00+00:00,0.999798624
2019-12-22 06:00:00+00:00,0.999798624
2019-12-22 07:00:00+00:00,0.999798624
2019-12-22 08:00:00+00:00,0.999798624
2019-12-22 09:00:00+00:00,0.999798624
2019-12-22 10:00:00+00:00,0.999798624
2019-12-22 11:00:00+00:00,0.999798624
2019-12-22 12:00:00+00:00,0.999798624
2019-12-22 13:00:00+00:00,0.999798624
2019-12-22 14:00:00+00:00,0.999798624
2019-12-22 15:00:00+00:00,0.999798624
2019-12-22 16:00:00+00:00,0.999798624
2019-12-22 17:00:00+00:00,0.999798624
2019-12-22 18:00:00+00:00,0.999798624
2019-12-22 19:00:00+00:00,0.999798624
2019-12-22 20:00:00+00:00,0.999798624
2019-12-22 21:00:00+00:00,0.999798624
2019-12-22 22:00:00+00:00,0.999798624
2019-12-22 23:00:00+00:00,0.999798624
2019-12-23 00:00:00+00:00,0.999798624
2019-12-23 01:00:00+00:00,0.999798624
2019-12-23 02:00:00+00:00,0.999798624
2019-12-23 03:00:00+00:00,0.999798624
2019-12-23 04:00:00+00:00,0.999798624
2019-12-23 05:00:00+00:00,0.999798624
2019-12-23 06:00:00+00:00,0.999798624
2019-12-23 07:00:00+00:00,0.999798624
2019-12-23 08:00:00+00:00,0.999798624
2019-12-23 09:00:00+00:00,0.999798624
2019-12-23 10:00:00+00:00,0.999798624
2019-12-23 11:00:00+00:00,0.999798624
2019-12-23 12:00:00+00:00,0.999798624
2019-12-23 13:00:00+00:00,0.999798624
2019-12-23 14:00:00+00:00,0.999798624
2019-12-23 15:00:00+00:00,0.999798624
2019-12-23 16:00:00+00:00,0.999798624
2019-12-23 17:00:00+00:00,0.999798624
2019-12-23 18:00:00+00:00,0.999798624
2019-12-23 19:00:00+00:00,0.999798624
2019-12-23 20:00:00+00:00,0.999798624
2019-12-23 21:00:00+00:00,0.999798624
2019-12-23 22:00:00+00:00,0.999798624
2019-12-23 23:00:00+00:00,0.999798624
2019-12-24 00:00:00+00:00,0.999798624
2019-12-24 01:00:00+00:00,0.999798624
2019-12-24 02:00:00+00:00,0.999798624
2019-12-24 03:00:00+00:00,0.999798624
2019-12-24 04:00:00+00:00,0.999798624
2019-12-24 05:00:00+00:00,0.999798624
2019-12-24 06:00:00+00:00,0.999798624
2019-12-24 07:00:00+00:00,0.999798624
2019-12-24 08:00:00+00:00,0.999798624
2019-12-24 09:00:00+00:00,0.999798624
2019-12-24 10:00:00+00:00,0.999798624
2019-12-24 11:00:00+00:00,0.999798624
2019-12-24 12:00:00+00:00,0.999798624
2019-12-24 13:00:00+00:00,0.999798624
2019-12-24 14:00:00+00:00,0.999798624
2019-12-24 15:00:00+00:00,0.999798624
2019-12-24 16:00:00+00:00,0.999798624
2019-12-24 17:00:00+00:00,0.999879252
2019-12-24 18:00:00+00:00,0.999959739
2019-12-24 19:00:00+00:00,0.999959739
2019-12-24 20:00:00+00:00,0.999959739
2019-12-24 21:00:00+00:00,0.999959739
2019-12-24 22:00:00+00:00,0.999959739
2019-12-24 23:00:00+00:00,0.999959739
2019-12-25 00:00:00+00:00,0.999959739
2019-12-25 01:00:00+00:00,0.999959739
2019-12-25 02:00:00+00:00,0.999959739
2019-12-25 03:00:00+00:00,0.999959739
2019-12-25 04:00:00+00:00,0.999959739
2019-12-25 05:00:00+00:00,0.999959739
2019-12-25 06:00:00+00:00,0.999959739
2019-12-25 07:00:00+00:00,0.999828848
2019-12-25 08:00:00+00:00,0.999828848
2019-12-25 09:00:00+00:00,0.999828848
2019-12-25 10:00:00+00:00,0.999828848
2019-12-25 11:00:00+00:00,0.999828848
2019-12-25 12:00:00+00:00,0.999828848
2019-12-25 13:00:00+00:00,0.999828848
2019-12-25 14:00:00+00:00,0.999828848
2019-12-25 15:00:00+00:00,0.999828848
2019-12-25 16:00:00+00:00,0.999828848
2019-12-25 17:00:00+00:00,0.999828848
2019-12-25 18:00:00+00:00,0.999828848
2019-12-25 19:00:00+00:00,0.999828848
2019-12-25 20:00:00+00:00,0.999828848
2019-12-25 21:00:00+00:00,0.999828848
2019-12-25 22:00:00+00:00,0.999828848
2019-12-25 23:00:00+00:00,0.999828848
2019-12-26 00:00:00+00:00,0.999828848
2019-12-26 01:00:00+00:00,0.999828848
2019-12-26 02:00:00+00:00,0.999828848
2019-12-26 03:00:00+00:00,0.999828848
2019-12-26 04:00:00+00:00,0.999828848
2019-12-26 05:00:00+00:00,0.999828848
2019-12-26 06:00:00+00:00,0.999828848
2019-12-26 07:00:00+00:00,0.999828848
2019-12-26 08:00:00+00:00,0.999828848
2019-12-26 09:00:00+00:00,0.999828848
2019-12-26 10:00:00+00:00,0.999828848
2019-12-26 11:00:00+00:00,0.999828848
2019-12-26 12:00:00+00:00,0.999828848
2019-12-26 13:00:00+00:00,0.999828848
2019-12-26 14:00:00+00:00,0.999828848
2019-12-26 15:00:00+00:00,0.999725722
2019-12-26 16:00:00+00:00,0.999749646
2019-12-26 17:00:00+00:00,0.999773126
2019-12-26 18:00:00+00:00,0.999796236
2019-12-26 19:00:00+00:00,0.999819591
2019-12-26 20:00:00+00:00,0.999843044
2019-12-26 21:00:00+00:00,0.999872306
2019-12-26 22:00:00+00:00,0.99989884
2019-12-26 23:00:00+00:00,0.999925088
2019-12-27 00:00:00+00:00,0.999951495
2019-12-27 01:00:00+00:00,0.999978447
2019-12-27 02:00:00+00:00,0.999978447
2019-12-27 03:00:00+00:00,0.999978447
2019-12-27 04:00:00+00:00,0.999978447
2019-12-27 05:00:00+00:00,0.999978447
2019-12-27 06:00:00+00:00,0.999978447
2019-12-27 07:00:00+00:00,0.999839588
2019-12-27 08:00:00+00:00,0.999771202
2019-12-27 09:00:00+00:00,0.999771202
2019-12-27 10:00:00+00:00,0.999771202
2019-12-27 11:00:00+00:00,0.999771202
2019-12-27 12:00:00+00:00,0.999771202
2019-12-27 13:00:00+00:00,0.999771202
2019-12-27 14:00:00+00:00,0.999771202
2019-12-27 15:00:00+00:00,0.999771202
2019-12-27 16:00:00+00:00,0.999689107
2019-12-27 17:00:00+00:00,0.999606372
2019-12-27 18:00:00+00:00,0.999523977
2019-12-27 19:00:00+00:00,0.999442799
2019-12-27 20:00:00+00:00,0.999361205
2019-12-27 21:00:00+00:00,0.999279798
2019-12-27 22:00:00+00:00,0.999198576
2019-12-27 23:00:00+00:00,0.999126448
2019-12-28 00:00:00+00:00,0.999055589
2019-12-28 01:00:00+00:00,0.998985757
2019-12-28 02:00:00+00:00,0.998917285
2019-12-28 03:00:00+00:00,0.998848875
2019-12-28 04:00:00+00:00,0.998780553
2019-12-28 05:00:00+00:00,0.998712323
2019-12-28 06:00:00+00:00,0.99864382
2019-12-28 07:00:00+00:00,0.998515879
2019-12-28 08:00:00+00:00,0.998622223
2019-12-28 09:00:00+00:00,0.999146492
2019-12-28 10:00:00+00:00,0.999671038
2019-12-28 11:00:00+00:00,0.999671038
2019-12-28 12:00:00+00:00,0.999671038
2019-12-28 13:00:00+00:00,0.999671038
2019-12-28 14:00:00+00:00,0.999671038
2019-12-28 15:00:00+00:00,0.999671038
2019-12-28 16:00:00+00:00,0.999536906
2019-12-28 17:00:00+00:00,0.999397459
2019-12-28 18:00:00+00:00,0.99925785
2019-12-28 19:00:00+00:00,0.999119201
2019-12-28 20:00:00+00:00,0.998981085
2019-12-28 21:00:00+00:00,0.998846491
2019-12-28 22:00:00+00:00,0.998712669
2019-12-28 23:00:00+00:00,0.998585803
2019-12-29 00:00:00+00:00,0.998459658
2019-12-29 01:00:00+00:00,0.998333455
2019-12-29 02:00:00+00:00,0.998207854
2019-12-29 03:00:00+00:00,0.998082331
2019-12-29 04:00:00+00:00,0.997957138
2019-12-29 05:00:00+00:00,0.99783206
2019-12-29 06:00:00+00:00,0.997706496
2019-12-29 07:00:00+00:00,0.997580185
2019-12-29 08:00:00+00:00,0.997607159
2019-12-29 09:00:00+00:00,0.998133826
2019-12-29 10:00:00+00:00,0.998660434
2019-12-29 11:00:00+00:00,0.999187096
2019-12-29 12:00:00+00:00,0.999713875
2019-12-29 13:00:00+00:00,0.999713875
2019-12-29 14:00:00+00:00,0.999713875
2019-12-29 15:00:00+00:00,0.999619218
2019-12-29 16:00:00+00:00,0.999491766
2019-12-29 17:00:00+00:00,0.99936345
2019-12-29 18:00:00+00:00,0.999234892
2019-12-29 19:00:00+00:00,0.999107264
2019-12-29 20:00:00+00:00,0.998979044
2019-12-29 21:00:00+00:00,0.998851471
2019-12-29 22:00:00+00:00,0.99872469
2019-12-29 23:00:00+00:00,0.998597924
2019-12-30 00:00:00+00:00,0.998470874
2019-12-30 01:00:00+00:00,0.998343737
2019-12-30 02:00:00+00:00,0.998216374
2019-12-30 03:00:00+00:00,0.998089228
2019-12-30 04:00:00+00:00,0.997962887
2019-12-30 05:00:00+00:00,0.997836826
2019-12-30 06:00:00+00:00,0.997710583
2019-12-30 07:00:00+00:00,0.997578786
2019-12-30 08:00:00+00:00,0.997440794
2019-12-30 09:00:00+00:00,0.99793082
2019-12-30 10:00:00+00:00,0.998446444
2019-12-30 11:00:00+00:00,0.998962891
2019-12-30 12:00:00+00:00,0.999479681
2019-12-30 13:00:00+00:00,0.999996304
2019-12-30 14:00:00+00:00,0.999996304
2019-12-30 15:00:00+00:00,0.999892262
2019-12-30 16:00:00+00:00,0.999756043
2019-12-30 17:00:00+00:00,0.999618643
2019-12-30 18:00:00+00:00,0.999481139
2019-12-30 19:00:00+00:00,0.999343967
2019-12-30 20:00:00+00:00,0.999207834
2019-12-30 21:00:00+00:00,0.999073649
2019-12-30 22:00:00+00:00,0.99894063
2019-12-30 23:00:00+00:00,0.99881744
2019-12-31 00:00:00+00:00,0.99869626
2019-12-31 01:00:00+00:00,0.998575338
2019-12-31 02:00:00+00:00,0.998454648
2019-12-31 03:00:00+00:00,0.998333314
2019-12-31 04:00:00+00:00,0.998211602
2019-12-31 05:00:00+00:00,0.998090674
2019-12-31 06:00:00+00:00,0.997968821
2019-12-31 07:00:00+00:00,0.997838655
2019-12-31 08:00:00+00:00,0.997705937
2019-12-31 09:00:00+00:00,0.998226017
2019-12-31 10:00:00+00:00,0.998753674
2019-12-31 11:00:00+00:00,0.9992785
2019-12-31 12:00:00+00:00,0.999806119
2019-12-31 13:00:00+00:00,0.999806119
2019-12-31 14:00:00+00:00,0.999966625
2019-12-31 15:00:00+00:00,0.999864697
2019-12-31 16:00:00+00:00,0.999729533
2019-12-31 17:00:00+00:00,0.999593826
2019-12-31 18:00:00+00:00,0.999458111
2019-12-31 19:00:00+00:00,0.999322891
2019-12-31 20:00:00+00:00,0.999196074
2019-12-31 21:00:00+00:00,0.999070617
2019-12-31 22:00:00+00:00,0.998946332
2019-12-31 23:00:00+00:00,0.998823314
