2023-01-01 00:00:00+00:00,15913.91667
2023-01-01 01:00:00+00:00,15234.75
2023-01-01 02:00:00+00:00,14419.83333
2023-01-01 03:00:00+00:00,13086.25
2023-01-01 04:00:00+00:00,13029.91667
2023-01-01 05:00:00+00:00,12965.83333
2023-01-01 06:00:00+00:00,13883.33333
2023-01-01 07:00:00+00:00,13932.5
2023-01-01 08:00:00+00:00,14575.58333
2023-01-01 09:00:00+00:00,17433.58333
2023-01-01 10:00:00+00:00,20553
2023-01-01 11:00:00+00:00,21667.41667
2023-01-01 12:00:00+00:00,22467.08333
2023-01-01 13:00:00+00:00,22683.41667
2023-01-01 14:00:00+00:00,21982.5
2023-01-01 15:00:00+00:00,21209.41667
2023-01-01 16:00:00+00:00,21893.16667
2023-01-01 17:00:00+00:00,23665.41667
2023-01-01 18:00:00+00:00,24590.83333
2023-01-01 19:00:00+00:00,25514.58333
2023-01-01 20:00:00+00:00,26004
2023-01-01 21:00:00+00:00,25062.33333
2023-01-01 22:00:00+00:00,23470.41667
2023-01-01 23:00:00+00:00,22920.66667
2023-01-02 00:00:00+00:00,21885.41667
2023-01-02 01:00:00+00:00,20926.58333
2023-01-02 02:00:00+00:00,20371.66667
2023-01-02 03:00:00+00:00,19965.25
2023-01-02 04:00:00+00:00,20372.25
2023-01-02 05:00:00+00:00,21190
2023-01-02 06:00:00+00:00,23113.25
2023-01-02 07:00:00+00:00,24852.91667
2023-01-02 08:00:00+00:00,25985.25
2023-01-02 09:00:00+00:00,28073.58333
2023-01-02 10:00:00+00:00,29045.33333
2023-01-02 11:00:00+00:00,29165.75
2023-01-02 12:00:00+00:00,29569
2023-01-02 13:00:00+00:00,29710
2023-01-02 14:00:00+00:00,29436.08333
2023-01-02 15:00:00+00:00,28956.33333
2023-01-02 16:00:00+00:00,27704.58333
2023-01-02 17:00:00+00:00,28002.16667
2023-01-02 18:00:00+00:00,28019.16667
2023-01-02 19:00:00+00:00,28243.83333
2023-01-02 20:00:00+00:00,28153
2023-01-02 21:00:00+00:00,27601.41667
2023-01-02 22:00:00+00:00,25563.33333
2023-01-02 23:00:00+00:00,22309.66667
2023-01-03 00:00:00+00:00,20287.91667
2023-01-03 01:00:00+00:00,20467.25
2023-01-03 02:00:00+00:00,20445.33333
2023-01-03 03:00:00+00:00,20150.16667
2023-01-03 04:00:00+00:00,21191.91667
2023-01-03 05:00:00+00:00,23783.25
2023-01-03 06:00:00+00:00,26560.41667
2023-01-03 07:00:00+00:00,28657.91667
2023-01-03 08:00:00+00:00,30539.58333
2023-01-03 09:00:00+00:00,31565.25
2023-01-03 10:00:00+00:00,31483.33333
2023-01-03 11:00:00+00:00,31951.66667
2023-01-03 12:00:00+00:00,31539.08333
2023-01-03 13:00:00+00:00,31150.08333
2023-01-03 14:00:00+00:00,30192.08333
2023-01-03 15:00:00+00:00,30132.33333
2023-01-03 16:00:00+00:00,29601.25
2023-01-03 17:00:00+00:00,30254.83333
2023-01-03 18:00:00+00:00,31661.08333
2023-01-03 19:00:00+00:00,30910.33333
2023-01-03 20:00:00+00:00,31033.91667
2023-01-03 21:00:00+00:00,27309.91667
2023-01-03 22:00:00+00:00,24090.66667
2023-01-03 23:00:00+00:00,20980.75
2023-01-04 00:00:00+00:00,19489.75
2023-01-04 01:00:00+00:00,18590.5
2023-01-04 02:00:00+00:00,18140.33333
2023-01-04 03:00:00+00:00,17914.5
2023-01-04 04:00:00+00:00,18406.33333
2023-01-04 05:00:00+00:00,20804.16667
2023-01-04 06:00:00+00:00,24903.91667
2023-01-04 07:00:00+00:00,26674.16667
2023-01-04 08:00:00+00:00,28944.41667
2023-01-04 09:00:00+00:00,31161.5
2023-01-04 10:00:00+00:00,31592.5
2023-01-04 11:00:00+00:00,30677.25
2023-01-04 12:00:00+00:00,30195
2023-01-04 13:00:00+00:00,30358.08333
2023-01-04 14:00:00+00:00,29715
2023-01-04 15:00:00+00:00,27722.41667
2023-01-04 16:00:00+00:00,27881.08333
2023-01-04 17:00:00+00:00,28651.83333
2023-01-04 18:00:00+00:00,29165.83333
2023-01-04 19:00:00+00:00,29049.91667
2023-01-04 20:00:00+00:00,28304.75
2023-01-04 21:00:00+00:00,26751.66667
2023-01-04 22:00:00+00:00,25203.58333
2023-01-04 23:00:00+00:00,20876.75
2023-01-05 00:00:00+00:00,19660.66667
2023-01-05 01:00:00+00:00,18193.91667
2023-01-05 02:00:00+00:00,17362.25
2023-01-05 03:00:00+00:00,17038.33333
2023-01-05 04:00:00+00:00,17242.91667
2023-01-05 05:00:00+00:00,20435.75
2023-01-05 06:00:00+00:00,25892.58333
2023-01-05 07:00:00+00:00,28222.66667
2023-01-05 08:00:00+00:00,29813.75
2023-01-05 09:00:00+00:00,31626.16667
2023-01-05 10:00:00+00:00,31191.08333
2023-01-05 11:00:00+00:00,30313.41667
2023-01-05 12:00:00+00:00,30444.5
2023-01-05 13:00:00+00:00,30316.16667
2023-01-05 14:00:00+00:00,30331.58333
2023-01-05 15:00:00+00:00,30188.08333
2023-01-05 16:00:00+00:00,28583.91667
2023-01-05 17:00:00+00:00,28994.25
2023-01-05 18:00:00+00:00,29578.33333
2023-01-05 19:00:00+00:00,29421
2023-01-05 20:00:00+00:00,29211.16667
2023-01-05 21:00:00+00:00,28473.16667
2023-01-05 22:00:00+00:00,27103.75
2023-01-05 23:00:00+00:00,21779.58333
2023-01-06 00:00:00+00:00,20405
2023-01-06 01:00:00+00:00,19612.16667
2023-01-06 02:00:00+00:00,18530.58333
2023-01-06 03:00:00+00:00,17574.16667
2023-01-06 04:00:00+00:00,18660.5
2023-01-06 05:00:00+00:00,20652.41667
2023-01-06 06:00:00+00:00,22642.91667
2023-01-06 07:00:00+00:00,23489.83333
2023-01-06 08:00:00+00:00,25399.41667
2023-01-06 09:00:00+00:00,26589.75
2023-01-06 10:00:00+00:00,26434.41667
2023-01-06 11:00:00+00:00,26307.33333
2023-01-06 12:00:00+00:00,26552.91667
2023-01-06 13:00:00+00:00,26461.41667
2023-01-06 14:00:00+00:00,26469.83333
2023-01-06 15:00:00+00:00,25904.41667
2023-01-06 16:00:00+00:00,26442.66667
2023-01-06 17:00:00+00:00,27209.91667
2023-01-06 18:00:00+00:00,28440.08333
2023-01-06 19:00:00+00:00,29278.08333
2023-01-06 20:00:00+00:00,28943.75
2023-01-06 21:00:00+00:00,27906.58333
2023-01-06 22:00:00+00:00,25840.75
2023-01-06 23:00:00+00:00,23788.83333
2023-01-07 00:00:00+00:00,21880.66667
2023-01-07 01:00:00+00:00,20819.25
2023-01-07 02:00:00+00:00,19786.75
2023-01-07 03:00:00+00:00,19730.25
2023-01-07 04:00:00+00:00,20247.83333
2023-01-07 05:00:00+00:00,20804.5
2023-01-07 06:00:00+00:00,21951.91667
2023-01-07 07:00:00+00:00,23233.25
2023-01-07 08:00:00+00:00,25106.41667
2023-01-07 09:00:00+00:00,26521.5
2023-01-07 10:00:00+00:00,27658.16667
2023-01-07 11:00:00+00:00,28116
2023-01-07 12:00:00+00:00,29042
2023-01-07 13:00:00+00:00,29563.58333
2023-01-07 14:00:00+00:00,28787.41667
2023-01-07 15:00:00+00:00,28266.58333
2023-01-07 16:00:00+00:00,27489.41667
2023-01-07 17:00:00+00:00,29530.25
2023-01-07 18:00:00+00:00,29836
2023-01-07 19:00:00+00:00,30642
2023-01-07 20:00:00+00:00,30196.83333
2023-01-07 21:00:00+00:00,28895.58333
2023-01-07 22:00:00+00:00,26923.91667
2023-01-07 23:00:00+00:00,26025.75
2023-01-08 00:00:00+00:00,23898.83333
2023-01-08 01:00:00+00:00,22497.83333
2023-01-08 02:00:00+00:00,21585.33333
2023-01-08 03:00:00+00:00,21027.25
2023-01-08 04:00:00+00:00,21002.25
2023-01-08 05:00:00+00:00,21337.83333
2023-01-08 06:00:00+00:00,21767.08333
2023-01-08 07:00:00+00:00,22242.66667
2023-01-08 08:00:00+00:00,23302.41667
2023-01-08 09:00:00+00:00,25393.75
2023-01-08 10:00:00+00:00,26945.58333
2023-01-08 11:00:00+00:00,28301.91667
2023-01-08 12:00:00+00:00,29883.83333
2023-01-08 13:00:00+00:00,29521.08333
2023-01-08 14:00:00+00:00,28223
2023-01-08 15:00:00+00:00,26909.75
2023-01-08 16:00:00+00:00,26884.25
2023-01-08 17:00:00+00:00,28734
2023-01-08 18:00:00+00:00,30010.91667
2023-01-08 19:00:00+00:00,31030.25
2023-01-08 20:00:00+00:00,30946.5
2023-01-08 21:00:00+00:00,29127.75
2023-01-08 22:00:00+00:00,26904.08333
2023-01-08 23:00:00+00:00,24745.75
2023-01-09 00:00:00+00:00,23612.25
2023-01-09 01:00:00+00:00,22324.75
2023-01-09 02:00:00+00:00,21899.25
2023-01-09 03:00:00+00:00,21894.33333
2023-01-09 04:00:00+00:00,22386.91667
2023-01-09 05:00:00+00:00,24638.08333
2023-01-09 06:00:00+00:00,28889.83333
2023-01-09 07:00:00+00:00,31410
2023-01-09 08:00:00+00:00,32613.25
2023-01-09 09:00:00+00:00,33804
2023-01-09 10:00:00+00:00,33328.58333
2023-01-09 11:00:00+00:00,33745.08333
2023-01-09 12:00:00+00:00,34058.25
2023-01-09 13:00:00+00:00,33757.91667
2023-01-09 14:00:00+00:00,33291.33333
2023-01-09 15:00:00+00:00,32839
2023-01-09 16:00:00+00:00,32680.75
2023-01-09 17:00:00+00:00,33728.16667
2023-01-09 18:00:00+00:00,34892.66667
2023-01-09 19:00:00+00:00,34775.25
2023-01-09 20:00:00+00:00,33832
2023-01-09 21:00:00+00:00,31700.91667
2023-01-09 22:00:00+00:00,29042.25
2023-01-09 23:00:00+00:00,27217.41667
2023-01-10 00:00:00+00:00,26037.83333
2023-01-10 01:00:00+00:00,24873.58333
2023-01-10 02:00:00+00:00,24278.58333
2023-01-10 03:00:00+00:00,24346.5
2023-01-10 04:00:00+00:00,25075.16667
2023-01-10 05:00:00+00:00,26323.33333
2023-01-10 06:00:00+00:00,29981
2023-01-10 07:00:00+00:00,32413
2023-01-10 08:00:00+00:00,33613.75
2023-01-10 09:00:00+00:00,33509.83333
2023-01-10 10:00:00+00:00,33630.41667
2023-01-10 11:00:00+00:00,33565.5
2023-01-10 12:00:00+00:00,33497.41667
2023-01-10 13:00:00+00:00,32910.25
2023-01-10 14:00:00+00:00,32939.08333
2023-01-10 15:00:00+00:00,31462.16667
2023-01-10 16:00:00+00:00,30932
2023-01-10 17:00:00+00:00,32424.75
2023-01-10 18:00:00+00:00,34225.33333
2023-01-10 19:00:00+00:00,33989.33333
2023-01-10 20:00:00+00:00,33455.75
2023-01-10 21:00:00+00:00,30224.5
2023-01-10 22:00:00+00:00,26320.41667
2023-01-10 23:00:00+00:00,22928.5
2023-01-11 00:00:00+00:00,22067.91667
2023-01-11 01:00:00+00:00,20776.08333
2023-01-11 02:00:00+00:00,20506.08333
2023-01-11 03:00:00+00:00,19879
2023-01-11 04:00:00+00:00,20469.91667
2023-01-11 05:00:00+00:00,24092.16667
2023-01-11 06:00:00+00:00,30100.33333
2023-01-11 07:00:00+00:00,31480.25
2023-01-11 08:00:00+00:00,33181.41667
2023-01-11 09:00:00+00:00,34067.75
2023-01-11 10:00:00+00:00,34226.16667
2023-01-11 11:00:00+00:00,34602.16667
2023-01-11 12:00:00+00:00,34929.16667
2023-01-11 13:00:00+00:00,34971.5
2023-01-11 14:00:00+00:00,34425.25
2023-01-11 15:00:00+00:00,33675.5
2023-01-11 16:00:00+00:00,32715.25
2023-01-11 17:00:00+00:00,32262.58333
2023-01-11 18:00:00+00:00,32491.75
2023-01-11 19:00:00+00:00,32446.91667
2023-01-11 20:00:00+00:00,32046.25
2023-01-11 21:00:00+00:00,29317.66667
2023-01-11 22:00:00+00:00,26696.33333
2023-01-11 23:00:00+00:00,24354.33333
2023-01-12 00:00:00+00:00,22761
2023-01-12 01:00:00+00:00,21567.66667
2023-01-12 02:00:00+00:00,20490.75
2023-01-12 03:00:00+00:00,20519
2023-01-12 04:00:00+00:00,21245.91667
2023-01-12 05:00:00+00:00,24272.66667
2023-01-12 06:00:00+00:00,29037.75
2023-01-12 07:00:00+00:00,30933.83333
2023-01-12 08:00:00+00:00,31849
2023-01-12 09:00:00+00:00,33620.33333
2023-01-12 10:00:00+00:00,34054.08333
2023-01-12 11:00:00+00:00,34279.08333
2023-01-12 12:00:00+00:00,33952.08333
2023-01-12 13:00:00+00:00,33549.91667
2023-01-12 14:00:00+00:00,33674.16667
2023-01-12 15:00:00+00:00,32697.5
2023-01-12 16:00:00+00:00,31813
2023-01-12 17:00:00+00:00,31940
2023-01-12 18:00:00+00:00,32250.5
2023-01-12 19:00:00+00:00,32786.91667
2023-01-12 20:00:00+00:00,31748.58333
2023-01-12 21:00:00+00:00,29817.41667
2023-01-12 22:00:00+00:00,27384.41667
2023-01-12 23:00:00+00:00,24953.41667
2023-01-13 00:00:00+00:00,23086
2023-01-13 01:00:00+00:00,21887.75
2023-01-13 02:00:00+00:00,21493.83333
2023-01-13 03:00:00+00:00,21819.33333
2023-01-13 04:00:00+00:00,21807
2023-01-13 05:00:00+00:00,25142.16667
2023-01-13 06:00:00+00:00,30363
2023-01-13 07:00:00+00:00,31870.25
2023-01-13 08:00:00+00:00,32307.91667
2023-01-13 09:00:00+00:00,34780.5
2023-01-13 10:00:00+00:00,34939.66667
2023-01-13 11:00:00+00:00,33608.83333
2023-01-13 12:00:00+00:00,33505.33333
2023-01-13 13:00:00+00:00,33141.08333
2023-01-13 14:00:00+00:00,32977.66667
2023-01-13 15:00:00+00:00,31718
2023-01-13 16:00:00+00:00,31286.91667
2023-01-13 17:00:00+00:00,30415.75
2023-01-13 18:00:00+00:00,31492.5
2023-01-13 19:00:00+00:00,31687.58333
2023-01-13 20:00:00+00:00,30730.16667
2023-01-13 21:00:00+00:00,29111.41667
2023-01-13 22:00:00+00:00,28470.91667
2023-01-13 23:00:00+00:00,25375.66667
2023-01-14 00:00:00+00:00,24440.41667
2023-01-14 01:00:00+00:00,23450.08333
2023-01-14 02:00:00+00:00,22505.5
2023-01-14 03:00:00+00:00,21905.08333
2023-01-14 04:00:00+00:00,21304
2023-01-14 05:00:00+00:00,22430
2023-01-14 06:00:00+00:00,23646.5
2023-01-14 07:00:00+00:00,25462.91667
2023-01-14 08:00:00+00:00,27945
2023-01-14 09:00:00+00:00,29964.58333
2023-01-14 10:00:00+00:00,30297.58333
2023-01-14 11:00:00+00:00,29768.16667
2023-01-14 12:00:00+00:00,29753.16667
2023-01-14 13:00:00+00:00,29667.41667
2023-01-14 14:00:00+00:00,28833.83333
2023-01-14 15:00:00+00:00,28303.16667
2023-01-14 16:00:00+00:00,28203.5
2023-01-14 17:00:00+00:00,30498.08333
2023-01-14 18:00:00+00:00,31688.5
2023-01-14 19:00:00+00:00,31580.5
2023-01-14 20:00:00+00:00,30954.75
2023-01-14 21:00:00+00:00,29898.91667
2023-01-14 22:00:00+00:00,28099.41667
2023-01-14 23:00:00+00:00,24808.08333
2023-01-15 00:00:00+00:00,22622
2023-01-15 01:00:00+00:00,21682.75
2023-01-15 02:00:00+00:00,20506.83333
2023-01-15 03:00:00+00:00,19094.08333
2023-01-15 04:00:00+00:00,19831.41667
2023-01-15 05:00:00+00:00,19509.91667
2023-01-15 06:00:00+00:00,21025.25
2023-01-15 07:00:00+00:00,22718.33333
2023-01-15 08:00:00+00:00,25567.58333
2023-01-15 09:00:00+00:00,27136.41667
2023-01-15 10:00:00+00:00,28029.91667
2023-01-15 11:00:00+00:00,28403.83333
2023-01-15 12:00:00+00:00,28744.58333
2023-01-15 13:00:00+00:00,29307.08333
2023-01-15 14:00:00+00:00,28397.33333
2023-01-15 15:00:00+00:00,27729.41667
2023-01-15 16:00:00+00:00,26367.41667
2023-01-15 17:00:00+00:00,28794.25
2023-01-15 18:00:00+00:00,30882.5
2023-01-15 19:00:00+00:00,31777.08333
2023-01-15 20:00:00+00:00,31499
2023-01-15 21:00:00+00:00,29432.33333
2023-01-15 22:00:00+00:00,26768.58333
2023-01-15 23:00:00+00:00,25492.58333
2023-01-16 00:00:00+00:00,24045.91667
2023-01-16 01:00:00+00:00,23284.75
2023-01-16 02:00:00+00:00,23289.08333
2023-01-16 03:00:00+00:00,22906.66667
2023-01-16 04:00:00+00:00,23624.66667
2023-01-16 05:00:00+00:00,26368.25
2023-01-16 06:00:00+00:00,30768.25
2023-01-16 07:00:00+00:00,33590.33333
2023-01-16 08:00:00+00:00,34833.66667
2023-01-16 09:00:00+00:00,36010.91667
2023-01-16 10:00:00+00:00,36224.58333
2023-01-16 11:00:00+00:00,36283.33333
2023-01-16 12:00:00+00:00,36353.33333
2023-01-16 13:00:00+00:00,35825.91667
2023-01-16 14:00:00+00:00,35129.16667
2023-01-16 15:00:00+00:00,34473.58333
2023-01-16 16:00:00+00:00,34672.83333
2023-01-16 17:00:00+00:00,35066.08333
2023-01-16 18:00:00+00:00,37250.16667
2023-01-16 19:00:00+00:00,37138.75
2023-01-16 20:00:00+00:00,35586.33333
2023-01-16 21:00:00+00:00,31803.33333
2023-01-16 22:00:00+00:00,28724.41667
2023-01-16 23:00:00+00:00,27064.5
2023-01-17 00:00:00+00:00,25166.08333
2023-01-17 01:00:00+00:00,23412.66667
2023-01-17 02:00:00+00:00,23819.58333
2023-01-17 03:00:00+00:00,23894.25
2023-01-17 04:00:00+00:00,24109.08333
2023-01-17 05:00:00+00:00,25407
2023-01-17 06:00:00+00:00,29968.66667
2023-01-17 07:00:00+00:00,32424.91667
2023-01-17 08:00:00+00:00,33163.5
2023-01-17 09:00:00+00:00,32678.33333
2023-01-17 10:00:00+00:00,33064.5
2023-01-17 11:00:00+00:00,33327.91667
2023-01-17 12:00:00+00:00,33455.58333
2023-01-17 13:00:00+00:00,33018.41667
2023-01-17 14:00:00+00:00,32879.33333
2023-01-17 15:00:00+00:00,32402.75
2023-01-17 16:00:00+00:00,32417.83333
2023-01-17 17:00:00+00:00,33468.33333
2023-01-17 18:00:00+00:00,35550.33333
2023-01-17 19:00:00+00:00,36519.25
2023-01-17 20:00:00+00:00,35101
2023-01-17 21:00:00+00:00,31634.83333
2023-01-17 22:00:00+00:00,28818.91667
2023-01-17 23:00:00+00:00,26783.66667
2023-01-18 00:00:00+00:00,25347.58333
2023-01-18 01:00:00+00:00,24532.58333
2023-01-18 02:00:00+00:00,24180.33333
2023-01-18 03:00:00+00:00,24023.25
2023-01-18 04:00:00+00:00,24544.83333
2023-01-18 05:00:00+00:00,26293.75
2023-01-18 06:00:00+00:00,30429.83333
2023-01-18 07:00:00+00:00,32588.75
2023-01-18 08:00:00+00:00,33915.16667
2023-01-18 09:00:00+00:00,34502.91667
2023-01-18 10:00:00+00:00,34011.33333
2023-01-18 11:00:00+00:00,34517.41667
2023-01-18 12:00:00+00:00,34982.83333
2023-01-18 13:00:00+00:00,33914.83333
2023-01-18 14:00:00+00:00,33486.83333
2023-01-18 15:00:00+00:00,33206.83333
2023-01-18 16:00:00+00:00,33245.33333
2023-01-18 17:00:00+00:00,34315.91667
2023-01-18 18:00:00+00:00,37561.66667
2023-01-18 19:00:00+00:00,38309.08333
2023-01-18 20:00:00+00:00,36516.58333
2023-01-18 21:00:00+00:00,33048
2023-01-18 22:00:00+00:00,30013.91667
2023-01-18 23:00:00+00:00,28775.16667
2023-01-19 00:00:00+00:00,27582.58333
2023-01-19 01:00:00+00:00,26497.33333
2023-01-19 02:00:00+00:00,26336.33333
2023-01-19 03:00:00+00:00,26847.83333
2023-01-19 04:00:00+00:00,27082.66667
2023-01-19 05:00:00+00:00,28204.16667
2023-01-19 06:00:00+00:00,31481
2023-01-19 07:00:00+00:00,33531.83333
2023-01-19 08:00:00+00:00,35237.08333
2023-01-19 09:00:00+00:00,36627.91667
2023-01-19 10:00:00+00:00,36629
2023-01-19 11:00:00+00:00,36770.91667
2023-01-19 12:00:00+00:00,36611
2023-01-19 13:00:00+00:00,36506
2023-01-19 14:00:00+00:00,36544
2023-01-19 15:00:00+00:00,36331.25
2023-01-19 16:00:00+00:00,36241.66667
2023-01-19 17:00:00+00:00,36266.33333
2023-01-19 18:00:00+00:00,37558.66667
2023-01-19 19:00:00+00:00,38197
2023-01-19 20:00:00+00:00,36696.58333
2023-01-19 21:00:00+00:00,33474.66667
2023-01-19 22:00:00+00:00,30049.75
2023-01-19 23:00:00+00:00,28785.58333
2023-01-20 00:00:00+00:00,28036.16667
2023-01-20 01:00:00+00:00,27458.16667
2023-01-20 02:00:00+00:00,26955.16667
2023-01-20 03:00:00+00:00,26569.16667
2023-01-20 04:00:00+00:00,26542.91667
2023-01-20 05:00:00+00:00,27719.33333
2023-01-20 06:00:00+00:00,31843
2023-01-20 07:00:00+00:00,33666.91667
2023-01-20 08:00:00+00:00,33389.66667
2023-01-20 09:00:00+00:00,34375.58333
2023-01-20 10:00:00+00:00,35769.5
2023-01-20 11:00:00+00:00,35210.91667
2023-01-20 12:00:00+00:00,35211.33333
2023-01-20 13:00:00+00:00,34105.75
2023-01-20 14:00:00+00:00,34286.58333
2023-01-20 15:00:00+00:00,32793.91667
2023-01-20 16:00:00+00:00,31846.41667
2023-01-20 17:00:00+00:00,33420.83333
2023-01-20 18:00:00+00:00,34981.5
2023-01-20 19:00:00+00:00,35284.16667
2023-01-20 20:00:00+00:00,34188.91667
2023-01-20 21:00:00+00:00,31220.41667
2023-01-20 22:00:00+00:00,28197
2023-01-20 23:00:00+00:00,26565.83333
2023-01-21 00:00:00+00:00,25702.25
2023-01-21 01:00:00+00:00,24102.58333
2023-01-21 02:00:00+00:00,23556.5
2023-01-21 03:00:00+00:00,23493
2023-01-21 04:00:00+00:00,23597
2023-01-21 05:00:00+00:00,23934.16667
2023-01-21 06:00:00+00:00,24542.83333
2023-01-21 07:00:00+00:00,26071.91667
2023-01-21 08:00:00+00:00,28253.25
2023-01-21 09:00:00+00:00,29451.41667
2023-01-21 10:00:00+00:00,30132.83333
2023-01-21 11:00:00+00:00,29762.91667
2023-01-21 12:00:00+00:00,30511.66667
2023-01-21 13:00:00+00:00,31174.33333
2023-01-21 14:00:00+00:00,31538.66667
2023-01-21 15:00:00+00:00,30460.16667
2023-01-21 16:00:00+00:00,30264.5
2023-01-21 17:00:00+00:00,30422.08333
2023-01-21 18:00:00+00:00,32192.08333
2023-01-21 19:00:00+00:00,33057.83333
2023-01-21 20:00:00+00:00,32788.91667
2023-01-21 21:00:00+00:00,31622.91667
2023-01-21 22:00:00+00:00,30016.41667
2023-01-21 23:00:00+00:00,28690.66667
2023-01-22 00:00:00+00:00,27167.5
2023-01-22 01:00:00+00:00,25643.16667
2023-01-22 02:00:00+00:00,24933.41667
2023-01-22 03:00:00+00:00,24712.91667
2023-01-22 04:00:00+00:00,24583.33333
2023-01-22 05:00:00+00:00,24837.41667
2023-01-22 06:00:00+00:00,24792.16667
2023-01-22 07:00:00+00:00,25307.91667
2023-01-22 08:00:00+00:00,27624.08333
2023-01-22 09:00:00+00:00,29420.41667
2023-01-22 10:00:00+00:00,31056.66667
2023-01-22 11:00:00+00:00,31503.41667
2023-01-22 12:00:00+00:00,31565.66667
2023-01-22 13:00:00+00:00,32115.58333
2023-01-22 14:00:00+00:00,31646.25
2023-01-22 15:00:00+00:00,31261.58333
2023-01-22 16:00:00+00:00,30750.66667
2023-01-22 17:00:00+00:00,31533.58333
2023-01-22 18:00:00+00:00,33189
2023-01-22 19:00:00+00:00,34417.91667
2023-01-22 20:00:00+00:00,34012.25
2023-01-22 21:00:00+00:00,32225.66667
2023-01-22 22:00:00+00:00,30104.33333
2023-01-22 23:00:00+00:00,28399
2023-01-23 00:00:00+00:00,27050.75
2023-01-23 01:00:00+00:00,25994.83333
2023-01-23 02:00:00+00:00,25608.66667
2023-01-23 03:00:00+00:00,25584.66667
2023-01-23 04:00:00+00:00,26124
2023-01-23 05:00:00+00:00,28257.83333
2023-01-23 06:00:00+00:00,31474.58333
2023-01-23 07:00:00+00:00,34837.75
2023-01-23 08:00:00+00:00,36149.16667
2023-01-23 09:00:00+00:00,37185.5
2023-01-23 10:00:00+00:00,37540.16667
2023-01-23 11:00:00+00:00,37174.75
2023-01-23 12:00:00+00:00,37316.33333
2023-01-23 13:00:00+00:00,37052.91667
2023-01-23 14:00:00+00:00,36817.08333
2023-01-23 15:00:00+00:00,36815
2023-01-23 16:00:00+00:00,35551.83333
2023-01-23 17:00:00+00:00,37102.58333
2023-01-23 18:00:00+00:00,39398
2023-01-23 19:00:00+00:00,39538.58333
2023-01-23 20:00:00+00:00,38063.41667
2023-01-23 21:00:00+00:00,35238
2023-01-23 22:00:00+00:00,31276.66667
2023-01-23 23:00:00+00:00,29011.66667
2023-01-24 00:00:00+00:00,26969.41667
2023-01-24 01:00:00+00:00,25835.33333
2023-01-24 02:00:00+00:00,25833.33333
2023-01-24 03:00:00+00:00,25988.33333
2023-01-24 04:00:00+00:00,26133.66667
2023-01-24 05:00:00+00:00,27396.58333
2023-01-24 06:00:00+00:00,32223.41667
2023-01-24 07:00:00+00:00,34422.58333
2023-01-24 08:00:00+00:00,36598.33333
2023-01-24 09:00:00+00:00,37896.83333
2023-01-24 10:00:00+00:00,38072.08333
2023-01-24 11:00:00+00:00,37695.5
2023-01-24 12:00:00+00:00,37683.41667
2023-01-24 13:00:00+00:00,37147.83333
2023-01-24 14:00:00+00:00,36746.75
2023-01-24 15:00:00+00:00,36595.33333
2023-01-24 16:00:00+00:00,36179
2023-01-24 17:00:00+00:00,36598.16667
2023-01-24 18:00:00+00:00,39176.66667
2023-01-24 19:00:00+00:00,39464.08333
2023-01-24 20:00:00+00:00,37798.41667
2023-01-24 21:00:00+00:00,33728.58333
2023-01-24 22:00:00+00:00,30747.08333
2023-01-24 23:00:00+00:00,27292.58333
2023-01-25 00:00:00+00:00,25988.66667
2023-01-25 01:00:00+00:00,25144.66667
2023-01-25 02:00:00+00:00,24325.75
2023-01-25 03:00:00+00:00,24515.91667
2023-01-25 04:00:00+00:00,24899.75
2023-01-25 05:00:00+00:00,27198.33333
2023-01-25 06:00:00+00:00,31389.83333
2023-01-25 07:00:00+00:00,34099.91667
2023-01-25 08:00:00+00:00,35487.16667
2023-01-25 09:00:00+00:00,36671.75
2023-01-25 10:00:00+00:00,36719.16667
2023-01-25 11:00:00+00:00,36324.66667
2023-01-25 12:00:00+00:00,35809.16667
2023-01-25 13:00:00+00:00,36320.16667
2023-01-25 14:00:00+00:00,36683.75
2023-01-25 15:00:00+00:00,37024.66667
2023-01-25 16:00:00+00:00,36080.25
2023-01-25 17:00:00+00:00,36477.66667
2023-01-25 18:00:00+00:00,39398.5
2023-01-25 19:00:00+00:00,40200.83333
2023-01-25 20:00:00+00:00,38877.25
2023-01-25 21:00:00+00:00,36273.91667
2023-01-25 22:00:00+00:00,33686.5
2023-01-25 23:00:00+00:00,30863
2023-01-26 00:00:00+00:00,29015.41667
2023-01-26 01:00:00+00:00,27990.5
2023-01-26 02:00:00+00:00,27405.75
2023-01-26 03:00:00+00:00,27510.16667
2023-01-26 04:00:00+00:00,27824.08333
2023-01-26 05:00:00+00:00,29378.58333
2023-01-26 06:00:00+00:00,33486.33333
2023-01-26 07:00:00+00:00,35442.75
2023-01-26 08:00:00+00:00,36671.33333
2023-01-26 09:00:00+00:00,37473.41667
2023-01-26 10:00:00+00:00,37885
2023-01-26 11:00:00+00:00,38205.08333
2023-01-26 12:00:00+00:00,37866.58333
2023-01-26 13:00:00+00:00,37829
2023-01-26 14:00:00+00:00,37855.08333
2023-01-26 15:00:00+00:00,38124.75
2023-01-26 16:00:00+00:00,37419.16667
2023-01-26 17:00:00+00:00,37585.66667
2023-01-26 18:00:00+00:00,39722.25
2023-01-26 19:00:00+00:00,40278.08333
2023-01-26 20:00:00+00:00,39874.41667
2023-01-26 21:00:00+00:00,37148.75
2023-01-26 22:00:00+00:00,33599.08333
2023-01-26 23:00:00+00:00,31164.75
2023-01-27 00:00:00+00:00,28960.16667
2023-01-27 01:00:00+00:00,28082.25
2023-01-27 02:00:00+00:00,27721.08333
2023-01-27 03:00:00+00:00,27537.16667
2023-01-27 04:00:00+00:00,27845.5
2023-01-27 05:00:00+00:00,29729.5
2023-01-27 06:00:00+00:00,34081.08333
2023-01-27 07:00:00+00:00,36418.58333
2023-01-27 08:00:00+00:00,37647.08333
2023-01-27 09:00:00+00:00,38232.66667
2023-01-27 10:00:00+00:00,38148.91667
2023-01-27 11:00:00+00:00,37612.33333
2023-01-27 12:00:00+00:00,37559.16667
2023-01-27 13:00:00+00:00,37624.83333
2023-01-27 14:00:00+00:00,37743.66667
2023-01-27 15:00:00+00:00,37376
2023-01-27 16:00:00+00:00,36648.66667
2023-01-27 17:00:00+00:00,37180.33333
2023-01-27 18:00:00+00:00,38750.83333
2023-01-27 19:00:00+00:00,39128.16667
2023-01-27 20:00:00+00:00,38159.08333
2023-01-27 21:00:00+00:00,34936.08333
2023-01-27 22:00:00+00:00,33135.5
2023-01-27 23:00:00+00:00,30924.5
2023-01-28 00:00:00+00:00,28954.41667
2023-01-28 01:00:00+00:00,27428.5
2023-01-28 02:00:00+00:00,26412.58333
2023-01-28 03:00:00+00:00,26141
2023-01-28 04:00:00+00:00,25816.83333
2023-01-28 05:00:00+00:00,26058.16667
2023-01-28 06:00:00+00:00,26684.41667
2023-01-28 07:00:00+00:00,28376.41667
2023-01-28 08:00:00+00:00,31271.33333
2023-01-28 09:00:00+00:00,33508.83333
2023-01-28 10:00:00+00:00,34661.66667
2023-01-28 11:00:00+00:00,34716
2023-01-28 12:00:00+00:00,34696.75
2023-01-28 13:00:00+00:00,34596.41667
2023-01-28 14:00:00+00:00,34210.75
2023-01-28 15:00:00+00:00,33935.16667
2023-01-28 16:00:00+00:00,33223.66667
2023-01-28 17:00:00+00:00,32961.33333
2023-01-28 18:00:00+00:00,34800.41667
2023-01-28 19:00:00+00:00,35305
2023-01-28 20:00:00+00:00,35041.5
2023-01-28 21:00:00+00:00,32888.58333
2023-01-28 22:00:00+00:00,30142.91667
2023-01-28 23:00:00+00:00,28128.08333
2023-01-29 00:00:00+00:00,26565.41667
2023-01-29 01:00:00+00:00,25118.66667
2023-01-29 02:00:00+00:00,24203
2023-01-29 03:00:00+00:00,23962.83333
2023-01-29 04:00:00+00:00,23820.33333
2023-01-29 05:00:00+00:00,24066.58333
2023-01-29 06:00:00+00:00,24136
2023-01-29 07:00:00+00:00,24819.83333
2023-01-29 08:00:00+00:00,27185.08333
2023-01-29 09:00:00+00:00,29778.41667
2023-01-29 10:00:00+00:00,30645.5
2023-01-29 11:00:00+00:00,30966.91667
2023-01-29 12:00:00+00:00,31149
2023-01-29 13:00:00+00:00,32022.66667
2023-01-29 14:00:00+00:00,31952.83333
2023-01-29 15:00:00+00:00,31384
2023-01-29 16:00:00+00:00,30426.33333
2023-01-29 17:00:00+00:00,31438.66667
2023-01-29 18:00:00+00:00,32846
2023-01-29 19:00:00+00:00,33774.91667
2023-01-29 20:00:00+00:00,33778.33333
2023-01-29 21:00:00+00:00,32279.91667
2023-01-29 22:00:00+00:00,29250.58333
2023-01-29 23:00:00+00:00,27277.16667
2023-01-30 00:00:00+00:00,25756.33333
2023-01-30 01:00:00+00:00,24633.25
2023-01-30 02:00:00+00:00,24464.83333
2023-01-30 03:00:00+00:00,23520.91667
2023-01-30 04:00:00+00:00,24725.25
2023-01-30 05:00:00+00:00,27200.83333
2023-01-30 06:00:00+00:00,30811.58333
2023-01-30 07:00:00+00:00,32834.91667
2023-01-30 08:00:00+00:00,34389.33333
2023-01-30 09:00:00+00:00,36016
2023-01-30 10:00:00+00:00,35810.41667
2023-01-30 11:00:00+00:00,35379.75
2023-01-30 12:00:00+00:00,35041.83333
2023-01-30 13:00:00+00:00,35135.5
2023-01-30 14:00:00+00:00,35021.83333
2023-01-30 15:00:00+00:00,35088.33333
2023-01-30 16:00:00+00:00,35613.25
2023-01-30 17:00:00+00:00,35582.5
2023-01-30 18:00:00+00:00,36933.83333
2023-01-30 19:00:00+00:00,37560.5
2023-01-30 20:00:00+00:00,37656.16667
2023-01-30 21:00:00+00:00,34706
2023-01-30 22:00:00+00:00,31976.75
2023-01-30 23:00:00+00:00,29852.75
2023-01-31 00:00:00+00:00,28475.66667
2023-01-31 01:00:00+00:00,27629.5
2023-01-31 02:00:00+00:00,26631.75
2023-01-31 03:00:00+00:00,26698
2023-01-31 04:00:00+00:00,27720.58333
2023-01-31 05:00:00+00:00,29350.83333
2023-01-31 06:00:00+00:00,32404.75
2023-01-31 07:00:00+00:00,35066.16667
2023-01-31 08:00:00+00:00,36874.25
2023-01-31 09:00:00+00:00,37687.58333
2023-01-31 10:00:00+00:00,37562.25
2023-01-31 11:00:00+00:00,36563.08333
2023-01-31 12:00:00+00:00,36401.75
2023-01-31 13:00:00+00:00,35516.25
2023-01-31 14:00:00+00:00,35126.33333
2023-01-31 15:00:00+00:00,35639.58333
2023-01-31 16:00:00+00:00,35873.83333
2023-01-31 17:00:00+00:00,35570.25
2023-01-31 18:00:00+00:00,38788.58333
2023-01-31 19:00:00+00:00,39786.83333
2023-01-31 20:00:00+00:00,39108.5
2023-01-31 21:00:00+00:00,35972.91667
2023-01-31 22:00:00+00:00,32583.5
2023-01-31 23:00:00+00:00,29273.16667
2023-02-01 00:00:00+00:00,27684.58333
2023-02-01 01:00:00+00:00,26686.83333
2023-02-01 02:00:00+00:00,25481.25
2023-02-01 03:00:00+00:00,25714.33333
2023-02-01 04:00:00+00:00,26666.33333
2023-02-01 05:00:00+00:00,28260.66667
2023-02-01 06:00:00+00:00,31968.75
2023-02-01 07:00:00+00:00,34041.16667
2023-02-01 08:00:00+00:00,35788.08333
2023-02-01 09:00:00+00:00,37096
2023-02-01 10:00:00+00:00,36851.83333
2023-02-01 11:00:00+00:00,35963.91667
2023-02-01 12:00:00+00:00,35819.66667
2023-02-01 13:00:00+00:00,36046.16667
2023-02-01 14:00:00+00:00,35925.58333
2023-02-01 15:00:00+00:00,35837
2023-02-01 16:00:00+00:00,34597.16667
2023-02-01 17:00:00+00:00,34496
2023-02-01 18:00:00+00:00,36997.33333
2023-02-01 19:00:00+00:00,38096.83333
2023-02-01 20:00:00+00:00,38224.41667
2023-02-01 21:00:00+00:00,34787.5
2023-02-01 22:00:00+00:00,31378.58333
2023-02-01 23:00:00+00:00,28776.33333
2023-02-02 00:00:00+00:00,26181.25
2023-02-02 01:00:00+00:00,24869.16667
2023-02-02 02:00:00+00:00,24028.75
2023-02-02 03:00:00+00:00,23597.16667
2023-02-02 04:00:00+00:00,24663.25
2023-02-02 05:00:00+00:00,27350
2023-02-02 06:00:00+00:00,31083.08333
2023-02-02 07:00:00+00:00,33676.08333
2023-02-02 08:00:00+00:00,34911
2023-02-02 09:00:00+00:00,36168.75
2023-02-02 10:00:00+00:00,35151.08333
2023-02-02 11:00:00+00:00,34435.83333
2023-02-02 12:00:00+00:00,34451
2023-02-02 13:00:00+00:00,34545.83333
2023-02-02 14:00:00+00:00,34985.58333
2023-02-02 15:00:00+00:00,34960.5
2023-02-02 16:00:00+00:00,34304
2023-02-02 17:00:00+00:00,34172.91667
2023-02-02 18:00:00+00:00,35819.75
2023-02-02 19:00:00+00:00,35934.41667
2023-02-02 20:00:00+00:00,34850.75
2023-02-02 21:00:00+00:00,33050.41667
2023-02-02 22:00:00+00:00,29953.5
2023-02-02 23:00:00+00:00,26078.16667
2023-02-03 00:00:00+00:00,24325.41667
2023-02-03 01:00:00+00:00,23207.08333
2023-02-03 02:00:00+00:00,21094.66667
2023-02-03 03:00:00+00:00,22258.83333
2023-02-03 04:00:00+00:00,22521
2023-02-03 05:00:00+00:00,26239.41667
2023-02-03 06:00:00+00:00,30413.58333
2023-02-03 07:00:00+00:00,32448.5
2023-02-03 08:00:00+00:00,34934.41667
2023-02-03 09:00:00+00:00,36336.08333
2023-02-03 10:00:00+00:00,36299.58333
2023-02-03 11:00:00+00:00,35717.33333
2023-02-03 12:00:00+00:00,34849.75
2023-02-03 13:00:00+00:00,34323.5
2023-02-03 14:00:00+00:00,34400.75
2023-02-03 15:00:00+00:00,33616.08333
2023-02-03 16:00:00+00:00,33099.16667
2023-02-03 17:00:00+00:00,33461.5
2023-02-03 18:00:00+00:00,34294.33333
2023-02-03 19:00:00+00:00,35038.75
2023-02-03 20:00:00+00:00,34286.5
2023-02-03 21:00:00+00:00,31966.91667
2023-02-03 22:00:00+00:00,30812.16667
2023-02-03 23:00:00+00:00,28506.91667
2023-02-04 00:00:00+00:00,25951.25
2023-02-04 01:00:00+00:00,24484.08333
2023-02-04 02:00:00+00:00,23039.08333
2023-02-04 03:00:00+00:00,22956.5
2023-02-04 04:00:00+00:00,23533.41667
2023-02-04 05:00:00+00:00,24030.16667
2023-02-04 06:00:00+00:00,25840.91667
2023-02-04 07:00:00+00:00,27546.91667
2023-02-04 08:00:00+00:00,30521.5
2023-02-04 09:00:00+00:00,32745.5
2023-02-04 10:00:00+00:00,33131.66667
2023-02-04 11:00:00+00:00,33071.58333
2023-02-04 12:00:00+00:00,33090.66667
2023-02-04 13:00:00+00:00,33008.16667
2023-02-04 14:00:00+00:00,32619.83333
2023-02-04 15:00:00+00:00,31991.66667
2023-02-04 16:00:00+00:00,30960.08333
2023-02-04 17:00:00+00:00,30587
2023-02-04 18:00:00+00:00,32390.83333
2023-02-04 19:00:00+00:00,33596.41667
2023-02-04 20:00:00+00:00,33457.41667
2023-02-04 21:00:00+00:00,31638.41667
2023-02-04 22:00:00+00:00,30285.75
2023-02-04 23:00:00+00:00,28772.83333
2023-02-05 00:00:00+00:00,27162.83333
2023-02-05 01:00:00+00:00,25935.75
2023-02-05 02:00:00+00:00,25319.16667
2023-02-05 03:00:00+00:00,24944.58333
2023-02-05 04:00:00+00:00,25003.58333
2023-02-05 05:00:00+00:00,25130.16667
2023-02-05 06:00:00+00:00,25047.25
2023-02-05 07:00:00+00:00,25327.25
2023-02-05 08:00:00+00:00,28086.33333
2023-02-05 09:00:00+00:00,30070.08333
2023-02-05 10:00:00+00:00,30386.33333
2023-02-05 11:00:00+00:00,30466.91667
2023-02-05 12:00:00+00:00,30549.33333
2023-02-05 13:00:00+00:00,30831
2023-02-05 14:00:00+00:00,29935.41667
2023-02-05 15:00:00+00:00,29723.58333
2023-02-05 16:00:00+00:00,29461.33333
2023-02-05 17:00:00+00:00,30277.5
2023-02-05 18:00:00+00:00,32132.08333
2023-02-05 19:00:00+00:00,33620.91667
2023-02-05 20:00:00+00:00,33597.33333
2023-02-05 21:00:00+00:00,31788.5
2023-02-05 22:00:00+00:00,30146.83333
2023-02-05 23:00:00+00:00,28749.25
2023-02-06 00:00:00+00:00,27100.75
2023-02-06 01:00:00+00:00,26514.58333
2023-02-06 02:00:00+00:00,25951.08333
2023-02-06 03:00:00+00:00,25607.16667
2023-02-06 04:00:00+00:00,25580.66667
2023-02-06 05:00:00+00:00,27942.08333
2023-02-06 06:00:00+00:00,31515
2023-02-06 07:00:00+00:00,32842.83333
2023-02-06 08:00:00+00:00,34731.33333
2023-02-06 09:00:00+00:00,35761.16667
2023-02-06 10:00:00+00:00,35747.08333
2023-02-06 11:00:00+00:00,35702.91667
2023-02-06 12:00:00+00:00,36078.25
2023-02-06 13:00:00+00:00,35743.25
2023-02-06 14:00:00+00:00,35579.41667
2023-02-06 15:00:00+00:00,35665.16667
2023-02-06 16:00:00+00:00,34905.66667
2023-02-06 17:00:00+00:00,34312
2023-02-06 18:00:00+00:00,35994.91667
2023-02-06 19:00:00+00:00,36557.5
2023-02-06 20:00:00+00:00,35173.41667
2023-02-06 21:00:00+00:00,31941.08333
2023-02-06 22:00:00+00:00,28517.08333
2023-02-06 23:00:00+00:00,26861.75
2023-02-07 00:00:00+00:00,25377.5
2023-02-07 01:00:00+00:00,24579.91667
2023-02-07 02:00:00+00:00,24191.08333
2023-02-07 03:00:00+00:00,23929.5
2023-02-07 04:00:00+00:00,24160
2023-02-07 05:00:00+00:00,26408.66667
2023-02-07 06:00:00+00:00,30427.25
2023-02-07 07:00:00+00:00,33041.25
2023-02-07 08:00:00+00:00,34529
2023-02-07 09:00:00+00:00,36656.33333
2023-02-07 10:00:00+00:00,37599.83333
2023-02-07 11:00:00+00:00,37773.25
2023-02-07 12:00:00+00:00,37679.58333
2023-02-07 13:00:00+00:00,37393.75
2023-02-07 14:00:00+00:00,37491
2023-02-07 15:00:00+00:00,37143
2023-02-07 16:00:00+00:00,36541.33333
2023-02-07 17:00:00+00:00,36137.41667
2023-02-07 18:00:00+00:00,37931.5
2023-02-07 19:00:00+00:00,38739.5
2023-02-07 20:00:00+00:00,37990.83333
2023-02-07 21:00:00+00:00,35312
2023-02-07 22:00:00+00:00,31432.16667
2023-02-07 23:00:00+00:00,29374.83333
2023-02-08 00:00:00+00:00,26879.16667
2023-02-08 01:00:00+00:00,25277.83333
2023-02-08 02:00:00+00:00,24592.83333
2023-02-08 03:00:00+00:00,24157.16667
2023-02-08 04:00:00+00:00,24442
2023-02-08 05:00:00+00:00,26413.5
2023-02-08 06:00:00+00:00,31027.66667
2023-02-08 07:00:00+00:00,32997
2023-02-08 08:00:00+00:00,34272.66667
2023-02-08 09:00:00+00:00,35308.08333
2023-02-08 10:00:00+00:00,35441.08333
2023-02-08 11:00:00+00:00,35765
2023-02-08 12:00:00+00:00,35825.75
2023-02-08 13:00:00+00:00,35570.58333
2023-02-08 14:00:00+00:00,35892.83333
2023-02-08 15:00:00+00:00,35466.08333
2023-02-08 16:00:00+00:00,34998.33333
2023-02-08 17:00:00+00:00,34416.83333
2023-02-08 18:00:00+00:00,35944.25
2023-02-08 19:00:00+00:00,36925.5
2023-02-08 20:00:00+00:00,35835.91667
2023-02-08 21:00:00+00:00,32860
2023-02-08 22:00:00+00:00,30028.5
2023-02-08 23:00:00+00:00,28005
2023-02-09 00:00:00+00:00,26162.66667
2023-02-09 01:00:00+00:00,24811.66667
2023-02-09 02:00:00+00:00,24127.16667
2023-02-09 03:00:00+00:00,24397.58333
2023-02-09 04:00:00+00:00,25204.66667
2023-02-09 05:00:00+00:00,27080.16667
2023-02-09 06:00:00+00:00,31559.5
2023-02-09 07:00:00+00:00,33660.5
2023-02-09 08:00:00+00:00,35102.75
2023-02-09 09:00:00+00:00,36073.33333
2023-02-09 10:00:00+00:00,36685.25
2023-02-09 11:00:00+00:00,36895.25
2023-02-09 12:00:00+00:00,36525.25
2023-02-09 13:00:00+00:00,35796.08333
2023-02-09 14:00:00+00:00,35695.5
2023-02-09 15:00:00+00:00,35794.16667
2023-02-09 16:00:00+00:00,35063.75
2023-02-09 17:00:00+00:00,34305.41667
2023-02-09 18:00:00+00:00,36317.25
2023-02-09 19:00:00+00:00,37228.33333
2023-02-09 20:00:00+00:00,36379.08333
2023-02-09 21:00:00+00:00,32589.16667
2023-02-09 22:00:00+00:00,30408.08333
2023-02-09 23:00:00+00:00,28381.91667
2023-02-10 00:00:00+00:00,26549.41667
2023-02-10 01:00:00+00:00,25156.25
2023-02-10 02:00:00+00:00,24435.25
2023-02-10 03:00:00+00:00,24293.83333
2023-02-10 04:00:00+00:00,25049.83333
2023-02-10 05:00:00+00:00,27315.66667
2023-02-10 06:00:00+00:00,31144.5
2023-02-10 07:00:00+00:00,33424.75
2023-02-10 08:00:00+00:00,34818
2023-02-10 09:00:00+00:00,35834.66667
2023-02-10 10:00:00+00:00,36433.41667
2023-02-10 11:00:00+00:00,35857.08333
2023-02-10 12:00:00+00:00,35111.08333
2023-02-10 13:00:00+00:00,34360.66667
2023-02-10 14:00:00+00:00,34517.33333
2023-02-10 15:00:00+00:00,34853.66667
2023-02-10 16:00:00+00:00,34235.08333
2023-02-10 17:00:00+00:00,33650.58333
2023-02-10 18:00:00+00:00,35141.5
2023-02-10 19:00:00+00:00,35772.66667
2023-02-10 20:00:00+00:00,35558.66667
2023-02-10 21:00:00+00:00,32325
2023-02-10 22:00:00+00:00,29972.5
2023-02-10 23:00:00+00:00,26958.66667
2023-02-11 00:00:00+00:00,25778.33333
2023-02-11 01:00:00+00:00,24708.58333
2023-02-11 02:00:00+00:00,23032.33333
2023-02-11 03:00:00+00:00,23489.58333
2023-02-11 04:00:00+00:00,23475.5
2023-02-11 05:00:00+00:00,23875.66667
2023-02-11 06:00:00+00:00,24892.08333
2023-02-11 07:00:00+00:00,25963.5
2023-02-11 08:00:00+00:00,28232.58333
2023-02-11 09:00:00+00:00,30859.08333
2023-02-11 10:00:00+00:00,31826.66667
2023-02-11 11:00:00+00:00,31835.66667
2023-02-11 12:00:00+00:00,31931.83333
2023-02-11 13:00:00+00:00,31782.41667
2023-02-11 14:00:00+00:00,31438
2023-02-11 15:00:00+00:00,30967.25
2023-02-11 16:00:00+00:00,29434.5
2023-02-11 17:00:00+00:00,29262.25
2023-02-11 18:00:00+00:00,30665.91667
2023-02-11 19:00:00+00:00,31391.5
2023-02-11 20:00:00+00:00,31122
2023-02-11 21:00:00+00:00,29539.58333
2023-02-11 22:00:00+00:00,27918.41667
2023-02-11 23:00:00+00:00,26079.08333
2023-02-12 00:00:00+00:00,24687.58333
2023-02-12 01:00:00+00:00,23408.66667
2023-02-12 02:00:00+00:00,22567.66667
2023-02-12 03:00:00+00:00,22343.16667
2023-02-12 04:00:00+00:00,22271.58333
2023-02-12 05:00:00+00:00,22612
2023-02-12 06:00:00+00:00,23084.75
2023-02-12 07:00:00+00:00,23753.08333
2023-02-12 08:00:00+00:00,26110.5
2023-02-12 09:00:00+00:00,28180.83333
2023-02-12 10:00:00+00:00,29787.66667
2023-02-12 11:00:00+00:00,30147.91667
2023-02-12 12:00:00+00:00,29762.16667
2023-02-12 13:00:00+00:00,30235
2023-02-12 14:00:00+00:00,29984
2023-02-12 15:00:00+00:00,29329.25
2023-02-12 16:00:00+00:00,28214.08333
2023-02-12 17:00:00+00:00,28258.91667
2023-02-12 18:00:00+00:00,30573.75
2023-02-12 19:00:00+00:00,31506.66667
2023-02-12 20:00:00+00:00,30484.58333
2023-02-12 21:00:00+00:00,30341.25
2023-02-12 22:00:00+00:00,29031.16667
2023-02-12 23:00:00+00:00,25156.58333
2023-02-13 00:00:00+00:00,23595.25
2023-02-13 01:00:00+00:00,23262.91667
2023-02-13 02:00:00+00:00,22425.41667
2023-02-13 03:00:00+00:00,22393.75
2023-02-13 04:00:00+00:00,23442.5
2023-02-13 05:00:00+00:00,25879.5
2023-02-13 06:00:00+00:00,30158
2023-02-13 07:00:00+00:00,32585.91667
2023-02-13 08:00:00+00:00,34719.75
2023-02-13 09:00:00+00:00,35046.08333
2023-02-13 10:00:00+00:00,35200.33333
2023-02-13 11:00:00+00:00,34919
2023-02-13 12:00:00+00:00,34540.66667
2023-02-13 13:00:00+00:00,34442.91667
2023-02-13 14:00:00+00:00,34483.5
2023-02-13 15:00:00+00:00,34423.83333
2023-02-13 16:00:00+00:00,33930.91667
2023-02-13 17:00:00+00:00,33773.75
2023-02-13 18:00:00+00:00,35111.5
2023-02-13 19:00:00+00:00,36175.33333
2023-02-13 20:00:00+00:00,35370.91667
2023-02-13 21:00:00+00:00,33336.25
2023-02-13 22:00:00+00:00,30248.41667
2023-02-13 23:00:00+00:00,27694.83333
2023-02-14 00:00:00+00:00,26606.41667
2023-02-14 01:00:00+00:00,25959.08333
2023-02-14 02:00:00+00:00,25435
2023-02-14 03:00:00+00:00,25278.58333
2023-02-14 04:00:00+00:00,25709.91667
2023-02-14 05:00:00+00:00,27227.91667
2023-02-14 06:00:00+00:00,31373.25
2023-02-14 07:00:00+00:00,33386.16667
2023-02-14 08:00:00+00:00,35096
2023-02-14 09:00:00+00:00,35456.83333
2023-02-14 10:00:00+00:00,35699.58333
2023-02-14 11:00:00+00:00,36037.5
2023-02-14 12:00:00+00:00,36285.25
2023-02-14 13:00:00+00:00,36043.08333
2023-02-14 14:00:00+00:00,36116.83333
2023-02-14 15:00:00+00:00,35088.33333
2023-02-14 16:00:00+00:00,34625.83333
2023-02-14 17:00:00+00:00,33600.25
2023-02-14 18:00:00+00:00,35615.33333
2023-02-14 19:00:00+00:00,36420.5
2023-02-14 20:00:00+00:00,35912.58333
2023-02-14 21:00:00+00:00,33474.08333
2023-02-14 22:00:00+00:00,29773.16667
2023-02-14 23:00:00+00:00,28072.75
2023-02-15 00:00:00+00:00,26319.58333
2023-02-15 01:00:00+00:00,26038.66667
2023-02-15 02:00:00+00:00,25174.58333
2023-02-15 03:00:00+00:00,24857.75
2023-02-15 04:00:00+00:00,25038.66667
2023-02-15 05:00:00+00:00,26502.75
2023-02-15 06:00:00+00:00,29835.16667
2023-02-15 07:00:00+00:00,32040.5
2023-02-15 08:00:00+00:00,33982.41667
2023-02-15 09:00:00+00:00,35189.33333
2023-02-15 10:00:00+00:00,34305.66667
2023-02-15 11:00:00+00:00,33942.41667
2023-02-15 12:00:00+00:00,33227.75
2023-02-15 13:00:00+00:00,33769
2023-02-15 14:00:00+00:00,34291
2023-02-15 15:00:00+00:00,34497.91667
2023-02-15 16:00:00+00:00,34609
2023-02-15 17:00:00+00:00,34547.08333
2023-02-15 18:00:00+00:00,35554.16667
2023-02-15 19:00:00+00:00,35737.58333
2023-02-15 20:00:00+00:00,34751.41667
2023-02-15 21:00:00+00:00,31578.16667
2023-02-15 22:00:00+00:00,28204.58333
2023-02-15 23:00:00+00:00,26315.25
2023-02-16 00:00:00+00:00,24726.75
2023-02-16 01:00:00+00:00,24291.66667
2023-02-16 02:00:00+00:00,23525.75
2023-02-16 03:00:00+00:00,22814
2023-02-16 04:00:00+00:00,22985.83333
2023-02-16 05:00:00+00:00,26771.91667
2023-02-16 06:00:00+00:00,29820.91667
2023-02-16 07:00:00+00:00,32082.58333
2023-02-16 08:00:00+00:00,33781.16667
2023-02-16 09:00:00+00:00,34744.66667
2023-02-16 10:00:00+00:00,35090.16667
2023-02-16 11:00:00+00:00,34436.5
2023-02-16 12:00:00+00:00,33780.75
2023-02-16 13:00:00+00:00,34063.75
2023-02-16 14:00:00+00:00,34315.83333
2023-02-16 15:00:00+00:00,34542.33333
2023-02-16 16:00:00+00:00,33885.75
2023-02-16 17:00:00+00:00,32272.16667
2023-02-16 18:00:00+00:00,34098.66667
2023-02-16 19:00:00+00:00,33250.08333
2023-02-16 20:00:00+00:00,31853.16667
2023-02-16 21:00:00+00:00,29392
2023-02-16 22:00:00+00:00,25951.66667
2023-02-16 23:00:00+00:00,23431.5
2023-02-17 00:00:00+00:00,21329.33333
2023-02-17 01:00:00+00:00,21196.25
2023-02-17 02:00:00+00:00,20189.33333
2023-02-17 03:00:00+00:00,20076.5
2023-02-17 04:00:00+00:00,20647.08333
2023-02-17 05:00:00+00:00,23098.41667
2023-02-17 06:00:00+00:00,28290.83333
2023-02-17 07:00:00+00:00,30789.58333
2023-02-17 08:00:00+00:00,33823.58333
2023-02-17 09:00:00+00:00,33829.66667
2023-02-17 10:00:00+00:00,33445.41667
2023-02-17 11:00:00+00:00,33026.41667
2023-02-17 12:00:00+00:00,33028.91667
2023-02-17 13:00:00+00:00,32837.08333
2023-02-17 14:00:00+00:00,32324.58333
2023-02-17 15:00:00+00:00,32172
2023-02-17 16:00:00+00:00,31779.91667
2023-02-17 17:00:00+00:00,32050.58333
2023-02-17 18:00:00+00:00,33770.08333
2023-02-17 19:00:00+00:00,33780.16667
2023-02-17 20:00:00+00:00,32565.41667
2023-02-17 21:00:00+00:00,31010.91667
2023-02-17 22:00:00+00:00,29242.33333
2023-02-17 23:00:00+00:00,25825.66667
2023-02-18 00:00:00+00:00,23223.08333
2023-02-18 01:00:00+00:00,21263.33333
2023-02-18 02:00:00+00:00,20011.75
2023-02-18 03:00:00+00:00,19504.58333
2023-02-18 04:00:00+00:00,19390.33333
2023-02-18 05:00:00+00:00,20389.25
2023-02-18 06:00:00+00:00,20914.08333
2023-02-18 07:00:00+00:00,22319
2023-02-18 08:00:00+00:00,24709.08333
2023-02-18 09:00:00+00:00,26521.5
2023-02-18 10:00:00+00:00,27190.58333
2023-02-18 11:00:00+00:00,27578.25
2023-02-18 12:00:00+00:00,27675.41667
2023-02-18 13:00:00+00:00,27982.75
2023-02-18 14:00:00+00:00,27284.25
2023-02-18 15:00:00+00:00,26743.66667
2023-02-18 16:00:00+00:00,25232.83333
2023-02-18 17:00:00+00:00,24861.33333
2023-02-18 18:00:00+00:00,25828.33333
2023-02-18 19:00:00+00:00,26491.91667
2023-02-18 20:00:00+00:00,26483.66667
2023-02-18 21:00:00+00:00,25693.08333
2023-02-18 22:00:00+00:00,24573.58333
2023-02-18 23:00:00+00:00,22764.66667
2023-02-19 00:00:00+00:00,21773.5
2023-02-19 01:00:00+00:00,19318.58333
2023-02-19 02:00:00+00:00,18812.66667
2023-02-19 03:00:00+00:00,18423.41667
2023-02-19 04:00:00+00:00,18435.58333
2023-02-19 05:00:00+00:00,19453.5
2023-02-19 06:00:00+00:00,20804.25
2023-02-19 07:00:00+00:00,23210.58333
2023-02-19 08:00:00+00:00,25754.08333
2023-02-19 09:00:00+00:00,28423.58333
2023-02-19 10:00:00+00:00,29072.66667
2023-02-19 11:00:00+00:00,28023.25
2023-02-19 12:00:00+00:00,26709
2023-02-19 13:00:00+00:00,26191.58333
2023-02-19 14:00:00+00:00,27167.33333
2023-02-19 15:00:00+00:00,28567.75
2023-02-19 16:00:00+00:00,27904.08333
2023-02-19 17:00:00+00:00,27258.08333
2023-02-19 18:00:00+00:00,28699.16667
2023-02-19 19:00:00+00:00,28007.5
2023-02-19 20:00:00+00:00,28082
2023-02-19 21:00:00+00:00,26736.25
2023-02-19 22:00:00+00:00,25088.08333
2023-02-19 23:00:00+00:00,21606.91667
2023-02-20 00:00:00+00:00,20780.25
2023-02-20 01:00:00+00:00,19945.5
2023-02-20 02:00:00+00:00,19625.08333
2023-02-20 03:00:00+00:00,19319.08333
2023-02-20 04:00:00+00:00,20259.83333
2023-02-20 05:00:00+00:00,23593.08333
2023-02-20 06:00:00+00:00,27648.5
2023-02-20 07:00:00+00:00,29672
2023-02-20 08:00:00+00:00,31164.25
2023-02-20 09:00:00+00:00,33341.08333
2023-02-20 10:00:00+00:00,32545.58333
2023-02-20 11:00:00+00:00,32464.66667
2023-02-20 12:00:00+00:00,31652.33333
2023-02-20 13:00:00+00:00,31652.16667
2023-02-20 14:00:00+00:00,31821.5
2023-02-20 15:00:00+00:00,31727.58333
2023-02-20 16:00:00+00:00,30811
2023-02-20 17:00:00+00:00,31248
2023-02-20 18:00:00+00:00,32518.5
2023-02-20 19:00:00+00:00,32881.16667
2023-02-20 20:00:00+00:00,32603
2023-02-20 21:00:00+00:00,30531
2023-02-20 22:00:00+00:00,28764.91667
2023-02-20 23:00:00+00:00,26594.16667
2023-02-21 00:00:00+00:00,25512.91667
2023-02-21 01:00:00+00:00,24835.33333
2023-02-21 02:00:00+00:00,24535.75
2023-02-21 03:00:00+00:00,24126.33333
2023-02-21 04:00:00+00:00,23924
2023-02-21 05:00:00+00:00,25475.83333
2023-02-21 06:00:00+00:00,29343.16667
2023-02-21 07:00:00+00:00,30848.16667
2023-02-21 08:00:00+00:00,32484.66667
2023-02-21 09:00:00+00:00,33837.08333
2023-02-21 10:00:00+00:00,33832.66667
2023-02-21 11:00:00+00:00,32731.41667
2023-02-21 12:00:00+00:00,32790.5
2023-02-21 13:00:00+00:00,32958.66667
2023-02-21 14:00:00+00:00,32597.25
2023-02-21 15:00:00+00:00,31579
2023-02-21 16:00:00+00:00,31010.58333
2023-02-21 17:00:00+00:00,30391.5
2023-02-21 18:00:00+00:00,32041.5
2023-02-21 19:00:00+00:00,32989.75
2023-02-21 20:00:00+00:00,31811.25
2023-02-21 21:00:00+00:00,29770.33333
2023-02-21 22:00:00+00:00,26164.66667
2023-02-21 23:00:00+00:00,24507
2023-02-22 00:00:00+00:00,23371.16667
2023-02-22 01:00:00+00:00,22860.66667
2023-02-22 02:00:00+00:00,22639.41667
2023-02-22 03:00:00+00:00,22759.08333
2023-02-22 04:00:00+00:00,23510.25
2023-02-22 05:00:00+00:00,26734.25
2023-02-22 06:00:00+00:00,29939.33333
2023-02-22 07:00:00+00:00,31814.16667
2023-02-22 08:00:00+00:00,33153
2023-02-22 09:00:00+00:00,34468.41667
2023-02-22 10:00:00+00:00,34375
2023-02-22 11:00:00+00:00,34332.41667
2023-02-22 12:00:00+00:00,34003.91667
2023-02-22 13:00:00+00:00,34483.75
2023-02-22 14:00:00+00:00,34086
2023-02-22 15:00:00+00:00,33429.25
2023-02-22 16:00:00+00:00,32768.33333
2023-02-22 17:00:00+00:00,31785.08333
2023-02-22 18:00:00+00:00,31914.41667
2023-02-22 19:00:00+00:00,32493
2023-02-22 20:00:00+00:00,30852.58333
2023-02-22 21:00:00+00:00,29007.58333
2023-02-22 22:00:00+00:00,25806.25
2023-02-22 23:00:00+00:00,23437.25
2023-02-23 00:00:00+00:00,22471.25
2023-02-23 01:00:00+00:00,22459.08333
2023-02-23 02:00:00+00:00,22388.5
2023-02-23 03:00:00+00:00,22896.33333
2023-02-23 04:00:00+00:00,23425.75
2023-02-23 05:00:00+00:00,25675.16667
2023-02-23 06:00:00+00:00,28545.83333
2023-02-23 07:00:00+00:00,30188.41667
2023-02-23 08:00:00+00:00,32719
2023-02-23 09:00:00+00:00,33039.25
2023-02-23 10:00:00+00:00,33235.08333
2023-02-23 11:00:00+00:00,33946.91667
2023-02-23 12:00:00+00:00,33907.25
2023-02-23 13:00:00+00:00,34326.66667
2023-02-23 14:00:00+00:00,33941.66667
2023-02-23 15:00:00+00:00,34030.5
2023-02-23 16:00:00+00:00,32878.66667
2023-02-23 17:00:00+00:00,31840.41667
2023-02-23 18:00:00+00:00,32733.58333
2023-02-23 19:00:00+00:00,33161.91667
2023-02-23 20:00:00+00:00,31758.33333
2023-02-23 21:00:00+00:00,30353.33333
2023-02-23 22:00:00+00:00,27017.75
2023-02-23 23:00:00+00:00,25548.83333
2023-02-24 00:00:00+00:00,23587
2023-02-24 01:00:00+00:00,22980.58333
2023-02-24 02:00:00+00:00,22387.75
2023-02-24 03:00:00+00:00,22407.33333
2023-02-24 04:00:00+00:00,22368.41667
2023-02-24 05:00:00+00:00,25622.83333
2023-02-24 06:00:00+00:00,28438.91667
2023-02-24 07:00:00+00:00,31270.33333
2023-02-24 08:00:00+00:00,34382.08333
2023-02-24 09:00:00+00:00,35155
2023-02-24 10:00:00+00:00,35056.08333
2023-02-24 11:00:00+00:00,34690.58333
2023-02-24 12:00:00+00:00,34394.58333
2023-02-24 13:00:00+00:00,33736.5
2023-02-24 14:00:00+00:00,33715.58333
2023-02-24 15:00:00+00:00,33350.16667
2023-02-24 16:00:00+00:00,32435.41667
2023-02-24 17:00:00+00:00,31701.66667
2023-02-24 18:00:00+00:00,32908.25
2023-02-24 19:00:00+00:00,33580.41667
2023-02-24 20:00:00+00:00,31226.91667
2023-02-24 21:00:00+00:00,29405.58333
2023-02-24 22:00:00+00:00,28111.83333
2023-02-24 23:00:00+00:00,25218.33333
2023-02-25 00:00:00+00:00,24343.5
2023-02-25 01:00:00+00:00,22790.33333
2023-02-25 02:00:00+00:00,21721.08333
2023-02-25 03:00:00+00:00,20920.58333
2023-02-25 04:00:00+00:00,20873.16667
2023-02-25 05:00:00+00:00,20954.5
2023-02-25 06:00:00+00:00,22239.41667
2023-02-25 07:00:00+00:00,23688.16667
2023-02-25 08:00:00+00:00,25826.91667
2023-02-25 09:00:00+00:00,27911.58333
2023-02-25 10:00:00+00:00,28924.08333
2023-02-25 11:00:00+00:00,29707.41667
2023-02-25 12:00:00+00:00,30398.58333
2023-02-25 13:00:00+00:00,29963.5
2023-02-25 14:00:00+00:00,29889.75
2023-02-25 15:00:00+00:00,29096.83333
2023-02-25 16:00:00+00:00,28910.66667
2023-02-25 17:00:00+00:00,28856.75
2023-02-25 18:00:00+00:00,30791.41667
2023-02-25 19:00:00+00:00,30840.5
2023-02-25 20:00:00+00:00,30958.08333
2023-02-25 21:00:00+00:00,29961.16667
2023-02-25 22:00:00+00:00,28817.08333
2023-02-25 23:00:00+00:00,27571.25
2023-02-26 00:00:00+00:00,26825.25
2023-02-26 01:00:00+00:00,25806.83333
2023-02-26 02:00:00+00:00,24512.08333
2023-02-26 03:00:00+00:00,23857.66667
2023-02-26 04:00:00+00:00,23620.08333
2023-02-26 05:00:00+00:00,24652.5
2023-02-26 06:00:00+00:00,25735.91667
2023-02-26 07:00:00+00:00,27168.83333
2023-02-26 08:00:00+00:00,29775.41667
2023-02-26 09:00:00+00:00,31766.75
2023-02-26 10:00:00+00:00,33106.91667
2023-02-26 11:00:00+00:00,33983.75
2023-02-26 12:00:00+00:00,34430.91667
2023-02-26 13:00:00+00:00,34093.33333
2023-02-26 14:00:00+00:00,32490.25
2023-02-26 15:00:00+00:00,31525.66667
2023-02-26 16:00:00+00:00,31652.58333
2023-02-26 17:00:00+00:00,31868.58333
2023-02-26 18:00:00+00:00,34473.91667
2023-02-26 19:00:00+00:00,35660
2023-02-26 20:00:00+00:00,36145.33333
2023-02-26 21:00:00+00:00,35176.33333
2023-02-26 22:00:00+00:00,32427.58333
2023-02-26 23:00:00+00:00,29822.83333
2023-02-27 00:00:00+00:00,28465
2023-02-27 01:00:00+00:00,27464.25
2023-02-27 02:00:00+00:00,27101.58333
2023-02-27 03:00:00+00:00,26831.08333
2023-02-27 04:00:00+00:00,27003.75
2023-02-27 05:00:00+00:00,29055.08333
2023-02-27 06:00:00+00:00,33336.41667
2023-02-27 07:00:00+00:00,35304.08333
2023-02-27 08:00:00+00:00,38459.58333
2023-02-27 09:00:00+00:00,39466.83333
2023-02-27 10:00:00+00:00,39858
2023-02-27 11:00:00+00:00,39680.41667
2023-02-27 12:00:00+00:00,40111.41667
2023-02-27 13:00:00+00:00,39785
2023-02-27 14:00:00+00:00,39650.83333
2023-02-27 15:00:00+00:00,39017.91667
2023-02-27 16:00:00+00:00,38670.66667
2023-02-27 17:00:00+00:00,37873.66667
2023-02-27 18:00:00+00:00,38852.16667
2023-02-27 19:00:00+00:00,39795.75
2023-02-27 20:00:00+00:00,39098.08333
2023-02-27 21:00:00+00:00,36688.83333
2023-02-27 22:00:00+00:00,33769.33333
2023-02-27 23:00:00+00:00,31731.91667
2023-02-28 00:00:00+00:00,29998.08333
2023-02-28 01:00:00+00:00,28173.58333
2023-02-28 02:00:00+00:00,27493.66667
2023-02-28 03:00:00+00:00,27346.41667
2023-02-28 04:00:00+00:00,27993.33333
2023-02-28 05:00:00+00:00,29847.08333
2023-02-28 06:00:00+00:00,32370.83333
2023-02-28 07:00:00+00:00,34740
2023-02-28 08:00:00+00:00,37557
2023-02-28 09:00:00+00:00,39196.75
2023-02-28 10:00:00+00:00,39064.16667
2023-02-28 11:00:00+00:00,38407.75
2023-02-28 12:00:00+00:00,38163.25
2023-02-28 13:00:00+00:00,37747.41667
2023-02-28 14:00:00+00:00,36927.33333
2023-02-28 15:00:00+00:00,37015.08333
2023-02-28 16:00:00+00:00,36888
2023-02-28 17:00:00+00:00,35310.75
2023-02-28 18:00:00+00:00,37338.5
2023-02-28 19:00:00+00:00,38286.16667
2023-02-28 20:00:00+00:00,37810
2023-02-28 21:00:00+00:00,35862.16667
2023-02-28 22:00:00+00:00,32839.33333
2023-02-28 23:00:00+00:00,30173.25
2023-03-01 00:00:00+00:00,28397.41667
2023-03-01 01:00:00+00:00,26907.5
2023-03-01 02:00:00+00:00,26417
2023-03-01 03:00:00+00:00,25783.33333
2023-03-01 04:00:00+00:00,26402.58333
2023-03-01 05:00:00+00:00,29577.25
2023-03-01 06:00:00+00:00,33112.25
2023-03-01 07:00:00+00:00,35912.33333
2023-03-01 08:00:00+00:00,37420.91667
2023-03-01 09:00:00+00:00,37659.08333
2023-03-01 10:00:00+00:00,37446.16667
2023-03-01 11:00:00+00:00,37334.41667
2023-03-01 12:00:00+00:00,37378.25
2023-03-01 13:00:00+00:00,36863.58333
2023-03-01 14:00:00+00:00,37147.08333
2023-03-01 15:00:00+00:00,37455.66667
2023-03-01 16:00:00+00:00,37174.75
2023-03-01 17:00:00+00:00,36638.33333
2023-03-01 18:00:00+00:00,38560.83333
2023-03-01 19:00:00+00:00,39646.5
2023-03-01 20:00:00+00:00,40097.41667
2023-03-01 21:00:00+00:00,36843.58333
2023-03-01 22:00:00+00:00,33996.75
2023-03-01 23:00:00+00:00,29889
2023-03-02 00:00:00+00:00,28824.83333
2023-03-02 01:00:00+00:00,28267.33333
2023-03-02 02:00:00+00:00,27761.91667
2023-03-02 03:00:00+00:00,27719
2023-03-02 04:00:00+00:00,28174.5
2023-03-02 05:00:00+00:00,30419.83333
2023-03-02 06:00:00+00:00,34591.16667
2023-03-02 07:00:00+00:00,37196.58333
2023-03-02 08:00:00+00:00,38694.83333
2023-03-02 09:00:00+00:00,39343.16667
2023-03-02 10:00:00+00:00,39340.91667
2023-03-02 11:00:00+00:00,39044.08333
2023-03-02 12:00:00+00:00,38819.16667
2023-03-02 13:00:00+00:00,38370
2023-03-02 14:00:00+00:00,38016.41667
2023-03-02 15:00:00+00:00,38037.41667
2023-03-02 16:00:00+00:00,37448
2023-03-02 17:00:00+00:00,37015.5
2023-03-02 18:00:00+00:00,38445.5
2023-03-02 19:00:00+00:00,40046.91667
2023-03-02 20:00:00+00:00,39068.83333
2023-03-02 21:00:00+00:00,36364.41667
2023-03-02 22:00:00+00:00,33893.58333
2023-03-02 23:00:00+00:00,29787.75
2023-03-03 00:00:00+00:00,28849.66667
2023-03-03 01:00:00+00:00,27926.41667
2023-03-03 02:00:00+00:00,27836.83333
2023-03-03 03:00:00+00:00,27956.58333
2023-03-03 04:00:00+00:00,28328.25
2023-03-03 05:00:00+00:00,30469.91667
2023-03-03 06:00:00+00:00,34056.25
2023-03-03 07:00:00+00:00,36735.58333
2023-03-03 08:00:00+00:00,38171.25
2023-03-03 09:00:00+00:00,37967.75
2023-03-03 10:00:00+00:00,38323.5
2023-03-03 11:00:00+00:00,38043.33333
2023-03-03 12:00:00+00:00,38129
2023-03-03 13:00:00+00:00,37454.08333
2023-03-03 14:00:00+00:00,37370.41667
2023-03-03 15:00:00+00:00,36532.66667
2023-03-03 16:00:00+00:00,36528.91667
2023-03-03 17:00:00+00:00,34626
2023-03-03 18:00:00+00:00,36705.33333
2023-03-03 19:00:00+00:00,37737.66667
2023-03-03 20:00:00+00:00,37853.08333
2023-03-03 21:00:00+00:00,35475.08333
2023-03-03 22:00:00+00:00,32868.25
2023-03-03 23:00:00+00:00,30592
2023-03-04 00:00:00+00:00,28266.5
2023-03-04 01:00:00+00:00,25540.16667
2023-03-04 02:00:00+00:00,23878.41667
2023-03-04 03:00:00+00:00,22911.5
2023-03-04 04:00:00+00:00,22818.33333
2023-03-04 05:00:00+00:00,23000.83333
2023-03-04 06:00:00+00:00,24293.75
2023-03-04 07:00:00+00:00,26246.41667
2023-03-04 08:00:00+00:00,29553.66667
2023-03-04 09:00:00+00:00,32445
2023-03-04 10:00:00+00:00,32713.41667
2023-03-04 11:00:00+00:00,32804.25
2023-03-04 12:00:00+00:00,32891.16667
2023-03-04 13:00:00+00:00,32478.33333
2023-03-04 14:00:00+00:00,31613.58333
2023-03-04 15:00:00+00:00,31820.83333
2023-03-04 16:00:00+00:00,30871.75
2023-03-04 17:00:00+00:00,31151.83333
2023-03-04 18:00:00+00:00,31678.75
2023-03-04 19:00:00+00:00,33320.58333
2023-03-04 20:00:00+00:00,32404.58333
2023-03-04 21:00:00+00:00,30263.33333
2023-03-04 22:00:00+00:00,29578.75
2023-03-04 23:00:00+00:00,28098.91667
2023-03-05 00:00:00+00:00,26470.41667
2023-03-05 01:00:00+00:00,23973.08333
2023-03-05 02:00:00+00:00,22600.66667
2023-03-05 03:00:00+00:00,21917
2023-03-05 04:00:00+00:00,22125.33333
2023-03-05 05:00:00+00:00,23027.66667
2023-03-05 06:00:00+00:00,23340.33333
2023-03-05 07:00:00+00:00,24684.58333
2023-03-05 08:00:00+00:00,27125.41667
2023-03-05 09:00:00+00:00,28823.16667
2023-03-05 10:00:00+00:00,29473.58333
2023-03-05 11:00:00+00:00,29930.83333
2023-03-05 12:00:00+00:00,30106.25
2023-03-05 13:00:00+00:00,30589.58333
2023-03-05 14:00:00+00:00,29898.41667
2023-03-05 15:00:00+00:00,29521
2023-03-05 16:00:00+00:00,30511.83333
2023-03-05 17:00:00+00:00,31394.66667
2023-03-05 18:00:00+00:00,33128.16667
2023-03-05 19:00:00+00:00,34340.83333
2023-03-05 20:00:00+00:00,34807.83333
2023-03-05 21:00:00+00:00,33162.5
2023-03-05 22:00:00+00:00,30856.58333
2023-03-05 23:00:00+00:00,26402.5
2023-03-06 00:00:00+00:00,25885.33333
2023-03-06 01:00:00+00:00,25082.41667
2023-03-06 02:00:00+00:00,25175.58333
2023-03-06 03:00:00+00:00,24905.16667
2023-03-06 04:00:00+00:00,25914.16667
2023-03-06 05:00:00+00:00,28658.83333
2023-03-06 06:00:00+00:00,32046.58333
2023-03-06 07:00:00+00:00,33867.5
2023-03-06 08:00:00+00:00,35191
2023-03-06 09:00:00+00:00,36107.33333
2023-03-06 10:00:00+00:00,36127.66667
2023-03-06 11:00:00+00:00,35992.75
2023-03-06 12:00:00+00:00,36017.58333
2023-03-06 13:00:00+00:00,36133.75
2023-03-06 14:00:00+00:00,35639.83333
2023-03-06 15:00:00+00:00,34885.5
2023-03-06 16:00:00+00:00,34582.41667
2023-03-06 17:00:00+00:00,34147.75
2023-03-06 18:00:00+00:00,34846.83333
2023-03-06 19:00:00+00:00,36329.25
2023-03-06 20:00:00+00:00,36252.41667
2023-03-06 21:00:00+00:00,33607.25
2023-03-06 22:00:00+00:00,30027.91667
2023-03-06 23:00:00+00:00,24840.66667
2023-03-07 00:00:00+00:00,23930.58333
2023-03-07 01:00:00+00:00,23768.41667
2023-03-07 02:00:00+00:00,23763.91667
2023-03-07 03:00:00+00:00,23584
2023-03-07 04:00:00+00:00,24215.58333
2023-03-07 05:00:00+00:00,26258.16667
2023-03-07 06:00:00+00:00,29602.91667
2023-03-07 07:00:00+00:00,32075.16667
2023-03-07 08:00:00+00:00,34137.91667
2023-03-07 09:00:00+00:00,35295.25
2023-03-07 10:00:00+00:00,35459.08333
2023-03-07 11:00:00+00:00,36286
2023-03-07 12:00:00+00:00,36219.75
2023-03-07 13:00:00+00:00,36388.41667
2023-03-07 14:00:00+00:00,35904.41667
2023-03-07 15:00:00+00:00,36152.91667
2023-03-07 16:00:00+00:00,35646.83333
2023-03-07 17:00:00+00:00,34188.75
2023-03-07 18:00:00+00:00,35084
2023-03-07 19:00:00+00:00,35916.41667
2023-03-07 20:00:00+00:00,35642.25
2023-03-07 21:00:00+00:00,33573.83333
2023-03-07 22:00:00+00:00,30867.58333
2023-03-07 23:00:00+00:00,29396.41667
2023-03-08 00:00:00+00:00,28396.08333
2023-03-08 01:00:00+00:00,27151.75
2023-03-08 02:00:00+00:00,26655
2023-03-08 03:00:00+00:00,26508.08333
2023-03-08 04:00:00+00:00,26972.33333
2023-03-08 05:00:00+00:00,28861.75
2023-03-08 06:00:00+00:00,31673.58333
2023-03-08 07:00:00+00:00,33254.08333
2023-03-08 08:00:00+00:00,35045.83333
2023-03-08 09:00:00+00:00,35133.91667
2023-03-08 10:00:00+00:00,35492
2023-03-08 11:00:00+00:00,35168.16667
2023-03-08 12:00:00+00:00,35454.41667
2023-03-08 13:00:00+00:00,35809.25
2023-03-08 14:00:00+00:00,35157.08333
2023-03-08 15:00:00+00:00,34657
2023-03-08 16:00:00+00:00,33997.83333
2023-03-08 17:00:00+00:00,34354.08333
2023-03-08 18:00:00+00:00,35728.5
2023-03-08 19:00:00+00:00,36253.83333
2023-03-08 20:00:00+00:00,35417.16667
2023-03-08 21:00:00+00:00,32758.16667
2023-03-08 22:00:00+00:00,31133.58333
2023-03-08 23:00:00+00:00,29495.58333
2023-03-09 00:00:00+00:00,27932.08333
2023-03-09 01:00:00+00:00,26921.58333
2023-03-09 02:00:00+00:00,26440.16667
2023-03-09 03:00:00+00:00,26095.25
2023-03-09 04:00:00+00:00,26655.33333
2023-03-09 05:00:00+00:00,28463.91667
2023-03-09 06:00:00+00:00,30455.91667
2023-03-09 07:00:00+00:00,31737.75
2023-03-09 08:00:00+00:00,33278.66667
2023-03-09 09:00:00+00:00,34293.58333
2023-03-09 10:00:00+00:00,34959.91667
2023-03-09 11:00:00+00:00,34914.83333
2023-03-09 12:00:00+00:00,35434
2023-03-09 13:00:00+00:00,34493.25
2023-03-09 14:00:00+00:00,33390.41667
2023-03-09 15:00:00+00:00,33125
2023-03-09 16:00:00+00:00,32976.83333
2023-03-09 17:00:00+00:00,33338.66667
2023-03-09 18:00:00+00:00,35667.58333
2023-03-09 19:00:00+00:00,36399.33333
2023-03-09 20:00:00+00:00,35678
2023-03-09 21:00:00+00:00,34941.33333
2023-03-09 22:00:00+00:00,31945.08333
2023-03-09 23:00:00+00:00,29810.25
2023-03-10 00:00:00+00:00,27973.58333
2023-03-10 01:00:00+00:00,26709.83333
2023-03-10 02:00:00+00:00,26204
2023-03-10 03:00:00+00:00,25965.91667
2023-03-10 04:00:00+00:00,26517.91667
2023-03-10 05:00:00+00:00,29722.66667
2023-03-10 06:00:00+00:00,32568.83333
2023-03-10 07:00:00+00:00,34296.16667
2023-03-10 08:00:00+00:00,34759.66667
2023-03-10 09:00:00+00:00,34603.41667
2023-03-10 10:00:00+00:00,34075.5
2023-03-10 11:00:00+00:00,34013.25
2023-03-10 12:00:00+00:00,33877
2023-03-10 13:00:00+00:00,33423.66667
2023-03-10 14:00:00+00:00,32726.91667
2023-03-10 15:00:00+00:00,32407.41667
2023-03-10 16:00:00+00:00,32429.58333
2023-03-10 17:00:00+00:00,32827.25
2023-03-10 18:00:00+00:00,34650.83333
2023-03-10 19:00:00+00:00,35942.83333
2023-03-10 20:00:00+00:00,35742.5
2023-03-10 21:00:00+00:00,33781.08333
2023-03-10 22:00:00+00:00,31283.66667
2023-03-10 23:00:00+00:00,30281.91667
2023-03-11 00:00:00+00:00,28678.83333
2023-03-11 01:00:00+00:00,27283.91667
2023-03-11 02:00:00+00:00,26380.16667
2023-03-11 03:00:00+00:00,25494.58333
2023-03-11 04:00:00+00:00,25363.5
2023-03-11 05:00:00+00:00,26011.33333
2023-03-11 06:00:00+00:00,26499.75
2023-03-11 07:00:00+00:00,28048.91667
2023-03-11 08:00:00+00:00,30283
2023-03-11 09:00:00+00:00,31547.83333
2023-03-11 10:00:00+00:00,31691.08333
2023-03-11 11:00:00+00:00,31654.91667
2023-03-11 12:00:00+00:00,31466.41667
2023-03-11 13:00:00+00:00,31209.83333
2023-03-11 14:00:00+00:00,29918.08333
2023-03-11 15:00:00+00:00,29284.75
2023-03-11 16:00:00+00:00,29619.08333
2023-03-11 17:00:00+00:00,29852.16667
2023-03-11 18:00:00+00:00,31498.58333
2023-03-11 19:00:00+00:00,33016.66667
2023-03-11 20:00:00+00:00,32848.75
2023-03-11 21:00:00+00:00,30917
2023-03-11 22:00:00+00:00,29509.5
2023-03-11 23:00:00+00:00,27955.08333
2023-03-12 00:00:00+00:00,26890.66667
2023-03-12 01:00:00+00:00,26100.41667
2023-03-12 02:00:00+00:00,25724.66667
2023-03-12 03:00:00+00:00,25673.16667
2023-03-12 04:00:00+00:00,25637.41667
2023-03-12 05:00:00+00:00,24356.75
2023-03-12 06:00:00+00:00,24118.91667
2023-03-12 07:00:00+00:00,25396.25
2023-03-12 08:00:00+00:00,26503.41667
2023-03-12 09:00:00+00:00,27365
2023-03-12 10:00:00+00:00,27668.91667
2023-03-12 11:00:00+00:00,28858.08333
2023-03-12 12:00:00+00:00,28770.66667
2023-03-12 13:00:00+00:00,28825
2023-03-12 14:00:00+00:00,27784.16667
2023-03-12 15:00:00+00:00,27058.08333
2023-03-12 16:00:00+00:00,26408.16667
2023-03-12 17:00:00+00:00,26841
2023-03-12 18:00:00+00:00,26562.83333
2023-03-12 19:00:00+00:00,27515
2023-03-12 20:00:00+00:00,27385.16667
2023-03-12 21:00:00+00:00,27209.16667
2023-03-12 22:00:00+00:00,26351.91667
2023-03-12 23:00:00+00:00,21930.5
2023-03-13 00:00:00+00:00,21044.5
2023-03-13 01:00:00+00:00,19754
2023-03-13 02:00:00+00:00,19110.58333
2023-03-13 03:00:00+00:00,19086.91667
2023-03-13 04:00:00+00:00,19403.41667
2023-03-13 05:00:00+00:00,23111.41667
2023-03-13 06:00:00+00:00,25903.83333
2023-03-13 07:00:00+00:00,29199.08333
2023-03-13 08:00:00+00:00,30748.25
2023-03-13 09:00:00+00:00,32648.25
2023-03-13 10:00:00+00:00,31231
2023-03-13 11:00:00+00:00,31516.5
2023-03-13 12:00:00+00:00,31875.41667
2023-03-13 13:00:00+00:00,31747.16667
2023-03-13 14:00:00+00:00,31408.58333
2023-03-13 15:00:00+00:00,31753.66667
2023-03-13 16:00:00+00:00,32211.5
2023-03-13 17:00:00+00:00,32705.58333
2023-03-13 18:00:00+00:00,34808.25
2023-03-13 19:00:00+00:00,36958.5
2023-03-13 20:00:00+00:00,36077.5
2023-03-13 21:00:00+00:00,33467.41667
2023-03-13 22:00:00+00:00,30585.91667
2023-03-13 23:00:00+00:00,28399.5
2023-03-14 00:00:00+00:00,26940.91667
2023-03-14 01:00:00+00:00,24081.25
2023-03-14 02:00:00+00:00,22887.5
2023-03-14 03:00:00+00:00,22350.83333
2023-03-14 04:00:00+00:00,24232.41667
2023-03-14 05:00:00+00:00,28549.33333
2023-03-14 06:00:00+00:00,31359.75
2023-03-14 07:00:00+00:00,33368.08333
2023-03-14 08:00:00+00:00,34443.25
2023-03-14 09:00:00+00:00,34868.25
2023-03-14 10:00:00+00:00,35228.5
2023-03-14 11:00:00+00:00,35373.66667
2023-03-14 12:00:00+00:00,35234.41667
2023-03-14 13:00:00+00:00,35096.58333
2023-03-14 14:00:00+00:00,34475.33333
2023-03-14 15:00:00+00:00,34176.33333
2023-03-14 16:00:00+00:00,34094.5
2023-03-14 17:00:00+00:00,32946
2023-03-14 18:00:00+00:00,33252.58333
2023-03-14 19:00:00+00:00,34034.83333
2023-03-14 20:00:00+00:00,32306.75
2023-03-14 21:00:00+00:00,30723.41667
2023-03-14 22:00:00+00:00,28571.08333
2023-03-14 23:00:00+00:00,26485.66667
2023-03-15 00:00:00+00:00,24733.91667
2023-03-15 01:00:00+00:00,23700.75
2023-03-15 02:00:00+00:00,23502.33333
2023-03-15 03:00:00+00:00,24246.83333
2023-03-15 04:00:00+00:00,25626
2023-03-15 05:00:00+00:00,27669.33333
2023-03-15 06:00:00+00:00,29939.83333
2023-03-15 07:00:00+00:00,31589.91667
2023-03-15 08:00:00+00:00,33105.91667
2023-03-15 09:00:00+00:00,33224.25
2023-03-15 10:00:00+00:00,33535.66667
2023-03-15 11:00:00+00:00,34366.83333
2023-03-15 12:00:00+00:00,34058.33333
2023-03-15 13:00:00+00:00,33461.66667
2023-03-15 14:00:00+00:00,33273.16667
2023-03-15 15:00:00+00:00,32874.25
2023-03-15 16:00:00+00:00,32654.41667
2023-03-15 17:00:00+00:00,30470.58333
2023-03-15 18:00:00+00:00,31360.91667
2023-03-15 19:00:00+00:00,32805.91667
2023-03-15 20:00:00+00:00,32510.5
2023-03-15 21:00:00+00:00,30400.08333
2023-03-15 22:00:00+00:00,27200.25
2023-03-15 23:00:00+00:00,25289.33333
2023-03-16 00:00:00+00:00,24061.91667
2023-03-16 01:00:00+00:00,22766.58333
2023-03-16 02:00:00+00:00,22632.33333
2023-03-16 03:00:00+00:00,22406.58333
2023-03-16 04:00:00+00:00,23330.33333
2023-03-16 05:00:00+00:00,27343
2023-03-16 06:00:00+00:00,29578.08333
2023-03-16 07:00:00+00:00,32083.75
2023-03-16 08:00:00+00:00,32904.16667
2023-03-16 09:00:00+00:00,33478.5
2023-03-16 10:00:00+00:00,34417.66667
2023-03-16 11:00:00+00:00,33927.58333
2023-03-16 12:00:00+00:00,33816.41667
2023-03-16 13:00:00+00:00,33870
2023-03-16 14:00:00+00:00,33518
2023-03-16 15:00:00+00:00,33299.58333
2023-03-16 16:00:00+00:00,33410.41667
2023-03-16 17:00:00+00:00,32988.08333
2023-03-16 18:00:00+00:00,34113.41667
2023-03-16 19:00:00+00:00,35156.16667
2023-03-16 20:00:00+00:00,33975.66667
2023-03-16 21:00:00+00:00,31267.83333
2023-03-16 22:00:00+00:00,29545.33333
2023-03-16 23:00:00+00:00,28969.08333
2023-03-17 00:00:00+00:00,27549.33333
2023-03-17 01:00:00+00:00,26807.08333
2023-03-17 02:00:00+00:00,26136.16667
2023-03-17 03:00:00+00:00,25642.91667
2023-03-17 04:00:00+00:00,26147.08333
2023-03-17 05:00:00+00:00,27550.5
2023-03-17 06:00:00+00:00,28955.66667
2023-03-17 07:00:00+00:00,30701.25
2023-03-17 08:00:00+00:00,32539.58333
2023-03-17 09:00:00+00:00,33619.83333
2023-03-17 10:00:00+00:00,32748.66667
2023-03-17 11:00:00+00:00,32531.75
2023-03-17 12:00:00+00:00,32414.66667
2023-03-17 13:00:00+00:00,32205.5
2023-03-17 14:00:00+00:00,31706.58333
2023-03-17 15:00:00+00:00,31606
2023-03-17 16:00:00+00:00,31718.83333
2023-03-17 17:00:00+00:00,31100.25
2023-03-17 18:00:00+00:00,32644.91667
2023-03-17 19:00:00+00:00,33603.91667
2023-03-17 20:00:00+00:00,33341.08333
2023-03-17 21:00:00+00:00,31269.08333
2023-03-17 22:00:00+00:00,29202.66667
2023-03-17 23:00:00+00:00,27066.91667
2023-03-18 00:00:00+00:00,25878.16667
2023-03-18 01:00:00+00:00,25018.75
2023-03-18 02:00:00+00:00,24177.66667
2023-03-18 03:00:00+00:00,23659.16667
2023-03-18 04:00:00+00:00,23688.83333
2023-03-18 05:00:00+00:00,23799.83333
2023-03-18 06:00:00+00:00,24234.08333
2023-03-18 07:00:00+00:00,26082.08333
2023-03-18 08:00:00+00:00,28166.41667
2023-03-18 09:00:00+00:00,28891
2023-03-18 10:00:00+00:00,28965.66667
2023-03-18 11:00:00+00:00,28095.91667
2023-03-18 12:00:00+00:00,27514.75
2023-03-18 13:00:00+00:00,28065.41667
2023-03-18 14:00:00+00:00,28340.5
2023-03-18 15:00:00+00:00,28027.5
2023-03-18 16:00:00+00:00,27220.66667
2023-03-18 17:00:00+00:00,27202.66667
2023-03-18 18:00:00+00:00,27514.58333
2023-03-18 19:00:00+00:00,28160.5
2023-03-18 20:00:00+00:00,27552.33333
2023-03-18 21:00:00+00:00,27296.41667
2023-03-18 22:00:00+00:00,26323.25
2023-03-18 23:00:00+00:00,23571.83333
2023-03-19 00:00:00+00:00,22830.58333
2023-03-19 01:00:00+00:00,21643.16667
2023-03-19 02:00:00+00:00,21625.66667
2023-03-19 03:00:00+00:00,21451.5
2023-03-19 04:00:00+00:00,21787.58333
2023-03-19 05:00:00+00:00,22828.25
2023-03-19 06:00:00+00:00,23167.33333
2023-03-19 07:00:00+00:00,25353.08333
2023-03-19 08:00:00+00:00,27994.5
2023-03-19 09:00:00+00:00,28913.33333
2023-03-19 10:00:00+00:00,29165.91667
2023-03-19 11:00:00+00:00,28982.75
2023-03-19 12:00:00+00:00,28538.66667
2023-03-19 13:00:00+00:00,28505.25
2023-03-19 14:00:00+00:00,27642.75
2023-03-19 15:00:00+00:00,27302.5
2023-03-19 16:00:00+00:00,27483.83333
2023-03-19 17:00:00+00:00,26802.58333
2023-03-19 18:00:00+00:00,27753.75
2023-03-19 19:00:00+00:00,29390.58333
2023-03-19 20:00:00+00:00,27648.83333
2023-03-19 21:00:00+00:00,27737
2023-03-19 22:00:00+00:00,26164.83333
2023-03-19 23:00:00+00:00,23386.83333
2023-03-20 00:00:00+00:00,22059.16667
2023-03-20 01:00:00+00:00,20877.41667
2023-03-20 02:00:00+00:00,20288.91667
2023-03-20 03:00:00+00:00,19863.91667
2023-03-20 04:00:00+00:00,21696.75
2023-03-20 05:00:00+00:00,25528.66667
2023-03-20 06:00:00+00:00,27188.5
2023-03-20 07:00:00+00:00,30202.83333
2023-03-20 08:00:00+00:00,31905.41667
2023-03-20 09:00:00+00:00,32440.83333
2023-03-20 10:00:00+00:00,33129.25
2023-03-20 11:00:00+00:00,32731.75
2023-03-20 12:00:00+00:00,32924.16667
2023-03-20 13:00:00+00:00,32589.66667
2023-03-20 14:00:00+00:00,32019.25
2023-03-20 15:00:00+00:00,31894.58333
2023-03-20 16:00:00+00:00,31227.16667
2023-03-20 17:00:00+00:00,30370.25
2023-03-20 18:00:00+00:00,31108.33333
2023-03-20 19:00:00+00:00,32566.83333
2023-03-20 20:00:00+00:00,31423.41667
2023-03-20 21:00:00+00:00,30498.41667
2023-03-20 22:00:00+00:00,27685.91667
2023-03-20 23:00:00+00:00,24798.16667
2023-03-21 00:00:00+00:00,23156.75
2023-03-21 01:00:00+00:00,22008.5
2023-03-21 02:00:00+00:00,21539.08333
2023-03-21 03:00:00+00:00,21831.66667
2023-03-21 04:00:00+00:00,22823.91667
2023-03-21 05:00:00+00:00,25739.25
2023-03-21 06:00:00+00:00,28162.83333
2023-03-21 07:00:00+00:00,30720.91667
2023-03-21 08:00:00+00:00,31529.66667
2023-03-21 09:00:00+00:00,32348.91667
2023-03-21 10:00:00+00:00,32265
2023-03-21 11:00:00+00:00,32353.66667
2023-03-21 12:00:00+00:00,32715.41667
2023-03-21 13:00:00+00:00,32532
2023-03-21 14:00:00+00:00,32446.16667
2023-03-21 15:00:00+00:00,31808.33333
2023-03-21 16:00:00+00:00,31512.16667
2023-03-21 17:00:00+00:00,29821.33333
2023-03-21 18:00:00+00:00,29910.66667
2023-03-21 19:00:00+00:00,30039.33333
2023-03-21 20:00:00+00:00,29598.75
2023-03-21 21:00:00+00:00,27204.83333
2023-03-21 22:00:00+00:00,24817.91667
2023-03-21 23:00:00+00:00,23836
2023-03-22 00:00:00+00:00,22969.91667
2023-03-22 01:00:00+00:00,21867.33333
2023-03-22 02:00:00+00:00,21537.25
2023-03-22 03:00:00+00:00,21264.33333
2023-03-22 04:00:00+00:00,21452.08333
2023-03-22 05:00:00+00:00,24539.66667
2023-03-22 06:00:00+00:00,26001
2023-03-22 07:00:00+00:00,28024.41667
2023-03-22 08:00:00+00:00,30309.75
2023-03-22 09:00:00+00:00,30312
2023-03-22 10:00:00+00:00,30029.58333
2023-03-22 11:00:00+00:00,30001.33333
2023-03-22 12:00:00+00:00,30159.41667
2023-03-22 13:00:00+00:00,30638.91667
2023-03-22 14:00:00+00:00,30635
2023-03-22 15:00:00+00:00,32190.58333
2023-03-22 16:00:00+00:00,31928
2023-03-22 17:00:00+00:00,30603.75
2023-03-22 18:00:00+00:00,30615.58333
2023-03-22 19:00:00+00:00,31955.91667
2023-03-22 20:00:00+00:00,32114
2023-03-22 21:00:00+00:00,28470.66667
2023-03-22 22:00:00+00:00,26343.91667
2023-03-22 23:00:00+00:00,24213.5
2023-03-23 00:00:00+00:00,23125.91667
2023-03-23 01:00:00+00:00,22190.16667
2023-03-23 02:00:00+00:00,22097.25
2023-03-23 03:00:00+00:00,21972.83333
2023-03-23 04:00:00+00:00,22707
2023-03-23 05:00:00+00:00,24122.75
2023-03-23 06:00:00+00:00,26409.83333
2023-03-23 07:00:00+00:00,30037.83333
2023-03-23 08:00:00+00:00,32376.16667
2023-03-23 09:00:00+00:00,31884.83333
2023-03-23 10:00:00+00:00,31134.66667
2023-03-23 11:00:00+00:00,32106.58333
2023-03-23 12:00:00+00:00,32434.25
2023-03-23 13:00:00+00:00,32914
2023-03-23 14:00:00+00:00,32307.08333
2023-03-23 15:00:00+00:00,32320
2023-03-23 16:00:00+00:00,32889.08333
2023-03-23 17:00:00+00:00,31785.83333
2023-03-23 18:00:00+00:00,32256.58333
2023-03-23 19:00:00+00:00,33540.5
2023-03-23 20:00:00+00:00,31895.66667
2023-03-23 21:00:00+00:00,30386.16667
2023-03-23 22:00:00+00:00,28397.08333
2023-03-23 23:00:00+00:00,25932.5
2023-03-24 00:00:00+00:00,23614.16667
2023-03-24 01:00:00+00:00,22016.41667
2023-03-24 02:00:00+00:00,21478.58333
2023-03-24 03:00:00+00:00,21224.33333
2023-03-24 04:00:00+00:00,21260
2023-03-24 05:00:00+00:00,25544.91667
2023-03-24 06:00:00+00:00,28590.33333
2023-03-24 07:00:00+00:00,30975.5
2023-03-24 08:00:00+00:00,32053.83333
2023-03-24 09:00:00+00:00,32680
2023-03-24 10:00:00+00:00,33053.58333
2023-03-24 11:00:00+00:00,32549.16667
2023-03-24 12:00:00+00:00,32681.16667
2023-03-24 13:00:00+00:00,32680.33333
2023-03-24 14:00:00+00:00,32227.41667
2023-03-24 15:00:00+00:00,32455.91667
2023-03-24 16:00:00+00:00,33131.25
2023-03-24 17:00:00+00:00,31968.25
2023-03-24 18:00:00+00:00,31717.41667
2023-03-24 19:00:00+00:00,31127.41667
2023-03-24 20:00:00+00:00,30392.66667
2023-03-24 21:00:00+00:00,29294
2023-03-24 22:00:00+00:00,26022.5
2023-03-24 23:00:00+00:00,23968.16667
2023-03-25 00:00:00+00:00,22906.83333
2023-03-25 01:00:00+00:00,21880.5
2023-03-25 02:00:00+00:00,20598
2023-03-25 03:00:00+00:00,20502.66667
2023-03-25 04:00:00+00:00,20055.83333
2023-03-25 05:00:00+00:00,20281.08333
2023-03-25 06:00:00+00:00,20664.25
2023-03-25 07:00:00+00:00,22476.41667
2023-03-25 08:00:00+00:00,24514.66667
2023-03-25 09:00:00+00:00,25343.75
2023-03-25 10:00:00+00:00,25569.5
2023-03-25 11:00:00+00:00,26344.5
2023-03-25 12:00:00+00:00,26241.16667
2023-03-25 13:00:00+00:00,26860
2023-03-25 14:00:00+00:00,27584.33333
2023-03-25 15:00:00+00:00,27623.25
2023-03-25 16:00:00+00:00,27304.75
2023-03-25 17:00:00+00:00,27625.66667
2023-03-25 18:00:00+00:00,27848.75
2023-03-25 19:00:00+00:00,29217.08333
2023-03-25 20:00:00+00:00,28608.58333
2023-03-25 21:00:00+00:00,27461
2023-03-25 22:00:00+00:00,26483.41667
2023-03-25 23:00:00+00:00,25756.66667
2023-03-26 00:00:00+00:00,24521
2023-03-26 01:00:00+00:00,23759.25
2023-03-26 02:00:00+00:00,23048.66667
2023-03-26 03:00:00+00:00,23371
2023-03-26 04:00:00+00:00,23192.16667
2023-03-26 05:00:00+00:00,23915.41667
2023-03-26 06:00:00+00:00,24117.91667
2023-03-26 07:00:00+00:00,25389.25
2023-03-26 08:00:00+00:00,27311.16667
2023-03-26 09:00:00+00:00,27768.16667
2023-03-26 10:00:00+00:00,27968.83333
2023-03-26 11:00:00+00:00,27693.5
2023-03-26 12:00:00+00:00,28316.25
2023-03-26 13:00:00+00:00,25053.33333
2023-03-26 14:00:00+00:00,23797.91667
2023-03-26 15:00:00+00:00,23787.5
2023-03-26 16:00:00+00:00,24710.08333
2023-03-26 17:00:00+00:00,27721.5
2023-03-26 18:00:00+00:00,29234.58333
2023-03-26 19:00:00+00:00,30325.91667
2023-03-26 20:00:00+00:00,29336.16667
2023-03-26 21:00:00+00:00,28744.08333
2023-03-26 22:00:00+00:00,26925.08333
2023-03-26 23:00:00+00:00,26132.58333
2023-03-27 00:00:00+00:00,25515.75
2023-03-27 01:00:00+00:00,24945.25
2023-03-27 02:00:00+00:00,25018.91667
2023-03-27 03:00:00+00:00,25803.33333
2023-03-27 04:00:00+00:00,26749.5
2023-03-27 05:00:00+00:00,29080.58333
2023-03-27 06:00:00+00:00,30266.75
2023-03-27 07:00:00+00:00,31716.25
2023-03-27 08:00:00+00:00,32717.25
2023-03-27 09:00:00+00:00,33263.5
2023-03-27 10:00:00+00:00,33277.41667
2023-03-27 11:00:00+00:00,33326.41667
2023-03-27 12:00:00+00:00,32908.41667
2023-03-27 13:00:00+00:00,30578.66667
2023-03-27 14:00:00+00:00,29883.66667
2023-03-27 15:00:00+00:00,30092.41667
2023-03-27 16:00:00+00:00,31504.16667
2023-03-27 17:00:00+00:00,30924.08333
2023-03-27 18:00:00+00:00,31931.08333
2023-03-27 19:00:00+00:00,31312.66667
2023-03-27 20:00:00+00:00,29618.91667
2023-03-27 21:00:00+00:00,28594.25
2023-03-27 22:00:00+00:00,27451.75
2023-03-27 23:00:00+00:00,25525.33333
2023-03-28 00:00:00+00:00,24266.5
2023-03-28 01:00:00+00:00,23599
2023-03-28 02:00:00+00:00,23514.66667
2023-03-28 03:00:00+00:00,24151
2023-03-28 04:00:00+00:00,26668.58333
2023-03-28 05:00:00+00:00,29168.91667
2023-03-28 06:00:00+00:00,30145.83333
2023-03-28 07:00:00+00:00,31691.5
2023-03-28 08:00:00+00:00,31859.33333
2023-03-28 09:00:00+00:00,32760.08333
2023-03-28 10:00:00+00:00,32784.91667
2023-03-28 11:00:00+00:00,32684.16667
2023-03-28 12:00:00+00:00,31889.33333
2023-03-28 13:00:00+00:00,31396.25
2023-03-28 14:00:00+00:00,30610.33333
2023-03-28 15:00:00+00:00,30736.83333
2023-03-28 16:00:00+00:00,30434.58333
2023-03-28 17:00:00+00:00,30001.5
2023-03-28 18:00:00+00:00,31705
2023-03-28 19:00:00+00:00,31392.41667
2023-03-28 20:00:00+00:00,30184.58333
2023-03-28 21:00:00+00:00,28394.83333
2023-03-28 22:00:00+00:00,27451.91667
2023-03-28 23:00:00+00:00,25917.66667
2023-03-29 00:00:00+00:00,25411.25
2023-03-29 01:00:00+00:00,24890.83333
2023-03-29 02:00:00+00:00,24455.41667
2023-03-29 03:00:00+00:00,24591.58333
2023-03-29 04:00:00+00:00,26364.08333
2023-03-29 05:00:00+00:00,28551.58333
2023-03-29 06:00:00+00:00,29608.33333
2023-03-29 07:00:00+00:00,30921
2023-03-29 08:00:00+00:00,32188.16667
2023-03-29 09:00:00+00:00,32620.25
2023-03-29 10:00:00+00:00,31640.66667
2023-03-29 11:00:00+00:00,31412
2023-03-29 12:00:00+00:00,30902.16667
2023-03-29 13:00:00+00:00,30121
2023-03-29 14:00:00+00:00,29128.25
2023-03-29 15:00:00+00:00,29017.66667
2023-03-29 16:00:00+00:00,28387.75
2023-03-29 17:00:00+00:00,29500.83333
2023-03-29 18:00:00+00:00,31089.5
2023-03-29 19:00:00+00:00,31933.5
2023-03-29 20:00:00+00:00,30761.16667
2023-03-29 21:00:00+00:00,28764.25
2023-03-29 22:00:00+00:00,27216.33333
2023-03-29 23:00:00+00:00,26185.83333
2023-03-30 00:00:00+00:00,25322.33333
2023-03-30 01:00:00+00:00,24815.16667
2023-03-30 02:00:00+00:00,24823.66667
2023-03-30 03:00:00+00:00,24897.08333
2023-03-30 04:00:00+00:00,27052.41667
2023-03-30 05:00:00+00:00,29092.33333
2023-03-30 06:00:00+00:00,30079.16667
2023-03-30 07:00:00+00:00,31859.08333
2023-03-30 08:00:00+00:00,31973.08333
2023-03-30 09:00:00+00:00,31799
2023-03-30 10:00:00+00:00,31205.08333
2023-03-30 11:00:00+00:00,30009.91667
2023-03-30 12:00:00+00:00,29169.33333
2023-03-30 13:00:00+00:00,28465.5
2023-03-30 14:00:00+00:00,28587.91667
2023-03-30 15:00:00+00:00,28193.83333
2023-03-30 16:00:00+00:00,28554.33333
2023-03-30 17:00:00+00:00,29984.41667
2023-03-30 18:00:00+00:00,31969.91667
2023-03-30 19:00:00+00:00,32400
2023-03-30 20:00:00+00:00,30695
2023-03-30 21:00:00+00:00,28568.08333
2023-03-30 22:00:00+00:00,27966.83333
2023-03-30 23:00:00+00:00,26212.66667
2023-03-31 00:00:00+00:00,25207.83333
2023-03-31 01:00:00+00:00,24393.25
2023-03-31 02:00:00+00:00,24473.08333
2023-03-31 03:00:00+00:00,24950.41667
2023-03-31 04:00:00+00:00,26303.83333
2023-03-31 05:00:00+00:00,28753.91667
2023-03-31 06:00:00+00:00,30039.16667
2023-03-31 07:00:00+00:00,31310.91667
2023-03-31 08:00:00+00:00,31944.5
2023-03-31 09:00:00+00:00,31944.25
2023-03-31 10:00:00+00:00,32231.25
2023-03-31 11:00:00+00:00,31807.16667
2023-03-31 12:00:00+00:00,30949.08333
2023-03-31 13:00:00+00:00,30034.08333
2023-03-31 14:00:00+00:00,29495.58333
2023-03-31 15:00:00+00:00,29426.83333
2023-03-31 16:00:00+00:00,30416.83333
2023-03-31 17:00:00+00:00,30234.33333
2023-03-31 18:00:00+00:00,31156.08333
2023-03-31 19:00:00+00:00,31931.16667
2023-03-31 20:00:00+00:00,30060.33333
2023-03-31 21:00:00+00:00,28274.25
2023-03-31 22:00:00+00:00,26190.41667
2023-03-31 23:00:00+00:00,24881.16667
2023-04-01 00:00:00+00:00,23466.41667
2023-04-01 01:00:00+00:00,22909
2023-04-01 02:00:00+00:00,22881.58333
2023-04-01 03:00:00+00:00,22724
2023-04-01 04:00:00+00:00,22737
2023-04-01 05:00:00+00:00,23523.41667
2023-04-01 06:00:00+00:00,23754.5
2023-04-01 07:00:00+00:00,26036.16667
2023-04-01 08:00:00+00:00,28159
2023-04-01 09:00:00+00:00,28637.5
2023-04-01 10:00:00+00:00,28363
2023-04-01 11:00:00+00:00,28236.5
2023-04-01 12:00:00+00:00,27662
2023-04-01 13:00:00+00:00,26127.83333
2023-04-01 14:00:00+00:00,25334.25
2023-04-01 15:00:00+00:00,25573.08333
2023-04-01 16:00:00+00:00,26244.16667
2023-04-01 17:00:00+00:00,27697.08333
2023-04-01 18:00:00+00:00,28908.16667
2023-04-01 19:00:00+00:00,30157.16667
2023-04-01 20:00:00+00:00,28851.58333
2023-04-01 21:00:00+00:00,27172.58333
2023-04-01 22:00:00+00:00,26275
2023-04-01 23:00:00+00:00,24358.25
2023-04-02 00:00:00+00:00,23458.58333
2023-04-02 01:00:00+00:00,22309.41667
2023-04-02 02:00:00+00:00,21632.41667
2023-04-02 03:00:00+00:00,21747.08333
2023-04-02 04:00:00+00:00,21831.16667
2023-04-02 05:00:00+00:00,22177.83333
2023-04-02 06:00:00+00:00,22988.41667
2023-04-02 07:00:00+00:00,24363.83333
2023-04-02 08:00:00+00:00,25446.75
2023-04-02 09:00:00+00:00,25016.41667
2023-04-02 10:00:00+00:00,24964.08333
2023-04-02 11:00:00+00:00,24927.58333
2023-04-02 12:00:00+00:00,24852.33333
2023-04-02 13:00:00+00:00,23770.5
2023-04-02 14:00:00+00:00,23075.75
2023-04-02 15:00:00+00:00,23107.08333
2023-04-02 16:00:00+00:00,24028.5
2023-04-02 17:00:00+00:00,25594.5
2023-04-02 18:00:00+00:00,27478.16667
2023-04-02 19:00:00+00:00,29495.58333
2023-04-02 20:00:00+00:00,28633.08333
2023-04-02 21:00:00+00:00,27365.16667
2023-04-02 22:00:00+00:00,25305.83333
2023-04-02 23:00:00+00:00,24326.25
2023-04-03 00:00:00+00:00,23518.66667
2023-04-03 01:00:00+00:00,22956.66667
2023-04-03 02:00:00+00:00,22911.41667
2023-04-03 03:00:00+00:00,23495.33333
2023-04-03 04:00:00+00:00,25673
2023-04-03 05:00:00+00:00,27569.33333
2023-04-03 06:00:00+00:00,28850.83333
2023-04-03 07:00:00+00:00,31749.83333
2023-04-03 08:00:00+00:00,31508.75
2023-04-03 09:00:00+00:00,30761.16667
2023-04-03 10:00:00+00:00,29954.16667
2023-04-03 11:00:00+00:00,29643.41667
2023-04-03 12:00:00+00:00,29329.75
2023-04-03 13:00:00+00:00,28186.41667
2023-04-03 14:00:00+00:00,27927.08333
2023-04-03 15:00:00+00:00,28346.5
2023-04-03 16:00:00+00:00,29545.75
2023-04-03 17:00:00+00:00,29106.66667
2023-04-03 18:00:00+00:00,28991.41667
2023-04-03 19:00:00+00:00,30037.25
2023-04-03 20:00:00+00:00,29915.33333
2023-04-03 21:00:00+00:00,27375.91667
2023-04-03 22:00:00+00:00,25781.83333
2023-04-03 23:00:00+00:00,25170
2023-04-04 00:00:00+00:00,24722.75
2023-04-04 01:00:00+00:00,24558.25
2023-04-04 02:00:00+00:00,24339.75
2023-04-04 03:00:00+00:00,24518.33333
2023-04-04 04:00:00+00:00,25665.58333
2023-04-04 05:00:00+00:00,27492.25
2023-04-04 06:00:00+00:00,28766
2023-04-04 07:00:00+00:00,30707.33333
2023-04-04 08:00:00+00:00,31078.83333
2023-04-04 09:00:00+00:00,30891
2023-04-04 10:00:00+00:00,30953.91667
2023-04-04 11:00:00+00:00,30569
2023-04-04 12:00:00+00:00,29807.08333
2023-04-04 13:00:00+00:00,28265.66667
2023-04-04 14:00:00+00:00,29045
2023-04-04 15:00:00+00:00,29279.66667
2023-04-04 16:00:00+00:00,29715.83333
2023-04-04 17:00:00+00:00,31111.25
2023-04-04 18:00:00+00:00,31582.33333
2023-04-04 19:00:00+00:00,32399.5
2023-04-04 20:00:00+00:00,30853.83333
2023-04-04 21:00:00+00:00,29245.16667
2023-04-04 22:00:00+00:00,27093.41667
2023-04-04 23:00:00+00:00,24771.08333
2023-04-05 00:00:00+00:00,23264.75
2023-04-05 01:00:00+00:00,22453.16667
2023-04-05 02:00:00+00:00,21963.75
2023-04-05 03:00:00+00:00,21938.91667
2023-04-05 04:00:00+00:00,23159.91667
2023-04-05 05:00:00+00:00,25618.58333
2023-04-05 06:00:00+00:00,26410.75
2023-04-05 07:00:00+00:00,28786
2023-04-05 08:00:00+00:00,30418.08333
2023-04-05 09:00:00+00:00,31420.16667
2023-04-05 10:00:00+00:00,30723.83333
2023-04-05 11:00:00+00:00,29895.75
2023-04-05 12:00:00+00:00,29275.58333
2023-04-05 13:00:00+00:00,28431.75
2023-04-05 14:00:00+00:00,28002.41667
2023-04-05 15:00:00+00:00,28951.66667
2023-04-05 16:00:00+00:00,29440.83333
2023-04-05 17:00:00+00:00,29098.75
2023-04-05 18:00:00+00:00,29412.58333
2023-04-05 19:00:00+00:00,29624.83333
2023-04-05 20:00:00+00:00,28917.66667
2023-04-05 21:00:00+00:00,26982.66667
2023-04-05 22:00:00+00:00,24934.5
2023-04-05 23:00:00+00:00,23594.16667
2023-04-06 00:00:00+00:00,22697.08333
2023-04-06 01:00:00+00:00,22095.5
2023-04-06 02:00:00+00:00,21329.83333
2023-04-06 03:00:00+00:00,21665.41667
2023-04-06 04:00:00+00:00,23176.08333
2023-04-06 05:00:00+00:00,24260.08333
2023-04-06 06:00:00+00:00,25304.91667
2023-04-06 07:00:00+00:00,27260.58333
2023-04-06 08:00:00+00:00,27585.91667
2023-04-06 09:00:00+00:00,27899.41667
2023-04-06 10:00:00+00:00,27496.5
2023-04-06 11:00:00+00:00,27215.25
2023-04-06 12:00:00+00:00,26728.66667
2023-04-06 13:00:00+00:00,25935.33333
2023-04-06 14:00:00+00:00,25333.33333
2023-04-06 15:00:00+00:00,25205.33333
2023-04-06 16:00:00+00:00,25914.25
2023-04-06 17:00:00+00:00,27048.25
2023-04-06 18:00:00+00:00,28885.08333
2023-04-06 19:00:00+00:00,30110.5
2023-04-06 20:00:00+00:00,28279.83935
2023-04-06 21:00:00+00:00,26517.25
2023-04-06 22:00:00+00:00,25473
2023-04-06 23:00:00+00:00,24589.75
2023-04-07 00:00:00+00:00,23172.66667
2023-04-07 01:00:00+00:00,22149.83333
2023-04-07 02:00:00+00:00,21227.66667
2023-04-07 03:00:00+00:00,21208.5
2023-04-07 04:00:00+00:00,21471.25
2023-04-07 05:00:00+00:00,22008.91667
2023-04-07 06:00:00+00:00,22419.91667
2023-04-07 07:00:00+00:00,25571.16667
2023-04-07 08:00:00+00:00,26667.41667
2023-04-07 09:00:00+00:00,25484.41667
2023-04-07 10:00:00+00:00,25379.66667
2023-04-07 11:00:00+00:00,25419.91667
2023-04-07 12:00:00+00:00,25051.08333
2023-04-07 13:00:00+00:00,23835.16667
2023-04-07 14:00:00+00:00,23098.83333
2023-04-07 15:00:00+00:00,23376.75
2023-04-07 16:00:00+00:00,24279.66667
2023-04-07 17:00:00+00:00,25132.58333
2023-04-07 18:00:00+00:00,25627.91667
2023-04-07 19:00:00+00:00,26972.83333
2023-04-07 20:00:00+00:00,26387.25
2023-04-07 21:00:00+00:00,24852.58333
2023-04-07 22:00:00+00:00,24146.16667
2023-04-07 23:00:00+00:00,22980.91667
2023-04-08 00:00:00+00:00,21698.5
2023-04-08 01:00:00+00:00,20477.75
2023-04-08 02:00:00+00:00,19882.75
2023-04-08 03:00:00+00:00,19745
2023-04-08 04:00:00+00:00,21524
2023-04-08 05:00:00+00:00,21648.25
2023-04-08 06:00:00+00:00,22587.08333
2023-04-08 07:00:00+00:00,25444.5
2023-04-08 08:00:00+00:00,26346.91667
2023-04-08 09:00:00+00:00,27227.5
2023-04-08 10:00:00+00:00,27445.16667
2023-04-08 11:00:00+00:00,27346.58333
2023-04-08 12:00:00+00:00,27281.58333
2023-04-08 13:00:00+00:00,26315.25
2023-04-08 14:00:00+00:00,25690.75
2023-04-08 15:00:00+00:00,25872
2023-04-08 16:00:00+00:00,26426.66667
2023-04-08 17:00:00+00:00,27140.58333
2023-04-08 18:00:00+00:00,26318.58333
2023-04-08 19:00:00+00:00,27455.08333
2023-04-08 20:00:00+00:00,26531.41667
2023-04-08 21:00:00+00:00,24761.91667
2023-04-08 22:00:00+00:00,23027.16667
2023-04-08 23:00:00+00:00,21899.58333
2023-04-09 00:00:00+00:00,20934.33333
2023-04-09 01:00:00+00:00,20020.08333
2023-04-09 02:00:00+00:00,19299.33333
2023-04-09 03:00:00+00:00,19139
2023-04-09 04:00:00+00:00,19000.08333
2023-04-09 05:00:00+00:00,19418.33333
2023-04-09 06:00:00+00:00,20508.75
2023-04-09 07:00:00+00:00,23241.58333
2023-04-09 08:00:00+00:00,25351.33333
2023-04-09 09:00:00+00:00,25402.33333
2023-04-09 10:00:00+00:00,25289.25
2023-04-09 11:00:00+00:00,25736.33333
2023-04-09 12:00:00+00:00,25759.16667
2023-04-09 13:00:00+00:00,23989.41667
2023-04-09 14:00:00+00:00,23087.41667
2023-04-09 15:00:00+00:00,23136.08333
2023-04-09 16:00:00+00:00,23941.08333
2023-04-09 17:00:00+00:00,24170.33333
2023-04-09 18:00:00+00:00,24946.75
2023-04-09 19:00:00+00:00,26155.25
2023-04-09 20:00:00+00:00,25496.83333
2023-04-09 21:00:00+00:00,23354.91667
2023-04-09 22:00:00+00:00,20392.83333
2023-04-09 23:00:00+00:00,19448
2023-04-10 00:00:00+00:00,19285.08333
2023-04-10 01:00:00+00:00,18512.66667
2023-04-10 02:00:00+00:00,18395
2023-04-10 03:00:00+00:00,18625.91667
2023-04-10 04:00:00+00:00,19740.33333
2023-04-10 05:00:00+00:00,21729.33333
2023-04-10 06:00:00+00:00,22618.66667
2023-04-10 07:00:00+00:00,23923.5
2023-04-10 08:00:00+00:00,24647.75
2023-04-10 09:00:00+00:00,24444.58333
2023-04-10 10:00:00+00:00,24287.5
2023-04-10 11:00:00+00:00,24520.83333
2023-04-10 12:00:00+00:00,24604.5
2023-04-10 13:00:00+00:00,23584.08333
2023-04-10 14:00:00+00:00,23123.33333
2023-04-10 15:00:00+00:00,25705.41667
2023-04-10 16:00:00+00:00,26773.75
2023-04-10 17:00:00+00:00,27528.33333
2023-04-10 18:00:00+00:00,26227.08333
2023-04-10 19:00:00+00:00,26681.91667
2023-04-10 20:00:00+00:00,24990.66667
2023-04-10 21:00:00+00:00,23691
2023-04-10 22:00:00+00:00,22755.83333
2023-04-10 23:00:00+00:00,21975.83333
2023-04-11 00:00:00+00:00,20615.58333
2023-04-11 01:00:00+00:00,19917.16667
2023-04-11 02:00:00+00:00,19881.33333
2023-04-11 03:00:00+00:00,19744.33333
2023-04-11 04:00:00+00:00,21251.41667
2023-04-11 05:00:00+00:00,23973.75
2023-04-11 06:00:00+00:00,26293.33333
2023-04-11 07:00:00+00:00,29665.25
2023-04-11 08:00:00+00:00,30137.66667
2023-04-11 09:00:00+00:00,30882.25
2023-04-11 10:00:00+00:00,30778.91667
2023-04-11 11:00:00+00:00,30812.75
2023-04-11 12:00:00+00:00,30632.16667
2023-04-11 13:00:00+00:00,30052.83333
2023-04-11 14:00:00+00:00,29593.91667
2023-04-11 15:00:00+00:00,30056.66667
2023-04-11 16:00:00+00:00,29782
2023-04-11 17:00:00+00:00,28959
2023-04-11 18:00:00+00:00,29994.16667
2023-04-11 19:00:00+00:00,30618.16667
2023-04-11 20:00:00+00:00,29255.08333
2023-04-11 21:00:00+00:00,27154.91667
2023-04-11 22:00:00+00:00,25552.16667
2023-04-11 23:00:00+00:00,25534.5
2023-04-12 00:00:00+00:00,24147.58333
2023-04-12 01:00:00+00:00,24134.33333
2023-04-12 02:00:00+00:00,24114.33333
2023-04-12 03:00:00+00:00,24543.91667
2023-04-12 04:00:00+00:00,25889.33333
2023-04-12 05:00:00+00:00,27411.25
2023-04-12 06:00:00+00:00,28747.41667
2023-04-12 07:00:00+00:00,31552.83333
2023-04-12 08:00:00+00:00,32184.16667
2023-04-12 09:00:00+00:00,32449.33333
2023-04-12 10:00:00+00:00,32729.75
2023-04-12 11:00:00+00:00,33428.91667
2023-04-12 12:00:00+00:00,33080.41667
2023-04-12 13:00:00+00:00,31823.16667
2023-04-12 14:00:00+00:00,31385.08333
2023-04-12 15:00:00+00:00,31263.08333
2023-04-12 16:00:00+00:00,31830.33333
2023-04-12 17:00:00+00:00,31924.08333
2023-04-12 18:00:00+00:00,33435.41667
2023-04-12 19:00:00+00:00,33400.5
2023-04-12 20:00:00+00:00,31176.41667
2023-04-12 21:00:00+00:00,29285.08333
2023-04-12 22:00:00+00:00,27272.75
2023-04-12 23:00:00+00:00,26074.58333
2023-04-13 00:00:00+00:00,25161.66667
2023-04-13 01:00:00+00:00,24881.41667
2023-04-13 02:00:00+00:00,24549.08333
2023-04-13 03:00:00+00:00,24870.91667
2023-04-13 04:00:00+00:00,25515.41667
2023-04-13 05:00:00+00:00,27177.16667
2023-04-13 06:00:00+00:00,28732.16667
2023-04-13 07:00:00+00:00,31589.66667
2023-04-13 08:00:00+00:00,31968.5
2023-04-13 09:00:00+00:00,30496.83333
2023-04-13 10:00:00+00:00,30809.33333
2023-04-13 11:00:00+00:00,30888.08333
2023-04-13 12:00:00+00:00,30358.58333
2023-04-13 13:00:00+00:00,29832.08333
2023-04-13 14:00:00+00:00,29577
2023-04-13 15:00:00+00:00,29634
2023-04-13 16:00:00+00:00,29757.83333
2023-04-13 17:00:00+00:00,30389.33333
2023-04-13 18:00:00+00:00,31521.83333
2023-04-13 19:00:00+00:00,31904
2023-04-13 20:00:00+00:00,29544.16667
2023-04-13 21:00:00+00:00,27100.91667
2023-04-13 22:00:00+00:00,25771.58333
2023-04-13 23:00:00+00:00,24996.41667
2023-04-14 00:00:00+00:00,23577.16667
2023-04-14 01:00:00+00:00,23305.5
2023-04-14 02:00:00+00:00,23689.83333
2023-04-14 03:00:00+00:00,24203.75
2023-04-14 04:00:00+00:00,25465.41667
2023-04-14 05:00:00+00:00,27372.5
2023-04-14 06:00:00+00:00,29411.16667
2023-04-14 07:00:00+00:00,32085.66667
2023-04-14 08:00:00+00:00,32748.5
2023-04-14 09:00:00+00:00,31987.66667
2023-04-14 10:00:00+00:00,32059.83333
2023-04-14 11:00:00+00:00,31754.66667
2023-04-14 12:00:00+00:00,30799.25
2023-04-14 13:00:00+00:00,29946.58333
2023-04-14 14:00:00+00:00,29432.5
2023-04-14 15:00:00+00:00,29841.16667
2023-04-14 16:00:00+00:00,30536.75
2023-04-14 17:00:00+00:00,31186.75
2023-04-14 18:00:00+00:00,31905.91667
2023-04-14 19:00:00+00:00,32632.33333
2023-04-14 20:00:00+00:00,31010.33333
2023-04-14 21:00:00+00:00,28937.41667
2023-04-14 22:00:00+00:00,28053.16667
2023-04-14 23:00:00+00:00,26969.91667
2023-04-15 00:00:00+00:00,26201.33333
2023-04-15 01:00:00+00:00,25568.75
2023-04-15 02:00:00+00:00,25250.66667
2023-04-15 03:00:00+00:00,24967.33333
2023-04-15 04:00:00+00:00,24790.91667
2023-04-15 05:00:00+00:00,25255.25
2023-04-15 06:00:00+00:00,26605.83333
2023-04-15 07:00:00+00:00,29164.16667
2023-04-15 08:00:00+00:00,29727.25
2023-04-15 09:00:00+00:00,29697.66667
2023-04-15 10:00:00+00:00,29943.41667
2023-04-15 11:00:00+00:00,30083.91667
2023-04-15 12:00:00+00:00,29560.66667
2023-04-15 13:00:00+00:00,28321.25
2023-04-15 14:00:00+00:00,27274
2023-04-15 15:00:00+00:00,27072.08333
2023-04-15 16:00:00+00:00,27896.58333
2023-04-15 17:00:00+00:00,29169.66667
2023-04-15 18:00:00+00:00,29553.25
2023-04-15 19:00:00+00:00,30182.16667
2023-04-15 20:00:00+00:00,29340.66667
2023-04-15 21:00:00+00:00,27996.25
2023-04-15 22:00:00+00:00,26582.83333
2023-04-15 23:00:00+00:00,25171.66667
2023-04-16 00:00:00+00:00,24478.66667
2023-04-16 01:00:00+00:00,23500.25
2023-04-16 02:00:00+00:00,22968
2023-04-16 03:00:00+00:00,23017.58333
2023-04-16 04:00:00+00:00,22950.91667
2023-04-16 05:00:00+00:00,23016.16667
2023-04-16 06:00:00+00:00,23400.66667
2023-04-16 07:00:00+00:00,24365.83333
2023-04-16 08:00:00+00:00,25183.75
2023-04-16 09:00:00+00:00,24444
2023-04-16 10:00:00+00:00,24668.83333
2023-04-16 11:00:00+00:00,24887.58333
2023-04-16 12:00:00+00:00,24845.16667
2023-04-16 13:00:00+00:00,24844.83333
2023-04-16 14:00:00+00:00,24229
2023-04-16 15:00:00+00:00,24369.33333
2023-04-16 16:00:00+00:00,25357.66667
2023-04-16 17:00:00+00:00,27601.25
2023-04-16 18:00:00+00:00,27815.33333
2023-04-16 19:00:00+00:00,29196.83333
2023-04-16 20:00:00+00:00,27323.66667
2023-04-16 21:00:00+00:00,26180.41667
2023-04-16 22:00:00+00:00,24855.08333
2023-04-16 23:00:00+00:00,23481.08333
2023-04-17 00:00:00+00:00,22556.58333
2023-04-17 01:00:00+00:00,22286
2023-04-17 02:00:00+00:00,21846.5
2023-04-17 03:00:00+00:00,22590.5
2023-04-17 04:00:00+00:00,24184.83333
2023-04-17 05:00:00+00:00,25521.58333
2023-04-17 06:00:00+00:00,27184.16667
2023-04-17 07:00:00+00:00,30011.58333
2023-04-17 08:00:00+00:00,30575.83333
2023-04-17 09:00:00+00:00,31011.08333
2023-04-17 10:00:00+00:00,30543.25
2023-04-17 11:00:00+00:00,30559.83333
2023-04-17 12:00:00+00:00,30021.83333
2023-04-17 13:00:00+00:00,29266.66667
2023-04-17 14:00:00+00:00,28768.5
2023-04-17 15:00:00+00:00,29064.08333
2023-04-17 16:00:00+00:00,29202.5
2023-04-17 17:00:00+00:00,30214.41667
2023-04-17 18:00:00+00:00,30561.75
2023-04-17 19:00:00+00:00,31665.08333
2023-04-17 20:00:00+00:00,30423.58333
2023-04-17 21:00:00+00:00,28853.75
2023-04-17 22:00:00+00:00,27102.91667
2023-04-17 23:00:00+00:00,26133.41667
2023-04-18 00:00:00+00:00,24937.91667
2023-04-18 01:00:00+00:00,24002.08333
2023-04-18 02:00:00+00:00,22866.66667
2023-04-18 03:00:00+00:00,23166.33333
2023-04-18 04:00:00+00:00,24806.33333
2023-04-18 05:00:00+00:00,26192
2023-04-18 06:00:00+00:00,27744
2023-04-18 07:00:00+00:00,29775.58333
2023-04-18 08:00:00+00:00,30840.5
2023-04-18 09:00:00+00:00,31050.91667
2023-04-18 10:00:00+00:00,30488.83333
2023-04-18 11:00:00+00:00,30165.83333
2023-04-18 12:00:00+00:00,29641.5
2023-04-18 13:00:00+00:00,28683.83333
2023-04-18 14:00:00+00:00,28326.25
2023-04-18 15:00:00+00:00,28367.83333
2023-04-18 16:00:00+00:00,28703
2023-04-18 17:00:00+00:00,30060.08333
2023-04-18 18:00:00+00:00,30133.75
2023-04-18 19:00:00+00:00,29298.33333
2023-04-18 20:00:00+00:00,28672.66667
2023-04-18 21:00:00+00:00,26949
2023-04-18 22:00:00+00:00,24365.75
2023-04-18 23:00:00+00:00,23241.66667
2023-04-19 00:00:00+00:00,22756.91667
2023-04-19 01:00:00+00:00,22308.25
2023-04-19 02:00:00+00:00,21856.91667
2023-04-19 03:00:00+00:00,21813.91667
2023-04-19 04:00:00+00:00,23689.58333
2023-04-19 05:00:00+00:00,25866.5
2023-04-19 06:00:00+00:00,27325.75
2023-04-19 07:00:00+00:00,30775.16667
2023-04-19 08:00:00+00:00,31186.5
2023-04-19 09:00:00+00:00,30432.91667
2023-04-19 10:00:00+00:00,30407.08333
2023-04-19 11:00:00+00:00,29405.41667
2023-04-19 12:00:00+00:00,28870.91667
2023-04-19 13:00:00+00:00,28670.66667
2023-04-19 14:00:00+00:00,28215.75
2023-04-19 15:00:00+00:00,27626.25
2023-04-19 16:00:00+00:00,28493.16667
2023-04-19 17:00:00+00:00,26978
2023-04-19 18:00:00+00:00,26221.75
2023-04-19 19:00:00+00:00,26501.66667
2023-04-19 20:00:00+00:00,25978.16667
2023-04-19 21:00:00+00:00,24185.75
2023-04-19 22:00:00+00:00,23028.16667
2023-04-19 23:00:00+00:00,21800.58333
2023-04-20 00:00:00+00:00,20965.66667
2023-04-20 01:00:00+00:00,20627.41667
2023-04-20 02:00:00+00:00,20405.58333
2023-04-20 03:00:00+00:00,20984.16667
2023-04-20 04:00:00+00:00,23009.83333
2023-04-20 05:00:00+00:00,25306.5
2023-04-20 06:00:00+00:00,28181.16667
2023-04-20 07:00:00+00:00,30284.5
2023-04-20 08:00:00+00:00,31094.41667
2023-04-20 09:00:00+00:00,30059.16667
2023-04-20 10:00:00+00:00,29983.25
2023-04-20 11:00:00+00:00,29803.91667
2023-04-20 12:00:00+00:00,29183.91667
2023-04-20 13:00:00+00:00,29008.25
2023-04-20 14:00:00+00:00,29326.5
2023-04-20 15:00:00+00:00,29766.16667
2023-04-20 16:00:00+00:00,29367.83333
2023-04-20 17:00:00+00:00,28988.08333
2023-04-20 18:00:00+00:00,29412.5
2023-04-20 19:00:00+00:00,28228.33333
2023-04-20 20:00:00+00:00,27484.58333
2023-04-20 21:00:00+00:00,24417.83333
2023-04-20 22:00:00+00:00,23252.83333
2023-04-20 23:00:00+00:00,22533.16667
2023-04-21 00:00:00+00:00,21161.5
2023-04-21 01:00:00+00:00,20513.16667
2023-04-21 02:00:00+00:00,20520.5
2023-04-21 03:00:00+00:00,21095.66667
2023-04-21 04:00:00+00:00,24007.33333
2023-04-21 05:00:00+00:00,26284.66667
2023-04-21 06:00:00+00:00,28026.16667
2023-04-21 07:00:00+00:00,29944.33333
2023-04-21 08:00:00+00:00,29785
2023-04-21 09:00:00+00:00,29440.75
2023-04-21 10:00:00+00:00,30054.41667
2023-04-21 11:00:00+00:00,30138.16667
2023-04-21 12:00:00+00:00,29780.5
2023-04-21 13:00:00+00:00,29948.41667
2023-04-21 14:00:00+00:00,29532.5
2023-04-21 15:00:00+00:00,30443.33333
2023-04-21 16:00:00+00:00,30526.33333
2023-04-21 17:00:00+00:00,30545.75
2023-04-21 18:00:00+00:00,30067
2023-04-21 19:00:00+00:00,30346.91667
2023-04-21 20:00:00+00:00,28814
2023-04-21 21:00:00+00:00,26138.08333
2023-04-21 22:00:00+00:00,23929.75
2023-04-21 23:00:00+00:00,23271.08333
2023-04-22 00:00:00+00:00,22037.83333
2023-04-22 01:00:00+00:00,20843.41667
2023-04-22 02:00:00+00:00,20136.91667
2023-04-22 03:00:00+00:00,20281.08333
2023-04-22 04:00:00+00:00,20719
2023-04-22 05:00:00+00:00,21240.41667
2023-04-22 06:00:00+00:00,22528.41667
2023-04-22 07:00:00+00:00,25029.25
2023-04-22 08:00:00+00:00,26813
2023-04-22 09:00:00+00:00,27449.5
2023-04-22 10:00:00+00:00,27567.25
2023-04-22 11:00:00+00:00,26397.5
2023-04-22 12:00:00+00:00,25190.41667
2023-04-22 13:00:00+00:00,25449.16667
2023-04-22 14:00:00+00:00,25413.91667
2023-04-22 15:00:00+00:00,25922.16667
2023-04-22 16:00:00+00:00,26218.41667
2023-04-22 17:00:00+00:00,25888.25
2023-04-22 18:00:00+00:00,25265.83333
2023-04-22 19:00:00+00:00,24811.16667
2023-04-22 20:00:00+00:00,24461.25
2023-04-22 21:00:00+00:00,23379.66667
2023-04-22 22:00:00+00:00,22963.41667
2023-04-22 23:00:00+00:00,22523
2023-04-23 00:00:00+00:00,21996.75
2023-04-23 01:00:00+00:00,21523.25
2023-04-23 02:00:00+00:00,21177.08333
2023-04-23 03:00:00+00:00,21081.41667
2023-04-23 04:00:00+00:00,21292.91667
2023-04-23 05:00:00+00:00,21485.75
2023-04-23 06:00:00+00:00,22418.5
2023-04-23 07:00:00+00:00,24615.08333
2023-04-23 08:00:00+00:00,25258.41667
2023-04-23 09:00:00+00:00,25600.75
2023-04-23 10:00:00+00:00,24969.25
2023-04-23 11:00:00+00:00,25126.58333
2023-04-23 12:00:00+00:00,25077.33333
2023-04-23 13:00:00+00:00,23926
2023-04-23 14:00:00+00:00,23366.66667
2023-04-23 15:00:00+00:00,23695
2023-04-23 16:00:00+00:00,24547.41667
2023-04-23 17:00:00+00:00,25827.58333
2023-04-23 18:00:00+00:00,26165.25
2023-04-23 19:00:00+00:00,26501
2023-04-23 20:00:00+00:00,25292.58333
2023-04-23 21:00:00+00:00,23354.75
2023-04-23 22:00:00+00:00,21283.66667
2023-04-23 23:00:00+00:00,20148.41667
2023-04-24 00:00:00+00:00,18959.08333
2023-04-24 01:00:00+00:00,18581.58333
2023-04-24 02:00:00+00:00,18691.33333
2023-04-24 03:00:00+00:00,19336.58333
2023-04-24 04:00:00+00:00,20936.66667
2023-04-24 05:00:00+00:00,23521
2023-04-24 06:00:00+00:00,26536.25
2023-04-24 07:00:00+00:00,29246.66667
2023-04-24 08:00:00+00:00,30505.25
2023-04-24 09:00:00+00:00,30534.08333
2023-04-24 10:00:00+00:00,30484.08333
2023-04-24 11:00:00+00:00,30411.83333
2023-04-24 12:00:00+00:00,30112.91667
2023-04-24 13:00:00+00:00,30088.08333
2023-04-24 14:00:00+00:00,29860.75
2023-04-24 15:00:00+00:00,29796.5
2023-04-24 16:00:00+00:00,29330.58333
2023-04-24 17:00:00+00:00,29027.66667
2023-04-24 18:00:00+00:00,28838.5
2023-04-24 19:00:00+00:00,27519.58333
2023-04-24 20:00:00+00:00,25795.66667
2023-04-24 21:00:00+00:00,24758.75
2023-04-24 22:00:00+00:00,22087
2023-04-24 23:00:00+00:00,21582.91667
2023-04-25 00:00:00+00:00,20757.66667
2023-04-25 01:00:00+00:00,20610.83333
2023-04-25 02:00:00+00:00,20310.33333
2023-04-25 03:00:00+00:00,21036.41667
2023-04-25 04:00:00+00:00,23289.25
2023-04-25 05:00:00+00:00,26233.16667
2023-04-25 06:00:00+00:00,28426.08333
2023-04-25 07:00:00+00:00,30285.41667
2023-04-25 08:00:00+00:00,30620.41667
2023-04-25 09:00:00+00:00,30955.58333
2023-04-25 10:00:00+00:00,31406.75
2023-04-25 11:00:00+00:00,31573.5
2023-04-25 12:00:00+00:00,31186.58333
2023-04-25 13:00:00+00:00,30954.83333
2023-04-25 14:00:00+00:00,31001.91667
2023-04-25 15:00:00+00:00,31219.75
2023-04-25 16:00:00+00:00,30427.41667
2023-04-25 17:00:00+00:00,30297.75
2023-04-25 18:00:00+00:00,29913.41667
2023-04-25 19:00:00+00:00,29460.58333
2023-04-25 20:00:00+00:00,29133.91667
2023-04-25 21:00:00+00:00,26504.33333
2023-04-25 22:00:00+00:00,24098.5
2023-04-25 23:00:00+00:00,23155.91667
2023-04-26 00:00:00+00:00,22181.08333
2023-04-26 01:00:00+00:00,21392.66667
2023-04-26 02:00:00+00:00,21039.5
2023-04-26 03:00:00+00:00,21603.58333
2023-04-26 04:00:00+00:00,23380.66667
2023-04-26 05:00:00+00:00,25218.33333
2023-04-26 06:00:00+00:00,28287.25
2023-04-26 07:00:00+00:00,30804.16667
2023-04-26 08:00:00+00:00,31365.58333
2023-04-26 09:00:00+00:00,31172
2023-04-26 10:00:00+00:00,31747.5
2023-04-26 11:00:00+00:00,31903.33333
2023-04-26 12:00:00+00:00,31637.83333
2023-04-26 13:00:00+00:00,31424.41667
2023-04-26 14:00:00+00:00,30616.5
2023-04-26 15:00:00+00:00,30481.41667
2023-04-26 16:00:00+00:00,30787
2023-04-26 17:00:00+00:00,31053.83333
2023-04-26 18:00:00+00:00,30033.58333
2023-04-26 19:00:00+00:00,29496.08333
2023-04-26 20:00:00+00:00,28968.41667
2023-04-26 21:00:00+00:00,26752.91667
2023-04-26 22:00:00+00:00,24188.5
2023-04-26 23:00:00+00:00,22653.75
2023-04-27 00:00:00+00:00,21775.41667
2023-04-27 01:00:00+00:00,21208.58333
2023-04-27 02:00:00+00:00,21138.33333
2023-04-27 03:00:00+00:00,22258
2023-04-27 04:00:00+00:00,25282.91667
2023-04-27 05:00:00+00:00,27149.66667
2023-04-27 06:00:00+00:00,28898.5
2023-04-27 07:00:00+00:00,31600.41667
2023-04-27 08:00:00+00:00,32229.83333
2023-04-27 09:00:00+00:00,32333.58333
2023-04-27 10:00:00+00:00,32532
2023-04-27 11:00:00+00:00,32347.25
2023-04-27 12:00:00+00:00,32205.16667
2023-04-27 13:00:00+00:00,31929.08333
2023-04-27 14:00:00+00:00,31500.16667
2023-04-27 15:00:00+00:00,31838.75
2023-04-27 16:00:00+00:00,31404.58333
2023-04-27 17:00:00+00:00,31840.91667
2023-04-27 18:00:00+00:00,30460.25
2023-04-27 19:00:00+00:00,29567.33333
2023-04-27 20:00:00+00:00,28369.25
2023-04-27 21:00:00+00:00,26302.66667
2023-04-27 22:00:00+00:00,24239.08333
2023-04-27 23:00:00+00:00,23068.58333
2023-04-28 00:00:00+00:00,22204.08333
2023-04-28 01:00:00+00:00,21637.16667
2023-04-28 02:00:00+00:00,21251.83333
2023-04-28 03:00:00+00:00,21748.5
2023-04-28 04:00:00+00:00,23700.5
2023-04-28 05:00:00+00:00,25844.91667
2023-04-28 06:00:00+00:00,28662.25
2023-04-28 07:00:00+00:00,31197.33333
2023-04-28 08:00:00+00:00,31703.66667
2023-04-28 09:00:00+00:00,31881.25
2023-04-28 10:00:00+00:00,32120.41667
2023-04-28 11:00:00+00:00,32372.75
2023-04-28 12:00:00+00:00,31827.66667
2023-04-28 13:00:00+00:00,31019.41667
2023-04-28 14:00:00+00:00,30783.16667
2023-04-28 15:00:00+00:00,30880.41667
2023-04-28 16:00:00+00:00,31099.58333
2023-04-28 17:00:00+00:00,30192.91667
2023-04-28 18:00:00+00:00,28887.33333
2023-04-28 19:00:00+00:00,27584.25
2023-04-28 20:00:00+00:00,26439.5
2023-04-28 21:00:00+00:00,24528.83333
2023-04-28 22:00:00+00:00,23011.58333
2023-04-28 23:00:00+00:00,21595.91667
2023-04-29 00:00:00+00:00,20602
2023-04-29 01:00:00+00:00,19933.5
2023-04-29 02:00:00+00:00,19772.66667
2023-04-29 03:00:00+00:00,19940.5
2023-04-29 04:00:00+00:00,20801.25
2023-04-29 05:00:00+00:00,21370.91667
2023-04-29 06:00:00+00:00,23695.66667
2023-04-29 07:00:00+00:00,25375.66667
2023-04-29 08:00:00+00:00,26107.5
2023-04-29 09:00:00+00:00,28590.58333
2023-04-29 10:00:00+00:00,29453.16667
2023-04-29 11:00:00+00:00,28930.5
2023-04-29 12:00:00+00:00,28257.5
2023-04-29 13:00:00+00:00,27554.16667
2023-04-29 14:00:00+00:00,27170.91667
2023-04-29 15:00:00+00:00,26994.41667
2023-04-29 16:00:00+00:00,27239.08333
2023-04-29 17:00:00+00:00,26869.91667
2023-04-29 18:00:00+00:00,26101.08333
2023-04-29 19:00:00+00:00,27663.58333
2023-04-29 20:00:00+00:00,27754.75
2023-04-29 21:00:00+00:00,25635.33333
2023-04-29 22:00:00+00:00,23877.41667
2023-04-29 23:00:00+00:00,23615.08333
2023-04-30 00:00:00+00:00,22709.66667
2023-04-30 01:00:00+00:00,21697.16667
2023-04-30 02:00:00+00:00,20889.5
2023-04-30 03:00:00+00:00,20626.83333
2023-04-30 04:00:00+00:00,21008.25
2023-04-30 05:00:00+00:00,21003.58333
2023-04-30 06:00:00+00:00,21958.16667
2023-04-30 07:00:00+00:00,23965.91667
2023-04-30 08:00:00+00:00,23618.41667
2023-04-30 09:00:00+00:00,24587
2023-04-30 10:00:00+00:00,25938.08333
2023-04-30 11:00:00+00:00,24619.91667
2023-04-30 12:00:00+00:00,24094.5
2023-04-30 13:00:00+00:00,21632.41667
2023-04-30 14:00:00+00:00,23853.41667
2023-04-30 15:00:00+00:00,24428.66667
2023-04-30 16:00:00+00:00,24866.08333
2023-04-30 17:00:00+00:00,26227.08333
2023-04-30 18:00:00+00:00,26468.16667
2023-04-30 19:00:00+00:00,26889.16667
2023-04-30 20:00:00+00:00,27175.83333
2023-04-30 21:00:00+00:00,25717.83333
2023-04-30 22:00:00+00:00,22614.75
2023-04-30 23:00:00+00:00,21583.16667
2023-05-01 00:00:00+00:00,21162.83333
2023-05-01 01:00:00+00:00,20388.08333
2023-05-01 02:00:00+00:00,20195.41667
2023-05-01 03:00:00+00:00,19795.33333
2023-05-01 04:00:00+00:00,19443.41667
2023-05-01 05:00:00+00:00,19672.08333
2023-05-01 06:00:00+00:00,22840.91667
2023-05-01 07:00:00+00:00,24899
2023-05-01 08:00:00+00:00,25550.66667
2023-05-01 09:00:00+00:00,24119.83333
2023-05-01 10:00:00+00:00,24018.33333
2023-05-01 11:00:00+00:00,24440.25
2023-05-01 12:00:00+00:00,24464.25
2023-05-01 13:00:00+00:00,22931.16667
2023-05-01 14:00:00+00:00,22541
2023-05-01 15:00:00+00:00,22727.25
2023-05-01 16:00:00+00:00,23811.16667
2023-05-01 17:00:00+00:00,26649
2023-05-01 18:00:00+00:00,25697.58333
2023-05-01 19:00:00+00:00,24837.91667
2023-05-01 20:00:00+00:00,24288.91667
2023-05-01 21:00:00+00:00,22163.5
2023-05-01 22:00:00+00:00,20499.25
2023-05-01 23:00:00+00:00,19700.58333
2023-05-02 00:00:00+00:00,19114.83333
2023-05-02 01:00:00+00:00,18915.75
2023-05-02 02:00:00+00:00,19081.75
2023-05-02 03:00:00+00:00,19009.33333
2023-05-02 04:00:00+00:00,21812.83333
2023-05-02 05:00:00+00:00,24105.41667
2023-05-02 06:00:00+00:00,26253.5
2023-05-02 07:00:00+00:00,29662.91667
2023-05-02 08:00:00+00:00,30266.08333
2023-05-02 09:00:00+00:00,29690.91667
2023-05-02 10:00:00+00:00,29944.16667
2023-05-02 11:00:00+00:00,30290
2023-05-02 12:00:00+00:00,30366.58333
2023-05-02 13:00:00+00:00,29413.5
2023-05-02 14:00:00+00:00,29290.5
2023-05-02 15:00:00+00:00,29168.58333
2023-05-02 16:00:00+00:00,28894.58333
2023-05-02 17:00:00+00:00,29414.58333
2023-05-02 18:00:00+00:00,28657.41667
2023-05-02 19:00:00+00:00,28060.25
2023-05-02 20:00:00+00:00,26907.25
2023-05-02 21:00:00+00:00,25590.83333
2023-05-02 22:00:00+00:00,22624.41667
2023-05-02 23:00:00+00:00,21631.91667
2023-05-03 00:00:00+00:00,20992.16667
2023-05-03 01:00:00+00:00,20896.58333
2023-05-03 02:00:00+00:00,20812.58333
2023-05-03 03:00:00+00:00,21611.83333
2023-05-03 04:00:00+00:00,23399.66667
2023-05-03 05:00:00+00:00,26003
2023-05-03 06:00:00+00:00,27437.41667
2023-05-03 07:00:00+00:00,29687.83333
2023-05-03 08:00:00+00:00,30411.25
2023-05-03 09:00:00+00:00,31095.91667
2023-05-03 10:00:00+00:00,31086.75
2023-05-03 11:00:00+00:00,30660.75
2023-05-03 12:00:00+00:00,29765.16667
2023-05-03 13:00:00+00:00,29590.16667
2023-05-03 14:00:00+00:00,29898.83333
2023-05-03 15:00:00+00:00,29891.75
2023-05-03 16:00:00+00:00,30101.66667
2023-05-03 17:00:00+00:00,30843.41667
2023-05-03 18:00:00+00:00,29551.83333
2023-05-03 19:00:00+00:00,28056.08333
2023-05-03 20:00:00+00:00,26907.16667
2023-05-03 21:00:00+00:00,25786.5
2023-05-03 22:00:00+00:00,24900.83333
2023-05-03 23:00:00+00:00,23638.83333
2023-05-04 00:00:00+00:00,21976.41667
2023-05-04 01:00:00+00:00,21454.58333
2023-05-04 02:00:00+00:00,21239.58333
2023-05-04 03:00:00+00:00,20948.5
2023-05-04 04:00:00+00:00,22529.58333
2023-05-04 05:00:00+00:00,23714.16667
2023-05-04 06:00:00+00:00,26522.5
2023-05-04 07:00:00+00:00,28390.5
2023-05-04 08:00:00+00:00,29240.16667
2023-05-04 09:00:00+00:00,29134.83333
2023-05-04 10:00:00+00:00,29119.25
2023-05-04 11:00:00+00:00,28914.66667
2023-05-04 12:00:00+00:00,27897.66667
2023-05-04 13:00:00+00:00,28614.41667
2023-05-04 14:00:00+00:00,29380.91667
2023-05-04 15:00:00+00:00,29809.58333
2023-05-04 16:00:00+00:00,30347.58333
2023-05-04 17:00:00+00:00,29902.08333
2023-05-04 18:00:00+00:00,27456.91667
2023-05-04 19:00:00+00:00,26922.58333
2023-05-04 20:00:00+00:00,25922.33333
2023-05-04 21:00:00+00:00,24330.16667
2023-05-04 22:00:00+00:00,22503.41667
2023-05-04 23:00:00+00:00,21263.66667
2023-05-05 00:00:00+00:00,20114.16667
2023-05-05 01:00:00+00:00,19913.83333
2023-05-05 02:00:00+00:00,19743.25
2023-05-05 03:00:00+00:00,20358.08333
2023-05-05 04:00:00+00:00,21683
2023-05-05 05:00:00+00:00,23164.5
2023-05-05 06:00:00+00:00,26890.58333
2023-05-05 07:00:00+00:00,29815.91667
2023-05-05 08:00:00+00:00,30219.91667
2023-05-05 09:00:00+00:00,30867.75
2023-05-05 10:00:00+00:00,31973.91667
2023-05-05 11:00:00+00:00,32007.83333
2023-05-05 12:00:00+00:00,30918.66667
2023-05-05 13:00:00+00:00,31226.58333
2023-05-05 14:00:00+00:00,30705.5
2023-05-05 15:00:00+00:00,30922.66667
2023-05-05 16:00:00+00:00,30772.5
2023-05-05 17:00:00+00:00,30067.58333
2023-05-05 18:00:00+00:00,27654.08333
2023-05-05 19:00:00+00:00,26425.08333
2023-05-05 20:00:00+00:00,26250.58333
2023-05-05 21:00:00+00:00,25183.41667
2023-05-05 22:00:00+00:00,22775.41667
2023-05-05 23:00:00+00:00,21392.08333
2023-05-06 00:00:00+00:00,20057.5
2023-05-06 01:00:00+00:00,19610.66667
2023-05-06 02:00:00+00:00,19167.91667
2023-05-06 03:00:00+00:00,18478.83333
2023-05-06 04:00:00+00:00,18897.41667
2023-05-06 05:00:00+00:00,19154.16667
2023-05-06 06:00:00+00:00,22577.33333
2023-05-06 07:00:00+00:00,25025.91667
2023-05-06 08:00:00+00:00,26685.83333
2023-05-06 09:00:00+00:00,27813.41667
2023-05-06 10:00:00+00:00,27420.5
2023-05-06 11:00:00+00:00,26815.08333
2023-05-06 12:00:00+00:00,27332.16667
2023-05-06 13:00:00+00:00,27853.58333
2023-05-06 14:00:00+00:00,27129.5
2023-05-06 15:00:00+00:00,26732.58333
2023-05-06 16:00:00+00:00,27211.5
2023-05-06 17:00:00+00:00,26746.5
2023-05-06 18:00:00+00:00,24665.16667
2023-05-06 19:00:00+00:00,24261.66667
2023-05-06 20:00:00+00:00,24205.83333
2023-05-06 21:00:00+00:00,22700.33333
2023-05-06 22:00:00+00:00,21225.66667
2023-05-06 23:00:00+00:00,20750.16667
2023-05-07 00:00:00+00:00,20118.5
2023-05-07 01:00:00+00:00,19574.08333
2023-05-07 02:00:00+00:00,19035.33333
2023-05-07 03:00:00+00:00,19014.58333
2023-05-07 04:00:00+00:00,19146.16667
2023-05-07 05:00:00+00:00,19020.5
2023-05-07 06:00:00+00:00,22259
2023-05-07 07:00:00+00:00,26086.33333
2023-05-07 08:00:00+00:00,27135.91667
2023-05-07 09:00:00+00:00,27897.91667
2023-05-07 10:00:00+00:00,27818.16667
2023-05-07 11:00:00+00:00,27439.5
2023-05-07 12:00:00+00:00,26468.08333
2023-05-07 13:00:00+00:00,26001.58333
2023-05-07 14:00:00+00:00,26054.5
2023-05-07 15:00:00+00:00,26194.41667
2023-05-07 16:00:00+00:00,26223.75
2023-05-07 17:00:00+00:00,26394.25
2023-05-07 18:00:00+00:00,25682.33333
2023-05-07 19:00:00+00:00,24318.66667
2023-05-07 20:00:00+00:00,23750.16667
2023-05-07 21:00:00+00:00,22595
2023-05-07 22:00:00+00:00,20898.33333
2023-05-07 23:00:00+00:00,19785.25
2023-05-08 00:00:00+00:00,19034.91667
2023-05-08 01:00:00+00:00,18466.91667
2023-05-08 02:00:00+00:00,18099.58333
2023-05-08 03:00:00+00:00,18822.25
2023-05-08 04:00:00+00:00,20377.58333
2023-05-08 05:00:00+00:00,22305.91667
2023-05-08 06:00:00+00:00,25097.58333
2023-05-08 07:00:00+00:00,27180.75
2023-05-08 08:00:00+00:00,29196.91667
2023-05-08 09:00:00+00:00,30288.16667
2023-05-08 10:00:00+00:00,31446.66667
2023-05-08 11:00:00+00:00,32249.83333
2023-05-08 12:00:00+00:00,32158.16667
2023-05-08 13:00:00+00:00,32070.16667
2023-05-08 14:00:00+00:00,32473.25
2023-05-08 15:00:00+00:00,32020
2023-05-08 16:00:00+00:00,31510.25
2023-05-08 17:00:00+00:00,31046.91667
2023-05-08 18:00:00+00:00,28564.33333
2023-05-08 19:00:00+00:00,27682.83333
2023-05-08 20:00:00+00:00,26961
2023-05-08 21:00:00+00:00,25143.91667
2023-05-08 22:00:00+00:00,22729.5
2023-05-08 23:00:00+00:00,21228.41667
2023-05-09 00:00:00+00:00,19894.66667
2023-05-09 01:00:00+00:00,19478.41667
2023-05-09 02:00:00+00:00,18845.25
2023-05-09 03:00:00+00:00,18984.91667
2023-05-09 04:00:00+00:00,20684.41667
2023-05-09 05:00:00+00:00,23568.66667
2023-05-09 06:00:00+00:00,26927.41667
2023-05-09 07:00:00+00:00,29629.33333
2023-05-09 08:00:00+00:00,30675.91667
2023-05-09 09:00:00+00:00,31698.33333
2023-05-09 10:00:00+00:00,31603.16667
2023-05-09 11:00:00+00:00,31699.16667
2023-05-09 12:00:00+00:00,32059.5
2023-05-09 13:00:00+00:00,30891
2023-05-09 14:00:00+00:00,30774.33333
2023-05-09 15:00:00+00:00,31005.58333
2023-05-09 16:00:00+00:00,30644.16667
2023-05-09 17:00:00+00:00,31444.75
2023-05-09 18:00:00+00:00,30559.66667
2023-05-09 19:00:00+00:00,30119.16667
2023-05-09 20:00:00+00:00,28847
2023-05-09 21:00:00+00:00,26569.75
2023-05-09 22:00:00+00:00,25101.25
2023-05-09 23:00:00+00:00,23856.33333
2023-05-10 00:00:00+00:00,22934.91667
2023-05-10 01:00:00+00:00,22102.5
2023-05-10 02:00:00+00:00,21282.66667
2023-05-10 03:00:00+00:00,20989.16667
2023-05-10 04:00:00+00:00,23425.08333
2023-05-10 05:00:00+00:00,26206.5
2023-05-10 06:00:00+00:00,29819.08333
2023-05-10 07:00:00+00:00,31725.75
2023-05-10 08:00:00+00:00,32976.91667
2023-05-10 09:00:00+00:00,33069.75
2023-05-10 10:00:00+00:00,33067.66667
2023-05-10 11:00:00+00:00,33362.33333
2023-05-10 12:00:00+00:00,32608.58333
2023-05-10 13:00:00+00:00,31961.08333
2023-05-10 14:00:00+00:00,31273.5
2023-05-10 15:00:00+00:00,31627.91667
2023-05-10 16:00:00+00:00,31802.25
2023-05-10 17:00:00+00:00,32356.08333
2023-05-10 18:00:00+00:00,31202.66667
2023-05-10 19:00:00+00:00,31465.58333
2023-05-10 20:00:00+00:00,29494.83333
2023-05-10 21:00:00+00:00,27277.33333
2023-05-10 22:00:00+00:00,25209.33333
2023-05-10 23:00:00+00:00,23995.75
2023-05-11 00:00:00+00:00,23729.83333
2023-05-11 01:00:00+00:00,22231.75
2023-05-11 02:00:00+00:00,21711.16667
2023-05-11 03:00:00+00:00,21695.91667
2023-05-11 04:00:00+00:00,23493.25
2023-05-11 05:00:00+00:00,26467.83333
2023-05-11 06:00:00+00:00,28909.5
2023-05-11 07:00:00+00:00,30603.08333
2023-05-11 08:00:00+00:00,31462.91667
2023-05-11 09:00:00+00:00,31928.75
2023-05-11 10:00:00+00:00,31922.91667
2023-05-11 11:00:00+00:00,31353.75
2023-05-11 12:00:00+00:00,30880.33333
2023-05-11 13:00:00+00:00,30286
2023-05-11 14:00:00+00:00,29963.91667
2023-05-11 15:00:00+00:00,30215.58333
2023-05-11 16:00:00+00:00,30469.25
2023-05-11 17:00:00+00:00,31529.75
2023-05-11 18:00:00+00:00,31226.58333
2023-05-11 19:00:00+00:00,30995.5
2023-05-11 20:00:00+00:00,29471.58333
2023-05-11 21:00:00+00:00,26796.75
2023-05-11 22:00:00+00:00,25368.5
2023-05-11 23:00:00+00:00,24002.66667
2023-05-12 00:00:00+00:00,22274.41667
2023-05-12 01:00:00+00:00,21248.91667
2023-05-12 02:00:00+00:00,20684.16667
2023-05-12 03:00:00+00:00,20967.33333
2023-05-12 04:00:00+00:00,23036.91667
2023-05-12 05:00:00+00:00,25961.25
2023-05-12 06:00:00+00:00,28695.66667
2023-05-12 07:00:00+00:00,30261.58333
2023-05-12 08:00:00+00:00,30604.08333
2023-05-12 09:00:00+00:00,30892.33333
2023-05-12 10:00:00+00:00,30969.08333
2023-05-12 11:00:00+00:00,30583.75
2023-05-12 12:00:00+00:00,29691.75
2023-05-12 13:00:00+00:00,29671.41667
2023-05-12 14:00:00+00:00,29763.91667
2023-05-12 15:00:00+00:00,29643.58333
2023-05-12 16:00:00+00:00,29676.58333
2023-05-12 17:00:00+00:00,29706.58333
2023-05-12 18:00:00+00:00,29305.66667
2023-05-12 19:00:00+00:00,29198.33333
2023-05-12 20:00:00+00:00,28685.25
2023-05-12 21:00:00+00:00,27641.33333
2023-05-12 22:00:00+00:00,26065.25
2023-05-12 23:00:00+00:00,25010.75
2023-05-13 00:00:00+00:00,23407.75
2023-05-13 01:00:00+00:00,22168.08333
2023-05-13 02:00:00+00:00,22089.83333
2023-05-13 03:00:00+00:00,21252.33333
2023-05-13 04:00:00+00:00,21702.66667
2023-05-13 05:00:00+00:00,23164.58333
2023-05-13 06:00:00+00:00,25390.5
2023-05-13 07:00:00+00:00,27625.5
2023-05-13 08:00:00+00:00,28444.83333
2023-05-13 09:00:00+00:00,28411.41667
2023-05-13 10:00:00+00:00,28129.5
2023-05-13 11:00:00+00:00,28665.91667
2023-05-13 12:00:00+00:00,28327.66667
2023-05-13 13:00:00+00:00,27107.16667
2023-05-13 14:00:00+00:00,26341.5
2023-05-13 15:00:00+00:00,26183.16667
2023-05-13 16:00:00+00:00,26395
2023-05-13 17:00:00+00:00,26986.25
2023-05-13 18:00:00+00:00,27119.08333
2023-05-13 19:00:00+00:00,27461.66667
2023-05-13 20:00:00+00:00,27351.5
2023-05-13 21:00:00+00:00,26265
2023-05-13 22:00:00+00:00,23792.91667
2023-05-13 23:00:00+00:00,22981.83333
2023-05-14 00:00:00+00:00,21898.33333
2023-05-14 01:00:00+00:00,20916.33333
2023-05-14 02:00:00+00:00,20823.5
2023-05-14 03:00:00+00:00,20302.25
2023-05-14 04:00:00+00:00,20395.83333
2023-05-14 05:00:00+00:00,20398.16667
2023-05-14 06:00:00+00:00,22120.83333
2023-05-14 07:00:00+00:00,23291.83333
2023-05-14 08:00:00+00:00,24172.41667
2023-05-14 09:00:00+00:00,25986.41667
2023-05-14 10:00:00+00:00,26512.91667
2023-05-14 11:00:00+00:00,27217.66667
2023-05-14 12:00:00+00:00,27217.25
2023-05-14 13:00:00+00:00,25917.91667
2023-05-14 14:00:00+00:00,24924.5
2023-05-14 15:00:00+00:00,24722.83333
2023-05-14 16:00:00+00:00,24726.66667
2023-05-14 17:00:00+00:00,24399.16667
2023-05-14 18:00:00+00:00,26495.16667
2023-05-14 19:00:00+00:00,27322.75
2023-05-14 20:00:00+00:00,27975.5
2023-05-14 21:00:00+00:00,26667.08333
2023-05-14 22:00:00+00:00,25130.75
2023-05-14 23:00:00+00:00,23844.66667
2023-05-15 00:00:00+00:00,22616.25
2023-05-15 01:00:00+00:00,21657.41667
2023-05-15 02:00:00+00:00,21090.75
2023-05-15 03:00:00+00:00,21469.83333
2023-05-15 04:00:00+00:00,24710.16667
2023-05-15 05:00:00+00:00,27315.66667
2023-05-15 06:00:00+00:00,30122.5
2023-05-15 07:00:00+00:00,31108.41667
2023-05-15 08:00:00+00:00,32036.25
2023-05-15 09:00:00+00:00,32142.25
2023-05-15 10:00:00+00:00,32331.08333
2023-05-15 11:00:00+00:00,32339.33333
2023-05-15 12:00:00+00:00,32060.75
2023-05-15 13:00:00+00:00,31517.41667
2023-05-15 14:00:00+00:00,31484.08333
2023-05-15 15:00:00+00:00,31056
2023-05-15 16:00:00+00:00,31133.66667
2023-05-15 17:00:00+00:00,31414.41667
2023-05-15 18:00:00+00:00,31190.25
2023-05-15 19:00:00+00:00,30237.83333
2023-05-15 20:00:00+00:00,30241.83333
2023-05-15 21:00:00+00:00,29037.16667
2023-05-15 22:00:00+00:00,27071.83333
2023-05-15 23:00:00+00:00,26006.16667
2023-05-16 00:00:00+00:00,24684.75
2023-05-16 01:00:00+00:00,24158.83333
2023-05-16 02:00:00+00:00,23362.58333
2023-05-16 03:00:00+00:00,24372.83333
2023-05-16 04:00:00+00:00,26064
2023-05-16 05:00:00+00:00,28622.41667
2023-05-16 06:00:00+00:00,31233.16667
2023-05-16 07:00:00+00:00,32551.33333
2023-05-16 08:00:00+00:00,32767.41667
2023-05-16 09:00:00+00:00,33457.16667
2023-05-16 10:00:00+00:00,33580.66667
2023-05-16 11:00:00+00:00,32792.25
2023-05-16 12:00:00+00:00,32684.08333
2023-05-16 13:00:00+00:00,32524.5
2023-05-16 14:00:00+00:00,32221.5
2023-05-16 15:00:00+00:00,32467
2023-05-16 16:00:00+00:00,32084
2023-05-16 17:00:00+00:00,32536.75
2023-05-16 18:00:00+00:00,32676.08333
2023-05-16 19:00:00+00:00,32292.5
2023-05-16 20:00:00+00:00,31848
2023-05-16 21:00:00+00:00,28889.75
2023-05-16 22:00:00+00:00,27183.33333
2023-05-16 23:00:00+00:00,25564.58333
2023-05-17 00:00:00+00:00,24113.33333
2023-05-17 01:00:00+00:00,23988.5
2023-05-17 02:00:00+00:00,23731
2023-05-17 03:00:00+00:00,24062.41667
2023-05-17 04:00:00+00:00,25226.91667
2023-05-17 05:00:00+00:00,26898.91667
2023-05-17 06:00:00+00:00,29046.41667
2023-05-17 07:00:00+00:00,30208.25
2023-05-17 08:00:00+00:00,30393.83333
2023-05-17 09:00:00+00:00,30112.58333
2023-05-17 10:00:00+00:00,30325.66667
2023-05-17 11:00:00+00:00,30112.58333
2023-05-17 12:00:00+00:00,29957.58333
2023-05-17 13:00:00+00:00,29629.41667
2023-05-17 14:00:00+00:00,30083.91667
2023-05-17 15:00:00+00:00,30785.25
2023-05-17 16:00:00+00:00,30623.58333
2023-05-17 17:00:00+00:00,31454
2023-05-17 18:00:00+00:00,32220.66667
2023-05-17 19:00:00+00:00,32180.08333
2023-05-17 20:00:00+00:00,30792.08333
2023-05-17 21:00:00+00:00,28381.66667
2023-05-17 22:00:00+00:00,26282.33333
2023-05-17 23:00:00+00:00,24734.08333
2023-05-18 00:00:00+00:00,23641.75
2023-05-18 01:00:00+00:00,23158.5
2023-05-18 02:00:00+00:00,22907.91667
2023-05-18 03:00:00+00:00,23070
2023-05-18 04:00:00+00:00,23706.75
2023-05-18 05:00:00+00:00,26192.41667
2023-05-18 06:00:00+00:00,28395.75
2023-05-18 07:00:00+00:00,29909.08333
2023-05-18 08:00:00+00:00,30502.25
2023-05-18 09:00:00+00:00,30437
2023-05-18 10:00:00+00:00,30967.75
2023-05-18 11:00:00+00:00,31581.58333
2023-05-18 12:00:00+00:00,31166.83333
2023-05-18 13:00:00+00:00,30513.75
2023-05-18 14:00:00+00:00,30399.66667
2023-05-18 15:00:00+00:00,30272.66667
2023-05-18 16:00:00+00:00,31076.75
2023-05-18 17:00:00+00:00,30838.75
2023-05-18 18:00:00+00:00,31729.83333
2023-05-18 19:00:00+00:00,32118.41667
2023-05-18 20:00:00+00:00,31202.91667
2023-05-18 21:00:00+00:00,28996.33333
2023-05-18 22:00:00+00:00,26178
2023-05-18 23:00:00+00:00,25024.91667
2023-05-19 00:00:00+00:00,23908.08333
2023-05-19 01:00:00+00:00,23350.41667
2023-05-19 02:00:00+00:00,23251.5
2023-05-19 03:00:00+00:00,23151
2023-05-19 04:00:00+00:00,24612.83333
2023-05-19 05:00:00+00:00,26681.08333
2023-05-19 06:00:00+00:00,28924.91667
2023-05-19 07:00:00+00:00,30469.66667
2023-05-19 08:00:00+00:00,30528.91667
2023-05-19 09:00:00+00:00,31153.5
2023-05-19 10:00:00+00:00,31226.5
2023-05-19 11:00:00+00:00,31739.33333
2023-05-19 12:00:00+00:00,31301.58333
2023-05-19 13:00:00+00:00,31160.75
2023-05-19 14:00:00+00:00,30822.58333
2023-05-19 15:00:00+00:00,30132.75
2023-05-19 16:00:00+00:00,29358.33333
2023-05-19 17:00:00+00:00,30415.41667
2023-05-19 18:00:00+00:00,30200.16667
2023-05-19 19:00:00+00:00,30131.16667
2023-05-19 20:00:00+00:00,29979
2023-05-19 21:00:00+00:00,28272.08333
2023-05-19 22:00:00+00:00,26570.91667
2023-05-19 23:00:00+00:00,24908.75
2023-05-20 00:00:00+00:00,23214.16667
2023-05-20 01:00:00+00:00,21744.91667
2023-05-20 02:00:00+00:00,20899.66667
2023-05-20 03:00:00+00:00,20466.16667
2023-05-20 04:00:00+00:00,20228.08333
2023-05-20 05:00:00+00:00,21096.83333
2023-05-20 06:00:00+00:00,23495.91667
2023-05-20 07:00:00+00:00,24949.83333
2023-05-20 08:00:00+00:00,23898.5
2023-05-20 09:00:00+00:00,24042.58333
2023-05-20 10:00:00+00:00,24380.83333
2023-05-20 11:00:00+00:00,24754
2023-05-20 12:00:00+00:00,25040.83333
2023-05-20 13:00:00+00:00,23741.75
2023-05-20 14:00:00+00:00,22958.08333
2023-05-20 15:00:00+00:00,23265.25
2023-05-20 16:00:00+00:00,26106.16667
2023-05-20 17:00:00+00:00,27311.41667
2023-05-20 18:00:00+00:00,27449.58333
2023-05-20 19:00:00+00:00,27504.08333
2023-05-20 20:00:00+00:00,27436.58333
2023-05-20 21:00:00+00:00,26515
2023-05-20 22:00:00+00:00,24575.5
2023-05-20 23:00:00+00:00,22883
2023-05-21 00:00:00+00:00,21189.66667
2023-05-21 01:00:00+00:00,20758.41667
2023-05-21 02:00:00+00:00,20056.83333
2023-05-21 03:00:00+00:00,19795.66667
2023-05-21 04:00:00+00:00,19949.25
2023-05-21 05:00:00+00:00,19274.16667
2023-05-21 06:00:00+00:00,19847.41667
2023-05-21 07:00:00+00:00,21471.91667
2023-05-21 08:00:00+00:00,21879.33333
2023-05-21 09:00:00+00:00,22620.33333
2023-05-21 10:00:00+00:00,23822.75
2023-05-21 11:00:00+00:00,23029.41667
2023-05-21 12:00:00+00:00,22935.5
2023-05-21 13:00:00+00:00,22077.75
2023-05-21 14:00:00+00:00,20845.75
2023-05-21 15:00:00+00:00,20967.75
2023-05-21 16:00:00+00:00,25022.41667
2023-05-21 17:00:00+00:00,26017.5
2023-05-21 18:00:00+00:00,26773.58333
2023-05-21 19:00:00+00:00,27328.25
2023-05-21 20:00:00+00:00,28108.58333
2023-05-21 21:00:00+00:00,26624.08333
2023-05-21 22:00:00+00:00,23790.75
2023-05-21 23:00:00+00:00,21924.33333
2023-05-22 00:00:00+00:00,20919.41667
2023-05-22 01:00:00+00:00,20052
2023-05-22 02:00:00+00:00,19956.25
2023-05-22 03:00:00+00:00,19936.75
2023-05-22 04:00:00+00:00,22174.83333
2023-05-22 05:00:00+00:00,25515.83333
2023-05-22 06:00:00+00:00,27622.08333
2023-05-22 07:00:00+00:00,28863.91667
2023-05-22 08:00:00+00:00,28354.5
2023-05-22 09:00:00+00:00,27386.16667
2023-05-22 10:00:00+00:00,27895.16667
2023-05-22 11:00:00+00:00,28061.41667
2023-05-22 12:00:00+00:00,28299.91667
2023-05-22 13:00:00+00:00,27968.66667
2023-05-22 14:00:00+00:00,27848.5
2023-05-22 15:00:00+00:00,27763.16667
2023-05-22 16:00:00+00:00,27971.25
2023-05-22 17:00:00+00:00,28967.41667
2023-05-22 18:00:00+00:00,29549.5
2023-05-22 19:00:00+00:00,28841.5
2023-05-22 20:00:00+00:00,27413.66667
2023-05-22 21:00:00+00:00,25682.41667
2023-05-22 22:00:00+00:00,23299.58333
2023-05-22 23:00:00+00:00,21951.58333
2023-05-23 00:00:00+00:00,21018.16667
2023-05-23 01:00:00+00:00,19869.33333
2023-05-23 02:00:00+00:00,19552.75
2023-05-23 03:00:00+00:00,19880.08333
2023-05-23 04:00:00+00:00,21629.16667
2023-05-23 05:00:00+00:00,24922.58333
2023-05-23 06:00:00+00:00,28140
2023-05-23 07:00:00+00:00,29310.75
2023-05-23 08:00:00+00:00,29908.75
2023-05-23 09:00:00+00:00,29288.33333
2023-05-23 10:00:00+00:00,29297.58333
2023-05-23 11:00:00+00:00,28592.91667
2023-05-23 12:00:00+00:00,28085.83333
2023-05-23 13:00:00+00:00,27344.25
2023-05-23 14:00:00+00:00,27883.16667
2023-05-23 15:00:00+00:00,28493.58333
2023-05-23 16:00:00+00:00,28988.5
2023-05-23 17:00:00+00:00,28335.33333
2023-05-23 18:00:00+00:00,28730.33333
2023-05-23 19:00:00+00:00,28339.5
2023-05-23 20:00:00+00:00,27227.75
2023-05-23 21:00:00+00:00,24767.91667
2023-05-23 22:00:00+00:00,22614.66667
2023-05-23 23:00:00+00:00,20626.75
2023-05-24 00:00:00+00:00,19645.66667
2023-05-24 01:00:00+00:00,18935
2023-05-24 02:00:00+00:00,18640.25
2023-05-24 03:00:00+00:00,19424.58333
2023-05-24 04:00:00+00:00,20632.58333
2023-05-24 05:00:00+00:00,23603.08333
2023-05-24 06:00:00+00:00,27019.16667
2023-05-24 07:00:00+00:00,28474.83333
2023-05-24 08:00:00+00:00,29503.66667
2023-05-24 09:00:00+00:00,29753.91667
2023-05-24 10:00:00+00:00,29669.83333
2023-05-24 11:00:00+00:00,30031.16667
2023-05-24 12:00:00+00:00,29535.33333
2023-05-24 13:00:00+00:00,29120.83333
2023-05-24 14:00:00+00:00,28435.5
2023-05-24 15:00:00+00:00,28599.5
2023-05-24 16:00:00+00:00,29453.25
2023-05-24 17:00:00+00:00,29654.66667
2023-05-24 18:00:00+00:00,28403.58333
2023-05-24 19:00:00+00:00,28290.75
2023-05-24 20:00:00+00:00,27907.25
2023-05-24 21:00:00+00:00,25719.91667
2023-05-24 22:00:00+00:00,23091.66667
2023-05-24 23:00:00+00:00,21778.41667
2023-05-25 00:00:00+00:00,20821.5
2023-05-25 01:00:00+00:00,20615.75
2023-05-25 02:00:00+00:00,20883.41667
2023-05-25 03:00:00+00:00,21071.33333
2023-05-25 04:00:00+00:00,22379.83333
2023-05-25 05:00:00+00:00,24807.66667
2023-05-25 06:00:00+00:00,28690.83333
2023-05-25 07:00:00+00:00,31110.66667
2023-05-25 08:00:00+00:00,30547.25
2023-05-25 09:00:00+00:00,31199.33333
2023-05-25 10:00:00+00:00,30019.41667
2023-05-25 11:00:00+00:00,30337.58333
2023-05-25 12:00:00+00:00,29584.58333
2023-05-25 13:00:00+00:00,29097.91667
2023-05-25 14:00:00+00:00,29043.75
2023-05-25 15:00:00+00:00,30786
2023-05-25 16:00:00+00:00,30781
2023-05-25 17:00:00+00:00,30301
2023-05-25 18:00:00+00:00,28553.66667
2023-05-25 19:00:00+00:00,26966.08333
2023-05-25 20:00:00+00:00,25622
2023-05-25 21:00:00+00:00,24445.83333
2023-05-25 22:00:00+00:00,22600.25
2023-05-25 23:00:00+00:00,21975.58333
2023-05-26 00:00:00+00:00,20653.66667
2023-05-26 01:00:00+00:00,20288.66667
2023-05-26 02:00:00+00:00,20451.41667
2023-05-26 03:00:00+00:00,20964.75
2023-05-26 04:00:00+00:00,22530.83333
2023-05-26 05:00:00+00:00,25530.83333
2023-05-26 06:00:00+00:00,28339
2023-05-26 07:00:00+00:00,29273.41667
2023-05-26 08:00:00+00:00,28992.75
2023-05-26 09:00:00+00:00,27637.5
2023-05-26 10:00:00+00:00,27901
2023-05-26 11:00:00+00:00,27530.91667
2023-05-26 12:00:00+00:00,26427.33333
2023-05-26 13:00:00+00:00,25141.16667
2023-05-26 14:00:00+00:00,25992.58333
2023-05-26 15:00:00+00:00,27605.33333
2023-05-26 16:00:00+00:00,28157.41667
2023-05-26 17:00:00+00:00,26931.41667
2023-05-26 18:00:00+00:00,25367.16667
2023-05-26 19:00:00+00:00,25030.66667
2023-05-26 20:00:00+00:00,24156.25
2023-05-26 21:00:00+00:00,23088.25
2023-05-26 22:00:00+00:00,21181.75
2023-05-26 23:00:00+00:00,20597.16667
2023-05-27 00:00:00+00:00,19234.83333
2023-05-27 01:00:00+00:00,18767.58333
2023-05-27 02:00:00+00:00,18458.58333
2023-05-27 03:00:00+00:00,18197
2023-05-27 04:00:00+00:00,18213.5
2023-05-27 05:00:00+00:00,19183.41667
2023-05-27 06:00:00+00:00,20600.75
2023-05-27 07:00:00+00:00,22653.16667
2023-05-27 08:00:00+00:00,23464
2023-05-27 09:00:00+00:00,23725.75
2023-05-27 10:00:00+00:00,23899.91667
2023-05-27 11:00:00+00:00,24404.58333
2023-05-27 12:00:00+00:00,24198.5
2023-05-27 13:00:00+00:00,23325.75
2023-05-27 14:00:00+00:00,22746.16667
2023-05-27 15:00:00+00:00,22558.08333
2023-05-27 16:00:00+00:00,23507
2023-05-27 17:00:00+00:00,23810
2023-05-27 18:00:00+00:00,23920.58333
2023-05-27 19:00:00+00:00,24224.08333
2023-05-27 20:00:00+00:00,23890.08333
2023-05-27 21:00:00+00:00,22701.58333
2023-05-27 22:00:00+00:00,20596.33333
2023-05-27 23:00:00+00:00,19275.66667
2023-05-28 00:00:00+00:00,18261.25
2023-05-28 01:00:00+00:00,17449.58333
2023-05-28 02:00:00+00:00,16872.66667
2023-05-28 03:00:00+00:00,16714.16667
2023-05-28 04:00:00+00:00,16595.66667
2023-05-28 05:00:00+00:00,16692.33333
2023-05-28 06:00:00+00:00,17734.66667
2023-05-28 07:00:00+00:00,19672.25
2023-05-28 08:00:00+00:00,21322.66667
2023-05-28 09:00:00+00:00,21961.91667
2023-05-28 10:00:00+00:00,22419.66667
2023-05-28 11:00:00+00:00,22502.41667
2023-05-28 12:00:00+00:00,21366.16667
2023-05-28 13:00:00+00:00,20812.16667
2023-05-28 14:00:00+00:00,20296.5
2023-05-28 15:00:00+00:00,20331.41667
2023-05-28 16:00:00+00:00,19851.5
2023-05-28 17:00:00+00:00,20160.91667
2023-05-28 18:00:00+00:00,21172.41667
2023-05-28 19:00:00+00:00,22077.91667
2023-05-28 20:00:00+00:00,21917.16667
2023-05-28 21:00:00+00:00,21357.5
2023-05-28 22:00:00+00:00,19767.5
2023-05-28 23:00:00+00:00,18649.58333
2023-05-29 00:00:00+00:00,18221.83333
2023-05-29 01:00:00+00:00,17474.16667
2023-05-29 02:00:00+00:00,17301.08333
2023-05-29 03:00:00+00:00,17536.5
2023-05-29 04:00:00+00:00,19335.66667
2023-05-29 05:00:00+00:00,21239.75
2023-05-29 06:00:00+00:00,23204.5
2023-05-29 07:00:00+00:00,24916.25
2023-05-29 08:00:00+00:00,25800.41667
2023-05-29 09:00:00+00:00,26859.66667
2023-05-29 10:00:00+00:00,27115.25
2023-05-29 11:00:00+00:00,27385.16667
2023-05-29 12:00:00+00:00,27310.16667
2023-05-29 13:00:00+00:00,26531.75
2023-05-29 14:00:00+00:00,26453.25
2023-05-29 15:00:00+00:00,26200.83333
2023-05-29 16:00:00+00:00,26072
2023-05-29 17:00:00+00:00,26708.33333
2023-05-29 18:00:00+00:00,26403.91667
2023-05-29 19:00:00+00:00,26124.83333
2023-05-29 20:00:00+00:00,25726.16667
2023-05-29 21:00:00+00:00,23761.83333
2023-05-29 22:00:00+00:00,21818.41667
2023-05-29 23:00:00+00:00,20779.91667
2023-05-30 00:00:00+00:00,20202.58333
2023-05-30 01:00:00+00:00,19554.5
2023-05-30 02:00:00+00:00,19106.33333
2023-05-30 03:00:00+00:00,19626.25
2023-05-30 04:00:00+00:00,20096.08333
2023-05-30 05:00:00+00:00,21894.58333
2023-05-30 06:00:00+00:00,24010.25
2023-05-30 07:00:00+00:00,25972.16667
2023-05-30 08:00:00+00:00,26305.58333
2023-05-30 09:00:00+00:00,27252.91667
2023-05-30 10:00:00+00:00,27801.41667
2023-05-30 11:00:00+00:00,27732.16667
2023-05-30 12:00:00+00:00,27991.41667
2023-05-30 13:00:00+00:00,28260.33333
2023-05-30 14:00:00+00:00,27942
2023-05-30 15:00:00+00:00,27203.16667
2023-05-30 16:00:00+00:00,28534.41667
2023-05-30 17:00:00+00:00,29130.91667
2023-05-30 18:00:00+00:00,27502.58333
2023-05-30 19:00:00+00:00,26476.5
2023-05-30 20:00:00+00:00,26475.25
2023-05-30 21:00:00+00:00,25746.58333
2023-05-30 22:00:00+00:00,23108
2023-05-30 23:00:00+00:00,21866.91667
2023-05-31 00:00:00+00:00,21175
2023-05-31 01:00:00+00:00,19440.16667
2023-05-31 02:00:00+00:00,19089.16667
2023-05-31 03:00:00+00:00,19522.08333
2023-05-31 04:00:00+00:00,20831.33333
2023-05-31 05:00:00+00:00,22769.16667
2023-05-31 06:00:00+00:00,25432.08333
2023-05-31 07:00:00+00:00,27308.91667
2023-05-31 08:00:00+00:00,28069.41667
2023-05-31 09:00:00+00:00,28351.16667
2023-05-31 10:00:00+00:00,29676.33333
2023-05-31 11:00:00+00:00,30222.83333
2023-05-31 12:00:00+00:00,29620.33333
2023-05-31 13:00:00+00:00,29170.16667
2023-05-31 14:00:00+00:00,28608
2023-05-31 15:00:00+00:00,28106.91667
2023-05-31 16:00:00+00:00,28808.91667
2023-05-31 17:00:00+00:00,28755.25
2023-05-31 18:00:00+00:00,27764.08333
2023-05-31 19:00:00+00:00,26375.5
2023-05-31 20:00:00+00:00,25426.83333
2023-05-31 21:00:00+00:00,24061.66667
2023-05-31 22:00:00+00:00,22713.41667
2023-05-31 23:00:00+00:00,21313.58333
2023-06-01 00:00:00+00:00,20953.58333
2023-06-01 01:00:00+00:00,21039.08333
2023-06-01 02:00:00+00:00,19510.25
2023-06-01 03:00:00+00:00,19576.16667
2023-06-01 04:00:00+00:00,21323.41667
2023-06-01 05:00:00+00:00,24330
2023-06-01 06:00:00+00:00,27260.33333
2023-06-01 07:00:00+00:00,27360.83333
2023-06-01 08:00:00+00:00,27666.5
2023-06-01 09:00:00+00:00,28341.91667
2023-06-01 10:00:00+00:00,28706.41667
2023-06-01 11:00:00+00:00,28448
2023-06-01 12:00:00+00:00,28530.16667
2023-06-01 13:00:00+00:00,29505.91667
2023-06-01 14:00:00+00:00,27937.41667
2023-06-01 15:00:00+00:00,28202.83333
2023-06-01 16:00:00+00:00,28660.91667
2023-06-01 17:00:00+00:00,28888.58333
2023-06-01 18:00:00+00:00,28644.83333
2023-06-01 19:00:00+00:00,27172.5
2023-06-01 20:00:00+00:00,26237.66667
2023-06-01 21:00:00+00:00,25104.58333
2023-06-01 22:00:00+00:00,22535.08333
2023-06-01 23:00:00+00:00,21104.91667
2023-06-02 00:00:00+00:00,20593.33333
2023-06-02 01:00:00+00:00,20220.33333
2023-06-02 02:00:00+00:00,19626.83333
2023-06-02 03:00:00+00:00,19995.91667
2023-06-02 04:00:00+00:00,21154.25
2023-06-02 05:00:00+00:00,23609.83333
2023-06-02 06:00:00+00:00,25136.16667
2023-06-02 07:00:00+00:00,26106.33333
2023-06-02 08:00:00+00:00,26812.16667
2023-06-02 09:00:00+00:00,27764.66667
2023-06-02 10:00:00+00:00,28078.08333
2023-06-02 11:00:00+00:00,27832.75
2023-06-02 12:00:00+00:00,27468.5
2023-06-02 13:00:00+00:00,26876.66667
2023-06-02 14:00:00+00:00,26707.75
2023-06-02 15:00:00+00:00,26188.75
2023-06-02 16:00:00+00:00,27174.66667
2023-06-02 17:00:00+00:00,27181.91667
2023-06-02 18:00:00+00:00,26055.91667
2023-06-02 19:00:00+00:00,25721.16667
2023-06-02 20:00:00+00:00,25472.83333
2023-06-02 21:00:00+00:00,23710.75
2023-06-02 22:00:00+00:00,22519.41667
2023-06-02 23:00:00+00:00,21393.91667
2023-06-03 00:00:00+00:00,20218.66667
2023-06-03 01:00:00+00:00,19500.5
2023-06-03 02:00:00+00:00,18207.83333
2023-06-03 03:00:00+00:00,18294.66667
2023-06-03 04:00:00+00:00,18721.08333
2023-06-03 05:00:00+00:00,19216.91667
2023-06-03 06:00:00+00:00,21386.16667
2023-06-03 07:00:00+00:00,23336.25
2023-06-03 08:00:00+00:00,24180.41667
2023-06-03 09:00:00+00:00,23873.91667
2023-06-03 10:00:00+00:00,24250.16667
2023-06-03 11:00:00+00:00,24496.25
2023-06-03 12:00:00+00:00,24208.91667
2023-06-03 13:00:00+00:00,22813.33333
2023-06-03 14:00:00+00:00,22231.08333
2023-06-03 15:00:00+00:00,22277.75
2023-06-03 16:00:00+00:00,23790.83333
2023-06-03 17:00:00+00:00,23650
2023-06-03 18:00:00+00:00,24128.5
2023-06-03 19:00:00+00:00,23742.66667
2023-06-03 20:00:00+00:00,23828.5
2023-06-03 21:00:00+00:00,22945.75
2023-06-03 22:00:00+00:00,20647
2023-06-03 23:00:00+00:00,19365.75
2023-06-04 00:00:00+00:00,18448.33333
2023-06-04 01:00:00+00:00,18258.33333
2023-06-04 02:00:00+00:00,18030.83333
2023-06-04 03:00:00+00:00,18089.66667
2023-06-04 04:00:00+00:00,17843.58333
2023-06-04 05:00:00+00:00,18424.58333
2023-06-04 06:00:00+00:00,19666
2023-06-04 07:00:00+00:00,20982.83333
2023-06-04 08:00:00+00:00,21977.66667
2023-06-04 09:00:00+00:00,22108.5
2023-06-04 10:00:00+00:00,22129.33333
2023-06-04 11:00:00+00:00,22286.16667
2023-06-04 12:00:00+00:00,22446.75
2023-06-04 13:00:00+00:00,21469.25
2023-06-04 14:00:00+00:00,20772.91667
2023-06-04 15:00:00+00:00,21641.5
2023-06-04 16:00:00+00:00,24984.83333
2023-06-04 17:00:00+00:00,24062.08333
2023-06-04 18:00:00+00:00,23277.5
2023-06-04 19:00:00+00:00,23203.33333
2023-06-04 20:00:00+00:00,23596
2023-06-04 21:00:00+00:00,22570.66667
2023-06-04 22:00:00+00:00,21005.5
2023-06-04 23:00:00+00:00,19578
2023-06-05 00:00:00+00:00,18491.08333
2023-06-05 01:00:00+00:00,17995.75
2023-06-05 02:00:00+00:00,18157.5
2023-06-05 03:00:00+00:00,18910.83333
2023-06-05 04:00:00+00:00,20533.08333
2023-06-05 05:00:00+00:00,22370.16667
2023-06-05 06:00:00+00:00,26469.75
2023-06-05 07:00:00+00:00,28168.16667
2023-06-05 08:00:00+00:00,29551.16667
2023-06-05 09:00:00+00:00,30536.91667
2023-06-05 10:00:00+00:00,30541.66667
2023-06-05 11:00:00+00:00,30336.75
2023-06-05 12:00:00+00:00,30011.83333
2023-06-05 13:00:00+00:00,29791.08333
2023-06-05 14:00:00+00:00,29716.33333
2023-06-05 15:00:00+00:00,29575
2023-06-05 16:00:00+00:00,30017.08333
2023-06-05 17:00:00+00:00,29472.25
2023-06-05 18:00:00+00:00,29573
2023-06-05 19:00:00+00:00,27763.41667
2023-06-05 20:00:00+00:00,26986.41667
2023-06-05 21:00:00+00:00,24992.16667
2023-06-05 22:00:00+00:00,22715.41667
2023-06-05 23:00:00+00:00,21305.83333
2023-06-06 00:00:00+00:00,20461.91667
2023-06-06 01:00:00+00:00,20086.16667
2023-06-06 02:00:00+00:00,19872.75
2023-06-06 03:00:00+00:00,20544.08333
2023-06-06 04:00:00+00:00,21749.66667
2023-06-06 05:00:00+00:00,23746.25
2023-06-06 06:00:00+00:00,27308.5
2023-06-06 07:00:00+00:00,28919.16667
2023-06-06 08:00:00+00:00,29967.08333
2023-06-06 09:00:00+00:00,31492.5
2023-06-06 10:00:00+00:00,32469.25
2023-06-06 11:00:00+00:00,31921.75
2023-06-06 12:00:00+00:00,31419.66667
2023-06-06 13:00:00+00:00,31212.33333
2023-06-06 14:00:00+00:00,31373.58333
2023-06-06 15:00:00+00:00,31616.75
2023-06-06 16:00:00+00:00,31493.41667
2023-06-06 17:00:00+00:00,30515
2023-06-06 18:00:00+00:00,30067.91667
2023-06-06 19:00:00+00:00,28900.25
2023-06-06 20:00:00+00:00,28530.08333
2023-06-06 21:00:00+00:00,26616.66667
2023-06-06 22:00:00+00:00,25508.16667
2023-06-06 23:00:00+00:00,24182.16667
2023-06-07 00:00:00+00:00,22953.16667
2023-06-07 01:00:00+00:00,21864.66667
2023-06-07 02:00:00+00:00,21641
2023-06-07 03:00:00+00:00,21879.5
2023-06-07 04:00:00+00:00,23445.66667
2023-06-07 05:00:00+00:00,25575.25
2023-06-07 06:00:00+00:00,26876.66667
2023-06-07 07:00:00+00:00,27391.41667
2023-06-07 08:00:00+00:00,26447.33333
2023-06-07 09:00:00+00:00,27016.33333
2023-06-07 10:00:00+00:00,27941.41667
2023-06-07 11:00:00+00:00,27935.58333
2023-06-07 12:00:00+00:00,27914.5
2023-06-07 13:00:00+00:00,27094.25
2023-06-07 14:00:00+00:00,27596.33333
2023-06-07 15:00:00+00:00,28365.41667
2023-06-07 16:00:00+00:00,29803.16667
2023-06-07 17:00:00+00:00,30249.75
2023-06-07 18:00:00+00:00,29794.08333
2023-06-07 19:00:00+00:00,27794.91667
2023-06-07 20:00:00+00:00,27989.58333
2023-06-07 21:00:00+00:00,24633.75
2023-06-07 22:00:00+00:00,23165.16667
2023-06-07 23:00:00+00:00,22063.41667
2023-06-08 00:00:00+00:00,21335.66667
2023-06-08 01:00:00+00:00,20931.75
2023-06-08 02:00:00+00:00,20599.5
2023-06-08 03:00:00+00:00,20424.5
2023-06-08 04:00:00+00:00,21461.33333
2023-06-08 05:00:00+00:00,24571.33333
2023-06-08 06:00:00+00:00,25594.16667
2023-06-08 07:00:00+00:00,25409.16667
2023-06-08 08:00:00+00:00,27059.58333
2023-06-08 09:00:00+00:00,27921.66667
2023-06-08 10:00:00+00:00,28005.75
2023-06-08 11:00:00+00:00,28305.08333
2023-06-08 12:00:00+00:00,27823.66667
2023-06-08 13:00:00+00:00,28370.5
2023-06-08 14:00:00+00:00,28858.66667
2023-06-08 15:00:00+00:00,29668.16667
2023-06-08 16:00:00+00:00,30130
2023-06-08 17:00:00+00:00,29765.16667
2023-06-08 18:00:00+00:00,28914.83333
2023-06-08 19:00:00+00:00,27143.66667
2023-06-08 20:00:00+00:00,26839.91667
2023-06-08 21:00:00+00:00,24909.66667
2023-06-08 22:00:00+00:00,22814.75
2023-06-08 23:00:00+00:00,21748.16667
2023-06-09 00:00:00+00:00,21698.25
2023-06-09 01:00:00+00:00,21345
2023-06-09 02:00:00+00:00,21664.08333
2023-06-09 03:00:00+00:00,22070.5
2023-06-09 04:00:00+00:00,23405.66667
2023-06-09 05:00:00+00:00,25928.91667
2023-06-09 06:00:00+00:00,28034.91667
2023-06-09 07:00:00+00:00,30564
2023-06-09 08:00:00+00:00,32166.5
2023-06-09 09:00:00+00:00,32607.83333
2023-06-09 10:00:00+00:00,32921.33333
2023-06-09 11:00:00+00:00,32571.16667
2023-06-09 12:00:00+00:00,32092.25
2023-06-09 13:00:00+00:00,31263.66667
2023-06-09 14:00:00+00:00,30842.08333
2023-06-09 15:00:00+00:00,30166.33333
2023-06-09 16:00:00+00:00,30311.5
2023-06-09 17:00:00+00:00,29835.25
2023-06-09 18:00:00+00:00,27796.41667
2023-06-09 19:00:00+00:00,27110.66667
2023-06-09 20:00:00+00:00,26380
2023-06-09 21:00:00+00:00,24047.25
2023-06-09 22:00:00+00:00,23307.16667
2023-06-09 23:00:00+00:00,22457.16667
2023-06-10 00:00:00+00:00,21641.91667
2023-06-10 01:00:00+00:00,20674.58333
2023-06-10 02:00:00+00:00,20486.5
2023-06-10 03:00:00+00:00,20209.16667
2023-06-10 04:00:00+00:00,19748.33333
2023-06-10 05:00:00+00:00,20209.41667
2023-06-10 06:00:00+00:00,22038.08333
2023-06-10 07:00:00+00:00,23450.75
2023-06-10 08:00:00+00:00,24706.08333
2023-06-10 09:00:00+00:00,25084.25
2023-06-10 10:00:00+00:00,25668.08333
2023-06-10 11:00:00+00:00,26045.33333
2023-06-10 12:00:00+00:00,25609.66667
2023-06-10 13:00:00+00:00,24518.75
2023-06-10 14:00:00+00:00,23965.66667
2023-06-10 15:00:00+00:00,24027.58333
2023-06-10 16:00:00+00:00,25393.5
2023-06-10 17:00:00+00:00,24917.5
2023-06-10 18:00:00+00:00,23453.41667
2023-06-10 19:00:00+00:00,22481.66667
2023-06-10 20:00:00+00:00,22584.33333
2023-06-10 21:00:00+00:00,22263.66667
2023-06-10 22:00:00+00:00,22057.16667
2023-06-10 23:00:00+00:00,21232.08333
2023-06-11 00:00:00+00:00,20228.83333
2023-06-11 01:00:00+00:00,19428.66667
2023-06-11 02:00:00+00:00,19220.91667
2023-06-11 03:00:00+00:00,18804.5
2023-06-11 04:00:00+00:00,18608.91667
2023-06-11 05:00:00+00:00,18731.33333
2023-06-11 06:00:00+00:00,20103.66667
2023-06-11 07:00:00+00:00,21475.91667
2023-06-11 08:00:00+00:00,22674.25
2023-06-11 09:00:00+00:00,22367.83333
2023-06-11 10:00:00+00:00,23129.75
2023-06-11 11:00:00+00:00,23506.5
2023-06-11 12:00:00+00:00,23430.25
2023-06-11 13:00:00+00:00,24357.41667
2023-06-11 14:00:00+00:00,23494.25
2023-06-11 15:00:00+00:00,24131.83333
2023-06-11 16:00:00+00:00,26281.41667
2023-06-11 17:00:00+00:00,27655.66667
2023-06-11 18:00:00+00:00,26681.66667
2023-06-11 19:00:00+00:00,24576.83333
2023-06-11 20:00:00+00:00,24344.58333
2023-06-11 21:00:00+00:00,22900
2023-06-11 22:00:00+00:00,21494.75
2023-06-11 23:00:00+00:00,20915
2023-06-12 00:00:00+00:00,19392.33333
2023-06-12 01:00:00+00:00,18725.66667
2023-06-12 02:00:00+00:00,18842.33333
2023-06-12 03:00:00+00:00,20455.41667
2023-06-12 04:00:00+00:00,23874.08333
2023-06-12 05:00:00+00:00,25971.33333
2023-06-12 06:00:00+00:00,29102.75
2023-06-12 07:00:00+00:00,30088.58333
2023-06-12 08:00:00+00:00,31550.33333
2023-06-12 09:00:00+00:00,31647.5
2023-06-12 10:00:00+00:00,32464.41667
2023-06-12 11:00:00+00:00,32729.58333
2023-06-12 12:00:00+00:00,32725.33333
2023-06-12 13:00:00+00:00,32139.83333
2023-06-12 14:00:00+00:00,31277.25
2023-06-12 15:00:00+00:00,30729.16667
2023-06-12 16:00:00+00:00,30295.16667
2023-06-12 17:00:00+00:00,30407.75
2023-06-12 18:00:00+00:00,29603.66667
2023-06-12 19:00:00+00:00,28560.83333
2023-06-12 20:00:00+00:00,27954.83333
2023-06-12 21:00:00+00:00,27051.66667
2023-06-12 22:00:00+00:00,23501.75
2023-06-12 23:00:00+00:00,22360
2023-06-13 00:00:00+00:00,21791.58333
2023-06-13 01:00:00+00:00,21343.91667
2023-06-13 02:00:00+00:00,21242.33333
2023-06-13 03:00:00+00:00,21321.33333
2023-06-13 04:00:00+00:00,22752.83333
2023-06-13 05:00:00+00:00,24779.33333
2023-06-13 06:00:00+00:00,27473.08333
2023-06-13 07:00:00+00:00,30153.25
2023-06-13 08:00:00+00:00,31161
2023-06-13 09:00:00+00:00,31418.33333
2023-06-13 10:00:00+00:00,31438
2023-06-13 11:00:00+00:00,31496.08333
2023-06-13 12:00:00+00:00,31536.75
2023-06-13 13:00:00+00:00,30989.75
2023-06-13 14:00:00+00:00,30624.41667
2023-06-13 15:00:00+00:00,30540
2023-06-13 16:00:00+00:00,30291.16667
2023-06-13 17:00:00+00:00,30488.83333
2023-06-13 18:00:00+00:00,30433.16667
2023-06-13 19:00:00+00:00,29243.5
2023-06-13 20:00:00+00:00,29028
2023-06-13 21:00:00+00:00,27591.25
2023-06-13 22:00:00+00:00,24942.75
2023-06-13 23:00:00+00:00,23628.08333
2023-06-14 00:00:00+00:00,23153
2023-06-14 01:00:00+00:00,22932.58333
2023-06-14 02:00:00+00:00,22507.5
2023-06-14 03:00:00+00:00,23205.58333
2023-06-14 04:00:00+00:00,24303.16667
2023-06-14 05:00:00+00:00,27877.25
2023-06-14 06:00:00+00:00,31545.91667
2023-06-14 07:00:00+00:00,33555.41667
2023-06-14 08:00:00+00:00,34105.5
2023-06-14 09:00:00+00:00,33403.83333
2023-06-14 10:00:00+00:00,34065.83333
2023-06-14 11:00:00+00:00,34559.33333
2023-06-14 12:00:00+00:00,34082.08333
2023-06-14 13:00:00+00:00,32826.58333
2023-06-14 14:00:00+00:00,32422.91667
2023-06-14 15:00:00+00:00,32903.83333
2023-06-14 16:00:00+00:00,33142.91667
2023-06-14 17:00:00+00:00,33253.08333
2023-06-14 18:00:00+00:00,32299.66667
2023-06-14 19:00:00+00:00,30993.58333
2023-06-14 20:00:00+00:00,30421.83333
2023-06-14 21:00:00+00:00,28712.58333
2023-06-14 22:00:00+00:00,26148.58333
2023-06-14 23:00:00+00:00,24115.16667
2023-06-15 00:00:00+00:00,23006.08333
2023-06-15 01:00:00+00:00,22520.25
2023-06-15 02:00:00+00:00,22307.08333
2023-06-15 03:00:00+00:00,22269.33333
2023-06-15 04:00:00+00:00,23776.83333
2023-06-15 05:00:00+00:00,26141.66667
2023-06-15 06:00:00+00:00,29485.5
2023-06-15 07:00:00+00:00,32575.75
2023-06-15 08:00:00+00:00,33707.75
2023-06-15 09:00:00+00:00,34206.75
2023-06-15 10:00:00+00:00,34440.83333
2023-06-15 11:00:00+00:00,34604.08333
2023-06-15 12:00:00+00:00,34716.16667
2023-06-15 13:00:00+00:00,34325.33333
2023-06-15 14:00:00+00:00,34086.33333
2023-06-15 15:00:00+00:00,34524.66667
2023-06-15 16:00:00+00:00,35020.16667
2023-06-15 17:00:00+00:00,34226.5
2023-06-15 18:00:00+00:00,32390.16667
2023-06-15 19:00:00+00:00,29225.33333
2023-06-15 20:00:00+00:00,29399.75
2023-06-15 21:00:00+00:00,27640.66667
2023-06-15 22:00:00+00:00,25195.16667
2023-06-15 23:00:00+00:00,22961.83333
2023-06-16 00:00:00+00:00,21802.58333
2023-06-16 01:00:00+00:00,21123.16667
2023-06-16 02:00:00+00:00,21613.66667
2023-06-16 03:00:00+00:00,22003.83333
2023-06-16 04:00:00+00:00,22573.33333
2023-06-16 05:00:00+00:00,25021.58333
2023-06-16 06:00:00+00:00,28547.66667
2023-06-16 07:00:00+00:00,31436.33333
2023-06-16 08:00:00+00:00,33067.33333
2023-06-16 09:00:00+00:00,33881.75
2023-06-16 10:00:00+00:00,34313
2023-06-16 11:00:00+00:00,34435.91667
2023-06-16 12:00:00+00:00,33899
2023-06-16 13:00:00+00:00,33918.41667
2023-06-16 14:00:00+00:00,34196.75
2023-06-16 15:00:00+00:00,34216.16667
2023-06-16 16:00:00+00:00,33804.41667
2023-06-16 17:00:00+00:00,32690.66667
2023-06-16 18:00:00+00:00,31082.16667
2023-06-16 19:00:00+00:00,28036.91667
2023-06-16 20:00:00+00:00,27082.91667
2023-06-16 21:00:00+00:00,27526.83333
2023-06-16 22:00:00+00:00,25195.33333
2023-06-16 23:00:00+00:00,23378.75
2023-06-17 00:00:00+00:00,21830.66667
2023-06-17 01:00:00+00:00,21342.25
2023-06-17 02:00:00+00:00,20959.25
2023-06-17 03:00:00+00:00,20681.33333
2023-06-17 04:00:00+00:00,20530.25
2023-06-17 05:00:00+00:00,21000.16667
2023-06-17 06:00:00+00:00,23972
2023-06-17 07:00:00+00:00,27090.83333
2023-06-17 08:00:00+00:00,27930.91667
2023-06-17 09:00:00+00:00,27727.83333
2023-06-17 10:00:00+00:00,27992.25
2023-06-17 11:00:00+00:00,28580
2023-06-17 12:00:00+00:00,28635.5
2023-06-17 13:00:00+00:00,28866.08333
2023-06-17 14:00:00+00:00,29403.25
2023-06-17 15:00:00+00:00,29877.16667
2023-06-17 16:00:00+00:00,30412.08333
2023-06-17 17:00:00+00:00,30195.83333
2023-06-17 18:00:00+00:00,28570.66667
2023-06-17 19:00:00+00:00,27030.25
2023-06-17 20:00:00+00:00,26735.83333
2023-06-17 21:00:00+00:00,26081.16667
2023-06-17 22:00:00+00:00,23584.83333
2023-06-17 23:00:00+00:00,22648.08333
2023-06-18 00:00:00+00:00,21650
2023-06-18 01:00:00+00:00,20868.08333
2023-06-18 02:00:00+00:00,20787.91667
2023-06-18 03:00:00+00:00,19964.08333
2023-06-18 04:00:00+00:00,20384.16667
2023-06-18 05:00:00+00:00,20449.75
2023-06-18 06:00:00+00:00,22676.08333
2023-06-18 07:00:00+00:00,25305.08333
2023-06-18 08:00:00+00:00,26434.91667
2023-06-18 09:00:00+00:00,27687.25
2023-06-18 10:00:00+00:00,28283.41667
2023-06-18 11:00:00+00:00,28830.25
2023-06-18 12:00:00+00:00,28177.83333
2023-06-18 13:00:00+00:00,28696.33333
2023-06-18 14:00:00+00:00,28421
2023-06-18 15:00:00+00:00,27980.5
2023-06-18 16:00:00+00:00,28192.66667
2023-06-18 17:00:00+00:00,27998.08333
2023-06-18 18:00:00+00:00,27100
2023-06-18 19:00:00+00:00,27105.75
2023-06-18 20:00:00+00:00,26744.5
2023-06-18 21:00:00+00:00,24705.25
2023-06-18 22:00:00+00:00,24528.91667
2023-06-18 23:00:00+00:00,22391.83333
2023-06-19 00:00:00+00:00,20896.25
2023-06-19 01:00:00+00:00,20389.75
2023-06-19 02:00:00+00:00,20352
2023-06-19 03:00:00+00:00,21202.5
2023-06-19 04:00:00+00:00,23229
2023-06-19 05:00:00+00:00,26314.75
2023-06-19 06:00:00+00:00,29296.75
2023-06-19 07:00:00+00:00,31348.5
2023-06-19 08:00:00+00:00,32610.16667
2023-06-19 09:00:00+00:00,33265.58333
2023-06-19 10:00:00+00:00,34649.83333
2023-06-19 11:00:00+00:00,34489.91667
2023-06-19 12:00:00+00:00,34938.5
2023-06-19 13:00:00+00:00,35177.16667
2023-06-19 14:00:00+00:00,34944.33333
2023-06-19 15:00:00+00:00,34624.33333
2023-06-19 16:00:00+00:00,33930.41667
2023-06-19 17:00:00+00:00,32026.33333
2023-06-19 18:00:00+00:00,31244.08333
2023-06-19 19:00:00+00:00,30215.25
2023-06-19 20:00:00+00:00,30086.58333
2023-06-19 21:00:00+00:00,28213.75
2023-06-19 22:00:00+00:00,25439.41667
2023-06-19 23:00:00+00:00,24050.41667
2023-06-20 00:00:00+00:00,23078.41667
2023-06-20 01:00:00+00:00,22400.41667
2023-06-20 02:00:00+00:00,22591.41667
2023-06-20 03:00:00+00:00,22958.25
2023-06-20 04:00:00+00:00,24352.66667
2023-06-20 05:00:00+00:00,27348.08333
2023-06-20 06:00:00+00:00,30332.16667
2023-06-20 07:00:00+00:00,32566.66667
2023-06-20 08:00:00+00:00,33426.16667
2023-06-20 09:00:00+00:00,34288.25
2023-06-20 10:00:00+00:00,34884.41667
2023-06-20 11:00:00+00:00,35366
2023-06-20 12:00:00+00:00,35556.58333
2023-06-20 13:00:00+00:00,34899.66667
2023-06-20 14:00:00+00:00,34794.83333
2023-06-20 15:00:00+00:00,34857.25
2023-06-20 16:00:00+00:00,33727.41667
2023-06-20 17:00:00+00:00,33879.91667
2023-06-20 18:00:00+00:00,32869.41667
2023-06-20 19:00:00+00:00,32013.08333
2023-06-20 20:00:00+00:00,31589.58333
2023-06-20 21:00:00+00:00,27769.5
2023-06-20 22:00:00+00:00,25764.91667
2023-06-20 23:00:00+00:00,24150.66667
2023-06-21 00:00:00+00:00,23254.75
2023-06-21 01:00:00+00:00,22822.41667
2023-06-21 02:00:00+00:00,22679.66667
2023-06-21 03:00:00+00:00,22520.66667
2023-06-21 04:00:00+00:00,24029.91667
2023-06-21 05:00:00+00:00,27285.25
2023-06-21 06:00:00+00:00,30296
2023-06-21 07:00:00+00:00,31475.25
2023-06-21 08:00:00+00:00,31860
2023-06-21 09:00:00+00:00,32583.66667
2023-06-21 10:00:00+00:00,32750
2023-06-21 11:00:00+00:00,32331.5
2023-06-21 12:00:00+00:00,32285.08333
2023-06-21 13:00:00+00:00,32539.41667
2023-06-21 14:00:00+00:00,32361.75
2023-06-21 15:00:00+00:00,33012.58333
2023-06-21 16:00:00+00:00,33222.66667
2023-06-21 17:00:00+00:00,33022.41667
2023-06-21 18:00:00+00:00,32199.83333
2023-06-21 19:00:00+00:00,30099
2023-06-21 20:00:00+00:00,29635.5
2023-06-21 21:00:00+00:00,28251
2023-06-21 22:00:00+00:00,24497.66667
2023-06-21 23:00:00+00:00,23173.16667
2023-06-22 00:00:00+00:00,22419.5
2023-06-22 01:00:00+00:00,21714.83333
2023-06-22 02:00:00+00:00,21623.66667
2023-06-22 03:00:00+00:00,21710.91667
2023-06-22 04:00:00+00:00,23303.58333
2023-06-22 05:00:00+00:00,26842.41667
2023-06-22 06:00:00+00:00,30296
2023-06-22 07:00:00+00:00,32805.91667
2023-06-22 08:00:00+00:00,33174.33333
2023-06-22 09:00:00+00:00,34415.75
2023-06-22 10:00:00+00:00,34671.91667
2023-06-22 11:00:00+00:00,35234
2023-06-22 12:00:00+00:00,35363.75
2023-06-22 13:00:00+00:00,34778.5
2023-06-22 14:00:00+00:00,34508.5
2023-06-22 15:00:00+00:00,34611.66667
2023-06-22 16:00:00+00:00,34697.41667
2023-06-22 17:00:00+00:00,34437.41667
2023-06-22 18:00:00+00:00,32968.91667
2023-06-22 19:00:00+00:00,30833.41667
2023-06-22 20:00:00+00:00,29667.66667
2023-06-22 21:00:00+00:00,28151.58333
2023-06-22 22:00:00+00:00,25584.08333
2023-06-22 23:00:00+00:00,24048.66667
2023-06-23 00:00:00+00:00,22968.41667
2023-06-23 01:00:00+00:00,22233.16667
2023-06-23 02:00:00+00:00,21519.91667
2023-06-23 03:00:00+00:00,21699.83333
2023-06-23 04:00:00+00:00,22874.25
2023-06-23 05:00:00+00:00,26655.5
2023-06-23 06:00:00+00:00,30957.91667
2023-06-23 07:00:00+00:00,33251.08333
2023-06-23 08:00:00+00:00,34159.91667
2023-06-23 09:00:00+00:00,34238.33333
2023-06-23 10:00:00+00:00,33960.25
2023-06-23 11:00:00+00:00,33944.66667
2023-06-23 12:00:00+00:00,32758.58333
2023-06-23 13:00:00+00:00,32415.33333
2023-06-23 14:00:00+00:00,33130.33333
2023-06-23 15:00:00+00:00,33887.66667
2023-06-23 16:00:00+00:00,34432.83333
2023-06-23 17:00:00+00:00,34876.25
2023-06-23 18:00:00+00:00,33074.66667
2023-06-23 19:00:00+00:00,30437.58333
2023-06-23 20:00:00+00:00,29508.66667
2023-06-23 21:00:00+00:00,27931.66667
2023-06-23 22:00:00+00:00,25679.08333
2023-06-23 23:00:00+00:00,24723.08333
2023-06-24 00:00:00+00:00,23908.08333
2023-06-24 01:00:00+00:00,22998.5
2023-06-24 02:00:00+00:00,22333.41667
2023-06-24 03:00:00+00:00,21015
2023-06-24 04:00:00+00:00,20635
2023-06-24 05:00:00+00:00,20892.91667
2023-06-24 06:00:00+00:00,24790.41667
2023-06-24 07:00:00+00:00,27590.08333
2023-06-24 08:00:00+00:00,27100.33333
2023-06-24 09:00:00+00:00,27030.75
2023-06-24 10:00:00+00:00,27112
2023-06-24 11:00:00+00:00,27473.16667
2023-06-24 12:00:00+00:00,27618.66667
2023-06-24 13:00:00+00:00,27040.33333
2023-06-24 14:00:00+00:00,27598
2023-06-24 15:00:00+00:00,29271.66667
2023-06-24 16:00:00+00:00,30288.66667
2023-06-24 17:00:00+00:00,31095.41667
2023-06-24 18:00:00+00:00,29708.33333
2023-06-24 19:00:00+00:00,27657.08333
2023-06-24 20:00:00+00:00,27541.58333
2023-06-24 21:00:00+00:00,26944.16667
2023-06-24 22:00:00+00:00,24510.66667
2023-06-24 23:00:00+00:00,23565.16667
2023-06-25 00:00:00+00:00,22838.16667
2023-06-25 01:00:00+00:00,22301.91667
2023-06-25 02:00:00+00:00,22058.08333
2023-06-25 03:00:00+00:00,21490.41667
2023-06-25 04:00:00+00:00,20928.75
2023-06-25 05:00:00+00:00,20478.91667
2023-06-25 06:00:00+00:00,21165.58333
2023-06-25 07:00:00+00:00,23506.58333
2023-06-25 08:00:00+00:00,24219.5
2023-06-25 09:00:00+00:00,25628.66667
2023-06-25 10:00:00+00:00,26256.5
2023-06-25 11:00:00+00:00,26730.58333
2023-06-25 12:00:00+00:00,27307.08333
2023-06-25 13:00:00+00:00,26713
2023-06-25 14:00:00+00:00,28338.83333
2023-06-25 15:00:00+00:00,30331.5
2023-06-25 16:00:00+00:00,30517.58333
2023-06-25 17:00:00+00:00,32771.08333
2023-06-25 18:00:00+00:00,30041.41667
2023-06-25 19:00:00+00:00,29148.66667
2023-06-25 20:00:00+00:00,29926.75
2023-06-25 21:00:00+00:00,29362.5
2023-06-25 22:00:00+00:00,27668.91667
2023-06-25 23:00:00+00:00,25946.83333
2023-06-26 00:00:00+00:00,24311.41667
2023-06-26 01:00:00+00:00,23508.83333
2023-06-26 02:00:00+00:00,23148.75
2023-06-26 03:00:00+00:00,23677.91667
2023-06-26 04:00:00+00:00,26370.33333
2023-06-26 05:00:00+00:00,28791
2023-06-26 06:00:00+00:00,31591.41667
2023-06-26 07:00:00+00:00,35077.16667
2023-06-26 08:00:00+00:00,35679.75
2023-06-26 09:00:00+00:00,35890.08333
2023-06-26 10:00:00+00:00,35510.83333
2023-06-26 11:00:00+00:00,35778.33333
2023-06-26 12:00:00+00:00,35611.25
2023-06-26 13:00:00+00:00,35275.08333
2023-06-26 14:00:00+00:00,35198
2023-06-26 15:00:00+00:00,36865.91667
2023-06-26 16:00:00+00:00,38871.25
2023-06-26 17:00:00+00:00,38548.83333
2023-06-26 18:00:00+00:00,37660.75
2023-06-26 19:00:00+00:00,37162.08333
2023-06-26 20:00:00+00:00,37013.33333
2023-06-26 21:00:00+00:00,34808.33333
2023-06-26 22:00:00+00:00,30634.08333
2023-06-26 23:00:00+00:00,29390.41667
2023-06-27 00:00:00+00:00,28008.91667
2023-06-27 01:00:00+00:00,27152.25
2023-06-27 02:00:00+00:00,26182.16667
2023-06-27 03:00:00+00:00,26472.16667
2023-06-27 04:00:00+00:00,28110.25
2023-06-27 05:00:00+00:00,29884.66667
2023-06-27 06:00:00+00:00,33157.91667
2023-06-27 07:00:00+00:00,36108.91667
2023-06-27 08:00:00+00:00,36507
2023-06-27 09:00:00+00:00,37044.5
2023-06-27 10:00:00+00:00,36299.75
2023-06-27 11:00:00+00:00,36332.66667
2023-06-27 12:00:00+00:00,36500.33333
2023-06-27 13:00:00+00:00,37010.08333
2023-06-27 14:00:00+00:00,37554.66667
2023-06-27 15:00:00+00:00,37590.08333
2023-06-27 16:00:00+00:00,38100.5
2023-06-27 17:00:00+00:00,37518.83333
2023-06-27 18:00:00+00:00,36931.25
2023-06-27 19:00:00+00:00,34433.83333
2023-06-27 20:00:00+00:00,33117.83333
2023-06-27 21:00:00+00:00,30805.25
2023-06-27 22:00:00+00:00,28806.58333
2023-06-27 23:00:00+00:00,27341.41667
2023-06-28 00:00:00+00:00,25758.16667
2023-06-28 01:00:00+00:00,24891.66667
2023-06-28 02:00:00+00:00,24469.25
2023-06-28 03:00:00+00:00,24958.25
2023-06-28 04:00:00+00:00,26389.33333
2023-06-28 05:00:00+00:00,27565.83333
2023-06-28 06:00:00+00:00,30849
2023-06-28 07:00:00+00:00,34000.41667
2023-06-28 08:00:00+00:00,35254.33333
2023-06-28 09:00:00+00:00,35315
2023-06-28 10:00:00+00:00,35612
2023-06-28 11:00:00+00:00,35639.66667
2023-06-28 12:00:00+00:00,36022.33333
2023-06-28 13:00:00+00:00,36127.91667
2023-06-28 14:00:00+00:00,36208.16667
2023-06-28 15:00:00+00:00,36545.75
2023-06-28 16:00:00+00:00,36926.16667
2023-06-28 17:00:00+00:00,36249.66667
2023-06-28 18:00:00+00:00,35232.83333
2023-06-28 19:00:00+00:00,34477.16667
2023-06-28 20:00:00+00:00,32955.08333
2023-06-28 21:00:00+00:00,29863.08333
2023-06-28 22:00:00+00:00,27796.58333
2023-06-28 23:00:00+00:00,25711.83333
2023-06-29 00:00:00+00:00,24042.25
2023-06-29 01:00:00+00:00,23393.75
2023-06-29 02:00:00+00:00,23263.66667
2023-06-29 03:00:00+00:00,23506.91667
2023-06-29 04:00:00+00:00,24643.58333
2023-06-29 05:00:00+00:00,28812.08333
2023-06-29 06:00:00+00:00,31201.75
2023-06-29 07:00:00+00:00,32976.16667
2023-06-29 08:00:00+00:00,34293.41667
2023-06-29 09:00:00+00:00,35422.16667
2023-06-29 10:00:00+00:00,36483
2023-06-29 11:00:00+00:00,37114.33333
2023-06-29 12:00:00+00:00,37788.83333
2023-06-29 13:00:00+00:00,37747.91667
2023-06-29 14:00:00+00:00,37883.75
2023-06-29 15:00:00+00:00,37947.41667
2023-06-29 16:00:00+00:00,37729
2023-06-29 17:00:00+00:00,36944.58333
2023-06-29 18:00:00+00:00,35793.33333
2023-06-29 19:00:00+00:00,34581.91667
2023-06-29 20:00:00+00:00,33715.75
2023-06-29 21:00:00+00:00,31923.66667
2023-06-29 22:00:00+00:00,30429.58333
2023-06-29 23:00:00+00:00,28660.25
2023-06-30 00:00:00+00:00,27462.16667
2023-06-30 01:00:00+00:00,26285.16667
2023-06-30 02:00:00+00:00,25771.41667
2023-06-30 03:00:00+00:00,25971.16667
2023-06-30 04:00:00+00:00,26992.58333
2023-06-30 05:00:00+00:00,28436.41667
2023-06-30 06:00:00+00:00,30842.66667
2023-06-30 07:00:00+00:00,33161.25
2023-06-30 08:00:00+00:00,34246.66667
2023-06-30 09:00:00+00:00,35453.33333
2023-06-30 10:00:00+00:00,35377.5
2023-06-30 11:00:00+00:00,36507.41667
2023-06-30 12:00:00+00:00,36502.16667
2023-06-30 13:00:00+00:00,36189.08333
2023-06-30 14:00:00+00:00,35768.33333
2023-06-30 15:00:00+00:00,35175.83333
2023-06-30 16:00:00+00:00,35556.25
2023-06-30 17:00:00+00:00,34588.16667
2023-06-30 18:00:00+00:00,31551.58333
2023-06-30 19:00:00+00:00,29014.83333
2023-06-30 20:00:00+00:00,28437.91667
2023-06-30 21:00:00+00:00,27619.83333
2023-06-30 22:00:00+00:00,26166.33333
2023-06-30 23:00:00+00:00,25021.16667
2023-07-01 00:00:00+00:00,23965.83333
2023-07-01 01:00:00+00:00,23562.75
2023-07-01 02:00:00+00:00,22993.33333
2023-07-01 03:00:00+00:00,22383.58333
2023-07-01 04:00:00+00:00,22266.41667
2023-07-01 05:00:00+00:00,22779.58333
2023-07-01 06:00:00+00:00,24071.25
2023-07-01 07:00:00+00:00,26204.08333
2023-07-01 08:00:00+00:00,26990.41667
2023-07-01 09:00:00+00:00,26499.5
2023-07-01 10:00:00+00:00,27197.25
2023-07-01 11:00:00+00:00,27830.58333
2023-07-01 12:00:00+00:00,27835.58333
2023-07-01 13:00:00+00:00,27521
2023-07-01 14:00:00+00:00,26810.66667
2023-07-01 15:00:00+00:00,26941.91667
2023-07-01 16:00:00+00:00,28782.75
2023-07-01 17:00:00+00:00,30161.16667
2023-07-01 18:00:00+00:00,29630
2023-07-01 19:00:00+00:00,28927.83333
2023-07-01 20:00:00+00:00,28264.91667
2023-07-01 21:00:00+00:00,26982.41667
2023-07-01 22:00:00+00:00,25891.16667
2023-07-01 23:00:00+00:00,24856.08333
2023-07-02 00:00:00+00:00,23682.75
2023-07-02 01:00:00+00:00,22847.5
2023-07-02 02:00:00+00:00,22283.5
2023-07-02 03:00:00+00:00,21898.91667
2023-07-02 04:00:00+00:00,21508.58333
2023-07-02 05:00:00+00:00,21345.41667
2023-07-02 06:00:00+00:00,22422.33333
2023-07-02 07:00:00+00:00,23122.33333
2023-07-02 08:00:00+00:00,24234.16667
2023-07-02 09:00:00+00:00,24732.33333
2023-07-02 10:00:00+00:00,26303.25
2023-07-02 11:00:00+00:00,27422.25
2023-07-02 12:00:00+00:00,28058.83333
2023-07-02 13:00:00+00:00,26058.91667
2023-07-02 14:00:00+00:00,25650.33333
2023-07-02 15:00:00+00:00,25868
2023-07-02 16:00:00+00:00,27376
2023-07-02 17:00:00+00:00,28143.83333
2023-07-02 18:00:00+00:00,28618.66667
2023-07-02 19:00:00+00:00,28500.58333
2023-07-02 20:00:00+00:00,28890
2023-07-02 21:00:00+00:00,28492.41667
2023-07-02 22:00:00+00:00,27374.08333
2023-07-02 23:00:00+00:00,25445.58333
2023-07-03 00:00:00+00:00,24345.41667
2023-07-03 01:00:00+00:00,23389.66667
2023-07-03 02:00:00+00:00,22708.33333
2023-07-03 03:00:00+00:00,22556.41667
2023-07-03 04:00:00+00:00,24069.5
2023-07-03 05:00:00+00:00,25230.16667
2023-07-03 06:00:00+00:00,27524.16667
2023-07-03 07:00:00+00:00,30458.5
2023-07-03 08:00:00+00:00,31898.58333
2023-07-03 09:00:00+00:00,32243.08333
2023-07-03 10:00:00+00:00,33310.91667
2023-07-03 11:00:00+00:00,33508.91667
2023-07-03 12:00:00+00:00,33717.91667
2023-07-03 13:00:00+00:00,33148.08333
2023-07-03 14:00:00+00:00,32878.5
2023-07-03 15:00:00+00:00,32684
2023-07-03 16:00:00+00:00,32022.83333
2023-07-03 17:00:00+00:00,31623.41667
2023-07-03 18:00:00+00:00,30571.5
2023-07-03 19:00:00+00:00,28806.58333
2023-07-03 20:00:00+00:00,28474.08333
2023-07-03 21:00:00+00:00,27638.41667
2023-07-03 22:00:00+00:00,26713.5
2023-07-03 23:00:00+00:00,24912.83333
2023-07-04 00:00:00+00:00,23873.58333
2023-07-04 01:00:00+00:00,23151.83333
2023-07-04 02:00:00+00:00,22577.41667
2023-07-04 03:00:00+00:00,22675.58333
2023-07-04 04:00:00+00:00,23494.16667
2023-07-04 05:00:00+00:00,24953.5
2023-07-04 06:00:00+00:00,28078.83333
2023-07-04 07:00:00+00:00,31052
2023-07-04 08:00:00+00:00,32258.66667
2023-07-04 09:00:00+00:00,32300.66667
2023-07-04 10:00:00+00:00,32831.08333
2023-07-04 11:00:00+00:00,33283.91667
2023-07-04 12:00:00+00:00,33528.33333
2023-07-04 13:00:00+00:00,33052.08333
2023-07-04 14:00:00+00:00,33408.91667
2023-07-04 15:00:00+00:00,34954
2023-07-04 16:00:00+00:00,35154
2023-07-04 17:00:00+00:00,35203.5
2023-07-04 18:00:00+00:00,34173
2023-07-04 19:00:00+00:00,31795.66667
2023-07-04 20:00:00+00:00,30990
2023-07-04 21:00:00+00:00,29491.33333
2023-07-04 22:00:00+00:00,27701.83333
2023-07-04 23:00:00+00:00,26375.91667
2023-07-05 00:00:00+00:00,25012.83333
2023-07-05 01:00:00+00:00,24292.25
2023-07-05 02:00:00+00:00,24196.41667
2023-07-05 03:00:00+00:00,24219.41667
2023-07-05 04:00:00+00:00,25346.5
2023-07-05 05:00:00+00:00,25703.41667
2023-07-05 06:00:00+00:00,28130.83333
2023-07-05 07:00:00+00:00,31179.08333
2023-07-05 08:00:00+00:00,31810.66667
2023-07-05 09:00:00+00:00,32044.25
2023-07-05 10:00:00+00:00,32904.83333
2023-07-05 11:00:00+00:00,32653.75
2023-07-05 12:00:00+00:00,32521.41667
2023-07-05 13:00:00+00:00,32280.41667
2023-07-05 14:00:00+00:00,31878.08333
2023-07-05 15:00:00+00:00,31188.16667
2023-07-05 16:00:00+00:00,30868.75
2023-07-05 17:00:00+00:00,30872.75
2023-07-05 18:00:00+00:00,29972.75
2023-07-05 19:00:00+00:00,29536.91667
2023-07-05 20:00:00+00:00,29455
2023-07-05 21:00:00+00:00,28090.41667
2023-07-05 22:00:00+00:00,27283.41667
2023-07-05 23:00:00+00:00,25714
2023-07-06 00:00:00+00:00,24673.91667
2023-07-06 01:00:00+00:00,23898.33333
2023-07-06 02:00:00+00:00,22875.83333
2023-07-06 03:00:00+00:00,23242.58333
2023-07-06 04:00:00+00:00,23987.33333
2023-07-06 05:00:00+00:00,25622.58333
2023-07-06 06:00:00+00:00,28667.41667
2023-07-06 07:00:00+00:00,31078.16667
2023-07-06 08:00:00+00:00,31548.58333
2023-07-06 09:00:00+00:00,32377.58333
2023-07-06 10:00:00+00:00,33228
2023-07-06 11:00:00+00:00,33590.83333
2023-07-06 12:00:00+00:00,34155.66667
2023-07-06 13:00:00+00:00,33752.83333
2023-07-06 14:00:00+00:00,34198.66667
2023-07-06 15:00:00+00:00,35159.08333
2023-07-06 16:00:00+00:00,35920.58333
2023-07-06 17:00:00+00:00,35115.08333
2023-07-06 18:00:00+00:00,34360.5
2023-07-06 19:00:00+00:00,32075.66667
2023-07-06 20:00:00+00:00,31425
2023-07-06 21:00:00+00:00,29215.58333
2023-07-06 22:00:00+00:00,27690.16667
2023-07-06 23:00:00+00:00,26042.58333
2023-07-07 00:00:00+00:00,25000.75
2023-07-07 01:00:00+00:00,24698
2023-07-07 02:00:00+00:00,24428.58333
2023-07-07 03:00:00+00:00,24531.91667
2023-07-07 04:00:00+00:00,24887.58333
2023-07-07 05:00:00+00:00,26239.83333
2023-07-07 06:00:00+00:00,29471.66667
2023-07-07 07:00:00+00:00,31542.33333
2023-07-07 08:00:00+00:00,32521.41667
2023-07-07 09:00:00+00:00,33136.33333
2023-07-07 10:00:00+00:00,33757.58333
2023-07-07 11:00:00+00:00,33792.66667
2023-07-07 12:00:00+00:00,34370.08333
2023-07-07 13:00:00+00:00,35473
2023-07-07 14:00:00+00:00,35561.75
2023-07-07 15:00:00+00:00,36286
2023-07-07 16:00:00+00:00,35459.25
2023-07-07 17:00:00+00:00,34799.75
2023-07-07 18:00:00+00:00,33237.58333
2023-07-07 19:00:00+00:00,30857.16667
2023-07-07 20:00:00+00:00,29794.16667
2023-07-07 21:00:00+00:00,28015
2023-07-07 22:00:00+00:00,27220.66667
2023-07-07 23:00:00+00:00,25794.41667
2023-07-08 00:00:00+00:00,24274.5
2023-07-08 01:00:00+00:00,23136.33333
2023-07-08 02:00:00+00:00,22663.25
2023-07-08 03:00:00+00:00,22589.83333
2023-07-08 04:00:00+00:00,22653.83333
2023-07-08 05:00:00+00:00,23011
2023-07-08 06:00:00+00:00,24518.33333
2023-07-08 07:00:00+00:00,26731.83333
2023-07-08 08:00:00+00:00,28155.75
2023-07-08 09:00:00+00:00,27605.66667
2023-07-08 10:00:00+00:00,28092.08333
2023-07-08 11:00:00+00:00,28529.08333
2023-07-08 12:00:00+00:00,28743.91667
2023-07-08 13:00:00+00:00,29102.33333
2023-07-08 14:00:00+00:00,30217.5
2023-07-08 15:00:00+00:00,31245.41667
2023-07-08 16:00:00+00:00,32316.41667
2023-07-08 17:00:00+00:00,33010.66667
2023-07-08 18:00:00+00:00,32203.33333
2023-07-08 19:00:00+00:00,29692.16667
2023-07-08 20:00:00+00:00,28690.33333
2023-07-08 21:00:00+00:00,27069.5
2023-07-08 22:00:00+00:00,24778.91667
2023-07-08 23:00:00+00:00,23983
2023-07-09 00:00:00+00:00,22720.5
2023-07-09 01:00:00+00:00,21821.25
2023-07-09 02:00:00+00:00,20920.16667
2023-07-09 03:00:00+00:00,20426.75
2023-07-09 04:00:00+00:00,20554.91667
2023-07-09 05:00:00+00:00,20559.58333
2023-07-09 06:00:00+00:00,22042.25
2023-07-09 07:00:00+00:00,23790.83333
2023-07-09 08:00:00+00:00,24130.16667
2023-07-09 09:00:00+00:00,25125.16667
2023-07-09 10:00:00+00:00,25347.16667
2023-07-09 11:00:00+00:00,26512.41667
2023-07-09 12:00:00+00:00,27183.33333
2023-07-09 13:00:00+00:00,27392.83333
2023-07-09 14:00:00+00:00,28807.58333
2023-07-09 15:00:00+00:00,29679.08333
2023-07-09 16:00:00+00:00,30060
2023-07-09 17:00:00+00:00,30839.83333
2023-07-09 18:00:00+00:00,29620.5
2023-07-09 19:00:00+00:00,28240
2023-07-09 20:00:00+00:00,28259
2023-07-09 21:00:00+00:00,27681
2023-07-09 22:00:00+00:00,27144
2023-07-09 23:00:00+00:00,26218.66667
2023-07-10 00:00:00+00:00,25166.91667
2023-07-10 01:00:00+00:00,24438.25
2023-07-10 02:00:00+00:00,23438.5
2023-07-10 03:00:00+00:00,23534.33333
2023-07-10 04:00:00+00:00,24343.91667
2023-07-10 05:00:00+00:00,25700.41667
2023-07-10 06:00:00+00:00,29796.75
2023-07-10 07:00:00+00:00,33512.41667
2023-07-10 08:00:00+00:00,34050.16667
2023-07-10 09:00:00+00:00,35383.5
2023-07-10 10:00:00+00:00,35434.41667
2023-07-10 11:00:00+00:00,36192.83333
2023-07-10 12:00:00+00:00,36496.75
2023-07-10 13:00:00+00:00,36851.83333
2023-07-10 14:00:00+00:00,36979.66667
2023-07-10 15:00:00+00:00,38322.33333
2023-07-10 16:00:00+00:00,38209.08333
2023-07-10 17:00:00+00:00,38075.58333
2023-07-10 18:00:00+00:00,36488.91667
2023-07-10 19:00:00+00:00,35291.58333
2023-07-10 20:00:00+00:00,34737.66667
2023-07-10 21:00:00+00:00,32772.75
2023-07-10 22:00:00+00:00,30951.58333
2023-07-10 23:00:00+00:00,29257.75
2023-07-11 00:00:00+00:00,27488.41667
2023-07-11 01:00:00+00:00,25726.33333
2023-07-11 02:00:00+00:00,24918.08333
2023-07-11 03:00:00+00:00,25349.08333
2023-07-11 04:00:00+00:00,26062.33333
2023-07-11 05:00:00+00:00,27557
2023-07-11 06:00:00+00:00,30846.33333
2023-07-11 07:00:00+00:00,32510.33333
2023-07-11 08:00:00+00:00,33937.5
2023-07-11 09:00:00+00:00,34797.58333
2023-07-11 10:00:00+00:00,35790.83333
2023-07-11 11:00:00+00:00,36578
2023-07-11 12:00:00+00:00,37280.66667
2023-07-11 13:00:00+00:00,37977.16667
2023-07-11 14:00:00+00:00,39144
2023-07-11 15:00:00+00:00,38905
2023-07-11 16:00:00+00:00,39261.16667
2023-07-11 17:00:00+00:00,38475.25
2023-07-11 18:00:00+00:00,37198.75
2023-07-11 19:00:00+00:00,36338.58333
2023-07-11 20:00:00+00:00,35907
2023-07-11 21:00:00+00:00,33855.75
2023-07-11 22:00:00+00:00,30795.33333
2023-07-11 23:00:00+00:00,27579.66667
2023-07-12 00:00:00+00:00,26294.16667
2023-07-12 01:00:00+00:00,25090.83333
2023-07-12 02:00:00+00:00,24391.75
2023-07-12 03:00:00+00:00,24162.33333
2023-07-12 04:00:00+00:00,25790.16667
2023-07-12 05:00:00+00:00,27229.33333
2023-07-12 06:00:00+00:00,30094.25
2023-07-12 07:00:00+00:00,32576.66667
2023-07-12 08:00:00+00:00,34031.41667
2023-07-12 09:00:00+00:00,34760.16667
2023-07-12 10:00:00+00:00,35394.58333
2023-07-12 11:00:00+00:00,36080.25
2023-07-12 12:00:00+00:00,36522.08333
2023-07-12 13:00:00+00:00,36582.83333
2023-07-12 14:00:00+00:00,36265.83333
2023-07-12 15:00:00+00:00,37417.66667
2023-07-12 16:00:00+00:00,38437.08333
2023-07-12 17:00:00+00:00,38334.83333
2023-07-12 18:00:00+00:00,36999.41667
2023-07-12 19:00:00+00:00,34826.66667
2023-07-12 20:00:00+00:00,33988.41667
2023-07-12 21:00:00+00:00,32628.58333
2023-07-12 22:00:00+00:00,29681
2023-07-12 23:00:00+00:00,27845.33333
2023-07-13 00:00:00+00:00,26423.41667
2023-07-13 01:00:00+00:00,25725.16667
2023-07-13 02:00:00+00:00,25341.08333
2023-07-13 03:00:00+00:00,25554.91667
2023-07-13 04:00:00+00:00,26370.91667
2023-07-13 05:00:00+00:00,28916.5
2023-07-13 06:00:00+00:00,32904.91667
2023-07-13 07:00:00+00:00,35139.16667
2023-07-13 08:00:00+00:00,36396.75
2023-07-13 09:00:00+00:00,35494.08333
2023-07-13 10:00:00+00:00,35452
2023-07-13 11:00:00+00:00,36078.5
2023-07-13 12:00:00+00:00,36223.83333
2023-07-13 13:00:00+00:00,35995.33333
2023-07-13 14:00:00+00:00,35900.33333
2023-07-13 15:00:00+00:00,36386.75
2023-07-13 16:00:00+00:00,38232.16667
2023-07-13 17:00:00+00:00,37607.33333
2023-07-13 18:00:00+00:00,35712.25
2023-07-13 19:00:00+00:00,33100.33333
2023-07-13 20:00:00+00:00,33259.66667
2023-07-13 21:00:00+00:00,31313.75
2023-07-13 22:00:00+00:00,29788.91667
2023-07-13 23:00:00+00:00,28133.25
2023-07-14 00:00:00+00:00,26403
2023-07-14 01:00:00+00:00,25715.5
2023-07-14 02:00:00+00:00,25185.16667
2023-07-14 03:00:00+00:00,25081.66667
2023-07-14 04:00:00+00:00,26629.91667
2023-07-14 05:00:00+00:00,29145.58333
2023-07-14 06:00:00+00:00,31158.83333
2023-07-14 07:00:00+00:00,33331
2023-07-14 08:00:00+00:00,34971.16667
2023-07-14 09:00:00+00:00,36571
2023-07-14 10:00:00+00:00,38161.16667
2023-07-14 11:00:00+00:00,38497.91667
2023-07-14 12:00:00+00:00,38366.08333
2023-07-14 13:00:00+00:00,38628
2023-07-14 14:00:00+00:00,38592.5
2023-07-14 15:00:00+00:00,38686.66667
2023-07-14 16:00:00+00:00,39835.25
2023-07-14 17:00:00+00:00,38522.83333
2023-07-14 18:00:00+00:00,35122.16667
2023-07-14 19:00:00+00:00,33442.58333
2023-07-14 20:00:00+00:00,32309.33333
2023-07-14 21:00:00+00:00,30563.83333
2023-07-14 22:00:00+00:00,28538.16667
2023-07-14 23:00:00+00:00,27017.5
2023-07-15 00:00:00+00:00,25645.83333
2023-07-15 01:00:00+00:00,23859.66667
2023-07-15 02:00:00+00:00,23142.66667
2023-07-15 03:00:00+00:00,22749.25
2023-07-15 04:00:00+00:00,22555
2023-07-15 05:00:00+00:00,22650.25
2023-07-15 06:00:00+00:00,24401.75
2023-07-15 07:00:00+00:00,27142.83333
2023-07-15 08:00:00+00:00,28255.33333
2023-07-15 09:00:00+00:00,28675.33333
2023-07-15 10:00:00+00:00,29337.33333
2023-07-15 11:00:00+00:00,29714.33333
2023-07-15 12:00:00+00:00,30100.83333
2023-07-15 13:00:00+00:00,29637.33333
2023-07-15 14:00:00+00:00,29828.5
2023-07-15 15:00:00+00:00,30716.25
2023-07-15 16:00:00+00:00,32676.33333
2023-07-15 17:00:00+00:00,32699.16667
2023-07-15 18:00:00+00:00,30105.58333
2023-07-15 19:00:00+00:00,29136.83333
2023-07-15 20:00:00+00:00,28878
2023-07-15 21:00:00+00:00,27652.58333
2023-07-15 22:00:00+00:00,25496.5
2023-07-15 23:00:00+00:00,24420
2023-07-16 00:00:00+00:00,23030.16667
2023-07-16 01:00:00+00:00,21715.16667
2023-07-16 02:00:00+00:00,20980.75
2023-07-16 03:00:00+00:00,20615.58333
2023-07-16 04:00:00+00:00,20555
2023-07-16 05:00:00+00:00,20049.16667
2023-07-16 06:00:00+00:00,21371.58333
2023-07-16 07:00:00+00:00,22968.08333
2023-07-16 08:00:00+00:00,23598.16667
2023-07-16 09:00:00+00:00,24066.91667
2023-07-16 10:00:00+00:00,24939.33333
2023-07-16 11:00:00+00:00,25498.75
2023-07-16 12:00:00+00:00,26232.66667
2023-07-16 13:00:00+00:00,25788.25
2023-07-16 14:00:00+00:00,25795.08333
2023-07-16 15:00:00+00:00,26311.25
2023-07-16 16:00:00+00:00,27708
2023-07-16 17:00:00+00:00,31016
2023-07-16 18:00:00+00:00,29055.33333
2023-07-16 19:00:00+00:00,28430
2023-07-16 20:00:00+00:00,29055.08333
2023-07-16 21:00:00+00:00,27963.66667
2023-07-16 22:00:00+00:00,26306
2023-07-16 23:00:00+00:00,24938.83333
2023-07-17 00:00:00+00:00,23478.66667
2023-07-17 01:00:00+00:00,22293.5
2023-07-17 02:00:00+00:00,22024.5
2023-07-17 03:00:00+00:00,22216.83333
2023-07-17 04:00:00+00:00,23873.41667
2023-07-17 05:00:00+00:00,25856.58333
2023-07-17 06:00:00+00:00,29286.58333
2023-07-17 07:00:00+00:00,31863.66667
2023-07-17 08:00:00+00:00,33475.5
2023-07-17 09:00:00+00:00,34203.83333
2023-07-17 10:00:00+00:00,35766.83333
2023-07-17 11:00:00+00:00,35860.41667
2023-07-17 12:00:00+00:00,36024
2023-07-17 13:00:00+00:00,35803.83333
2023-07-17 14:00:00+00:00,35754.08333
2023-07-17 15:00:00+00:00,36785.5
2023-07-17 16:00:00+00:00,38490
2023-07-17 17:00:00+00:00,39040.83333
2023-07-17 18:00:00+00:00,37886.58333
2023-07-17 19:00:00+00:00,35805.41667
2023-07-17 20:00:00+00:00,35366.16667
2023-07-17 21:00:00+00:00,34091.5
2023-07-17 22:00:00+00:00,30474.16667
2023-07-17 23:00:00+00:00,28726.41667
2023-07-18 00:00:00+00:00,27479.66667
2023-07-18 01:00:00+00:00,26743.5
2023-07-18 02:00:00+00:00,26648.16667
2023-07-18 03:00:00+00:00,26565.25
2023-07-18 04:00:00+00:00,27607.08333
2023-07-18 05:00:00+00:00,29373.66667
2023-07-18 06:00:00+00:00,32137
2023-07-18 07:00:00+00:00,34582.41667
2023-07-18 08:00:00+00:00,35743.5
2023-07-18 09:00:00+00:00,36259.25
2023-07-18 10:00:00+00:00,37299.5
2023-07-18 11:00:00+00:00,38092.08333
2023-07-18 12:00:00+00:00,38814.33333
2023-07-18 13:00:00+00:00,39506
2023-07-18 14:00:00+00:00,39359.91667
2023-07-18 15:00:00+00:00,39587.58333
2023-07-18 16:00:00+00:00,39739.58333
2023-07-18 17:00:00+00:00,38565.16667
2023-07-18 18:00:00+00:00,37889.58333
2023-07-18 19:00:00+00:00,37099.25
2023-07-18 20:00:00+00:00,36846.58333
2023-07-18 21:00:00+00:00,35369
2023-07-18 22:00:00+00:00,31632.5
2023-07-18 23:00:00+00:00,29056.16667
2023-07-19 00:00:00+00:00,27282
2023-07-19 01:00:00+00:00,26406.58333
2023-07-19 02:00:00+00:00,25678.58333
2023-07-19 03:00:00+00:00,25795.25
2023-07-19 04:00:00+00:00,27804.58333
2023-07-19 05:00:00+00:00,29565.25
2023-07-19 06:00:00+00:00,32566.83333
2023-07-19 07:00:00+00:00,34074.33333
2023-07-19 08:00:00+00:00,35573.91667
2023-07-19 09:00:00+00:00,36355
2023-07-19 10:00:00+00:00,37395.66667
2023-07-19 11:00:00+00:00,38218.66667
2023-07-19 12:00:00+00:00,38221.16667
2023-07-19 13:00:00+00:00,37973.33333
2023-07-19 14:00:00+00:00,37923.66667
2023-07-19 15:00:00+00:00,38891.41667
2023-07-19 16:00:00+00:00,39646.75
2023-07-19 17:00:00+00:00,39125.83333
2023-07-19 18:00:00+00:00,38496.08333
2023-07-19 19:00:00+00:00,36941.66667
2023-07-19 20:00:00+00:00,36647.75
2023-07-19 21:00:00+00:00,35262.41667
2023-07-19 22:00:00+00:00,30682.75
2023-07-19 23:00:00+00:00,28615.33333
2023-07-20 00:00:00+00:00,26646.5
2023-07-20 01:00:00+00:00,25861.5
2023-07-20 02:00:00+00:00,24348.25
2023-07-20 03:00:00+00:00,24018.08333
2023-07-20 04:00:00+00:00,24921.16667
2023-07-20 05:00:00+00:00,27481.33333
2023-07-20 06:00:00+00:00,29925.66667
2023-07-20 07:00:00+00:00,31673.83333
2023-07-20 08:00:00+00:00,32942.75
2023-07-20 09:00:00+00:00,34395.41667
2023-07-20 10:00:00+00:00,35564.25
2023-07-20 11:00:00+00:00,36506.66667
2023-07-20 12:00:00+00:00,37006.33333
2023-07-20 13:00:00+00:00,37549.58333
2023-07-20 14:00:00+00:00,38057.5
2023-07-20 15:00:00+00:00,38859.41667
2023-07-20 16:00:00+00:00,38288
2023-07-20 17:00:00+00:00,38426.91667
2023-07-20 18:00:00+00:00,37051.83333
2023-07-20 19:00:00+00:00,36250
2023-07-20 20:00:00+00:00,35233.08333
2023-07-20 21:00:00+00:00,33591.83333
2023-07-20 22:00:00+00:00,29835.75
2023-07-20 23:00:00+00:00,28377.25
2023-07-21 00:00:00+00:00,26502.33333
2023-07-21 01:00:00+00:00,25290.41667
2023-07-21 02:00:00+00:00,24707
2023-07-21 03:00:00+00:00,24809.5
2023-07-21 04:00:00+00:00,25796.16667
2023-07-21 05:00:00+00:00,26815.58333
2023-07-21 06:00:00+00:00,30102.41667
2023-07-21 07:00:00+00:00,32906.58333
2023-07-21 08:00:00+00:00,34210
2023-07-21 09:00:00+00:00,35537.33333
2023-07-21 10:00:00+00:00,35212.33333
2023-07-21 11:00:00+00:00,34660
2023-07-21 12:00:00+00:00,34479.83333
2023-07-21 13:00:00+00:00,33794.08333
2023-07-21 14:00:00+00:00,33637.91667
2023-07-21 15:00:00+00:00,34184.58333
2023-07-21 16:00:00+00:00,34853.66667
2023-07-21 17:00:00+00:00,34635
2023-07-21 18:00:00+00:00,33377.58333
2023-07-21 19:00:00+00:00,31911.91667
2023-07-21 20:00:00+00:00,31197.16667
2023-07-21 21:00:00+00:00,29848.75
2023-07-21 22:00:00+00:00,27594.58333
2023-07-21 23:00:00+00:00,25530.08333
2023-07-22 00:00:00+00:00,23590.91667
2023-07-22 01:00:00+00:00,22518.75
2023-07-22 02:00:00+00:00,21815.41667
2023-07-22 03:00:00+00:00,21200.25
2023-07-22 04:00:00+00:00,20664.08333
2023-07-22 05:00:00+00:00,21218.75
2023-07-22 06:00:00+00:00,22552.66667
2023-07-22 07:00:00+00:00,25741.08333
2023-07-22 08:00:00+00:00,27553.25
2023-07-22 09:00:00+00:00,27170.33333
2023-07-22 10:00:00+00:00,27676.83333
2023-07-22 11:00:00+00:00,28320.83333
2023-07-22 12:00:00+00:00,28133.66667
2023-07-22 13:00:00+00:00,29019.08333
2023-07-22 14:00:00+00:00,28815.91667
2023-07-22 15:00:00+00:00,28936.58333
2023-07-22 16:00:00+00:00,29490.25
2023-07-22 17:00:00+00:00,28797.33333
2023-07-22 18:00:00+00:00,27123.58333
2023-07-22 19:00:00+00:00,26868.75
2023-07-22 20:00:00+00:00,26627.16667
2023-07-22 21:00:00+00:00,25671.33333
2023-07-22 22:00:00+00:00,23400.5
2023-07-22 23:00:00+00:00,22127.41667
2023-07-23 00:00:00+00:00,20990.91667
2023-07-23 01:00:00+00:00,20243.91667
2023-07-23 02:00:00+00:00,19975.41667
2023-07-23 03:00:00+00:00,19657.83333
2023-07-23 04:00:00+00:00,19641.66667
2023-07-23 05:00:00+00:00,19637.08333
2023-07-23 06:00:00+00:00,21700.58333
2023-07-23 07:00:00+00:00,23721.08333
2023-07-23 08:00:00+00:00,24663.83333
2023-07-23 09:00:00+00:00,25561.25
2023-07-23 10:00:00+00:00,26278.08333
2023-07-23 11:00:00+00:00,27274.66667
2023-07-23 12:00:00+00:00,27815.08333
2023-07-23 13:00:00+00:00,27836.25
2023-07-23 14:00:00+00:00,27194.66667
2023-07-23 15:00:00+00:00,29862.08333
2023-07-23 16:00:00+00:00,30402.75
2023-07-23 17:00:00+00:00,31431.25
2023-07-23 18:00:00+00:00,30291.41667
2023-07-23 19:00:00+00:00,28931.41667
2023-07-23 20:00:00+00:00,28211.58333
2023-07-23 21:00:00+00:00,25780.41667
2023-07-23 22:00:00+00:00,24372.83333
2023-07-23 23:00:00+00:00,22945.33333
2023-07-24 00:00:00+00:00,21804.5
2023-07-24 01:00:00+00:00,21090.66667
2023-07-24 02:00:00+00:00,21118.5
2023-07-24 03:00:00+00:00,21246.08333
2023-07-24 04:00:00+00:00,23249.08333
2023-07-24 05:00:00+00:00,25474.5
2023-07-24 06:00:00+00:00,29101.5
2023-07-24 07:00:00+00:00,32151.25
2023-07-24 08:00:00+00:00,34016.08333
2023-07-24 09:00:00+00:00,34699.58333
2023-07-24 10:00:00+00:00,35688.16667
2023-07-24 11:00:00+00:00,36387
2023-07-24 12:00:00+00:00,36349.16667
2023-07-24 13:00:00+00:00,36432.16667
2023-07-24 14:00:00+00:00,36596.91667
2023-07-24 15:00:00+00:00,36480.91667
2023-07-24 16:00:00+00:00,35645.75
2023-07-24 17:00:00+00:00,35715.75
2023-07-24 18:00:00+00:00,34263.83333
2023-07-24 19:00:00+00:00,33639.25
2023-07-24 20:00:00+00:00,32856
2023-07-24 21:00:00+00:00,30966.5
2023-07-24 22:00:00+00:00,28345.83333
2023-07-24 23:00:00+00:00,26424.08333
2023-07-25 00:00:00+00:00,25233.83333
2023-07-25 01:00:00+00:00,24050.75
2023-07-25 02:00:00+00:00,23160.25
2023-07-25 03:00:00+00:00,22939.08333
2023-07-25 04:00:00+00:00,23548.33333
2023-07-25 05:00:00+00:00,24514.83333
2023-07-25 06:00:00+00:00,28190.08333
2023-07-25 07:00:00+00:00,31751
2023-07-25 08:00:00+00:00,33198.91667
2023-07-25 09:00:00+00:00,33333.5
2023-07-25 10:00:00+00:00,33434.41667
2023-07-25 11:00:00+00:00,34015.66667
2023-07-25 12:00:00+00:00,34193.16667
2023-07-25 13:00:00+00:00,33634.16667
2023-07-25 14:00:00+00:00,33295.66667
2023-07-25 15:00:00+00:00,33402.83333
2023-07-25 16:00:00+00:00,33466
2023-07-25 17:00:00+00:00,33830.41667
2023-07-25 18:00:00+00:00,32358.16667
2023-07-25 19:00:00+00:00,31771.5
2023-07-25 20:00:00+00:00,30954
2023-07-25 21:00:00+00:00,28122.41667
2023-07-25 22:00:00+00:00,26318.75
2023-07-25 23:00:00+00:00,25042.25
2023-07-26 00:00:00+00:00,24038
2023-07-26 01:00:00+00:00,23205.58333
2023-07-26 02:00:00+00:00,22676.66667
2023-07-26 03:00:00+00:00,22631.33333
2023-07-26 04:00:00+00:00,23860.41667
2023-07-26 05:00:00+00:00,24951.08333
2023-07-26 06:00:00+00:00,28787.41667
2023-07-26 07:00:00+00:00,31863.08333
2023-07-26 08:00:00+00:00,33481
2023-07-26 09:00:00+00:00,33729
2023-07-26 10:00:00+00:00,33576.83333
2023-07-26 11:00:00+00:00,33727.91667
2023-07-26 12:00:00+00:00,33270.5
2023-07-26 13:00:00+00:00,33303.58333
2023-07-26 14:00:00+00:00,33212.5
2023-07-26 15:00:00+00:00,33794.66667
2023-07-26 16:00:00+00:00,34835.83333
2023-07-26 17:00:00+00:00,34461.25
2023-07-26 18:00:00+00:00,31881.33333
2023-07-26 19:00:00+00:00,29940.33333
2023-07-26 20:00:00+00:00,28911.75
2023-07-26 21:00:00+00:00,27647.66667
2023-07-26 22:00:00+00:00,25694.33333
2023-07-26 23:00:00+00:00,24100
2023-07-27 00:00:00+00:00,23267.75
2023-07-27 01:00:00+00:00,22807.75
2023-07-27 02:00:00+00:00,22695.25
2023-07-27 03:00:00+00:00,22775
2023-07-27 04:00:00+00:00,23740.33333
2023-07-27 05:00:00+00:00,25006.16667
2023-07-27 06:00:00+00:00,27648.33333
2023-07-27 07:00:00+00:00,31455.91667
2023-07-27 08:00:00+00:00,33020.75
2023-07-27 09:00:00+00:00,33733.41667
2023-07-27 10:00:00+00:00,34792.58333
2023-07-27 11:00:00+00:00,35337.16667
2023-07-27 12:00:00+00:00,35758.16667
2023-07-27 13:00:00+00:00,35442.5
2023-07-27 14:00:00+00:00,34636.08333
2023-07-27 15:00:00+00:00,36016.83333
2023-07-27 16:00:00+00:00,36146.5
2023-07-27 17:00:00+00:00,35240.83333
2023-07-27 18:00:00+00:00,32400.5
2023-07-27 19:00:00+00:00,31411.83333
2023-07-27 20:00:00+00:00,30668.16667
2023-07-27 21:00:00+00:00,28707.66667
2023-07-27 22:00:00+00:00,26820.08333
2023-07-27 23:00:00+00:00,25494.16667
2023-07-28 00:00:00+00:00,24458.5
2023-07-28 01:00:00+00:00,23453.08333
2023-07-28 02:00:00+00:00,22810.66667
2023-07-28 03:00:00+00:00,23062.75
2023-07-28 04:00:00+00:00,24593.58333
2023-07-28 05:00:00+00:00,25526.33333
2023-07-28 06:00:00+00:00,28702.25
2023-07-28 07:00:00+00:00,32455
2023-07-28 08:00:00+00:00,33779.25
2023-07-28 09:00:00+00:00,33928.83333
2023-07-28 10:00:00+00:00,34387.25
2023-07-28 11:00:00+00:00,35002.5
2023-07-28 12:00:00+00:00,35928.83333
2023-07-28 13:00:00+00:00,35707
2023-07-28 14:00:00+00:00,35471.33333
2023-07-28 15:00:00+00:00,35379.5
2023-07-28 16:00:00+00:00,35615.33333
2023-07-28 17:00:00+00:00,35071
2023-07-28 18:00:00+00:00,32198.33333
2023-07-28 19:00:00+00:00,30303.83333
2023-07-28 20:00:00+00:00,29365.75
2023-07-28 21:00:00+00:00,28444.16667
2023-07-28 22:00:00+00:00,26098.25
2023-07-28 23:00:00+00:00,24759.83333
2023-07-29 00:00:00+00:00,23380.91667
2023-07-29 01:00:00+00:00,22382.66667
2023-07-29 02:00:00+00:00,21599.66667
2023-07-29 03:00:00+00:00,21241.58333
2023-07-29 04:00:00+00:00,21052.5
2023-07-29 05:00:00+00:00,21252.16667
2023-07-29 06:00:00+00:00,23669.66667
2023-07-29 07:00:00+00:00,26847.83333
2023-07-29 08:00:00+00:00,27600.66667
2023-07-29 09:00:00+00:00,27786.83333
2023-07-29 10:00:00+00:00,28205.58333
2023-07-29 11:00:00+00:00,28137.08333
2023-07-29 12:00:00+00:00,28339.58333
2023-07-29 13:00:00+00:00,29013.25
2023-07-29 14:00:00+00:00,29515.91667
2023-07-29 15:00:00+00:00,29820
2023-07-29 16:00:00+00:00,31993.25
2023-07-29 17:00:00+00:00,31935.08333
2023-07-29 18:00:00+00:00,29315.08333
2023-07-29 19:00:00+00:00,28627.83333
2023-07-29 20:00:00+00:00,29728.66667
2023-07-29 21:00:00+00:00,28544.5
2023-07-29 22:00:00+00:00,26450.66667
2023-07-29 23:00:00+00:00,24737.66667
2023-07-30 00:00:00+00:00,23561.83333
2023-07-30 01:00:00+00:00,22511.5
2023-07-30 02:00:00+00:00,21770.25
2023-07-30 03:00:00+00:00,21064.91667
2023-07-30 04:00:00+00:00,20852.75
2023-07-30 05:00:00+00:00,20081.25
2023-07-30 06:00:00+00:00,21701.75
2023-07-30 07:00:00+00:00,23411.66667
2023-07-30 08:00:00+00:00,25152.83333
2023-07-30 09:00:00+00:00,25584.25
2023-07-30 10:00:00+00:00,25521.91667
2023-07-30 11:00:00+00:00,26032.08333
2023-07-30 12:00:00+00:00,26875.16667
2023-07-30 13:00:00+00:00,26284.16667
2023-07-30 14:00:00+00:00,26157.08333
2023-07-30 15:00:00+00:00,27042.83333
2023-07-30 16:00:00+00:00,28302.08333
2023-07-30 17:00:00+00:00,29637.58333
2023-07-30 18:00:00+00:00,27435.5
2023-07-30 19:00:00+00:00,26949.33333
2023-07-30 20:00:00+00:00,27731.75
2023-07-30 21:00:00+00:00,27433.33333
2023-07-30 22:00:00+00:00,25847.83333
2023-07-30 23:00:00+00:00,23916.5
2023-07-31 00:00:00+00:00,22895.83333
2023-07-31 01:00:00+00:00,22010.91667
2023-07-31 02:00:00+00:00,21278.08333
2023-07-31 03:00:00+00:00,21131.16667
2023-07-31 04:00:00+00:00,22031.25
2023-07-31 05:00:00+00:00,24210.58333
2023-07-31 06:00:00+00:00,26657.16667
2023-07-31 07:00:00+00:00,28646.66667
2023-07-31 08:00:00+00:00,30142.25
2023-07-31 09:00:00+00:00,31166.41667
2023-07-31 10:00:00+00:00,31957.58333
2023-07-31 11:00:00+00:00,32478.75
2023-07-31 12:00:00+00:00,32756.5
2023-07-31 13:00:00+00:00,32772.83333
2023-07-31 14:00:00+00:00,32137.75
2023-07-31 15:00:00+00:00,33682.16667
2023-07-31 16:00:00+00:00,34984
2023-07-31 17:00:00+00:00,33477.33333
2023-07-31 18:00:00+00:00,30700
2023-07-31 19:00:00+00:00,30938.91667
2023-07-31 20:00:00+00:00,31296.75
2023-07-31 21:00:00+00:00,28842.08333
2023-07-31 22:00:00+00:00,26813.75
2023-07-31 23:00:00+00:00,25475.66667
2023-08-01 00:00:00+00:00,24170
2023-08-01 01:00:00+00:00,24009.41667
2023-08-01 02:00:00+00:00,23553.75
2023-08-01 03:00:00+00:00,23846.91667
2023-08-01 04:00:00+00:00,24045.41667
2023-08-01 05:00:00+00:00,25646.75
2023-08-01 06:00:00+00:00,27570.25
2023-08-01 07:00:00+00:00,32257.83333
2023-08-01 08:00:00+00:00,33799.75
2023-08-01 09:00:00+00:00,34651.5
2023-08-01 10:00:00+00:00,34945.16667
2023-08-01 11:00:00+00:00,34834.5
2023-08-01 12:00:00+00:00,33961.08333
2023-08-01 13:00:00+00:00,34330
2023-08-01 14:00:00+00:00,34305
2023-08-01 15:00:00+00:00,34979
2023-08-01 16:00:00+00:00,36777.41667
2023-08-01 17:00:00+00:00,35628.5
2023-08-01 18:00:00+00:00,32792.83333
2023-08-01 19:00:00+00:00,30990.16667
2023-08-01 20:00:00+00:00,30334.66667
2023-08-01 21:00:00+00:00,28663.83333
2023-08-01 22:00:00+00:00,27461.66667
2023-08-01 23:00:00+00:00,25674.08333
2023-08-02 00:00:00+00:00,23743.66667
2023-08-02 01:00:00+00:00,22932.25
2023-08-02 02:00:00+00:00,22511.16667
2023-08-02 03:00:00+00:00,22346.25
2023-08-02 04:00:00+00:00,23954.66667
2023-08-02 05:00:00+00:00,25955.83333
2023-08-02 06:00:00+00:00,28473.08333
2023-08-02 07:00:00+00:00,30838.58333
2023-08-02 08:00:00+00:00,32226.41667
2023-08-02 09:00:00+00:00,32466.08333
2023-08-02 10:00:00+00:00,33472.58333
2023-08-02 11:00:00+00:00,34532
2023-08-02 12:00:00+00:00,34788.25
2023-08-02 13:00:00+00:00,34858.58333
2023-08-02 14:00:00+00:00,34913.41667
2023-08-02 15:00:00+00:00,35553.33333
2023-08-02 16:00:00+00:00,35445.33333
2023-08-02 17:00:00+00:00,35723.08333
2023-08-02 18:00:00+00:00,34152.08333
2023-08-02 19:00:00+00:00,34115.33333
2023-08-02 20:00:00+00:00,33500.83333
2023-08-02 21:00:00+00:00,30764.41667
2023-08-02 22:00:00+00:00,28721.08333
2023-08-02 23:00:00+00:00,27595.83333
2023-08-03 00:00:00+00:00,26158.08333
2023-08-03 01:00:00+00:00,25352.66667
2023-08-03 02:00:00+00:00,24449.16667
2023-08-03 03:00:00+00:00,23925.83333
2023-08-03 04:00:00+00:00,24807.08333
2023-08-03 05:00:00+00:00,26094.16667
2023-08-03 06:00:00+00:00,28404.33333
2023-08-03 07:00:00+00:00,31694.75
2023-08-03 08:00:00+00:00,32447.25
2023-08-03 09:00:00+00:00,31984.66667
2023-08-03 10:00:00+00:00,32352.83333
2023-08-03 11:00:00+00:00,32249.5
2023-08-03 12:00:00+00:00,32138.5
2023-08-03 13:00:00+00:00,32886.75
2023-08-03 14:00:00+00:00,34012.91667
2023-08-03 15:00:00+00:00,35455.91667
2023-08-03 16:00:00+00:00,35489.91667
2023-08-03 17:00:00+00:00,35117.33333
2023-08-03 18:00:00+00:00,34164.91667
2023-08-03 19:00:00+00:00,33410.33333
2023-08-03 20:00:00+00:00,32945.41667
2023-08-03 21:00:00+00:00,30524.66667
2023-08-03 22:00:00+00:00,28546.5
2023-08-03 23:00:00+00:00,27559.66667
2023-08-04 00:00:00+00:00,25424.25
2023-08-04 01:00:00+00:00,25450.16667
2023-08-04 02:00:00+00:00,24842.25
2023-08-04 03:00:00+00:00,25044
2023-08-04 04:00:00+00:00,25764.58333
2023-08-04 05:00:00+00:00,26566.08333
2023-08-04 06:00:00+00:00,29565.16667
2023-08-04 07:00:00+00:00,32258.91667
2023-08-04 08:00:00+00:00,33641.16667
2023-08-04 09:00:00+00:00,33211.16667
2023-08-04 10:00:00+00:00,33328.66667
2023-08-04 11:00:00+00:00,33731.08333
2023-08-04 12:00:00+00:00,33367.75
2023-08-04 13:00:00+00:00,32683.41667
2023-08-04 14:00:00+00:00,32629.33333
2023-08-04 15:00:00+00:00,33058.83333
2023-08-04 16:00:00+00:00,33683.33333
2023-08-04 17:00:00+00:00,34189.91667
2023-08-04 18:00:00+00:00,33353.83333
2023-08-04 19:00:00+00:00,32193.58333
2023-08-04 20:00:00+00:00,31495.58333
2023-08-04 21:00:00+00:00,30464.16667
2023-08-04 22:00:00+00:00,28269.58333
2023-08-04 23:00:00+00:00,26410.16667
2023-08-05 00:00:00+00:00,25153.91667
2023-08-05 01:00:00+00:00,23733.83333
2023-08-05 02:00:00+00:00,22923.08333
2023-08-05 03:00:00+00:00,22527.83333
2023-08-05 04:00:00+00:00,22213.08333
2023-08-05 05:00:00+00:00,22673.91667
2023-08-05 06:00:00+00:00,25124
2023-08-05 07:00:00+00:00,29118.66667
2023-08-05 08:00:00+00:00,30422.33333
2023-08-05 09:00:00+00:00,29373.5
2023-08-05 10:00:00+00:00,29544.75
2023-08-05 11:00:00+00:00,30189.08333
2023-08-05 12:00:00+00:00,30273.41667
2023-08-05 13:00:00+00:00,29703.08333
2023-08-05 14:00:00+00:00,29382.08333
2023-08-05 15:00:00+00:00,29191.66667
2023-08-05 16:00:00+00:00,29479.91667
2023-08-05 17:00:00+00:00,31352.16667
2023-08-05 18:00:00+00:00,30253.25
2023-08-05 19:00:00+00:00,29543.16667
2023-08-05 20:00:00+00:00,29194.58333
2023-08-05 21:00:00+00:00,28020.83333
2023-08-05 22:00:00+00:00,26702.33333
2023-08-05 23:00:00+00:00,25605.83333
2023-08-06 00:00:00+00:00,24300.66667
2023-08-06 01:00:00+00:00,23539.25
2023-08-06 02:00:00+00:00,22825.5
2023-08-06 03:00:00+00:00,22606.66667
2023-08-06 04:00:00+00:00,22525.33333
2023-08-06 05:00:00+00:00,21823
2023-08-06 06:00:00+00:00,23034.5
2023-08-06 07:00:00+00:00,26365.75
2023-08-06 08:00:00+00:00,28171.83333
2023-08-06 09:00:00+00:00,27848.25
2023-08-06 10:00:00+00:00,28265.58333
2023-08-06 11:00:00+00:00,29045.58333
2023-08-06 12:00:00+00:00,27998.5
2023-08-06 13:00:00+00:00,27613.25
2023-08-06 14:00:00+00:00,27270
2023-08-06 15:00:00+00:00,27514.16667
2023-08-06 16:00:00+00:00,28357
2023-08-06 17:00:00+00:00,31952.66667
2023-08-06 18:00:00+00:00,31649.66667
2023-08-06 19:00:00+00:00,30087.75
2023-08-06 20:00:00+00:00,30395.83333
2023-08-06 21:00:00+00:00,28779.5
2023-08-06 22:00:00+00:00,26305.08333
2023-08-06 23:00:00+00:00,24717
2023-08-07 00:00:00+00:00,23459.66667
2023-08-07 01:00:00+00:00,22646.33333
2023-08-07 02:00:00+00:00,22362.08333
2023-08-07 03:00:00+00:00,22686
2023-08-07 04:00:00+00:00,23418.25
2023-08-07 05:00:00+00:00,24640.66667
2023-08-07 06:00:00+00:00,25807.25
2023-08-07 07:00:00+00:00,30115.83333
2023-08-07 08:00:00+00:00,30448.25
2023-08-07 09:00:00+00:00,28954.66667
2023-08-07 10:00:00+00:00,30137.16667
2023-08-07 11:00:00+00:00,29843.41667
2023-08-07 12:00:00+00:00,29947.58333
2023-08-07 13:00:00+00:00,29561.25
2023-08-07 14:00:00+00:00,29888.83333
2023-08-07 15:00:00+00:00,31480.33333
2023-08-07 16:00:00+00:00,33373.58333
2023-08-07 17:00:00+00:00,33718.75
2023-08-07 18:00:00+00:00,30347.83333
2023-08-07 19:00:00+00:00,29711.5
2023-08-07 20:00:00+00:00,29595.66667
2023-08-07 21:00:00+00:00,28201.91667
2023-08-07 22:00:00+00:00,27203
2023-08-07 23:00:00+00:00,25083.83333
2023-08-08 00:00:00+00:00,24172.25
2023-08-08 01:00:00+00:00,23547.5
2023-08-08 02:00:00+00:00,22922.16667
2023-08-08 03:00:00+00:00,22570.08333
2023-08-08 04:00:00+00:00,22305.25
2023-08-08 05:00:00+00:00,23730.75
2023-08-08 06:00:00+00:00,25281.91667
2023-08-08 07:00:00+00:00,28351.83333
2023-08-08 08:00:00+00:00,30467.75
2023-08-08 09:00:00+00:00,31607.16667
2023-08-08 10:00:00+00:00,32237.83333
2023-08-08 11:00:00+00:00,32860.5
2023-08-08 12:00:00+00:00,33060
2023-08-08 13:00:00+00:00,32851.66667
2023-08-08 14:00:00+00:00,32796.16667
2023-08-08 15:00:00+00:00,32956.58333
2023-08-08 16:00:00+00:00,33114.83333
2023-08-08 17:00:00+00:00,32503.5
2023-08-08 18:00:00+00:00,30898.58333
2023-08-08 19:00:00+00:00,30736
2023-08-08 20:00:00+00:00,30177.75
2023-08-08 21:00:00+00:00,29111.58333
2023-08-08 22:00:00+00:00,28339.83333
2023-08-08 23:00:00+00:00,26486
2023-08-09 00:00:00+00:00,25079.75
2023-08-09 01:00:00+00:00,24159.66667
2023-08-09 02:00:00+00:00,23611.66667
2023-08-09 03:00:00+00:00,23353
2023-08-09 04:00:00+00:00,24314.5
2023-08-09 05:00:00+00:00,25789.91667
2023-08-09 06:00:00+00:00,27992.33333
2023-08-09 07:00:00+00:00,29854.33333
2023-08-09 08:00:00+00:00,31002.66667
2023-08-09 09:00:00+00:00,31646.08333
2023-08-09 10:00:00+00:00,33298.58333
2023-08-09 11:00:00+00:00,33940.33333
2023-08-09 12:00:00+00:00,34316.16667
2023-08-09 13:00:00+00:00,34104.66667
2023-08-09 14:00:00+00:00,33752
2023-08-09 15:00:00+00:00,34291.66667
2023-08-09 16:00:00+00:00,35039.08333
2023-08-09 17:00:00+00:00,34867.83333
2023-08-09 18:00:00+00:00,33035.08333
2023-08-09 19:00:00+00:00,31789.16667
2023-08-09 20:00:00+00:00,31246.5
2023-08-09 21:00:00+00:00,29392.33333
2023-08-09 22:00:00+00:00,27315.83333
2023-08-09 23:00:00+00:00,25990.75
2023-08-10 00:00:00+00:00,24148.83333
2023-08-10 01:00:00+00:00,23569.75
2023-08-10 02:00:00+00:00,22909.58333
2023-08-10 03:00:00+00:00,23627.16667
2023-08-10 04:00:00+00:00,23942.16667
2023-08-10 05:00:00+00:00,25402.58333
2023-08-10 06:00:00+00:00,27551.75
2023-08-10 07:00:00+00:00,29583.66667
2023-08-10 08:00:00+00:00,31722.91667
2023-08-10 09:00:00+00:00,32119.58333
2023-08-10 10:00:00+00:00,33098.83333
2023-08-10 11:00:00+00:00,34089.33333
2023-08-10 12:00:00+00:00,34519.08333
2023-08-10 13:00:00+00:00,34478.75
2023-08-10 14:00:00+00:00,34486.16667
2023-08-10 15:00:00+00:00,36886.33333
2023-08-10 16:00:00+00:00,36908.66667
2023-08-10 17:00:00+00:00,36569
2023-08-10 18:00:00+00:00,34757.75
2023-08-10 19:00:00+00:00,32127.08333
2023-08-10 20:00:00+00:00,31091.41667
2023-08-10 21:00:00+00:00,28938.16667
2023-08-10 22:00:00+00:00,26691
2023-08-10 23:00:00+00:00,25280.58333
2023-08-11 00:00:00+00:00,24469.41667
2023-08-11 01:00:00+00:00,23790.5
2023-08-11 02:00:00+00:00,23312.75
2023-08-11 03:00:00+00:00,22831.33333
2023-08-11 04:00:00+00:00,23016
2023-08-11 05:00:00+00:00,23694.66667
2023-08-11 06:00:00+00:00,25651.41667
2023-08-11 07:00:00+00:00,28889
2023-08-11 08:00:00+00:00,30911.5
2023-08-11 09:00:00+00:00,32141.58333
2023-08-11 10:00:00+00:00,33072.91667
2023-08-11 11:00:00+00:00,33658.91667
2023-08-11 12:00:00+00:00,33663.5
2023-08-11 13:00:00+00:00,33435.25
2023-08-11 14:00:00+00:00,33100.08333
2023-08-11 15:00:00+00:00,32754.58333
2023-08-11 16:00:00+00:00,33979.75
2023-08-11 17:00:00+00:00,33395.25
2023-08-11 18:00:00+00:00,30625.16667
2023-08-11 19:00:00+00:00,28981.58333
2023-08-11 20:00:00+00:00,28327.83333
2023-08-11 21:00:00+00:00,26710
2023-08-11 22:00:00+00:00,24777.08333
2023-08-11 23:00:00+00:00,23484.91667
2023-08-12 00:00:00+00:00,22131.91667
2023-08-12 01:00:00+00:00,21055.33333
2023-08-12 02:00:00+00:00,20439.08333
2023-08-12 03:00:00+00:00,20153.08333
2023-08-12 04:00:00+00:00,20081.33333
2023-08-12 05:00:00+00:00,20047
2023-08-12 06:00:00+00:00,22277.66667
2023-08-12 07:00:00+00:00,25753.91667
2023-08-12 08:00:00+00:00,28328.5
2023-08-12 09:00:00+00:00,28704.41667
2023-08-12 10:00:00+00:00,29326.41667
2023-08-12 11:00:00+00:00,29907.33333
2023-08-12 12:00:00+00:00,29961.25
2023-08-12 13:00:00+00:00,28898.75
2023-08-12 14:00:00+00:00,28914
2023-08-12 15:00:00+00:00,28995.08333
2023-08-12 16:00:00+00:00,31892.75
2023-08-12 17:00:00+00:00,31089.91667
2023-08-12 18:00:00+00:00,28443.75
2023-08-12 19:00:00+00:00,28392.75
2023-08-12 20:00:00+00:00,27975.25
2023-08-12 21:00:00+00:00,26157.08333
2023-08-12 22:00:00+00:00,24626.75
2023-08-12 23:00:00+00:00,23256.83333
2023-08-13 00:00:00+00:00,22164.08333
2023-08-13 01:00:00+00:00,21197.16667
2023-08-13 02:00:00+00:00,20720.08333
2023-08-13 03:00:00+00:00,20168.25
2023-08-13 04:00:00+00:00,20076.75
2023-08-13 05:00:00+00:00,20063.33333
2023-08-13 06:00:00+00:00,21399
2023-08-13 07:00:00+00:00,24115.33333
2023-08-13 08:00:00+00:00,25019.16667
2023-08-13 09:00:00+00:00,26048.5
2023-08-13 10:00:00+00:00,26974.33333
2023-08-13 11:00:00+00:00,27996.5
2023-08-13 12:00:00+00:00,28459.91667
2023-08-13 13:00:00+00:00,27690
2023-08-13 14:00:00+00:00,28271.5
2023-08-13 15:00:00+00:00,28955.58333
2023-08-13 16:00:00+00:00,31579.83333
2023-08-13 17:00:00+00:00,31103.91667
2023-08-13 18:00:00+00:00,27916.5
2023-08-13 19:00:00+00:00,27515.41667
2023-08-13 20:00:00+00:00,26778.25
2023-08-13 21:00:00+00:00,25934.66667
2023-08-13 22:00:00+00:00,24368.58333
2023-08-13 23:00:00+00:00,23993.41667
2023-08-14 00:00:00+00:00,22576.58333
2023-08-14 01:00:00+00:00,21531.5
2023-08-14 02:00:00+00:00,21168.75
2023-08-14 03:00:00+00:00,21394.83333
2023-08-14 04:00:00+00:00,20612.41667
2023-08-14 05:00:00+00:00,21325.58333
2023-08-14 06:00:00+00:00,23515.83333
2023-08-14 07:00:00+00:00,26640.91667
2023-08-14 08:00:00+00:00,29086.25
2023-08-14 09:00:00+00:00,29268.5
2023-08-14 10:00:00+00:00,29659.75
2023-08-14 11:00:00+00:00,30586.66667
2023-08-14 12:00:00+00:00,30495.58333
2023-08-14 13:00:00+00:00,31308.66667
2023-08-14 14:00:00+00:00,32397.66667
2023-08-14 15:00:00+00:00,33505.33333
2023-08-14 16:00:00+00:00,34313.75
2023-08-14 17:00:00+00:00,33133.16667
2023-08-14 18:00:00+00:00,31622.75
2023-08-14 19:00:00+00:00,30549.33333
2023-08-14 20:00:00+00:00,28687.33333
2023-08-14 21:00:00+00:00,26270.41667
2023-08-14 22:00:00+00:00,25364.25
2023-08-14 23:00:00+00:00,24491
2023-08-15 00:00:00+00:00,22897.66667
2023-08-15 01:00:00+00:00,21861.91667
2023-08-15 02:00:00+00:00,21302.75
2023-08-15 03:00:00+00:00,21211.83333
2023-08-15 04:00:00+00:00,21593.25
2023-08-15 05:00:00+00:00,21463.5
2023-08-15 06:00:00+00:00,21406
2023-08-15 07:00:00+00:00,25153.08333
2023-08-15 08:00:00+00:00,27356.5
2023-08-15 09:00:00+00:00,26591.58333
2023-08-15 10:00:00+00:00,26987.75
2023-08-15 11:00:00+00:00,27510.91667
2023-08-15 12:00:00+00:00,28202.08333
2023-08-15 13:00:00+00:00,28754.91667
2023-08-15 14:00:00+00:00,29054.66667
2023-08-15 15:00:00+00:00,30239.66667
2023-08-15 16:00:00+00:00,31994.25
2023-08-15 17:00:00+00:00,31769.58333
2023-08-15 18:00:00+00:00,30521.25
2023-08-15 19:00:00+00:00,30435.5
2023-08-15 20:00:00+00:00,29337.08333
2023-08-15 21:00:00+00:00,28226.08333
2023-08-15 22:00:00+00:00,25558.41667
2023-08-15 23:00:00+00:00,24017.41667
2023-08-16 00:00:00+00:00,22509.08333
2023-08-16 01:00:00+00:00,21853.83333
2023-08-16 02:00:00+00:00,21240.75
2023-08-16 03:00:00+00:00,21045.5
2023-08-16 04:00:00+00:00,22357
2023-08-16 05:00:00+00:00,23477.41667
2023-08-16 06:00:00+00:00,25573.16667
2023-08-16 07:00:00+00:00,28785.08333
2023-08-16 08:00:00+00:00,30303.41667
2023-08-16 09:00:00+00:00,31384.33333
2023-08-16 10:00:00+00:00,31397.58333
2023-08-16 11:00:00+00:00,31115.16667
2023-08-16 12:00:00+00:00,31663.66667
2023-08-16 13:00:00+00:00,32532.66667
2023-08-16 14:00:00+00:00,34103.25
2023-08-16 15:00:00+00:00,34726.08333
2023-08-16 16:00:00+00:00,34687.66667
2023-08-16 17:00:00+00:00,34221.66667
2023-08-16 18:00:00+00:00,32886.91667
2023-08-16 19:00:00+00:00,31119.41667
2023-08-16 20:00:00+00:00,30074.66667
2023-08-16 21:00:00+00:00,28175
2023-08-16 22:00:00+00:00,26448.58333
2023-08-16 23:00:00+00:00,24693.25
2023-08-17 00:00:00+00:00,23189.41667
2023-08-17 01:00:00+00:00,22432.5
2023-08-17 02:00:00+00:00,21856.5
2023-08-17 03:00:00+00:00,22070
2023-08-17 04:00:00+00:00,22282.83333
2023-08-17 05:00:00+00:00,23278.75
2023-08-17 06:00:00+00:00,25354.66667
2023-08-17 07:00:00+00:00,28537.5
2023-08-17 08:00:00+00:00,30554.25
2023-08-17 09:00:00+00:00,30477.25
2023-08-17 10:00:00+00:00,31161.33333
2023-08-17 11:00:00+00:00,31926.75
2023-08-17 12:00:00+00:00,32361.41667
2023-08-17 13:00:00+00:00,32450.16667
2023-08-17 14:00:00+00:00,32860.91667
2023-08-17 15:00:00+00:00,33336.33333
2023-08-17 16:00:00+00:00,34142.25
2023-08-17 17:00:00+00:00,33621.16667
2023-08-17 18:00:00+00:00,30929.5
2023-08-17 19:00:00+00:00,30492.66667
2023-08-17 20:00:00+00:00,29685.58333
2023-08-17 21:00:00+00:00,27439
2023-08-17 22:00:00+00:00,25977.41667
2023-08-17 23:00:00+00:00,24565.83333
2023-08-18 00:00:00+00:00,23548.83333
2023-08-18 01:00:00+00:00,22799.5
2023-08-18 02:00:00+00:00,22558.58333
2023-08-18 03:00:00+00:00,22501
2023-08-18 04:00:00+00:00,23142.16667
2023-08-18 05:00:00+00:00,24550.66667
2023-08-18 06:00:00+00:00,27156.58333
2023-08-18 07:00:00+00:00,28733.75
2023-08-18 08:00:00+00:00,31791.25
2023-08-18 09:00:00+00:00,32673.08333
2023-08-18 10:00:00+00:00,32863.41667
2023-08-18 11:00:00+00:00,33241.33333
2023-08-18 12:00:00+00:00,33748.91667
2023-08-18 13:00:00+00:00,34605.91667
2023-08-18 14:00:00+00:00,35297.58333
2023-08-18 15:00:00+00:00,35147.75
2023-08-18 16:00:00+00:00,35141.08333
2023-08-18 17:00:00+00:00,34484.83333
2023-08-18 18:00:00+00:00,32573
2023-08-18 19:00:00+00:00,33084.08333
2023-08-18 20:00:00+00:00,30817.58333
2023-08-18 21:00:00+00:00,28206.41667
2023-08-18 22:00:00+00:00,25198
2023-08-18 23:00:00+00:00,24239.08333
2023-08-19 00:00:00+00:00,22922.75
2023-08-19 01:00:00+00:00,22513
2023-08-19 02:00:00+00:00,22111.75
2023-08-19 03:00:00+00:00,21362
2023-08-19 04:00:00+00:00,21651.08333
2023-08-19 05:00:00+00:00,21939
2023-08-19 06:00:00+00:00,23398
2023-08-19 07:00:00+00:00,25937.58333
2023-08-19 08:00:00+00:00,28035.41667
2023-08-19 09:00:00+00:00,28205.41667
2023-08-19 10:00:00+00:00,28628.5
2023-08-19 11:00:00+00:00,29479.16667
2023-08-19 12:00:00+00:00,29771.25
2023-08-19 13:00:00+00:00,29434.33333
2023-08-19 14:00:00+00:00,29048.41667
2023-08-19 15:00:00+00:00,30088
2023-08-19 16:00:00+00:00,31778.08333
2023-08-19 17:00:00+00:00,30507.33333
2023-08-19 18:00:00+00:00,29772.58333
2023-08-19 19:00:00+00:00,29703.91667
2023-08-19 20:00:00+00:00,29067.41667
2023-08-19 21:00:00+00:00,27855.25
2023-08-19 22:00:00+00:00,25643
2023-08-19 23:00:00+00:00,24367.58333
2023-08-20 00:00:00+00:00,23176
2023-08-20 01:00:00+00:00,22595.08333
2023-08-20 02:00:00+00:00,22090.58333
2023-08-20 03:00:00+00:00,21778.83333
2023-08-20 04:00:00+00:00,21689.83333
2023-08-20 05:00:00+00:00,21970
2023-08-20 06:00:00+00:00,22405.08333
2023-08-20 07:00:00+00:00,24682.58333
2023-08-20 08:00:00+00:00,26809.91667
2023-08-20 09:00:00+00:00,27575.08333
2023-08-20 10:00:00+00:00,28173.08333
2023-08-20 11:00:00+00:00,29173.75
2023-08-20 12:00:00+00:00,29708.75
2023-08-20 13:00:00+00:00,29093.75
2023-08-20 14:00:00+00:00,28815
2023-08-20 15:00:00+00:00,31851
2023-08-20 16:00:00+00:00,32441.16667
2023-08-20 17:00:00+00:00,31804.5
2023-08-20 18:00:00+00:00,30455.66667
2023-08-20 19:00:00+00:00,30829.75
2023-08-20 20:00:00+00:00,30562
2023-08-20 21:00:00+00:00,29322.5
2023-08-20 22:00:00+00:00,26867.5
2023-08-20 23:00:00+00:00,25018.41667
2023-08-21 00:00:00+00:00,24076.58333
2023-08-21 01:00:00+00:00,23220.41667
2023-08-21 02:00:00+00:00,22931.08333
2023-08-21 03:00:00+00:00,23108.41667
2023-08-21 04:00:00+00:00,24296.91667
2023-08-21 05:00:00+00:00,25998.33333
2023-08-21 06:00:00+00:00,27924.25
2023-08-21 07:00:00+00:00,30945.41667
2023-08-21 08:00:00+00:00,33565.58333
2023-08-21 09:00:00+00:00,34634.66667
2023-08-21 10:00:00+00:00,35802.75
2023-08-21 11:00:00+00:00,35824.25
2023-08-21 12:00:00+00:00,36436.66667
2023-08-21 13:00:00+00:00,36720.91667
2023-08-21 14:00:00+00:00,37862.91667
2023-08-21 15:00:00+00:00,39622
2023-08-21 16:00:00+00:00,39913.75
2023-08-21 17:00:00+00:00,39303.33333
2023-08-21 18:00:00+00:00,37344.66667
2023-08-21 19:00:00+00:00,37625.66667
2023-08-21 20:00:00+00:00,36708.58333
2023-08-21 21:00:00+00:00,33802
2023-08-21 22:00:00+00:00,29803.08333
2023-08-21 23:00:00+00:00,28175.25
2023-08-22 00:00:00+00:00,26252.66667
2023-08-22 01:00:00+00:00,24947.83333
2023-08-22 02:00:00+00:00,24340.33333
2023-08-22 03:00:00+00:00,24357.25
2023-08-22 04:00:00+00:00,26045.33333
2023-08-22 05:00:00+00:00,27693.33333
2023-08-22 06:00:00+00:00,29366
2023-08-22 07:00:00+00:00,31064.33333
2023-08-22 08:00:00+00:00,32941.25
2023-08-22 09:00:00+00:00,33542.66667
2023-08-22 10:00:00+00:00,34501.5
2023-08-22 11:00:00+00:00,35121
2023-08-22 12:00:00+00:00,35676
2023-08-22 13:00:00+00:00,35912.75
2023-08-22 14:00:00+00:00,37508.83333
2023-08-22 15:00:00+00:00,39632.5
2023-08-22 16:00:00+00:00,40112.41667
2023-08-22 17:00:00+00:00,38645.58333
2023-08-22 18:00:00+00:00,38089.66667
2023-08-22 19:00:00+00:00,37547.75
2023-08-22 20:00:00+00:00,37178.83333
2023-08-22 21:00:00+00:00,33220.83333
2023-08-22 22:00:00+00:00,31386.83333
2023-08-22 23:00:00+00:00,29925.41667
2023-08-23 00:00:00+00:00,28374.66667
2023-08-23 01:00:00+00:00,27135.41667
2023-08-23 02:00:00+00:00,26356.41667
2023-08-23 03:00:00+00:00,25931.25
2023-08-23 04:00:00+00:00,27039.66667
2023-08-23 05:00:00+00:00,27670.91667
2023-08-23 06:00:00+00:00,29513.91667
2023-08-23 07:00:00+00:00,32750.25
2023-08-23 08:00:00+00:00,34758.41667
2023-08-23 09:00:00+00:00,35901.91667
2023-08-23 10:00:00+00:00,36358.5
2023-08-23 11:00:00+00:00,36900.58333
2023-08-23 12:00:00+00:00,37160.5
2023-08-23 13:00:00+00:00,37765.41667
2023-08-23 14:00:00+00:00,38802.16667
2023-08-23 15:00:00+00:00,40389.33333
2023-08-23 16:00:00+00:00,40712.41667
2023-08-23 17:00:00+00:00,39781.91667
2023-08-23 18:00:00+00:00,37894.16667
2023-08-23 19:00:00+00:00,38040.5
2023-08-23 20:00:00+00:00,37378.25
2023-08-23 21:00:00+00:00,33957.91667
2023-08-23 22:00:00+00:00,31592.08333
2023-08-23 23:00:00+00:00,29313.91667
2023-08-24 00:00:00+00:00,27821.25
2023-08-24 01:00:00+00:00,26944.25
2023-08-24 02:00:00+00:00,26220.33333
2023-08-24 03:00:00+00:00,26054.5
2023-08-24 04:00:00+00:00,27121.41667
2023-08-24 05:00:00+00:00,28383.91667
2023-08-24 06:00:00+00:00,30777.91667
2023-08-24 07:00:00+00:00,33325.08333
2023-08-24 08:00:00+00:00,34817.25
2023-08-24 09:00:00+00:00,36134.5
2023-08-24 10:00:00+00:00,36695.58333
2023-08-24 11:00:00+00:00,37267.5
2023-08-24 12:00:00+00:00,37985
2023-08-24 13:00:00+00:00,39599.58333
2023-08-24 14:00:00+00:00,39959.66667
2023-08-24 15:00:00+00:00,40177.58333
2023-08-24 16:00:00+00:00,40034.83333
2023-08-24 17:00:00+00:00,39719.25
2023-08-24 18:00:00+00:00,37848.5
2023-08-24 19:00:00+00:00,37341.16667
2023-08-24 20:00:00+00:00,35852
2023-08-24 21:00:00+00:00,33662
2023-08-24 22:00:00+00:00,30886.75
2023-08-24 23:00:00+00:00,29243.16667
2023-08-25 00:00:00+00:00,27587.75
2023-08-25 01:00:00+00:00,26620.16667
2023-08-25 02:00:00+00:00,25851.75
2023-08-25 03:00:00+00:00,25667
2023-08-25 04:00:00+00:00,26692
2023-08-25 05:00:00+00:00,27947.66667
2023-08-25 06:00:00+00:00,30168.91667
2023-08-25 07:00:00+00:00,34204.16667
2023-08-25 08:00:00+00:00,37005
2023-08-25 09:00:00+00:00,38034
2023-08-25 10:00:00+00:00,38916.91667
2023-08-25 11:00:00+00:00,39761.41667
2023-08-25 12:00:00+00:00,40191.58333
2023-08-25 13:00:00+00:00,39687.5
2023-08-25 14:00:00+00:00,39428
2023-08-25 15:00:00+00:00,39168.16667
2023-08-25 16:00:00+00:00,38893.33333
2023-08-25 17:00:00+00:00,38557.33333
2023-08-25 18:00:00+00:00,35900.25
2023-08-25 19:00:00+00:00,34944
2023-08-25 20:00:00+00:00,32658.16667
2023-08-25 21:00:00+00:00,31191.83333
2023-08-25 22:00:00+00:00,28355.75
2023-08-25 23:00:00+00:00,26734.75
2023-08-26 00:00:00+00:00,25509.5
2023-08-26 01:00:00+00:00,24556.58333
2023-08-26 02:00:00+00:00,23911.41667
2023-08-26 03:00:00+00:00,23179.08333
2023-08-26 04:00:00+00:00,23207.08333
2023-08-26 05:00:00+00:00,23241.41667
2023-08-26 06:00:00+00:00,23885.41667
2023-08-26 07:00:00+00:00,26065.58333
2023-08-26 08:00:00+00:00,27432.83333
2023-08-26 09:00:00+00:00,29196.5
2023-08-26 10:00:00+00:00,29311.25
2023-08-26 11:00:00+00:00,30004.41667
2023-08-26 12:00:00+00:00,29838.66667
2023-08-26 13:00:00+00:00,28880.66667
2023-08-26 14:00:00+00:00,30479.58333
2023-08-26 15:00:00+00:00,31271.08333
2023-08-26 16:00:00+00:00,31397.75
2023-08-26 17:00:00+00:00,30241.58333
2023-08-26 18:00:00+00:00,30027
2023-08-26 19:00:00+00:00,30429.66667
2023-08-26 20:00:00+00:00,29498.41667
2023-08-26 21:00:00+00:00,27680.91667
2023-08-26 22:00:00+00:00,26728
2023-08-26 23:00:00+00:00,25901.08333
2023-08-27 00:00:00+00:00,25241.25
2023-08-27 01:00:00+00:00,24340.83333
2023-08-27 02:00:00+00:00,23441.08333
2023-08-27 03:00:00+00:00,23067.08333
2023-08-27 04:00:00+00:00,23000.08333
2023-08-27 05:00:00+00:00,22938.66667
2023-08-27 06:00:00+00:00,23838.75
2023-08-27 07:00:00+00:00,26244.91667
2023-08-27 08:00:00+00:00,26851.75
2023-08-27 09:00:00+00:00,26580.41667
2023-08-27 10:00:00+00:00,26738.5
2023-08-27 11:00:00+00:00,27517.75
2023-08-27 12:00:00+00:00,28426
2023-08-27 13:00:00+00:00,27661.58333
2023-08-27 14:00:00+00:00,27212.75
2023-08-27 15:00:00+00:00,27276.25
2023-08-27 16:00:00+00:00,28247.83333
2023-08-27 17:00:00+00:00,29168.16667
2023-08-27 18:00:00+00:00,28735.5
2023-08-27 19:00:00+00:00,29542.5
2023-08-27 20:00:00+00:00,27610.66667
2023-08-27 21:00:00+00:00,26051.91667
2023-08-27 22:00:00+00:00,23970.5
2023-08-27 23:00:00+00:00,22389.16667
2023-08-28 00:00:00+00:00,21831.91667
2023-08-28 01:00:00+00:00,21391.58333
2023-08-28 02:00:00+00:00,21432.33333
2023-08-28 03:00:00+00:00,22200.25
2023-08-28 04:00:00+00:00,24255.66667
2023-08-28 05:00:00+00:00,25967.08333
2023-08-28 06:00:00+00:00,28557.66667
2023-08-28 07:00:00+00:00,31766.66667
2023-08-28 08:00:00+00:00,32666.33333
2023-08-28 09:00:00+00:00,32941.08333
2023-08-28 10:00:00+00:00,33419.16667
2023-08-28 11:00:00+00:00,33521.91667
2023-08-28 12:00:00+00:00,33624.08333
2023-08-28 13:00:00+00:00,33240.41667
2023-08-28 14:00:00+00:00,33039.25
2023-08-28 15:00:00+00:00,32902.5
2023-08-28 16:00:00+00:00,34598.16667
2023-08-28 17:00:00+00:00,34718.75
2023-08-28 18:00:00+00:00,34037.58333
2023-08-28 19:00:00+00:00,33521.33333
2023-08-28 20:00:00+00:00,30303.58333
2023-08-28 21:00:00+00:00,27667.58333
2023-08-28 22:00:00+00:00,25090.91667
2023-08-28 23:00:00+00:00,24216.41667
2023-08-29 00:00:00+00:00,22900.66667
2023-08-29 01:00:00+00:00,22276.75
2023-08-29 02:00:00+00:00,22180.75
2023-08-29 03:00:00+00:00,21737.5
2023-08-29 04:00:00+00:00,23046.33333
2023-08-29 05:00:00+00:00,25878.58333
2023-08-29 06:00:00+00:00,27661.91667
2023-08-29 07:00:00+00:00,31005.83333
2023-08-29 08:00:00+00:00,32443.83333
2023-08-29 09:00:00+00:00,32996.83333
2023-08-29 10:00:00+00:00,32854.83333
2023-08-29 11:00:00+00:00,33358.41667
2023-08-29 12:00:00+00:00,33483.75
2023-08-29 13:00:00+00:00,32868.25
2023-08-29 14:00:00+00:00,32863.58333
2023-08-29 15:00:00+00:00,33355.33333
2023-08-29 16:00:00+00:00,34021.91667
2023-08-29 17:00:00+00:00,32990.83333
2023-08-29 18:00:00+00:00,31483.41667
2023-08-29 19:00:00+00:00,30930.41667
2023-08-29 20:00:00+00:00,28771.91667
2023-08-29 21:00:00+00:00,26586.16667
2023-08-29 22:00:00+00:00,24229
2023-08-29 23:00:00+00:00,22883.5
2023-08-30 00:00:00+00:00,21847.91667
2023-08-30 01:00:00+00:00,21117.41667
2023-08-30 02:00:00+00:00,20963.83333
2023-08-30 03:00:00+00:00,20852.16667
2023-08-30 04:00:00+00:00,22111.25
2023-08-30 05:00:00+00:00,23754.91667
2023-08-30 06:00:00+00:00,26352.33333
2023-08-30 07:00:00+00:00,29612
2023-08-30 08:00:00+00:00,31446.25
2023-08-30 09:00:00+00:00,32975.66667
2023-08-30 10:00:00+00:00,33740.75
2023-08-30 11:00:00+00:00,33426.41667
2023-08-30 12:00:00+00:00,32787.33333
2023-08-30 13:00:00+00:00,31408.83333
2023-08-30 14:00:00+00:00,30032.33333
2023-08-30 15:00:00+00:00,30432.16667
2023-08-30 16:00:00+00:00,32493.75
2023-08-30 17:00:00+00:00,31439.91667
2023-08-30 18:00:00+00:00,29961.33333
2023-08-30 19:00:00+00:00,29778.83333
2023-08-30 20:00:00+00:00,28516.5
2023-08-30 21:00:00+00:00,26253.5
2023-08-30 22:00:00+00:00,24462.91667
2023-08-30 23:00:00+00:00,23533.5
2023-08-31 00:00:00+00:00,22580.5
2023-08-31 01:00:00+00:00,21962.33333
2023-08-31 02:00:00+00:00,21335.75
2023-08-31 03:00:00+00:00,21408.58333
2023-08-31 04:00:00+00:00,22389.83333
2023-08-31 05:00:00+00:00,24365.66667
2023-08-31 06:00:00+00:00,25283.25
2023-08-31 07:00:00+00:00,28004.75
2023-08-31 08:00:00+00:00,30555.41667
2023-08-31 09:00:00+00:00,31636.33333
2023-08-31 10:00:00+00:00,31043.33333
2023-08-31 11:00:00+00:00,31550.33333
2023-08-31 12:00:00+00:00,31585.66667
2023-08-31 13:00:00+00:00,30948.41667
2023-08-31 14:00:00+00:00,31847.91667
2023-08-31 15:00:00+00:00,33015.58333
2023-08-31 16:00:00+00:00,33396.75
2023-08-31 17:00:00+00:00,33035.41667
2023-08-31 18:00:00+00:00,30627.41667
2023-08-31 19:00:00+00:00,30403.25
2023-08-31 20:00:00+00:00,29081.58333
2023-08-31 21:00:00+00:00,27752.33333
2023-08-31 22:00:00+00:00,25485.91667
2023-08-31 23:00:00+00:00,24045.91667
2023-09-01 00:00:00+00:00,22733.16667
2023-09-01 01:00:00+00:00,22242.83333
2023-09-01 02:00:00+00:00,21679.08333
2023-09-01 03:00:00+00:00,22032.25
2023-09-01 04:00:00+00:00,23979.16667
2023-09-01 05:00:00+00:00,25579.25
2023-09-01 06:00:00+00:00,27175.66667
2023-09-01 07:00:00+00:00,29919.91667
2023-09-01 08:00:00+00:00,29956.41667
2023-09-01 09:00:00+00:00,31588.08333
2023-09-01 10:00:00+00:00,32802.83333
2023-09-01 11:00:00+00:00,34554.08333
2023-09-01 12:00:00+00:00,35345.83333
2023-09-01 13:00:00+00:00,35442.58333
2023-09-01 14:00:00+00:00,35273.58333
2023-09-01 15:00:00+00:00,35455.16667
2023-09-01 16:00:00+00:00,34656.33333
2023-09-01 17:00:00+00:00,33262.25
2023-09-01 18:00:00+00:00,31773.16667
2023-09-01 19:00:00+00:00,31003.08333
2023-09-01 20:00:00+00:00,28873.83333
2023-09-01 21:00:00+00:00,25980.58333
2023-09-01 22:00:00+00:00,24209.33333
2023-09-01 23:00:00+00:00,22737.25
2023-09-02 00:00:00+00:00,21590.66667
2023-09-02 01:00:00+00:00,20927.66667
2023-09-02 02:00:00+00:00,20100.33333
2023-09-02 03:00:00+00:00,19660.66667
2023-09-02 04:00:00+00:00,20558.41667
2023-09-02 05:00:00+00:00,21249
2023-09-02 06:00:00+00:00,21330.16667
2023-09-02 07:00:00+00:00,23976.25
2023-09-02 08:00:00+00:00,25292
2023-09-02 09:00:00+00:00,26660.33333
2023-09-02 10:00:00+00:00,27218.5
2023-09-02 11:00:00+00:00,27137.41667
2023-09-02 12:00:00+00:00,26828.75
2023-09-02 13:00:00+00:00,25463.91667
2023-09-02 14:00:00+00:00,24919.91667
2023-09-02 15:00:00+00:00,26929.83333
2023-09-02 16:00:00+00:00,26199.83333
2023-09-02 17:00:00+00:00,25227.41667
2023-09-02 18:00:00+00:00,25266.08333
2023-09-02 19:00:00+00:00,26193.66667
2023-09-02 20:00:00+00:00,25350.5
2023-09-02 21:00:00+00:00,24034.41667
2023-09-02 22:00:00+00:00,23119.33333
2023-09-02 23:00:00+00:00,21827.5
2023-09-03 00:00:00+00:00,20519.5
2023-09-03 01:00:00+00:00,19389.75
2023-09-03 02:00:00+00:00,18774.25
2023-09-03 03:00:00+00:00,18998.58333
2023-09-03 04:00:00+00:00,19825.08333
2023-09-03 05:00:00+00:00,20680.66667
2023-09-03 06:00:00+00:00,21772
2023-09-03 07:00:00+00:00,23221.83333
2023-09-03 08:00:00+00:00,25451.66667
2023-09-03 09:00:00+00:00,25788.91667
2023-09-03 10:00:00+00:00,25658.75
2023-09-03 11:00:00+00:00,25543.08333
2023-09-03 12:00:00+00:00,25331.5
2023-09-03 13:00:00+00:00,26404.33333
2023-09-03 14:00:00+00:00,27144
2023-09-03 15:00:00+00:00,27629.66667
2023-09-03 16:00:00+00:00,27871.66667
2023-09-03 17:00:00+00:00,28795.91667
2023-09-03 18:00:00+00:00,29672.83333
2023-09-03 19:00:00+00:00,31553.41667
2023-09-03 20:00:00+00:00,30074.16667
2023-09-03 21:00:00+00:00,28667.08333
2023-09-03 22:00:00+00:00,25016.33333
2023-09-03 23:00:00+00:00,23534
2023-09-04 00:00:00+00:00,22592
2023-09-04 01:00:00+00:00,20694.33333
2023-09-04 02:00:00+00:00,19743.08333
2023-09-04 03:00:00+00:00,20398.08333
2023-09-04 04:00:00+00:00,22780.58333
2023-09-04 05:00:00+00:00,25095.75
2023-09-04 06:00:00+00:00,26462.66667
2023-09-04 07:00:00+00:00,29069.91667
2023-09-04 08:00:00+00:00,30053.58333
2023-09-04 09:00:00+00:00,32526.41667
2023-09-04 10:00:00+00:00,33411.83333
2023-09-04 11:00:00+00:00,33588
2023-09-04 12:00:00+00:00,34220.58333
2023-09-04 13:00:00+00:00,33358
2023-09-04 14:00:00+00:00,32938
2023-09-04 15:00:00+00:00,33231.58333
2023-09-04 16:00:00+00:00,32378.41667
2023-09-04 17:00:00+00:00,31455.41667
2023-09-04 18:00:00+00:00,30246.41667
2023-09-04 19:00:00+00:00,29757.33333
2023-09-04 20:00:00+00:00,27562.75
2023-09-04 21:00:00+00:00,25224
2023-09-04 22:00:00+00:00,21851.5
2023-09-04 23:00:00+00:00,20908.08333
2023-09-05 00:00:00+00:00,20594
2023-09-05 01:00:00+00:00,20304.08333
2023-09-05 02:00:00+00:00,19700.08333
2023-09-05 03:00:00+00:00,19775.33333
2023-09-05 04:00:00+00:00,21451.25
2023-09-05 05:00:00+00:00,22263.33333
2023-09-05 06:00:00+00:00,24233.25
2023-09-05 07:00:00+00:00,27341.33333
2023-09-05 08:00:00+00:00,29530.75
2023-09-05 09:00:00+00:00,31380.41667
2023-09-05 10:00:00+00:00,31929.08333
2023-09-05 11:00:00+00:00,32532.66667
2023-09-05 12:00:00+00:00,32566.41667
2023-09-05 13:00:00+00:00,32232.66667
2023-09-05 14:00:00+00:00,33310.66667
2023-09-05 15:00:00+00:00,34015.75
2023-09-05 16:00:00+00:00,33347.5
2023-09-05 17:00:00+00:00,32412
2023-09-05 18:00:00+00:00,32004.66667
2023-09-05 19:00:00+00:00,31600.58333
2023-09-05 20:00:00+00:00,29204.58333
2023-09-05 21:00:00+00:00,27713.08333
2023-09-05 22:00:00+00:00,25060.08333
2023-09-05 23:00:00+00:00,23901.08333
2023-09-06 00:00:00+00:00,22265.5
2023-09-06 01:00:00+00:00,21231.91667
2023-09-06 02:00:00+00:00,21252
2023-09-06 03:00:00+00:00,21350
2023-09-06 04:00:00+00:00,23195.16667
2023-09-06 05:00:00+00:00,25082.08333
2023-09-06 06:00:00+00:00,26638.58333
2023-09-06 07:00:00+00:00,29270.5
2023-09-06 08:00:00+00:00,31050.33333
2023-09-06 09:00:00+00:00,31965
2023-09-06 10:00:00+00:00,32192.91667
2023-09-06 11:00:00+00:00,32541.25
2023-09-06 12:00:00+00:00,32126.33333
2023-09-06 13:00:00+00:00,33003.33333
2023-09-06 14:00:00+00:00,34255.33333
2023-09-06 15:00:00+00:00,34332.83333
2023-09-06 16:00:00+00:00,34844.91667
2023-09-06 17:00:00+00:00,33570.75
2023-09-06 18:00:00+00:00,32604.83333
2023-09-06 19:00:00+00:00,31252.58333
2023-09-06 20:00:00+00:00,29910.41667
2023-09-06 21:00:00+00:00,27647.83333
2023-09-06 22:00:00+00:00,24605.66667
2023-09-06 23:00:00+00:00,23436.91667
2023-09-07 00:00:00+00:00,22379.91667
2023-09-07 01:00:00+00:00,21907.66667
2023-09-07 02:00:00+00:00,21687.75
2023-09-07 03:00:00+00:00,22029.41667
2023-09-07 04:00:00+00:00,23436.66667
2023-09-07 05:00:00+00:00,24890.66667
2023-09-07 06:00:00+00:00,26076.16667
2023-09-07 07:00:00+00:00,29301
2023-09-07 08:00:00+00:00,29893.41667
2023-09-07 09:00:00+00:00,31113.66667
2023-09-07 10:00:00+00:00,31829.33333
2023-09-07 11:00:00+00:00,32338.75
2023-09-07 12:00:00+00:00,32055.58333
2023-09-07 13:00:00+00:00,31517.33333
2023-09-07 14:00:00+00:00,31279.33333
2023-09-07 15:00:00+00:00,32344.75
2023-09-07 16:00:00+00:00,33946.08333
2023-09-07 17:00:00+00:00,32598.66667
2023-09-07 18:00:00+00:00,31615.08333
2023-09-07 19:00:00+00:00,30524.08333
2023-09-07 20:00:00+00:00,28881.5
2023-09-07 21:00:00+00:00,26682.16667
2023-09-07 22:00:00+00:00,24131.5
2023-09-07 23:00:00+00:00,22819.08333
2023-09-08 00:00:00+00:00,21784.25
2023-09-08 01:00:00+00:00,21467.08333
2023-09-08 02:00:00+00:00,21472.5
2023-09-08 03:00:00+00:00,21747.25
2023-09-08 04:00:00+00:00,23580.5
2023-09-08 05:00:00+00:00,25863.58333
2023-09-08 06:00:00+00:00,27242.08333
2023-09-08 07:00:00+00:00,28679.16667
2023-09-08 08:00:00+00:00,29761.33333
2023-09-08 09:00:00+00:00,31123.33333
2023-09-08 10:00:00+00:00,31880.41667
2023-09-08 11:00:00+00:00,32259
2023-09-08 12:00:00+00:00,32301
2023-09-08 13:00:00+00:00,32926.91667
2023-09-08 14:00:00+00:00,33344.25
2023-09-08 15:00:00+00:00,33868.75
2023-09-08 16:00:00+00:00,34082.66667
2023-09-08 17:00:00+00:00,32961.16667
2023-09-08 18:00:00+00:00,31802.33333
2023-09-08 19:00:00+00:00,31792.41667
2023-09-08 20:00:00+00:00,28898.91667
2023-09-08 21:00:00+00:00,26238.91667
2023-09-08 22:00:00+00:00,23982.75
2023-09-08 23:00:00+00:00,22773.5
2023-09-09 00:00:00+00:00,21855.58333
2023-09-09 01:00:00+00:00,21581.5
2023-09-09 02:00:00+00:00,20664.5
2023-09-09 03:00:00+00:00,20485.33333
2023-09-09 04:00:00+00:00,20916.08333
2023-09-09 05:00:00+00:00,21113.58333
2023-09-09 06:00:00+00:00,21168.83333
2023-09-09 07:00:00+00:00,24498.5
2023-09-09 08:00:00+00:00,26748.25
2023-09-09 09:00:00+00:00,27404.75
2023-09-09 10:00:00+00:00,27900.16667
2023-09-09 11:00:00+00:00,27815.83333
2023-09-09 12:00:00+00:00,28462.66667
2023-09-09 13:00:00+00:00,27927.41667
2023-09-09 14:00:00+00:00,29063.75
2023-09-09 15:00:00+00:00,29881.16667
2023-09-09 16:00:00+00:00,30062.83333
2023-09-09 17:00:00+00:00,28471.75
2023-09-09 18:00:00+00:00,28197.75
2023-09-09 19:00:00+00:00,27650
2023-09-09 20:00:00+00:00,25816.5
2023-09-09 21:00:00+00:00,24550.25
2023-09-09 22:00:00+00:00,22218.91667
2023-09-09 23:00:00+00:00,20977.16667
2023-09-10 00:00:00+00:00,20339.58333
2023-09-10 01:00:00+00:00,19935.83333
2023-09-10 02:00:00+00:00,19579.16667
2023-09-10 03:00:00+00:00,19423.58333
2023-09-10 04:00:00+00:00,20247.83333
2023-09-10 05:00:00+00:00,20898.5
2023-09-10 06:00:00+00:00,21507.66667
2023-09-10 07:00:00+00:00,22895.5
2023-09-10 08:00:00+00:00,24694.41667
2023-09-10 09:00:00+00:00,25282.58333
2023-09-10 10:00:00+00:00,25382.5
2023-09-10 11:00:00+00:00,26176.75
2023-09-10 12:00:00+00:00,26686.66667
2023-09-10 13:00:00+00:00,25903.91667
2023-09-10 14:00:00+00:00,27720.41667
2023-09-10 15:00:00+00:00,29345.58333
2023-09-10 16:00:00+00:00,29605.91667
2023-09-10 17:00:00+00:00,28709.83333
2023-09-10 18:00:00+00:00,28366.91667
2023-09-10 19:00:00+00:00,28539.75
2023-09-10 20:00:00+00:00,26735.25
2023-09-10 21:00:00+00:00,24822
2023-09-10 22:00:00+00:00,22688.66667
2023-09-10 23:00:00+00:00,21095.41667
2023-09-11 00:00:00+00:00,20266.16667
2023-09-11 01:00:00+00:00,19855.33333
2023-09-11 02:00:00+00:00,19748.41667
2023-09-11 03:00:00+00:00,19683.75
2023-09-11 04:00:00+00:00,21374.08333
2023-09-11 05:00:00+00:00,22963
2023-09-11 06:00:00+00:00,24448.5
2023-09-11 07:00:00+00:00,26682.83333
2023-09-11 08:00:00+00:00,28411.33333
2023-09-11 09:00:00+00:00,29823.33333
2023-09-11 10:00:00+00:00,30235
2023-09-11 11:00:00+00:00,30825.58333
2023-09-11 12:00:00+00:00,30710.58333
2023-09-11 13:00:00+00:00,31450.66667
2023-09-11 14:00:00+00:00,32378.83333
2023-09-11 15:00:00+00:00,32696.16667
2023-09-11 16:00:00+00:00,32039.16667
2023-09-11 17:00:00+00:00,31360.16667
2023-09-11 18:00:00+00:00,30902.33333
2023-09-11 19:00:00+00:00,30277.75
2023-09-11 20:00:00+00:00,27733.25
2023-09-11 21:00:00+00:00,25620.41667
2023-09-11 22:00:00+00:00,23767.16667
2023-09-11 23:00:00+00:00,23088.83333
2023-09-12 00:00:00+00:00,21828.33333
2023-09-12 01:00:00+00:00,21324.33333
2023-09-12 02:00:00+00:00,21181.58333
2023-09-12 03:00:00+00:00,21365.58333
2023-09-12 04:00:00+00:00,23443.66667
2023-09-12 05:00:00+00:00,25808
2023-09-12 06:00:00+00:00,27738.16667
2023-09-12 07:00:00+00:00,30249.91667
2023-09-12 08:00:00+00:00,31417.5
2023-09-12 09:00:00+00:00,32933.16667
2023-09-12 10:00:00+00:00,32589.83333
2023-09-12 11:00:00+00:00,32718.58333
2023-09-12 12:00:00+00:00,32832.08333
2023-09-12 13:00:00+00:00,33803.75
2023-09-12 14:00:00+00:00,33199.66667
2023-09-12 15:00:00+00:00,33376.91667
2023-09-12 16:00:00+00:00,32784.83333
2023-09-12 17:00:00+00:00,32659.25
2023-09-12 18:00:00+00:00,31947.83333
2023-09-12 19:00:00+00:00,31724.83333
2023-09-12 20:00:00+00:00,29412.58333
2023-09-12 21:00:00+00:00,27070.16667
2023-09-12 22:00:00+00:00,24510.83333
2023-09-12 23:00:00+00:00,23096.08333
2023-09-13 00:00:00+00:00,22424.41667
2023-09-13 01:00:00+00:00,21982.16667
2023-09-13 02:00:00+00:00,21842.83333
2023-09-13 03:00:00+00:00,22089.91667
2023-09-13 04:00:00+00:00,23472.41667
2023-09-13 05:00:00+00:00,26647.91667
2023-09-13 06:00:00+00:00,29304.5
2023-09-13 07:00:00+00:00,31335.41667
2023-09-13 08:00:00+00:00,33754.33333
2023-09-13 09:00:00+00:00,34499.16667
2023-09-13 10:00:00+00:00,34078.66667
2023-09-13 11:00:00+00:00,33586.33333
2023-09-13 12:00:00+00:00,32790.33333
2023-09-13 13:00:00+00:00,32030.91667
2023-09-13 14:00:00+00:00,32560.58333
2023-09-13 15:00:00+00:00,34255.75
2023-09-13 16:00:00+00:00,34986.75
2023-09-13 17:00:00+00:00,33908.41667
2023-09-13 18:00:00+00:00,31991.41667
2023-09-13 19:00:00+00:00,32134.75
2023-09-13 20:00:00+00:00,29430.5
2023-09-13 21:00:00+00:00,26398.33333
2023-09-13 22:00:00+00:00,24863.83333
2023-09-13 23:00:00+00:00,23831
2023-09-14 00:00:00+00:00,22209.66667
2023-09-14 01:00:00+00:00,21628.66667
2023-09-14 02:00:00+00:00,21155.25
2023-09-14 03:00:00+00:00,21305.58333
2023-09-14 04:00:00+00:00,23023
2023-09-14 05:00:00+00:00,25310.58333
2023-09-14 06:00:00+00:00,27201.16667
2023-09-14 07:00:00+00:00,29261.16667
2023-09-14 08:00:00+00:00,31377.5
2023-09-14 09:00:00+00:00,31999.16667
2023-09-14 10:00:00+00:00,31920.41667
2023-09-14 11:00:00+00:00,32524.41667
2023-09-14 12:00:00+00:00,32035.16667
2023-09-14 13:00:00+00:00,31749.25
2023-09-14 14:00:00+00:00,32024.75
2023-09-14 15:00:00+00:00,33319
2023-09-14 16:00:00+00:00,34206.5
2023-09-14 17:00:00+00:00,32980.08333
2023-09-14 18:00:00+00:00,30927
2023-09-14 19:00:00+00:00,31133.08333
2023-09-14 20:00:00+00:00,29564.75
2023-09-14 21:00:00+00:00,27071.91667
2023-09-14 22:00:00+00:00,25696.58333
2023-09-14 23:00:00+00:00,24733.5
2023-09-15 00:00:00+00:00,23723.08333
2023-09-15 01:00:00+00:00,22980.5
2023-09-15 02:00:00+00:00,22693.33333
2023-09-15 03:00:00+00:00,22703.91667
2023-09-15 04:00:00+00:00,23880.33333
2023-09-15 05:00:00+00:00,25430
2023-09-15 06:00:00+00:00,26983.33333
2023-09-15 07:00:00+00:00,28828.83333
2023-09-15 08:00:00+00:00,29677.33333
2023-09-15 09:00:00+00:00,31013.25
2023-09-15 10:00:00+00:00,31801.41667
2023-09-15 11:00:00+00:00,31306.41667
2023-09-15 12:00:00+00:00,31552.16667
2023-09-15 13:00:00+00:00,30720.08333
2023-09-15 14:00:00+00:00,30136.16667
2023-09-15 15:00:00+00:00,29209.91667
2023-09-15 16:00:00+00:00,29600.25
2023-09-15 17:00:00+00:00,28359.58333
2023-09-15 18:00:00+00:00,28233.16667
2023-09-15 19:00:00+00:00,28137.58333
2023-09-15 20:00:00+00:00,26733
2023-09-15 21:00:00+00:00,25024.83333
2023-09-15 22:00:00+00:00,23067.75
2023-09-15 23:00:00+00:00,22323.25
2023-09-16 00:00:00+00:00,20719.25
2023-09-16 01:00:00+00:00,19998.66667
2023-09-16 02:00:00+00:00,19613.58333
2023-09-16 03:00:00+00:00,19663
2023-09-16 04:00:00+00:00,19643
2023-09-16 05:00:00+00:00,20172.5
2023-09-16 06:00:00+00:00,21198.33333
2023-09-16 07:00:00+00:00,22630.5
2023-09-16 08:00:00+00:00,24393.5
2023-09-16 09:00:00+00:00,25366.58333
2023-09-16 10:00:00+00:00,25494
2023-09-16 11:00:00+00:00,25686
2023-09-16 12:00:00+00:00,25800.91667
2023-09-16 13:00:00+00:00,24988.16667
2023-09-16 14:00:00+00:00,24824.91667
2023-09-16 15:00:00+00:00,25745.91667
2023-09-16 16:00:00+00:00,25802.66667
2023-09-16 17:00:00+00:00,24519.08333
2023-09-16 18:00:00+00:00,24939.75
2023-09-16 19:00:00+00:00,25225
2023-09-16 20:00:00+00:00,24241.75
2023-09-16 21:00:00+00:00,22836.41667
2023-09-16 22:00:00+00:00,20711
2023-09-16 23:00:00+00:00,20401.5
2023-09-17 00:00:00+00:00,19362.25
2023-09-17 01:00:00+00:00,17906.75
2023-09-17 02:00:00+00:00,17806.75
2023-09-17 03:00:00+00:00,17643.5
2023-09-17 04:00:00+00:00,17898
2023-09-17 05:00:00+00:00,18180.33333
2023-09-17 06:00:00+00:00,19254.33333
2023-09-17 07:00:00+00:00,21163.08333
2023-09-17 08:00:00+00:00,23774.16667
2023-09-17 09:00:00+00:00,25890.75
2023-09-17 10:00:00+00:00,26792.83333
2023-09-17 11:00:00+00:00,27718.58333
2023-09-17 12:00:00+00:00,27837.58333
2023-09-17 13:00:00+00:00,27278.58333
2023-09-17 14:00:00+00:00,26620.08333
2023-09-17 15:00:00+00:00,26195.66667
2023-09-17 16:00:00+00:00,26710.41667
2023-09-17 17:00:00+00:00,27769.25
2023-09-17 18:00:00+00:00,29157.08333
2023-09-17 19:00:00+00:00,28605.83333
2023-09-17 20:00:00+00:00,26914.16667
2023-09-17 21:00:00+00:00,25007.08333
2023-09-17 22:00:00+00:00,22437.58333
2023-09-17 23:00:00+00:00,20855.16667
2023-09-18 00:00:00+00:00,19958.66667
2023-09-18 01:00:00+00:00,20255.25
2023-09-18 02:00:00+00:00,19026.91667
2023-09-18 03:00:00+00:00,19632.91667
2023-09-18 04:00:00+00:00,21939.66667
2023-09-18 05:00:00+00:00,23918.08333
2023-09-18 06:00:00+00:00,25009.5
2023-09-18 07:00:00+00:00,26559.91667
2023-09-18 08:00:00+00:00,27554.66667
2023-09-18 09:00:00+00:00,28799.5
2023-09-18 10:00:00+00:00,28647.5
2023-09-18 11:00:00+00:00,29157.41667
2023-09-18 12:00:00+00:00,28534.75
2023-09-18 13:00:00+00:00,27954.75
2023-09-18 14:00:00+00:00,27924
2023-09-18 15:00:00+00:00,27973
2023-09-18 16:00:00+00:00,28359.75
2023-09-18 17:00:00+00:00,27071.16667
2023-09-18 18:00:00+00:00,27779.08333
2023-09-18 19:00:00+00:00,28227.83333
2023-09-18 20:00:00+00:00,26853.75
2023-09-18 21:00:00+00:00,24836.66667
2023-09-18 22:00:00+00:00,23549.66667
2023-09-18 23:00:00+00:00,22820.5
2023-09-19 00:00:00+00:00,21550.08333
2023-09-19 01:00:00+00:00,21083.66667
2023-09-19 02:00:00+00:00,21441.66667
2023-09-19 03:00:00+00:00,21547.25
2023-09-19 04:00:00+00:00,23276.16667
2023-09-19 05:00:00+00:00,26012.58333
2023-09-19 06:00:00+00:00,27433.41667
2023-09-19 07:00:00+00:00,28734.83333
2023-09-19 08:00:00+00:00,29611.16667
2023-09-19 09:00:00+00:00,30066.08333
2023-09-19 10:00:00+00:00,30459
2023-09-19 11:00:00+00:00,30657.83333
2023-09-19 12:00:00+00:00,30087.75
2023-09-19 13:00:00+00:00,29406.08333
2023-09-19 14:00:00+00:00,29110.91667
2023-09-19 15:00:00+00:00,29347.41667
2023-09-19 16:00:00+00:00,30202.83333
2023-09-19 17:00:00+00:00,29924.33333
2023-09-19 18:00:00+00:00,29956.08333
2023-09-19 19:00:00+00:00,29222.16667
2023-09-19 20:00:00+00:00,28016.58333
2023-09-19 21:00:00+00:00,25836.25
2023-09-19 22:00:00+00:00,23355.5
2023-09-19 23:00:00+00:00,22040.41667
2023-09-20 00:00:00+00:00,20831.83333
2023-09-20 01:00:00+00:00,20484.66667
2023-09-20 02:00:00+00:00,20470.16667
2023-09-20 03:00:00+00:00,20743.75
2023-09-20 04:00:00+00:00,22651.58333
2023-09-20 05:00:00+00:00,25373.66667
2023-09-20 06:00:00+00:00,26687.25
2023-09-20 07:00:00+00:00,27712.16667
2023-09-20 08:00:00+00:00,29436.41667
2023-09-20 09:00:00+00:00,29270.91667
2023-09-20 10:00:00+00:00,29724.41667
2023-09-20 11:00:00+00:00,31025.66667
2023-09-20 12:00:00+00:00,30540.66667
2023-09-20 13:00:00+00:00,29041.5
2023-09-20 14:00:00+00:00,29559.66667
2023-09-20 15:00:00+00:00,31147
2023-09-20 16:00:00+00:00,31651.41667
2023-09-20 17:00:00+00:00,29657.41667
2023-09-20 18:00:00+00:00,30643.66667
2023-09-20 19:00:00+00:00,29914.16667
2023-09-20 20:00:00+00:00,27219
2023-09-20 21:00:00+00:00,25177.75
2023-09-20 22:00:00+00:00,22986.08333
2023-09-20 23:00:00+00:00,21569.58333
2023-09-21 00:00:00+00:00,20434.25
2023-09-21 01:00:00+00:00,19968.66667
2023-09-21 02:00:00+00:00,19896.41667
2023-09-21 03:00:00+00:00,20346
2023-09-21 04:00:00+00:00,22361.5
2023-09-21 05:00:00+00:00,26856.91667
2023-09-21 06:00:00+00:00,28177
2023-09-21 07:00:00+00:00,30055.33333
2023-09-21 08:00:00+00:00,31415.16667
2023-09-21 09:00:00+00:00,32409.75
2023-09-21 10:00:00+00:00,32628.58333
2023-09-21 11:00:00+00:00,33264.75
2023-09-21 12:00:00+00:00,32417.75
2023-09-21 13:00:00+00:00,31797.91667
2023-09-21 14:00:00+00:00,31786.41667
2023-09-21 15:00:00+00:00,31451
2023-09-21 16:00:00+00:00,30186.58333
2023-09-21 17:00:00+00:00,29194.58333
2023-09-21 18:00:00+00:00,29604.83333
2023-09-21 19:00:00+00:00,27846.41667
2023-09-21 20:00:00+00:00,27028.33333
2023-09-21 21:00:00+00:00,24885.91667
2023-09-21 22:00:00+00:00,23709.5
2023-09-21 23:00:00+00:00,23046.25
2023-09-22 00:00:00+00:00,22507
2023-09-22 01:00:00+00:00,21986.25
2023-09-22 02:00:00+00:00,21502
2023-09-22 03:00:00+00:00,21411.33333
2023-09-22 04:00:00+00:00,22996.58333
2023-09-22 05:00:00+00:00,25539.66667
2023-09-22 06:00:00+00:00,26073.41667
2023-09-22 07:00:00+00:00,29641.75
2023-09-22 08:00:00+00:00,31811.83333
2023-09-22 09:00:00+00:00,32508.66667
2023-09-22 10:00:00+00:00,33079.25
2023-09-22 11:00:00+00:00,31746.66667
2023-09-22 12:00:00+00:00,30656.16667
2023-09-22 13:00:00+00:00,30864.5
2023-09-22 14:00:00+00:00,31227.5
2023-09-22 15:00:00+00:00,31675.83333
2023-09-22 16:00:00+00:00,31153.25
2023-09-22 17:00:00+00:00,29256.41667
2023-09-22 18:00:00+00:00,28474.75
2023-09-22 19:00:00+00:00,27253.75
2023-09-22 20:00:00+00:00,25752.75
2023-09-22 21:00:00+00:00,23754.5
2023-09-22 22:00:00+00:00,21986
2023-09-22 23:00:00+00:00,21315
2023-09-23 00:00:00+00:00,20607.66667
2023-09-23 01:00:00+00:00,20156.41667
2023-09-23 02:00:00+00:00,19736.16667
2023-09-23 03:00:00+00:00,19329.83333
2023-09-23 04:00:00+00:00,19396.16667
2023-09-23 05:00:00+00:00,19865.83333
2023-09-23 06:00:00+00:00,20670.41667
2023-09-23 07:00:00+00:00,23490.83333
2023-09-23 08:00:00+00:00,26370.16667
2023-09-23 09:00:00+00:00,27432.75
2023-09-23 10:00:00+00:00,26559.83333
2023-09-23 11:00:00+00:00,25527.66667
2023-09-23 12:00:00+00:00,25205.66667
2023-09-23 13:00:00+00:00,25469.91667
2023-09-23 14:00:00+00:00,25557.75
2023-09-23 15:00:00+00:00,27414.33333
2023-09-23 16:00:00+00:00,27754.5
2023-09-23 17:00:00+00:00,24895.08333
2023-09-23 18:00:00+00:00,23719.5
2023-09-23 19:00:00+00:00,23905.33333
2023-09-23 20:00:00+00:00,22824
2023-09-23 21:00:00+00:00,21084.5
2023-09-23 22:00:00+00:00,20195.75
2023-09-23 23:00:00+00:00,19544.25
2023-09-24 00:00:00+00:00,18489.58333
2023-09-24 01:00:00+00:00,18035.66667
2023-09-24 02:00:00+00:00,17741.08333
2023-09-24 03:00:00+00:00,17683.41667
2023-09-24 04:00:00+00:00,17666.83333
2023-09-24 05:00:00+00:00,18409.33333
2023-09-24 06:00:00+00:00,19470.91667
2023-09-24 07:00:00+00:00,21770.83333
2023-09-24 08:00:00+00:00,24039.5
2023-09-24 09:00:00+00:00,24674.58333
2023-09-24 10:00:00+00:00,24456.33333
2023-09-24 11:00:00+00:00,24842.75
2023-09-24 12:00:00+00:00,24667.08333
2023-09-24 13:00:00+00:00,22958
2023-09-24 14:00:00+00:00,24614.83333
2023-09-24 15:00:00+00:00,26107.16667
2023-09-24 16:00:00+00:00,26743.33333
2023-09-24 17:00:00+00:00,24142.41667
2023-09-24 18:00:00+00:00,23916
2023-09-24 19:00:00+00:00,24263.41667
2023-09-24 20:00:00+00:00,23475.75
2023-09-24 21:00:00+00:00,22124.5
2023-09-24 22:00:00+00:00,20873.41667
2023-09-24 23:00:00+00:00,19788.5
2023-09-25 00:00:00+00:00,18897
2023-09-25 01:00:00+00:00,18459
2023-09-25 02:00:00+00:00,18518.75
2023-09-25 03:00:00+00:00,18981.83333
2023-09-25 04:00:00+00:00,21160.5
2023-09-25 05:00:00+00:00,24080.16667
2023-09-25 06:00:00+00:00,25338.5
2023-09-25 07:00:00+00:00,27830.08333
2023-09-25 08:00:00+00:00,29418.58333
2023-09-25 09:00:00+00:00,29340.75
2023-09-25 10:00:00+00:00,28250
2023-09-25 11:00:00+00:00,28494.25
2023-09-25 12:00:00+00:00,28396.5
2023-09-25 13:00:00+00:00,29752.33333
2023-09-25 14:00:00+00:00,30839.08333
2023-09-25 15:00:00+00:00,30916.83333
2023-09-25 16:00:00+00:00,31654.66667
2023-09-25 17:00:00+00:00,30421.75
2023-09-25 18:00:00+00:00,29942.5
2023-09-25 19:00:00+00:00,29386.83333
2023-09-25 20:00:00+00:00,27726
2023-09-25 21:00:00+00:00,25072
2023-09-25 22:00:00+00:00,22976.91667
2023-09-25 23:00:00+00:00,21938.33333
2023-09-26 00:00:00+00:00,21235.91667
2023-09-26 01:00:00+00:00,20609.33333
2023-09-26 02:00:00+00:00,20299.16667
2023-09-26 03:00:00+00:00,20848.08333
2023-09-26 04:00:00+00:00,22573.08333
2023-09-26 05:00:00+00:00,24379.08333
2023-09-26 06:00:00+00:00,25968.58333
2023-09-26 07:00:00+00:00,28702.91667
2023-09-26 08:00:00+00:00,29338.41667
2023-09-26 09:00:00+00:00,29157.41667
2023-09-26 10:00:00+00:00,29175.41667
2023-09-26 11:00:00+00:00,29489.66667
2023-09-26 12:00:00+00:00,29290.41667
2023-09-26 13:00:00+00:00,29760.33333
2023-09-26 14:00:00+00:00,31264.91667
2023-09-26 15:00:00+00:00,32441.58333
2023-09-26 16:00:00+00:00,31785.16667
2023-09-26 17:00:00+00:00,29839.66667
2023-09-26 18:00:00+00:00,29179.66667
2023-09-26 19:00:00+00:00,28299.5
2023-09-26 20:00:00+00:00,26664.66667
2023-09-26 21:00:00+00:00,25799.16667
2023-09-26 22:00:00+00:00,24031.66667
2023-09-26 23:00:00+00:00,23021.5
2023-09-27 00:00:00+00:00,21651.83333
2023-09-27 01:00:00+00:00,21399.75
2023-09-27 02:00:00+00:00,21265.41667
2023-09-27 03:00:00+00:00,22028.58333
2023-09-27 04:00:00+00:00,24229.83333
2023-09-27 05:00:00+00:00,26886.91667
2023-09-27 06:00:00+00:00,28442.33333
2023-09-27 07:00:00+00:00,30941.58333
2023-09-27 08:00:00+00:00,32815.66667
2023-09-27 09:00:00+00:00,33360.75
2023-09-27 10:00:00+00:00,33243.66667
2023-09-27 11:00:00+00:00,32657.91667
2023-09-27 12:00:00+00:00,32840.25
2023-09-27 13:00:00+00:00,32781
2023-09-27 14:00:00+00:00,32542.5
2023-09-27 15:00:00+00:00,32497.75
2023-09-27 16:00:00+00:00,31591.25
2023-09-27 17:00:00+00:00,29727.83333
2023-09-27 18:00:00+00:00,29136.5
2023-09-27 19:00:00+00:00,28898.83333
2023-09-27 20:00:00+00:00,27171.16667
2023-09-27 21:00:00+00:00,24996.33333
2023-09-27 22:00:00+00:00,23873.83333
2023-09-27 23:00:00+00:00,22610.08333
2023-09-28 00:00:00+00:00,21924.66667
2023-09-28 01:00:00+00:00,21566.16667
2023-09-28 02:00:00+00:00,21419.41667
2023-09-28 03:00:00+00:00,22028.83333
2023-09-28 04:00:00+00:00,24243.58333
2023-09-28 05:00:00+00:00,26033
2023-09-28 06:00:00+00:00,26758.16667
2023-09-28 07:00:00+00:00,28998.33333
2023-09-28 08:00:00+00:00,30509.16667
2023-09-28 09:00:00+00:00,31327.25
2023-09-28 10:00:00+00:00,31234.75
2023-09-28 11:00:00+00:00,31791.91667
2023-09-28 12:00:00+00:00,32578.41667
2023-09-28 13:00:00+00:00,32062.33333
2023-09-28 14:00:00+00:00,32061.91667
2023-09-28 15:00:00+00:00,33393.75
2023-09-28 16:00:00+00:00,33341
2023-09-28 17:00:00+00:00,31593.33333
2023-09-28 18:00:00+00:00,29141.41667
2023-09-28 19:00:00+00:00,28412.25
2023-09-28 20:00:00+00:00,27405.41667
2023-09-28 21:00:00+00:00,26054.41667
2023-09-28 22:00:00+00:00,23799.33333
2023-09-28 23:00:00+00:00,22642.25
2023-09-29 00:00:00+00:00,21588.16667
2023-09-29 01:00:00+00:00,21198.16667
2023-09-29 02:00:00+00:00,21189.58333
2023-09-29 03:00:00+00:00,21828.25
2023-09-29 04:00:00+00:00,23362.25
2023-09-29 05:00:00+00:00,25645.25
2023-09-29 06:00:00+00:00,26897.16667
2023-09-29 07:00:00+00:00,29548.5
2023-09-29 08:00:00+00:00,30272.16667
2023-09-29 09:00:00+00:00,30128.58333
2023-09-29 10:00:00+00:00,30383.33333
2023-09-29 11:00:00+00:00,30370.75
2023-09-29 12:00:00+00:00,29976.16667
2023-09-29 13:00:00+00:00,29666.16667
2023-09-29 14:00:00+00:00,31048
2023-09-29 15:00:00+00:00,31933.33333
2023-09-29 16:00:00+00:00,31225.83333
2023-09-29 17:00:00+00:00,29302.16667
2023-09-29 18:00:00+00:00,28965.33333
2023-09-29 19:00:00+00:00,28518.25
2023-09-29 20:00:00+00:00,26890.25
2023-09-29 21:00:00+00:00,24819.16667
2023-09-29 22:00:00+00:00,23176.41667
2023-09-29 23:00:00+00:00,22263.66667
2023-09-30 00:00:00+00:00,21372.5
2023-09-30 01:00:00+00:00,20614.25
2023-09-30 02:00:00+00:00,20181.25
2023-09-30 03:00:00+00:00,19773.33333
2023-09-30 04:00:00+00:00,20004.25
2023-09-30 05:00:00+00:00,20952
2023-09-30 06:00:00+00:00,22300.41667
2023-09-30 07:00:00+00:00,25227.41667
2023-09-30 08:00:00+00:00,27882.25
2023-09-30 09:00:00+00:00,27846.41667
2023-09-30 10:00:00+00:00,26526.91667
2023-09-30 11:00:00+00:00,26620.41667
2023-09-30 12:00:00+00:00,26830.08333
2023-09-30 13:00:00+00:00,26505.75
2023-09-30 14:00:00+00:00,28004.91667
2023-09-30 15:00:00+00:00,29897.91667
2023-09-30 16:00:00+00:00,28301.16667
2023-09-30 17:00:00+00:00,25952.33333
2023-09-30 18:00:00+00:00,25248.08333
2023-09-30 19:00:00+00:00,25006.08333
2023-09-30 20:00:00+00:00,23971
2023-09-30 21:00:00+00:00,22823.83333
2023-09-30 22:00:00+00:00,21400.66667
2023-09-30 23:00:00+00:00,20646.83333
2023-10-01 00:00:00+00:00,19672.58333
2023-10-01 01:00:00+00:00,19060.91667
2023-10-01 02:00:00+00:00,18703.16667
2023-10-01 03:00:00+00:00,18602.66667
2023-10-01 04:00:00+00:00,18262.5
2023-10-01 05:00:00+00:00,18491.16667
2023-10-01 06:00:00+00:00,19157.83333
2023-10-01 07:00:00+00:00,21885.08333
2023-10-01 08:00:00+00:00,24612.5
2023-10-01 09:00:00+00:00,24921.66667
2023-10-01 10:00:00+00:00,24654.08333
2023-10-01 11:00:00+00:00,25278
2023-10-01 12:00:00+00:00,25652.25
2023-10-01 13:00:00+00:00,25332.58333
2023-10-01 14:00:00+00:00,26413.08333
2023-10-01 15:00:00+00:00,27035.66667
2023-10-01 16:00:00+00:00,27523.5
2023-10-01 17:00:00+00:00,26415.66667
2023-10-01 18:00:00+00:00,25504.66667
2023-10-01 19:00:00+00:00,25446.75
2023-10-01 20:00:00+00:00,24410.08333
2023-10-01 21:00:00+00:00,22670.5
2023-10-01 22:00:00+00:00,21548.75
2023-10-01 23:00:00+00:00,20447.08333
2023-10-02 00:00:00+00:00,19846.33333
2023-10-02 01:00:00+00:00,19637
2023-10-02 02:00:00+00:00,19607.91667
2023-10-02 03:00:00+00:00,19912.83333
2023-10-02 04:00:00+00:00,22168.25
2023-10-02 05:00:00+00:00,25782.66667
2023-10-02 06:00:00+00:00,26642.91667
2023-10-02 07:00:00+00:00,28811.91667
2023-10-02 08:00:00+00:00,30756.83333
2023-10-02 09:00:00+00:00,31056.08333
2023-10-02 10:00:00+00:00,30630.91667
2023-10-02 11:00:00+00:00,31248.75
2023-10-02 12:00:00+00:00,32044.91667
2023-10-02 13:00:00+00:00,33115.75
2023-10-02 14:00:00+00:00,33712.66667
2023-10-02 15:00:00+00:00,33808.25
2023-10-02 16:00:00+00:00,32838.16667
2023-10-02 17:00:00+00:00,31481.25
2023-10-02 18:00:00+00:00,30446
2023-10-02 19:00:00+00:00,29262.5
2023-10-02 20:00:00+00:00,27836.25
2023-10-02 21:00:00+00:00,25355.16667
2023-10-02 22:00:00+00:00,23391.58333
2023-10-02 23:00:00+00:00,22179.83333
2023-10-03 00:00:00+00:00,21354.41667
2023-10-03 01:00:00+00:00,20550.91667
2023-10-03 02:00:00+00:00,20316.75
2023-10-03 03:00:00+00:00,20684.08333
2023-10-03 04:00:00+00:00,22579.25
2023-10-03 05:00:00+00:00,25274.66667
2023-10-03 06:00:00+00:00,26626.58333
2023-10-03 07:00:00+00:00,29535
2023-10-03 08:00:00+00:00,30162.58333
2023-10-03 09:00:00+00:00,30573.41667
2023-10-03 10:00:00+00:00,30606.91667
2023-10-03 11:00:00+00:00,30612.25
2023-10-03 12:00:00+00:00,30423.08333
2023-10-03 13:00:00+00:00,30322.75
2023-10-03 14:00:00+00:00,30247.75
2023-10-03 15:00:00+00:00,30903.91667
2023-10-03 16:00:00+00:00,31587.75
2023-10-03 17:00:00+00:00,30926.41667
2023-10-03 18:00:00+00:00,32247
2023-10-03 19:00:00+00:00,31922.41667
2023-10-03 20:00:00+00:00,29434.08333
2023-10-03 21:00:00+00:00,26857.16667
2023-10-03 22:00:00+00:00,25055.41667
2023-10-03 23:00:00+00:00,23552.83333
2023-10-04 00:00:00+00:00,22282.75
2023-10-04 01:00:00+00:00,21698.41667
2023-10-04 02:00:00+00:00,21604
2023-10-04 03:00:00+00:00,21945.91667
2023-10-04 04:00:00+00:00,23542.25
2023-10-04 05:00:00+00:00,26126.41667
2023-10-04 06:00:00+00:00,26485.41667
2023-10-04 07:00:00+00:00,28513.41667
2023-10-04 08:00:00+00:00,29752.58333
2023-10-04 09:00:00+00:00,30470.33333
2023-10-04 10:00:00+00:00,30417.66667
2023-10-04 11:00:00+00:00,30765.25
2023-10-04 12:00:00+00:00,30522.58333
2023-10-04 13:00:00+00:00,30315.5
2023-10-04 14:00:00+00:00,30657.91667
2023-10-04 15:00:00+00:00,32664.08333
2023-10-04 16:00:00+00:00,32247
2023-10-04 17:00:00+00:00,31559.16667
2023-10-04 18:00:00+00:00,30052.75
2023-10-04 19:00:00+00:00,29824.83333
2023-10-04 20:00:00+00:00,28292.83333
2023-10-04 21:00:00+00:00,26033.25
2023-10-04 22:00:00+00:00,24411.75
2023-10-04 23:00:00+00:00,22860.5
2023-10-05 00:00:00+00:00,21771.25
2023-10-05 01:00:00+00:00,21452.33333
2023-10-05 02:00:00+00:00,21046.08333
2023-10-05 03:00:00+00:00,21306.91667
2023-10-05 04:00:00+00:00,23577.91667
2023-10-05 05:00:00+00:00,25814.08333
2023-10-05 06:00:00+00:00,27046.58333
2023-10-05 07:00:00+00:00,28195.66667
2023-10-05 08:00:00+00:00,29967.58333
2023-10-05 09:00:00+00:00,31122
2023-10-05 10:00:00+00:00,30987.83333
2023-10-05 11:00:00+00:00,30380.66667
2023-10-05 12:00:00+00:00,30745.75
2023-10-05 13:00:00+00:00,31835.5
2023-10-05 14:00:00+00:00,31668.5
2023-10-05 15:00:00+00:00,32142.41667
2023-10-05 16:00:00+00:00,31896.33333
2023-10-05 17:00:00+00:00,30591.58333
2023-10-05 18:00:00+00:00,29244.75
2023-10-05 19:00:00+00:00,28778.75
2023-10-05 20:00:00+00:00,26830.33333
2023-10-05 21:00:00+00:00,25635
2023-10-05 22:00:00+00:00,23058.83333
2023-10-05 23:00:00+00:00,22076.75
2023-10-06 00:00:00+00:00,21065.91667
2023-10-06 01:00:00+00:00,20800.75
2023-10-06 02:00:00+00:00,20983.16667
2023-10-06 03:00:00+00:00,21779.25
2023-10-06 04:00:00+00:00,23588.58333
2023-10-06 05:00:00+00:00,25235.91667
2023-10-06 06:00:00+00:00,26443.58333
2023-10-06 07:00:00+00:00,28743.91667
2023-10-06 08:00:00+00:00,29522.41667
2023-10-06 09:00:00+00:00,30038.08333
2023-10-06 10:00:00+00:00,30351
2023-10-06 11:00:00+00:00,30589.66667
2023-10-06 12:00:00+00:00,30220.16667
2023-10-06 13:00:00+00:00,30285
2023-10-06 14:00:00+00:00,30420.58333
2023-10-06 15:00:00+00:00,31099.33333
2023-10-06 16:00:00+00:00,30629.08333
2023-10-06 17:00:00+00:00,29577
2023-10-06 18:00:00+00:00,29027.91667
2023-10-06 19:00:00+00:00,28530.41667
2023-10-06 20:00:00+00:00,27196.25
2023-10-06 21:00:00+00:00,24928.41667
2023-10-06 22:00:00+00:00,22678.83333
2023-10-06 23:00:00+00:00,21691.25
2023-10-07 00:00:00+00:00,20932.33333
2023-10-07 01:00:00+00:00,20320.41667
2023-10-07 02:00:00+00:00,19933.75
2023-10-07 03:00:00+00:00,19403.5
2023-10-07 04:00:00+00:00,19573
2023-10-07 05:00:00+00:00,20130.41667
2023-10-07 06:00:00+00:00,20004.91667
2023-10-07 07:00:00+00:00,22777.75
2023-10-07 08:00:00+00:00,24646.25
2023-10-07 09:00:00+00:00,24597.08333
2023-10-07 10:00:00+00:00,25169.58333
2023-10-07 11:00:00+00:00,25892.58333
2023-10-07 12:00:00+00:00,25494
2023-10-07 13:00:00+00:00,24560.16667
2023-10-07 14:00:00+00:00,24853.66667
2023-10-07 15:00:00+00:00,26024.33333
2023-10-07 16:00:00+00:00,25844.08333
2023-10-07 17:00:00+00:00,24590.16667
2023-10-07 18:00:00+00:00,24685.58333
2023-10-07 19:00:00+00:00,24316.91667
2023-10-07 20:00:00+00:00,22828.91667
2023-10-07 21:00:00+00:00,21772.75
2023-10-07 22:00:00+00:00,19758.25
2023-10-07 23:00:00+00:00,18628.41667
2023-10-08 00:00:00+00:00,18261
2023-10-08 01:00:00+00:00,17358.33333
2023-10-08 02:00:00+00:00,16751.25
2023-10-08 03:00:00+00:00,16924.83333
2023-10-08 04:00:00+00:00,17079.66667
2023-10-08 05:00:00+00:00,17288.25
2023-10-08 06:00:00+00:00,18080.5
2023-10-08 07:00:00+00:00,21195.91667
2023-10-08 08:00:00+00:00,22529.58333
2023-10-08 09:00:00+00:00,23520.33333
2023-10-08 10:00:00+00:00,23685.08333
2023-10-08 11:00:00+00:00,23438.5
2023-10-08 12:00:00+00:00,24499.33333
2023-10-08 13:00:00+00:00,24520.16667
2023-10-08 14:00:00+00:00,25940.25
2023-10-08 15:00:00+00:00,26737.75
2023-10-08 16:00:00+00:00,26454.33333
2023-10-08 17:00:00+00:00,25644.66667
2023-10-08 18:00:00+00:00,24541.08333
2023-10-08 19:00:00+00:00,24152.83333
2023-10-08 20:00:00+00:00,23470.5
2023-10-08 21:00:00+00:00,22726.75
2023-10-08 22:00:00+00:00,21282.83333
2023-10-08 23:00:00+00:00,19849.08333
2023-10-09 00:00:00+00:00,18644.41667
2023-10-09 01:00:00+00:00,18261.91667
2023-10-09 02:00:00+00:00,18068
2023-10-09 03:00:00+00:00,18289.25
2023-10-09 04:00:00+00:00,20237.91667
2023-10-09 05:00:00+00:00,22626.75
2023-10-09 06:00:00+00:00,23400.33333
2023-10-09 07:00:00+00:00,25305.91667
2023-10-09 08:00:00+00:00,26864.75
2023-10-09 09:00:00+00:00,28958.33333
2023-10-09 10:00:00+00:00,28478.66667
2023-10-09 11:00:00+00:00,28633.58333
2023-10-09 12:00:00+00:00,28607
2023-10-09 13:00:00+00:00,28343.08333
2023-10-09 14:00:00+00:00,30714.66667
2023-10-09 15:00:00+00:00,31075.66667
2023-10-09 16:00:00+00:00,29872.08333
2023-10-09 17:00:00+00:00,28740.91667
2023-10-09 18:00:00+00:00,28977.75
2023-10-09 19:00:00+00:00,27847.66667
2023-10-09 20:00:00+00:00,26044.5
2023-10-09 21:00:00+00:00,24199.75
2023-10-09 22:00:00+00:00,22534.25
2023-10-09 23:00:00+00:00,21244.5
2023-10-10 00:00:00+00:00,20219.91667
2023-10-10 01:00:00+00:00,19599.16667
2023-10-10 02:00:00+00:00,19796.41667
2023-10-10 03:00:00+00:00,20056.75
2023-10-10 04:00:00+00:00,23382.58333
2023-10-10 05:00:00+00:00,26193.41667
2023-10-10 06:00:00+00:00,27126.25
2023-10-10 07:00:00+00:00,27857.5
2023-10-10 08:00:00+00:00,29212.91667
2023-10-10 09:00:00+00:00,29703.41667
2023-10-10 10:00:00+00:00,29502.66667
2023-10-10 11:00:00+00:00,29197
2023-10-10 12:00:00+00:00,29083.58333
2023-10-10 13:00:00+00:00,28646.75
2023-10-10 14:00:00+00:00,29088.66667
2023-10-10 15:00:00+00:00,29988.91667
2023-10-10 16:00:00+00:00,30234.75
2023-10-10 17:00:00+00:00,29228.16667
2023-10-10 18:00:00+00:00,29273.16667
2023-10-10 19:00:00+00:00,28166.08333
2023-10-10 20:00:00+00:00,26893.75
2023-10-10 21:00:00+00:00,25000.83333
2023-10-10 22:00:00+00:00,21874.58333
2023-10-10 23:00:00+00:00,20313.91667
2023-10-11 00:00:00+00:00,19406.58333
2023-10-11 01:00:00+00:00,19216.08333
2023-10-11 02:00:00+00:00,19060.41667
2023-10-11 03:00:00+00:00,19305.83333
2023-10-11 04:00:00+00:00,21336.33333
2023-10-11 05:00:00+00:00,23653.41667
2023-10-11 06:00:00+00:00,25155.33333
2023-10-11 07:00:00+00:00,26892.83333
2023-10-11 08:00:00+00:00,28438.83333
2023-10-11 09:00:00+00:00,28784.08333
2023-10-11 10:00:00+00:00,29054.33333
2023-10-11 11:00:00+00:00,29060.5
2023-10-11 12:00:00+00:00,28356.58333
2023-10-11 13:00:00+00:00,28414.5
2023-10-11 14:00:00+00:00,28961
2023-10-11 15:00:00+00:00,29478.91667
2023-10-11 16:00:00+00:00,28685.66667
2023-10-11 17:00:00+00:00,28132.16667
2023-10-11 18:00:00+00:00,27894.41667
2023-10-11 19:00:00+00:00,26803.75
2023-10-11 20:00:00+00:00,24572.33333
2023-10-11 21:00:00+00:00,22907.83333
2023-10-11 22:00:00+00:00,21884
2023-10-11 23:00:00+00:00,20707.91667
2023-10-12 00:00:00+00:00,19476.83333
2023-10-12 01:00:00+00:00,19091.33333
2023-10-12 02:00:00+00:00,18803.08333
2023-10-12 03:00:00+00:00,18662
2023-10-12 04:00:00+00:00,19815.58333
2023-10-12 05:00:00+00:00,22427.41667
2023-10-12 06:00:00+00:00,23812
2023-10-12 07:00:00+00:00,25252.91667
2023-10-12 08:00:00+00:00,26920.66667
2023-10-12 09:00:00+00:00,27415.5
2023-10-12 10:00:00+00:00,26531.66667
2023-10-12 11:00:00+00:00,26873.75
2023-10-12 12:00:00+00:00,26970.25
2023-10-12 13:00:00+00:00,26450.41667
2023-10-12 14:00:00+00:00,26532.33333
2023-10-12 15:00:00+00:00,27185.75
2023-10-12 16:00:00+00:00,26649.58333
2023-10-12 17:00:00+00:00,25343.75
2023-10-12 18:00:00+00:00,25251.58333
2023-10-12 19:00:00+00:00,25035.66667
2023-10-12 20:00:00+00:00,23062.16667
2023-10-12 21:00:00+00:00,21600.5
2023-10-12 22:00:00+00:00,20260.25
2023-10-12 23:00:00+00:00,19586.5
2023-10-13 00:00:00+00:00,19267.5
2023-10-13 01:00:00+00:00,19186.58333
2023-10-13 02:00:00+00:00,18766.75
2023-10-13 03:00:00+00:00,18960.16667
2023-10-13 04:00:00+00:00,19817.83333
2023-10-13 05:00:00+00:00,21184.16667
2023-10-13 06:00:00+00:00,23338.16667
2023-10-13 07:00:00+00:00,24581.41667
2023-10-13 08:00:00+00:00,25999.16667
2023-10-13 09:00:00+00:00,25942.58333
2023-10-13 10:00:00+00:00,26834.75
2023-10-13 11:00:00+00:00,27221.83333
2023-10-13 12:00:00+00:00,27871.75
2023-10-13 13:00:00+00:00,26892.16667
2023-10-13 14:00:00+00:00,25767.16667
2023-10-13 15:00:00+00:00,25651.66667
2023-10-13 16:00:00+00:00,23426.25
2023-10-13 17:00:00+00:00,24182.08333
2023-10-13 18:00:00+00:00,24432.33333
2023-10-13 19:00:00+00:00,23432.41667
2023-10-13 20:00:00+00:00,22006.58333
2023-10-13 21:00:00+00:00,19835.83333
2023-10-13 22:00:00+00:00,18339.75
2023-10-13 23:00:00+00:00,17221.16667
2023-10-14 00:00:00+00:00,16979.5
2023-10-14 01:00:00+00:00,16345.75
2023-10-14 02:00:00+00:00,16809
2023-10-14 03:00:00+00:00,17016.25
2023-10-14 04:00:00+00:00,18171.58333
2023-10-14 05:00:00+00:00,18974.41667
2023-10-14 06:00:00+00:00,20245.08333
2023-10-14 07:00:00+00:00,21390.58333
2023-10-14 08:00:00+00:00,22879.5
2023-10-14 09:00:00+00:00,23474.5
2023-10-14 10:00:00+00:00,23720.08333
2023-10-14 11:00:00+00:00,24051.08333
2023-10-14 12:00:00+00:00,24400
2023-10-14 13:00:00+00:00,24007.25
2023-10-14 14:00:00+00:00,23486.83333
2023-10-14 15:00:00+00:00,23438.25
2023-10-14 16:00:00+00:00,23059.25
2023-10-14 17:00:00+00:00,22521.08333
2023-10-14 18:00:00+00:00,23083.66667
2023-10-14 19:00:00+00:00,23313
2023-10-14 20:00:00+00:00,21973
2023-10-14 21:00:00+00:00,21010.33333
2023-10-14 22:00:00+00:00,19694.41667
2023-10-14 23:00:00+00:00,19001.08333
2023-10-15 00:00:00+00:00,18170.66667
2023-10-15 01:00:00+00:00,17734.25
2023-10-15 02:00:00+00:00,17381.66667
2023-10-15 03:00:00+00:00,17134.16667
2023-10-15 04:00:00+00:00,17083.66667
2023-10-15 05:00:00+00:00,17428.83333
2023-10-15 06:00:00+00:00,17068.16667
2023-10-15 07:00:00+00:00,18848.66667
2023-10-15 08:00:00+00:00,20499.5
2023-10-15 09:00:00+00:00,21720.08333
2023-10-15 10:00:00+00:00,22097.33333
2023-10-15 11:00:00+00:00,23243.58333
2023-10-15 12:00:00+00:00,23121.16667
2023-10-15 13:00:00+00:00,21750.16667
2023-10-15 14:00:00+00:00,20533.5
2023-10-15 15:00:00+00:00,20582.33333
2023-10-15 16:00:00+00:00,20766.83333
2023-10-15 17:00:00+00:00,22944.83333
2023-10-15 18:00:00+00:00,22980.5
2023-10-15 19:00:00+00:00,22593.5
2023-10-15 20:00:00+00:00,22111.91667
2023-10-15 21:00:00+00:00,20847.91667
2023-10-15 22:00:00+00:00,18947.33333
2023-10-15 23:00:00+00:00,18116.66667
2023-10-16 00:00:00+00:00,17954.16667
2023-10-16 01:00:00+00:00,17596.5
2023-10-16 02:00:00+00:00,17420.58333
2023-10-16 03:00:00+00:00,18042.91667
2023-10-16 04:00:00+00:00,21375.83333
2023-10-16 05:00:00+00:00,25557.33333
2023-10-16 06:00:00+00:00,26804.91667
2023-10-16 07:00:00+00:00,27570.58333
2023-10-16 08:00:00+00:00,27989.41667
2023-10-16 09:00:00+00:00,27646.16667
2023-10-16 10:00:00+00:00,28287.66667
2023-10-16 11:00:00+00:00,27868.58333
2023-10-16 12:00:00+00:00,26857.83333
2023-10-16 13:00:00+00:00,26441.75
2023-10-16 14:00:00+00:00,26836.83333
2023-10-16 15:00:00+00:00,27614.58333
2023-10-16 16:00:00+00:00,28028.16667
2023-10-16 17:00:00+00:00,28795.25
2023-10-16 18:00:00+00:00,28824.66667
2023-10-16 19:00:00+00:00,27456.08333
2023-10-16 20:00:00+00:00,24867.25
2023-10-16 21:00:00+00:00,22568.08333
2023-10-16 22:00:00+00:00,20841.08333
2023-10-16 23:00:00+00:00,20142.66667
2023-10-17 00:00:00+00:00,19812.41667
2023-10-17 01:00:00+00:00,19948.41667
2023-10-17 02:00:00+00:00,19775
2023-10-17 03:00:00+00:00,21137.91667
2023-10-17 04:00:00+00:00,23427.08333
2023-10-17 05:00:00+00:00,26242.83333
2023-10-17 06:00:00+00:00,28363.33333
2023-10-17 07:00:00+00:00,29371.33333
2023-10-17 08:00:00+00:00,30571.58333
2023-10-17 09:00:00+00:00,31884.83333
2023-10-17 10:00:00+00:00,32862.83333
2023-10-17 11:00:00+00:00,33320.66667
2023-10-17 12:00:00+00:00,32731.41667
2023-10-17 13:00:00+00:00,32275.08333
2023-10-17 14:00:00+00:00,32555.08333
2023-10-17 15:00:00+00:00,33014.41667
2023-10-17 16:00:00+00:00,32402.91667
2023-10-17 17:00:00+00:00,32040.83333
2023-10-17 18:00:00+00:00,33127.83333
2023-10-17 19:00:00+00:00,31418.08333
2023-10-17 20:00:00+00:00,28103.75
2023-10-17 21:00:00+00:00,26000.58333
2023-10-17 22:00:00+00:00,24896.58333
2023-10-17 23:00:00+00:00,23522.08333
2023-10-18 00:00:00+00:00,23036.83333
2023-10-18 01:00:00+00:00,22593.08333
2023-10-18 02:00:00+00:00,22736.16667
2023-10-18 03:00:00+00:00,22984.33333
2023-10-18 04:00:00+00:00,24476.58333
2023-10-18 05:00:00+00:00,28328.58333
2023-10-18 06:00:00+00:00,30156.08333
2023-10-18 07:00:00+00:00,31056.91667
2023-10-18 08:00:00+00:00,32709.58333
2023-10-18 09:00:00+00:00,32803.25
2023-10-18 10:00:00+00:00,32216.16667
2023-10-18 11:00:00+00:00,32356.33333
2023-10-18 12:00:00+00:00,32152.75
2023-10-18 13:00:00+00:00,32915.83333
2023-10-18 14:00:00+00:00,32441.5
2023-10-18 15:00:00+00:00,31014.16667
2023-10-18 16:00:00+00:00,30489.33333
2023-10-18 17:00:00+00:00,30208.58333
2023-10-18 18:00:00+00:00,30441.66667
2023-10-18 19:00:00+00:00,29729.5
2023-10-18 20:00:00+00:00,27262.83333
2023-10-18 21:00:00+00:00,24821.33333
2023-10-18 22:00:00+00:00,23749.75
2023-10-18 23:00:00+00:00,22719
2023-10-19 00:00:00+00:00,22189.5
2023-10-19 01:00:00+00:00,22165.33333
2023-10-19 02:00:00+00:00,22033.75
2023-10-19 03:00:00+00:00,23102.75
2023-10-19 04:00:00+00:00,25289.75
2023-10-19 05:00:00+00:00,28405.16667
2023-10-19 06:00:00+00:00,29535
2023-10-19 07:00:00+00:00,30177.66667
2023-10-19 08:00:00+00:00,31732.25
2023-10-19 09:00:00+00:00,32414.25
2023-10-19 10:00:00+00:00,32585
2023-10-19 11:00:00+00:00,32794.91667
2023-10-19 12:00:00+00:00,32875.41667
2023-10-19 13:00:00+00:00,31616.25
2023-10-19 14:00:00+00:00,31141.66667
2023-10-19 15:00:00+00:00,31467.5
2023-10-19 16:00:00+00:00,31234
2023-10-19 17:00:00+00:00,31608.25
2023-10-19 18:00:00+00:00,33241.66667
2023-10-19 19:00:00+00:00,32473.75
2023-10-19 20:00:00+00:00,29180.16667
2023-10-19 21:00:00+00:00,26193.83333
2023-10-19 22:00:00+00:00,25840.08333
2023-10-19 23:00:00+00:00,24901.91667
2023-10-20 00:00:00+00:00,23881.08333
2023-10-20 01:00:00+00:00,23717.91667
2023-10-20 02:00:00+00:00,23407.08333
2023-10-20 03:00:00+00:00,23811.16667
2023-10-20 04:00:00+00:00,25966.91667
2023-10-20 05:00:00+00:00,27881.66667
2023-10-20 06:00:00+00:00,28951.25
2023-10-20 07:00:00+00:00,30095
2023-10-20 08:00:00+00:00,31571.75
2023-10-20 09:00:00+00:00,31785.75
2023-10-20 10:00:00+00:00,32141.58333
2023-10-20 11:00:00+00:00,32240.08333
2023-10-20 12:00:00+00:00,31057.66667
2023-10-20 13:00:00+00:00,30677.16667
2023-10-20 14:00:00+00:00,30439.83333
2023-10-20 15:00:00+00:00,31473.16667
2023-10-20 16:00:00+00:00,30655.33333
2023-10-20 17:00:00+00:00,30858.25
2023-10-20 18:00:00+00:00,31959.41667
2023-10-20 19:00:00+00:00,31219.08333
2023-10-20 20:00:00+00:00,28845.58333
2023-10-20 21:00:00+00:00,27114.66667
2023-10-20 22:00:00+00:00,26082
2023-10-20 23:00:00+00:00,24024.41667
2023-10-21 00:00:00+00:00,23560.75
2023-10-21 01:00:00+00:00,22122.5
2023-10-21 02:00:00+00:00,20967.83333
2023-10-21 03:00:00+00:00,20394.75
2023-10-21 04:00:00+00:00,21179.5
2023-10-21 05:00:00+00:00,21794.83333
2023-10-21 06:00:00+00:00,22044.25
2023-10-21 07:00:00+00:00,23657.25
2023-10-21 08:00:00+00:00,25497.75
2023-10-21 09:00:00+00:00,26078.91667
2023-10-21 10:00:00+00:00,25231
2023-10-21 11:00:00+00:00,24682.08333
2023-10-21 12:00:00+00:00,24257.75
2023-10-21 13:00:00+00:00,23508.83333
2023-10-21 14:00:00+00:00,22808.58333
2023-10-21 15:00:00+00:00,21724.83333
2023-10-21 16:00:00+00:00,21712.91667
2023-10-21 17:00:00+00:00,21840
2023-10-21 18:00:00+00:00,22478.16667
2023-10-21 19:00:00+00:00,22144.08333
2023-10-21 20:00:00+00:00,20659.75
2023-10-21 21:00:00+00:00,18683.5
2023-10-21 22:00:00+00:00,17220.58333
2023-10-21 23:00:00+00:00,15983.66667
2023-10-22 00:00:00+00:00,15522
2023-10-22 01:00:00+00:00,15266.58333
2023-10-22 02:00:00+00:00,14871.83333
2023-10-22 03:00:00+00:00,14772.08333
2023-10-22 04:00:00+00:00,15197.08333
2023-10-22 05:00:00+00:00,15976.66667
2023-10-22 06:00:00+00:00,16928
2023-10-22 07:00:00+00:00,18531
2023-10-22 08:00:00+00:00,20395.83333
2023-10-22 09:00:00+00:00,21346.25
2023-10-22 10:00:00+00:00,22451.33333
2023-10-22 11:00:00+00:00,23058.66667
2023-10-22 12:00:00+00:00,23612.33333
2023-10-22 13:00:00+00:00,22555
2023-10-22 14:00:00+00:00,23879
2023-10-22 15:00:00+00:00,24471.83333
2023-10-22 16:00:00+00:00,24743
2023-10-22 17:00:00+00:00,26116.91667
2023-10-22 18:00:00+00:00,27759.83333
2023-10-22 19:00:00+00:00,28165.91667
2023-10-22 20:00:00+00:00,26631.58333
2023-10-22 21:00:00+00:00,25685.16667
2023-10-22 22:00:00+00:00,23754.08333
2023-10-22 23:00:00+00:00,22191.08333
2023-10-23 00:00:00+00:00,21077.58333
2023-10-23 01:00:00+00:00,20419.75
2023-10-23 02:00:00+00:00,20003.5
2023-10-23 03:00:00+00:00,20641.33333
2023-10-23 04:00:00+00:00,22296.75
2023-10-23 05:00:00+00:00,24965.58333
2023-10-23 06:00:00+00:00,27654.25
2023-10-23 07:00:00+00:00,28363.5
2023-10-23 08:00:00+00:00,28956.41667
2023-10-23 09:00:00+00:00,28734.66667
2023-10-23 10:00:00+00:00,28636.91667
2023-10-23 11:00:00+00:00,29028.41667
2023-10-23 12:00:00+00:00,27859.75
2023-10-23 13:00:00+00:00,27130.41667
2023-10-23 14:00:00+00:00,27287.5
2023-10-23 15:00:00+00:00,26771.83333
2023-10-23 16:00:00+00:00,27319.83333
2023-10-23 17:00:00+00:00,26797.41667
2023-10-23 18:00:00+00:00,27861.25
2023-10-23 19:00:00+00:00,27507.75
2023-10-23 20:00:00+00:00,25322.16667
2023-10-23 21:00:00+00:00,23029.5
2023-10-23 22:00:00+00:00,20894.5
2023-10-23 23:00:00+00:00,20279.66667
2023-10-24 00:00:00+00:00,19732.66667
2023-10-24 01:00:00+00:00,19781.5
2023-10-24 02:00:00+00:00,20072.08333
2023-10-24 03:00:00+00:00,20894.58333
2023-10-24 04:00:00+00:00,23321.08333
2023-10-24 05:00:00+00:00,27088.83333
2023-10-24 06:00:00+00:00,27657.08333
2023-10-24 07:00:00+00:00,30175.83333
2023-10-24 08:00:00+00:00,31025.5
2023-10-24 09:00:00+00:00,31150.08333
2023-10-24 10:00:00+00:00,31237
2023-10-24 11:00:00+00:00,31190.25
2023-10-24 12:00:00+00:00,30954.5
2023-10-24 13:00:00+00:00,31088.33333
2023-10-24 14:00:00+00:00,30729.91667
2023-10-24 15:00:00+00:00,30465.58333
2023-10-24 16:00:00+00:00,30400.33333
2023-10-24 17:00:00+00:00,31191.5
2023-10-24 18:00:00+00:00,33036.5
2023-10-24 19:00:00+00:00,32242
2023-10-24 20:00:00+00:00,29141.58333
2023-10-24 21:00:00+00:00,27473.66667
2023-10-24 22:00:00+00:00,25882.41667
2023-10-24 23:00:00+00:00,24282.41667
2023-10-25 00:00:00+00:00,23349.58333
2023-10-25 01:00:00+00:00,23029.91667
2023-10-25 02:00:00+00:00,22616.33333
2023-10-25 03:00:00+00:00,23372.41667
2023-10-25 04:00:00+00:00,25364.66667
2023-10-25 05:00:00+00:00,28898.08333
2023-10-25 06:00:00+00:00,29863.66667
2023-10-25 07:00:00+00:00,31151.41667
2023-10-25 08:00:00+00:00,32088.5
2023-10-25 09:00:00+00:00,32307.25
2023-10-25 10:00:00+00:00,32210.83333
2023-10-25 11:00:00+00:00,32652.33333
2023-10-25 12:00:00+00:00,32240.58333
2023-10-25 13:00:00+00:00,31905.41667
2023-10-25 14:00:00+00:00,31384.58333
2023-10-25 15:00:00+00:00,31121.83333
2023-10-25 16:00:00+00:00,30959.25
2023-10-25 17:00:00+00:00,31284.33333
2023-10-25 18:00:00+00:00,32078.58333
2023-10-25 19:00:00+00:00,31588.41667
2023-10-25 20:00:00+00:00,29060.91667
2023-10-25 21:00:00+00:00,27542.91667
2023-10-25 22:00:00+00:00,25773.33333
2023-10-25 23:00:00+00:00,24199.91667
2023-10-26 00:00:00+00:00,23243
2023-10-26 01:00:00+00:00,22276.91667
2023-10-26 02:00:00+00:00,22628.08333
2023-10-26 03:00:00+00:00,22840.08333
2023-10-26 04:00:00+00:00,24453.58333
2023-10-26 05:00:00+00:00,27304.16667
2023-10-26 06:00:00+00:00,29096.83333
2023-10-26 07:00:00+00:00,30291.08333
2023-10-26 08:00:00+00:00,30517.66667
2023-10-26 09:00:00+00:00,31559.16667
2023-10-26 10:00:00+00:00,31250.25
2023-10-26 11:00:00+00:00,32216.91667
2023-10-26 12:00:00+00:00,31232
2023-10-26 13:00:00+00:00,31196.58333
2023-10-26 14:00:00+00:00,31227.66667
2023-10-26 15:00:00+00:00,31236.58333
2023-10-26 16:00:00+00:00,31157.75
2023-10-26 17:00:00+00:00,32625.91667
2023-10-26 18:00:00+00:00,34608.41667
2023-10-26 19:00:00+00:00,34412.83333
2023-10-26 20:00:00+00:00,31056.25
2023-10-26 21:00:00+00:00,28177.16667
2023-10-26 22:00:00+00:00,25802.08333
2023-10-26 23:00:00+00:00,24007.91667
2023-10-27 00:00:00+00:00,23808.16667
2023-10-27 01:00:00+00:00,23415.83333
2023-10-27 02:00:00+00:00,22584.66667
2023-10-27 03:00:00+00:00,23161.83333
2023-10-27 04:00:00+00:00,24479.75
2023-10-27 05:00:00+00:00,27870.33333
2023-10-27 06:00:00+00:00,29597.08333
2023-10-27 07:00:00+00:00,29985.5
2023-10-27 08:00:00+00:00,31061.16667
2023-10-27 09:00:00+00:00,31099.33333
2023-10-27 10:00:00+00:00,30650.08333
2023-10-27 11:00:00+00:00,30141.5
2023-10-27 12:00:00+00:00,29174.16667
2023-10-27 13:00:00+00:00,28842.41667
2023-10-27 14:00:00+00:00,28757.75
2023-10-27 15:00:00+00:00,29753.91667
2023-10-27 16:00:00+00:00,29285.16667
2023-10-27 17:00:00+00:00,29721.66667
2023-10-27 18:00:00+00:00,30856.25
2023-10-27 19:00:00+00:00,30129.5
2023-10-27 20:00:00+00:00,27991.66667
2023-10-27 21:00:00+00:00,26324.5
2023-10-27 22:00:00+00:00,24195.5
2023-10-27 23:00:00+00:00,22622
2023-10-28 00:00:00+00:00,21484.91667
2023-10-28 01:00:00+00:00,20221.91667
2023-10-28 02:00:00+00:00,20260.33333
2023-10-28 03:00:00+00:00,20055
2023-10-28 04:00:00+00:00,20536.25
2023-10-28 05:00:00+00:00,21754.25
2023-10-28 06:00:00+00:00,23517.33333
2023-10-28 07:00:00+00:00,24770.5
2023-10-28 08:00:00+00:00,25540.16667
2023-10-28 09:00:00+00:00,25245.16667
2023-10-28 10:00:00+00:00,25028.33333
2023-10-28 11:00:00+00:00,25308.33333
2023-10-28 12:00:00+00:00,25276.5
2023-10-28 13:00:00+00:00,24251
2023-10-28 14:00:00+00:00,24080.41667
2023-10-28 15:00:00+00:00,23317
2023-10-28 16:00:00+00:00,24278.33333
2023-10-28 17:00:00+00:00,25533.25
2023-10-28 18:00:00+00:00,26887.41667
2023-10-28 19:00:00+00:00,26858.08333
2023-10-28 20:00:00+00:00,25510.25
2023-10-28 21:00:00+00:00,24181.25
2023-10-28 22:00:00+00:00,22403.91667
2023-10-28 23:00:00+00:00,20705.66667
2023-10-29 00:00:00+00:00,18645.66667
2023-10-29 01:00:00+00:00,18244.91667
2023-10-29 02:00:00+00:00,18079.83333
2023-10-29 03:00:00+00:00,17215.33333
2023-10-29 04:00:00+00:00,17557.41667
2023-10-29 05:00:00+00:00,17931.66667
2023-10-29 06:00:00+00:00,18217.75
2023-10-29 07:00:00+00:00,19437.25
2023-10-29 08:00:00+00:00,21401.66667
2023-10-29 09:00:00+00:00,22318.16667
2023-10-29 10:00:00+00:00,23707
2023-10-29 11:00:00+00:00,24660.75
2023-10-29 12:00:00+00:00,24514.16667
2023-10-29 13:00:00+00:00,25472.83333
2023-10-29 14:00:00+00:00,24572.66667
2023-10-29 15:00:00+00:00,23893.75
2023-10-29 16:00:00+00:00,24153.75
2023-10-29 17:00:00+00:00,25580.58333
2023-10-29 18:00:00+00:00,25686
2023-10-29 19:00:00+00:00,24708.83333
2023-10-29 20:00:00+00:00,24637.16667
2023-10-29 21:00:00+00:00,24346.75
2023-10-29 22:00:00+00:00,23046.58333
2023-10-29 23:00:00+00:00,20031.08333
2023-10-30 00:00:00+00:00,20445.91667
2023-10-30 01:00:00+00:00,20011.91667
2023-10-30 02:00:00+00:00,19889.66667
2023-10-30 03:00:00+00:00,20024.16667
2023-10-30 04:00:00+00:00,20531.5
2023-10-30 05:00:00+00:00,22666.91667
2023-10-30 06:00:00+00:00,25782.16667
2023-10-30 07:00:00+00:00,27237.75
2023-10-30 08:00:00+00:00,28565.41667
2023-10-30 09:00:00+00:00,29220.66667
2023-10-30 10:00:00+00:00,29310.25
2023-10-30 11:00:00+00:00,29727.41667
2023-10-30 12:00:00+00:00,30794.25
2023-10-30 13:00:00+00:00,31146
2023-10-30 14:00:00+00:00,31423.66667
2023-10-30 15:00:00+00:00,30967.08333
2023-10-30 16:00:00+00:00,30998.25
2023-10-30 17:00:00+00:00,32339.16667
2023-10-30 18:00:00+00:00,33616.66667
2023-10-30 19:00:00+00:00,33856.75
2023-10-30 20:00:00+00:00,32797.08333
2023-10-30 21:00:00+00:00,30159.83333
2023-10-30 22:00:00+00:00,27687.08333
2023-10-30 23:00:00+00:00,25348.75
2023-10-31 00:00:00+00:00,24015.16667
2023-10-31 01:00:00+00:00,22891.58333
2023-10-31 02:00:00+00:00,22285.33333
2023-10-31 03:00:00+00:00,21453.41667
2023-10-31 04:00:00+00:00,22643.58333
2023-10-31 05:00:00+00:00,24294.33333
2023-10-31 06:00:00+00:00,26670.25
2023-10-31 07:00:00+00:00,27914.66667
2023-10-31 08:00:00+00:00,28979.66667
2023-10-31 09:00:00+00:00,29428.58333
2023-10-31 10:00:00+00:00,29757.08333
2023-10-31 11:00:00+00:00,28606.5
2023-10-31 12:00:00+00:00,28552.66667
2023-10-31 13:00:00+00:00,28985.16667
2023-10-31 14:00:00+00:00,28704.08333
2023-10-31 15:00:00+00:00,28095.08333
2023-10-31 16:00:00+00:00,28209.75
2023-10-31 17:00:00+00:00,28591.83333
2023-10-31 18:00:00+00:00,28678.83333
2023-10-31 19:00:00+00:00,28134.16667
2023-10-31 20:00:00+00:00,28195.91667
2023-10-31 21:00:00+00:00,26258.58333
2023-10-31 22:00:00+00:00,24484.75
2023-10-31 23:00:00+00:00,22927.83333
2023-11-01 00:00:00+00:00,21828.33333
2023-11-01 01:00:00+00:00,21264
2023-11-01 02:00:00+00:00,21019
2023-11-01 03:00:00+00:00,20102.83333
2023-11-01 04:00:00+00:00,20486.41667
2023-11-01 05:00:00+00:00,21242.33333
2023-11-01 06:00:00+00:00,22786.83333
2023-11-01 07:00:00+00:00,23743.08333
2023-11-01 08:00:00+00:00,24844.5
2023-11-01 09:00:00+00:00,25947.91667
2023-11-01 10:00:00+00:00,25725.83333
2023-11-01 11:00:00+00:00,25453.25
2023-11-01 12:00:00+00:00,25281.25
2023-11-01 13:00:00+00:00,24952.58333
2023-11-01 14:00:00+00:00,24295.5
2023-11-01 15:00:00+00:00,23789.5
2023-11-01 16:00:00+00:00,24592.83333
2023-11-01 17:00:00+00:00,26051.91667
2023-11-01 18:00:00+00:00,27158.16667
2023-11-01 19:00:00+00:00,26911.33333
2023-11-01 20:00:00+00:00,26383.75
2023-11-01 21:00:00+00:00,24716.75
2023-11-01 22:00:00+00:00,23511.66667
2023-11-01 23:00:00+00:00,22094.41667
2023-11-02 00:00:00+00:00,20553
2023-11-02 01:00:00+00:00,18182
2023-11-02 02:00:00+00:00,17287.83333
2023-11-02 03:00:00+00:00,17708.58333
2023-11-02 04:00:00+00:00,18285.58333
2023-11-02 05:00:00+00:00,22064.58333
2023-11-02 06:00:00+00:00,25875.41667
2023-11-02 07:00:00+00:00,28298.75
2023-11-02 08:00:00+00:00,29074.75
2023-11-02 09:00:00+00:00,29819.58333
2023-11-02 10:00:00+00:00,29966.66667
2023-11-02 11:00:00+00:00,29886.41667
2023-11-02 12:00:00+00:00,29870.16667
2023-11-02 13:00:00+00:00,29914
2023-11-02 14:00:00+00:00,29375.16667
2023-11-02 15:00:00+00:00,29384.08333
2023-11-02 16:00:00+00:00,29974.33333
2023-11-02 17:00:00+00:00,31164.91667
2023-11-02 18:00:00+00:00,32300.75
2023-11-02 19:00:00+00:00,32420
2023-11-02 20:00:00+00:00,31121.66667
2023-11-02 21:00:00+00:00,28836.91667
2023-11-02 22:00:00+00:00,25903
2023-11-02 23:00:00+00:00,23376.83333
2023-11-03 00:00:00+00:00,22478.16667
2023-11-03 01:00:00+00:00,21539
2023-11-03 02:00:00+00:00,21240.5
2023-11-03 03:00:00+00:00,21277.25
2023-11-03 04:00:00+00:00,21487.33333
2023-11-03 05:00:00+00:00,23378.66667
2023-11-03 06:00:00+00:00,26746.75
2023-11-03 07:00:00+00:00,29183.91667
2023-11-03 08:00:00+00:00,29682.58333
2023-11-03 09:00:00+00:00,29392.58333
2023-11-03 10:00:00+00:00,28891
2023-11-03 11:00:00+00:00,28668.08333
2023-11-03 12:00:00+00:00,28812.91667
2023-11-03 13:00:00+00:00,28698.25
2023-11-03 14:00:00+00:00,29065.33333
2023-11-03 15:00:00+00:00,29406.58333
2023-11-03 16:00:00+00:00,30086.33333
2023-11-03 17:00:00+00:00,30368.33333
2023-11-03 18:00:00+00:00,31237.5
2023-11-03 19:00:00+00:00,31840.58333
2023-11-03 20:00:00+00:00,30462.16667
2023-11-03 21:00:00+00:00,27790.75
2023-11-03 22:00:00+00:00,25724.5
2023-11-03 23:00:00+00:00,23161.75
2023-11-04 00:00:00+00:00,20803.33333
2023-11-04 01:00:00+00:00,19998.66667
2023-11-04 02:00:00+00:00,19364
2023-11-04 03:00:00+00:00,18799.33333
2023-11-04 04:00:00+00:00,19104.91667
2023-11-04 05:00:00+00:00,19356.66667
2023-11-04 06:00:00+00:00,20255
2023-11-04 07:00:00+00:00,21506.5
2023-11-04 08:00:00+00:00,23087.5
2023-11-04 09:00:00+00:00,24362.91667
2023-11-04 10:00:00+00:00,25043.58333
2023-11-04 11:00:00+00:00,25437.91667
2023-11-04 12:00:00+00:00,25490
2023-11-04 13:00:00+00:00,25398
2023-11-04 14:00:00+00:00,24420.08333
2023-11-04 15:00:00+00:00,23671
2023-11-04 16:00:00+00:00,23895.25
2023-11-04 17:00:00+00:00,25589.66667
2023-11-04 18:00:00+00:00,26084.75
2023-11-04 19:00:00+00:00,26641.75
2023-11-04 20:00:00+00:00,26041.75
2023-11-04 21:00:00+00:00,24774.08333
2023-11-04 22:00:00+00:00,23976.08333
2023-11-04 23:00:00+00:00,22232.5
2023-11-05 00:00:00+00:00,21233
2023-11-05 01:00:00+00:00,20033.58333
2023-11-05 02:00:00+00:00,19712.58333
2023-11-05 03:00:00+00:00,19305.08333
2023-11-05 04:00:00+00:00,19176.25
2023-11-05 05:00:00+00:00,19429.75
2023-11-05 06:00:00+00:00,19749.16667
2023-11-05 07:00:00+00:00,20738
2023-11-05 08:00:00+00:00,22081.25
2023-11-05 09:00:00+00:00,23119
2023-11-05 10:00:00+00:00,23947.66667
2023-11-05 11:00:00+00:00,24126.66667
2023-11-05 12:00:00+00:00,24713.41667
2023-11-05 13:00:00+00:00,24558.5
2023-11-05 14:00:00+00:00,23656.41667
2023-11-05 15:00:00+00:00,23191.08333
2023-11-05 16:00:00+00:00,23084.58333
2023-11-05 17:00:00+00:00,24764.41667
2023-11-05 18:00:00+00:00,25930.91667
2023-11-05 19:00:00+00:00,26332.75
2023-11-05 20:00:00+00:00,25677.58333
2023-11-05 21:00:00+00:00,24390.16667
2023-11-05 22:00:00+00:00,23322.16667
2023-11-05 23:00:00+00:00,20410
2023-11-06 00:00:00+00:00,19235.33333
2023-11-06 01:00:00+00:00,18461.16667
2023-11-06 02:00:00+00:00,17307.16667
2023-11-06 03:00:00+00:00,18042.41667
2023-11-06 04:00:00+00:00,19846.16667
2023-11-06 05:00:00+00:00,23441.41667
2023-11-06 06:00:00+00:00,26735.16667
2023-11-06 07:00:00+00:00,28121.91667
2023-11-06 08:00:00+00:00,29380.91667
2023-11-06 09:00:00+00:00,29134.58333
2023-11-06 10:00:00+00:00,29268.75
2023-11-06 11:00:00+00:00,29774
2023-11-06 12:00:00+00:00,30620.16667
2023-11-06 13:00:00+00:00,30607.58333
2023-11-06 14:00:00+00:00,30671.66667
2023-11-06 15:00:00+00:00,29945
2023-11-06 16:00:00+00:00,29878.25
2023-11-06 17:00:00+00:00,29956.33333
2023-11-06 18:00:00+00:00,30298.25
2023-11-06 19:00:00+00:00,29559.75
2023-11-06 20:00:00+00:00,29282.08333
2023-11-06 21:00:00+00:00,28556.33333
2023-11-06 22:00:00+00:00,26311.5
2023-11-06 23:00:00+00:00,23333.58333
2023-11-07 00:00:00+00:00,21496.83333
2023-11-07 01:00:00+00:00,20773.91667
2023-11-07 02:00:00+00:00,20237.83333
2023-11-07 03:00:00+00:00,20055.83333
2023-11-07 04:00:00+00:00,22249.41667
2023-11-07 05:00:00+00:00,23974.66667
2023-11-07 06:00:00+00:00,27074.66667
2023-11-07 07:00:00+00:00,28366.33333
2023-11-07 08:00:00+00:00,29354.5
2023-11-07 09:00:00+00:00,29427.41667
2023-11-07 10:00:00+00:00,29330.91667
2023-11-07 11:00:00+00:00,29038.08333
2023-11-07 12:00:00+00:00,30376.41667
2023-11-07 13:00:00+00:00,30914.75
2023-11-07 14:00:00+00:00,30694.91667
2023-11-07 15:00:00+00:00,29969.5
2023-11-07 16:00:00+00:00,29570.58333
2023-11-07 17:00:00+00:00,29305.16667
2023-11-07 18:00:00+00:00,29109.41667
2023-11-07 19:00:00+00:00,29145
2023-11-07 20:00:00+00:00,28124.91667
2023-11-07 21:00:00+00:00,26490.66667
2023-11-07 22:00:00+00:00,25289.25
2023-11-07 23:00:00+00:00,23694.75
2023-11-08 00:00:00+00:00,21018.33333
2023-11-08 01:00:00+00:00,20108.16667
2023-11-08 02:00:00+00:00,19487.58333
2023-11-08 03:00:00+00:00,19089.33333
2023-11-08 04:00:00+00:00,19875
2023-11-08 05:00:00+00:00,24526.25
2023-11-08 06:00:00+00:00,27340.91667
2023-11-08 07:00:00+00:00,28565.16667
2023-11-08 08:00:00+00:00,29513.25
2023-11-08 09:00:00+00:00,29514.66667
2023-11-08 10:00:00+00:00,29235.16667
2023-11-08 11:00:00+00:00,29692.75
2023-11-08 12:00:00+00:00,30322.91667
2023-11-08 13:00:00+00:00,30453
2023-11-08 14:00:00+00:00,30095.08333
2023-11-08 15:00:00+00:00,29038.25
2023-11-08 16:00:00+00:00,29436.83333
2023-11-08 17:00:00+00:00,30549.91667
2023-11-08 18:00:00+00:00,29865.91667
2023-11-08 19:00:00+00:00,28815.25
2023-11-08 20:00:00+00:00,27504.75
2023-11-08 21:00:00+00:00,26748.33333
2023-11-08 22:00:00+00:00,25960.08333
2023-11-08 23:00:00+00:00,24154.25
2023-11-09 00:00:00+00:00,23704.91667
2023-11-09 01:00:00+00:00,23044.33333
2023-11-09 02:00:00+00:00,22455.33333
2023-11-09 03:00:00+00:00,22587.91667
2023-11-09 04:00:00+00:00,23276.91667
2023-11-09 05:00:00+00:00,24737.83333
2023-11-09 06:00:00+00:00,27313.33333
2023-11-09 07:00:00+00:00,29283.41667
2023-11-09 08:00:00+00:00,30671.16667
2023-11-09 09:00:00+00:00,31595.5
2023-11-09 10:00:00+00:00,31953.58333
2023-11-09 11:00:00+00:00,32276.08333
2023-11-09 12:00:00+00:00,32838.08333
2023-11-09 13:00:00+00:00,32834.91667
2023-11-09 14:00:00+00:00,32823.25
2023-11-09 15:00:00+00:00,31265.83333
2023-11-09 16:00:00+00:00,30668.91667
2023-11-09 17:00:00+00:00,31512.41667
2023-11-09 18:00:00+00:00,31891.75
2023-11-09 19:00:00+00:00,31391.08333
2023-11-09 20:00:00+00:00,30425.5
2023-11-09 21:00:00+00:00,29445.83333
2023-11-09 22:00:00+00:00,27510.83333
2023-11-09 23:00:00+00:00,26301.91667
2023-11-10 00:00:00+00:00,25255.41667
2023-11-10 01:00:00+00:00,24678.75
2023-11-10 02:00:00+00:00,24636.91667
2023-11-10 03:00:00+00:00,24465.5
2023-11-10 04:00:00+00:00,24949.16667
2023-11-10 05:00:00+00:00,27084.33333
2023-11-10 06:00:00+00:00,29275.66667
2023-11-10 07:00:00+00:00,30985.33333
2023-11-10 08:00:00+00:00,33016.08333
2023-11-10 09:00:00+00:00,33560.33333
2023-11-10 10:00:00+00:00,33802.33333
2023-11-10 11:00:00+00:00,33764.25
2023-11-10 12:00:00+00:00,34366.58333
2023-11-10 13:00:00+00:00,34303.83333
2023-11-10 14:00:00+00:00,34061.58333
2023-11-10 15:00:00+00:00,33910.83333
2023-11-10 16:00:00+00:00,32591.33333
2023-11-10 17:00:00+00:00,32072
2023-11-10 18:00:00+00:00,31693.25
2023-11-10 19:00:00+00:00,31851.33333
2023-11-10 20:00:00+00:00,31118.16667
2023-11-10 21:00:00+00:00,29522.91667
2023-11-10 22:00:00+00:00,28204.41667
2023-11-10 23:00:00+00:00,26764.66667
2023-11-11 00:00:00+00:00,25396.83333
2023-11-11 01:00:00+00:00,24293.58333
2023-11-11 02:00:00+00:00,23730.75
2023-11-11 03:00:00+00:00,23277.58333
2023-11-11 04:00:00+00:00,23156.08333
2023-11-11 05:00:00+00:00,23624.5
2023-11-11 06:00:00+00:00,24586.75
2023-11-11 07:00:00+00:00,26049.41667
2023-11-11 08:00:00+00:00,27843.83333
2023-11-11 09:00:00+00:00,29436.25
2023-11-11 10:00:00+00:00,28880.91667
2023-11-11 11:00:00+00:00,28651.91667
2023-11-11 12:00:00+00:00,29440.83333
2023-11-11 13:00:00+00:00,29324
2023-11-11 14:00:00+00:00,28128.5
2023-11-11 15:00:00+00:00,27652.08333
2023-11-11 16:00:00+00:00,28063
2023-11-11 17:00:00+00:00,29389.91667
2023-11-11 18:00:00+00:00,29695.58333
2023-11-11 19:00:00+00:00,30039.58333
2023-11-11 20:00:00+00:00,30047.33333
2023-11-11 21:00:00+00:00,28435.75
2023-11-11 22:00:00+00:00,27055.08333
2023-11-11 23:00:00+00:00,24752.16667
2023-11-12 00:00:00+00:00,23341.66667
2023-11-12 01:00:00+00:00,22264.08333
2023-11-12 02:00:00+00:00,21853.66667
2023-11-12 03:00:00+00:00,21746.08333
2023-11-12 04:00:00+00:00,21340.58333
2023-11-12 05:00:00+00:00,21822.33333
2023-11-12 06:00:00+00:00,22500.66667
2023-11-12 07:00:00+00:00,23575
2023-11-12 08:00:00+00:00,25066.41667
2023-11-12 09:00:00+00:00,26457.25
2023-11-12 10:00:00+00:00,26785.75
2023-11-12 11:00:00+00:00,26779.08333
2023-11-12 12:00:00+00:00,27454.83333
2023-11-12 13:00:00+00:00,27119.83333
2023-11-12 14:00:00+00:00,26210.91667
2023-11-12 15:00:00+00:00,25775
2023-11-12 16:00:00+00:00,25285.41667
2023-11-12 17:00:00+00:00,26365.41667
2023-11-12 18:00:00+00:00,26602.83333
2023-11-12 19:00:00+00:00,27132.75
2023-11-12 20:00:00+00:00,26932.75
2023-11-12 21:00:00+00:00,25794.75
2023-11-12 22:00:00+00:00,24765.08333
2023-11-12 23:00:00+00:00,22920.91667
2023-11-13 00:00:00+00:00,21681.25
2023-11-13 01:00:00+00:00,21071.91667
2023-11-13 02:00:00+00:00,20829.66667
2023-11-13 03:00:00+00:00,21040.91667
2023-11-13 04:00:00+00:00,21682.91667
2023-11-13 05:00:00+00:00,24448.5
2023-11-13 06:00:00+00:00,27499
2023-11-13 07:00:00+00:00,28308.5
2023-11-13 08:00:00+00:00,29963
2023-11-13 09:00:00+00:00,31063.41667
2023-11-13 10:00:00+00:00,31183.83333
2023-11-13 11:00:00+00:00,31779.75
2023-11-13 12:00:00+00:00,32101.41667
2023-11-13 13:00:00+00:00,31961.25
2023-11-13 14:00:00+00:00,32004.25
2023-11-13 15:00:00+00:00,30595.16667
2023-11-13 16:00:00+00:00,30450.25
2023-11-13 17:00:00+00:00,30791.16667
2023-11-13 18:00:00+00:00,30497.83333
2023-11-13 19:00:00+00:00,29924.08333
2023-11-13 20:00:00+00:00,29750.83333
2023-11-13 21:00:00+00:00,27919
2023-11-13 22:00:00+00:00,25725.5
2023-11-13 23:00:00+00:00,22290
2023-11-14 00:00:00+00:00,21327.58333
2023-11-14 01:00:00+00:00,20234.91667
2023-11-14 02:00:00+00:00,19523.58333
2023-11-14 03:00:00+00:00,19016.5
2023-11-14 04:00:00+00:00,19520.41667
2023-11-14 05:00:00+00:00,23798.5
2023-11-14 06:00:00+00:00,28198.58333
2023-11-14 07:00:00+00:00,30154.08333
2023-11-14 08:00:00+00:00,30726.66667
2023-11-14 09:00:00+00:00,31640.25
2023-11-14 10:00:00+00:00,32486.41667
2023-11-14 11:00:00+00:00,31845.08333
2023-11-14 12:00:00+00:00,32012.41667
2023-11-14 13:00:00+00:00,31981.25
2023-11-14 14:00:00+00:00,32001.91667
2023-11-14 15:00:00+00:00,31723.91667
2023-11-14 16:00:00+00:00,29427.5
2023-11-14 17:00:00+00:00,29758.08333
2023-11-14 18:00:00+00:00,30690
2023-11-14 19:00:00+00:00,30533.91667
2023-11-14 20:00:00+00:00,29571.08333
2023-11-14 21:00:00+00:00,27063.75
2023-11-14 22:00:00+00:00,25123.75
2023-11-14 23:00:00+00:00,22292.25
2023-11-15 00:00:00+00:00,20874.83333
2023-11-15 01:00:00+00:00,19443.41667
2023-11-15 02:00:00+00:00,18809.5
2023-11-15 03:00:00+00:00,18646.25
2023-11-15 04:00:00+00:00,19487.91667
2023-11-15 05:00:00+00:00,22114.33333
2023-11-15 06:00:00+00:00,25042.83333
2023-11-15 07:00:00+00:00,27388.16667
2023-11-15 08:00:00+00:00,29329.16667
2023-11-15 09:00:00+00:00,29497
2023-11-15 10:00:00+00:00,29800.08333
2023-11-15 11:00:00+00:00,29926
2023-11-15 12:00:00+00:00,30721
2023-11-15 13:00:00+00:00,30591
2023-11-15 14:00:00+00:00,30446.58333
2023-11-15 15:00:00+00:00,30907.58333
2023-11-15 16:00:00+00:00,30730.66667
2023-11-15 17:00:00+00:00,30741.83333
2023-11-15 18:00:00+00:00,31155.66667
2023-11-15 19:00:00+00:00,30529.83333
2023-11-15 20:00:00+00:00,28953.5
2023-11-15 21:00:00+00:00,28218.58333
2023-11-15 22:00:00+00:00,25983.16667
2023-11-15 23:00:00+00:00,24772.41667
2023-11-16 00:00:00+00:00,22893.83333
2023-11-16 01:00:00+00:00,22579.16667
2023-11-16 02:00:00+00:00,22147.25
2023-11-16 03:00:00+00:00,22779.83333
2023-11-16 04:00:00+00:00,23987.33333
2023-11-16 05:00:00+00:00,26327.5
2023-11-16 06:00:00+00:00,27828.66667
2023-11-16 07:00:00+00:00,29142.5
2023-11-16 08:00:00+00:00,30351.16667
2023-11-16 09:00:00+00:00,31464.25
2023-11-16 10:00:00+00:00,30153.66667
2023-11-16 11:00:00+00:00,30745.16667
2023-11-16 12:00:00+00:00,31228.16667
2023-11-16 13:00:00+00:00,31737.58333
2023-11-16 14:00:00+00:00,30914.66667
2023-11-16 15:00:00+00:00,30064.25
2023-11-16 16:00:00+00:00,29721.58333
2023-11-16 17:00:00+00:00,30175.33333
2023-11-16 18:00:00+00:00,30096.66667
2023-11-16 19:00:00+00:00,30104.83333
2023-11-16 20:00:00+00:00,29629.33333
2023-11-16 21:00:00+00:00,29251.66667
2023-11-16 22:00:00+00:00,25270.66667
2023-11-16 23:00:00+00:00,23062.66667
2023-11-17 00:00:00+00:00,22319.58333
2023-11-17 01:00:00+00:00,21066.75
2023-11-17 02:00:00+00:00,21024.08333
2023-11-17 03:00:00+00:00,21004.5
2023-11-17 04:00:00+00:00,21921.41667
2023-11-17 05:00:00+00:00,24747.33333
2023-11-17 06:00:00+00:00,27066.41667
2023-11-17 07:00:00+00:00,28884.75
2023-11-17 08:00:00+00:00,30346.58333
2023-11-17 09:00:00+00:00,30489.5
2023-11-17 10:00:00+00:00,31989
2023-11-17 11:00:00+00:00,32314.33333
2023-11-17 12:00:00+00:00,31746.41667
2023-11-17 13:00:00+00:00,31503.41667
2023-11-17 14:00:00+00:00,32047.83333
2023-11-17 15:00:00+00:00,31613.25
2023-11-17 16:00:00+00:00,30425.16667
2023-11-17 17:00:00+00:00,30073.91667
2023-11-17 18:00:00+00:00,29347.75
2023-11-17 19:00:00+00:00,28637.41667
2023-11-17 20:00:00+00:00,27717.66667
2023-11-17 21:00:00+00:00,26329.25
2023-11-17 22:00:00+00:00,24935.33333
2023-11-17 23:00:00+00:00,23328.41667
2023-11-18 00:00:00+00:00,22762.83333
2023-11-18 01:00:00+00:00,21720.83333
2023-11-18 02:00:00+00:00,20302.33333
2023-11-18 03:00:00+00:00,20103.08333
2023-11-18 04:00:00+00:00,20346.16667
2023-11-18 05:00:00+00:00,20762.83333
2023-11-18 06:00:00+00:00,21037.83333
2023-11-18 07:00:00+00:00,21621.08333
2023-11-18 08:00:00+00:00,24774.16667
2023-11-18 09:00:00+00:00,27438.16667
2023-11-18 10:00:00+00:00,27419.91667
2023-11-18 11:00:00+00:00,27528.75
2023-11-18 12:00:00+00:00,27373.66667
2023-11-18 13:00:00+00:00,27442.25
2023-11-18 14:00:00+00:00,27986.66667
2023-11-18 15:00:00+00:00,27216.25
2023-11-18 16:00:00+00:00,25475.66667
2023-11-18 17:00:00+00:00,23903.16667
2023-11-18 18:00:00+00:00,23985.91667
2023-11-18 19:00:00+00:00,24747.66667
2023-11-18 20:00:00+00:00,23810.75
2023-11-18 21:00:00+00:00,22389.41667
2023-11-18 22:00:00+00:00,21468.41667
2023-11-18 23:00:00+00:00,19320
2023-11-19 00:00:00+00:00,18132.25
2023-11-19 01:00:00+00:00,17294.5
2023-11-19 02:00:00+00:00,16839.58333
2023-11-19 03:00:00+00:00,16388.5
2023-11-19 04:00:00+00:00,16313.08333
2023-11-19 05:00:00+00:00,16495.25
2023-11-19 06:00:00+00:00,16947.5
2023-11-19 07:00:00+00:00,17951.91667
2023-11-19 08:00:00+00:00,19989.08333
2023-11-19 09:00:00+00:00,22206.16667
2023-11-19 10:00:00+00:00,22559.5
2023-11-19 11:00:00+00:00,23014.16667
2023-11-19 12:00:00+00:00,23469.25
2023-11-19 13:00:00+00:00,23665.25
2023-11-19 14:00:00+00:00,22743.75
2023-11-19 15:00:00+00:00,22308
2023-11-19 16:00:00+00:00,21643
2023-11-19 17:00:00+00:00,22059.75
2023-11-19 18:00:00+00:00,23085.5
2023-11-19 19:00:00+00:00,23889.91667
2023-11-19 20:00:00+00:00,23743.41667
2023-11-19 21:00:00+00:00,22011.75
2023-11-19 22:00:00+00:00,20108.41667
2023-11-19 23:00:00+00:00,18642.25
2023-11-20 00:00:00+00:00,17890.41667
2023-11-20 01:00:00+00:00,17296.83333
2023-11-20 02:00:00+00:00,17139
2023-11-20 03:00:00+00:00,17257.41667
2023-11-20 04:00:00+00:00,18002.08333
2023-11-20 05:00:00+00:00,20446.5
2023-11-20 06:00:00+00:00,24705.83333
2023-11-20 07:00:00+00:00,26519.33333
2023-11-20 08:00:00+00:00,29694.58333
2023-11-20 09:00:00+00:00,31083.25
2023-11-20 10:00:00+00:00,31384.66667
2023-11-20 11:00:00+00:00,31452.83333
2023-11-20 12:00:00+00:00,32320.41667
2023-11-20 13:00:00+00:00,32618.75
2023-11-20 14:00:00+00:00,32645.66667
2023-11-20 15:00:00+00:00,31933.41667
2023-11-20 16:00:00+00:00,30585
2023-11-20 17:00:00+00:00,32052.83333
2023-11-20 18:00:00+00:00,32804.83333
2023-11-20 19:00:00+00:00,33811.58333
2023-11-20 20:00:00+00:00,32998.16667
2023-11-20 21:00:00+00:00,30702.5
2023-11-20 22:00:00+00:00,28451.66667
2023-11-20 23:00:00+00:00,25543.66667
2023-11-21 00:00:00+00:00,24194.66667
2023-11-21 01:00:00+00:00,23335.75
2023-11-21 02:00:00+00:00,23265.75
2023-11-21 03:00:00+00:00,23226.75
2023-11-21 04:00:00+00:00,23424.16667
2023-11-21 05:00:00+00:00,25884.33333
2023-11-21 06:00:00+00:00,29139.5
2023-11-21 07:00:00+00:00,31117.5
2023-11-21 08:00:00+00:00,31845.41667
2023-11-21 09:00:00+00:00,32603.41667
2023-11-21 10:00:00+00:00,32862.58333
2023-11-21 11:00:00+00:00,33330.41667
2023-11-21 12:00:00+00:00,33495.75
2023-11-21 13:00:00+00:00,33252.75
2023-11-21 14:00:00+00:00,33384.25
2023-11-21 15:00:00+00:00,33225.91667
2023-11-21 16:00:00+00:00,32486.91667
2023-11-21 17:00:00+00:00,34579.75
2023-11-21 18:00:00+00:00,35594.33333
2023-11-21 19:00:00+00:00,35414.33333
2023-11-21 20:00:00+00:00,34719.66667
2023-11-21 21:00:00+00:00,31722.25
2023-11-21 22:00:00+00:00,29860.58333
2023-11-21 23:00:00+00:00,27516.66667
2023-11-22 00:00:00+00:00,26051.33333
2023-11-22 01:00:00+00:00,25160.83333
2023-11-22 02:00:00+00:00,25014
2023-11-22 03:00:00+00:00,25024.33333
2023-11-22 04:00:00+00:00,25209
2023-11-22 05:00:00+00:00,26577
2023-11-22 06:00:00+00:00,29763.16667
2023-11-22 07:00:00+00:00,32112.25
2023-11-22 08:00:00+00:00,32608.91667
2023-11-22 09:00:00+00:00,34340.16667
2023-11-22 10:00:00+00:00,34419.41667
2023-11-22 11:00:00+00:00,34342.91667
2023-11-22 12:00:00+00:00,34601.58333
2023-11-22 13:00:00+00:00,34595.91667
2023-11-22 14:00:00+00:00,34757.83333
2023-11-22 15:00:00+00:00,34061.41667
2023-11-22 16:00:00+00:00,33349.5
2023-11-22 17:00:00+00:00,34606.5
2023-11-22 18:00:00+00:00,35361.58333
2023-11-22 19:00:00+00:00,35664.33333
2023-11-22 20:00:00+00:00,34053.91667
2023-11-22 21:00:00+00:00,30787.08333
2023-11-22 22:00:00+00:00,27907.66667
2023-11-22 23:00:00+00:00,26672.25
2023-11-23 00:00:00+00:00,25227.58333
2023-11-23 01:00:00+00:00,24145.08333
2023-11-23 02:00:00+00:00,23746.5
2023-11-23 03:00:00+00:00,23291.66667
2023-11-23 04:00:00+00:00,24227.25
2023-11-23 05:00:00+00:00,26465.58333
2023-11-23 06:00:00+00:00,29483.33333
2023-11-23 07:00:00+00:00,30813.91667
2023-11-23 08:00:00+00:00,32544.08333
2023-11-23 09:00:00+00:00,33309.41667
2023-11-23 10:00:00+00:00,33218.33333
2023-11-23 11:00:00+00:00,33175.75
2023-11-23 12:00:00+00:00,33142
2023-11-23 13:00:00+00:00,33994.91667
2023-11-23 14:00:00+00:00,33816.5
2023-11-23 15:00:00+00:00,33568.16667
2023-11-23 16:00:00+00:00,33823.91667
2023-11-23 17:00:00+00:00,35058.25
2023-11-23 18:00:00+00:00,36445.91667
2023-11-23 19:00:00+00:00,35601.25
2023-11-23 20:00:00+00:00,34710
2023-11-23 21:00:00+00:00,32827.41667
2023-11-23 22:00:00+00:00,28941.91667
2023-11-23 23:00:00+00:00,25536
2023-11-24 00:00:00+00:00,23967.08333
2023-11-24 01:00:00+00:00,23293.75
2023-11-24 02:00:00+00:00,22787.25
2023-11-24 03:00:00+00:00,22152
2023-11-24 04:00:00+00:00,22753.91667
2023-11-24 05:00:00+00:00,27049.16667
2023-11-24 06:00:00+00:00,30585.75
2023-11-24 07:00:00+00:00,33160.33333
2023-11-24 08:00:00+00:00,35268.75
2023-11-24 09:00:00+00:00,35230.91667
2023-11-24 10:00:00+00:00,33960.33333
2023-11-24 11:00:00+00:00,33891.5
2023-11-24 12:00:00+00:00,33816.58333
2023-11-24 13:00:00+00:00,33701.41667
2023-11-24 14:00:00+00:00,34265.41667
2023-11-24 15:00:00+00:00,33061.58333
2023-11-24 16:00:00+00:00,32290.25
2023-11-24 17:00:00+00:00,33331.41667
2023-11-24 18:00:00+00:00,33952.25
2023-11-24 19:00:00+00:00,33614.66667
2023-11-24 20:00:00+00:00,32765.58333
2023-11-24 21:00:00+00:00,30848.83333
2023-11-24 22:00:00+00:00,28912.5
2023-11-24 23:00:00+00:00,25999.41667
2023-11-25 00:00:00+00:00,25007.5
2023-11-25 01:00:00+00:00,24171.41667
2023-11-25 02:00:00+00:00,23712.75
2023-11-25 03:00:00+00:00,23409.16667
2023-11-25 04:00:00+00:00,23504.25
2023-11-25 05:00:00+00:00,24320.16667
2023-11-25 06:00:00+00:00,24998.25
2023-11-25 07:00:00+00:00,26201.25
2023-11-25 08:00:00+00:00,29424.08333
2023-11-25 09:00:00+00:00,30221.08333
2023-11-25 10:00:00+00:00,30257.66667
2023-11-25 11:00:00+00:00,29438.33333
2023-11-25 12:00:00+00:00,29424.41667
2023-11-25 13:00:00+00:00,29405.83333
2023-11-25 14:00:00+00:00,29322.58333
2023-11-25 15:00:00+00:00,28473.75
2023-11-25 16:00:00+00:00,27750.33333
2023-11-25 17:00:00+00:00,27038
2023-11-25 18:00:00+00:00,27156
2023-11-25 19:00:00+00:00,26546.83333
2023-11-25 20:00:00+00:00,26438.33333
2023-11-25 21:00:00+00:00,25246.58333
2023-11-25 22:00:00+00:00,23818.08333
2023-11-25 23:00:00+00:00,22241.08333
2023-11-26 00:00:00+00:00,20816.75
2023-11-26 01:00:00+00:00,20305.33333
2023-11-26 02:00:00+00:00,19704.41667
2023-11-26 03:00:00+00:00,19245.66667
2023-11-26 04:00:00+00:00,18970.91667
2023-11-26 05:00:00+00:00,20182.25
2023-11-26 06:00:00+00:00,20888.25
2023-11-26 07:00:00+00:00,22297.5
2023-11-26 08:00:00+00:00,25615.75
2023-11-26 09:00:00+00:00,26838.58333
2023-11-26 10:00:00+00:00,27183.83333
2023-11-26 11:00:00+00:00,27334.33333
2023-11-26 12:00:00+00:00,27567
2023-11-26 13:00:00+00:00,28841.16667
2023-11-26 14:00:00+00:00,28112.91667
2023-11-26 15:00:00+00:00,27509.91667
2023-11-26 16:00:00+00:00,25629.5
2023-11-26 17:00:00+00:00,26687.66667
2023-11-26 18:00:00+00:00,26866.41667
2023-11-26 19:00:00+00:00,27256.83333
2023-11-26 20:00:00+00:00,26664.58333
2023-11-26 21:00:00+00:00,26048.66667
2023-11-26 22:00:00+00:00,24681
2023-11-26 23:00:00+00:00,23245.66667
2023-11-27 00:00:00+00:00,22769.25
2023-11-27 01:00:00+00:00,21953.33333
2023-11-27 02:00:00+00:00,22033.66667
2023-11-27 03:00:00+00:00,22415.91667
2023-11-27 04:00:00+00:00,23881.16667
2023-11-27 05:00:00+00:00,26626.41667
2023-11-27 06:00:00+00:00,29159.16667
2023-11-27 07:00:00+00:00,31123
2023-11-27 08:00:00+00:00,33294.25
2023-11-27 09:00:00+00:00,33628.08333
2023-11-27 10:00:00+00:00,34391.41667
2023-11-27 11:00:00+00:00,34762.08333
2023-11-27 12:00:00+00:00,35338.41667
2023-11-27 13:00:00+00:00,34759.91667
2023-11-27 14:00:00+00:00,34580.5
2023-11-27 15:00:00+00:00,34586
2023-11-27 16:00:00+00:00,33842.16667
2023-11-27 17:00:00+00:00,35497.58333
2023-11-27 18:00:00+00:00,34692.25
2023-11-27 19:00:00+00:00,34086
2023-11-27 20:00:00+00:00,33011.41667
2023-11-27 21:00:00+00:00,31584.75
2023-11-27 22:00:00+00:00,28957.75
2023-11-27 23:00:00+00:00,27480.33333
2023-11-28 00:00:00+00:00,25655
2023-11-28 01:00:00+00:00,24512.83333
2023-11-28 02:00:00+00:00,23940.41667
2023-11-28 03:00:00+00:00,23813.41667
2023-11-28 04:00:00+00:00,25935.66667
2023-11-28 05:00:00+00:00,28066.5
2023-11-28 06:00:00+00:00,30600.66667
2023-11-28 07:00:00+00:00,32926.66667
2023-11-28 08:00:00+00:00,34302.91667
2023-11-28 09:00:00+00:00,34622
2023-11-28 10:00:00+00:00,34818.83333
2023-11-28 11:00:00+00:00,34499.66667
2023-11-28 12:00:00+00:00,34804.66667
2023-11-28 13:00:00+00:00,34499.75
2023-11-28 14:00:00+00:00,33969.41667
2023-11-28 15:00:00+00:00,32534.83333
2023-11-28 16:00:00+00:00,32470
2023-11-28 17:00:00+00:00,33493.66667
2023-11-28 18:00:00+00:00,33856.25
2023-11-28 19:00:00+00:00,34234
2023-11-28 20:00:00+00:00,33126.25
2023-11-28 21:00:00+00:00,30706.5
2023-11-28 22:00:00+00:00,28661.75
2023-11-28 23:00:00+00:00,27020.25
2023-11-29 00:00:00+00:00,25675.83333
2023-11-29 01:00:00+00:00,24203.41667
2023-11-29 02:00:00+00:00,23804.16667
2023-11-29 03:00:00+00:00,24242.33333
2023-11-29 04:00:00+00:00,24713.91667
2023-11-29 05:00:00+00:00,25655.5
2023-11-29 06:00:00+00:00,28957.66667
2023-11-29 07:00:00+00:00,31174
2023-11-29 08:00:00+00:00,31797.33333
2023-11-29 09:00:00+00:00,32060.5
2023-11-29 10:00:00+00:00,33759.83333
2023-11-29 11:00:00+00:00,33800.5
2023-11-29 12:00:00+00:00,34323.66667
2023-11-29 13:00:00+00:00,34138
2023-11-29 14:00:00+00:00,33870.83333
2023-11-29 15:00:00+00:00,32880.16667
2023-11-29 16:00:00+00:00,32398.83333
2023-11-29 17:00:00+00:00,33149.25
2023-11-29 18:00:00+00:00,34104
2023-11-29 19:00:00+00:00,35143.33333
2023-11-29 20:00:00+00:00,35374.5
2023-11-29 21:00:00+00:00,31791.5
2023-11-29 22:00:00+00:00,29315.75
2023-11-29 23:00:00+00:00,27920.08333
2023-11-30 00:00:00+00:00,26983.5
2023-11-30 01:00:00+00:00,26059.08333
2023-11-30 02:00:00+00:00,25709.41667
2023-11-30 03:00:00+00:00,25628.41667
2023-11-30 04:00:00+00:00,25864.16667
2023-11-30 05:00:00+00:00,27960
2023-11-30 06:00:00+00:00,29657.58333
2023-11-30 07:00:00+00:00,31435.16667
2023-11-30 08:00:00+00:00,32586.75
2023-11-30 09:00:00+00:00,33190.41667
2023-11-30 10:00:00+00:00,33460.33333
2023-11-30 11:00:00+00:00,33600.41667
2023-11-30 12:00:00+00:00,34616.75
2023-11-30 13:00:00+00:00,34980
2023-11-30 14:00:00+00:00,34797
2023-11-30 15:00:00+00:00,34629.5
2023-11-30 16:00:00+00:00,34147.5
2023-11-30 17:00:00+00:00,34639.58333
2023-11-30 18:00:00+00:00,35054.16667
2023-11-30 19:00:00+00:00,35396.33333
2023-11-30 20:00:00+00:00,34363.41667
2023-11-30 21:00:00+00:00,31654.33333
2023-11-30 22:00:00+00:00,29443.58333
2023-11-30 23:00:00+00:00,28265.41667
2023-12-01 00:00:00+00:00,26022.5
2023-12-01 01:00:00+00:00,24686.16667
2023-12-01 02:00:00+00:00,24283.33333
2023-12-01 03:00:00+00:00,24217.58333
2023-12-01 04:00:00+00:00,24528.91667
2023-12-01 05:00:00+00:00,27454.5
2023-12-01 06:00:00+00:00,29582
2023-12-01 07:00:00+00:00,30177.66667
2023-12-01 08:00:00+00:00,30688.75
2023-12-01 09:00:00+00:00,31712.25
2023-12-01 10:00:00+00:00,32964.66667
2023-12-01 11:00:00+00:00,34601.08333
2023-12-01 12:00:00+00:00,34683.83333
2023-12-01 13:00:00+00:00,34614.5
2023-12-01 14:00:00+00:00,35000.66667
2023-12-01 15:00:00+00:00,33616.58333
2023-12-01 16:00:00+00:00,33372.16667
2023-12-01 17:00:00+00:00,33942.25
2023-12-01 18:00:00+00:00,34922.08333
2023-12-01 19:00:00+00:00,34991.66667
2023-12-01 20:00:00+00:00,34284.16667
2023-12-01 21:00:00+00:00,32133.33333
2023-12-01 22:00:00+00:00,30758.75
2023-12-01 23:00:00+00:00,29425.66667
2023-12-02 00:00:00+00:00,28151.66667
2023-12-02 01:00:00+00:00,26976.66667
2023-12-02 02:00:00+00:00,26403.83333
2023-12-02 03:00:00+00:00,25745.91667
2023-12-02 04:00:00+00:00,25210.83333
2023-12-02 05:00:00+00:00,25499.91667
2023-12-02 06:00:00+00:00,25495.83333
2023-12-02 07:00:00+00:00,25908.75
2023-12-02 08:00:00+00:00,28240.25
2023-12-02 09:00:00+00:00,30246.5
2023-12-02 10:00:00+00:00,30949.16667
2023-12-02 11:00:00+00:00,31311.5
2023-12-02 12:00:00+00:00,31220.16667
2023-12-02 13:00:00+00:00,31275.33333
2023-12-02 14:00:00+00:00,31078.33333
2023-12-02 15:00:00+00:00,30903.41667
2023-12-02 16:00:00+00:00,29296.41667
2023-12-02 17:00:00+00:00,30086.58333
2023-12-02 18:00:00+00:00,30763.91667
2023-12-02 19:00:00+00:00,30559.83333
2023-12-02 20:00:00+00:00,29758.75
2023-12-02 21:00:00+00:00,28919.91667
2023-12-02 22:00:00+00:00,26789.16667
2023-12-02 23:00:00+00:00,25872
2023-12-03 00:00:00+00:00,24860.58333
2023-12-03 01:00:00+00:00,24481.91667
2023-12-03 02:00:00+00:00,23316.08333
2023-12-03 03:00:00+00:00,23292.58333
2023-12-03 04:00:00+00:00,22822.58333
2023-12-03 05:00:00+00:00,23443.91667
2023-12-03 06:00:00+00:00,23360.08333
2023-12-03 07:00:00+00:00,23782.91667
2023-12-03 08:00:00+00:00,25385.75
2023-12-03 09:00:00+00:00,26835.91667
2023-12-03 10:00:00+00:00,28297.25
2023-12-03 11:00:00+00:00,28196.75
2023-12-03 12:00:00+00:00,28803.5
2023-12-03 13:00:00+00:00,29452.41667
2023-12-03 14:00:00+00:00,29316.33333
2023-12-03 15:00:00+00:00,28682.58333
2023-12-03 16:00:00+00:00,27138.25
2023-12-03 17:00:00+00:00,29394.16667
2023-12-03 18:00:00+00:00,30225.33333
2023-12-03 19:00:00+00:00,31155.5
2023-12-03 20:00:00+00:00,31278.33333
2023-12-03 21:00:00+00:00,29749.08333
2023-12-03 22:00:00+00:00,27452.83333
2023-12-03 23:00:00+00:00,25743.33333
2023-12-04 00:00:00+00:00,24980.75
2023-12-04 01:00:00+00:00,24798.16667
2023-12-04 02:00:00+00:00,24932.33333
2023-12-04 03:00:00+00:00,24248.16667
2023-12-04 04:00:00+00:00,25029.08333
2023-12-04 05:00:00+00:00,27330
2023-12-04 06:00:00+00:00,30494.25
2023-12-04 07:00:00+00:00,32908.41667
2023-12-04 08:00:00+00:00,34682.75
2023-12-04 09:00:00+00:00,35744.08333
2023-12-04 10:00:00+00:00,36323.25
2023-12-04 11:00:00+00:00,36740.5
2023-12-04 12:00:00+00:00,37240
2023-12-04 13:00:00+00:00,37202
2023-12-04 14:00:00+00:00,36205.66667
2023-12-04 15:00:00+00:00,34825
2023-12-04 16:00:00+00:00,34167.75
2023-12-04 17:00:00+00:00,35148.91667
2023-12-04 18:00:00+00:00,35341.75
2023-12-04 19:00:00+00:00,34458.16667
2023-12-04 20:00:00+00:00,33980.08333
2023-12-04 21:00:00+00:00,32646.25
2023-12-04 22:00:00+00:00,30142.58333
2023-12-04 23:00:00+00:00,27863.5
2023-12-05 00:00:00+00:00,26735.25
2023-12-05 01:00:00+00:00,25260.83333
2023-12-05 02:00:00+00:00,24599.33333
2023-12-05 03:00:00+00:00,23665.91667
2023-12-05 04:00:00+00:00,23663.25
2023-12-05 05:00:00+00:00,25388.25
2023-12-05 06:00:00+00:00,28235.83333
2023-12-05 07:00:00+00:00,30120.25
2023-12-05 08:00:00+00:00,31561.33333
2023-12-05 09:00:00+00:00,32256.41667
2023-12-05 10:00:00+00:00,32764.41667
2023-12-05 11:00:00+00:00,32868.08333
2023-12-05 12:00:00+00:00,32906.5
2023-12-05 13:00:00+00:00,33534
2023-12-05 14:00:00+00:00,33425.75
2023-12-05 15:00:00+00:00,32551.16667
2023-12-05 16:00:00+00:00,33169.91667
2023-12-05 17:00:00+00:00,33283.75
2023-12-05 18:00:00+00:00,32770.66667
2023-12-05 19:00:00+00:00,32400.58333
2023-12-05 20:00:00+00:00,31023.5
2023-12-05 21:00:00+00:00,29781.41667
2023-12-05 22:00:00+00:00,26558.58333
2023-12-05 23:00:00+00:00,24817.41667
2023-12-06 00:00:00+00:00,23822.75
2023-12-06 01:00:00+00:00,22739.66667
2023-12-06 02:00:00+00:00,22417.75
2023-12-06 03:00:00+00:00,22493.16667
2023-12-06 04:00:00+00:00,23411.58333
2023-12-06 05:00:00+00:00,25063.08333
2023-12-06 06:00:00+00:00,26053.25
2023-12-06 07:00:00+00:00,26965.83333
2023-12-06 08:00:00+00:00,28337.83333
2023-12-06 09:00:00+00:00,30194
2023-12-06 10:00:00+00:00,31409.83333
2023-12-06 11:00:00+00:00,31657
2023-12-06 12:00:00+00:00,32133.41667
2023-12-06 13:00:00+00:00,33001.33333
2023-12-06 14:00:00+00:00,31668.41667
2023-12-06 15:00:00+00:00,30304.41667
2023-12-06 16:00:00+00:00,30135.33333
2023-12-06 17:00:00+00:00,31251
2023-12-06 18:00:00+00:00,31037.25
2023-12-06 19:00:00+00:00,31962.58333
2023-12-06 20:00:00+00:00,32271.75
2023-12-06 21:00:00+00:00,31208.91667
2023-12-06 22:00:00+00:00,29189.83333
2023-12-06 23:00:00+00:00,26008.66667
2023-12-07 00:00:00+00:00,24636
2023-12-07 01:00:00+00:00,23241.08333
2023-12-07 02:00:00+00:00,22446.83333
2023-12-07 03:00:00+00:00,22210.75
2023-12-07 04:00:00+00:00,22596.08333
2023-12-07 05:00:00+00:00,23280.58333
2023-12-07 06:00:00+00:00,25064
2023-12-07 07:00:00+00:00,27296.83333
2023-12-07 08:00:00+00:00,29993.58333
2023-12-07 09:00:00+00:00,31861
2023-12-07 10:00:00+00:00,31813.91667
2023-12-07 11:00:00+00:00,31331.41667
2023-12-07 12:00:00+00:00,31789.41667
2023-12-07 13:00:00+00:00,32249.25
2023-12-07 14:00:00+00:00,32164.08333
2023-12-07 15:00:00+00:00,31340.91667
2023-12-07 16:00:00+00:00,31967.83333
2023-12-07 17:00:00+00:00,33386
2023-12-07 18:00:00+00:00,33836.25
2023-12-07 19:00:00+00:00,33664.75
2023-12-07 20:00:00+00:00,32497.66667
2023-12-07 21:00:00+00:00,30914.08333
2023-12-07 22:00:00+00:00,29707.5
2023-12-07 23:00:00+00:00,27224.66667
2023-12-08 00:00:00+00:00,25487
2023-12-08 01:00:00+00:00,24772.58333
2023-12-08 02:00:00+00:00,24094.91667
2023-12-08 03:00:00+00:00,24449.5
2023-12-08 04:00:00+00:00,24554.58333
2023-12-08 05:00:00+00:00,25329.16667
2023-12-08 06:00:00+00:00,26118.41667
2023-12-08 07:00:00+00:00,26730.66667
2023-12-08 08:00:00+00:00,29049.16667
2023-12-08 09:00:00+00:00,30785.5
2023-12-08 10:00:00+00:00,31341
2023-12-08 11:00:00+00:00,31988.66667
2023-12-08 12:00:00+00:00,32312.5
2023-12-08 13:00:00+00:00,32478.83333
2023-12-08 14:00:00+00:00,31885.25
2023-12-08 15:00:00+00:00,29607.91667
2023-12-08 16:00:00+00:00,27970.58333
2023-12-08 17:00:00+00:00,29332.83333
2023-12-08 18:00:00+00:00,30226.16667
2023-12-08 19:00:00+00:00,30773.91667
2023-12-08 20:00:00+00:00,31081.33333
2023-12-08 21:00:00+00:00,29338
2023-12-08 22:00:00+00:00,28093.08333
2023-12-08 23:00:00+00:00,26461.16667
2023-12-09 00:00:00+00:00,25178.83333
2023-12-09 01:00:00+00:00,24205.16667
2023-12-09 02:00:00+00:00,23673.66667
2023-12-09 03:00:00+00:00,23832
2023-12-09 04:00:00+00:00,24009.75
2023-12-09 05:00:00+00:00,24049.5
2023-12-09 06:00:00+00:00,25160.08333
2023-12-09 07:00:00+00:00,25966.41667
2023-12-09 08:00:00+00:00,26964.33333
2023-12-09 09:00:00+00:00,29945.58333
2023-12-09 10:00:00+00:00,30444.75
2023-12-09 11:00:00+00:00,30905.83333
2023-12-09 12:00:00+00:00,31634.83333
2023-12-09 13:00:00+00:00,31938.41667
2023-12-09 14:00:00+00:00,31153.33333
2023-12-09 15:00:00+00:00,29693.41667
2023-12-09 16:00:00+00:00,29381.83333
2023-12-09 17:00:00+00:00,29569
2023-12-09 18:00:00+00:00,29559.66667
2023-12-09 19:00:00+00:00,28929.91667
2023-12-09 20:00:00+00:00,28013.58333
2023-12-09 21:00:00+00:00,27822.16667
2023-12-09 22:00:00+00:00,26526.16667
2023-12-09 23:00:00+00:00,24450.08333
2023-12-10 00:00:00+00:00,22649.33333
2023-12-10 01:00:00+00:00,21574.75
2023-12-10 02:00:00+00:00,20518.83333
2023-12-10 03:00:00+00:00,19776
2023-12-10 04:00:00+00:00,20073.58333
2023-12-10 05:00:00+00:00,20715.16667
2023-12-10 06:00:00+00:00,21883.08333
2023-12-10 07:00:00+00:00,23143.75
2023-12-10 08:00:00+00:00,25496.41667
2023-12-10 09:00:00+00:00,26708.25
2023-12-10 10:00:00+00:00,27941.91667
2023-12-10 11:00:00+00:00,28718.58333
2023-12-10 12:00:00+00:00,29308.08333
2023-12-10 13:00:00+00:00,29369.5
2023-12-10 14:00:00+00:00,29398.25
2023-12-10 15:00:00+00:00,27953.25
2023-12-10 16:00:00+00:00,26875
2023-12-10 17:00:00+00:00,28436.08333
2023-12-10 18:00:00+00:00,29416.91667
2023-12-10 19:00:00+00:00,29432.41667
2023-12-10 20:00:00+00:00,29057.83333
2023-12-10 21:00:00+00:00,28467.16667
2023-12-10 22:00:00+00:00,26709.41667
2023-12-10 23:00:00+00:00,24107.66667
2023-12-11 00:00:00+00:00,23260
2023-12-11 01:00:00+00:00,22445.91667
2023-12-11 02:00:00+00:00,21833.5
2023-12-11 03:00:00+00:00,21487.91667
2023-12-11 04:00:00+00:00,23681
2023-12-11 05:00:00+00:00,27581.5
2023-12-11 06:00:00+00:00,29718.16667
2023-12-11 07:00:00+00:00,30975.41667
2023-12-11 08:00:00+00:00,32612.25
2023-12-11 09:00:00+00:00,34144.83333
2023-12-11 10:00:00+00:00,34087.41667
2023-12-11 11:00:00+00:00,33892.41667
2023-12-11 12:00:00+00:00,34383.41667
2023-12-11 13:00:00+00:00,34152.83333
2023-12-11 14:00:00+00:00,33614.33333
2023-12-11 15:00:00+00:00,32306.41667
2023-12-11 16:00:00+00:00,31689.25
2023-12-11 17:00:00+00:00,31714.08333
2023-12-11 18:00:00+00:00,32545.08333
2023-12-11 19:00:00+00:00,32494.58333
2023-12-11 20:00:00+00:00,32201.58333
2023-12-11 21:00:00+00:00,30405.66667
2023-12-11 22:00:00+00:00,28789.5
2023-12-11 23:00:00+00:00,27503.66667
2023-12-12 00:00:00+00:00,26870.08333
2023-12-12 01:00:00+00:00,25803.33333
2023-12-12 02:00:00+00:00,25449.75
2023-12-12 03:00:00+00:00,25153.58333
2023-12-12 04:00:00+00:00,25862.91667
2023-12-12 05:00:00+00:00,28120.16667
2023-12-12 06:00:00+00:00,31177.91667
2023-12-12 07:00:00+00:00,32221.16667
2023-12-12 08:00:00+00:00,34226.91667
2023-12-12 09:00:00+00:00,34078.41667
2023-12-12 10:00:00+00:00,34647.58333
2023-12-12 11:00:00+00:00,35243.33333
2023-12-12 12:00:00+00:00,35960.16667
2023-12-12 13:00:00+00:00,36278.83333
2023-12-12 14:00:00+00:00,35967.16667
2023-12-12 15:00:00+00:00,35279
2023-12-12 16:00:00+00:00,35774.25
2023-12-12 17:00:00+00:00,35879.5
2023-12-12 18:00:00+00:00,36372.83333
2023-12-12 19:00:00+00:00,36953.25
2023-12-12 20:00:00+00:00,36930.83333
2023-12-12 21:00:00+00:00,34181
2023-12-12 22:00:00+00:00,31292.41667
2023-12-12 23:00:00+00:00,29188.16667
2023-12-13 00:00:00+00:00,27634.08333
2023-12-13 01:00:00+00:00,26886.16667
2023-12-13 02:00:00+00:00,26695.25
2023-12-13 03:00:00+00:00,26492.5
2023-12-13 04:00:00+00:00,26831.75
2023-12-13 05:00:00+00:00,28577.08333
2023-12-13 06:00:00+00:00,32182.58333
2023-12-13 07:00:00+00:00,33383.08333
2023-12-13 08:00:00+00:00,33859.66667
2023-12-13 09:00:00+00:00,35267.5
2023-12-13 10:00:00+00:00,36161.41667
2023-12-13 11:00:00+00:00,36267.08333
2023-12-13 12:00:00+00:00,35702.5
2023-12-13 13:00:00+00:00,35373.83333
2023-12-13 14:00:00+00:00,35268.66667
2023-12-13 15:00:00+00:00,35323
2023-12-13 16:00:00+00:00,35173.08333
2023-12-13 17:00:00+00:00,36415
2023-12-13 18:00:00+00:00,37032.41667
2023-12-13 19:00:00+00:00,37790.41667
2023-12-13 20:00:00+00:00,36835.83333
2023-12-13 21:00:00+00:00,34244.33333
2023-12-13 22:00:00+00:00,31740.08333
2023-12-13 23:00:00+00:00,29591.83333
2023-12-14 00:00:00+00:00,28402.16667
2023-12-14 01:00:00+00:00,27404
2023-12-14 02:00:00+00:00,26510.41667
2023-12-14 03:00:00+00:00,26193
2023-12-14 04:00:00+00:00,26503
2023-12-14 05:00:00+00:00,28428.25
2023-12-14 06:00:00+00:00,31551.33333
2023-12-14 07:00:00+00:00,34142.41667
2023-12-14 08:00:00+00:00,35703.83333
2023-12-14 09:00:00+00:00,36074.25
2023-12-14 10:00:00+00:00,36828
2023-12-14 11:00:00+00:00,36905
2023-12-14 12:00:00+00:00,36421
2023-12-14 13:00:00+00:00,36457.25
2023-12-14 14:00:00+00:00,36380.08333
2023-12-14 15:00:00+00:00,35673.41667
2023-12-14 16:00:00+00:00,35290.91667
2023-12-14 17:00:00+00:00,35749.5
2023-12-14 18:00:00+00:00,36555.83333
2023-12-14 19:00:00+00:00,36862.83333
2023-12-14 20:00:00+00:00,35705.83333
2023-12-14 21:00:00+00:00,32914.41667
2023-12-14 22:00:00+00:00,30280
2023-12-14 23:00:00+00:00,28525.33333
2023-12-15 00:00:00+00:00,27397.58333
2023-12-15 01:00:00+00:00,26551.08333
2023-12-15 02:00:00+00:00,25870.75
2023-12-15 03:00:00+00:00,26191
2023-12-15 04:00:00+00:00,26241.33333
2023-12-15 05:00:00+00:00,28001.75
2023-12-15 06:00:00+00:00,30601.58333
2023-12-15 07:00:00+00:00,32389.08333
2023-12-15 08:00:00+00:00,34384.33333
2023-12-15 09:00:00+00:00,35715.83333
2023-12-15 10:00:00+00:00,35949.41667
2023-12-15 11:00:00+00:00,35619.08333
2023-12-15 12:00:00+00:00,35179.16667
2023-12-15 13:00:00+00:00,35035.16667
2023-12-15 14:00:00+00:00,35115.16667
2023-12-15 15:00:00+00:00,35189.5
2023-12-15 16:00:00+00:00,34473.5
2023-12-15 17:00:00+00:00,34681.16667
2023-12-15 18:00:00+00:00,34974.66667
2023-12-15 19:00:00+00:00,34740.16667
2023-12-15 20:00:00+00:00,33475.25
2023-12-15 21:00:00+00:00,32047.91667
2023-12-15 22:00:00+00:00,29851.5
2023-12-15 23:00:00+00:00,28942.83333
2023-12-16 00:00:00+00:00,27267.16667
2023-12-16 01:00:00+00:00,26203.08333
2023-12-16 02:00:00+00:00,24409.41667
2023-12-16 03:00:00+00:00,22673.41667
2023-12-16 04:00:00+00:00,21837.25
2023-12-16 05:00:00+00:00,22226.25
2023-12-16 06:00:00+00:00,23510.66667
2023-12-16 07:00:00+00:00,24924.08333
2023-12-16 08:00:00+00:00,28425.5
2023-12-16 09:00:00+00:00,29800.75
2023-12-16 10:00:00+00:00,30045.5
2023-12-16 11:00:00+00:00,30362.91667
2023-12-16 12:00:00+00:00,29818
2023-12-16 13:00:00+00:00,29677.5
2023-12-16 14:00:00+00:00,29676.75
2023-12-16 15:00:00+00:00,28067.08333
2023-12-16 16:00:00+00:00,25477.91667
2023-12-16 17:00:00+00:00,25806.75
2023-12-16 18:00:00+00:00,26341.41667
2023-12-16 19:00:00+00:00,26702.5
2023-12-16 20:00:00+00:00,26255.83333
2023-12-16 21:00:00+00:00,24671.66667
2023-12-16 22:00:00+00:00,23406.16667
2023-12-16 23:00:00+00:00,22249.41667
2023-12-17 00:00:00+00:00,21557.5
2023-12-17 01:00:00+00:00,19583.58333
2023-12-17 02:00:00+00:00,19263.08333
2023-12-17 03:00:00+00:00,19119.5
2023-12-17 04:00:00+00:00,18879.41667
2023-12-17 05:00:00+00:00,19204.16667
2023-12-17 06:00:00+00:00,19906.58333
2023-12-17 07:00:00+00:00,21043.5
2023-12-17 08:00:00+00:00,24432.5
2023-12-17 09:00:00+00:00,26205.75
2023-12-17 10:00:00+00:00,27930.66667
2023-12-17 11:00:00+00:00,26852.33333
2023-12-17 12:00:00+00:00,25593.66667
2023-12-17 13:00:00+00:00,27314.66667
2023-12-17 14:00:00+00:00,29346.33333
2023-12-17 15:00:00+00:00,27287.33333
2023-12-17 16:00:00+00:00,25569
2023-12-17 17:00:00+00:00,26040.33333
2023-12-17 18:00:00+00:00,26933.75
2023-12-17 19:00:00+00:00,27226
2023-12-17 20:00:00+00:00,26982.66667
2023-12-17 21:00:00+00:00,25644.91667
2023-12-17 22:00:00+00:00,24010.41667
2023-12-17 23:00:00+00:00,22737.58333
2023-12-18 00:00:00+00:00,21298.41667
2023-12-18 01:00:00+00:00,20575
2023-12-18 02:00:00+00:00,20148.58333
2023-12-18 03:00:00+00:00,20124.58333
2023-12-18 04:00:00+00:00,20592.08333
2023-12-18 05:00:00+00:00,24073.83333
2023-12-18 06:00:00+00:00,27168.75
2023-12-18 07:00:00+00:00,29103.08333
2023-12-18 08:00:00+00:00,32038.08333
2023-12-18 09:00:00+00:00,34284.08333
2023-12-18 10:00:00+00:00,35104.41667
2023-12-18 11:00:00+00:00,34342.75
2023-12-18 12:00:00+00:00,33577
2023-12-18 13:00:00+00:00,33824.58333
2023-12-18 14:00:00+00:00,35187.83333
2023-12-18 15:00:00+00:00,33098.5
2023-12-18 16:00:00+00:00,30444.5
2023-12-18 17:00:00+00:00,30990.58333
2023-12-18 18:00:00+00:00,31800.58333
2023-12-18 19:00:00+00:00,32298.91667
2023-12-18 20:00:00+00:00,31820.75
2023-12-18 21:00:00+00:00,29727.08333
2023-12-18 22:00:00+00:00,26754.16667
2023-12-18 23:00:00+00:00,24615.16667
2023-12-19 00:00:00+00:00,23284.91667
2023-12-19 01:00:00+00:00,21895.25
2023-12-19 02:00:00+00:00,21320.91667
2023-12-19 03:00:00+00:00,21201.33333
2023-12-19 04:00:00+00:00,21800.66667
2023-12-19 05:00:00+00:00,24981.91667
2023-12-19 06:00:00+00:00,27879.5
2023-12-19 07:00:00+00:00,29825.16667
2023-12-19 08:00:00+00:00,32623.41667
2023-12-19 09:00:00+00:00,34675.66667
2023-12-19 10:00:00+00:00,35640.58333
2023-12-19 11:00:00+00:00,35066.66667
2023-12-19 12:00:00+00:00,35541.16667
2023-12-19 13:00:00+00:00,35860.66667
2023-12-19 14:00:00+00:00,35334.91667
2023-12-19 15:00:00+00:00,33840
2023-12-19 16:00:00+00:00,32495.83333
2023-12-19 17:00:00+00:00,34506.41667
2023-12-19 18:00:00+00:00,35667.83333
2023-12-19 19:00:00+00:00,36172.33333
2023-12-19 20:00:00+00:00,35025.25
2023-12-19 21:00:00+00:00,32265.41667
2023-12-19 22:00:00+00:00,29998.83333
2023-12-19 23:00:00+00:00,26780.25
2023-12-20 00:00:00+00:00,25435.25
2023-12-20 01:00:00+00:00,24598.91667
2023-12-20 02:00:00+00:00,23850.08333
2023-12-20 03:00:00+00:00,23672.75
2023-12-20 04:00:00+00:00,25194
2023-12-20 05:00:00+00:00,28765.41667
2023-12-20 06:00:00+00:00,32611.91667
2023-12-20 07:00:00+00:00,34785.25
2023-12-20 08:00:00+00:00,36776.75
2023-12-20 09:00:00+00:00,37651.83333
2023-12-20 10:00:00+00:00,38023.83333
2023-12-20 11:00:00+00:00,36754.83333
2023-12-20 12:00:00+00:00,36758.83333
2023-12-20 13:00:00+00:00,36968.58333
2023-12-20 14:00:00+00:00,37406.58333
2023-12-20 15:00:00+00:00,36108.5
2023-12-20 16:00:00+00:00,36162.41667
2023-12-20 17:00:00+00:00,36854.08333
2023-12-20 18:00:00+00:00,36063.66667
2023-12-20 19:00:00+00:00,34749.58333
2023-12-20 20:00:00+00:00,33328.83333
2023-12-20 21:00:00+00:00,31332.16667
2023-12-20 22:00:00+00:00,28700.16667
2023-12-20 23:00:00+00:00,26497.91667
2023-12-21 00:00:00+00:00,24723.91667
2023-12-21 01:00:00+00:00,23851.16667
2023-12-21 02:00:00+00:00,23428.66667
2023-12-21 03:00:00+00:00,23593.5
2023-12-21 04:00:00+00:00,23500.41667
2023-12-21 05:00:00+00:00,25724.41667
2023-12-21 06:00:00+00:00,30264.66667
2023-12-21 07:00:00+00:00,31584
2023-12-21 08:00:00+00:00,33626.25
2023-12-21 09:00:00+00:00,34233.08333
2023-12-21 10:00:00+00:00,33552.75
2023-12-21 11:00:00+00:00,32921.83333
2023-12-21 12:00:00+00:00,32595.16667
2023-12-21 13:00:00+00:00,32762.75
2023-12-21 14:00:00+00:00,32206.58333
2023-12-21 15:00:00+00:00,32109.33333
2023-12-21 16:00:00+00:00,31948.41667
2023-12-21 17:00:00+00:00,32519.25
2023-12-21 18:00:00+00:00,33771.75
2023-12-21 19:00:00+00:00,33426.25
2023-12-21 20:00:00+00:00,32926.91667
2023-12-21 21:00:00+00:00,30391.83333
2023-12-21 22:00:00+00:00,28491.58333
2023-12-21 23:00:00+00:00,26928.66667
2023-12-22 00:00:00+00:00,24956.08333
2023-12-22 01:00:00+00:00,23670.33333
2023-12-22 02:00:00+00:00,22347.83333
2023-12-22 03:00:00+00:00,22173.83333
2023-12-22 04:00:00+00:00,22744.83333
2023-12-22 05:00:00+00:00,25046
2023-12-22 06:00:00+00:00,27213.16667
2023-12-22 07:00:00+00:00,28738.5
2023-12-22 08:00:00+00:00,31627.25
2023-12-22 09:00:00+00:00,32488.16667
2023-12-22 10:00:00+00:00,32219.75
2023-12-22 11:00:00+00:00,31414.41667
2023-12-22 12:00:00+00:00,31027.58333
2023-12-22 13:00:00+00:00,30488.66667
2023-12-22 14:00:00+00:00,30497.66667
2023-12-22 15:00:00+00:00,30279.33333
2023-12-22 16:00:00+00:00,29876
2023-12-22 17:00:00+00:00,31007.83333
2023-12-22 18:00:00+00:00,31746.83333
2023-12-22 19:00:00+00:00,31637.25
2023-12-22 20:00:00+00:00,31219.75
2023-12-22 21:00:00+00:00,28995.08333
2023-12-22 22:00:00+00:00,27220.08333
2023-12-22 23:00:00+00:00,25258.83333
2023-12-23 00:00:00+00:00,23259
2023-12-23 01:00:00+00:00,21881.5
2023-12-23 02:00:00+00:00,21423.08333
2023-12-23 03:00:00+00:00,21005.25
2023-12-23 04:00:00+00:00,20986.66667
2023-12-23 05:00:00+00:00,21356.83333
2023-12-23 06:00:00+00:00,22160.08333
2023-12-23 07:00:00+00:00,23497.5
2023-12-23 08:00:00+00:00,25994.08333
2023-12-23 09:00:00+00:00,28194.08333
2023-12-23 10:00:00+00:00,28103.58333
2023-12-23 11:00:00+00:00,27411.91667
2023-12-23 12:00:00+00:00,27579.5
2023-12-23 13:00:00+00:00,27621.5
2023-12-23 14:00:00+00:00,27287.41667
2023-12-23 15:00:00+00:00,26375.25
2023-12-23 16:00:00+00:00,26253.33333
2023-12-23 17:00:00+00:00,27714.83333
2023-12-23 18:00:00+00:00,28540.33333
2023-12-23 19:00:00+00:00,28791.91667
2023-12-23 20:00:00+00:00,28436.08333
2023-12-23 21:00:00+00:00,26842.5
2023-12-23 22:00:00+00:00,24878.08333
2023-12-23 23:00:00+00:00,22830.41667
2023-12-24 00:00:00+00:00,21184.5
2023-12-24 01:00:00+00:00,20092.33333
2023-12-24 02:00:00+00:00,19428.83333
2023-12-24 03:00:00+00:00,19019.16667
2023-12-24 04:00:00+00:00,18924.25
2023-12-24 05:00:00+00:00,18993.16667
2023-12-24 06:00:00+00:00,19831
2023-12-24 07:00:00+00:00,20539.41667
2023-12-24 08:00:00+00:00,23483.5
2023-12-24 09:00:00+00:00,26030.25
2023-12-24 10:00:00+00:00,25734
2023-12-24 11:00:00+00:00,25580.75
2023-12-24 12:00:00+00:00,25373.08333
2023-12-24 13:00:00+00:00,25615.41667
2023-12-24 14:00:00+00:00,25431.25
2023-12-24 15:00:00+00:00,25412.66667
2023-12-24 16:00:00+00:00,24977
2023-12-24 17:00:00+00:00,25774.08333
2023-12-24 18:00:00+00:00,26233.41667
2023-12-24 19:00:00+00:00,25527.91667
2023-12-24 20:00:00+00:00,24092.25
2023-12-24 21:00:00+00:00,22095.75
2023-12-24 22:00:00+00:00,21465.75
2023-12-24 23:00:00+00:00,20671.58333
2023-12-25 00:00:00+00:00,20387.75
2023-12-25 01:00:00+00:00,19154.83333
2023-12-25 02:00:00+00:00,18857.58333
2023-12-25 03:00:00+00:00,18109.41667
2023-12-25 04:00:00+00:00,17853.66667
2023-12-25 05:00:00+00:00,17753.66667
2023-12-25 06:00:00+00:00,18198.41667
2023-12-25 07:00:00+00:00,18334
2023-12-25 08:00:00+00:00,20698.75
2023-12-25 09:00:00+00:00,22475.91667
2023-12-25 10:00:00+00:00,23443.5
2023-12-25 11:00:00+00:00,24306.75
2023-12-25 12:00:00+00:00,24624.58333
2023-12-25 13:00:00+00:00,24168.75
2023-12-25 14:00:00+00:00,23106.83333
2023-12-25 15:00:00+00:00,22557.91667
2023-12-25 16:00:00+00:00,21629.08333
2023-12-25 17:00:00+00:00,23275.58333
2023-12-25 18:00:00+00:00,24479.16667
2023-12-25 19:00:00+00:00,25170.33333
2023-12-25 20:00:00+00:00,25399.66667
2023-12-25 21:00:00+00:00,23743.25
2023-12-25 22:00:00+00:00,21997.83333
2023-12-25 23:00:00+00:00,21694
2023-12-26 00:00:00+00:00,20151.5
2023-12-26 01:00:00+00:00,18976.33333
2023-12-26 02:00:00+00:00,18074.25
2023-12-26 03:00:00+00:00,17775.83333
2023-12-26 04:00:00+00:00,18348.5
2023-12-26 05:00:00+00:00,19733.16667
2023-12-26 06:00:00+00:00,21617.66667
2023-12-26 07:00:00+00:00,23677.83333
2023-12-26 08:00:00+00:00,26121.25
2023-12-26 09:00:00+00:00,28178.25
2023-12-26 10:00:00+00:00,29293.08333
2023-12-26 11:00:00+00:00,29260.41667
2023-12-26 12:00:00+00:00,28584.33333
2023-12-26 13:00:00+00:00,28393.75
2023-12-26 14:00:00+00:00,27735.66667
2023-12-26 15:00:00+00:00,27458.5
2023-12-26 16:00:00+00:00,26689.58333
2023-12-26 17:00:00+00:00,27618.08333
2023-12-26 18:00:00+00:00,28552.66667
2023-12-26 19:00:00+00:00,29146.83333
2023-12-26 20:00:00+00:00,28968.91667
2023-12-26 21:00:00+00:00,27174.66667
2023-12-26 22:00:00+00:00,25541.91667
2023-12-26 23:00:00+00:00,22703.5
2023-12-27 00:00:00+00:00,20875.91667
2023-12-27 01:00:00+00:00,20037.16667
2023-12-27 02:00:00+00:00,19637.08333
2023-12-27 03:00:00+00:00,19340.58333
2023-12-27 04:00:00+00:00,19725.25
2023-12-27 05:00:00+00:00,21044.25
2023-12-27 06:00:00+00:00,23594.41667
2023-12-27 07:00:00+00:00,25996.16667
2023-12-27 08:00:00+00:00,28615.91667
2023-12-27 09:00:00+00:00,30045.83333
2023-12-27 10:00:00+00:00,30571.25
2023-12-27 11:00:00+00:00,30265.08333
2023-12-27 12:00:00+00:00,30258.83333
2023-12-27 13:00:00+00:00,30371.5
2023-12-27 14:00:00+00:00,29577.08333
2023-12-27 15:00:00+00:00,29414.08333
2023-12-27 16:00:00+00:00,28768.33333
2023-12-27 17:00:00+00:00,28979.41667
2023-12-27 18:00:00+00:00,29439.08333
2023-12-27 19:00:00+00:00,29740.91667
2023-12-27 20:00:00+00:00,29173.08333
2023-12-27 21:00:00+00:00,26833.66667
2023-12-27 22:00:00+00:00,25169.08333
2023-12-27 23:00:00+00:00,21914.83333
2023-12-28 00:00:00+00:00,19980.66667
2023-12-28 01:00:00+00:00,19013.75
2023-12-28 02:00:00+00:00,18648.58333
2023-12-28 03:00:00+00:00,18416.66667
2023-12-28 04:00:00+00:00,18621.33333
2023-12-28 05:00:00+00:00,20062.75
2023-12-28 06:00:00+00:00,21634.66667
2023-12-28 07:00:00+00:00,24337.33333
2023-12-28 08:00:00+00:00,26721.33333
2023-12-28 09:00:00+00:00,28289.91667
2023-12-28 10:00:00+00:00,29819.66667
2023-12-28 11:00:00+00:00,29833.5
2023-12-28 12:00:00+00:00,30353.33333
2023-12-28 13:00:00+00:00,30127.75
2023-12-28 14:00:00+00:00,29693.08333
2023-12-28 15:00:00+00:00,27897.16667
2023-12-28 16:00:00+00:00,27626.91667
2023-12-28 17:00:00+00:00,28836.33333
2023-12-28 18:00:00+00:00,29043.25
2023-12-28 19:00:00+00:00,29502.75
2023-12-28 20:00:00+00:00,28820.75
2023-12-28 21:00:00+00:00,26275.33333
2023-12-28 22:00:00+00:00,23270.66667
2023-12-28 23:00:00+00:00,21989.25
2023-12-29 00:00:00+00:00,20009.58333
2023-12-29 01:00:00+00:00,19259.5
2023-12-29 02:00:00+00:00,18975.5
2023-12-29 03:00:00+00:00,18717.91667
2023-12-29 04:00:00+00:00,19124.16667
2023-12-29 05:00:00+00:00,20606.66667
2023-12-29 06:00:00+00:00,22279.75
2023-12-29 07:00:00+00:00,24283.41667
2023-12-29 08:00:00+00:00,26223.41667
2023-12-29 09:00:00+00:00,28209.91667
2023-12-29 10:00:00+00:00,29015.83333
2023-12-29 11:00:00+00:00,28668.5
2023-12-29 12:00:00+00:00,29524.83333
2023-12-29 13:00:00+00:00,29676.08333
2023-12-29 14:00:00+00:00,28510.33333
2023-12-29 15:00:00+00:00,27989.33333
2023-12-29 16:00:00+00:00,27632.16667
2023-12-29 17:00:00+00:00,28158.5
2023-12-29 18:00:00+00:00,28828.5
2023-12-29 19:00:00+00:00,29663.33333
2023-12-29 20:00:00+00:00,29195.83333
2023-12-29 21:00:00+00:00,27307.41667
2023-12-29 22:00:00+00:00,24468.41667
2023-12-29 23:00:00+00:00,22766.16667
2023-12-30 00:00:00+00:00,21489.16667
2023-12-30 01:00:00+00:00,20478
2023-12-30 02:00:00+00:00,19582.91667
2023-12-30 03:00:00+00:00,18908.91667
2023-12-30 04:00:00+00:00,19030.08333
2023-12-30 05:00:00+00:00,19212.41667
2023-12-30 06:00:00+00:00,19854.58333
2023-12-30 07:00:00+00:00,21078.66667
2023-12-30 08:00:00+00:00,23591.41667
2023-12-30 09:00:00+00:00,25814.33333
2023-12-30 10:00:00+00:00,25907.08333
2023-12-30 11:00:00+00:00,25434.66667
2023-12-30 12:00:00+00:00,25067.33333
2023-12-30 13:00:00+00:00,25604.91667
2023-12-30 14:00:00+00:00,25937.16667
2023-12-30 15:00:00+00:00,24834.75
2023-12-30 16:00:00+00:00,25128.75
2023-12-30 17:00:00+00:00,25738.83333
2023-12-30 18:00:00+00:00,26195.16667
2023-12-30 19:00:00+00:00,27012.66667
2023-12-30 20:00:00+00:00,27801.83333
2023-12-30 21:00:00+00:00,26617.58333
2023-12-30 22:00:00+00:00,24782.08333
2023-12-30 23:00:00+00:00,23071
2023-12-31 00:00:00+00:00,22220.5
2023-12-31 01:00:00+00:00,19780.83333
2023-12-31 02:00:00+00:00,18697.75
2023-12-31 03:00:00+00:00,17887.08333
2023-12-31 04:00:00+00:00,17779.08333
2023-12-31 05:00:00+00:00,18411.25
2023-12-31 06:00:00+00:00,19401.5
2023-12-31 07:00:00+00:00,20814.91667
2023-12-31 08:00:00+00:00,23142.83333
2023-12-31 09:00:00+00:00,24786.16667
2023-12-31 10:00:00+00:00,25676.33333
2023-12-31 11:00:00+00:00,26141.25
2023-12-31 12:00:00+00:00,27015.33333
2023-12-31 13:00:00+00:00,27377.33333
2023-12-31 14:00:00+00:00,26363.75
2023-12-31 15:00:00+00:00,25668.83333
2023-12-31 16:00:00+00:00,26481.66667
2023-12-31 17:00:00+00:00,27350.16667
2023-12-31 18:00:00+00:00,28262.33333
2023-12-31 19:00:00+00:00,28125.5
2023-12-31 20:00:00+00:00,26947.41667
2023-12-31 21:00:00+00:00,24809.91667
2023-12-31 22:00:00+00:00,23422.41667
2023-12-31 23:00:00+00:00,21588.16667
