2021-01-01 00:00:00+00:00,0.838472878
2021-01-01 01:00:00+00:00,0.838822692
2021-01-01 02:00:00+00:00,0.839173675
2021-01-01 03:00:00+00:00,0.839530003
2021-01-01 04:00:00+00:00,0.839886455
2021-01-01 05:00:00+00:00,0.840242957
2021-01-01 06:00:00+00:00,0.840599498
2021-01-01 07:00:00+00:00,0.840955899
2021-01-01 08:00:00+00:00,0.841311763
2021-01-01 09:00:00+00:00,0.841666902
2021-01-01 10:00:00+00:00,0.842016672
2021-01-01 11:00:00+00:00,0.842366758
2021-01-01 12:00:00+00:00,0.842717345
2021-01-01 13:00:00+00:00,0.843068063
2021-01-01 14:00:00+00:00,0.843423112
2021-01-01 15:00:00+00:00,0.843778388
2021-01-01 16:00:00+00:00,0.844127978
2021-01-01 17:00:00+00:00,0.844474487
2021-01-01 18:00:00+00:00,0.844819482
2021-01-01 19:00:00+00:00,0.845164744
2021-01-01 20:00:00+00:00,0.845510636
2021-01-01 21:00:00+00:00,0.845858035
2021-01-01 22:00:00+00:00,0.846206463
2021-01-01 23:00:00+00:00,0.846556737
2021-01-02 00:00:00+00:00,0.846908025
2021-01-02 01:00:00+00:00,0.84725946
2021-01-02 02:00:00+00:00,0.84761314
2021-01-02 03:00:00+00:00,0.847967034
2021-01-02 04:00:00+00:00,0.848321254
2021-01-02 05:00:00+00:00,0.848674834
2021-01-02 06:00:00+00:00,0.849027845
2021-01-02 07:00:00+00:00,0.849379443
2021-01-02 08:00:00+00:00,0.849729616
2021-01-02 09:00:00+00:00,0.850079501
2021-01-02 10:00:00+00:00,0.850429306
2021-01-02 11:00:00+00:00,0.850779833
2021-01-02 12:00:00+00:00,0.851130141
2021-01-02 13:00:00+00:00,0.851480128
2021-01-02 14:00:00+00:00,0.851830138
2021-01-02 15:00:00+00:00,0.852178847
2021-01-02 16:00:00+00:00,0.852526153
2021-01-02 17:00:00+00:00,0.85287237
2021-01-02 18:00:00+00:00,0.853218616
2021-01-02 19:00:00+00:00,0.853564713
2021-01-02 20:00:00+00:00,0.853913094
2021-01-02 21:00:00+00:00,0.854262194
2021-01-02 22:00:00+00:00,0.854613097
2021-01-02 23:00:00+00:00,0.854965096
2021-01-03 00:00:00+00:00,0.855317773
2021-01-03 01:00:00+00:00,0.855672363
2021-01-03 02:00:00+00:00,0.856029935
2021-01-03 03:00:00+00:00,0.856390258
2021-01-03 04:00:00+00:00,0.856750237
2021-01-03 05:00:00+00:00,0.857110376
2021-01-03 06:00:00+00:00,0.857465095
2021-01-03 07:00:00+00:00,0.857819956
2021-01-03 08:00:00+00:00,0.858172678
2021-01-03 09:00:00+00:00,0.858524353
2021-01-03 10:00:00+00:00,0.858874523
2021-01-03 11:00:00+00:00,0.859225727
2021-01-03 12:00:00+00:00,0.85957737
2021-01-03 13:00:00+00:00,0.859929439
2021-01-03 14:00:00+00:00,0.860281113
2021-01-03 15:00:00+00:00,0.860631767
2021-01-03 16:00:00+00:00,0.860980719
2021-01-03 17:00:00+00:00,0.861166211
2021-01-03 18:00:00+00:00,0.861350749
2021-01-03 19:00:00+00:00,0.86153465
2021-01-03 20:00:00+00:00,0.861720519
2021-01-03 21:00:00+00:00,0.86190739
2021-01-03 22:00:00+00:00,0.862095142
2021-01-03 23:00:00+00:00,0.86228401
2021-01-04 00:00:00+00:00,0.862474141
2021-01-04 01:00:00+00:00,0.862664426
2021-01-04 02:00:00+00:00,0.862854649
2021-01-04 03:00:00+00:00,0.86304525
2021-01-04 04:00:00+00:00,0.863235921
2021-01-04 05:00:00+00:00,0.863426268
2021-01-04 06:00:00+00:00,0.863615997
2021-01-04 07:00:00+00:00,0.863968381
2021-01-04 08:00:00+00:00,0.864319564
2021-01-04 09:00:00+00:00,0.864507951
2021-01-04 10:00:00+00:00,0.864859818
2021-01-04 11:00:00+00:00,0.865211964
2021-01-04 12:00:00+00:00,0.865563345
2021-01-04 13:00:00+00:00,0.865294076
2021-01-04 14:00:00+00:00,0.865024364
2021-01-04 15:00:00+00:00,0.864733757
2021-01-04 16:00:00+00:00,0.864429139
2021-01-04 17:00:00+00:00,0.864123445
2021-01-04 18:00:00+00:00,0.863817044
2021-01-04 19:00:00+00:00,0.863510627
2021-01-04 20:00:00+00:00,0.863205184
2021-01-04 21:00:00+00:00,0.862900378
2021-01-04 22:00:00+00:00,0.862596772
2021-01-04 23:00:00+00:00,0.862295235
2021-01-05 00:00:00+00:00,0.861994852
2021-01-05 01:00:00+00:00,0.861694522
2021-01-05 02:00:00+00:00,0.861394257
2021-01-05 03:00:00+00:00,0.861094385
2021-01-05 04:00:00+00:00,0.860794452
2021-01-05 05:00:00+00:00,0.860494718
2021-01-05 06:00:00+00:00,0.860194664
2021-01-05 07:00:00+00:00,0.859894153
2021-01-05 08:00:00+00:00,0.859591767
2021-01-05 09:00:00+00:00,0.859289008
2021-01-05 10:00:00+00:00,0.859000643
2021-01-05 11:00:00+00:00,0.858727716
2021-01-05 12:00:00+00:00,0.858458572
2021-01-05 13:00:00+00:00,0.858188728
2021-01-05 14:00:00+00:00,0.857911342
2021-01-05 15:00:00+00:00,0.857610138
2021-01-05 16:00:00+00:00,0.857307343
2021-01-05 17:00:00+00:00,0.857001979
2021-01-05 18:00:00+00:00,0.856695891
2021-01-05 19:00:00+00:00,0.856389803
2021-01-05 20:00:00+00:00,0.856084342
2021-01-05 21:00:00+00:00,0.855780405
2021-01-05 22:00:00+00:00,0.855478703
2021-01-05 23:00:00+00:00,0.855177533
2021-01-06 00:00:00+00:00,0.854877055
2021-01-06 01:00:00+00:00,0.854576747
2021-01-06 02:00:00+00:00,0.854276661
2021-01-06 03:00:00+00:00,0.8539767
2021-01-06 04:00:00+00:00,0.853676673
2021-01-06 05:00:00+00:00,0.853376629
2021-01-06 06:00:00+00:00,0.853076991
2021-01-06 07:00:00+00:00,0.852776642
2021-01-06 08:00:00+00:00,0.852475139
2021-01-06 09:00:00+00:00,0.85218404
2021-01-06 10:00:00+00:00,0.851914438
2021-01-06 11:00:00+00:00,0.852265875
2021-01-06 12:00:00+00:00,0.852618105
2021-01-06 13:00:00+00:00,0.852350201
2021-01-06 14:00:00+00:00,0.852079738
2021-01-06 15:00:00+00:00,0.851780725
2021-01-06 16:00:00+00:00,0.851477665
2021-01-06 17:00:00+00:00,0.851173181
2021-01-06 18:00:00+00:00,0.850867958
2021-01-06 19:00:00+00:00,0.850563064
2021-01-06 20:00:00+00:00,0.850260729
2021-01-06 21:00:00+00:00,0.849959495
2021-01-06 22:00:00+00:00,0.849659207
2021-01-06 23:00:00+00:00,0.849360043
2021-01-07 00:00:00+00:00,0.849061353
2021-01-07 01:00:00+00:00,0.848765891
2021-01-07 02:00:00+00:00,0.848471029
2021-01-07 03:00:00+00:00,0.848176836
2021-01-07 04:00:00+00:00,0.847882668
2021-01-07 05:00:00+00:00,0.847585459
2021-01-07 06:00:00+00:00,0.847288024
2021-01-07 07:00:00+00:00,0.846989255
2021-01-07 08:00:00+00:00,0.846688009
2021-01-07 09:00:00+00:00,0.84638521
2021-01-07 10:00:00+00:00,0.846082159
2021-01-07 11:00:00+00:00,0.845779726
2021-01-07 12:00:00+00:00,0.845479287
2021-01-07 13:00:00+00:00,0.845178159
2021-01-07 14:00:00+00:00,0.844877047
2021-01-07 15:00:00+00:00,0.844576374
2021-01-07 16:00:00+00:00,0.844274732
2021-01-07 17:00:00+00:00,0.843971612
2021-01-07 18:00:00+00:00,0.843668133
2021-01-07 19:00:00+00:00,0.843365552
2021-01-07 20:00:00+00:00,0.843064042
2021-01-07 21:00:00+00:00,0.84276404
2021-01-07 22:00:00+00:00,0.842465165
2021-01-07 23:00:00+00:00,0.842167014
2021-01-08 00:00:00+00:00,0.841879038
2021-01-08 01:00:00+00:00,0.841597075
2021-01-08 02:00:00+00:00,0.841321162
2021-01-08 03:00:00+00:00,0.841046731
2021-01-08 04:00:00+00:00,0.840773591
2021-01-08 05:00:00+00:00,0.840499679
2021-01-08 06:00:00+00:00,0.840215452
2021-01-08 07:00:00+00:00,0.839919644
2021-01-08 08:00:00+00:00,0.839619393
2021-01-08 09:00:00+00:00,0.839315868
2021-01-08 10:00:00+00:00,0.839013545
2021-01-08 11:00:00+00:00,0.838712177
2021-01-08 12:00:00+00:00,0.83841237
2021-01-08 13:00:00+00:00,0.838112994
2021-01-08 14:00:00+00:00,0.8378142
2021-01-08 15:00:00+00:00,0.837513928
2021-01-08 16:00:00+00:00,0.837657593
2021-01-08 17:00:00+00:00,0.837799482
2021-01-08 18:00:00+00:00,0.83794081
2021-01-08 19:00:00+00:00,0.83808408
2021-01-08 20:00:00+00:00,0.838094137
2021-01-08 21:00:00+00:00,0.837798339
2021-01-08 22:00:00+00:00,0.83751057
2021-01-08 23:00:00+00:00,0.837235159
2021-01-09 00:00:00+00:00,0.836966316
2021-01-09 01:00:00+00:00,0.837327557
2021-01-09 02:00:00+00:00,0.837689521
2021-01-09 03:00:00+00:00,0.838051652
2021-01-09 04:00:00+00:00,0.838414139
2021-01-09 05:00:00+00:00,0.838775917
2021-01-09 06:00:00+00:00,0.839134564
2021-01-09 07:00:00+00:00,0.839493489
2021-01-09 08:00:00+00:00,0.839847658
2021-01-09 09:00:00+00:00,0.840204773
2021-01-09 10:00:00+00:00,0.840561659
2021-01-09 11:00:00+00:00,0.840918929
2021-01-09 12:00:00+00:00,0.841274366
2021-01-09 13:00:00+00:00,0.841629599
2021-01-09 14:00:00+00:00,0.84198821
2021-01-09 15:00:00+00:00,0.842346147
2021-01-09 16:00:00+00:00,0.842700128
2021-01-09 17:00:00+00:00,0.843056159
2021-01-09 18:00:00+00:00,0.843410744
2021-01-09 19:00:00+00:00,0.843733086
2021-01-09 20:00:00+00:00,0.844013505
2021-01-09 21:00:00+00:00,0.844368027
2021-01-09 22:00:00+00:00,0.844725481
2021-01-09 23:00:00+00:00,0.845083304
2021-01-10 00:00:00+00:00,0.845373593
2021-01-10 01:00:00+00:00,0.845708615
2021-01-10 02:00:00+00:00,0.846073655
2021-01-10 03:00:00+00:00,0.846439251
2021-01-10 04:00:00+00:00,0.846804943
2021-01-10 05:00:00+00:00,0.847170533
2021-01-10 06:00:00+00:00,0.847536441
2021-01-10 07:00:00+00:00,0.84790165
2021-01-10 08:00:00+00:00,0.84826488
2021-01-10 09:00:00+00:00,0.848620951
2021-01-10 10:00:00+00:00,0.84898206
2021-01-10 11:00:00+00:00,0.849343515
2021-01-10 12:00:00+00:00,0.849705229
2021-01-10 13:00:00+00:00,0.850067165
2021-01-10 14:00:00+00:00,0.85042932
2021-01-10 15:00:00+00:00,0.850790491
2021-01-10 16:00:00+00:00,0.851150354
2021-01-10 17:00:00+00:00,0.851503764
2021-01-10 18:00:00+00:00,0.851854346
2021-01-10 19:00:00+00:00,0.852204587
2021-01-10 20:00:00+00:00,0.85255523
2021-01-10 21:00:00+00:00,0.852911818
2021-01-10 22:00:00+00:00,0.853269601
2021-01-10 23:00:00+00:00,0.853633908
2021-01-11 00:00:00+00:00,0.853998106
2021-01-11 01:00:00+00:00,0.85436288
2021-01-11 02:00:00+00:00,0.854728922
2021-01-11 03:00:00+00:00,0.855095246
2021-01-11 04:00:00+00:00,0.85546181
2021-01-11 05:00:00+00:00,0.855827461
2021-01-11 06:00:00+00:00,0.856187164
2021-01-11 07:00:00+00:00,0.856547492
2021-01-11 08:00:00+00:00,0.856907334
2021-01-11 09:00:00+00:00,0.857263149
2021-01-11 10:00:00+00:00,0.857620961
2021-01-11 11:00:00+00:00,0.857981265
2021-01-11 12:00:00+00:00,0.858341705
2021-01-11 13:00:00+00:00,0.858701929
2021-01-11 14:00:00+00:00,0.859062208
2021-01-11 15:00:00+00:00,0.859422842
2021-01-11 16:00:00+00:00,0.859558246
2021-01-11 17:00:00+00:00,0.859908936
2021-01-11 18:00:00+00:00,0.860258802
2021-01-11 19:00:00+00:00,0.860609135
2021-01-11 20:00:00+00:00,0.860960404
2021-01-11 21:00:00+00:00,0.861317061
2021-01-11 22:00:00+00:00,0.861020112
2021-01-11 23:00:00+00:00,0.860730601
2021-01-12 00:00:00+00:00,0.860444925
2021-01-12 01:00:00+00:00,0.860161847
2021-01-12 02:00:00+00:00,0.859878278
2021-01-12 03:00:00+00:00,0.859595916
2021-01-12 04:00:00+00:00,0.859314657
2021-01-12 05:00:00+00:00,0.859024175
2021-01-12 06:00:00+00:00,0.859382325
2021-01-12 07:00:00+00:00,0.859738923
2021-01-12 08:00:00+00:00,0.860095532
2021-01-12 09:00:00+00:00,0.860452022
2021-01-12 10:00:00+00:00,0.860808832
2021-01-12 11:00:00+00:00,0.861165909
2021-01-12 12:00:00+00:00,0.861523683
2021-01-12 13:00:00+00:00,0.861881782
2021-01-12 14:00:00+00:00,0.862244119
2021-01-12 15:00:00+00:00,0.861988224
2021-01-12 16:00:00+00:00,0.861702546
2021-01-12 17:00:00+00:00,0.861988618
2021-01-12 18:00:00+00:00,0.862273485
2021-01-12 19:00:00+00:00,0.862554318
2021-01-12 20:00:00+00:00,0.862839357
2021-01-12 21:00:00+00:00,0.863126696
2021-01-12 22:00:00+00:00,0.863161094
2021-01-12 23:00:00+00:00,0.86287282
2021-01-13 00:00:00+00:00,0.86259325
2021-01-13 01:00:00+00:00,0.862316607
2021-01-13 02:00:00+00:00,0.862043294
2021-01-13 03:00:00+00:00,0.861770011
2021-01-13 04:00:00+00:00,0.861497041
2021-01-13 05:00:00+00:00,0.861215171
2021-01-13 06:00:00+00:00,0.861574032
2021-01-13 07:00:00+00:00,0.861855954
2021-01-13 08:00:00+00:00,0.861565947
2021-01-13 09:00:00+00:00,0.86192424
2021-01-13 10:00:00+00:00,0.862282398
2021-01-13 11:00:00+00:00,0.86264076
2021-01-13 12:00:00+00:00,0.863000418
2021-01-13 13:00:00+00:00,0.863359444
2021-01-13 14:00:00+00:00,0.863718039
2021-01-13 15:00:00+00:00,0.863456108
2021-01-13 16:00:00+00:00,0.86316573
2021-01-13 17:00:00+00:00,0.86331521
2021-01-13 18:00:00+00:00,0.863463886
2021-01-13 19:00:00+00:00,0.86361252
2021-01-13 20:00:00+00:00,0.86376154
2021-01-13 21:00:00+00:00,0.863912756
2021-01-13 22:00:00+00:00,0.863812761
2021-01-13 23:00:00+00:00,0.863519855
2021-01-14 00:00:00+00:00,0.863236833
2021-01-14 01:00:00+00:00,0.862956797
2021-01-14 02:00:00+00:00,0.862680676
2021-01-14 03:00:00+00:00,0.862407845
2021-01-14 04:00:00+00:00,0.862135501
2021-01-14 05:00:00+00:00,0.861859185
2021-01-14 06:00:00+00:00,0.861570316
2021-01-14 07:00:00+00:00,0.861927699
2021-01-14 08:00:00+00:00,0.861644511
2021-01-14 09:00:00+00:00,0.862000731
2021-01-14 10:00:00+00:00,0.862356914
2021-01-14 11:00:00+00:00,0.862713956
2021-01-14 12:00:00+00:00,0.863071134
2021-01-14 13:00:00+00:00,0.86342843
2021-01-14 14:00:00+00:00,0.863786398
2021-01-14 15:00:00+00:00,0.864142441
2021-01-14 16:00:00+00:00,0.864407637
2021-01-14 17:00:00+00:00,0.864201126
2021-01-14 18:00:00+00:00,0.864555171
2021-01-14 19:00:00+00:00,0.864909401
2021-01-14 20:00:00+00:00,0.865263264
2021-01-14 21:00:00+00:00,0.864971307
2021-01-14 22:00:00+00:00,0.86468221
2021-01-14 23:00:00+00:00,0.864403908
2021-01-15 00:00:00+00:00,0.864132083
2021-01-15 01:00:00+00:00,0.863864439
2021-01-15 02:00:00+00:00,0.863596268
2021-01-15 03:00:00+00:00,0.863483278
2021-01-15 04:00:00+00:00,0.863657489
2021-01-15 05:00:00+00:00,0.863708236
2021-01-15 06:00:00+00:00,0.863543044
2021-01-15 07:00:00+00:00,0.863321599
2021-01-15 08:00:00+00:00,0.863317193
2021-01-15 09:00:00+00:00,0.863673415
2021-01-15 10:00:00+00:00,0.86402993
2021-01-15 11:00:00+00:00,0.864388482
2021-01-15 12:00:00+00:00,0.864747475
2021-01-15 13:00:00+00:00,0.865106576
2021-01-15 14:00:00+00:00,0.86546481
2021-01-15 15:00:00+00:00,0.865822295
2021-01-15 16:00:00+00:00,0.866177704
2021-01-15 17:00:00+00:00,0.866530656
2021-01-15 18:00:00+00:00,0.866882596
2021-01-15 19:00:00+00:00,0.867235211
2021-01-15 20:00:00+00:00,0.8675878
2021-01-15 21:00:00+00:00,0.867943199
2021-01-15 22:00:00+00:00,0.868300726
2021-01-15 23:00:00+00:00,0.868663472
2021-01-16 00:00:00+00:00,0.869025845
2021-01-16 01:00:00+00:00,0.869388853
2021-01-16 02:00:00+00:00,0.869756117
2021-01-16 03:00:00+00:00,0.870123873
2021-01-16 04:00:00+00:00,0.870491226
2021-01-16 05:00:00+00:00,0.870854203
2021-01-16 06:00:00+00:00,0.871218653
2021-01-16 07:00:00+00:00,0.871582639
2021-01-16 08:00:00+00:00,0.871943852
2021-01-16 09:00:00+00:00,0.872303721
2021-01-16 10:00:00+00:00,0.872663651
2021-01-16 11:00:00+00:00,0.873023615
2021-01-16 12:00:00+00:00,0.873383549
2021-01-16 13:00:00+00:00,0.873743971
2021-01-16 14:00:00+00:00,0.874104523
2021-01-16 15:00:00+00:00,0.874466916
2021-01-16 16:00:00+00:00,0.874611269
2021-01-16 17:00:00+00:00,0.874969063
2021-01-16 18:00:00+00:00,0.875323336
2021-01-16 19:00:00+00:00,0.875677412
2021-01-16 20:00:00+00:00,0.876031151
2021-01-16 21:00:00+00:00,0.876388136
2021-01-16 22:00:00+00:00,0.876750864
2021-01-16 23:00:00+00:00,0.87711238
2021-01-17 00:00:00+00:00,0.876826787
2021-01-17 01:00:00+00:00,0.876546547
2021-01-17 02:00:00+00:00,0.876267314
2021-01-17 03:00:00+00:00,0.875990631
2021-01-17 04:00:00+00:00,0.875717875
2021-01-17 05:00:00+00:00,0.875442581
2021-01-17 06:00:00+00:00,0.875166819
2021-01-17 07:00:00+00:00,0.874891184
2021-01-17 08:00:00+00:00,0.875253841
2021-01-17 09:00:00+00:00,0.875613912
2021-01-17 10:00:00+00:00,0.875976563
2021-01-17 11:00:00+00:00,0.876340589
2021-01-17 12:00:00+00:00,0.876701684
2021-01-17 13:00:00+00:00,0.877060731
2021-01-17 14:00:00+00:00,0.877422185
2021-01-17 15:00:00+00:00,0.877782675
2021-01-17 16:00:00+00:00,0.87814024
2021-01-17 17:00:00+00:00,0.87833677
2021-01-17 18:00:00+00:00,0.87866637
2021-01-17 19:00:00+00:00,0.878990903
2021-01-17 20:00:00+00:00,0.879315521
2021-01-17 21:00:00+00:00,0.879644955
2021-01-17 22:00:00+00:00,0.879977908
2021-01-17 23:00:00+00:00,0.880309876
2021-01-18 00:00:00+00:00,0.880351589
2021-01-18 01:00:00+00:00,0.880066579
2021-01-18 02:00:00+00:00,0.879779762
2021-01-18 03:00:00+00:00,0.879489955
2021-01-18 04:00:00+00:00,0.879200811
2021-01-18 05:00:00+00:00,0.878910824
2021-01-18 06:00:00+00:00,0.878617231
2021-01-18 07:00:00+00:00,0.878323636
2021-01-18 08:00:00+00:00,0.878027162
2021-01-18 09:00:00+00:00,0.878047804
2021-01-18 10:00:00+00:00,0.878403801
2021-01-18 11:00:00+00:00,0.878764932
2021-01-18 12:00:00+00:00,0.87912512
2021-01-18 13:00:00+00:00,0.879484288
2021-01-18 14:00:00+00:00,0.879225031
2021-01-18 15:00:00+00:00,0.878958903
2021-01-18 16:00:00+00:00,0.87865992
2021-01-18 17:00:00+00:00,0.878358959
2021-01-18 18:00:00+00:00,0.878056805
2021-01-18 19:00:00+00:00,0.877755081
2021-01-18 20:00:00+00:00,0.877454516
2021-01-18 21:00:00+00:00,0.877154961
2021-01-18 22:00:00+00:00,0.876862002
2021-01-18 23:00:00+00:00,0.876568837
2021-01-19 00:00:00+00:00,0.876275667
2021-01-19 01:00:00+00:00,0.875982414
2021-01-19 02:00:00+00:00,0.875689958
2021-01-19 03:00:00+00:00,0.875399908
2021-01-19 04:00:00+00:00,0.875108976
2021-01-19 05:00:00+00:00,0.874819217
2021-01-19 06:00:00+00:00,0.874528631
2021-01-19 07:00:00+00:00,0.87423494
2021-01-19 08:00:00+00:00,0.873936647
2021-01-19 09:00:00+00:00,0.87429605
2021-01-19 10:00:00+00:00,0.874650513
2021-01-19 11:00:00+00:00,0.875006453
2021-01-19 12:00:00+00:00,0.875366656
2021-01-19 13:00:00+00:00,0.87572581
2021-01-19 14:00:00+00:00,0.876086832
2021-01-19 15:00:00+00:00,0.876447949
2021-01-19 16:00:00+00:00,0.876195971
2021-01-19 17:00:00+00:00,0.875941445
2021-01-19 18:00:00+00:00,0.875682945
2021-01-19 19:00:00+00:00,0.875424486
2021-01-19 20:00:00+00:00,0.875145727
2021-01-19 21:00:00+00:00,0.874854508
2021-01-19 22:00:00+00:00,0.874842627
2021-01-19 23:00:00+00:00,0.874998382
2021-01-20 00:00:00+00:00,0.875306777
2021-01-20 01:00:00+00:00,0.875667193
2021-01-20 02:00:00+00:00,0.876031099
2021-01-20 03:00:00+00:00,0.876396129
2021-01-20 04:00:00+00:00,0.87675983
2021-01-20 05:00:00+00:00,0.87712277
2021-01-20 06:00:00+00:00,0.877482143
2021-01-20 07:00:00+00:00,0.877838144
2021-01-20 08:00:00+00:00,0.87819036
2021-01-20 09:00:00+00:00,0.878541175
2021-01-20 10:00:00+00:00,0.878892259
2021-01-20 11:00:00+00:00,0.879242865
2021-01-20 12:00:00+00:00,0.879593038
2021-01-20 13:00:00+00:00,0.879944729
2021-01-20 14:00:00+00:00,0.88029856
2021-01-20 15:00:00+00:00,0.880650781
2021-01-20 16:00:00+00:00,0.881002262
2021-01-20 17:00:00+00:00,0.881350309
2021-01-20 18:00:00+00:00,0.881696341
2021-01-20 19:00:00+00:00,0.882042814
2021-01-20 20:00:00+00:00,0.882390853
2021-01-20 21:00:00+00:00,0.88274
2021-01-20 22:00:00+00:00,0.883089569
2021-01-20 23:00:00+00:00,0.883438672
2021-01-21 00:00:00+00:00,0.883787915
2021-01-21 01:00:00+00:00,0.88413667
2021-01-21 02:00:00+00:00,0.884484992
2021-01-21 03:00:00+00:00,0.884833379
2021-01-21 04:00:00+00:00,0.885182586
2021-01-21 05:00:00+00:00,0.885531278
2021-01-21 06:00:00+00:00,0.885878655
2021-01-21 07:00:00+00:00,0.886223606
2021-01-21 08:00:00+00:00,0.886567639
2021-01-21 09:00:00+00:00,0.886912057
2021-01-21 10:00:00+00:00,0.887256584
2021-01-21 11:00:00+00:00,0.887600967
2021-01-21 12:00:00+00:00,0.887945407
2021-01-21 13:00:00+00:00,0.888290454
2021-01-21 14:00:00+00:00,0.888635618
2021-01-21 15:00:00+00:00,0.888979261
2021-01-21 16:00:00+00:00,0.889322669
2021-01-21 17:00:00+00:00,0.889665079
2021-01-21 18:00:00+00:00,0.890007572
2021-01-21 19:00:00+00:00,0.890349672
2021-01-21 20:00:00+00:00,0.89069323
2021-01-21 21:00:00+00:00,0.891037889
2021-01-21 22:00:00+00:00,0.891384856
2021-01-21 23:00:00+00:00,0.891735504
2021-01-22 00:00:00+00:00,0.892085882
2021-01-22 01:00:00+00:00,0.892436168
2021-01-22 02:00:00+00:00,0.892788297
2021-01-22 03:00:00+00:00,0.893142709
2021-01-22 04:00:00+00:00,0.893496052
2021-01-22 05:00:00+00:00,0.893850629
2021-01-22 06:00:00+00:00,0.894198944
2021-01-22 07:00:00+00:00,0.894545054
2021-01-22 08:00:00+00:00,0.89488931
2021-01-22 09:00:00+00:00,0.895231639
2021-01-22 10:00:00+00:00,0.895574662
2021-01-22 11:00:00+00:00,0.895916309
2021-01-22 12:00:00+00:00,0.896257037
2021-01-22 13:00:00+00:00,0.896598582
2021-01-22 14:00:00+00:00,0.896941382
2021-01-22 15:00:00+00:00,0.897282544
2021-01-22 16:00:00+00:00,0.897623237
2021-01-22 17:00:00+00:00,0.897964213
2021-01-22 18:00:00+00:00,0.898302045
2021-01-22 19:00:00+00:00,0.898639343
2021-01-22 20:00:00+00:00,0.898978937
2021-01-22 21:00:00+00:00,0.899319684
2021-01-22 22:00:00+00:00,0.899661568
2021-01-22 23:00:00+00:00,0.900008075
2021-01-23 00:00:00+00:00,0.900358828
2021-01-23 01:00:00+00:00,0.900711653
2021-01-23 02:00:00+00:00,0.901065519
2021-01-23 03:00:00+00:00,0.901419585
2021-01-23 04:00:00+00:00,0.901773804
2021-01-23 05:00:00+00:00,0.902124787
2021-01-23 06:00:00+00:00,0.90247772
2021-01-23 07:00:00+00:00,0.902829706
2021-01-23 08:00:00+00:00,0.90318141
2021-01-23 09:00:00+00:00,0.90353085
2021-01-23 10:00:00+00:00,0.90387883
2021-01-23 11:00:00+00:00,0.904226515
2021-01-23 12:00:00+00:00,0.904575349
2021-01-23 13:00:00+00:00,0.904923419
2021-01-23 14:00:00+00:00,0.90527255
2021-01-23 15:00:00+00:00,0.905622795
2021-01-23 16:00:00+00:00,0.905972571
2021-01-23 17:00:00+00:00,0.906319887
2021-01-23 18:00:00+00:00,0.90666599
2021-01-23 19:00:00+00:00,0.907009202
2021-01-23 20:00:00+00:00,0.907351571
2021-01-23 21:00:00+00:00,0.907698966
2021-01-23 22:00:00+00:00,0.908046676
2021-01-23 23:00:00+00:00,0.908395707
2021-01-24 00:00:00+00:00,0.908743831
2021-01-24 01:00:00+00:00,0.909097148
2021-01-24 02:00:00+00:00,0.909450481
2021-01-24 03:00:00+00:00,0.909803755
2021-01-24 04:00:00+00:00,0.910156826
2021-01-24 05:00:00+00:00,0.910504633
2021-01-24 06:00:00+00:00,0.910853647
2021-01-24 07:00:00+00:00,0.911204478
2021-01-24 08:00:00+00:00,0.911552203
2021-01-24 09:00:00+00:00,0.911899239
2021-01-24 10:00:00+00:00,0.91224606
2021-01-24 11:00:00+00:00,0.912592725
2021-01-24 12:00:00+00:00,0.912938722
2021-01-24 13:00:00+00:00,0.913284782
2021-01-24 14:00:00+00:00,0.913630125
2021-01-24 15:00:00+00:00,0.913975053
2021-01-24 16:00:00+00:00,0.914318839
2021-01-24 17:00:00+00:00,0.914664661
2021-01-24 18:00:00+00:00,0.915010184
2021-01-24 19:00:00+00:00,0.915351428
2021-01-24 20:00:00+00:00,0.915692574
2021-01-24 21:00:00+00:00,0.916036985
2021-01-24 22:00:00+00:00,0.916380378
2021-01-24 23:00:00+00:00,0.91672605
2021-01-25 00:00:00+00:00,0.917074308
2021-01-25 01:00:00+00:00,0.917427311
2021-01-25 02:00:00+00:00,0.917780477
2021-01-25 03:00:00+00:00,0.918133325
2021-01-25 04:00:00+00:00,0.918482487
2021-01-25 05:00:00+00:00,0.918830609
2021-01-25 06:00:00+00:00,0.919176953
2021-01-25 07:00:00+00:00,0.919517551
2021-01-25 08:00:00+00:00,0.919857366
2021-01-25 09:00:00+00:00,0.920196721
2021-01-25 10:00:00+00:00,0.920536808
2021-01-25 11:00:00+00:00,0.920877917
2021-01-25 12:00:00+00:00,0.921218841
2021-01-25 13:00:00+00:00,0.921560305
2021-01-25 14:00:00+00:00,0.921902118
2021-01-25 15:00:00+00:00,0.922244539
2021-01-25 16:00:00+00:00,0.922584841
2021-01-25 17:00:00+00:00,0.922821663
2021-01-25 18:00:00+00:00,0.922900909
2021-01-25 19:00:00+00:00,0.922866529
2021-01-25 20:00:00+00:00,0.922786557
2021-01-25 21:00:00+00:00,0.922834299
2021-01-25 22:00:00+00:00,0.923053966
2021-01-25 23:00:00+00:00,0.923320093
2021-01-26 00:00:00+00:00,0.923609005
2021-01-26 01:00:00+00:00,0.923881932
2021-01-26 02:00:00+00:00,0.924051672
2021-01-26 03:00:00+00:00,0.924198244
2021-01-26 04:00:00+00:00,0.924327741
2021-01-26 05:00:00+00:00,0.924328071
2021-01-26 06:00:00+00:00,0.924670849
2021-01-26 07:00:00+00:00,0.925011202
2021-01-26 08:00:00+00:00,0.92535054
2021-01-26 09:00:00+00:00,0.925042854
2021-01-26 10:00:00+00:00,0.924743012
2021-01-26 11:00:00+00:00,0.9244582
2021-01-26 12:00:00+00:00,0.924174739
2021-01-26 13:00:00+00:00,0.92388885
2021-01-26 14:00:00+00:00,0.923850643
2021-01-26 15:00:00+00:00,0.923723238
2021-01-26 16:00:00+00:00,0.924058551
2021-01-26 17:00:00+00:00,0.924393111
2021-01-26 18:00:00+00:00,0.924694548
2021-01-26 19:00:00+00:00,0.925014666
2021-01-26 20:00:00+00:00,0.925350022
2021-01-26 21:00:00+00:00,0.925687558
2021-01-26 22:00:00+00:00,0.92538097
2021-01-26 23:00:00+00:00,0.925086417
2021-01-27 00:00:00+00:00,0.924799519
2021-01-27 01:00:00+00:00,0.924511273
2021-01-27 02:00:00+00:00,0.924225336
2021-01-27 03:00:00+00:00,0.923940734
2021-01-27 04:00:00+00:00,0.923658528
2021-01-27 05:00:00+00:00,0.923372615
2021-01-27 06:00:00+00:00,0.923077422
2021-01-27 07:00:00+00:00,0.922774311
2021-01-27 08:00:00+00:00,0.922478036
2021-01-27 09:00:00+00:00,0.922813019
2021-01-27 10:00:00+00:00,0.923147691
2021-01-27 11:00:00+00:00,0.923483569
2021-01-27 12:00:00+00:00,0.923820004
2021-01-27 13:00:00+00:00,0.924156487
2021-01-27 14:00:00+00:00,0.924492891
2021-01-27 15:00:00+00:00,0.924828545
2021-01-27 16:00:00+00:00,0.925161932
2021-01-27 17:00:00+00:00,0.925494808
2021-01-27 18:00:00+00:00,0.925827468
2021-01-27 19:00:00+00:00,0.926159274
2021-01-27 20:00:00+00:00,0.926492542
2021-01-27 21:00:00+00:00,0.926827654
2021-01-27 22:00:00+00:00,0.927165507
2021-01-27 23:00:00+00:00,0.927502937
2021-01-28 00:00:00+00:00,0.92784045
2021-01-28 01:00:00+00:00,0.928178366
2021-01-28 02:00:00+00:00,0.928516381
2021-01-28 03:00:00+00:00,0.928854216
2021-01-28 04:00:00+00:00,0.9291921
2021-01-28 05:00:00+00:00,0.929529094
2021-01-28 06:00:00+00:00,0.929864064
2021-01-28 07:00:00+00:00,0.93019938
2021-01-28 08:00:00+00:00,0.930534774
2021-01-28 09:00:00+00:00,0.930869641
2021-01-28 10:00:00+00:00,0.931204082
2021-01-28 11:00:00+00:00,0.931540026
2021-01-28 12:00:00+00:00,0.931877659
2021-01-28 13:00:00+00:00,0.932215231
2021-01-28 14:00:00+00:00,0.932553135
2021-01-28 15:00:00+00:00,0.932891104
2021-01-28 16:00:00+00:00,0.933226121
2021-01-28 17:00:00+00:00,0.933558702
2021-01-28 18:00:00+00:00,0.933890289
2021-01-28 19:00:00+00:00,0.934221825
2021-01-28 20:00:00+00:00,0.934554103
2021-01-28 21:00:00+00:00,0.934889382
2021-01-28 22:00:00+00:00,0.935223972
2021-01-28 23:00:00+00:00,0.935559068
2021-01-29 00:00:00+00:00,0.935895004
2021-01-29 01:00:00+00:00,0.936232332
2021-01-29 02:00:00+00:00,0.93657603
2021-01-29 03:00:00+00:00,0.936917029
2021-01-29 04:00:00+00:00,0.93725924
2021-01-29 05:00:00+00:00,0.937595001
2021-01-29 06:00:00+00:00,0.937929295
2021-01-29 07:00:00+00:00,0.938263435
2021-01-29 08:00:00+00:00,0.93859693
2021-01-29 09:00:00+00:00,0.938930569
2021-01-29 10:00:00+00:00,0.939263683
2021-01-29 11:00:00+00:00,0.939597986
2021-01-29 12:00:00+00:00,0.939932749
2021-01-29 13:00:00+00:00,0.940266961
2021-01-29 14:00:00+00:00,0.940600969
2021-01-29 15:00:00+00:00,0.940935085
2021-01-29 16:00:00+00:00,0.941267379
2021-01-29 17:00:00+00:00,0.94159751
2021-01-29 18:00:00+00:00,0.941927239
2021-01-29 19:00:00+00:00,0.942259154
2021-01-29 20:00:00+00:00,0.94259115
2021-01-29 21:00:00+00:00,0.94292488
2021-01-29 22:00:00+00:00,0.943260425
2021-01-29 23:00:00+00:00,0.9435993
2021-01-30 00:00:00+00:00,0.943940784
2021-01-30 01:00:00+00:00,0.944279895
2021-01-30 02:00:00+00:00,0.944620986
2021-01-30 03:00:00+00:00,0.944964688
2021-01-30 04:00:00+00:00,0.945308882
2021-01-30 05:00:00+00:00,0.945650252
2021-01-30 06:00:00+00:00,0.945994438
2021-01-30 07:00:00+00:00,0.946337689
2021-01-30 08:00:00+00:00,0.946678722
2021-01-30 09:00:00+00:00,0.947019302
2021-01-30 10:00:00+00:00,0.947359263
2021-01-30 11:00:00+00:00,0.947698354
2021-01-30 12:00:00+00:00,0.948038606
2021-01-30 13:00:00+00:00,0.948380017
2021-01-30 14:00:00+00:00,0.948722617
2021-01-30 15:00:00+00:00,0.949065998
2021-01-30 16:00:00+00:00,0.949404253
2021-01-30 17:00:00+00:00,0.949741101
2021-01-30 18:00:00+00:00,0.950076573
2021-01-30 19:00:00+00:00,0.950413594
2021-01-30 20:00:00+00:00,0.950751742
2021-01-30 21:00:00+00:00,0.951090105
2021-01-30 22:00:00+00:00,0.951430156
2021-01-30 23:00:00+00:00,0.951768461
2021-01-31 00:00:00+00:00,0.952107111
2021-01-31 01:00:00+00:00,0.952448132
2021-01-31 02:00:00+00:00,0.952787543
2021-01-31 03:00:00+00:00,0.953126598
2021-01-31 04:00:00+00:00,0.953466801
2021-01-31 05:00:00+00:00,0.953806831
2021-01-31 06:00:00+00:00,0.954149554
2021-01-31 07:00:00+00:00,0.954490599
2021-01-31 08:00:00+00:00,0.954831293
2021-01-31 09:00:00+00:00,0.955170158
2021-01-31 10:00:00+00:00,0.955508873
2021-01-31 11:00:00+00:00,0.955849593
2021-01-31 12:00:00+00:00,0.956188495
2021-01-31 13:00:00+00:00,0.956528458
2021-01-31 14:00:00+00:00,0.956871786
2021-01-31 15:00:00+00:00,0.957213801
2021-01-31 16:00:00+00:00,0.957553211
2021-01-31 17:00:00+00:00,0.957892891
2021-01-31 18:00:00+00:00,0.958230587
2021-01-31 19:00:00+00:00,0.958568684
2021-01-31 20:00:00+00:00,0.958908407
2021-01-31 21:00:00+00:00,0.959249132
2021-01-31 22:00:00+00:00,0.959587358
2021-01-31 23:00:00+00:00,0.95992476
2021-02-01 00:00:00+00:00,0.960623419
2021-02-01 01:00:00+00:00,0.9613245
2021-02-01 02:00:00+00:00,0.962025226
2021-02-01 03:00:00+00:00,0.962729268
2021-02-01 04:00:00+00:00,0.963430881
2021-02-01 05:00:00+00:00,0.964133667
2021-02-01 06:00:00+00:00,0.964833919
2021-02-01 07:00:00+00:00,0.965530683
2021-02-01 08:00:00+00:00,0.966227192
2021-02-01 09:00:00+00:00,0.966927615
2021-02-01 10:00:00+00:00,0.967626298
2021-02-01 11:00:00+00:00,0.968320603
2021-02-01 12:00:00+00:00,0.969015264
2021-02-01 13:00:00+00:00,0.969710657
2021-02-01 14:00:00+00:00,0.970409017
2021-02-01 15:00:00+00:00,0.971104285
2021-02-01 16:00:00+00:00,0.971799791
2021-02-01 17:00:00+00:00,0.972493622
2021-02-01 18:00:00+00:00,0.973186439
2021-02-01 19:00:00+00:00,0.973879643
2021-02-01 20:00:00+00:00,0.974572987
2021-02-01 21:00:00+00:00,0.975267381
2021-02-01 22:00:00+00:00,0.975964891
2021-02-01 23:00:00+00:00,0.976664498
2021-02-02 00:00:00+00:00,0.977365669
2021-02-02 01:00:00+00:00,0.978067635
2021-02-02 02:00:00+00:00,0.978769836
2021-02-02 03:00:00+00:00,0.979470564
2021-02-02 04:00:00+00:00,0.980172316
2021-02-02 05:00:00+00:00,0.980873103
2021-02-02 06:00:00+00:00,0.981572358
2021-02-02 07:00:00+00:00,0.982268908
2021-02-02 08:00:00+00:00,0.982963737
2021-02-02 09:00:00+00:00,0.983658715
2021-02-02 10:00:00+00:00,0.984353706
2021-02-02 11:00:00+00:00,0.985048099
2021-02-02 12:00:00+00:00,0.985742577
2021-02-02 13:00:00+00:00,0.986436233
2021-02-02 14:00:00+00:00,0.987130325
2021-02-02 15:00:00+00:00,0.9878235
2021-02-02 16:00:00+00:00,0.988516076
2021-02-02 17:00:00+00:00,0.989208143
2021-02-02 18:00:00+00:00,0.989899922
2021-02-02 19:00:00+00:00,0.99059132
2021-02-02 20:00:00+00:00,0.991283785
2021-02-02 21:00:00+00:00,0.991978338
2021-02-02 22:00:00+00:00,0.992677366
2021-02-02 23:00:00+00:00,0.993378476
2021-02-03 00:00:00+00:00,0.994079724
2021-02-03 01:00:00+00:00,0.994780519
2021-02-03 02:00:00+00:00,0.995482272
2021-02-03 03:00:00+00:00,0.996185534
2021-02-03 04:00:00+00:00,0.99688643
2021-02-03 05:00:00+00:00,0.997587174
2021-02-03 06:00:00+00:00,0.998281708
2021-02-03 07:00:00+00:00,0.998975628
2021-02-03 08:00:00+00:00,0.99966866
2021-02-03 09:00:00+00:00,0.99966866
2021-02-03 10:00:00+00:00,0.99966866
2021-02-03 11:00:00+00:00,0.99966866
2021-02-03 12:00:00+00:00,0.99966866
2021-02-03 13:00:00+00:00,0.99966866
2021-02-03 14:00:00+00:00,0.99966866
2021-02-03 15:00:00+00:00,0.99966866
2021-02-03 16:00:00+00:00,0.99966866
2021-02-03 17:00:00+00:00,0.99966866
2021-02-03 18:00:00+00:00,0.99966866
2021-02-03 19:00:00+00:00,0.99966866
2021-02-03 20:00:00+00:00,0.99966866
2021-02-03 21:00:00+00:00,0.99966866
2021-02-03 22:00:00+00:00,0.99966866
2021-02-03 23:00:00+00:00,0.99966866
2021-02-04 00:00:00+00:00,0.99966866
2021-02-04 01:00:00+00:00,0.99966866
2021-02-04 02:00:00+00:00,0.99966866
2021-02-04 03:00:00+00:00,0.99966866
2021-02-04 04:00:00+00:00,0.999993747
2021-02-04 05:00:00+00:00,0.999993747
2021-02-04 06:00:00+00:00,0.999993747
2021-02-04 07:00:00+00:00,0.999993747
2021-02-04 08:00:00+00:00,0.999993747
2021-02-04 09:00:00+00:00,0.999993747
2021-02-04 10:00:00+00:00,0.999993747
2021-02-04 11:00:00+00:00,0.999993747
2021-02-04 12:00:00+00:00,0.999993747
2021-02-04 13:00:00+00:00,0.999993747
2021-02-04 14:00:00+00:00,0.999993747
2021-02-04 15:00:00+00:00,0.999993747
2021-02-04 16:00:00+00:00,0.999993747
2021-02-04 17:00:00+00:00,0.999993747
2021-02-04 18:00:00+00:00,0.999993747
2021-02-04 19:00:00+00:00,0.999993747
2021-02-04 20:00:00+00:00,0.999993747
2021-02-04 21:00:00+00:00,0.999993747
2021-02-04 22:00:00+00:00,0.999993747
2021-02-04 23:00:00+00:00,0.999993747
2021-02-05 00:00:00+00:00,0.999993747
2021-02-05 01:00:00+00:00,0.999993747
2021-02-05 02:00:00+00:00,0.999993747
2021-02-05 03:00:00+00:00,0.999993747
2021-02-05 04:00:00+00:00,0.999993747
2021-02-05 05:00:00+00:00,0.999993747
2021-02-05 06:00:00+00:00,0.999993747
2021-02-05 07:00:00+00:00,0.999993747
2021-02-05 08:00:00+00:00,0.999993747
2021-02-05 09:00:00+00:00,0.999993747
2021-02-05 10:00:00+00:00,0.999993747
2021-02-05 11:00:00+00:00,0.999993747
2021-02-05 12:00:00+00:00,0.999993747
2021-02-05 13:00:00+00:00,0.999993747
2021-02-05 14:00:00+00:00,0.999993747
2021-02-05 15:00:00+00:00,0.999993747
2021-02-05 16:00:00+00:00,0.999993747
2021-02-05 17:00:00+00:00,0.999993747
2021-02-05 18:00:00+00:00,0.999993747
2021-02-05 19:00:00+00:00,0.999993747
2021-02-05 20:00:00+00:00,0.999993747
2021-02-05 21:00:00+00:00,0.999993747
2021-02-05 22:00:00+00:00,0.999993747
2021-02-05 23:00:00+00:00,0.999993747
2021-02-06 00:00:00+00:00,0.999993747
2021-02-06 01:00:00+00:00,0.999993747
2021-02-06 02:00:00+00:00,0.999993747
2021-02-06 03:00:00+00:00,0.999993747
2021-02-06 04:00:00+00:00,0.999993747
2021-02-06 05:00:00+00:00,0.999993747
2021-02-06 06:00:00+00:00,0.999993747
2021-02-06 07:00:00+00:00,0.999993747
2021-02-06 08:00:00+00:00,0.999993747
2021-02-06 09:00:00+00:00,0.999993747
2021-02-06 10:00:00+00:00,0.999993747
2021-02-06 11:00:00+00:00,0.999993747
2021-02-06 12:00:00+00:00,0.999993747
2021-02-06 13:00:00+00:00,0.999993747
2021-02-06 14:00:00+00:00,0.999993747
2021-02-06 15:00:00+00:00,0.999993747
2021-02-06 16:00:00+00:00,0.999993747
2021-02-06 17:00:00+00:00,0.999993747
2021-02-06 18:00:00+00:00,0.999993747
2021-02-06 19:00:00+00:00,0.999993747
2021-02-06 20:00:00+00:00,0.999993747
2021-02-06 21:00:00+00:00,0.999993747
2021-02-06 22:00:00+00:00,0.999993747
2021-02-06 23:00:00+00:00,0.999993747
2021-02-07 00:00:00+00:00,0.999993747
2021-02-07 01:00:00+00:00,0.999993747
2021-02-07 02:00:00+00:00,0.999993747
2021-02-07 03:00:00+00:00,0.999993747
2021-02-07 04:00:00+00:00,0.999993747
2021-02-07 05:00:00+00:00,0.999993747
2021-02-07 06:00:00+00:00,0.999993747
2021-02-07 07:00:00+00:00,0.999993747
2021-02-07 08:00:00+00:00,0.999993747
2021-02-07 09:00:00+00:00,0.999993747
2021-02-07 10:00:00+00:00,0.999993747
2021-02-07 11:00:00+00:00,0.999993747
2021-02-07 12:00:00+00:00,0.999993747
2021-02-07 13:00:00+00:00,0.999993747
2021-02-07 14:00:00+00:00,0.999993747
2021-02-07 15:00:00+00:00,0.999993747
2021-02-07 16:00:00+00:00,0.999993747
2021-02-07 17:00:00+00:00,0.999993747
2021-02-07 18:00:00+00:00,0.999993747
2021-02-07 19:00:00+00:00,0.999993747
2021-02-07 20:00:00+00:00,0.999993747
2021-02-07 21:00:00+00:00,0.999993747
2021-02-07 22:00:00+00:00,0.999993747
2021-02-07 23:00:00+00:00,0.999993747
2021-02-08 00:00:00+00:00,0.999993747
2021-02-08 01:00:00+00:00,0.999993747
2021-02-08 02:00:00+00:00,0.999993747
2021-02-08 03:00:00+00:00,0.999993747
2021-02-08 04:00:00+00:00,0.999993747
2021-02-08 05:00:00+00:00,0.999993747
2021-02-08 06:00:00+00:00,0.999993747
2021-02-08 07:00:00+00:00,0.999993747
2021-02-08 08:00:00+00:00,0.999993747
2021-02-08 09:00:00+00:00,0.999993747
2021-02-08 10:00:00+00:00,0.999993747
2021-02-08 11:00:00+00:00,0.999993747
2021-02-08 12:00:00+00:00,0.999993747
2021-02-08 13:00:00+00:00,0.999993747
2021-02-08 14:00:00+00:00,0.999993747
2021-02-08 15:00:00+00:00,0.999993747
2021-02-08 16:00:00+00:00,0.999993747
2021-02-08 17:00:00+00:00,0.999993747
2021-02-08 18:00:00+00:00,0.999993747
2021-02-08 19:00:00+00:00,0.999993747
2021-02-08 20:00:00+00:00,0.999993747
2021-02-08 21:00:00+00:00,0.999993747
2021-02-08 22:00:00+00:00,0.999993747
2021-02-08 23:00:00+00:00,0.999993747
2021-02-09 00:00:00+00:00,0.999993747
2021-02-09 01:00:00+00:00,0.999993747
2021-02-09 02:00:00+00:00,0.999993747
2021-02-09 03:00:00+00:00,0.999993747
2021-02-09 04:00:00+00:00,0.999993747
2021-02-09 05:00:00+00:00,0.999993747
2021-02-09 06:00:00+00:00,0.999993747
2021-02-09 07:00:00+00:00,0.999993747
2021-02-09 08:00:00+00:00,0.999993747
2021-02-09 09:00:00+00:00,0.999993747
2021-02-09 10:00:00+00:00,0.999993747
2021-02-09 11:00:00+00:00,0.999993747
2021-02-09 12:00:00+00:00,0.999993747
2021-02-09 13:00:00+00:00,0.999993747
2021-02-09 14:00:00+00:00,0.999993747
2021-02-09 15:00:00+00:00,0.999993747
2021-02-09 16:00:00+00:00,0.999993747
2021-02-09 17:00:00+00:00,0.999993747
2021-02-09 18:00:00+00:00,0.999993747
2021-02-09 19:00:00+00:00,0.999993747
2021-02-09 20:00:00+00:00,0.999993747
2021-02-09 21:00:00+00:00,0.999993747
2021-02-09 22:00:00+00:00,0.999993747
2021-02-09 23:00:00+00:00,0.999993747
2021-02-10 00:00:00+00:00,0.999993747
2021-02-10 01:00:00+00:00,0.999993747
2021-02-10 02:00:00+00:00,0.999993747
2021-02-10 03:00:00+00:00,0.999993747
2021-02-10 04:00:00+00:00,0.999993747
2021-02-10 05:00:00+00:00,0.999993747
2021-02-10 06:00:00+00:00,0.999993747
2021-02-10 07:00:00+00:00,0.999993747
2021-02-10 08:00:00+00:00,0.999993747
2021-02-10 09:00:00+00:00,0.999993747
2021-02-10 10:00:00+00:00,0.999993747
2021-02-10 11:00:00+00:00,0.999993747
2021-02-10 12:00:00+00:00,0.999993747
2021-02-10 13:00:00+00:00,0.999993747
2021-02-10 14:00:00+00:00,0.999993747
2021-02-10 15:00:00+00:00,0.999993747
2021-02-10 16:00:00+00:00,0.999993747
2021-02-10 17:00:00+00:00,0.999993747
2021-02-10 18:00:00+00:00,0.999993747
2021-02-10 19:00:00+00:00,0.999993747
2021-02-10 20:00:00+00:00,0.999993747
2021-02-10 21:00:00+00:00,0.999993747
2021-02-10 22:00:00+00:00,0.999993747
2021-02-10 23:00:00+00:00,0.999993747
2021-02-11 00:00:00+00:00,0.999993747
2021-02-11 01:00:00+00:00,0.999993747
2021-02-11 02:00:00+00:00,0.999993747
2021-02-11 03:00:00+00:00,0.999993747
2021-02-11 04:00:00+00:00,0.999993747
2021-02-11 05:00:00+00:00,0.999993747
2021-02-11 06:00:00+00:00,0.999993747
2021-02-11 07:00:00+00:00,0.999993747
2021-02-11 08:00:00+00:00,0.999993747
2021-02-11 09:00:00+00:00,0.999993747
2021-02-11 10:00:00+00:00,0.999993747
2021-02-11 11:00:00+00:00,0.999993747
2021-02-11 12:00:00+00:00,0.999993747
2021-02-11 13:00:00+00:00,0.999993747
2021-02-11 14:00:00+00:00,0.999993747
2021-02-11 15:00:00+00:00,0.999993747
2021-02-11 16:00:00+00:00,0.999993747
2021-02-11 17:00:00+00:00,0.999993747
2021-02-11 18:00:00+00:00,0.999993747
2021-02-11 19:00:00+00:00,0.999993747
2021-02-11 20:00:00+00:00,0.999993747
2021-02-11 21:00:00+00:00,0.999993747
2021-02-11 22:00:00+00:00,0.999993747
2021-02-11 23:00:00+00:00,0.999993747
2021-02-12 00:00:00+00:00,0.999993747
2021-02-12 01:00:00+00:00,0.999993747
2021-02-12 02:00:00+00:00,0.999993747
2021-02-12 03:00:00+00:00,0.999993747
2021-02-12 04:00:00+00:00,0.999993747
2021-02-12 05:00:00+00:00,0.999993747
2021-02-12 06:00:00+00:00,0.999993747
2021-02-12 07:00:00+00:00,0.999993747
2021-02-12 08:00:00+00:00,0.999993747
2021-02-12 09:00:00+00:00,0.999993747
2021-02-12 10:00:00+00:00,0.999993747
2021-02-12 11:00:00+00:00,0.999993747
2021-02-12 12:00:00+00:00,0.999993747
2021-02-12 13:00:00+00:00,0.999993747
2021-02-12 14:00:00+00:00,0.999993747
2021-02-12 15:00:00+00:00,0.999993747
2021-02-12 16:00:00+00:00,0.999993747
2021-02-12 17:00:00+00:00,0.999993747
2021-02-12 18:00:00+00:00,0.999993747
2021-02-12 19:00:00+00:00,0.999993747
2021-02-12 20:00:00+00:00,0.999993747
2021-02-12 21:00:00+00:00,0.999993747
2021-02-12 22:00:00+00:00,0.999993747
2021-02-12 23:00:00+00:00,0.999993747
2021-02-13 00:00:00+00:00,0.999993747
2021-02-13 01:00:00+00:00,0.999993747
2021-02-13 02:00:00+00:00,0.999993747
2021-02-13 03:00:00+00:00,0.999993747
2021-02-13 04:00:00+00:00,0.999993747
2021-02-13 05:00:00+00:00,0.999993747
2021-02-13 06:00:00+00:00,0.999993747
2021-02-13 07:00:00+00:00,0.999993747
2021-02-13 08:00:00+00:00,0.999993747
2021-02-13 09:00:00+00:00,0.999993747
2021-02-13 10:00:00+00:00,0.999993747
2021-02-13 11:00:00+00:00,0.999993747
2021-02-13 12:00:00+00:00,0.999993747
2021-02-13 13:00:00+00:00,0.999993747
2021-02-13 14:00:00+00:00,0.999993747
2021-02-13 15:00:00+00:00,0.999993747
2021-02-13 16:00:00+00:00,0.999993747
2021-02-13 17:00:00+00:00,0.999993747
2021-02-13 18:00:00+00:00,0.999993747
2021-02-13 19:00:00+00:00,0.999993747
2021-02-13 20:00:00+00:00,0.999993747
2021-02-13 21:00:00+00:00,0.999993747
2021-02-13 22:00:00+00:00,0.999993747
2021-02-13 23:00:00+00:00,0.999993747
2021-02-14 00:00:00+00:00,0.999993747
2021-02-14 01:00:00+00:00,0.999993747
2021-02-14 02:00:00+00:00,0.999993747
2021-02-14 03:00:00+00:00,0.999993747
2021-02-14 04:00:00+00:00,0.999993747
2021-02-14 05:00:00+00:00,0.999993747
2021-02-14 06:00:00+00:00,0.999993747
2021-02-14 07:00:00+00:00,0.999993747
2021-02-14 08:00:00+00:00,0.999993747
2021-02-14 09:00:00+00:00,0.999993747
2021-02-14 10:00:00+00:00,0.999993747
2021-02-14 11:00:00+00:00,0.999993747
2021-02-14 12:00:00+00:00,0.999993747
2021-02-14 13:00:00+00:00,0.999993747
2021-02-14 14:00:00+00:00,0.999993747
2021-02-14 15:00:00+00:00,0.999993747
2021-02-14 16:00:00+00:00,0.999993747
2021-02-14 17:00:00+00:00,0.999993747
2021-02-14 18:00:00+00:00,0.999993747
2021-02-14 19:00:00+00:00,0.999993747
2021-02-14 20:00:00+00:00,0.999993747
2021-02-14 21:00:00+00:00,0.999993747
2021-02-14 22:00:00+00:00,0.999993747
2021-02-14 23:00:00+00:00,0.999993747
2021-02-15 00:00:00+00:00,0.999993747
2021-02-15 01:00:00+00:00,0.999993747
2021-02-15 02:00:00+00:00,0.999993747
2021-02-15 03:00:00+00:00,0.999993747
2021-02-15 04:00:00+00:00,0.999993747
2021-02-15 05:00:00+00:00,0.999993747
2021-02-15 06:00:00+00:00,0.999993747
2021-02-15 07:00:00+00:00,0.999993747
2021-02-15 08:00:00+00:00,0.999993747
2021-02-15 09:00:00+00:00,0.999993747
2021-02-15 10:00:00+00:00,0.999993747
2021-02-15 11:00:00+00:00,0.999993747
2021-02-15 12:00:00+00:00,0.999993747
2021-02-15 13:00:00+00:00,0.999993747
2021-02-15 14:00:00+00:00,0.999993747
2021-02-15 15:00:00+00:00,0.999993747
2021-02-15 16:00:00+00:00,0.999993747
2021-02-15 17:00:00+00:00,0.999993747
2021-02-15 18:00:00+00:00,0.999993747
2021-02-15 19:00:00+00:00,0.999993747
2021-02-15 20:00:00+00:00,0.999993747
2021-02-15 21:00:00+00:00,0.999993747
2021-02-15 22:00:00+00:00,0.999993747
2021-02-15 23:00:00+00:00,0.999993747
2021-02-16 00:00:00+00:00,0.999993747
2021-02-16 01:00:00+00:00,0.999993747
2021-02-16 02:00:00+00:00,0.999993747
2021-02-16 03:00:00+00:00,0.999993747
2021-02-16 04:00:00+00:00,0.999993747
2021-02-16 05:00:00+00:00,0.999993747
2021-02-16 06:00:00+00:00,0.999993747
2021-02-16 07:00:00+00:00,0.999993747
2021-02-16 08:00:00+00:00,0.999993747
2021-02-16 09:00:00+00:00,0.999993747
2021-02-16 10:00:00+00:00,0.999993747
2021-02-16 11:00:00+00:00,0.999993747
2021-02-16 12:00:00+00:00,0.999993747
2021-02-16 13:00:00+00:00,0.999993747
2021-02-16 14:00:00+00:00,0.999993747
2021-02-16 15:00:00+00:00,0.999993747
2021-02-16 16:00:00+00:00,0.999993747
2021-02-16 17:00:00+00:00,0.999993747
2021-02-16 18:00:00+00:00,0.999993747
2021-02-16 19:00:00+00:00,0.999993747
2021-02-16 20:00:00+00:00,0.999993747
2021-02-16 21:00:00+00:00,0.999993747
2021-02-16 22:00:00+00:00,0.999993747
2021-02-16 23:00:00+00:00,0.999993747
2021-02-17 00:00:00+00:00,0.999993747
2021-02-17 01:00:00+00:00,0.999993747
2021-02-17 02:00:00+00:00,0.999993747
2021-02-17 03:00:00+00:00,0.999993747
2021-02-17 04:00:00+00:00,0.999993747
2021-02-17 05:00:00+00:00,0.999993747
2021-02-17 06:00:00+00:00,0.999993747
2021-02-17 07:00:00+00:00,0.999993747
2021-02-17 08:00:00+00:00,0.999993747
2021-02-17 09:00:00+00:00,0.999993747
2021-02-17 10:00:00+00:00,0.999993747
2021-02-17 11:00:00+00:00,0.999993747
2021-02-17 12:00:00+00:00,0.999993747
2021-02-17 13:00:00+00:00,0.999993747
2021-02-17 14:00:00+00:00,0.999993747
2021-02-17 15:00:00+00:00,0.999993747
2021-02-17 16:00:00+00:00,0.999993747
2021-02-17 17:00:00+00:00,0.999993747
2021-02-17 18:00:00+00:00,0.999993747
2021-02-17 19:00:00+00:00,0.999993747
2021-02-17 20:00:00+00:00,0.999993747
2021-02-17 21:00:00+00:00,0.999993747
2021-02-17 22:00:00+00:00,0.999993747
2021-02-17 23:00:00+00:00,0.999993747
2021-02-18 00:00:00+00:00,0.999993747
2021-02-18 01:00:00+00:00,0.999993747
2021-02-18 02:00:00+00:00,0.999993747
2021-02-18 03:00:00+00:00,0.999993747
2021-02-18 04:00:00+00:00,0.999993747
2021-02-18 05:00:00+00:00,0.999993747
2021-02-18 06:00:00+00:00,0.999993747
2021-02-18 07:00:00+00:00,0.999993747
2021-02-18 08:00:00+00:00,0.999993747
2021-02-18 09:00:00+00:00,0.999993747
2021-02-18 10:00:00+00:00,0.999993747
2021-02-18 11:00:00+00:00,0.999993747
2021-02-18 12:00:00+00:00,0.999993747
2021-02-18 13:00:00+00:00,0.999993747
2021-02-18 14:00:00+00:00,0.999993747
2021-02-18 15:00:00+00:00,0.999993747
2021-02-18 16:00:00+00:00,0.999993747
2021-02-18 17:00:00+00:00,0.999993747
2021-02-18 18:00:00+00:00,0.999993747
2021-02-18 19:00:00+00:00,0.999993747
2021-02-18 20:00:00+00:00,0.999993747
2021-02-18 21:00:00+00:00,0.999993747
2021-02-18 22:00:00+00:00,0.999993747
2021-02-18 23:00:00+00:00,0.999993747
2021-02-19 00:00:00+00:00,0.999993747
2021-02-19 01:00:00+00:00,0.999993747
2021-02-19 02:00:00+00:00,0.999993747
2021-02-19 03:00:00+00:00,0.999993747
2021-02-19 04:00:00+00:00,0.999993747
2021-02-19 05:00:00+00:00,0.999993747
2021-02-19 06:00:00+00:00,0.999993747
2021-02-19 07:00:00+00:00,0.999993747
2021-02-19 08:00:00+00:00,0.999993747
2021-02-19 09:00:00+00:00,0.999993747
2021-02-19 10:00:00+00:00,0.999993747
2021-02-19 11:00:00+00:00,0.999993747
2021-02-19 12:00:00+00:00,0.999993747
2021-02-19 13:00:00+00:00,0.999993747
2021-02-19 14:00:00+00:00,0.999993747
2021-02-19 15:00:00+00:00,0.999993747
2021-02-19 16:00:00+00:00,0.999993747
2021-02-19 17:00:00+00:00,0.999993747
2021-02-19 18:00:00+00:00,0.999993747
2021-02-19 19:00:00+00:00,0.999993747
2021-02-19 20:00:00+00:00,0.999993747
2021-02-19 21:00:00+00:00,0.999993747
2021-02-19 22:00:00+00:00,0.999993747
2021-02-19 23:00:00+00:00,0.999993747
2021-02-20 00:00:00+00:00,0.999993747
2021-02-20 01:00:00+00:00,0.999993747
2021-02-20 02:00:00+00:00,0.999993747
2021-02-20 03:00:00+00:00,0.999993747
2021-02-20 04:00:00+00:00,0.999993747
2021-02-20 05:00:00+00:00,0.999993747
2021-02-20 06:00:00+00:00,0.999993747
2021-02-20 07:00:00+00:00,0.999993747
2021-02-20 08:00:00+00:00,0.999993747
2021-02-20 09:00:00+00:00,0.999993747
2021-02-20 10:00:00+00:00,0.999993747
2021-02-20 11:00:00+00:00,0.999993747
2021-02-20 12:00:00+00:00,0.999993747
2021-02-20 13:00:00+00:00,0.999993747
2021-02-20 14:00:00+00:00,0.999993747
2021-02-20 15:00:00+00:00,0.999993747
2021-02-20 16:00:00+00:00,0.999993747
2021-02-20 17:00:00+00:00,0.999993747
2021-02-20 18:00:00+00:00,0.999993747
2021-02-20 19:00:00+00:00,0.999993747
2021-02-20 20:00:00+00:00,0.999993747
2021-02-20 21:00:00+00:00,0.999993747
2021-02-20 22:00:00+00:00,0.999993747
2021-02-20 23:00:00+00:00,0.999993747
2021-02-21 00:00:00+00:00,0.999993747
2021-02-21 01:00:00+00:00,0.999993747
2021-02-21 02:00:00+00:00,0.999993747
2021-02-21 03:00:00+00:00,0.999993747
2021-02-21 04:00:00+00:00,0.999993747
2021-02-21 05:00:00+00:00,0.999993747
2021-02-21 06:00:00+00:00,0.999993747
2021-02-21 07:00:00+00:00,0.999993747
2021-02-21 08:00:00+00:00,0.999993747
2021-02-21 09:00:00+00:00,0.999993747
2021-02-21 10:00:00+00:00,0.999993747
2021-02-21 11:00:00+00:00,0.999993747
2021-02-21 12:00:00+00:00,0.999993747
2021-02-21 13:00:00+00:00,0.999993747
2021-02-21 14:00:00+00:00,0.999993747
2021-02-21 15:00:00+00:00,0.999993747
2021-02-21 16:00:00+00:00,0.999993747
2021-02-21 17:00:00+00:00,0.999993747
2021-02-21 18:00:00+00:00,0.999993747
2021-02-21 19:00:00+00:00,0.999993747
2021-02-21 20:00:00+00:00,0.999993747
2021-02-21 21:00:00+00:00,0.999993747
2021-02-21 22:00:00+00:00,0.999993747
2021-02-21 23:00:00+00:00,0.999993747
2021-02-22 00:00:00+00:00,0.999993747
2021-02-22 01:00:00+00:00,0.999993747
2021-02-22 02:00:00+00:00,0.999993747
2021-02-22 03:00:00+00:00,0.999993747
2021-02-22 04:00:00+00:00,0.999993747
2021-02-22 05:00:00+00:00,0.999993747
2021-02-22 06:00:00+00:00,0.999993747
2021-02-22 07:00:00+00:00,0.999993747
2021-02-22 08:00:00+00:00,0.999993747
2021-02-22 09:00:00+00:00,0.999993747
2021-02-22 10:00:00+00:00,0.999993747
2021-02-22 11:00:00+00:00,0.999993747
2021-02-22 12:00:00+00:00,0.999993747
2021-02-22 13:00:00+00:00,0.999993747
2021-02-22 14:00:00+00:00,0.999993747
2021-02-22 15:00:00+00:00,0.999993747
2021-02-22 16:00:00+00:00,0.999993747
2021-02-22 17:00:00+00:00,0.999993747
2021-02-22 18:00:00+00:00,0.999993747
2021-02-22 19:00:00+00:00,0.999993747
2021-02-22 20:00:00+00:00,0.999993747
2021-02-22 21:00:00+00:00,0.999993747
2021-02-22 22:00:00+00:00,0.999993747
2021-02-22 23:00:00+00:00,0.999993747
2021-02-23 00:00:00+00:00,0.999993747
2021-02-23 01:00:00+00:00,0.999993747
2021-02-23 02:00:00+00:00,0.999993747
2021-02-23 03:00:00+00:00,0.999993747
2021-02-23 04:00:00+00:00,0.999993747
2021-02-23 05:00:00+00:00,0.999993747
2021-02-23 06:00:00+00:00,0.999993747
2021-02-23 07:00:00+00:00,0.999993747
2021-02-23 08:00:00+00:00,0.999993747
2021-02-23 09:00:00+00:00,0.999993747
2021-02-23 10:00:00+00:00,0.999993747
2021-02-23 11:00:00+00:00,0.999993747
2021-02-23 12:00:00+00:00,0.999993747
2021-02-23 13:00:00+00:00,0.999993747
2021-02-23 14:00:00+00:00,0.999993747
2021-02-23 15:00:00+00:00,0.999993747
2021-02-23 16:00:00+00:00,0.999993747
2021-02-23 17:00:00+00:00,0.999993747
2021-02-23 18:00:00+00:00,0.999993747
2021-02-23 19:00:00+00:00,0.999993747
2021-02-23 20:00:00+00:00,0.999993747
2021-02-23 21:00:00+00:00,0.999993747
2021-02-23 22:00:00+00:00,0.999993747
2021-02-23 23:00:00+00:00,0.999993747
2021-02-24 00:00:00+00:00,0.999993747
2021-02-24 01:00:00+00:00,0.999993747
2021-02-24 02:00:00+00:00,0.999993747
2021-02-24 03:00:00+00:00,0.999993747
2021-02-24 04:00:00+00:00,0.999993747
2021-02-24 05:00:00+00:00,0.999993747
2021-02-24 06:00:00+00:00,0.999993747
2021-02-24 07:00:00+00:00,0.999993747
2021-02-24 08:00:00+00:00,0.999993747
2021-02-24 09:00:00+00:00,0.999993747
2021-02-24 10:00:00+00:00,0.999993747
2021-02-24 11:00:00+00:00,0.999993747
2021-02-24 12:00:00+00:00,0.999993747
2021-02-24 13:00:00+00:00,0.999993747
2021-02-24 14:00:00+00:00,0.999993747
2021-02-24 15:00:00+00:00,0.999993747
2021-02-24 16:00:00+00:00,0.999993747
2021-02-24 17:00:00+00:00,0.999993747
2021-02-24 18:00:00+00:00,0.999993747
2021-02-24 19:00:00+00:00,0.999993747
2021-02-24 20:00:00+00:00,0.999993747
2021-02-24 21:00:00+00:00,0.999993747
2021-02-24 22:00:00+00:00,0.999993747
2021-02-24 23:00:00+00:00,0.999993747
2021-02-25 00:00:00+00:00,0.999993747
2021-02-25 01:00:00+00:00,0.999993747
2021-02-25 02:00:00+00:00,0.999993747
2021-02-25 03:00:00+00:00,0.999993747
2021-02-25 04:00:00+00:00,0.999993747
2021-02-25 05:00:00+00:00,0.999993747
2021-02-25 06:00:00+00:00,0.999993747
2021-02-25 07:00:00+00:00,0.999993747
2021-02-25 08:00:00+00:00,0.999993747
2021-02-25 09:00:00+00:00,0.999993747
2021-02-25 10:00:00+00:00,0.999993747
2021-02-25 11:00:00+00:00,0.999993747
2021-02-25 12:00:00+00:00,0.999993747
2021-02-25 13:00:00+00:00,0.999993747
2021-02-25 14:00:00+00:00,0.999993747
2021-02-25 15:00:00+00:00,0.999993747
2021-02-25 16:00:00+00:00,0.999993747
2021-02-25 17:00:00+00:00,0.999993747
2021-02-25 18:00:00+00:00,0.999993747
2021-02-25 19:00:00+00:00,0.999993747
2021-02-25 20:00:00+00:00,0.999993747
2021-02-25 21:00:00+00:00,0.999993747
2021-02-25 22:00:00+00:00,0.999993747
2021-02-25 23:00:00+00:00,0.999993747
2021-02-26 00:00:00+00:00,0.999993747
2021-02-26 01:00:00+00:00,0.999993747
2021-02-26 02:00:00+00:00,0.999993747
2021-02-26 03:00:00+00:00,0.999993747
2021-02-26 04:00:00+00:00,0.999993747
2021-02-26 05:00:00+00:00,0.999993747
2021-02-26 06:00:00+00:00,0.999993747
2021-02-26 07:00:00+00:00,0.999993747
2021-02-26 08:00:00+00:00,0.999993747
2021-02-26 09:00:00+00:00,0.999993747
2021-02-26 10:00:00+00:00,0.999993747
2021-02-26 11:00:00+00:00,0.999993747
2021-02-26 12:00:00+00:00,0.999993747
2021-02-26 13:00:00+00:00,0.999993747
2021-02-26 14:00:00+00:00,0.999993747
2021-02-26 15:00:00+00:00,0.999993747
2021-02-26 16:00:00+00:00,0.999993747
2021-02-26 17:00:00+00:00,0.999993747
2021-02-26 18:00:00+00:00,0.999993747
2021-02-26 19:00:00+00:00,0.999993747
2021-02-26 20:00:00+00:00,0.999993747
2021-02-26 21:00:00+00:00,0.999993747
2021-02-26 22:00:00+00:00,0.999993747
2021-02-26 23:00:00+00:00,0.999993747
2021-02-27 00:00:00+00:00,0.999993747
2021-02-27 01:00:00+00:00,0.999993747
2021-02-27 02:00:00+00:00,0.999993747
2021-02-27 03:00:00+00:00,0.999993747
2021-02-27 04:00:00+00:00,0.999993747
2021-02-27 05:00:00+00:00,0.999993747
2021-02-27 06:00:00+00:00,0.999993747
2021-02-27 07:00:00+00:00,0.999993747
2021-02-27 08:00:00+00:00,0.999993747
2021-02-27 09:00:00+00:00,0.999993747
2021-02-27 10:00:00+00:00,0.999993747
2021-02-27 11:00:00+00:00,0.999993747
2021-02-27 12:00:00+00:00,0.999993747
2021-02-27 13:00:00+00:00,0.999993747
2021-02-27 14:00:00+00:00,0.999993747
2021-02-27 15:00:00+00:00,0.999993747
2021-02-27 16:00:00+00:00,0.999993747
2021-02-27 17:00:00+00:00,0.999993747
2021-02-27 18:00:00+00:00,0.999993747
2021-02-27 19:00:00+00:00,0.999993747
2021-02-27 20:00:00+00:00,0.999993747
2021-02-27 21:00:00+00:00,0.999993747
2021-02-27 22:00:00+00:00,0.999993747
2021-02-27 23:00:00+00:00,0.999993747
2021-02-28 00:00:00+00:00,0.999993747
2021-02-28 01:00:00+00:00,0.999993747
2021-02-28 02:00:00+00:00,0.999993747
2021-02-28 03:00:00+00:00,0.999993747
2021-02-28 04:00:00+00:00,0.999993747
2021-02-28 05:00:00+00:00,0.999993747
2021-02-28 06:00:00+00:00,0.999993747
2021-02-28 07:00:00+00:00,0.999993747
2021-02-28 08:00:00+00:00,0.999993747
2021-02-28 09:00:00+00:00,0.999993747
2021-02-28 10:00:00+00:00,0.999993747
2021-02-28 11:00:00+00:00,0.999993747
2021-02-28 12:00:00+00:00,0.999993747
2021-02-28 13:00:00+00:00,0.999993747
2021-02-28 14:00:00+00:00,0.999993747
2021-02-28 15:00:00+00:00,0.999993747
2021-02-28 16:00:00+00:00,0.999993747
2021-02-28 17:00:00+00:00,0.999993747
2021-02-28 18:00:00+00:00,0.999993747
2021-02-28 19:00:00+00:00,0.999993747
2021-02-28 20:00:00+00:00,0.999993747
2021-02-28 21:00:00+00:00,0.999993747
2021-02-28 22:00:00+00:00,0.999993747
2021-02-28 23:00:00+00:00,0.999993747
2021-03-01 00:00:00+00:00,0.999993747
2021-03-01 01:00:00+00:00,0.999993747
2021-03-01 02:00:00+00:00,0.999993747
2021-03-01 03:00:00+00:00,0.999993747
2021-03-01 04:00:00+00:00,0.999993747
2021-03-01 05:00:00+00:00,0.999993747
2021-03-01 06:00:00+00:00,0.999993747
2021-03-01 07:00:00+00:00,0.999993747
2021-03-01 08:00:00+00:00,0.999993747
2021-03-01 09:00:00+00:00,0.999993747
2021-03-01 10:00:00+00:00,0.999993747
2021-03-01 11:00:00+00:00,0.999993747
2021-03-01 12:00:00+00:00,0.999993747
2021-03-01 13:00:00+00:00,0.999993747
2021-03-01 14:00:00+00:00,0.999993747
2021-03-01 15:00:00+00:00,0.999993747
2021-03-01 16:00:00+00:00,0.999993747
2021-03-01 17:00:00+00:00,0.999903592
2021-03-01 18:00:00+00:00,0.999599426
2021-03-01 19:00:00+00:00,0.999817594
2021-03-01 20:00:00+00:00,0.99938401
2021-03-01 21:00:00+00:00,0.998959078
2021-03-01 22:00:00+00:00,0.998538646
2021-03-01 23:00:00+00:00,0.998153811
2021-03-02 00:00:00+00:00,0.998139775
2021-03-02 01:00:00+00:00,0.998141016
2021-03-02 02:00:00+00:00,0.99814581
2021-03-02 03:00:00+00:00,0.998112531
2021-03-02 04:00:00+00:00,0.997976484
2021-03-02 05:00:00+00:00,0.997702456
2021-03-02 06:00:00+00:00,0.997292516
2021-03-02 07:00:00+00:00,0.997515262
2021-03-02 08:00:00+00:00,0.997088567
2021-03-02 09:00:00+00:00,0.996673687
2021-03-02 10:00:00+00:00,0.996897133
2021-03-02 11:00:00+00:00,0.997120849
2021-03-02 12:00:00+00:00,0.997215486
2021-03-02 13:00:00+00:00,0.997435829
2021-03-02 14:00:00+00:00,0.99765776
2021-03-02 15:00:00+00:00,0.997709228
2021-03-02 16:00:00+00:00,0.997321271
2021-03-02 17:00:00+00:00,0.996887295
2021-03-02 18:00:00+00:00,0.996452713
2021-03-02 19:00:00+00:00,0.996017937
2021-03-02 20:00:00+00:00,0.995583868
2021-03-02 21:00:00+00:00,0.995149931
2021-03-02 22:00:00+00:00,0.994717912
2021-03-02 23:00:00+00:00,0.994289696
2021-03-03 00:00:00+00:00,0.99386502
2021-03-03 01:00:00+00:00,0.993440954
2021-03-03 02:00:00+00:00,0.993018158
2021-03-03 03:00:00+00:00,0.992594931
2021-03-03 04:00:00+00:00,0.99217348
2021-03-03 05:00:00+00:00,0.991746337
2021-03-03 06:00:00+00:00,0.99131687
2021-03-03 07:00:00+00:00,0.990886299
2021-03-03 08:00:00+00:00,0.990455988
2021-03-03 09:00:00+00:00,0.990026971
2021-03-03 10:00:00+00:00,0.989618587
2021-03-03 11:00:00+00:00,0.989848603
2021-03-03 12:00:00+00:00,0.990077116
2021-03-03 13:00:00+00:00,0.990304437
2021-03-03 14:00:00+00:00,0.989912092
2021-03-03 15:00:00+00:00,0.989517807
2021-03-03 16:00:00+00:00,0.989091747
2021-03-03 17:00:00+00:00,0.988658815
2021-03-03 18:00:00+00:00,0.988225331
2021-03-03 19:00:00+00:00,0.987792012
2021-03-03 20:00:00+00:00,0.987360054
2021-03-03 21:00:00+00:00,0.986928749
2021-03-03 22:00:00+00:00,0.986500664
2021-03-03 23:00:00+00:00,0.986073159
2021-03-04 00:00:00+00:00,0.985647726
2021-03-04 01:00:00+00:00,0.985221889
2021-03-04 02:00:00+00:00,0.9847964
2021-03-04 03:00:00+00:00,0.984372086
2021-03-04 04:00:00+00:00,0.98394779
2021-03-04 05:00:00+00:00,0.983523657
2021-03-04 06:00:00+00:00,0.983095401
2021-03-04 07:00:00+00:00,0.982666561
2021-03-04 08:00:00+00:00,0.982235892
2021-03-04 09:00:00+00:00,0.981829745
2021-03-04 10:00:00+00:00,0.982056645
2021-03-04 11:00:00+00:00,0.982286426
2021-03-04 12:00:00+00:00,0.982516601
2021-03-04 13:00:00+00:00,0.982744892
2021-03-04 14:00:00+00:00,0.982354677
2021-03-04 15:00:00+00:00,0.981961997
2021-03-04 16:00:00+00:00,0.981543737
2021-03-04 17:00:00+00:00,0.981113654
2021-03-04 18:00:00+00:00,0.980682324
2021-03-04 19:00:00+00:00,0.980250997
2021-03-04 20:00:00+00:00,0.97982229
2021-03-04 21:00:00+00:00,0.979395305
2021-03-04 22:00:00+00:00,0.978971744
2021-03-04 23:00:00+00:00,0.978549425
2021-03-05 00:00:00+00:00,0.978127425
2021-03-05 01:00:00+00:00,0.977705803
2021-03-05 02:00:00+00:00,0.977284493
2021-03-05 03:00:00+00:00,0.976863574
2021-03-05 04:00:00+00:00,0.976442644
2021-03-05 05:00:00+00:00,0.97602079
2021-03-05 06:00:00+00:00,0.975593993
2021-03-05 07:00:00+00:00,0.975167776
2021-03-05 08:00:00+00:00,0.974737168
2021-03-05 09:00:00+00:00,0.974324017
2021-03-05 10:00:00+00:00,0.973928622
2021-03-05 11:00:00+00:00,0.974157312
2021-03-05 12:00:00+00:00,0.974385478
2021-03-05 13:00:00+00:00,0.974613539
2021-03-05 14:00:00+00:00,0.974841341
2021-03-05 15:00:00+00:00,0.975071111
2021-03-05 16:00:00+00:00,0.975301215
2021-03-05 17:00:00+00:00,0.975524485
2021-03-05 18:00:00+00:00,0.975748977
2021-03-05 19:00:00+00:00,0.975971095
2021-03-05 20:00:00+00:00,0.976197225
2021-03-05 21:00:00+00:00,0.976425735
2021-03-05 22:00:00+00:00,0.976654384
2021-03-05 23:00:00+00:00,0.976888249
2021-03-06 00:00:00+00:00,0.977126124
2021-03-06 01:00:00+00:00,0.977364363
2021-03-06 02:00:00+00:00,0.977603198
2021-03-06 03:00:00+00:00,0.977842274
2021-03-06 04:00:00+00:00,0.978081408
2021-03-06 05:00:00+00:00,0.978320631
2021-03-06 06:00:00+00:00,0.97855998
2021-03-06 07:00:00+00:00,0.978793732
2021-03-06 08:00:00+00:00,0.979026998
2021-03-06 09:00:00+00:00,0.979262069
2021-03-06 10:00:00+00:00,0.979496208
2021-03-06 11:00:00+00:00,0.979730176
2021-03-06 12:00:00+00:00,0.979964037
2021-03-06 13:00:00+00:00,0.980203635
2021-03-06 14:00:00+00:00,0.97982337
2021-03-06 15:00:00+00:00,0.979443383
2021-03-06 16:00:00+00:00,0.979055451
2021-03-06 17:00:00+00:00,0.978634802
2021-03-06 18:00:00+00:00,0.978509492
2021-03-06 19:00:00+00:00,0.978384049
2021-03-06 20:00:00+00:00,0.978259395
2021-03-06 21:00:00+00:00,0.978136237
2021-03-06 22:00:00+00:00,0.978017063
2021-03-06 23:00:00+00:00,0.977903511
2021-03-07 00:00:00+00:00,0.977791087
2021-03-07 01:00:00+00:00,0.977679099
2021-03-07 02:00:00+00:00,0.977567391
2021-03-07 03:00:00+00:00,0.977456205
2021-03-07 04:00:00+00:00,0.977345379
2021-03-07 05:00:00+00:00,0.977234572
2021-03-07 06:00:00+00:00,0.977123672
2021-03-07 07:00:00+00:00,0.976769382
2021-03-07 08:00:00+00:00,0.976361358
2021-03-07 09:00:00+00:00,0.975972553
2021-03-07 10:00:00+00:00,0.976212437
2021-03-07 11:00:00+00:00,0.976456256
2021-03-07 12:00:00+00:00,0.976699994
2021-03-07 13:00:00+00:00,0.976943337
2021-03-07 14:00:00+00:00,0.976562391
2021-03-07 15:00:00+00:00,0.976183468
2021-03-07 16:00:00+00:00,0.97579433
2021-03-07 17:00:00+00:00,0.975521523
2021-03-07 18:00:00+00:00,0.975248001
2021-03-07 19:00:00+00:00,0.974971854
2021-03-07 20:00:00+00:00,0.974694744
2021-03-07 21:00:00+00:00,0.97442157
2021-03-07 22:00:00+00:00,0.97415075
2021-03-07 23:00:00+00:00,0.973752542
2021-03-08 00:00:00+00:00,0.973343786
2021-03-08 01:00:00+00:00,0.97294054
2021-03-08 02:00:00+00:00,0.972542774
2021-03-08 03:00:00+00:00,0.972149549
2021-03-08 04:00:00+00:00,0.971757355
2021-03-08 05:00:00+00:00,0.971358938
2021-03-08 06:00:00+00:00,0.971396508
2021-03-08 07:00:00+00:00,0.971371154
2021-03-08 08:00:00+00:00,0.970963004
2021-03-08 09:00:00+00:00,0.970569667
2021-03-08 10:00:00+00:00,0.970808189
2021-03-08 11:00:00+00:00,0.971045975
2021-03-08 12:00:00+00:00,0.971284957
2021-03-08 13:00:00+00:00,0.971522798
2021-03-08 14:00:00+00:00,0.971760494
2021-03-08 15:00:00+00:00,0.971994297
2021-03-08 16:00:00+00:00,0.9722289
2021-03-08 17:00:00+00:00,0.972461143
2021-03-08 18:00:00+00:00,0.972402756
2021-03-08 19:00:00+00:00,0.972245631
2021-03-08 20:00:00+00:00,0.972162413
2021-03-08 21:00:00+00:00,0.972109278
2021-03-08 22:00:00+00:00,0.972223791
2021-03-08 23:00:00+00:00,0.97245466
2021-03-09 00:00:00+00:00,0.972694954
2021-03-09 01:00:00+00:00,0.972935641
2021-03-09 02:00:00+00:00,0.973176421
2021-03-09 03:00:00+00:00,0.973417616
2021-03-09 04:00:00+00:00,0.973565648
2021-03-09 05:00:00+00:00,0.973519263
2021-03-09 06:00:00+00:00,0.973349007
2021-03-09 07:00:00+00:00,0.973227147
2021-03-09 08:00:00+00:00,0.973407841
2021-03-09 09:00:00+00:00,0.973640395
2021-03-09 10:00:00+00:00,0.973878688
2021-03-09 11:00:00+00:00,0.974121862
2021-03-09 12:00:00+00:00,0.974364921
2021-03-09 13:00:00+00:00,0.974607032
2021-03-09 14:00:00+00:00,0.974845213
2021-03-09 15:00:00+00:00,0.97508391
2021-03-09 16:00:00+00:00,0.975322368
2021-03-09 17:00:00+00:00,0.974908334
2021-03-09 18:00:00+00:00,0.974848357
2021-03-09 19:00:00+00:00,0.974787669
2021-03-09 20:00:00+00:00,0.974728489
2021-03-09 21:00:00+00:00,0.974672211
2021-03-09 22:00:00+00:00,0.974622257
2021-03-09 23:00:00+00:00,0.974574425
2021-03-10 00:00:00+00:00,0.974525843
2021-03-10 01:00:00+00:00,0.974227136
2021-03-10 02:00:00+00:00,0.973818246
2021-03-10 03:00:00+00:00,0.973412956
2021-03-10 04:00:00+00:00,0.973004927
2021-03-10 05:00:00+00:00,0.972594807
2021-03-10 06:00:00+00:00,0.972184508
2021-03-10 07:00:00+00:00,0.971774096
2021-03-10 08:00:00+00:00,0.972011538
2021-03-10 09:00:00+00:00,0.972252329
2021-03-10 10:00:00+00:00,0.972495036
2021-03-10 11:00:00+00:00,0.9727368
2021-03-10 12:00:00+00:00,0.972976317
2021-03-10 13:00:00+00:00,0.973217005
2021-03-10 14:00:00+00:00,0.973459547
2021-03-10 15:00:00+00:00,0.973701854
2021-03-10 16:00:00+00:00,0.973941574
2021-03-10 17:00:00+00:00,0.974179097
2021-03-10 18:00:00+00:00,0.97441563
2021-03-10 19:00:00+00:00,0.974652409
2021-03-10 20:00:00+00:00,0.974891628
2021-03-10 21:00:00+00:00,0.975131983
2021-03-10 22:00:00+00:00,0.975374424
2021-03-10 23:00:00+00:00,0.975617122
2021-03-11 00:00:00+00:00,0.975860796
2021-03-11 01:00:00+00:00,0.976106375
2021-03-11 02:00:00+00:00,0.976353569
2021-03-11 03:00:00+00:00,0.976601888
2021-03-11 04:00:00+00:00,0.976850116
2021-03-11 05:00:00+00:00,0.977098025
2021-03-11 06:00:00+00:00,0.977342357
2021-03-11 07:00:00+00:00,0.977583266
2021-03-11 08:00:00+00:00,0.977823551
2021-03-11 09:00:00+00:00,0.978066383
2021-03-11 10:00:00+00:00,0.978307441
2021-03-11 11:00:00+00:00,0.978554327
2021-03-11 12:00:00+00:00,0.978800752
2021-03-11 13:00:00+00:00,0.979047976
2021-03-11 14:00:00+00:00,0.979294787
2021-03-11 15:00:00+00:00,0.979535983
2021-03-11 16:00:00+00:00,0.979774692
2021-03-11 17:00:00+00:00,0.980012506
2021-03-11 18:00:00+00:00,0.980246257
2021-03-11 19:00:00+00:00,0.980479947
2021-03-11 20:00:00+00:00,0.980718707
2021-03-11 21:00:00+00:00,0.980960683
2021-03-11 22:00:00+00:00,0.981204084
2021-03-11 23:00:00+00:00,0.981449759
2021-03-12 00:00:00+00:00,0.981696787
2021-03-12 01:00:00+00:00,0.981944052
2021-03-12 02:00:00+00:00,0.982192038
2021-03-12 03:00:00+00:00,0.98244129
2021-03-12 04:00:00+00:00,0.982690344
2021-03-12 05:00:00+00:00,0.982937831
2021-03-12 06:00:00+00:00,0.983181413
2021-03-12 07:00:00+00:00,0.983423528
2021-03-12 08:00:00+00:00,0.98366138
2021-03-12 09:00:00+00:00,0.983904344
2021-03-12 10:00:00+00:00,0.984144952
2021-03-12 11:00:00+00:00,0.984391466
2021-03-12 12:00:00+00:00,0.984638907
2021-03-12 13:00:00+00:00,0.984886366
2021-03-12 14:00:00+00:00,0.985134057
2021-03-12 15:00:00+00:00,0.985376707
2021-03-12 16:00:00+00:00,0.985616957
2021-03-12 17:00:00+00:00,0.985853634
2021-03-12 18:00:00+00:00,0.985924998
2021-03-12 19:00:00+00:00,0.986160366
2021-03-12 20:00:00+00:00,0.98639704
2021-03-12 21:00:00+00:00,0.986636212
2021-03-12 22:00:00+00:00,0.986692506
2021-03-12 23:00:00+00:00,0.986750014
2021-03-13 00:00:00+00:00,0.98681325
2021-03-13 01:00:00+00:00,0.986878037
2021-03-13 02:00:00+00:00,0.986943497
2021-03-13 03:00:00+00:00,0.987009594
2021-03-13 04:00:00+00:00,0.987074711
2021-03-13 05:00:00+00:00,0.987139696
2021-03-13 06:00:00+00:00,0.987030338
2021-03-13 07:00:00+00:00,0.987195542
2021-03-13 08:00:00+00:00,0.987444474
2021-03-13 09:00:00+00:00,0.987696733
2021-03-13 10:00:00+00:00,0.987949846
2021-03-13 11:00:00+00:00,0.988203116
2021-03-13 12:00:00+00:00,0.988456637
2021-03-13 13:00:00+00:00,0.988710442
2021-03-13 14:00:00+00:00,0.988964458
2021-03-13 15:00:00+00:00,0.989218295
2021-03-13 16:00:00+00:00,0.989471945
2021-03-13 17:00:00+00:00,0.989718447
2021-03-13 18:00:00+00:00,0.989963563
2021-03-13 19:00:00+00:00,0.990210533
2021-03-13 20:00:00+00:00,0.99045805
2021-03-13 21:00:00+00:00,0.990706717
2021-03-13 22:00:00+00:00,0.990959151
2021-03-13 23:00:00+00:00,0.991212987
2021-03-14 00:00:00+00:00,0.991468148
2021-03-14 01:00:00+00:00,0.991723499
2021-03-14 02:00:00+00:00,0.991979228
2021-03-14 03:00:00+00:00,0.992235347
2021-03-14 04:00:00+00:00,0.992491535
2021-03-14 05:00:00+00:00,0.992747899
2021-03-14 06:00:00+00:00,0.993004121
2021-03-14 07:00:00+00:00,0.993258462
2021-03-14 08:00:00+00:00,0.993512292
2021-03-14 09:00:00+00:00,0.993766708
2021-03-14 10:00:00+00:00,0.994020455
2021-03-14 11:00:00+00:00,0.994272832
2021-03-14 12:00:00+00:00,0.99452518
2021-03-14 13:00:00+00:00,0.994777804
2021-03-14 14:00:00+00:00,0.995031886
2021-03-14 15:00:00+00:00,0.995286065
2021-03-14 16:00:00+00:00,0.995534356
2021-03-14 17:00:00+00:00,0.995782464
2021-03-14 18:00:00+00:00,0.996027473
2021-03-14 19:00:00+00:00,0.996269382
2021-03-14 20:00:00+00:00,0.996512478
2021-03-14 21:00:00+00:00,0.996757316
2021-03-14 22:00:00+00:00,0.99700331
2021-03-14 23:00:00+00:00,0.997252034
2021-03-15 00:00:00+00:00,0.997504699
2021-03-15 01:00:00+00:00,0.997758337
2021-03-15 02:00:00+00:00,0.998012221
2021-03-15 03:00:00+00:00,0.998266143
2021-03-15 04:00:00+00:00,0.998517769
2021-03-15 05:00:00+00:00,0.99876916
2021-03-15 06:00:00+00:00,0.999018374
2021-03-15 07:00:00+00:00,0.999265405
2021-03-15 08:00:00+00:00,0.999512175
2021-03-15 09:00:00+00:00,0.99975551
2021-03-15 10:00:00+00:00,0.99975551
2021-03-15 11:00:00+00:00,0.99975551
2021-03-15 12:00:00+00:00,0.99975551
2021-03-15 13:00:00+00:00,0.99975551
2021-03-15 14:00:00+00:00,0.99975551
2021-03-15 15:00:00+00:00,0.99975551
2021-03-15 16:00:00+00:00,0.99975551
2021-03-15 17:00:00+00:00,0.99975551
2021-03-15 18:00:00+00:00,0.999996702
2021-03-15 19:00:00+00:00,0.999996702
2021-03-15 20:00:00+00:00,0.999996702
2021-03-15 21:00:00+00:00,0.999996702
2021-03-15 22:00:00+00:00,0.999996702
2021-03-15 23:00:00+00:00,0.999996702
2021-03-16 00:00:00+00:00,0.999996702
2021-03-16 01:00:00+00:00,0.999996702
2021-03-16 02:00:00+00:00,0.999996702
2021-03-16 03:00:00+00:00,0.999996702
2021-03-16 04:00:00+00:00,0.999996702
2021-03-16 05:00:00+00:00,0.999996702
2021-03-16 06:00:00+00:00,0.999996702
2021-03-16 07:00:00+00:00,0.999996702
2021-03-16 08:00:00+00:00,0.999996702
2021-03-16 09:00:00+00:00,0.999996702
2021-03-16 10:00:00+00:00,0.999996702
2021-03-16 11:00:00+00:00,0.999996702
2021-03-16 12:00:00+00:00,0.999996702
2021-03-16 13:00:00+00:00,0.999996702
2021-03-16 14:00:00+00:00,0.999996702
2021-03-16 15:00:00+00:00,0.999996702
2021-03-16 16:00:00+00:00,0.999996702
2021-03-16 17:00:00+00:00,0.999996702
2021-03-16 18:00:00+00:00,0.999996702
2021-03-16 19:00:00+00:00,0.999996702
2021-03-16 20:00:00+00:00,0.999996702
2021-03-16 21:00:00+00:00,0.999996702
2021-03-16 22:00:00+00:00,0.999996702
2021-03-16 23:00:00+00:00,0.999996702
2021-03-17 00:00:00+00:00,0.999996702
2021-03-17 01:00:00+00:00,0.999996702
2021-03-17 02:00:00+00:00,0.999996702
2021-03-17 03:00:00+00:00,0.999996702
2021-03-17 04:00:00+00:00,0.999996702
2021-03-17 05:00:00+00:00,0.999996702
2021-03-17 06:00:00+00:00,0.999996702
2021-03-17 07:00:00+00:00,0.999996702
2021-03-17 08:00:00+00:00,0.999996702
2021-03-17 09:00:00+00:00,0.999996702
2021-03-17 10:00:00+00:00,0.999996702
2021-03-17 11:00:00+00:00,0.999996702
2021-03-17 12:00:00+00:00,0.999996702
2021-03-17 13:00:00+00:00,0.999996702
2021-03-17 14:00:00+00:00,0.999996702
2021-03-17 15:00:00+00:00,0.999996702
2021-03-17 16:00:00+00:00,0.999996702
2021-03-17 17:00:00+00:00,0.999996702
2021-03-17 18:00:00+00:00,0.999996702
2021-03-17 19:00:00+00:00,0.999996702
2021-03-17 20:00:00+00:00,0.999996702
2021-03-17 21:00:00+00:00,0.999996702
2021-03-17 22:00:00+00:00,0.999996702
2021-03-17 23:00:00+00:00,0.999996702
2021-03-18 00:00:00+00:00,0.999996702
2021-03-18 01:00:00+00:00,0.999996702
2021-03-18 02:00:00+00:00,0.999996702
2021-03-18 03:00:00+00:00,0.999996702
2021-03-18 04:00:00+00:00,0.999996702
2021-03-18 05:00:00+00:00,0.999996702
2021-03-18 06:00:00+00:00,0.999996702
2021-03-18 07:00:00+00:00,0.999996702
2021-03-18 08:00:00+00:00,0.999996702
2021-03-18 09:00:00+00:00,0.999996702
2021-03-18 10:00:00+00:00,0.999996702
2021-03-18 11:00:00+00:00,0.999996702
2021-03-18 12:00:00+00:00,0.999996702
2021-03-18 13:00:00+00:00,0.999996702
2021-03-18 14:00:00+00:00,0.999996702
2021-03-18 15:00:00+00:00,0.999996702
2021-03-18 16:00:00+00:00,0.999996702
2021-03-18 17:00:00+00:00,0.999996702
2021-03-18 18:00:00+00:00,0.999996702
2021-03-18 19:00:00+00:00,0.999996702
2021-03-18 20:00:00+00:00,0.999996702
2021-03-18 21:00:00+00:00,0.999996702
2021-03-18 22:00:00+00:00,0.999996702
2021-03-18 23:00:00+00:00,0.999996702
2021-03-19 00:00:00+00:00,0.999996702
2021-03-19 01:00:00+00:00,0.999996702
2021-03-19 02:00:00+00:00,0.999996702
2021-03-19 03:00:00+00:00,0.999996702
2021-03-19 04:00:00+00:00,0.999996702
2021-03-19 05:00:00+00:00,0.999996702
2021-03-19 06:00:00+00:00,0.999996702
2021-03-19 07:00:00+00:00,0.999996702
2021-03-19 08:00:00+00:00,0.999996702
2021-03-19 09:00:00+00:00,0.999996702
2021-03-19 10:00:00+00:00,0.999996702
2021-03-19 11:00:00+00:00,0.999996702
2021-03-19 12:00:00+00:00,0.999996702
2021-03-19 13:00:00+00:00,0.999996702
2021-03-19 14:00:00+00:00,0.999996702
2021-03-19 15:00:00+00:00,0.999996702
2021-03-19 16:00:00+00:00,0.999996702
2021-03-19 17:00:00+00:00,0.999996702
2021-03-19 18:00:00+00:00,0.999996702
2021-03-19 19:00:00+00:00,0.999996702
2021-03-19 20:00:00+00:00,0.999996702
2021-03-19 21:00:00+00:00,0.999996702
2021-03-19 22:00:00+00:00,0.999996702
2021-03-19 23:00:00+00:00,0.999996702
2021-03-20 00:00:00+00:00,0.999996702
2021-03-20 01:00:00+00:00,0.999996702
2021-03-20 02:00:00+00:00,0.999996702
2021-03-20 03:00:00+00:00,0.999996702
2021-03-20 04:00:00+00:00,0.999996702
2021-03-20 05:00:00+00:00,0.999996702
2021-03-20 06:00:00+00:00,0.999996702
2021-03-20 07:00:00+00:00,0.999996702
2021-03-20 08:00:00+00:00,0.999996702
2021-03-20 09:00:00+00:00,0.999996702
2021-03-20 10:00:00+00:00,0.999996702
2021-03-20 11:00:00+00:00,0.999996702
2021-03-20 12:00:00+00:00,0.999996702
2021-03-20 13:00:00+00:00,0.999996702
2021-03-20 14:00:00+00:00,0.999996702
2021-03-20 15:00:00+00:00,0.999996702
2021-03-20 16:00:00+00:00,0.999996702
2021-03-20 17:00:00+00:00,0.999996702
2021-03-20 18:00:00+00:00,0.999996702
2021-03-20 19:00:00+00:00,0.999996702
2021-03-20 20:00:00+00:00,0.999996702
2021-03-20 21:00:00+00:00,0.999996702
2021-03-20 22:00:00+00:00,0.999996702
2021-03-20 23:00:00+00:00,0.999996702
2021-03-21 00:00:00+00:00,0.999996702
2021-03-21 01:00:00+00:00,0.999996702
2021-03-21 02:00:00+00:00,0.999996702
2021-03-21 03:00:00+00:00,0.999996702
2021-03-21 04:00:00+00:00,0.999996702
2021-03-21 05:00:00+00:00,0.999996702
2021-03-21 06:00:00+00:00,0.999996702
2021-03-21 07:00:00+00:00,0.999996702
2021-03-21 08:00:00+00:00,0.999996702
2021-03-21 09:00:00+00:00,0.999996702
2021-03-21 10:00:00+00:00,0.999996702
2021-03-21 11:00:00+00:00,0.999996702
2021-03-21 12:00:00+00:00,0.999996702
2021-03-21 13:00:00+00:00,0.999996702
2021-03-21 14:00:00+00:00,0.999996702
2021-03-21 15:00:00+00:00,0.999996702
2021-03-21 16:00:00+00:00,0.999996702
2021-03-21 17:00:00+00:00,0.999996702
2021-03-21 18:00:00+00:00,0.999996702
2021-03-21 19:00:00+00:00,0.999996702
2021-03-21 20:00:00+00:00,0.999996702
2021-03-21 21:00:00+00:00,0.999996702
2021-03-21 22:00:00+00:00,0.999996702
2021-03-21 23:00:00+00:00,0.999996702
2021-03-22 00:00:00+00:00,0.999996702
2021-03-22 01:00:00+00:00,0.999996702
2021-03-22 02:00:00+00:00,0.999996702
2021-03-22 03:00:00+00:00,0.999996702
2021-03-22 04:00:00+00:00,0.999996702
2021-03-22 05:00:00+00:00,0.999996702
2021-03-22 06:00:00+00:00,0.999996702
2021-03-22 07:00:00+00:00,0.999996702
2021-03-22 08:00:00+00:00,0.999996702
2021-03-22 09:00:00+00:00,0.999996702
2021-03-22 10:00:00+00:00,0.999996702
2021-03-22 11:00:00+00:00,0.999996702
2021-03-22 12:00:00+00:00,0.999996702
2021-03-22 13:00:00+00:00,0.999996702
2021-03-22 14:00:00+00:00,0.999996702
2021-03-22 15:00:00+00:00,0.999996702
2021-03-22 16:00:00+00:00,0.999996702
2021-03-22 17:00:00+00:00,0.999996702
2021-03-22 18:00:00+00:00,0.999996702
2021-03-22 19:00:00+00:00,0.999996702
2021-03-22 20:00:00+00:00,0.999996702
2021-03-22 21:00:00+00:00,0.999996702
2021-03-22 22:00:00+00:00,0.999996702
2021-03-22 23:00:00+00:00,0.999996702
2021-03-23 00:00:00+00:00,0.999996702
2021-03-23 01:00:00+00:00,0.999996702
2021-03-23 02:00:00+00:00,0.999996702
2021-03-23 03:00:00+00:00,0.999996702
2021-03-23 04:00:00+00:00,0.999996702
2021-03-23 05:00:00+00:00,0.999996702
2021-03-23 06:00:00+00:00,0.999996702
2021-03-23 07:00:00+00:00,0.999732795
2021-03-23 08:00:00+00:00,0.999974186
2021-03-23 09:00:00+00:00,0.999974186
2021-03-23 10:00:00+00:00,0.999974186
2021-03-23 11:00:00+00:00,0.999974186
2021-03-23 12:00:00+00:00,0.999974186
2021-03-23 13:00:00+00:00,0.999974186
2021-03-23 14:00:00+00:00,0.999974186
2021-03-23 15:00:00+00:00,0.999974186
2021-03-23 16:00:00+00:00,0.999974186
2021-03-23 17:00:00+00:00,0.999974186
2021-03-23 18:00:00+00:00,0.999557736
2021-03-23 19:00:00+00:00,0.999140455
2021-03-23 20:00:00+00:00,0.998724179
2021-03-23 21:00:00+00:00,0.998312065
2021-03-23 22:00:00+00:00,0.997901357
2021-03-23 23:00:00+00:00,0.997493579
2021-03-24 00:00:00+00:00,0.997086908
2021-03-24 01:00:00+00:00,0.996680927
2021-03-24 02:00:00+00:00,0.996274686
2021-03-24 03:00:00+00:00,0.995868686
2021-03-24 04:00:00+00:00,0.995462459
2021-03-24 05:00:00+00:00,0.995056529
2021-03-24 06:00:00+00:00,0.994647564
2021-03-24 07:00:00+00:00,0.994236529
2021-03-24 08:00:00+00:00,0.994476951
2021-03-24 09:00:00+00:00,0.994719387
2021-03-24 10:00:00+00:00,0.994963812
2021-03-24 11:00:00+00:00,0.995206971
2021-03-24 12:00:00+00:00,0.99545116
2021-03-24 13:00:00+00:00,0.995697285
2021-03-24 14:00:00+00:00,0.995944283
2021-03-24 15:00:00+00:00,0.996191404
2021-03-24 16:00:00+00:00,0.996439096
2021-03-24 17:00:00+00:00,0.996518476
2021-03-24 18:00:00+00:00,0.996104755
2021-03-24 19:00:00+00:00,0.995689203
2021-03-24 20:00:00+00:00,0.995278292
2021-03-24 21:00:00+00:00,0.994868518
2021-03-24 22:00:00+00:00,0.994462511
2021-03-24 23:00:00+00:00,0.994057421
2021-03-25 00:00:00+00:00,0.99365306
2021-03-25 01:00:00+00:00,0.993249715
2021-03-25 02:00:00+00:00,0.992846961
2021-03-25 03:00:00+00:00,0.992443834
2021-03-25 04:00:00+00:00,0.992040957
2021-03-25 05:00:00+00:00,0.99163548
2021-03-25 06:00:00+00:00,0.991225296
2021-03-25 07:00:00+00:00,0.990875008
2021-03-25 08:00:00+00:00,0.991117541
2021-03-25 09:00:00+00:00,0.991363668
2021-03-25 10:00:00+00:00,0.991611394
2021-03-25 11:00:00+00:00,0.991858972
2021-03-25 12:00:00+00:00,0.992105013
2021-03-25 13:00:00+00:00,0.992350805
2021-03-25 14:00:00+00:00,0.99259665
2021-03-25 15:00:00+00:00,0.992842754
2021-03-25 16:00:00+00:00,0.993087908
2021-03-25 17:00:00+00:00,0.993164378
2021-03-25 18:00:00+00:00,0.992748663
2021-03-25 19:00:00+00:00,0.992332517
2021-03-25 20:00:00+00:00,0.991916955
2021-03-25 21:00:00+00:00,0.991505646
2021-03-25 22:00:00+00:00,0.991096406
2021-03-25 23:00:00+00:00,0.990689823
2021-03-26 00:00:00+00:00,0.990285218
2021-03-26 01:00:00+00:00,0.989880823
2021-03-26 02:00:00+00:00,0.989476642
2021-03-26 03:00:00+00:00,0.98907194
2021-03-26 04:00:00+00:00,0.988666299
2021-03-26 05:00:00+00:00,0.988260232
2021-03-26 06:00:00+00:00,0.987850776
2021-03-26 07:00:00+00:00,0.987443287
2021-03-26 08:00:00+00:00,0.987686613
2021-03-26 09:00:00+00:00,0.98793289
2021-03-26 10:00:00+00:00,0.988180036
2021-03-26 11:00:00+00:00,0.988427912
2021-03-26 12:00:00+00:00,0.988676263
2021-03-26 13:00:00+00:00,0.988924167
2021-03-26 14:00:00+00:00,0.989173093
2021-03-26 15:00:00+00:00,0.989421904
2021-03-26 16:00:00+00:00,0.989669948
2021-03-26 17:00:00+00:00,0.989912337
2021-03-26 18:00:00+00:00,0.990152433
2021-03-26 19:00:00+00:00,0.990392543
2021-03-26 20:00:00+00:00,0.990635887
2021-03-26 21:00:00+00:00,0.990881666
2021-03-26 22:00:00+00:00,0.991129518
2021-03-26 23:00:00+00:00,0.991380016
2021-03-27 00:00:00+00:00,0.991635159
2021-03-27 01:00:00+00:00,0.991889615
2021-03-27 02:00:00+00:00,0.992143448
2021-03-27 03:00:00+00:00,0.992404388
2021-03-27 04:00:00+00:00,0.992659183
2021-03-27 05:00:00+00:00,0.99292031
2021-03-27 06:00:00+00:00,0.993181285
2021-03-27 07:00:00+00:00,0.993441402
2021-03-27 08:00:00+00:00,0.993694231
2021-03-27 09:00:00+00:00,0.993953161
2021-03-27 10:00:00+00:00,0.994212821
2021-03-27 11:00:00+00:00,0.994468164
2021-03-27 12:00:00+00:00,0.994722504
2021-03-27 13:00:00+00:00,0.994977558
2021-03-27 14:00:00+00:00,0.995232679
2021-03-27 15:00:00+00:00,0.995489226
2021-03-27 16:00:00+00:00,0.99574268
2021-03-27 17:00:00+00:00,0.995908256
2021-03-27 18:00:00+00:00,0.995997171
2021-03-27 19:00:00+00:00,0.996247471
2021-03-27 20:00:00+00:00,0.996497554
2021-03-27 21:00:00+00:00,0.9967473
2021-03-27 22:00:00+00:00,0.996838483
2021-03-27 23:00:00+00:00,0.996934374
2021-03-28 00:00:00+00:00,0.997031674
2021-03-28 01:00:00+00:00,0.997130628
2021-03-28 02:00:00+00:00,0.997229868
2021-03-28 03:00:00+00:00,0.997329125
2021-03-28 04:00:00+00:00,0.997428471
2021-03-28 05:00:00+00:00,0.997528312
2021-03-28 06:00:00+00:00,0.997525676
2021-03-28 07:00:00+00:00,0.997788106
2021-03-28 08:00:00+00:00,0.998050727
2021-03-28 09:00:00+00:00,0.998313607
2021-03-28 10:00:00+00:00,0.998576414
2021-03-28 11:00:00+00:00,0.998839498
2021-03-28 12:00:00+00:00,0.999102376
2021-03-28 13:00:00+00:00,0.999365284
2021-03-28 14:00:00+00:00,0.999628442
2021-03-28 15:00:00+00:00,0.999891462
2021-03-28 16:00:00+00:00,0.999891462
2021-03-28 17:00:00+00:00,0.999891462
2021-03-28 18:00:00+00:00,0.999891462
2021-03-28 19:00:00+00:00,0.999891462
2021-03-28 20:00:00+00:00,0.999891462
2021-03-28 21:00:00+00:00,0.999891462
2021-03-28 22:00:00+00:00,0.999891462
2021-03-28 23:00:00+00:00,0.999891462
2021-03-29 00:00:00+00:00,0.999891462
2021-03-29 01:00:00+00:00,0.999891462
2021-03-29 02:00:00+00:00,0.999891462
2021-03-29 03:00:00+00:00,0.999891462
2021-03-29 04:00:00+00:00,0.999891462
2021-03-29 05:00:00+00:00,0.999891462
2021-03-29 06:00:00+00:00,0.999891462
2021-03-29 07:00:00+00:00,0.999891462
2021-03-29 08:00:00+00:00,0.999891462
2021-03-29 09:00:00+00:00,0.999891462
2021-03-29 10:00:00+00:00,0.999891462
2021-03-29 11:00:00+00:00,0.999891462
2021-03-29 12:00:00+00:00,0.999891462
2021-03-29 13:00:00+00:00,0.999891462
2021-03-29 14:00:00+00:00,0.999891462
2021-03-29 15:00:00+00:00,0.999891462
2021-03-29 16:00:00+00:00,0.999891462
2021-03-29 17:00:00+00:00,0.999891462
2021-03-29 18:00:00+00:00,0.999891462
2021-03-29 19:00:00+00:00,0.999891462
2021-03-29 20:00:00+00:00,0.999891462
2021-03-29 21:00:00+00:00,0.999891462
2021-03-29 22:00:00+00:00,0.999891462
2021-03-29 23:00:00+00:00,0.999891462
2021-03-30 00:00:00+00:00,0.999891462
2021-03-30 01:00:00+00:00,0.999891462
2021-03-30 02:00:00+00:00,0.999891462
2021-03-30 03:00:00+00:00,0.999891462
2021-03-30 04:00:00+00:00,0.999891462
2021-03-30 05:00:00+00:00,0.999891462
2021-03-30 06:00:00+00:00,0.999891462
2021-03-30 07:00:00+00:00,0.999891462
2021-03-30 08:00:00+00:00,0.999891462
2021-03-30 09:00:00+00:00,0.999891462
2021-03-30 10:00:00+00:00,0.999891462
2021-03-30 11:00:00+00:00,0.999891462
2021-03-30 12:00:00+00:00,0.999891462
2021-03-30 13:00:00+00:00,0.999891462
2021-03-30 14:00:00+00:00,0.999891462
2021-03-30 15:00:00+00:00,0.999891462
2021-03-30 16:00:00+00:00,0.999891462
2021-03-30 17:00:00+00:00,0.999891462
2021-03-30 18:00:00+00:00,0.999891462
2021-03-30 19:00:00+00:00,0.999891462
2021-03-30 20:00:00+00:00,0.999891462
2021-03-30 21:00:00+00:00,0.999891462
2021-03-30 22:00:00+00:00,0.999891462
2021-03-30 23:00:00+00:00,0.999891462
2021-03-31 00:00:00+00:00,0.999891462
2021-03-31 01:00:00+00:00,0.999891462
2021-03-31 02:00:00+00:00,0.999891462
2021-03-31 03:00:00+00:00,0.999891462
2021-03-31 04:00:00+00:00,0.999891462
2021-03-31 05:00:00+00:00,0.999891462
2021-03-31 06:00:00+00:00,0.999891462
2021-03-31 07:00:00+00:00,0.999891462
2021-03-31 08:00:00+00:00,0.999891462
2021-03-31 09:00:00+00:00,0.999891462
2021-03-31 10:00:00+00:00,0.999891462
2021-03-31 11:00:00+00:00,0.999891462
2021-03-31 12:00:00+00:00,0.999891462
2021-03-31 13:00:00+00:00,0.999891462
2021-03-31 14:00:00+00:00,0.999891462
2021-03-31 15:00:00+00:00,0.999891462
2021-03-31 16:00:00+00:00,0.999891462
2021-03-31 17:00:00+00:00,0.999891462
2021-03-31 18:00:00+00:00,0.999891462
2021-03-31 19:00:00+00:00,0.999891462
2021-03-31 20:00:00+00:00,0.999891462
2021-03-31 21:00:00+00:00,0.999891462
2021-03-31 22:00:00+00:00,0.999891462
2021-03-31 23:00:00+00:00,0.999891462
2021-04-01 00:00:00+00:00,0.999891462
2021-04-01 01:00:00+00:00,0.999891462
2021-04-01 02:00:00+00:00,0.999891462
2021-04-01 03:00:00+00:00,0.999891462
2021-04-01 04:00:00+00:00,0.999891462
2021-04-01 05:00:00+00:00,0.999891462
2021-04-01 06:00:00+00:00,0.999891462
2021-04-01 07:00:00+00:00,0.999891462
2021-04-01 08:00:00+00:00,0.999891462
2021-04-01 09:00:00+00:00,0.999891462
2021-04-01 10:00:00+00:00,0.999891462
2021-04-01 11:00:00+00:00,0.999891462
2021-04-01 12:00:00+00:00,0.999891462
2021-04-01 13:00:00+00:00,0.999891462
2021-04-01 14:00:00+00:00,0.999891462
2021-04-01 15:00:00+00:00,0.999891462
2021-04-01 16:00:00+00:00,0.999891462
2021-04-01 17:00:00+00:00,0.999914338
2021-04-01 18:00:00+00:00,0.999888338
2021-04-01 19:00:00+00:00,0.999888338
2021-04-01 20:00:00+00:00,0.999888338
2021-04-01 21:00:00+00:00,0.999863422
2021-04-01 22:00:00+00:00,0.999840866
2021-04-01 23:00:00+00:00,0.999818724
2021-04-02 00:00:00+00:00,0.999797194
2021-04-02 01:00:00+00:00,0.999775266
2021-04-02 02:00:00+00:00,0.999753469
2021-04-02 03:00:00+00:00,0.99973168
2021-04-02 04:00:00+00:00,0.999709422
2021-04-02 05:00:00+00:00,0.999685422
2021-04-02 06:00:00+00:00,0.999441923
2021-04-02 07:00:00+00:00,0.999432593
2021-04-02 08:00:00+00:00,0.999572908
2021-04-02 09:00:00+00:00,0.99971372
2021-04-02 10:00:00+00:00,0.999854774
2021-04-02 11:00:00+00:00,0.999996067
2021-04-02 12:00:00+00:00,0.999996067
2021-04-02 13:00:00+00:00,0.999996067
2021-04-02 14:00:00+00:00,0.999996067
2021-04-02 15:00:00+00:00,0.999996067
2021-04-02 16:00:00+00:00,0.999996067
2021-04-02 17:00:00+00:00,0.999996067
2021-04-02 18:00:00+00:00,0.999996067
2021-04-02 19:00:00+00:00,0.999996067
2021-04-02 20:00:00+00:00,0.999996067
2021-04-02 21:00:00+00:00,0.999996067
2021-04-02 22:00:00+00:00,0.999996067
2021-04-02 23:00:00+00:00,0.999996067
2021-04-03 00:00:00+00:00,0.999996067
2021-04-03 01:00:00+00:00,0.999996067
2021-04-03 02:00:00+00:00,0.999996067
2021-04-03 03:00:00+00:00,0.999996067
2021-04-03 04:00:00+00:00,0.999996067
2021-04-03 05:00:00+00:00,0.999996067
2021-04-03 06:00:00+00:00,0.999996067
2021-04-03 07:00:00+00:00,0.999996067
2021-04-03 08:00:00+00:00,0.999996067
2021-04-03 09:00:00+00:00,0.999996067
2021-04-03 10:00:00+00:00,0.999996067
2021-04-03 11:00:00+00:00,0.999996067
2021-04-03 12:00:00+00:00,0.999996067
2021-04-03 13:00:00+00:00,0.999996067
2021-04-03 14:00:00+00:00,0.999996067
2021-04-03 15:00:00+00:00,0.999996067
2021-04-03 16:00:00+00:00,0.999996067
2021-04-03 17:00:00+00:00,0.999996067
2021-04-03 18:00:00+00:00,0.999996067
2021-04-03 19:00:00+00:00,0.999996067
2021-04-03 20:00:00+00:00,0.999996067
2021-04-03 21:00:00+00:00,0.999996067
2021-04-03 22:00:00+00:00,0.999996067
2021-04-03 23:00:00+00:00,0.999996067
2021-04-04 00:00:00+00:00,0.999996067
2021-04-04 01:00:00+00:00,0.999996067
2021-04-04 02:00:00+00:00,0.999996067
2021-04-04 03:00:00+00:00,0.999996067
2021-04-04 04:00:00+00:00,0.999996067
2021-04-04 05:00:00+00:00,0.999996067
2021-04-04 06:00:00+00:00,0.999996067
2021-04-04 07:00:00+00:00,0.999996067
2021-04-04 08:00:00+00:00,0.999996067
2021-04-04 09:00:00+00:00,0.999996067
2021-04-04 10:00:00+00:00,0.999996067
2021-04-04 11:00:00+00:00,0.999996067
2021-04-04 12:00:00+00:00,0.999996067
2021-04-04 13:00:00+00:00,0.999996067
2021-04-04 14:00:00+00:00,0.999996067
2021-04-04 15:00:00+00:00,0.999996067
2021-04-04 16:00:00+00:00,0.999996067
2021-04-04 17:00:00+00:00,0.999996067
2021-04-04 18:00:00+00:00,0.999996067
2021-04-04 19:00:00+00:00,0.999996067
2021-04-04 20:00:00+00:00,0.999996067
2021-04-04 21:00:00+00:00,0.999996067
2021-04-04 22:00:00+00:00,0.999996067
2021-04-04 23:00:00+00:00,0.999996067
2021-04-05 00:00:00+00:00,0.999996067
2021-04-05 01:00:00+00:00,0.999996067
2021-04-05 02:00:00+00:00,0.999996067
2021-04-05 03:00:00+00:00,0.999996067
2021-04-05 04:00:00+00:00,0.999996067
2021-04-05 05:00:00+00:00,0.999996067
2021-04-05 06:00:00+00:00,0.999996067
2021-04-05 07:00:00+00:00,0.999996067
2021-04-05 08:00:00+00:00,0.999996067
2021-04-05 09:00:00+00:00,0.999996067
2021-04-05 10:00:00+00:00,0.999996067
2021-04-05 11:00:00+00:00,0.999996067
2021-04-05 12:00:00+00:00,0.999996067
2021-04-05 13:00:00+00:00,0.999996067
2021-04-05 14:00:00+00:00,0.999996067
2021-04-05 15:00:00+00:00,0.999996067
2021-04-05 16:00:00+00:00,0.999996067
2021-04-05 17:00:00+00:00,0.999996067
2021-04-05 18:00:00+00:00,0.999996067
2021-04-05 19:00:00+00:00,0.999996067
2021-04-05 20:00:00+00:00,0.999996067
2021-04-05 21:00:00+00:00,0.999996067
2021-04-05 22:00:00+00:00,0.999996067
2021-04-05 23:00:00+00:00,0.999996067
2021-04-06 00:00:00+00:00,0.999996067
2021-04-06 01:00:00+00:00,0.999996067
2021-04-06 02:00:00+00:00,0.999996067
2021-04-06 03:00:00+00:00,0.999996067
2021-04-06 04:00:00+00:00,0.999996067
2021-04-06 05:00:00+00:00,0.999996067
2021-04-06 06:00:00+00:00,0.999996067
2021-04-06 07:00:00+00:00,0.999996067
2021-04-06 08:00:00+00:00,0.999996067
2021-04-06 09:00:00+00:00,0.999996067
2021-04-06 10:00:00+00:00,0.999996067
2021-04-06 11:00:00+00:00,0.999996067
2021-04-06 12:00:00+00:00,0.999996067
2021-04-06 13:00:00+00:00,0.999996067
2021-04-06 14:00:00+00:00,0.999996067
2021-04-06 15:00:00+00:00,0.999996067
2021-04-06 16:00:00+00:00,0.999996067
2021-04-06 17:00:00+00:00,0.999996067
2021-04-06 18:00:00+00:00,0.999996067
2021-04-06 19:00:00+00:00,0.999996067
2021-04-06 20:00:00+00:00,0.999996067
2021-04-06 21:00:00+00:00,0.999996067
2021-04-06 22:00:00+00:00,0.999996067
2021-04-06 23:00:00+00:00,0.999996067
2021-04-07 00:00:00+00:00,0.999996067
2021-04-07 01:00:00+00:00,0.999996067
2021-04-07 02:00:00+00:00,0.999996067
2021-04-07 03:00:00+00:00,0.999996067
2021-04-07 04:00:00+00:00,0.999996067
2021-04-07 05:00:00+00:00,0.999996067
2021-04-07 06:00:00+00:00,0.999996067
2021-04-07 07:00:00+00:00,0.999996067
2021-04-07 08:00:00+00:00,0.999996067
2021-04-07 09:00:00+00:00,0.999996067
2021-04-07 10:00:00+00:00,0.999996067
2021-04-07 11:00:00+00:00,0.999996067
2021-04-07 12:00:00+00:00,0.999996067
2021-04-07 13:00:00+00:00,0.999996067
2021-04-07 14:00:00+00:00,0.999996067
2021-04-07 15:00:00+00:00,0.999996067
2021-04-07 16:00:00+00:00,0.999996067
2021-04-07 17:00:00+00:00,0.999996067
2021-04-07 18:00:00+00:00,0.999996067
2021-04-07 19:00:00+00:00,0.999996067
2021-04-07 20:00:00+00:00,0.999996067
2021-04-07 21:00:00+00:00,0.999996067
2021-04-07 22:00:00+00:00,0.999996067
2021-04-07 23:00:00+00:00,0.999996067
2021-04-08 00:00:00+00:00,0.999996067
2021-04-08 01:00:00+00:00,0.999996067
2021-04-08 02:00:00+00:00,0.999996067
2021-04-08 03:00:00+00:00,0.999996067
2021-04-08 04:00:00+00:00,0.999996067
2021-04-08 05:00:00+00:00,0.999996067
2021-04-08 06:00:00+00:00,0.999996067
2021-04-08 07:00:00+00:00,0.999996067
2021-04-08 08:00:00+00:00,0.999996067
2021-04-08 09:00:00+00:00,0.999996067
2021-04-08 10:00:00+00:00,0.999996067
2021-04-08 11:00:00+00:00,0.999996067
2021-04-08 12:00:00+00:00,0.999996067
2021-04-08 13:00:00+00:00,0.999996067
2021-04-08 14:00:00+00:00,0.999996067
2021-04-08 15:00:00+00:00,0.999996067
2021-04-08 16:00:00+00:00,0.999957623
2021-04-08 17:00:00+00:00,0.999880307
2021-04-08 18:00:00+00:00,0.999402971
2021-04-08 19:00:00+00:00,0.999531509
2021-04-08 20:00:00+00:00,0.999019365
2021-04-08 21:00:00+00:00,0.998516822
2021-04-08 22:00:00+00:00,0.998016802
2021-04-08 23:00:00+00:00,0.997519176
2021-04-09 00:00:00+00:00,0.997107886
2021-04-09 01:00:00+00:00,0.996873265
2021-04-09 02:00:00+00:00,0.996581926
2021-04-09 03:00:00+00:00,0.996260207
2021-04-09 04:00:00+00:00,0.995934014
2021-04-09 05:00:00+00:00,0.995527736
2021-04-09 06:00:00+00:00,0.995090026
2021-04-09 07:00:00+00:00,0.994754304
2021-04-09 08:00:00+00:00,0.994721605
2021-04-09 09:00:00+00:00,0.994862431
2021-04-09 10:00:00+00:00,0.995003105
2021-04-09 11:00:00+00:00,0.995144966
2021-04-09 12:00:00+00:00,0.995288331
2021-04-09 13:00:00+00:00,0.995431953
2021-04-09 14:00:00+00:00,0.995576349
2021-04-09 15:00:00+00:00,0.995719559
2021-04-09 16:00:00+00:00,0.995860392
2021-04-09 17:00:00+00:00,0.995451501
2021-04-09 18:00:00+00:00,0.995584245
2021-04-09 19:00:00+00:00,0.995637966
2021-04-09 20:00:00+00:00,0.995777146
2021-04-09 21:00:00+00:00,0.995918452
2021-04-09 22:00:00+00:00,0.996061191
2021-04-09 23:00:00+00:00,0.996205928
2021-04-10 00:00:00+00:00,0.995701559
2021-04-10 01:00:00+00:00,0.995198589
2021-04-10 02:00:00+00:00,0.994692969
2021-04-10 03:00:00+00:00,0.994415497
2021-04-10 04:00:00+00:00,0.99413804
2021-04-10 05:00:00+00:00,0.993858782
2021-04-10 06:00:00+00:00,0.993578003
2021-04-10 07:00:00+00:00,0.993226758
2021-04-10 08:00:00+00:00,0.992725523
2021-04-10 09:00:00+00:00,0.992867153
2021-04-10 10:00:00+00:00,0.993009417
2021-04-10 11:00:00+00:00,0.993152448
2021-04-10 12:00:00+00:00,0.993295975
2021-04-10 13:00:00+00:00,0.993439476
2021-04-10 14:00:00+00:00,0.99358292
2021-04-10 15:00:00+00:00,0.993725849
2021-04-10 16:00:00+00:00,0.993867956
2021-04-10 17:00:00+00:00,0.993367533
2021-04-10 18:00:00+00:00,0.99350592
2021-04-10 19:00:00+00:00,0.993644049
2021-04-10 20:00:00+00:00,0.993783079
2021-04-10 21:00:00+00:00,0.993923264
2021-04-10 22:00:00+00:00,0.993416618
2021-04-10 23:00:00+00:00,0.992911145
2021-04-11 00:00:00+00:00,0.992405483
2021-04-11 01:00:00+00:00,0.991902985
2021-04-11 02:00:00+00:00,0.99140389
2021-04-11 03:00:00+00:00,0.990905893
2021-04-11 04:00:00+00:00,0.9904066
2021-04-11 05:00:00+00:00,0.989910067
2021-04-11 06:00:00+00:00,0.989421642
2021-04-11 07:00:00+00:00,0.989561533
2021-04-11 08:00:00+00:00,0.989700275
2021-04-11 09:00:00+00:00,0.989839581
2021-04-11 10:00:00+00:00,0.989979308
2021-04-11 11:00:00+00:00,0.990119219
2021-04-11 12:00:00+00:00,0.990260842
2021-04-11 13:00:00+00:00,0.990402955
2021-04-11 14:00:00+00:00,0.990545099
2021-04-11 15:00:00+00:00,0.99068697
2021-04-11 16:00:00+00:00,0.990827408
2021-04-11 17:00:00+00:00,0.990966469
2021-04-11 18:00:00+00:00,0.991103255
2021-04-11 19:00:00+00:00,0.991240158
2021-04-11 20:00:00+00:00,0.99137741
2021-04-11 21:00:00+00:00,0.991515562
2021-04-11 22:00:00+00:00,0.991655797
2021-04-11 23:00:00+00:00,0.99179672
2021-04-12 00:00:00+00:00,0.991938282
2021-04-12 01:00:00+00:00,0.992080026
2021-04-12 02:00:00+00:00,0.992221471
2021-04-12 03:00:00+00:00,0.992357889
2021-04-12 04:00:00+00:00,0.99249461
2021-04-12 05:00:00+00:00,0.99262852
2021-04-12 06:00:00+00:00,0.992763403
2021-04-12 07:00:00+00:00,0.992899927
2021-04-12 08:00:00+00:00,0.993040386
2021-04-12 09:00:00+00:00,0.993182454
2021-04-12 10:00:00+00:00,0.993325411
2021-04-12 11:00:00+00:00,0.993468809
2021-04-12 12:00:00+00:00,0.99361209
2021-04-12 13:00:00+00:00,0.993755986
2021-04-12 14:00:00+00:00,0.99389991
2021-04-12 15:00:00+00:00,0.994042254
2021-04-12 16:00:00+00:00,0.994182598
2021-04-12 17:00:00+00:00,0.99431531
2021-04-12 18:00:00+00:00,0.994445795
2021-04-12 19:00:00+00:00,0.994578316
2021-04-12 20:00:00+00:00,0.994714816
2021-04-12 21:00:00+00:00,0.994851969
2021-04-12 22:00:00+00:00,0.994995171
2021-04-12 23:00:00+00:00,0.994976766
2021-04-13 00:00:00+00:00,0.994958814
2021-04-13 01:00:00+00:00,0.994571994
2021-04-13 02:00:00+00:00,0.994185502
2021-04-13 03:00:00+00:00,0.993798873
2021-04-13 04:00:00+00:00,0.993410135
2021-04-13 05:00:00+00:00,0.993019666
2021-04-13 06:00:00+00:00,0.992555076
2021-04-13 07:00:00+00:00,0.992283568
2021-04-13 08:00:00+00:00,0.99242522
2021-04-13 09:00:00+00:00,0.992567912
2021-04-13 10:00:00+00:00,0.992710735
2021-04-13 11:00:00+00:00,0.99285377
2021-04-13 12:00:00+00:00,0.9929973
2021-04-13 13:00:00+00:00,0.993140911
2021-04-13 14:00:00+00:00,0.993284715
2021-04-13 15:00:00+00:00,0.992807256
2021-04-13 16:00:00+00:00,0.992322982
2021-04-13 17:00:00+00:00,0.991807543
2021-04-13 18:00:00+00:00,0.991290277
2021-04-13 19:00:00+00:00,0.990774044
2021-04-13 20:00:00+00:00,0.990259549
2021-04-13 21:00:00+00:00,0.98974573
2021-04-13 22:00:00+00:00,0.989228754
2021-04-13 23:00:00+00:00,0.988721167
2021-04-14 00:00:00+00:00,0.988215193
2021-04-14 01:00:00+00:00,0.987709589
2021-04-14 02:00:00+00:00,0.987204006
2021-04-14 03:00:00+00:00,0.986695146
2021-04-14 04:00:00+00:00,0.986179585
2021-04-14 05:00:00+00:00,0.98566358
2021-04-14 06:00:00+00:00,0.985142944
2021-04-14 07:00:00+00:00,0.984622521
2021-04-14 08:00:00+00:00,0.984121141
2021-04-14 09:00:00+00:00,0.984259591
2021-04-14 10:00:00+00:00,0.984404014
2021-04-14 11:00:00+00:00,0.984549079
2021-04-14 12:00:00+00:00,0.984694514
2021-04-14 13:00:00+00:00,0.98484012
2021-04-14 14:00:00+00:00,0.984986154
2021-04-14 15:00:00+00:00,0.985131818
2021-04-14 16:00:00+00:00,0.985274817
2021-04-14 17:00:00+00:00,0.985416663
2021-04-14 18:00:00+00:00,0.98555266
2021-04-14 19:00:00+00:00,0.985692482
2021-04-14 20:00:00+00:00,0.985836177
2021-04-14 21:00:00+00:00,0.985981611
2021-04-14 22:00:00+00:00,0.986129384
2021-04-14 23:00:00+00:00,0.986278628
2021-04-15 00:00:00+00:00,0.986428013
2021-04-15 01:00:00+00:00,0.986577894
2021-04-15 02:00:00+00:00,0.986727602
2021-04-15 03:00:00+00:00,0.986877105
2021-04-15 04:00:00+00:00,0.98702666
2021-04-15 05:00:00+00:00,0.987170233
2021-04-15 06:00:00+00:00,0.987310553
2021-04-15 07:00:00+00:00,0.987453411
2021-04-15 08:00:00+00:00,0.987596981
2021-04-15 09:00:00+00:00,0.98774177
2021-04-15 10:00:00+00:00,0.987886959
2021-04-15 11:00:00+00:00,0.988033126
2021-04-15 12:00:00+00:00,0.988180222
2021-04-15 13:00:00+00:00,0.988327031
2021-04-15 14:00:00+00:00,0.988474115
2021-04-15 15:00:00+00:00,0.988620884
2021-04-15 16:00:00+00:00,0.988764865
2021-04-15 17:00:00+00:00,0.988907491
2021-04-15 18:00:00+00:00,0.989046073
2021-04-15 19:00:00+00:00,0.989188333
2021-04-15 20:00:00+00:00,0.989332142
2021-04-15 21:00:00+00:00,0.989477602
2021-04-15 22:00:00+00:00,0.989619038
2021-04-15 23:00:00+00:00,0.989768219
2021-04-16 00:00:00+00:00,0.989917653
2021-04-16 01:00:00+00:00,0.990067294
2021-04-16 02:00:00+00:00,0.990217502
2021-04-16 03:00:00+00:00,0.990367396
2021-04-16 04:00:00+00:00,0.990516903
2021-04-16 05:00:00+00:00,0.990659935
2021-04-16 06:00:00+00:00,0.990803196
2021-04-16 07:00:00+00:00,0.990945361
2021-04-16 08:00:00+00:00,0.991087036
2021-04-16 09:00:00+00:00,0.991228825
2021-04-16 10:00:00+00:00,0.991374355
2021-04-16 11:00:00+00:00,0.991521805
2021-04-16 12:00:00+00:00,0.991669071
2021-04-16 13:00:00+00:00,0.991816835
2021-04-16 14:00:00+00:00,0.991964844
2021-04-16 15:00:00+00:00,0.992112814
2021-04-16 16:00:00+00:00,0.992260676
2021-04-16 17:00:00+00:00,0.992405313
2021-04-16 18:00:00+00:00,0.992543162
2021-04-16 19:00:00+00:00,0.992679239
2021-04-16 20:00:00+00:00,0.992818549
2021-04-16 21:00:00+00:00,0.992959106
2021-04-16 22:00:00+00:00,0.99310804
2021-04-16 23:00:00+00:00,0.993259096
2021-04-17 00:00:00+00:00,0.993410641
2021-04-17 01:00:00+00:00,0.993563036
2021-04-17 02:00:00+00:00,0.993715781
2021-04-17 03:00:00+00:00,0.993868413
2021-04-17 04:00:00+00:00,0.994021012
2021-04-17 05:00:00+00:00,0.994172881
2021-04-17 06:00:00+00:00,0.994323589
2021-04-17 07:00:00+00:00,0.994474031
2021-04-17 08:00:00+00:00,0.994625064
2021-04-17 09:00:00+00:00,0.994776621
2021-04-17 10:00:00+00:00,0.994927774
2021-04-17 11:00:00+00:00,0.995079254
2021-04-17 12:00:00+00:00,0.995231156
2021-04-17 13:00:00+00:00,0.995383192
2021-04-17 14:00:00+00:00,0.995535268
2021-04-17 15:00:00+00:00,0.995687133
2021-04-17 16:00:00+00:00,0.995837482
2021-04-17 17:00:00+00:00,0.995986932
2021-04-17 18:00:00+00:00,0.996134619
2021-04-17 19:00:00+00:00,0.996281914
2021-04-17 20:00:00+00:00,0.996429429
2021-04-17 21:00:00+00:00,0.996578215
2021-04-17 22:00:00+00:00,0.996729032
2021-04-17 23:00:00+00:00,0.996881486
2021-04-18 00:00:00+00:00,0.99703452
2021-04-18 01:00:00+00:00,0.997187588
2021-04-18 02:00:00+00:00,0.997341026
2021-04-18 03:00:00+00:00,0.997494673
2021-04-18 04:00:00+00:00,0.997648202
2021-04-18 05:00:00+00:00,0.997801085
2021-04-18 06:00:00+00:00,0.99795372
2021-04-18 07:00:00+00:00,0.998106072
2021-04-18 08:00:00+00:00,0.998258716
2021-04-18 09:00:00+00:00,0.998411467
2021-04-18 10:00:00+00:00,0.998564239
2021-04-18 11:00:00+00:00,0.998717317
2021-04-18 12:00:00+00:00,0.998870204
2021-04-18 13:00:00+00:00,0.999023167
2021-04-18 14:00:00+00:00,0.999176088
2021-04-18 15:00:00+00:00,0.999328
2021-04-18 16:00:00+00:00,0.999474036
2021-04-18 17:00:00+00:00,0.999620588
2021-04-18 18:00:00+00:00,0.99940748
2021-04-18 19:00:00+00:00,0.999188529
2021-04-18 20:00:00+00:00,0.998975718
2021-04-18 21:00:00+00:00,0.998763841
2021-04-18 22:00:00+00:00,0.998549157
2021-04-18 23:00:00+00:00,0.998333819
2021-04-19 00:00:00+00:00,0.998125536
2021-04-19 01:00:00+00:00,0.997918053
2021-04-19 02:00:00+00:00,0.997710647
2021-04-19 03:00:00+00:00,0.997497504
2021-04-19 04:00:00+00:00,0.997279401
2021-04-19 05:00:00+00:00,0.997061961
2021-04-19 06:00:00+00:00,0.996551845
2021-04-19 07:00:00+00:00,0.99622746
2021-04-19 08:00:00+00:00,0.996367876
2021-04-19 09:00:00+00:00,0.996511427
2021-04-19 10:00:00+00:00,0.996656156
2021-04-19 11:00:00+00:00,0.996798931
2021-04-19 12:00:00+00:00,0.996946721
2021-04-19 13:00:00+00:00,0.997095309
2021-04-19 14:00:00+00:00,0.997245293
2021-04-19 15:00:00+00:00,0.997394444
2021-04-19 16:00:00+00:00,0.997537158
2021-04-19 17:00:00+00:00,0.997511718
2021-04-19 18:00:00+00:00,0.996994578
2021-04-19 19:00:00+00:00,0.996476384
2021-04-19 20:00:00+00:00,0.99596118
2021-04-19 21:00:00+00:00,0.995447301
2021-04-19 22:00:00+00:00,0.994940774
2021-04-19 23:00:00+00:00,0.994435928
2021-04-20 00:00:00+00:00,0.993932872
2021-04-20 01:00:00+00:00,0.993430753
2021-04-20 02:00:00+00:00,0.992928294
2021-04-20 03:00:00+00:00,0.992423723
2021-04-20 04:00:00+00:00,0.991915384
2021-04-20 05:00:00+00:00,0.991406225
2021-04-20 06:00:00+00:00,0.990891521
2021-04-20 07:00:00+00:00,0.990487178
2021-04-20 08:00:00+00:00,0.990630662
2021-04-20 09:00:00+00:00,0.990773955
2021-04-20 10:00:00+00:00,0.990922224
2021-04-20 11:00:00+00:00,0.991070822
2021-04-20 12:00:00+00:00,0.991219375
2021-04-20 13:00:00+00:00,0.991368484
2021-04-20 14:00:00+00:00,0.991516591
2021-04-20 15:00:00+00:00,0.991663774
2021-04-20 16:00:00+00:00,0.99118649
2021-04-20 17:00:00+00:00,0.990683736
2021-04-20 18:00:00+00:00,0.990164561
2021-04-20 19:00:00+00:00,0.989643639
2021-04-20 20:00:00+00:00,0.989126516
2021-04-20 21:00:00+00:00,0.988617406
2021-04-20 22:00:00+00:00,0.988104436
2021-04-20 23:00:00+00:00,0.987594511
2021-04-21 00:00:00+00:00,0.987086243
2021-04-21 01:00:00+00:00,0.986577695
2021-04-21 02:00:00+00:00,0.986069358
2021-04-21 03:00:00+00:00,0.985566628
2021-04-21 04:00:00+00:00,0.985059226
2021-04-21 05:00:00+00:00,0.984548724
2021-04-21 06:00:00+00:00,0.984030893
2021-04-21 07:00:00+00:00,0.983513859
2021-04-21 08:00:00+00:00,0.98299754
2021-04-21 09:00:00+00:00,0.982510055
2021-04-21 10:00:00+00:00,0.98265072
2021-04-21 11:00:00+00:00,0.982798742
2021-04-21 12:00:00+00:00,0.982947192
2021-04-21 13:00:00+00:00,0.982476458
2021-04-21 14:00:00+00:00,0.982004139
2021-04-21 15:00:00+00:00,0.981525964
2021-04-21 16:00:00+00:00,0.981025957
2021-04-21 17:00:00+00:00,0.980514562
2021-04-21 18:00:00+00:00,0.979999671
2021-04-21 19:00:00+00:00,0.979484649
2021-04-21 20:00:00+00:00,0.978973262
2021-04-21 21:00:00+00:00,0.978466908
2021-04-21 22:00:00+00:00,0.977962733
2021-04-21 23:00:00+00:00,0.977460822
2021-04-22 00:00:00+00:00,0.976959709
2021-04-22 01:00:00+00:00,0.976458845
2021-04-22 02:00:00+00:00,0.975957281
2021-04-22 03:00:00+00:00,0.975454643
2021-04-22 04:00:00+00:00,0.974950627
2021-04-22 05:00:00+00:00,0.974445439
2021-04-22 06:00:00+00:00,0.973938165
2021-04-22 07:00:00+00:00,0.973429845
2021-04-22 08:00:00+00:00,0.972934987
2021-04-22 09:00:00+00:00,0.973081045
2021-04-22 10:00:00+00:00,0.973228918
2021-04-22 11:00:00+00:00,0.973376394
2021-04-22 12:00:00+00:00,0.973523695
2021-04-22 13:00:00+00:00,0.973671879
2021-04-22 14:00:00+00:00,0.973820259
2021-04-22 15:00:00+00:00,0.973968276
2021-04-22 16:00:00+00:00,0.974115186
2021-04-22 17:00:00+00:00,0.973616831
2021-04-22 18:00:00+00:00,0.973202843
2021-04-22 19:00:00+00:00,0.972788669
2021-04-22 20:00:00+00:00,0.972375092
2021-04-22 21:00:00+00:00,0.971963259
2021-04-22 22:00:00+00:00,0.971552733
2021-04-22 23:00:00+00:00,0.971139211
2021-04-23 00:00:00+00:00,0.970636751
2021-04-23 01:00:00+00:00,0.970137467
2021-04-23 02:00:00+00:00,0.96964312
2021-04-23 03:00:00+00:00,0.969153984
2021-04-23 04:00:00+00:00,0.96866138
2021-04-23 05:00:00+00:00,0.968162011
2021-04-23 06:00:00+00:00,0.967672279
2021-04-23 07:00:00+00:00,0.967817532
2021-04-23 08:00:00+00:00,0.96796432
2021-04-23 09:00:00+00:00,0.968112329
2021-04-23 10:00:00+00:00,0.968260894
2021-04-23 11:00:00+00:00,0.968409947
2021-04-23 12:00:00+00:00,0.968559606
2021-04-23 13:00:00+00:00,0.96871032
2021-04-23 14:00:00+00:00,0.96886119
2021-04-23 15:00:00+00:00,0.969011655
2021-04-23 16:00:00+00:00,0.969161396
2021-04-23 17:00:00+00:00,0.969309845
2021-04-23 18:00:00+00:00,0.969455765
2021-04-23 19:00:00+00:00,0.969601642
2021-04-23 20:00:00+00:00,0.969749911
2021-04-23 21:00:00+00:00,0.969899045
2021-04-23 22:00:00+00:00,0.970048683
2021-04-23 23:00:00+00:00,0.970199147
2021-04-24 00:00:00+00:00,0.970350038
2021-04-24 01:00:00+00:00,0.97050089
2021-04-24 02:00:00+00:00,0.970652657
2021-04-24 03:00:00+00:00,0.970803785
2021-04-24 04:00:00+00:00,0.970954564
2021-04-24 05:00:00+00:00,0.971105183
2021-04-24 06:00:00+00:00,0.971252654
2021-04-24 07:00:00+00:00,0.971399307
2021-04-24 08:00:00+00:00,0.97154603
2021-04-24 09:00:00+00:00,0.971693612
2021-04-24 10:00:00+00:00,0.971841373
2021-04-24 11:00:00+00:00,0.971989168
2021-04-24 12:00:00+00:00,0.972137916
2021-04-24 13:00:00+00:00,0.972287425
2021-04-24 14:00:00+00:00,0.972437445
2021-04-24 15:00:00+00:00,0.972587302
2021-04-24 16:00:00+00:00,0.972737218
2021-04-24 17:00:00+00:00,0.972885734
2021-04-24 18:00:00+00:00,0.97303268
2021-04-24 19:00:00+00:00,0.973179952
2021-04-24 20:00:00+00:00,0.973327932
2021-04-24 21:00:00+00:00,0.973476271
2021-04-24 22:00:00+00:00,0.973625208
2021-04-24 23:00:00+00:00,0.973774335
2021-04-25 00:00:00+00:00,0.973923464
2021-04-25 01:00:00+00:00,0.974072793
2021-04-25 02:00:00+00:00,0.974222414
2021-04-25 03:00:00+00:00,0.974372072
2021-04-25 04:00:00+00:00,0.974521722
2021-04-25 05:00:00+00:00,0.974671207
2021-04-25 06:00:00+00:00,0.974818557
2021-04-25 07:00:00+00:00,0.974965054
2021-04-25 08:00:00+00:00,0.975111795
2021-04-25 09:00:00+00:00,0.975259111
2021-04-25 10:00:00+00:00,0.975406304
2021-04-25 11:00:00+00:00,0.975553142
2021-04-25 12:00:00+00:00,0.975701264
2021-04-25 13:00:00+00:00,0.97584918
2021-04-25 14:00:00+00:00,0.975996754
2021-04-25 15:00:00+00:00,0.976143949
2021-04-25 16:00:00+00:00,0.976290607
2021-04-25 17:00:00+00:00,0.976401746
2021-04-25 18:00:00+00:00,0.976546117
2021-04-25 19:00:00+00:00,0.97668989
2021-04-25 20:00:00+00:00,0.976833555
2021-04-25 21:00:00+00:00,0.976978307
2021-04-25 22:00:00+00:00,0.977123261
2021-04-25 23:00:00+00:00,0.977105627
2021-04-26 00:00:00+00:00,0.977088096
2021-04-26 01:00:00+00:00,0.976580368
2021-04-26 02:00:00+00:00,0.976072475
2021-04-26 03:00:00+00:00,0.975564295
2021-04-26 04:00:00+00:00,0.975055279
2021-04-26 05:00:00+00:00,0.974545515
2021-04-26 06:00:00+00:00,0.974033011
2021-04-26 07:00:00+00:00,0.973519804
2021-04-26 08:00:00+00:00,0.973027656
2021-04-26 09:00:00+00:00,0.972894805
2021-04-26 10:00:00+00:00,0.973037052
2021-04-26 11:00:00+00:00,0.973179773
2021-04-26 12:00:00+00:00,0.973324347
2021-04-26 13:00:00+00:00,0.973469971
2021-04-26 14:00:00+00:00,0.972995582
2021-04-26 15:00:00+00:00,0.972520584
2021-04-26 16:00:00+00:00,0.972028775
2021-04-26 17:00:00+00:00,0.971518972
2021-04-26 18:00:00+00:00,0.971006694
2021-04-26 19:00:00+00:00,0.970494431
2021-04-26 20:00:00+00:00,0.969982656
2021-04-26 21:00:00+00:00,0.969472407
2021-04-26 22:00:00+00:00,0.968962122
2021-04-26 23:00:00+00:00,0.96845235
2021-04-27 00:00:00+00:00,0.967942293
2021-04-27 01:00:00+00:00,0.967431882
2021-04-27 02:00:00+00:00,0.966921398
2021-04-27 03:00:00+00:00,0.966409793
2021-04-27 04:00:00+00:00,0.965897687
2021-04-27 05:00:00+00:00,0.965383239
2021-04-27 06:00:00+00:00,0.96486891
2021-04-27 07:00:00+00:00,0.964354266
2021-04-27 08:00:00+00:00,0.963860461
2021-04-27 09:00:00+00:00,0.964001095
2021-04-27 10:00:00+00:00,0.96414299
2021-04-27 11:00:00+00:00,0.964285044
2021-04-27 12:00:00+00:00,0.964428031
2021-04-27 13:00:00+00:00,0.964570905
2021-04-27 14:00:00+00:00,0.964113152
2021-04-27 15:00:00+00:00,0.96363479
2021-04-27 16:00:00+00:00,0.96314826
2021-04-27 17:00:00+00:00,0.962634345
2021-04-27 18:00:00+00:00,0.962119125
2021-04-27 19:00:00+00:00,0.961604089
2021-04-27 20:00:00+00:00,0.961089782
2021-04-27 21:00:00+00:00,0.960576533
2021-04-27 22:00:00+00:00,0.960064901
2021-04-27 23:00:00+00:00,0.959554324
2021-04-28 00:00:00+00:00,0.959044108
2021-04-28 01:00:00+00:00,0.958534144
2021-04-28 02:00:00+00:00,0.958024698
2021-04-28 03:00:00+00:00,0.957515121
2021-04-28 04:00:00+00:00,0.957003731
2021-04-28 05:00:00+00:00,0.956490039
2021-04-28 06:00:00+00:00,0.955975605
2021-04-28 07:00:00+00:00,0.955464615
2021-04-28 08:00:00+00:00,0.954981577
2021-04-28 09:00:00+00:00,0.955122251
2021-04-28 10:00:00+00:00,0.955263234
2021-04-28 11:00:00+00:00,0.955404962
2021-04-28 12:00:00+00:00,0.95554774
2021-04-28 13:00:00+00:00,0.955691321
2021-04-28 14:00:00+00:00,0.955835288
2021-04-28 15:00:00+00:00,0.955978095
2021-04-28 16:00:00+00:00,0.956121266
2021-04-28 17:00:00+00:00,0.955623157
2021-04-28 18:00:00+00:00,0.955239312
2021-04-28 19:00:00+00:00,0.954855015
2021-04-28 20:00:00+00:00,0.954471717
2021-04-28 21:00:00+00:00,0.954089108
2021-04-28 22:00:00+00:00,0.95370686
2021-04-28 23:00:00+00:00,0.953326447
2021-04-29 00:00:00+00:00,0.952946049
2021-04-29 01:00:00+00:00,0.952565023
2021-04-29 02:00:00+00:00,0.952184282
2021-04-29 03:00:00+00:00,0.951803404
2021-04-29 04:00:00+00:00,0.951420345
2021-04-29 05:00:00+00:00,0.951034904
2021-04-29 06:00:00+00:00,0.950519181
2021-04-29 07:00:00+00:00,0.950024311
2021-04-29 08:00:00+00:00,0.950164801
2021-04-29 09:00:00+00:00,0.95030643
2021-04-29 10:00:00+00:00,0.950446829
2021-04-29 11:00:00+00:00,0.950586379
2021-04-29 12:00:00+00:00,0.950727108
2021-04-29 13:00:00+00:00,0.950869503
2021-04-29 14:00:00+00:00,0.951010994
2021-04-29 15:00:00+00:00,0.951151191
2021-04-29 16:00:00+00:00,0.951290746
2021-04-29 17:00:00+00:00,0.950799782
2021-04-29 18:00:00+00:00,0.950459456
2021-04-29 19:00:00+00:00,0.950118544
2021-04-29 20:00:00+00:00,0.949779218
2021-04-29 21:00:00+00:00,0.949440022
2021-04-29 22:00:00+00:00,0.949099765
2021-04-29 23:00:00+00:00,0.948760743
2021-04-30 00:00:00+00:00,0.948422746
2021-04-30 01:00:00+00:00,0.94808498
2021-04-30 02:00:00+00:00,0.947746951
2021-04-30 03:00:00+00:00,0.947408402
2021-04-30 04:00:00+00:00,0.947069028
2021-04-30 05:00:00+00:00,0.946729143
2021-04-30 06:00:00+00:00,0.946211664
2021-04-30 07:00:00+00:00,0.945708567
2021-04-30 08:00:00+00:00,0.945845181
2021-04-30 09:00:00+00:00,0.945982621
2021-04-30 10:00:00+00:00,0.946120437
2021-04-30 11:00:00+00:00,0.946258987
2021-04-30 12:00:00+00:00,0.946398525
2021-04-30 13:00:00+00:00,0.946537998
2021-04-30 14:00:00+00:00,0.946677557
2021-04-30 15:00:00+00:00,0.946816774
2021-04-30 16:00:00+00:00,0.946955603
2021-04-30 17:00:00+00:00,0.947092459
2021-04-30 18:00:00+00:00,0.947228561
2021-04-30 19:00:00+00:00,0.947365396
2021-04-30 20:00:00+00:00,0.947503379
2021-04-30 21:00:00+00:00,0.94764214
2021-04-30 22:00:00+00:00,0.947781964
2021-04-30 23:00:00+00:00,0.9479221
2021-05-01 00:00:00+00:00,0.948064177
2021-05-01 01:00:00+00:00,0.948206432
2021-05-01 02:00:00+00:00,0.948349387
2021-05-01 03:00:00+00:00,0.948492533
2021-05-01 04:00:00+00:00,0.948635781
2021-05-01 05:00:00+00:00,0.94877879
2021-05-01 06:00:00+00:00,0.948921259
2021-05-01 07:00:00+00:00,0.949063724
2021-05-01 08:00:00+00:00,0.94920572
2021-05-01 09:00:00+00:00,0.949348402
2021-05-01 10:00:00+00:00,0.949491073
2021-05-01 11:00:00+00:00,0.949633893
2021-05-01 12:00:00+00:00,0.949778193
2021-05-01 13:00:00+00:00,0.949922774
2021-05-01 14:00:00+00:00,0.950067356
2021-05-01 15:00:00+00:00,0.950211845
2021-05-01 16:00:00+00:00,0.950356162
2021-05-01 17:00:00+00:00,0.950498686
2021-05-01 18:00:00+00:00,0.950639
2021-05-01 19:00:00+00:00,0.950777952
2021-05-01 20:00:00+00:00,0.950917645
2021-05-01 21:00:00+00:00,0.9510582
2021-05-01 22:00:00+00:00,0.951201032
2021-05-01 23:00:00+00:00,0.951345698
2021-05-02 00:00:00+00:00,0.951490436
2021-05-02 01:00:00+00:00,0.951635071
2021-05-02 02:00:00+00:00,0.951779877
2021-05-02 03:00:00+00:00,0.951924929
2021-05-02 04:00:00+00:00,0.952069974
2021-05-02 05:00:00+00:00,0.952214781
2021-05-02 06:00:00+00:00,0.952358358
2021-05-02 07:00:00+00:00,0.952501301
2021-05-02 08:00:00+00:00,0.952644428
2021-05-02 09:00:00+00:00,0.952788353
2021-05-02 10:00:00+00:00,0.952932404
2021-05-02 11:00:00+00:00,0.953076465
2021-05-02 12:00:00+00:00,0.953221521
2021-05-02 13:00:00+00:00,0.953367212
2021-05-02 14:00:00+00:00,0.953512975
2021-05-02 15:00:00+00:00,0.953658662
2021-05-02 16:00:00+00:00,0.953804159
2021-05-02 17:00:00+00:00,0.953946896
2021-05-02 18:00:00+00:00,0.954088384
2021-05-02 19:00:00+00:00,0.954228711
2021-05-02 20:00:00+00:00,0.954370028
2021-05-02 21:00:00+00:00,0.954512362
2021-05-02 22:00:00+00:00,0.954656345
2021-05-02 23:00:00+00:00,0.954800833
2021-05-03 00:00:00+00:00,0.954946054
2021-05-03 01:00:00+00:00,0.95509124
2021-05-03 02:00:00+00:00,0.95523661
2021-05-03 03:00:00+00:00,0.955381786
2021-05-03 04:00:00+00:00,0.955526176
2021-05-03 05:00:00+00:00,0.955668156
2021-05-03 06:00:00+00:00,0.955808412
2021-05-03 07:00:00+00:00,0.955948162
2021-05-03 08:00:00+00:00,0.956087228
2021-05-03 09:00:00+00:00,0.956227946
2021-05-03 10:00:00+00:00,0.95636895
2021-05-03 11:00:00+00:00,0.956510508
2021-05-03 12:00:00+00:00,0.956652336
2021-05-03 13:00:00+00:00,0.956794412
2021-05-03 14:00:00+00:00,0.956936498
2021-05-03 15:00:00+00:00,0.957078134
2021-05-03 16:00:00+00:00,0.957218519
2021-05-03 17:00:00+00:00,0.957193976
2021-05-03 18:00:00+00:00,0.956824468
2021-05-03 19:00:00+00:00,0.956453496
2021-05-03 20:00:00+00:00,0.956083225
2021-05-03 21:00:00+00:00,0.955714526
2021-05-03 22:00:00+00:00,0.955347814
2021-05-03 23:00:00+00:00,0.954983953
2021-05-04 00:00:00+00:00,0.954620812
2021-05-04 01:00:00+00:00,0.954258102
2021-05-04 02:00:00+00:00,0.953895258
2021-05-04 03:00:00+00:00,0.953531925
2021-05-04 04:00:00+00:00,0.953167245
2021-05-04 05:00:00+00:00,0.952801403
2021-05-04 06:00:00+00:00,0.952288684
2021-05-04 07:00:00+00:00,0.952428229
2021-05-04 08:00:00+00:00,0.952568717
2021-05-04 09:00:00+00:00,0.952710473
2021-05-04 10:00:00+00:00,0.952851785
2021-05-04 11:00:00+00:00,0.952993449
2021-05-04 12:00:00+00:00,0.953136817
2021-05-04 13:00:00+00:00,0.953280349
2021-05-04 14:00:00+00:00,0.953424025
2021-05-04 15:00:00+00:00,0.953568331
2021-05-04 16:00:00+00:00,0.95371068
2021-05-04 17:00:00+00:00,0.953851443
2021-05-04 18:00:00+00:00,0.953826963
2021-05-04 19:00:00+00:00,0.953965527
2021-05-04 20:00:00+00:00,0.954105334
2021-05-04 21:00:00+00:00,0.95424577
2021-05-04 22:00:00+00:00,0.954224143
2021-05-04 23:00:00+00:00,0.954206184
2021-05-05 00:00:00+00:00,0.954188759
2021-05-05 01:00:00+00:00,0.954170816
2021-05-05 02:00:00+00:00,0.954152971
2021-05-05 03:00:00+00:00,0.954133368
2021-05-05 04:00:00+00:00,0.953769392
2021-05-05 05:00:00+00:00,0.953379869
2021-05-05 06:00:00+00:00,0.95306867
2021-05-05 07:00:00+00:00,0.953207343
2021-05-05 08:00:00+00:00,0.953347265
2021-05-05 09:00:00+00:00,0.953487756
2021-05-05 10:00:00+00:00,0.953629567
2021-05-05 11:00:00+00:00,0.953772439
2021-05-05 12:00:00+00:00,0.953917074
2021-05-05 13:00:00+00:00,0.954062465
2021-05-05 14:00:00+00:00,0.95420752
2021-05-05 15:00:00+00:00,0.954352999
2021-05-05 16:00:00+00:00,0.954497677
2021-05-05 17:00:00+00:00,0.954639983
2021-05-05 18:00:00+00:00,0.954463489
2021-05-05 19:00:00+00:00,0.954286386
2021-05-05 20:00:00+00:00,0.954109763
2021-05-05 21:00:00+00:00,0.9539351
2021-05-05 22:00:00+00:00,0.953760658
2021-05-05 23:00:00+00:00,0.953588844
2021-05-06 00:00:00+00:00,0.953417313
2021-05-06 01:00:00+00:00,0.953242588
2021-05-06 02:00:00+00:00,0.953066121
2021-05-06 03:00:00+00:00,0.952888682
2021-05-06 04:00:00+00:00,0.952709867
2021-05-06 05:00:00+00:00,0.952213074
2021-05-06 06:00:00+00:00,0.952148142
2021-05-06 07:00:00+00:00,0.95228454
2021-05-06 08:00:00+00:00,0.952422802
2021-05-06 09:00:00+00:00,0.952557704
2021-05-06 10:00:00+00:00,0.952696411
2021-05-06 11:00:00+00:00,0.952836366
2021-05-06 12:00:00+00:00,0.952976593
2021-05-06 13:00:00+00:00,0.953115905
2021-05-06 14:00:00+00:00,0.953257849
2021-05-06 15:00:00+00:00,0.953399439
2021-05-06 16:00:00+00:00,0.953539878
2021-05-06 17:00:00+00:00,0.953678726
2021-05-06 18:00:00+00:00,0.953813202
2021-05-06 19:00:00+00:00,0.953948974
2021-05-06 20:00:00+00:00,0.954085016
2021-05-06 21:00:00+00:00,0.954224274
2021-05-06 22:00:00+00:00,0.954366363
2021-05-06 23:00:00+00:00,0.954505542
2021-05-07 00:00:00+00:00,0.954650062
2021-05-07 01:00:00+00:00,0.9547953
2021-05-07 02:00:00+00:00,0.954940415
2021-05-07 03:00:00+00:00,0.955083643
2021-05-07 04:00:00+00:00,0.955218126
2021-05-07 05:00:00+00:00,0.955350619
2021-05-07 06:00:00+00:00,0.955480267
2021-05-07 07:00:00+00:00,0.955616052
2021-05-07 08:00:00+00:00,0.955754972
2021-05-07 09:00:00+00:00,0.955894732
2021-05-07 10:00:00+00:00,0.9560344
2021-05-07 11:00:00+00:00,0.956176558
2021-05-07 12:00:00+00:00,0.956314709
2021-05-07 13:00:00+00:00,0.956451749
2021-05-07 14:00:00+00:00,0.956588805
2021-05-07 15:00:00+00:00,0.956727236
2021-05-07 16:00:00+00:00,0.956863513
2021-05-07 17:00:00+00:00,0.957002963
2021-05-07 18:00:00+00:00,0.957138736
2021-05-07 19:00:00+00:00,0.957096966
2021-05-07 20:00:00+00:00,0.957168807
2021-05-07 21:00:00+00:00,0.957303996
2021-05-07 22:00:00+00:00,0.957446552
2021-05-07 23:00:00+00:00,0.957590862
2021-05-08 00:00:00+00:00,0.957735485
2021-05-08 01:00:00+00:00,0.957479539
2021-05-08 02:00:00+00:00,0.957212772
2021-05-08 03:00:00+00:00,0.956963638
2021-05-08 04:00:00+00:00,0.956728649
2021-05-08 05:00:00+00:00,0.956637985
2021-05-08 06:00:00+00:00,0.956781155
2021-05-08 07:00:00+00:00,0.956924717
2021-05-08 08:00:00+00:00,0.957069518
2021-05-08 09:00:00+00:00,0.957215169
2021-05-08 10:00:00+00:00,0.957361839
2021-05-08 11:00:00+00:00,0.957510158
2021-05-08 12:00:00+00:00,0.957659341
2021-05-08 13:00:00+00:00,0.957807569
2021-05-08 14:00:00+00:00,0.957955602
2021-05-08 15:00:00+00:00,0.958103619
2021-05-08 16:00:00+00:00,0.958251385
2021-05-08 17:00:00+00:00,0.958397273
2021-05-08 18:00:00+00:00,0.958541105
2021-05-08 19:00:00+00:00,0.958684695
2021-05-08 20:00:00+00:00,0.958829115
2021-05-08 21:00:00+00:00,0.958973905
2021-05-08 22:00:00+00:00,0.95912123
2021-05-08 23:00:00+00:00,0.959268757
2021-05-09 00:00:00+00:00,0.959416174
2021-05-09 01:00:00+00:00,0.959564072
2021-05-09 02:00:00+00:00,0.959711486
2021-05-09 03:00:00+00:00,0.959858577
2021-05-09 04:00:00+00:00,0.960005168
2021-05-09 05:00:00+00:00,0.960151384
2021-05-09 06:00:00+00:00,0.960297809
2021-05-09 07:00:00+00:00,0.960444591
2021-05-09 08:00:00+00:00,0.960591255
2021-05-09 09:00:00+00:00,0.960737772
2021-05-09 10:00:00+00:00,0.960884128
2021-05-09 11:00:00+00:00,0.961030743
2021-05-09 12:00:00+00:00,0.961177341
2021-05-09 13:00:00+00:00,0.961323192
2021-05-09 14:00:00+00:00,0.961468743
2021-05-09 15:00:00+00:00,0.961614478
2021-05-09 16:00:00+00:00,0.961759794
2021-05-09 17:00:00+00:00,0.961904632
2021-05-09 18:00:00+00:00,0.962045781
2021-05-09 19:00:00+00:00,0.962181002
2021-05-09 20:00:00+00:00,0.962320059
2021-05-09 21:00:00+00:00,0.962459818
2021-05-09 22:00:00+00:00,0.962601818
2021-05-09 23:00:00+00:00,0.962743255
2021-05-10 00:00:00+00:00,0.9628849
2021-05-10 01:00:00+00:00,0.963026757
2021-05-10 02:00:00+00:00,0.96316872
2021-05-10 03:00:00+00:00,0.963310433
2021-05-10 04:00:00+00:00,0.963450385
2021-05-10 05:00:00+00:00,0.963587736
2021-05-10 06:00:00+00:00,0.963723269
2021-05-10 07:00:00+00:00,0.963858948
2021-05-10 08:00:00+00:00,0.963996435
2021-05-10 09:00:00+00:00,0.964134359
2021-05-10 10:00:00+00:00,0.964273384
2021-05-10 11:00:00+00:00,0.964412181
2021-05-10 12:00:00+00:00,0.9645513
2021-05-10 13:00:00+00:00,0.964690571
2021-05-10 14:00:00+00:00,0.964829375
2021-05-10 15:00:00+00:00,0.964968302
2021-05-10 16:00:00+00:00,0.965106446
2021-05-10 17:00:00+00:00,0.965243739
2021-05-10 18:00:00+00:00,0.965379618
2021-05-10 19:00:00+00:00,0.965515339
2021-05-10 20:00:00+00:00,0.965651996
2021-05-10 21:00:00+00:00,0.965790159
2021-05-10 22:00:00+00:00,0.965929759
2021-05-10 23:00:00+00:00,0.966069485
2021-05-11 00:00:00+00:00,0.966210795
2021-05-11 01:00:00+00:00,0.966351924
2021-05-11 02:00:00+00:00,0.96649269
2021-05-11 03:00:00+00:00,0.966633336
2021-05-11 04:00:00+00:00,0.966772824
2021-05-11 05:00:00+00:00,0.96691042
2021-05-11 06:00:00+00:00,0.967047339
2021-05-11 07:00:00+00:00,0.967185814
2021-05-11 08:00:00+00:00,0.96732503
2021-05-11 09:00:00+00:00,0.967465504
2021-05-11 10:00:00+00:00,0.967605719
2021-05-11 11:00:00+00:00,0.967745869
2021-05-11 12:00:00+00:00,0.967886354
2021-05-11 13:00:00+00:00,0.968026956
2021-05-11 14:00:00+00:00,0.968167615
2021-05-11 15:00:00+00:00,0.96830867
2021-05-11 16:00:00+00:00,0.968449202
2021-05-11 17:00:00+00:00,0.968587688
2021-05-11 18:00:00+00:00,0.968725002
2021-05-11 19:00:00+00:00,0.968861729
2021-05-11 20:00:00+00:00,0.968999752
2021-05-11 21:00:00+00:00,0.969138181
2021-05-11 22:00:00+00:00,0.969277567
2021-05-11 23:00:00+00:00,0.969416831
2021-05-12 00:00:00+00:00,0.969557438
2021-05-12 01:00:00+00:00,0.969697809
2021-05-12 02:00:00+00:00,0.969837925
2021-05-12 03:00:00+00:00,0.969977455
2021-05-12 04:00:00+00:00,0.970115429
2021-05-12 05:00:00+00:00,0.970251804
2021-05-12 06:00:00+00:00,0.970387192
2021-05-12 07:00:00+00:00,0.970523227
2021-05-12 08:00:00+00:00,0.970659301
2021-05-12 09:00:00+00:00,0.970797355
2021-05-12 10:00:00+00:00,0.970935101
2021-05-12 11:00:00+00:00,0.9710731
2021-05-12 12:00:00+00:00,0.971211766
2021-05-12 13:00:00+00:00,0.971351034
2021-05-12 14:00:00+00:00,0.971490879
2021-05-12 15:00:00+00:00,0.971630722
2021-05-12 16:00:00+00:00,0.971769684
2021-05-12 17:00:00+00:00,0.971907817
2021-05-12 18:00:00+00:00,0.97204323
2021-05-12 19:00:00+00:00,0.972178274
2021-05-12 20:00:00+00:00,0.972314006
2021-05-12 21:00:00+00:00,0.972450579
2021-05-12 22:00:00+00:00,0.972588996
2021-05-12 23:00:00+00:00,0.972728376
2021-05-13 00:00:00+00:00,0.972867938
2021-05-13 01:00:00+00:00,0.973007865
2021-05-13 02:00:00+00:00,0.973148366
2021-05-13 03:00:00+00:00,0.973288718
2021-05-13 04:00:00+00:00,0.97342861
2021-05-13 05:00:00+00:00,0.973566969
2021-05-13 06:00:00+00:00,0.973704389
2021-05-13 07:00:00+00:00,0.973840585
2021-05-13 08:00:00+00:00,0.97397707
2021-05-13 09:00:00+00:00,0.974113662
2021-05-13 10:00:00+00:00,0.974246466
2021-05-13 11:00:00+00:00,0.974378298
2021-05-13 12:00:00+00:00,0.974514053
2021-05-13 13:00:00+00:00,0.974648898
2021-05-13 14:00:00+00:00,0.974783389
2021-05-13 15:00:00+00:00,0.974917736
2021-05-13 16:00:00+00:00,0.975051163
2021-05-13 17:00:00+00:00,0.975182499
2021-05-13 18:00:00+00:00,0.975311871
2021-05-13 19:00:00+00:00,0.975440672
2021-05-13 20:00:00+00:00,0.975569608
2021-05-13 21:00:00+00:00,0.975700177
2021-05-13 22:00:00+00:00,0.975832341
2021-05-13 23:00:00+00:00,0.975964866
2021-05-14 00:00:00+00:00,0.976098755
2021-05-14 01:00:00+00:00,0.9762341
2021-05-14 02:00:00+00:00,0.976369881
2021-05-14 03:00:00+00:00,0.976504847
2021-05-14 04:00:00+00:00,0.97663968
2021-05-14 05:00:00+00:00,0.976772549
2021-05-14 06:00:00+00:00,0.976904434
2021-05-14 07:00:00+00:00,0.97703745
2021-05-14 08:00:00+00:00,0.977171205
2021-05-14 09:00:00+00:00,0.977305595
2021-05-14 10:00:00+00:00,0.977441442
2021-05-14 11:00:00+00:00,0.977577768
2021-05-14 12:00:00+00:00,0.977714918
2021-05-14 13:00:00+00:00,0.977851851
2021-05-14 14:00:00+00:00,0.97798831
2021-05-14 15:00:00+00:00,0.978124141
2021-05-14 16:00:00+00:00,0.978259489
2021-05-14 17:00:00+00:00,0.978392458
2021-05-14 18:00:00+00:00,0.978524016
2021-05-14 19:00:00+00:00,0.978655612
2021-05-14 20:00:00+00:00,0.978787896
2021-05-14 21:00:00+00:00,0.978921015
2021-05-14 22:00:00+00:00,0.979057029
2021-05-14 23:00:00+00:00,0.979194336
2021-05-15 00:00:00+00:00,0.979332876
2021-05-15 01:00:00+00:00,0.979471646
2021-05-15 02:00:00+00:00,0.979610124
2021-05-15 03:00:00+00:00,0.979748348
2021-05-15 04:00:00+00:00,0.979885937
2021-05-15 05:00:00+00:00,0.980021771
2021-05-15 06:00:00+00:00,0.980156691
2021-05-15 07:00:00+00:00,0.98029076
2021-05-15 08:00:00+00:00,0.980424982
2021-05-15 09:00:00+00:00,0.98055915
2021-05-15 10:00:00+00:00,0.980693528
2021-05-15 11:00:00+00:00,0.980827937
2021-05-15 12:00:00+00:00,0.980962858
2021-05-15 13:00:00+00:00,0.981097784
2021-05-15 14:00:00+00:00,0.981232327
2021-05-15 15:00:00+00:00,0.981366503
2021-05-15 16:00:00+00:00,0.981497812
2021-05-15 17:00:00+00:00,0.981626827
2021-05-15 18:00:00+00:00,0.981747745
2021-05-15 19:00:00+00:00,0.98186771
2021-05-15 20:00:00+00:00,0.981988219
2021-05-15 21:00:00+00:00,0.982110498
2021-05-15 22:00:00+00:00,0.982234521
2021-05-15 23:00:00+00:00,0.982359237
2021-05-16 00:00:00+00:00,0.982483349
2021-05-16 01:00:00+00:00,0.982606572
2021-05-16 02:00:00+00:00,0.982730521
2021-05-16 03:00:00+00:00,0.982854
2021-05-16 04:00:00+00:00,0.982976988
2021-05-16 05:00:00+00:00,0.983100036
2021-05-16 06:00:00+00:00,0.983223004
2021-05-16 07:00:00+00:00,0.983346194
2021-05-16 08:00:00+00:00,0.983469326
2021-05-16 09:00:00+00:00,0.983592979
2021-05-16 10:00:00+00:00,0.983717544
2021-05-16 11:00:00+00:00,0.983841763
2021-05-16 12:00:00+00:00,0.983965985
2021-05-16 13:00:00+00:00,0.984090068
2021-05-16 14:00:00+00:00,0.98421673
2021-05-16 15:00:00+00:00,0.984343728
2021-05-16 16:00:00+00:00,0.984470272
2021-05-16 17:00:00+00:00,0.984595766
2021-05-16 18:00:00+00:00,0.984717821
2021-05-16 19:00:00+00:00,0.984840486
2021-05-16 20:00:00+00:00,0.984962987
2021-05-16 21:00:00+00:00,0.985086029
2021-05-16 22:00:00+00:00,0.985217933
2021-05-16 23:00:00+00:00,0.985350526
2021-05-17 00:00:00+00:00,0.985483233
2021-05-17 01:00:00+00:00,0.985612942
2021-05-17 02:00:00+00:00,0.985742117
2021-05-17 03:00:00+00:00,0.985871486
2021-05-17 04:00:00+00:00,0.985999805
2021-05-17 05:00:00+00:00,0.986127397
2021-05-17 06:00:00+00:00,0.986252141
2021-05-17 07:00:00+00:00,0.98638314
2021-05-17 08:00:00+00:00,0.986515837
2021-05-17 09:00:00+00:00,0.986644336
2021-05-17 10:00:00+00:00,0.986772974
2021-05-17 11:00:00+00:00,0.986902172
2021-05-17 12:00:00+00:00,0.987030453
2021-05-17 13:00:00+00:00,0.987158792
2021-05-17 14:00:00+00:00,0.987287311
2021-05-17 15:00:00+00:00,0.987415067
2021-05-17 16:00:00+00:00,0.987545579
2021-05-17 17:00:00+00:00,0.987672427
2021-05-17 18:00:00+00:00,0.987631977
2021-05-17 19:00:00+00:00,0.987732813
2021-05-17 20:00:00+00:00,0.987859925
2021-05-17 21:00:00+00:00,0.987986993
2021-05-17 22:00:00+00:00,0.988120401
2021-05-17 23:00:00+00:00,0.988090413
2021-05-18 00:00:00+00:00,0.988061746
2021-05-18 01:00:00+00:00,0.988033547
2021-05-18 02:00:00+00:00,0.988005543
2021-05-18 03:00:00+00:00,0.987977466
2021-05-18 04:00:00+00:00,0.987947538
2021-05-18 05:00:00+00:00,0.987798787
2021-05-18 06:00:00+00:00,0.987928087
2021-05-18 07:00:00+00:00,0.988057707
2021-05-18 08:00:00+00:00,0.988187079
2021-05-18 09:00:00+00:00,0.988316304
2021-05-18 10:00:00+00:00,0.988445088
2021-05-18 11:00:00+00:00,0.988578354
2021-05-18 12:00:00+00:00,0.988712408
2021-05-18 13:00:00+00:00,0.988847046
2021-05-18 14:00:00+00:00,0.988982115
2021-05-18 15:00:00+00:00,0.989117324
2021-05-18 16:00:00+00:00,0.989252275
2021-05-18 17:00:00+00:00,0.989378744
2021-05-18 18:00:00+00:00,0.989502452
2021-05-18 19:00:00+00:00,0.989628515
2021-05-18 20:00:00+00:00,0.989757185
2021-05-18 21:00:00+00:00,0.989891408
2021-05-18 22:00:00+00:00,0.990022692
2021-05-18 23:00:00+00:00,0.990158655
2021-05-19 00:00:00+00:00,0.990290924
2021-05-19 01:00:00+00:00,0.990425222
2021-05-19 02:00:00+00:00,0.990561559
2021-05-19 03:00:00+00:00,0.990697452
2021-05-19 04:00:00+00:00,0.990829567
2021-05-19 05:00:00+00:00,0.990960921
2021-05-19 06:00:00+00:00,0.991084058
2021-05-19 07:00:00+00:00,0.991212973
2021-05-19 08:00:00+00:00,0.991341696
2021-05-19 09:00:00+00:00,0.991467953
2021-05-19 10:00:00+00:00,0.991595315
2021-05-19 11:00:00+00:00,0.991726049
2021-05-19 12:00:00+00:00,0.991859231
2021-05-19 13:00:00+00:00,0.9919942
2021-05-19 14:00:00+00:00,0.992130007
2021-05-19 15:00:00+00:00,0.99226391
2021-05-19 16:00:00+00:00,0.992396189
2021-05-19 17:00:00+00:00,0.992531135
2021-05-19 18:00:00+00:00,0.992563099
2021-05-19 19:00:00+00:00,0.992532618
2021-05-19 20:00:00+00:00,0.992503685
2021-05-19 21:00:00+00:00,0.992476189
2021-05-19 22:00:00+00:00,0.992451524
2021-05-19 23:00:00+00:00,0.992427508
2021-05-20 00:00:00+00:00,0.992403834
2021-05-20 01:00:00+00:00,0.992380686
2021-05-20 02:00:00+00:00,0.9923571
2021-05-20 03:00:00+00:00,0.992331756
2021-05-20 04:00:00+00:00,0.992466123
2021-05-20 05:00:00+00:00,0.992600403
2021-05-20 06:00:00+00:00,0.992566102
2021-05-20 07:00:00+00:00,0.992701418
2021-05-20 08:00:00+00:00,0.99283665
2021-05-20 09:00:00+00:00,0.992971569
2021-05-20 10:00:00+00:00,0.993108239
2021-05-20 11:00:00+00:00,0.99324469
2021-05-20 12:00:00+00:00,0.993382299
2021-05-20 13:00:00+00:00,0.993521943
2021-05-20 14:00:00+00:00,0.993663444
2021-05-20 15:00:00+00:00,0.993803654
2021-05-20 16:00:00+00:00,0.993942507
2021-05-20 17:00:00+00:00,0.994078286
2021-05-20 18:00:00+00:00,0.994048743
2021-05-20 19:00:00+00:00,0.994182537
2021-05-20 20:00:00+00:00,0.994317108
2021-05-20 21:00:00+00:00,0.994447822
2021-05-20 22:00:00+00:00,0.994415094
2021-05-20 23:00:00+00:00,0.994383301
2021-05-21 00:00:00+00:00,0.994352374
2021-05-21 01:00:00+00:00,0.994321322
2021-05-21 02:00:00+00:00,0.994290075
2021-05-21 03:00:00+00:00,0.994258674
2021-05-21 04:00:00+00:00,0.994229991
2021-05-21 05:00:00+00:00,0.994106212
2021-05-21 06:00:00+00:00,0.994011745
2021-05-21 07:00:00+00:00,0.994143592
2021-05-21 08:00:00+00:00,0.994276406
2021-05-21 09:00:00+00:00,0.994408688
2021-05-21 10:00:00+00:00,0.994540918
2021-05-21 11:00:00+00:00,0.994678844
2021-05-21 12:00:00+00:00,0.994820354
2021-05-21 13:00:00+00:00,0.994962587
2021-05-21 14:00:00+00:00,0.995104987
2021-05-21 15:00:00+00:00,0.995246449
2021-05-21 16:00:00+00:00,0.995388606
2021-05-21 17:00:00+00:00,0.995527095
2021-05-21 18:00:00+00:00,0.995663234
2021-05-21 19:00:00+00:00,0.99580344
2021-05-21 20:00:00+00:00,0.99594333
2021-05-21 21:00:00+00:00,0.996078693
2021-05-21 22:00:00+00:00,0.996215013
2021-05-21 23:00:00+00:00,0.996353036
2021-05-22 00:00:00+00:00,0.996495653
2021-05-22 01:00:00+00:00,0.996638303
2021-05-22 02:00:00+00:00,0.996780361
2021-05-22 03:00:00+00:00,0.996917422
2021-05-22 04:00:00+00:00,0.997055392
2021-05-22 05:00:00+00:00,0.997196421
2021-05-22 06:00:00+00:00,0.997336629
2021-05-22 07:00:00+00:00,0.99747716
2021-05-22 08:00:00+00:00,0.997615174
2021-05-22 09:00:00+00:00,0.997750437
2021-05-22 10:00:00+00:00,0.997884448
2021-05-22 11:00:00+00:00,0.998020816
2021-05-22 12:00:00+00:00,0.998163279
2021-05-22 13:00:00+00:00,0.99830611
2021-05-22 14:00:00+00:00,0.998448115
2021-05-22 15:00:00+00:00,0.998590545
2021-05-22 16:00:00+00:00,0.998732951
2021-05-22 17:00:00+00:00,0.998868934
2021-05-22 18:00:00+00:00,0.999005928
2021-05-22 19:00:00+00:00,0.999141187
2021-05-22 20:00:00+00:00,0.999274852
2021-05-22 21:00:00+00:00,0.999413734
2021-05-22 22:00:00+00:00,0.999557447
2021-05-22 23:00:00+00:00,0.999701818
2021-05-23 00:00:00+00:00,0.999846393
2021-05-23 01:00:00+00:00,0.999991043
2021-05-23 02:00:00+00:00,0.999991043
2021-05-23 03:00:00+00:00,0.999991043
2021-05-23 04:00:00+00:00,0.999991043
2021-05-23 05:00:00+00:00,0.999991043
2021-05-23 06:00:00+00:00,0.999991043
2021-05-23 07:00:00+00:00,0.999991043
2021-05-23 08:00:00+00:00,0.999991043
2021-05-23 09:00:00+00:00,0.999991043
2021-05-23 10:00:00+00:00,0.999991043
2021-05-23 11:00:00+00:00,0.999991043
2021-05-23 12:00:00+00:00,0.999991043
2021-05-23 13:00:00+00:00,0.999991043
2021-05-23 14:00:00+00:00,0.999991043
2021-05-23 15:00:00+00:00,0.999991043
2021-05-23 16:00:00+00:00,0.999991043
2021-05-23 17:00:00+00:00,0.999991043
2021-05-23 18:00:00+00:00,0.999991043
2021-05-23 19:00:00+00:00,0.999991043
2021-05-23 20:00:00+00:00,0.999991043
2021-05-23 21:00:00+00:00,0.999991043
2021-05-23 22:00:00+00:00,0.999991043
2021-05-23 23:00:00+00:00,0.999991043
2021-05-24 00:00:00+00:00,0.999991043
2021-05-24 01:00:00+00:00,0.999991043
2021-05-24 02:00:00+00:00,0.999991043
2021-05-24 03:00:00+00:00,0.999991043
2021-05-24 04:00:00+00:00,0.999991043
2021-05-24 05:00:00+00:00,0.999991043
2021-05-24 06:00:00+00:00,0.999991043
2021-05-24 07:00:00+00:00,0.999991043
2021-05-24 08:00:00+00:00,0.999991043
2021-05-24 09:00:00+00:00,0.999991043
2021-05-24 10:00:00+00:00,0.999991043
2021-05-24 11:00:00+00:00,0.999991043
2021-05-24 12:00:00+00:00,0.999991043
2021-05-24 13:00:00+00:00,0.999991043
2021-05-24 14:00:00+00:00,0.999991043
2021-05-24 15:00:00+00:00,0.999991043
2021-05-24 16:00:00+00:00,0.999991043
2021-05-24 17:00:00+00:00,0.999991043
2021-05-24 18:00:00+00:00,0.999991043
2021-05-24 19:00:00+00:00,0.999991043
2021-05-24 20:00:00+00:00,0.999991043
2021-05-24 21:00:00+00:00,0.999991043
2021-05-24 22:00:00+00:00,0.999991043
2021-05-24 23:00:00+00:00,0.999991043
2021-05-25 00:00:00+00:00,0.999991043
2021-05-25 01:00:00+00:00,0.999991043
2021-05-25 02:00:00+00:00,0.999991043
2021-05-25 03:00:00+00:00,0.999991043
2021-05-25 04:00:00+00:00,0.999991043
2021-05-25 05:00:00+00:00,0.999991043
2021-05-25 06:00:00+00:00,0.999991043
2021-05-25 07:00:00+00:00,0.999991043
2021-05-25 08:00:00+00:00,0.999991043
2021-05-25 09:00:00+00:00,0.999991043
2021-05-25 10:00:00+00:00,0.999991043
2021-05-25 11:00:00+00:00,0.999991043
2021-05-25 12:00:00+00:00,0.999991043
2021-05-25 13:00:00+00:00,0.999991043
2021-05-25 14:00:00+00:00,0.999991043
2021-05-25 15:00:00+00:00,0.999991043
2021-05-25 16:00:00+00:00,0.999991043
2021-05-25 17:00:00+00:00,0.999991043
2021-05-25 18:00:00+00:00,0.999991043
2021-05-25 19:00:00+00:00,0.999991043
2021-05-25 20:00:00+00:00,0.999991043
2021-05-25 21:00:00+00:00,0.999991043
2021-05-25 22:00:00+00:00,0.999991043
2021-05-25 23:00:00+00:00,0.999991043
2021-05-26 00:00:00+00:00,0.999991043
2021-05-26 01:00:00+00:00,0.999991043
2021-05-26 02:00:00+00:00,0.999991043
2021-05-26 03:00:00+00:00,0.999991043
2021-05-26 04:00:00+00:00,0.999991043
2021-05-26 05:00:00+00:00,0.999991043
2021-05-26 06:00:00+00:00,0.999991043
2021-05-26 07:00:00+00:00,0.999991043
2021-05-26 08:00:00+00:00,0.999991043
2021-05-26 09:00:00+00:00,0.999991043
2021-05-26 10:00:00+00:00,0.999991043
2021-05-26 11:00:00+00:00,0.999991043
2021-05-26 12:00:00+00:00,0.999991043
2021-05-26 13:00:00+00:00,0.999991043
2021-05-26 14:00:00+00:00,0.999991043
2021-05-26 15:00:00+00:00,0.999991043
2021-05-26 16:00:00+00:00,0.999991043
2021-05-26 17:00:00+00:00,0.999991043
2021-05-26 18:00:00+00:00,0.999971792
2021-05-26 19:00:00+00:00,0.99980023
2021-05-26 20:00:00+00:00,0.999629518
2021-05-26 21:00:00+00:00,0.999458937
2021-05-26 22:00:00+00:00,0.999288107
2021-05-26 23:00:00+00:00,0.999117533
2021-05-27 00:00:00+00:00,0.998947169
2021-05-27 01:00:00+00:00,0.998777278
2021-05-27 02:00:00+00:00,0.998607454
2021-05-27 03:00:00+00:00,0.998436742
2021-05-27 04:00:00+00:00,0.998261291
2021-05-27 05:00:00+00:00,0.998086762
2021-05-27 06:00:00+00:00,0.997611254
2021-05-27 07:00:00+00:00,0.99753839
2021-05-27 08:00:00+00:00,0.997678612
2021-05-27 09:00:00+00:00,0.997820114
2021-05-27 10:00:00+00:00,0.997964607
2021-05-27 11:00:00+00:00,0.998108495
2021-05-27 12:00:00+00:00,0.997632337
2021-05-27 13:00:00+00:00,0.997156312
2021-05-27 14:00:00+00:00,0.996675413
2021-05-27 15:00:00+00:00,0.996184892
2021-05-27 16:00:00+00:00,0.995678322
2021-05-27 17:00:00+00:00,0.995165696
2021-05-27 18:00:00+00:00,0.994647447
2021-05-27 19:00:00+00:00,0.994125981
2021-05-27 20:00:00+00:00,0.99360906
2021-05-27 21:00:00+00:00,0.993097381
2021-05-27 22:00:00+00:00,0.992583176
2021-05-27 23:00:00+00:00,0.992068993
2021-05-28 00:00:00+00:00,0.991555649
2021-05-28 01:00:00+00:00,0.991041709
2021-05-28 02:00:00+00:00,0.990526955
2021-05-28 03:00:00+00:00,0.990013105
2021-05-28 04:00:00+00:00,0.98949869
2021-05-28 05:00:00+00:00,0.988981944
2021-05-28 06:00:00+00:00,0.988461624
2021-05-28 07:00:00+00:00,0.987958713
2021-05-28 08:00:00+00:00,0.98809418
2021-05-28 09:00:00+00:00,0.988232562
2021-05-28 10:00:00+00:00,0.988374337
2021-05-28 11:00:00+00:00,0.98851685
2021-05-28 12:00:00+00:00,0.988663441
2021-05-28 13:00:00+00:00,0.98881013
2021-05-28 14:00:00+00:00,0.988956506
2021-05-28 15:00:00+00:00,0.989103404
2021-05-28 16:00:00+00:00,0.989248078
2021-05-28 17:00:00+00:00,0.989389363
2021-05-28 18:00:00+00:00,0.989365508
2021-05-28 19:00:00+00:00,0.989216933
2021-05-28 20:00:00+00:00,0.989066
2021-05-28 21:00:00+00:00,0.98891579
2021-05-28 22:00:00+00:00,0.988765844
2021-05-28 23:00:00+00:00,0.988623019
2021-05-29 00:00:00+00:00,0.988481054
2021-05-29 01:00:00+00:00,0.988339278
2021-05-29 02:00:00+00:00,0.98819772
2021-05-29 03:00:00+00:00,0.988056399
2021-05-29 04:00:00+00:00,0.987915164
2021-05-29 05:00:00+00:00,0.987482151
2021-05-29 06:00:00+00:00,0.987627818
2021-05-29 07:00:00+00:00,0.987770874
2021-05-29 08:00:00+00:00,0.987914287
2021-05-29 09:00:00+00:00,0.98805569
2021-05-29 10:00:00+00:00,0.988195948
2021-05-29 11:00:00+00:00,0.988335554
2021-05-29 12:00:00+00:00,0.988478731
2021-05-29 13:00:00+00:00,0.988621395
2021-05-29 14:00:00+00:00,0.988765164
2021-05-29 15:00:00+00:00,0.988909443
2021-05-29 16:00:00+00:00,0.989054937
2021-05-29 17:00:00+00:00,0.989196044
2021-05-29 18:00:00+00:00,0.989335031
2021-05-29 19:00:00+00:00,0.98947468
2021-05-29 20:00:00+00:00,0.989613903
2021-05-29 21:00:00+00:00,0.989753892
2021-05-29 22:00:00+00:00,0.98990041
2021-05-29 23:00:00+00:00,0.990048153
2021-05-30 00:00:00+00:00,0.99019696
2021-05-30 01:00:00+00:00,0.990345863
2021-05-30 02:00:00+00:00,0.990494708
2021-05-30 03:00:00+00:00,0.990643398
2021-05-30 04:00:00+00:00,0.990792402
2021-05-30 05:00:00+00:00,0.990941285
2021-05-30 06:00:00+00:00,0.991090221
2021-05-30 07:00:00+00:00,0.991234893
2021-05-30 08:00:00+00:00,0.991377072
2021-05-30 09:00:00+00:00,0.991517802
2021-05-30 10:00:00+00:00,0.99166048
2021-05-30 11:00:00+00:00,0.991802728
2021-05-30 12:00:00+00:00,0.99194417
2021-05-30 13:00:00+00:00,0.99208538
2021-05-30 14:00:00+00:00,0.99222821
2021-05-30 15:00:00+00:00,0.992369797
2021-05-30 16:00:00+00:00,0.99251292
2021-05-30 17:00:00+00:00,0.992654702
2021-05-30 18:00:00+00:00,0.992793421
2021-05-30 19:00:00+00:00,0.992932566
2021-05-30 20:00:00+00:00,0.993070364
2021-05-30 21:00:00+00:00,0.993209714
2021-05-30 22:00:00+00:00,0.993347914
2021-05-30 23:00:00+00:00,0.993486516
2021-05-31 00:00:00+00:00,0.993627871
2021-05-31 01:00:00+00:00,0.993768263
2021-05-31 02:00:00+00:00,0.993910591
2021-05-31 03:00:00+00:00,0.99405231
2021-05-31 04:00:00+00:00,0.994195855
2021-05-31 05:00:00+00:00,0.994335905
2021-05-31 06:00:00+00:00,0.994471808
2021-05-31 07:00:00+00:00,0.994611232
2021-05-31 08:00:00+00:00,0.994747394
2021-05-31 09:00:00+00:00,0.994887806
2021-05-31 10:00:00+00:00,0.995024471
2021-05-31 11:00:00+00:00,0.995160913
2021-05-31 12:00:00+00:00,0.995304319
2021-05-31 13:00:00+00:00,0.995447675
2021-05-31 14:00:00+00:00,0.995592004
2021-05-31 15:00:00+00:00,0.99573781
2021-05-31 16:00:00+00:00,0.99588348
2021-05-31 17:00:00+00:00,0.99602514
2021-05-31 18:00:00+00:00,0.996124483
2021-05-31 19:00:00+00:00,0.996098064
2021-05-31 20:00:00+00:00,0.996072554
2021-05-31 21:00:00+00:00,0.996048078
2021-05-31 22:00:00+00:00,0.996022062
2021-05-31 23:00:00+00:00,0.996002344
2021-06-01 00:00:00+00:00,0.995941002
2021-06-01 01:00:00+00:00,0.99588046
2021-06-01 02:00:00+00:00,0.995819335
2021-06-01 03:00:00+00:00,0.995758497
2021-06-01 04:00:00+00:00,0.995857513
2021-06-01 05:00:00+00:00,0.995953645
2021-06-01 06:00:00+00:00,0.995883564
2021-06-01 07:00:00+00:00,0.995811661
2021-06-01 08:00:00+00:00,0.995741672
2021-06-01 09:00:00+00:00,0.995840478
2021-06-01 10:00:00+00:00,0.995940299
2021-06-01 11:00:00+00:00,0.996043069
2021-06-01 12:00:00+00:00,0.996145717
2021-06-01 13:00:00+00:00,0.996248248
2021-06-01 14:00:00+00:00,0.996351133
2021-06-01 15:00:00+00:00,0.996454372
2021-06-01 16:00:00+00:00,0.996556497
2021-06-01 17:00:00+00:00,0.996652367
2021-06-01 18:00:00+00:00,0.996582499
2021-06-01 19:00:00+00:00,0.996219696
2021-06-01 20:00:00+00:00,0.995856227
2021-06-01 21:00:00+00:00,0.995491886
2021-06-01 22:00:00+00:00,0.995132775
2021-06-01 23:00:00+00:00,0.994774977
2021-06-02 00:00:00+00:00,0.994418251
2021-06-02 01:00:00+00:00,0.994062002
2021-06-02 02:00:00+00:00,0.993705745
2021-06-02 03:00:00+00:00,0.993349205
2021-06-02 04:00:00+00:00,0.992991802
2021-06-02 05:00:00+00:00,0.992436232
2021-06-02 06:00:00+00:00,0.991883639
2021-06-02 07:00:00+00:00,0.991981469
2021-06-02 08:00:00+00:00,0.992079085
2021-06-02 09:00:00+00:00,0.992178103
2021-06-02 10:00:00+00:00,0.99227894
2021-06-02 11:00:00+00:00,0.992380971
2021-06-02 12:00:00+00:00,0.992482877
2021-06-02 13:00:00+00:00,0.992584679
2021-06-02 14:00:00+00:00,0.992686207
2021-06-02 15:00:00+00:00,0.992787786
2021-06-02 16:00:00+00:00,0.992889127
2021-06-02 17:00:00+00:00,0.992990542
2021-06-02 18:00:00+00:00,0.992927405
2021-06-02 19:00:00+00:00,0.99302573
2021-06-02 20:00:00+00:00,0.993124151
2021-06-02 21:00:00+00:00,0.99306011
2021-06-02 22:00:00+00:00,0.992996469
2021-06-02 23:00:00+00:00,0.992934167
2021-06-03 00:00:00+00:00,0.992871944
2021-06-03 01:00:00+00:00,0.992810288
2021-06-03 02:00:00+00:00,0.992748193
2021-06-03 03:00:00+00:00,0.992685667
2021-06-03 04:00:00+00:00,0.992781856
2021-06-03 05:00:00+00:00,0.992877401
2021-06-03 06:00:00+00:00,0.992772083
2021-06-03 07:00:00+00:00,0.992869878
2021-06-03 08:00:00+00:00,0.992969305
2021-06-03 09:00:00+00:00,0.993070171
2021-06-03 10:00:00+00:00,0.99317179
2021-06-03 11:00:00+00:00,0.993273442
2021-06-03 12:00:00+00:00,0.993375495
2021-06-03 13:00:00+00:00,0.99347786
2021-06-03 14:00:00+00:00,0.993580796
2021-06-03 15:00:00+00:00,0.993683176
2021-06-03 16:00:00+00:00,0.993784993
2021-06-03 17:00:00+00:00,0.993882656
2021-06-03 18:00:00+00:00,0.993977833
2021-06-03 19:00:00+00:00,0.993912558
2021-06-03 20:00:00+00:00,0.993847889
2021-06-03 21:00:00+00:00,0.993783057
2021-06-03 22:00:00+00:00,0.99372076
2021-06-03 23:00:00+00:00,0.993658155
2021-06-04 00:00:00+00:00,0.993595339
2021-06-04 01:00:00+00:00,0.993532532
2021-06-04 02:00:00+00:00,0.993469104
2021-06-04 03:00:00+00:00,0.993568763
2021-06-04 04:00:00+00:00,0.99366369
2021-06-04 05:00:00+00:00,0.993756178
2021-06-04 06:00:00+00:00,0.993485181
2021-06-04 07:00:00+00:00,0.993489919
2021-06-04 08:00:00+00:00,0.993586127
2021-06-04 09:00:00+00:00,0.993683742
2021-06-04 10:00:00+00:00,0.993782051
2021-06-04 11:00:00+00:00,0.993880574
2021-06-04 12:00:00+00:00,0.99397822
2021-06-04 13:00:00+00:00,0.994076226
2021-06-04 14:00:00+00:00,0.994176335
2021-06-04 15:00:00+00:00,0.994276356
2021-06-04 16:00:00+00:00,0.994372064
2021-06-04 17:00:00+00:00,0.994469193
2021-06-04 18:00:00+00:00,0.994568396
2021-06-04 19:00:00+00:00,0.994667107
2021-06-04 20:00:00+00:00,0.994767046
2021-06-04 21:00:00+00:00,0.994867552
2021-06-04 22:00:00+00:00,0.994969033
2021-06-04 23:00:00+00:00,0.995070908
2021-06-05 00:00:00+00:00,0.995172704
2021-06-05 01:00:00+00:00,0.995273578
2021-06-05 02:00:00+00:00,0.995374484
2021-06-05 03:00:00+00:00,0.995475158
2021-06-05 04:00:00+00:00,0.995575724
2021-06-05 05:00:00+00:00,0.995672756
2021-06-05 06:00:00+00:00,0.995769724
2021-06-05 07:00:00+00:00,0.995865552
2021-06-05 08:00:00+00:00,0.995958568
2021-06-05 09:00:00+00:00,0.9960513
2021-06-05 10:00:00+00:00,0.996150201
2021-06-05 11:00:00+00:00,0.996247495
2021-06-05 12:00:00+00:00,0.996345577
2021-06-05 13:00:00+00:00,0.996447224
2021-06-05 14:00:00+00:00,0.996549545
2021-06-05 15:00:00+00:00,0.996652228
2021-06-05 16:00:00+00:00,0.996748391
2021-06-05 17:00:00+00:00,0.996848068
2021-06-05 18:00:00+00:00,0.996946355
2021-06-05 19:00:00+00:00,0.997044096
2021-06-05 20:00:00+00:00,0.997142285
2021-06-05 21:00:00+00:00,0.997236518
2021-06-05 22:00:00+00:00,0.997333549
2021-06-05 23:00:00+00:00,0.99743007
2021-06-06 00:00:00+00:00,0.997527377
2021-06-06 01:00:00+00:00,0.997625779
2021-06-06 02:00:00+00:00,0.997728225
2021-06-06 03:00:00+00:00,0.997830747
2021-06-06 04:00:00+00:00,0.997933315
2021-06-06 05:00:00+00:00,0.998036165
2021-06-06 06:00:00+00:00,0.998136862
2021-06-06 07:00:00+00:00,0.998238517
2021-06-06 08:00:00+00:00,0.998339212
2021-06-06 09:00:00+00:00,0.998437957
2021-06-06 10:00:00+00:00,0.998536417
2021-06-06 11:00:00+00:00,0.998637456
2021-06-06 12:00:00+00:00,0.998738152
2021-06-06 13:00:00+00:00,0.998841806
2021-06-06 14:00:00+00:00,0.998945891
2021-06-06 15:00:00+00:00,0.999050159
2021-06-06 16:00:00+00:00,0.999150323
2021-06-06 17:00:00+00:00,0.99924663
2021-06-06 18:00:00+00:00,0.999342733
2021-06-06 19:00:00+00:00,0.999439145
2021-06-06 20:00:00+00:00,0.999541278
2021-06-06 21:00:00+00:00,0.999641252
2021-06-06 22:00:00+00:00,0.999745222
2021-06-06 23:00:00+00:00,0.999850094
2021-06-07 00:00:00+00:00,0.999955439
2021-06-07 01:00:00+00:00,0.999955439
2021-06-07 02:00:00+00:00,0.999955439
2021-06-07 03:00:00+00:00,0.999955439
2021-06-07 04:00:00+00:00,0.999955439
2021-06-07 05:00:00+00:00,0.999955439
2021-06-07 06:00:00+00:00,0.999955439
2021-06-07 07:00:00+00:00,0.999955439
2021-06-07 08:00:00+00:00,0.999955439
2021-06-07 09:00:00+00:00,0.999955439
2021-06-07 10:00:00+00:00,0.999955439
2021-06-07 11:00:00+00:00,0.999955439
2021-06-07 12:00:00+00:00,0.999955439
2021-06-07 13:00:00+00:00,0.999955439
2021-06-07 14:00:00+00:00,0.999955439
2021-06-07 15:00:00+00:00,0.999955439
2021-06-07 16:00:00+00:00,0.999955439
2021-06-07 17:00:00+00:00,0.999955439
2021-06-07 18:00:00+00:00,0.999889893
2021-06-07 19:00:00+00:00,0.999754138
2021-06-07 20:00:00+00:00,0.999619838
2021-06-07 21:00:00+00:00,0.999484795
2021-06-07 22:00:00+00:00,0.99935266
2021-06-07 23:00:00+00:00,0.999221924
2021-06-08 00:00:00+00:00,0.999090986
2021-06-08 01:00:00+00:00,0.998959468
2021-06-08 02:00:00+00:00,0.998828287
2021-06-08 03:00:00+00:00,0.998696901
2021-06-08 04:00:00+00:00,0.998561475
2021-06-08 05:00:00+00:00,0.998113785
2021-06-08 06:00:00+00:00,0.997836941
2021-06-08 07:00:00+00:00,0.997939638
2021-06-08 08:00:00+00:00,0.998042621
2021-06-08 09:00:00+00:00,0.998147113
2021-06-08 10:00:00+00:00,0.998252691
2021-06-08 11:00:00+00:00,0.998359246
2021-06-08 12:00:00+00:00,0.998466829
2021-06-08 13:00:00+00:00,0.998574525
2021-06-08 14:00:00+00:00,0.998681895
2021-06-08 15:00:00+00:00,0.998789465
2021-06-08 16:00:00+00:00,0.998894895
2021-06-08 17:00:00+00:00,0.998993862
2021-06-08 18:00:00+00:00,0.998929188
2021-06-08 19:00:00+00:00,0.999031247
2021-06-08 20:00:00+00:00,0.998971647
2021-06-08 21:00:00+00:00,0.998912855
2021-06-08 22:00:00+00:00,0.998854956
2021-06-08 23:00:00+00:00,0.998800301
2021-06-09 00:00:00+00:00,0.998745357
2021-06-09 01:00:00+00:00,0.998690734
2021-06-09 02:00:00+00:00,0.998636259
2021-06-09 03:00:00+00:00,0.998580792
2021-06-09 04:00:00+00:00,0.998523246
2021-06-09 05:00:00+00:00,0.99846601
2021-06-09 06:00:00+00:00,0.99840623
2021-06-09 07:00:00+00:00,0.998509859
2021-06-09 08:00:00+00:00,0.998614269
2021-06-09 09:00:00+00:00,0.998719378
2021-06-09 10:00:00+00:00,0.998825833
2021-06-09 11:00:00+00:00,0.998931568
2021-06-09 12:00:00+00:00,0.999037328
2021-06-09 13:00:00+00:00,0.999145262
2021-06-09 14:00:00+00:00,0.999253659
2021-06-09 15:00:00+00:00,0.999361884
2021-06-09 16:00:00+00:00,0.999469339
2021-06-09 17:00:00+00:00,0.999572707
2021-06-09 18:00:00+00:00,0.999674378
2021-06-09 19:00:00+00:00,0.999777285
2021-06-09 20:00:00+00:00,0.999880418
2021-06-09 21:00:00+00:00,0.999986289
2021-06-09 22:00:00+00:00,0.999986289
2021-06-09 23:00:00+00:00,0.999986289
2021-06-10 00:00:00+00:00,0.999986289
2021-06-10 01:00:00+00:00,0.999986289
2021-06-10 02:00:00+00:00,0.999986289
2021-06-10 03:00:00+00:00,0.999986289
2021-06-10 04:00:00+00:00,0.999986289
2021-06-10 05:00:00+00:00,0.999986289
2021-06-10 06:00:00+00:00,0.999986289
2021-06-10 07:00:00+00:00,0.999986289
2021-06-10 08:00:00+00:00,0.999986289
2021-06-10 09:00:00+00:00,0.999986289
2021-06-10 10:00:00+00:00,0.999986289
2021-06-10 11:00:00+00:00,0.999986289
2021-06-10 12:00:00+00:00,0.999986289
2021-06-10 13:00:00+00:00,0.999986289
2021-06-10 14:00:00+00:00,0.999986289
2021-06-10 15:00:00+00:00,0.999986289
2021-06-10 16:00:00+00:00,0.999986289
2021-06-10 17:00:00+00:00,0.999986289
2021-06-10 18:00:00+00:00,0.999986289
2021-06-10 19:00:00+00:00,0.999986289
2021-06-10 20:00:00+00:00,0.999986289
2021-06-10 21:00:00+00:00,0.999986289
2021-06-10 22:00:00+00:00,0.999986289
2021-06-10 23:00:00+00:00,0.999986289
2021-06-11 00:00:00+00:00,0.999986289
2021-06-11 01:00:00+00:00,0.999986289
2021-06-11 02:00:00+00:00,0.999986289
2021-06-11 03:00:00+00:00,0.999986289
2021-06-11 04:00:00+00:00,0.999986289
2021-06-11 05:00:00+00:00,0.999986289
2021-06-11 06:00:00+00:00,0.999986289
2021-06-11 07:00:00+00:00,0.999986289
2021-06-11 08:00:00+00:00,0.999986289
2021-06-11 09:00:00+00:00,0.999986289
2021-06-11 10:00:00+00:00,0.999986289
2021-06-11 11:00:00+00:00,0.999986289
2021-06-11 12:00:00+00:00,0.999986289
2021-06-11 13:00:00+00:00,0.999986289
2021-06-11 14:00:00+00:00,0.999986289
2021-06-11 15:00:00+00:00,0.999986289
2021-06-11 16:00:00+00:00,0.999986289
2021-06-11 17:00:00+00:00,0.999986289
2021-06-11 18:00:00+00:00,0.999986289
2021-06-11 19:00:00+00:00,0.999986289
2021-06-11 20:00:00+00:00,0.999986289
2021-06-11 21:00:00+00:00,0.999986289
2021-06-11 22:00:00+00:00,0.999986289
2021-06-11 23:00:00+00:00,0.999986289
2021-06-12 00:00:00+00:00,0.999986289
2021-06-12 01:00:00+00:00,0.999986289
2021-06-12 02:00:00+00:00,0.999986289
2021-06-12 03:00:00+00:00,0.999986289
2021-06-12 04:00:00+00:00,0.999986289
2021-06-12 05:00:00+00:00,0.999986289
2021-06-12 06:00:00+00:00,0.999986289
2021-06-12 07:00:00+00:00,0.999986289
2021-06-12 08:00:00+00:00,0.999986289
2021-06-12 09:00:00+00:00,0.999986289
2021-06-12 10:00:00+00:00,0.999986289
2021-06-12 11:00:00+00:00,0.999986289
2021-06-12 12:00:00+00:00,0.999986289
2021-06-12 13:00:00+00:00,0.999986289
2021-06-12 14:00:00+00:00,0.999986289
2021-06-12 15:00:00+00:00,0.999986289
2021-06-12 16:00:00+00:00,0.999986289
2021-06-12 17:00:00+00:00,0.999986289
2021-06-12 18:00:00+00:00,0.999986289
2021-06-12 19:00:00+00:00,0.999986289
2021-06-12 20:00:00+00:00,0.999986289
2021-06-12 21:00:00+00:00,0.999986289
2021-06-12 22:00:00+00:00,0.999986289
2021-06-12 23:00:00+00:00,0.999986289
2021-06-13 00:00:00+00:00,0.999986289
2021-06-13 01:00:00+00:00,0.999986289
2021-06-13 02:00:00+00:00,0.999986289
2021-06-13 03:00:00+00:00,0.999986289
2021-06-13 04:00:00+00:00,0.999986289
2021-06-13 05:00:00+00:00,0.999986289
2021-06-13 06:00:00+00:00,0.999986289
2021-06-13 07:00:00+00:00,0.999986289
2021-06-13 08:00:00+00:00,0.999986289
2021-06-13 09:00:00+00:00,0.999986289
2021-06-13 10:00:00+00:00,0.999986289
2021-06-13 11:00:00+00:00,0.999986289
2021-06-13 12:00:00+00:00,0.999986289
2021-06-13 13:00:00+00:00,0.999986289
2021-06-13 14:00:00+00:00,0.999986289
2021-06-13 15:00:00+00:00,0.999986289
2021-06-13 16:00:00+00:00,0.999986289
2021-06-13 17:00:00+00:00,0.999986289
2021-06-13 18:00:00+00:00,0.999924778
2021-06-13 19:00:00+00:00,0.999770003
2021-06-13 20:00:00+00:00,0.999618129
2021-06-13 21:00:00+00:00,0.999462453
2021-06-13 22:00:00+00:00,0.999311645
2021-06-13 23:00:00+00:00,0.999163075
2021-06-14 00:00:00+00:00,0.999015331
2021-06-14 01:00:00+00:00,0.998867019
2021-06-14 02:00:00+00:00,0.998718777
2021-06-14 03:00:00+00:00,0.998566632
2021-06-14 04:00:00+00:00,0.998414266
2021-06-14 05:00:00+00:00,0.997949525
2021-06-14 06:00:00+00:00,0.997421886
2021-06-14 07:00:00+00:00,0.997523745
2021-06-14 08:00:00+00:00,0.997629804
2021-06-14 09:00:00+00:00,0.997735436
2021-06-14 10:00:00+00:00,0.997840287
2021-06-14 11:00:00+00:00,0.997945038
2021-06-14 12:00:00+00:00,0.998050155
2021-06-14 13:00:00+00:00,0.998155545
2021-06-14 14:00:00+00:00,0.998262098
2021-06-14 15:00:00+00:00,0.998369465
2021-06-14 16:00:00+00:00,0.998475911
2021-06-14 17:00:00+00:00,0.998576817
2021-06-14 18:00:00+00:00,0.998679327
2021-06-14 19:00:00+00:00,0.998780233
2021-06-14 20:00:00+00:00,0.998882318
2021-06-14 21:00:00+00:00,0.998984333
2021-06-14 22:00:00+00:00,0.999087119
2021-06-14 23:00:00+00:00,0.999190519
2021-06-15 00:00:00+00:00,0.99929539
2021-06-15 01:00:00+00:00,0.999400911
2021-06-15 02:00:00+00:00,0.999507989
2021-06-15 03:00:00+00:00,0.999614698
2021-06-15 04:00:00+00:00,0.999721357
2021-06-15 05:00:00+00:00,0.999826366
2021-06-15 06:00:00+00:00,0.999929977
2021-06-15 07:00:00+00:00,0.999929977
2021-06-15 08:00:00+00:00,0.999929977
2021-06-15 09:00:00+00:00,0.999929977
2021-06-15 10:00:00+00:00,0.999929977
2021-06-15 11:00:00+00:00,0.999929977
2021-06-15 12:00:00+00:00,0.999929977
2021-06-15 13:00:00+00:00,0.999929977
2021-06-15 14:00:00+00:00,0.999929977
2021-06-15 15:00:00+00:00,0.999929977
2021-06-15 16:00:00+00:00,0.999929977
2021-06-15 17:00:00+00:00,0.999929977
2021-06-15 18:00:00+00:00,0.999377245
2021-06-15 19:00:00+00:00,0.999474371
2021-06-15 20:00:00+00:00,0.999574618
2021-06-15 21:00:00+00:00,0.999677666
2021-06-15 22:00:00+00:00,0.999785897
2021-06-15 23:00:00+00:00,0.99924391
2021-06-16 00:00:00+00:00,0.998789906
2021-06-16 01:00:00+00:00,0.998336131
2021-06-16 02:00:00+00:00,0.997882418
2021-06-16 03:00:00+00:00,0.997427689
2021-06-16 04:00:00+00:00,0.996972501
2021-06-16 05:00:00+00:00,0.996512181
2021-06-16 06:00:00+00:00,0.995958718
2021-06-16 07:00:00+00:00,0.995414098
2021-06-16 08:00:00+00:00,0.994893157
2021-06-16 09:00:00+00:00,0.994999416
2021-06-16 10:00:00+00:00,0.995105753
2021-06-16 11:00:00+00:00,0.995213936
2021-06-16 12:00:00+00:00,0.995321959
2021-06-16 13:00:00+00:00,0.995429683
2021-06-16 14:00:00+00:00,0.995537828
2021-06-16 15:00:00+00:00,0.995644269
2021-06-16 16:00:00+00:00,0.99575055
2021-06-16 17:00:00+00:00,0.995855336
2021-06-16 18:00:00+00:00,0.995860509
2021-06-16 19:00:00+00:00,0.995799577
2021-06-16 20:00:00+00:00,0.995591967
2021-06-16 21:00:00+00:00,0.995385168
2021-06-16 22:00:00+00:00,0.99517949
2021-06-16 23:00:00+00:00,0.994974589
2021-06-17 00:00:00+00:00,0.994770383
2021-06-17 01:00:00+00:00,0.994566481
2021-06-17 02:00:00+00:00,0.994362833
2021-06-17 03:00:00+00:00,0.994159009
2021-06-17 04:00:00+00:00,0.993953843
2021-06-17 05:00:00+00:00,0.993748491
2021-06-17 06:00:00+00:00,0.993542248
2021-06-17 07:00:00+00:00,0.993043217
2021-06-17 08:00:00+00:00,0.99278349
2021-06-17 09:00:00+00:00,0.99288696
2021-06-17 10:00:00+00:00,0.992990743
2021-06-17 11:00:00+00:00,0.993092737
2021-06-17 12:00:00+00:00,0.993196048
2021-06-17 13:00:00+00:00,0.99329998
2021-06-17 14:00:00+00:00,0.993402353
2021-06-17 15:00:00+00:00,0.993503474
2021-06-17 16:00:00+00:00,0.993602873
2021-06-17 17:00:00+00:00,0.993699846
2021-06-17 18:00:00+00:00,0.993138497
2021-06-17 19:00:00+00:00,0.99268416
2021-06-17 20:00:00+00:00,0.992230435
2021-06-17 21:00:00+00:00,0.991777792
2021-06-17 22:00:00+00:00,0.991325315
2021-06-17 23:00:00+00:00,0.990872703
2021-06-18 00:00:00+00:00,0.990420495
2021-06-18 01:00:00+00:00,0.989968795
2021-06-18 02:00:00+00:00,0.989516907
2021-06-18 03:00:00+00:00,0.989065398
2021-06-18 04:00:00+00:00,0.988613732
2021-06-18 05:00:00+00:00,0.988136595
2021-06-18 06:00:00+00:00,0.987577819
2021-06-18 07:00:00+00:00,0.987037273
2021-06-18 08:00:00+00:00,0.987132135
2021-06-18 09:00:00+00:00,0.987227572
2021-06-18 10:00:00+00:00,0.987322437
2021-06-18 11:00:00+00:00,0.987417495
2021-06-18 12:00:00+00:00,0.987514596
2021-06-18 13:00:00+00:00,0.987612281
2021-06-18 14:00:00+00:00,0.98770994
2021-06-18 15:00:00+00:00,0.987807451
2021-06-18 16:00:00+00:00,0.987904555
2021-06-18 17:00:00+00:00,0.9879997
2021-06-18 18:00:00+00:00,0.988067929
2021-06-18 19:00:00+00:00,0.987997133
2021-06-18 20:00:00+00:00,0.987850048
2021-06-18 21:00:00+00:00,0.987704555
2021-06-18 22:00:00+00:00,0.987552406
2021-06-18 23:00:00+00:00,0.987401962
2021-06-19 00:00:00+00:00,0.987251875
2021-06-19 01:00:00+00:00,0.9870991
2021-06-19 02:00:00+00:00,0.986949598
2021-06-19 03:00:00+00:00,0.986798002
2021-06-19 04:00:00+00:00,0.986648249
2021-06-19 05:00:00+00:00,0.986499187
2021-06-19 06:00:00+00:00,0.986057856
2021-06-19 07:00:00+00:00,0.985769797
2021-06-19 08:00:00+00:00,0.985832127
2021-06-19 09:00:00+00:00,0.985923853
2021-06-19 10:00:00+00:00,0.986017897
2021-06-19 11:00:00+00:00,0.986112482
2021-06-19 12:00:00+00:00,0.986207157
2021-06-19 13:00:00+00:00,0.986303488
2021-06-19 14:00:00+00:00,0.98640052
2021-06-19 15:00:00+00:00,0.986497448
2021-06-19 16:00:00+00:00,0.986594431
2021-06-19 17:00:00+00:00,0.986687268
2021-06-19 18:00:00+00:00,0.986779305
2021-06-19 19:00:00+00:00,0.986868021
2021-06-19 20:00:00+00:00,0.986962644
2021-06-19 21:00:00+00:00,0.98705492
2021-06-19 22:00:00+00:00,0.987149037
2021-06-19 23:00:00+00:00,0.987247106
2021-06-20 00:00:00+00:00,0.987346058
2021-06-20 01:00:00+00:00,0.987445766
2021-06-20 02:00:00+00:00,0.98754554
2021-06-20 03:00:00+00:00,0.987645435
2021-06-20 04:00:00+00:00,0.98774493
2021-06-20 05:00:00+00:00,0.987843868
2021-06-20 06:00:00+00:00,0.987942316
2021-06-20 07:00:00+00:00,0.988036507
2021-06-20 08:00:00+00:00,0.988132563
2021-06-20 09:00:00+00:00,0.988230921
2021-06-20 10:00:00+00:00,0.988329551
2021-06-20 11:00:00+00:00,0.988427806
2021-06-20 12:00:00+00:00,0.9885268
2021-06-20 13:00:00+00:00,0.988625687
2021-06-20 14:00:00+00:00,0.988724755
2021-06-20 15:00:00+00:00,0.988823716
2021-06-20 16:00:00+00:00,0.988921973
2021-06-20 17:00:00+00:00,0.989018874
2021-06-20 18:00:00+00:00,0.989108527
2021-06-20 19:00:00+00:00,0.989198744
2021-06-20 20:00:00+00:00,0.989289873
2021-06-20 21:00:00+00:00,0.989382551
2021-06-20 22:00:00+00:00,0.98947913
2021-06-20 23:00:00+00:00,0.989576672
2021-06-21 00:00:00+00:00,0.989674259
2021-06-21 01:00:00+00:00,0.989771826
2021-06-21 02:00:00+00:00,0.989869284
2021-06-21 03:00:00+00:00,0.989967334
2021-06-21 04:00:00+00:00,0.990062499
2021-06-21 05:00:00+00:00,0.990155998
2021-06-21 06:00:00+00:00,0.990251391
2021-06-21 07:00:00+00:00,0.990345802
2021-06-21 08:00:00+00:00,0.990441083
2021-06-21 09:00:00+00:00,0.990533697
2021-06-21 10:00:00+00:00,0.990629651
2021-06-21 11:00:00+00:00,0.990725333
2021-06-21 12:00:00+00:00,0.99082211
2021-06-21 13:00:00+00:00,0.990918986
2021-06-21 14:00:00+00:00,0.991016572
2021-06-21 15:00:00+00:00,0.991114035
2021-06-21 16:00:00+00:00,0.991210088
2021-06-21 17:00:00+00:00,0.991301612
2021-06-21 18:00:00+00:00,0.991391738
2021-06-21 19:00:00+00:00,0.99131607
2021-06-21 20:00:00+00:00,0.991240459
2021-06-21 21:00:00+00:00,0.991168878
2021-06-21 22:00:00+00:00,0.991098533
2021-06-21 23:00:00+00:00,0.991030456
2021-06-22 00:00:00+00:00,0.990966473
2021-06-22 01:00:00+00:00,0.990902814
2021-06-22 02:00:00+00:00,0.990839063
2021-06-22 03:00:00+00:00,0.990773861
2021-06-22 04:00:00+00:00,0.990867824
2021-06-22 05:00:00+00:00,0.990962332
2021-06-22 06:00:00+00:00,0.990889631
2021-06-22 07:00:00+00:00,0.990983363
2021-06-22 08:00:00+00:00,0.991076621
2021-06-22 09:00:00+00:00,0.991169444
2021-06-22 10:00:00+00:00,0.991262244
2021-06-22 11:00:00+00:00,0.991354826
2021-06-22 12:00:00+00:00,0.991450335
2021-06-22 13:00:00+00:00,0.991544448
2021-06-22 14:00:00+00:00,0.99164154
2021-06-22 15:00:00+00:00,0.991738437
2021-06-22 16:00:00+00:00,0.991834385
2021-06-22 17:00:00+00:00,0.991927434
2021-06-22 18:00:00+00:00,0.99201858
2021-06-22 19:00:00+00:00,0.992114977
2021-06-22 20:00:00+00:00,0.992212864
2021-06-22 21:00:00+00:00,0.992307729
2021-06-22 22:00:00+00:00,0.992401844
2021-06-22 23:00:00+00:00,0.99249572
2021-06-23 00:00:00+00:00,0.99259622
2021-06-23 01:00:00+00:00,0.992697475
2021-06-23 02:00:00+00:00,0.992798354
2021-06-23 03:00:00+00:00,0.992894304
2021-06-23 04:00:00+00:00,0.992989814
2021-06-23 05:00:00+00:00,0.993083581
2021-06-23 06:00:00+00:00,0.993175741
2021-06-23 07:00:00+00:00,0.993267175
2021-06-23 08:00:00+00:00,0.993359511
2021-06-23 09:00:00+00:00,0.99345164
2021-06-23 10:00:00+00:00,0.993543912
2021-06-23 11:00:00+00:00,0.993635443
2021-06-23 12:00:00+00:00,0.993728481
2021-06-23 13:00:00+00:00,0.993823857
2021-06-23 14:00:00+00:00,0.993920188
2021-06-23 15:00:00+00:00,0.994015907
2021-06-23 16:00:00+00:00,0.994110702
2021-06-23 17:00:00+00:00,0.994204086
2021-06-23 18:00:00+00:00,0.994296689
2021-06-23 19:00:00+00:00,0.994387991
2021-06-23 20:00:00+00:00,0.994480898
2021-06-23 21:00:00+00:00,0.99457615
2021-06-23 22:00:00+00:00,0.99467197
2021-06-23 23:00:00+00:00,0.994767354
2021-06-24 00:00:00+00:00,0.994864445
2021-06-24 01:00:00+00:00,0.994966463
2021-06-24 02:00:00+00:00,0.995068303
2021-06-24 03:00:00+00:00,0.995167036
2021-06-24 04:00:00+00:00,0.995264637
2021-06-24 05:00:00+00:00,0.995358855
2021-06-24 06:00:00+00:00,0.995452401
2021-06-24 07:00:00+00:00,0.995548091
2021-06-24 08:00:00+00:00,0.995642204
2021-06-24 09:00:00+00:00,0.995735336
2021-06-24 10:00:00+00:00,0.995829552
2021-06-24 11:00:00+00:00,0.995922739
2021-06-24 12:00:00+00:00,0.996016951
2021-06-24 13:00:00+00:00,0.99611378
2021-06-24 14:00:00+00:00,0.996210885
2021-06-24 15:00:00+00:00,0.996304505
2021-06-24 16:00:00+00:00,0.996398928
2021-06-24 17:00:00+00:00,0.996491379
2021-06-24 18:00:00+00:00,0.996582121
2021-06-24 19:00:00+00:00,0.996671856
2021-06-24 20:00:00+00:00,0.99676464
2021-06-24 21:00:00+00:00,0.99686136
2021-06-24 22:00:00+00:00,0.996963374
2021-06-24 23:00:00+00:00,0.997064655
2021-06-25 00:00:00+00:00,0.997163109
2021-06-25 01:00:00+00:00,0.997264909
2021-06-25 02:00:00+00:00,0.997366501
2021-06-25 03:00:00+00:00,0.997470599
2021-06-25 04:00:00+00:00,0.997571939
2021-06-25 05:00:00+00:00,0.99767347
2021-06-25 06:00:00+00:00,0.99777351
2021-06-25 07:00:00+00:00,0.997873191
2021-06-25 08:00:00+00:00,0.997973328
2021-06-25 09:00:00+00:00,0.99807424
2021-06-25 10:00:00+00:00,0.998176761
2021-06-25 11:00:00+00:00,0.998279793
2021-06-25 12:00:00+00:00,0.998383436
2021-06-25 13:00:00+00:00,0.998487296
2021-06-25 14:00:00+00:00,0.998591808
2021-06-25 15:00:00+00:00,0.998695665
2021-06-25 16:00:00+00:00,0.998799133
2021-06-25 17:00:00+00:00,0.99890051
2021-06-25 18:00:00+00:00,0.998837542
2021-06-25 19:00:00+00:00,0.998936827
2021-06-25 20:00:00+00:00,0.998873084
2021-06-25 21:00:00+00:00,0.99881222
2021-06-25 22:00:00+00:00,0.998753327
2021-06-25 23:00:00+00:00,0.998694458
2021-06-26 00:00:00+00:00,0.998636353
2021-06-26 01:00:00+00:00,0.998578472
2021-06-26 02:00:00+00:00,0.998520122
2021-06-26 03:00:00+00:00,0.998461754
2021-06-26 04:00:00+00:00,0.998403117
2021-06-26 05:00:00+00:00,0.998344185
2021-06-26 06:00:00+00:00,0.998448409
2021-06-26 07:00:00+00:00,0.9985524
2021-06-26 08:00:00+00:00,0.998656685
2021-06-26 09:00:00+00:00,0.998761151
2021-06-26 10:00:00+00:00,0.998866575
2021-06-26 11:00:00+00:00,0.998972779
2021-06-26 12:00:00+00:00,0.999079493
2021-06-26 13:00:00+00:00,0.999186288
2021-06-26 14:00:00+00:00,0.999293445
2021-06-26 15:00:00+00:00,0.999400445
2021-06-26 16:00:00+00:00,0.999507308
2021-06-26 17:00:00+00:00,0.999614052
2021-06-26 18:00:00+00:00,0.999720416
2021-06-26 19:00:00+00:00,0.999825898
2021-06-26 20:00:00+00:00,0.999930516
2021-06-26 21:00:00+00:00,0.999930516
2021-06-26 22:00:00+00:00,0.999930516
2021-06-26 23:00:00+00:00,0.999930516
2021-06-27 00:00:00+00:00,0.999930516
2021-06-27 01:00:00+00:00,0.999930516
2021-06-27 02:00:00+00:00,0.999930516
2021-06-27 03:00:00+00:00,0.999930516
2021-06-27 04:00:00+00:00,0.999930516
2021-06-27 05:00:00+00:00,0.999930516
2021-06-27 06:00:00+00:00,0.999930516
2021-06-27 07:00:00+00:00,0.999930516
2021-06-27 08:00:00+00:00,0.999930516
2021-06-27 09:00:00+00:00,0.999930516
2021-06-27 10:00:00+00:00,0.999930516
2021-06-27 11:00:00+00:00,0.999930516
2021-06-27 12:00:00+00:00,0.999930516
2021-06-27 13:00:00+00:00,0.999930516
2021-06-27 14:00:00+00:00,0.999930516
2021-06-27 15:00:00+00:00,0.999930516
2021-06-27 16:00:00+00:00,0.999930516
2021-06-27 17:00:00+00:00,0.999930516
2021-06-27 18:00:00+00:00,0.999930516
2021-06-27 19:00:00+00:00,0.999930516
2021-06-27 20:00:00+00:00,0.999930516
2021-06-27 21:00:00+00:00,0.999930516
2021-06-27 22:00:00+00:00,0.999930516
2021-06-27 23:00:00+00:00,0.999930516
2021-06-28 00:00:00+00:00,0.999930516
2021-06-28 01:00:00+00:00,0.999930516
2021-06-28 02:00:00+00:00,0.999930516
2021-06-28 03:00:00+00:00,0.999930516
2021-06-28 04:00:00+00:00,0.999930516
2021-06-28 05:00:00+00:00,0.999930516
2021-06-28 06:00:00+00:00,0.999930516
2021-06-28 07:00:00+00:00,0.999930516
2021-06-28 08:00:00+00:00,0.999930516
2021-06-28 09:00:00+00:00,0.999930516
2021-06-28 10:00:00+00:00,0.999930516
2021-06-28 11:00:00+00:00,0.999930516
2021-06-28 12:00:00+00:00,0.999930516
2021-06-28 13:00:00+00:00,0.999930516
2021-06-28 14:00:00+00:00,0.999930516
2021-06-28 15:00:00+00:00,0.999930516
2021-06-28 16:00:00+00:00,0.999930516
2021-06-28 17:00:00+00:00,0.999930516
2021-06-28 18:00:00+00:00,0.999930516
2021-06-28 19:00:00+00:00,0.999840616
2021-06-28 20:00:00+00:00,0.999750788
2021-06-28 21:00:00+00:00,0.999662133
2021-06-28 22:00:00+00:00,0.9995758
2021-06-28 23:00:00+00:00,0.999491669
2021-06-29 00:00:00+00:00,0.999408063
2021-06-29 01:00:00+00:00,0.999324468
2021-06-29 02:00:00+00:00,0.999241041
2021-06-29 03:00:00+00:00,0.99915731
2021-06-29 04:00:00+00:00,0.99907274
2021-06-29 05:00:00+00:00,0.99867032
2021-06-29 06:00:00+00:00,0.998481134
2021-06-29 07:00:00+00:00,0.998584189
2021-06-29 08:00:00+00:00,0.998687606
2021-06-29 09:00:00+00:00,0.998791503
2021-06-29 10:00:00+00:00,0.998896082
2021-06-29 11:00:00+00:00,0.999000566
2021-06-29 12:00:00+00:00,0.999106363
2021-06-29 13:00:00+00:00,0.999212804
2021-06-29 14:00:00+00:00,0.999319513
2021-06-29 15:00:00+00:00,0.999426731
2021-06-29 16:00:00+00:00,0.999533641
2021-06-29 17:00:00+00:00,0.999639203
2021-06-29 18:00:00+00:00,0.999719774
2021-06-29 19:00:00+00:00,0.999658712
2021-06-29 20:00:00+00:00,0.99959751
2021-06-29 21:00:00+00:00,0.999537732
2021-06-29 22:00:00+00:00,0.999478414
2021-06-29 23:00:00+00:00,0.999420271
2021-06-30 00:00:00+00:00,0.999362534
2021-06-30 01:00:00+00:00,0.999305229
2021-06-30 02:00:00+00:00,0.999248075
2021-06-30 03:00:00+00:00,0.999190587
2021-06-30 04:00:00+00:00,0.999131298
2021-06-30 05:00:00+00:00,0.998753956
2021-06-30 06:00:00+00:00,0.998451404
2021-06-30 07:00:00+00:00,0.998555224
2021-06-30 08:00:00+00:00,0.998658933
2021-06-30 09:00:00+00:00,0.998763386
2021-06-30 10:00:00+00:00,0.998869139
2021-06-30 11:00:00+00:00,0.99897443
2021-06-30 12:00:00+00:00,0.999080889
2021-06-30 13:00:00+00:00,0.999188346
2021-06-30 14:00:00+00:00,0.99929641
2021-06-30 15:00:00+00:00,0.999404459
2021-06-30 16:00:00+00:00,0.999512126
2021-06-30 17:00:00+00:00,0.999618642
2021-06-30 18:00:00+00:00,0.999560849
2021-06-30 19:00:00+00:00,0.999259395
2021-06-30 20:00:00+00:00,0.998958768
2021-06-30 21:00:00+00:00,0.998658669
2021-06-30 22:00:00+00:00,0.998359827
2021-06-30 23:00:00+00:00,0.998062695
2021-07-01 00:00:00+00:00,0.997672216
2021-07-01 01:00:00+00:00,0.997282063
2021-07-01 02:00:00+00:00,0.996891975
2021-07-01 03:00:00+00:00,0.996501134
2021-07-01 04:00:00+00:00,0.996109729
2021-07-01 05:00:00+00:00,0.99568446
2021-07-01 06:00:00+00:00,0.99504337
2021-07-01 07:00:00+00:00,0.995055534
2021-07-01 08:00:00+00:00,0.995067787
2021-07-01 09:00:00+00:00,0.995080626
2021-07-01 10:00:00+00:00,0.995094045
2021-07-01 11:00:00+00:00,0.995108617
2021-07-01 12:00:00+00:00,0.995123681
2021-07-01 13:00:00+00:00,0.995138885
2021-07-01 14:00:00+00:00,0.995154266
2021-07-01 15:00:00+00:00,0.995169287
2021-07-01 16:00:00+00:00,0.995182694
2021-07-01 17:00:00+00:00,0.995195305
2021-07-01 18:00:00+00:00,0.995044307
2021-07-01 19:00:00+00:00,0.994588146
2021-07-01 20:00:00+00:00,0.994132812
2021-07-01 21:00:00+00:00,0.993677642
2021-07-01 22:00:00+00:00,0.993225339
2021-07-01 23:00:00+00:00,0.992774967
2021-07-02 00:00:00+00:00,0.992324664
2021-07-02 01:00:00+00:00,0.991874314
2021-07-02 02:00:00+00:00,0.991423488
2021-07-02 03:00:00+00:00,0.990972289
2021-07-02 04:00:00+00:00,0.990519973
2021-07-02 05:00:00+00:00,0.989882031
2021-07-02 06:00:00+00:00,0.989347284
2021-07-02 07:00:00+00:00,0.989359506
2021-07-02 08:00:00+00:00,0.989371539
2021-07-02 09:00:00+00:00,0.989385029
2021-07-02 10:00:00+00:00,0.989399332
2021-07-02 11:00:00+00:00,0.989413865
2021-07-02 12:00:00+00:00,0.989429798
2021-07-02 13:00:00+00:00,0.989446033
2021-07-02 14:00:00+00:00,0.989462621
2021-07-02 15:00:00+00:00,0.989479055
2021-07-02 16:00:00+00:00,0.989495083
2021-07-02 17:00:00+00:00,0.989510086
2021-07-02 18:00:00+00:00,0.989524366
2021-07-02 19:00:00+00:00,0.989537827
2021-07-02 20:00:00+00:00,0.98955151
2021-07-02 21:00:00+00:00,0.989567876
2021-07-02 22:00:00+00:00,0.989585552
2021-07-02 23:00:00+00:00,0.98960479
2021-07-03 00:00:00+00:00,0.989624396
2021-07-03 01:00:00+00:00,0.989643521
2021-07-03 02:00:00+00:00,0.989662442
2021-07-03 03:00:00+00:00,0.989680952
2021-07-03 04:00:00+00:00,0.989699334
2021-07-03 05:00:00+00:00,0.989717208
2021-07-03 06:00:00+00:00,0.989733852
2021-07-03 07:00:00+00:00,0.989750302
2021-07-03 08:00:00+00:00,0.989766799
2021-07-03 09:00:00+00:00,0.9897832
2021-07-03 10:00:00+00:00,0.989800211
2021-07-03 11:00:00+00:00,0.989817651
2021-07-03 12:00:00+00:00,0.989837015
2021-07-03 13:00:00+00:00,0.989857077
2021-07-03 14:00:00+00:00,0.98987707
2021-07-03 15:00:00+00:00,0.989897447
2021-07-03 16:00:00+00:00,0.989917464
2021-07-03 17:00:00+00:00,0.989934868
2021-07-03 18:00:00+00:00,0.989950628
2021-07-03 19:00:00+00:00,0.989965544
2021-07-03 20:00:00+00:00,0.989979851
2021-07-03 21:00:00+00:00,0.989995078
2021-07-03 22:00:00+00:00,0.990011968
2021-07-03 23:00:00+00:00,0.990029752
2021-07-04 00:00:00+00:00,0.990049359
2021-07-04 01:00:00+00:00,0.990070097
2021-07-04 02:00:00+00:00,0.990091175
2021-07-04 03:00:00+00:00,0.990112332
2021-07-04 04:00:00+00:00,0.99013158
2021-07-04 05:00:00+00:00,0.990150405
2021-07-04 06:00:00+00:00,0.99016917
2021-07-04 07:00:00+00:00,0.990187424
2021-07-04 08:00:00+00:00,0.990205583
2021-07-04 09:00:00+00:00,0.990223832
2021-07-04 10:00:00+00:00,0.990242477
2021-07-04 11:00:00+00:00,0.990261313
2021-07-04 12:00:00+00:00,0.990281318
2021-07-04 13:00:00+00:00,0.990302063
2021-07-04 14:00:00+00:00,0.990322462
2021-07-04 15:00:00+00:00,0.990342581
2021-07-04 16:00:00+00:00,0.990362498
2021-07-04 17:00:00+00:00,0.990380446
2021-07-04 18:00:00+00:00,0.99039696
2021-07-04 19:00:00+00:00,0.990412446
2021-07-04 20:00:00+00:00,0.990427623
2021-07-04 21:00:00+00:00,0.990444283
2021-07-04 22:00:00+00:00,0.990462068
2021-07-04 23:00:00+00:00,0.990480374
2021-07-05 00:00:00+00:00,0.990499291
2021-07-05 01:00:00+00:00,0.990518275
2021-07-05 02:00:00+00:00,0.990537259
2021-07-05 03:00:00+00:00,0.990557344
2021-07-05 04:00:00+00:00,0.990576091
2021-07-05 05:00:00+00:00,0.990592441
2021-07-05 06:00:00+00:00,0.990606406
2021-07-05 07:00:00+00:00,0.990618246
2021-07-05 08:00:00+00:00,0.990629539
2021-07-05 09:00:00+00:00,0.990641535
2021-07-05 10:00:00+00:00,0.990653761
2021-07-05 11:00:00+00:00,0.990668723
2021-07-05 12:00:00+00:00,0.990686143
2021-07-05 13:00:00+00:00,0.990704329
2021-07-05 14:00:00+00:00,0.990723243
2021-07-05 15:00:00+00:00,0.99074243
2021-07-05 16:00:00+00:00,0.990761402
2021-07-05 17:00:00+00:00,0.990778671
2021-07-05 18:00:00+00:00,0.990794935
2021-07-05 19:00:00+00:00,0.99081061
2021-07-05 20:00:00+00:00,0.990826704
2021-07-05 21:00:00+00:00,0.990843536
2021-07-05 22:00:00+00:00,0.99086077
2021-07-05 23:00:00+00:00,0.990878939
2021-07-06 00:00:00+00:00,0.990897635
2021-07-06 01:00:00+00:00,0.990916235
2021-07-06 02:00:00+00:00,0.990935674
2021-07-06 03:00:00+00:00,0.990955543
2021-07-06 04:00:00+00:00,0.99097544
2021-07-06 05:00:00+00:00,0.990993443
2021-07-06 06:00:00+00:00,0.991010421
2021-07-06 07:00:00+00:00,0.991027608
2021-07-06 08:00:00+00:00,0.991043796
2021-07-06 09:00:00+00:00,0.991060662
2021-07-06 10:00:00+00:00,0.991077633
2021-07-06 11:00:00+00:00,0.991094421
2021-07-06 12:00:00+00:00,0.991112352
2021-07-06 13:00:00+00:00,0.991131937
2021-07-06 14:00:00+00:00,0.991151788
2021-07-06 15:00:00+00:00,0.991171509
2021-07-06 16:00:00+00:00,0.991189933
2021-07-06 17:00:00+00:00,0.99120556
2021-07-06 18:00:00+00:00,0.991219236
2021-07-06 19:00:00+00:00,0.991069043
2021-07-06 20:00:00+00:00,0.99082807
2021-07-06 21:00:00+00:00,0.990587708
2021-07-06 22:00:00+00:00,0.990348048
2021-07-06 23:00:00+00:00,0.99011154
2021-07-07 00:00:00+00:00,0.989874882
2021-07-07 01:00:00+00:00,0.989637976
2021-07-07 02:00:00+00:00,0.989401972
2021-07-07 03:00:00+00:00,0.989165834
2021-07-07 04:00:00+00:00,0.988928922
2021-07-07 05:00:00+00:00,0.98839295
2021-07-07 06:00:00+00:00,0.98775699
2021-07-07 07:00:00+00:00,0.987768713
2021-07-07 08:00:00+00:00,0.987780651
2021-07-07 09:00:00+00:00,0.987792073
2021-07-07 10:00:00+00:00,0.987804601
2021-07-07 11:00:00+00:00,0.987818807
2021-07-07 12:00:00+00:00,0.987833331
2021-07-07 13:00:00+00:00,0.987848162
2021-07-07 14:00:00+00:00,0.987862881
2021-07-07 15:00:00+00:00,0.987878937
2021-07-07 16:00:00+00:00,0.987894545
2021-07-07 17:00:00+00:00,0.987909368
2021-07-07 18:00:00+00:00,0.987922163
2021-07-07 19:00:00+00:00,0.987933542
2021-07-07 20:00:00+00:00,0.98794554
2021-07-07 21:00:00+00:00,0.987958444
2021-07-07 22:00:00+00:00,0.987975476
2021-07-07 23:00:00+00:00,0.987994339
2021-07-08 00:00:00+00:00,0.988014166
2021-07-08 01:00:00+00:00,0.988034195
2021-07-08 02:00:00+00:00,0.988055083
2021-07-08 03:00:00+00:00,0.988075118
2021-07-08 04:00:00+00:00,0.988095045
2021-07-08 05:00:00+00:00,0.988111596
2021-07-08 06:00:00+00:00,0.988124582
2021-07-08 07:00:00+00:00,0.988136988
2021-07-08 08:00:00+00:00,0.988150403
2021-07-08 09:00:00+00:00,0.988163758
2021-07-08 10:00:00+00:00,0.988177279
2021-07-08 11:00:00+00:00,0.988191736
2021-07-08 12:00:00+00:00,0.988208168
2021-07-08 13:00:00+00:00,0.988226238
2021-07-08 14:00:00+00:00,0.98824544
2021-07-08 15:00:00+00:00,0.988263708
2021-07-08 16:00:00+00:00,0.98828185
2021-07-08 17:00:00+00:00,0.988297044
2021-07-08 18:00:00+00:00,0.98831112
2021-07-08 19:00:00+00:00,0.988323979
2021-07-08 20:00:00+00:00,0.988338407
2021-07-08 21:00:00+00:00,0.988354205
2021-07-08 22:00:00+00:00,0.988372433
2021-07-08 23:00:00+00:00,0.988392296
2021-07-09 00:00:00+00:00,0.988412843
2021-07-09 01:00:00+00:00,0.988433074
2021-07-09 02:00:00+00:00,0.988453652
2021-07-09 03:00:00+00:00,0.988474337
2021-07-09 04:00:00+00:00,0.988493753
2021-07-09 05:00:00+00:00,0.988509673
2021-07-09 06:00:00+00:00,0.98852426
2021-07-09 07:00:00+00:00,0.988539
2021-07-09 08:00:00+00:00,0.98855329
2021-07-09 09:00:00+00:00,0.988567768
2021-07-09 10:00:00+00:00,0.988582442
2021-07-09 11:00:00+00:00,0.988598647
2021-07-09 12:00:00+00:00,0.988615464
2021-07-09 13:00:00+00:00,0.988634992
2021-07-09 14:00:00+00:00,0.988655136
2021-07-09 15:00:00+00:00,0.988674866
2021-07-09 16:00:00+00:00,0.988694356
2021-07-09 17:00:00+00:00,0.988710724
2021-07-09 18:00:00+00:00,0.988562618
2021-07-09 19:00:00+00:00,0.988577693
2021-07-09 20:00:00+00:00,0.988594062
2021-07-09 21:00:00+00:00,0.98844846
2021-07-09 22:00:00+00:00,0.988304433
2021-07-09 23:00:00+00:00,0.988161009
2021-07-10 00:00:00+00:00,0.98801719
2021-07-10 01:00:00+00:00,0.987874611
2021-07-10 02:00:00+00:00,0.987732354
2021-07-10 03:00:00+00:00,0.987590055
2021-07-10 04:00:00+00:00,0.987448432
2021-07-10 05:00:00+00:00,0.987306487
2021-07-10 06:00:00+00:00,0.987242807
2021-07-10 07:00:00+00:00,0.987261721
2021-07-10 08:00:00+00:00,0.987280841
2021-07-10 09:00:00+00:00,0.987298845
2021-07-10 10:00:00+00:00,0.987316841
2021-07-10 11:00:00+00:00,0.987334052
2021-07-10 12:00:00+00:00,0.987351222
2021-07-10 13:00:00+00:00,0.987370573
2021-07-10 14:00:00+00:00,0.987390513
2021-07-10 15:00:00+00:00,0.987410801
2021-07-10 16:00:00+00:00,0.987430435
2021-07-10 17:00:00+00:00,0.987446837
2021-07-10 18:00:00+00:00,0.987299466
2021-07-10 19:00:00+00:00,0.987314574
2021-07-10 20:00:00+00:00,0.987330812
2021-07-10 21:00:00+00:00,0.987348498
2021-07-10 22:00:00+00:00,0.987203367
2021-07-10 23:00:00+00:00,0.987058353
2021-07-11 00:00:00+00:00,0.98691351
2021-07-11 01:00:00+00:00,0.986768711
2021-07-11 02:00:00+00:00,0.986625159
2021-07-11 03:00:00+00:00,0.98648139
2021-07-11 04:00:00+00:00,0.986337493
2021-07-11 05:00:00+00:00,0.986122534
2021-07-11 06:00:00+00:00,0.985866652
2021-07-11 07:00:00+00:00,0.985884997
2021-07-11 08:00:00+00:00,0.985903974
2021-07-11 09:00:00+00:00,0.985924091
2021-07-11 10:00:00+00:00,0.985943271
2021-07-11 11:00:00+00:00,0.985963452
2021-07-11 12:00:00+00:00,0.98598335
2021-07-11 13:00:00+00:00,0.986004381
2021-07-11 14:00:00+00:00,0.986026681
2021-07-11 15:00:00+00:00,0.986049143
2021-07-11 16:00:00+00:00,0.986070408
2021-07-11 17:00:00+00:00,0.986090798
2021-07-11 18:00:00+00:00,0.986110338
2021-07-11 19:00:00+00:00,0.98612883
2021-07-11 20:00:00+00:00,0.986147335
2021-07-11 21:00:00+00:00,0.986166847
2021-07-11 22:00:00+00:00,0.986187853
2021-07-11 23:00:00+00:00,0.986209811
2021-07-12 00:00:00+00:00,0.986231036
2021-07-12 01:00:00+00:00,0.986251859
2021-07-12 02:00:00+00:00,0.986274613
2021-07-12 03:00:00+00:00,0.986296865
2021-07-12 04:00:00+00:00,0.986316647
2021-07-12 05:00:00+00:00,0.986334078
2021-07-12 06:00:00+00:00,0.986350644
2021-07-12 07:00:00+00:00,0.986365692
2021-07-12 08:00:00+00:00,0.98638081
2021-07-12 09:00:00+00:00,0.986397903
2021-07-12 10:00:00+00:00,0.986415271
2021-07-12 11:00:00+00:00,0.986432893
2021-07-12 12:00:00+00:00,0.98645128
2021-07-12 13:00:00+00:00,0.986472786
2021-07-12 14:00:00+00:00,0.986494807
2021-07-12 15:00:00+00:00,0.986516958
2021-07-12 16:00:00+00:00,0.98653871
2021-07-12 17:00:00+00:00,0.986560104
2021-07-12 18:00:00+00:00,0.986578231
2021-07-12 19:00:00+00:00,0.986594326
2021-07-12 20:00:00+00:00,0.986609063
2021-07-12 21:00:00+00:00,0.986625695
2021-07-12 22:00:00+00:00,0.986646735
2021-07-12 23:00:00+00:00,0.986669691
2021-07-13 00:00:00+00:00,0.986693092
2021-07-13 01:00:00+00:00,0.986716427
2021-07-13 02:00:00+00:00,0.986739576
2021-07-13 03:00:00+00:00,0.986762389
2021-07-13 04:00:00+00:00,0.986782698
2021-07-13 05:00:00+00:00,0.986800097
2021-07-13 06:00:00+00:00,0.986815118
2021-07-13 07:00:00+00:00,0.986829086
2021-07-13 08:00:00+00:00,0.986843375
2021-07-13 09:00:00+00:00,0.986858627
2021-07-13 10:00:00+00:00,0.986874372
2021-07-13 11:00:00+00:00,0.986890295
2021-07-13 12:00:00+00:00,0.986907798
2021-07-13 13:00:00+00:00,0.986927491
2021-07-13 14:00:00+00:00,0.986946469
2021-07-13 15:00:00+00:00,0.986965602
2021-07-13 16:00:00+00:00,0.986982842
2021-07-13 17:00:00+00:00,0.987000444
2021-07-13 18:00:00+00:00,0.987015795
2021-07-13 19:00:00+00:00,0.987030722
2021-07-13 20:00:00+00:00,0.987046631
2021-07-13 21:00:00+00:00,0.987062835
2021-07-13 22:00:00+00:00,0.98708264
2021-07-13 23:00:00+00:00,0.987103378
2021-07-14 00:00:00+00:00,0.987126079
2021-07-14 01:00:00+00:00,0.987149301
2021-07-14 02:00:00+00:00,0.987173164
2021-07-14 03:00:00+00:00,0.987197184
2021-07-14 04:00:00+00:00,0.987219326
2021-07-14 05:00:00+00:00,0.987235342
2021-07-14 06:00:00+00:00,0.987253283
2021-07-14 07:00:00+00:00,0.987269726
2021-07-14 08:00:00+00:00,0.987286155
2021-07-14 09:00:00+00:00,0.987302496
2021-07-14 10:00:00+00:00,0.987318814
2021-07-14 11:00:00+00:00,0.98733622
2021-07-14 12:00:00+00:00,0.98735521
2021-07-14 13:00:00+00:00,0.987376801
2021-07-14 14:00:00+00:00,0.9873987
2021-07-14 15:00:00+00:00,0.98741919
2021-07-14 16:00:00+00:00,0.987440395
2021-07-14 17:00:00+00:00,0.987460191
2021-07-14 18:00:00+00:00,0.987476722
2021-07-14 19:00:00+00:00,0.987492315
2021-07-14 20:00:00+00:00,0.987509139
2021-07-14 21:00:00+00:00,0.987527604
2021-07-14 22:00:00+00:00,0.987548783
2021-07-14 23:00:00+00:00,0.987570508
2021-07-15 00:00:00+00:00,0.987592851
2021-07-15 01:00:00+00:00,0.98761462
2021-07-15 02:00:00+00:00,0.987636438
2021-07-15 03:00:00+00:00,0.987658277
2021-07-15 04:00:00+00:00,0.987680147
2021-07-15 05:00:00+00:00,0.987701475
2021-07-15 06:00:00+00:00,0.98772144
2021-07-15 07:00:00+00:00,0.987741184
2021-07-15 08:00:00+00:00,0.987760585
2021-07-15 09:00:00+00:00,0.987777892
2021-07-15 10:00:00+00:00,0.987795095
2021-07-15 11:00:00+00:00,0.98781326
2021-07-15 12:00:00+00:00,0.987832279
2021-07-15 13:00:00+00:00,0.987850049
2021-07-15 14:00:00+00:00,0.987867189
2021-07-15 15:00:00+00:00,0.987884507
2021-07-15 16:00:00+00:00,0.98790287
2021-07-15 17:00:00+00:00,0.987919978
2021-07-15 18:00:00+00:00,0.987936436
2021-07-15 19:00:00+00:00,0.987952291
2021-07-15 20:00:00+00:00,0.987968798
2021-07-15 21:00:00+00:00,0.98798681
2021-07-15 22:00:00+00:00,0.988005924
2021-07-15 23:00:00+00:00,0.988028455
2021-07-16 00:00:00+00:00,0.988051597
2021-07-16 01:00:00+00:00,0.98807498
2021-07-16 02:00:00+00:00,0.988097912
2021-07-16 03:00:00+00:00,0.988121155
2021-07-16 04:00:00+00:00,0.988141556
2021-07-16 05:00:00+00:00,0.988158211
2021-07-16 06:00:00+00:00,0.988171051
2021-07-16 07:00:00+00:00,0.988185444
2021-07-16 08:00:00+00:00,0.988197412
2021-07-16 09:00:00+00:00,0.988209064
2021-07-16 10:00:00+00:00,0.988224303
2021-07-16 11:00:00+00:00,0.988240024
2021-07-16 12:00:00+00:00,0.988257356
2021-07-16 13:00:00+00:00,0.988275831
2021-07-16 14:00:00+00:00,0.988294059
2021-07-16 15:00:00+00:00,0.988310635
2021-07-16 16:00:00+00:00,0.988331087
2021-07-16 17:00:00+00:00,0.988348557
2021-07-16 18:00:00+00:00,0.988362501
2021-07-16 19:00:00+00:00,0.98837672
2021-07-16 20:00:00+00:00,0.988391618
2021-07-16 21:00:00+00:00,0.988408219
2021-07-16 22:00:00+00:00,0.988428413
2021-07-16 23:00:00+00:00,0.988449381
2021-07-17 00:00:00+00:00,0.988471177
2021-07-17 01:00:00+00:00,0.98849162
2021-07-17 02:00:00+00:00,0.988512269
2021-07-17 03:00:00+00:00,0.988532907
2021-07-17 04:00:00+00:00,0.988554665
2021-07-17 05:00:00+00:00,0.988575018
2021-07-17 06:00:00+00:00,0.988594106
2021-07-17 07:00:00+00:00,0.988612182
2021-07-17 08:00:00+00:00,0.988629607
2021-07-17 09:00:00+00:00,0.988647582
2021-07-17 10:00:00+00:00,0.988666254
2021-07-17 11:00:00+00:00,0.988682339
2021-07-17 12:00:00+00:00,0.988699354
2021-07-17 13:00:00+00:00,0.988719384
2021-07-17 14:00:00+00:00,0.988739117
2021-07-17 15:00:00+00:00,0.988759963
2021-07-17 16:00:00+00:00,0.988781086
2021-07-17 17:00:00+00:00,0.988803169
2021-07-17 18:00:00+00:00,0.988822051
2021-07-17 19:00:00+00:00,0.988840305
2021-07-17 20:00:00+00:00,0.988859097
2021-07-17 21:00:00+00:00,0.988879407
2021-07-17 22:00:00+00:00,0.988902998
2021-07-17 23:00:00+00:00,0.988927191
2021-07-18 00:00:00+00:00,0.988951783
2021-07-18 01:00:00+00:00,0.988976625
2021-07-18 02:00:00+00:00,0.989001466
2021-07-18 03:00:00+00:00,0.989026208
2021-07-18 04:00:00+00:00,0.989050672
2021-07-18 05:00:00+00:00,0.989074724
2021-07-18 06:00:00+00:00,0.989100092
2021-07-18 07:00:00+00:00,0.989123895
2021-07-18 08:00:00+00:00,0.989147161
2021-07-18 09:00:00+00:00,0.989170819
2021-07-18 10:00:00+00:00,0.989194716
2021-07-18 11:00:00+00:00,0.989218697
2021-07-18 12:00:00+00:00,0.989242711
2021-07-18 13:00:00+00:00,0.989268623
2021-07-18 14:00:00+00:00,0.989295188
2021-07-18 15:00:00+00:00,0.989322059
2021-07-18 16:00:00+00:00,0.989348452
2021-07-18 17:00:00+00:00,0.989371313
2021-07-18 18:00:00+00:00,0.989392872
2021-07-18 19:00:00+00:00,0.989411772
2021-07-18 20:00:00+00:00,0.989430892
2021-07-18 21:00:00+00:00,0.989451812
2021-07-18 22:00:00+00:00,0.989472785
2021-07-18 23:00:00+00:00,0.989493402
2021-07-19 00:00:00+00:00,0.989517944
2021-07-19 01:00:00+00:00,0.989541961
2021-07-19 02:00:00+00:00,0.989565295
2021-07-19 03:00:00+00:00,0.989584463
2021-07-19 04:00:00+00:00,0.989604798
2021-07-19 05:00:00+00:00,0.989625068
2021-07-19 06:00:00+00:00,0.989645168
2021-07-19 07:00:00+00:00,0.989663951
2021-07-19 08:00:00+00:00,0.98968224
2021-07-19 09:00:00+00:00,0.989700582
2021-07-19 10:00:00+00:00,0.989719077
2021-07-19 11:00:00+00:00,0.989738184
2021-07-19 12:00:00+00:00,0.989757566
2021-07-19 13:00:00+00:00,0.98977672
2021-07-19 14:00:00+00:00,0.989796516
2021-07-19 15:00:00+00:00,0.989816461
2021-07-19 16:00:00+00:00,0.989836488
2021-07-19 17:00:00+00:00,0.989853826
2021-07-19 18:00:00+00:00,0.989705972
2021-07-19 19:00:00+00:00,0.989185987
2021-07-19 20:00:00+00:00,0.988666532
2021-07-19 21:00:00+00:00,0.988151491
2021-07-19 22:00:00+00:00,0.9876375
2021-07-19 23:00:00+00:00,0.987124762
2021-07-20 00:00:00+00:00,0.98661359
2021-07-20 01:00:00+00:00,0.986102529
2021-07-20 02:00:00+00:00,0.985591117
2021-07-20 03:00:00+00:00,0.985078331
2021-07-20 04:00:00+00:00,0.984563263
2021-07-20 05:00:00+00:00,0.984046823
2021-07-20 06:00:00+00:00,0.983410068
2021-07-20 07:00:00+00:00,0.983031261
2021-07-20 08:00:00+00:00,0.983048314
2021-07-20 09:00:00+00:00,0.983065462
2021-07-20 10:00:00+00:00,0.983082394
2021-07-20 11:00:00+00:00,0.983098526
2021-07-20 12:00:00+00:00,0.983115733
2021-07-20 13:00:00+00:00,0.98313461
2021-07-20 14:00:00+00:00,0.98315428
2021-07-20 15:00:00+00:00,0.983173805
2021-07-20 16:00:00+00:00,0.983192585
2021-07-20 17:00:00+00:00,0.983208739
2021-07-20 18:00:00+00:00,0.983059643
2021-07-20 19:00:00+00:00,0.982440484
2021-07-20 20:00:00+00:00,0.981819576
2021-07-20 21:00:00+00:00,0.981201259
2021-07-20 22:00:00+00:00,0.980582964
2021-07-20 23:00:00+00:00,0.979965774
2021-07-21 00:00:00+00:00,0.979350381
2021-07-21 01:00:00+00:00,0.978734263
2021-07-21 02:00:00+00:00,0.978117982
2021-07-21 03:00:00+00:00,0.977503538
2021-07-21 04:00:00+00:00,0.976889355
2021-07-21 05:00:00+00:00,0.976271931
2021-07-21 06:00:00+00:00,0.975632482
2021-07-21 07:00:00+00:00,0.975558748
2021-07-21 08:00:00+00:00,0.97557236
2021-07-21 09:00:00+00:00,0.975585031
2021-07-21 10:00:00+00:00,0.975598498
2021-07-21 11:00:00+00:00,0.975613651
2021-07-21 12:00:00+00:00,0.975628772
2021-07-21 13:00:00+00:00,0.975645163
2021-07-21 14:00:00+00:00,0.975664939
2021-07-21 15:00:00+00:00,0.975685643
2021-07-21 16:00:00+00:00,0.975705884
2021-07-21 17:00:00+00:00,0.975721978
2021-07-21 18:00:00+00:00,0.975573352
2021-07-21 19:00:00+00:00,0.975131018
2021-07-21 20:00:00+00:00,0.974689834
2021-07-21 21:00:00+00:00,0.974250177
2021-07-21 22:00:00+00:00,0.973814263
2021-07-21 23:00:00+00:00,0.973378681
2021-07-22 00:00:00+00:00,0.972943616
2021-07-22 01:00:00+00:00,0.972508197
2021-07-22 02:00:00+00:00,0.972073396
2021-07-22 03:00:00+00:00,0.971638603
2021-07-22 04:00:00+00:00,0.971202976
2021-07-22 05:00:00+00:00,0.970747884
2021-07-22 06:00:00+00:00,0.970112672
2021-07-22 07:00:00+00:00,0.970129098
2021-07-22 08:00:00+00:00,0.970145081
2021-07-22 09:00:00+00:00,0.970161494
2021-07-22 10:00:00+00:00,0.970179324
2021-07-22 11:00:00+00:00,0.970198082
2021-07-22 12:00:00+00:00,0.970217409
2021-07-22 13:00:00+00:00,0.970238585
2021-07-22 14:00:00+00:00,0.970260459
2021-07-22 15:00:00+00:00,0.970282451
2021-07-22 16:00:00+00:00,0.970303947
2021-07-22 17:00:00+00:00,0.970319575
2021-07-22 18:00:00+00:00,0.970169231
2021-07-22 19:00:00+00:00,0.97018701
2021-07-22 20:00:00+00:00,0.970204648
2021-07-22 21:00:00+00:00,0.970223399
2021-07-22 22:00:00+00:00,0.970239744
2021-07-22 23:00:00+00:00,0.970095467
2021-07-23 00:00:00+00:00,0.969953986
2021-07-23 01:00:00+00:00,0.96981318
2021-07-23 02:00:00+00:00,0.969673041
2021-07-23 03:00:00+00:00,0.969533026
2021-07-23 04:00:00+00:00,0.969282856
2021-07-23 05:00:00+00:00,0.968647829
2021-07-23 06:00:00+00:00,0.968122619
2021-07-23 07:00:00+00:00,0.968140417
2021-07-23 08:00:00+00:00,0.968158715
2021-07-23 09:00:00+00:00,0.968178872
2021-07-23 10:00:00+00:00,0.968200446
2021-07-23 11:00:00+00:00,0.968222563
2021-07-23 12:00:00+00:00,0.968245045
2021-07-23 13:00:00+00:00,0.968269816
2021-07-23 14:00:00+00:00,0.968294235
2021-07-23 15:00:00+00:00,0.968318566
2021-07-23 16:00:00+00:00,0.968342058
2021-07-23 17:00:00+00:00,0.968362961
2021-07-23 18:00:00+00:00,0.968380787
2021-07-23 19:00:00+00:00,0.968400722
2021-07-23 20:00:00+00:00,0.968419107
2021-07-23 21:00:00+00:00,0.968440484
2021-07-23 22:00:00+00:00,0.968463832
2021-07-23 23:00:00+00:00,0.968488524
2021-07-24 00:00:00+00:00,0.968513539
2021-07-24 01:00:00+00:00,0.968536359
2021-07-24 02:00:00+00:00,0.968558934
2021-07-24 03:00:00+00:00,0.968581681
2021-07-24 04:00:00+00:00,0.968604733
2021-07-24 05:00:00+00:00,0.968625937
2021-07-24 06:00:00+00:00,0.968647089
2021-07-24 07:00:00+00:00,0.968667477
2021-07-24 08:00:00+00:00,0.968687341
2021-07-24 09:00:00+00:00,0.968707183
2021-07-24 10:00:00+00:00,0.968726934
2021-07-24 11:00:00+00:00,0.96874667
2021-07-24 12:00:00+00:00,0.968767545
2021-07-24 13:00:00+00:00,0.96879033
2021-07-24 14:00:00+00:00,0.968818961
2021-07-24 15:00:00+00:00,0.968850469
2021-07-24 16:00:00+00:00,0.968877215
2021-07-24 17:00:00+00:00,0.9689018
2021-07-24 18:00:00+00:00,0.968834576
2021-07-24 19:00:00+00:00,0.968854206
2021-07-24 20:00:00+00:00,0.968874632
2021-07-24 21:00:00+00:00,0.968732773
2021-07-24 22:00:00+00:00,0.968590872
2021-07-24 23:00:00+00:00,0.968448149
2021-07-25 00:00:00+00:00,0.968310672
2021-07-25 01:00:00+00:00,0.968173478
2021-07-25 02:00:00+00:00,0.9680364
2021-07-25 03:00:00+00:00,0.967899521
2021-07-25 04:00:00+00:00,0.96776272
2021-07-25 05:00:00+00:00,0.967625611
2021-07-25 06:00:00+00:00,0.9674882
2021-07-25 07:00:00+00:00,0.967512305
2021-07-25 08:00:00+00:00,0.967536766
2021-07-25 09:00:00+00:00,0.967560703
2021-07-25 10:00:00+00:00,0.967584964
2021-07-25 11:00:00+00:00,0.96760907
2021-07-25 12:00:00+00:00,0.967633131
2021-07-25 13:00:00+00:00,0.967658954
2021-07-25 14:00:00+00:00,0.967684858
2021-07-25 15:00:00+00:00,0.967710814
2021-07-25 16:00:00+00:00,0.967733552
2021-07-25 17:00:00+00:00,0.967756375
2021-07-25 18:00:00+00:00,0.967779853
2021-07-25 19:00:00+00:00,0.967800009
2021-07-25 20:00:00+00:00,0.967818756
2021-07-25 21:00:00+00:00,0.967839
2021-07-25 22:00:00+00:00,0.967862947
2021-07-25 23:00:00+00:00,0.967887823
2021-07-26 00:00:00+00:00,0.967913329
2021-07-26 01:00:00+00:00,0.967939272
2021-07-26 02:00:00+00:00,0.967965174
2021-07-26 03:00:00+00:00,0.967991168
2021-07-26 04:00:00+00:00,0.968016997
2021-07-26 05:00:00+00:00,0.968041229
2021-07-26 06:00:00+00:00,0.968064135
2021-07-26 07:00:00+00:00,0.968084918
2021-07-26 08:00:00+00:00,0.968105173
2021-07-26 09:00:00+00:00,0.968125614
2021-07-26 10:00:00+00:00,0.968145197
2021-07-26 11:00:00+00:00,0.968164425
2021-07-26 12:00:00+00:00,0.968182962
2021-07-26 13:00:00+00:00,0.968203167
2021-07-26 14:00:00+00:00,0.968223889
2021-07-26 15:00:00+00:00,0.968245873
2021-07-26 16:00:00+00:00,0.968267401
2021-07-26 17:00:00+00:00,0.968286208
2021-07-26 18:00:00+00:00,0.967733105
2021-07-26 19:00:00+00:00,0.967178495
2021-07-26 20:00:00+00:00,0.9666228
2021-07-26 21:00:00+00:00,0.966071778
2021-07-26 22:00:00+00:00,0.965523487
2021-07-26 23:00:00+00:00,0.964977207
2021-07-27 00:00:00+00:00,0.96443193
2021-07-27 01:00:00+00:00,0.963886951
2021-07-27 02:00:00+00:00,0.963341857
2021-07-27 03:00:00+00:00,0.96279679
2021-07-27 04:00:00+00:00,0.962249283
2021-07-27 05:00:00+00:00,0.961617301
2021-07-27 06:00:00+00:00,0.96098284
2021-07-27 07:00:00+00:00,0.960999718
2021-07-27 08:00:00+00:00,0.961016997
2021-07-27 09:00:00+00:00,0.961034989
2021-07-27 10:00:00+00:00,0.961053346
2021-07-27 11:00:00+00:00,0.961073061
2021-07-27 12:00:00+00:00,0.961093308
2021-07-27 13:00:00+00:00,0.961114659
2021-07-27 14:00:00+00:00,0.961138081
2021-07-27 15:00:00+00:00,0.961161893
2021-07-27 16:00:00+00:00,0.961184895
2021-07-27 17:00:00+00:00,0.961206562
2021-07-27 18:00:00+00:00,0.961227602
2021-07-27 19:00:00+00:00,0.961247365
2021-07-27 20:00:00+00:00,0.961268469
2021-07-27 21:00:00+00:00,0.961291583
2021-07-27 22:00:00+00:00,0.961316396
2021-07-27 23:00:00+00:00,0.961341847
2021-07-28 00:00:00+00:00,0.961367546
2021-07-28 01:00:00+00:00,0.961393237
2021-07-28 02:00:00+00:00,0.961419069
2021-07-28 03:00:00+00:00,0.961445412
2021-07-28 04:00:00+00:00,0.96147081
2021-07-28 05:00:00+00:00,0.961493976
2021-07-28 06:00:00+00:00,0.961516785
2021-07-28 07:00:00+00:00,0.961536032
2021-07-28 08:00:00+00:00,0.96155347
2021-07-28 09:00:00+00:00,0.961569943
2021-07-28 10:00:00+00:00,0.961586558
2021-07-28 11:00:00+00:00,0.961603795
2021-07-28 12:00:00+00:00,0.961620921
2021-07-28 13:00:00+00:00,0.961639993
2021-07-28 14:00:00+00:00,0.961660502
2021-07-28 15:00:00+00:00,0.961681595
2021-07-28 16:00:00+00:00,0.961703934
2021-07-28 17:00:00+00:00,0.961726601
2021-07-28 18:00:00+00:00,0.961748895
2021-07-28 19:00:00+00:00,0.961770263
2021-07-28 20:00:00+00:00,0.961792543
2021-07-28 21:00:00+00:00,0.961814938
2021-07-28 22:00:00+00:00,0.961838655
2021-07-28 23:00:00+00:00,0.961862823
2021-07-29 00:00:00+00:00,0.961887216
2021-07-29 01:00:00+00:00,0.961912324
2021-07-29 02:00:00+00:00,0.961936661
2021-07-29 03:00:00+00:00,0.961960339
2021-07-29 04:00:00+00:00,0.961979624
2021-07-29 05:00:00+00:00,0.961996719
2021-07-29 06:00:00+00:00,0.962014657
2021-07-29 07:00:00+00:00,0.962031294
2021-07-29 08:00:00+00:00,0.962049452
2021-07-29 09:00:00+00:00,0.962067855
2021-07-29 10:00:00+00:00,0.962087359
2021-07-29 11:00:00+00:00,0.962108676
2021-07-29 12:00:00+00:00,0.962130603
2021-07-29 13:00:00+00:00,0.962154144
2021-07-29 14:00:00+00:00,0.962177583
2021-07-29 15:00:00+00:00,0.96220174
2021-07-29 16:00:00+00:00,0.962226061
2021-07-29 17:00:00+00:00,0.962248291
2021-07-29 18:00:00+00:00,0.962101517
2021-07-29 19:00:00+00:00,0.96192217
2021-07-29 20:00:00+00:00,0.961743018
2021-07-29 21:00:00+00:00,0.96156796
2021-07-29 22:00:00+00:00,0.96139338
2021-07-29 23:00:00+00:00,0.961221414
2021-07-30 00:00:00+00:00,0.96104858
2021-07-30 01:00:00+00:00,0.960879463
2021-07-30 02:00:00+00:00,0.960710545
2021-07-30 03:00:00+00:00,0.960541659
2021-07-30 04:00:00+00:00,0.960370403
2021-07-30 05:00:00+00:00,0.959888112
2021-07-30 06:00:00+00:00,0.959345683
2021-07-30 07:00:00+00:00,0.959364272
2021-07-30 08:00:00+00:00,0.959382551
2021-07-30 09:00:00+00:00,0.959400153
2021-07-30 10:00:00+00:00,0.959418192
2021-07-30 11:00:00+00:00,0.959436773
2021-07-30 12:00:00+00:00,0.959455732
2021-07-30 13:00:00+00:00,0.959479155
2021-07-30 14:00:00+00:00,0.959503999
2021-07-30 15:00:00+00:00,0.959528341
2021-07-30 16:00:00+00:00,0.959552083
2021-07-30 17:00:00+00:00,0.959574132
2021-07-30 18:00:00+00:00,0.959594594
2021-07-30 19:00:00+00:00,0.959612969
2021-07-30 20:00:00+00:00,0.959632363
2021-07-30 21:00:00+00:00,0.959653109
2021-07-30 22:00:00+00:00,0.959678866
2021-07-30 23:00:00+00:00,0.959705651
2021-07-31 00:00:00+00:00,0.959732804
2021-07-31 01:00:00+00:00,0.959759976
2021-07-31 02:00:00+00:00,0.959787232
2021-07-31 03:00:00+00:00,0.959814394
2021-07-31 04:00:00+00:00,0.959841022
2021-07-31 05:00:00+00:00,0.959867245
2021-07-31 06:00:00+00:00,0.959893897
2021-07-31 07:00:00+00:00,0.959919727
2021-07-31 08:00:00+00:00,0.959945557
2021-07-31 09:00:00+00:00,0.959971298
2021-07-31 10:00:00+00:00,0.959997247
2021-07-31 11:00:00+00:00,0.960023084
2021-07-31 12:00:00+00:00,0.960049229
2021-07-31 13:00:00+00:00,0.960075838
2021-07-31 14:00:00+00:00,0.960102416
2021-07-31 15:00:00+00:00,0.960128786
2021-07-31 16:00:00+00:00,0.960154657
2021-07-31 17:00:00+00:00,0.960178111
2021-07-31 18:00:00+00:00,0.960202857
2021-07-31 19:00:00+00:00,0.960225729
2021-07-31 20:00:00+00:00,0.960248244
2021-07-31 21:00:00+00:00,0.960271232
2021-07-31 22:00:00+00:00,0.96029538
2021-07-31 23:00:00+00:00,0.96031939
2021-08-01 00:00:00+00:00,0.96031939
2021-08-01 01:00:00+00:00,0.96031939
2021-08-01 02:00:00+00:00,0.96031939
2021-08-01 03:00:00+00:00,0.96031939
2021-08-01 04:00:00+00:00,0.96031939
2021-08-01 05:00:00+00:00,0.96031939
2021-08-01 06:00:00+00:00,0.96031939
2021-08-01 07:00:00+00:00,0.96031939
2021-08-01 08:00:00+00:00,0.96031939
2021-08-01 09:00:00+00:00,0.96031939
2021-08-01 10:00:00+00:00,0.96031939
2021-08-01 11:00:00+00:00,0.96031939
2021-08-01 12:00:00+00:00,0.96031939
2021-08-01 13:00:00+00:00,0.96031939
2021-08-01 14:00:00+00:00,0.96031939
2021-08-01 15:00:00+00:00,0.96031939
2021-08-01 16:00:00+00:00,0.96031939
2021-08-01 17:00:00+00:00,0.96031939
2021-08-01 18:00:00+00:00,0.960156094
2021-08-01 19:00:00+00:00,0.959816111
2021-08-01 20:00:00+00:00,0.959476127
2021-08-01 21:00:00+00:00,0.959136144
2021-08-01 22:00:00+00:00,0.958796161
2021-08-01 23:00:00+00:00,0.958456178
2021-08-02 00:00:00+00:00,0.958116195
2021-08-02 01:00:00+00:00,0.957776212
2021-08-02 02:00:00+00:00,0.957436229
2021-08-02 03:00:00+00:00,0.957096246
2021-08-02 04:00:00+00:00,0.956756262
2021-08-02 05:00:00+00:00,0.956416279
2021-08-02 06:00:00+00:00,0.955770673
2021-08-02 07:00:00+00:00,0.955770673
2021-08-02 08:00:00+00:00,0.955770673
2021-08-02 09:00:00+00:00,0.955770673
2021-08-02 10:00:00+00:00,0.955770673
2021-08-02 11:00:00+00:00,0.955770673
2021-08-02 12:00:00+00:00,0.955770673
2021-08-02 13:00:00+00:00,0.955770673
2021-08-02 14:00:00+00:00,0.955770673
2021-08-02 15:00:00+00:00,0.955770673
2021-08-02 16:00:00+00:00,0.955770673
2021-08-02 17:00:00+00:00,0.955770673
2021-08-02 18:00:00+00:00,0.955607376
2021-08-02 19:00:00+00:00,0.955290375
2021-08-02 20:00:00+00:00,0.954973373
2021-08-02 21:00:00+00:00,0.954656372
2021-08-02 22:00:00+00:00,0.95433937
2021-08-02 23:00:00+00:00,0.954022369
2021-08-03 00:00:00+00:00,0.953705367
2021-08-03 01:00:00+00:00,0.953388366
2021-08-03 02:00:00+00:00,0.953071433
2021-08-03 03:00:00+00:00,0.952754431
2021-08-03 04:00:00+00:00,0.95243743
2021-08-03 05:00:00+00:00,0.952120428
2021-08-03 06:00:00+00:00,0.951497537
2021-08-03 07:00:00+00:00,0.951497537
2021-08-03 08:00:00+00:00,0.951497537
2021-08-03 09:00:00+00:00,0.951497537
2021-08-03 10:00:00+00:00,0.951497537
2021-08-03 11:00:00+00:00,0.951497537
2021-08-03 12:00:00+00:00,0.951497537
2021-08-03 13:00:00+00:00,0.951497537
2021-08-03 14:00:00+00:00,0.951497537
2021-08-03 15:00:00+00:00,0.951497537
2021-08-03 16:00:00+00:00,0.951497537
2021-08-03 17:00:00+00:00,0.951497537
2021-08-03 18:00:00+00:00,0.95133424
2021-08-03 19:00:00+00:00,0.95133424
2021-08-03 20:00:00+00:00,0.95133424
2021-08-03 21:00:00+00:00,0.951170944
2021-08-03 22:00:00+00:00,0.951007647
2021-08-03 23:00:00+00:00,0.950844608
2021-08-04 00:00:00+00:00,0.950681942
2021-08-04 01:00:00+00:00,0.950519339
2021-08-04 02:00:00+00:00,0.950356732
2021-08-04 03:00:00+00:00,0.950193605
2021-08-04 04:00:00+00:00,0.950030309
2021-08-04 05:00:00+00:00,0.949867012
2021-08-04 06:00:00+00:00,0.949703716
2021-08-04 07:00:00+00:00,0.949703716
2021-08-04 08:00:00+00:00,0.949703716
2021-08-04 09:00:00+00:00,0.949703716
2021-08-04 10:00:00+00:00,0.949703716
2021-08-04 11:00:00+00:00,0.949703716
2021-08-04 12:00:00+00:00,0.949703716
2021-08-04 13:00:00+00:00,0.949703716
2021-08-04 14:00:00+00:00,0.949703716
2021-08-04 15:00:00+00:00,0.949703716
2021-08-04 16:00:00+00:00,0.949703716
2021-08-04 17:00:00+00:00,0.949703716
2021-08-04 18:00:00+00:00,0.949540419
2021-08-04 19:00:00+00:00,0.94932795
2021-08-04 20:00:00+00:00,0.949115481
2021-08-04 21:00:00+00:00,0.948903012
2021-08-04 22:00:00+00:00,0.948690543
2021-08-04 23:00:00+00:00,0.948478074
2021-08-05 00:00:00+00:00,0.948265605
2021-08-05 01:00:00+00:00,0.948053136
2021-08-05 02:00:00+00:00,0.947840667
2021-08-05 03:00:00+00:00,0.947628199
2021-08-05 04:00:00+00:00,0.94741573
2021-08-05 05:00:00+00:00,0.946893589
2021-08-05 06:00:00+00:00,0.946516178
2021-08-05 07:00:00+00:00,0.946516178
2021-08-05 08:00:00+00:00,0.946516178
2021-08-05 09:00:00+00:00,0.946516178
2021-08-05 10:00:00+00:00,0.946516178
2021-08-05 11:00:00+00:00,0.946516178
2021-08-05 12:00:00+00:00,0.946516178
2021-08-05 13:00:00+00:00,0.946516178
2021-08-05 14:00:00+00:00,0.946516178
2021-08-05 15:00:00+00:00,0.946516178
2021-08-05 16:00:00+00:00,0.946516178
2021-08-05 17:00:00+00:00,0.946516178
2021-08-05 18:00:00+00:00,0.946433074
2021-08-05 19:00:00+00:00,0.946433074
2021-08-05 20:00:00+00:00,0.946433074
2021-08-05 21:00:00+00:00,0.946269778
2021-08-05 22:00:00+00:00,0.946106481
2021-08-05 23:00:00+00:00,0.945943184
2021-08-06 00:00:00+00:00,0.945779888
2021-08-06 01:00:00+00:00,0.945616591
2021-08-06 02:00:00+00:00,0.945453295
2021-08-06 03:00:00+00:00,0.945289998
2021-08-06 04:00:00+00:00,0.945126701
2021-08-06 05:00:00+00:00,0.945126701
2021-08-06 06:00:00+00:00,0.944963405
2021-08-06 07:00:00+00:00,0.944963405
2021-08-06 08:00:00+00:00,0.944963405
2021-08-06 09:00:00+00:00,0.944963405
2021-08-06 10:00:00+00:00,0.944963405
2021-08-06 11:00:00+00:00,0.944963405
2021-08-06 12:00:00+00:00,0.944963405
2021-08-06 13:00:00+00:00,0.944963405
2021-08-06 14:00:00+00:00,0.944963405
2021-08-06 15:00:00+00:00,0.944963405
2021-08-06 16:00:00+00:00,0.944963405
2021-08-06 17:00:00+00:00,0.944963405
2021-08-06 18:00:00+00:00,0.944963405
2021-08-06 19:00:00+00:00,0.944963405
2021-08-06 20:00:00+00:00,0.944963405
2021-08-06 21:00:00+00:00,0.944963405
2021-08-06 22:00:00+00:00,0.944963405
2021-08-06 23:00:00+00:00,0.944963694
2021-08-07 00:00:00+00:00,0.944964678
2021-08-07 01:00:00+00:00,0.944965925
2021-08-07 02:00:00+00:00,0.944967323
2021-08-07 03:00:00+00:00,0.944968931
2021-08-07 04:00:00+00:00,0.944970244
2021-08-07 05:00:00+00:00,0.944971417
2021-08-07 06:00:00+00:00,0.944971733
2021-08-07 07:00:00+00:00,0.944971966
2021-08-07 08:00:00+00:00,0.944972473
2021-08-07 09:00:00+00:00,0.944973215
2021-08-07 10:00:00+00:00,0.944974348
2021-08-07 11:00:00+00:00,0.944975312
2021-08-07 12:00:00+00:00,0.944976808
2021-08-07 13:00:00+00:00,0.944979846
2021-08-07 14:00:00+00:00,0.944983079
2021-08-07 15:00:00+00:00,0.944986449
2021-08-07 16:00:00+00:00,0.944989948
2021-08-07 17:00:00+00:00,0.944990769
2021-08-07 18:00:00+00:00,0.944990769
2021-08-07 19:00:00+00:00,0.944992275
2021-08-07 20:00:00+00:00,0.944992701
2021-08-07 21:00:00+00:00,0.944992701
2021-08-07 22:00:00+00:00,0.944992701
2021-08-07 23:00:00+00:00,0.944993631
2021-08-08 00:00:00+00:00,0.944995423
2021-08-08 01:00:00+00:00,0.944997401
2021-08-08 02:00:00+00:00,0.944999652
2021-08-08 03:00:00+00:00,0.94500192
2021-08-08 04:00:00+00:00,0.945004262
2021-08-08 05:00:00+00:00,0.945006139
2021-08-08 06:00:00+00:00,0.945008113
2021-08-08 07:00:00+00:00,0.945008689
2021-08-08 08:00:00+00:00,0.945008689
2021-08-08 09:00:00+00:00,0.945008918
2021-08-08 10:00:00+00:00,0.945009296
2021-08-08 11:00:00+00:00,0.945009976
2021-08-08 12:00:00+00:00,0.945010584
2021-08-08 13:00:00+00:00,0.945012155
2021-08-08 14:00:00+00:00,0.945014001
2021-08-08 15:00:00+00:00,0.945015672
2021-08-08 16:00:00+00:00,0.945015672
2021-08-08 17:00:00+00:00,0.945015672
2021-08-08 18:00:00+00:00,0.944920117
2021-08-08 19:00:00+00:00,0.94475682
2021-08-08 20:00:00+00:00,0.944593524
2021-08-08 21:00:00+00:00,0.944430227
2021-08-08 22:00:00+00:00,0.944266931
2021-08-08 23:00:00+00:00,0.944103634
2021-08-09 00:00:00+00:00,0.943942452
2021-08-09 01:00:00+00:00,0.943781447
2021-08-09 02:00:00+00:00,0.943620428
2021-08-09 03:00:00+00:00,0.943457256
2021-08-09 04:00:00+00:00,0.943457256
2021-08-09 05:00:00+00:00,0.943457256
2021-08-09 06:00:00+00:00,0.942986275
2021-08-09 07:00:00+00:00,0.942986275
2021-08-09 08:00:00+00:00,0.942986275
2021-08-09 09:00:00+00:00,0.942986275
2021-08-09 10:00:00+00:00,0.942986275
2021-08-09 11:00:00+00:00,0.942986275
2021-08-09 12:00:00+00:00,0.942986275
2021-08-09 13:00:00+00:00,0.942986275
2021-08-09 14:00:00+00:00,0.942986275
2021-08-09 15:00:00+00:00,0.942986275
2021-08-09 16:00:00+00:00,0.942986275
2021-08-09 17:00:00+00:00,0.942986275
2021-08-09 18:00:00+00:00,0.942822978
2021-08-09 19:00:00+00:00,0.942406979
2021-08-09 20:00:00+00:00,0.94199098
2021-08-09 21:00:00+00:00,0.941574981
2021-08-09 22:00:00+00:00,0.941158982
2021-08-09 23:00:00+00:00,0.940743098
2021-08-10 00:00:00+00:00,0.940328015
2021-08-10 01:00:00+00:00,0.939913367
2021-08-10 02:00:00+00:00,0.939498695
2021-08-10 03:00:00+00:00,0.939083676
2021-08-10 04:00:00+00:00,0.938667676
2021-08-10 05:00:00+00:00,0.938251677
2021-08-10 06:00:00+00:00,0.937598491
2021-08-10 07:00:00+00:00,0.93724295
2021-08-10 08:00:00+00:00,0.93724295
2021-08-10 09:00:00+00:00,0.93724295
2021-08-10 10:00:00+00:00,0.93724295
2021-08-10 11:00:00+00:00,0.93724295
2021-08-10 12:00:00+00:00,0.93724295
2021-08-10 13:00:00+00:00,0.937243064
2021-08-10 14:00:00+00:00,0.937243666
2021-08-10 15:00:00+00:00,0.937244211
2021-08-10 16:00:00+00:00,0.937244211
2021-08-10 17:00:00+00:00,0.936618874
2021-08-10 18:00:00+00:00,0.93619825
2021-08-10 19:00:00+00:00,0.935777626
2021-08-10 20:00:00+00:00,0.935357002
2021-08-10 21:00:00+00:00,0.934936378
2021-08-10 22:00:00+00:00,0.934515753
2021-08-10 23:00:00+00:00,0.93409637
2021-08-11 00:00:00+00:00,0.933678162
2021-08-11 01:00:00+00:00,0.933260369
2021-08-11 02:00:00+00:00,0.932842568
2021-08-11 03:00:00+00:00,0.932424522
2021-08-11 04:00:00+00:00,0.932005153
2021-08-11 05:00:00+00:00,0.931584529
2021-08-11 06:00:00+00:00,0.930931343
2021-08-11 07:00:00+00:00,0.930284934
2021-08-11 08:00:00+00:00,0.930284934
2021-08-11 09:00:00+00:00,0.930284934
2021-08-11 10:00:00+00:00,0.930284934
2021-08-11 11:00:00+00:00,0.930284934
2021-08-11 12:00:00+00:00,0.930284934
2021-08-11 13:00:00+00:00,0.930284934
2021-08-11 14:00:00+00:00,0.930284934
2021-08-11 15:00:00+00:00,0.930284934
2021-08-11 16:00:00+00:00,0.930284934
2021-08-11 17:00:00+00:00,0.929647609
2021-08-11 18:00:00+00:00,0.92925493
2021-08-11 19:00:00+00:00,0.92886225
2021-08-11 20:00:00+00:00,0.928469571
2021-08-11 21:00:00+00:00,0.928076891
2021-08-11 22:00:00+00:00,0.927684212
2021-08-11 23:00:00+00:00,0.927292921
2021-08-12 00:00:00+00:00,0.926901633
2021-08-12 01:00:00+00:00,0.926510878
2021-08-12 02:00:00+00:00,0.926120238
2021-08-12 03:00:00+00:00,0.925729715
2021-08-12 04:00:00+00:00,0.925337036
2021-08-12 05:00:00+00:00,0.924944356
2021-08-12 06:00:00+00:00,0.92429117
2021-08-12 07:00:00+00:00,0.923665214
2021-08-12 08:00:00+00:00,0.923665214
2021-08-12 09:00:00+00:00,0.923665214
2021-08-12 10:00:00+00:00,0.923665214
2021-08-12 11:00:00+00:00,0.923665214
2021-08-12 12:00:00+00:00,0.923665365
2021-08-12 13:00:00+00:00,0.923666693
2021-08-12 14:00:00+00:00,0.923667166
2021-08-12 15:00:00+00:00,0.923667166
2021-08-12 16:00:00+00:00,0.923667166
2021-08-12 17:00:00+00:00,0.923667166
2021-08-12 18:00:00+00:00,0.923281595
2021-08-12 19:00:00+00:00,0.922896024
2021-08-12 20:00:00+00:00,0.922510454
2021-08-12 21:00:00+00:00,0.922124883
2021-08-12 22:00:00+00:00,0.921739313
2021-08-12 23:00:00+00:00,0.921355633
2021-08-13 00:00:00+00:00,0.920972945
2021-08-13 01:00:00+00:00,0.920591352
2021-08-13 02:00:00+00:00,0.920209531
2021-08-13 03:00:00+00:00,0.919827714
2021-08-13 04:00:00+00:00,0.919443984
2021-08-13 05:00:00+00:00,0.919059715
2021-08-13 06:00:00+00:00,0.918406528
2021-08-13 07:00:00+00:00,0.918232019
2021-08-13 08:00:00+00:00,0.918232019
2021-08-13 09:00:00+00:00,0.918232019
2021-08-13 10:00:00+00:00,0.918232019
2021-08-13 11:00:00+00:00,0.918232085
2021-08-13 12:00:00+00:00,0.918232323
2021-08-13 13:00:00+00:00,0.918234126
2021-08-13 14:00:00+00:00,0.918234932
2021-08-13 15:00:00+00:00,0.918235405
2021-08-13 16:00:00+00:00,0.918235405
2021-08-13 17:00:00+00:00,0.918072108
2021-08-13 18:00:00+00:00,0.917496013
2021-08-13 19:00:00+00:00,0.916919917
2021-08-13 20:00:00+00:00,0.916343821
2021-08-13 21:00:00+00:00,0.915767726
2021-08-13 22:00:00+00:00,0.915192523
2021-08-13 23:00:00+00:00,0.914617964
2021-08-14 00:00:00+00:00,0.91404403
2021-08-14 01:00:00+00:00,0.913470396
2021-08-14 02:00:00+00:00,0.912896969
2021-08-14 03:00:00+00:00,0.912323514
2021-08-14 04:00:00+00:00,0.911750302
2021-08-14 05:00:00+00:00,0.911100272
2021-08-14 06:00:00+00:00,0.910447454
2021-08-14 07:00:00+00:00,0.910353029
2021-08-14 08:00:00+00:00,0.91035404
2021-08-14 09:00:00+00:00,0.910354969
2021-08-14 10:00:00+00:00,0.910356561
2021-08-14 11:00:00+00:00,0.910358278
2021-08-14 12:00:00+00:00,0.910358278
2021-08-14 13:00:00+00:00,0.910359043
2021-08-14 14:00:00+00:00,0.910360069
2021-08-14 15:00:00+00:00,0.910360361
2021-08-14 16:00:00+00:00,0.910363808
2021-08-14 17:00:00+00:00,0.910355717
2021-08-14 18:00:00+00:00,0.910066379
2021-08-14 19:00:00+00:00,0.909777042
2021-08-14 20:00:00+00:00,0.909487704
2021-08-14 21:00:00+00:00,0.909198605
2021-08-14 22:00:00+00:00,0.90891209
2021-08-14 23:00:00+00:00,0.908625912
2021-08-15 00:00:00+00:00,0.90833986
2021-08-15 01:00:00+00:00,0.908054117
2021-08-15 02:00:00+00:00,0.907768249
2021-08-15 03:00:00+00:00,0.907482291
2021-08-15 04:00:00+00:00,0.906879179
2021-08-15 05:00:00+00:00,0.906238731
2021-08-15 06:00:00+00:00,0.905924208
2021-08-15 07:00:00+00:00,0.905924208
2021-08-15 08:00:00+00:00,0.905924208
2021-08-15 09:00:00+00:00,0.905924208
2021-08-15 10:00:00+00:00,0.905924208
2021-08-15 11:00:00+00:00,0.905926144
2021-08-15 12:00:00+00:00,0.905929381
2021-08-15 13:00:00+00:00,0.905934209
2021-08-15 14:00:00+00:00,0.90593926
2021-08-15 15:00:00+00:00,0.905944344
2021-08-15 16:00:00+00:00,0.905946278
2021-08-15 17:00:00+00:00,0.90594716
2021-08-15 18:00:00+00:00,0.90594716
2021-08-15 19:00:00+00:00,0.90594716
2021-08-15 20:00:00+00:00,0.905947372
2021-08-15 21:00:00+00:00,0.905948859
2021-08-15 22:00:00+00:00,0.905950945
2021-08-15 23:00:00+00:00,0.905954279
2021-08-16 00:00:00+00:00,0.905959464
2021-08-16 01:00:00+00:00,0.905964493
2021-08-16 02:00:00+00:00,0.905969427
2021-08-16 03:00:00+00:00,0.905974335
2021-08-16 04:00:00+00:00,0.905978731
2021-08-16 05:00:00+00:00,0.905982922
2021-08-16 06:00:00+00:00,0.90598642
2021-08-16 07:00:00+00:00,0.905988564
2021-08-16 08:00:00+00:00,0.905990308
2021-08-16 09:00:00+00:00,0.905992663
2021-08-16 10:00:00+00:00,0.905994986
2021-08-16 11:00:00+00:00,0.905997613
2021-08-16 12:00:00+00:00,0.905999347
2021-08-16 13:00:00+00:00,0.906003118
2021-08-16 14:00:00+00:00,0.906006704
2021-08-16 15:00:00+00:00,0.906010643
2021-08-16 16:00:00+00:00,0.906014697
2021-08-16 17:00:00+00:00,0.906017445
2021-08-16 18:00:00+00:00,0.906018739
2021-08-16 19:00:00+00:00,0.906019925
2021-08-16 20:00:00+00:00,0.906021183
2021-08-16 21:00:00+00:00,0.906022167
2021-08-16 22:00:00+00:00,0.906025205
2021-08-16 23:00:00+00:00,0.906029358
2021-08-17 00:00:00+00:00,0.90603454
2021-08-17 01:00:00+00:00,0.90603996
2021-08-17 02:00:00+00:00,0.906045297
2021-08-17 03:00:00+00:00,0.906050383
2021-08-17 04:00:00+00:00,0.906055005
2021-08-17 05:00:00+00:00,0.906059323
2021-08-17 06:00:00+00:00,0.90606323
2021-08-17 07:00:00+00:00,0.906065714
2021-08-17 08:00:00+00:00,0.906068004
2021-08-17 09:00:00+00:00,0.906070096
2021-08-17 10:00:00+00:00,0.906072309
2021-08-17 11:00:00+00:00,0.906074394
2021-08-17 12:00:00+00:00,0.906074569
2021-08-17 13:00:00+00:00,0.906076729
2021-08-17 14:00:00+00:00,0.906078438
2021-08-17 15:00:00+00:00,0.906080963
2021-08-17 16:00:00+00:00,0.906082337
2021-08-17 17:00:00+00:00,0.906083255
2021-08-17 18:00:00+00:00,0.906083896
2021-08-17 19:00:00+00:00,0.906083896
2021-08-17 20:00:00+00:00,0.906084
2021-08-17 21:00:00+00:00,0.90608627
2021-08-17 22:00:00+00:00,0.906090292
2021-08-17 23:00:00+00:00,0.906095559
2021-08-18 00:00:00+00:00,0.906101015
2021-08-18 01:00:00+00:00,0.906106544
2021-08-18 02:00:00+00:00,0.906112055
2021-08-18 03:00:00+00:00,0.906117748
2021-08-18 04:00:00+00:00,0.906123207
2021-08-18 05:00:00+00:00,0.906127264
2021-08-18 06:00:00+00:00,0.906129774
2021-08-18 07:00:00+00:00,0.906131441
2021-08-18 08:00:00+00:00,0.906131631
2021-08-18 09:00:00+00:00,0.906131631
2021-08-18 10:00:00+00:00,0.906131631
2021-08-18 11:00:00+00:00,0.906131631
2021-08-18 12:00:00+00:00,0.906131631
2021-08-18 13:00:00+00:00,0.906131908
2021-08-18 14:00:00+00:00,0.906132374
2021-08-18 15:00:00+00:00,0.906132374
2021-08-18 16:00:00+00:00,0.906132374
2021-08-18 17:00:00+00:00,0.906132374
2021-08-18 18:00:00+00:00,0.906132374
2021-08-18 19:00:00+00:00,0.906132374
2021-08-18 20:00:00+00:00,0.906132374
2021-08-18 21:00:00+00:00,0.906132622
2021-08-18 22:00:00+00:00,0.90613283
2021-08-18 23:00:00+00:00,0.906137039
2021-08-19 00:00:00+00:00,0.906142233
2021-08-19 01:00:00+00:00,0.906147545
2021-08-19 02:00:00+00:00,0.9061528
2021-08-19 03:00:00+00:00,0.906157546
2021-08-19 04:00:00+00:00,0.90615979
2021-08-19 05:00:00+00:00,0.906162446
2021-08-19 06:00:00+00:00,0.906163822
2021-08-19 07:00:00+00:00,0.906163948
2021-08-19 08:00:00+00:00,0.906164506
2021-08-19 09:00:00+00:00,0.906164506
2021-08-19 10:00:00+00:00,0.906164791
2021-08-19 11:00:00+00:00,0.906165664
2021-08-19 12:00:00+00:00,0.906166335
2021-08-19 13:00:00+00:00,0.906168882
2021-08-19 14:00:00+00:00,0.906171125
2021-08-19 15:00:00+00:00,0.906173033
2021-08-19 16:00:00+00:00,0.906174169
2021-08-19 17:00:00+00:00,0.906174169
2021-08-19 18:00:00+00:00,0.905698938
2021-08-19 19:00:00+00:00,0.905223707
2021-08-19 20:00:00+00:00,0.904748476
2021-08-19 21:00:00+00:00,0.904273244
2021-08-19 22:00:00+00:00,0.903799546
2021-08-19 23:00:00+00:00,0.903327005
2021-08-20 00:00:00+00:00,0.902854739
2021-08-20 01:00:00+00:00,0.902382358
2021-08-20 02:00:00+00:00,0.901909301
2021-08-20 03:00:00+00:00,0.901436173
2021-08-20 04:00:00+00:00,0.900962578
2021-08-20 05:00:00+00:00,0.900487954
2021-08-20 06:00:00+00:00,0.899834767
2021-08-20 07:00:00+00:00,0.899834767
2021-08-20 08:00:00+00:00,0.899834767
2021-08-20 09:00:00+00:00,0.899834767
2021-08-20 10:00:00+00:00,0.899834767
2021-08-20 11:00:00+00:00,0.899834767
2021-08-20 12:00:00+00:00,0.899834804
2021-08-20 13:00:00+00:00,0.899837213
2021-08-20 14:00:00+00:00,0.899839605
2021-08-20 15:00:00+00:00,0.899842395
2021-08-20 16:00:00+00:00,0.899844111
2021-08-20 17:00:00+00:00,0.899844111
2021-08-20 18:00:00+00:00,0.899538485
2021-08-20 19:00:00+00:00,0.899232859
2021-08-20 20:00:00+00:00,0.898927276
2021-08-20 21:00:00+00:00,0.898623274
2021-08-20 22:00:00+00:00,0.898319956
2021-08-20 23:00:00+00:00,0.89801729
2021-08-21 00:00:00+00:00,0.897714921
2021-08-21 01:00:00+00:00,0.897412635
2021-08-21 02:00:00+00:00,0.897111225
2021-08-21 03:00:00+00:00,0.896809382
2021-08-21 04:00:00+00:00,0.896507205
2021-08-21 05:00:00+00:00,0.896204412
2021-08-21 06:00:00+00:00,0.895584495
2021-08-21 07:00:00+00:00,0.895584495
2021-08-21 08:00:00+00:00,0.895586303
2021-08-21 09:00:00+00:00,0.895588935
2021-08-21 10:00:00+00:00,0.895591838
2021-08-21 11:00:00+00:00,0.895593977
2021-08-21 12:00:00+00:00,0.895595429
2021-08-21 13:00:00+00:00,0.895600403
2021-08-21 14:00:00+00:00,0.895605565
2021-08-21 15:00:00+00:00,0.895609759
2021-08-21 16:00:00+00:00,0.895612473
2021-08-21 17:00:00+00:00,0.895613406
2021-08-21 18:00:00+00:00,0.895450109
2021-08-21 19:00:00+00:00,0.895450373
2021-08-21 20:00:00+00:00,0.895451404
2021-08-21 21:00:00+00:00,0.895289557
2021-08-21 22:00:00+00:00,0.895129338
2021-08-21 23:00:00+00:00,0.894969932
2021-08-22 00:00:00+00:00,0.894811032
2021-08-22 01:00:00+00:00,0.894652558
2021-08-22 02:00:00+00:00,0.894494087
2021-08-22 03:00:00+00:00,0.894335554
2021-08-22 04:00:00+00:00,0.894176963
2021-08-22 05:00:00+00:00,0.894018085
2021-08-22 06:00:00+00:00,0.893857644
2021-08-22 07:00:00+00:00,0.893858394
2021-08-22 08:00:00+00:00,0.893861383
2021-08-22 09:00:00+00:00,0.893861786
2021-08-22 10:00:00+00:00,0.893861786
2021-08-22 11:00:00+00:00,0.893861786
2021-08-22 12:00:00+00:00,0.893861786
2021-08-22 13:00:00+00:00,0.893862753
2021-08-22 14:00:00+00:00,0.893866475
2021-08-22 15:00:00+00:00,0.893869363
2021-08-22 16:00:00+00:00,0.893872933
2021-08-22 17:00:00+00:00,0.893876296
2021-08-22 18:00:00+00:00,0.893878617
2021-08-22 19:00:00+00:00,0.893878617
2021-08-22 20:00:00+00:00,0.89388143
2021-08-22 21:00:00+00:00,0.893886163
2021-08-22 22:00:00+00:00,0.893888726
2021-08-22 23:00:00+00:00,0.893894337
2021-08-23 00:00:00+00:00,0.89390005
2021-08-23 01:00:00+00:00,0.893905526
2021-08-23 02:00:00+00:00,0.893911056
2021-08-23 03:00:00+00:00,0.893916516
2021-08-23 04:00:00+00:00,0.893919247
2021-08-23 05:00:00+00:00,0.893919932
2021-08-23 06:00:00+00:00,0.893919932
2021-08-23 07:00:00+00:00,0.893920463
2021-08-23 08:00:00+00:00,0.893920871
2021-08-23 09:00:00+00:00,0.893921785
2021-08-23 10:00:00+00:00,0.893924022
2021-08-23 11:00:00+00:00,0.893925962
2021-08-23 12:00:00+00:00,0.893928183
2021-08-23 13:00:00+00:00,0.893931864
2021-08-23 14:00:00+00:00,0.893935227
2021-08-23 15:00:00+00:00,0.893935332
2021-08-23 16:00:00+00:00,0.893937186
2021-08-23 17:00:00+00:00,0.893937638
2021-08-23 18:00:00+00:00,0.893937902
2021-08-23 19:00:00+00:00,0.893937902
2021-08-23 20:00:00+00:00,0.893939045
2021-08-23 21:00:00+00:00,0.8939415
2021-08-23 22:00:00+00:00,0.893946078
2021-08-23 23:00:00+00:00,0.893951349
2021-08-24 00:00:00+00:00,0.893956622
2021-08-24 01:00:00+00:00,0.893961946
2021-08-24 02:00:00+00:00,0.893967309
2021-08-24 03:00:00+00:00,0.893972793
2021-08-24 04:00:00+00:00,0.893978127
2021-08-24 05:00:00+00:00,0.893982673
2021-08-24 06:00:00+00:00,0.893985741
2021-08-24 07:00:00+00:00,0.89398761
2021-08-24 08:00:00+00:00,0.893989926
2021-08-24 09:00:00+00:00,0.893992746
2021-08-24 10:00:00+00:00,0.893995497
2021-08-24 11:00:00+00:00,0.893997923
2021-08-24 12:00:00+00:00,0.89399984
2021-08-24 13:00:00+00:00,0.89400261
2021-08-24 14:00:00+00:00,0.894004822
2021-08-24 15:00:00+00:00,0.894006308
2021-08-24 16:00:00+00:00,0.894007656
2021-08-24 17:00:00+00:00,0.894008773
2021-08-24 18:00:00+00:00,0.893846551
2021-08-24 19:00:00+00:00,0.893683851
2021-08-24 20:00:00+00:00,0.893521488
2021-08-24 21:00:00+00:00,0.893359951
2021-08-24 22:00:00+00:00,0.893201444
2021-08-24 23:00:00+00:00,0.893044143
2021-08-25 00:00:00+00:00,0.892887903
2021-08-25 01:00:00+00:00,0.892731612
2021-08-25 02:00:00+00:00,0.892575009
2021-08-25 03:00:00+00:00,0.892417669
2021-08-25 04:00:00+00:00,0.892423013
2021-08-25 05:00:00+00:00,0.892427198
2021-08-25 06:00:00+00:00,0.892430081
2021-08-25 07:00:00+00:00,0.892268733
2021-08-25 08:00:00+00:00,0.892271359
2021-08-25 09:00:00+00:00,0.892274022
2021-08-25 10:00:00+00:00,0.892276486
2021-08-25 11:00:00+00:00,0.892278826
2021-08-25 12:00:00+00:00,0.892280579
2021-08-25 13:00:00+00:00,0.892283186
2021-08-25 14:00:00+00:00,0.892285649
2021-08-25 15:00:00+00:00,0.892288427
2021-08-25 16:00:00+00:00,0.892290332
2021-08-25 17:00:00+00:00,0.89212804
2021-08-25 18:00:00+00:00,0.891475183
2021-08-25 19:00:00+00:00,0.890821996
2021-08-25 20:00:00+00:00,0.89016881
2021-08-25 21:00:00+00:00,0.889516666
2021-08-25 22:00:00+00:00,0.888867378
2021-08-25 23:00:00+00:00,0.888218583
2021-08-26 00:00:00+00:00,0.887569862
2021-08-26 01:00:00+00:00,0.886921073
2021-08-26 02:00:00+00:00,0.88627217
2021-08-26 03:00:00+00:00,0.885623215
2021-08-26 04:00:00+00:00,0.884974126
2021-08-26 05:00:00+00:00,0.884324041
2021-08-26 06:00:00+00:00,0.883673243
2021-08-26 07:00:00+00:00,0.88324273
2021-08-26 08:00:00+00:00,0.883246504
2021-08-26 09:00:00+00:00,0.8832508
2021-08-26 10:00:00+00:00,0.883255094
2021-08-26 11:00:00+00:00,0.883258424
2021-08-26 12:00:00+00:00,0.883261317
2021-08-26 13:00:00+00:00,0.883264523
2021-08-26 14:00:00+00:00,0.883267849
2021-08-26 15:00:00+00:00,0.883270548
2021-08-26 16:00:00+00:00,0.883273511
2021-08-26 17:00:00+00:00,0.883112552
2021-08-26 18:00:00+00:00,0.88249616
2021-08-26 19:00:00+00:00,0.881878978
2021-08-26 20:00:00+00:00,0.88126282
2021-08-26 21:00:00+00:00,0.88064739
2021-08-26 22:00:00+00:00,0.880032914
2021-08-26 23:00:00+00:00,0.87941928
2021-08-27 00:00:00+00:00,0.878805907
2021-08-27 01:00:00+00:00,0.878192702
2021-08-27 02:00:00+00:00,0.877579517
2021-08-27 03:00:00+00:00,0.876966396
2021-08-27 04:00:00+00:00,0.876353333
2021-08-27 05:00:00+00:00,0.875739388
2021-08-27 06:00:00+00:00,0.875088908
2021-08-27 07:00:00+00:00,0.875059361
2021-08-27 08:00:00+00:00,0.875061545
2021-08-27 09:00:00+00:00,0.875064146
2021-08-27 10:00:00+00:00,0.875066941
2021-08-27 11:00:00+00:00,0.875069816
2021-08-27 12:00:00+00:00,0.875073224
2021-08-27 13:00:00+00:00,0.875078557
2021-08-27 14:00:00+00:00,0.875084111
2021-08-27 15:00:00+00:00,0.875089608
2021-08-27 16:00:00+00:00,0.875094784
2021-08-27 17:00:00+00:00,0.875095971
2021-08-27 18:00:00+00:00,0.875097376
2021-08-27 19:00:00+00:00,0.875098512
2021-08-27 20:00:00+00:00,0.875099808
2021-08-27 21:00:00+00:00,0.874938817
2021-08-27 22:00:00+00:00,0.874779496
2021-08-27 23:00:00+00:00,0.874620998
2021-08-28 00:00:00+00:00,0.874462955
2021-08-28 01:00:00+00:00,0.874304857
2021-08-28 02:00:00+00:00,0.874147662
2021-08-28 03:00:00+00:00,0.873990594
2021-08-28 04:00:00+00:00,0.873832744
2021-08-28 05:00:00+00:00,0.8736744
2021-08-28 06:00:00+00:00,0.873534608
2021-08-28 07:00:00+00:00,0.873537971
2021-08-28 08:00:00+00:00,0.873541821
2021-08-28 09:00:00+00:00,0.87354699
2021-08-28 10:00:00+00:00,0.873551122
2021-08-28 11:00:00+00:00,0.87355651
2021-08-28 12:00:00+00:00,0.873562066
2021-08-28 13:00:00+00:00,0.87356848
2021-08-28 14:00:00+00:00,0.87357301
2021-08-28 15:00:00+00:00,0.873579398
2021-08-28 16:00:00+00:00,0.873584123
2021-08-28 17:00:00+00:00,0.873589191
2021-08-28 18:00:00+00:00,0.873592805
2021-08-28 19:00:00+00:00,0.873594844
2021-08-28 20:00:00+00:00,0.873598156
2021-08-28 21:00:00+00:00,0.873602065
2021-08-28 22:00:00+00:00,0.873608603
2021-08-28 23:00:00+00:00,0.87361605
2021-08-29 00:00:00+00:00,0.873623411
2021-08-29 01:00:00+00:00,0.873630996
2021-08-29 02:00:00+00:00,0.873638844
2021-08-29 03:00:00+00:00,0.873646125
2021-08-29 04:00:00+00:00,0.873652704
2021-08-29 05:00:00+00:00,0.873658695
2021-08-29 06:00:00+00:00,0.873664104
2021-08-29 07:00:00+00:00,0.873669064
2021-08-29 08:00:00+00:00,0.873673037
2021-08-29 09:00:00+00:00,0.873675909
2021-08-29 10:00:00+00:00,0.873680344
2021-08-29 11:00:00+00:00,0.873685737
2021-08-29 12:00:00+00:00,0.873690824
2021-08-29 13:00:00+00:00,0.873695276
2021-08-29 14:00:00+00:00,0.873700928
2021-08-29 15:00:00+00:00,0.873706009
2021-08-29 16:00:00+00:00,0.873711654
2021-08-29 17:00:00+00:00,0.873716194
2021-08-29 18:00:00+00:00,0.873555052
2021-08-29 19:00:00+00:00,0.873321341
2021-08-29 20:00:00+00:00,0.873090743
2021-08-29 21:00:00+00:00,0.872859172
2021-08-29 22:00:00+00:00,0.872630545
2021-08-29 23:00:00+00:00,0.872402289
2021-08-30 00:00:00+00:00,0.872174087
2021-08-30 01:00:00+00:00,0.871945987
2021-08-30 02:00:00+00:00,0.871717928
2021-08-30 03:00:00+00:00,0.871489842
2021-08-30 04:00:00+00:00,0.871260984
2021-08-30 05:00:00+00:00,0.871029838
2021-08-30 06:00:00+00:00,0.870504251
2021-08-30 07:00:00+00:00,0.870307209
2021-08-30 08:00:00+00:00,0.87030944
2021-08-30 09:00:00+00:00,0.870312465
2021-08-30 10:00:00+00:00,0.870315528
2021-08-30 11:00:00+00:00,0.870318492
2021-08-30 12:00:00+00:00,0.870321765
2021-08-30 13:00:00+00:00,0.870327335
2021-08-30 14:00:00+00:00,0.870333261
2021-08-30 15:00:00+00:00,0.870339127
2021-08-30 16:00:00+00:00,0.870344388
2021-08-30 17:00:00+00:00,0.870184501
2021-08-30 18:00:00+00:00,0.869572063
2021-08-30 19:00:00+00:00,0.868959504
2021-08-30 20:00:00+00:00,0.868347305
2021-08-30 21:00:00+00:00,0.867736491
2021-08-30 22:00:00+00:00,0.867126515
2021-08-30 23:00:00+00:00,0.866516977
2021-08-31 00:00:00+00:00,0.86590731
2021-08-31 01:00:00+00:00,0.865297741
2021-08-31 02:00:00+00:00,0.864688436
2021-08-31 03:00:00+00:00,0.864079186
2021-08-31 04:00:00+00:00,0.863467382
2021-08-31 05:00:00+00:00,0.862854024
2021-08-31 06:00:00+00:00,0.862201087
2021-08-31 07:00:00+00:00,0.861775616
2021-08-31 08:00:00+00:00,0.861775616
2021-08-31 09:00:00+00:00,0.861778006
2021-08-31 10:00:00+00:00,0.861780675
2021-08-31 11:00:00+00:00,0.861783421
2021-08-31 12:00:00+00:00,0.861786296
2021-08-31 13:00:00+00:00,0.86179076
2021-08-31 14:00:00+00:00,0.861795475
2021-08-31 15:00:00+00:00,0.861799747
2021-08-31 16:00:00+00:00,0.861257155
2021-08-31 17:00:00+00:00,0.860948617
2021-08-31 18:00:00+00:00,0.860948617
2021-08-31 19:00:00+00:00,0.860948617
2021-08-31 20:00:00+00:00,0.860948617
2021-08-31 21:00:00+00:00,0.860296565
2021-08-31 22:00:00+00:00,0.859649124
2021-08-31 23:00:00+00:00,0.859006994
2021-09-01 00:00:00+00:00,0.858398927
2021-09-01 01:00:00+00:00,0.857788565
2021-09-01 02:00:00+00:00,0.857175788
2021-09-01 03:00:00+00:00,0.856562635
2021-09-01 04:00:00+00:00,0.856600507
2021-09-01 05:00:00+00:00,0.856635845
2021-09-01 06:00:00+00:00,0.856669375
2021-09-01 07:00:00+00:00,0.856058575
2021-09-01 08:00:00+00:00,0.856094975
2021-09-01 09:00:00+00:00,0.856130973
2021-09-01 10:00:00+00:00,0.856167193
2021-09-01 11:00:00+00:00,0.85620291
2021-09-01 12:00:00+00:00,0.856235192
2021-09-01 13:00:00+00:00,0.856268204
2021-09-01 14:00:00+00:00,0.856301907
2021-09-01 15:00:00+00:00,0.855712773
2021-09-01 16:00:00+00:00,0.85574594
2021-09-01 17:00:00+00:00,0.855149726
2021-09-01 18:00:00+00:00,0.854526112
2021-09-01 19:00:00+00:00,0.853903646
2021-09-01 20:00:00+00:00,0.85328142
2021-09-01 21:00:00+00:00,0.852661672
2021-09-01 22:00:00+00:00,0.852043314
2021-09-01 23:00:00+00:00,0.851423623
2021-09-02 00:00:00+00:00,0.850804884
2021-09-02 01:00:00+00:00,0.850187436
2021-09-02 02:00:00+00:00,0.849569769
2021-09-02 03:00:00+00:00,0.848952791
2021-09-02 04:00:00+00:00,0.848334784
2021-09-02 05:00:00+00:00,0.847715498
2021-09-02 06:00:00+00:00,0.847095481
2021-09-02 07:00:00+00:00,0.846475976
2021-09-02 08:00:00+00:00,0.846509379
2021-09-02 09:00:00+00:00,0.846542113
2021-09-02 10:00:00+00:00,0.846575272
2021-09-02 11:00:00+00:00,0.846608099
2021-09-02 12:00:00+00:00,0.846640599
2021-09-02 13:00:00+00:00,0.846674921
2021-09-02 14:00:00+00:00,0.84670908
2021-09-02 15:00:00+00:00,0.846740361
2021-09-02 16:00:00+00:00,0.846773586
2021-09-02 17:00:00+00:00,0.846152354
2021-09-02 18:00:00+00:00,0.845529652
2021-09-02 19:00:00+00:00,0.844906217
2021-09-02 20:00:00+00:00,0.844283293
2021-09-02 21:00:00+00:00,0.843661482
2021-09-02 22:00:00+00:00,0.843041754
2021-09-02 23:00:00+00:00,0.842425947
2021-09-03 00:00:00+00:00,0.841810684
2021-09-03 01:00:00+00:00,0.84119496
2021-09-03 02:00:00+00:00,0.840579174
2021-09-03 03:00:00+00:00,0.839962866
2021-09-03 04:00:00+00:00,0.839343671
2021-09-03 05:00:00+00:00,0.838723236
2021-09-03 06:00:00+00:00,0.838100534
2021-09-03 07:00:00+00:00,0.837665727
2021-09-03 08:00:00+00:00,0.837701918
2021-09-03 09:00:00+00:00,0.837739057
2021-09-03 10:00:00+00:00,0.837776706
2021-09-03 11:00:00+00:00,0.837813517
2021-09-03 12:00:00+00:00,0.837850535
2021-09-03 13:00:00+00:00,0.83788858
2021-09-03 14:00:00+00:00,0.83792681
2021-09-03 15:00:00+00:00,0.837964551
2021-09-03 16:00:00+00:00,0.838000803
2021-09-03 17:00:00+00:00,0.837870122
2021-09-03 18:00:00+00:00,0.837245712
2021-09-03 19:00:00+00:00,0.836621798
2021-09-03 20:00:00+00:00,0.835998718
2021-09-03 21:00:00+00:00,0.835377362
2021-09-03 22:00:00+00:00,0.834757233
2021-09-03 23:00:00+00:00,0.834136444
2021-09-04 00:00:00+00:00,0.833515477
2021-09-04 01:00:00+00:00,0.832894827
2021-09-04 02:00:00+00:00,0.83227355
2021-09-04 03:00:00+00:00,0.831653337
2021-09-04 04:00:00+00:00,0.831033042
2021-09-04 05:00:00+00:00,0.830412457
2021-09-04 06:00:00+00:00,0.829793503
2021-09-04 07:00:00+00:00,0.829722744
2021-09-04 08:00:00+00:00,0.829758343
2021-09-04 09:00:00+00:00,0.829794124
2021-09-04 10:00:00+00:00,0.829830498
2021-09-04 11:00:00+00:00,0.829867182
2021-09-04 12:00:00+00:00,0.829904109
2021-09-04 13:00:00+00:00,0.829942703
2021-09-04 14:00:00+00:00,0.829981422
2021-09-04 15:00:00+00:00,0.830020186
2021-09-04 16:00:00+00:00,0.830058049
2021-09-04 17:00:00+00:00,0.830034289
2021-09-04 18:00:00+00:00,0.829702812
2021-09-04 19:00:00+00:00,0.829370054
2021-09-04 20:00:00+00:00,0.829038279
2021-09-04 21:00:00+00:00,0.828706728
2021-09-04 22:00:00+00:00,0.828376673
2021-09-04 23:00:00+00:00,0.828047216
2021-09-05 00:00:00+00:00,0.827719284
2021-09-05 01:00:00+00:00,0.827391772
2021-09-05 02:00:00+00:00,0.827064343
2021-09-05 03:00:00+00:00,0.826736645
2021-09-05 04:00:00+00:00,0.826408958
2021-09-05 05:00:00+00:00,0.825794565
2021-09-05 06:00:00+00:00,0.825256485
2021-09-05 07:00:00+00:00,0.825293986
2021-09-05 08:00:00+00:00,0.825331169
2021-09-05 09:00:00+00:00,0.82536813
2021-09-05 10:00:00+00:00,0.825405675
2021-09-05 11:00:00+00:00,0.825442973
2021-09-05 12:00:00+00:00,0.825480175
2021-09-05 13:00:00+00:00,0.825518384
2021-09-05 14:00:00+00:00,0.825556781
2021-09-05 15:00:00+00:00,0.825594976
2021-09-05 16:00:00+00:00,0.825630655
2021-09-05 17:00:00+00:00,0.825529545
2021-09-05 18:00:00+00:00,0.825564483
2021-09-05 19:00:00+00:00,0.825597079
2021-09-05 20:00:00+00:00,0.825630713
2021-09-05 21:00:00+00:00,0.825664787
2021-09-05 22:00:00+00:00,0.825697844
2021-09-05 23:00:00+00:00,0.825735244
2021-09-06 00:00:00+00:00,0.825773613
2021-09-06 01:00:00+00:00,0.82558375
2021-09-06 02:00:00+00:00,0.825354085
2021-09-06 03:00:00+00:00,0.824739692
2021-09-06 04:00:00+00:00,0.824122376
2021-09-06 05:00:00+00:00,0.823502985
2021-09-06 06:00:00+00:00,0.822883369
2021-09-06 07:00:00+00:00,0.82238901
2021-09-06 08:00:00+00:00,0.822219339
2021-09-06 09:00:00+00:00,0.822253914
2021-09-06 10:00:00+00:00,0.822289388
2021-09-06 11:00:00+00:00,0.822323631
2021-09-06 12:00:00+00:00,0.822361336
2021-09-06 13:00:00+00:00,0.822396245
2021-09-06 14:00:00+00:00,0.822433267
2021-09-06 15:00:00+00:00,0.822470109
2021-09-06 16:00:00+00:00,0.822506678
2021-09-06 17:00:00+00:00,0.821898529
2021-09-06 18:00:00+00:00,0.821929909
2021-09-06 19:00:00+00:00,0.821961941
2021-09-06 20:00:00+00:00,0.821343898
2021-09-06 21:00:00+00:00,0.820739715
2021-09-06 22:00:00+00:00,0.82014228
2021-09-06 23:00:00+00:00,0.819556589
2021-09-07 00:00:00+00:00,0.818973351
2021-09-07 01:00:00+00:00,0.818390209
2021-09-07 02:00:00+00:00,0.817806396
2021-09-07 03:00:00+00:00,0.817223768
2021-09-07 04:00:00+00:00,0.816631759
2021-09-07 05:00:00+00:00,0.816026373
2021-09-07 06:00:00+00:00,0.815419861
2021-09-07 07:00:00+00:00,0.81483409
2021-09-07 08:00:00+00:00,0.814870544
2021-09-07 09:00:00+00:00,0.814907506
2021-09-07 10:00:00+00:00,0.814944635
2021-09-07 11:00:00+00:00,0.814981571
2021-09-07 12:00:00+00:00,0.815018593
2021-09-07 13:00:00+00:00,0.81505716
2021-09-07 14:00:00+00:00,0.815095009
2021-09-07 15:00:00+00:00,0.815131737
2021-09-07 16:00:00+00:00,0.815166885
2021-09-07 17:00:00+00:00,0.815199706
2021-09-07 18:00:00+00:00,0.815068761
2021-09-07 19:00:00+00:00,0.815098361
2021-09-07 20:00:00+00:00,0.81496513
2021-09-07 21:00:00+00:00,0.81483371
2021-09-07 22:00:00+00:00,0.814707824
2021-09-07 23:00:00+00:00,0.81458301
2021-09-08 00:00:00+00:00,0.814458487
2021-09-08 01:00:00+00:00,0.814334638
2021-09-08 02:00:00+00:00,0.814210966
2021-09-08 03:00:00+00:00,0.814087411
2021-09-08 04:00:00+00:00,0.813882004
2021-09-08 05:00:00+00:00,0.813673354
2021-09-08 06:00:00+00:00,0.813387176
2021-09-08 07:00:00+00:00,0.81330427
2021-09-08 08:00:00+00:00,0.813342894
2021-09-08 09:00:00+00:00,0.81338157
2021-09-08 10:00:00+00:00,0.813420296
2021-09-08 11:00:00+00:00,0.813459137
2021-09-08 12:00:00+00:00,0.813498256
2021-09-08 13:00:00+00:00,0.813537273
2021-09-08 14:00:00+00:00,0.813576677
2021-09-08 15:00:00+00:00,0.813615284
2021-09-08 16:00:00+00:00,0.813651089
2021-09-08 17:00:00+00:00,0.813545439
2021-09-08 18:00:00+00:00,0.813413762
2021-09-08 19:00:00+00:00,0.813444642
2021-09-08 20:00:00+00:00,0.813313778
2021-09-08 21:00:00+00:00,0.813186696
2021-09-08 22:00:00+00:00,0.81306117
2021-09-08 23:00:00+00:00,0.812936474
2021-09-09 00:00:00+00:00,0.812812227
2021-09-09 01:00:00+00:00,0.812687766
2021-09-09 02:00:00+00:00,0.812563228
2021-09-09 03:00:00+00:00,0.812439159
2021-09-09 04:00:00+00:00,0.812049356
2021-09-09 05:00:00+00:00,0.811658631
2021-09-09 06:00:00+00:00,0.811204247
2021-09-09 07:00:00+00:00,0.810854384
2021-09-09 08:00:00+00:00,0.810891184
2021-09-09 09:00:00+00:00,0.810928888
2021-09-09 10:00:00+00:00,0.810967014
2021-09-09 11:00:00+00:00,0.811004808
2021-09-09 12:00:00+00:00,0.811043297
2021-09-09 13:00:00+00:00,0.811082704
2021-09-09 14:00:00+00:00,0.811122264
2021-09-09 15:00:00+00:00,0.811160771
2021-09-09 16:00:00+00:00,0.811199025
2021-09-09 17:00:00+00:00,0.810603989
2021-09-09 18:00:00+00:00,0.810130921
2021-09-09 19:00:00+00:00,0.809660602
2021-09-09 20:00:00+00:00,0.809191264
2021-09-09 21:00:00+00:00,0.808722958
2021-09-09 22:00:00+00:00,0.808257219
2021-09-09 23:00:00+00:00,0.807792054
2021-09-10 00:00:00+00:00,0.807327319
2021-09-10 01:00:00+00:00,0.806862548
2021-09-10 02:00:00+00:00,0.806397783
2021-09-10 03:00:00+00:00,0.805933385
2021-09-10 04:00:00+00:00,0.805466008
2021-09-10 05:00:00+00:00,0.804997282
2021-09-10 06:00:00+00:00,0.804378566
2021-09-10 07:00:00+00:00,0.803786126
2021-09-10 08:00:00+00:00,0.803823963
2021-09-10 09:00:00+00:00,0.803861364
2021-09-10 10:00:00+00:00,0.803898652
2021-09-10 11:00:00+00:00,0.803936321
2021-09-10 12:00:00+00:00,0.803973935
2021-09-10 13:00:00+00:00,0.804011769
2021-09-10 14:00:00+00:00,0.804050513
2021-09-10 15:00:00+00:00,0.804088793
2021-09-10 16:00:00+00:00,0.804126202
2021-09-10 17:00:00+00:00,0.803996573
2021-09-10 18:00:00+00:00,0.803374639
2021-09-10 19:00:00+00:00,0.802753279
2021-09-10 20:00:00+00:00,0.802133086
2021-09-10 21:00:00+00:00,0.801514945
2021-09-10 22:00:00+00:00,0.800898533
2021-09-10 23:00:00+00:00,0.800282769
2021-09-11 00:00:00+00:00,0.799667301
2021-09-11 01:00:00+00:00,0.799052856
2021-09-11 02:00:00+00:00,0.798438641
2021-09-11 03:00:00+00:00,0.797825129
2021-09-11 04:00:00+00:00,0.797211542
2021-09-11 05:00:00+00:00,0.796596674
2021-09-11 06:00:00+00:00,0.795981491
2021-09-11 07:00:00+00:00,0.795645913
2021-09-11 08:00:00+00:00,0.79568371
2021-09-11 09:00:00+00:00,0.795721749
2021-09-11 10:00:00+00:00,0.795760629
2021-09-11 11:00:00+00:00,0.795799881
2021-09-11 12:00:00+00:00,0.795839164
2021-09-11 13:00:00+00:00,0.795879578
2021-09-11 14:00:00+00:00,0.795920127
2021-09-11 15:00:00+00:00,0.79596094
2021-09-11 16:00:00+00:00,0.796000622
2021-09-11 17:00:00+00:00,0.795875384
2021-09-11 18:00:00+00:00,0.795259307
2021-09-11 19:00:00+00:00,0.794642833
2021-09-11 20:00:00+00:00,0.794026601
2021-09-11 21:00:00+00:00,0.793411359
2021-09-11 22:00:00+00:00,0.792796726
2021-09-11 23:00:00+00:00,0.792182472
2021-09-12 00:00:00+00:00,0.791568424
2021-09-12 01:00:00+00:00,0.790954562
2021-09-12 02:00:00+00:00,0.790341765
2021-09-12 03:00:00+00:00,0.789728877
2021-09-12 04:00:00+00:00,0.789116408
2021-09-12 05:00:00+00:00,0.78850257
2021-09-12 06:00:00+00:00,0.787888573
2021-09-12 07:00:00+00:00,0.787927618
2021-09-12 08:00:00+00:00,0.787966542
2021-09-12 09:00:00+00:00,0.788005872
2021-09-12 10:00:00+00:00,0.788045106
2021-09-12 11:00:00+00:00,0.788084651
2021-09-12 12:00:00+00:00,0.788124265
2021-09-12 13:00:00+00:00,0.788164737
2021-09-12 14:00:00+00:00,0.788205374
2021-09-12 15:00:00+00:00,0.788246134
2021-09-12 16:00:00+00:00,0.788285311
2021-09-12 17:00:00+00:00,0.788158501
2021-09-12 18:00:00+00:00,0.78816545
2021-09-12 19:00:00+00:00,0.788068679
2021-09-12 20:00:00+00:00,0.788075627
2021-09-12 21:00:00+00:00,0.788114513
2021-09-12 22:00:00+00:00,0.78815476
2021-09-12 23:00:00+00:00,0.788195003
2021-09-13 00:00:00+00:00,0.787727316
2021-09-13 01:00:00+00:00,0.787259836
2021-09-13 02:00:00+00:00,0.786792303
2021-09-13 03:00:00+00:00,0.7863248
2021-09-13 04:00:00+00:00,0.78584321
2021-09-13 05:00:00+00:00,0.785229597
2021-09-13 06:00:00+00:00,0.784615482
2021-09-13 07:00:00+00:00,0.784045876
2021-09-13 08:00:00+00:00,0.783722042
2021-09-13 09:00:00+00:00,0.783737142
2021-09-13 10:00:00+00:00,0.78315692
2021-09-13 11:00:00+00:00,0.782577062
2021-09-13 12:00:00+00:00,0.781997475
2021-09-13 13:00:00+00:00,0.781417672
2021-09-13 14:00:00+00:00,0.780834538
2021-09-13 15:00:00+00:00,0.780245948
2021-09-13 16:00:00+00:00,0.779650682
2021-09-13 17:00:00+00:00,0.779046835
2021-09-13 18:00:00+00:00,0.779084943
2021-09-13 19:00:00+00:00,0.779122029
2021-09-13 20:00:00+00:00,0.779159871
2021-09-13 21:00:00+00:00,0.779198344
2021-09-13 22:00:00+00:00,0.779237542
2021-09-13 23:00:00+00:00,0.778624154
2021-09-14 00:00:00+00:00,0.778012186
2021-09-14 01:00:00+00:00,0.777449125
2021-09-14 02:00:00+00:00,0.776885969
2021-09-14 03:00:00+00:00,0.776323118
2021-09-14 04:00:00+00:00,0.775759607
2021-09-14 05:00:00+00:00,0.775195666
2021-09-14 06:00:00+00:00,0.774631716
2021-09-14 07:00:00+00:00,0.774068099
2021-09-14 08:00:00+00:00,0.773504059
2021-09-14 09:00:00+00:00,0.772907271
2021-09-14 10:00:00+00:00,0.772305673
2021-09-14 11:00:00+00:00,0.771718628
2021-09-14 12:00:00+00:00,0.771135784
2021-09-14 13:00:00+00:00,0.770546902
2021-09-14 14:00:00+00:00,0.769945411
2021-09-14 15:00:00+00:00,0.769331272
2021-09-14 16:00:00+00:00,0.768716915
2021-09-14 17:00:00+00:00,0.76810128
2021-09-14 18:00:00+00:00,0.76748431
2021-09-14 19:00:00+00:00,0.766866935
2021-09-14 20:00:00+00:00,0.766250675
2021-09-14 21:00:00+00:00,0.765635173
2021-09-14 22:00:00+00:00,0.765018647
2021-09-14 23:00:00+00:00,0.764403935
2021-09-15 00:00:00+00:00,0.763789675
2021-09-15 01:00:00+00:00,0.763175608
2021-09-15 02:00:00+00:00,0.762560835
2021-09-15 03:00:00+00:00,0.76194306
2021-09-15 04:00:00+00:00,0.761325968
2021-09-15 05:00:00+00:00,0.760705862
2021-09-15 06:00:00+00:00,0.760085214
2021-09-15 07:00:00+00:00,0.759465159
2021-09-15 08:00:00+00:00,0.758862372
2021-09-15 09:00:00+00:00,0.758898364
2021-09-15 10:00:00+00:00,0.758933159
2021-09-15 11:00:00+00:00,0.758967683
2021-09-15 12:00:00+00:00,0.759001955
2021-09-15 13:00:00+00:00,0.759035292
2021-09-15 14:00:00+00:00,0.758448626
2021-09-15 15:00:00+00:00,0.757862333
2021-09-15 16:00:00+00:00,0.757256144
2021-09-15 17:00:00+00:00,0.756636938
2021-09-15 18:00:00+00:00,0.756016131
2021-09-15 19:00:00+00:00,0.755397248
2021-09-15 20:00:00+00:00,0.754779008
2021-09-15 21:00:00+00:00,0.754164244
2021-09-15 22:00:00+00:00,0.753548733
2021-09-15 23:00:00+00:00,0.752933195
2021-09-16 00:00:00+00:00,0.752317607
2021-09-16 01:00:00+00:00,0.751702241
2021-09-16 02:00:00+00:00,0.751086726
2021-09-16 03:00:00+00:00,0.750471225
2021-09-16 04:00:00+00:00,0.749853771
2021-09-16 05:00:00+00:00,0.749235143
2021-09-16 06:00:00+00:00,0.74861637
2021-09-16 07:00:00+00:00,0.748020481
2021-09-16 08:00:00+00:00,0.748054935
2021-09-16 09:00:00+00:00,0.748088947
2021-09-16 10:00:00+00:00,0.748123654
2021-09-16 11:00:00+00:00,0.748158568
2021-09-16 12:00:00+00:00,0.748193556
2021-09-16 13:00:00+00:00,0.748228851
2021-09-16 14:00:00+00:00,0.748264403
2021-09-16 15:00:00+00:00,0.748299902
2021-09-16 16:00:00+00:00,0.748335151
2021-09-16 17:00:00+00:00,0.747716664
2021-09-16 18:00:00+00:00,0.747096869
2021-09-16 19:00:00+00:00,0.746477204
2021-09-16 20:00:00+00:00,0.745857785
2021-09-16 21:00:00+00:00,0.745239496
2021-09-16 22:00:00+00:00,0.744622473
2021-09-16 23:00:00+00:00,0.744005937
2021-09-17 00:00:00+00:00,0.743389457
2021-09-17 01:00:00+00:00,0.742773154
2021-09-17 02:00:00+00:00,0.742157265
2021-09-17 03:00:00+00:00,0.741541626
2021-09-17 04:00:00+00:00,0.74092539
2021-09-17 05:00:00+00:00,0.740308035
2021-09-17 06:00:00+00:00,0.739690146
2021-09-17 07:00:00+00:00,0.73941053
2021-09-17 08:00:00+00:00,0.739446234
2021-09-17 09:00:00+00:00,0.739483151
2021-09-17 10:00:00+00:00,0.739520295
2021-09-17 11:00:00+00:00,0.73955758
2021-09-17 12:00:00+00:00,0.739594967
2021-09-17 13:00:00+00:00,0.739632137
2021-09-17 14:00:00+00:00,0.739669405
2021-09-17 15:00:00+00:00,0.739706161
2021-09-17 16:00:00+00:00,0.739743321
2021-09-17 17:00:00+00:00,0.739332962
2021-09-17 18:00:00+00:00,0.738921902
2021-09-17 19:00:00+00:00,0.738510837
2021-09-17 20:00:00+00:00,0.738100814
2021-09-17 21:00:00+00:00,0.737691322
2021-09-17 22:00:00+00:00,0.737282641
2021-09-17 23:00:00+00:00,0.736873946
2021-09-18 00:00:00+00:00,0.736465599
2021-09-18 01:00:00+00:00,0.736058031
2021-09-18 02:00:00+00:00,0.735650614
2021-09-18 03:00:00+00:00,0.735243213
2021-09-18 04:00:00+00:00,0.734835032
2021-09-18 05:00:00+00:00,0.734426812
2021-09-18 06:00:00+00:00,0.733811271
2021-09-18 07:00:00+00:00,0.733848988
2021-09-18 08:00:00+00:00,0.733887272
2021-09-18 09:00:00+00:00,0.733925388
2021-09-18 10:00:00+00:00,0.733964258
2021-09-18 11:00:00+00:00,0.734003529
2021-09-18 12:00:00+00:00,0.734042889
2021-09-18 13:00:00+00:00,0.734081925
2021-09-18 14:00:00+00:00,0.734121141
2021-09-18 15:00:00+00:00,0.734159306
2021-09-18 16:00:00+00:00,0.73419706
2021-09-18 17:00:00+00:00,0.734231529
2021-09-18 18:00:00+00:00,0.733787741
2021-09-18 19:00:00+00:00,0.733239497
2021-09-18 20:00:00+00:00,0.7327758
2021-09-18 21:00:00+00:00,0.732338098
2021-09-18 22:00:00+00:00,0.731900451
2021-09-18 23:00:00+00:00,0.731463464
2021-09-19 00:00:00+00:00,0.731026871
2021-09-19 01:00:00+00:00,0.73059021
2021-09-19 02:00:00+00:00,0.730153786
2021-09-19 03:00:00+00:00,0.729717352
2021-09-19 04:00:00+00:00,0.729281
2021-09-19 05:00:00+00:00,0.728813526
2021-09-19 06:00:00+00:00,0.728377143
2021-09-19 07:00:00+00:00,0.728415312
2021-09-19 08:00:00+00:00,0.728453705
2021-09-19 09:00:00+00:00,0.728492113
2021-09-19 10:00:00+00:00,0.728530223
2021-09-19 11:00:00+00:00,0.728568479
2021-09-19 12:00:00+00:00,0.728606968
2021-09-19 13:00:00+00:00,0.728645001
2021-09-19 14:00:00+00:00,0.728682337
2021-09-19 15:00:00+00:00,0.728719222
2021-09-19 16:00:00+00:00,0.728756282
2021-09-19 17:00:00+00:00,0.728640505
2021-09-19 18:00:00+00:00,0.72867751
2021-09-19 19:00:00+00:00,0.728714414
2021-09-19 20:00:00+00:00,0.728750704
2021-09-19 21:00:00+00:00,0.728787098
2021-09-19 22:00:00+00:00,0.728660963
2021-09-19 23:00:00+00:00,0.728534814
2021-09-20 00:00:00+00:00,0.728409473
2021-09-20 01:00:00+00:00,0.728284684
2021-09-20 02:00:00+00:00,0.728159541
2021-09-20 03:00:00+00:00,0.7280343
2021-09-20 04:00:00+00:00,0.727908612
2021-09-20 05:00:00+00:00,0.727781962
2021-09-20 06:00:00+00:00,0.727656741
2021-09-20 07:00:00+00:00,0.727695032
2021-09-20 08:00:00+00:00,0.727733627
2021-09-20 09:00:00+00:00,0.727773185
2021-09-20 10:00:00+00:00,0.727812618
2021-09-20 11:00:00+00:00,0.727852127
2021-09-20 12:00:00+00:00,0.727891751
2021-09-20 13:00:00+00:00,0.727931433
2021-09-20 14:00:00+00:00,0.727971033
2021-09-20 15:00:00+00:00,0.728010116
2021-09-20 16:00:00+00:00,0.728048861
2021-09-20 17:00:00+00:00,0.728086159
2021-09-20 18:00:00+00:00,0.728122417
2021-09-20 19:00:00+00:00,0.728157756
2021-09-20 20:00:00+00:00,0.728194225
2021-09-20 21:00:00+00:00,0.728232476
2021-09-20 22:00:00+00:00,0.728271041
2021-09-20 23:00:00+00:00,0.72830941
2021-09-21 00:00:00+00:00,0.728347976
2021-09-21 01:00:00+00:00,0.728386889
2021-09-21 02:00:00+00:00,0.728425474
2021-09-21 03:00:00+00:00,0.728464212
2021-09-21 04:00:00+00:00,0.728502731
2021-09-21 05:00:00+00:00,0.728540007
2021-09-21 06:00:00+00:00,0.728576213
2021-09-21 07:00:00+00:00,0.728613056
2021-09-21 08:00:00+00:00,0.728650531
2021-09-21 09:00:00+00:00,0.728687781
2021-09-21 10:00:00+00:00,0.728725139
2021-09-21 11:00:00+00:00,0.728762929
2021-09-21 12:00:00+00:00,0.728801174
2021-09-21 13:00:00+00:00,0.728839655
2021-09-21 14:00:00+00:00,0.728877893
2021-09-21 15:00:00+00:00,0.72891489
2021-09-21 16:00:00+00:00,0.728950816
2021-09-21 17:00:00+00:00,0.728984581
2021-09-21 18:00:00+00:00,0.729017358
2021-09-21 19:00:00+00:00,0.729049667
2021-09-21 20:00:00+00:00,0.729083928
2021-09-21 21:00:00+00:00,0.729120148
2021-09-21 22:00:00+00:00,0.729157723
2021-09-21 23:00:00+00:00,0.729195825
2021-09-22 00:00:00+00:00,0.729234065
2021-09-22 01:00:00+00:00,0.729271908
2021-09-22 02:00:00+00:00,0.729309971
2021-09-22 03:00:00+00:00,0.729348004
2021-09-22 04:00:00+00:00,0.72938561
2021-09-22 05:00:00+00:00,0.729422463
2021-09-22 06:00:00+00:00,0.72945888
2021-09-22 07:00:00+00:00,0.729494899
2021-09-22 08:00:00+00:00,0.729530086
2021-09-22 09:00:00+00:00,0.729565773
2021-09-22 10:00:00+00:00,0.72960183
2021-09-22 11:00:00+00:00,0.729637475
2021-09-22 12:00:00+00:00,0.729673165
2021-09-22 13:00:00+00:00,0.729708978
2021-09-22 14:00:00+00:00,0.729745098
2021-09-22 15:00:00+00:00,0.729780271
2021-09-22 16:00:00+00:00,0.729814972
2021-09-22 17:00:00+00:00,0.729848913
2021-09-22 18:00:00+00:00,0.729882373
2021-09-22 19:00:00+00:00,0.729915198
2021-09-22 20:00:00+00:00,0.72994839
2021-09-22 21:00:00+00:00,0.729983061
2021-09-22 22:00:00+00:00,0.730018781
2021-09-22 23:00:00+00:00,0.730055012
2021-09-23 00:00:00+00:00,0.730091863
2021-09-23 01:00:00+00:00,0.730129067
2021-09-23 02:00:00+00:00,0.730166608
2021-09-23 03:00:00+00:00,0.730204255
2021-09-23 04:00:00+00:00,0.730241045
2021-09-23 05:00:00+00:00,0.730276818
2021-09-23 06:00:00+00:00,0.730312642
2021-09-23 07:00:00+00:00,0.730348617
2021-09-23 08:00:00+00:00,0.730384735
2021-09-23 09:00:00+00:00,0.730420933
2021-09-23 10:00:00+00:00,0.730456732
2021-09-23 11:00:00+00:00,0.73049243
2021-09-23 12:00:00+00:00,0.730528139
2021-09-23 13:00:00+00:00,0.730564093
2021-09-23 14:00:00+00:00,0.730599547
2021-09-23 15:00:00+00:00,0.730633974
2021-09-23 16:00:00+00:00,0.73066787
2021-09-23 17:00:00+00:00,0.730702697
2021-09-23 18:00:00+00:00,0.730736198
2021-09-23 19:00:00+00:00,0.730768856
2021-09-23 20:00:00+00:00,0.730802832
2021-09-23 21:00:00+00:00,0.730838145
2021-09-23 22:00:00+00:00,0.730874209
2021-09-23 23:00:00+00:00,0.730911025
2021-09-24 00:00:00+00:00,0.730948066
2021-09-24 01:00:00+00:00,0.730985297
2021-09-24 02:00:00+00:00,0.731022293
2021-09-24 03:00:00+00:00,0.731058901
2021-09-24 04:00:00+00:00,0.731095555
2021-09-24 05:00:00+00:00,0.731131566
2021-09-24 06:00:00+00:00,0.731167148
2021-09-24 07:00:00+00:00,0.731202699
2021-09-24 08:00:00+00:00,0.731238691
2021-09-24 09:00:00+00:00,0.731275298
2021-09-24 10:00:00+00:00,0.731311748
2021-09-24 11:00:00+00:00,0.731348063
2021-09-24 12:00:00+00:00,0.731384688
2021-09-24 13:00:00+00:00,0.731421071
2021-09-24 14:00:00+00:00,0.731457101
2021-09-24 15:00:00+00:00,0.730872635
2021-09-24 16:00:00+00:00,0.730283965
2021-09-24 17:00:00+00:00,0.729796357
2021-09-24 18:00:00+00:00,0.729306693
2021-09-24 19:00:00+00:00,0.728817046
2021-09-24 20:00:00+00:00,0.72832907
2021-09-24 21:00:00+00:00,0.727841925
2021-09-24 22:00:00+00:00,0.727355943
2021-09-24 23:00:00+00:00,0.726870372
2021-09-25 00:00:00+00:00,0.726384944
2021-09-25 01:00:00+00:00,0.725899911
2021-09-25 02:00:00+00:00,0.72541511
2021-09-25 03:00:00+00:00,0.724930512
2021-09-25 04:00:00+00:00,0.724445826
2021-09-25 05:00:00+00:00,0.723960794
2021-09-25 06:00:00+00:00,0.723345076
2021-09-25 07:00:00+00:00,0.722744858
2021-09-25 08:00:00+00:00,0.722781015
2021-09-25 09:00:00+00:00,0.722817584
2021-09-25 10:00:00+00:00,0.7228544
2021-09-25 11:00:00+00:00,0.722891395
2021-09-25 12:00:00+00:00,0.72292838
2021-09-25 13:00:00+00:00,0.722966808
2021-09-25 14:00:00+00:00,0.723005129
2021-09-25 15:00:00+00:00,0.723043107
2021-09-25 16:00:00+00:00,0.723081682
2021-09-25 17:00:00+00:00,0.722954383
2021-09-25 18:00:00+00:00,0.72298939
2021-09-25 19:00:00+00:00,0.72302423
2021-09-25 20:00:00+00:00,0.722896011
2021-09-25 21:00:00+00:00,0.722768975
2021-09-25 22:00:00+00:00,0.722642804
2021-09-25 23:00:00+00:00,0.722516776
2021-09-26 00:00:00+00:00,0.722390992
2021-09-26 01:00:00+00:00,0.72226617
2021-09-26 02:00:00+00:00,0.7221414
2021-09-26 03:00:00+00:00,0.72201672
2021-09-26 04:00:00+00:00,0.721891839
2021-09-26 05:00:00+00:00,0.721766954
2021-09-26 06:00:00+00:00,0.721642606
2021-09-26 07:00:00+00:00,0.72168031
2021-09-26 08:00:00+00:00,0.721717888
2021-09-26 09:00:00+00:00,0.721755213
2021-09-26 10:00:00+00:00,0.721792715
2021-09-26 11:00:00+00:00,0.721830215
2021-09-26 12:00:00+00:00,0.72186729
2021-09-26 13:00:00+00:00,0.721906064
2021-09-26 14:00:00+00:00,0.721944863
2021-09-26 15:00:00+00:00,0.721983541
2021-09-26 16:00:00+00:00,0.722021837
2021-09-26 17:00:00+00:00,0.721894925
2021-09-26 18:00:00+00:00,0.721929261
2021-09-26 19:00:00+00:00,0.721963639
2021-09-26 20:00:00+00:00,0.721999166
2021-09-26 21:00:00+00:00,0.721872645
2021-09-26 22:00:00+00:00,0.721747121
2021-09-26 23:00:00+00:00,0.721622401
2021-09-27 00:00:00+00:00,0.721497782
2021-09-27 01:00:00+00:00,0.721373097
2021-09-27 02:00:00+00:00,0.721248622
2021-09-27 03:00:00+00:00,0.721124391
2021-09-27 04:00:00+00:00,0.720881252
2021-09-27 05:00:00+00:00,0.720637618
2021-09-27 06:00:00+00:00,0.720313312
2021-09-27 07:00:00+00:00,0.72000802
2021-09-27 08:00:00+00:00,0.720045349
2021-09-27 09:00:00+00:00,0.720082451
2021-09-27 10:00:00+00:00,0.720120303
2021-09-27 11:00:00+00:00,0.720158469
2021-09-27 12:00:00+00:00,0.720197199
2021-09-27 13:00:00+00:00,0.720235862
2021-09-27 14:00:00+00:00,0.720274432
2021-09-27 15:00:00+00:00,0.720312064
2021-09-27 16:00:00+00:00,0.720349027
2021-09-27 17:00:00+00:00,0.719731864
2021-09-27 18:00:00+00:00,0.719112479
2021-09-27 19:00:00+00:00,0.718492898
2021-09-27 20:00:00+00:00,0.717874249
2021-09-27 21:00:00+00:00,0.717256927
2021-09-27 22:00:00+00:00,0.716641556
2021-09-27 23:00:00+00:00,0.716026522
2021-09-28 00:00:00+00:00,0.715412278
2021-09-28 01:00:00+00:00,0.714798247
2021-09-28 02:00:00+00:00,0.714183968
2021-09-28 03:00:00+00:00,0.713569498
2021-09-28 04:00:00+00:00,0.712954588
2021-09-28 05:00:00+00:00,0.712338614
2021-09-28 06:00:00+00:00,0.711722625
2021-09-28 07:00:00+00:00,0.711240794
2021-09-28 08:00:00+00:00,0.711278505
2021-09-28 09:00:00+00:00,0.711316594
2021-09-28 10:00:00+00:00,0.711354608
2021-09-28 11:00:00+00:00,0.711393334
2021-09-28 12:00:00+00:00,0.711432112
2021-09-28 13:00:00+00:00,0.711471874
2021-09-28 14:00:00+00:00,0.711511878
2021-09-28 15:00:00+00:00,0.711551495
2021-09-28 16:00:00+00:00,0.711590778
2021-09-28 17:00:00+00:00,0.711627873
2021-09-28 18:00:00+00:00,0.711509574
2021-09-28 19:00:00+00:00,0.711538419
2021-09-28 20:00:00+00:00,0.711575931
2021-09-28 21:00:00+00:00,0.711615044
2021-09-28 22:00:00+00:00,0.711431445
2021-09-28 23:00:00+00:00,0.711248293
2021-09-29 00:00:00+00:00,0.711065172
2021-09-29 01:00:00+00:00,0.710882147
2021-09-29 02:00:00+00:00,0.710699364
2021-09-29 03:00:00+00:00,0.710422581
2021-09-29 04:00:00+00:00,0.709808301
2021-09-29 05:00:00+00:00,0.709194062
2021-09-29 06:00:00+00:00,0.708579706
2021-09-29 07:00:00+00:00,0.708499122
2021-09-29 08:00:00+00:00,0.708539108
2021-09-29 09:00:00+00:00,0.70858057
2021-09-29 10:00:00+00:00,0.708621256
2021-09-29 11:00:00+00:00,0.708661714
2021-09-29 12:00:00+00:00,0.708702374
2021-09-29 13:00:00+00:00,0.708742992
2021-09-29 14:00:00+00:00,0.708783643
2021-09-29 15:00:00+00:00,0.708823865
2021-09-29 16:00:00+00:00,0.708862367
2021-09-29 17:00:00+00:00,0.708735327
2021-09-29 18:00:00+00:00,0.708770443
2021-09-29 19:00:00+00:00,0.708805952
2021-09-29 20:00:00+00:00,0.708679513
2021-09-29 21:00:00+00:00,0.708552746
2021-09-29 22:00:00+00:00,0.708429855
2021-09-29 23:00:00+00:00,0.708307386
2021-09-30 00:00:00+00:00,0.708185664
2021-09-30 01:00:00+00:00,0.708063874
2021-09-30 02:00:00+00:00,0.707942045
2021-09-30 03:00:00+00:00,0.707820293
2021-09-30 04:00:00+00:00,0.707697286
2021-09-30 05:00:00+00:00,0.707737195
2021-09-30 06:00:00+00:00,0.707776971
2021-09-30 07:00:00+00:00,0.707653573
2021-09-30 08:00:00+00:00,0.70769357
2021-09-30 09:00:00+00:00,0.7077344
2021-09-30 10:00:00+00:00,0.707775321
2021-09-30 11:00:00+00:00,0.707816602
2021-09-30 12:00:00+00:00,0.707858192
2021-09-30 13:00:00+00:00,0.707899916
2021-09-30 14:00:00+00:00,0.707941351
2021-09-30 15:00:00+00:00,0.707982262
2021-09-30 16:00:00+00:00,0.70798121
2021-09-30 17:00:00+00:00,0.707365548
2021-09-30 18:00:00+00:00,0.706748407
2021-09-30 19:00:00+00:00,0.706131643
2021-09-30 20:00:00+00:00,0.705515132
2021-09-30 21:00:00+00:00,0.704899693
2021-09-30 22:00:00+00:00,0.704285546
2021-09-30 23:00:00+00:00,0.703671568
2021-10-01 00:00:00+00:00,0.703063091
2021-10-01 01:00:00+00:00,0.702454516
2021-10-01 02:00:00+00:00,0.701845837
2021-10-01 03:00:00+00:00,0.70123718
2021-10-01 04:00:00+00:00,0.700628295
2021-10-01 05:00:00+00:00,0.700019229
2021-10-01 06:00:00+00:00,0.699410498
2021-10-01 07:00:00+00:00,0.698801876
2021-10-01 08:00:00+00:00,0.698790489
2021-10-01 09:00:00+00:00,0.698835101
2021-10-01 10:00:00+00:00,0.698880233
2021-10-01 11:00:00+00:00,0.698925612
2021-10-01 12:00:00+00:00,0.698971179
2021-10-01 13:00:00+00:00,0.699017251
2021-10-01 14:00:00+00:00,0.699063425
2021-10-01 15:00:00+00:00,0.699109569
2021-10-01 16:00:00+00:00,0.698523293
2021-10-01 17:00:00+00:00,0.697914013
2021-10-01 18:00:00+00:00,0.697303571
2021-10-01 19:00:00+00:00,0.696693233
2021-10-01 20:00:00+00:00,0.696083233
2021-10-01 21:00:00+00:00,0.695473883
2021-10-01 22:00:00+00:00,0.694865426
2021-10-01 23:00:00+00:00,0.694257148
2021-10-02 00:00:00+00:00,0.693649013
2021-10-02 01:00:00+00:00,0.69304086
2021-10-02 02:00:00+00:00,0.69243309
2021-10-02 03:00:00+00:00,0.691825712
2021-10-02 04:00:00+00:00,0.691220204
2021-10-02 05:00:00+00:00,0.690615436
2021-10-02 06:00:00+00:00,0.690014549
2021-10-02 07:00:00+00:00,0.690059554
2021-10-02 08:00:00+00:00,0.690101947
2021-10-02 09:00:00+00:00,0.69014727
2021-10-02 10:00:00+00:00,0.690193178
2021-10-02 11:00:00+00:00,0.690239559
2021-10-02 12:00:00+00:00,0.690286167
2021-10-02 13:00:00+00:00,0.690333002
2021-10-02 14:00:00+00:00,0.690379762
2021-10-02 15:00:00+00:00,0.690426428
2021-10-02 16:00:00+00:00,0.690472932
2021-10-02 17:00:00+00:00,0.690518695
2021-10-02 18:00:00+00:00,0.690559569
2021-10-02 19:00:00+00:00,0.690603626
2021-10-02 20:00:00+00:00,0.690647923
2021-10-02 21:00:00+00:00,0.690692804
2021-10-02 22:00:00+00:00,0.690739179
2021-10-02 23:00:00+00:00,0.690785117
2021-10-03 00:00:00+00:00,0.690830685
2021-10-03 01:00:00+00:00,0.690876359
2021-10-03 02:00:00+00:00,0.690921901
2021-10-03 03:00:00+00:00,0.690967048
2021-10-03 04:00:00+00:00,0.691012162
2021-10-03 05:00:00+00:00,0.691057368
2021-10-03 06:00:00+00:00,0.691101874
2021-10-03 07:00:00+00:00,0.691145458
2021-10-03 08:00:00+00:00,0.691188271
2021-10-03 09:00:00+00:00,0.691231532
2021-10-03 10:00:00+00:00,0.691275061
2021-10-03 11:00:00+00:00,0.691318014
2021-10-03 12:00:00+00:00,0.691359798
2021-10-03 13:00:00+00:00,0.691401582
2021-10-03 14:00:00+00:00,0.691442962
2021-10-03 15:00:00+00:00,0.691483728
2021-10-03 16:00:00+00:00,0.691524363
2021-10-03 17:00:00+00:00,0.691564281
2021-10-03 18:00:00+00:00,0.691597427
2021-10-03 19:00:00+00:00,0.691635141
2021-10-03 20:00:00+00:00,0.691674083
2021-10-03 21:00:00+00:00,0.691714062
2021-10-03 22:00:00+00:00,0.691754549
2021-10-03 23:00:00+00:00,0.691794665
2021-10-04 00:00:00+00:00,0.691834844
2021-10-04 01:00:00+00:00,0.691874963
2021-10-04 02:00:00+00:00,0.691915115
2021-10-04 03:00:00+00:00,0.691956901
2021-10-04 04:00:00+00:00,0.691995403
2021-10-04 05:00:00+00:00,0.692033804
2021-10-04 06:00:00+00:00,0.692068727
2021-10-04 07:00:00+00:00,0.692109256
2021-10-04 08:00:00+00:00,0.692150498
2021-10-04 09:00:00+00:00,0.692185796
2021-10-04 10:00:00+00:00,0.6922225
2021-10-04 11:00:00+00:00,0.69226167
2021-10-04 12:00:00+00:00,0.692304086
2021-10-04 13:00:00+00:00,0.692346591
2021-10-04 14:00:00+00:00,0.692387361
2021-10-04 15:00:00+00:00,0.692423858
2021-10-04 16:00:00+00:00,0.692464658
2021-10-04 17:00:00+00:00,0.692498309
2021-10-04 18:00:00+00:00,0.692529788
2021-10-04 19:00:00+00:00,0.692562398
2021-10-04 20:00:00+00:00,0.692601188
2021-10-04 21:00:00+00:00,0.692640795
2021-10-04 22:00:00+00:00,0.692682562
2021-10-04 23:00:00+00:00,0.692724245
2021-10-05 00:00:00+00:00,0.692766411
2021-10-05 01:00:00+00:00,0.692808863
2021-10-05 02:00:00+00:00,0.692851417
2021-10-05 03:00:00+00:00,0.692893805
2021-10-05 04:00:00+00:00,0.692934982
2021-10-05 05:00:00+00:00,0.692973423
2021-10-05 06:00:00+00:00,0.693008575
2021-10-05 07:00:00+00:00,0.693049527
2021-10-05 08:00:00+00:00,0.693090725
2021-10-05 09:00:00+00:00,0.693131819
2021-10-05 10:00:00+00:00,0.693172852
2021-10-05 11:00:00+00:00,0.693214412
2021-10-05 12:00:00+00:00,0.693256116
2021-10-05 13:00:00+00:00,0.693297752
2021-10-05 14:00:00+00:00,0.693339174
2021-10-05 15:00:00+00:00,0.693378079
2021-10-05 16:00:00+00:00,0.693414519
2021-10-05 17:00:00+00:00,0.693284865
2021-10-05 18:00:00+00:00,0.693316497
2021-10-05 19:00:00+00:00,0.693350519
2021-10-05 20:00:00+00:00,0.693385051
2021-10-05 21:00:00+00:00,0.693175418
2021-10-05 22:00:00+00:00,0.692972124
2021-10-05 23:00:00+00:00,0.692768947
2021-10-06 00:00:00+00:00,0.692566263
2021-10-06 01:00:00+00:00,0.692363734
2021-10-06 02:00:00+00:00,0.692161298
2021-10-06 03:00:00+00:00,0.691958776
2021-10-06 04:00:00+00:00,0.691598041
2021-10-06 05:00:00+00:00,0.690986235
2021-10-06 06:00:00+00:00,0.690373726
2021-10-06 07:00:00+00:00,0.690360907
2021-10-06 08:00:00+00:00,0.690402274
2021-10-06 09:00:00+00:00,0.690444594
2021-10-06 10:00:00+00:00,0.69048717
2021-10-06 11:00:00+00:00,0.690529698
2021-10-06 12:00:00+00:00,0.690572553
2021-10-06 13:00:00+00:00,0.690615592
2021-10-06 14:00:00+00:00,0.690658496
2021-10-06 15:00:00+00:00,0.690700048
2021-10-06 16:00:00+00:00,0.690740642
2021-10-06 17:00:00+00:00,0.690611588
2021-10-06 18:00:00+00:00,0.690647759
2021-10-06 19:00:00+00:00,0.690686757
2021-10-06 20:00:00+00:00,0.690562572
2021-10-06 21:00:00+00:00,0.690439502
2021-10-06 22:00:00+00:00,0.690314657
2021-10-06 23:00:00+00:00,0.69018951
2021-10-07 00:00:00+00:00,0.690069516
2021-10-07 01:00:00+00:00,0.689950165
2021-10-07 02:00:00+00:00,0.689830948
2021-10-07 03:00:00+00:00,0.689711655
2021-10-07 04:00:00+00:00,0.689589747
2021-10-07 05:00:00+00:00,0.688985651
2021-10-07 06:00:00+00:00,0.688373135
2021-10-07 07:00:00+00:00,0.688062446
2021-10-07 08:00:00+00:00,0.68810298
2021-10-07 09:00:00+00:00,0.688145597
2021-10-07 10:00:00+00:00,0.688189003
2021-10-07 11:00:00+00:00,0.688231851
2021-10-07 12:00:00+00:00,0.68827489
2021-10-07 13:00:00+00:00,0.688316996
2021-10-07 14:00:00+00:00,0.6883589
2021-10-07 15:00:00+00:00,0.688399411
2021-10-07 16:00:00+00:00,0.688438076
2021-10-07 17:00:00+00:00,0.688313004
2021-10-07 18:00:00+00:00,0.68834946
2021-10-07 19:00:00+00:00,0.688385659
2021-10-07 20:00:00+00:00,0.688260086
2021-10-07 21:00:00+00:00,0.688132931
2021-10-07 22:00:00+00:00,0.688012999
2021-10-07 23:00:00+00:00,0.687893841
2021-10-08 00:00:00+00:00,0.687774987
2021-10-08 01:00:00+00:00,0.687656194
2021-10-08 02:00:00+00:00,0.687537652
2021-10-08 03:00:00+00:00,0.687419088
2021-10-08 04:00:00+00:00,0.687128831
2021-10-08 05:00:00+00:00,0.686519638
2021-10-08 06:00:00+00:00,0.685909967
2021-10-08 07:00:00+00:00,0.68575675
2021-10-08 08:00:00+00:00,0.685801165
2021-10-08 09:00:00+00:00,0.685846353
2021-10-08 10:00:00+00:00,0.685891583
2021-10-08 11:00:00+00:00,0.685937045
2021-10-08 12:00:00+00:00,0.685982709
2021-10-08 13:00:00+00:00,0.686027466
2021-10-08 14:00:00+00:00,0.686072464
2021-10-08 15:00:00+00:00,0.686115869
2021-10-08 16:00:00+00:00,0.686157538
2021-10-08 17:00:00+00:00,0.685880316
2021-10-08 18:00:00+00:00,0.685601864
2021-10-08 19:00:00+00:00,0.685323889
2021-10-08 20:00:00+00:00,0.68504686
2021-10-08 21:00:00+00:00,0.684770947
2021-10-08 22:00:00+00:00,0.684497417
2021-10-08 23:00:00+00:00,0.684224116
2021-10-09 00:00:00+00:00,0.683950811
2021-10-09 01:00:00+00:00,0.683677517
2021-10-09 02:00:00+00:00,0.683404397
2021-10-09 03:00:00+00:00,0.683131438
2021-10-09 04:00:00+00:00,0.68285809
2021-10-09 05:00:00+00:00,0.682267266
2021-10-09 06:00:00+00:00,0.681688179
2021-10-09 07:00:00+00:00,0.681731236
2021-10-09 08:00:00+00:00,0.681775144
2021-10-09 09:00:00+00:00,0.681819262
2021-10-09 10:00:00+00:00,0.6818634
2021-10-09 11:00:00+00:00,0.681907701
2021-10-09 12:00:00+00:00,0.681952166
2021-10-09 13:00:00+00:00,0.681996942
2021-10-09 14:00:00+00:00,0.68204186
2021-10-09 15:00:00+00:00,0.682086445
2021-10-09 16:00:00+00:00,0.682130339
2021-10-09 17:00:00+00:00,0.682173518
2021-10-09 18:00:00+00:00,0.682215857
2021-10-09 19:00:00+00:00,0.682258151
2021-10-09 20:00:00+00:00,0.682301158
2021-10-09 21:00:00+00:00,0.682344876
2021-10-09 22:00:00+00:00,0.682391097
2021-10-09 23:00:00+00:00,0.682437696
2021-10-10 00:00:00+00:00,0.682484273
2021-10-10 01:00:00+00:00,0.682531285
2021-10-10 02:00:00+00:00,0.682578558
2021-10-10 03:00:00+00:00,0.682625841
2021-10-10 04:00:00+00:00,0.682673105
2021-10-10 05:00:00+00:00,0.682718728
2021-10-10 06:00:00+00:00,0.68276428
2021-10-10 07:00:00+00:00,0.682809826
2021-10-10 08:00:00+00:00,0.682856856
2021-10-10 09:00:00+00:00,0.68290442
2021-10-10 10:00:00+00:00,0.682951638
2021-10-10 11:00:00+00:00,0.682999346
2021-10-10 12:00:00+00:00,0.68304714
2021-10-10 13:00:00+00:00,0.68309489
2021-10-10 14:00:00+00:00,0.683142989
2021-10-10 15:00:00+00:00,0.683187886
2021-10-10 16:00:00+00:00,0.683230238
2021-10-10 17:00:00+00:00,0.68327399
2021-10-10 18:00:00+00:00,0.683312892
2021-10-10 19:00:00+00:00,0.683355657
2021-10-10 20:00:00+00:00,0.683398764
2021-10-10 21:00:00+00:00,0.683443363
2021-10-10 22:00:00+00:00,0.683490157
2021-10-10 23:00:00+00:00,0.683537759
2021-10-11 00:00:00+00:00,0.683585563
2021-10-11 01:00:00+00:00,0.683633711
2021-10-11 02:00:00+00:00,0.683681784
2021-10-11 03:00:00+00:00,0.683729475
2021-10-11 04:00:00+00:00,0.683776893
2021-10-11 05:00:00+00:00,0.683822523
2021-10-11 06:00:00+00:00,0.68386777
2021-10-11 07:00:00+00:00,0.683913087
2021-10-11 08:00:00+00:00,0.683958134
2021-10-11 09:00:00+00:00,0.684003578
2021-10-11 10:00:00+00:00,0.684050263
2021-10-11 11:00:00+00:00,0.684096901
2021-10-11 12:00:00+00:00,0.684143756
2021-10-11 13:00:00+00:00,0.684190737
2021-10-11 14:00:00+00:00,0.684237904
2021-10-11 15:00:00+00:00,0.684283139
2021-10-11 16:00:00+00:00,0.684323165
2021-10-11 17:00:00+00:00,0.68436589
2021-10-11 18:00:00+00:00,0.684407914
2021-10-11 19:00:00+00:00,0.684450311
2021-10-11 20:00:00+00:00,0.684493656
2021-10-11 21:00:00+00:00,0.684538451
2021-10-11 22:00:00+00:00,0.684585884
2021-10-11 23:00:00+00:00,0.684633443
2021-10-12 00:00:00+00:00,0.684680925
2021-10-12 01:00:00+00:00,0.684728514
2021-10-12 02:00:00+00:00,0.684776337
2021-10-12 03:00:00+00:00,0.684824323
2021-10-12 04:00:00+00:00,0.684871033
2021-10-12 05:00:00+00:00,0.684917309
2021-10-12 06:00:00+00:00,0.684962931
2021-10-12 07:00:00+00:00,0.685008663
2021-10-12 08:00:00+00:00,0.685054525
2021-10-12 09:00:00+00:00,0.685100647
2021-10-12 10:00:00+00:00,0.685148082
2021-10-12 11:00:00+00:00,0.685195412
2021-10-12 12:00:00+00:00,0.685243059
2021-10-12 13:00:00+00:00,0.685291091
2021-10-12 14:00:00+00:00,0.685338838
2021-10-12 15:00:00+00:00,0.685386899
2021-10-12 16:00:00+00:00,0.685432984
2021-10-12 17:00:00+00:00,0.685477293
2021-10-12 18:00:00+00:00,0.685521073
2021-10-12 19:00:00+00:00,0.685565044
2021-10-12 20:00:00+00:00,0.685609812
2021-10-12 21:00:00+00:00,0.685656353
2021-10-12 22:00:00+00:00,0.685704584
2021-10-12 23:00:00+00:00,0.685752584
2021-10-13 00:00:00+00:00,0.685801
2021-10-13 01:00:00+00:00,0.685849501
2021-10-13 02:00:00+00:00,0.685897741
2021-10-13 03:00:00+00:00,0.685945858
2021-10-13 04:00:00+00:00,0.685993502
2021-10-13 05:00:00+00:00,0.686035985
2021-10-13 06:00:00+00:00,0.686078743
2021-10-13 07:00:00+00:00,0.686122966
2021-10-13 08:00:00+00:00,0.686170768
2021-10-13 09:00:00+00:00,0.686218916
2021-10-13 10:00:00+00:00,0.686267111
2021-10-13 11:00:00+00:00,0.686315709
2021-10-13 12:00:00+00:00,0.68636298
2021-10-13 13:00:00+00:00,0.686409855
2021-10-13 14:00:00+00:00,0.68645657
2021-10-13 15:00:00+00:00,0.686500903
2021-10-13 16:00:00+00:00,0.686541488
2021-10-13 17:00:00+00:00,0.686414044
2021-10-13 18:00:00+00:00,0.686449845
2021-10-13 19:00:00+00:00,0.686488408
2021-10-13 20:00:00+00:00,0.686528998
2021-10-13 21:00:00+00:00,0.686410321
2021-10-13 22:00:00+00:00,0.68628817
2021-10-13 23:00:00+00:00,0.686166194
2021-10-14 00:00:00+00:00,0.686044618
2021-10-14 01:00:00+00:00,0.685465648
2021-10-14 02:00:00+00:00,0.684887072
2021-10-14 03:00:00+00:00,0.684310847
2021-10-14 04:00:00+00:00,0.683731961
2021-10-14 05:00:00+00:00,0.683151869
2021-10-14 06:00:00+00:00,0.682558064
2021-10-14 07:00:00+00:00,0.68194807
2021-10-14 08:00:00+00:00,0.681993764
2021-10-14 09:00:00+00:00,0.682037293
2021-10-14 10:00:00+00:00,0.682079036
2021-10-14 11:00:00+00:00,0.682123888
2021-10-14 12:00:00+00:00,0.682172061
2021-10-14 13:00:00+00:00,0.682220577
2021-10-14 14:00:00+00:00,0.682263479
2021-10-14 15:00:00+00:00,0.682305455
2021-10-14 16:00:00+00:00,0.682182065
2021-10-14 17:00:00+00:00,0.68166
2021-10-14 18:00:00+00:00,0.68113688
2021-10-14 19:00:00+00:00,0.680616413
2021-10-14 20:00:00+00:00,0.680097419
2021-10-14 21:00:00+00:00,0.679580206
2021-10-14 22:00:00+00:00,0.679069207
2021-10-14 23:00:00+00:00,0.678558672
2021-10-15 00:00:00+00:00,0.678048833
2021-10-15 01:00:00+00:00,0.677539112
2021-10-15 02:00:00+00:00,0.677029342
2021-10-15 03:00:00+00:00,0.676519012
2021-10-15 04:00:00+00:00,0.676008168
2021-10-15 05:00:00+00:00,0.675496098
2021-10-15 06:00:00+00:00,0.674929228
2021-10-15 07:00:00+00:00,0.674321004
2021-10-15 08:00:00+00:00,0.674364956
2021-10-15 09:00:00+00:00,0.67440985
2021-10-15 10:00:00+00:00,0.674456496
2021-10-15 11:00:00+00:00,0.67450441
2021-10-15 12:00:00+00:00,0.674552377
2021-10-15 13:00:00+00:00,0.674600763
2021-10-15 14:00:00+00:00,0.674648762
2021-10-15 15:00:00+00:00,0.674696427
2021-10-15 16:00:00+00:00,0.674619957
2021-10-15 17:00:00+00:00,0.674121309
2021-10-15 18:00:00+00:00,0.673622151
2021-10-15 19:00:00+00:00,0.673123477
2021-10-15 20:00:00+00:00,0.672624982
2021-10-15 21:00:00+00:00,0.672128653
2021-10-15 22:00:00+00:00,0.671633632
2021-10-15 23:00:00+00:00,0.671139298
2021-10-16 00:00:00+00:00,0.670645385
2021-10-16 01:00:00+00:00,0.670151524
2021-10-16 02:00:00+00:00,0.669657729
2021-10-16 03:00:00+00:00,0.669163854
2021-10-16 04:00:00+00:00,0.668670037
2021-10-16 05:00:00+00:00,0.66817624
2021-10-16 06:00:00+00:00,0.667571023
2021-10-16 07:00:00+00:00,0.666965534
2021-10-16 08:00:00+00:00,0.66701372
2021-10-16 09:00:00+00:00,0.667062658
2021-10-16 10:00:00+00:00,0.667111465
2021-10-16 11:00:00+00:00,0.667160519
2021-10-16 12:00:00+00:00,0.667209653
2021-10-16 13:00:00+00:00,0.667258555
2021-10-16 14:00:00+00:00,0.666686567
2021-10-16 15:00:00+00:00,0.666102046
2021-10-16 16:00:00+00:00,0.665683487
2021-10-16 17:00:00+00:00,0.665263369
2021-10-16 18:00:00+00:00,0.664842296
2021-10-16 19:00:00+00:00,0.664422072
2021-10-16 20:00:00+00:00,0.664002476
2021-10-16 21:00:00+00:00,0.663585068
2021-10-16 22:00:00+00:00,0.663169501
2021-10-16 23:00:00+00:00,0.662754105
2021-10-17 00:00:00+00:00,0.662338504
2021-10-17 01:00:00+00:00,0.661754332
2021-10-17 02:00:00+00:00,0.661152519
2021-10-17 03:00:00+00:00,0.660549623
2021-10-17 04:00:00+00:00,0.659945452
2021-10-17 05:00:00+00:00,0.659341017
2021-10-17 06:00:00+00:00,0.658736401
2021-10-17 07:00:00+00:00,0.658132132
2021-10-17 08:00:00+00:00,0.658180145
2021-10-17 09:00:00+00:00,0.658228281
2021-10-17 10:00:00+00:00,0.658276431
2021-10-17 11:00:00+00:00,0.658324663
2021-10-17 12:00:00+00:00,0.658373314
2021-10-17 13:00:00+00:00,0.65842195
2021-10-17 14:00:00+00:00,0.657889515
2021-10-17 15:00:00+00:00,0.657317648
2021-10-17 16:00:00+00:00,0.656714906
2021-10-17 17:00:00+00:00,0.656108349
2021-10-17 18:00:00+00:00,0.655498359
2021-10-17 19:00:00+00:00,0.654891499
2021-10-17 20:00:00+00:00,0.654285495
2021-10-17 21:00:00+00:00,0.653680122
2021-10-17 22:00:00+00:00,0.65307619
2021-10-17 23:00:00+00:00,0.652472537
2021-10-18 00:00:00+00:00,0.651869072
2021-10-18 01:00:00+00:00,0.651265125
2021-10-18 02:00:00+00:00,0.650661072
2021-10-18 03:00:00+00:00,0.65005702
2021-10-18 04:00:00+00:00,0.649453068
2021-10-18 05:00:00+00:00,0.648847984
2021-10-18 06:00:00+00:00,0.648242479
2021-10-18 07:00:00+00:00,0.647637275
2021-10-18 08:00:00+00:00,0.647685929
2021-10-18 09:00:00+00:00,0.647735361
2021-10-18 10:00:00+00:00,0.647784975
2021-10-18 11:00:00+00:00,0.647834641
2021-10-18 12:00:00+00:00,0.647884295
2021-10-18 13:00:00+00:00,0.647934
2021-10-18 14:00:00+00:00,0.647983664
2021-10-18 15:00:00+00:00,0.648032654
2021-10-18 16:00:00+00:00,0.647429169
2021-10-18 17:00:00+00:00,0.647375512
2021-10-18 18:00:00+00:00,0.647170767
2021-10-18 19:00:00+00:00,0.64710328
2021-10-18 20:00:00+00:00,0.647055114
2021-10-18 21:00:00+00:00,0.646952976
2021-10-18 22:00:00+00:00,0.64635268
2021-10-18 23:00:00+00:00,0.645759256
2021-10-19 00:00:00+00:00,0.645169884
2021-10-19 01:00:00+00:00,0.644582289
2021-10-19 02:00:00+00:00,0.643996445
2021-10-19 03:00:00+00:00,0.643408969
2021-10-19 04:00:00+00:00,0.642812023
2021-10-19 05:00:00+00:00,0.642860914
2021-10-19 06:00:00+00:00,0.642909302
2021-10-19 07:00:00+00:00,0.642329579
2021-10-19 08:00:00+00:00,0.642377148
2021-10-19 09:00:00+00:00,0.642425713
2021-10-19 10:00:00+00:00,0.642474426
2021-10-19 11:00:00+00:00,0.642523316
2021-10-19 12:00:00+00:00,0.642572179
2021-10-19 13:00:00+00:00,0.642621032
2021-10-19 14:00:00+00:00,0.642670207
2021-10-19 15:00:00+00:00,0.642716801
2021-10-19 16:00:00+00:00,0.642760195
2021-10-19 17:00:00+00:00,0.642805595
2021-10-19 18:00:00+00:00,0.642850356
2021-10-19 19:00:00+00:00,0.64289525
2021-10-19 20:00:00+00:00,0.642941015
2021-10-19 21:00:00+00:00,0.642988691
2021-10-19 22:00:00+00:00,0.643036711
2021-10-19 23:00:00+00:00,0.643085823
2021-10-20 00:00:00+00:00,0.643135508
2021-10-20 01:00:00+00:00,0.643185288
2021-10-20 02:00:00+00:00,0.643235014
2021-10-20 03:00:00+00:00,0.643284491
2021-10-20 04:00:00+00:00,0.643334052
2021-10-20 05:00:00+00:00,0.643377527
2021-10-20 06:00:00+00:00,0.643424189
2021-10-20 07:00:00+00:00,0.643470933
2021-10-20 08:00:00+00:00,0.643518936
2021-10-20 09:00:00+00:00,0.643567487
2021-10-20 10:00:00+00:00,0.643616572
2021-10-20 11:00:00+00:00,0.643665313
2021-10-20 12:00:00+00:00,0.643714405
2021-10-20 13:00:00+00:00,0.643763749
2021-10-20 14:00:00+00:00,0.643813082
2021-10-20 15:00:00+00:00,0.643858646
2021-10-20 16:00:00+00:00,0.643901935
2021-10-20 17:00:00+00:00,0.643947371
2021-10-20 18:00:00+00:00,0.643829001
2021-10-20 19:00:00+00:00,0.643710337
2021-10-20 20:00:00+00:00,0.643592437
2021-10-20 21:00:00+00:00,0.643476403
2021-10-20 22:00:00+00:00,0.643360859
2021-10-20 23:00:00+00:00,0.643245967
2021-10-21 00:00:00+00:00,0.643131965
2021-10-21 01:00:00+00:00,0.643018255
2021-10-21 02:00:00+00:00,0.642904776
2021-10-21 03:00:00+00:00,0.642791249
2021-10-21 04:00:00+00:00,0.642676962
2021-10-21 05:00:00+00:00,0.642725514
2021-10-21 06:00:00+00:00,0.642773237
2021-10-21 07:00:00+00:00,0.642657838
2021-10-21 08:00:00+00:00,0.642705749
2021-10-21 09:00:00+00:00,0.642754084
2021-10-21 10:00:00+00:00,0.642802713
2021-10-21 11:00:00+00:00,0.642851755
2021-10-21 12:00:00+00:00,0.64290087
2021-10-21 13:00:00+00:00,0.64294991
2021-10-21 14:00:00+00:00,0.642998874
2021-10-21 15:00:00+00:00,0.643047664
2021-10-21 16:00:00+00:00,0.642992646
2021-10-21 17:00:00+00:00,0.64303808
2021-10-21 18:00:00+00:00,0.643082727
2021-10-21 19:00:00+00:00,0.643127964
2021-10-21 20:00:00+00:00,0.642524845
2021-10-21 21:00:00+00:00,0.641926381
2021-10-21 22:00:00+00:00,0.641331047
2021-10-21 23:00:00+00:00,0.640739294
2021-10-22 00:00:00+00:00,0.640150576
2021-10-22 01:00:00+00:00,0.639560758
2021-10-22 02:00:00+00:00,0.638971365
2021-10-22 03:00:00+00:00,0.638378243
2021-10-22 04:00:00+00:00,0.637777995
2021-10-22 05:00:00+00:00,0.637174808
2021-10-22 06:00:00+00:00,0.637221808
2021-10-22 07:00:00+00:00,0.636627201
2021-10-22 08:00:00+00:00,0.636675394
2021-10-22 09:00:00+00:00,0.636724086
2021-10-22 10:00:00+00:00,0.636772964
2021-10-22 11:00:00+00:00,0.636821935
2021-10-22 12:00:00+00:00,0.636871293
2021-10-22 13:00:00+00:00,0.636920428
2021-10-22 14:00:00+00:00,0.636969229
2021-10-22 15:00:00+00:00,0.637017461
2021-10-22 16:00:00+00:00,0.637065185
2021-10-22 17:00:00+00:00,0.637110983
2021-10-22 18:00:00+00:00,0.637155621
2021-10-22 19:00:00+00:00,0.637200795
2021-10-22 20:00:00+00:00,0.637247034
2021-10-22 21:00:00+00:00,0.637294612
2021-10-22 22:00:00+00:00,0.637343533
2021-10-22 23:00:00+00:00,0.637392887
2021-10-23 00:00:00+00:00,0.637442464
2021-10-23 01:00:00+00:00,0.637492064
2021-10-23 02:00:00+00:00,0.637541937
2021-10-23 03:00:00+00:00,0.637591674
2021-10-23 04:00:00+00:00,0.637641221
2021-10-23 05:00:00+00:00,0.637690155
2021-10-23 06:00:00+00:00,0.637738386
2021-10-23 07:00:00+00:00,0.637786422
2021-10-23 08:00:00+00:00,0.637835094
2021-10-23 09:00:00+00:00,0.637884277
2021-10-23 10:00:00+00:00,0.637933425
2021-10-23 11:00:00+00:00,0.637982836
2021-10-23 12:00:00+00:00,0.638032361
2021-10-23 13:00:00+00:00,0.638082103
2021-10-23 14:00:00+00:00,0.638131777
2021-10-23 15:00:00+00:00,0.638181406
2021-10-23 16:00:00+00:00,0.638066087
2021-10-23 17:00:00+00:00,0.637649538
2021-10-23 18:00:00+00:00,0.637231941
2021-10-23 19:00:00+00:00,0.636815214
2021-10-23 20:00:00+00:00,0.636399274
2021-10-23 21:00:00+00:00,0.635984554
2021-10-23 22:00:00+00:00,0.635570143
2021-10-23 23:00:00+00:00,0.635155941
2021-10-24 00:00:00+00:00,0.634742121
2021-10-24 01:00:00+00:00,0.634328466
2021-10-24 02:00:00+00:00,0.63391473
2021-10-24 03:00:00+00:00,0.633500971
2021-10-24 04:00:00+00:00,0.633087405
2021-10-24 05:00:00+00:00,0.632673243
2021-10-24 06:00:00+00:00,0.632068908
2021-10-24 07:00:00+00:00,0.631904238
2021-10-24 08:00:00+00:00,0.631953617
2021-10-24 09:00:00+00:00,0.63200297
2021-10-24 10:00:00+00:00,0.632052513
2021-10-24 11:00:00+00:00,0.632102253
2021-10-24 12:00:00+00:00,0.632152081
2021-10-24 13:00:00+00:00,0.632201993
2021-10-24 14:00:00+00:00,0.632251898
2021-10-24 15:00:00+00:00,0.632301405
2021-10-24 16:00:00+00:00,0.632242313
2021-10-24 17:00:00+00:00,0.631637127
2021-10-24 18:00:00+00:00,0.631026684
2021-10-24 19:00:00+00:00,0.630420364
2021-10-24 20:00:00+00:00,0.629815552
2021-10-24 21:00:00+00:00,0.629211244
2021-10-24 22:00:00+00:00,0.628607148
2021-10-24 23:00:00+00:00,0.628003497
2021-10-25 00:00:00+00:00,0.62740037
2021-10-25 01:00:00+00:00,0.626797141
2021-10-25 02:00:00+00:00,0.626194141
2021-10-25 03:00:00+00:00,0.62559139
2021-10-25 04:00:00+00:00,0.62498834
2021-10-25 05:00:00+00:00,0.624383701
2021-10-25 06:00:00+00:00,0.623778656
2021-10-25 07:00:00+00:00,0.623174046
2021-10-25 08:00:00+00:00,0.623223455
2021-10-25 09:00:00+00:00,0.62327349
2021-10-25 10:00:00+00:00,0.623323133
2021-10-25 11:00:00+00:00,0.623373091
2021-10-25 12:00:00+00:00,0.623423115
2021-10-25 13:00:00+00:00,0.623473303
2021-10-25 14:00:00+00:00,0.623075331
2021-10-25 15:00:00+00:00,0.622504375
2021-10-25 16:00:00+00:00,0.621952208
2021-10-25 17:00:00+00:00,0.621392857
2021-10-25 18:00:00+00:00,0.620837682
2021-10-25 19:00:00+00:00,0.620284067
2021-10-25 20:00:00+00:00,0.619731646
2021-10-25 21:00:00+00:00,0.619179948
2021-10-25 22:00:00+00:00,0.618627916
2021-10-25 23:00:00+00:00,0.618076321
2021-10-26 00:00:00+00:00,0.617524863
2021-10-26 01:00:00+00:00,0.616973332
2021-10-26 02:00:00+00:00,0.616422539
2021-10-26 03:00:00+00:00,0.615871592
2021-10-26 04:00:00+00:00,0.615317722
2021-10-26 05:00:00+00:00,0.614762983
2021-10-26 06:00:00+00:00,0.614202877
2021-10-26 07:00:00+00:00,0.613590849
2021-10-26 08:00:00+00:00,0.613634639
2021-10-26 09:00:00+00:00,0.613682169
2021-10-26 10:00:00+00:00,0.613729471
2021-10-26 11:00:00+00:00,0.613776973
2021-10-26 12:00:00+00:00,0.613825175
2021-10-26 13:00:00+00:00,0.613873681
2021-10-26 14:00:00+00:00,0.613922566
2021-10-26 15:00:00+00:00,0.613345533
2021-10-26 16:00:00+00:00,0.612736097
2021-10-26 17:00:00+00:00,0.612121334
2021-10-26 18:00:00+00:00,0.611507377
2021-10-26 19:00:00+00:00,0.610894863
2021-10-26 20:00:00+00:00,0.610282878
2021-10-26 21:00:00+00:00,0.609669056
2021-10-26 22:00:00+00:00,0.609058458
2021-10-26 23:00:00+00:00,0.608451893
2021-10-27 00:00:00+00:00,0.607846931
2021-10-27 01:00:00+00:00,0.607242448
2021-10-27 02:00:00+00:00,0.606637672
2021-10-27 03:00:00+00:00,0.606032682
2021-10-27 04:00:00+00:00,0.605426119
2021-10-27 05:00:00+00:00,0.604814636
2021-10-27 06:00:00+00:00,0.604201668
2021-10-27 07:00:00+00:00,0.603592235
2021-10-27 08:00:00+00:00,0.603637004
2021-10-27 09:00:00+00:00,0.60368541
2021-10-27 10:00:00+00:00,0.603733563
2021-10-27 11:00:00+00:00,0.603782406
2021-10-27 12:00:00+00:00,0.603831242
2021-10-27 13:00:00+00:00,0.603879662
2021-10-27 14:00:00+00:00,0.603928125
2021-10-27 15:00:00+00:00,0.603976388
2021-10-27 16:00:00+00:00,0.60336724
2021-10-27 17:00:00+00:00,0.60296156
2021-10-27 18:00:00+00:00,0.602554343
2021-10-27 19:00:00+00:00,0.602145168
2021-10-27 20:00:00+00:00,0.601741263
2021-10-27 21:00:00+00:00,0.601339112
2021-10-27 22:00:00+00:00,0.600937415
2021-10-27 23:00:00+00:00,0.600527338
2021-10-28 00:00:00+00:00,0.599921264
2021-10-28 01:00:00+00:00,0.599317556
2021-10-28 02:00:00+00:00,0.598715305
2021-10-28 03:00:00+00:00,0.598112915
2021-10-28 04:00:00+00:00,0.5975001
2021-10-28 05:00:00+00:00,0.596886369
2021-10-28 06:00:00+00:00,0.59627255
2021-10-28 07:00:00+00:00,0.595661713
2021-10-28 08:00:00+00:00,0.595702221
2021-10-28 09:00:00+00:00,0.595748863
2021-10-28 10:00:00+00:00,0.595795708
2021-10-28 11:00:00+00:00,0.595843313
2021-10-28 12:00:00+00:00,0.595891181
2021-10-28 13:00:00+00:00,0.59593914
2021-10-28 14:00:00+00:00,0.595986995
2021-10-28 15:00:00+00:00,0.59603466
2021-10-28 16:00:00+00:00,0.596078729
2021-10-28 17:00:00+00:00,0.59611665
2021-10-28 18:00:00+00:00,0.596154005
2021-10-28 19:00:00+00:00,0.596191755
2021-10-28 20:00:00+00:00,0.596230923
2021-10-28 21:00:00+00:00,0.596275943
2021-10-28 22:00:00+00:00,0.596317552
2021-10-28 23:00:00+00:00,0.596358924
2021-10-29 00:00:00+00:00,0.596401051
2021-10-29 01:00:00+00:00,0.596443995
2021-10-29 02:00:00+00:00,0.59648761
2021-10-29 03:00:00+00:00,0.596529813
2021-10-29 04:00:00+00:00,0.596572333
2021-10-29 05:00:00+00:00,0.5966137
2021-10-29 06:00:00+00:00,0.596655114
2021-10-29 07:00:00+00:00,0.596696427
2021-10-29 08:00:00+00:00,0.596735343
2021-10-29 09:00:00+00:00,0.596773817
2021-10-29 10:00:00+00:00,0.596814085
2021-10-29 11:00:00+00:00,0.596857216
2021-10-29 12:00:00+00:00,0.596897341
2021-10-29 13:00:00+00:00,0.596940097
2021-10-29 14:00:00+00:00,0.596981129
2021-10-29 15:00:00+00:00,0.597021971
2021-10-29 16:00:00+00:00,0.597061662
2021-10-29 17:00:00+00:00,0.5971005
2021-10-29 18:00:00+00:00,0.597142432
2021-10-29 19:00:00+00:00,0.597185152
2021-10-29 20:00:00+00:00,0.597227163
2021-10-29 21:00:00+00:00,0.597269133
2021-10-29 22:00:00+00:00,0.597314582
2021-10-29 23:00:00+00:00,0.597359438
2021-10-30 00:00:00+00:00,0.597403905
2021-10-30 01:00:00+00:00,0.597447817
2021-10-30 02:00:00+00:00,0.597491368
2021-10-30 03:00:00+00:00,0.597535197
2021-10-30 04:00:00+00:00,0.597579222
2021-10-30 05:00:00+00:00,0.597623261
2021-10-30 06:00:00+00:00,0.597666616
2021-10-30 07:00:00+00:00,0.597708711
2021-10-30 08:00:00+00:00,0.59775084
2021-10-30 09:00:00+00:00,0.597793143
2021-10-30 10:00:00+00:00,0.597835732
2021-10-30 11:00:00+00:00,0.597879112
2021-10-30 12:00:00+00:00,0.597922919
2021-10-30 13:00:00+00:00,0.597962682
2021-10-30 14:00:00+00:00,0.598006278
2021-10-30 15:00:00+00:00,0.59804888
2021-10-30 16:00:00+00:00,0.598090903
2021-10-30 17:00:00+00:00,0.598132403
2021-10-30 18:00:00+00:00,0.598173564
2021-10-30 19:00:00+00:00,0.59821542
2021-10-30 20:00:00+00:00,0.598258488
2021-10-30 21:00:00+00:00,0.598301945
2021-10-30 22:00:00+00:00,0.598346745
2021-10-30 23:00:00+00:00,0.598391591
2021-10-31 00:00:00+00:00,0.598436943
2021-10-31 01:00:00+00:00,0.598482801
2021-10-31 02:00:00+00:00,0.598528235
2021-10-31 03:00:00+00:00,0.598573218
2021-10-31 04:00:00+00:00,0.598617295
2021-10-31 05:00:00+00:00,0.598660275
2021-10-31 06:00:00+00:00,0.598703234
2021-10-31 07:00:00+00:00,0.59874558
2021-10-31 08:00:00+00:00,0.598787272
2021-10-31 09:00:00+00:00,0.598828678
2021-10-31 10:00:00+00:00,0.598870015
2021-10-31 11:00:00+00:00,0.598911027
2021-10-31 12:00:00+00:00,0.598952396
2021-10-31 13:00:00+00:00,0.598993343
2021-10-31 14:00:00+00:00,0.599033458
2021-10-31 15:00:00+00:00,0.599073438
2021-10-31 16:00:00+00:00,0.599113366
2021-10-31 17:00:00+00:00,0.599153191
2021-10-31 18:00:00+00:00,0.599192741
2021-10-31 19:00:00+00:00,0.599231942
2021-10-31 20:00:00+00:00,0.599270761
2021-10-31 21:00:00+00:00,0.599309876
2021-10-31 22:00:00+00:00,0.599349273
2021-10-31 23:00:00+00:00,0.599389959
2021-11-01 00:00:00+00:00,0.59948561
2021-11-01 01:00:00+00:00,0.599581523
2021-11-01 02:00:00+00:00,0.599676982
2021-11-01 03:00:00+00:00,0.599772182
2021-11-01 04:00:00+00:00,0.599867499
2021-11-01 05:00:00+00:00,0.599962926
2021-11-01 06:00:00+00:00,0.600057688
2021-11-01 07:00:00+00:00,0.60015176
2021-11-01 08:00:00+00:00,0.600245582
2021-11-01 09:00:00+00:00,0.600338905
2021-11-01 10:00:00+00:00,0.600432373
2021-11-01 11:00:00+00:00,0.600525752
2021-11-01 12:00:00+00:00,0.600618827
2021-11-01 13:00:00+00:00,0.600712086
2021-11-01 14:00:00+00:00,0.600805297
2021-11-01 15:00:00+00:00,0.600898364
2021-11-01 16:00:00+00:00,0.600986368
2021-11-01 17:00:00+00:00,0.601072795
2021-11-01 18:00:00+00:00,0.601163769
2021-11-01 19:00:00+00:00,0.601254816
2021-11-01 20:00:00+00:00,0.601346478
2021-11-01 21:00:00+00:00,0.601438536
2021-11-01 22:00:00+00:00,0.601530979
2021-11-01 23:00:00+00:00,0.601623121
2021-11-02 00:00:00+00:00,0.601715822
2021-11-02 01:00:00+00:00,0.601809476
2021-11-02 02:00:00+00:00,0.601902536
2021-11-02 03:00:00+00:00,0.601995627
2021-11-02 04:00:00+00:00,0.602088973
2021-11-02 05:00:00+00:00,0.602182153
2021-11-02 06:00:00+00:00,0.60227473
2021-11-02 07:00:00+00:00,0.602367917
2021-11-02 08:00:00+00:00,0.602460636
2021-11-02 09:00:00+00:00,0.602553163
2021-11-02 10:00:00+00:00,0.602646165
2021-11-02 11:00:00+00:00,0.602739164
2021-11-02 12:00:00+00:00,0.602831925
2021-11-02 13:00:00+00:00,0.602924347
2021-11-02 14:00:00+00:00,0.603016333
2021-11-02 15:00:00+00:00,0.603108013
2021-11-02 16:00:00+00:00,0.603198433
2021-11-02 17:00:00+00:00,0.603287138
2021-11-02 18:00:00+00:00,0.603375025
2021-11-02 19:00:00+00:00,0.603458983
2021-11-02 20:00:00+00:00,0.603547048
2021-11-02 21:00:00+00:00,0.603636005
2021-11-02 22:00:00+00:00,0.603725757
2021-11-02 23:00:00+00:00,0.603816235
2021-11-03 00:00:00+00:00,0.60390668
2021-11-03 01:00:00+00:00,0.603998272
2021-11-03 02:00:00+00:00,0.604090099
2021-11-03 03:00:00+00:00,0.604181983
2021-11-03 04:00:00+00:00,0.604273529
2021-11-03 05:00:00+00:00,0.60436198
2021-11-03 06:00:00+00:00,0.604449247
2021-11-03 07:00:00+00:00,0.604537324
2021-11-03 08:00:00+00:00,0.604624221
2021-11-03 09:00:00+00:00,0.604711912
2021-11-03 10:00:00+00:00,0.604803537
2021-11-03 11:00:00+00:00,0.604894826
2021-11-03 12:00:00+00:00,0.604986429
2021-11-03 13:00:00+00:00,0.605076957
2021-11-03 14:00:00+00:00,0.605166857
2021-11-03 15:00:00+00:00,0.605256377
2021-11-03 16:00:00+00:00,0.605345586
2021-11-03 17:00:00+00:00,0.605428688
2021-11-03 18:00:00+00:00,0.60551602
2021-11-03 19:00:00+00:00,0.605597309
2021-11-03 20:00:00+00:00,0.60568004
2021-11-03 21:00:00+00:00,0.605768999
2021-11-03 22:00:00+00:00,0.605859025
2021-11-03 23:00:00+00:00,0.605947751
2021-11-04 00:00:00+00:00,0.606039106
2021-11-04 01:00:00+00:00,0.606130621
2021-11-04 02:00:00+00:00,0.606222059
2021-11-04 03:00:00+00:00,0.606313524
2021-11-04 04:00:00+00:00,0.606402848
2021-11-04 05:00:00+00:00,0.60649123
2021-11-04 06:00:00+00:00,0.606577779
2021-11-04 07:00:00+00:00,0.606667961
2021-11-04 08:00:00+00:00,0.606756722
2021-11-04 09:00:00+00:00,0.606845533
2021-11-04 10:00:00+00:00,0.606936732
2021-11-04 11:00:00+00:00,0.607027611
2021-11-04 12:00:00+00:00,0.60711857
2021-11-04 13:00:00+00:00,0.607209813
2021-11-04 14:00:00+00:00,0.607300591
2021-11-04 15:00:00+00:00,0.607388109
2021-11-04 16:00:00+00:00,0.607475088
2021-11-04 17:00:00+00:00,0.607564312
2021-11-04 18:00:00+00:00,0.607652199
2021-11-04 19:00:00+00:00,0.607736734
2021-11-04 20:00:00+00:00,0.607820486
2021-11-04 21:00:00+00:00,0.60790443
2021-11-04 22:00:00+00:00,0.607989381
2021-11-04 23:00:00+00:00,0.608075746
2021-11-05 00:00:00+00:00,0.60816743
2021-11-05 01:00:00+00:00,0.608259623
2021-11-05 02:00:00+00:00,0.608352058
2021-11-05 03:00:00+00:00,0.608444962
2021-11-05 04:00:00+00:00,0.608537403
2021-11-05 05:00:00+00:00,0.608627282
2021-11-05 06:00:00+00:00,0.60871291
2021-11-05 07:00:00+00:00,0.60880154
2021-11-05 08:00:00+00:00,0.608890691
2021-11-05 09:00:00+00:00,0.60898086
2021-11-05 10:00:00+00:00,0.609070389
2021-11-05 11:00:00+00:00,0.609156145
2021-11-05 12:00:00+00:00,0.609244496
2021-11-05 13:00:00+00:00,0.609333246
2021-11-05 14:00:00+00:00,0.609418132
2021-11-05 15:00:00+00:00,0.609506267
2021-11-05 16:00:00+00:00,0.609592636
2021-11-05 17:00:00+00:00,0.609681137
2021-11-05 18:00:00+00:00,0.609768688
2021-11-05 19:00:00+00:00,0.6098559
2021-11-05 20:00:00+00:00,0.609943964
2021-11-05 21:00:00+00:00,0.610029379
2021-11-05 22:00:00+00:00,0.610115519
2021-11-05 23:00:00+00:00,0.610202442
2021-11-06 00:00:00+00:00,0.610290488
2021-11-06 01:00:00+00:00,0.610378983
2021-11-06 02:00:00+00:00,0.610469277
2021-11-06 03:00:00+00:00,0.610557432
2021-11-06 04:00:00+00:00,0.610647193
2021-11-06 05:00:00+00:00,0.610739063
2021-11-06 06:00:00+00:00,0.610830449
2021-11-06 07:00:00+00:00,0.610921262
2021-11-06 08:00:00+00:00,0.611011685
2021-11-06 09:00:00+00:00,0.611102153
2021-11-06 10:00:00+00:00,0.611190072
2021-11-06 11:00:00+00:00,0.611277695
2021-11-06 12:00:00+00:00,0.611365537
2021-11-06 13:00:00+00:00,0.611454174
2021-11-06 14:00:00+00:00,0.611544146
2021-11-06 15:00:00+00:00,0.611632374
2021-11-06 16:00:00+00:00,0.611719929
2021-11-06 17:00:00+00:00,0.611805568
2021-11-06 18:00:00+00:00,0.611891254
2021-11-06 19:00:00+00:00,0.61198142
2021-11-06 20:00:00+00:00,0.612072056
2021-11-06 21:00:00+00:00,0.612161926
2021-11-06 22:00:00+00:00,0.612252522
2021-11-06 23:00:00+00:00,0.612346809
2021-11-07 00:00:00+00:00,0.612441357
2021-11-07 01:00:00+00:00,0.612536284
2021-11-07 02:00:00+00:00,0.61263132
2021-11-07 03:00:00+00:00,0.61272659
2021-11-07 04:00:00+00:00,0.612822129
2021-11-07 05:00:00+00:00,0.61291764
2021-11-07 06:00:00+00:00,0.613013308
2021-11-07 07:00:00+00:00,0.613108875
2021-11-07 08:00:00+00:00,0.613204618
2021-11-07 09:00:00+00:00,0.613296089
2021-11-07 10:00:00+00:00,0.613389289
2021-11-07 11:00:00+00:00,0.61348015
2021-11-07 12:00:00+00:00,0.613572034
2021-11-07 13:00:00+00:00,0.613665087
2021-11-07 14:00:00+00:00,0.6137578
2021-11-07 15:00:00+00:00,0.613849512
2021-11-07 16:00:00+00:00,0.613938663
2021-11-07 17:00:00+00:00,0.614028184
2021-11-07 18:00:00+00:00,0.614117372
2021-11-07 19:00:00+00:00,0.614205019
2021-11-07 20:00:00+00:00,0.614294292
2021-11-07 21:00:00+00:00,0.614384722
2021-11-07 22:00:00+00:00,0.614476568
2021-11-07 23:00:00+00:00,0.614567514
2021-11-08 00:00:00+00:00,0.614658245
2021-11-08 01:00:00+00:00,0.614754178
2021-11-08 02:00:00+00:00,0.614850669
2021-11-08 03:00:00+00:00,0.614946968
2021-11-08 04:00:00+00:00,0.615038608
2021-11-08 05:00:00+00:00,0.615130742
2021-11-08 06:00:00+00:00,0.61522155
2021-11-08 07:00:00+00:00,0.615312199
2021-11-08 08:00:00+00:00,0.615406036
2021-11-08 09:00:00+00:00,0.615497897
2021-11-08 10:00:00+00:00,0.615593313
2021-11-08 11:00:00+00:00,0.615686666
2021-11-08 12:00:00+00:00,0.615779961
2021-11-08 13:00:00+00:00,0.615872484
2021-11-08 14:00:00+00:00,0.615962032
2021-11-08 15:00:00+00:00,0.61605344
2021-11-08 16:00:00+00:00,0.616140302
2021-11-08 17:00:00+00:00,0.616226369
2021-11-08 18:00:00+00:00,0.616311728
2021-11-08 19:00:00+00:00,0.616396475
2021-11-08 20:00:00+00:00,0.616480774
2021-11-08 21:00:00+00:00,0.616565583
2021-11-08 22:00:00+00:00,0.616652153
2021-11-08 23:00:00+00:00,0.616745566
2021-11-09 00:00:00+00:00,0.616839551
2021-11-09 01:00:00+00:00,0.61693443
2021-11-09 02:00:00+00:00,0.617029633
2021-11-09 03:00:00+00:00,0.617125055
2021-11-09 04:00:00+00:00,0.617220429
2021-11-09 05:00:00+00:00,0.61731527
2021-11-09 06:00:00+00:00,0.617409121
2021-11-09 07:00:00+00:00,0.617502113
2021-11-09 08:00:00+00:00,0.617595918
2021-11-09 09:00:00+00:00,0.617690173
2021-11-09 10:00:00+00:00,0.617784887
2021-11-09 11:00:00+00:00,0.617880162
2021-11-09 12:00:00+00:00,0.617975308
2021-11-09 13:00:00+00:00,0.618070783
2021-11-09 14:00:00+00:00,0.618164897
2021-11-09 15:00:00+00:00,0.618258357
2021-11-09 16:00:00+00:00,0.618187568
2021-11-09 17:00:00+00:00,0.617813533
2021-11-09 18:00:00+00:00,0.617440741
2021-11-09 19:00:00+00:00,0.617068259
2021-11-09 20:00:00+00:00,0.616696835
2021-11-09 21:00:00+00:00,0.616325868
2021-11-09 22:00:00+00:00,0.615957421
2021-11-09 23:00:00+00:00,0.615590531
2021-11-10 00:00:00+00:00,0.61522405
2021-11-10 01:00:00+00:00,0.614857835
2021-11-10 02:00:00+00:00,0.614492146
2021-11-10 03:00:00+00:00,0.614126424
2021-11-10 04:00:00+00:00,0.613760476
2021-11-10 05:00:00+00:00,0.613393962
2021-11-10 06:00:00+00:00,0.613021876
2021-11-10 07:00:00+00:00,0.61246332
2021-11-10 08:00:00+00:00,0.6123501
2021-11-10 09:00:00+00:00,0.612445592
2021-11-10 10:00:00+00:00,0.612541531
2021-11-10 11:00:00+00:00,0.612636852
2021-11-10 12:00:00+00:00,0.612733042
2021-11-10 13:00:00+00:00,0.612829983
2021-11-10 14:00:00+00:00,0.612927068
2021-11-10 15:00:00+00:00,0.61240252
2021-11-10 16:00:00+00:00,0.611844109
2021-11-10 17:00:00+00:00,0.61128123
2021-11-10 18:00:00+00:00,0.610720206
2021-11-10 19:00:00+00:00,0.610158801
2021-11-10 20:00:00+00:00,0.609595459
2021-11-10 21:00:00+00:00,0.609036472
2021-11-10 22:00:00+00:00,0.608478792
2021-11-10 23:00:00+00:00,0.607922786
2021-11-11 00:00:00+00:00,0.607367204
2021-11-11 01:00:00+00:00,0.606812391
2021-11-11 02:00:00+00:00,0.606257783
2021-11-11 03:00:00+00:00,0.605703391
2021-11-11 04:00:00+00:00,0.605148892
2021-11-11 05:00:00+00:00,0.604594539
2021-11-11 06:00:00+00:00,0.604039422
2021-11-11 07:00:00+00:00,0.603483627
2021-11-11 08:00:00+00:00,0.603244409
2021-11-11 09:00:00+00:00,0.603342437
2021-11-11 10:00:00+00:00,0.603440757
2021-11-11 11:00:00+00:00,0.603538901
2021-11-11 12:00:00+00:00,0.603636905
2021-11-11 13:00:00+00:00,0.603734887
2021-11-11 14:00:00+00:00,0.603212063
2021-11-11 15:00:00+00:00,0.602680984
2021-11-11 16:00:00+00:00,0.602121049
2021-11-11 17:00:00+00:00,0.601556929
2021-11-11 18:00:00+00:00,0.60099619
2021-11-11 19:00:00+00:00,0.600435088
2021-11-11 20:00:00+00:00,0.599875409
2021-11-11 21:00:00+00:00,0.59931862
2021-11-11 22:00:00+00:00,0.598763356
2021-11-11 23:00:00+00:00,0.598208517
2021-11-12 00:00:00+00:00,0.597653767
2021-11-12 01:00:00+00:00,0.597099331
2021-11-12 02:00:00+00:00,0.596544918
2021-11-12 03:00:00+00:00,0.595990613
2021-11-12 04:00:00+00:00,0.595436457
2021-11-12 05:00:00+00:00,0.594882426
2021-11-12 06:00:00+00:00,0.594326507
2021-11-12 07:00:00+00:00,0.593769639
2021-11-12 08:00:00+00:00,0.59323228
2021-11-12 09:00:00+00:00,0.593329705
2021-11-12 10:00:00+00:00,0.593426988
2021-11-12 11:00:00+00:00,0.593524542
2021-11-12 12:00:00+00:00,0.593622065
2021-11-12 13:00:00+00:00,0.593720025
2021-11-12 14:00:00+00:00,0.593324418
2021-11-12 15:00:00+00:00,0.593421355
2021-11-12 16:00:00+00:00,0.593058165
2021-11-12 17:00:00+00:00,0.592693181
2021-11-12 18:00:00+00:00,0.592327573
2021-11-12 19:00:00+00:00,0.591962272
2021-11-12 20:00:00+00:00,0.591598337
2021-11-12 21:00:00+00:00,0.591236852
2021-11-12 22:00:00+00:00,0.590876096
2021-11-12 23:00:00+00:00,0.590516091
2021-11-13 00:00:00+00:00,0.589970779
2021-11-13 01:00:00+00:00,0.589428965
2021-11-13 02:00:00+00:00,0.588875396
2021-11-13 03:00:00+00:00,0.58832206
2021-11-13 04:00:00+00:00,0.587795482
2021-11-13 05:00:00+00:00,0.587282871
2021-11-13 06:00:00+00:00,0.586729108
2021-11-13 07:00:00+00:00,0.586232786
2021-11-13 08:00:00+00:00,0.586332373
2021-11-13 09:00:00+00:00,0.586432106
2021-11-13 10:00:00+00:00,0.586532141
2021-11-13 11:00:00+00:00,0.586632359
2021-11-13 12:00:00+00:00,0.586732605
2021-11-13 13:00:00+00:00,0.586832872
2021-11-13 14:00:00+00:00,0.586933164
2021-11-13 15:00:00+00:00,0.587032061
2021-11-13 16:00:00+00:00,0.58713003
2021-11-13 17:00:00+00:00,0.587223065
2021-11-13 18:00:00+00:00,0.587319131
2021-11-13 19:00:00+00:00,0.587415624
2021-11-13 20:00:00+00:00,0.587512385
2021-11-13 21:00:00+00:00,0.587610809
2021-11-13 22:00:00+00:00,0.587710159
2021-11-13 23:00:00+00:00,0.587808915
2021-11-14 00:00:00+00:00,0.587909018
2021-11-14 01:00:00+00:00,0.588009686
2021-11-14 02:00:00+00:00,0.588110284
2021-11-14 03:00:00+00:00,0.588210819
2021-11-14 04:00:00+00:00,0.588311331
2021-11-14 05:00:00+00:00,0.588412297
2021-11-14 06:00:00+00:00,0.588513199
2021-11-14 07:00:00+00:00,0.588614192
2021-11-14 08:00:00+00:00,0.588714855
2021-11-14 09:00:00+00:00,0.588815894
2021-11-14 10:00:00+00:00,0.588917249
2021-11-14 11:00:00+00:00,0.589018565
2021-11-14 12:00:00+00:00,0.589119883
2021-11-14 13:00:00+00:00,0.589220946
2021-11-14 14:00:00+00:00,0.589322117
2021-11-14 15:00:00+00:00,0.589418629
2021-11-14 16:00:00+00:00,0.589512954
2021-11-14 17:00:00+00:00,0.589605818
2021-11-14 18:00:00+00:00,0.589702451
2021-11-14 19:00:00+00:00,0.589799622
2021-11-14 20:00:00+00:00,0.589898034
2021-11-14 21:00:00+00:00,0.589997391
2021-11-14 22:00:00+00:00,0.590096866
2021-11-14 23:00:00+00:00,0.590197494
2021-11-15 00:00:00+00:00,0.590297667
2021-11-15 01:00:00+00:00,0.59039824
2021-11-15 02:00:00+00:00,0.59049875
2021-11-15 03:00:00+00:00,0.590599117
2021-11-15 04:00:00+00:00,0.590699538
2021-11-15 05:00:00+00:00,0.59079958
2021-11-15 06:00:00+00:00,0.590893925
2021-11-15 07:00:00+00:00,0.590992452
2021-11-15 08:00:00+00:00,0.591090978
2021-11-15 09:00:00+00:00,0.591190229
2021-11-15 10:00:00+00:00,0.591289419
2021-11-15 11:00:00+00:00,0.591388584
2021-11-15 12:00:00+00:00,0.59148724
2021-11-15 13:00:00+00:00,0.591585991
2021-11-15 14:00:00+00:00,0.591684421
2021-11-15 15:00:00+00:00,0.591779371
2021-11-15 16:00:00+00:00,0.591874919
2021-11-15 17:00:00+00:00,0.591967399
2021-11-15 18:00:00+00:00,0.592060642
2021-11-15 19:00:00+00:00,0.59215424
2021-11-15 20:00:00+00:00,0.592248284
2021-11-15 21:00:00+00:00,0.592343709
2021-11-15 22:00:00+00:00,0.592440172
2021-11-15 23:00:00+00:00,0.592537637
2021-11-16 00:00:00+00:00,0.592635733
2021-11-16 01:00:00+00:00,0.59273439
2021-11-16 02:00:00+00:00,0.592832978
2021-11-16 03:00:00+00:00,0.592931132
2021-11-16 04:00:00+00:00,0.593029263
2021-11-16 05:00:00+00:00,0.593125051
2021-11-16 06:00:00+00:00,0.593222354
2021-11-16 07:00:00+00:00,0.593318959
2021-11-16 08:00:00+00:00,0.593415945
2021-11-16 09:00:00+00:00,0.593513132
2021-11-16 10:00:00+00:00,0.593610442
2021-11-16 11:00:00+00:00,0.593707585
2021-11-16 12:00:00+00:00,0.593804906
2021-11-16 13:00:00+00:00,0.593902845
2021-11-16 14:00:00+00:00,0.594000635
2021-11-16 15:00:00+00:00,0.594097227
2021-11-16 16:00:00+00:00,0.594191982
2021-11-16 17:00:00+00:00,0.594283209
2021-11-16 18:00:00+00:00,0.594372863
2021-11-16 19:00:00+00:00,0.594463668
2021-11-16 20:00:00+00:00,0.594558052
2021-11-16 21:00:00+00:00,0.594653986
2021-11-16 22:00:00+00:00,0.594751315
2021-11-16 23:00:00+00:00,0.594849176
2021-11-17 00:00:00+00:00,0.594947218
2021-11-17 01:00:00+00:00,0.595045391
2021-11-17 02:00:00+00:00,0.59514423
2021-11-17 03:00:00+00:00,0.595242845
2021-11-17 04:00:00+00:00,0.595341395
2021-11-17 05:00:00+00:00,0.595437205
2021-11-17 06:00:00+00:00,0.595529625
2021-11-17 07:00:00+00:00,0.595626568
2021-11-17 08:00:00+00:00,0.595719782
2021-11-17 09:00:00+00:00,0.595814682
2021-11-17 10:00:00+00:00,0.595911054
2021-11-17 11:00:00+00:00,0.596007395
2021-11-17 12:00:00+00:00,0.596103718
2021-11-17 13:00:00+00:00,0.596201616
2021-11-17 14:00:00+00:00,0.596299618
2021-11-17 15:00:00+00:00,0.596395535
2021-11-17 16:00:00+00:00,0.596488864
2021-11-17 17:00:00+00:00,0.596579009
2021-11-17 18:00:00+00:00,0.596671065
2021-11-17 19:00:00+00:00,0.596763132
2021-11-17 20:00:00+00:00,0.596857673
2021-11-17 21:00:00+00:00,0.596949957
2021-11-17 22:00:00+00:00,0.597043187
2021-11-17 23:00:00+00:00,0.597138369
2021-11-18 00:00:00+00:00,0.597230837
2021-11-18 01:00:00+00:00,0.5973233
2021-11-18 02:00:00+00:00,0.597415521
2021-11-18 03:00:00+00:00,0.597508627
2021-11-18 04:00:00+00:00,0.597604342
2021-11-18 05:00:00+00:00,0.597698674
2021-11-18 06:00:00+00:00,0.597791741
2021-11-18 07:00:00+00:00,0.5978848
2021-11-18 08:00:00+00:00,0.597977033
2021-11-18 09:00:00+00:00,0.59807539
2021-11-18 10:00:00+00:00,0.598174204
2021-11-18 11:00:00+00:00,0.598269255
2021-11-18 12:00:00+00:00,0.598360493
2021-11-18 13:00:00+00:00,0.598456308
2021-11-18 14:00:00+00:00,0.598552352
2021-11-18 15:00:00+00:00,0.598644674
2021-11-18 16:00:00+00:00,0.598576335
2021-11-18 17:00:00+00:00,0.598669619
2021-11-18 18:00:00+00:00,0.598762709
2021-11-18 19:00:00+00:00,0.598856363
2021-11-18 20:00:00+00:00,0.598947278
2021-11-18 21:00:00+00:00,0.598805403
2021-11-18 22:00:00+00:00,0.598667176
2021-11-18 23:00:00+00:00,0.598530907
2021-11-19 00:00:00+00:00,0.598394967
2021-11-19 01:00:00+00:00,0.598259487
2021-11-19 02:00:00+00:00,0.598124065
2021-11-19 03:00:00+00:00,0.597988761
2021-11-19 04:00:00+00:00,0.597853682
2021-11-19 05:00:00+00:00,0.597580286
2021-11-19 06:00:00+00:00,0.59702606
2021-11-19 07:00:00+00:00,0.596471291
2021-11-19 08:00:00+00:00,0.59643387
2021-11-19 09:00:00+00:00,0.596533212
2021-11-19 10:00:00+00:00,0.596633226
2021-11-19 11:00:00+00:00,0.596733282
2021-11-19 12:00:00+00:00,0.596833573
2021-11-19 13:00:00+00:00,0.596933738
2021-11-19 14:00:00+00:00,0.596413323
2021-11-19 15:00:00+00:00,0.595890726
2021-11-19 16:00:00+00:00,0.595908681
2021-11-19 17:00:00+00:00,0.595925065
2021-11-19 18:00:00+00:00,0.595940816
2021-11-19 19:00:00+00:00,0.595956926
2021-11-19 20:00:00+00:00,0.595973989
2021-11-19 21:00:00+00:00,0.595750689
2021-11-19 22:00:00+00:00,0.595302086
2021-11-19 23:00:00+00:00,0.594962503
2021-11-20 00:00:00+00:00,0.5947108
2021-11-20 01:00:00+00:00,0.594516363
2021-11-20 02:00:00+00:00,0.594321854
2021-11-20 03:00:00+00:00,0.594059063
2021-11-20 04:00:00+00:00,0.59376439
2021-11-20 05:00:00+00:00,0.593350455
2021-11-20 06:00:00+00:00,0.592797901
2021-11-20 07:00:00+00:00,0.592245436
2021-11-20 08:00:00+00:00,0.591693545
2021-11-20 09:00:00+00:00,0.591141408
2021-11-20 10:00:00+00:00,0.590589273
2021-11-20 11:00:00+00:00,0.590037511
2021-11-20 12:00:00+00:00,0.58948389
2021-11-20 13:00:00+00:00,0.588931662
2021-11-20 14:00:00+00:00,0.588379371
2021-11-20 15:00:00+00:00,0.587827002
2021-11-20 16:00:00+00:00,0.587273214
2021-11-20 17:00:00+00:00,0.586717964
2021-11-20 18:00:00+00:00,0.586162215
2021-11-20 19:00:00+00:00,0.585606235
2021-11-20 20:00:00+00:00,0.585050437
2021-11-20 21:00:00+00:00,0.584496546
2021-11-20 22:00:00+00:00,0.583942704
2021-11-20 23:00:00+00:00,0.583389774
2021-11-21 00:00:00+00:00,0.582837832
2021-11-21 01:00:00+00:00,0.582286002
2021-11-21 02:00:00+00:00,0.581734531
2021-11-21 03:00:00+00:00,0.581183152
2021-11-21 04:00:00+00:00,0.580631988
2021-11-21 05:00:00+00:00,0.580080935
2021-11-21 06:00:00+00:00,0.579530059
2021-11-21 07:00:00+00:00,0.578979149
2021-11-21 08:00:00+00:00,0.578427638
2021-11-21 09:00:00+00:00,0.578191405
2021-11-21 10:00:00+00:00,0.578293364
2021-11-21 11:00:00+00:00,0.578395149
2021-11-21 12:00:00+00:00,0.578496875
2021-11-21 13:00:00+00:00,0.578598468
2021-11-21 14:00:00+00:00,0.578079518
2021-11-21 15:00:00+00:00,0.577559132
2021-11-21 16:00:00+00:00,0.577006021
2021-11-21 17:00:00+00:00,0.577007985
2021-11-21 18:00:00+00:00,0.577009602
2021-11-21 19:00:00+00:00,0.577010533
2021-11-21 20:00:00+00:00,0.576892759
2021-11-21 21:00:00+00:00,0.57634101
2021-11-21 22:00:00+00:00,0.575796277
2021-11-21 23:00:00+00:00,0.575252096
2021-11-22 00:00:00+00:00,0.574707562
2021-11-22 01:00:00+00:00,0.574164135
2021-11-22 02:00:00+00:00,0.573619293
2021-11-22 03:00:00+00:00,0.573072799
2021-11-22 04:00:00+00:00,0.572529421
2021-11-22 05:00:00+00:00,0.571984992
2021-11-22 06:00:00+00:00,0.572018275
2021-11-22 07:00:00+00:00,0.571989669
2021-11-22 08:00:00+00:00,0.571436196
2021-11-22 09:00:00+00:00,0.570903919
2021-11-22 10:00:00+00:00,0.570379215
2021-11-22 11:00:00+00:00,0.569854132
2021-11-22 12:00:00+00:00,0.569327002
2021-11-22 13:00:00+00:00,0.56880338
2021-11-22 14:00:00+00:00,0.568275033
2021-11-22 15:00:00+00:00,0.56773204
2021-11-22 16:00:00+00:00,0.567827687
2021-11-22 17:00:00+00:00,0.567921794
2021-11-22 18:00:00+00:00,0.568014766
2021-11-22 19:00:00+00:00,0.568107118
2021-11-22 20:00:00+00:00,0.567549602
2021-11-22 21:00:00+00:00,0.56701024
2021-11-22 22:00:00+00:00,0.566481281
2021-11-22 23:00:00+00:00,0.565956087
2021-11-23 00:00:00+00:00,0.566053534
2021-11-23 01:00:00+00:00,0.566151301
2021-11-23 02:00:00+00:00,0.566248936
2021-11-23 03:00:00+00:00,0.566346491
2021-11-23 04:00:00+00:00,0.566443666
2021-11-23 05:00:00+00:00,0.566540116
2021-11-23 06:00:00+00:00,0.566636431
2021-11-23 07:00:00+00:00,0.566732576
2021-11-23 08:00:00+00:00,0.566829363
2021-11-23 09:00:00+00:00,0.566926265
2021-11-23 10:00:00+00:00,0.567023165
2021-11-23 11:00:00+00:00,0.567119405
2021-11-23 12:00:00+00:00,0.567215563
2021-11-23 13:00:00+00:00,0.567311628
2021-11-23 14:00:00+00:00,0.566787268
2021-11-23 15:00:00+00:00,0.566261264
2021-11-23 16:00:00+00:00,0.565703173
2021-11-23 17:00:00+00:00,0.5652485
2021-11-23 18:00:00+00:00,0.564792399
2021-11-23 19:00:00+00:00,0.5643305
2021-11-23 20:00:00+00:00,0.563873808
2021-11-23 21:00:00+00:00,0.563419365
2021-11-23 22:00:00+00:00,0.562965181
2021-11-23 23:00:00+00:00,0.562511835
2021-11-24 00:00:00+00:00,0.562058702
2021-11-24 01:00:00+00:00,0.561605831
2021-11-24 02:00:00+00:00,0.561153381
2021-11-24 03:00:00+00:00,0.560701275
2021-11-24 04:00:00+00:00,0.560249249
2021-11-24 05:00:00+00:00,0.559791036
2021-11-24 06:00:00+00:00,0.559332917
2021-11-24 07:00:00+00:00,0.558764211
2021-11-24 08:00:00+00:00,0.558205185
2021-11-24 09:00:00+00:00,0.558293935
2021-11-24 10:00:00+00:00,0.558380655
2021-11-24 11:00:00+00:00,0.558472918
2021-11-24 12:00:00+00:00,0.558558468
2021-11-24 13:00:00+00:00,0.558650459
2021-11-24 14:00:00+00:00,0.558742304
2021-11-24 15:00:00+00:00,0.558834335
2021-11-24 16:00:00+00:00,0.55892404
2021-11-24 17:00:00+00:00,0.559009752
2021-11-24 18:00:00+00:00,0.559093768
2021-11-24 19:00:00+00:00,0.559175705
2021-11-24 20:00:00+00:00,0.559258214
2021-11-24 21:00:00+00:00,0.559347707
2021-11-24 22:00:00+00:00,0.559436952
2021-11-24 23:00:00+00:00,0.559524328
2021-11-25 00:00:00+00:00,0.559613666
2021-11-25 01:00:00+00:00,0.559703133
2021-11-25 02:00:00+00:00,0.559792564
2021-11-25 03:00:00+00:00,0.559881958
2021-11-25 04:00:00+00:00,0.559971059
2021-11-25 05:00:00+00:00,0.560055256
2021-11-25 06:00:00+00:00,0.560137635
2021-11-25 07:00:00+00:00,0.560225777
2021-11-25 08:00:00+00:00,0.560312686
2021-11-25 09:00:00+00:00,0.560397471
2021-11-25 10:00:00+00:00,0.560480449
2021-11-25 11:00:00+00:00,0.560565201
2021-11-25 12:00:00+00:00,0.560653015
2021-11-25 13:00:00+00:00,0.56074049
2021-11-25 14:00:00+00:00,0.560827236
2021-11-25 15:00:00+00:00,0.560909196
2021-11-25 16:00:00+00:00,0.560990528
2021-11-25 17:00:00+00:00,0.561073223
2021-11-25 18:00:00+00:00,0.561153663
2021-11-25 19:00:00+00:00,0.561232969
2021-11-25 20:00:00+00:00,0.561307345
2021-11-25 21:00:00+00:00,0.561387548
2021-11-25 22:00:00+00:00,0.561468747
2021-11-25 23:00:00+00:00,0.561550401
2021-11-26 00:00:00+00:00,0.561632955
2021-11-26 01:00:00+00:00,0.561720025
2021-11-26 02:00:00+00:00,0.561807293
2021-11-26 03:00:00+00:00,0.561894647
2021-11-26 04:00:00+00:00,0.56198197
2021-11-26 05:00:00+00:00,0.56206465
2021-11-26 06:00:00+00:00,0.562144356
2021-11-26 07:00:00+00:00,0.56222308
2021-11-26 08:00:00+00:00,0.562305365
2021-11-26 09:00:00+00:00,0.562389395
2021-11-26 10:00:00+00:00,0.562473628
2021-11-26 11:00:00+00:00,0.562560831
2021-11-26 12:00:00+00:00,0.562648495
2021-11-26 13:00:00+00:00,0.562735191
2021-11-26 14:00:00+00:00,0.562821839
2021-11-26 15:00:00+00:00,0.562904852
2021-11-26 16:00:00+00:00,0.562983729
2021-11-26 17:00:00+00:00,0.563064586
2021-11-26 18:00:00+00:00,0.563144902
2021-11-26 19:00:00+00:00,0.563224146
2021-11-26 20:00:00+00:00,0.563297736
2021-11-26 21:00:00+00:00,0.563377065
2021-11-26 22:00:00+00:00,0.563458944
2021-11-26 23:00:00+00:00,0.563541446
2021-11-27 00:00:00+00:00,0.563624753
2021-11-27 01:00:00+00:00,0.56370691
2021-11-27 02:00:00+00:00,0.563788864
2021-11-27 03:00:00+00:00,0.56387116
2021-11-27 04:00:00+00:00,0.563954299
2021-11-27 05:00:00+00:00,0.564039093
2021-11-27 06:00:00+00:00,0.564123625
2021-11-27 07:00:00+00:00,0.564207437
2021-11-27 08:00:00+00:00,0.564288913
2021-11-27 09:00:00+00:00,0.564369799
2021-11-27 10:00:00+00:00,0.564453106
2021-11-27 11:00:00+00:00,0.56453323
2021-11-27 12:00:00+00:00,0.564614012
2021-11-27 13:00:00+00:00,0.564695913
2021-11-27 14:00:00+00:00,0.564777163
2021-11-27 15:00:00+00:00,0.564860007
2021-11-27 16:00:00+00:00,0.564938929
2021-11-27 17:00:00+00:00,0.565014905
2021-11-27 18:00:00+00:00,0.565094352
2021-11-27 19:00:00+00:00,0.565172258
2021-11-27 20:00:00+00:00,0.56524967
2021-11-27 21:00:00+00:00,0.56532951
2021-11-27 22:00:00+00:00,0.565410918
2021-11-27 23:00:00+00:00,0.56549354
2021-11-28 00:00:00+00:00,0.5655766
2021-11-28 01:00:00+00:00,0.565664919
2021-11-28 02:00:00+00:00,0.565752265
2021-11-28 03:00:00+00:00,0.56584043
2021-11-28 04:00:00+00:00,0.565928685
2021-11-28 05:00:00+00:00,0.566016842
2021-11-28 06:00:00+00:00,0.566099071
2021-11-28 07:00:00+00:00,0.566181001
2021-11-28 08:00:00+00:00,0.566269498
2021-11-28 09:00:00+00:00,0.566354494
2021-11-28 10:00:00+00:00,0.566440698
2021-11-28 11:00:00+00:00,0.566528997
2021-11-28 12:00:00+00:00,0.566617052
2021-11-28 13:00:00+00:00,0.566698894
2021-11-28 14:00:00+00:00,0.566786821
2021-11-28 15:00:00+00:00,0.566869276
2021-11-28 16:00:00+00:00,0.566951899
2021-11-28 17:00:00+00:00,0.567032759
2021-11-28 18:00:00+00:00,0.567114825
2021-11-28 19:00:00+00:00,0.567196222
2021-11-28 20:00:00+00:00,0.567275699
2021-11-28 21:00:00+00:00,0.567356504
2021-11-28 22:00:00+00:00,0.567439377
2021-11-28 23:00:00+00:00,0.567523938
2021-11-29 00:00:00+00:00,0.567611718
2021-11-29 01:00:00+00:00,0.567697778
2021-11-29 02:00:00+00:00,0.56778409
2021-11-29 03:00:00+00:00,0.567870387
2021-11-29 04:00:00+00:00,0.567957812
2021-11-29 05:00:00+00:00,0.56804131
2021-11-29 06:00:00+00:00,0.568123456
2021-11-29 07:00:00+00:00,0.568203602
2021-11-29 08:00:00+00:00,0.568286991
2021-11-29 09:00:00+00:00,0.568371448
2021-11-29 10:00:00+00:00,0.56845171
2021-11-29 11:00:00+00:00,0.56853808
2021-11-29 12:00:00+00:00,0.568624749
2021-11-29 13:00:00+00:00,0.568711504
2021-11-29 14:00:00+00:00,0.568796537
2021-11-29 15:00:00+00:00,0.568879198
2021-11-29 16:00:00+00:00,0.568959691
2021-11-29 17:00:00+00:00,0.568876064
2021-11-29 18:00:00+00:00,0.568791853
2021-11-29 19:00:00+00:00,0.568868318
2021-11-29 20:00:00+00:00,0.568945571
2021-11-29 21:00:00+00:00,0.569025913
2021-11-29 22:00:00+00:00,0.569107056
2021-11-29 23:00:00+00:00,0.569194141
2021-11-30 00:00:00+00:00,0.569281901
2021-11-30 01:00:00+00:00,0.569206465
2021-11-30 02:00:00+00:00,0.568641376
2021-11-30 03:00:00+00:00,0.568076548
2021-11-30 04:00:00+00:00,0.567511811
2021-11-30 05:00:00+00:00,0.566947195
2021-11-30 06:00:00+00:00,0.566381113
2021-11-30 07:00:00+00:00,0.565814694
2021-11-30 08:00:00+00:00,0.56524861
2021-11-30 09:00:00+00:00,0.565225779
2021-11-30 10:00:00+00:00,0.565312874
2021-11-30 11:00:00+00:00,0.56540063
2021-11-30 12:00:00+00:00,0.565488813
2021-11-30 13:00:00+00:00,0.565576475
2021-11-30 14:00:00+00:00,0.565042741
2021-11-30 15:00:00+00:00,0.564493382
2021-11-30 16:00:00+00:00,0.563923733
2021-11-30 17:00:00+00:00,0.563352848
2021-11-30 18:00:00+00:00,0.562781055
2021-11-30 19:00:00+00:00,0.562209704
2021-11-30 20:00:00+00:00,0.561639409
2021-11-30 21:00:00+00:00,0.561070129
2021-11-30 22:00:00+00:00,0.560502036
2021-11-30 23:00:00+00:00,0.559934675
2021-12-01 00:00:00+00:00,0.559558375
2021-12-01 01:00:00+00:00,0.559183833
2021-12-01 02:00:00+00:00,0.558817528
2021-12-01 03:00:00+00:00,0.558457175
2021-12-01 04:00:00+00:00,0.558101472
2021-12-01 05:00:00+00:00,0.557746885
2021-12-01 06:00:00+00:00,0.557382822
2021-12-01 07:00:00+00:00,0.557014328
2021-12-01 08:00:00+00:00,0.55728995
2021-12-01 09:00:00+00:00,0.55756699
2021-12-01 10:00:00+00:00,0.557843957
2021-12-01 11:00:00+00:00,0.558119605
2021-12-01 12:00:00+00:00,0.558394907
2021-12-01 13:00:00+00:00,0.558669952
2021-12-01 14:00:00+00:00,0.558945493
2021-12-01 15:00:00+00:00,0.559220952
2021-12-01 16:00:00+00:00,0.559494758
2021-12-01 17:00:00+00:00,0.559767659
2021-12-01 18:00:00+00:00,0.560039687
2021-12-01 19:00:00+00:00,0.560311096
2021-12-01 20:00:00+00:00,0.560582966
2021-12-01 21:00:00+00:00,0.56085682
2021-12-01 22:00:00+00:00,0.56113086
2021-12-01 23:00:00+00:00,0.561405372
2021-12-02 00:00:00+00:00,0.561680183
2021-12-02 01:00:00+00:00,0.561955581
2021-12-02 02:00:00+00:00,0.562230778
2021-12-02 03:00:00+00:00,0.562506017
2021-12-02 04:00:00+00:00,0.562781283
2021-12-02 05:00:00+00:00,0.563056557
2021-12-02 06:00:00+00:00,0.563330302
2021-12-02 07:00:00+00:00,0.563603442
2021-12-02 08:00:00+00:00,0.56387698
2021-12-02 09:00:00+00:00,0.564151563
2021-12-02 10:00:00+00:00,0.564426994
2021-12-02 11:00:00+00:00,0.564702704
2021-12-02 12:00:00+00:00,0.564978384
2021-12-02 13:00:00+00:00,0.565253651
2021-12-02 14:00:00+00:00,0.565529636
2021-12-02 15:00:00+00:00,0.565805479
2021-12-02 16:00:00+00:00,0.566077561
2021-12-02 17:00:00+00:00,0.566348387
2021-12-02 18:00:00+00:00,0.566618057
2021-12-02 19:00:00+00:00,0.566887784
2021-12-02 20:00:00+00:00,0.567158437
2021-12-02 21:00:00+00:00,0.5674314
2021-12-02 22:00:00+00:00,0.56770431
2021-12-02 23:00:00+00:00,0.567974333
2021-12-03 00:00:00+00:00,0.56824881
2021-12-03 01:00:00+00:00,0.568525271
2021-12-03 02:00:00+00:00,0.568802501
2021-12-03 03:00:00+00:00,0.569079841
2021-12-03 04:00:00+00:00,0.569356566
2021-12-03 05:00:00+00:00,0.569631956
2021-12-03 06:00:00+00:00,0.569900405
2021-12-03 07:00:00+00:00,0.570171923
2021-12-03 08:00:00+00:00,0.570443813
2021-12-03 09:00:00+00:00,0.570716178
2021-12-03 10:00:00+00:00,0.570991692
2021-12-03 11:00:00+00:00,0.571266478
2021-12-03 12:00:00+00:00,0.571540334
2021-12-03 13:00:00+00:00,0.571814335
2021-12-03 14:00:00+00:00,0.572088295
2021-12-03 15:00:00+00:00,0.572357221
2021-12-03 16:00:00+00:00,0.572621157
2021-12-03 17:00:00+00:00,0.572884676
2021-12-03 18:00:00+00:00,0.573149103
2021-12-03 19:00:00+00:00,0.573409772
2021-12-03 20:00:00+00:00,0.573672058
2021-12-03 21:00:00+00:00,0.57393871
2021-12-03 22:00:00+00:00,0.574204177
2021-12-03 23:00:00+00:00,0.574469917
2021-12-04 00:00:00+00:00,0.574735793
2021-12-04 01:00:00+00:00,0.575003759
2021-12-04 02:00:00+00:00,0.575273529
2021-12-04 03:00:00+00:00,0.575543098
2021-12-04 04:00:00+00:00,0.575812051
2021-12-04 05:00:00+00:00,0.576080589
2021-12-04 06:00:00+00:00,0.576346836
2021-12-04 07:00:00+00:00,0.576609259
2021-12-04 08:00:00+00:00,0.576873489
2021-12-04 09:00:00+00:00,0.577137897
2021-12-04 10:00:00+00:00,0.577402914
2021-12-04 11:00:00+00:00,0.577664495
2021-12-04 12:00:00+00:00,0.577927661
2021-12-04 13:00:00+00:00,0.578190024
2021-12-04 14:00:00+00:00,0.578454942
2021-12-04 15:00:00+00:00,0.578714923
2021-12-04 16:00:00+00:00,0.578973905
2021-12-04 17:00:00+00:00,0.579232427
2021-12-04 18:00:00+00:00,0.579490797
2021-12-04 19:00:00+00:00,0.57974929
2021-12-04 20:00:00+00:00,0.580009384
2021-12-04 21:00:00+00:00,0.580270731
2021-12-04 22:00:00+00:00,0.580532597
2021-12-04 23:00:00+00:00,0.580794876
2021-12-05 00:00:00+00:00,0.581058915
2021-12-05 01:00:00+00:00,0.58132439
2021-12-05 02:00:00+00:00,0.581593828
2021-12-05 03:00:00+00:00,0.581864042
2021-12-05 04:00:00+00:00,0.582134861
2021-12-05 05:00:00+00:00,0.58240577
2021-12-05 06:00:00+00:00,0.582675858
2021-12-05 07:00:00+00:00,0.582942545
2021-12-05 08:00:00+00:00,0.583207432
2021-12-05 09:00:00+00:00,0.583475056
2021-12-05 10:00:00+00:00,0.58374398
2021-12-05 11:00:00+00:00,0.584011542
2021-12-05 12:00:00+00:00,0.584279608
2021-12-05 13:00:00+00:00,0.584548093
2021-12-05 14:00:00+00:00,0.584817501
2021-12-05 15:00:00+00:00,0.585081321
2021-12-05 16:00:00+00:00,0.585343395
2021-12-05 17:00:00+00:00,0.585605505
2021-12-05 18:00:00+00:00,0.585866546
2021-12-05 19:00:00+00:00,0.586127428
2021-12-05 20:00:00+00:00,0.586389727
2021-12-05 21:00:00+00:00,0.586652883
2021-12-05 22:00:00+00:00,0.586916186
2021-12-05 23:00:00+00:00,0.587180594
2021-12-06 00:00:00+00:00,0.587444691
2021-12-06 01:00:00+00:00,0.587714862
2021-12-06 02:00:00+00:00,0.587985643
2021-12-06 03:00:00+00:00,0.588254576
2021-12-06 04:00:00+00:00,0.588524913
2021-12-06 05:00:00+00:00,0.588792036
2021-12-06 06:00:00+00:00,0.589057363
2021-12-06 07:00:00+00:00,0.589323116
2021-12-06 08:00:00+00:00,0.589588527
2021-12-06 09:00:00+00:00,0.589853408
2021-12-06 10:00:00+00:00,0.59011804
2021-12-06 11:00:00+00:00,0.59038658
2021-12-06 12:00:00+00:00,0.590653863
2021-12-06 13:00:00+00:00,0.590921019
2021-12-06 14:00:00+00:00,0.591183679
2021-12-06 15:00:00+00:00,0.591443637
2021-12-06 16:00:00+00:00,0.591703987
2021-12-06 17:00:00+00:00,0.591963397
2021-12-06 18:00:00+00:00,0.592222155
2021-12-06 19:00:00+00:00,0.592480641
2021-12-06 20:00:00+00:00,0.592740495
2021-12-06 21:00:00+00:00,0.593001622
2021-12-06 22:00:00+00:00,0.593263439
2021-12-06 23:00:00+00:00,0.593528702
2021-12-07 00:00:00+00:00,0.593794668
2021-12-07 01:00:00+00:00,0.594059221
2021-12-07 02:00:00+00:00,0.594325094
2021-12-07 03:00:00+00:00,0.594590696
2021-12-07 04:00:00+00:00,0.594855387
2021-12-07 05:00:00+00:00,0.595117534
2021-12-07 06:00:00+00:00,0.59537464
2021-12-07 07:00:00+00:00,0.595630687
2021-12-07 08:00:00+00:00,0.595885831
2021-12-07 09:00:00+00:00,0.596141028
2021-12-07 10:00:00+00:00,0.596397255
2021-12-07 11:00:00+00:00,0.596656039
2021-12-07 12:00:00+00:00,0.596916099
2021-12-07 13:00:00+00:00,0.597176768
2021-12-07 14:00:00+00:00,0.597439473
2021-12-07 15:00:00+00:00,0.597701458
2021-12-07 16:00:00+00:00,0.597961081
2021-12-07 17:00:00+00:00,0.598216499
2021-12-07 18:00:00+00:00,0.598470685
2021-12-07 19:00:00+00:00,0.598723766
2021-12-07 20:00:00+00:00,0.598980108
2021-12-07 21:00:00+00:00,0.599238755
2021-12-07 22:00:00+00:00,0.599496323
2021-12-07 23:00:00+00:00,0.59975455
2021-12-08 00:00:00+00:00,0.600017077
2021-12-08 01:00:00+00:00,0.600279791
2021-12-08 02:00:00+00:00,0.600543493
2021-12-08 03:00:00+00:00,0.600807437
2021-12-08 04:00:00+00:00,0.601071139
2021-12-08 05:00:00+00:00,0.601334915
2021-12-08 06:00:00+00:00,0.60159144
2021-12-08 07:00:00+00:00,0.601849279
2021-12-08 08:00:00+00:00,0.602111142
2021-12-08 09:00:00+00:00,0.602373264
2021-12-08 10:00:00+00:00,0.602636692
2021-12-08 11:00:00+00:00,0.602898982
2021-12-08 12:00:00+00:00,0.603161378
2021-12-08 13:00:00+00:00,0.603424282
2021-12-08 14:00:00+00:00,0.603686906
2021-12-08 15:00:00+00:00,0.603943964
2021-12-08 16:00:00+00:00,0.604198089
2021-12-08 17:00:00+00:00,0.604452997
2021-12-08 18:00:00+00:00,0.604704509
2021-12-08 19:00:00+00:00,0.604956208
2021-12-08 20:00:00+00:00,0.605208077
2021-12-08 21:00:00+00:00,0.60546604
2021-12-08 22:00:00+00:00,0.60572324
2021-12-08 23:00:00+00:00,0.605982858
2021-12-09 00:00:00+00:00,0.606241616
2021-12-09 01:00:00+00:00,0.606499454
2021-12-09 02:00:00+00:00,0.606757647
2021-12-09 03:00:00+00:00,0.607018008
2021-12-09 04:00:00+00:00,0.607279138
2021-12-09 05:00:00+00:00,0.60753918
2021-12-09 06:00:00+00:00,0.607796392
2021-12-09 07:00:00+00:00,0.608053684
2021-12-09 08:00:00+00:00,0.608311833
2021-12-09 09:00:00+00:00,0.608570716
2021-12-09 10:00:00+00:00,0.608830851
2021-12-09 11:00:00+00:00,0.609089764
2021-12-09 12:00:00+00:00,0.609348171
2021-12-09 13:00:00+00:00,0.60960401
2021-12-09 14:00:00+00:00,0.609863412
2021-12-09 15:00:00+00:00,0.610117193
2021-12-09 16:00:00+00:00,0.610370662
2021-12-09 17:00:00+00:00,0.610626943
2021-12-09 18:00:00+00:00,0.610880944
2021-12-09 19:00:00+00:00,0.611132909
2021-12-09 20:00:00+00:00,0.611383754
2021-12-09 21:00:00+00:00,0.611638769
2021-12-09 22:00:00+00:00,0.611896656
2021-12-09 23:00:00+00:00,0.612158763
2021-12-10 00:00:00+00:00,0.612421418
2021-12-10 01:00:00+00:00,0.612685207
2021-12-10 02:00:00+00:00,0.612949417
2021-12-10 03:00:00+00:00,0.613214214
2021-12-10 04:00:00+00:00,0.613478684
2021-12-10 05:00:00+00:00,0.613742796
2021-12-10 06:00:00+00:00,0.614005266
2021-12-10 07:00:00+00:00,0.614267924
2021-12-10 08:00:00+00:00,0.614529653
2021-12-10 09:00:00+00:00,0.61479123
2021-12-10 10:00:00+00:00,0.61505405
2021-12-10 11:00:00+00:00,0.615317035
2021-12-10 12:00:00+00:00,0.615580739
2021-12-10 13:00:00+00:00,0.615844168
2021-12-10 14:00:00+00:00,0.61610727
2021-12-10 15:00:00+00:00,0.616368616
2021-12-10 16:00:00+00:00,0.616628613
2021-12-10 17:00:00+00:00,0.616887865
2021-12-10 18:00:00+00:00,0.617139785
2021-12-10 19:00:00+00:00,0.617391245
2021-12-10 20:00:00+00:00,0.617644237
2021-12-10 21:00:00+00:00,0.617905186
2021-12-10 22:00:00+00:00,0.618166567
2021-12-10 23:00:00+00:00,0.618429131
2021-12-11 00:00:00+00:00,0.618692261
2021-12-11 01:00:00+00:00,0.618955575
2021-12-11 02:00:00+00:00,0.619218953
2021-12-11 03:00:00+00:00,0.619482559
2021-12-11 04:00:00+00:00,0.619746827
2021-12-11 05:00:00+00:00,0.620011842
2021-12-11 06:00:00+00:00,0.620276828
2021-12-11 07:00:00+00:00,0.620541952
2021-12-11 08:00:00+00:00,0.620806698
2021-12-11 09:00:00+00:00,0.621070922
2021-12-11 10:00:00+00:00,0.621335397
2021-12-11 11:00:00+00:00,0.621599617
2021-12-11 12:00:00+00:00,0.621863875
2021-12-11 13:00:00+00:00,0.622128662
2021-12-11 14:00:00+00:00,0.622392564
2021-12-11 15:00:00+00:00,0.622652017
2021-12-11 16:00:00+00:00,0.622910466
2021-12-11 17:00:00+00:00,0.623168116
2021-12-11 18:00:00+00:00,0.623424366
2021-12-11 19:00:00+00:00,0.623682469
2021-12-11 20:00:00+00:00,0.623941604
2021-12-11 21:00:00+00:00,0.624201011
2021-12-11 22:00:00+00:00,0.624462142
2021-12-11 23:00:00+00:00,0.624722205
2021-12-12 00:00:00+00:00,0.624987324
2021-12-12 01:00:00+00:00,0.625252492
2021-12-12 02:00:00+00:00,0.62551764
2021-12-12 03:00:00+00:00,0.625783099
2021-12-12 04:00:00+00:00,0.626048609
2021-12-12 05:00:00+00:00,0.62631423
2021-12-12 06:00:00+00:00,0.626580348
2021-12-12 07:00:00+00:00,0.626846347
2021-12-12 08:00:00+00:00,0.627112447
2021-12-12 09:00:00+00:00,0.627378173
2021-12-12 10:00:00+00:00,0.627643944
2021-12-12 11:00:00+00:00,0.627909535
2021-12-12 12:00:00+00:00,0.628175415
2021-12-12 13:00:00+00:00,0.628440143
2021-12-12 14:00:00+00:00,0.628478617
2021-12-12 15:00:00+00:00,0.628738613
2021-12-12 16:00:00+00:00,0.628662607
2021-12-12 17:00:00+00:00,0.628585879
2021-12-12 18:00:00+00:00,0.628507373
2021-12-12 19:00:00+00:00,0.628430272
2021-12-12 20:00:00+00:00,0.628354952
2021-12-12 21:00:00+00:00,0.628278827
2021-12-12 22:00:00+00:00,0.62820696
2021-12-12 23:00:00+00:00,0.628136367
2021-12-13 00:00:00+00:00,0.628065868
2021-12-13 01:00:00+00:00,0.627678775
2021-12-13 02:00:00+00:00,0.627330662
2021-12-13 03:00:00+00:00,0.626986945
2021-12-13 04:00:00+00:00,0.626614188
2021-12-13 05:00:00+00:00,0.626227122
2021-12-13 06:00:00+00:00,0.625839912
2021-12-13 07:00:00+00:00,0.625451885
2021-12-13 08:00:00+00:00,0.625063985
2021-12-13 09:00:00+00:00,0.625329983
2021-12-13 10:00:00+00:00,0.625597496
2021-12-13 11:00:00+00:00,0.625863847
2021-12-13 12:00:00+00:00,0.62612913
2021-12-13 13:00:00+00:00,0.626394114
2021-12-13 14:00:00+00:00,0.62603824
2021-12-13 15:00:00+00:00,0.625666564
2021-12-13 16:00:00+00:00,0.625267228
2021-12-13 17:00:00+00:00,0.624870494
2021-12-13 18:00:00+00:00,0.624468614
2021-12-13 19:00:00+00:00,0.624066057
2021-12-13 20:00:00+00:00,0.623667155
2021-12-13 21:00:00+00:00,0.623274956
2021-12-13 22:00:00+00:00,0.622884104
2021-12-13 23:00:00+00:00,0.622493707
2021-12-14 00:00:00+00:00,0.622104437
2021-12-14 01:00:00+00:00,0.621715285
2021-12-14 02:00:00+00:00,0.621326384
2021-12-14 03:00:00+00:00,0.620937379
2021-12-14 04:00:00+00:00,0.620547831
2021-12-14 05:00:00+00:00,0.620149612
2021-12-14 06:00:00+00:00,0.61975085
2021-12-14 07:00:00+00:00,0.619352396
2021-12-14 08:00:00+00:00,0.618954287
2021-12-14 09:00:00+00:00,0.618578126
2021-12-14 10:00:00+00:00,0.618842221
2021-12-14 11:00:00+00:00,0.619105775
2021-12-14 12:00:00+00:00,0.619368692
2021-12-14 13:00:00+00:00,0.61901086
2021-12-14 14:00:00+00:00,0.618653216
2021-12-14 15:00:00+00:00,0.61827062
2021-12-14 16:00:00+00:00,0.617871444
2021-12-14 17:00:00+00:00,0.617471433
2021-12-14 18:00:00+00:00,0.617071145
2021-12-14 19:00:00+00:00,0.616670696
2021-12-14 20:00:00+00:00,0.616276613
2021-12-14 21:00:00+00:00,0.615884424
2021-12-14 22:00:00+00:00,0.615494103
2021-12-14 23:00:00+00:00,0.615101669
2021-12-15 00:00:00+00:00,0.614709455
2021-12-15 01:00:00+00:00,0.614320329
2021-12-15 02:00:00+00:00,0.613931166
2021-12-15 03:00:00+00:00,0.613542175
2021-12-15 04:00:00+00:00,0.613149134
2021-12-15 05:00:00+00:00,0.612756061
2021-12-15 06:00:00+00:00,0.612361398
2021-12-15 07:00:00+00:00,0.611966397
2021-12-15 08:00:00+00:00,0.611572715
2021-12-15 09:00:00+00:00,0.611206311
2021-12-15 10:00:00+00:00,0.611466987
2021-12-15 11:00:00+00:00,0.611727485
2021-12-15 12:00:00+00:00,0.611988146
2021-12-15 13:00:00+00:00,0.612249542
2021-12-15 14:00:00+00:00,0.611887849
2021-12-15 15:00:00+00:00,0.611521971
2021-12-15 16:00:00+00:00,0.611196198
2021-12-15 17:00:00+00:00,0.610871226
2021-12-15 18:00:00+00:00,0.610544918
2021-12-15 19:00:00+00:00,0.610218261
2021-12-15 20:00:00+00:00,0.609890476
2021-12-15 21:00:00+00:00,0.609565123
2021-12-15 22:00:00+00:00,0.609168623
2021-12-15 23:00:00+00:00,0.60877372
2021-12-16 00:00:00+00:00,0.608382282
2021-12-16 01:00:00+00:00,0.607994701
2021-12-16 02:00:00+00:00,0.607610125
2021-12-16 03:00:00+00:00,0.607227099
2021-12-16 04:00:00+00:00,0.606839608
2021-12-16 05:00:00+00:00,0.606584908
2021-12-16 06:00:00+00:00,0.606330315
2021-12-16 07:00:00+00:00,0.606033175
2021-12-16 08:00:00+00:00,0.605637787
2021-12-16 09:00:00+00:00,0.605264
2021-12-16 10:00:00+00:00,0.605520984
2021-12-16 11:00:00+00:00,0.605779133
2021-12-16 12:00:00+00:00,0.606036962
2021-12-16 13:00:00+00:00,0.6062931
2021-12-16 14:00:00+00:00,0.60592952
2021-12-16 15:00:00+00:00,0.605556395
2021-12-16 16:00:00+00:00,0.605252533
2021-12-16 17:00:00+00:00,0.604946187
2021-12-16 18:00:00+00:00,0.604642333
2021-12-16 19:00:00+00:00,0.604337264
2021-12-16 20:00:00+00:00,0.604033562
2021-12-16 21:00:00+00:00,0.603731096
2021-12-16 22:00:00+00:00,0.603427743
2021-12-16 23:00:00+00:00,0.603030073
2021-12-17 00:00:00+00:00,0.602631525
2021-12-17 01:00:00+00:00,0.602234115
2021-12-17 02:00:00+00:00,0.601843176
2021-12-17 03:00:00+00:00,0.601452441
2021-12-17 04:00:00+00:00,0.601058865
2021-12-17 05:00:00+00:00,0.60065961
2021-12-17 06:00:00+00:00,0.600259113
2021-12-17 07:00:00+00:00,0.59985778
2021-12-17 08:00:00+00:00,0.599457163
2021-12-17 09:00:00+00:00,0.599080994
2021-12-17 10:00:00+00:00,0.599334745
2021-12-17 11:00:00+00:00,0.599587718
2021-12-17 12:00:00+00:00,0.599840573
2021-12-17 13:00:00+00:00,0.599473523
2021-12-17 14:00:00+00:00,0.599105513
2021-12-17 15:00:00+00:00,0.598715174
2021-12-17 16:00:00+00:00,0.598313171
2021-12-17 17:00:00+00:00,0.597909832
2021-12-17 18:00:00+00:00,0.59750637
2021-12-17 19:00:00+00:00,0.597102711
2021-12-17 20:00:00+00:00,0.596699801
2021-12-17 21:00:00+00:00,0.596298023
2021-12-17 22:00:00+00:00,0.59589652
2021-12-17 23:00:00+00:00,0.595499772
2021-12-18 00:00:00+00:00,0.595102858
2021-12-18 01:00:00+00:00,0.594706984
2021-12-18 02:00:00+00:00,0.594312068
2021-12-18 03:00:00+00:00,0.593917881
2021-12-18 04:00:00+00:00,0.593527488
2021-12-18 05:00:00+00:00,0.59313712
2021-12-18 06:00:00+00:00,0.592741618
2021-12-18 07:00:00+00:00,0.592345431
2021-12-18 08:00:00+00:00,0.591948256
2021-12-18 09:00:00+00:00,0.591556895
2021-12-18 10:00:00+00:00,0.591188255
2021-12-18 11:00:00+00:00,0.590824329
2021-12-18 12:00:00+00:00,0.590458626
2021-12-18 13:00:00+00:00,0.590088715
2021-12-18 14:00:00+00:00,0.589713548
2021-12-18 15:00:00+00:00,0.589318319
2021-12-18 16:00:00+00:00,0.58892057
2021-12-18 17:00:00+00:00,0.58851801
2021-12-18 18:00:00+00:00,0.588115225
2021-12-18 19:00:00+00:00,0.58771253
2021-12-18 20:00:00+00:00,0.587314087
2021-12-18 21:00:00+00:00,0.586918511
2021-12-18 22:00:00+00:00,0.586523062
2021-12-18 23:00:00+00:00,0.586128631
2021-12-19 00:00:00+00:00,0.585737301
2021-12-19 01:00:00+00:00,0.58535068
2021-12-19 02:00:00+00:00,0.584970455
2021-12-19 03:00:00+00:00,0.584594677
2021-12-19 04:00:00+00:00,0.584218519
2021-12-19 05:00:00+00:00,0.583834401
2021-12-19 06:00:00+00:00,0.583448202
2021-12-19 07:00:00+00:00,0.583058739
2021-12-19 08:00:00+00:00,0.582683393
2021-12-19 09:00:00+00:00,0.582941129
2021-12-19 10:00:00+00:00,0.583195453
2021-12-19 11:00:00+00:00,0.58345002
2021-12-19 12:00:00+00:00,0.583705898
2021-12-19 13:00:00+00:00,0.58396131
2021-12-19 14:00:00+00:00,0.583598204
2021-12-19 15:00:00+00:00,0.583235716
2021-12-19 16:00:00+00:00,0.583185866
2021-12-19 17:00:00+00:00,0.583132308
2021-12-19 18:00:00+00:00,0.58307819
2021-12-19 19:00:00+00:00,0.583024346
2021-12-19 20:00:00+00:00,0.582971451
2021-12-19 21:00:00+00:00,0.582922407
2021-12-19 22:00:00+00:00,0.582876125
2021-12-19 23:00:00+00:00,0.582570172
2021-12-20 00:00:00+00:00,0.582186394
2021-12-20 01:00:00+00:00,0.58188395
2021-12-20 02:00:00+00:00,0.581599746
2021-12-20 03:00:00+00:00,0.581305849
2021-12-20 04:00:00+00:00,0.5809297
2021-12-20 05:00:00+00:00,0.580538965
2021-12-20 06:00:00+00:00,0.580143601
2021-12-20 07:00:00+00:00,0.579746667
2021-12-20 08:00:00+00:00,0.579348037
2021-12-20 09:00:00+00:00,0.57898752
2021-12-20 10:00:00+00:00,0.578850376
2021-12-20 11:00:00+00:00,0.578884632
2021-12-20 12:00:00+00:00,0.578861157
2021-12-20 13:00:00+00:00,0.578775178
2021-12-20 14:00:00+00:00,0.578471504
2021-12-20 15:00:00+00:00,0.578073815
2021-12-20 16:00:00+00:00,0.577675241
2021-12-20 17:00:00+00:00,0.577276592
2021-12-20 18:00:00+00:00,0.576877838
2021-12-20 19:00:00+00:00,0.576478706
2021-12-20 20:00:00+00:00,0.576080107
2021-12-20 21:00:00+00:00,0.575682611
2021-12-20 22:00:00+00:00,0.575285618
2021-12-20 23:00:00+00:00,0.574999855
2021-12-21 00:00:00+00:00,0.574826951
2021-12-21 01:00:00+00:00,0.574731029
2021-12-21 02:00:00+00:00,0.574582965
2021-12-21 03:00:00+00:00,0.574385193
2021-12-21 04:00:00+00:00,0.57416878
2021-12-21 05:00:00+00:00,0.573779722
2021-12-21 06:00:00+00:00,0.573387367
2021-12-21 07:00:00+00:00,0.572992311
2021-12-21 08:00:00+00:00,0.572593277
2021-12-21 09:00:00+00:00,0.572195966
2021-12-21 10:00:00+00:00,0.572023534
2021-12-21 11:00:00+00:00,0.572052303
2021-12-21 12:00:00+00:00,0.572184026
2021-12-21 13:00:00+00:00,0.57234201
2021-12-21 14:00:00+00:00,0.572357281
2021-12-21 15:00:00+00:00,0.571965172
2021-12-21 16:00:00+00:00,0.571572622
2021-12-21 17:00:00+00:00,0.571175562
2021-12-21 18:00:00+00:00,0.570777091
2021-12-21 19:00:00+00:00,0.570376675
2021-12-21 20:00:00+00:00,0.569979443
2021-12-21 21:00:00+00:00,0.569586666
2021-12-21 22:00:00+00:00,0.56919233
2021-12-21 23:00:00+00:00,0.56880127
2021-12-22 00:00:00+00:00,0.568472157
2021-12-22 01:00:00+00:00,0.568211581
2021-12-22 02:00:00+00:00,0.567974966
2021-12-22 03:00:00+00:00,0.567769125
2021-12-22 04:00:00+00:00,0.567529033
2021-12-22 05:00:00+00:00,0.567158933
2021-12-22 06:00:00+00:00,0.566768205
2021-12-22 07:00:00+00:00,0.566376158
2021-12-22 08:00:00+00:00,0.565981263
2021-12-22 09:00:00+00:00,0.565625201
2021-12-22 10:00:00+00:00,0.565676683
2021-12-22 11:00:00+00:00,0.56532137
2021-12-22 12:00:00+00:00,0.564965277
2021-12-22 13:00:00+00:00,0.564602954
2021-12-22 14:00:00+00:00,0.564245486
2021-12-22 15:00:00+00:00,0.56386397
2021-12-22 16:00:00+00:00,0.563568072
2021-12-22 17:00:00+00:00,0.563269553
2021-12-22 18:00:00+00:00,0.562971517
2021-12-22 19:00:00+00:00,0.562673323
2021-12-22 20:00:00+00:00,0.562377006
2021-12-22 21:00:00+00:00,0.561987179
2021-12-22 22:00:00+00:00,0.56160035
2021-12-22 23:00:00+00:00,0.561228375
2021-12-23 00:00:00+00:00,0.56086325
2021-12-23 01:00:00+00:00,0.560502098
2021-12-23 02:00:00+00:00,0.560140859
2021-12-23 03:00:00+00:00,0.559774279
2021-12-23 04:00:00+00:00,0.559401988
2021-12-23 05:00:00+00:00,0.559014109
2021-12-23 06:00:00+00:00,0.559033819
2021-12-23 07:00:00+00:00,0.559052546
2021-12-23 08:00:00+00:00,0.559070979
2021-12-23 09:00:00+00:00,0.558956364
2021-12-23 10:00:00+00:00,0.558563852
2021-12-23 11:00:00+00:00,0.55817649
2021-12-23 12:00:00+00:00,0.557791531
2021-12-23 13:00:00+00:00,0.557401356
2021-12-23 14:00:00+00:00,0.557009413
2021-12-23 15:00:00+00:00,0.556652728
2021-12-23 16:00:00+00:00,0.556295788
2021-12-23 17:00:00+00:00,0.555937343
2021-12-23 18:00:00+00:00,0.55557915
2021-12-23 19:00:00+00:00,0.555175916
2021-12-23 20:00:00+00:00,0.554775352
2021-12-23 21:00:00+00:00,0.554390078
2021-12-23 22:00:00+00:00,0.554013461
2021-12-23 23:00:00+00:00,0.553643812
2021-12-24 00:00:00+00:00,0.553277042
2021-12-24 01:00:00+00:00,0.552916132
2021-12-24 02:00:00+00:00,0.552554078
2021-12-24 03:00:00+00:00,0.552191399
2021-12-24 04:00:00+00:00,0.551827084
2021-12-24 05:00:00+00:00,0.551459764
2021-12-24 06:00:00+00:00,0.551085671
2021-12-24 07:00:00+00:00,0.550703431
2021-12-24 08:00:00+00:00,0.550318302
2021-12-24 09:00:00+00:00,0.549931779
2021-12-24 10:00:00+00:00,0.549773379
2021-12-24 11:00:00+00:00,0.550020922
2021-12-24 12:00:00+00:00,0.550268351
2021-12-24 13:00:00+00:00,0.550514969
2021-12-24 14:00:00+00:00,0.550760984
2021-12-24 15:00:00+00:00,0.551005689
2021-12-24 16:00:00+00:00,0.551251874
2021-12-24 17:00:00+00:00,0.551494969
2021-12-24 18:00:00+00:00,0.551739588
2021-12-24 19:00:00+00:00,0.551991248
2021-12-24 20:00:00+00:00,0.552244972
2021-12-24 21:00:00+00:00,0.552499307
2021-12-24 22:00:00+00:00,0.552753565
2021-12-24 23:00:00+00:00,0.553009569
2021-12-25 00:00:00+00:00,0.553266129
2021-12-25 01:00:00+00:00,0.553521077
2021-12-25 02:00:00+00:00,0.553778183
2021-12-25 03:00:00+00:00,0.554035868
2021-12-25 04:00:00+00:00,0.5542937
2021-12-25 05:00:00+00:00,0.554551756
2021-12-25 06:00:00+00:00,0.554810059
2021-12-25 07:00:00+00:00,0.555068286
2021-12-25 08:00:00+00:00,0.555326335
2021-12-25 09:00:00+00:00,0.555583734
2021-12-25 10:00:00+00:00,0.55584003
2021-12-25 11:00:00+00:00,0.556090168
2021-12-25 12:00:00+00:00,0.556341601
2021-12-25 13:00:00+00:00,0.556597788
2021-12-25 14:00:00+00:00,0.556854329
2021-12-25 15:00:00+00:00,0.556775322
2021-12-25 16:00:00+00:00,0.557031161
2021-12-25 17:00:00+00:00,0.557283481
2021-12-25 18:00:00+00:00,0.557535182
2021-12-25 19:00:00+00:00,0.557787513
2021-12-25 20:00:00+00:00,0.558036777
2021-12-25 21:00:00+00:00,0.558289645
2021-12-25 22:00:00+00:00,0.558543472
2021-12-25 23:00:00+00:00,0.558154018
2021-12-26 00:00:00+00:00,0.55777647
2021-12-26 01:00:00+00:00,0.557404742
2021-12-26 02:00:00+00:00,0.55703181
2021-12-26 03:00:00+00:00,0.556660047
2021-12-26 04:00:00+00:00,0.556292923
2021-12-26 05:00:00+00:00,0.555925594
2021-12-26 06:00:00+00:00,0.555554891
2021-12-26 07:00:00+00:00,0.555184148
2021-12-26 08:00:00+00:00,0.555442852
2021-12-26 09:00:00+00:00,0.555701119
2021-12-26 10:00:00+00:00,0.555958779
2021-12-26 11:00:00+00:00,0.556215278
2021-12-26 12:00:00+00:00,0.556470877
2021-12-26 13:00:00+00:00,0.556725933
2021-12-26 14:00:00+00:00,0.556981366
2021-12-26 15:00:00+00:00,0.55723654
2021-12-26 16:00:00+00:00,0.557491387
2021-12-26 17:00:00+00:00,0.557745429
2021-12-26 18:00:00+00:00,0.557998306
2021-12-26 19:00:00+00:00,0.558242951
2021-12-26 20:00:00+00:00,0.558488187
2021-12-26 21:00:00+00:00,0.558734311
2021-12-26 22:00:00+00:00,0.558980377
2021-12-26 23:00:00+00:00,0.559231365
2021-12-27 00:00:00+00:00,0.559488361
2021-12-27 01:00:00+00:00,0.559745793
2021-12-27 02:00:00+00:00,0.560003226
2021-12-27 03:00:00+00:00,0.560260564
2021-12-27 04:00:00+00:00,0.560516948
2021-12-27 05:00:00+00:00,0.560771915
2021-12-27 06:00:00+00:00,0.56102121
2021-12-27 07:00:00+00:00,0.561271027
2021-12-27 08:00:00+00:00,0.561519805
2021-12-27 09:00:00+00:00,0.561769804
2021-12-27 10:00:00+00:00,0.562019289
2021-12-27 11:00:00+00:00,0.562268726
2021-12-27 12:00:00+00:00,0.562514744
2021-12-27 13:00:00+00:00,0.562760855
2021-12-27 14:00:00+00:00,0.563007284
2021-12-27 15:00:00+00:00,0.563253217
2021-12-27 16:00:00+00:00,0.563499803
2021-12-27 17:00:00+00:00,0.563741384
2021-12-27 18:00:00+00:00,0.563982737
2021-12-27 19:00:00+00:00,0.564227377
2021-12-27 20:00:00+00:00,0.564471718
2021-12-27 21:00:00+00:00,0.564717068
2021-12-27 22:00:00+00:00,0.564963732
2021-12-27 23:00:00+00:00,0.565213871
2021-12-28 00:00:00+00:00,0.565463684
2021-12-28 01:00:00+00:00,0.56571547
2021-12-28 02:00:00+00:00,0.565967907
2021-12-28 03:00:00+00:00,0.566219654
2021-12-28 04:00:00+00:00,0.566472027
2021-12-28 05:00:00+00:00,0.566724784
2021-12-28 06:00:00+00:00,0.566976406
2021-12-28 07:00:00+00:00,0.567223245
2021-12-28 08:00:00+00:00,0.567470198
2021-12-28 09:00:00+00:00,0.56771577
2021-12-28 10:00:00+00:00,0.567962966
2021-12-28 11:00:00+00:00,0.568209859
2021-12-28 12:00:00+00:00,0.568453983
2021-12-28 13:00:00+00:00,0.568697113
2021-12-28 14:00:00+00:00,0.568943385
2021-12-28 15:00:00+00:00,0.569189008
2021-12-28 16:00:00+00:00,0.569434112
2021-12-28 17:00:00+00:00,0.569674875
2021-12-28 18:00:00+00:00,0.569914065
2021-12-28 19:00:00+00:00,0.570153423
2021-12-28 20:00:00+00:00,0.570393042
2021-12-28 21:00:00+00:00,0.570635612
2021-12-28 22:00:00+00:00,0.570881409
2021-12-28 23:00:00+00:00,0.571129281
2021-12-29 00:00:00+00:00,0.571377845
2021-12-29 01:00:00+00:00,0.571628177
2021-12-29 02:00:00+00:00,0.571876658
2021-12-29 03:00:00+00:00,0.572124367
2021-12-29 04:00:00+00:00,0.572371175
2021-12-29 05:00:00+00:00,0.572619547
2021-12-29 06:00:00+00:00,0.572866539
2021-12-29 07:00:00+00:00,0.573110001
2021-12-29 08:00:00+00:00,0.573351775
2021-12-29 09:00:00+00:00,0.573593342
2021-12-29 10:00:00+00:00,0.573834839
2021-12-29 11:00:00+00:00,0.574076027
2021-12-29 12:00:00+00:00,0.574317802
2021-12-29 13:00:00+00:00,0.574561676
2021-12-29 14:00:00+00:00,0.574809528
2021-12-29 15:00:00+00:00,0.575055894
2021-12-29 16:00:00+00:00,0.575136058
2021-12-29 17:00:00+00:00,0.575214483
2021-12-29 18:00:00+00:00,0.575291693
2021-12-29 19:00:00+00:00,0.575368714
2021-12-29 20:00:00+00:00,0.575446017
2021-12-29 21:00:00+00:00,0.575524454
2021-12-29 22:00:00+00:00,0.575607193
2021-12-29 23:00:00+00:00,0.575692697
2021-12-30 00:00:00+00:00,0.575775787
2021-12-30 01:00:00+00:00,0.575859526
2021-12-30 02:00:00+00:00,0.575944769
2021-12-30 03:00:00+00:00,0.576030749
2021-12-30 04:00:00+00:00,0.576115116
2021-12-30 05:00:00+00:00,0.57620092
2021-12-30 06:00:00+00:00,0.575795786
2021-12-30 07:00:00+00:00,0.575386169
2021-12-30 08:00:00+00:00,0.575026435
2021-12-30 09:00:00+00:00,0.575274539
2021-12-30 10:00:00+00:00,0.575522087
2021-12-30 11:00:00+00:00,0.575768674
2021-12-30 12:00:00+00:00,0.576016183
2021-12-30 13:00:00+00:00,0.57626657
2021-12-30 14:00:00+00:00,0.57651431
2021-12-30 15:00:00+00:00,0.57613745
2021-12-30 16:00:00+00:00,0.575730608
2021-12-30 17:00:00+00:00,0.57585588
2021-12-30 18:00:00+00:00,0.575980569
2021-12-30 19:00:00+00:00,0.576104195
2021-12-30 20:00:00+00:00,0.576230254
2021-12-30 21:00:00+00:00,0.576359676
2021-12-30 22:00:00+00:00,0.576263125
2021-12-30 23:00:00+00:00,0.575863492
2021-12-31 00:00:00+00:00,0.575470144
2021-12-31 01:00:00+00:00,0.575079458
2021-12-31 02:00:00+00:00,0.574685382
2021-12-31 03:00:00+00:00,0.574290463
2021-12-31 04:00:00+00:00,0.573894589
2021-12-31 05:00:00+00:00,0.573497248
2021-12-31 06:00:00+00:00,0.573096904
2021-12-31 07:00:00+00:00,0.57334752
2021-12-31 08:00:00+00:00,0.572967526
2021-12-31 09:00:00+00:00,0.573222571
2021-12-31 10:00:00+00:00,0.573477378
2021-12-31 11:00:00+00:00,0.573732128
2021-12-31 12:00:00+00:00,0.57398782
2021-12-31 13:00:00+00:00,0.574240057
2021-12-31 14:00:00+00:00,0.574491868
2021-12-31 15:00:00+00:00,0.574742812
2021-12-31 16:00:00+00:00,0.57482657
2021-12-31 17:00:00+00:00,0.575074133
2021-12-31 18:00:00+00:00,0.575319429
2021-12-31 19:00:00+00:00,0.575565988
2021-12-31 20:00:00+00:00,0.575649981
2021-12-31 21:00:00+00:00,0.575738831
2021-12-31 22:00:00+00:00,0.575828709
2021-12-31 23:00:00+00:00,0.575924095
