Unnamed: 0,HPHS,HDAM
2019-01-01 00:00:00+00:00,0.005430172,0.194646713
2019-01-01 01:00:00+00:00,0.039863156,0.19885956
2019-01-01 02:00:00+00:00,0.07579133,0.199356031
2019-01-01 03:00:00+00:00,0.081859034,0.199040326
2019-01-01 04:00:00+00:00,0.07142152,0.199443167
2019-01-01 05:00:00+00:00,0.01792245,0.199788231
2019-01-01 06:00:00+00:00,0.000897048,0.1992385
2019-01-01 07:00:00+00:00,0,0.199756802
2019-01-01 08:00:00+00:00,0,0.200032514
2019-01-01 09:00:00+00:00,0,0.199705047
2019-01-01 10:00:00+00:00,0,0.200097067
2019-01-01 11:00:00+00:00,0,0.199727725
2019-01-01 12:00:00+00:00,0,0.199985464
2019-01-01 13:00:00+00:00,0,0.200356688
2019-01-01 14:00:00+00:00,0,0.200474501
2019-01-01 15:00:00+00:00,0,0.199065827
2019-01-01 16:00:00+00:00,0.001256821,0.19913979
2019-01-01 17:00:00+00:00,0.007248484,0.197915551
2019-01-01 18:00:00+00:00,0.001239509,0.197445429
2019-01-01 19:00:00+00:00,0,0.197541034
2019-01-01 20:00:00+00:00,0.002199341,0.198677666
2019-01-01 21:00:00+00:00,0.012171184,0.200056039
2019-01-01 22:00:00+00:00,0.007604203,0.200530867
2019-01-01 23:00:00+00:00,0.046382946,0.200675216
2019-01-02 00:00:00+00:00,0.124672359,0.200991015
2019-01-02 01:00:00+00:00,0.150464773,0.200793405
2019-01-02 02:00:00+00:00,0.173521174,0.200611134
2019-01-02 03:00:00+00:00,0.171705382,0.201219113
2019-01-02 04:00:00+00:00,0.156749098,0.200973042
2019-01-02 05:00:00+00:00,0.079724614,0.201342666
2019-01-02 06:00:00+00:00,0.049551706,0.201012281
2019-01-02 07:00:00+00:00,0.086129355,0.200092456
2019-01-02 08:00:00+00:00,0.114473761,0.20139188
2019-01-02 09:00:00+00:00,0.061693689,0.201744754
2019-01-02 10:00:00+00:00,0.008806896,0.201781171
2019-01-02 11:00:00+00:00,0,0.203286391
2019-01-02 12:00:00+00:00,0,0.201644914
2019-01-02 13:00:00+00:00,0,0.20163334
2019-01-02 14:00:00+00:00,0.00026105,0.202322527
2019-01-02 15:00:00+00:00,0.013431456,0.200567189
2019-01-02 16:00:00+00:00,0.087214644,0.199432064
2019-01-02 17:00:00+00:00,0.190138154,0.197879041
2019-01-02 18:00:00+00:00,0.170299711,0.197995066
2019-01-02 19:00:00+00:00,0.083591827,0.199199355
2019-01-02 20:00:00+00:00,0.062545376,0.201417569
2019-01-02 21:00:00+00:00,0.065557506,0.201187589
2019-01-02 22:00:00+00:00,0.063686546,0.203546201
2019-01-02 23:00:00+00:00,0.023624849,0.204750208
2019-01-03 00:00:00+00:00,0.011639332,0.204514299
2019-01-03 01:00:00+00:00,0.001661627,0.205208474
2019-01-03 02:00:00+00:00,0,0.204944241
2019-01-03 03:00:00+00:00,0,0.204579605
2019-01-03 04:00:00+00:00,0.005968927,0.205340025
2019-01-03 05:00:00+00:00,0.043105931,0.205159353
2019-01-03 06:00:00+00:00,0.096020828,0.204281308
2019-01-03 07:00:00+00:00,0.219061692,0.20215597
2019-01-03 08:00:00+00:00,0.475549159,0.200895692
2019-01-03 09:00:00+00:00,0.518846289,0.201368449
2019-01-03 10:00:00+00:00,0.3347462,0.201453233
2019-01-03 11:00:00+00:00,0.183187755,0.201215349
2019-01-03 12:00:00+00:00,0.118014566,0.200498685
2019-01-03 13:00:00+00:00,0.171366921,0.200587891
2019-01-03 14:00:00+00:00,0.285156035,0.199540561
2019-01-03 15:00:00+00:00,0.284635633,0.198683123
2019-01-03 16:00:00+00:00,0.221397776,0.19834474
2019-01-03 17:00:00+00:00,0.375192377,0.197501794
2019-01-03 18:00:00+00:00,0.213399341,0.196571242
2019-01-03 19:00:00+00:00,0.074506185,0.198244806
2019-01-03 20:00:00+00:00,0.02934056,0.199788231
2019-01-03 21:00:00+00:00,0.005872451,0.200619509
2019-01-03 22:00:00+00:00,0.013868037,0.202587982
2019-01-03 23:00:00+00:00,0.02940685,0.204451535
2019-01-04 00:00:00+00:00,0.015706838,0.205137993
2019-01-04 01:00:00+00:00,0.004825895,0.206753874
2019-01-04 02:00:00+00:00,0.000332983,0.207250721
2019-01-04 03:00:00+00:00,0,0.206087083
2019-01-04 04:00:00+00:00,0.002940526,0.20573515
2019-01-04 05:00:00+00:00,0.019986692,0.2043564
2019-01-04 06:00:00+00:00,0.076913051,0.2029609
2019-01-04 07:00:00+00:00,0.322633034,0.200014259
2019-01-04 08:00:00+00:00,0.375669116,0.199361112
2019-01-04 09:00:00+00:00,0.358788072,0.199455683
2019-01-04 10:00:00+00:00,0.337235079,0.200684438
2019-01-04 11:00:00+00:00,0.334315481,0.201438083
2019-01-04 12:00:00+00:00,0.238270219,0.200654796
2019-01-04 13:00:00+00:00,0.142153243,0.201513363
2019-01-04 14:00:00+00:00,0.022811457,0.202787945
2019-01-04 15:00:00+00:00,0.022788174,0.202481932
2019-01-04 16:00:00+00:00,0.16759224,0.199890706
2019-01-04 17:00:00+00:00,0.36445749,0.198867559
2019-01-04 18:00:00+00:00,0.404116244,0.199056417
2019-01-04 19:00:00+00:00,0.274855099,0.20016783
2019-01-04 20:00:00+00:00,0.219289488,0.202325726
2019-01-04 21:00:00+00:00,0.260545989,0.202207349
2019-01-04 22:00:00+00:00,0.162742021,0.200410701
2019-01-04 23:00:00+00:00,0.059166351,0.202332972
2019-01-05 00:00:00+00:00,0.02560757,0.202726686
2019-01-05 01:00:00+00:00,0.003645499,0.204305586
2019-01-05 02:00:00+00:00,0,0.206299655
2019-01-05 03:00:00+00:00,0,0.206757638
2019-01-05 04:00:00+00:00,0,0.216626637
2019-01-05 05:00:00+00:00,0,0.215964927
2019-01-05 06:00:00+00:00,0,0.20677947
2019-01-05 07:00:00+00:00,0,0.210484931
2019-01-05 08:00:00+00:00,0.00260338,0.207062334
2019-01-05 09:00:00+00:00,0.013323091,0.204999948
2019-01-05 10:00:00+00:00,0.002511779,0.206821814
2019-01-05 11:00:00+00:00,0,0.209683013
2019-01-05 12:00:00+00:00,0,0.211385184
2019-01-05 13:00:00+00:00,0,0.218028347
2019-01-05 14:00:00+00:00,0,0.218183706
2019-01-05 15:00:00+00:00,0,0.217856709
2019-01-05 16:00:00+00:00,0.00177788,0.2087263
2019-01-05 17:00:00+00:00,0.009109747,0.206844869
2019-01-05 18:00:00+00:00,0.001616101,0.212219661
2019-01-05 19:00:00+00:00,0,0.214008498
2019-01-05 20:00:00+00:00,0,0.216834503
2019-01-05 21:00:00+00:00,0,0.217777854
2019-01-05 22:00:00+00:00,0,0.217618919
2019-01-05 23:00:00+00:00,0.003490512,0.215899528
2019-01-06 00:00:00+00:00,0.018267322,0.217346876
2019-01-06 01:00:00+00:00,0.02156143,0.217207515
2019-01-06 02:00:00+00:00,0.070487601,0.217899619
2019-01-06 03:00:00+00:00,0.080631743,0.218426389
2019-01-06 04:00:00+00:00,0.080564302,0.218403147
2019-01-06 05:00:00+00:00,0.077587399,0.218475603
2019-01-06 06:00:00+00:00,0.054382476,0.21825174
2019-01-06 07:00:00+00:00,0.017117715,0.217404748
2019-01-06 08:00:00+00:00,0.050218055,0.217864331
2019-01-06 09:00:00+00:00,0.042470261,0.218216359
2019-01-06 10:00:00+00:00,0.006632537,0.216982052
2019-01-06 11:00:00+00:00,0,0.217198575
2019-01-06 12:00:00+00:00,0,0.218107861
2019-01-06 13:00:00+00:00,0,0.218100522
2019-01-06 14:00:00+00:00,0,0.218846827
2019-01-06 15:00:00+00:00,0.003355358,0.219158297
2019-01-06 16:00:00+00:00,0.019916731,0.218113696
2019-01-06 17:00:00+00:00,0.014674471,0.213821616
2019-01-06 18:00:00+00:00,0.002075417,0.210340959
2019-01-06 19:00:00+00:00,0,0.206264179
2019-01-06 20:00:00+00:00,0,0.206132345
2019-01-06 21:00:00+00:00,0.002307705,0.210717075
2019-01-06 22:00:00+00:00,0.017454368,0.217215325
2019-01-06 23:00:00+00:00,0.030117027,0.218784345
2019-01-07 00:00:00+00:00,0.006422382,0.219130726
2019-01-07 01:00:00+00:00,0.010728642,0.218875057
2019-01-07 02:00:00+00:00,0.064748168,0.219020065
2019-01-07 03:00:00+00:00,0.075948727,0.21922812
2019-01-07 04:00:00+00:00,0.058433274,0.218759314
2019-01-07 05:00:00+00:00,0.028388618,0.218760444
2019-01-07 06:00:00+00:00,0.004388273,0.214897741
2019-01-07 07:00:00+00:00,0.002117328,0.213923055
2019-01-07 08:00:00+00:00,0.010792576,0.206473833
2019-01-07 09:00:00+00:00,0.002042163,0.205097906
2019-01-07 10:00:00+00:00,0,0.206203297
2019-01-07 11:00:00+00:00,0,0.20696861
2019-01-07 12:00:00+00:00,0,0.207288549
2019-01-07 13:00:00+00:00,0,0.20750065
2019-01-07 14:00:00+00:00,0,0.216915053
2019-01-07 15:00:00+00:00,0,0.21709723
2019-01-07 16:00:00+00:00,0.017870898,0.21187582
2019-01-07 17:00:00+00:00,0.122214104,0.21146244
2019-01-07 18:00:00+00:00,0.211714431,0.211685362
2019-01-07 19:00:00+00:00,0.196007264,0.211179764
2019-01-07 20:00:00+00:00,0.093537099,0.213527742
2019-01-07 21:00:00+00:00,0.069898663,0.216077658
2019-01-07 22:00:00+00:00,0.041437237,0.216106265
2019-01-07 23:00:00+00:00,0.010688375,0.218402394
2019-01-08 00:00:00+00:00,0.000221605,0.218875904
2019-01-08 01:00:00+00:00,0.000163259,0.219281098
2019-01-08 02:00:00+00:00,0.015452417,0.219450383
2019-01-08 03:00:00+00:00,0.052624099,0.219338216
2019-01-08 04:00:00+00:00,0.01460851,0.21943448
2019-01-08 05:00:00+00:00,0.047962833,0.218252587
2019-01-08 06:00:00+00:00,0.265813669,0.215617887
2019-01-08 07:00:00+00:00,0.465903889,0.213451898
2019-01-08 08:00:00+00:00,0.408471426,0.213469683
2019-01-08 09:00:00+00:00,0.281220012,0.21299589
2019-01-08 10:00:00+00:00,0.225031879,0.215507414
2019-01-08 11:00:00+00:00,0.081475869,0.21597396
2019-01-08 12:00:00+00:00,0.011328263,0.215095633
2019-01-08 13:00:00+00:00,0.000223249,0.21611144
2019-01-08 14:00:00+00:00,5.73598E-05,0.21657874
2019-01-08 15:00:00+00:00,0.020321975,0.216198859
2019-01-08 16:00:00+00:00,0.161169638,0.21430096
2019-01-08 17:00:00+00:00,0.399672638,0.21175716
2019-01-08 18:00:00+00:00,0.317671656,0.210384809
2019-01-08 19:00:00+00:00,0.145907654,0.211266618
2019-01-08 20:00:00+00:00,0.138416911,0.212912235
2019-01-08 21:00:00+00:00,0.050166941,0.213451427
2019-01-08 22:00:00+00:00,0.013986427,0.214862736
2019-01-08 23:00:00+00:00,0.00161117,0.218183424
2019-01-09 00:00:00+00:00,0.007052025,0.219025523
2019-01-09 01:00:00+00:00,0.056514541,0.219755455
2019-01-09 02:00:00+00:00,0.127625321,0.219482189
2019-01-09 03:00:00+00:00,0.132050135,0.219522464
2019-01-09 04:00:00+00:00,0.09128122,0.220062973
2019-01-09 05:00:00+00:00,0.081397691,0.218690622
2019-01-09 06:00:00+00:00,0.078685453,0.215863299
2019-01-09 07:00:00+00:00,0.134413667,0.212950534
2019-01-09 08:00:00+00:00,0.133078722,0.211824818
2019-01-09 09:00:00+00:00,0.077747864,0.211324207
2019-01-09 10:00:00+00:00,0.029479824,0.214631345
2019-01-09 11:00:00+00:00,0.003578442,0.215561897
2019-01-09 12:00:00+00:00,0,0.21516075
2019-01-09 13:00:00+00:00,0,0.214976409
2019-01-09 14:00:00+00:00,0,0.215122169
2019-01-09 15:00:00+00:00,0,0.214744547
2019-01-09 16:00:00+00:00,0.009795435,0.212252125
2019-01-09 17:00:00+00:00,0.053821479,0.201752564
2019-01-09 18:00:00+00:00,0.046496131,0.201865014
2019-01-09 19:00:00+00:00,0.007231008,0.21344691
2019-01-09 20:00:00+00:00,0.003948076,0.214565098
2019-01-09 21:00:00+00:00,0.027657348,0.215111065
2019-01-09 22:00:00+00:00,0.038633399,0.215979042
2019-01-09 23:00:00+00:00,0.006716029,0.219037379
2019-01-10 00:00:00+00:00,0.000482436,0.219108519
2019-01-10 01:00:00+00:00,0.00622554,0.219278369
2019-01-10 02:00:00+00:00,0.016880496,0.219550317
2019-01-10 03:00:00+00:00,0.015987885,0.219343298
2019-01-10 04:00:00+00:00,0.002248538,0.219574971
2019-01-10 05:00:00+00:00,0.005420859,0.218950713
2019-01-10 06:00:00+00:00,0.043525364,0.217091772
2019-01-10 07:00:00+00:00,0.099741054,0.214692509
2019-01-10 08:00:00+00:00,0.127634525,0.21293322
2019-01-10 09:00:00+00:00,0.150316197,0.213119443
2019-01-10 10:00:00+00:00,0.038367801,0.213916092
2019-01-10 11:00:00+00:00,0.002236869,0.2148649
2019-01-10 12:00:00+00:00,0,0.214132804
2019-01-10 13:00:00+00:00,0,0.214057524
2019-01-10 14:00:00+00:00,0.000162437,0.213836484
2019-01-10 15:00:00+00:00,0.00881747,0.212567172
2019-01-10 16:00:00+00:00,0.091819482,0.206475245
2019-01-10 17:00:00+00:00,0.307251946,0.199040891
2019-01-10 18:00:00+00:00,0.426215552,0.199045219
2019-01-10 19:00:00+00:00,0.450526637,0.201614426
2019-01-10 20:00:00+00:00,0.334179505,0.205911775
2019-01-10 21:00:00+00:00,0.194931123,0.208654126
2019-01-10 22:00:00+00:00,0.065853892,0.215017154
2019-01-10 23:00:00+00:00,0.035596835,0.217693352
2019-01-11 00:00:00+00:00,0.012201151,0.218732778
2019-01-11 01:00:00+00:00,0.001099369,0.219421401
2019-01-11 02:00:00+00:00,0,0.218654205
2019-01-11 03:00:00+00:00,0,0.218576573
2019-01-11 04:00:00+00:00,0.003977002,0.219115106
2019-01-11 05:00:00+00:00,0.041882693,0.216785948
2019-01-11 06:00:00+00:00,0.134581308,0.210428566
2019-01-11 07:00:00+00:00,0.192450352,0.206887026
2019-01-11 08:00:00+00:00,0.230315995,0.203028558
2019-01-11 09:00:00+00:00,0.241838361,0.203141383
2019-01-11 10:00:00+00:00,0.192745753,0.203343039
2019-01-11 11:00:00+00:00,0.06211252,0.205373242
2019-01-11 12:00:00+00:00,0.006163797,0.209539417
2019-01-11 13:00:00+00:00,0,0.210077479
2019-01-11 14:00:00+00:00,0,0.21091572
2019-01-11 15:00:00+00:00,0.009764153,0.211152193
2019-01-11 16:00:00+00:00,0.077284438,0.199841586
2019-01-11 17:00:00+00:00,0.17551299,0.19754828
2019-01-11 18:00:00+00:00,0.196844816,0.197767721
2019-01-11 19:00:00+00:00,0.148072699,0.201286206
2019-01-11 20:00:00+00:00,0.061255738,0.211210911
2019-01-11 21:00:00+00:00,0.037904266,0.212197736
2019-01-11 22:00:00+00:00,0.027086161,0.213825756
2019-01-11 23:00:00+00:00,0.021252443,0.215401363
2019-01-12 00:00:00+00:00,0.056872232,0.216572059
2019-01-12 01:00:00+00:00,0.095417592,0.218738801
2019-01-12 02:00:00+00:00,0.101082517,0.218706618
2019-01-12 03:00:00+00:00,0.100498893,0.21857996
2019-01-12 04:00:00+00:00,0.09243888,0.218862448
2019-01-12 05:00:00+00:00,0.046713518,0.217898113
2019-01-12 06:00:00+00:00,0.010501449,0.21831601
2019-01-12 07:00:00+00:00,0.000572941,0.21696596
2019-01-12 08:00:00+00:00,0,0.215820954
2019-01-12 09:00:00+00:00,0,0.215891905
2019-01-12 10:00:00+00:00,0,0.215447566
2019-01-12 11:00:00+00:00,0.013375959,0.217015833
2019-01-12 12:00:00+00:00,0.09071699,0.217904324
2019-01-12 13:00:00+00:00,0.150108124,0.21790884
2019-01-12 14:00:00+00:00,0.159026726,0.217739649
2019-01-12 15:00:00+00:00,0.157729036,0.218351486
2019-01-12 16:00:00+00:00,0.135333396,0.214637085
2019-01-12 17:00:00+00:00,0.046564503,0.212367115
2019-01-12 18:00:00+00:00,0.004803542,0.201974734
2019-01-12 19:00:00+00:00,0,0.205924008
2019-01-12 20:00:00+00:00,0.000326683,0.209090655
2019-01-12 21:00:00+00:00,0.013283592,0.213623159
2019-01-12 22:00:00+00:00,0.060957489,0.214432041
2019-01-12 23:00:00+00:00,0.060728927,0.216978476
2019-01-13 00:00:00+00:00,0.083562791,0.218190575
2019-01-13 01:00:00+00:00,0.141197958,0.21921344
2019-01-13 02:00:00+00:00,0.169204451,0.219233013
2019-01-13 03:00:00+00:00,0.153712479,0.219002656
2019-01-13 04:00:00+00:00,0.139341625,0.219009149
2019-01-13 05:00:00+00:00,0.123903233,0.219201301
2019-01-13 06:00:00+00:00,0.088529702,0.218788956
2019-01-13 07:00:00+00:00,0.045036825,0.218201773
2019-01-13 08:00:00+00:00,0.046671772,0.218507786
2019-01-13 09:00:00+00:00,0.017315981,0.219157074
2019-01-13 10:00:00+00:00,0.001811135,0.218162157
2019-01-13 11:00:00+00:00,0,0.218407099
2019-01-13 12:00:00+00:00,0,0.219302082
2019-01-13 13:00:00+00:00,0,0.219231789
2019-01-13 14:00:00+00:00,0,0.219108236
2019-01-13 15:00:00+00:00,0.003830562,0.219351296
2019-01-13 16:00:00+00:00,0.054096773,0.214965399
2019-01-13 17:00:00+00:00,0.203997207,0.204919869
2019-01-13 18:00:00+00:00,0.266485497,0.203381808
2019-01-13 19:00:00+00:00,0.347275239,0.202654511
2019-01-13 20:00:00+00:00,0.292114652,0.204235764
2019-01-13 21:00:00+00:00,0.216597849,0.208134789
2019-01-13 22:00:00+00:00,0.097534755,0.20966344
2019-01-13 23:00:00+00:00,0.056743104,0.210203855
2019-01-14 00:00:00+00:00,0.009119608,0.218059777
2019-01-14 01:00:00+00:00,0.005087821,0.218740965
2019-01-14 02:00:00+00:00,0.035353042,0.218890489
2019-01-14 03:00:00+00:00,0.05270792,0.218760632
2019-01-14 04:00:00+00:00,0.036781723,0.218917496
2019-01-14 05:00:00+00:00,0.012080734,0.213035036
2019-01-14 06:00:00+00:00,0.035797457,0.21114156
2019-01-14 07:00:00+00:00,0.02704299,0.207809486
2019-01-14 08:00:00+00:00,0.009302371,0.207591833
2019-01-14 09:00:00+00:00,0.013398421,0.206619594
2019-01-14 10:00:00+00:00,0.027172776,0.207810992
2019-01-14 11:00:00+00:00,0.024481411,0.208343032
2019-01-14 12:00:00+00:00,0.004409036,0.217151996
2019-01-14 13:00:00+00:00,0,0.217085561
2019-01-14 14:00:00+00:00,0,0.217577515
2019-01-14 15:00:00+00:00,0,0.218361649
2019-01-14 16:00:00+00:00,0.00894857,0.213531694
2019-01-14 17:00:00+00:00,0.054097869,0.211135537
2019-01-14 18:00:00+00:00,0.052447528,0.210191528
2019-01-14 19:00:00+00:00,0.019482616,0.21022117
2019-01-14 20:00:00+00:00,0.003030647,0.212159343
2019-01-14 21:00:00+00:00,0,0.213010758
2019-01-14 22:00:00+00:00,0,0.21257884
2019-01-14 23:00:00+00:00,0.002841037,0.217334267
2019-01-15 00:00:00+00:00,0.031929641,0.219124233
2019-01-15 01:00:00+00:00,0.100391515,0.219735317
2019-01-15 02:00:00+00:00,0.088320533,0.219671235
2019-01-15 03:00:00+00:00,0.046365415,0.219372751
2019-01-15 04:00:00+00:00,0.010258751,0.217166769
2019-01-15 05:00:00+00:00,0.020717468,0.213158683
2019-01-15 06:00:00+00:00,0.081881168,0.211437033
2019-01-15 07:00:00+00:00,0.125570667,0.207785114
2019-01-15 08:00:00+00:00,0.104892316,0.207233125
2019-01-15 09:00:00+00:00,0.11678311,0.206454637
2019-01-15 10:00:00+00:00,0.027331871,0.213576486
2019-01-15 11:00:00+00:00,0.001485493,0.207648011
2019-01-15 12:00:00+00:00,0.001264436,0.208463762
2019-01-15 13:00:00+00:00,0.000556122,0.213377747
2019-01-15 14:00:00+00:00,0.000143865,0.213975375
2019-01-15 15:00:00+00:00,0.003459011,0.208240181
2019-01-15 16:00:00+00:00,0.069719078,0.208305768
2019-01-15 17:00:00+00:00,0.328802693,0.201337867
2019-01-15 18:00:00+00:00,0.404625524,0.201575469
2019-01-15 19:00:00+00:00,0.171950928,0.202404488
2019-01-15 20:00:00+00:00,0.078526741,0.209387163
2019-01-15 21:00:00+00:00,0.075454731,0.204464521
2019-01-15 22:00:00+00:00,0.030640114,0.209176285
2019-01-15 23:00:00+00:00,0.003461312,0.21186227
2019-01-16 00:00:00+00:00,0,0.217911381
2019-01-16 01:00:00+00:00,0.007095908,0.220657966
2019-01-16 02:00:00+00:00,0.048503232,0.220528673
2019-01-16 03:00:00+00:00,0.071660273,0.220136277
2019-01-16 04:00:00+00:00,0.022746373,0.212233588
2019-01-16 05:00:00+00:00,0.007555389,0.212423293
2019-01-16 06:00:00+00:00,0.035921928,0.212164236
2019-01-16 07:00:00+00:00,0.095605833,0.210565198
2019-01-16 08:00:00+00:00,0.178061694,0.209503376
2019-01-16 09:00:00+00:00,0.18580379,0.209588913
2019-01-16 10:00:00+00:00,0.140285679,0.208962867
2019-01-16 11:00:00+00:00,0.07613138,0.209966065
2019-01-16 12:00:00+00:00,0.013281345,0.208926733
2019-01-16 13:00:00+00:00,0.000248176,0.20889568
2019-01-16 14:00:00+00:00,0,0.209486721
2019-01-16 15:00:00+00:00,0,0.208970771
2019-01-16 16:00:00+00:00,0.006208721,0.205900295
2019-01-16 17:00:00+00:00,0.043481536,0.202169615
2019-01-16 18:00:00+00:00,0.071301705,0.202396019
2019-01-16 19:00:00+00:00,0.059391353,0.201407783
2019-01-16 20:00:00+00:00,0.062060146,0.204621197
2019-01-16 21:00:00+00:00,0.014454619,0.207156245
2019-01-16 22:00:00+00:00,0.000496954,0.210613095
2019-01-16 23:00:00+00:00,0,0.210976791
2019-01-17 00:00:00+00:00,0,0.212218814
2019-01-17 01:00:00+00:00,0,0.212717072
2019-01-17 02:00:00+00:00,0,0.212462344
2019-01-17 03:00:00+00:00,0,0.212407672
2019-01-17 04:00:00+00:00,0.010309921,0.212645745
2019-01-17 05:00:00+00:00,0.078516825,0.212512594
2019-01-17 06:00:00+00:00,0.171064892,0.212472131
2019-01-17 07:00:00+00:00,0.192487113,0.21101556
2019-01-17 08:00:00+00:00,0.122941374,0.210227286
2019-01-17 09:00:00+00:00,0.076501288,0.210418215
2019-01-17 10:00:00+00:00,0.059051138,0.210866976
2019-01-17 11:00:00+00:00,0.046739705,0.210271137
2019-01-17 12:00:00+00:00,0.026655222,0.210211854
2019-01-17 13:00:00+00:00,0.003789035,0.21088335
2019-01-17 14:00:00+00:00,0,0.211363635
2019-01-17 15:00:00+00:00,0,0.21112114
2019-01-17 16:00:00+00:00,0.03502351,0.208305392
2019-01-17 17:00:00+00:00,0.226266348,0.20436948
2019-01-17 18:00:00+00:00,0.297107367,0.205815888
2019-01-17 19:00:00+00:00,0.122099604,0.20513357
2019-01-17 20:00:00+00:00,0.08804628,0.207732983
2019-01-17 21:00:00+00:00,0.016504562,0.211303788
2019-01-17 22:00:00+00:00,6.60158E-05,0.21230708
2019-01-17 23:00:00+00:00,0,0.21054826
2019-01-18 00:00:00+00:00,0.000177887,0.211147488
2019-01-18 01:00:00+00:00,0.003267647,0.214242336
2019-01-18 02:00:00+00:00,0.007963099,0.211104767
2019-01-18 03:00:00+00:00,0.007641128,0.220064573
2019-01-18 04:00:00+00:00,0.003849627,0.220099107
2019-01-18 05:00:00+00:00,0.047182367,0.211426776
2019-01-18 06:00:00+00:00,0.225686121,0.208138459
2019-01-18 07:00:00+00:00,0.289773035,0.206603315
2019-01-18 08:00:00+00:00,0.265233825,0.205558525
2019-01-18 09:00:00+00:00,0.194857109,0.206337483
2019-01-18 10:00:00+00:00,0.137295189,0.207310004
2019-01-18 11:00:00+00:00,0.022779627,0.212185503
2019-01-18 12:00:00+00:00,0,0.212477118
2019-01-18 13:00:00+00:00,0,0.212648003
2019-01-18 14:00:00+00:00,0.012024853,0.214711141
2019-01-18 15:00:00+00:00,0.088319821,0.211653839
2019-01-18 16:00:00+00:00,0.215354067,0.21002723
2019-01-18 17:00:00+00:00,0.252020742,0.204689043
2019-01-18 18:00:00+00:00,0.164681736,0.205029778
2019-01-18 19:00:00+00:00,0.07844807,0.20524442
2019-01-18 20:00:00+00:00,0.044519382,0.209602087
2019-01-18 21:00:00+00:00,0.03276555,0.209829056
2019-01-18 22:00:00+00:00,0.005580886,0.214065805
2019-01-18 23:00:00+00:00,0,0.221022226
2019-01-19 00:00:00+00:00,0.000256887,0.220973012
2019-01-19 01:00:00+00:00,0.004958748,0.221683748
2019-01-19 02:00:00+00:00,0.014766948,0.222144178
2019-01-19 03:00:00+00:00,0.004934478,0.222010556
2019-01-19 04:00:00+00:00,0.010479699,0.222146813
2019-01-19 05:00:00+00:00,0.029951029,0.222564428
2019-01-19 06:00:00+00:00,0.006028643,0.222333036
2019-01-19 07:00:00+00:00,0,0.221535729
2019-01-19 08:00:00+00:00,0,0.219205159
2019-01-19 09:00:00+00:00,0,0.218845039
2019-01-19 10:00:00+00:00,0,0.218974238
2019-01-19 11:00:00+00:00,0,0.21965872
2019-01-19 12:00:00+00:00,0,0.2188042
2019-01-19 13:00:00+00:00,0,0.218269901
2019-01-19 14:00:00+00:00,0,0.216933967
2019-01-19 15:00:00+00:00,0,0.215296348
2019-01-19 16:00:00+00:00,0,0.204332781
2019-01-19 17:00:00+00:00,0,0.203200666
2019-01-19 18:00:00+00:00,0,0.203969273
2019-01-19 19:00:00+00:00,0,0.209995048
2019-01-19 20:00:00+00:00,0,0.210097334
2019-01-19 21:00:00+00:00,0,0.208231712
2019-01-19 22:00:00+00:00,0.00362742,0.21042499
2019-01-19 23:00:00+00:00,0.023800216,0.210757162
2019-01-20 00:00:00+00:00,0.031375108,0.211525581
2019-01-20 01:00:00+00:00,0.027697889,0.211523793
2019-01-20 02:00:00+00:00,0.028299702,0.211825665
2019-01-20 03:00:00+00:00,0.028566449,0.211702394
2019-01-20 04:00:00+00:00,0.028571654,0.212358176
2019-01-20 05:00:00+00:00,0.02857138,0.212387347
2019-01-20 06:00:00+00:00,0.028459838,0.212082181
2019-01-20 07:00:00+00:00,0.027065068,0.211803081
2019-01-20 08:00:00+00:00,0.021206916,0.211721591
2019-01-20 09:00:00+00:00,0.013989331,0.211776921
2019-01-20 10:00:00+00:00,0.00211174,0.208686872
2019-01-20 11:00:00+00:00,0,0.207613288
2019-01-20 12:00:00+00:00,0.001146703,0.211148241
2019-01-20 13:00:00+00:00,0.015204132,0.211843826
2019-01-20 14:00:00+00:00,0.053127025,0.211490576
2019-01-20 15:00:00+00:00,0.059401597,0.211031181
2019-01-20 16:00:00+00:00,0.048888644,0.208963808
2019-01-20 17:00:00+00:00,0.021055765,0.202237555
2019-01-20 18:00:00+00:00,0.011854143,0.205825486
2019-01-20 19:00:00+00:00,0.001707482,0.205667681
2019-01-20 20:00:00+00:00,0.002475566,0.201836502
2019-01-20 21:00:00+00:00,0.013141808,0.203365435
2019-01-20 22:00:00+00:00,0.005269817,0.209848346
2019-01-20 23:00:00+00:00,0.013871324,0.209213267
2019-01-21 00:00:00+00:00,0.00866703,0.210036734
2019-01-21 01:00:00+00:00,0.044151172,0.209565388
2019-01-21 02:00:00+00:00,0.087762439,0.210010386
2019-01-21 03:00:00+00:00,0.109777707,0.209717642
2019-01-21 04:00:00+00:00,0.029916021,0.209249589
2019-01-21 05:00:00+00:00,0.081613762,0.200118616
2019-01-21 06:00:00+00:00,0.305482777,0.199070909
2019-01-21 07:00:00+00:00,0.459382675,0.196946794
2019-01-21 08:00:00+00:00,0.486747307,0.195085688
2019-01-21 09:00:00+00:00,0.410195672,0.194993941
2019-01-21 10:00:00+00:00,0.210330783,0.195320185
2019-01-21 11:00:00+00:00,0.094232429,0.195464346
2019-01-21 12:00:00+00:00,0.05696953,0.195280381
2019-01-21 13:00:00+00:00,0.04170393,0.20451637
2019-01-21 14:00:00+00:00,0.039969822,0.205081345
2019-01-21 15:00:00+00:00,0.041530261,0.20526785
2019-01-21 16:00:00+00:00,0.047937797,0.203690173
2019-01-21 17:00:00+00:00,0.095954155,0.192077882
2019-01-21 18:00:00+00:00,0.190451798,0.191141401
2019-01-21 19:00:00+00:00,0.281094007,0.19038992
2019-01-21 20:00:00+00:00,0.202756438,0.19152354
2019-01-21 21:00:00+00:00,0.121330533,0.193162006
2019-01-21 22:00:00+00:00,0.058286286,0.195638713
2019-01-21 23:00:00+00:00,0.008188429,0.206465835
2019-01-22 00:00:00+00:00,4.6348E-05,0.209041911
2019-01-22 01:00:00+00:00,0.004182939,0.209275843
2019-01-22 02:00:00+00:00,0.022205372,0.209857662
2019-01-22 03:00:00+00:00,0.042465002,0.210264079
2019-01-22 04:00:00+00:00,0.008177856,0.209417087
2019-01-22 05:00:00+00:00,0.005355336,0.206482679
2019-01-22 06:00:00+00:00,0.033362158,0.198556183
2019-01-22 07:00:00+00:00,0.036848068,0.196330534
2019-01-22 08:00:00+00:00,0.008733375,0.193488721
2019-01-22 09:00:00+00:00,0.011755969,0.193817505
2019-01-22 10:00:00+00:00,0.045733361,0.193649537
2019-01-22 11:00:00+00:00,0.009274705,0.194890337
2019-01-22 12:00:00+00:00,0,0.193676732
2019-01-22 13:00:00+00:00,0.000110666,0.19344647
2019-01-22 14:00:00+00:00,0,0.194304848
2019-01-22 15:00:00+00:00,0.000539467,0.194726792
2019-01-22 16:00:00+00:00,0.006234415,0.193184214
2019-01-22 17:00:00+00:00,0.029750954,0.191403657
2019-01-22 18:00:00+00:00,0.00588538,0.190002041
2019-01-22 19:00:00+00:00,0.005370402,0.189250466
2019-01-22 20:00:00+00:00,0.030814494,0.190726233
2019-01-22 21:00:00+00:00,0.038904091,0.1917682
2019-01-22 22:00:00+00:00,0.014321328,0.200126991
2019-01-22 23:00:00+00:00,0.055729309,0.198179031
2019-01-23 00:00:00+00:00,0.128837602,0.198897483
2019-01-23 01:00:00+00:00,0.14172466,0.204722166
2019-01-23 02:00:00+00:00,0.144928209,0.20559193
2019-01-23 03:00:00+00:00,0.15874031,0.204735622
2019-01-23 04:00:00+00:00,0.142194112,0.203997786
2019-01-23 05:00:00+00:00,0.11602905,0.204225131
2019-01-23 06:00:00+00:00,0.079546453,0.195719638
2019-01-23 07:00:00+00:00,0.022338882,0.192889587
2019-01-23 08:00:00+00:00,0.041435264,0.191233149
2019-01-23 09:00:00+00:00,0.07054529,0.189642109
2019-01-23 10:00:00+00:00,0.090686804,0.190314076
2019-01-23 11:00:00+00:00,0.060996934,0.18935247
2019-01-23 12:00:00+00:00,0.061765129,0.187894111
2019-01-23 13:00:00+00:00,0.020062076,0.187726896
2019-01-23 14:00:00+00:00,0.001675652,0.18789317
2019-01-23 15:00:00+00:00,0.002306938,0.187634114
2019-01-23 16:00:00+00:00,0.025827258,0.187012679
2019-01-23 17:00:00+00:00,0.076670464,0.183677406
2019-01-23 18:00:00+00:00,0.05879584,0.183098504
2019-01-23 19:00:00+00:00,0.067507411,0.182346176
2019-01-23 20:00:00+00:00,0.065024503,0.183227326
2019-01-23 21:00:00+00:00,0.076444805,0.189368467
2019-01-23 22:00:00+00:00,0.09283892,0.192507542
2019-01-23 23:00:00+00:00,0.185953353,0.193780712
2019-01-24 00:00:00+00:00,0.198704819,0.192136789
2019-01-24 01:00:00+00:00,0.22176478,0.191237665
2019-01-24 02:00:00+00:00,0.226704189,0.191464916
2019-01-24 03:00:00+00:00,0.226648637,0.196488152
2019-01-24 04:00:00+00:00,0.230070723,0.196617821
2019-01-24 05:00:00+00:00,0.215907888,0.196153439
2019-01-24 06:00:00+00:00,0.069846782,0.188134913
2019-01-24 07:00:00+00:00,0.023070919,0.185417969
2019-01-24 08:00:00+00:00,0.020807151,0.182348999
2019-01-24 09:00:00+00:00,0.035266865,0.183126075
2019-01-24 10:00:00+00:00,0.064882829,0.184356524
2019-01-24 11:00:00+00:00,0.01383807,0.183986053
2019-01-24 12:00:00+00:00,0.003481527,0.183190439
2019-01-24 13:00:00+00:00,0.027515784,0.183368758
2019-01-24 14:00:00+00:00,0.079345119,0.185227041
2019-01-24 15:00:00+00:00,0.131107122,0.185201069
2019-01-24 16:00:00+00:00,0.141949552,0.184229771
2019-01-24 17:00:00+00:00,0.123038344,0.181822887
2019-01-24 18:00:00+00:00,0.030116589,0.179096816
2019-01-24 19:00:00+00:00,0.020771924,0.177996789
2019-01-24 20:00:00+00:00,0.031776079,0.177847547
2019-01-24 21:00:00+00:00,0.019085589,0.178853003
2019-01-24 22:00:00+00:00,0.015841061,0.182737349
2019-01-24 23:00:00+00:00,0.021959387,0.192144787
2019-01-25 00:00:00+00:00,0.023517964,0.189359433
2019-01-25 01:00:00+00:00,0.041084476,0.193816847
2019-01-25 02:00:00+00:00,0.061735928,0.194029794
2019-01-25 03:00:00+00:00,0.07006006,0.194198233
2019-01-25 04:00:00+00:00,0.027576267,0.194327338
2019-01-25 05:00:00+00:00,0.024085316,0.18912202
2019-01-25 06:00:00+00:00,0.055935793,0.184983699
2019-01-25 07:00:00+00:00,0.073481104,0.181927338
2019-01-25 08:00:00+00:00,0.091480254,0.1807015
2019-01-25 09:00:00+00:00,0.079534017,0.181225918
2019-01-25 10:00:00+00:00,0.029090029,0.182168421
2019-01-25 11:00:00+00:00,0.021052752,0.184373085
2019-01-25 12:00:00+00:00,0.053058927,0.188334969
2019-01-25 13:00:00+00:00,0.088925578,0.189309278
2019-01-25 14:00:00+00:00,0.098059869,0.186724075
2019-01-25 15:00:00+00:00,0.093386988,0.186589982
2019-01-25 16:00:00+00:00,0.070303469,0.188805844
2019-01-25 17:00:00+00:00,0.082976976,0.185112898
2019-01-25 18:00:00+00:00,0.081573002,0.181259605
2019-01-25 19:00:00+00:00,0.04442937,0.183895811
2019-01-25 20:00:00+00:00,0.054523328,0.188876419
2019-01-25 21:00:00+00:00,0.058316198,0.188594967
2019-01-25 22:00:00+00:00,0.056380921,0.192046453
2019-01-25 23:00:00+00:00,0.048111575,0.188598637
2019-01-26 00:00:00+00:00,0.055752976,0.198228433
2019-01-26 01:00:00+00:00,0.070337381,0.198471305
2019-01-26 02:00:00+00:00,0.100453641,0.198437146
2019-01-26 03:00:00+00:00,0.071164085,0.19875511
2019-01-26 04:00:00+00:00,0.039721208,0.198879133
2019-01-26 05:00:00+00:00,0.018521688,0.198413716
2019-01-26 06:00:00+00:00,0.00562685,0.196288284
2019-01-26 07:00:00+00:00,0.039456542,0.18760626
2019-01-26 08:00:00+00:00,0.156179718,0.186473487
2019-01-26 09:00:00+00:00,0.219829886,0.185744872
2019-01-26 10:00:00+00:00,0.12640926,0.185293946
2019-01-26 11:00:00+00:00,0.020710784,0.185171052
2019-01-26 12:00:00+00:00,0.002036027,0.186227792
2019-01-26 13:00:00+00:00,0.01538558,0.186289898
2019-01-26 14:00:00+00:00,0.050003682,0.191184405
2019-01-26 15:00:00+00:00,0.081159321,0.192553933
2019-01-26 16:00:00+00:00,0.089857086,0.191668454
2019-01-26 17:00:00+00:00,0.279257342,0.181412424
2019-01-26 18:00:00+00:00,0.346933929,0.181318982
2019-01-26 19:00:00+00:00,0.308322499,0.181050704
2019-01-26 20:00:00+00:00,0.23209771,0.183106032
2019-01-26 21:00:00+00:00,0.125526017,0.187305141
2019-01-26 22:00:00+00:00,0.111749307,0.19342605
2019-01-26 23:00:00+00:00,0.038744557,0.196508383
2019-01-27 00:00:00+00:00,0.051165451,0.197868313
2019-01-27 01:00:00+00:00,0.101411336,0.198422467
2019-01-27 02:00:00+00:00,0.122513942,0.198743724
2019-01-27 03:00:00+00:00,0.125007369,0.198031765
2019-01-27 04:00:00+00:00,0.124993508,0.19830296
2019-01-27 05:00:00+00:00,0.124946119,0.19826532
2019-01-27 06:00:00+00:00,0.124205536,0.19795385
2019-01-27 07:00:00+00:00,0.12369894,0.197922138
2019-01-27 08:00:00+00:00,0.136203545,0.197675973
2019-01-27 09:00:00+00:00,0.156938873,0.197737044
2019-01-27 10:00:00+00:00,0.130966818,0.197887792
2019-01-27 11:00:00+00:00,0.10290428,0.197874241
2019-01-27 12:00:00+00:00,0.093198254,0.199291761
2019-01-27 13:00:00+00:00,0.092285428,0.199161527
2019-01-27 14:00:00+00:00,0.096130508,0.19897568
2019-01-27 15:00:00+00:00,0.122777512,0.198472622
2019-01-27 16:00:00+00:00,0.164553977,0.198172632
2019-01-27 17:00:00+00:00,0.257277301,0.19593588
2019-01-27 18:00:00+00:00,0.489359726,0.190458049
2019-01-27 19:00:00+00:00,0.626127008,0.185213679
2019-01-27 20:00:00+00:00,0.674837711,0.184929121
2019-01-27 21:00:00+00:00,0.492169645,0.1906821
2019-01-27 22:00:00+00:00,0.204712369,0.196725095
2019-01-27 23:00:00+00:00,0.133164789,0.195080513
2019-01-28 00:00:00+00:00,0.157262706,0.193892315
2019-01-28 01:00:00+00:00,0.174491799,0.196635606
2019-01-28 02:00:00+00:00,0.176896802,0.196740057
2019-01-28 03:00:00+00:00,0.176723243,0.196917247
2019-01-28 04:00:00+00:00,0.166455233,0.196741845
2019-01-28 05:00:00+00:00,0.164212667,0.192615757
2019-01-28 06:00:00+00:00,0.376808204,0.186231368
2019-01-28 07:00:00+00:00,0.313439575,0.183681922
2019-01-28 08:00:00+00:00,0.220936706,0.182241443
2019-01-28 09:00:00+00:00,0.222287648,0.182200697
2019-01-28 10:00:00+00:00,0.21667044,0.18279936
2019-01-28 11:00:00+00:00,0.173631347,0.183848573
2019-01-28 12:00:00+00:00,0.153052046,0.183377886
2019-01-28 13:00:00+00:00,0.09529953,0.18610151
2019-01-28 14:00:00+00:00,0.05917802,0.180944183
2019-01-28 15:00:00+00:00,0.065596129,0.179475473
2019-01-28 16:00:00+00:00,0.160872485,0.178905887
2019-01-28 17:00:00+00:00,0.367039558,0.177054474
2019-01-28 18:00:00+00:00,0.551938685,0.175069721
2019-01-28 19:00:00+00:00,0.40300904,0.175016649
2019-01-28 20:00:00+00:00,0.225854639,0.17579316
2019-01-28 21:00:00+00:00,0.1066668,0.180353424
2019-01-28 22:00:00+00:00,0.041635887,0.182305431
2019-01-28 23:00:00+00:00,0.007958387,0.191269847
2019-01-29 00:00:00+00:00,0.012823946,0.193938329
2019-01-29 01:00:00+00:00,0.003337333,0.194351239
2019-01-29 02:00:00+00:00,0.022197976,0.19438568
2019-01-29 03:00:00+00:00,0.093814859,0.19426288
2019-01-29 04:00:00+00:00,0.085690692,0.193818164
2019-01-29 05:00:00+00:00,0.064251433,0.185480169
2019-01-29 06:00:00+00:00,0.255187037,0.182199004
2019-01-29 07:00:00+00:00,0.276284986,0.179856389
2019-01-29 08:00:00+00:00,0.207394146,0.178625658
2019-01-29 09:00:00+00:00,0.140433544,0.177589525
2019-01-29 10:00:00+00:00,0.07081138,0.177440659
2019-01-29 11:00:00+00:00,0.032789162,0.178939669
2019-01-29 12:00:00+00:00,0.022544436,0.178842746
2019-01-29 13:00:00+00:00,0.00818443,0.185692835
2019-01-29 14:00:00+00:00,0.000751868,0.181437266
2019-01-29 15:00:00+00:00,0.000414831,0.177358322
2019-01-29 16:00:00+00:00,0.018694206,0.174167586
2019-01-29 17:00:00+00:00,0.104100455,0.173702075
2019-01-29 18:00:00+00:00,0.139552438,0.172360117
2019-01-29 19:00:00+00:00,0.046843851,0.172663213
2019-01-29 20:00:00+00:00,0.00620883,0.174401612
2019-01-29 21:00:00+00:00,0.010258806,0.181845
2019-01-29 22:00:00+00:00,0.023051744,0.183661597
2019-01-29 23:00:00+00:00,0.003895208,0.186409499
2019-01-30 00:00:00+00:00,0,0.187211888
2019-01-30 01:00:00+00:00,0,0.187910014
2019-01-30 02:00:00+00:00,0,0.188168318
2019-01-30 03:00:00+00:00,0,0.188498891
2019-01-30 04:00:00+00:00,0.004462944,0.188228448
2019-01-30 05:00:00+00:00,0.051174983,0.18351179
2019-01-30 06:00:00+00:00,0.156201413,0.17808289
2019-01-30 07:00:00+00:00,0.206383857,0.172377055
2019-01-30 08:00:00+00:00,0.222067083,0.172894981
2019-01-30 09:00:00+00:00,0.173535089,0.172604118
2019-01-30 10:00:00+00:00,0.190403368,0.173186596
2019-01-30 11:00:00+00:00,0.105419128,0.172127597
2019-01-30 12:00:00+00:00,0.067553814,0.174679583
2019-01-30 13:00:00+00:00,0.074634984,0.182619253
2019-01-30 14:00:00+00:00,0.155436012,0.184123627
2019-01-30 15:00:00+00:00,0.182989982,0.178076398
2019-01-30 16:00:00+00:00,0.244874158,0.175228656
2019-01-30 17:00:00+00:00,0.384954558,0.173874277
2019-01-30 18:00:00+00:00,0.324505692,0.171797212
2019-01-30 19:00:00+00:00,0.263455452,0.171065398
2019-01-30 20:00:00+00:00,0.282657021,0.170471158
2019-01-30 21:00:00+00:00,0.261682009,0.172514065
2019-01-30 22:00:00+00:00,0.132819535,0.176081952
2019-01-30 23:00:00+00:00,0.06918887,0.173849999
2019-01-31 00:00:00+00:00,0.035130231,0.174257452
2019-01-31 01:00:00+00:00,0.072193275,0.17460675
2019-01-31 02:00:00+00:00,0.081054847,0.174540598
2019-01-31 03:00:00+00:00,0.080856963,0.173351553
2019-01-31 04:00:00+00:00,0.07287343,0.17373548
2019-01-31 05:00:00+00:00,0.049020128,0.173095884
2019-01-31 06:00:00+00:00,0.110410308,0.172023899
2019-01-31 07:00:00+00:00,0.066840295,0.166556419
2019-01-31 08:00:00+00:00,0.017077886,0.165108599
2019-01-31 09:00:00+00:00,0.05272189,0.164256055
2019-01-31 10:00:00+00:00,0.089943701,0.163809646
2019-01-31 11:00:00+00:00,0.090231815,0.164092133
2019-01-31 12:00:00+00:00,0.076693747,0.166372548
2019-01-31 13:00:00+00:00,0.050698135,0.166537693
2019-01-31 14:00:00+00:00,0.030166114,0.167055712
2019-01-31 15:00:00+00:00,0.015425573,0.166724669
2019-01-31 16:00:00+00:00,0.079343694,0.165577687
2019-01-31 17:00:00+00:00,0.176642819,0.163706042
2019-01-31 18:00:00+00:00,0.294861568,0.163222651
2019-01-31 19:00:00+00:00,0.366935193,0.163207407
2019-01-31 20:00:00+00:00,0.162819815,0.162168169
2019-01-31 21:00:00+00:00,0.148970569,0.163405016
2019-01-31 22:00:00+00:00,0.113656425,0.163955312
2019-01-31 23:00:00+00:00,0.120920906,0.164472108
2019-02-01 00:00:00+00:00,0.077107757,0.367733996
2019-02-01 01:00:00+00:00,0.014898322,0.370204586
2019-02-01 02:00:00+00:00,0.020607788,0.380789966
2019-02-01 03:00:00+00:00,0.031489883,0.373831004
2019-02-01 04:00:00+00:00,0.005544125,0.369749332
2019-02-01 05:00:00+00:00,0.037135524,0.36726585
2019-02-01 06:00:00+00:00,0.228548085,0.365174858
2019-02-01 07:00:00+00:00,0.370242614,0.361688367
2019-02-01 08:00:00+00:00,0.471805047,0.360156987
2019-02-01 09:00:00+00:00,0.341345099,0.360111066
2019-02-01 10:00:00+00:00,0.267456943,0.359807688
2019-02-01 11:00:00+00:00,0.22741338,0.36087478
2019-02-01 12:00:00+00:00,0.183748095,0.358896426
2019-02-01 13:00:00+00:00,0.119491293,0.363382539
2019-02-01 14:00:00+00:00,0.078453603,0.364202431
2019-02-01 15:00:00+00:00,0.107339887,0.364106449
2019-02-01 16:00:00+00:00,0.16455836,0.362710855
2019-02-01 17:00:00+00:00,0.415860324,0.361253626
2019-02-01 18:00:00+00:00,0.449501446,0.359454344
2019-02-01 19:00:00+00:00,0.475491799,0.358132241
2019-02-01 20:00:00+00:00,0.483871592,0.359740125
2019-02-01 21:00:00+00:00,0.403007287,0.362529054
2019-02-01 22:00:00+00:00,0.176737214,0.363572997
2019-02-01 23:00:00+00:00,0.076757407,0.364179376
2019-02-02 00:00:00+00:00,0.011006347,0.365325982
2019-02-02 01:00:00+00:00,0,0.366381029
2019-02-02 02:00:00+00:00,0,0.367044527
2019-02-02 03:00:00+00:00,0,0.368369734
2019-02-02 04:00:00+00:00,0,0.371359849
2019-02-02 05:00:00+00:00,0,0.371154618
2019-02-02 06:00:00+00:00,0.00177536,0.370723641
2019-02-02 07:00:00+00:00,0.061161234,0.369266223
2019-02-02 08:00:00+00:00,0.319378645,0.368412268
2019-02-02 09:00:00+00:00,0.497973834,0.36728514
2019-02-02 10:00:00+00:00,0.458076547,0.365938384
2019-02-02 11:00:00+00:00,0.292078549,0.366082168
2019-02-02 12:00:00+00:00,0.274905447,0.365713485
2019-02-02 13:00:00+00:00,0.181282116,0.366535447
2019-02-02 14:00:00+00:00,0.144421777,0.36870473
2019-02-02 15:00:00+00:00,0.123031715,0.367486514
2019-02-02 16:00:00+00:00,0.145401715,0.366171657
2019-02-02 17:00:00+00:00,0.437357217,0.36333596
2019-02-02 18:00:00+00:00,0.611934535,0.362744543
2019-02-02 19:00:00+00:00,0.538018548,0.362520115
2019-02-02 20:00:00+00:00,0.383655169,0.364746704
2019-02-02 21:00:00+00:00,0.32903131,0.365430904
2019-02-02 22:00:00+00:00,0.175017624,0.366613174
2019-02-02 23:00:00+00:00,0.025350684,0.367419703
2019-02-03 00:00:00+00:00,0.004588402,0.368320238
2019-02-03 01:00:00+00:00,0.00740369,0.36895193
2019-02-03 02:00:00+00:00,0.013275209,0.369232912
2019-02-03 03:00:00+00:00,0.041133235,0.369493662
2019-02-03 04:00:00+00:00,0.047654942,0.370017704
2019-02-03 05:00:00+00:00,0.051833662,0.36884315
2019-02-03 06:00:00+00:00,0.073498197,0.369203647
2019-02-03 07:00:00+00:00,0.092205551,0.3691103
2019-02-03 08:00:00+00:00,0.124461656,0.368377827
2019-02-03 09:00:00+00:00,0.209946686,0.367924548
2019-02-03 10:00:00+00:00,0.251757939,0.367973951
2019-02-03 11:00:00+00:00,0.159723371,0.368003028
2019-02-03 12:00:00+00:00,0.053814631,0.368338399
2019-02-03 13:00:00+00:00,0.038454471,0.368944778
2019-02-03 14:00:00+00:00,0.037587555,0.376954365
2019-02-03 15:00:00+00:00,0.026982124,0.376842103
2019-02-03 16:00:00+00:00,0.011620869,0.375909763
2019-02-03 17:00:00+00:00,0.070064114,0.369871379
2019-02-03 18:00:00+00:00,0.197938761,0.369105783
2019-02-03 19:00:00+00:00,0.224787484,0.365883053
2019-02-03 20:00:00+00:00,0.213780425,0.366461767
2019-02-03 21:00:00+00:00,0.130467563,0.367421585
2019-02-03 22:00:00+00:00,0.055733418,0.369932638
2019-02-03 23:00:00+00:00,0.04606355,0.372810868
2019-02-04 00:00:00+00:00,0.089041777,0.379841064
2019-02-04 01:00:00+00:00,0.128320487,0.38019949
2019-02-04 02:00:00+00:00,0.134747088,0.380276275
2019-02-04 03:00:00+00:00,0.134787081,0.380596685
2019-02-04 04:00:00+00:00,0.133144793,0.3803939
2019-02-04 05:00:00+00:00,0.138605919,0.37519451
2019-02-04 06:00:00+00:00,0.222848207,0.370660688
2019-02-04 07:00:00+00:00,0.29912263,0.368577789
2019-02-04 08:00:00+00:00,0.260363171,0.36763011
2019-02-04 09:00:00+00:00,0.128029469,0.368096186
2019-02-04 10:00:00+00:00,0.043501533,0.372402381
2019-02-04 11:00:00+00:00,0.066980599,0.374513322
2019-02-04 12:00:00+00:00,0.065268077,0.374611186
2019-02-04 13:00:00+00:00,0.048441982,0.374143227
2019-02-04 14:00:00+00:00,0.054826563,0.375357867
2019-02-04 15:00:00+00:00,0.058080733,0.373404356
2019-02-04 16:00:00+00:00,0.08551927,0.372511819
2019-02-04 17:00:00+00:00,0.215268658,0.365823582
2019-02-04 18:00:00+00:00,0.327010404,0.368263119
2019-02-04 19:00:00+00:00,0.196271217,0.367646013
2019-02-04 20:00:00+00:00,0.107493395,0.371262833
2019-02-04 21:00:00+00:00,0.077601698,0.373046118
2019-02-04 22:00:00+00:00,0.055453686,0.374839566
2019-02-04 23:00:00+00:00,0.016506972,0.379465041
2019-02-05 00:00:00+00:00,0.03404927,0.382647308
2019-02-05 01:00:00+00:00,0.057885096,0.382703297
2019-02-05 02:00:00+00:00,0.110585018,0.38268363
2019-02-05 03:00:00+00:00,0.11405641,0.382949462
2019-02-05 04:00:00+00:00,0.073642829,0.382966589
2019-02-05 05:00:00+00:00,0.041317258,0.381224143
2019-02-05 06:00:00+00:00,0.109028194,0.372477285
2019-02-05 07:00:00+00:00,0.224032,0.366719789
2019-02-05 08:00:00+00:00,0.175276976,0.36701865
2019-02-05 09:00:00+00:00,0.10599163,0.368107102
2019-02-05 10:00:00+00:00,0.036823195,0.368554358
2019-02-05 11:00:00+00:00,0.004102131,0.375979679
2019-02-05 12:00:00+00:00,0,0.377850383
2019-02-05 13:00:00+00:00,0,0.378250025
2019-02-05 14:00:00+00:00,0.000205498,0.377840973
2019-02-05 15:00:00+00:00,0.009105967,0.377119039
2019-02-05 16:00:00+00:00,0.052894025,0.376285221
2019-02-05 17:00:00+00:00,0.112532129,0.366478423
2019-02-05 18:00:00+00:00,0.157109966,0.364473438
2019-02-05 19:00:00+00:00,0.145949455,0.364056106
2019-02-05 20:00:00+00:00,0.122702841,0.363811823
2019-02-05 21:00:00+00:00,0.10619806,0.367682994
2019-02-05 22:00:00+00:00,0.111645489,0.375646471
2019-02-05 23:00:00+00:00,0.086940282,0.377046112
2019-02-06 00:00:00+00:00,0.081415715,0.380479531
2019-02-06 01:00:00+00:00,0.085667189,0.381764464
2019-02-06 02:00:00+00:00,0.108223568,0.382086191
2019-02-06 03:00:00+00:00,0.113997351,0.382500606
2019-02-06 04:00:00+00:00,0.079765538,0.382438877
2019-02-06 05:00:00+00:00,0.027045894,0.374822345
2019-02-06 06:00:00+00:00,0.046519032,0.369640646
2019-02-06 07:00:00+00:00,0.117340656,0.363219935
2019-02-06 08:00:00+00:00,0.086125301,0.362334362
2019-02-06 09:00:00+00:00,0.014832964,0.364430529
2019-02-06 10:00:00+00:00,0.003547817,0.373428633
2019-02-06 11:00:00+00:00,0.028546946,0.37345931
2019-02-06 12:00:00+00:00,0.080163003,0.375440581
2019-02-06 13:00:00+00:00,0.118182646,0.37638092
2019-02-06 14:00:00+00:00,0.087678837,0.377465515
2019-02-06 15:00:00+00:00,0.074513636,0.377753836
2019-02-06 16:00:00+00:00,0.072504947,0.376277128
2019-02-06 17:00:00+00:00,0.080750407,0.365780296
2019-02-06 18:00:00+00:00,0.191768773,0.364665496
2019-02-06 19:00:00+00:00,0.279286378,0.370199129
2019-02-06 20:00:00+00:00,0.199691988,0.3651072
2019-02-06 21:00:00+00:00,0.096185841,0.373411319
2019-02-06 22:00:00+00:00,0.05751601,0.370193012
2019-02-06 23:00:00+00:00,0.026938351,0.368321085
2019-02-07 00:00:00+00:00,0.016076144,0.375991253
2019-02-07 01:00:00+00:00,0.051084972,0.375466835
2019-02-07 02:00:00+00:00,0.130338435,0.376444344
2019-02-07 03:00:00+00:00,0.170019815,0.375995111
2019-02-07 04:00:00+00:00,0.144263558,0.378337726
2019-02-07 05:00:00+00:00,0.079728668,0.37160752
2019-02-07 06:00:00+00:00,0.157540575,0.367347528
2019-02-07 07:00:00+00:00,0.222290277,0.367480868
2019-02-07 08:00:00+00:00,0.242518242,0.367456496
2019-02-07 09:00:00+00:00,0.246582352,0.365844943
2019-02-07 10:00:00+00:00,0.155624363,0.366920315
2019-02-07 11:00:00+00:00,0.054946925,0.36645471
2019-02-07 12:00:00+00:00,0.021634403,0.368128745
2019-02-07 13:00:00+00:00,0.01311069,0.369368321
2019-02-07 14:00:00+00:00,0.057140733,0.370006977
2019-02-07 15:00:00+00:00,0.048165647,0.369775585
2019-02-07 16:00:00+00:00,0.069933013,0.368703318
2019-02-07 17:00:00+00:00,0.254065589,0.365497621
2019-02-07 18:00:00+00:00,0.451799236,0.363179472
2019-02-07 19:00:00+00:00,0.546116308,0.362954762
2019-02-07 20:00:00+00:00,0.455709236,0.36195721
2019-02-07 21:00:00+00:00,0.281391379,0.363296626
2019-02-07 22:00:00+00:00,0.265441734,0.36453498
2019-02-07 23:00:00+00:00,0.128091486,0.366567912
2019-02-08 00:00:00+00:00,0.074850289,0.369796946
2019-02-08 01:00:00+00:00,0.055609549,0.370375848
2019-02-08 02:00:00+00:00,0.067238636,0.371940728
2019-02-08 03:00:00+00:00,0.082425675,0.372284004
2019-02-08 04:00:00+00:00,0.080646151,0.372438704
2019-02-08 05:00:00+00:00,0.077832397,0.369906008
2019-02-08 06:00:00+00:00,0.194227575,0.367245242
2019-02-08 07:00:00+00:00,0.335427505,0.364064387
2019-02-08 08:00:00+00:00,0.304325884,0.365433539
2019-02-08 09:00:00+00:00,0.224955674,0.365878066
2019-02-08 10:00:00+00:00,0.098227236,0.365089698
2019-02-08 11:00:00+00:00,0.016189987,0.366989667
2019-02-08 12:00:00+00:00,0.032605085,0.366973293
2019-02-08 13:00:00+00:00,0.10174147,0.367638203
2019-02-08 14:00:00+00:00,0.143237327,0.368758837
2019-02-08 15:00:00+00:00,0.13653987,0.368925017
2019-02-08 16:00:00+00:00,0.078163298,0.365449441
2019-02-08 17:00:00+00:00,0.122322852,0.364611389
2019-02-08 18:00:00+00:00,0.27082649,0.363520584
2019-02-08 19:00:00+00:00,0.29864644,0.363254658
2019-02-08 20:00:00+00:00,0.277001299,0.363828761
2019-02-08 21:00:00+00:00,0.15561368,0.366557184
2019-02-08 22:00:00+00:00,0.066655176,0.367344611
2019-02-08 23:00:00+00:00,0.056858974,0.370018269
2019-02-09 00:00:00+00:00,0.077305147,0.378040841
2019-02-09 01:00:00+00:00,0.081314472,0.379360496
2019-02-09 02:00:00+00:00,0.086875361,0.379369624
2019-02-09 03:00:00+00:00,0.115030102,0.379531852
2019-02-09 04:00:00+00:00,0.111052771,0.379722028
2019-02-09 05:00:00+00:00,0.06637013,0.378704244
2019-02-09 06:00:00+00:00,0.076743328,0.370019586
2019-02-09 07:00:00+00:00,0.072140353,0.367125923
2019-02-09 08:00:00+00:00,0.059870556,0.364076525
2019-02-09 09:00:00+00:00,0.072807633,0.3639637
2019-02-09 10:00:00+00:00,0.068419799,0.365220967
2019-02-09 11:00:00+00:00,0.041981689,0.364592663
2019-02-09 12:00:00+00:00,0.045585332,0.36696633
2019-02-09 13:00:00+00:00,0.08098779,0.369337269
2019-02-09 14:00:00+00:00,0.113812233,0.370866578
2019-02-09 15:00:00+00:00,0.118114274,0.371013374
2019-02-09 16:00:00+00:00,0.113868388,0.370810589
2019-02-09 17:00:00+00:00,0.177007303,0.369439743
2019-02-09 18:00:00+00:00,0.35134417,0.368069086
2019-02-09 19:00:00+00:00,0.405497645,0.36735882
2019-02-09 20:00:00+00:00,0.383937202,0.367206661
2019-02-09 21:00:00+00:00,0.301832786,0.369175135
2019-02-09 22:00:00+00:00,0.148416913,0.369780949
2019-02-09 23:00:00+00:00,0.053713498,0.380968474
2019-02-10 00:00:00+00:00,0.04442433,0.382784411
2019-02-10 01:00:00+00:00,0.068301902,0.383690875
2019-02-10 02:00:00+00:00,0.088839401,0.384007803
2019-02-10 03:00:00+00:00,0.092156628,0.383878133
2019-02-10 04:00:00+00:00,0.092163422,0.383481879
2019-02-10 05:00:00+00:00,0.092075382,0.382662646
2019-02-10 06:00:00+00:00,0.092193992,0.38103105
2019-02-10 07:00:00+00:00,0.093402328,0.37897591
2019-02-10 08:00:00+00:00,0.097267952,0.377697471
2019-02-10 09:00:00+00:00,0.095029605,0.376887836
2019-02-10 10:00:00+00:00,0.063146805,0.366163094
2019-02-10 11:00:00+00:00,0.055246489,0.366034083
2019-02-10 12:00:00+00:00,0.067888549,0.366942523
2019-02-10 13:00:00+00:00,0.081902808,0.368183229
2019-02-10 14:00:00+00:00,0.106146124,0.367423467
2019-02-10 15:00:00+00:00,0.10395133,0.367829319
2019-02-10 16:00:00+00:00,0.103186806,0.366033707
2019-02-10 17:00:00+00:00,0.244913932,0.364778698
2019-02-10 18:00:00+00:00,0.646644347,0.362399761
2019-02-10 19:00:00+00:00,0.777875118,0.361093468
2019-02-10 20:00:00+00:00,0.755808462,0.361751884
2019-02-10 21:00:00+00:00,0.633496019,0.36323565
2019-02-10 22:00:00+00:00,0.425191895,0.365773992
2019-02-10 23:00:00+00:00,0.136798674,0.369423276
2019-02-11 00:00:00+00:00,0.111158999,0.368220022
2019-02-11 01:00:00+00:00,0.13187696,0.378503529
2019-02-11 02:00:00+00:00,0.158897434,0.378360498
2019-02-11 03:00:00+00:00,0.162280458,0.378195635
2019-02-11 04:00:00+00:00,0.126329712,0.368833646
2019-02-11 05:00:00+00:00,0.082149668,0.370858956
2019-02-11 06:00:00+00:00,0.142726896,0.366501854
2019-02-11 07:00:00+00:00,0.128093897,0.364693161
2019-02-11 08:00:00+00:00,0.053034438,0.364153123
2019-02-11 09:00:00+00:00,0.026589974,0.364112001
2019-02-11 10:00:00+00:00,0.023815501,0.3631567
2019-02-11 11:00:00+00:00,0.004355895,0.362664558
2019-02-11 12:00:00+00:00,0.011978669,0.363363155
2019-02-11 13:00:00+00:00,0.067218913,0.364058176
2019-02-11 14:00:00+00:00,0.107259901,0.365101366
2019-02-11 15:00:00+00:00,0.149648478,0.364976496
2019-02-11 16:00:00+00:00,0.153778659,0.363311494
2019-02-11 17:00:00+00:00,0.128151256,0.360123111
2019-02-11 18:00:00+00:00,0.153646572,0.35917402
2019-02-11 19:00:00+00:00,0.191079907,0.358573287
2019-02-11 20:00:00+00:00,0.136938649,0.359032871
2019-02-11 21:00:00+00:00,0.045501237,0.363062506
2019-02-11 22:00:00+00:00,0.045603411,0.366718659
2019-02-11 23:00:00+00:00,0.020023945,0.368847573
2019-02-12 00:00:00+00:00,0.001728793,0.370022409
2019-02-12 01:00:00+00:00,0,0.380832688
2019-02-12 02:00:00+00:00,0,0.38171939
2019-02-12 03:00:00+00:00,0,0.382286435
2019-02-12 04:00:00+00:00,0.00245694,0.381640722
2019-02-12 05:00:00+00:00,0.028985061,0.372339711
2019-02-12 06:00:00+00:00,0.093718054,0.370081974
2019-02-12 07:00:00+00:00,0.124532219,0.367927654
2019-02-12 08:00:00+00:00,0.145499342,0.367726092
2019-02-12 09:00:00+00:00,0.045882705,0.3685824
2019-02-12 10:00:00+00:00,0.01733806,0.368617593
2019-02-12 11:00:00+00:00,0.002527667,0.368055159
2019-02-12 12:00:00+00:00,0,0.369700964
2019-02-12 13:00:00+00:00,0,0.370800144
2019-02-12 14:00:00+00:00,0,0.370919274
2019-02-12 15:00:00+00:00,0,0.370203081
2019-02-12 16:00:00+00:00,0.009630861,0.365993997
2019-02-12 17:00:00+00:00,0.087411596,0.361579776
2019-02-12 18:00:00+00:00,0.266950785,0.359355351
2019-02-12 19:00:00+00:00,0.397492198,0.358653648
2019-02-12 20:00:00+00:00,0.304085926,0.358948557
2019-02-12 21:00:00+00:00,0.266718606,0.36106919
2019-02-12 22:00:00+00:00,0.122132694,0.363975556
2019-02-12 23:00:00+00:00,0.015865824,0.366545045
2019-02-13 00:00:00+00:00,0,0.369241569
2019-02-13 01:00:00+00:00,0,0.369427416
2019-02-13 02:00:00+00:00,0,0.369506084
2019-02-13 03:00:00+00:00,0.002330989,0.369671135
2019-02-13 04:00:00+00:00,0.018685824,0.370379988
2019-02-13 05:00:00+00:00,0.048348629,0.3702857
2019-02-13 06:00:00+00:00,0.111154726,0.366154908
2019-02-13 07:00:00+00:00,0.159454268,0.36364329
2019-02-13 08:00:00+00:00,0.107272228,0.363340289
2019-02-13 09:00:00+00:00,0.059671632,0.364026182
2019-02-13 10:00:00+00:00,0.026948431,0.365320336
2019-02-13 11:00:00+00:00,0.007897631,0.366439842
2019-02-13 12:00:00+00:00,0.005918909,0.367915985
2019-02-13 13:00:00+00:00,0.00597835,0.370055438
2019-02-13 14:00:00+00:00,0.000864451,0.376600455
2019-02-13 15:00:00+00:00,0,0.377272045
2019-02-13 16:00:00+00:00,0.000368703,0.375382427
2019-02-13 17:00:00+00:00,0.004826388,0.369241004
2019-02-13 18:00:00+00:00,0.014191542,0.36866342
2019-02-13 19:00:00+00:00,0.018205962,0.368312522
2019-02-13 20:00:00+00:00,0.012789979,0.363998799
2019-02-13 21:00:00+00:00,0.007865691,0.366835814
2019-02-13 22:00:00+00:00,0.034761091,0.373179363
2019-02-13 23:00:00+00:00,0.040345044,0.375078015
2019-02-14 00:00:00+00:00,0.040212191,0.38522329
2019-02-14 01:00:00+00:00,0.040066792,0.385747049
2019-02-14 02:00:00+00:00,0.039940074,0.385463244
2019-02-14 03:00:00+00:00,0.039769748,0.385425793
2019-02-14 04:00:00+00:00,0.039856965,0.385205881
2019-02-14 05:00:00+00:00,0.038794138,0.384355219
2019-02-14 06:00:00+00:00,0.034313333,0.373386665
2019-02-14 07:00:00+00:00,0.043805972,0.365608752
2019-02-14 08:00:00+00:00,0.013037333,0.364810974
2019-02-14 09:00:00+00:00,0.003646649,0.374417905
2019-02-14 10:00:00+00:00,0.013155176,0.376734642
2019-02-14 11:00:00+00:00,0.02121371,0.376652869
2019-02-14 12:00:00+00:00,0.041542807,0.378616731
2019-02-14 13:00:00+00:00,0.055929822,0.379578431
2019-02-14 14:00:00+00:00,0.051033967,0.382660858
2019-02-14 15:00:00+00:00,0.01427361,0.382911352
2019-02-14 16:00:00+00:00,0.001012699,0.380820078
2019-02-14 17:00:00+00:00,0,0.372318915
2019-02-14 18:00:00+00:00,0,0.365263312
2019-02-14 19:00:00+00:00,0,0.364508255
2019-02-14 20:00:00+00:00,0,0.364968591
2019-02-14 21:00:00+00:00,0,0.368240159
2019-02-14 22:00:00+00:00,0,0.378806343
2019-02-14 23:00:00+00:00,0,0.385041865
2019-02-15 00:00:00+00:00,0,0.386407442
2019-02-15 01:00:00+00:00,0.001704907,0.386780547
2019-02-15 02:00:00+00:00,0.003548858,0.387522148
2019-02-15 03:00:00+00:00,0.003971414,0.387340347
2019-02-15 04:00:00+00:00,0.011638674,0.387363025
2019-02-15 05:00:00+00:00,0.054324185,0.386071129
2019-02-15 06:00:00+00:00,0.122300938,0.370457056
2019-02-15 07:00:00+00:00,0.241898241,0.367589177
2019-02-15 08:00:00+00:00,0.230955938,0.366595389
2019-02-15 09:00:00+00:00,0.231821485,0.367371806
2019-02-15 10:00:00+00:00,0.164517217,0.370013658
2019-02-15 11:00:00+00:00,0.057584053,0.371915697
2019-02-15 12:00:00+00:00,0.016018729,0.375559523
2019-02-15 13:00:00+00:00,0.01798107,0.377987016
2019-02-15 14:00:00+00:00,0.016760517,0.381537307
2019-02-15 15:00:00+00:00,0.004001984,0.380102285
2019-02-15 16:00:00+00:00,0.014981924,0.377269128
2019-02-15 17:00:00+00:00,0.103611554,0.373002926
2019-02-15 18:00:00+00:00,0.26165374,0.372798918
2019-02-15 19:00:00+00:00,0.349130366,0.373092885
2019-02-15 20:00:00+00:00,0.390596858,0.373504666
2019-02-15 21:00:00+00:00,0.426536701,0.375551054
2019-02-15 22:00:00+00:00,0.401896468,0.379534863
2019-02-15 23:00:00+00:00,0.337415376,0.382076499
2019-02-16 00:00:00+00:00,0.188780748,0.383368959
2019-02-16 01:00:00+00:00,0.029036997,0.384525258
2019-02-16 02:00:00+00:00,0.010368102,0.385646927
2019-02-16 03:00:00+00:00,0.013444933,0.385893845
2019-02-16 04:00:00+00:00,0.005663337,0.385827034
2019-02-16 05:00:00+00:00,0.020483098,0.385826375
2019-02-16 06:00:00+00:00,0.019142675,0.385627354
2019-02-16 07:00:00+00:00,0.05474329,0.384108395
2019-02-16 08:00:00+00:00,0.317779363,0.381381101
2019-02-16 09:00:00+00:00,0.495603784,0.381851036
2019-02-16 10:00:00+00:00,0.488027905,0.381281638
2019-02-16 11:00:00+00:00,0.421450633,0.381405567
2019-02-16 12:00:00+00:00,0.304087186,0.382977786
2019-02-16 13:00:00+00:00,0.093862083,0.38342589
2019-02-16 14:00:00+00:00,0.008678261,0.383389567
2019-02-16 15:00:00+00:00,0.001200612,0.384585952
2019-02-16 16:00:00+00:00,0.065082246,0.383176619
2019-02-16 17:00:00+00:00,0.358043764,0.38422555
2019-02-16 18:00:00+00:00,0.551909047,0.380099086
2019-02-16 19:00:00+00:00,0.558771187,0.380002445
2019-02-16 20:00:00+00:00,0.485287398,0.380887454
2019-02-16 21:00:00+00:00,0.348582243,0.382063889
2019-02-16 22:00:00+00:00,0.157759332,0.383235714
2019-02-16 23:00:00+00:00,0.079326163,0.384970726
2019-02-17 00:00:00+00:00,0.159608542,0.390292069
2019-02-17 01:00:00+00:00,0.208285497,0.392934109
2019-02-17 02:00:00+00:00,0.221852436,0.393469255
2019-02-17 03:00:00+00:00,0.213510061,0.394099441
2019-02-17 04:00:00+00:00,0.201976574,0.393784301
2019-02-17 05:00:00+00:00,0.198429415,0.393467185
2019-02-17 06:00:00+00:00,0.178635347,0.393345702
2019-02-17 07:00:00+00:00,0.100561513,0.391546984
2019-02-17 08:00:00+00:00,0.040960334,0.388176894
2019-02-17 09:00:00+00:00,0.008303423,0.385163442
2019-02-17 10:00:00+00:00,0.003047521,0.384586046
2019-02-17 11:00:00+00:00,0.018784491,0.388902404
2019-02-17 12:00:00+00:00,0.038692731,0.390458155
2019-02-17 13:00:00+00:00,0.062774486,0.390420233
2019-02-17 14:00:00+00:00,0.134721777,0.390476411
2019-02-17 15:00:00+00:00,0.143304055,0.389773297
2019-02-17 16:00:00+00:00,0.077090116,0.3877717
2019-02-17 17:00:00+00:00,0.025765241,0.387231191
2019-02-17 18:00:00+00:00,0.045151271,0.383213224
2019-02-17 19:00:00+00:00,0.137736318,0.38153806
2019-02-17 20:00:00+00:00,0.157340008,0.38148
2019-02-17 21:00:00+00:00,0.066918308,0.382388251
2019-02-17 22:00:00+00:00,0.032438319,0.384608254
2019-02-17 23:00:00+00:00,0.004603742,0.389774897
2019-02-18 00:00:00+00:00,0,0.392156939
2019-02-18 01:00:00+00:00,0,0.392244264
2019-02-18 02:00:00+00:00,0,0.392100479
2019-02-18 03:00:00+00:00,0,0.392357936
2019-02-18 04:00:00+00:00,0.006873865,0.39229903
2019-02-18 05:00:00+00:00,0.04532724,0.388897416
2019-02-18 06:00:00+00:00,0.073078983,0.383480468
2019-02-18 07:00:00+00:00,0.07952306,0.381033214
2019-02-18 08:00:00+00:00,0.15592568,0.377530632
2019-02-18 09:00:00+00:00,0.154572273,0.379122236
2019-02-18 10:00:00+00:00,0.107795862,0.380507573
2019-02-18 11:00:00+00:00,0.028256969,0.380439445
2019-02-18 12:00:00+00:00,0.003389543,0.380925094
2019-02-18 13:00:00+00:00,7.7959E-05,0.382670174
2019-02-18 14:00:00+00:00,0,0.381755148
2019-02-18 15:00:00+00:00,0,0.382013828
2019-02-18 16:00:00+00:00,0.006963274,0.381534202
2019-02-18 17:00:00+00:00,0.05090451,0.380242305
2019-02-18 18:00:00+00:00,0.117615896,0.377769081
2019-02-18 19:00:00+00:00,0.214190709,0.376900634
2019-02-18 20:00:00+00:00,0.171731296,0.377385436
2019-02-18 21:00:00+00:00,0.051112528,0.380717321
2019-02-18 22:00:00+00:00,0.026736907,0.382519615
2019-02-18 23:00:00+00:00,0.019365211,0.384917654
2019-02-19 00:00:00+00:00,0.002835723,0.387816021
2019-02-19 01:00:00+00:00,0,0.388364906
2019-02-19 02:00:00+00:00,0,0.388610882
2019-02-19 03:00:00+00:00,0,0.38938363
2019-02-19 04:00:00+00:00,0.003457038,0.387915485
2019-02-19 05:00:00+00:00,0.054984453,0.385713644
2019-02-19 06:00:00+00:00,0.222594936,0.383595928
2019-02-19 07:00:00+00:00,0.278728394,0.379795049
2019-02-19 08:00:00+00:00,0.362543907,0.378333585
2019-02-19 09:00:00+00:00,0.406315804,0.379216335
2019-02-19 10:00:00+00:00,0.39504386,0.380092216
2019-02-19 11:00:00+00:00,0.364337182,0.37968834
2019-02-19 12:00:00+00:00,0.225057354,0.381516887
2019-02-19 13:00:00+00:00,0.089867276,0.381961132
2019-02-19 14:00:00+00:00,0.077619284,0.383248041
2019-02-19 15:00:00+00:00,0.086934146,0.383819133
2019-02-19 16:00:00+00:00,0.100458572,0.383586894
2019-02-19 17:00:00+00:00,0.143599181,0.382196288
2019-02-19 18:00:00+00:00,0.334576969,0.379257363
2019-02-19 19:00:00+00:00,0.461232543,0.37802889
2019-02-19 20:00:00+00:00,0.430378494,0.373766922
2019-02-19 21:00:00+00:00,0.212910988,0.375671502
2019-02-19 22:00:00+00:00,0.079225578,0.377735863
2019-02-19 23:00:00+00:00,0.066734724,0.380929799
2019-02-20 00:00:00+00:00,0.040806059,0.384486771
2019-02-20 01:00:00+00:00,0.021607011,0.385856487
2019-02-20 02:00:00+00:00,0.035649702,0.390174727
2019-02-20 03:00:00+00:00,0.029582272,0.390374501
2019-02-20 04:00:00+00:00,0.010816736,0.385054098
2019-02-20 05:00:00+00:00,0.03737466,0.383571744
2019-02-20 06:00:00+00:00,0.046521661,0.379408205
2019-02-20 07:00:00+00:00,0.063765436,0.37811725
2019-02-20 08:00:00+00:00,0.086412429,0.375234973
2019-02-20 09:00:00+00:00,0.047965792,0.378301968
2019-02-20 10:00:00+00:00,0.008749427,0.375581543
2019-02-20 11:00:00+00:00,0.00019613,0.375759768
2019-02-20 12:00:00+00:00,0.005095108,0.380421942
2019-02-20 13:00:00+00:00,0.032028528,0.382046481
2019-02-20 14:00:00+00:00,0.03234387,0.38301505
2019-02-20 15:00:00+00:00,0.00519268,0.382947769
2019-02-20 16:00:00+00:00,0.002353396,0.380409238
2019-02-20 17:00:00+00:00,0.031420306,0.377753742
2019-02-20 18:00:00+00:00,0.12734537,0.376384308
2019-02-20 19:00:00+00:00,0.184308983,0.375986078
2019-02-20 20:00:00+00:00,0.072522259,0.376604031
2019-02-20 21:00:00+00:00,0.03865104,0.378246261
2019-02-20 22:00:00+00:00,0.049127178,0.380347885
2019-02-20 23:00:00+00:00,0.047759691,0.381996137
2019-02-21 00:00:00+00:00,0.040762286,0.390597611
2019-02-21 01:00:00+00:00,0.030457625,0.396615952
2019-02-21 02:00:00+00:00,0.00472761,0.397315302
2019-02-21 03:00:00+00:00,0,0.397543494
2019-02-21 04:00:00+00:00,0.000294907,0.397599201
2019-02-21 05:00:00+00:00,0.011236498,0.394274655
2019-02-21 06:00:00+00:00,0.047684416,0.383344117
2019-02-21 07:00:00+00:00,0.030426452,0.380484142
2019-02-21 08:00:00+00:00,0.014260133,0.378229793
2019-02-21 09:00:00+00:00,0.020019782,0.379261409
2019-02-21 10:00:00+00:00,0.007004965,0.38348075
2019-02-21 11:00:00+00:00,0.000893542,0.390036212
2019-02-21 12:00:00+00:00,0.002011702,0.389988409
2019-02-21 13:00:00+00:00,0.005980049,0.390733586
2019-02-21 14:00:00+00:00,0.034232252,0.390484221
2019-02-21 15:00:00+00:00,0.034496753,0.390877746
2019-02-21 16:00:00+00:00,0.00689419,0.390347682
2019-02-21 17:00:00+00:00,0.038561685,0.384335646
2019-02-21 18:00:00+00:00,0.232055033,0.375913339
2019-02-21 19:00:00+00:00,0.364986165,0.375290868
2019-02-21 20:00:00+00:00,0.23250783,0.375000571
2019-02-21 21:00:00+00:00,0.059124714,0.381819042
2019-02-21 22:00:00+00:00,0.016402497,0.385178028
2019-02-21 23:00:00+00:00,0.036853437,0.394265715
2019-02-22 00:00:00+00:00,0.007720073,0.397710144
2019-02-22 01:00:00+00:00,0,0.398493996
2019-02-22 02:00:00+00:00,0,0.3992786
2019-02-22 03:00:00+00:00,0,0.39964493
2019-02-22 04:00:00+00:00,0.005447375,0.400431981
2019-02-22 05:00:00+00:00,0.048137762,0.398442241
2019-02-22 06:00:00+00:00,0.129355155,0.394244731
2019-02-22 07:00:00+00:00,0.147365042,0.392355019
2019-02-22 08:00:00+00:00,0.121517514,0.391010992
2019-02-22 09:00:00+00:00,0.047231619,0.392278045
2019-02-22 10:00:00+00:00,0.005465344,0.393271081
2019-02-22 11:00:00+00:00,0,0.393236264
2019-02-22 12:00:00+00:00,0,0.393160607
2019-02-22 13:00:00+00:00,0,0.393728123
2019-02-22 14:00:00+00:00,0,0.393624614
2019-02-22 15:00:00+00:00,0,0.392596009
2019-02-22 16:00:00+00:00,0.010246863,0.391475468
2019-02-22 17:00:00+00:00,0.088949464,0.381101625
2019-02-22 18:00:00+00:00,0.243449038,0.383482914
2019-02-22 19:00:00+00:00,0.249446179,0.378624824
2019-02-22 20:00:00+00:00,0.146915751,0.387348534
2019-02-22 21:00:00+00:00,0.034801412,0.383805959
2019-02-22 22:00:00+00:00,0.010125131,0.386664805
2019-02-22 23:00:00+00:00,0.041796297,0.392200507
2019-02-23 00:00:00+00:00,0.038887491,0.400203036
2019-02-23 01:00:00+00:00,0.039886385,0.40024444
2019-02-23 02:00:00+00:00,0.040490663,0.400719738
2019-02-23 03:00:00+00:00,0.04619076,0.40087265
2019-02-23 04:00:00+00:00,0.075161358,0.401384553
2019-02-23 05:00:00+00:00,0.081582042,0.402331762
2019-02-23 06:00:00+00:00,0.087848835,0.400572472
2019-02-23 07:00:00+00:00,0.105003584,0.398482139
2019-02-23 08:00:00+00:00,0.047927607,0.392176418
2019-02-23 09:00:00+00:00,0.019589939,0.391615583
2019-02-23 10:00:00+00:00,0.017319926,0.395787968
2019-02-23 11:00:00+00:00,0.002990161,0.397389735
2019-02-23 12:00:00+00:00,0.004946148,0.398740537
2019-02-23 13:00:00+00:00,0.026235899,0.399487125
2019-02-23 14:00:00+00:00,0.008492431,0.400221291
2019-02-23 15:00:00+00:00,0.000410942,0.400424829
2019-02-23 16:00:00+00:00,0.004224301,0.399786174
2019-02-23 17:00:00+00:00,0.035592671,0.396409121
2019-02-23 18:00:00+00:00,0.091508084,0.391996311
2019-02-23 19:00:00+00:00,0.078311656,0.386950209
2019-02-23 20:00:00+00:00,0.041494596,0.394290464
2019-02-23 21:00:00+00:00,0.026286849,0.394789757
2019-02-23 22:00:00+00:00,0.024767991,0.397803491
2019-02-23 23:00:00+00:00,0.084496326,0.400299677
2019-02-24 00:00:00+00:00,0.083857424,0.40137232
2019-02-24 01:00:00+00:00,0.074694371,0.401884976
2019-02-24 02:00:00+00:00,0.040165569,0.402972205
2019-02-24 03:00:00+00:00,0.00529951,0.403697902
2019-02-24 04:00:00+00:00,0,0.40347705
2019-02-24 05:00:00+00:00,0,0.402991778
2019-02-24 06:00:00+00:00,0,0.401889304
2019-02-24 07:00:00+00:00,0.002679312,0.401623943
2019-02-24 08:00:00+00:00,0.015405576,0.401376272
2019-02-24 09:00:00+00:00,0.002903272,0.40026693
2019-02-24 10:00:00+00:00,0.000527908,0.399508391
2019-02-24 11:00:00+00:00,0.009582596,0.400365546
2019-02-24 12:00:00+00:00,0.036194648,0.401905584
2019-02-24 13:00:00+00:00,0.041303561,0.401984439
2019-02-24 14:00:00+00:00,0.04125294,0.402102252
2019-02-24 15:00:00+00:00,0.037434321,0.402400078
2019-02-24 16:00:00+00:00,0.016780459,0.401772338
2019-02-24 17:00:00+00:00,0.012048849,0.398521285
2019-02-24 18:00:00+00:00,0.070525622,0.38761813
2019-02-24 19:00:00+00:00,0.142146833,0.39531888
2019-02-24 20:00:00+00:00,0.156774244,0.395189587
2019-02-24 21:00:00+00:00,0.090789251,0.39586767
2019-02-24 22:00:00+00:00,0.019594048,0.397213862
2019-02-24 23:00:00+00:00,0.021352699,0.402497848
2019-02-25 00:00:00+00:00,0.004063069,0.403149959
2019-02-25 01:00:00+00:00,0,0.402894102
2019-02-25 02:00:00+00:00,0,0.402645114
2019-02-25 03:00:00+00:00,0,0.402919791
2019-02-25 04:00:00+00:00,0.006050666,0.401816659
2019-02-25 05:00:00+00:00,0.062468786,0.394820904
2019-02-25 06:00:00+00:00,0.198283796,0.394106216
2019-02-25 07:00:00+00:00,0.266552005,0.394462102
2019-02-25 08:00:00+00:00,0.2783077,0.393319166
2019-02-25 09:00:00+00:00,0.210156895,0.39470215
2019-02-25 10:00:00+00:00,0.12878594,0.391678065
2019-02-25 11:00:00+00:00,0.085831599,0.391994146
2019-02-25 12:00:00+00:00,0.013585785,0.39130496
2019-02-25 13:00:00+00:00,0,0.392399622
2019-02-25 14:00:00+00:00,0,0.393839443
2019-02-25 15:00:00+00:00,0,0.392771505
2019-02-25 16:00:00+00:00,0.007851666,0.390846788
2019-02-25 17:00:00+00:00,0.076253605,0.389212462
2019-02-25 18:00:00+00:00,0.248892468,0.387782616
2019-02-25 19:00:00+00:00,0.377187918,0.387208607
2019-02-25 20:00:00+00:00,0.348788453,0.387784216
2019-02-25 21:00:00+00:00,0.151142189,0.389646074
2019-02-25 22:00:00+00:00,0.062397621,0.39155837
2019-02-25 23:00:00+00:00,0.080840144,0.393661218
2019-02-26 00:00:00+00:00,0.045839205,0.394641738
2019-02-26 01:00:00+00:00,0.006228882,0.395981343
2019-02-26 02:00:00+00:00,0,0.396352284
2019-02-26 03:00:00+00:00,0,0.395122118
2019-02-26 04:00:00+00:00,0.008745975,0.394760398
2019-02-26 05:00:00+00:00,0.057589202,0.393673075
2019-02-26 06:00:00+00:00,0.085807439,0.389725118
2019-02-26 07:00:00+00:00,0.098401726,0.387919908
2019-02-26 08:00:00+00:00,0.11433384,0.388041673
2019-02-26 09:00:00+00:00,0.052560768,0.389987845
2019-02-26 10:00:00+00:00,0.0375772,0.389633935
2019-02-26 11:00:00+00:00,0.020446118,0.391033858
2019-02-26 12:00:00+00:00,0.022144396,0.390328392
2019-02-26 13:00:00+00:00,0.050151217,0.390945592
2019-02-26 14:00:00+00:00,0.04300288,0.391692651
2019-02-26 15:00:00+00:00,0.036225656,0.391941545
2019-02-26 16:00:00+00:00,0.015459211,0.390241726
2019-02-26 17:00:00+00:00,0.016300488,0.389211333
2019-02-26 18:00:00+00:00,0.05988376,0.386821104
2019-02-26 19:00:00+00:00,0.088138702,0.385936943
2019-02-26 20:00:00+00:00,0.068108511,0.385892622
2019-02-26 21:00:00+00:00,0.044347795,0.38930995
2019-02-26 22:00:00+00:00,0.032084737,0.391601938
2019-02-26 23:00:00+00:00,0.005019285,0.392922441
2019-02-27 00:00:00+00:00,0,0.396383714
2019-02-27 01:00:00+00:00,0.002845255,0.396565138
2019-02-27 02:00:00+00:00,0.023065605,0.39745711
2019-02-27 03:00:00+00:00,0.034669271,0.398373924
2019-02-27 04:00:00+00:00,0.030961537,0.397956121
2019-02-27 05:00:00+00:00,0.065183599,0.39389515
2019-02-27 06:00:00+00:00,0.050876734,0.391787409
2019-02-27 07:00:00+00:00,0.029218554,0.389070654
2019-02-27 08:00:00+00:00,0.012703364,0.388890641
2019-02-27 09:00:00+00:00,0.009344555,0.395574361
2019-02-27 10:00:00+00:00,0.035038138,0.395720969
2019-02-27 11:00:00+00:00,0.041298083,0.395991223
2019-02-27 12:00:00+00:00,0.041503088,0.396683892
2019-02-27 13:00:00+00:00,0.04151903,0.393871061
2019-02-27 14:00:00+00:00,0.041607234,0.391836529
2019-02-27 15:00:00+00:00,0.047492834,0.392639765
2019-02-27 16:00:00+00:00,0.080819545,0.388493728
2019-02-27 17:00:00+00:00,0.126698031,0.386339125
2019-02-27 18:00:00+00:00,0.185516334,0.385529491
2019-02-27 19:00:00+00:00,0.231666334,0.383534199
2019-02-27 20:00:00+00:00,0.217368838,0.38367469
2019-02-27 21:00:00+00:00,0.143662841,0.388667154
2019-02-27 22:00:00+00:00,0.104967207,0.392494099
2019-02-27 23:00:00+00:00,0.075559754,0.396919236
2019-02-28 00:00:00+00:00,0.046513663,0.400632225
2019-02-28 01:00:00+00:00,0.041437401,0.400592421
2019-02-28 02:00:00+00:00,0.040861337,0.401121544
2019-02-28 03:00:00+00:00,0.032775301,0.401599006
2019-02-28 04:00:00+00:00,0.018091352,0.400962798
2019-02-28 05:00:00+00:00,0.081604449,0.397507642
2019-02-28 06:00:00+00:00,0.115550833,0.393526279
2019-02-28 07:00:00+00:00,0.120065878,0.389570606
2019-02-28 08:00:00+00:00,0.085931691,0.393203987
2019-02-28 09:00:00+00:00,0.049338866,0.392126357
2019-02-28 10:00:00+00:00,0.01672907,0.391959141
2019-02-28 11:00:00+00:00,0.004363126,0.392539549
2019-02-28 12:00:00+00:00,0.018882008,0.393315025
2019-02-28 13:00:00+00:00,0.032089613,0.393006566
2019-02-28 14:00:00+00:00,0.011120464,0.39485798
2019-02-28 15:00:00+00:00,0.000814214,0.394973534
2019-02-28 16:00:00+00:00,0.012417004,0.39202774
2019-02-28 17:00:00+00:00,0.098630727,0.387939574
2019-02-28 18:00:00+00:00,0.243546281,0.387008269
2019-02-28 19:00:00+00:00,0.345451065,0.385809437
2019-02-28 20:00:00+00:00,0.295995945,0.385984369
2019-02-28 21:00:00+00:00,0.162184967,0.387616906
2019-02-28 22:00:00+00:00,0.093741228,0.391207472
2019-02-28 23:00:00+00:00,0.015618251,0.399856372
2019-03-01 00:00:00+00:00,2.93647E-05,0.227594637
2019-03-01 01:00:00+00:00,0,0.229186335
2019-03-01 02:00:00+00:00,0,0.229272342
2019-03-01 03:00:00+00:00,0.00102782,0.228296527
2019-03-01 04:00:00+00:00,0.019467769,0.22828053
2019-03-01 05:00:00+00:00,0.121791986,0.225384609
2019-03-01 06:00:00+00:00,0.339049556,0.220928984
2019-03-01 07:00:00+00:00,0.409578246,0.217687152
2019-03-01 08:00:00+00:00,0.441668243,0.215989968
2019-03-01 09:00:00+00:00,0.389247121,0.216576774
2019-03-01 10:00:00+00:00,0.314713708,0.212594659
2019-03-01 11:00:00+00:00,0.186755843,0.214167443
2019-03-01 12:00:00+00:00,0.063632856,0.218576583
2019-03-01 13:00:00+00:00,0.013403351,0.215938495
2019-03-01 14:00:00+00:00,0.001173493,0.220270473
2019-03-01 15:00:00+00:00,0.011341575,0.217380857
2019-03-01 16:00:00+00:00,0.067151418,0.219885605
2019-03-01 17:00:00+00:00,0.096023239,0.217568398
2019-03-01 18:00:00+00:00,0.146007855,0.215750296
2019-03-01 19:00:00+00:00,0.197819878,0.214871874
2019-03-01 20:00:00+00:00,0.140710208,0.21766118
2019-03-01 21:00:00+00:00,0.030083882,0.220234809
2019-03-01 22:00:00+00:00,0.019111009,0.222566226
2019-03-01 23:00:00+00:00,0.102579789,0.223176463
2019-03-02 00:00:00+00:00,0.117550373,0.22638743
2019-03-02 01:00:00+00:00,0.095058148,0.22700416
2019-03-02 02:00:00+00:00,0.067582028,0.228407188
2019-03-02 03:00:00+00:00,0.082017253,0.228177867
2019-03-02 04:00:00+00:00,0.085367461,0.228245148
2019-03-02 05:00:00+00:00,0.027457,0.228990701
2019-03-02 06:00:00+00:00,0.003554117,0.224257105
2019-03-02 07:00:00+00:00,0.023943752,0.222283738
2019-03-02 08:00:00+00:00,0.120116554,0.220056678
2019-03-02 09:00:00+00:00,0.177130515,0.217693927
2019-03-02 10:00:00+00:00,0.153335613,0.220279883
2019-03-02 11:00:00+00:00,0.031207631,0.220081239
2019-03-02 12:00:00+00:00,0.006432408,0.221366359
2019-03-02 13:00:00+00:00,0.045585606,0.224130164
2019-03-02 14:00:00+00:00,0.117144307,0.223559073
2019-03-02 15:00:00+00:00,0.119878678,0.222957305
2019-03-02 16:00:00+00:00,0.063564814,0.223046229
2019-03-02 17:00:00+00:00,0.058277685,0.223943941
2019-03-02 18:00:00+00:00,0.210521215,0.218038614
2019-03-02 19:00:00+00:00,0.345210778,0.216737591
2019-03-02 20:00:00+00:00,0.304317063,0.22058025
2019-03-02 21:00:00+00:00,0.149904433,0.218338699
2019-03-02 22:00:00+00:00,0.060348938,0.223840149
2019-03-02 23:00:00+00:00,0.010469564,0.22598553
2019-03-03 00:00:00+00:00,0,0.228074357
2019-03-03 01:00:00+00:00,0,0.229609219
2019-03-03 02:00:00+00:00,0,0.229632556
2019-03-03 03:00:00+00:00,0,0.230311768
2019-03-03 04:00:00+00:00,0,0.231400503
2019-03-03 05:00:00+00:00,0.004262432,0.232791862
2019-03-03 06:00:00+00:00,0.031651663,0.233342252
2019-03-03 07:00:00+00:00,0.046639449,0.231711032
2019-03-03 08:00:00+00:00,0.052690334,0.230132038
2019-03-03 09:00:00+00:00,0.052036148,0.230322684
2019-03-03 10:00:00+00:00,0.053408893,0.230601407
2019-03-03 11:00:00+00:00,0.074320409,0.231151703
2019-03-03 12:00:00+00:00,0.078213591,0.232671791
2019-03-03 13:00:00+00:00,0.078195676,0.23224693
2019-03-03 14:00:00+00:00,0.078415309,0.232941669
2019-03-03 15:00:00+00:00,0.078477818,0.232702185
2019-03-03 16:00:00+00:00,0.077668919,0.232309789
2019-03-03 17:00:00+00:00,0.070426626,0.230933015
2019-03-03 18:00:00+00:00,0.081533941,0.220021579
2019-03-03 19:00:00+00:00,0.209104477,0.218418119
2019-03-03 20:00:00+00:00,0.1812991,0.222524163
2019-03-03 21:00:00+00:00,0.137691558,0.222802981
2019-03-03 22:00:00+00:00,0.126794617,0.220257299
2019-03-03 23:00:00+00:00,0.139777056,0.228075487
2019-03-04 00:00:00+00:00,0.134309794,0.229059394
2019-03-04 01:00:00+00:00,0.165496881,0.22877606
2019-03-04 02:00:00+00:00,0.172123063,0.229399659
2019-03-04 03:00:00+00:00,0.171615919,0.230024481
2019-03-04 04:00:00+00:00,0.171950107,0.23009835
2019-03-04 05:00:00+00:00,0.168362351,0.230257661
2019-03-04 06:00:00+00:00,0.141540364,0.223390916
2019-03-04 07:00:00+00:00,0.138196237,0.215087457
2019-03-04 08:00:00+00:00,0.131908352,0.214823789
2019-03-04 09:00:00+00:00,0.111728434,0.215768551
2019-03-04 10:00:00+00:00,0.076023947,0.220041152
2019-03-04 11:00:00+00:00,0.090165251,0.222685544
2019-03-04 12:00:00+00:00,0.073429661,0.224847675
2019-03-04 13:00:00+00:00,0.099177152,0.221756403
2019-03-04 14:00:00+00:00,0.093910951,0.219489351
2019-03-04 15:00:00+00:00,0.039640674,0.218992692
2019-03-04 16:00:00+00:00,0.081116534,0.21470607
2019-03-04 17:00:00+00:00,0.186588803,0.211106094
2019-03-04 18:00:00+00:00,0.313587001,0.208654136
2019-03-04 19:00:00+00:00,0.296422062,0.208499154
2019-03-04 20:00:00+00:00,0.312397621,0.208925237
2019-03-04 21:00:00+00:00,0.303246675,0.209478074
2019-03-04 22:00:00+00:00,0.231077067,0.212924102
2019-03-04 23:00:00+00:00,0.041310574,0.224651477
2019-03-05 00:00:00+00:00,0.000334736,0.225888701
2019-03-05 01:00:00+00:00,0.007912313,0.224748118
2019-03-05 02:00:00+00:00,0.054025936,0.226489811
2019-03-05 03:00:00+00:00,0.076873223,0.226978377
2019-03-05 04:00:00+00:00,0.078282948,0.226514277
2019-03-05 05:00:00+00:00,0.075182286,0.222776351
2019-03-05 06:00:00+00:00,0.114323431,0.222490664
2019-03-05 07:00:00+00:00,0.16761881,0.221690345
2019-03-05 08:00:00+00:00,0.198330528,0.217440516
2019-03-05 09:00:00+00:00,0.134283059,0.215910736
2019-03-05 10:00:00+00:00,0.072510261,0.219875066
2019-03-05 11:00:00+00:00,0.038017014,0.22076572
2019-03-05 12:00:00+00:00,0.024510831,0.220688276
2019-03-05 13:00:00+00:00,0.056278857,0.224008023
2019-03-05 14:00:00+00:00,0.077134108,0.227942241
2019-03-05 15:00:00+00:00,0.07860733,0.227796292
2019-03-05 16:00:00+00:00,0.075045433,0.227146345
2019-03-05 17:00:00+00:00,0.116277993,0.217581383
2019-03-05 18:00:00+00:00,0.227400232,0.212588919
2019-03-05 19:00:00+00:00,0.1307943,0.209593911
2019-03-05 20:00:00+00:00,0.0601716,0.20779077
2019-03-05 21:00:00+00:00,0.042215566,0.210719344
2019-03-05 22:00:00+00:00,0.106309328,0.215846183
2019-03-05 23:00:00+00:00,0.175366988,0.217444092
2019-03-06 00:00:00+00:00,0.130139566,0.217656663
2019-03-06 01:00:00+00:00,0.074688564,0.217893795
2019-03-06 02:00:00+00:00,0.046954079,0.217900288
2019-03-06 03:00:00+00:00,0.065135443,0.218010855
2019-03-06 04:00:00+00:00,0.109255935,0.217488131
2019-03-06 05:00:00+00:00,0.111275582,0.217522195
2019-03-06 06:00:00+00:00,0.102247902,0.212513168
2019-03-06 07:00:00+00:00,0.122168249,0.212090943
2019-03-06 08:00:00+00:00,0.173834818,0.204309737
2019-03-06 09:00:00+00:00,0.206285792,0.201419744
2019-03-06 10:00:00+00:00,0.124184663,0.20152363
2019-03-06 11:00:00+00:00,0.06910987,0.202619704
2019-03-06 12:00:00+00:00,0.014326477,0.20740402
2019-03-06 13:00:00+00:00,0.030856514,0.207400256
2019-03-06 14:00:00+00:00,0.067774926,0.209701373
2019-03-06 15:00:00+00:00,0.058786637,0.208767903
2019-03-06 16:00:00+00:00,0.101250926,0.207443542
2019-03-06 17:00:00+00:00,0.167019189,0.198254979
2019-03-06 18:00:00+00:00,0.213684004,0.199439696
2019-03-06 19:00:00+00:00,0.237753816,0.19878015
2019-03-06 20:00:00+00:00,0.223270489,0.195323395
2019-03-06 21:00:00+00:00,0.155844489,0.199839055
2019-03-06 22:00:00+00:00,0.130248752,0.20727341
2019-03-06 23:00:00+00:00,0.135274502,0.208598617
2019-03-07 00:00:00+00:00,0.136226883,0.209187117
2019-03-07 01:00:00+00:00,0.135993171,0.209624587
2019-03-07 02:00:00+00:00,0.140819284,0.210111459
2019-03-07 03:00:00+00:00,0.174922846,0.210552129
2019-03-07 04:00:00+00:00,0.229107166,0.210371645
2019-03-07 05:00:00+00:00,0.237640411,0.207891834
2019-03-07 06:00:00+00:00,0.22122219,0.202685762
2019-03-07 07:00:00+00:00,0.242487617,0.197628181
2019-03-07 08:00:00+00:00,0.18188864,0.19796487
2019-03-07 09:00:00+00:00,0.192865074,0.204536988
2019-03-07 10:00:00+00:00,0.088692632,0.198903798
2019-03-07 11:00:00+00:00,0.073402871,0.205396119
2019-03-07 12:00:00+00:00,0.16705469,0.206517977
2019-03-07 13:00:00+00:00,0.1672649,0.206631743
2019-03-07 14:00:00+00:00,0.136445694,0.207178087
2019-03-07 15:00:00+00:00,0.100804703,0.205926465
2019-03-07 16:00:00+00:00,0.115219329,0.202733
2019-03-07 17:00:00+00:00,0.196452391,0.194586593
2019-03-07 18:00:00+00:00,0.228916898,0.192903618
2019-03-07 19:00:00+00:00,0.258124331,0.19298398
2019-03-07 20:00:00+00:00,0.248522779,0.193641549
2019-03-07 21:00:00+00:00,0.214844129,0.194372987
2019-03-07 22:00:00+00:00,0.169003116,0.198363571
2019-03-07 23:00:00+00:00,0.059123345,0.198678805
2019-03-08 00:00:00+00:00,0.006507189,0.208392821
2019-03-08 01:00:00+00:00,0.000746116,0.209526347
2019-03-08 02:00:00+00:00,0.005539687,0.209978026
2019-03-08 03:00:00+00:00,0.014814173,0.210350002
2019-03-08 04:00:00+00:00,0.061991774,0.209945938
2019-03-08 05:00:00+00:00,0.161703353,0.200935789
2019-03-08 06:00:00+00:00,0.239795321,0.198060569
2019-03-08 07:00:00+00:00,0.124322119,0.194648699
2019-03-08 08:00:00+00:00,0.153917046,0.193080996
2019-03-08 09:00:00+00:00,0.124011214,0.191699706
2019-03-08 10:00:00+00:00,0.107906418,0.19828161
2019-03-08 11:00:00+00:00,0.141644839,0.198499451
2019-03-08 12:00:00+00:00,0.187671682,0.19960757
2019-03-08 13:00:00+00:00,0.126031134,0.200534265
2019-03-08 14:00:00+00:00,0.088012861,0.201804518
2019-03-08 15:00:00+00:00,0.065619084,0.202446655
2019-03-08 16:00:00+00:00,0.058594561,0.203071477
2019-03-08 17:00:00+00:00,0.033354049,0.202330159
2019-03-08 18:00:00+00:00,0.134103748,0.199186944
2019-03-08 19:00:00+00:00,0.280177181,0.198296195
2019-03-08 20:00:00+00:00,0.256844336,0.194424647
2019-03-08 21:00:00+00:00,0.217159285,0.194971744
2019-03-08 22:00:00+00:00,0.157926152,0.193774512
2019-03-08 23:00:00+00:00,0.219001593,0.199733099
2019-03-09 00:00:00+00:00,0.140487014,0.200277843
2019-03-09 01:00:00+00:00,0.068524274,0.210442126
2019-03-09 02:00:00+00:00,0.056099052,0.212070899
2019-03-09 03:00:00+00:00,0.055973102,0.211755289
2019-03-09 04:00:00+00:00,0.055898211,0.211935208
2019-03-09 05:00:00+00:00,0.046367387,0.21112322
2019-03-09 06:00:00+00:00,0.038905899,0.210573772
2019-03-09 07:00:00+00:00,0.091808196,0.199388129
2019-03-09 08:00:00+00:00,0.122811205,0.199361123
2019-03-09 09:00:00+00:00,0.095784541,0.199263917
2019-03-09 10:00:00+00:00,0.058114042,0.200097359
2019-03-09 11:00:00+00:00,0.008711954,0.201972392
2019-03-09 12:00:00+00:00,0,0.202104978
2019-03-09 13:00:00+00:00,0,0.209726779
2019-03-09 14:00:00+00:00,0,0.210105719
2019-03-09 15:00:00+00:00,0,0.210887124
2019-03-09 16:00:00+00:00,0,0.21152258
2019-03-09 17:00:00+00:00,0.011794263,0.210057446
2019-03-09 18:00:00+00:00,0.091908727,0.201436682
2019-03-09 19:00:00+00:00,0.201607762,0.196937018
2019-03-09 20:00:00+00:00,0.202458134,0.197872087
2019-03-09 21:00:00+00:00,0.130552808,0.198157774
2019-03-09 22:00:00+00:00,0.05734278,0.20268708
2019-03-09 23:00:00+00:00,0.00911024,0.212551561
2019-03-10 00:00:00+00:00,0.011282901,0.214359124
2019-03-10 01:00:00+00:00,0.038856209,0.216454821
2019-03-10 02:00:00+00:00,0.05513051,0.216932471
2019-03-10 03:00:00+00:00,0.06666186,0.217418403
2019-03-10 04:00:00+00:00,0.078892869,0.217416332
2019-03-10 05:00:00+00:00,0.08642985,0.217636808
2019-03-10 06:00:00+00:00,0.093481437,0.216568399
2019-03-10 07:00:00+00:00,0.105205686,0.216225499
2019-03-10 08:00:00+00:00,0.075130076,0.21502648
2019-03-10 09:00:00+00:00,0.029615362,0.215314613
2019-03-10 10:00:00+00:00,0.01943561,0.215759894
2019-03-10 11:00:00+00:00,0.016364641,0.215698729
2019-03-10 12:00:00+00:00,0.044502672,0.216433178
2019-03-10 13:00:00+00:00,0.055471382,0.217306047
2019-03-10 14:00:00+00:00,0.084433707,0.217864718
2019-03-10 15:00:00+00:00,0.109859556,0.217893324
2019-03-10 16:00:00+00:00,0.075838664,0.218044731
2019-03-10 17:00:00+00:00,0.058366601,0.216952703
2019-03-10 18:00:00+00:00,0.157627848,0.213299184
2019-03-10 19:00:00+00:00,0.279261122,0.204167458
2019-03-10 20:00:00+00:00,0.243141365,0.204658565
2019-03-10 21:00:00+00:00,0.158225058,0.209868588
2019-03-10 22:00:00+00:00,0.045483761,0.211918081
2019-03-10 23:00:00+00:00,0.039667629,0.214943296
2019-03-11 00:00:00+00:00,0.05819852,0.216640103
2019-03-11 01:00:00+00:00,0.068348031,0.217437599
2019-03-11 02:00:00+00:00,0.117955343,0.218076913
2019-03-11 03:00:00+00:00,0.187439668,0.218297483
2019-03-11 04:00:00+00:00,0.144944096,0.218517112
2019-03-11 05:00:00+00:00,0.112282255,0.217705689
2019-03-11 06:00:00+00:00,0.066712317,0.215734863
2019-03-11 07:00:00+00:00,0.081235692,0.208643032
2019-03-11 08:00:00+00:00,0.098634453,0.206821637
2019-03-11 09:00:00+00:00,0.018785806,0.210520511
2019-03-11 10:00:00+00:00,0.007581686,0.208662981
2019-03-11 11:00:00+00:00,0.034452761,0.20781326
2019-03-11 12:00:00+00:00,0.034994803,0.207306156
2019-03-11 13:00:00+00:00,0.035583412,0.199582539
2019-03-11 14:00:00+00:00,0.105851436,0.20930079
2019-03-11 15:00:00+00:00,0.132536516,0.209783145
2019-03-11 16:00:00+00:00,0.137627296,0.208970594
2019-03-11 17:00:00+00:00,0.16600271,0.203921575
2019-03-11 18:00:00+00:00,0.267951925,0.196889874
2019-03-11 19:00:00+00:00,0.302347162,0.196459838
2019-03-11 20:00:00+00:00,0.287689783,0.196209532
2019-03-11 21:00:00+00:00,0.269728764,0.200701292
2019-03-11 22:00:00+00:00,0.185609961,0.201277371
2019-03-11 23:00:00+00:00,0.08612437,0.206457282
2019-03-12 00:00:00+00:00,0.04106059,0.212738161
2019-03-12 01:00:00+00:00,0.009655898,0.214822001
2019-03-12 02:00:00+00:00,0.000359773,0.214603125
2019-03-12 03:00:00+00:00,0.001926348,0.213821626
2019-03-12 04:00:00+00:00,0.016576275,0.213740794
2019-03-12 05:00:00+00:00,0.037728571,0.211380301
2019-03-12 06:00:00+00:00,0.087525713,0.203921199
2019-03-12 07:00:00+00:00,0.202851818,0.1996964
2019-03-12 08:00:00+00:00,0.197071242,0.198044102
2019-03-12 09:00:00+00:00,0.072598738,0.207276233
2019-03-12 10:00:00+00:00,0.008010214,0.20283397
2019-03-12 11:00:00+00:00,0,0.211640205
2019-03-12 12:00:00+00:00,0.002000198,0.210862188
2019-03-12 13:00:00+00:00,0.024787166,0.21455137
2019-03-12 14:00:00+00:00,0.079244698,0.215924098
2019-03-12 15:00:00+00:00,0.082448685,0.216659582
2019-03-12 16:00:00+00:00,0.077775804,0.216203668
2019-03-12 17:00:00+00:00,0.067405401,0.214203765
2019-03-12 18:00:00+00:00,0.090370037,0.211262865
2019-03-12 19:00:00+00:00,0.136100549,0.210794812
2019-03-12 20:00:00+00:00,0.083983649,0.208472053
2019-03-12 21:00:00+00:00,0.012168554,0.210689044
2019-03-12 22:00:00+00:00,0.004214385,0.211812596
2019-03-12 23:00:00+00:00,0.027478366,0.216915345
2019-03-13 00:00:00+00:00,0.051761018,0.217981872
2019-03-13 01:00:00+00:00,0.096317215,0.218451618
2019-03-13 02:00:00+00:00,0.125464001,0.218656097
2019-03-13 03:00:00+00:00,0.115973499,0.219016688
2019-03-13 04:00:00+00:00,0.08222067,0.219440513
2019-03-13 05:00:00+00:00,0.091708597,0.219152191
2019-03-13 06:00:00+00:00,0.188351618,0.217360719
2019-03-13 07:00:00+00:00,0.229125738,0.215271986
2019-03-13 08:00:00+00:00,0.196013673,0.213521354
2019-03-13 09:00:00+00:00,0.10818878,0.21440034
2019-03-13 10:00:00+00:00,0.061234975,0.213253452
2019-03-13 11:00:00+00:00,0.023703575,0.214651398
2019-03-13 12:00:00+00:00,0.019426571,0.215135824
2019-03-13 13:00:00+00:00,0.041086832,0.215720278
2019-03-13 14:00:00+00:00,0.068772888,0.216055838
2019-03-13 15:00:00+00:00,0.062552224,0.216600487
2019-03-13 16:00:00+00:00,0.079781919,0.215640575
2019-03-13 17:00:00+00:00,0.100451231,0.213206213
2019-03-13 18:00:00+00:00,0.160636965,0.207799804
2019-03-13 19:00:00+00:00,0.244565554,0.204963072
2019-03-13 20:00:00+00:00,0.199204128,0.209109673
2019-03-13 21:00:00+00:00,0.164968973,0.210490211
2019-03-13 22:00:00+00:00,0.078849972,0.212993266
2019-03-13 23:00:00+00:00,0.039749916,0.217496505
2019-03-14 00:00:00+00:00,0.006026123,0.21898347
2019-03-14 01:00:00+00:00,0,0.219775132
2019-03-14 02:00:00+00:00,0,0.219843166
2019-03-14 03:00:00+00:00,0.000961037,0.220414352
2019-03-14 04:00:00+00:00,0.014084218,0.220313477
2019-03-14 05:00:00+00:00,0.074611372,0.217995987
2019-03-14 06:00:00+00:00,0.205038833,0.214957975
2019-03-14 07:00:00+00:00,0.210526146,0.212143074
2019-03-14 08:00:00+00:00,0.125204156,0.211367033
2019-03-14 09:00:00+00:00,0.076703389,0.212450122
2019-03-14 10:00:00+00:00,0.069602825,0.213732514
2019-03-14 11:00:00+00:00,0.071369748,0.214808074
2019-03-14 12:00:00+00:00,0.059725705,0.214790854
2019-03-14 13:00:00+00:00,0.028609894,0.214613382
2019-03-14 14:00:00+00:00,0.005545111,0.216467242
2019-03-14 15:00:00+00:00,9.25865E-05,0.212399496
2019-03-14 16:00:00+00:00,0,0.207279244
2019-03-14 17:00:00+00:00,0.007859391,0.205577167
2019-03-14 18:00:00+00:00,0.048231827,0.201741189
2019-03-14 19:00:00+00:00,0.057394497,0.201193904
2019-03-14 20:00:00+00:00,0.05699369,0.201438376
2019-03-14 21:00:00+00:00,0.023085108,0.204871324
2019-03-14 22:00:00+00:00,0.04442307,0.210261455
2019-03-14 23:00:00+00:00,0.126812861,0.215145704
2019-03-15 00:00:00+00:00,0.100799115,0.216455479
2019-03-15 01:00:00+00:00,0.067480128,0.217273677
2019-03-15 02:00:00+00:00,0.039555593,0.213999098
2019-03-15 03:00:00+00:00,0.011686118,0.217904898
2019-03-15 04:00:00+00:00,0.034724166,0.210778721
2019-03-15 05:00:00+00:00,0.080756543,0.208215255
2019-03-15 06:00:00+00:00,0.168627401,0.206455682
2019-03-15 07:00:00+00:00,0.202427126,0.203853823
2019-03-15 08:00:00+00:00,0.187043299,0.202369587
2019-03-15 09:00:00+00:00,0.133889758,0.203217709
2019-03-15 10:00:00+00:00,0.062866306,0.204526072
2019-03-15 11:00:00+00:00,0.045240187,0.203981422
2019-03-15 12:00:00+00:00,0.032322833,0.205028471
2019-03-15 13:00:00+00:00,0.004949215,0.20689127
2019-03-15 14:00:00+00:00,0,0.206919406
2019-03-15 15:00:00+00:00,0,0.206220998
2019-03-15 16:00:00+00:00,0.001606075,0.20445832
2019-03-15 17:00:00+00:00,0.028029721,0.203446936
2019-03-15 18:00:00+00:00,0.127447873,0.200201904
2019-03-15 19:00:00+00:00,0.228210939,0.199888364
2019-03-15 20:00:00+00:00,0.240986181,0.199981711
2019-03-15 21:00:00+00:00,0.21710598,0.201278218
2019-03-15 22:00:00+00:00,0.127632334,0.205541973
2019-03-15 23:00:00+00:00,0.045545065,0.208670227
2019-03-16 00:00:00+00:00,0.030459652,0.210889759
2019-03-16 01:00:00+00:00,0.004985045,0.211515428
2019-03-16 02:00:00+00:00,0,0.212050668
2019-03-16 03:00:00+00:00,0,0.213471857
2019-03-16 04:00:00+00:00,0,0.217497823
2019-03-16 05:00:00+00:00,0,0.213519378
2019-03-16 06:00:00+00:00,0.005547522,0.213526623
2019-03-16 07:00:00+00:00,0.032433498,0.218433739
2019-03-16 08:00:00+00:00,0.024972997,0.211319607
2019-03-16 09:00:00+00:00,0.003759725,0.211582522
2019-03-16 10:00:00+00:00,0,0.212671821
2019-03-16 11:00:00+00:00,0.003254663,0.214117005
2019-03-16 12:00:00+00:00,0.028892146,0.2231376
2019-03-16 13:00:00+00:00,0.07420947,0.224130447
2019-03-16 14:00:00+00:00,0.094927431,0.224547968
2019-03-16 15:00:00+00:00,0.124392408,0.224222194
2019-03-16 16:00:00+00:00,0.108386279,0.224246095
2019-03-16 17:00:00+00:00,0.04176244,0.219768545
2019-03-16 18:00:00+00:00,0.023226672,0.215875072
2019-03-16 19:00:00+00:00,0.070451334,0.210640959
2019-03-16 20:00:00+00:00,0.081638744,0.210595979
2019-03-16 21:00:00+00:00,0.085891589,0.212754723
2019-03-16 22:00:00+00:00,0.068375368,0.214942355
2019-03-16 23:00:00+00:00,0.047437556,0.224698339
2019-03-17 00:00:00+00:00,0.092129345,0.225448503
2019-03-17 01:00:00+00:00,0.117581601,0.225853132
2019-03-17 02:00:00+00:00,0.129986223,0.226610823
2019-03-17 03:00:00+00:00,0.130944356,0.227170341
2019-03-17 04:00:00+00:00,0.125300249,0.227467037
2019-03-17 05:00:00+00:00,0.120139728,0.227584192
2019-03-17 06:00:00+00:00,0.116125965,0.227307726
2019-03-17 07:00:00+00:00,0.085954536,0.226161873
2019-03-17 08:00:00+00:00,0.015392866,0.22354731
2019-03-17 09:00:00+00:00,0.021122054,0.22413007
2019-03-17 10:00:00+00:00,0.094638879,0.223323353
2019-03-17 11:00:00+00:00,0.117766171,0.223819729
2019-03-17 12:00:00+00:00,0.120301343,0.22498205
2019-03-17 13:00:00+00:00,0.124410377,0.225583159
2019-03-17 14:00:00+00:00,0.138764685,0.226063257
2019-03-17 15:00:00+00:00,0.145117436,0.226133925
2019-03-17 16:00:00+00:00,0.142253006,0.22612715
2019-03-17 17:00:00+00:00,0.137037591,0.225646394
2019-03-17 18:00:00+00:00,0.163037476,0.223337656
2019-03-17 19:00:00+00:00,0.036849821,0.221720645
2019-03-17 20:00:00+00:00,0.009130291,0.220625324
2019-03-17 21:00:00+00:00,0.051703767,0.221771741
2019-03-17 22:00:00+00:00,0.093905363,0.225179001
2019-03-17 23:00:00+00:00,0.163975284,0.226946665
2019-03-18 00:00:00+00:00,0.184461505,0.227696358
2019-03-18 01:00:00+00:00,0.187696993,0.227529237
2019-03-18 02:00:00+00:00,0.181866836,0.227805138
2019-03-18 03:00:00+00:00,0.165687368,0.227998137
2019-03-18 04:00:00+00:00,0.114965565,0.227633688
2019-03-18 05:00:00+00:00,0.062619226,0.22731469
2019-03-18 06:00:00+00:00,0.055263089,0.224430719
2019-03-18 07:00:00+00:00,0.05187886,0.216148714
2019-03-18 08:00:00+00:00,0.041356319,0.21443064
2019-03-18 09:00:00+00:00,0.026376038,0.210682081
2019-03-18 10:00:00+00:00,0.004024775,0.218361565
2019-03-18 11:00:00+00:00,0,0.214819837
2019-03-18 12:00:00+00:00,0,0.211907166
2019-03-18 13:00:00+00:00,0,0.213300596
2019-03-18 14:00:00+00:00,0,0.223614686
2019-03-18 15:00:00+00:00,0,0.222417266
2019-03-18 16:00:00+00:00,0,0.223009812
2019-03-18 17:00:00+00:00,0.015044598,0.222619392
2019-03-18 18:00:00+00:00,0.101919193,0.218002574
2019-03-18 19:00:00+00:00,0.189124743,0.217117471
2019-03-18 20:00:00+00:00,0.16090059,0.216125095
2019-03-18 21:00:00+00:00,0.0359611,0.216347735
2019-03-18 22:00:00+00:00,0.020659779,0.222518423
2019-03-18 23:00:00+00:00,0.047592652,0.227661259
2019-03-19 00:00:00+00:00,0.022972251,0.228196217
2019-03-19 01:00:00+00:00,0.002683968,0.228585978
2019-03-19 02:00:00+00:00,0,0.2293081
2019-03-19 03:00:00+00:00,0,0.229303865
2019-03-19 04:00:00+00:00,0.010912007,0.229060429
2019-03-19 05:00:00+00:00,0.070258765,0.228622677
2019-03-19 06:00:00+00:00,0.119869474,0.228679701
2019-03-19 07:00:00+00:00,0.186612306,0.224144185
2019-03-19 08:00:00+00:00,0.111678799,0.223105512
2019-03-19 09:00:00+00:00,0.017381121,0.223628142
2019-03-19 10:00:00+00:00,0.012331594,0.223825187
2019-03-19 11:00:00+00:00,0.035408703,0.222844385
2019-03-19 12:00:00+00:00,0.039813192,0.224442011
2019-03-19 13:00:00+00:00,0.039881947,0.225319586
2019-03-19 14:00:00+00:00,0.045466394,0.225802412
2019-03-19 15:00:00+00:00,0.081341098,0.224528113
2019-03-19 16:00:00+00:00,0.113178098,0.224591536
2019-03-19 17:00:00+00:00,0.083280977,0.222114641
2019-03-19 18:00:00+00:00,0.196637345,0.218672941
2019-03-19 19:00:00+00:00,0.17097751,0.216754717
2019-03-19 20:00:00+00:00,0.147855477,0.217478815
2019-03-19 21:00:00+00:00,0.040969592,0.221440416
2019-03-19 22:00:00+00:00,0.052839678,0.223802227
2019-03-19 23:00:00+00:00,0.042932317,0.225461771
2019-03-20 00:00:00+00:00,0.039928514,0.226400134
2019-03-20 01:00:00+00:00,0.022511674,0.226332194
2019-03-20 02:00:00+00:00,0.021195576,0.226277428
2019-03-20 03:00:00+00:00,0.033532319,0.227092708
2019-03-20 04:00:00+00:00,0.044282711,0.226697301
2019-03-20 05:00:00+00:00,0.07585636,0.226113506
2019-03-20 06:00:00+00:00,0.080571972,0.22448285
2019-03-20 07:00:00+00:00,0.098546468,0.221601327
2019-03-20 08:00:00+00:00,0.067132298,0.219838179
2019-03-20 09:00:00+00:00,0.028578886,0.2216799
2019-03-20 10:00:00+00:00,0.005406231,0.221916467
2019-03-20 11:00:00+00:00,0.009523264,0.222758095
2019-03-20 12:00:00+00:00,0.04782872,0.221021578
2019-03-20 13:00:00+00:00,0.048589737,0.22219839
2019-03-20 14:00:00+00:00,0.007945239,0.223240545
2019-03-20 15:00:00+00:00,0,0.22257987
2019-03-20 16:00:00+00:00,0,0.221973868
2019-03-20 17:00:00+00:00,0.025265493,0.220109751
2019-03-20 18:00:00+00:00,0.154221759,0.213252322
2019-03-20 19:00:00+00:00,0.163428147,0.213782292
2019-03-20 20:00:00+00:00,0.041992098,0.212526437
2019-03-20 21:00:00+00:00,0.006707976,0.220938017
2019-03-20 22:00:00+00:00,0.030155267,0.224477299
2019-03-20 23:00:00+00:00,0.085066856,0.228029472
2019-03-21 00:00:00+00:00,0.113539897,0.228220494
2019-03-21 01:00:00+00:00,0.068616477,0.228632651
2019-03-21 02:00:00+00:00,0.035679122,0.229618629
2019-03-21 03:00:00+00:00,0.042410381,0.229615053
2019-03-21 04:00:00+00:00,0.062819465,0.228019591
2019-03-21 05:00:00+00:00,0.164919612,0.228364749
2019-03-21 06:00:00+00:00,0.268955201,0.218451995
2019-03-21 07:00:00+00:00,0.297989842,0.214531891
2019-03-21 08:00:00+00:00,0.241185051,0.217361284
2019-03-21 09:00:00+00:00,0.210814753,0.219081711
2019-03-21 10:00:00+00:00,0.224143432,0.220494525
2019-03-21 11:00:00+00:00,0.230617641,0.217125752
2019-03-21 12:00:00+00:00,0.18237902,0.220741725
2019-03-21 13:00:00+00:00,0.142203645,0.220228128
2019-03-21 14:00:00+00:00,0.137552459,0.214102702
2019-03-21 15:00:00+00:00,0.117151594,0.212924102
2019-03-21 16:00:00+00:00,0.14728659,0.212719059
2019-03-21 17:00:00+00:00,0.257329785,0.21176404
2019-03-21 18:00:00+00:00,0.400876646,0.212586002
2019-03-21 19:00:00+00:00,0.442105974,0.208183919
2019-03-21 20:00:00+00:00,0.40706548,0.210192385
2019-03-21 21:00:00+00:00,0.366104051,0.20987094
2019-03-21 22:00:00+00:00,0.322829602,0.213522295
2019-03-21 23:00:00+00:00,0.237211226,0.21757649
2019-03-22 00:00:00+00:00,0.099078101,0.218285156
2019-03-22 01:00:00+00:00,0.045875583,0.223099019
2019-03-22 02:00:00+00:00,0.048177536,0.219472507
2019-03-22 03:00:00+00:00,0.059815607,0.219718954
2019-03-22 04:00:00+00:00,0.070870493,0.219491045
2019-03-22 05:00:00+00:00,0.137405252,0.216935012
2019-03-22 06:00:00+00:00,0.226720132,0.216287229
2019-03-22 07:00:00+00:00,0.264773796,0.213639731
2019-03-22 08:00:00+00:00,0.245124799,0.212290622
2019-03-22 09:00:00+00:00,0.181230071,0.212079086
2019-03-22 10:00:00+00:00,0.136175878,0.212871783
2019-03-22 11:00:00+00:00,0.164250304,0.214130932
2019-03-22 12:00:00+00:00,0.14580422,0.214353949
2019-03-22 13:00:00+00:00,0.111944122,0.214775233
2019-03-22 14:00:00+00:00,0.085005114,0.215378225
2019-03-22 15:00:00+00:00,0.082380751,0.215933978
2019-03-22 16:00:00+00:00,0.085642591,0.214965221
2019-03-22 17:00:00+00:00,0.095450682,0.21403288
2019-03-22 18:00:00+00:00,0.160085664,0.212452851
2019-03-22 19:00:00+00:00,0.236747745,0.211787847
2019-03-22 20:00:00+00:00,0.232708398,0.212228705
2019-03-22 21:00:00+00:00,0.155112836,0.212068076
2019-03-22 22:00:00+00:00,0.124215836,0.214657797
2019-03-22 23:00:00+00:00,0.124579772,0.218548729
2019-03-23 00:00:00+00:00,0.035957429,0.220065147
2019-03-23 01:00:00+00:00,0.002460062,0.231037936
2019-03-23 02:00:00+00:00,0.006760898,0.233329925
2019-03-23 03:00:00+00:00,0.044778679,0.233903463
2019-03-23 04:00:00+00:00,0.057176836,0.23431722
2019-03-23 05:00:00+00:00,0.060448537,0.234435786
2019-03-23 06:00:00+00:00,0.072082336,0.233672825
2019-03-23 07:00:00+00:00,0.0805534,0.23245235
2019-03-23 08:00:00+00:00,0.04888448,0.230480301
2019-03-23 09:00:00+00:00,0.016588492,0.230690426
2019-03-23 10:00:00+00:00,0.001709399,0.230845502
2019-03-23 11:00:00+00:00,0,0.23170868
2019-03-23 12:00:00+00:00,0.003751946,0.232871188
2019-03-23 13:00:00+00:00,0.023176708,0.232618813
2019-03-23 14:00:00+00:00,0.023196212,0.232439459
2019-03-23 15:00:00+00:00,0.024755719,0.232944398
2019-03-23 16:00:00+00:00,0.040778174,0.232100417
2019-03-23 17:00:00+00:00,0.080021877,0.230586445
2019-03-23 18:00:00+00:00,0.080519707,0.219653273
2019-03-23 19:00:00+00:00,0.117589216,0.218326654
2019-03-23 20:00:00+00:00,0.059442631,0.218736552
2019-03-23 21:00:00+00:00,0.011056858,0.220015745
2019-03-23 22:00:00+00:00,0.004668607,0.230660784
2019-03-23 23:00:00+00:00,0.020032711,0.234803151
2019-03-24 00:00:00+00:00,0.003748439,0.234805692
2019-03-24 01:00:00+00:00,0,0.235578345
2019-03-24 02:00:00+00:00,0,0.236514168
2019-03-24 03:00:00+00:00,0,0.23630075
2019-03-24 04:00:00+00:00,0,0.236421574
2019-03-24 05:00:00+00:00,0,0.236771343
2019-03-24 06:00:00+00:00,0.002729823,0.236219636
2019-03-24 07:00:00+00:00,0.021707486,0.235852458
2019-03-24 08:00:00+00:00,0.029381485,0.234985611
2019-03-24 09:00:00+00:00,0.020747052,0.233967357
2019-03-24 10:00:00+00:00,0.023051525,0.233461476
2019-03-24 11:00:00+00:00,0.062601859,0.233977332
2019-03-24 12:00:00+00:00,0.072731044,0.236260381
2019-03-24 13:00:00+00:00,0.042673513,0.236705002
2019-03-24 14:00:00+00:00,0.07751848,0.237476056
2019-03-24 15:00:00+00:00,0.144251998,0.237242594
2019-03-24 16:00:00+00:00,0.142051507,0.236887179
2019-03-24 17:00:00+00:00,0.064678098,0.236407647
2019-03-24 18:00:00+00:00,0.023193308,0.234449901
2019-03-24 19:00:00+00:00,0.014701754,0.228352893
2019-03-24 20:00:00+00:00,0.014440485,0.227919469
2019-03-24 21:00:00+00:00,0.013857902,0.229072192
2019-03-24 22:00:00+00:00,0.013808431,0.233991635
2019-03-24 23:00:00+00:00,0.024606102,0.235996337
2019-03-25 00:00:00+00:00,0.093268762,0.236312136
2019-03-25 01:00:00+00:00,0.115809034,0.237702931
2019-03-25 02:00:00+00:00,0.117632003,0.238401527
2019-03-25 03:00:00+00:00,0.113947388,0.238542018
2019-03-25 04:00:00+00:00,0.091720431,0.238065403
2019-03-25 05:00:00+00:00,0.068511399,0.235944676
2019-03-25 06:00:00+00:00,0.0908024,0.231449435
2019-03-25 07:00:00+00:00,0.200383977,0.225186905
2019-03-25 08:00:00+00:00,0.20048615,0.223264917
2019-03-25 09:00:00+00:00,0.127961043,0.22575715
2019-03-25 10:00:00+00:00,0.090191986,0.226372751
2019-03-25 11:00:00+00:00,0.117780086,0.224603298
2019-03-25 12:00:00+00:00,0.109181263,0.228259922
2019-03-25 13:00:00+00:00,0.07813092,0.230337928
2019-03-25 14:00:00+00:00,0.031800623,0.233141725
2019-03-25 15:00:00+00:00,0.016670505,0.233962181
2019-03-25 16:00:00+00:00,0.020910092,0.233994269
2019-03-25 17:00:00+00:00,0.040114619,0.233467593
2019-03-25 18:00:00+00:00,0.083663321,0.231652596
2019-03-25 19:00:00+00:00,0.177497902,0.229198003
2019-03-25 20:00:00+00:00,0.094284256,0.230042831
2019-03-25 21:00:00+00:00,0.066086673,0.231169864
2019-03-25 22:00:00+00:00,0.106010093,0.233331054
2019-03-25 23:00:00+00:00,0.121512802,0.236632263
2019-03-26 00:00:00+00:00,0.131449199,0.237801171
2019-03-26 01:00:00+00:00,0.132124369,0.238513694
2019-03-26 02:00:00+00:00,0.129785326,0.238947683
2019-03-26 03:00:00+00:00,0.119735799,0.238965844
2019-03-26 04:00:00+00:00,0.119809156,0.239113863
2019-03-26 05:00:00+00:00,0.136426026,0.238937332
2019-03-26 06:00:00+00:00,0.164799414,0.237969798
2019-03-26 07:00:00+00:00,0.13294039,0.232534782
2019-03-26 08:00:00+00:00,0.094387964,0.231477947
2019-03-26 09:00:00+00:00,0.063907658,0.232501753
2019-03-26 10:00:00+00:00,0.060089258,0.233157346
2019-03-26 11:00:00+00:00,0.079454031,0.23309317
2019-03-26 12:00:00+00:00,0.045999506,0.233815009
2019-03-26 13:00:00+00:00,0.021427152,0.234954181
2019-03-26 14:00:00+00:00,0.01854404,0.235719307
2019-03-26 15:00:00+00:00,0.023417433,0.235536377
2019-03-26 16:00:00+00:00,0.042557205,0.235385723
2019-03-26 17:00:00+00:00,0.08121816,0.234232154
2019-03-26 18:00:00+00:00,0.155278341,0.230876932
2019-03-26 19:00:00+00:00,0.211740782,0.229548525
2019-03-26 20:00:00+00:00,0.136335193,0.231294358
2019-03-26 21:00:00+00:00,0.074818733,0.235002078
2019-03-26 22:00:00+00:00,0.097585595,0.236147743
2019-03-26 23:00:00+00:00,0.08330711,0.23850946
2019-03-27 00:00:00+00:00,0.085029712,0.239264611
2019-03-27 01:00:00+00:00,0.088732242,0.240018444
2019-03-27 02:00:00+00:00,0.07823808,0.240492048
2019-03-27 03:00:00+00:00,0.06726685,0.240458549
2019-03-27 04:00:00+00:00,0.054748604,0.240567422
2019-03-27 05:00:00+00:00,0.050024335,0.239850194
2019-03-27 06:00:00+00:00,0.063154365,0.237422607
2019-03-27 07:00:00+00:00,0.087017528,0.233936963
2019-03-27 08:00:00+00:00,0.04174962,0.233387985
2019-03-27 09:00:00+00:00,0.029907037,0.234646193
2019-03-27 10:00:00+00:00,0.05932698,0.234446137
2019-03-27 11:00:00+00:00,0.047329958,0.234530732
2019-03-27 12:00:00+00:00,0.040318802,0.234467591
2019-03-27 13:00:00+00:00,0.032686166,0.234558492
2019-03-27 14:00:00+00:00,0.011581588,0.235743114
2019-03-27 15:00:00+00:00,0.03903437,0.236075098
2019-03-27 16:00:00+00:00,0.075878219,0.235249278
2019-03-27 17:00:00+00:00,0.122877166,0.234400686
2019-03-27 18:00:00+00:00,0.204402341,0.230793277
2019-03-27 19:00:00+00:00,0.26612293,0.229606867
2019-03-27 20:00:00+00:00,0.224085908,0.229610066
2019-03-27 21:00:00+00:00,0.128766217,0.23317673
2019-03-27 22:00:00+00:00,0.085048175,0.237088459
2019-03-27 23:00:00+00:00,0.067927666,0.240412346
2019-03-28 00:00:00+00:00,0.132641045,0.241398794
2019-03-28 01:00:00+00:00,0.106496802,0.24159678
2019-03-28 02:00:00+00:00,0.087219411,0.241229791
2019-03-28 03:00:00+00:00,0.050036881,0.241738588
2019-03-28 04:00:00+00:00,0.020314744,0.241945043
2019-03-28 05:00:00+00:00,0.077427427,0.24094448
2019-03-28 06:00:00+00:00,0.117175315,0.239796839
2019-03-28 07:00:00+00:00,0.166913016,0.237693238
2019-03-28 08:00:00+00:00,0.151397706,0.237953048
2019-03-28 09:00:00+00:00,0.131259698,0.237505603
2019-03-28 10:00:00+00:00,0.146704555,0.237064369
2019-03-28 11:00:00+00:00,0.190612154,0.236486691
2019-03-28 12:00:00+00:00,0.229177071,0.237113866
2019-03-28 13:00:00+00:00,0.223310701,0.237815098
2019-03-28 14:00:00+00:00,0.226882843,0.237860171
2019-03-28 15:00:00+00:00,0.230010733,0.237720245
2019-03-28 16:00:00+00:00,0.243376886,0.237288797
2019-03-28 17:00:00+00:00,0.247436559,0.236483491
2019-03-28 18:00:00+00:00,0.272556817,0.232200445
2019-03-28 19:00:00+00:00,0.296538535,0.230436921
2019-03-28 20:00:00+00:00,0.256848609,0.230899798
2019-03-28 21:00:00+00:00,0.279599912,0.232705196
2019-03-28 22:00:00+00:00,0.178722455,0.234989187
2019-03-28 23:00:00+00:00,0.128746221,0.240571092
2019-03-29 00:00:00+00:00,0.090057818,0.24179486
2019-03-29 01:00:00+00:00,0.07238683,0.242669518
2019-03-29 02:00:00+00:00,0.075623195,0.242706405
2019-03-29 03:00:00+00:00,0.075514885,0.243128536
2019-03-29 04:00:00+00:00,0.08065667,0.243617291
2019-03-29 05:00:00+00:00,0.130038104,0.242753078
2019-03-29 06:00:00+00:00,0.175126372,0.241034063
2019-03-29 07:00:00+00:00,0.16004211,0.238161385
2019-03-29 08:00:00+00:00,0.123265208,0.236092977
2019-03-29 09:00:00+00:00,0.116986965,0.236591894
2019-03-29 10:00:00+00:00,0.137120754,0.236598764
2019-03-29 11:00:00+00:00,0.10873126,0.236845399
2019-03-29 12:00:00+00:00,0.066380649,0.236622665
2019-03-29 13:00:00+00:00,0.061032326,0.232466936
2019-03-29 14:00:00+00:00,0.05366441,0.227710191
2019-03-29 15:00:00+00:00,0.036305587,0.235613539
2019-03-29 16:00:00+00:00,0.034579588,0.236358056
2019-03-29 17:00:00+00:00,0.069634216,0.235408589
2019-03-29 18:00:00+00:00,0.147877336,0.233105403
2019-03-29 19:00:00+00:00,0.147192031,0.226922388
2019-03-29 20:00:00+00:00,0.176648626,0.227569418
2019-03-29 21:00:00+00:00,0.130457647,0.231409066
2019-03-29 22:00:00+00:00,0.091834,0.236248524
2019-03-29 23:00:00+00:00,0.01593825,0.240303284
2019-03-30 00:00:00+00:00,0.004777848,0.241550765
2019-03-30 01:00:00+00:00,0.02919045,0.242919164
2019-03-30 02:00:00+00:00,0.034376281,0.243450922
2019-03-30 03:00:00+00:00,0.013274881,0.244435489
2019-03-30 04:00:00+00:00,0.001131364,0.244211343
2019-03-30 05:00:00+00:00,0,0.244515097
2019-03-30 06:00:00+00:00,0.004039895,0.244189135
2019-03-30 07:00:00+00:00,0.028943041,0.242743292
2019-03-30 08:00:00+00:00,0.05111724,0.240620118
2019-03-30 09:00:00+00:00,0.080911913,0.240319375
2019-03-30 10:00:00+00:00,0.055554983,0.239999342
2019-03-30 11:00:00+00:00,0.016388472,0.241097863
2019-03-30 12:00:00+00:00,0.002759188,0.242143688
2019-03-30 13:00:00+00:00,0,0.242365764
2019-03-30 14:00:00+00:00,0,0.242834192
2019-03-30 15:00:00+00:00,0,0.242273075
2019-03-30 16:00:00+00:00,0,0.24173219
2019-03-30 17:00:00+00:00,0.004175433,0.24172278
2019-03-30 18:00:00+00:00,0.044396061,0.236242502
2019-03-30 19:00:00+00:00,0.150321018,0.228897542
2019-03-30 20:00:00+00:00,0.187536418,0.228806077
2019-03-30 21:00:00+00:00,0.190194692,0.234461287
2019-03-30 22:00:00+00:00,0.187491111,0.237010638
2019-03-30 23:00:00+00:00,0.0325068,0.244270437
2019-03-31 00:00:00+00:00,0,0.245357667
2019-03-31 01:00:00+00:00,0,0.245696238
2019-03-31 02:00:00+00:00,0,0.245740088
2019-03-31 03:00:00+00:00,0,0.246295841
2019-03-31 04:00:00+00:00,0,0.240711583
2019-03-31 05:00:00+00:00,0,0.236872312
2019-03-31 06:00:00+00:00,0,0.238772092
2019-03-31 07:00:00+00:00,0,0.243966683
2019-03-31 08:00:00+00:00,0,0.233677435
2019-03-31 09:00:00+00:00,0,0.233653628
2019-03-31 10:00:00+00:00,0,0.240392961
2019-03-31 11:00:00+00:00,0,0.233919648
2019-03-31 12:00:00+00:00,0,0.235146521
2019-03-31 13:00:00+00:00,0,0.235421952
2019-03-31 14:00:00+00:00,0,0.236254452
2019-03-31 15:00:00+00:00,0,0.244835224
2019-03-31 16:00:00+00:00,0,0.244734161
2019-03-31 17:00:00+00:00,0.008843164,0.243275332
2019-03-31 18:00:00+00:00,0.052481932,0.232497518
2019-03-31 19:00:00+00:00,0.055728925,0.231271774
2019-03-31 20:00:00+00:00,0.034158456,0.241037169
2019-03-31 21:00:00+00:00,0.028174189,0.242752137
2019-03-31 22:00:00+00:00,0.032712463,0.244750629
2019-03-31 23:00:00+00:00,0.005696865,0.244604962
2019-04-01 00:00:00+00:00,0,0.282270391
2019-04-01 01:00:00+00:00,0,0.282979339
2019-04-01 02:00:00+00:00,0.001402275,0.28328808
2019-04-01 03:00:00+00:00,0.021402992,0.283307747
2019-04-01 04:00:00+00:00,0.084128555,0.28313658
2019-04-01 05:00:00+00:00,0.138850698,0.282065348
2019-04-01 06:00:00+00:00,0.163957315,0.279698456
2019-04-01 07:00:00+00:00,0.195544386,0.27694886
2019-04-01 08:00:00+00:00,0.199092751,0.27646801
2019-04-01 09:00:00+00:00,0.201971644,0.268035539
2019-04-01 10:00:00+00:00,0.188178826,0.267116654
2019-04-01 11:00:00+00:00,0.123559896,0.27606451
2019-04-01 12:00:00+00:00,0.098007385,0.276029316
2019-04-01 13:00:00+00:00,0.087071163,0.276793407
2019-04-01 14:00:00+00:00,0.079743734,0.277135554
2019-04-01 15:00:00+00:00,0.066064376,0.278171216
2019-04-01 16:00:00+00:00,0.066805178,0.27827115
2019-04-01 17:00:00+00:00,0.164139475,0.276871227
2019-04-01 18:00:00+00:00,0.282476559,0.274289223
2019-04-01 19:00:00+00:00,0.279971573,0.273818536
2019-04-01 20:00:00+00:00,0.288294499,0.274330627
2019-04-01 21:00:00+00:00,0.225392802,0.276114853
2019-04-01 22:00:00+00:00,0.121985049,0.277987063
2019-04-01 23:00:00+00:00,0.106596401,0.279046532
2019-04-02 00:00:00+00:00,0.058689448,0.280093016
2019-04-02 01:00:00+00:00,0.007933076,0.280582241
2019-04-02 02:00:00+00:00,0,0.280936809
2019-04-02 03:00:00+00:00,0.005080535,0.280760183
2019-04-02 04:00:00+00:00,0.045639131,0.278950456
2019-04-02 05:00:00+00:00,0.114245034,0.277118521
2019-04-02 06:00:00+00:00,0.119494526,0.275301454
2019-04-02 07:00:00+00:00,0.101588456,0.273387653
2019-04-02 08:00:00+00:00,0.097912552,0.272659603
2019-04-02 09:00:00+00:00,0.099236101,0.272890053
2019-04-02 10:00:00+00:00,0.098879725,0.27507618
2019-04-02 11:00:00+00:00,0.054461038,0.275769789
2019-04-02 12:00:00+00:00,0.00841102,0.278299474
2019-04-02 13:00:00+00:00,0,0.279527006
2019-04-02 14:00:00+00:00,0,0.279833677
2019-04-02 15:00:00+00:00,0.001150538,0.280389995
2019-04-02 16:00:00+00:00,0.008014268,0.280443067
2019-04-02 17:00:00+00:00,0.01581986,0.279470264
2019-04-02 18:00:00+00:00,0.056370402,0.277678698
2019-04-02 19:00:00+00:00,0.077917916,0.277780043
2019-04-02 20:00:00+00:00,0.032460014,0.278750965
2019-04-02 21:00:00+00:00,0.020531856,0.281391593
2019-04-02 22:00:00+00:00,0.05297801,0.282830567
2019-04-02 23:00:00+00:00,0.051035063,0.282526437
2019-04-03 00:00:00+00:00,0.012172608,0.28263898
2019-04-03 01:00:00+00:00,0.004320668,0.283453508
2019-04-03 02:00:00+00:00,0.004297877,0.283434029
2019-04-03 03:00:00+00:00,0.011139803,0.281961273
2019-04-03 04:00:00+00:00,0.045654361,0.281316407
2019-04-03 05:00:00+00:00,0.057003442,0.278130471
2019-04-03 06:00:00+00:00,0.076513121,0.274657153
2019-04-03 07:00:00+00:00,0.090851651,0.273205005
2019-04-03 08:00:00+00:00,0.03890957,0.274221377
2019-04-03 09:00:00+00:00,0.005096587,0.274354152
2019-04-03 10:00:00+00:00,0,0.275231821
2019-04-03 11:00:00+00:00,0,0.277221749
2019-04-03 12:00:00+00:00,0,0.27796175
2019-04-03 13:00:00+00:00,0,0.278141574
2019-04-03 14:00:00+00:00,0,0.278640962
2019-04-03 15:00:00+00:00,0,0.278612168
2019-04-03 16:00:00+00:00,0,0.278927684
2019-04-03 17:00:00+00:00,0.002736124,0.278640868
2019-04-03 18:00:00+00:00,0.016964755,0.276127839
2019-04-03 19:00:00+00:00,0.013468272,0.274140263
2019-04-03 20:00:00+00:00,0.003966429,0.275191922
2019-04-03 21:00:00+00:00,0.002025563,0.278134893
2019-04-03 22:00:00+00:00,0.01081564,0.281439019
2019-04-03 23:00:00+00:00,0.010670515,0.281915447
2019-04-04 00:00:00+00:00,0.001573697,0.282226823
2019-04-04 01:00:00+00:00,0,0.282514298
2019-04-04 02:00:00+00:00,0,0.282430078
2019-04-04 03:00:00+00:00,0,0.28207504
2019-04-04 04:00:00+00:00,0.003621996,0.279089818
2019-04-04 05:00:00+00:00,0.056948712,0.276673524
2019-04-04 06:00:00+00:00,0.220971659,0.274479775
2019-04-04 07:00:00+00:00,0.200229812,0.273839802
2019-04-04 08:00:00+00:00,0.148291455,0.27379614
2019-04-04 09:00:00+00:00,0.045444535,0.274487021
2019-04-04 10:00:00+00:00,0.012763737,0.275191452
2019-04-04 11:00:00+00:00,0.038151456,0.27493343
2019-04-04 12:00:00+00:00,0.01296436,0.275220717
2019-04-04 13:00:00+00:00,0.017071914,0.276259579
2019-04-04 14:00:00+00:00,0.019337162,0.277035243
2019-04-04 15:00:00+00:00,0.024400165,0.276950553
2019-04-04 16:00:00+00:00,0.038971312,0.27610836
2019-04-04 17:00:00+00:00,0.01764113,0.276710411
2019-04-04 18:00:00+00:00,0.022112511,0.274373819
2019-04-04 19:00:00+00:00,0.043682432,0.274087944
2019-04-04 20:00:00+00:00,0.047748241,0.275084272
2019-04-04 21:00:00+00:00,0.050317764,0.277521457
2019-04-04 22:00:00+00:00,0.055655514,0.278636163
2019-04-04 23:00:00+00:00,0.018048839,0.278947069
2019-04-05 00:00:00+00:00,0.001336095,0.279267478
2019-04-05 01:00:00+00:00,0.00230524,0.279767431
2019-04-05 02:00:00+00:00,0.018260473,0.279423684
2019-04-05 03:00:00+00:00,0.032234629,0.279305401
2019-04-05 04:00:00+00:00,0.059862393,0.279705607
2019-04-05 05:00:00+00:00,0.119172445,0.277976429
2019-04-05 06:00:00+00:00,0.195596651,0.266412694
2019-04-05 07:00:00+00:00,0.128878198,0.265113646
2019-04-05 08:00:00+00:00,0.086706295,0.269282549
2019-04-05 09:00:00+00:00,0.094401002,0.271845922
2019-04-05 10:00:00+00:00,0.079482464,0.272504903
2019-04-05 11:00:00+00:00,0.070834116,0.272807528
2019-04-05 12:00:00+00:00,0.033606608,0.273399509
2019-04-05 13:00:00+00:00,0.021672205,0.273216862
2019-04-05 14:00:00+00:00,0.014455496,0.273084369
2019-04-05 15:00:00+00:00,0.04070668,0.273374385
2019-04-05 16:00:00+00:00,0.047281802,0.273244527
2019-04-05 17:00:00+00:00,0.041765453,0.272391324
2019-04-05 18:00:00+00:00,0.012340633,0.270635046
2019-04-05 19:00:00+00:00,0.000896884,0.271268808
2019-04-05 20:00:00+00:00,0,0.272264195
2019-04-05 21:00:00+00:00,0,0.274511581
2019-04-05 22:00:00+00:00,0,0.2771093
2019-04-05 23:00:00+00:00,0.000103379,0.277852782
2019-04-06 00:00:00+00:00,0.006336863,0.277247532
2019-04-06 01:00:00+00:00,0.031467037,0.277508283
2019-04-06 02:00:00+00:00,0.038201639,0.277758682
2019-04-06 03:00:00+00:00,0.035125465,0.276765459
2019-04-06 04:00:00+00:00,0.019423393,0.276296466
2019-04-06 05:00:00+00:00,0.020853334,0.275124453
2019-04-06 06:00:00+00:00,0.038801534,0.273558256
2019-04-06 07:00:00+00:00,0.141438847,0.271404311
2019-04-06 08:00:00+00:00,0.2579551,0.269981899
2019-04-06 09:00:00+00:00,0.257763462,0.271390949
2019-04-06 10:00:00+00:00,0.151217902,0.269906337
2019-04-06 11:00:00+00:00,0.069588197,0.270011917
2019-04-06 12:00:00+00:00,0.032776671,0.270920544
2019-04-06 13:00:00+00:00,0.006482919,0.269994132
2019-04-06 14:00:00+00:00,0.020704539,0.269198142
2019-04-06 15:00:00+00:00,0.067533379,0.268870486
2019-04-06 16:00:00+00:00,0.065256627,0.26926053
2019-04-06 17:00:00+00:00,0.015931128,0.267758321
2019-04-06 18:00:00+00:00,0.000733187,0.265566643
2019-04-06 19:00:00+00:00,0,0.264621034
2019-04-06 20:00:00+00:00,0.00357521,0.264618305
2019-04-06 21:00:00+00:00,0.018866723,0.265456734
2019-04-06 22:00:00+00:00,0.003839273,0.267215083
2019-04-06 23:00:00+00:00,3.02961E-05,0.269001191
2019-04-07 00:00:00+00:00,0.003563431,0.269640129
2019-04-07 01:00:00+00:00,0.019452046,0.270003824
2019-04-07 02:00:00+00:00,0.03775684,0.270223453
2019-04-07 03:00:00+00:00,0.049522725,0.270728487
2019-04-07 04:00:00+00:00,0.028122692,0.270934848
2019-04-07 05:00:00+00:00,0.0142901,0.270275584
2019-04-07 06:00:00+00:00,0.016919064,0.269702517
2019-04-07 07:00:00+00:00,0.036382286,0.269699882
2019-04-07 08:00:00+00:00,0.037921688,0.269314167
2019-04-07 09:00:00+00:00,0.00693117,0.27046736
2019-04-07 10:00:00+00:00,0.000835087,0.269976818
2019-04-07 11:00:00+00:00,0.009573995,0.271300237
2019-04-07 12:00:00+00:00,0.031414553,0.272867846
2019-04-07 13:00:00+00:00,0.059126084,0.272783814
2019-04-07 14:00:00+00:00,0.079930386,0.272837734
2019-04-07 15:00:00+00:00,0.084302771,0.273431315
2019-04-07 16:00:00+00:00,0.062649138,0.272501891
2019-04-07 17:00:00+00:00,0.036003229,0.269091244
2019-04-07 18:00:00+00:00,0.037935384,0.26282768
2019-04-07 19:00:00+00:00,0.105104991,0.255345993
2019-04-07 20:00:00+00:00,0.034302048,0.261504354
2019-04-07 21:00:00+00:00,0.013088612,0.262427003
2019-04-07 22:00:00+00:00,0.052719589,0.265592238
2019-04-07 23:00:00+00:00,0.025553388,0.266460591
2019-04-08 00:00:00+00:00,0.008030648,0.267251405
2019-04-08 01:00:00+00:00,0.004212413,0.267095576
2019-04-08 02:00:00+00:00,0.003850832,0.267003358
2019-04-08 03:00:00+00:00,0.006602186,0.265477812
2019-04-08 04:00:00+00:00,0.048103028,0.264453348
2019-04-08 05:00:00+00:00,0.189746168,0.256504926
2019-04-08 06:00:00+00:00,0.219639783,0.251728327
2019-04-08 07:00:00+00:00,0.206811947,0.250568359
2019-04-08 08:00:00+00:00,0.161617231,0.249702829
2019-04-08 09:00:00+00:00,0.145975806,0.256780921
2019-04-08 10:00:00+00:00,0.145826682,0.257355212
2019-04-08 11:00:00+00:00,0.154999103,0.260490429
2019-04-08 12:00:00+00:00,0.098614018,0.261401597
2019-04-08 13:00:00+00:00,0.043825038,0.264276346
2019-04-08 14:00:00+00:00,0.041776246,0.264928834
2019-04-08 15:00:00+00:00,0.034688227,0.264926764
2019-04-08 16:00:00+00:00,0.046595128,0.264471039
2019-04-08 17:00:00+00:00,0.087920658,0.262196082
2019-04-08 18:00:00+00:00,0.146428713,0.260951518
2019-04-08 19:00:00+00:00,0.154879507,0.259207284
2019-04-08 20:00:00+00:00,0.096158886,0.260822601
2019-04-08 21:00:00+00:00,0.04653596,0.263222334
2019-04-08 22:00:00+00:00,0.021203684,0.266505382
2019-04-08 23:00:00+00:00,0.013028677,0.268117029
2019-04-09 00:00:00+00:00,0.002930884,0.267936452
2019-04-09 01:00:00+00:00,7.39597E-06,0.267412034
2019-04-09 02:00:00+00:00,0.002263658,0.267155235
2019-04-09 03:00:00+00:00,0.013121099,0.265190243
2019-04-09 04:00:00+00:00,0.012288095,0.263253952
2019-04-09 05:00:00+00:00,0.012747466,0.257494104
2019-04-09 06:00:00+00:00,0.011809713,0.255125235
2019-04-09 07:00:00+00:00,0.002281135,0.253192708
2019-04-09 08:00:00+00:00,0.000283019,0.255146784
2019-04-09 09:00:00+00:00,0.010350352,0.255720134
2019-04-09 10:00:00+00:00,0.052410109,0.256431246
2019-04-09 11:00:00+00:00,0.023391137,0.254484698
2019-04-09 12:00:00+00:00,0.002584369,0.249900815
2019-04-09 13:00:00+00:00,0,0.252733783
2019-04-09 14:00:00+00:00,1.08474E-05,0.259558371
2019-04-09 15:00:00+00:00,0.004202661,0.260508873
2019-04-09 16:00:00+00:00,0.025213557,0.261199848
2019-04-09 17:00:00+00:00,0.025572179,0.258469918
2019-04-09 18:00:00+00:00,0.030554868,0.250932901
2019-04-09 19:00:00+00:00,0.143459151,0.245834574
2019-04-09 20:00:00+00:00,0.096928669,0.255961218
2019-04-09 21:00:00+00:00,0.047303552,0.252910503
2019-04-09 22:00:00+00:00,0.033529416,0.260815638
2019-04-09 23:00:00+00:00,0.033342873,0.262196647
2019-04-10 00:00:00+00:00,0.005741406,0.262845182
2019-04-10 01:00:00+00:00,0,0.263511409
2019-04-10 02:00:00+00:00,0,0.262919239
2019-04-10 03:00:00+00:00,0.002205093,0.262456738
2019-04-10 04:00:00+00:00,0.013005777,0.261717679
2019-04-10 05:00:00+00:00,0.013869735,0.251209555
2019-04-10 06:00:00+00:00,0.002417056,0.251109432
2019-04-10 07:00:00+00:00,0,0.247300932
2019-04-10 08:00:00+00:00,0,0.245466268
2019-04-10 09:00:00+00:00,0,0.246767292
2019-04-10 10:00:00+00:00,0,0.246752894
2019-04-10 11:00:00+00:00,0,0.2475917
2019-04-10 12:00:00+00:00,0,0.255929977
2019-04-10 13:00:00+00:00,0,0.256898828
2019-04-10 14:00:00+00:00,0,0.257681644
2019-04-10 15:00:00+00:00,0,0.25761681
2019-04-10 16:00:00+00:00,0,0.256194021
2019-04-10 17:00:00+00:00,0.003958266,0.255345805
2019-04-10 18:00:00+00:00,0.02206704,0.246087326
2019-04-10 19:00:00+00:00,0.022704627,0.244638378
2019-04-10 20:00:00+00:00,0.012034988,0.242514922
2019-04-10 21:00:00+00:00,0.022144232,0.245011013
2019-04-10 22:00:00+00:00,0.080533349,0.257657178
2019-04-10 23:00:00+00:00,0.083353732,0.259045809
2019-04-11 00:00:00+00:00,0.044629664,0.259711001
2019-04-11 01:00:00+00:00,0.024157578,0.259647013
2019-04-11 02:00:00+00:00,0.03110973,0.259551125
2019-04-11 03:00:00+00:00,0.037977678,0.259387109
2019-04-11 04:00:00+00:00,0.048068021,0.252914925
2019-04-11 05:00:00+00:00,0.048102919,0.246358804
2019-04-11 06:00:00+00:00,0.075993158,0.244024471
2019-04-11 07:00:00+00:00,0.062572275,0.244291714
2019-04-11 08:00:00+00:00,0.009896513,0.245583328
2019-04-11 09:00:00+00:00,0,0.255262903
2019-04-11 10:00:00+00:00,0,0.256079313
2019-04-11 11:00:00+00:00,0,0.253435015
2019-04-11 12:00:00+00:00,0,0.25688509
2019-04-11 13:00:00+00:00,0,0.256725402
2019-04-11 14:00:00+00:00,0,0.258789387
2019-04-11 15:00:00+00:00,0,0.258753723
2019-04-11 16:00:00+00:00,0.001571725,0.258932701
2019-04-11 17:00:00+00:00,0.009185515,0.254853287
2019-04-11 18:00:00+00:00,0.011486153,0.250248984
2019-04-11 19:00:00+00:00,0.04836994,0.244677147
2019-04-11 20:00:00+00:00,0.043794139,0.250459673
2019-04-11 21:00:00+00:00,0.052359872,0.251538716
2019-04-11 22:00:00+00:00,0.02473649,0.248673659
2019-04-11 23:00:00+00:00,0.014103393,0.259191287
2019-04-12 00:00:00+00:00,0.002046272,0.260094269
2019-04-12 01:00:00+00:00,0.003599918,0.260443097
2019-04-12 02:00:00+00:00,0.019286266,0.260954247
2019-04-12 03:00:00+00:00,0.003667741,0.260721821
2019-04-12 04:00:00+00:00,0.005875136,0.250189137
2019-04-12 05:00:00+00:00,0.064084613,0.246807943
2019-04-12 06:00:00+00:00,0.19275797,0.245827987
2019-04-12 07:00:00+00:00,0.095060832,0.245050347
2019-04-12 08:00:00+00:00,0.014650366,0.248649476
2019-04-12 09:00:00+00:00,0.004111116,0.246732757
2019-04-12 10:00:00+00:00,0.021546419,0.246577775
2019-04-12 11:00:00+00:00,0.018859601,0.254098889
2019-04-12 12:00:00+00:00,0.006656588,0.258315218
2019-04-12 13:00:00+00:00,0.000572283,0.258587355
2019-04-12 14:00:00+00:00,0.001933853,0.259195992
2019-04-12 15:00:00+00:00,0.011681735,0.258524779
2019-04-12 16:00:00+00:00,0.011132626,0.249692572
2019-04-12 17:00:00+00:00,0.02708112,0.255177931
2019-04-12 18:00:00+00:00,0.095990587,0.25470141
2019-04-12 19:00:00+00:00,0.23127117,0.245427969
2019-04-12 20:00:00+00:00,0.146864034,0.24562859
2019-04-12 21:00:00+00:00,0.081493509,0.246293123
2019-04-12 22:00:00+00:00,0.061540017,0.250805208
2019-04-12 23:00:00+00:00,0.050074628,0.260865511
2019-04-13 00:00:00+00:00,0.008210179,0.262140375
2019-04-13 01:00:00+00:00,0,0.263459654
2019-04-13 02:00:00+00:00,0,0.26445203
2019-04-13 03:00:00+00:00,0,0.264435375
2019-04-13 04:00:00+00:00,0,0.264529569
2019-04-13 05:00:00+00:00,0.004531261,0.264625645
2019-04-13 06:00:00+00:00,0.023196869,0.26337487
2019-04-13 07:00:00+00:00,0.024980447,0.260785903
2019-04-13 08:00:00+00:00,0.004071177,0.260634496
2019-04-13 09:00:00+00:00,0,0.261039125
2019-04-13 10:00:00+00:00,0,0.260993204
2019-04-13 11:00:00+00:00,0,0.260897787
2019-04-13 12:00:00+00:00,0.000408422,0.262282936
2019-04-13 13:00:00+00:00,0.008540422,0.263621788
2019-04-13 14:00:00+00:00,0.03280116,0.264084477
2019-04-13 15:00:00+00:00,0.036835138,0.264474332
2019-04-13 16:00:00+00:00,0.027280373,0.264107249
2019-04-13 17:00:00+00:00,0.007857364,0.262435848
2019-04-13 18:00:00+00:00,0.022891334,0.259703567
2019-04-13 19:00:00+00:00,0.028500653,0.250883122
2019-04-13 20:00:00+00:00,0.017670549,0.253548311
2019-04-13 21:00:00+00:00,0.003003364,0.261310038
2019-04-13 22:00:00+00:00,0,0.263739507
2019-04-13 23:00:00+00:00,0.001158318,0.265675892
2019-04-14 00:00:00+00:00,0.009341378,0.267066499
2019-04-14 01:00:00+00:00,0.017195564,0.267927606
2019-04-14 02:00:00+00:00,0.021016046,0.267864465
2019-04-14 03:00:00+00:00,0.0300692,0.268125875
2019-04-14 04:00:00+00:00,0.023732666,0.268040432
2019-04-14 05:00:00+00:00,0.034601338,0.267597881
2019-04-14 06:00:00+00:00,0.03774161,0.267433206
2019-04-14 07:00:00+00:00,0.051677525,0.264440644
2019-04-14 08:00:00+00:00,0.017139081,0.264201255
2019-04-14 09:00:00+00:00,0.001539347,0.263822126
2019-04-14 10:00:00+00:00,0,0.262663852
2019-04-14 11:00:00+00:00,0,0.264400276
2019-04-14 12:00:00+00:00,0,0.266193065
2019-04-14 13:00:00+00:00,0,0.266729716
2019-04-14 14:00:00+00:00,0,0.266760298
2019-04-14 15:00:00+00:00,0,0.266432925
2019-04-14 16:00:00+00:00,0,0.265654061
2019-04-14 17:00:00+00:00,0.0121479,0.263090877
2019-04-14 18:00:00+00:00,0.088290785,0.260422489
2019-04-14 19:00:00+00:00,0.174463584,0.249742821
2019-04-14 20:00:00+00:00,0.182309553,0.250519615
2019-04-14 21:00:00+00:00,0.154539457,0.260978807
2019-04-14 22:00:00+00:00,0.083567502,0.262168699
2019-04-14 23:00:00+00:00,0.022916535,0.262669686
2019-04-15 00:00:00+00:00,0.004320504,0.26264268
2019-04-15 01:00:00+00:00,0.003961827,0.263271454
2019-04-15 02:00:00+00:00,0.007745219,0.265185256
2019-04-15 03:00:00+00:00,0.018690042,0.265479412
2019-04-15 04:00:00+00:00,0.02074245,0.264094922
2019-04-15 05:00:00+00:00,0.024138841,0.26052901
2019-04-15 06:00:00+00:00,0.075123556,0.249357294
2019-04-15 07:00:00+00:00,0.093636369,0.256669413
2019-04-15 08:00:00+00:00,0.021344426,0.248494117
2019-04-15 09:00:00+00:00,0.001835459,0.25932425
2019-04-15 10:00:00+00:00,0.00831038,0.259824579
2019-04-15 11:00:00+00:00,0.030675614,0.259096999
2019-04-15 12:00:00+00:00,0.050744757,0.259680889
2019-04-15 13:00:00+00:00,0.025350519,0.259343447
2019-04-15 14:00:00+00:00,0.013212042,0.259540868
2019-04-15 15:00:00+00:00,0.025500356,0.259566651
2019-04-15 16:00:00+00:00,0.028244533,0.258840577
2019-04-15 17:00:00+00:00,0.052630071,0.257452041
2019-04-15 18:00:00+00:00,0.185103584,0.244737653
2019-04-15 19:00:00+00:00,0.239875581,0.242654942
2019-04-15 20:00:00+00:00,0.166613781,0.242642898
2019-04-15 21:00:00+00:00,0.104707088,0.243770966
2019-04-15 22:00:00+00:00,0.07071211,0.249002914
2019-04-15 23:00:00+00:00,0.050993864,0.255639114
2019-04-16 00:00:00+00:00,0.008310106,0.25653645
2019-04-16 01:00:00+00:00,0,0.25647265
2019-04-16 02:00:00+00:00,0,0.255515749
2019-04-16 03:00:00+00:00,0.021256168,0.255112908
2019-04-16 04:00:00+00:00,0.119359864,0.245957657
2019-04-16 05:00:00+00:00,0.124532493,0.248822055
2019-04-16 06:00:00+00:00,0.139706164,0.246891597
2019-04-16 07:00:00+00:00,0.162138784,0.237926145
2019-04-16 08:00:00+00:00,0.169517656,0.238680732
2019-04-16 09:00:00+00:00,0.082291288,0.239327668
2019-04-16 10:00:00+00:00,0.059545737,0.239565552
2019-04-16 11:00:00+00:00,0.011306513,0.24207143
2019-04-16 12:00:00+00:00,7.29735E-05,0.242884264
2019-04-16 13:00:00+00:00,0,0.244745087
2019-04-16 14:00:00+00:00,0,0.251896013
2019-04-16 15:00:00+00:00,0,0.254831456
2019-04-16 16:00:00+00:00,0,0.251971198
2019-04-16 17:00:00+00:00,0.007610174,0.253184803
2019-04-16 18:00:00+00:00,0.044568633,0.246675827
2019-04-16 19:00:00+00:00,0.049166458,0.245114993
2019-04-16 20:00:00+00:00,0.033534347,0.246728334
2019-04-16 21:00:00+00:00,0.03343272,0.254109993
2019-04-16 22:00:00+00:00,0.04197884,0.256500598
2019-04-16 23:00:00+00:00,0.030677203,0.260302041
2019-04-17 00:00:00+00:00,0.04785414,0.261433591
2019-04-17 01:00:00+00:00,0.050537122,0.262343819
2019-04-17 02:00:00+00:00,0.037663213,0.262561472
2019-04-17 03:00:00+00:00,0.016828888,0.261910489
2019-04-17 04:00:00+00:00,0.054586879,0.252611077
2019-04-17 05:00:00+00:00,0.079243219,0.251797867
2019-04-17 06:00:00+00:00,0.118689187,0.250015805
2019-04-17 07:00:00+00:00,0.163839089,0.249376208
2019-04-17 08:00:00+00:00,0.264340612,0.249962168
2019-04-17 09:00:00+00:00,0.275253605,0.251347599
2019-04-17 10:00:00+00:00,0.25756147,0.25173482
2019-04-17 11:00:00+00:00,0.162960229,0.251707719
2019-04-17 12:00:00+00:00,0.029314209,0.26148657
2019-04-17 13:00:00+00:00,0.033131732,0.262162959
2019-04-17 14:00:00+00:00,0.06520743,0.262906912
2019-04-17 15:00:00+00:00,0.092070013,0.262938341
2019-04-17 16:00:00+00:00,0.089461265,0.254032643
2019-04-17 17:00:00+00:00,0.121180751,0.252776881
2019-04-17 18:00:00+00:00,0.262538571,0.248675165
2019-04-17 19:00:00+00:00,0.280951018,0.246169852
2019-04-17 20:00:00+00:00,0.279851046,0.245694648
2019-04-17 21:00:00+00:00,0.239270865,0.246798815
2019-04-17 22:00:00+00:00,0.051518211,0.258451663
2019-04-17 23:00:00+00:00,0.002277848,0.259139344
2019-04-18 00:00:00+00:00,0,0.259984737
2019-04-18 01:00:00+00:00,0,0.259899482
2019-04-18 02:00:00+00:00,0,0.25878647
2019-04-18 03:00:00+00:00,0,0.258836155
2019-04-18 04:00:00+00:00,0,0.258813665
2019-04-18 05:00:00+00:00,0.002813535,0.256824019
2019-04-18 06:00:00+00:00,0.020354025,0.255212278
2019-04-18 07:00:00+00:00,0.0526825,0.255213595
2019-04-18 08:00:00+00:00,0.194175256,0.253306192
2019-04-18 09:00:00+00:00,0.234387666,0.252686263
2019-04-18 10:00:00+00:00,0.177428818,0.253269587
2019-04-18 11:00:00+00:00,0.110269402,0.254629706
2019-04-18 12:00:00+00:00,0.063821426,0.255943057
2019-04-18 13:00:00+00:00,0.053727194,0.256842933
2019-04-18 14:00:00+00:00,0.050828797,0.257625843
2019-04-18 15:00:00+00:00,0.02861466,0.259493254
2019-04-18 16:00:00+00:00,0.027333843,0.259388803
2019-04-18 17:00:00+00:00,0.04781349,0.258618408
2019-04-18 18:00:00+00:00,0.059596139,0.256809998
2019-04-18 19:00:00+00:00,0.065334476,0.254827221
2019-04-18 20:00:00+00:00,0.037791245,0.25461305
2019-04-18 21:00:00+00:00,0.010259025,0.256307035
2019-04-18 22:00:00+00:00,0.021060202,0.255969122
2019-04-18 23:00:00+00:00,0.015497341,0.257113093
2019-04-19 00:00:00+00:00,0.018026377,0.258171716
2019-04-19 01:00:00+00:00,0.02622916,0.25789478
2019-04-19 02:00:00+00:00,0.041139207,0.25827692
2019-04-19 03:00:00+00:00,0.03296283,0.259129746
2019-04-19 04:00:00+00:00,0.021769612,0.257150263
2019-04-19 05:00:00+00:00,0.018479997,0.256016737
2019-04-19 06:00:00+00:00,0.018110363,0.25520475
2019-04-19 07:00:00+00:00,0.015216842,0.254394644
2019-04-19 08:00:00+00:00,0.011259015,0.254326704
2019-04-19 09:00:00+00:00,0.053772501,0.254299604
2019-04-19 10:00:00+00:00,0.061870644,0.254318047
2019-04-19 11:00:00+00:00,0.057039491,0.255079879
2019-04-19 12:00:00+00:00,0.041631997,0.256468416
2019-04-19 13:00:00+00:00,0.017954116,0.257231
2019-04-19 14:00:00+00:00,0.004027185,0.259234103
2019-04-19 15:00:00+00:00,0.008488377,0.259142732
2019-04-19 16:00:00+00:00,0.056405136,0.258554702
2019-04-19 17:00:00+00:00,0.139123143,0.258465025
2019-04-19 18:00:00+00:00,0.210963329,0.256387114
2019-04-19 19:00:00+00:00,0.235047605,0.254951809
2019-04-19 20:00:00+00:00,0.24418847,0.255211431
2019-04-19 21:00:00+00:00,0.175231012,0.256705265
2019-04-19 22:00:00+00:00,0.086996874,0.25873161
2019-04-19 23:00:00+00:00,0.011731315,0.260038186
2019-04-20 00:00:00+00:00,0,0.26069679
2019-04-20 01:00:00+00:00,0,0.260838692
2019-04-20 02:00:00+00:00,0,0.261026892
2019-04-20 03:00:00+00:00,0,0.26165115
2019-04-20 04:00:00+00:00,0,0.259809335
2019-04-20 05:00:00+00:00,0.004643954,0.258768403
2019-04-20 06:00:00+00:00,0.030541556,0.257456746
2019-04-20 07:00:00+00:00,0.020455158,0.257022664
2019-04-20 08:00:00+00:00,0.002680462,0.257172753
2019-04-20 09:00:00+00:00,0,0.257402544
2019-04-20 10:00:00+00:00,0,0.257378925
2019-04-20 11:00:00+00:00,0,0.257211804
2019-04-20 12:00:00+00:00,0,0.257888852
2019-04-20 13:00:00+00:00,0,0.258794469
2019-04-20 14:00:00+00:00,0,0.259728503
2019-04-20 15:00:00+00:00,0,0.260384096
2019-04-20 16:00:00+00:00,0,0.260904186
2019-04-20 17:00:00+00:00,0.008699408,0.261713632
2019-04-20 18:00:00+00:00,0.056625262,0.258813665
2019-04-20 19:00:00+00:00,0.058698762,0.257748079
2019-04-20 20:00:00+00:00,0.032934397,0.257615398
2019-04-20 21:00:00+00:00,0.042561259,0.258782047
2019-04-20 22:00:00+00:00,0.052953959,0.26060062
2019-04-20 23:00:00+00:00,0.06214424,0.260992452
2019-04-21 00:00:00+00:00,0.072119206,0.261157314
2019-04-21 01:00:00+00:00,0.066563028,0.260801429
2019-04-21 02:00:00+00:00,0.037151083,0.26066809
2019-04-21 03:00:00+00:00,0.010891243,0.26058387
2019-04-21 04:00:00+00:00,0.001248494,0.259224222
2019-04-21 05:00:00+00:00,0,0.259253864
2019-04-21 06:00:00+00:00,0.0063848,0.25864325
2019-04-21 07:00:00+00:00,0.049829246,0.257874173
2019-04-21 08:00:00+00:00,0.136282161,0.257083076
2019-04-21 09:00:00+00:00,0.284216419,0.257606459
2019-04-21 10:00:00+00:00,0.315880792,0.256829006
2019-04-21 11:00:00+00:00,0.297038447,0.256791837
2019-04-21 12:00:00+00:00,0.249413801,0.25837563
2019-04-21 13:00:00+00:00,0.231340638,0.259647766
2019-04-21 14:00:00+00:00,0.243885126,0.261590926
2019-04-21 15:00:00+00:00,0.262841642,0.262097654
2019-04-21 16:00:00+00:00,0.238658808,0.261028492
2019-04-21 17:00:00+00:00,0.232376237,0.259828343
2019-04-21 18:00:00+00:00,0.293337671,0.25749862
2019-04-21 19:00:00+00:00,0.366303468,0.25538975
2019-04-21 20:00:00+00:00,0.331617652,0.255734343
2019-04-21 21:00:00+00:00,0.23112084,0.256950583
2019-04-21 22:00:00+00:00,0.109489483,0.258977399
2019-04-21 23:00:00+00:00,0.097314081,0.259618689
2019-04-22 00:00:00+00:00,0.041617315,0.261605135
2019-04-22 01:00:00+00:00,0.009162724,0.260935803
2019-04-22 02:00:00+00:00,0.000647887,0.261708833
2019-04-22 03:00:00+00:00,0.005650901,0.26198144
2019-04-22 04:00:00+00:00,0.036179637,0.259580861
2019-04-22 05:00:00+00:00,0.07304277,0.258760969
2019-04-22 06:00:00+00:00,0.147058904,0.258844906
2019-04-22 07:00:00+00:00,0.260158057,0.258080722
2019-04-22 08:00:00+00:00,0.324572365,0.257050329
2019-04-22 09:00:00+00:00,0.34694631,0.257360294
2019-04-22 10:00:00+00:00,0.268439072,0.257254902
2019-04-22 11:00:00+00:00,0.149093288,0.257817807
2019-04-22 12:00:00+00:00,0.041517223,0.257989915
2019-04-22 13:00:00+00:00,0.003693655,0.260109513
2019-04-22 14:00:00+00:00,0,0.261530702
2019-04-22 15:00:00+00:00,0,0.262248402
2019-04-22 16:00:00+00:00,0.00313052,0.263065846
2019-04-22 17:00:00+00:00,0.034601338,0.26260871
2019-04-22 18:00:00+00:00,0.104659973,0.260141507
2019-04-22 19:00:00+00:00,0.138971882,0.260274564
2019-04-22 20:00:00+00:00,0.071249714,0.260675523
2019-04-22 21:00:00+00:00,0.023655912,0.26354058
2019-04-22 22:00:00+00:00,0.013429977,0.264535215
2019-04-22 23:00:00+00:00,0.019347735,0.264820525
2019-04-23 00:00:00+00:00,0.014839483,0.265574171
2019-04-23 01:00:00+00:00,0.013394367,0.265037331
2019-04-23 02:00:00+00:00,0.013337774,0.265316619
2019-04-23 03:00:00+00:00,0.024066635,0.265201818
2019-04-23 04:00:00+00:00,0.068331431,0.262710996
2019-04-23 05:00:00+00:00,0.057921363,0.248725226
2019-04-23 06:00:00+00:00,0.20961562,0.252590187
2019-04-23 07:00:00+00:00,0.383518426,0.245694366
2019-04-23 08:00:00+00:00,0.414030179,0.245012895
2019-04-23 09:00:00+00:00,0.365776875,0.245967161
2019-04-23 10:00:00+00:00,0.344093823,0.248832876
2019-04-23 11:00:00+00:00,0.26661583,0.243731726
2019-04-23 12:00:00+00:00,0.172698469,0.254226206
2019-04-23 13:00:00+00:00,0.076849391,0.255569386
2019-04-23 14:00:00+00:00,0.045184745,0.25769783
2019-04-23 15:00:00+00:00,0.017398104,0.258692464
2019-04-23 16:00:00+00:00,0.015567739,0.259204367
2019-04-23 17:00:00+00:00,0.032500938,0.259787315
2019-04-23 18:00:00+00:00,0.116835868,0.256020971
2019-04-23 19:00:00+00:00,0.214256725,0.24570594
2019-04-23 20:00:00+00:00,0.182455774,0.24829933
2019-04-23 21:00:00+00:00,0.153992484,0.256397653
2019-04-23 22:00:00+00:00,0.116787,0.258188184
2019-04-23 23:00:00+00:00,0.024118297,0.260228455
2019-04-24 00:00:00+00:00,0.003547598,0.26054623
2019-04-24 01:00:00+00:00,0.019907308,0.260659526
2019-04-24 02:00:00+00:00,0.035125575,0.260805946
2019-04-24 03:00:00+00:00,0.049800594,0.258784306
2019-04-24 04:00:00+00:00,0.116986253,0.257585851
2019-04-24 05:00:00+00:00,0.170228271,0.254616061
2019-04-24 06:00:00+00:00,0.22794189,0.25057551
2019-04-24 07:00:00+00:00,0.266841106,0.248756938
2019-04-24 08:00:00+00:00,0.268821635,0.249474731
2019-04-24 09:00:00+00:00,0.223987295,0.250658412
2019-04-24 10:00:00+00:00,0.149186805,0.251186406
2019-04-24 11:00:00+00:00,0.082479529,0.254796168
2019-04-24 12:00:00+00:00,0.024624784,0.255774147
2019-04-24 13:00:00+00:00,0.043954385,0.255322939
2019-04-24 14:00:00+00:00,0.040367068,0.254790711
2019-04-24 15:00:00+00:00,0.028575489,0.255733873
2019-04-24 16:00:00+00:00,0.021103756,0.254571176
2019-04-24 17:00:00+00:00,0.042088191,0.253405562
2019-04-24 18:00:00+00:00,0.122520462,0.250544363
2019-04-24 19:00:00+00:00,0.161428936,0.249999337
2019-04-24 20:00:00+00:00,0.148455153,0.250824404
2019-04-24 21:00:00+00:00,0.062678229,0.252995192
2019-04-24 22:00:00+00:00,0.013805473,0.253757307
2019-04-24 23:00:00+00:00,0.011350122,0.254328398
2019-04-25 00:00:00+00:00,0.05265056,0.255626787
2019-04-25 01:00:00+00:00,0.073875501,0.253892716
2019-04-25 02:00:00+00:00,0.07644601,0.253500508
2019-04-25 03:00:00+00:00,0.073531835,0.251346282
2019-04-25 04:00:00+00:00,0.051378948,0.249900627
2019-04-25 05:00:00+00:00,0.026080474,0.249050247
2019-04-25 06:00:00+00:00,0.130774194,0.246508141
2019-04-25 07:00:00+00:00,0.237874288,0.244686933
2019-04-25 08:00:00+00:00,0.152312833,0.243303008
2019-04-25 09:00:00+00:00,0.075626263,0.243597352
2019-04-25 10:00:00+00:00,0.066766445,0.243889061
2019-04-25 11:00:00+00:00,0.104564757,0.244278634
2019-04-25 12:00:00+00:00,0.096808855,0.24454823
2019-04-25 13:00:00+00:00,0.078186034,0.244916066
2019-04-25 14:00:00+00:00,0.069934109,0.24348989
2019-04-25 15:00:00+00:00,0.069100392,0.24385782
2019-04-25 16:00:00+00:00,0.084554124,0.241827899
2019-04-25 17:00:00+00:00,0.055390629,0.238381871
2019-04-25 18:00:00+00:00,0.077219463,0.236435981
2019-04-25 19:00:00+00:00,0.051310521,0.235286082
2019-04-25 20:00:00+00:00,0.063316912,0.234864138
2019-04-25 21:00:00+00:00,0.067249155,0.237050076
2019-04-25 22:00:00+00:00,0.026103483,0.242666517
2019-04-25 23:00:00+00:00,0.039947141,0.242998595
2019-04-26 00:00:00+00:00,0.062376474,0.243025131
2019-04-26 01:00:00+00:00,0.088451907,0.243242125
2019-04-26 02:00:00+00:00,0.092908606,0.243572227
2019-04-26 03:00:00+00:00,0.060164149,0.243121113
2019-04-26 04:00:00+00:00,0.045024827,0.241813032
2019-04-26 05:00:00+00:00,0.094570069,0.235472117
2019-04-26 06:00:00+00:00,0.250467261,0.230291547
2019-04-26 07:00:00+00:00,0.25193588,0.228012638
2019-04-26 08:00:00+00:00,0.177405644,0.229100055
2019-04-26 09:00:00+00:00,0.128397734,0.227695992
2019-04-26 10:00:00+00:00,0.194364702,0.226874407
2019-04-26 11:00:00+00:00,0.217792654,0.227096577
2019-04-26 12:00:00+00:00,0.194758277,0.227388192
2019-04-26 13:00:00+00:00,0.114850955,0.228978196
2019-04-26 14:00:00+00:00,0.051142003,0.229925781
2019-04-26 15:00:00+00:00,0.024395892,0.230620332
2019-04-26 16:00:00+00:00,0.003766518,0.239120836
2019-04-26 17:00:00+00:00,0.009848741,0.237036996
2019-04-26 18:00:00+00:00,0.095367573,0.235114349
2019-04-26 19:00:00+00:00,0.301593211,0.22707738
2019-04-26 20:00:00+00:00,0.205589202,0.229369275
2019-04-26 21:00:00+00:00,0.156385271,0.232636514
2019-04-26 22:00:00+00:00,0.18877653,0.233593509
2019-04-26 23:00:00+00:00,0.147291137,0.234257289
2019-04-27 00:00:00+00:00,0.029852306,0.24524551
2019-04-27 01:00:00+00:00,0.00850284,0.246238074
2019-04-27 02:00:00+00:00,0.019357268,0.2454195
2019-04-27 03:00:00+00:00,0.021930844,0.245262071
2019-04-27 04:00:00+00:00,0.036154162,0.245385248
2019-04-27 05:00:00+00:00,0.112013973,0.244956153
2019-04-27 06:00:00+00:00,0.230883567,0.235841929
2019-04-27 07:00:00+00:00,0.272224218,0.230684978
2019-04-27 08:00:00+00:00,0.217336515,0.231240543
2019-04-27 09:00:00+00:00,0.140579326,0.231746518
2019-04-27 10:00:00+00:00,0.16855492,0.231820198
2019-04-27 11:00:00+00:00,0.197392007,0.232538556
2019-04-27 12:00:00+00:00,0.173278148,0.234124608
2019-04-27 13:00:00+00:00,0.120733213,0.243842199
2019-04-27 14:00:00+00:00,0.044244964,0.246643456
2019-04-27 15:00:00+00:00,0.027574404,0.248635549
2019-04-27 16:00:00+00:00,0.027207071,0.248441797
2019-04-27 17:00:00+00:00,0.030077856,0.247206173
2019-04-27 18:00:00+00:00,0.056601375,0.242231117
2019-04-27 19:00:00+00:00,0.133932271,0.241971213
2019-04-27 20:00:00+00:00,0.081736864,0.238383188
2019-04-27 21:00:00+00:00,0.029812697,0.242592366
2019-04-27 22:00:00+00:00,0.003401596,0.245993415
2019-04-27 23:00:00+00:00,0,0.247772936
2019-04-28 00:00:00+00:00,0,0.248556693
2019-04-28 01:00:00+00:00,0,0.249779802
2019-04-28 02:00:00+00:00,0,0.250318241
2019-04-28 03:00:00+00:00,0,0.250323887
2019-04-28 04:00:00+00:00,0,0.248470686
2019-04-28 05:00:00+00:00,0.006976641,0.247754116
2019-04-28 06:00:00+00:00,0.042962832,0.247046109
2019-04-28 07:00:00+00:00,0.036934573,0.247150184
2019-04-28 08:00:00+00:00,0.03298962,0.247015245
2019-04-28 09:00:00+00:00,0.020812958,0.245072743
2019-04-28 10:00:00+00:00,0.00257659,0.243999064
2019-04-28 11:00:00+00:00,0,0.243850292
2019-04-28 12:00:00+00:00,0,0.245264988
2019-04-28 13:00:00+00:00,0.002841475,0.248433705
2019-04-28 14:00:00+00:00,0.003793034,0.248903169
2019-04-28 15:00:00+00:00,0.003672343,0.248741223
2019-04-28 16:00:00+00:00,0.003677438,0.248976849
2019-04-28 17:00:00+00:00,0.009225234,0.24883664
2019-04-28 18:00:00+00:00,0.045339293,0.246336691
2019-04-28 19:00:00+00:00,0.092751483,0.243445475
2019-04-28 20:00:00+00:00,0.07726362,0.242997089
2019-04-28 21:00:00+00:00,0.06686062,0.247288604
2019-04-28 22:00:00+00:00,0.036015227,0.250649473
2019-04-28 23:00:00+00:00,0.005388536,0.251861572
2019-04-29 00:00:00+00:00,0.005119213,0.252550947
2019-04-29 01:00:00+00:00,0.010697962,0.253034432
2019-04-29 02:00:00+00:00,0.002091469,0.252742346
2019-04-29 03:00:00+00:00,0.011362668,0.250885381
2019-04-29 04:00:00+00:00,0.058115686,0.239169298
2019-04-29 05:00:00+00:00,0.125176983,0.238936024
2019-04-29 06:00:00+00:00,0.262914779,0.237086681
2019-04-29 07:00:00+00:00,0.333418707,0.236216823
2019-04-29 08:00:00+00:00,0.326342357,0.236164597
2019-04-29 09:00:00+00:00,0.259533837,0.243007252
2019-04-29 10:00:00+00:00,0.183064873,0.235522178
2019-04-29 11:00:00+00:00,0.150338823,0.235669915
2019-04-29 12:00:00+00:00,0.11950247,0.240016855
2019-04-29 13:00:00+00:00,0.03631901,0.24540595
2019-04-29 14:00:00+00:00,0.003253622,0.246400396
2019-04-29 15:00:00+00:00,0.000389192,0.248991999
2019-04-29 16:00:00+00:00,0.020424368,0.24949101
2019-04-29 17:00:00+00:00,0.112209719,0.249089016
2019-04-29 18:00:00+00:00,0.178024933,0.245165054
2019-04-29 19:00:00+00:00,0.251149333,0.237351007
2019-04-29 20:00:00+00:00,0.244595467,0.240330677
2019-04-29 21:00:00+00:00,0.221704517,0.244384779
2019-04-29 22:00:00+00:00,0.187425314,0.240458371
2019-04-29 23:00:00+00:00,0.112012329,0.246564977
2019-04-30 00:00:00+00:00,0.094233306,0.250227059
2019-04-30 01:00:00+00:00,0.098325411,0.250474729
2019-04-30 02:00:00+00:00,0.100556034,0.250018063
2019-04-30 03:00:00+00:00,0.117598748,0.247280418
2019-04-30 04:00:00+00:00,0.212241352,0.246670181
2019-04-30 05:00:00+00:00,0.313215888,0.24302419
2019-04-30 06:00:00+00:00,0.321580725,0.240275535
2019-04-30 07:00:00+00:00,0.270244126,0.237740863
2019-04-30 08:00:00+00:00,0.20599231,0.238704821
2019-04-30 09:00:00+00:00,0.177078852,0.239255681
2019-04-30 10:00:00+00:00,0.149943933,0.239529888
2019-04-30 11:00:00+00:00,0.114985343,0.240046778
2019-04-30 12:00:00+00:00,0.094466635,0.240330489
2019-04-30 13:00:00+00:00,0.066437352,0.239907228
2019-04-30 14:00:00+00:00,0.043312634,0.24064403
2019-04-30 15:00:00+00:00,0.01921143,0.241577029
2019-04-30 16:00:00+00:00,0.009063947,0.248648629
2019-04-30 17:00:00+00:00,0.042774811,0.247634045
2019-04-30 18:00:00+00:00,0.106831593,0.247030865
2019-04-30 19:00:00+00:00,0.134596977,0.239945621
2019-04-30 20:00:00+00:00,0.0891657,0.245488946
2019-04-30 21:00:00+00:00,0.080284023,0.250403872
2019-04-30 22:00:00+00:00,0.059154901,0.251719199
2019-04-30 23:00:00+00:00,0.047418107,0.252330848
2019-05-01 00:00:00+00:00,0.013407351,0.216758391
2019-05-01 01:00:00+00:00,0.000840675,0.21734548
2019-05-01 02:00:00+00:00,0,0.218169982
2019-05-01 03:00:00+00:00,0,0.218380201
2019-05-01 04:00:00+00:00,0.002153267,0.218778243
2019-05-01 05:00:00+00:00,0.019685101,0.219161417
2019-05-01 06:00:00+00:00,0.045848464,0.219810518
2019-05-01 07:00:00+00:00,0.048194957,0.219729216
2019-05-01 08:00:00+00:00,0.023718312,0.219825009
2019-05-01 09:00:00+00:00,0.013142411,0.219665322
2019-05-01 10:00:00+00:00,0.005157124,0.219669274
2019-05-01 11:00:00+00:00,0.014529675,0.220159816
2019-05-01 12:00:00+00:00,0.014211319,0.220997775
2019-05-01 13:00:00+00:00,0.001981023,0.223116338
2019-05-01 14:00:00+00:00,0.000392315,0.222843448
2019-05-01 15:00:00+00:00,0.007413551,0.222968319
2019-05-01 16:00:00+00:00,0.015593872,0.223577333
2019-05-01 17:00:00+00:00,0.040393529,0.223583637
2019-05-01 18:00:00+00:00,0.09109654,0.222736645
2019-05-01 19:00:00+00:00,0.06340528,0.221141277
2019-05-01 20:00:00+00:00,0.048699088,0.220920048
2019-05-01 21:00:00+00:00,0.062666505,0.222880241
2019-05-01 22:00:00+00:00,0.023885516,0.224087259
2019-05-01 23:00:00+00:00,0.023144933,0.223937829
2019-05-02 00:00:00+00:00,0.02275481,0.224309805
2019-05-02 01:00:00+00:00,0.004129743,0.224632568
2019-05-02 02:00:00+00:00,0,0.223507228
2019-05-02 03:00:00+00:00,0.003171992,0.222946299
2019-05-02 04:00:00+00:00,0.030664438,0.221840344
2019-05-02 05:00:00+00:00,0.062732137,0.221502714
2019-05-02 06:00:00+00:00,0.046306685,0.219296451
2019-05-02 07:00:00+00:00,0.018997824,0.21867718
2019-05-02 08:00:00+00:00,0.00224421,0.219277725
2019-05-02 09:00:00+00:00,0,0.218993637
2019-05-02 10:00:00+00:00,0.001091864,0.218082846
2019-05-02 11:00:00+00:00,0.00664974,0.21959343
2019-05-02 12:00:00+00:00,0.001148182,0.220424048
2019-05-02 13:00:00+00:00,0,0.221739375
2019-05-02 14:00:00+00:00,0,0.221741916
2019-05-02 15:00:00+00:00,0,0.221693925
2019-05-02 16:00:00+00:00,0,0.221709452
2019-05-02 17:00:00+00:00,0.002567605,0.220958065
2019-05-02 18:00:00+00:00,0.033839827,0.218113522
2019-05-02 19:00:00+00:00,0.113496508,0.21577326
2019-05-02 20:00:00+00:00,0.101347512,0.216057818
2019-05-02 21:00:00+00:00,0.093995923,0.219041534
2019-05-02 22:00:00+00:00,0.056467426,0.221994386
2019-05-02 23:00:00+00:00,0.029766513,0.222373984
2019-05-03 00:00:00+00:00,0.011596764,0.221977542
2019-05-03 01:00:00+00:00,0.008696231,0.222127255
2019-05-03 02:00:00+00:00,0.012618667,0.221299177
2019-05-03 03:00:00+00:00,0.035197288,0.220963334
2019-05-03 04:00:00+00:00,0.059329007,0.217549958
2019-05-03 05:00:00+00:00,0.102545439,0.216926359
2019-05-03 06:00:00+00:00,0.232827884,0.216357149
2019-05-03 07:00:00+00:00,0.200080413,0.216152765
2019-05-03 08:00:00+00:00,0.108874468,0.216267284
2019-05-03 09:00:00+00:00,0.044010923,0.218076823
2019-05-03 10:00:00+00:00,0.15171639,0.218277632
2019-05-03 11:00:00+00:00,0.247862566,0.218829998
2019-05-03 12:00:00+00:00,0.29745799,0.219940846
2019-05-03 13:00:00+00:00,0.242845198,0.218954304
2019-05-03 14:00:00+00:00,0.11739314,0.219289487
2019-05-03 15:00:00+00:00,0.072333251,0.219033065
2019-05-03 16:00:00+00:00,0.077722334,0.219368813
2019-05-03 17:00:00+00:00,0.052993624,0.21954478
2019-05-03 18:00:00+00:00,0.131598598,0.219345194
2019-05-03 19:00:00+00:00,0.281239954,0.217195202
2019-05-03 20:00:00+00:00,0.248504865,0.217434404
2019-05-03 21:00:00+00:00,0.197200534,0.218754906
2019-05-03 22:00:00+00:00,0.154902407,0.220248835
2019-05-03 23:00:00+00:00,0.093186147,0.221005303
2019-05-04 00:00:00+00:00,0.054599808,0.222241774
2019-05-04 01:00:00+00:00,0.037336311,0.222438349
2019-05-04 02:00:00+00:00,0.022346005,0.223310654
2019-05-04 03:00:00+00:00,0.016712909,0.222722342
2019-05-04 04:00:00+00:00,0.00855631,0.221952794
2019-05-04 05:00:00+00:00,0.041319394,0.222594084
2019-05-04 06:00:00+00:00,0.147931025,0.22125495
2019-05-04 07:00:00+00:00,0.170362056,0.219587313
2019-05-04 08:00:00+00:00,0.172850497,0.219479098
2019-05-04 09:00:00+00:00,0.165672576,0.219144103
2019-05-04 10:00:00+00:00,0.163509941,0.218454069
2019-05-04 11:00:00+00:00,0.159347656,0.219265398
2019-05-04 12:00:00+00:00,0.144313248,0.221292025
2019-05-04 13:00:00+00:00,0.044638155,0.22287309
2019-05-04 14:00:00+00:00,0.024916568,0.223305196
2019-05-04 15:00:00+00:00,0.038568698,0.223298609
2019-05-04 16:00:00+00:00,0.046782876,0.22326398
2019-05-04 17:00:00+00:00,0.060557998,0.223258805
2019-05-04 18:00:00+00:00,0.1098738,0.222464414
2019-05-04 19:00:00+00:00,0.206488332,0.2230675
2019-05-04 20:00:00+00:00,0.143242148,0.223204227
2019-05-04 21:00:00+00:00,0.065784808,0.22400144
2019-05-04 22:00:00+00:00,0.027889527,0.225161314
2019-05-04 23:00:00+00:00,0.031838041,0.226903572
2019-05-05 00:00:00+00:00,0.024443719,0.227605745
2019-05-05 01:00:00+00:00,0.022485651,0.228197821
2019-05-05 02:00:00+00:00,0.022462203,0.227816905
2019-05-05 03:00:00+00:00,0.0218708,0.228647147
2019-05-05 04:00:00+00:00,0.019148921,0.228873081
2019-05-05 05:00:00+00:00,0.028457866,0.228593793
2019-05-05 06:00:00+00:00,0.072122712,0.227056955
2019-05-05 07:00:00+00:00,0.080226608,0.225758754
2019-05-05 08:00:00+00:00,0.072746712,0.225604054
2019-05-05 09:00:00+00:00,0.048891986,0.226753012
2019-05-05 10:00:00+00:00,0.038906173,0.22645848
2019-05-05 11:00:00+00:00,0.025122176,0.225385931
2019-05-05 12:00:00+00:00,0.025435162,0.226821705
2019-05-05 13:00:00+00:00,0.042584159,0.228568574
2019-05-05 14:00:00+00:00,0.044092552,0.228688927
2019-05-05 15:00:00+00:00,0.033618606,0.228411239
2019-05-05 16:00:00+00:00,0.031661359,0.226510047
2019-05-05 17:00:00+00:00,0.076948497,0.215557772
2019-05-05 18:00:00+00:00,0.183465131,0.218876483
2019-05-05 19:00:00+00:00,0.315537783,0.21208389
2019-05-05 20:00:00+00:00,0.326931295,0.212289121
2019-05-05 21:00:00+00:00,0.237449266,0.213402322
2019-05-05 22:00:00+00:00,0.131200805,0.222678397
2019-05-05 23:00:00+00:00,0.024476262,0.228889736
2019-05-06 00:00:00+00:00,0.025866155,0.228594263
2019-05-06 01:00:00+00:00,0.036420362,0.2294852
2019-05-06 02:00:00+00:00,0.047183847,0.229931986
2019-05-06 03:00:00+00:00,0.113701075,0.229925022
2019-05-06 04:00:00+00:00,0.233722686,0.220035604
2019-05-06 05:00:00+00:00,0.332772354,0.217203483
2019-05-06 06:00:00+00:00,0.429425674,0.2144792
2019-05-06 07:00:00+00:00,0.383898853,0.213324878
2019-05-06 08:00:00+00:00,0.401141532,0.215312736
2019-05-06 09:00:00+00:00,0.391494783,0.21362148
2019-05-06 10:00:00+00:00,0.360821579,0.212720475
2019-05-06 11:00:00+00:00,0.351137138,0.213423024
2019-05-06 12:00:00+00:00,0.301826157,0.214870937
2019-05-06 13:00:00+00:00,0.20487908,0.215831226
2019-05-06 14:00:00+00:00,0.143598469,0.224419526
2019-05-06 15:00:00+00:00,0.127553608,0.22646582
2019-05-06 16:00:00+00:00,0.135581188,0.226286654
2019-05-06 17:00:00+00:00,0.147712872,0.219066847
2019-05-06 18:00:00+00:00,0.259972062,0.216585153
2019-05-06 19:00:00+00:00,0.341498607,0.223027037
2019-05-06 20:00:00+00:00,0.284068883,0.217212234
2019-05-06 21:00:00+00:00,0.201763078,0.219434307
2019-05-06 22:00:00+00:00,0.252449489,0.220562281
2019-05-06 23:00:00+00:00,0.250321368,0.222659765
2019-05-07 00:00:00+00:00,0.222894719,0.223106551
2019-05-07 01:00:00+00:00,0.189544231,0.225625791
2019-05-07 02:00:00+00:00,0.135515501,0.22706533
2019-05-07 03:00:00+00:00,0.122890424,0.223955426
2019-05-07 04:00:00+00:00,0.165205863,0.226281949
2019-05-07 05:00:00+00:00,0.334731079,0.216500275
2019-05-07 06:00:00+00:00,0.403740638,0.215617619
2019-05-07 07:00:00+00:00,0.388049249,0.215174127
2019-05-07 08:00:00+00:00,0.211806743,0.21507551
2019-05-07 09:00:00+00:00,0.107589049,0.218454352
2019-05-07 10:00:00+00:00,0.085770623,0.217316497
2019-05-07 11:00:00+00:00,0.019951465,0.227452268
2019-05-07 12:00:00+00:00,0.001007057,0.22826369
2019-05-07 13:00:00+00:00,5.0183E-05,0.230402861
2019-05-07 14:00:00+00:00,0,0.230268392
2019-05-07 15:00:00+00:00,0.003862283,0.231047068
2019-05-07 16:00:00+00:00,0.050593277,0.230251078
2019-05-07 17:00:00+00:00,0.209906912,0.229922388
2019-05-07 18:00:00+00:00,0.34644459,0.223330697
2019-05-07 19:00:00+00:00,0.288721055,0.228228027
2019-05-07 20:00:00+00:00,0.154567288,0.228712641
2019-05-07 21:00:00+00:00,0.079750527,0.229983082
2019-05-07 22:00:00+00:00,0.076358025,0.229735035
2019-05-07 23:00:00+00:00,0.04539857,0.230119621
2019-05-08 00:00:00+00:00,0.006485056,0.230813607
2019-05-08 01:00:00+00:00,0,0.229770793
2019-05-08 02:00:00+00:00,0,0.229119152
2019-05-08 03:00:00+00:00,0.007299489,0.228713676
2019-05-08 04:00:00+00:00,0.054985768,0.226265387
2019-05-08 05:00:00+00:00,0.121652285,0.224385367
2019-05-08 06:00:00+00:00,0.177307634,0.221213169
2019-05-08 07:00:00+00:00,0.157891528,0.221854742
2019-05-08 08:00:00+00:00,0.113374502,0.221784731
2019-05-08 09:00:00+00:00,0.09454421,0.222067407
2019-05-08 10:00:00+00:00,0.078222575,0.222102036
2019-05-08 11:00:00+00:00,0.054273673,0.222917128
2019-05-08 12:00:00+00:00,0.009340337,0.223649789
2019-05-08 13:00:00+00:00,0.002852925,0.224256733
2019-05-08 14:00:00+00:00,0.023364621,0.227376518
2019-05-08 15:00:00+00:00,0.056406889,0.227699656
2019-05-08 16:00:00+00:00,0.051200075,0.228222287
2019-05-08 17:00:00+00:00,0.011025028,0.227486991
2019-05-08 18:00:00+00:00,0.000521881,0.226193683
2019-05-08 19:00:00+00:00,0.007911436,0.224411245
2019-05-08 20:00:00+00:00,0.036942681,0.225187474
2019-05-08 21:00:00+00:00,0.0106526,0.226556814
2019-05-08 22:00:00+00:00,0.015876507,0.229546177
2019-05-08 23:00:00+00:00,0.019730243,0.229858023
2019-05-09 00:00:00+00:00,0.028817967,0.230331533
2019-05-09 01:00:00+00:00,0.036258363,0.230590308
2019-05-09 02:00:00+00:00,0.036419923,0.230211839
2019-05-09 03:00:00+00:00,0.035801237,0.230382536
2019-05-09 04:00:00+00:00,0.064400229,0.227902912
2019-05-09 05:00:00+00:00,0.111905718,0.227475887
2019-05-09 06:00:00+00:00,0.141082581,0.225207047
2019-05-09 07:00:00+00:00,0.10938846,0.224833753
2019-05-09 08:00:00+00:00,0.06384838,0.224034375
2019-05-09 09:00:00+00:00,0.033027257,0.225203847
2019-05-09 10:00:00+00:00,0.024328835,0.225549664
2019-05-09 11:00:00+00:00,0.022570075,0.225692696
2019-05-09 12:00:00+00:00,0.019395398,0.226155949
2019-05-09 13:00:00+00:00,0.027002285,0.226613086
2019-05-09 14:00:00+00:00,0.034282763,0.225763553
2019-05-09 15:00:00+00:00,0.038814627,0.224488407
2019-05-09 16:00:00+00:00,0.062659986,0.215185325
2019-05-09 17:00:00+00:00,0.05028555,0.215844494
2019-05-09 18:00:00+00:00,0.073077887,0.215685089
2019-05-09 19:00:00+00:00,0.153714287,0.208941333
2019-05-09 20:00:00+00:00,0.123591233,0.208509509
2019-05-09 21:00:00+00:00,0.044542939,0.213591086
2019-05-09 22:00:00+00:00,0.017833041,0.219767985
2019-05-09 23:00:00+00:00,0.004586813,0.219108816
2019-05-10 00:00:00+00:00,0.006442762,0.219510339
2019-05-10 01:00:00+00:00,0.008033388,0.219499706
2019-05-10 02:00:00+00:00,0.008048673,0.219478628
2019-05-10 03:00:00+00:00,0.014081096,0.219103546
2019-05-10 04:00:00+00:00,0.069877352,0.218147304
2019-05-10 05:00:00+00:00,0.177074031,0.215450874
2019-05-10 06:00:00+00:00,0.217326379,0.212822008
2019-05-10 07:00:00+00:00,0.173883686,0.213905097
2019-05-10 08:00:00+00:00,0.138675222,0.215643308
2019-05-10 09:00:00+00:00,0.083843838,0.216388296
2019-05-10 10:00:00+00:00,0.079620029,0.216135356
2019-05-10 11:00:00+00:00,0.129353731,0.216786056
2019-05-10 12:00:00+00:00,0.156291753,0.217861711
2019-05-10 13:00:00+00:00,0.156545955,0.217008602
2019-05-10 14:00:00+00:00,0.167029215,0.217077201
2019-05-10 15:00:00+00:00,0.186837143,0.216922125
2019-05-10 16:00:00+00:00,0.236383426,0.21652173
2019-05-10 17:00:00+00:00,0.193857284,0.215537164
2019-05-10 18:00:00+00:00,0.188164308,0.214009454
2019-05-10 19:00:00+00:00,0.180514086,0.214245456
2019-05-10 20:00:00+00:00,0.188734893,0.213817396
2019-05-10 21:00:00+00:00,0.148382234,0.215621665
2019-05-10 22:00:00+00:00,0.154391866,0.216911585
2019-05-10 23:00:00+00:00,0.107904829,0.217674452
2019-05-11 00:00:00+00:00,0.030025536,0.219360627
2019-05-11 01:00:00+00:00,0.013514236,0.221174212
2019-05-11 02:00:00+00:00,0.00461426,0.221203101
2019-05-11 03:00:00+00:00,0.007773707,0.221041249
2019-05-11 04:00:00+00:00,0.001679322,0.220648947
2019-05-11 05:00:00+00:00,0.014321766,0.221224461
2019-05-11 06:00:00+00:00,0.105783667,0.218816448
2019-05-11 07:00:00+00:00,0.206415249,0.217843738
2019-05-11 08:00:00+00:00,0.161005174,0.218101007
2019-05-11 09:00:00+00:00,0.123030564,0.218177886
2019-05-11 10:00:00+00:00,0.080669928,0.218948564
2019-05-11 11:00:00+00:00,0.106176255,0.219182119
2019-05-11 12:00:00+00:00,0.113477881,0.222174869
2019-05-11 13:00:00+00:00,0.115580745,0.222885793
2019-05-11 14:00:00+00:00,0.075256848,0.222922116
2019-05-11 15:00:00+00:00,0.021324594,0.223471941
2019-05-11 16:00:00+00:00,0.001872494,0.223919762
2019-05-11 17:00:00+00:00,0.004661211,0.223474481
2019-05-11 18:00:00+00:00,0.039667026,0.222850788
2019-05-11 19:00:00+00:00,0.100232474,0.222780119
2019-05-11 20:00:00+00:00,0.098100245,0.222736739
2019-05-11 21:00:00+00:00,0.048425657,0.22478548
2019-05-11 22:00:00+00:00,0.01080545,0.225713116
2019-05-11 23:00:00+00:00,0.021920764,0.226246003
2019-05-12 00:00:00+00:00,0.021439204,0.227537805
2019-05-12 01:00:00+00:00,0.032675209,0.227004447
2019-05-12 02:00:00+00:00,0.055446345,0.226474853
2019-05-12 03:00:00+00:00,0.064643803,0.226726947
2019-05-12 04:00:00+00:00,0.065037542,0.226530655
2019-05-12 05:00:00+00:00,0.059124934,0.227494425
2019-05-12 06:00:00+00:00,0.047205268,0.226718948
2019-05-12 07:00:00+00:00,0.080363296,0.225591727
2019-05-12 08:00:00+00:00,0.111465576,0.225352243
2019-05-12 09:00:00+00:00,0.047158317,0.226393739
2019-05-12 10:00:00+00:00,0.006636975,0.22431564
2019-05-12 11:00:00+00:00,0.0009005,0.224327308
2019-05-12 12:00:00+00:00,0.006941086,0.22535356
2019-05-12 13:00:00+00:00,0.011226911,0.226632565
2019-05-12 14:00:00+00:00,0.019566491,0.227445775
2019-05-12 15:00:00+00:00,0.032518524,0.227955325
2019-05-12 16:00:00+00:00,0.028634876,0.22773532
2019-05-12 17:00:00+00:00,0.025681585,0.226411148
2019-05-12 18:00:00+00:00,0.141099948,0.225400987
2019-05-12 19:00:00+00:00,0.224768199,0.225239605
2019-05-12 20:00:00+00:00,0.173421027,0.225751038
2019-05-12 21:00:00+00:00,0.04966785,0.227326833
2019-05-12 22:00:00+00:00,0.01960895,0.229445207
2019-05-12 23:00:00+00:00,0.01811869,0.229875149
2019-05-13 00:00:00+00:00,0.018215605,0.229794035
2019-05-13 01:00:00+00:00,0.017899934,0.230157355
2019-05-13 02:00:00+00:00,0.018067904,0.230306127
2019-05-13 03:00:00+00:00,0.027188609,0.23046986
2019-05-13 04:00:00+00:00,0.072351768,0.229759783
2019-05-13 05:00:00+00:00,0.088765825,0.226285619
2019-05-13 06:00:00+00:00,0.058522299,0.225786796
2019-05-13 07:00:00+00:00,0.009649488,0.225628426
2019-05-13 08:00:00+00:00,0.002070925,0.224381039
2019-05-13 09:00:00+00:00,0.014304783,0.224348198
2019-05-13 10:00:00+00:00,0.01800534,0.223376994
2019-05-13 11:00:00+00:00,0.015844677,0.223961542
2019-05-13 12:00:00+00:00,0.002788991,0.225668418
2019-05-13 13:00:00+00:00,0,0.226608287
2019-05-13 14:00:00+00:00,0.000118719,0.228811728
2019-05-13 15:00:00+00:00,0.014233233,0.229541754
2019-05-13 16:00:00+00:00,0.080369651,0.229341227
2019-05-13 17:00:00+00:00,0.122838105,0.228675848
2019-05-13 18:00:00+00:00,0.160966715,0.224696461
2019-05-13 19:00:00+00:00,0.146198562,0.225266142
2019-05-13 20:00:00+00:00,0.099688624,0.227483791
2019-05-13 21:00:00+00:00,0.04061349,0.230102965
2019-05-13 22:00:00+00:00,0.03636092,0.23020798
2019-05-13 23:00:00+00:00,0.039407838,0.230328899
2019-05-14 00:00:00+00:00,0.050092214,0.230766651
2019-05-14 01:00:00+00:00,0.0609765,0.231262369
2019-05-14 02:00:00+00:00,0.056807476,0.231926054
2019-05-14 03:00:00+00:00,0.048113602,0.231757992
2019-05-14 04:00:00+00:00,0.082458217,0.231007735
2019-05-14 05:00:00+00:00,0.103612047,0.230438995
2019-05-14 06:00:00+00:00,0.08378982,0.227951844
2019-05-14 07:00:00+00:00,0.050119826,0.228381409
2019-05-14 08:00:00+00:00,0.022117716,0.227249765
2019-05-14 09:00:00+00:00,0.039408332,0.226500449
2019-05-14 10:00:00+00:00,0.065820912,0.225724596
2019-05-14 11:00:00+00:00,0.120901896,0.22560236
2019-05-14 12:00:00+00:00,0.16313324,0.225890964
2019-05-14 13:00:00+00:00,0.236672087,0.227817657
2019-05-14 14:00:00+00:00,0.289380556,0.229438244
2019-05-14 15:00:00+00:00,0.293997391,0.229488776
2019-05-14 16:00:00+00:00,0.313500551,0.229529427
2019-05-14 17:00:00+00:00,0.345943089,0.228296531
2019-05-14 18:00:00+00:00,0.364498414,0.225849937
2019-05-14 19:00:00+00:00,0.360891156,0.225458105
2019-05-14 20:00:00+00:00,0.284806562,0.226277808
2019-05-14 21:00:00+00:00,0.234001158,0.229736446
2019-05-14 22:00:00+00:00,0.237591926,0.230760723
2019-05-14 23:00:00+00:00,0.184331829,0.230675186
2019-05-15 00:00:00+00:00,0.141546445,0.231572333
2019-05-15 01:00:00+00:00,0.123904,0.231980726
2019-05-15 02:00:00+00:00,0.084207171,0.232118677
2019-05-15 03:00:00+00:00,0.094173535,0.231726751
2019-05-15 04:00:00+00:00,0.162460317,0.231430525
2019-05-15 05:00:00+00:00,0.188752918,0.229640935
2019-05-15 06:00:00+00:00,0.175447138,0.227216736
2019-05-15 07:00:00+00:00,0.167115008,0.226321659
2019-05-15 08:00:00+00:00,0.162395616,0.226648468
2019-05-15 09:00:00+00:00,0.165053013,0.227309424
2019-05-15 10:00:00+00:00,0.165653018,0.226197918
2019-05-15 11:00:00+00:00,0.113632977,0.227380188
2019-05-15 12:00:00+00:00,0.040323842,0.228274888
2019-05-15 13:00:00+00:00,0.025391772,0.230091673
2019-05-15 14:00:00+00:00,0.025064706,0.230925021
2019-05-15 15:00:00+00:00,0.024842828,0.231118961
2019-05-15 16:00:00+00:00,0.022821757,0.232156599
2019-05-15 17:00:00+00:00,0.042865425,0.231776718
2019-05-15 18:00:00+00:00,0.140827064,0.230335486
2019-05-15 19:00:00+00:00,0.167303797,0.229837039
2019-05-15 20:00:00+00:00,0.110832098,0.230551445
2019-05-15 21:00:00+00:00,0.053391855,0.230806361
2019-05-15 22:00:00+00:00,0.062095372,0.231984208
2019-05-15 23:00:00+00:00,0.043548867,0.232585412
2019-05-16 00:00:00+00:00,0.006439639,0.233169207
2019-05-16 01:00:00+00:00,0,0.233405962
2019-05-16 02:00:00+00:00,0.007028139,0.232144836
2019-05-16 03:00:00+00:00,0.043627483,0.230237434
2019-05-16 04:00:00+00:00,0.066465182,0.229615905
2019-05-16 05:00:00+00:00,0.131675132,0.22902317
2019-05-16 06:00:00+00:00,0.173149623,0.228766748
2019-05-16 07:00:00+00:00,0.136330372,0.229357224
2019-05-16 08:00:00+00:00,0.058243937,0.228969721
2019-05-16 09:00:00+00:00,0.034870003,0.230400509
2019-05-16 10:00:00+00:00,0.025648276,0.23011548
2019-05-16 11:00:00+00:00,0.023232315,0.231277142
2019-05-16 12:00:00+00:00,0.004613822,0.231589836
2019-05-16 13:00:00+00:00,0,0.232201296
2019-05-16 14:00:00+00:00,0,0.231201957
2019-05-16 15:00:00+00:00,0,0.233090822
2019-05-16 16:00:00+00:00,0,0.233224067
2019-05-16 17:00:00+00:00,0,0.233105689
2019-05-16 18:00:00+00:00,0.004489241,0.231926713
2019-05-16 19:00:00+00:00,0.023779288,0.23062776
2019-05-16 20:00:00+00:00,0.011049791,0.230603576
2019-05-16 21:00:00+00:00,0.022532054,0.231985149
2019-05-16 22:00:00+00:00,0.004074903,0.23236456
2019-05-16 23:00:00+00:00,0.000694892,0.232540903
2019-05-17 00:00:00+00:00,0.006757502,0.232405775
2019-05-17 01:00:00+00:00,0.012487786,0.231803725
2019-05-17 02:00:00+00:00,0.011524393,0.231962001
2019-05-17 03:00:00+00:00,0.008865352,0.230397968
2019-05-17 04:00:00+00:00,0.047372745,0.227768443
2019-05-17 05:00:00+00:00,0.090315417,0.226036631
2019-05-17 06:00:00+00:00,0.09689547,0.223193782
2019-05-17 07:00:00+00:00,0.05951051,0.2214519
2019-05-17 08:00:00+00:00,0.050090461,0.220841193
2019-05-17 09:00:00+00:00,0.110632352,0.22170804
2019-05-17 10:00:00+00:00,0.074358868,0.220815127
2019-05-17 11:00:00+00:00,0.034529898,0.219909605
2019-05-17 12:00:00+00:00,0.00536832,0.219454068
2019-05-17 13:00:00+00:00,0.000126115,0.219690352
2019-05-17 14:00:00+00:00,0.006069403,0.218779843
2019-05-17 15:00:00+00:00,0.029568794,0.218715949
2019-05-17 16:00:00+00:00,0.025470608,0.218091597
2019-05-17 17:00:00+00:00,0.0278646,0.217627591
2019-05-17 18:00:00+00:00,0.079763128,0.216412292
2019-05-17 19:00:00+00:00,0.177764047,0.213432528
2019-05-17 20:00:00+00:00,0.183790335,0.205804046
2019-05-17 21:00:00+00:00,0.130855276,0.217134131
2019-05-17 22:00:00+00:00,0.045449794,0.219049721
2019-05-17 23:00:00+00:00,0.012264044,0.219560871
2019-05-18 00:00:00+00:00,0.035954745,0.220112014
2019-05-18 01:00:00+00:00,0.013814841,0.22060058
2019-05-18 02:00:00+00:00,0.001199461,0.22027697
2019-05-18 03:00:00+00:00,0,0.220076914
2019-05-18 04:00:00+00:00,0,0.220402688
2019-05-18 05:00:00+00:00,0.009809022,0.220483331
2019-05-18 06:00:00+00:00,0.062662341,0.220083125
2019-05-18 07:00:00+00:00,0.088137551,0.219394408
2019-05-18 08:00:00+00:00,0.070521623,0.218861239
2019-05-18 09:00:00+00:00,0.049977823,0.219232651
2019-05-18 10:00:00+00:00,0.019877231,0.219483615
2019-05-18 11:00:00+00:00,0.025368434,0.219732603
2019-05-18 12:00:00+00:00,0.012330279,0.22038415
2019-05-18 13:00:00+00:00,0.016406113,0.220977355
2019-05-18 14:00:00+00:00,0.019947411,0.22159672
2019-05-18 15:00:00+00:00,0.027560489,0.221337569
2019-05-18 16:00:00+00:00,0.017760123,0.220747658
2019-05-18 17:00:00+00:00,0.00765844,0.220712558
2019-05-18 18:00:00+00:00,0.033396617,0.218925039
2019-05-18 19:00:00+00:00,0.102015176,0.215683301
2019-05-18 20:00:00+00:00,0.076072924,0.215775613
2019-05-18 21:00:00+00:00,0.043380513,0.216144672
2019-05-18 22:00:00+00:00,0.006837323,0.216704942
2019-05-18 23:00:00+00:00,0,0.218232182
2019-05-19 00:00:00+00:00,0,0.219523796
2019-05-19 01:00:00+00:00,0,0.219399113
2019-05-19 02:00:00+00:00,0,0.220126128
2019-05-19 03:00:00+00:00,0,0.220814939
2019-05-19 04:00:00+00:00,0,0.220304071
2019-05-19 05:00:00+00:00,0,0.219921744
2019-05-19 06:00:00+00:00,0,0.219255799
2019-05-19 07:00:00+00:00,0,0.2187263
2019-05-19 08:00:00+00:00,0,0.219067318
2019-05-19 09:00:00+00:00,0,0.219485027
2019-05-19 10:00:00+00:00,0,0.219339642
2019-05-19 11:00:00+00:00,0,0.218924756
2019-05-19 12:00:00+00:00,0,0.219581197
2019-05-19 13:00:00+00:00,0,0.220415015
2019-05-19 14:00:00+00:00,0,0.221215428
2019-05-19 15:00:00+00:00,0,0.221150875
2019-05-19 16:00:00+00:00,0.000377085,0.221546283
2019-05-19 17:00:00+00:00,0.019074249,0.221635207
2019-05-19 18:00:00+00:00,0.096880075,0.220617424
2019-05-19 19:00:00+00:00,0.17726797,0.218290994
2019-05-19 20:00:00+00:00,0.143726994,0.217325625
2019-05-19 21:00:00+00:00,0.034156429,0.218514105
2019-05-19 22:00:00+00:00,0.002072514,0.22101029
2019-05-19 23:00:00+00:00,0,0.221460087
2019-05-20 00:00:00+00:00,0,0.222551457
2019-05-20 01:00:00+00:00,0,0.222691571
2019-05-20 02:00:00+00:00,0,0.22240532
2019-05-20 03:00:00+00:00,0.011118163,0.222954204
2019-05-20 04:00:00+00:00,0.081324005,0.223476175
2019-05-20 05:00:00+00:00,0.181051033,0.221370975
2019-05-20 06:00:00+00:00,0.22630163,0.218664853
2019-05-20 07:00:00+00:00,0.190112132,0.21690067
2019-05-20 08:00:00+00:00,0.156625722,0.21571793
2019-05-20 09:00:00+00:00,0.138359496,0.216011427
2019-05-20 10:00:00+00:00,0.168330521,0.215549397
2019-05-20 11:00:00+00:00,0.185364251,0.21591488
2019-05-20 12:00:00+00:00,0.134648694,0.216948849
2019-05-20 13:00:00+00:00,0.109979644,0.216784174
2019-05-20 14:00:00+00:00,0.09194861,0.217830658
2019-05-20 15:00:00+00:00,0.084363418,0.217617522
2019-05-20 16:00:00+00:00,0.076935239,0.217201695
2019-05-20 17:00:00+00:00,0.08942434,0.212100357
2019-05-20 18:00:00+00:00,0.110585511,0.208399318
2019-05-20 19:00:00+00:00,0.162476971,0.205076278
2019-05-20 20:00:00+00:00,0.143518428,0.209819284
2019-05-20 21:00:00+00:00,0.073746318,0.216997216
2019-05-20 22:00:00+00:00,0.032870244,0.219161512
2019-05-20 23:00:00+00:00,0.027725501,0.219563318
2019-05-21 00:00:00+00:00,0.027057179,0.221455853
2019-05-21 01:00:00+00:00,0.025654795,0.221781062
2019-05-21 02:00:00+00:00,0.026292163,0.220993446
2019-05-21 03:00:00+00:00,0.026952979,0.217686591
2019-05-21 04:00:00+00:00,0.018350759,0.215944428
2019-05-21 05:00:00+00:00,0.02285271,0.215587413
2019-05-21 06:00:00+00:00,0.064032184,0.206204911
2019-05-21 07:00:00+00:00,0.085731343,0.206246785
2019-05-21 08:00:00+00:00,0.040599685,0.206043624
2019-05-21 09:00:00+00:00,0.023814788,0.215374842
2019-05-21 10:00:00+00:00,0.034211324,0.215588166
2019-05-21 11:00:00+00:00,0.038024574,0.215476187
2019-05-21 12:00:00+00:00,0.037473273,0.217127168
2019-05-21 13:00:00+00:00,0.029155826,0.219190682
2019-05-21 14:00:00+00:00,0.013832482,0.22024093
2019-05-21 15:00:00+00:00,0.046850097,0.221636242
2019-05-21 16:00:00+00:00,0.039496371,0.217342562
2019-05-21 17:00:00+00:00,0.020471867,0.219866884
2019-05-21 18:00:00+00:00,0.004162997,0.21175567
2019-05-21 19:00:00+00:00,1.96678E-05,0.210623743
2019-05-21 20:00:00+00:00,0,0.210909712
2019-05-21 21:00:00+00:00,0.002595436,0.219877799
2019-05-21 22:00:00+00:00,0.016325251,0.221857094
2019-05-21 23:00:00+00:00,0.019701372,0.222189361
2019-05-22 00:00:00+00:00,0.020747599,0.221959381
2019-05-22 01:00:00+00:00,0.018654103,0.222454346
2019-05-22 02:00:00+00:00,0.006227293,0.223131676
2019-05-22 03:00:00+00:00,0.014402574,0.222726765
2019-05-22 04:00:00+00:00,0.023362977,0.22297914
2019-05-22 05:00:00+00:00,0.072686778,0.219374459
2019-05-22 06:00:00+00:00,0.147232298,0.210323282
2019-05-22 07:00:00+00:00,0.175679865,0.210425098
2019-05-22 08:00:00+00:00,0.142520904,0.211627223
2019-05-22 09:00:00+00:00,0.110994809,0.218063837
2019-05-22 10:00:00+00:00,0.058260975,0.217732418
2019-05-22 11:00:00+00:00,0.046730775,0.212744188
2019-05-22 12:00:00+00:00,0.059092117,0.211803002
2019-05-22 13:00:00+00:00,0.137777406,0.212525876
2019-05-22 14:00:00+00:00,0.180959652,0.212236896
2019-05-22 15:00:00+00:00,0.189509771,0.21247064
2019-05-22 16:00:00+00:00,0.103001469,0.212359884
2019-05-22 17:00:00+00:00,0.06345875,0.214226824
2019-05-22 18:00:00+00:00,0.075869727,0.216653187
2019-05-22 19:00:00+00:00,0.110914165,0.212051331
2019-05-22 20:00:00+00:00,0.062513491,0.212428577
2019-05-22 21:00:00+00:00,0.024584352,0.216099598
2019-05-22 22:00:00+00:00,0.016876716,0.225155198
2019-05-22 23:00:00+00:00,0.008759343,0.225935756
2019-05-23 00:00:00+00:00,0.006161715,0.226180133
2019-05-23 01:00:00+00:00,0.000798929,0.225999932
2019-05-23 02:00:00+00:00,0,0.226117556
2019-05-23 03:00:00+00:00,0.003574826,0.22565929
2019-05-23 04:00:00+00:00,0.022826797,0.221590227
2019-05-23 05:00:00+00:00,0.032859725,0.217939814
2019-05-23 06:00:00+00:00,0.041137727,0.218583927
2019-05-23 07:00:00+00:00,0.047192612,0.211417663
2019-05-23 08:00:00+00:00,0.06625826,0.217142695
2019-05-23 09:00:00+00:00,0.060479655,0.217873662
2019-05-23 10:00:00+00:00,0.029825736,0.211283383
2019-05-23 11:00:00+00:00,0.007504439,0.21814514
2019-05-23 12:00:00+00:00,0.000442881,0.221375397
2019-05-23 13:00:00+00:00,0,0.222864809
2019-05-23 14:00:00+00:00,0,0.223790657
2019-05-23 15:00:00+00:00,0,0.22344117
2019-05-23 16:00:00+00:00,0,0.223594741
2019-05-23 17:00:00+00:00,0,0.223425832
2019-05-23 18:00:00+00:00,0.001242686,0.224207237
2019-05-23 19:00:00+00:00,0.010280446,0.223285153
2019-05-23 20:00:00+00:00,0.016993134,0.224116148
2019-05-23 21:00:00+00:00,0.018125922,0.222638875
2019-05-23 22:00:00+00:00,0.021030947,0.225543077
2019-05-23 23:00:00+00:00,0.011965959,0.22610363
2019-05-24 00:00:00+00:00,0.001312482,0.227247036
2019-05-24 01:00:00+00:00,0,0.227411711
2019-05-24 02:00:00+00:00,0,0.227408794
2019-05-24 03:00:00+00:00,0,0.22519152
2019-05-24 04:00:00+00:00,0,0.224936604
2019-05-24 05:00:00+00:00,0.002709005,0.223789622
2019-05-24 06:00:00+00:00,0.013105979,0.219556354
2019-05-24 07:00:00+00:00,0.002362326,0.218931061
2019-05-24 08:00:00+00:00,0,0.217407774
2019-05-24 09:00:00+00:00,0,0.218510717
2019-05-24 10:00:00+00:00,0,0.218378884
2019-05-24 11:00:00+00:00,0,0.219779371
2019-05-24 12:00:00+00:00,0,0.220970204
2019-05-24 13:00:00+00:00,0,0.222446629
2019-05-24 14:00:00+00:00,0,0.223860102
2019-05-24 15:00:00+00:00,0,0.224114172
2019-05-24 16:00:00+00:00,0,0.223704555
2019-05-24 17:00:00+00:00,0,0.223610362
2019-05-24 18:00:00+00:00,0,0.221246481
2019-05-24 19:00:00+00:00,0.001601089,0.220000129
2019-05-24 20:00:00+00:00,0.013709544,0.220829148
2019-05-24 21:00:00+00:00,0.030864513,0.222872243
2019-05-24 22:00:00+00:00,0.040498661,0.222513628
2019-05-24 23:00:00+00:00,0.019074139,0.223027507
2019-05-25 00:00:00+00:00,0.052806478,0.224277811
2019-05-25 01:00:00+00:00,0.088088738,0.225259084
2019-05-25 02:00:00+00:00,0.095042808,0.226237251
2019-05-25 03:00:00+00:00,0.099470033,0.226711232
2019-05-25 04:00:00+00:00,0.118320101,0.226908748
2019-05-25 05:00:00+00:00,0.105658702,0.226182862
2019-05-25 06:00:00+00:00,0.051673964,0.224620805
2019-05-25 07:00:00+00:00,0.006956426,0.224252028
2019-05-25 08:00:00+00:00,0,0.224380662
2019-05-25 09:00:00+00:00,0,0.223520967
2019-05-25 10:00:00+00:00,0.003358645,0.223142215
2019-05-25 11:00:00+00:00,0.019021381,0.222874689
2019-05-25 12:00:00+00:00,0.022613793,0.224735325
2019-05-25 13:00:00+00:00,0.027267115,0.22527254
2019-05-25 14:00:00+00:00,0.054681931,0.225880613
2019-05-25 15:00:00+00:00,0.032911551,0.226228594
2019-05-25 16:00:00+00:00,0.00444881,0.226447188
2019-05-25 17:00:00+00:00,0.002857417,0.225488029
2019-05-25 18:00:00+00:00,0.024345654,0.224667102
2019-05-25 19:00:00+00:00,0.052637357,0.2239367
2019-05-25 20:00:00+00:00,0.034940292,0.223494054
2019-05-25 21:00:00+00:00,0.009154726,0.225041619
2019-05-25 22:00:00+00:00,0.021971385,0.225527268
2019-05-25 23:00:00+00:00,0.010090562,0.22532119
2019-05-26 00:00:00+00:00,0.006456075,0.225865557
2019-05-26 01:00:00+00:00,0.033846128,0.227317329
2019-05-26 02:00:00+00:00,0.030422946,0.226865556
2019-05-26 03:00:00+00:00,0.012114536,0.226949775
2019-05-26 04:00:00+00:00,0.043051255,0.226871484
2019-05-26 05:00:00+00:00,0.051272446,0.225603395
2019-05-26 06:00:00+00:00,0.056762827,0.225082929
2019-05-26 07:00:00+00:00,0.018511827,0.225180228
2019-05-26 08:00:00+00:00,0.001021136,0.224989676
2019-05-26 09:00:00+00:00,0,0.224764966
2019-05-26 10:00:00+00:00,0,0.225101843
2019-05-26 11:00:00+00:00,0,0.224987888
2019-05-26 12:00:00+00:00,0.006321687,0.225430722
2019-05-26 13:00:00+00:00,0.046956489,0.226773338
2019-05-26 14:00:00+00:00,0.080174672,0.226959656
2019-05-26 15:00:00+00:00,0.099691035,0.226906489
2019-05-26 16:00:00+00:00,0.079284033,0.227197069
2019-05-26 17:00:00+00:00,0.038020849,0.225708787
2019-05-26 18:00:00+00:00,0.050797899,0.224986665
2019-05-26 19:00:00+00:00,0.06169221,0.223445405
2019-05-26 20:00:00+00:00,0.049885839,0.223689594
2019-05-26 21:00:00+00:00,0.04189239,0.225665407
2019-05-26 22:00:00+00:00,0.035905109,0.226839678
2019-05-26 23:00:00+00:00,0.005707658,0.228270748
2019-05-27 00:00:00+00:00,0,0.228093276
2019-05-27 01:00:00+00:00,0,0.228108614
2019-05-27 02:00:00+00:00,0,0.227154348
2019-05-27 03:00:00+00:00,0.004227753,0.226921263
2019-05-27 04:00:00+00:00,0.023032788,0.226031361
2019-05-27 05:00:00+00:00,0.031439974,0.225481818
2019-05-27 06:00:00+00:00,0.034384718,0.224522659
2019-05-27 07:00:00+00:00,0.018759674,0.224405975
2019-05-27 08:00:00+00:00,0.002485756,0.224467611
2019-05-27 09:00:00+00:00,0,0.224236878
2019-05-27 10:00:00+00:00,0,0.22384881
2019-05-27 11:00:00+00:00,0,0.224261626
2019-05-27 12:00:00+00:00,0,0.224100057
2019-05-27 13:00:00+00:00,0,0.227400325
2019-05-27 14:00:00+00:00,0,0.228157264
2019-05-27 15:00:00+00:00,0,0.229966709
2019-05-27 16:00:00+00:00,0,0.229744633
2019-05-27 17:00:00+00:00,0.001483631,0.229765805
2019-05-27 18:00:00+00:00,0.011644043,0.228941491
2019-05-27 19:00:00+00:00,0.01589371,0.227036159
2019-05-27 20:00:00+00:00,0.007094484,0.227833278
2019-05-27 21:00:00+00:00,0.01642337,0.228824996
2019-05-27 22:00:00+00:00,0.002658822,0.227739461
2019-05-27 23:00:00+00:00,0,0.228188693
2019-05-28 00:00:00+00:00,0,0.228638208
2019-05-28 01:00:00+00:00,0,0.228923518
2019-05-28 02:00:00+00:00,0,0.229042084
2019-05-28 03:00:00+00:00,0.009798613,0.229211181
2019-05-28 04:00:00+00:00,0.056589049,0.228223792
2019-05-28 05:00:00+00:00,0.063361178,0.227188977
2019-05-28 06:00:00+00:00,0.059476708,0.224113043
2019-05-28 07:00:00+00:00,0.061117023,0.22380703
2019-05-28 08:00:00+00:00,0.069361826,0.22435789
2019-05-28 09:00:00+00:00,0.040387119,0.225196508
2019-05-28 10:00:00+00:00,0.027838467,0.225588622
2019-05-28 11:00:00+00:00,0.03347348,0.225133084
2019-05-28 12:00:00+00:00,0.036660594,0.225326083
2019-05-28 13:00:00+00:00,0.016960044,0.225759601
2019-05-28 14:00:00+00:00,0.009595306,0.226027691
2019-05-28 15:00:00+00:00,0.001149771,0.226037101
2019-05-28 16:00:00+00:00,0,0.226575728
2019-05-28 17:00:00+00:00,0.001951603,0.226860568
2019-05-28 18:00:00+00:00,0.014289772,0.226430721
2019-05-28 19:00:00+00:00,0.019087835,0.225339351
2019-05-28 20:00:00+00:00,0.025923405,0.225694013
2019-05-28 21:00:00+00:00,0.015790111,0.227915145
2019-05-28 22:00:00+00:00,0.002169812,0.229344521
2019-05-28 23:00:00+00:00,0,0.229679328
2019-05-29 00:00:00+00:00,0,0.229807492
2019-05-29 01:00:00+00:00,0,0.229616563
2019-05-29 02:00:00+00:00,0,0.229465439
2019-05-29 03:00:00+00:00,0,0.229620986
2019-05-29 04:00:00+00:00,0,0.229475696
2019-05-29 05:00:00+00:00,0.004989702,0.229406815
2019-05-29 06:00:00+00:00,0.026482979,0.228423942
2019-05-29 07:00:00+00:00,0.005505282,0.22802223
2019-05-29 08:00:00+00:00,0,0.227082362
2019-05-29 09:00:00+00:00,0,0.227785005
2019-05-29 10:00:00+00:00,0.001915774,0.227382634
2019-05-29 11:00:00+00:00,0.011205983,0.227553708
2019-05-29 12:00:00+00:00,0.001981571,0.22773532
2019-05-29 13:00:00+00:00,0,0.228879103
2019-05-29 14:00:00+00:00,0.000429569,0.229441161
2019-05-29 15:00:00+00:00,0.002187617,0.230327393
2019-05-29 16:00:00+00:00,0.000535961,0.230080475
2019-05-29 17:00:00+00:00,0.001629304,0.229465251
2019-05-29 18:00:00+00:00,0.003075407,0.226844571
2019-05-29 19:00:00+00:00,0.020105246,0.224131392
2019-05-29 20:00:00+00:00,0.029023575,0.225169877
2019-05-29 21:00:00+00:00,0.004926425,0.226889175
2019-05-29 22:00:00+00:00,0,0.230148792
2019-05-29 23:00:00+00:00,0,0.231962283
2019-05-30 00:00:00+00:00,0,0.232541655
2019-05-30 01:00:00+00:00,0,0.23225164
2019-05-30 02:00:00+00:00,0,0.232145401
2019-05-30 03:00:00+00:00,0,0.231838448
2019-05-30 04:00:00+00:00,0,0.231655706
2019-05-30 05:00:00+00:00,0.000939835,0.231485197
2019-05-30 06:00:00+00:00,0.01139658,0.229714145
2019-05-30 07:00:00+00:00,0.032717887,0.229194243
2019-05-30 08:00:00+00:00,0.031308325,0.228744258
2019-05-30 09:00:00+00:00,0.02924392,0.228941397
2019-05-30 10:00:00+00:00,0.027463245,0.228261526
2019-05-30 11:00:00+00:00,0.020076046,0.227332197
2019-05-30 12:00:00+00:00,0.003546995,0.227184648
2019-05-30 13:00:00+00:00,0.000266529,0.227557001
2019-05-30 14:00:00+00:00,0.011467362,0.22907389
2019-05-30 15:00:00+00:00,0.056235467,0.22918888
2019-05-30 16:00:00+00:00,0.067552115,0.229354683
2019-05-30 17:00:00+00:00,0.068324638,0.228005951
2019-05-30 18:00:00+00:00,0.019721861,0.225776257
2019-05-30 19:00:00+00:00,0.001275941,0.224331354
2019-05-30 20:00:00+00:00,0,0.226812766
2019-05-30 21:00:00+00:00,0,0.229806833
2019-05-30 22:00:00+00:00,0,0.229928786
2019-05-30 23:00:00+00:00,0,0.231040105
2019-05-31 00:00:00+00:00,0,0.231872135
2019-05-31 01:00:00+00:00,0,0.231743124
2019-05-31 02:00:00+00:00,0,0.232047349
2019-05-31 03:00:00+00:00,0.006254083,0.232057041
2019-05-31 04:00:00+00:00,0.044442738,0.232572614
2019-05-31 05:00:00+00:00,0.084066703,0.231719882
2019-05-31 06:00:00+00:00,0.047840225,0.229951464
2019-05-31 07:00:00+00:00,0.025843529,0.228548342
2019-05-31 08:00:00+00:00,0.075558549,0.228741812
2019-05-31 09:00:00+00:00,0.138249159,0.227768726
2019-05-31 10:00:00+00:00,0.133348702,0.22547749
2019-05-31 11:00:00+00:00,0.099228486,0.224768824
2019-05-31 12:00:00+00:00,0.141939965,0.225414537
2019-05-31 13:00:00+00:00,0.152177788,0.228145407
2019-05-31 14:00:00+00:00,0.152171653,0.229840521
2019-05-31 15:00:00+00:00,0.151502509,0.230647615
2019-05-31 16:00:00+00:00,0.141114959,0.230842966
2019-05-31 17:00:00+00:00,0.125265625,0.229865834
2019-05-31 18:00:00+00:00,0.110222834,0.228929729
2019-05-31 19:00:00+00:00,0.12330553,0.227908934
2019-05-31 20:00:00+00:00,0.106505403,0.227578832
2019-05-31 21:00:00+00:00,0.079571106,0.228624563
2019-05-31 22:00:00+00:00,0.061456635,0.229575348
2019-05-31 23:00:00+00:00,0.032047812,0.229775874
2019-06-01 00:00:00+00:00,0.004586484,0.085370609
2019-06-01 01:00:00+00:00,0,0.086108822
2019-06-01 02:00:00+00:00,0,0.087518342
2019-06-01 03:00:00+00:00,0,0.086953932
2019-06-01 04:00:00+00:00,0.00252186,0.085698546
2019-06-01 05:00:00+00:00,0.019091506,0.086161894
2019-06-01 06:00:00+00:00,0.041227903,0.084091792
2019-06-01 07:00:00+00:00,0.127045587,0.083234167
2019-06-01 08:00:00+00:00,0.136732493,0.083856449
2019-06-01 09:00:00+00:00,0.041844069,0.084069397
2019-06-01 10:00:00+00:00,0.010309154,0.083590146
2019-06-01 11:00:00+00:00,0.001036531,0.083677942
2019-06-01 12:00:00+00:00,0,0.085091791
2019-06-01 13:00:00+00:00,0,0.086724705
2019-06-01 14:00:00+00:00,0,0.087867829
2019-06-01 15:00:00+00:00,0,0.08842904
2019-06-01 16:00:00+00:00,0.000113788,0.088521634
2019-06-01 17:00:00+00:00,0.019286102,0.087930499
2019-06-01 18:00:00+00:00,0.102750937,0.083062341
2019-06-01 19:00:00+00:00,0.12121658,0.081078623
2019-06-01 20:00:00+00:00,0.126593009,0.081491062
2019-06-01 21:00:00+00:00,0.076187754,0.08276555
2019-06-01 22:00:00+00:00,0.010986788,0.08384958
2019-06-01 23:00:00+00:00,0,0.085128302
2019-06-02 00:00:00+00:00,0,0.088248274
2019-06-02 01:00:00+00:00,0,0.088797253
2019-06-02 02:00:00+00:00,0,0.089298616
2019-06-02 03:00:00+00:00,0,0.089718866
2019-06-02 04:00:00+00:00,0.001754926,0.089254013
2019-06-02 05:00:00+00:00,0.015194873,0.089575176
2019-06-02 06:00:00+00:00,0.02071818,0.085484187
2019-06-02 07:00:00+00:00,0.004509293,0.085770533
2019-06-02 08:00:00+00:00,0,0.08571172
2019-06-02 09:00:00+00:00,0,0.08582304
2019-06-02 10:00:00+00:00,0,0.084762724
2019-06-02 11:00:00+00:00,0,0.084823607
2019-06-02 12:00:00+00:00,0.00324639,0.086195393
2019-06-02 13:00:00+00:00,0.020188684,0.088461128
2019-06-02 14:00:00+00:00,0.016537981,0.089368627
2019-06-02 15:00:00+00:00,0.002338549,0.089592302
2019-06-02 16:00:00+00:00,0.001252657,0.089701081
2019-06-02 17:00:00+00:00,0.026315556,0.087716799
2019-06-02 18:00:00+00:00,0.111131716,0.084554858
2019-06-02 19:00:00+00:00,0.118639497,0.083289403
2019-06-02 20:00:00+00:00,0.122779813,0.083308035
2019-06-02 21:00:00+00:00,0.058608476,0.083139032
2019-06-02 22:00:00+00:00,0.015273216,0.085612257
2019-06-02 23:00:00+00:00,0.00669795,0.085401567
2019-06-03 00:00:00+00:00,0.005970297,0.087065816
2019-06-03 01:00:00+00:00,0.005822706,0.088051794
2019-06-03 02:00:00+00:00,0.00577855,0.088394317
2019-06-03 03:00:00+00:00,0.00454052,0.087515143
2019-06-03 04:00:00+00:00,0.003928956,0.087409657
2019-06-03 05:00:00+00:00,0.023282443,0.085676339
2019-06-03 06:00:00+00:00,0.04540257,0.082219583
2019-06-03 07:00:00+00:00,0.080540033,0.081053875
2019-06-03 08:00:00+00:00,0.110417485,0.080864452
2019-06-03 09:00:00+00:00,0.129187787,0.079917431
2019-06-03 10:00:00+00:00,0.170307107,0.079190511
2019-06-03 11:00:00+00:00,0.132474554,0.079787009
2019-06-03 12:00:00+00:00,0.060252626,0.082264374
2019-06-03 13:00:00+00:00,0.00776801,0.08345963
2019-06-03 14:00:00+00:00,0,0.085483717
2019-06-03 15:00:00+00:00,0,0.086080592
2019-06-03 16:00:00+00:00,0,0.086748794
2019-06-03 17:00:00+00:00,0,0.086009829
2019-06-03 18:00:00+00:00,0.004006257,0.083894465
2019-06-03 19:00:00+00:00,0.025599626,0.082753599
2019-06-03 20:00:00+00:00,0.023016627,0.082543663
2019-06-03 21:00:00+00:00,0.006497657,0.083234167
2019-06-03 22:00:00+00:00,0.0182728,0.08486661
2019-06-03 23:00:00+00:00,0.023925783,0.085403732
2019-06-04 00:00:00+00:00,0.03829943,0.086884392
2019-06-04 01:00:00+00:00,0.041183418,0.088046148
2019-06-04 02:00:00+00:00,0.041091872,0.088794053
2019-06-04 03:00:00+00:00,0.037374222,0.089127355
2019-06-04 04:00:00+00:00,0.019956505,0.088418595
2019-06-04 05:00:00+00:00,0.021646127,0.084837345
2019-06-04 06:00:00+00:00,0.027216658,0.08319521
2019-06-04 07:00:00+00:00,0.011862964,0.08160624
2019-06-04 08:00:00+00:00,0.001082824,0.081800839
2019-06-04 09:00:00+00:00,0,0.082759433
2019-06-04 10:00:00+00:00,0,0.082388022
2019-06-04 11:00:00+00:00,0,0.082405336
2019-06-04 12:00:00+00:00,0,0.083395266
2019-06-04 13:00:00+00:00,0,0.084873762
2019-06-04 14:00:00+00:00,0,0.085362704
2019-06-04 15:00:00+00:00,0,0.085951769
2019-06-04 16:00:00+00:00,0,0.086528507
2019-06-04 17:00:00+00:00,0,0.087087271
2019-06-04 18:00:00+00:00,0,0.084373057
2019-06-04 19:00:00+00:00,0,0.082198693
2019-06-04 20:00:00+00:00,0,0.081941048
2019-06-04 21:00:00+00:00,0,0.08385005
2019-06-04 22:00:00+00:00,0,0.086229175
2019-06-04 23:00:00+00:00,0,0.087645942
2019-06-05 00:00:00+00:00,0,0.088280362
2019-06-05 01:00:00+00:00,0,0.088569249
2019-06-05 02:00:00+00:00,0,0.088533585
2019-06-05 03:00:00+00:00,0,0.08837465
2019-06-05 04:00:00+00:00,0,0.087263708
2019-06-05 05:00:00+00:00,0,0.085907636
2019-06-05 06:00:00+00:00,0.000459152,0.082715207
2019-06-05 07:00:00+00:00,0.009937767,0.082234357
2019-06-05 08:00:00+00:00,0.036426881,0.08344495
2019-06-05 09:00:00+00:00,0.041519469,0.083082008
2019-06-05 10:00:00+00:00,0.037258242,0.082384258
2019-06-05 11:00:00+00:00,0.014105365,0.082325163
2019-06-05 12:00:00+00:00,0.00121754,0.082027431
2019-06-05 13:00:00+00:00,0,0.08346744
2019-06-05 14:00:00+00:00,0,0.08346951
2019-06-05 15:00:00+00:00,0,0.083853908
2019-06-05 16:00:00+00:00,0,0.083986495
2019-06-05 17:00:00+00:00,0.000400642,0.082651125
2019-06-05 18:00:00+00:00,0.013681988,0.080492287
2019-06-05 19:00:00+00:00,0.070147387,0.073806591
2019-06-05 20:00:00+00:00,0.107752089,0.074083903
2019-06-05 21:00:00+00:00,0.02859302,0.074830867
2019-06-05 22:00:00+00:00,0.001539402,0.07550114
2019-06-05 23:00:00+00:00,0,0.076061504
2019-06-06 00:00:00+00:00,0,0.076091428
2019-06-06 01:00:00+00:00,0,0.076815432
2019-06-06 02:00:00+00:00,0,0.077894662
2019-06-06 03:00:00+00:00,0,0.077519863
2019-06-06 04:00:00+00:00,0.011401729,0.076699877
2019-06-06 05:00:00+00:00,0.075053213,0.075607567
2019-06-06 06:00:00+00:00,0.105398693,0.073837267
2019-06-06 07:00:00+00:00,0.071970191,0.073533419
2019-06-06 08:00:00+00:00,0.011593148,0.075292427
2019-06-06 09:00:00+00:00,0.011183137,0.076293178
2019-06-06 10:00:00+00:00,0.048095468,0.075767725
2019-06-06 11:00:00+00:00,0.076219419,0.076761983
2019-06-06 12:00:00+00:00,0.080591421,0.077795293
2019-06-06 13:00:00+00:00,0.080926376,0.078026778
2019-06-06 14:00:00+00:00,0.076693145,0.077276238
2019-06-06 15:00:00+00:00,0.053202683,0.076064986
2019-06-06 16:00:00+00:00,0.042333792,0.076493234
2019-06-06 17:00:00+00:00,0.038787344,0.076848367
2019-06-06 18:00:00+00:00,0.024946042,0.075741
2019-06-06 19:00:00+00:00,0.019134183,0.074645867
2019-06-06 20:00:00+00:00,0.046693302,0.074823998
2019-06-06 21:00:00+00:00,0.061567246,0.081041359
2019-06-06 22:00:00+00:00,0.068911713,0.082153337
2019-06-06 23:00:00+00:00,0.077530806,0.083444104
2019-06-07 00:00:00+00:00,0.066923349,0.082439776
2019-06-07 01:00:00+00:00,0.043490411,0.082165664
2019-06-07 02:00:00+00:00,0.03541084,0.081904913
2019-06-07 03:00:00+00:00,0.017554624,0.082121343
2019-06-07 04:00:00+00:00,0.029209789,0.081647268
2019-06-07 05:00:00+00:00,0.099929459,0.082002306
2019-06-07 06:00:00+00:00,0.158068866,0.079055195
2019-06-07 07:00:00+00:00,0.107755212,0.078681619
2019-06-07 08:00:00+00:00,0.056604991,0.080522681
2019-06-07 09:00:00+00:00,0.0120357,0.080425947
2019-06-07 10:00:00+00:00,0.02659863,0.079752569
2019-06-07 11:00:00+00:00,0.040457189,0.079080602
2019-06-07 12:00:00+00:00,0.018623643,0.078820887
2019-06-07 13:00:00+00:00,0.016958345,0.079899176
2019-06-07 14:00:00+00:00,0.017572813,0.080033174
2019-06-07 15:00:00+00:00,0.038216047,0.08061744
2019-06-07 16:00:00+00:00,0.136276738,0.080960339
2019-06-07 17:00:00+00:00,0.13138669,0.080954693
2019-06-07 18:00:00+00:00,0.120917455,0.075693386
2019-06-07 19:00:00+00:00,0.118244334,0.072812521
2019-06-07 20:00:00+00:00,0.089210952,0.072006368
2019-06-07 21:00:00+00:00,0.026497497,0.079284893
2019-06-07 22:00:00+00:00,0.002530187,0.080985841
2019-06-07 23:00:00+00:00,0,0.082375977
2019-06-08 00:00:00+00:00,0,0.082779288
2019-06-08 01:00:00+00:00,0,0.084568314
2019-06-08 02:00:00+00:00,0,0.08522466
2019-06-08 03:00:00+00:00,0.000376811,0.086048409
2019-06-08 04:00:00+00:00,0.003244911,0.085841202
2019-06-08 05:00:00+00:00,0.002458912,0.086134887
2019-06-08 06:00:00+00:00,0.011433669,0.084774486
2019-06-08 07:00:00+00:00,0.002061283,0.084138842
2019-06-08 08:00:00+00:00,0,0.083768654
2019-06-08 09:00:00+00:00,0,0.084621668
2019-06-08 10:00:00+00:00,0,0.084986776
2019-06-08 11:00:00+00:00,0,0.085124349
2019-06-08 12:00:00+00:00,0.000350569,0.085993737
2019-06-08 13:00:00+00:00,0.004421965,0.0858795
2019-06-08 14:00:00+00:00,0.00794628,0.085787377
2019-06-08 15:00:00+00:00,0.008521741,0.087236984
2019-06-08 16:00:00+00:00,0.008511715,0.088309251
2019-06-08 17:00:00+00:00,0.007052244,0.088378226
2019-06-08 18:00:00+00:00,0.000860342,0.087064029
2019-06-08 19:00:00+00:00,0,0.084681328
2019-06-08 20:00:00+00:00,0,0.083751528
2019-06-08 21:00:00+00:00,0,0.085102142
2019-06-08 22:00:00+00:00,0,0.088172054
2019-06-08 23:00:00+00:00,0.002698267,0.089402879
2019-06-09 00:00:00+00:00,0.020913927,0.089510905
2019-06-09 01:00:00+00:00,0.033258504,0.090179296
2019-06-09 02:00:00+00:00,0.008604959,0.090317153
2019-06-09 03:00:00+00:00,0.00025086,0.090861332
2019-06-09 04:00:00+00:00,0,0.091151253
2019-06-09 05:00:00+00:00,0,0.092309245
2019-06-09 06:00:00+00:00,0,0.088927487
2019-06-09 07:00:00+00:00,0,0.089213268
2019-06-09 08:00:00+00:00,0,0.089487475
2019-06-09 09:00:00+00:00,0,0.087966634
2019-06-09 10:00:00+00:00,0.004396874,0.087840822
2019-06-09 11:00:00+00:00,0.023421871,0.087588823
2019-06-09 12:00:00+00:00,0.004389423,0.088163679
2019-06-09 13:00:00+00:00,0.001322727,0.091396665
2019-06-09 14:00:00+00:00,0.014055566,0.093046329
2019-06-09 15:00:00+00:00,0.037047101,0.093212885
2019-06-09 16:00:00+00:00,0.041117512,0.093463567
2019-06-09 17:00:00+00:00,0.041113622,0.093768357
2019-06-09 18:00:00+00:00,0.044247429,0.092423953
2019-06-09 19:00:00+00:00,0.054323418,0.087047937
2019-06-09 20:00:00+00:00,0.029487658,0.087101951
2019-06-09 21:00:00+00:00,0.007620474,0.088291466
2019-06-09 22:00:00+00:00,0.000318793,0.090905747
2019-06-09 23:00:00+00:00,0,0.092045672
2019-06-10 00:00:00+00:00,0,0.092297953
2019-06-10 01:00:00+00:00,0,0.09256435
2019-06-10 02:00:00+00:00,0,0.092486059
2019-06-10 03:00:00+00:00,0.002223063,0.092880337
2019-06-10 04:00:00+00:00,0.014605278,0.089746814
2019-06-10 05:00:00+00:00,0.018636298,0.088252038
2019-06-10 06:00:00+00:00,0.012540818,0.08657151
2019-06-10 07:00:00+00:00,0.004138015,0.08600964
2019-06-10 08:00:00+00:00,0.004452426,0.085872066
2019-06-10 09:00:00+00:00,0.006751366,0.086047845
2019-06-10 10:00:00+00:00,0.017682383,0.085509594
2019-06-10 11:00:00+00:00,0.01817605,0.084934456
2019-06-10 12:00:00+00:00,0.00258919,0.086722917
2019-06-10 13:00:00+00:00,0,0.088058852
2019-06-10 14:00:00+00:00,0,0.087604067
2019-06-10 15:00:00+00:00,0,0.087595881
2019-06-10 16:00:00+00:00,0,0.089345666
2019-06-10 17:00:00+00:00,0,0.089410313
2019-06-10 18:00:00+00:00,0.002802632,0.089173181
2019-06-10 19:00:00+00:00,0.016139804,0.086164529
2019-06-10 20:00:00+00:00,0.022156449,0.086607268
2019-06-10 21:00:00+00:00,0.005167424,0.088513448
2019-06-10 22:00:00+00:00,0,0.088548923
2019-06-10 23:00:00+00:00,0,0.090288828
2019-06-11 00:00:00+00:00,0,0.091134221
2019-06-11 01:00:00+00:00,0,0.091405134
2019-06-11 02:00:00+00:00,0,0.091961076
2019-06-11 03:00:00+00:00,0.011350505,0.092337099
2019-06-11 04:00:00+00:00,0.061066621,0.091893795
2019-06-11 05:00:00+00:00,0.06109226,0.089820682
2019-06-11 06:00:00+00:00,0.085425259,0.086015286
2019-06-11 07:00:00+00:00,0.083499953,0.084775239
2019-06-11 08:00:00+00:00,0.098691539,0.085024321
2019-06-11 09:00:00+00:00,0.092185007,0.084175824
2019-06-11 10:00:00+00:00,0.027360031,0.083837911
2019-06-11 11:00:00+00:00,0.014941657,0.085762628
2019-06-11 12:00:00+00:00,0.01024511,0.086448804
2019-06-11 13:00:00+00:00,0.001288596,0.087560029
2019-06-11 14:00:00+00:00,0,0.087701461
2019-06-11 15:00:00+00:00,0,0.088155304
2019-06-11 16:00:00+00:00,0,0.087939157
2019-06-11 17:00:00+00:00,0.000374565,0.086992419
2019-06-11 18:00:00+00:00,0.007211504,0.085795469
2019-06-11 19:00:00+00:00,0.026082446,0.082941705
2019-06-11 20:00:00+00:00,0.038596035,0.082902465
2019-06-11 21:00:00+00:00,0.015873878,0.084620633
2019-06-11 22:00:00+00:00,0.002266672,0.087996652
2019-06-11 23:00:00+00:00,0,0.089089903
2019-06-12 00:00:00+00:00,0,0.09009216
2019-06-12 01:00:00+00:00,0,0.091727614
2019-06-12 02:00:00+00:00,0,0.091820209
2019-06-12 03:00:00+00:00,0.00738835,0.091420096
2019-06-12 04:00:00+00:00,0.043864099,0.089328634
2019-06-12 05:00:00+00:00,0.053921352,0.088120016
2019-06-12 06:00:00+00:00,0.05291698,0.085674269
2019-06-12 07:00:00+00:00,0.052905639,0.085069113
2019-06-12 08:00:00+00:00,0.036836563,0.085422928
2019-06-12 09:00:00+00:00,0.026365684,0.084379173
2019-06-12 10:00:00+00:00,0.032692521,0.084820031
2019-06-12 11:00:00+00:00,0.022574786,0.085169894
2019-06-12 12:00:00+00:00,0.003100115,0.085627031
2019-06-12 13:00:00+00:00,0,0.087080214
2019-06-12 14:00:00+00:00,0,0.087758579
2019-06-12 15:00:00+00:00,0,0.087982348
2019-06-12 16:00:00+00:00,0,0.088934262
2019-06-12 17:00:00+00:00,0,0.088709269
2019-06-12 18:00:00+00:00,0,0.087403823
2019-06-12 19:00:00+00:00,0,0.086517026
2019-06-12 20:00:00+00:00,0,0.086294575
2019-06-12 21:00:00+00:00,0,0.0884233
2019-06-12 22:00:00+00:00,0,0.090373518
2019-06-12 23:00:00+00:00,0,0.092785672
2019-06-13 00:00:00+00:00,0,0.092565855
2019-06-13 01:00:00+00:00,0,0.092477496
2019-06-13 02:00:00+00:00,0,0.092515606
2019-06-13 03:00:00+00:00,0.002677997,0.092485212
2019-06-13 04:00:00+00:00,0.016975986,0.091559928
2019-06-13 05:00:00+00:00,0.026718609,0.09060745
2019-06-13 06:00:00+00:00,0.043985503,0.087336447
2019-06-13 07:00:00+00:00,0.05643346,0.086300597
2019-06-13 08:00:00+00:00,0.050331405,0.086251759
2019-06-13 09:00:00+00:00,0.029432161,0.086216189
2019-06-13 10:00:00+00:00,0.020766172,0.085885335
2019-06-13 11:00:00+00:00,0.004057865,0.087097622
2019-06-13 12:00:00+00:00,0,0.088247616
2019-06-13 13:00:00+00:00,0,0.089064402
2019-06-13 14:00:00+00:00,0,0.088913184
2019-06-13 15:00:00+00:00,0,0.089906783
2019-06-13 16:00:00+00:00,0,0.090362226
2019-06-13 17:00:00+00:00,0,0.091471475
2019-06-13 18:00:00+00:00,0,0.090341336
2019-06-13 19:00:00+00:00,0,0.087723292
2019-06-13 20:00:00+00:00,0,0.088841385
2019-06-13 21:00:00+00:00,0.006880055,0.091622411
2019-06-13 22:00:00+00:00,0.045887033,0.091619023
2019-06-13 23:00:00+00:00,0.056331121,0.091613659
2019-06-14 00:00:00+00:00,0.014771331,0.092628808
2019-06-14 01:00:00+00:00,0.000743541,0.093187949
2019-06-14 02:00:00+00:00,0.000947451,0.091817762
2019-06-14 03:00:00+00:00,0.012601684,0.091831218
2019-06-14 04:00:00+00:00,0.048747573,0.091591452
2019-06-14 05:00:00+00:00,0.102098668,0.089807226
2019-06-14 06:00:00+00:00,0.125024078,0.086642932
2019-06-14 07:00:00+00:00,0.116145797,0.085987809
2019-06-14 08:00:00+00:00,0.077726114,0.086860867
2019-06-14 09:00:00+00:00,0.043937894,0.086883357
2019-06-14 10:00:00+00:00,0.041717352,0.086571322
2019-06-14 11:00:00+00:00,0.033213197,0.087690074
2019-06-14 12:00:00+00:00,0.014047841,0.089480605
2019-06-14 13:00:00+00:00,0.001464565,0.093123585
2019-06-14 14:00:00+00:00,0,0.093773344
2019-06-14 15:00:00+00:00,0,0.094791692
2019-06-14 16:00:00+00:00,0,0.095803641
2019-06-14 17:00:00+00:00,0,0.096238382
2019-06-14 18:00:00+00:00,0,0.095474762
2019-06-14 19:00:00+00:00,0,0.093247702
2019-06-14 20:00:00+00:00,0,0.093722059
2019-06-14 21:00:00+00:00,0,0.09567463
2019-06-14 22:00:00+00:00,0,0.097162818
2019-06-14 23:00:00+00:00,0,0.097263505
2019-06-15 00:00:00+00:00,0,0.099295684
2019-06-15 01:00:00+00:00,0,0.098694481
2019-06-15 02:00:00+00:00,0,0.099371999
2019-06-15 03:00:00+00:00,0,0.09995683
2019-06-15 04:00:00+00:00,0.005270091,0.099751504
2019-06-15 05:00:00+00:00,0.028617399,0.097833279
2019-06-15 06:00:00+00:00,0.014445854,0.096499509
2019-06-15 07:00:00+00:00,0.001505435,0.095867629
2019-06-15 08:00:00+00:00,0,0.096084341
2019-06-15 09:00:00+00:00,0,0.094980832
2019-06-15 10:00:00+00:00,0,0.094452744
2019-06-15 11:00:00+00:00,0,0.091721216
2019-06-15 12:00:00+00:00,0,0.095790938
2019-06-15 13:00:00+00:00,0,0.096211752
2019-06-15 14:00:00+00:00,0,0.097423098
2019-06-15 15:00:00+00:00,0,0.099387714
2019-06-15 16:00:00+00:00,0,0.099356755
2019-06-15 17:00:00+00:00,0,0.098556813
2019-06-15 18:00:00+00:00,0,0.096498756
2019-06-15 19:00:00+00:00,0.002278943,0.093259277
2019-06-15 20:00:00+00:00,0.013199058,0.093462909
2019-06-15 21:00:00+00:00,0.01128553,0.095834506
2019-06-15 22:00:00+00:00,0.016246744,0.09740983
2019-06-15 23:00:00+00:00,0.020107602,0.099215135
2019-06-16 00:00:00+00:00,0.003269674,0.099232637
2019-06-16 01:00:00+00:00,0,0.099534227
2019-06-16 02:00:00+00:00,0,0.099698526
2019-06-16 03:00:00+00:00,0,0.099829889
2019-06-16 04:00:00+00:00,0,0.098496965
2019-06-16 05:00:00+00:00,0,0.098113226
2019-06-16 06:00:00+00:00,0.001704414,0.09705291
2019-06-16 07:00:00+00:00,0.010851798,0.096274046
2019-06-16 08:00:00+00:00,0.002036575,0.096826318
2019-06-16 09:00:00+00:00,0,0.092588439
2019-06-16 10:00:00+00:00,0.00207854,0.085349718
2019-06-16 11:00:00+00:00,0.01186395,0.084910367
2019-06-16 12:00:00+00:00,0.002650276,0.095031176
2019-06-16 13:00:00+00:00,0,0.096639718
2019-06-16 14:00:00+00:00,0,0.097506659
2019-06-16 15:00:00+00:00,0,0.098666251
2019-06-16 16:00:00+00:00,0,0.098861132
2019-06-16 17:00:00+00:00,0,0.099222757
2019-06-16 18:00:00+00:00,0.00143038,0.095624193
2019-06-16 19:00:00+00:00,0.015489342,0.085913
2019-06-16 20:00:00+00:00,0.041550367,0.085632959
2019-06-16 21:00:00+00:00,0.03809826,0.086686124
2019-06-16 22:00:00+00:00,0.018047579,0.0971344
2019-06-16 23:00:00+00:00,0.002194794,0.098156324
2019-06-17 00:00:00+00:00,0,0.098371154
2019-06-17 01:00:00+00:00,0,0.098694857
2019-06-17 02:00:00+00:00,0,0.09764668
2019-06-17 03:00:00+00:00,0.004098241,0.097336056
2019-06-17 04:00:00+00:00,0.037508993,0.096829799
2019-06-17 05:00:00+00:00,0.099075471,0.08906252
2019-06-17 06:00:00+00:00,0.091602972,0.090127541
2019-06-17 07:00:00+00:00,0.113315937,0.082847793
2019-06-17 08:00:00+00:00,0.068606944,0.083037781
2019-06-17 09:00:00+00:00,0.027998111,0.083063282
2019-06-17 10:00:00+00:00,0.003513412,0.084643594
2019-06-17 11:00:00+00:00,0,0.091308682
2019-06-17 12:00:00+00:00,0,0.094713024
2019-06-17 13:00:00+00:00,0,0.094646778
2019-06-17 14:00:00+00:00,0,0.09634048
2019-06-17 15:00:00+00:00,0,0.094416045
2019-06-17 16:00:00+00:00,0,0.09739628
2019-06-17 17:00:00+00:00,0.00846701,0.097910347
2019-06-17 18:00:00+00:00,0.05737083,0.094201216
2019-06-17 19:00:00+00:00,0.086488744,0.092061198
2019-06-17 20:00:00+00:00,0.063276754,0.092495845
2019-06-17 21:00:00+00:00,0.013356784,0.093056492
2019-06-17 22:00:00+00:00,0.013026705,0.093547787
2019-06-17 23:00:00+00:00,0.002799619,0.093505724
2019-06-18 00:00:00+00:00,0,0.09332637
2019-06-18 01:00:00+00:00,0,0.093945735
2019-06-18 02:00:00+00:00,0,0.094405318
2019-06-18 03:00:00+00:00,0.002387144,0.094627676
2019-06-18 04:00:00+00:00,0.014619522,0.094552961
2019-06-18 05:00:00+00:00,0.023132661,0.092414637
2019-06-18 06:00:00+00:00,0.04466111,0.090608391
2019-06-18 07:00:00+00:00,0.037415037,0.090763468
2019-06-18 08:00:00+00:00,0.006348806,0.090923249
2019-06-18 09:00:00+00:00,0,0.091133562
2019-06-18 10:00:00+00:00,0,0.093156426
2019-06-18 11:00:00+00:00,0,0.093340108
2019-06-18 12:00:00+00:00,0,0.09426605
2019-06-18 13:00:00+00:00,0,0.093721307
2019-06-18 14:00:00+00:00,0,0.09353226
2019-06-18 15:00:00+00:00,0,0.094074651
2019-06-18 16:00:00+00:00,0,0.094737302
2019-06-18 17:00:00+00:00,0,0.094756028
2019-06-18 18:00:00+00:00,0,0.093239328
2019-06-18 19:00:00+00:00,0.002277026,0.090115214
2019-06-18 20:00:00+00:00,0.014424214,0.09018626
2019-06-18 21:00:00+00:00,0.01466598,0.091903487
2019-06-18 22:00:00+00:00,0.002301405,0.094164705
2019-06-18 23:00:00+00:00,0,0.094778047
2019-06-19 00:00:00+00:00,0,0.095768636
2019-06-19 01:00:00+00:00,0,0.09579282
2019-06-19 02:00:00+00:00,0,0.095860195
2019-06-19 03:00:00+00:00,0.002015318,0.095851444
2019-06-19 04:00:00+00:00,0.013721597,0.095086412
2019-06-19 05:00:00+00:00,0.021843736,0.093774191
2019-06-19 06:00:00+00:00,0.047752569,0.091596345
2019-06-19 07:00:00+00:00,0.126758843,0.09089342
2019-06-19 08:00:00+00:00,0.14714793,0.091741729
2019-06-19 09:00:00+00:00,0.151246993,0.090423203
2019-06-19 10:00:00+00:00,0.165910397,0.088610747
2019-06-19 11:00:00+00:00,0.202352399,0.089104488
2019-06-19 12:00:00+00:00,0.173038848,0.091332772
2019-06-19 13:00:00+00:00,0.096593495,0.09327772
2019-06-19 14:00:00+00:00,0.076980656,0.093184185
2019-06-19 15:00:00+00:00,0.075445254,0.093311408
2019-06-19 16:00:00+00:00,0.064698204,0.093660236
2019-06-19 17:00:00+00:00,0.015976216,0.093646309
2019-06-19 18:00:00+00:00,0.032485708,0.090732791
2019-06-19 19:00:00+00:00,0.143137783,0.087984136
2019-06-19 20:00:00+00:00,0.143992263,0.088184757
2019-06-19 21:00:00+00:00,0.053372461,0.090111262
2019-06-19 22:00:00+00:00,0.022122153,0.091642454
2019-06-19 23:00:00+00:00,0.020385142,0.093064396
2019-06-20 00:00:00+00:00,0.017370492,0.094624476
2019-06-20 01:00:00+00:00,0.017244323,0.094519085
2019-06-20 02:00:00+00:00,0.002991476,0.094739278
2019-06-20 03:00:00+00:00,0.001934072,0.094339354
2019-06-20 04:00:00+00:00,0.013460054,0.093184185
2019-06-20 05:00:00+00:00,0.022634392,0.091611777
2019-06-20 06:00:00+00:00,0.014227262,0.089884388
2019-06-20 07:00:00+00:00,0.00180215,0.079880544
2019-06-20 08:00:00+00:00,0.000386015,0.079567474
2019-06-20 09:00:00+00:00,0.020792633,0.07938078
2019-06-20 10:00:00+00:00,0.108688528,0.078902659
2019-06-20 11:00:00+00:00,0.130541084,0.078667974
2019-06-20 12:00:00+00:00,0.050989865,0.08125506
2019-06-20 13:00:00+00:00,0.00553777,0.091428942
2019-06-20 14:00:00+00:00,0,0.092861329
2019-06-20 15:00:00+00:00,0,0.094655906
2019-06-20 16:00:00+00:00,0.005946411,0.093239704
2019-06-20 17:00:00+00:00,0.030852241,0.09371519
2019-06-20 18:00:00+00:00,0.037304262,0.093312631
2019-06-20 19:00:00+00:00,0.029190395,0.091809952
2019-06-20 20:00:00+00:00,0.004454288,0.090756975
2019-06-20 21:00:00+00:00,0,0.091422072
2019-06-20 22:00:00+00:00,0,0.091794613
2019-06-20 23:00:00+00:00,0,0.092981024
2019-06-21 00:00:00+00:00,0,0.092769581
2019-06-21 01:00:00+00:00,0,0.091230109
2019-06-21 02:00:00+00:00,0,0.090600016
2019-06-21 03:00:00+00:00,0.00219945,0.091333148
2019-06-21 04:00:00+00:00,0.016668478,0.090639632
2019-06-21 05:00:00+00:00,0.049779337,0.088268882
2019-06-21 06:00:00+00:00,0.143593703,0.077915741
2019-06-21 07:00:00+00:00,0.211559718,0.075923648
2019-06-21 08:00:00+00:00,0.251493163,0.076053035
2019-06-21 09:00:00+00:00,0.236665349,0.08226748
2019-06-21 10:00:00+00:00,0.213253449,0.081631742
2019-06-21 11:00:00+00:00,0.173241114,0.081569542
2019-06-21 12:00:00+00:00,0.15199656,0.085693465
2019-06-21 13:00:00+00:00,0.101519646,0.087210542
2019-06-21 14:00:00+00:00,0.023883708,0.088084164
2019-06-21 15:00:00+00:00,0.003300847,0.089556262
2019-06-21 16:00:00+00:00,0.001951987,0.089379919
2019-06-21 17:00:00+00:00,0.010878698,0.089628718
2019-06-21 18:00:00+00:00,0.062883563,0.089447482
2019-06-21 19:00:00+00:00,0.102573489,0.088739758
2019-06-21 20:00:00+00:00,0.070323301,0.088037491
2019-06-21 21:00:00+00:00,0.03148424,0.089034949
2019-06-21 22:00:00+00:00,0.00431623,0.091466676
2019-06-21 23:00:00+00:00,0,0.091270289
2019-06-22 00:00:00+00:00,0,0.092537061
2019-06-22 01:00:00+00:00,0,0.093370973
2019-06-22 02:00:00+00:00,0,0.093493867
2019-06-22 03:00:00+00:00,0.000694454,0.094397225
2019-06-22 04:00:00+00:00,0.004700711,0.094027884
2019-06-22 05:00:00+00:00,0.010975338,0.094472035
2019-06-22 06:00:00+00:00,0.044328511,0.093710203
2019-06-22 07:00:00+00:00,0.061185997,0.092996644
2019-06-22 08:00:00+00:00,0.063290889,0.091200467
2019-06-22 09:00:00+00:00,0.029764212,0.091188422
2019-06-22 10:00:00+00:00,0.004859533,0.091366742
2019-06-22 11:00:00+00:00,0.006387977,0.091160945
2019-06-22 12:00:00+00:00,0.006465334,0.093868573
2019-06-22 13:00:00+00:00,0.000840784,0.093917787
2019-06-22 14:00:00+00:00,0,0.095094693
2019-06-22 15:00:00+00:00,0,0.09514786
2019-06-22 16:00:00+00:00,0,0.094870736
2019-06-22 17:00:00+00:00,0,0.095038139
2019-06-22 18:00:00+00:00,0.005840018,0.093169129
2019-06-22 19:00:00+00:00,0.039112,0.091003422
2019-06-22 20:00:00+00:00,0.05082184,0.085639734
2019-06-22 21:00:00+00:00,0.027147849,0.092304917
2019-06-22 22:00:00+00:00,0.013258171,0.093724224
2019-06-22 23:00:00+00:00,0.001694169,0.095450484
2019-06-23 00:00:00+00:00,0,0.095834976
2019-06-23 01:00:00+00:00,0.008785749,0.096387436
2019-06-23 02:00:00+00:00,0.051585815,0.095883061
2019-06-23 03:00:00+00:00,0.052019548,0.095646588
2019-06-23 04:00:00+00:00,0.022366878,0.095418867
2019-06-23 05:00:00+00:00,0.008825523,0.095386873
2019-06-23 06:00:00+00:00,0.007908916,0.095468363
2019-06-23 07:00:00+00:00,0.007198082,0.094783223
2019-06-23 08:00:00+00:00,0.013928848,0.094597282
2019-06-23 09:00:00+00:00,0.016751916,0.093838367
2019-06-23 10:00:00+00:00,0.012994601,0.093271698
2019-06-23 11:00:00+00:00,0.00182779,0.092736552
2019-06-23 12:00:00+00:00,0.000772741,0.094428467
2019-06-23 13:00:00+00:00,0.006438818,0.095433641
2019-06-23 14:00:00+00:00,0.008303039,0.095866782
2019-06-23 15:00:00+00:00,0.009334475,0.096098079
2019-06-23 16:00:00+00:00,0.037742432,0.08576978
2019-06-23 17:00:00+00:00,0.166193745,0.085088497
2019-06-23 18:00:00+00:00,0.222505801,0.084877243
2019-06-23 19:00:00+00:00,0.146337277,0.083324785
2019-06-23 20:00:00+00:00,0.098226086,0.085504607
2019-06-23 21:00:00+00:00,0.043931539,0.093001067
2019-06-23 22:00:00+00:00,0.012204657,0.093904613
2019-06-23 23:00:00+00:00,0.001119311,0.09406223
2019-06-24 00:00:00+00:00,0,0.094076439
2019-06-24 01:00:00+00:00,0,0.094402119
2019-06-24 02:00:00+00:00,0,0.094531882
2019-06-24 03:00:00+00:00,0.002398484,0.094664281
2019-06-24 04:00:00+00:00,0.015032217,0.094111633
2019-06-24 05:00:00+00:00,0.016686338,0.094991654
2019-06-24 06:00:00+00:00,0.027803186,0.092621468
2019-06-24 07:00:00+00:00,0.060562326,0.090659299
2019-06-24 08:00:00+00:00,0.047470591,0.090528312
2019-06-24 09:00:00+00:00,0.038157646,0.090484462
2019-06-24 10:00:00+00:00,0.024786125,0.090262763
2019-06-24 11:00:00+00:00,0.00923767,0.090679249
2019-06-24 12:00:00+00:00,0.00300698,0.092823312
2019-06-24 13:00:00+00:00,0.011413015,0.092542236
2019-06-24 14:00:00+00:00,0.012632144,0.092886359
2019-06-24 15:00:00+00:00,0.012087965,0.092726295
2019-06-24 16:00:00+00:00,0.009854548,0.083596733
2019-06-24 17:00:00+00:00,0.00152187,0.083238025
2019-06-24 18:00:00+00:00,0,0.082044746
2019-06-24 19:00:00+00:00,0.008266662,0.079381439
2019-06-24 20:00:00+00:00,0.053216544,0.079850432
2019-06-24 21:00:00+00:00,0.071853006,0.081246215
2019-06-24 22:00:00+00:00,0.06779169,0.091887866
2019-06-24 23:00:00+00:00,0.025197067,0.093015182
2019-06-25 00:00:00+00:00,0.023474574,0.093772497
2019-06-25 01:00:00+00:00,0.023887104,0.094734291
2019-06-25 02:00:00+00:00,0.026202206,0.094567358
2019-06-25 03:00:00+00:00,0.031660045,0.094391297
2019-06-25 04:00:00+00:00,0.082869926,0.093633606
2019-06-25 05:00:00+00:00,0.162696933,0.094312724
2019-06-25 06:00:00+00:00,0.233110958,0.090850698
2019-06-25 07:00:00+00:00,0.236181269,0.090110321
2019-06-25 08:00:00+00:00,0.210349245,0.089914688
2019-06-25 09:00:00+00:00,0.175772396,0.090120484
2019-06-25 10:00:00+00:00,0.127109959,0.090655535
2019-06-25 11:00:00+00:00,0.14960202,0.091757256
2019-06-25 12:00:00+00:00,0.113226473,0.093578745
2019-06-25 13:00:00+00:00,0.080458841,0.093495467
2019-06-25 14:00:00+00:00,0.035769791,0.094389792
2019-06-25 15:00:00+00:00,0.046718394,0.0946879
2019-06-25 16:00:00+00:00,0.083382768,0.095338412
2019-06-25 17:00:00+00:00,0.071121134,0.094160282
2019-06-25 18:00:00+00:00,0.06444192,0.093523603
2019-06-25 19:00:00+00:00,0.049661002,0.09232336
2019-06-25 20:00:00+00:00,0.033719136,0.093285154
2019-06-25 21:00:00+00:00,0.014859316,0.09424723
2019-06-25 22:00:00+00:00,0.010104367,0.096210999
2019-06-25 23:00:00+00:00,0.001442213,0.096505625
2019-06-26 00:00:00+00:00,0,0.097175428
2019-06-26 01:00:00+00:00,0,0.098217771
2019-06-26 02:00:00+00:00,0,0.098658911
2019-06-26 03:00:00+00:00,0.001666448,0.098100335
2019-06-26 04:00:00+00:00,0.011438435,0.09761525
2019-06-26 05:00:00+00:00,0.028614605,0.096890964
2019-06-26 06:00:00+00:00,0.082930244,0.09408679
2019-06-26 07:00:00+00:00,0.142486006,0.092912048
2019-06-26 08:00:00+00:00,0.06676387,0.092918259
2019-06-26 09:00:00+00:00,0.103864112,0.094777953
2019-06-26 10:00:00+00:00,0.176576091,0.094895672
2019-06-26 11:00:00+00:00,0.178804797,0.094949027
2019-06-26 12:00:00+00:00,0.095268357,0.095803641
2019-06-26 13:00:00+00:00,0.035587466,0.097023268
2019-06-26 14:00:00+00:00,0.012343537,0.097090644
2019-06-26 15:00:00+00:00,0.017682712,0.096388283
2019-06-26 16:00:00+00:00,0.077832014,0.097201776
2019-06-26 17:00:00+00:00,0.157605002,0.095612336
2019-06-26 18:00:00+00:00,0.146577892,0.093583733
2019-06-26 19:00:00+00:00,0.147191758,0.093249302
2019-06-26 20:00:00+00:00,0.149980803,0.094236315
2019-06-26 21:00:00+00:00,0.123917861,0.095103068
2019-06-26 22:00:00+00:00,0.026432631,0.097249861
2019-06-26 23:00:00+00:00,0.00099736,0.097207422
2019-06-27 00:00:00+00:00,0,0.098215795
2019-06-27 01:00:00+00:00,0,0.098280442
2019-06-27 02:00:00+00:00,0,0.098286464
2019-06-27 03:00:00+00:00,0,0.097816436
2019-06-27 04:00:00+00:00,0.00251167,0.097488874
2019-06-27 05:00:00+00:00,0.016645633,0.098563023
2019-06-27 06:00:00+00:00,0.027552161,0.096842032
2019-06-27 07:00:00+00:00,0.049935967,0.096295124
2019-06-27 08:00:00+00:00,0.049046644,0.095707659
2019-06-27 09:00:00+00:00,0.048492658,0.096402022
2019-06-27 10:00:00+00:00,0.055486338,0.096963327
2019-06-27 11:00:00+00:00,0.041566803,0.097101183
2019-06-27 12:00:00+00:00,0.03886103,0.097069095
2019-06-27 13:00:00+00:00,0.031190702,0.097003225
2019-06-27 14:00:00+00:00,0.038644356,0.096464786
2019-06-27 15:00:00+00:00,0.055541451,0.096898868
2019-06-27 16:00:00+00:00,0.095608627,0.097293241
2019-06-27 17:00:00+00:00,0.040935407,0.096662584
2019-06-27 18:00:00+00:00,0.004939957,0.094417363
2019-06-27 19:00:00+00:00,0.001104683,0.093359399
2019-06-27 20:00:00+00:00,0.006658505,0.093353941
2019-06-27 21:00:00+00:00,0.007900479,0.094344624
2019-06-27 22:00:00+00:00,0.00850536,0.094826132
2019-06-27 23:00:00+00:00,0.001840171,0.096296536
2019-06-28 00:00:00+00:00,0,0.096819731
2019-06-28 01:00:00+00:00,0,0.096418489
2019-06-28 02:00:00+00:00,0,0.09676807
2019-06-28 03:00:00+00:00,0.000931672,0.097303215
2019-06-28 04:00:00+00:00,0.00574535,0.096825188
2019-06-28 05:00:00+00:00,0.009099995,0.096869886
2019-06-28 06:00:00+00:00,0.020066075,0.093936983
2019-06-28 07:00:00+00:00,0.03053164,0.092564444
2019-06-28 08:00:00+00:00,0.015681089,0.091109661
2019-06-28 09:00:00+00:00,0.009105693,0.091617612
2019-06-28 10:00:00+00:00,0.010458333,0.091593993
2019-06-28 11:00:00+00:00,0.006953577,0.091341052
2019-06-28 12:00:00+00:00,0.001092411,0.091143443
2019-06-28 13:00:00+00:00,0.003076119,0.092899157
2019-06-28 14:00:00+00:00,0.029385046,0.083513173
2019-06-28 15:00:00+00:00,0.080634208,0.083916767
2019-06-28 16:00:00+00:00,0.09371137,0.083331466
2019-06-28 17:00:00+00:00,0.101198442,0.092995233
2019-06-28 18:00:00+00:00,0.087885431,0.093158966
2019-06-28 19:00:00+00:00,0.081118287,0.093042941
2019-06-28 20:00:00+00:00,0.073870406,0.094399296
2019-06-28 21:00:00+00:00,0.048859444,0.096279786
2019-06-28 22:00:00+00:00,0.05091218,0.098266233
2019-06-28 23:00:00+00:00,0.036060973,0.0993082
2019-06-29 00:00:00+00:00,0.005360212,0.099604049
2019-06-29 01:00:00+00:00,0,0.099656557
2019-06-29 02:00:00+00:00,0,0.100087911
2019-06-29 03:00:00+00:00,0,0.099490095
2019-06-29 04:00:00+00:00,0,0.099073797
2019-06-29 05:00:00+00:00,0.006780621,0.099558411
2019-06-29 06:00:00+00:00,0.040589768,0.098129412
2019-06-29 07:00:00+00:00,0.045909878,0.097119344
2019-06-29 08:00:00+00:00,0.024689156,0.096589186
2019-06-29 09:00:00+00:00,0.003470844,0.096264165
2019-06-29 10:00:00+00:00,0.002224268,0.095457166
2019-06-29 11:00:00+00:00,0.012095909,0.09519124
2019-06-29 12:00:00+00:00,0.002194301,0.097659007
2019-06-29 13:00:00+00:00,0,0.098066553
2019-06-29 14:00:00+00:00,0,0.097565283
2019-06-29 15:00:00+00:00,0.001783578,0.098269997
2019-06-29 16:00:00+00:00,0.01588478,0.097843066
2019-06-29 17:00:00+00:00,0.035044383,0.097463185
2019-06-29 18:00:00+00:00,0.038483945,0.096526045
2019-06-29 19:00:00+00:00,0.033108503,0.095435523
2019-06-29 20:00:00+00:00,0.010679335,0.095462717
2019-06-29 21:00:00+00:00,0.02581515,0.095797336
2019-06-29 22:00:00+00:00,0.005091821,0.097327775
2019-06-29 23:00:00+00:00,0,0.098136375
2019-06-30 00:00:00+00:00,0,0.099229156
2019-06-30 01:00:00+00:00,0,0.099544108
2019-06-30 02:00:00+00:00,0,0.099792061
2019-06-30 03:00:00+00:00,0,0.099786509
2019-06-30 04:00:00+00:00,0,0.09955013
2019-06-30 05:00:00+00:00,0,0.099683093
2019-06-30 06:00:00+00:00,0,0.098344053
2019-06-30 07:00:00+00:00,0,0.098300861
2019-06-30 08:00:00+00:00,0,0.097437778
2019-06-30 09:00:00+00:00,0,0.096861323
2019-06-30 10:00:00+00:00,0,0.096843914
2019-06-30 11:00:00+00:00,0,0.096906867
2019-06-30 12:00:00+00:00,0,0.09778143
2019-06-30 13:00:00+00:00,0,0.097975088
2019-06-30 14:00:00+00:00,0,0.098802413
2019-06-30 15:00:00+00:00,0,0.099546743
2019-06-30 16:00:00+00:00,0,0.099119341
2019-06-30 17:00:00+00:00,0.003214286,0.098675567
2019-06-30 18:00:00+00:00,0.037321574,0.097730711
2019-06-30 19:00:00+00:00,0.11549939,0.096139671
2019-06-30 20:00:00+00:00,0.106946641,0.095303783
2019-06-30 21:00:00+00:00,0.067045848,0.096447942
2019-06-30 22:00:00+00:00,0.023853193,0.097972171
2019-06-30 23:00:00+00:00,0.002565195,0.100830358
2019-07-01 00:00:00+00:00,0.000440361,0.013491264
2019-07-01 01:00:00+00:00,0.009856959,0.013489665
2019-07-01 02:00:00+00:00,0.034690254,0.013597785
2019-07-01 03:00:00+00:00,0.027062713,0.013775069
2019-07-01 04:00:00+00:00,0.004043511,0.013173019
2019-07-01 05:00:00+00:00,0.006367762,0.012736866
2019-07-01 06:00:00+00:00,0.035884894,0.010777991
2019-07-01 07:00:00+00:00,0.021275671,0.009306741
2019-07-01 08:00:00+00:00,0.004012558,0.00796676
2019-07-01 09:00:00+00:00,0.010419764,0.00789976
2019-07-01 10:00:00+00:00,0.025625759,0.006120051
2019-07-01 11:00:00+00:00,0.035711664,0.006263083
2019-07-01 12:00:00+00:00,0.020736862,0
2019-07-01 13:00:00+00:00,0.002701938,0.006878495
2019-07-01 14:00:00+00:00,0,0.008395478
2019-07-01 15:00:00+00:00,0,0.001720415
2019-07-01 16:00:00+00:00,0,0.009280016
2019-07-01 17:00:00+00:00,0,0.012158341
2019-07-01 18:00:00+00:00,0,0.011520721
2019-07-01 19:00:00+00:00,0,0.013208118
2019-07-01 20:00:00+00:00,0,0.013686427
2019-07-01 21:00:00+00:00,0,0.013810639
2019-07-01 22:00:00+00:00,0,0.016132363
2019-07-01 23:00:00+00:00,0,0.017923741
2019-07-02 00:00:00+00:00,0,0.018060562
2019-07-02 01:00:00+00:00,0.004219425,0.018828981
2019-07-02 02:00:00+00:00,0.028900418,0.019057361
2019-07-02 03:00:00+00:00,0.039011963,0.01863203
2019-07-02 04:00:00+00:00,0.039601668,0.017150241
2019-07-02 05:00:00+00:00,0.031076914,0.01717593
2019-07-02 06:00:00+00:00,0.004781848,0.013230514
2019-07-02 07:00:00+00:00,0.000612605,0.007019739
2019-07-02 08:00:00+00:00,0.01379479,0.002614646
2019-07-02 09:00:00+00:00,0.048267383,0
2019-07-02 10:00:00+00:00,0.013748332,0.004096435
2019-07-02 11:00:00+00:00,0.000533824,0.004075357
2019-07-02 12:00:00+00:00,0,0
2019-07-02 13:00:00+00:00,0.010572669,0.00040697
2019-07-02 14:00:00+00:00,0.057213487,0.00046663
2019-07-02 15:00:00+00:00,0.063651319,0.000656052
2019-07-02 16:00:00+00:00,0.060744979,0.002334416
2019-07-02 17:00:00+00:00,0.014599799,0.003142075
2019-07-02 18:00:00+00:00,0.000583898,0.001787038
2019-07-02 19:00:00+00:00,0,0.005996874
2019-07-02 20:00:00+00:00,0,0.001304965
2019-07-02 21:00:00+00:00,0,0.01029093
2019-07-02 22:00:00+00:00,0,0.013948401
2019-07-02 23:00:00+00:00,0,0.015415982
2019-07-03 00:00:00+00:00,0.001967162,0.015407324
2019-07-03 01:00:00+00:00,0.016932596,0.015807437
2019-07-03 02:00:00+00:00,0.036915015,0.015448916
2019-07-03 03:00:00+00:00,0.037169162,0.015696869
2019-07-03 04:00:00+00:00,0.018097817,0.014618956
2019-07-03 05:00:00+00:00,0.002223885,0.014400551
2019-07-03 06:00:00+00:00,0,0.009543307
2019-07-03 07:00:00+00:00,0,0.00150982
2019-07-03 08:00:00+00:00,0,0.002275416
2019-07-03 09:00:00+00:00,0.009877174,0.000129282
2019-07-03 10:00:00+00:00,0.059547216,0
2019-07-03 11:00:00+00:00,0.073725116,0
2019-07-03 12:00:00+00:00,0.074269021,0.002183668
2019-07-03 13:00:00+00:00,0.062339494,0.004563358
2019-07-03 14:00:00+00:00,0.011892219,0.004208696
2019-07-03 15:00:00+00:00,6.25096E-05,0.004839071
2019-07-03 16:00:00+00:00,0,0.0077237
2019-07-03 17:00:00+00:00,0,0.007819964
2019-07-03 18:00:00+00:00,0,0.007245014
2019-07-03 19:00:00+00:00,0,0.00669246
2019-07-03 20:00:00+00:00,0,0.007430767
2019-07-03 21:00:00+00:00,0,0.009135667
2019-07-03 22:00:00+00:00,0,0.011487597
2019-07-03 23:00:00+00:00,0,0.012257804
2019-07-04 00:00:00+00:00,0,0.012861925
2019-07-04 01:00:00+00:00,0,0.01340808
2019-07-04 02:00:00+00:00,0,0.013532386
2019-07-04 03:00:00+00:00,0,0.013396318
2019-07-04 04:00:00+00:00,0,0.012197016
2019-07-04 05:00:00+00:00,0,0.012630157
2019-07-04 06:00:00+00:00,0,0.009773664
2019-07-04 07:00:00+00:00,0,0.004727656
2019-07-04 08:00:00+00:00,0,0.002144617
2019-07-04 09:00:00+00:00,0,0
2019-07-04 10:00:00+00:00,0.006509819,0
2019-07-04 11:00:00+00:00,0.042408354,0
2019-07-04 12:00:00+00:00,0.059085872,0.000909934
2019-07-04 13:00:00+00:00,0.061950137,0.002945312
2019-07-04 14:00:00+00:00,0.04216867,0.003773108
2019-07-04 15:00:00+00:00,0.036078011,0.003863914
2019-07-04 16:00:00+00:00,0.005902692,0.004458343
2019-07-04 17:00:00+00:00,0,0.007152232
2019-07-04 18:00:00+00:00,0,0.005321614
2019-07-04 19:00:00+00:00,0,0.004907105
2019-07-04 20:00:00+00:00,0,0.005217634
2019-07-04 21:00:00+00:00,0,0.007638822
2019-07-04 22:00:00+00:00,0,0.010519687
2019-07-04 23:00:00+00:00,0,0.012128793
2019-07-05 00:00:00+00:00,0,0.013344939
2019-07-05 01:00:00+00:00,0,0.013386908
2019-07-05 02:00:00+00:00,0,0.012936076
2019-07-05 03:00:00+00:00,0,0.010297047
2019-07-05 04:00:00+00:00,0,0.010507172
2019-07-05 05:00:00+00:00,0,0.009946243
2019-07-05 06:00:00+00:00,0,0.002602036
2019-07-05 07:00:00+00:00,0,0
2019-07-05 08:00:00+00:00,0,0
2019-07-05 09:00:00+00:00,0,0
2019-07-05 10:00:00+00:00,0,0
2019-07-05 11:00:00+00:00,0,0
2019-07-05 12:00:00+00:00,0,0.001758431
2019-07-05 13:00:00+00:00,0,0.004908704
2019-07-05 14:00:00+00:00,0,0.005731042
2019-07-05 15:00:00+00:00,0,0.006362923
2019-07-05 16:00:00+00:00,0,0.006895622
2019-07-05 17:00:00+00:00,0.000482272,0.006287172
2019-07-05 18:00:00+00:00,0,0.005803499
2019-07-05 19:00:00+00:00,0,0.005645976
2019-07-05 20:00:00+00:00,0,0.006032444
2019-07-05 21:00:00+00:00,0,0.008021337
2019-07-05 22:00:00+00:00,0,0.009198055
2019-07-05 23:00:00+00:00,0,0.010176881
2019-07-06 00:00:00+00:00,0,0.010545376
2019-07-06 01:00:00+00:00,0,0.011430102
2019-07-06 02:00:00+00:00,0,0.012071675
2019-07-06 03:00:00+00:00,0,0.012232585
2019-07-06 04:00:00+00:00,0,0.012641073
2019-07-06 05:00:00+00:00,2.01609E-05,0.012721904
2019-07-06 06:00:00+00:00,0.010698729,0.011583861
2019-07-06 07:00:00+00:00,0.046298303,0.008584525
2019-07-06 08:00:00+00:00,0.019892571,0.007856192
2019-07-06 09:00:00+00:00,0.054036071,0.007076858
2019-07-06 10:00:00+00:00,0.03198722,0.006833986
2019-07-06 11:00:00+00:00,0.004087777,0.008071869
2019-07-06 12:00:00+00:00,0,0.009473768
2019-07-06 13:00:00+00:00,0,0.011926949
2019-07-06 14:00:00+00:00,0,0.013802641
2019-07-06 15:00:00+00:00,0,0.014651515
2019-07-06 16:00:00+00:00,0,0.014500861
2019-07-06 17:00:00+00:00,0,0.014249897
2019-07-06 18:00:00+00:00,0,0.011790975
2019-07-06 19:00:00+00:00,0,0.009449208
2019-07-06 20:00:00+00:00,0,0.009124563
2019-07-06 21:00:00+00:00,0,0.008440364
2019-07-06 22:00:00+00:00,0,0.010179987
2019-07-06 23:00:00+00:00,0,0.01194304
2019-07-07 00:00:00+00:00,0,0.011876041
2019-07-07 01:00:00+00:00,0,0.01357172
2019-07-07 02:00:00+00:00,0,0.01448063
2019-07-07 03:00:00+00:00,0,0.015121261
2019-07-07 04:00:00+00:00,0,0.016487496
2019-07-07 05:00:00+00:00,0,0.016876881
2019-07-07 06:00:00+00:00,0,0.014331105
2019-07-07 07:00:00+00:00,0,0.010897403
2019-07-07 08:00:00+00:00,0,0.010379855
2019-07-07 09:00:00+00:00,0,0.009929681
2019-07-07 10:00:00+00:00,0,0.009474521
2019-07-07 11:00:00+00:00,0,0.008757668
2019-07-07 12:00:00+00:00,0,0.009322738
2019-07-07 13:00:00+00:00,0,0.009982942
2019-07-07 14:00:00+00:00,0,0.012319063
2019-07-07 15:00:00+00:00,0,0.014800381
2019-07-07 16:00:00+00:00,0,0.015227688
2019-07-07 17:00:00+00:00,0,0.015599194
2019-07-07 18:00:00+00:00,0,0.015302121
2019-07-07 19:00:00+00:00,0,0.014116652
2019-07-07 20:00:00+00:00,0,0.013144318
2019-07-07 21:00:00+00:00,0,0.014006084
2019-07-07 22:00:00+00:00,0,0.015791816
2019-07-07 23:00:00+00:00,0,0.016823809
2019-07-08 00:00:00+00:00,0,0.016886667
2019-07-08 01:00:00+00:00,0,0.016835383
2019-07-08 02:00:00+00:00,0,0.016878669
2019-07-08 03:00:00+00:00,0,0.016666944
2019-07-08 04:00:00+00:00,0.001005961,0.015199834
2019-07-08 05:00:00+00:00,0.019361376,0.014156738
2019-07-08 06:00:00+00:00,0.081257003,0.009466898
2019-07-08 07:00:00+00:00,0.098964477,0.008990848
2019-07-08 08:00:00+00:00,0.063563827,0.007212361
2019-07-08 09:00:00+00:00,0.051182598,0.006634024
2019-07-08 10:00:00+00:00,0.008371082,0.005639672
2019-07-08 11:00:00+00:00,0,0.005164656
2019-07-08 12:00:00+00:00,0,0.005891765
2019-07-08 13:00:00+00:00,0,0.007078081
2019-07-08 14:00:00+00:00,0,0.008093418
2019-07-08 15:00:00+00:00,0.003694202,0.011429256
2019-07-08 16:00:00+00:00,0.031135862,0.012388697
2019-07-08 17:00:00+00:00,0.056260942,0.011785423
2019-07-08 18:00:00+00:00,0.012853201,0.012834448
2019-07-08 19:00:00+00:00,0,0.009372422
2019-07-08 20:00:00+00:00,0,0.00827823
2019-07-08 21:00:00+00:00,0,0.010076289
2019-07-08 22:00:00+00:00,0,0.010121551
2019-07-08 23:00:00+00:00,0,0.01266695
2019-07-09 00:00:00+00:00,0,0.01291575
2019-07-09 01:00:00+00:00,0,0.012911233
2019-07-09 02:00:00+00:00,0,0.011993007
2019-07-09 03:00:00+00:00,0,0.010833133
2019-07-09 04:00:00+00:00,0,0.011763216
2019-07-09 05:00:00+00:00,0,0.010852518
2019-07-09 06:00:00+00:00,0,0.007234851
2019-07-09 07:00:00+00:00,0,0.004772071
2019-07-09 08:00:00+00:00,0,0.002181316
2019-07-09 09:00:00+00:00,0,0.001912096
2019-07-09 10:00:00+00:00,0.002354108,0.001713075
2019-07-09 11:00:00+00:00,0.015662079,0.001249634
2019-07-09 12:00:00+00:00,0.013540697,0.002997538
2019-07-09 13:00:00+00:00,0.001641302,0.005155999
2019-07-09 14:00:00+00:00,0,0.005568626
2019-07-09 15:00:00+00:00,0,0.006551216
2019-07-09 16:00:00+00:00,0,0.005376569
2019-07-09 17:00:00+00:00,0,0.006424558
2019-07-09 18:00:00+00:00,0,0.006639858
2019-07-09 19:00:00+00:00,0,0.005516683
2019-07-09 20:00:00+00:00,0,0.008189964
2019-07-09 21:00:00+00:00,0,0.009803587
2019-07-09 22:00:00+00:00,0,0.011549703
2019-07-09 23:00:00+00:00,0,0.011560337
2019-07-10 00:00:00+00:00,0,0.014784195
2019-07-10 01:00:00+00:00,0,0.013652363
2019-07-10 02:00:00+00:00,0,0.013716445
2019-07-10 03:00:00+00:00,0,0.014798781
2019-07-10 04:00:00+00:00,0.004979183,0.013533703
2019-07-10 05:00:00+00:00,0.031826262,0.012103386
2019-07-10 06:00:00+00:00,0.037115582,0.010379949
2019-07-10 07:00:00+00:00,0.006469881,0.009457206
2019-07-10 08:00:00+00:00,0,0.008586877
2019-07-10 09:00:00+00:00,0,0.004699521
2019-07-10 10:00:00+00:00,0.0024771,0.0033825
2019-07-10 11:00:00+00:00,0.014297715,0.002231283
2019-07-10 12:00:00+00:00,0.003520918,0.00383145
2019-07-10 13:00:00+00:00,0.007349836,0.002763511
2019-07-10 14:00:00+00:00,0.047873424,0.004614737
2019-07-10 15:00:00+00:00,0.070274104,0.006568248
2019-07-10 16:00:00+00:00,0.06904117,0.008498894
2019-07-10 17:00:00+00:00,0.044760161,0.009818832
2019-07-10 18:00:00+00:00,0.022276811,0.008095112
2019-07-10 19:00:00+00:00,0.056536181,0.00795001
2019-07-10 20:00:00+00:00,0.115922713,0.011178291
2019-07-10 21:00:00+00:00,0.054744331,0.012534269
2019-07-10 22:00:00+00:00,0.006936374,0.014112793
2019-07-10 23:00:00+00:00,0,0.015353405
2019-07-11 00:00:00+00:00,0,0.015079292
2019-07-11 01:00:00+00:00,0,0.016698468
2019-07-11 02:00:00+00:00,0.001094658,0.015351335
2019-07-11 03:00:00+00:00,0.012225749,0.014871991
2019-07-11 04:00:00+00:00,0.043375637,0.014686426
2019-07-11 05:00:00+00:00,0.109962825,0.013733007
2019-07-11 06:00:00+00:00,0.159052201,0.010241152
2019-07-11 07:00:00+00:00,0.150339973,0.007258564
2019-07-11 08:00:00+00:00,0.146186564,0.005055876
2019-07-11 09:00:00+00:00,0.146612462,0.005495793
2019-07-11 10:00:00+00:00,0.143797338,0.004823168
2019-07-11 11:00:00+00:00,0.115647364,0.004408376
2019-07-11 12:00:00+00:00,0.046455974,0.00549457
2019-07-11 13:00:00+00:00,0.045624942,0.003322182
2019-07-11 14:00:00+00:00,0.046492077,0.003950204
2019-07-11 15:00:00+00:00,0.050228628,0.00867072
2019-07-11 16:00:00+00:00,0.066116969,0.009311916
2019-07-11 17:00:00+00:00,0.078008257,0.009279075
2019-07-11 18:00:00+00:00,0.074853631,0.009775828
2019-07-11 19:00:00+00:00,0.071929321,0.010885359
2019-07-11 20:00:00+00:00,0.088016422,0.014242745
2019-07-11 21:00:00+00:00,0.078420568,0.014888176
2019-07-11 22:00:00+00:00,0.060620672,0.016160217
2019-07-11 23:00:00+00:00,0.033331478,0.016637961
2019-07-12 00:00:00+00:00,0.008219766,0.017439503
2019-07-12 01:00:00+00:00,0.000525552,0.017882619
2019-07-12 02:00:00+00:00,0.000537769,0.01721931
2019-07-12 03:00:00+00:00,0.000265488,0.016463783
2019-07-12 04:00:00+00:00,0.00644331,0.015976722
2019-07-12 05:00:00+00:00,0.025227418,0.015089173
2019-07-12 06:00:00+00:00,0.021466597,0.012923184
2019-07-12 07:00:00+00:00,0.033485369,0.010095956
2019-07-12 08:00:00+00:00,0.014759552,0.004477069
2019-07-12 09:00:00+00:00,0.013754358,0.00257343
2019-07-12 10:00:00+00:00,0.042063812,0.00151603
2019-07-12 11:00:00+00:00,0.110429921,0.002002809
2019-07-12 12:00:00+00:00,0.054810127,0.004113373
2019-07-12 13:00:00+00:00,0.026688148,0.005641648
2019-07-12 14:00:00+00:00,0.035549774,0.006056722
2019-07-12 15:00:00+00:00,0.030724373,0.006921028
2019-07-12 16:00:00+00:00,0.040462722,0.009179047
2019-07-12 17:00:00+00:00,0.023435841,0.014212163
2019-07-12 18:00:00+00:00,0.003070312,0.013609454
2019-07-12 19:00:00+00:00,0.001110655,0.014778455
2019-07-12 20:00:00+00:00,0.00534301,0.016656875
2019-07-12 21:00:00+00:00,0.000848564,0.01664069
2019-07-12 22:00:00+00:00,0,0.01669141
2019-07-12 23:00:00+00:00,0,0.016507727
2019-07-13 00:00:00+00:00,0,0.017264854
2019-07-13 01:00:00+00:00,0,0.01822279
2019-07-13 02:00:00+00:00,0,0.018650756
2019-07-13 03:00:00+00:00,0.007026824,0.019126148
2019-07-13 04:00:00+00:00,0.043819888,0.019332791
2019-07-13 05:00:00+00:00,0.05042317,0.020103845
2019-07-13 06:00:00+00:00,0.049348016,0.017153628
2019-07-13 07:00:00+00:00,0.031320871,0.015384458
2019-07-13 08:00:00+00:00,0.004437743,0.013695179
2019-07-13 09:00:00+00:00,0,0.012829178
2019-07-13 10:00:00+00:00,0,0.013354726
2019-07-13 11:00:00+00:00,0,0.013478937
2019-07-13 12:00:00+00:00,0,0.016372788
2019-07-13 13:00:00+00:00,0,0.016251682
2019-07-13 14:00:00+00:00,0,0.017429152
2019-07-13 15:00:00+00:00,0,0.018214321
2019-07-13 16:00:00+00:00,0,0.018414095
2019-07-13 17:00:00+00:00,0,0.018074207
2019-07-13 18:00:00+00:00,0,0.016410334
2019-07-13 19:00:00+00:00,0,0.017420213
2019-07-13 20:00:00+00:00,0,0.015308896
2019-07-13 21:00:00+00:00,0,0.015574351
2019-07-13 22:00:00+00:00,0,0.016272854
2019-07-13 23:00:00+00:00,0,0.016558447
2019-07-14 00:00:00+00:00,0,0.018206981
2019-07-14 01:00:00+00:00,0,0.018536989
2019-07-14 02:00:00+00:00,0,0.02010441
2019-07-14 03:00:00+00:00,0,0.019692911
2019-07-14 04:00:00+00:00,0,0.017532004
2019-07-14 05:00:00+00:00,0.003286712,0.017771958
2019-07-14 06:00:00+00:00,0.025621157,0.016079291
2019-07-14 07:00:00+00:00,0.049991738,0.014809508
2019-07-14 08:00:00+00:00,0.042210909,0.014742603
2019-07-14 09:00:00+00:00,0.008755508,0.013827012
2019-07-14 10:00:00+00:00,0.00014381,0.013533892
2019-07-14 11:00:00+00:00,0,0.014226372
2019-07-14 12:00:00+00:00,0,0.01453182
2019-07-14 13:00:00+00:00,0,0.017514972
2019-07-14 14:00:00+00:00,0,0.017613964
2019-07-14 15:00:00+00:00,0,0.018651697
2019-07-14 16:00:00+00:00,0,0.018912448
2019-07-14 17:00:00+00:00,0.00823905,0.016965805
2019-07-14 18:00:00+00:00,0.060669649,0.015896549
2019-07-14 19:00:00+00:00,0.108619882,0.013547912
2019-07-14 20:00:00+00:00,0.08482142,0.012571439
2019-07-14 21:00:00+00:00,0.049412114,0.013565791
2019-07-14 22:00:00+00:00,0.015430668,0.014770833
2019-07-14 23:00:00+00:00,0.001421778,0.016500482
2019-07-15 00:00:00+00:00,0,0.018135748
2019-07-15 01:00:00+00:00,0,0.018793129
2019-07-15 02:00:00+00:00,0,0.018975871
2019-07-15 03:00:00+00:00,0.004990414,0.019017463
2019-07-15 04:00:00+00:00,0.037612208,0.018163978
2019-07-15 05:00:00+00:00,0.071012222,0.017275582
2019-07-15 06:00:00+00:00,0.055423006,0.013676735
2019-07-15 07:00:00+00:00,0.009748101,0.009739035
2019-07-15 08:00:00+00:00,0,0.00920276
2019-07-15 09:00:00+00:00,0,0.008385598
2019-07-15 10:00:00+00:00,0,0.004131816
2019-07-15 11:00:00+00:00,0,0
2019-07-15 12:00:00+00:00,0,0.005399153
2019-07-15 13:00:00+00:00,0,0.009124563
2019-07-15 14:00:00+00:00,0,0.009410533
2019-07-15 15:00:00+00:00,0,0.011860233
2019-07-15 16:00:00+00:00,0,0.01276632
2019-07-15 17:00:00+00:00,0.005524019,0.013722468
2019-07-15 18:00:00+00:00,0.035303626,0.013490982
2019-07-15 19:00:00+00:00,0.036003887,0.013425112
2019-07-15 20:00:00+00:00,0.006342615,0.012986231
2019-07-15 21:00:00+00:00,0,0.014510365
2019-07-15 22:00:00+00:00,0,0.01523117
2019-07-15 23:00:00+00:00,0,0.016255258
2019-07-16 00:00:00+00:00,0,0.017780521
2019-07-16 01:00:00+00:00,0,0.019000525
2019-07-16 02:00:00+00:00,0,0.018811949
2019-07-16 03:00:00+00:00,0,0.018742409
2019-07-16 04:00:00+00:00,0,0.017935033
2019-07-16 05:00:00+00:00,0,0.015667793
2019-07-16 06:00:00+00:00,0.001623277,0.013002792
2019-07-16 07:00:00+00:00,0.009603743,0.009705724
2019-07-16 08:00:00+00:00,0.00231543,0.008332902
2019-07-16 09:00:00+00:00,0.000404806,0.00092499
2019-07-16 10:00:00+00:00,0.003947254,0.0005309
2019-07-16 11:00:00+00:00,0.005755869,0.000422591
2019-07-16 12:00:00+00:00,0.000795258,0.00127984
2019-07-16 13:00:00+00:00,0,0.007896279
2019-07-16 14:00:00+00:00,0,0.006123156
2019-07-16 15:00:00+00:00,0,0.008785051
2019-07-16 16:00:00+00:00,0,0.015581974
2019-07-16 17:00:00+00:00,0,0.015279255
2019-07-16 18:00:00+00:00,0,0.015152032
2019-07-16 19:00:00+00:00,0.000815583,0.013681722
2019-07-16 20:00:00+00:00,0.010419874,0.013941438
2019-07-16 21:00:00+00:00,0.027535507,0.014288384
2019-07-16 22:00:00+00:00,0.011742546,0.015393868
2019-07-16 23:00:00+00:00,0.00095397,0.016122012
2019-07-17 00:00:00+00:00,0,0.017185622
2019-07-17 01:00:00+00:00,0,0.017623092
2019-07-17 02:00:00+00:00,0,0.017744669
2019-07-17 03:00:00+00:00,0,0.016698279
2019-07-17 04:00:00+00:00,0,0.016119848
2019-07-17 05:00:00+00:00,0.001396742,0.015674662
2019-07-17 06:00:00+00:00,0.020906421,0.011520626
2019-07-17 07:00:00+00:00,0.081825068,0.008523454
2019-07-17 08:00:00+00:00,0.115317504,0.008416745
2019-07-17 09:00:00+00:00,0.10748808,0
2019-07-17 10:00:00+00:00,0.087875899,0
2019-07-17 11:00:00+00:00,0.072615886,0.004652377
2019-07-17 12:00:00+00:00,0.013819114,0.007547263
2019-07-17 13:00:00+00:00,4.41567E-05,0.010429916
2019-07-17 14:00:00+00:00,0,0.010575959
2019-07-17 15:00:00+00:00,0,0.011929678
2019-07-17 16:00:00+00:00,0,0.012434335
2019-07-17 17:00:00+00:00,0,0.01182231
2019-07-17 18:00:00+00:00,0,0.012515732
2019-07-17 19:00:00+00:00,0,0.013931181
2019-07-17 20:00:00+00:00,0,0.014583575
2019-07-17 21:00:00+00:00,0,0.014877637
2019-07-17 22:00:00+00:00,0,0.016154759
2019-07-17 23:00:00+00:00,0,0.016003917
2019-07-18 00:00:00+00:00,0,0.016243213
2019-07-18 01:00:00+00:00,0,0.017509796
2019-07-18 02:00:00+00:00,0,0.016546308
2019-07-18 03:00:00+00:00,0,0.016304284
2019-07-18 04:00:00+00:00,0,0.01634644
2019-07-18 05:00:00+00:00,0,0.016219594
2019-07-18 06:00:00+00:00,0,0.015099053
2019-07-18 07:00:00+00:00,0,0.011485245
2019-07-18 08:00:00+00:00,0,0.010760582
2019-07-18 09:00:00+00:00,0,0.009291591
2019-07-18 10:00:00+00:00,0,0.007303262
2019-07-18 11:00:00+00:00,0,0.006761529
2019-07-18 12:00:00+00:00,0,0.007203046
2019-07-18 13:00:00+00:00,0,0.008553754
2019-07-18 14:00:00+00:00,0,0.011667893
2019-07-18 15:00:00+00:00,0,0.011996771
2019-07-18 16:00:00+00:00,0.003224696,0.012635803
2019-07-18 17:00:00+00:00,0.025945539,0.01250444
2019-07-18 18:00:00+00:00,0.055410789,0.003341284
2019-07-18 19:00:00+00:00,0.077155365,0.004643437
2019-07-18 20:00:00+00:00,0.094180055,0.004776965
2019-07-18 21:00:00+00:00,0.017652689,0.012645778
2019-07-18 22:00:00+00:00,0,0.016371283
2019-07-18 23:00:00+00:00,0,0.016517325
2019-07-19 00:00:00+00:00,0,0.01678758
2019-07-19 01:00:00+00:00,0,0.016225146
2019-07-19 02:00:00+00:00,0,0.016340888
2019-07-19 03:00:00+00:00,0,0.016560611
2019-07-19 04:00:00+00:00,0,0.016456819
2019-07-19 05:00:00+00:00,0.001388688,0.016123518
2019-07-19 06:00:00+00:00,0.026736742,0.005427382
2019-07-19 07:00:00+00:00,0.115217686,0
2019-07-19 08:00:00+00:00,0.122420096,0.006724266
2019-07-19 09:00:00+00:00,0.038133267,0.006382213
2019-07-19 10:00:00+00:00,0.003332786,0.00551386
2019-07-19 11:00:00+00:00,0,0.006436697
2019-07-19 12:00:00+00:00,0,0.010101037
2019-07-19 13:00:00+00:00,0,0.01237223
2019-07-19 14:00:00+00:00,0,0.014854206
2019-07-19 15:00:00+00:00,0,0.014800098
2019-07-19 16:00:00+00:00,0,0.01548825
2019-07-19 17:00:00+00:00,0,0.015839713
2019-07-19 18:00:00+00:00,0,0.015726229
2019-07-19 19:00:00+00:00,0.004261007,0.015405348
2019-07-19 20:00:00+00:00,0.024112873,0.015560989
2019-07-19 21:00:00+00:00,0.012620639,0.016522595
2019-07-19 22:00:00+00:00,0.001372965,0.017437339
2019-07-19 23:00:00+00:00,0,0.01832056
2019-07-20 00:00:00+00:00,0,0.018597307
2019-07-20 01:00:00+00:00,0,0.018961097
2019-07-20 02:00:00+00:00,0,0.01923361
2019-07-20 03:00:00+00:00,0,0.01870157
2019-07-20 04:00:00+00:00,0,0.018160026
2019-07-20 05:00:00+00:00,0.007838627,0.017921953
2019-07-20 06:00:00+00:00,0.047508995,0.015379094
2019-07-20 07:00:00+00:00,0.046087272,0.013168973
2019-07-20 08:00:00+00:00,0.021694228,0.01329149
2019-07-20 09:00:00+00:00,0.002672135,0.012085037
2019-07-20 10:00:00+00:00,0,0.013003169
2019-07-20 11:00:00+00:00,0,0.013357925
2019-07-20 12:00:00+00:00,0,0.01375145
2019-07-20 13:00:00+00:00,0,0.017087288
2019-07-20 14:00:00+00:00,0,0.017666284
2019-07-20 15:00:00+00:00,0.006173713,0.018264853
2019-07-20 16:00:00+00:00,0.03718231,0.018319713
2019-07-20 17:00:00+00:00,0.04351249,0.018218932
2019-07-20 18:00:00+00:00,0.043430586,0.01774721
2019-07-20 19:00:00+00:00,0.03769055,0.017057647
2019-07-20 20:00:00+00:00,0.034269615,0.01727624
2019-07-20 21:00:00+00:00,0.049929503,0.016640784
2019-07-20 22:00:00+00:00,0.032190253,0.018745326
2019-07-20 23:00:00+00:00,0.004616233,0.020049832
2019-07-21 00:00:00+00:00,0,0.021125675
2019-07-21 01:00:00+00:00,0,0.021193709
2019-07-21 02:00:00+00:00,0,0.021289502
2019-07-21 03:00:00+00:00,0,0.021428394
2019-07-21 04:00:00+00:00,0,0.019485892
2019-07-21 05:00:00+00:00,0,0.018801127
2019-07-21 06:00:00+00:00,0.001432023,0.017733095
2019-07-21 07:00:00+00:00,0.013177418,0.015074023
2019-07-21 08:00:00+00:00,0.027161983,0.015587996
2019-07-21 09:00:00+00:00,0.004865833,0.015347195
2019-07-21 10:00:00+00:00,0,0.014497285
2019-07-21 11:00:00+00:00,0,0.013684263
2019-07-21 12:00:00+00:00,0,0.014898903
2019-07-21 13:00:00+00:00,0,0.015907088
2019-07-21 14:00:00+00:00,0,0.017833782
2019-07-21 15:00:00+00:00,0,0.018348602
2019-07-21 16:00:00+00:00,0,0.018302587
2019-07-21 17:00:00+00:00,0,0.017479308
2019-07-21 18:00:00+00:00,0,0.017167555
2019-07-21 19:00:00+00:00,0,0.016106298
2019-07-21 20:00:00+00:00,0,0.015978416
2019-07-21 21:00:00+00:00,0,0.016840558
2019-07-21 22:00:00+00:00,0,0.017909908
2019-07-21 23:00:00+00:00,0,0.018394616
2019-07-22 00:00:00+00:00,0,0.018405156
2019-07-22 01:00:00+00:00,0,0.01846378
2019-07-22 02:00:00+00:00,0,0.018610952
2019-07-22 03:00:00+00:00,0,0.018257889
2019-07-22 04:00:00+00:00,0,0.015594677
2019-07-22 05:00:00+00:00,0,0.014737334
2019-07-22 06:00:00+00:00,0,0.012009193
2019-07-22 07:00:00+00:00,0,0.010956498
2019-07-22 08:00:00+00:00,0,0.011260535
2019-07-22 09:00:00+00:00,0,0.009266466
2019-07-22 10:00:00+00:00,0,0.006596667
2019-07-22 11:00:00+00:00,0,0.008156841
2019-07-22 12:00:00+00:00,0,0.010373268
2019-07-22 13:00:00+00:00,0,0.01475032
2019-07-22 14:00:00+00:00,0,0.015256576
2019-07-22 15:00:00+00:00,0,0.015326775
2019-07-22 16:00:00+00:00,0,0.016034688
2019-07-22 17:00:00+00:00,0,0.016201432
2019-07-22 18:00:00+00:00,0,0.016343053
2019-07-22 19:00:00+00:00,0,0.016827478
2019-07-22 20:00:00+00:00,0,0.016417109
2019-07-22 21:00:00+00:00,0,0.016574444
2019-07-22 22:00:00+00:00,0,0.017501139
2019-07-22 23:00:00+00:00,0,0.017237283
2019-07-23 00:00:00+00:00,0,0.017967497
2019-07-23 01:00:00+00:00,0,0.017981895
2019-07-23 02:00:00+00:00,0,0.018138947
2019-07-23 03:00:00+00:00,0,0.018189102
2019-07-23 04:00:00+00:00,0,0.017986317
2019-07-23 05:00:00+00:00,0,0.017783062
2019-07-23 06:00:00+00:00,0.003549625,0.017280098
2019-07-23 07:00:00+00:00,0.037922729,0.012656976
2019-07-23 08:00:00+00:00,0.120002711,0.012704684
2019-07-23 09:00:00+00:00,0.129450919,0.012190993
2019-07-23 10:00:00+00:00,0.077987877,0.001684469
2019-07-23 11:00:00+00:00,0.011370666,0.00207743
2019-07-23 12:00:00+00:00,0,0.009167191
2019-07-23 13:00:00+00:00,0,0.007819399
2019-07-23 14:00:00+00:00,0,0.014666194
2019-07-23 15:00:00+00:00,0,0.014721525
2019-07-23 16:00:00+00:00,0,0.014589315
2019-07-23 17:00:00+00:00,0.000899459,0.014050876
2019-07-23 18:00:00+00:00,0.012401773,0.014507542
2019-07-23 19:00:00+00:00,0.034060117,0.013697813
2019-07-23 20:00:00+00:00,0.006272491,0.013350021
2019-07-23 21:00:00+00:00,0,0.015083903
2019-07-23 22:00:00+00:00,0,0.01686446
2019-07-23 23:00:00+00:00,0,0.017923459
2019-07-24 00:00:00+00:00,0,0.018494362
2019-07-24 01:00:00+00:00,0,0.019011158
2019-07-24 02:00:00+00:00,0,0.018895415
2019-07-24 03:00:00+00:00,0,0.018821265
2019-07-24 04:00:00+00:00,0,0.018397439
2019-07-24 05:00:00+00:00,0,0.017942373
2019-07-24 06:00:00+00:00,0,0.014825788
2019-07-24 07:00:00+00:00,0,0.013167279
2019-07-24 08:00:00+00:00,0,0.012486279
2019-07-24 09:00:00+00:00,0,0.01104467
2019-07-24 10:00:00+00:00,0,0.003463614
2019-07-24 11:00:00+00:00,0,0.004143955
2019-07-24 12:00:00+00:00,0,0.003258476
2019-07-24 13:00:00+00:00,0,0.005149318
2019-07-24 14:00:00+00:00,0,0.00488405
2019-07-24 15:00:00+00:00,0,0.005443944
2019-07-24 16:00:00+00:00,0,0.004668185
2019-07-24 17:00:00+00:00,0,0.004644754
2019-07-24 18:00:00+00:00,0,0.007246802
2019-07-24 19:00:00+00:00,0,0.014346726
2019-07-24 20:00:00+00:00,0,0.015235498
2019-07-24 21:00:00+00:00,0,0.016556847
2019-07-24 22:00:00+00:00,0,0.018119845
2019-07-24 23:00:00+00:00,0,0.018869914
2019-07-25 00:00:00+00:00,0,0.019726411
2019-07-25 01:00:00+00:00,0,0.020372029
2019-07-25 02:00:00+00:00,0,0.020341071
2019-07-25 03:00:00+00:00,0,0.019778354
2019-07-25 04:00:00+00:00,0.001168289,0.019012005
2019-07-25 05:00:00+00:00,0.016949908,0.017689903
2019-07-25 06:00:00+00:00,0.050552846,0.016828231
2019-07-25 07:00:00+00:00,0.025784306,0.013851196
2019-07-25 08:00:00+00:00,0.084485588,0.011542646
2019-07-25 09:00:00+00:00,0.095227762,0.012213954
2019-07-25 10:00:00+00:00,0.081762229,0.012858067
2019-07-25 11:00:00+00:00,0.014177408,0.012091248
2019-07-25 12:00:00+00:00,0,0.013227879
2019-07-25 13:00:00+00:00,0,0.015255259
2019-07-25 14:00:00+00:00,0,0.013019542
2019-07-25 15:00:00+00:00,0,0.004413551
2019-07-25 16:00:00+00:00,0,0.004986807
2019-07-25 17:00:00+00:00,0,0.005201167
2019-07-25 18:00:00+00:00,0,0.004397931
2019-07-25 19:00:00+00:00,0,0.015350018
2019-07-25 20:00:00+00:00,0,0.015687271
2019-07-25 21:00:00+00:00,0,0.016911039
2019-07-25 22:00:00+00:00,0,0.017763113
2019-07-25 23:00:00+00:00,0,0.017556187
2019-07-26 00:00:00+00:00,0,0.018711074
2019-07-26 01:00:00+00:00,0,0.019981798
2019-07-26 02:00:00+00:00,0,0.020542162
2019-07-26 03:00:00+00:00,0.001369021,0.017894946
2019-07-26 04:00:00+00:00,0.012463516,0.018007396
2019-07-26 05:00:00+00:00,0.023013997,0.018797175
2019-07-26 06:00:00+00:00,0.024037051,0.015919321
2019-07-26 07:00:00+00:00,0.022937134,0.01043989
2019-07-26 08:00:00+00:00,0.013959692,0.001358037
2019-07-26 09:00:00+00:00,0.004869558,0.000978344
2019-07-26 10:00:00+00:00,0.008521905,0
2019-07-26 11:00:00+00:00,0.00801761,0.009163897
2019-07-26 12:00:00+00:00,0.005363609,0.011408554
2019-07-26 13:00:00+00:00,0.000672759,0.015492673
2019-07-26 14:00:00+00:00,0,0.014487593
2019-07-26 15:00:00+00:00,0,0.014960256
2019-07-26 16:00:00+00:00,0,0.015404125
2019-07-26 17:00:00+00:00,0,0.015267492
2019-07-26 18:00:00+00:00,0,0.01483388
2019-07-26 19:00:00+00:00,0,0.015170287
2019-07-26 20:00:00+00:00,0,0.015145256
2019-07-26 21:00:00+00:00,0,0.015162383
2019-07-26 22:00:00+00:00,0,0.017705241
2019-07-26 23:00:00+00:00,0,0.019117867
2019-07-27 00:00:00+00:00,0,0.019961754
2019-07-27 01:00:00+00:00,0,0.020096129
2019-07-27 02:00:00+00:00,0,0.020965893
2019-07-27 03:00:00+00:00,0,0.02125318
2019-07-27 04:00:00+00:00,0,0.021434604
2019-07-27 05:00:00+00:00,0,0.020431406
2019-07-27 06:00:00+00:00,0,0.018036473
2019-07-27 07:00:00+00:00,0,0.016469429
2019-07-27 08:00:00+00:00,0,0.014959598
2019-07-27 09:00:00+00:00,0,0.013579059
2019-07-27 10:00:00+00:00,0,0.013300336
2019-07-27 11:00:00+00:00,0,0.013015213
2019-07-27 12:00:00+00:00,0,0.014978512
2019-07-27 13:00:00+00:00,0,0.017283392
2019-07-27 14:00:00+00:00,0.000133292,0.01784959
2019-07-27 15:00:00+00:00,0.011793715,0.017674659
2019-07-27 16:00:00+00:00,0.047639219,0.017592227
2019-07-27 17:00:00+00:00,0.031982618,0.017942373
2019-07-27 18:00:00+00:00,0.021873813,0.016898806
2019-07-27 19:00:00+00:00,0.019950972,0.015634011
2019-07-27 20:00:00+00:00,0.003172431,0.015968912
2019-07-27 21:00:00+00:00,0,0.017323761
2019-07-27 22:00:00+00:00,0,0.018859752
2019-07-27 23:00:00+00:00,0,0.019279531
2019-07-28 00:00:00+00:00,0,0.020252899
2019-07-28 01:00:00+00:00,0,0.020334013
2019-07-28 02:00:00+00:00,0,0.020495112
2019-07-28 03:00:00+00:00,0,0.02012737
2019-07-28 04:00:00+00:00,0,0.019917245
2019-07-28 05:00:00+00:00,0.008987029,0.020303525
2019-07-28 06:00:00+00:00,0.043541964,0.019428209
2019-07-28 07:00:00+00:00,0.008550448,0.016664498
2019-07-28 08:00:00+00:00,0,0.015289229
2019-07-28 09:00:00+00:00,0,0.015271821
2019-07-28 10:00:00+00:00,0,0.015645961
2019-07-28 11:00:00+00:00,0,0.014015777
2019-07-28 12:00:00+00:00,0,0.014748249
2019-07-28 13:00:00+00:00,0,0.017454465
2019-07-28 14:00:00+00:00,0,0.018023863
2019-07-28 15:00:00+00:00,0,0.017539908
2019-07-28 16:00:00+00:00,0,0.017840274
2019-07-28 17:00:00+00:00,0,0.017207547
2019-07-28 18:00:00+00:00,0,0.014868603
2019-07-28 19:00:00+00:00,0,0.012501146
2019-07-28 20:00:00+00:00,0,0.004835871
2019-07-28 21:00:00+00:00,0.0035024,0.015586208
2019-07-28 22:00:00+00:00,0.017595494,0.016632221
2019-07-28 23:00:00+00:00,0.003446794,0.018527485
2019-07-29 00:00:00+00:00,0,0.020089542
2019-07-29 01:00:00+00:00,0,0.020522966
2019-07-29 02:00:00+00:00,0,0.020689616
2019-07-29 03:00:00+00:00,0,0.020428583
2019-07-29 04:00:00+00:00,0.008333938,0.020610008
2019-07-29 05:00:00+00:00,0.044605668,0.02091969
2019-07-29 06:00:00+00:00,0.020856074,0.019285836
2019-07-29 07:00:00+00:00,0.029420108,0.013166338
2019-07-29 08:00:00+00:00,0.005652161,0.011255736
2019-07-29 09:00:00+00:00,0.005175915,0.012237102
2019-07-29 10:00:00+00:00,0.026985959,0.011402343
2019-07-29 11:00:00+00:00,0.021909149,0.011947087
2019-07-29 12:00:00+00:00,0.004205236,0.012553936
2019-07-29 13:00:00+00:00,0,0.016149583
2019-07-29 14:00:00+00:00,0,0.01614215
2019-07-29 15:00:00+00:00,0,0.017527863
2019-07-29 16:00:00+00:00,0,0.01649333
2019-07-29 17:00:00+00:00,0,0.016882903
2019-07-29 18:00:00+00:00,0.010093027,0.01654245
2019-07-29 19:00:00+00:00,0.054909233,0.016834818
2019-07-29 20:00:00+00:00,0.038532211,0.017250457
2019-07-29 21:00:00+00:00,0.005498982,0.017549883
2019-07-29 22:00:00+00:00,0,0.018793976
2019-07-29 23:00:00+00:00,0,0.019826062
2019-07-30 00:00:00+00:00,0,0.019799715
2019-07-30 01:00:00+00:00,0,0.01998575
2019-07-30 02:00:00+00:00,0,0.02028047
2019-07-30 03:00:00+00:00,0,0.020354245
2019-07-30 04:00:00+00:00,0.005281048,0.019410612
2019-07-30 05:00:00+00:00,0.038799726,0.019235116
2019-07-30 06:00:00+00:00,0.068312311,0.016663086
2019-07-30 07:00:00+00:00,0.052538087,0.012877263
2019-07-30 08:00:00+00:00,0.008077654,0.012972492
2019-07-30 09:00:00+00:00,0,0.011722565
2019-07-30 10:00:00+00:00,0,0.007106593
2019-07-30 11:00:00+00:00,0,0.006658678
2019-07-30 12:00:00+00:00,0,0.010753243
2019-07-30 13:00:00+00:00,0,0.014724066
2019-07-30 14:00:00+00:00,0,0.016116649
2019-07-30 15:00:00+00:00,0,0.016397913
2019-07-30 16:00:00+00:00,0,0.016363378
2019-07-30 17:00:00+00:00,0,0.017646429
2019-07-30 18:00:00+00:00,0.002113164,0.01701389
2019-07-30 19:00:00+00:00,0.018640571,0.01747959
2019-07-30 20:00:00+00:00,0.040300504,0.018495774
2019-07-30 21:00:00+00:00,0.048929185,0.018559856
2019-07-30 22:00:00+00:00,0.034637496,0.01998208
2019-07-30 23:00:00+00:00,0.00548041,0.020828225
2019-07-31 00:00:00+00:00,0.002346164,0.021274446
2019-07-31 01:00:00+00:00,0.019032174,0.022299381
2019-07-31 02:00:00+00:00,0.03700163,0.022235488
2019-07-31 03:00:00+00:00,0.035206821,0.022236617
2019-07-31 04:00:00+00:00,0.015007783,0.021287056
2019-07-31 05:00:00+00:00,0.032546739,0.021100644
2019-07-31 06:00:00+00:00,0.045354304,0.01816953
2019-07-31 07:00:00+00:00,0.032589033,0.014451835
2019-07-31 08:00:00+00:00,0.005842703,0.013948401
2019-07-31 09:00:00+00:00,0,0.011586496
2019-07-31 10:00:00+00:00,0,0.011431514
2019-07-31 11:00:00+00:00,0,0.012055396
2019-07-31 12:00:00+00:00,0,0.012549419
2019-07-31 13:00:00+00:00,0.002276862,0.015971547
2019-07-31 14:00:00+00:00,0.016758599,0.01634644
2019-07-31 15:00:00+00:00,0.019164973,0.016628269
2019-07-31 16:00:00+00:00,0.010734668,0.017433575
2019-07-31 17:00:00+00:00,0.002083909,0.016918755
2019-07-31 18:00:00+00:00,0.00613372,0.016514785
2019-07-31 19:00:00+00:00,0.014655187,0.017214793
2019-07-31 20:00:00+00:00,0.013746086,0.018256666
2019-07-31 21:00:00+00:00,0.01202699,0.0197856
2019-07-31 22:00:00+00:00,0.010214595,0.01989739
2019-07-31 23:00:00+00:00,0.001886793,0.020614901
2019-08-01 00:00:00+00:00,0,0.014973307
2019-08-01 01:00:00+00:00,0,0.015015558
2019-08-01 02:00:00+00:00,0,0.015096202
2019-08-01 03:00:00+00:00,0.010652162,0.015458486
2019-08-01 04:00:00+00:00,0.078497596,0.014863681
2019-08-01 05:00:00+00:00,0.134966282,0.014529156
2019-08-01 06:00:00+00:00,0.099680188,0.011972465
2019-08-01 07:00:00+00:00,0.137303791,0.008268697
2019-08-01 08:00:00+00:00,0.135003426,0.005078149
2019-08-01 09:00:00+00:00,0.148563736,0.004057449
2019-08-01 10:00:00+00:00,0.146467446,0
2019-08-01 11:00:00+00:00,0.147967786,0
2019-08-01 12:00:00+00:00,0.143732254,0
2019-08-01 13:00:00+00:00,0.149080413,0
2019-08-01 14:00:00+00:00,0.149243234,0.00876752
2019-08-01 15:00:00+00:00,0.143485557,0.009738065
2019-08-01 16:00:00+00:00,0.103541922,0.010633801
2019-08-01 17:00:00+00:00,0.069138358,0.010759519
2019-08-01 18:00:00+00:00,0.015304553,0.010287702
2019-08-01 19:00:00+00:00,0.004358634,0.010305299
2019-08-01 20:00:00+00:00,0.018518127,0.010166972
2019-08-01 21:00:00+00:00,0.013979086,0.010827365
2019-08-01 22:00:00+00:00,0.003179169,0.012655065
2019-08-01 23:00:00+00:00,0,0.011630789
2019-08-02 00:00:00+00:00,0,0.012406171
2019-08-02 01:00:00+00:00,0,0.014064868
2019-08-02 02:00:00+00:00,0,0.014294942
2019-08-02 03:00:00+00:00,0.01574327,0.013948749
2019-08-02 04:00:00+00:00,0.083777,0.012042005
2019-08-02 05:00:00+00:00,0.09443212,0.01305433
2019-08-02 06:00:00+00:00,0.124414048,0.009395072
2019-08-02 07:00:00+00:00,0.113261535,0.00824489
2019-08-02 08:00:00+00:00,0.043127078,0.007342379
2019-08-02 09:00:00+00:00,0.058195507,0.005645948
2019-08-02 10:00:00+00:00,0.075636234,0.005250352
2019-08-02 11:00:00+00:00,0.065356555,0.005927212
2019-08-02 12:00:00+00:00,0.018442524,0.006452759
2019-08-02 13:00:00+00:00,0.0017615,0.009709271
2019-08-02 14:00:00+00:00,0.003294327,0.010282433
2019-08-02 15:00:00+00:00,0.007349069,0.010200566
2019-08-02 16:00:00+00:00,0.008600247,0.01000051
2019-08-02 17:00:00+00:00,0.006967383,0.01028902
2019-08-02 18:00:00+00:00,0.001518857,0.009858795
2019-08-02 19:00:00+00:00,0.011497329,0.001624593
2019-08-02 20:00:00+00:00,0.052701839,0.001524659
2019-08-02 21:00:00+00:00,0.040083117,0.01065121
2019-08-02 22:00:00+00:00,0.015176575,0.011489357
2019-08-02 23:00:00+00:00,0.001627167,0.011937272
2019-08-03 00:00:00+00:00,0,0.01211145
2019-08-03 01:00:00+00:00,0,0.012386975
2019-08-03 02:00:00+00:00,0,0.012619307
2019-08-03 03:00:00+00:00,0.004431498,0.012618366
2019-08-03 04:00:00+00:00,0.028333887,0.010825483
2019-08-03 05:00:00+00:00,0.035287081,0.01361827
2019-08-03 06:00:00+00:00,0.038688019,0.014761677
2019-08-03 07:00:00+00:00,0.034940402,0.011357335
2019-08-03 08:00:00+00:00,0.012498524,0.011072495
2019-08-03 09:00:00+00:00,0.00109778,0.010721126
2019-08-03 10:00:00+00:00,0,0.010428946
2019-08-03 11:00:00+00:00,0,0.010182969
2019-08-03 12:00:00+00:00,0,0.009662691
2019-08-03 13:00:00+00:00,0,0.013022619
2019-08-03 14:00:00+00:00,0,0.013188046
2019-08-03 15:00:00+00:00,0,0.013354415
2019-08-03 16:00:00+00:00,0,0.012842606
2019-08-03 17:00:00+00:00,0,0.013199526
2019-08-03 18:00:00+00:00,0.006039381,0.013379727
2019-08-03 19:00:00+00:00,0.056423653,0.010742957
2019-08-03 20:00:00+00:00,0.138011612,0.011476089
2019-08-03 21:00:00+00:00,0.063606067,0.011883541
2019-08-03 22:00:00+00:00,0.014783384,0.011847877
2019-08-03 23:00:00+00:00,0.00141745,0.012435248
2019-08-04 00:00:00+00:00,0,0.014332676
2019-08-04 01:00:00+00:00,0,0.014559927
2019-08-04 02:00:00+00:00,0,0.014318373
2019-08-04 03:00:00+00:00,0,0.01388909
2019-08-04 04:00:00+00:00,0,0.014136666
2019-08-04 05:00:00+00:00,0.005185667,0.013663062
2019-08-04 06:00:00+00:00,0.033850839,0.014129703
2019-08-04 07:00:00+00:00,0.044404936,0.012125471
2019-08-04 08:00:00+00:00,0.028743843,0.01201895
2019-08-04 09:00:00+00:00,0.004495048,0.01114401
2019-08-04 10:00:00+00:00,0.003444767,0.010322143
2019-08-04 11:00:00+00:00,0.026224613,0.010386225
2019-08-04 12:00:00+00:00,0.044671519,0.010937273
2019-08-04 13:00:00+00:00,0.010952109,0.014000316
2019-08-04 14:00:00+00:00,0.000358348,0.013427154
2019-08-04 15:00:00+00:00,0,0.013750857
2019-08-04 16:00:00+00:00,0.015282255,0.013580819
2019-08-04 17:00:00+00:00,0.099719085,0.012396008
2019-08-04 18:00:00+00:00,0.151347468,0.012825668
2019-08-04 19:00:00+00:00,0.171166189,0.001781928
2019-08-04 20:00:00+00:00,0.166258062,0.002178841
2019-08-04 21:00:00+00:00,0.111724051,0.012505164
2019-08-04 22:00:00+00:00,0.046145344,0.013457266
2019-08-04 23:00:00+00:00,0.00579252,0.014520123
2019-08-05 00:00:00+00:00,0,0.015737304
2019-08-05 01:00:00+00:00,0,0.016157647
2019-08-05 02:00:00+00:00,0,0.015932278
2019-08-05 03:00:00+00:00,0.011819574,0.015076817
2019-08-05 04:00:00+00:00,0.068831179,0.013543179
2019-08-05 05:00:00+00:00,0.090690529,0.012958819
2019-08-05 06:00:00+00:00,0.078505375,0.012523325
2019-08-05 07:00:00+00:00,0.046875079,0.009230021
2019-08-05 08:00:00+00:00,0.007953676,0.009239242
2019-08-05 09:00:00+00:00,0.000346734,0.00792401
2019-08-05 10:00:00+00:00,0,0.005935963
2019-08-05 11:00:00+00:00,0.002038985,0.006058858
2019-08-05 12:00:00+00:00,0.011548553,0.007808549
2019-08-05 13:00:00+00:00,0.002290832,0.010270482
2019-08-05 14:00:00+00:00,0,0.011435343
2019-08-05 15:00:00+00:00,0.001631933,0.012222394
2019-08-05 16:00:00+00:00,0.014803051,0.012304825
2019-08-05 17:00:00+00:00,0.036879788,0.012512316
2019-08-05 18:00:00+00:00,0.053106535,0.003085775
2019-08-05 19:00:00+00:00,0.027786312,0.002082671
2019-08-05 20:00:00+00:00,0.032536658,0.000641438
2019-08-05 21:00:00+00:00,0.005776797,0.010489076
2019-08-05 22:00:00+00:00,0,0.012480604
2019-08-05 23:00:00+00:00,0,0.013782475
2019-08-06 00:00:00+00:00,0,0.014022335
2019-08-06 01:00:00+00:00,0,0.014103355
2019-08-06 02:00:00+00:00,0,0.013912897
2019-08-06 03:00:00+00:00,0,0.01403118
2019-08-06 04:00:00+00:00,0.001630016,0.014007561
2019-08-06 05:00:00+00:00,0.010145675,0.013738436
2019-08-06 06:00:00+00:00,0.015100917,0.013055554
2019-08-06 07:00:00+00:00,0.027215124,0.00983066
2019-08-06 08:00:00+00:00,0.055072219,0.00907852
2019-08-06 09:00:00+00:00,0.052294952,0.008232092
2019-08-06 10:00:00+00:00,0.039944292,0.007768933
2019-08-06 11:00:00+00:00,0.033674048,0.007953086
2019-08-06 12:00:00+00:00,0.03571654,0.007510535
2019-08-06 13:00:00+00:00,0.037831293,0.010391683
2019-08-06 14:00:00+00:00,0.066179698,0.01049491
2019-08-06 15:00:00+00:00,0.050655293,0.011158596
2019-08-06 16:00:00+00:00,0.032522359,0.011209974
2019-08-06 17:00:00+00:00,0.107742337,0.010817108
2019-08-06 18:00:00+00:00,0.143184678,0.002082483
2019-08-06 19:00:00+00:00,0.161076175,0.001107985
2019-08-06 20:00:00+00:00,0.145403304,0.010687156
2019-08-06 21:00:00+00:00,0.064441756,0.011250155
2019-08-06 22:00:00+00:00,0.039547211,0.012191718
2019-08-06 23:00:00+00:00,0.008207878,0.014219662
2019-08-07 00:00:00+00:00,0.000131484,0.014870645
2019-08-07 01:00:00+00:00,0,0.016159341
2019-08-07 02:00:00+00:00,0,0.015999936
2019-08-07 03:00:00+00:00,0,0.015491327
2019-08-07 04:00:00+00:00,4.76629E-06,0.01325354
2019-08-07 05:00:00+00:00,0.015155592,0.011620249
2019-08-07 06:00:00+00:00,0.090559155,0.010013119
2019-08-07 07:00:00+00:00,0.143094941,0.00712322
2019-08-07 08:00:00+00:00,0.175439797,0.006109389
2019-08-07 09:00:00+00:00,0.116800641,0.004229934
2019-08-07 10:00:00+00:00,0.12692128,0.003142234
2019-08-07 11:00:00+00:00,0.134136345,0.003789171
2019-08-07 12:00:00+00:00,0.103407206,0.003931638
2019-08-07 13:00:00+00:00,0.019101477,0.010189744
2019-08-07 14:00:00+00:00,0.00021021,0.01068198
2019-08-07 15:00:00+00:00,0,0.010913842
2019-08-07 16:00:00+00:00,0,0.010998626
2019-08-07 17:00:00+00:00,0,0.010829529
2019-08-07 18:00:00+00:00,0,0.001286681
2019-08-07 19:00:00+00:00,0,0.000595894
2019-08-07 20:00:00+00:00,0,0.001492477
2019-08-07 21:00:00+00:00,0,0.010994298
2019-08-07 22:00:00+00:00,0,0.01138086
2019-08-07 23:00:00+00:00,0,0.011965219
2019-08-08 00:00:00+00:00,0,0.012383117
2019-08-08 01:00:00+00:00,0,0.01528506
2019-08-08 02:00:00+00:00,0,0.015375208
2019-08-08 03:00:00+00:00,0,0.014267088
2019-08-08 04:00:00+00:00,0,0.012655912
2019-08-08 05:00:00+00:00,0.000304549,0.011706445
2019-08-08 06:00:00+00:00,0.006209817,0.008957978
2019-08-08 07:00:00+00:00,0.01710232,0.00603298
2019-08-08 08:00:00+00:00,0.0061976,0.005809211
2019-08-08 09:00:00+00:00,0.004079176,0.006740422
2019-08-08 10:00:00+00:00,0.003578442,0.006846096
2019-08-08 11:00:00+00:00,0.000473232,0.005904816
2019-08-08 12:00:00+00:00,0,0.007648768
2019-08-08 13:00:00+00:00,0,0.010603031
2019-08-08 14:00:00+00:00,0,0.011820212
2019-08-08 15:00:00+00:00,0,0.011841384
2019-08-08 16:00:00+00:00,0,0.012270385
2019-08-08 17:00:00+00:00,0,0.012089525
2019-08-08 18:00:00+00:00,0,0.011234252
2019-08-08 19:00:00+00:00,0.010005755,0.007278391
2019-08-08 20:00:00+00:00,0.043258068,0.008978398
2019-08-08 21:00:00+00:00,0.008925012,0.010383496
2019-08-08 22:00:00+00:00,0,0.012291652
2019-08-08 23:00:00+00:00,0,0.013669837
2019-08-09 00:00:00+00:00,0,0.01409131
2019-08-09 01:00:00+00:00,0,0.013688563
2019-08-09 02:00:00+00:00,0,0.013796684
2019-08-09 03:00:00+00:00,0,0.013235472
2019-08-09 04:00:00+00:00,0,0.01367219
2019-08-09 05:00:00+00:00,0,0.013807787
2019-08-09 06:00:00+00:00,0,0.012855874
2019-08-09 07:00:00+00:00,0,0.00971454
2019-08-09 08:00:00+00:00,0,0.008484938
2019-08-09 09:00:00+00:00,0,0.00892062
2019-08-09 10:00:00+00:00,0,0.009426877
2019-08-09 11:00:00+00:00,0,0.009486254
2019-08-09 12:00:00+00:00,0,0.010010202
2019-08-09 13:00:00+00:00,0,0.01231687
2019-08-09 14:00:00+00:00,0,0.012078986
2019-08-09 15:00:00+00:00,0,0.012398549
2019-08-09 16:00:00+00:00,0.006393839,0.012512786
2019-08-09 17:00:00+00:00,0.043514517,0.012389703
2019-08-09 18:00:00+00:00,0.069554614,0.008743713
2019-08-09 19:00:00+00:00,0.09949348,0
2019-08-09 20:00:00+00:00,0.122956276,0
2019-08-09 21:00:00+00:00,0.110991631,0
2019-08-09 22:00:00+00:00,0.140544209,0.010640106
2019-08-09 23:00:00+00:00,0.12715828,0.014819454
2019-08-10 00:00:00+00:00,0.031252938,0.015494526
2019-08-10 01:00:00+00:00,0.001831515,0.016475517
2019-08-10 02:00:00+00:00,0,0.017333048
2019-08-10 03:00:00+00:00,0,0.017640848
2019-08-10 04:00:00+00:00,0,0.017900564
2019-08-10 05:00:00+00:00,0,0.017362784
2019-08-10 06:00:00+00:00,0,0.015906307
2019-08-10 07:00:00+00:00,0.000141893,0.011557861
2019-08-10 08:00:00+00:00,0.001688088,0.011274621
2019-08-10 09:00:00+00:00,0.002020523,0.010728372
2019-08-10 10:00:00+00:00,0.002196109,0.010388577
2019-08-10 11:00:00+00:00,0.002057119,0.009845245
2019-08-10 12:00:00+00:00,0.008793145,0.010747097
2019-08-10 13:00:00+00:00,0.042386002,0.015179386
2019-08-10 14:00:00+00:00,0.047286185,0.016370125
2019-08-10 15:00:00+00:00,0.038610827,0.017317992
2019-08-10 16:00:00+00:00,0.006139747,0.017666632
2019-08-10 17:00:00+00:00,0,0.016228505
2019-08-10 18:00:00+00:00,0.000792628,0.013180142
2019-08-10 19:00:00+00:00,0.015585873,0.012635586
2019-08-10 20:00:00+00:00,0.061128418,0.013019796
2019-08-10 21:00:00+00:00,0.058827725,0.012985543
2019-08-10 22:00:00+00:00,0.014605607,0.015245068
2019-08-10 23:00:00+00:00,0.000706999,0.015973871
2019-08-11 00:00:00+00:00,0,0.01745519
2019-08-11 01:00:00+00:00,0,0.018993345
2019-08-11 02:00:00+00:00,0,0.019601512
2019-08-11 03:00:00+00:00,0,0.019587585
2019-08-11 04:00:00+00:00,0,0.019445212
2019-08-11 05:00:00+00:00,0,0.018569896
2019-08-11 06:00:00+00:00,0,0.017098834
2019-08-11 07:00:00+00:00,0,0.015276403
2019-08-11 08:00:00+00:00,0,0.015545528
2019-08-11 09:00:00+00:00,0,0.015209874
2019-08-11 10:00:00+00:00,0,0.015665411
2019-08-11 11:00:00+00:00,0,0.015753207
2019-08-11 12:00:00+00:00,0,0.016659764
2019-08-11 13:00:00+00:00,0.003394638,0.016572345
2019-08-11 14:00:00+00:00,0.027956419,0.015884005
2019-08-11 15:00:00+00:00,0.049488046,0.016550326
2019-08-11 16:00:00+00:00,0.052994939,0.016425738
2019-08-11 17:00:00+00:00,0.053217858,0.017344999
2019-08-11 18:00:00+00:00,0.048810247,0.016296539
2019-08-11 19:00:00+00:00,0.032461658,0.012712089
2019-08-11 20:00:00+00:00,0.05481073,0.013590793
2019-08-11 21:00:00+00:00,0.033189804,0.014350931
2019-08-11 22:00:00+00:00,0.0053555,0.018042466
2019-08-11 23:00:00+00:00,0.01113279,0.018361182
2019-08-12 00:00:00+00:00,0.042707535,0.018761483
2019-08-12 01:00:00+00:00,0.074963365,0.018673688
2019-08-12 02:00:00+00:00,0.075198941,0.018514471
2019-08-12 03:00:00+00:00,0.046067713,0.017315828
2019-08-12 04:00:00+00:00,0.022011323,0.016193688
2019-08-12 05:00:00+00:00,0.006338452,0.015715002
2019-08-12 06:00:00+00:00,0.004074191,0.014758384
2019-08-12 07:00:00+00:00,0.003800649,0.013041627
2019-08-12 08:00:00+00:00,0.000358458,0.012877423
2019-08-12 09:00:00+00:00,0,0.012676331
2019-08-12 10:00:00+00:00,0.006765007,0.010228514
2019-08-12 11:00:00+00:00,0.035401307,0.008347553
2019-08-12 12:00:00+00:00,0.041118388,0.007714638
2019-08-12 13:00:00+00:00,0.041016927,0.011694965
2019-08-12 14:00:00+00:00,0.040980823,0.01138547
2019-08-12 15:00:00+00:00,0.040966963,0.011931908
2019-08-12 16:00:00+00:00,0.040973099,0.012043322
2019-08-12 17:00:00+00:00,0.041078998,0.011581857
2019-08-12 18:00:00+00:00,0.040369697,0.010715386
2019-08-12 19:00:00+00:00,0.048104014,0.004817681
2019-08-12 20:00:00+00:00,0.115657828,0.004566058
2019-08-12 21:00:00+00:00,0.144431364,0.013443433
2019-08-12 22:00:00+00:00,0.109107249,0.017329096
2019-08-12 23:00:00+00:00,0.029641549,0.017612242
2019-08-13 00:00:00+00:00,0.068743249,0.017619864
2019-08-13 01:00:00+00:00,0.111706684,0.017983372
2019-08-13 02:00:00+00:00,0.116625987,0.018091963
2019-08-13 03:00:00+00:00,0.097528838,0.018284115
2019-08-13 04:00:00+00:00,0.042517431,0.016841659
2019-08-13 05:00:00+00:00,0.038884697,0.015497255
2019-08-13 06:00:00+00:00,0.043215774,0.014640194
2019-08-13 07:00:00+00:00,0.038430804,0.012317717
2019-08-13 08:00:00+00:00,0.006825435,0.01146602
2019-08-13 09:00:00+00:00,0,0.011639728
2019-08-13 10:00:00+00:00,0,0.00957245
2019-08-13 11:00:00+00:00,0,0.007199535
2019-08-13 12:00:00+00:00,0,0.003329587
2019-08-13 13:00:00+00:00,0,0.007687913
2019-08-13 14:00:00+00:00,0,0.009395636
2019-08-13 15:00:00+00:00,0,0.010611876
2019-08-13 16:00:00+00:00,0,0.010637942
2019-08-13 17:00:00+00:00,0,0.011195765
2019-08-13 18:00:00+00:00,0,0.010823883
2019-08-13 19:00:00+00:00,0.005963449,0.000149579
2019-08-13 20:00:00+00:00,0.037212935,9.613E-05
2019-08-13 21:00:00+00:00,0.054024566,0.009348963
2019-08-13 22:00:00+00:00,0.066774991,0.005191728
2019-08-13 23:00:00+00:00,0.011692637,0.008284129
2019-08-14 00:00:00+00:00,0,0.018308769
2019-08-14 01:00:00+00:00,0,0.018616193
2019-08-14 02:00:00+00:00,0,0.018576671
2019-08-14 03:00:00+00:00,0.000843852,0.018001815
2019-08-14 04:00:00+00:00,0.008029169,0.016798091
2019-08-14 05:00:00+00:00,0.016483579,0.014746527
2019-08-14 06:00:00+00:00,0.023748608,0.010416243
2019-08-14 07:00:00+00:00,0.034887315,0.007423963
2019-08-14 08:00:00+00:00,0.039620568,0.007620067
2019-08-14 09:00:00+00:00,0.039217187,0.006982353
2019-08-14 10:00:00+00:00,0.03786641,0.006327607
2019-08-14 11:00:00+00:00,0.039945553,0.006157851
2019-08-14 12:00:00+00:00,0.040461462,0.00650969
2019-08-14 13:00:00+00:00,0.036594852,0.011402973
2019-08-14 14:00:00+00:00,0.014160589,0.01208435
2019-08-14 15:00:00+00:00,0.001226251,0.01220188
2019-08-14 16:00:00+00:00,0,0.013419061
2019-08-14 17:00:00+00:00,0,0.012175909
2019-08-14 18:00:00+00:00,0.002670382,0.000131794
2019-08-14 19:00:00+00:00,0.022492609,0
2019-08-14 20:00:00+00:00,0.041662183,0.000785035
2019-08-14 21:00:00+00:00,0.007535338,0.011953833
2019-08-14 22:00:00+00:00,0,0.01453038
2019-08-14 23:00:00+00:00,0,0.017085095
2019-08-15 00:00:00+00:00,0,0.018987793
2019-08-15 01:00:00+00:00,0,0.019159901
2019-08-15 02:00:00+00:00,0,0.01940729
2019-08-15 03:00:00+00:00,0,0.019606217
2019-08-15 04:00:00+00:00,0,0.019378025
2019-08-15 05:00:00+00:00,0,0.017849938
2019-08-15 06:00:00+00:00,0,0.01706364
2019-08-15 07:00:00+00:00,0,0.017310276
2019-08-15 08:00:00+00:00,0,0.017346222
2019-08-15 09:00:00+00:00,0,0.016933594
2019-08-15 10:00:00+00:00,0,0.016773248
2019-08-15 11:00:00+00:00,0,0.016849187
2019-08-15 12:00:00+00:00,0,0.01738772
2019-08-15 13:00:00+00:00,0,0.018247322
2019-08-15 14:00:00+00:00,0,0.018532162
2019-08-15 15:00:00+00:00,0,0.018652045
2019-08-15 16:00:00+00:00,0,0.018861887
2019-08-15 17:00:00+00:00,0,0.018722337
2019-08-15 18:00:00+00:00,0.003923806,0.016105328
2019-08-15 19:00:00+00:00,0.021000158,0.00387179
2019-08-15 20:00:00+00:00,0.003964402,0.003625437
2019-08-15 21:00:00+00:00,0,0.005241883
2019-08-15 22:00:00+00:00,0,0.016402872
2019-08-15 23:00:00+00:00,0,0.018554275
2019-08-16 00:00:00+00:00,0,0.018977724
2019-08-16 01:00:00+00:00,0,0.01882453
2019-08-16 02:00:00+00:00,0,0.018745204
2019-08-16 03:00:00+00:00,0,0.01883281
2019-08-16 04:00:00+00:00,0,0.018800252
2019-08-16 05:00:00+00:00,0,0.018055546
2019-08-16 06:00:00+00:00,0,0.016534235
2019-08-16 07:00:00+00:00,0.001272051,0.01249199
2019-08-16 08:00:00+00:00,0.013469532,0.012190494
2019-08-16 09:00:00+00:00,0.035918367,0.010110606
2019-08-16 10:00:00+00:00,0.039909121,0.010378885
2019-08-16 11:00:00+00:00,0.039896684,0.010416243
2019-08-16 12:00:00+00:00,0.035442506,0.011673886
2019-08-16 13:00:00+00:00,0.017814962,0.01441586
2019-08-16 14:00:00+00:00,0.040823755,0.007691113
2019-08-16 15:00:00+00:00,0.071702786,0.009594563
2019-08-16 16:00:00+00:00,0.090730905,0.007371361
2019-08-16 17:00:00+00:00,0.108400688,0.006653192
2019-08-16 18:00:00+00:00,0.148194103,0.006108825
2019-08-16 19:00:00+00:00,0.214725027,0.00235142
2019-08-16 20:00:00+00:00,0.150802961,0.012336631
2019-08-16 21:00:00+00:00,0.044843708,0.015876665
2019-08-16 22:00:00+00:00,0.004255748,0.019429497
2019-08-16 23:00:00+00:00,0,0.01940936
2019-08-17 00:00:00+00:00,0,0.02012433
2019-08-17 01:00:00+00:00,0.005449895,0.020274043
2019-08-17 02:00:00+00:00,0.034153526,0.020819445
2019-08-17 03:00:00+00:00,0.034625553,0.020944504
2019-08-17 04:00:00+00:00,0.006829051,0.021070504
2019-08-17 05:00:00+00:00,0,0.019997107
2019-08-17 06:00:00+00:00,0,0.019603488
2019-08-17 07:00:00+00:00,0,0.017478809
2019-08-17 08:00:00+00:00,0,0.017560111
2019-08-17 09:00:00+00:00,0,0.016834131
2019-08-17 10:00:00+00:00,0,0.016435901
2019-08-17 11:00:00+00:00,0.010931127,0.01652746
2019-08-17 12:00:00+00:00,0.067080143,0.016670774
2019-08-17 13:00:00+00:00,0.073782915,0.019335962
2019-08-17 14:00:00+00:00,0.026582906,0.019766845
2019-08-17 15:00:00+00:00,0.002520654,0.019962196
2019-08-17 16:00:00+00:00,0.009823814,0.019427051
2019-08-17 17:00:00+00:00,0.07034905,0.0191073
2019-08-17 18:00:00+00:00,0.146702912,0.017970292
2019-08-17 19:00:00+00:00,0.234291408,0.010175253
2019-08-17 20:00:00+00:00,0.116058799,0.013234155
2019-08-17 21:00:00+00:00,0.049637609,0.018502332
2019-08-17 22:00:00+00:00,0.007188878,0.019244215
2019-08-17 23:00:00+00:00,0,0.019495273
2019-08-18 00:00:00+00:00,0,0.019436367
2019-08-18 01:00:00+00:00,0,0.01964348
2019-08-18 02:00:00+00:00,0,0.019629553
2019-08-18 03:00:00+00:00,0.002707252,0.019672745
2019-08-18 04:00:00+00:00,0.015193011,0.019994378
2019-08-18 05:00:00+00:00,0.003054807,0.019234805
2019-08-18 06:00:00+00:00,0.0004305,0.0189797
2019-08-18 07:00:00+00:00,0.022769602,0.018783502
2019-08-18 08:00:00+00:00,0.116936782,0.018901221
2019-08-18 09:00:00+00:00,0.148594361,0.0189813
2019-08-18 10:00:00+00:00,0.222750909,0.017406822
2019-08-18 11:00:00+00:00,0.166777424,0.018287032
2019-08-18 12:00:00+00:00,0.138960487,0.018912701
2019-08-18 13:00:00+00:00,0.101650034,0.018366922
2019-08-18 14:00:00+00:00,0.051124472,0.017690533
2019-08-18 15:00:00+00:00,0.008888471,0.017961823
2019-08-18 16:00:00+00:00,0.021539844,0.017911103
2019-08-18 17:00:00+00:00,0.116624343,0.017628333
2019-08-18 18:00:00+00:00,0.240942572,0.016387533
2019-08-18 19:00:00+00:00,0.254753962,0.003956386
2019-08-18 20:00:00+00:00,0.155787293,0.004557778
2019-08-18 21:00:00+00:00,0.090593395,0.017423101
2019-08-18 22:00:00+00:00,0.113664204,0.018591539
2019-08-18 23:00:00+00:00,0.141307802,0.018973772
2019-08-19 00:00:00+00:00,0.025691227,0.019301145
2019-08-19 01:00:00+00:00,0,0.019197729
2019-08-19 02:00:00+00:00,0,0.019217679
2019-08-19 03:00:00+00:00,0.016035822,0.019054698
2019-08-19 04:00:00+00:00,0.105018705,0.018336622
2019-08-19 05:00:00+00:00,0.157258159,0.017883814
2019-08-19 06:00:00+00:00,0.105790843,0.006625244
2019-08-19 07:00:00+00:00,0.094303759,0.003664018
2019-08-19 08:00:00+00:00,0.062849158,0.002890894
2019-08-19 09:00:00+00:00,0.06283338,0.001830483
2019-08-19 10:00:00+00:00,0.079910115,0
2019-08-19 11:00:00+00:00,0.070653873,0
2019-08-19 12:00:00+00:00,0.040902974,0
2019-08-19 13:00:00+00:00,0.005758718,0.010530386
2019-08-19 14:00:00+00:00,0.005428091,0.011652526
2019-08-19 15:00:00+00:00,0.028914498,0.011481923
2019-08-19 16:00:00+00:00,0.006541046,0.013880338
2019-08-19 17:00:00+00:00,0,0.014233307
2019-08-19 18:00:00+00:00,0.00584725,0.01362147
2019-08-19 19:00:00+00:00,0.031425839,0.002014448
2019-08-19 20:00:00+00:00,0.024494834,0.00759673
2019-08-19 21:00:00+00:00,0.051182434,0.015486998
2019-08-19 22:00:00+00:00,0.0471461,0.017154917
2019-08-19 23:00:00+00:00,0.042117775,0.017446532
2019-08-20 00:00:00+00:00,0.029164043,0.017170255
2019-08-20 01:00:00+00:00,0.009209839,0.017102221
2019-08-20 02:00:00+00:00,0.000296825,0.016577709
2019-08-20 03:00:00+00:00,0,0.016432231
2019-08-20 04:00:00+00:00,0,0.016174209
2019-08-20 05:00:00+00:00,0.025963508,0.014969355
2019-08-20 06:00:00+00:00,0.15905768,0.007890134
2019-08-20 07:00:00+00:00,0.195237152,0.00725863
2019-08-20 08:00:00+00:00,0.186139896,0.007034296
2019-08-20 09:00:00+00:00,0.135232044,0.006673706
2019-08-20 10:00:00+00:00,0.034405372,0.009602185
2019-08-20 11:00:00+00:00,0.002414974,0
2019-08-20 12:00:00+00:00,0,0
2019-08-20 13:00:00+00:00,0,0.002604078
2019-08-20 14:00:00+00:00,0,0.007241974
2019-08-20 15:00:00+00:00,0,0.00756803
2019-08-20 16:00:00+00:00,0,0.010343692
2019-08-20 17:00:00+00:00,0,0.010760554
2019-08-20 18:00:00+00:00,0,0.008346612
2019-08-20 19:00:00+00:00,0,0.006711722
2019-08-20 20:00:00+00:00,0,0.009788597
2019-08-20 21:00:00+00:00,0,0.01254318
2019-08-20 22:00:00+00:00,0,0.013438163
2019-08-20 23:00:00+00:00,0.002582671,0.013958723
2019-08-21 00:00:00+00:00,0.011645194,0.014366928
2019-08-21 01:00:00+00:00,0.011740848,0.01462335
2019-08-21 02:00:00+00:00,0.003115674,0.015011418
2019-08-21 03:00:00+00:00,0,0.015420093
2019-08-21 04:00:00+00:00,0,0.015185314
2019-08-21 05:00:00+00:00,0,0.014926634
2019-08-21 06:00:00+00:00,0.001374609,0.014013584
2019-08-21 07:00:00+00:00,0.008018157,0.012683954
2019-08-21 08:00:00+00:00,0.001407041,0.012998435
2019-08-21 09:00:00+00:00,0,0.012264268
2019-08-21 10:00:00+00:00,0,0
2019-08-21 11:00:00+00:00,0,0.006089628
2019-08-21 12:00:00+00:00,0,0
2019-08-21 13:00:00+00:00,0,0.008065536
2019-08-21 14:00:00+00:00,0,0.008609244
2019-08-21 15:00:00+00:00,0,0.001323662
2019-08-21 16:00:00+00:00,0,0.003384824
2019-08-21 17:00:00+00:00,0,0.00656662
2019-08-21 18:00:00+00:00,0.001980092,0.003762823
2019-08-21 19:00:00+00:00,0.013551052,0.002230502
2019-08-21 20:00:00+00:00,0.01432445,0.014845614
2019-08-21 21:00:00+00:00,0.002175016,0.015173552
2019-08-21 22:00:00+00:00,0.00011209,0.016095918
2019-08-21 23:00:00+00:00,0.007511123,0.016469118
2019-08-22 00:00:00+00:00,0.03487592,0.016875158
2019-08-22 01:00:00+00:00,0.037638833,0.016838648
2019-08-22 02:00:00+00:00,0.021744521,0.016895672
2019-08-22 03:00:00+00:00,0.002935102,0.016935288
2019-08-22 04:00:00+00:00,0,0.016681501
2019-08-22 05:00:00+00:00,0,0.016419151
2019-08-22 06:00:00+00:00,0,0.015129043
2019-08-22 07:00:00+00:00,0,0.01270475
2019-08-22 08:00:00+00:00,0,0.013041909
2019-08-22 09:00:00+00:00,0,0.011652055
2019-08-22 10:00:00+00:00,0,0.010041067
2019-08-22 11:00:00+00:00,0,0.004702033
2019-08-22 12:00:00+00:00,0,0.005973885
2019-08-22 13:00:00+00:00,0,0.008823886
2019-08-22 14:00:00+00:00,0,0.009090094
2019-08-22 15:00:00+00:00,0,0.009116819
2019-08-22 16:00:00+00:00,0,0.013946208
2019-08-22 17:00:00+00:00,0.00039237,0.013766854
2019-08-22 18:00:00+00:00,0.009330585,0.012046333
2019-08-22 19:00:00+00:00,0.041107048,0.00766787
2019-08-22 20:00:00+00:00,0.064913071,0.009834047
2019-08-22 21:00:00+00:00,0.027807076,0.010881848
2019-08-22 22:00:00+00:00,0.003075735,0.017979419
2019-08-22 23:00:00+00:00,0,0.018256826
2019-08-23 00:00:00+00:00,0,0.018229819
2019-08-23 01:00:00+00:00,0.004847151,0.018139766
2019-08-23 02:00:00+00:00,0.028815283,0.018028163
2019-08-23 03:00:00+00:00,0.021210806,0.018159526
2019-08-23 04:00:00+00:00,0.004996933,0.017680935
2019-08-23 05:00:00+00:00,0.011216337,0.017402494
2019-08-23 06:00:00+00:00,0.017630282,0.016312912
2019-08-23 07:00:00+00:00,0.014823322,0.014477402
2019-08-23 08:00:00+00:00,0.001832063,0.014304352
2019-08-23 09:00:00+00:00,0,0.014188421
2019-08-23 10:00:00+00:00,0,0.012793956
2019-08-23 11:00:00+00:00,0,0.013424895
2019-08-23 12:00:00+00:00,0,0.010453883
2019-08-23 13:00:00+00:00,0,0.011108064
2019-08-23 14:00:00+00:00,0,0.0115078
2019-08-23 15:00:00+00:00,0,0.011485404
2019-08-23 16:00:00+00:00,0,0.010995521
2019-08-23 17:00:00+00:00,0.002680846,0.01069826
2019-08-23 18:00:00+00:00,0.02491991,0.00960115
2019-08-23 19:00:00+00:00,0.056544837,0.007652908
2019-08-23 20:00:00+00:00,0.048738917,0.010471291
2019-08-23 21:00:00+00:00,0.035143544,0.015337474
2019-08-23 22:00:00+00:00,0.005347173,0.017766942
2019-08-23 23:00:00+00:00,0,0.01796267
2019-08-24 00:00:00+00:00,0,0.017703237
2019-08-24 01:00:00+00:00,0,0.018002756
2019-08-24 02:00:00+00:00,0,0.018142024
2019-08-24 03:00:00+00:00,0,0.01872883
2019-08-24 04:00:00+00:00,0,0.018791312
2019-08-24 05:00:00+00:00,0.007288587,0.018510331
2019-08-24 06:00:00+00:00,0.044506179,0.017881179
2019-08-24 07:00:00+00:00,0.047116023,0.01584279
2019-08-24 08:00:00+00:00,0.007513205,0.015518898
2019-08-24 09:00:00+00:00,0,0.015356576
2019-08-24 10:00:00+00:00,0,0.015346695
2019-08-24 11:00:00+00:00,0,0.015640004
2019-08-24 12:00:00+00:00,0,0.015965119
2019-08-24 13:00:00+00:00,0,0.017639719
2019-08-24 14:00:00+00:00,0,0.017892565
2019-08-24 15:00:00+00:00,0,0.016085097
2019-08-24 16:00:00+00:00,0.002839503,0.016121043
2019-08-24 17:00:00+00:00,0.024869891,0.014902921
2019-08-24 18:00:00+00:00,0.066066732,0.009597669
2019-08-24 19:00:00+00:00,0.105769751,0.009917702
2019-08-24 20:00:00+00:00,0.036437126,0.010398081
2019-08-24 21:00:00+00:00,0.011269917,0.009659022
2019-08-24 22:00:00+00:00,0.045432756,0.016396567
2019-08-24 23:00:00+00:00,0.039804646,0.016712742
2019-08-25 00:00:00+00:00,0.032560983,0.018253438
2019-08-25 01:00:00+00:00,0.00522818,0.018377556
2019-08-25 02:00:00+00:00,0,0.018399575
2019-08-25 03:00:00+00:00,0,0.018693072
2019-08-25 04:00:00+00:00,0,0.019221254
2019-08-25 05:00:00+00:00,0,0.019400985
2019-08-25 06:00:00+00:00,0,0.019539312
2019-08-25 07:00:00+00:00,0,0.01746507
2019-08-25 08:00:00+00:00,0,0.017133839
2019-08-25 09:00:00+00:00,0,0.017063358
2019-08-25 10:00:00+00:00,0,0.017028259
2019-08-25 11:00:00+00:00,0,0.016426867
2019-08-25 12:00:00+00:00,0,0.016504876
2019-08-25 13:00:00+00:00,0,0.018664184
2019-08-25 14:00:00+00:00,0,0.01901687
2019-08-25 15:00:00+00:00,0,0.019065425
2019-08-25 16:00:00+00:00,0,0.018747838
2019-08-25 17:00:00+00:00,0,0.018534608
2019-08-25 18:00:00+00:00,0.002008963,0.016442393
2019-08-25 19:00:00+00:00,0.012071256,0.012868483
2019-08-25 20:00:00+00:00,0.002620856,0.009616771
2019-08-25 21:00:00+00:00,0.000819199,0.013012644
2019-08-25 22:00:00+00:00,0.011133941,0.016743325
2019-08-25 23:00:00+00:00,0.031117729,0.018899527
2019-08-26 00:00:00+00:00,0.009731775,0.018977442
2019-08-26 01:00:00+00:00,0.000360156,0.01896041
2019-08-26 02:00:00+00:00,0,0.018893881
2019-08-26 03:00:00+00:00,0.023709108,0.018836104
2019-08-26 04:00:00+00:00,0.143785395,0.018738805
2019-08-26 05:00:00+00:00,0.162703288,0.018961539
2019-08-26 06:00:00+00:00,0.144851455,0.017053195
2019-08-26 07:00:00+00:00,0.175875173,0.013453784
2019-08-26 08:00:00+00:00,0.255119213,0.01362721
2019-08-26 09:00:00+00:00,0.231250078,0.009011427
2019-08-26 10:00:00+00:00,0.190580926,0.008799796
2019-08-26 11:00:00+00:00,0.070933331,0.008218918
2019-08-26 12:00:00+00:00,0.016999653,0.008128112
2019-08-26 13:00:00+00:00,0.004316066,0.009136015
2019-08-26 14:00:00+00:00,0.022141821,0.009485596
2019-08-26 15:00:00+00:00,0.063021785,0.007009736
2019-08-26 16:00:00+00:00,0.090120656,0.006208194
2019-08-26 17:00:00+00:00,0.098044364,0.005255245
2019-08-26 18:00:00+00:00,0.140839884,0.004696857
2019-08-26 19:00:00+00:00,0.203197621,0.003659689
2019-08-26 20:00:00+00:00,0.140130748,0.005414556
2019-08-26 21:00:00+00:00,0.026097621,0.010523799
2019-08-26 22:00:00+00:00,0.000541659,0.015144193
2019-08-26 23:00:00+00:00,0,0.015663624
2019-08-27 00:00:00+00:00,0,0.016169222
2019-08-27 01:00:00+00:00,0,0.01647674
2019-08-27 02:00:00+00:00,0,0.016606221
2019-08-27 03:00:00+00:00,0.011523516,0.016628429
2019-08-27 04:00:00+00:00,0.071664436,0.016384334
2019-08-27 05:00:00+00:00,0.139099421,0.014156239
2019-08-27 06:00:00+00:00,0.20370356,0.010703247
2019-08-27 07:00:00+00:00,0.232325725,0.00868857
2019-08-27 08:00:00+00:00,0.220420139,0.009586188
2019-08-27 09:00:00+00:00,0.218432323,0.01087959
2019-08-27 10:00:00+00:00,0.186476768,0.010562097
2019-08-27 11:00:00+00:00,0.114352413,0.01124018
2019-08-27 12:00:00+00:00,0.044535653,0.011823599
2019-08-27 13:00:00+00:00,0.103242194,0.013508926
2019-08-27 14:00:00+00:00,0.190737118,0.013341147
2019-08-27 15:00:00+00:00,0.148852508,0.012429414
2019-08-27 16:00:00+00:00,0.201459021,0.012620436
2019-08-27 17:00:00+00:00,0.197533462,0.012490014
2019-08-27 18:00:00+00:00,0.238696117,0.009514578
2019-08-27 19:00:00+00:00,0.222276855,0.009208378
2019-08-27 20:00:00+00:00,0.16390505,0.010846749
2019-08-27 21:00:00+00:00,0.091527971,0.011350277
2019-08-27 22:00:00+00:00,0.020561276,0.012343406
2019-08-27 23:00:00+00:00,0.001052912,0.012963336
2019-08-28 00:00:00+00:00,0,0.014109189
2019-08-28 01:00:00+00:00,0,0.014327218
2019-08-28 02:00:00+00:00,0.005917375,0.014365517
2019-08-28 03:00:00+00:00,0.047951603,0.014675011
2019-08-28 04:00:00+00:00,0.115042538,0.014850225
2019-08-28 05:00:00+00:00,0.187832093,0.014756031
2019-08-28 06:00:00+00:00,0.26224465,0.013024218
2019-08-28 07:00:00+00:00,0.276003556,0.008632769
2019-08-28 08:00:00+00:00,0.149841266,0.008051138
2019-08-28 09:00:00+00:00,0.173820081,0.008295327
2019-08-28 10:00:00+00:00,0.201173482,0.008444005
2019-08-28 11:00:00+00:00,0.198962253,0.00935188
2019-08-28 12:00:00+00:00,0.195465112,0.009379451
2019-08-28 13:00:00+00:00,0.204765511,0.010958069
2019-08-28 14:00:00+00:00,0.202643745,0.011317342
2019-08-28 15:00:00+00:00,0.1889611,0.008816076
2019-08-28 16:00:00+00:00,0.22681732,0.008729222
2019-08-28 17:00:00+00:00,0.229827533,0.007229459
2019-08-28 18:00:00+00:00,0.274405644,0.006475908
2019-08-28 19:00:00+00:00,0.31815453,0.007012277
2019-08-28 20:00:00+00:00,0.162755059,0.010119734
2019-08-28 21:00:00+00:00,0.071070677,0.011813719
2019-08-28 22:00:00+00:00,0.00976618,0.013609707
2019-08-28 23:00:00+00:00,0,0.01397265
2019-08-29 00:00:00+00:00,0,0.014176847
2019-08-29 01:00:00+00:00,0,0.014978295
2019-08-29 02:00:00+00:00,0,0.015214015
2019-08-29 03:00:00+00:00,0,0.01498714
2019-08-29 04:00:00+00:00,0,0.014703147
2019-08-29 05:00:00+00:00,0.008088392,0.014253632
2019-08-29 06:00:00+00:00,0.054246555,0.007670599
2019-08-29 07:00:00+00:00,0.074544206,0.006056129
2019-08-29 08:00:00+00:00,0.050507922,0.005703819
2019-08-29 09:00:00+00:00,0.007957237,0.006804975
2019-08-29 10:00:00+00:00,0,0.00686868
2019-08-29 11:00:00+00:00,0,0.006457276
2019-08-29 12:00:00+00:00,0,0.007988374
2019-08-29 13:00:00+00:00,0,0.009731478
2019-08-29 14:00:00+00:00,0,0.009773917
2019-08-29 15:00:00+00:00,0,0.010771563
2019-08-29 16:00:00+00:00,0.00670058,0.010272929
2019-08-29 17:00:00+00:00,0.044689872,0.009564545
2019-08-29 18:00:00+00:00,0.064775396,0.010699671
2019-08-29 19:00:00+00:00,0.068642609,0.010765259
2019-08-29 20:00:00+00:00,0.019971297,0.011486534
2019-08-29 21:00:00+00:00,0.001279666,0.012205644
2019-08-29 22:00:00+00:00,0.002879934,0.012701738
2019-08-29 23:00:00+00:00,0.020233005,0.012827362
2019-08-30 00:00:00+00:00,0.022677563,0.015019228
2019-08-30 01:00:00+00:00,0.00349736,0.015251561
2019-08-30 02:00:00+00:00,0,0.015110411
2019-08-30 03:00:00+00:00,0,0.015050375
2019-08-30 04:00:00+00:00,9.20387E-06,0.013470816
2019-08-30 05:00:00+00:00,0.02009407,0.012252882
2019-08-30 06:00:00+00:00,0.100282822,0.004429802
2019-08-30 07:00:00+00:00,0.072107263,0.003943306
2019-08-30 08:00:00+00:00,0.036744086,0.003512799
2019-08-30 09:00:00+00:00,0.004979512,0.004399784
2019-08-30 10:00:00+00:00,0,0.004655359
2019-08-30 11:00:00+00:00,0,0.005070339
2019-08-30 12:00:00+00:00,0,0.005528888
2019-08-30 13:00:00+00:00,0.005454716,0.00850517
2019-08-30 14:00:00+00:00,0.028684894,0.008518344
2019-08-30 15:00:00+00:00,0.005540345,0.00482408
2019-08-30 16:00:00+00:00,0.001418984,0.004106381
2019-08-30 17:00:00+00:00,0.011238306,0.00396382
2019-08-30 18:00:00+00:00,0.020262479,0.002324037
2019-08-30 19:00:00+00:00,0.018993879,0.004059707
2019-08-30 20:00:00+00:00,0.002910066,0.006672294
2019-08-30 21:00:00+00:00,0,0.010345574
2019-08-30 22:00:00+00:00,0,0.012783699
2019-08-30 23:00:00+00:00,0,0.01257348
2019-08-31 00:00:00+00:00,0,0.01368414
2019-08-31 01:00:00+00:00,0,0.014700606
2019-08-31 02:00:00+00:00,0,0.015988738
2019-08-31 03:00:00+00:00,0,0.016081333
2019-08-31 04:00:00+00:00,0,0.017637743
2019-08-31 05:00:00+00:00,0,0.016685735
2019-08-31 06:00:00+00:00,0,0.017285245
2019-08-31 07:00:00+00:00,0,0.015263229
2019-08-31 08:00:00+00:00,0,0.015126596
2019-08-31 09:00:00+00:00,0,0.015130266
2019-08-31 10:00:00+00:00,0,0.01498093
2019-08-31 11:00:00+00:00,0,0.015029673
2019-08-31 12:00:00+00:00,0,0.015151815
2019-08-31 13:00:00+00:00,0,0.017113231
2019-08-31 14:00:00+00:00,0,0.017275929
2019-08-31 15:00:00+00:00,0,0.017051784
2019-08-31 16:00:00+00:00,0,0.016554654
2019-08-31 17:00:00+00:00,0,0.015355164
2019-08-31 18:00:00+00:00,0,0.014668989
2019-08-31 19:00:00+00:00,0,0.014686868
2019-08-31 20:00:00+00:00,0,0.015895109
2019-08-31 21:00:00+00:00,0,0.015848624
2019-08-31 22:00:00+00:00,0,0.014461969
2019-08-31 23:00:00+00:00,0,0.015053386
2019-09-01 00:00:00+00:00,0,0.026389408
2019-09-01 01:00:00+00:00,0,0.026874869
2019-09-01 02:00:00+00:00,0,0.027110589
2019-09-01 03:00:00+00:00,0,0.027294554
2019-09-01 04:00:00+00:00,0,0.027645547
2019-09-01 05:00:00+00:00,0,0.028665494
2019-09-01 06:00:00+00:00,0,0.028698806
2019-09-01 07:00:00+00:00,0,0.026861413
2019-09-01 08:00:00+00:00,0,0.026546085
2019-09-01 09:00:00+00:00,0,0.026542791
2019-09-01 10:00:00+00:00,0,0.025904418
2019-09-01 11:00:00+00:00,0,0.026115954
2019-09-01 12:00:00+00:00,0,0.026701914
2019-09-01 13:00:00+00:00,0,0.028225389
2019-09-01 14:00:00+00:00,0,0.028768628
2019-09-01 15:00:00+00:00,0,0.029203933
2019-09-01 16:00:00+00:00,0,0.028903473
2019-09-01 17:00:00+00:00,0,0.028278368
2019-09-01 18:00:00+00:00,0,0.02566644
2019-09-01 19:00:00+00:00,0,0.025982615
2019-09-01 20:00:00+00:00,0,0.026147007
2019-09-01 21:00:00+00:00,0.005141182,0.027157357
2019-09-01 22:00:00+00:00,0.043892204,0.027675753
2019-09-01 23:00:00+00:00,0.095697104,0.028780296
2019-09-02 00:00:00+00:00,0.088404025,0.02905168
2019-09-02 01:00:00+00:00,0.077337251,0.02907831
2019-09-02 02:00:00+00:00,0.079047472,0.028893122
2019-09-02 03:00:00+00:00,0.073600645,0.028651756
2019-09-02 04:00:00+00:00,0.037503843,0.02759605
2019-09-02 05:00:00+00:00,0.006399646,0.025516162
2019-09-02 06:00:00+00:00,0.007745,0.023226902
2019-09-02 07:00:00+00:00,0.006264656,0.023034939
2019-09-02 08:00:00+00:00,0.000652379,0.024341515
2019-09-02 09:00:00+00:00,0,0.025085185
2019-09-02 10:00:00+00:00,0,0.024340291
2019-09-02 11:00:00+00:00,0,0.025581468
2019-09-02 12:00:00+00:00,0,0.025165641
2019-09-02 13:00:00+00:00,0,0.025820293
2019-09-02 14:00:00+00:00,0,0.025937635
2019-09-02 15:00:00+00:00,0.000590965,0.026033335
2019-09-02 16:00:00+00:00,0.022035429,0.02420187
2019-09-02 17:00:00+00:00,0.105544476,0.022039363
2019-09-02 18:00:00+00:00,0.117918418,0.019805152
2019-09-02 19:00:00+00:00,0.104143187,0.019319973
2019-09-02 20:00:00+00:00,0.101355017,0.024637835
2019-09-02 21:00:00+00:00,0.038004084,0.026004352
2019-09-02 22:00:00+00:00,0.009108706,0.026020349
2019-09-02 23:00:00+00:00,0.030891303,0.02649066
2019-09-03 00:00:00+00:00,0.035290532,0.02824628
2019-09-03 01:00:00+00:00,0.013747784,0.028603859
2019-09-03 02:00:00+00:00,0.001186368,0.02873908
2019-09-03 03:00:00+00:00,0.000532564,0.028693818
2019-09-03 04:00:00+00:00,0.006966561,0.029139757
2019-09-03 05:00:00+00:00,0.014569339,0.028113787
2019-09-03 06:00:00+00:00,0.014924674,0.02720149
2019-09-03 07:00:00+00:00,0.006995213,0.026968593
2019-09-03 08:00:00+00:00,0.025616226,0.025640939
2019-09-03 09:00:00+00:00,0.032708519,0.020309809
2019-09-03 10:00:00+00:00,0.006663217,0.023387625
2019-09-03 11:00:00+00:00,0.006914022,0.018580913
2019-09-03 12:00:00+00:00,0.014743939,0.017879023
2019-09-03 13:00:00+00:00,0.033169205,0.017128107
2019-09-03 14:00:00+00:00,0.109649401,0.017873847
2019-09-03 15:00:00+00:00,0.128704255,0.016866415
2019-09-03 16:00:00+00:00,0.211194522,0.017994766
2019-09-03 17:00:00+00:00,0.210219953,0.01695628
2019-09-03 18:00:00+00:00,0.220436794,0.015753026
2019-09-03 19:00:00+00:00,0.199354403,0.017522573
2019-09-03 20:00:00+00:00,0.141096715,0.019580159
2019-09-03 21:00:00+00:00,0.069427184,0.020086322
2019-09-03 22:00:00+00:00,0.00950628,0.026280723
2019-09-03 23:00:00+00:00,0,0.026731743
2019-09-04 00:00:00+00:00,0,0.028669917
2019-09-04 01:00:00+00:00,0,0.026591535
2019-09-04 02:00:00+00:00,0,0.026397407
2019-09-04 03:00:00+00:00,0.001431585,0.026675472
2019-09-04 04:00:00+00:00,0.017630666,0.025654771
2019-09-04 05:00:00+00:00,0.066897326,0.019983659
2019-09-04 06:00:00+00:00,0.124549147,0.018749352
2019-09-04 07:00:00+00:00,0.120024734,0.018409652
2019-09-04 08:00:00+00:00,0.050704107,0.01751081
2019-09-04 09:00:00+00:00,0.152641598,0.017212985
2019-09-04 10:00:00+00:00,0.360896196,0.017469783
2019-09-04 11:00:00+00:00,0.406063957,0.018028548
2019-09-04 12:00:00+00:00,0.292570627,0.018177978
2019-09-04 13:00:00+00:00,0.128770545,0.02107277
2019-09-04 14:00:00+00:00,0.022845479,0.022453873
2019-09-04 15:00:00+00:00,0.007585247,0.02739223
2019-09-04 16:00:00+00:00,0.012856707,0.028976212
2019-09-04 17:00:00+00:00,0.002144063,0.02850703
2019-09-04 18:00:00+00:00,0,0.027654862
2019-09-04 19:00:00+00:00,0,0.027430717
2019-09-04 20:00:00+00:00,0,0.028056574
2019-09-04 21:00:00+00:00,0.000964817,0.028235364
2019-09-04 22:00:00+00:00,0.017636418,0.028470331
2019-09-04 23:00:00+00:00,0.076063885,0.030736819
2019-09-05 00:00:00+00:00,0.112528458,0.031159045
2019-09-05 01:00:00+00:00,0.132102893,0.031226608
2019-09-05 02:00:00+00:00,0.189015173,0.031403798
2019-09-05 03:00:00+00:00,0.228495602,0.031184734
2019-09-05 04:00:00+00:00,0.215920653,0.030392978
2019-09-05 05:00:00+00:00,0.081009923,0.029098636
2019-09-05 06:00:00+00:00,0.05428611,0.028300199
2019-09-05 07:00:00+00:00,0.059819113,0.027529521
2019-09-05 08:00:00+00:00,0.044481416,0.027176083
2019-09-05 09:00:00+00:00,0.029193408,0.026841087
2019-09-05 10:00:00+00:00,0.017652909,0.027480307
2019-09-05 11:00:00+00:00,0.022607986,0.027817467
2019-09-05 12:00:00+00:00,0.009819705,0.028203464
2019-09-05 13:00:00+00:00,0.01108825,0.028864703
2019-09-05 14:00:00+00:00,0.031174815,0.029032201
2019-09-05 15:00:00+00:00,0.070549727,0.029028531
2019-09-05 16:00:00+00:00,0.090562716,0.027866775
2019-09-05 17:00:00+00:00,0.049224092,0.027676882
2019-09-05 18:00:00+00:00,0.076712593,0.02642639
2019-09-05 19:00:00+00:00,0.12044236,0.025916086
2019-09-05 20:00:00+00:00,0.073519892,0.028192172
2019-09-05 21:00:00+00:00,0.101415774,0.029000866
2019-09-05 22:00:00+00:00,0.0988325,0.031157539
2019-09-05 23:00:00+00:00,0.052304155,0.031354396
2019-09-06 00:00:00+00:00,0.046178324,0.031641212
2019-09-06 01:00:00+00:00,0.074064893,0.031534785
2019-09-06 02:00:00+00:00,0.095164156,0.031647328
2019-09-06 03:00:00+00:00,0.031543846,0.031454518
2019-09-06 04:00:00+00:00,0.003800485,0.030388838
2019-09-06 05:00:00+00:00,0.007938117,0.030442475
2019-09-06 06:00:00+00:00,0.016970453,0.029988067
2019-09-06 07:00:00+00:00,0.026200453,0.030424784
2019-09-06 08:00:00+00:00,0.085533788,0.029387898
2019-09-06 09:00:00+00:00,0.1308899,0.028980728
2019-09-06 10:00:00+00:00,0.054333937,0.028705863
2019-09-06 11:00:00+00:00,0.005941699,0.027491317
2019-09-06 12:00:00+00:00,0,0.027306129
2019-09-06 13:00:00+00:00,0,0.027751032
2019-09-06 14:00:00+00:00,0,0.027635196
2019-09-06 15:00:00+00:00,0,0.028223319
2019-09-06 16:00:00+00:00,0,0.027705018
2019-09-06 17:00:00+00:00,0.000423597,0.026837512
2019-09-06 18:00:00+00:00,0.012863227,0.027761383
2019-09-06 19:00:00+00:00,0.052494588,0.028837226
2019-09-06 20:00:00+00:00,0.038688567,0.028341697
2019-09-06 21:00:00+00:00,0.00561677,0.030240819
2019-09-06 22:00:00+00:00,0,0.031049983
2019-09-06 23:00:00+00:00,0,0.03248811
2019-09-07 00:00:00+00:00,0,0.03287646
2019-09-07 01:00:00+00:00,0,0.03297263
2019-09-07 02:00:00+00:00,0,0.033054214
2019-09-07 03:00:00+00:00,0.011976368,0.033051297
2019-09-07 04:00:00+00:00,0.07674152,0.033057602
2019-09-07 05:00:00+00:00,0.09474434,0.03239561
2019-09-07 06:00:00+00:00,0.090741315,0.032135048
2019-09-07 07:00:00+00:00,0.081527038,0.031617499
2019-09-07 08:00:00+00:00,0.04648753,0.031940826
2019-09-07 09:00:00+00:00,0.051107653,0.03230885
2019-09-07 10:00:00+00:00,0.129116074,0.03238046
2019-09-07 11:00:00+00:00,0.125301892,0.032604229
2019-09-07 12:00:00+00:00,0.06868326,0.033002554
2019-09-07 13:00:00+00:00,0.01450924,0.033026643
2019-09-07 14:00:00+00:00,0.004472367,0.032976488
2019-09-07 15:00:00+00:00,0.032478915,0.032854441
2019-09-07 16:00:00+00:00,0.088445717,0.03222256
2019-09-07 17:00:00+00:00,0.101539643,0.031708964
2019-09-07 18:00:00+00:00,0.07634904,0.030737195
2019-09-07 19:00:00+00:00,0.046105405,0.031094492
2019-09-07 20:00:00+00:00,0.031742277,0.030935558
2019-09-07 21:00:00+00:00,0.047773935,0.030810593
2019-09-07 22:00:00+00:00,0.040548954,0.031004815
2019-09-07 23:00:00+00:00,0.017789268,0.032841643
2019-09-08 00:00:00+00:00,0.001770758,0.033472018
2019-09-08 01:00:00+00:00,0,0.033324657
2019-09-08 02:00:00+00:00,0,0.033332373
2019-09-08 03:00:00+00:00,0.000179585,0.03341791
2019-09-08 04:00:00+00:00,0.006230799,0.032013471
2019-09-08 05:00:00+00:00,0.0158936,0.032130249
2019-09-08 06:00:00+00:00,0.027453603,0.031995309
2019-09-08 07:00:00+00:00,0.066189176,0.032197436
2019-09-08 08:00:00+00:00,0.075629714,0.032099384
2019-09-08 09:00:00+00:00,0.019366362,0.0321693
2019-09-08 10:00:00+00:00,0.00100859,0.032466373
2019-09-08 11:00:00+00:00,0,0.032891892
2019-09-08 12:00:00+00:00,0,0.033690141
2019-09-08 13:00:00+00:00,0,0.033750271
2019-09-08 14:00:00+00:00,0.000327011,0.033801179
2019-09-08 15:00:00+00:00,0.011278792,0.033961054
2019-09-08 16:00:00+00:00,0.060302097,0.033319199
2019-09-08 17:00:00+00:00,0.143946244,0.032224348
2019-09-08 18:00:00+00:00,0.290332444,0.030771353
2019-09-08 19:00:00+00:00,0.345393377,0.031045843
2019-09-08 20:00:00+00:00,0.375757265,0.031347997
2019-09-08 21:00:00+00:00,0.346735826,0.031465434
2019-09-08 22:00:00+00:00,0.180324366,0.030615242
2019-09-08 23:00:00+00:00,0.06302195,0.032805132
2019-09-09 00:00:00+00:00,0.022911714,0.032891892
2019-09-09 01:00:00+00:00,0.018352841,0.033159324
2019-09-09 02:00:00+00:00,0.002941677,0.033185295
2019-09-09 03:00:00+00:00,0.007664247,0.033180308
2019-09-09 04:00:00+00:00,0.053416782,0.031590869
2019-09-09 05:00:00+00:00,0.09653378,0.029698239
2019-09-09 06:00:00+00:00,0.139572708,0.027879479
2019-09-09 07:00:00+00:00,0.232706754,0.027448596
2019-09-09 08:00:00+00:00,0.146160103,0.027258985
2019-09-09 09:00:00+00:00,0.040348331,0.02631714
2019-09-09 10:00:00+00:00,0.016843023,0.026449915
2019-09-09 11:00:00+00:00,0.016014784,0.026515126
2019-09-09 12:00:00+00:00,0.006901038,0.028802974
2019-09-09 13:00:00+00:00,0.000555738,0.032178334
2019-09-09 14:00:00+00:00,0,0.033027772
2019-09-09 15:00:00+00:00,0,0.032516246
2019-09-09 16:00:00+00:00,0,0.03280485
2019-09-09 17:00:00+00:00,0.00746724,0.027418672
2019-09-09 18:00:00+00:00,0.04605188,0.027627668
2019-09-09 19:00:00+00:00,0.041050181,0.027346027
2019-09-09 20:00:00+00:00,0.006345245,0.031638107
2019-09-09 21:00:00+00:00,0,0.032504013
2019-09-09 22:00:00+00:00,0.002228103,0.033044146
2019-09-09 23:00:00+00:00,0.019534661,0.034579196
2019-09-10 00:00:00+00:00,0.03707674,0.03515311
2019-09-10 01:00:00+00:00,0.034754626,0.035653157
2019-09-10 02:00:00+00:00,0.007772064,0.035723826
2019-09-10 03:00:00+00:00,0.004234272,0.035505796
2019-09-10 04:00:00+00:00,0.025384267,0.035690514
2019-09-10 05:00:00+00:00,0.044628185,0.033003589
2019-09-10 06:00:00+00:00,0.09328717,0.031768341
2019-09-10 07:00:00+00:00,0.081615351,0.030678571
2019-09-10 08:00:00+00:00,0.067833874,0.031243546
2019-09-10 09:00:00+00:00,0.010832404,0.030379616
2019-09-10 10:00:00+00:00,0.014518444,0.02991194
2019-09-10 11:00:00+00:00,0.098676911,0.030129875
2019-09-10 12:00:00+00:00,0.152337706,0.029110774
2019-09-10 13:00:00+00:00,0.147626202,0.029244208
2019-09-10 14:00:00+00:00,0.10050881,0.029545045
2019-09-10 15:00:00+00:00,0.046281265,0.028221343
2019-09-10 16:00:00+00:00,0.005603786,0.028351295
2019-09-10 17:00:00+00:00,0.006216391,0.028120656
2019-09-10 18:00:00+00:00,0.036319996,0.025241861
2019-09-10 19:00:00+00:00,0.021420468,0.025344995
2019-09-10 20:00:00+00:00,0.016211243,0.026964829
2019-09-10 21:00:00+00:00,0.021256223,0.028348472
2019-09-10 22:00:00+00:00,0.037748841,0.029607245
2019-09-10 23:00:00+00:00,0.108188999,0.030816051
2019-09-11 00:00:00+00:00,0.117764034,0.031304993
2019-09-11 01:00:00+00:00,0.093869424,0.031551441
2019-09-11 02:00:00+00:00,0.086452586,0.031566497
2019-09-11 03:00:00+00:00,0.095472267,0.031692402
2019-09-11 04:00:00+00:00,0.05887621,0.031876179
2019-09-11 05:00:00+00:00,0.041299891,0.030422149
2019-09-11 06:00:00+00:00,0.048521037,0.025863861
2019-09-11 07:00:00+00:00,0.053986546,0.023800158
2019-09-11 08:00:00+00:00,0.054255649,0.024447
2019-09-11 09:00:00+00:00,0.088717176,0.023416608
2019-09-11 10:00:00+00:00,0.10687931,0.024272351
2019-09-11 11:00:00+00:00,0.129566351,0.024286937
2019-09-11 12:00:00+00:00,0.144266462,0.026524912
2019-09-11 13:00:00+00:00,0.161441262,0.028874019
2019-09-11 14:00:00+00:00,0.162781904,0.030089789
2019-09-11 15:00:00+00:00,0.10670356,0.030217953
2019-09-11 16:00:00+00:00,0.040767874,0.030111714
2019-09-11 17:00:00+00:00,0.025864183,0.027228026
2019-09-11 18:00:00+00:00,0.076009593,0.026378963
2019-09-11 19:00:00+00:00,0.033780933,0.026151148
2019-09-11 20:00:00+00:00,0.019168862,0.027769476
2019-09-11 21:00:00+00:00,0.032657514,0.028395804
2019-09-11 22:00:00+00:00,0.05081932,0.030275448
2019-09-11 23:00:00+00:00,0.097927125,0.030908269
2019-09-12 00:00:00+00:00,0.151283041,0.032125732
2019-09-12 01:00:00+00:00,0.15926,0.032362487
2019-09-12 02:00:00+00:00,0.137861008,0.032473807
2019-09-12 03:00:00+00:00,0.044301721,0.032496203
2019-09-12 04:00:00+00:00,0.005748473,0.030939039
2019-09-12 05:00:00+00:00,0.011454049,0.028533943
2019-09-12 06:00:00+00:00,0.025813014,0.027146441
2019-09-12 07:00:00+00:00,0.027611877,0.02625174
2019-09-12 08:00:00+00:00,0.032658336,0.028398627
2019-09-12 09:00:00+00:00,0.060715395,0.029205533
2019-09-12 10:00:00+00:00,0.062116519,0.029699839
2019-09-12 11:00:00+00:00,0.042313576,0.029859244
2019-09-12 12:00:00+00:00,0.058251443,0.030729479
2019-09-12 13:00:00+00:00,0.10511929,0.030884367
2019-09-12 14:00:00+00:00,0.221837151,0.030969904
2019-09-12 15:00:00+00:00,0.426838182,0.031355054
2019-09-12 16:00:00+00:00,0.40895063,0.031143706
2019-09-12 17:00:00+00:00,0.229149679,0.029831485
2019-09-12 18:00:00+00:00,0.164989901,0.02857497
2019-09-12 19:00:00+00:00,0.104841202,0.029923703
2019-09-12 20:00:00+00:00,0.030108426,0.031472209
2019-09-12 21:00:00+00:00,0.00281337,0.031439744
2019-09-12 22:00:00+00:00,0.0026975,0.033679225
2019-09-12 23:00:00+00:00,0.012347536,0.034193575
2019-09-13 00:00:00+00:00,0.002139899,0.034368224
2019-09-13 01:00:00+00:00,0,0.034661815
2019-09-13 02:00:00+00:00,0.001233044,0.034612601
2019-09-13 03:00:00+00:00,0.038197749,0.034735684
2019-09-13 04:00:00+00:00,0.181060456,0.03377756
2019-09-13 05:00:00+00:00,0.209923183,0.031189251
2019-09-13 06:00:00+00:00,0.199426062,0.029743313
2019-09-13 07:00:00+00:00,0.215959167,0.021474106
2019-09-13 08:00:00+00:00,0.16621911,0.021614973
2019-09-13 09:00:00+00:00,0.039232691,0.027911473
2019-09-13 10:00:00+00:00,0.003067244,0.0282651
2019-09-13 11:00:00+00:00,0.006781607,0.031521329
2019-09-13 12:00:00+00:00,0.027735855,0.032898762
2019-09-13 13:00:00+00:00,0.019337271,0.03491739
2019-09-13 14:00:00+00:00,0.007675916,0.034565551
2019-09-13 15:00:00+00:00,0.049755561,0.034423084
2019-09-13 16:00:00+00:00,0.162829238,0.03271075
2019-09-13 17:00:00+00:00,0.198148861,0.032530926
2019-09-13 18:00:00+00:00,0.255659173,0.030591246
2019-09-13 19:00:00+00:00,0.192073158,0.030657399
2019-09-13 20:00:00+00:00,0.073082051,0.033629352
2019-09-13 21:00:00+00:00,0.040648334,0.035163367
2019-09-13 22:00:00+00:00,0.006615554,0.035872503
2019-09-13 23:00:00+00:00,0,0.035549929
2019-09-14 00:00:00+00:00,0,0.035486882
2019-09-14 01:00:00+00:00,0,0.035822819
2019-09-14 02:00:00+00:00,0,0.036017605
2019-09-14 03:00:00+00:00,0.002471238,0.036075194
2019-09-14 04:00:00+00:00,0.022271661,0.03491692
2019-09-14 05:00:00+00:00,0.087571952,0.03422124
2019-09-14 06:00:00+00:00,0.144985514,0.033388081
2019-09-14 07:00:00+00:00,0.089534403,0.031305182
2019-09-14 08:00:00+00:00,0.015286309,0.031023917
2019-09-14 09:00:00+00:00,0.01516907,0.032519257
2019-09-14 10:00:00+00:00,0.061133568,0.032697482
2019-09-14 11:00:00+00:00,0.047960478,0.032617121
2019-09-14 12:00:00+00:00,0.020811479,0.033811153
2019-09-14 13:00:00+00:00,0.029346587,0.035357025
2019-09-14 14:00:00+00:00,0.09100735,0.035575901
2019-09-14 15:00:00+00:00,0.091811922,0.035795059
2019-09-14 16:00:00+00:00,0.021497496,0.035326254
2019-09-14 17:00:00+00:00,0.069525414,0.033091102
2019-09-14 18:00:00+00:00,0.239734948,0.03078528
2019-09-14 19:00:00+00:00,0.202611532,0.031502415
2019-09-14 20:00:00+00:00,0.113611501,0.032326729
2019-09-14 21:00:00+00:00,0.040648881,0.033469383
2019-09-14 22:00:00+00:00,0.012364739,0.035701806
2019-09-14 23:00:00+00:00,0.008863982,0.035976954
2019-09-15 00:00:00+00:00,0.052992199,0.035785555
2019-09-15 01:00:00+00:00,0.085322592,0.035733518
2019-09-15 02:00:00+00:00,0.041063165,0.035780097
2019-09-15 03:00:00+00:00,0.004972773,0.035719403
2019-09-15 04:00:00+00:00,0,0.034617777
2019-09-15 05:00:00+00:00,0,0.034358344
2019-09-15 06:00:00+00:00,0.008206782,0.033511634
2019-09-15 07:00:00+00:00,0.060665102,0.031432028
2019-09-15 08:00:00+00:00,0.116881668,0.030699649
2019-09-15 09:00:00+00:00,0.146717211,0.032084516
2019-09-15 10:00:00+00:00,0.167456811,0.031363147
2019-09-15 11:00:00+00:00,0.150397717,0.031541184
2019-09-15 12:00:00+00:00,0.076954578,0.033464301
2019-09-15 13:00:00+00:00,0.030701089,0.035224062
2019-09-15 14:00:00+00:00,0.038252972,0.035008008
2019-09-15 15:00:00+00:00,0.035957539,0.034845875
2019-09-15 16:00:00+00:00,0.012213587,0.03517193
2019-09-15 17:00:00+00:00,0.050126181,0.031901021
2019-09-15 18:00:00+00:00,0.220514479,0.032531961
2019-09-15 19:00:00+00:00,0.2963996,0.033160641
2019-09-15 20:00:00+00:00,0.170463025,0.03267998
2019-09-15 21:00:00+00:00,0.048462636,0.03259209
2019-09-15 22:00:00+00:00,0.004759714,0.032002179
2019-09-15 23:00:00+00:00,0,0.033701621
2019-09-16 00:00:00+00:00,0.002007539,0.034441622
2019-09-16 01:00:00+00:00,0.013927588,0.034446703
2019-09-16 02:00:00+00:00,0.018453042,0.034162616
2019-09-16 03:00:00+00:00,0.050308395,0.034240625
2019-09-16 04:00:00+00:00,0.216860434,0.033043863
2019-09-16 05:00:00+00:00,0.318700681,0.032716773
2019-09-16 06:00:00+00:00,0.342783806,0.030496206
2019-09-16 07:00:00+00:00,0.330182342,0.029325604
2019-09-16 08:00:00+00:00,0.277656581,0.02966314
2019-09-16 09:00:00+00:00,0.218019902,0.03074717
2019-09-16 10:00:00+00:00,0.173439161,0.030584001
2019-09-16 11:00:00+00:00,0.13678295,0.029618631
2019-09-16 12:00:00+00:00,0.121772264,0.031087905
2019-09-16 13:00:00+00:00,0.169149446,0.032097502
2019-09-16 14:00:00+00:00,0.232730805,0.032523774
2019-09-16 15:00:00+00:00,0.331105413,0.032027115
2019-09-16 16:00:00+00:00,0.300323845,0.031704447
2019-09-16 17:00:00+00:00,0.223346531,0.029869972
2019-09-16 18:00:00+00:00,0.299678204,0.028879948
2019-09-16 19:00:00+00:00,0.283485314,0.030881168
2019-09-16 20:00:00+00:00,0.115655472,0.032040477
2019-09-16 21:00:00+00:00,0.040877444,0.031448119
2019-09-16 22:00:00+00:00,0.072359547,0.031932921
2019-09-16 23:00:00+00:00,0.104156554,0.032064379
2019-09-17 00:00:00+00:00,0.099705827,0.032450564
2019-09-17 01:00:00+00:00,0.100052122,0.032621261
2019-09-17 02:00:00+00:00,0.119873583,0.032797228
2019-09-17 03:00:00+00:00,0.136613007,0.032767587
2019-09-17 04:00:00+00:00,0.150998488,0.030931605
2019-09-17 05:00:00+00:00,0.169292216,0.029523496
2019-09-17 06:00:00+00:00,0.168733026,0.029444358
2019-09-17 07:00:00+00:00,0.145884808,0.029251454
2019-09-17 08:00:00+00:00,0.097901704,0.02985388
2019-09-17 09:00:00+00:00,0.057806644,0.030631051
2019-09-17 10:00:00+00:00,0.061663777,0.028743503
2019-09-17 11:00:00+00:00,0.077065737,0.028410201
2019-09-17 12:00:00+00:00,0.090352506,0.03141349
2019-09-17 13:00:00+00:00,0.084855606,0.031391283
2019-09-17 14:00:00+00:00,0.085463883,0.031722796
2019-09-17 15:00:00+00:00,0.09570965,0.031771822
2019-09-17 16:00:00+00:00,0.073487843,0.031255309
2019-09-17 17:00:00+00:00,0.072243951,0.029878441
2019-09-17 18:00:00+00:00,0.124837809,0.028870161
2019-09-17 19:00:00+00:00,0.106186884,0.030148695
2019-09-17 20:00:00+00:00,0.05950673,0.032072754
2019-09-17 21:00:00+00:00,0.01120412,0.03205064
2019-09-17 22:00:00+00:00,0.013360236,0.0329125
2019-09-17 23:00:00+00:00,0.002471512,0.033195646
2019-09-18 00:00:00+00:00,0,0.033449434
2019-09-18 01:00:00+00:00,0,0.033728063
2019-09-18 02:00:00+00:00,0,0.033989472
2019-09-18 03:00:00+00:00,0.003991411,0.033793839
2019-09-18 04:00:00+00:00,0.029522118,0.032923322
2019-09-18 05:00:00+00:00,0.059852642,0.031617122
2019-09-18 06:00:00+00:00,0.081067995,0.029867995
2019-09-18 07:00:00+00:00,0.073052138,0.028655049
2019-09-18 08:00:00+00:00,0.082774107,0.029931983
2019-09-18 09:00:00+00:00,0.050136316,0.030674242
2019-09-18 10:00:00+00:00,0.050684658,0.030270084
2019-09-18 11:00:00+00:00,0.052315003,0.030556524
2019-09-18 12:00:00+00:00,0.008847766,0.030344046
2019-09-18 13:00:00+00:00,0.003561897,0.029963224
2019-09-18 14:00:00+00:00,0.019146839,0.029390721
2019-09-18 15:00:00+00:00,0.004128976,0.02934593
2019-09-18 16:00:00+00:00,0.010423271,0.028982705
2019-09-18 17:00:00+00:00,0.085266054,0.028077841
2019-09-18 18:00:00+00:00,0.205716522,0.02526548
2019-09-18 19:00:00+00:00,0.207917726,0.025183519
2019-09-18 20:00:00+00:00,0.067486976,0.028140511
2019-09-18 21:00:00+00:00,0.019056991,0.030026083
2019-09-18 22:00:00+00:00,0.007685832,0.030259921
2019-09-18 23:00:00+00:00,0.001174096,0.030976209
2019-09-19 00:00:00+00:00,0,0.031819531
2019-09-19 01:00:00+00:00,0,0.032174946
2019-09-19 02:00:00+00:00,0,0.03239354
2019-09-19 03:00:00+00:00,0.00094252,0.03244313
2019-09-19 04:00:00+00:00,0.027074108,0.030886532
2019-09-19 05:00:00+00:00,0.129657513,0.028966614
2019-09-19 06:00:00+00:00,0.170925848,0.027193491
2019-09-19 07:00:00+00:00,0.19174012,0.02679479
2019-09-19 08:00:00+00:00,0.109609901,0.028079441
2019-09-19 09:00:00+00:00,0.028602169,0.029959366
2019-09-19 10:00:00+00:00,0.012251498,0.028517758
2019-09-19 11:00:00+00:00,0.002663862,0.028286837
2019-09-19 12:00:00+00:00,0,0.028812478
2019-09-19 13:00:00+00:00,0,0.028916741
2019-09-19 14:00:00+00:00,0.001637576,0.029358445
2019-09-19 15:00:00+00:00,0.019813681,0.027867998
2019-09-19 16:00:00+00:00,0.095661713,0.026595581
2019-09-19 17:00:00+00:00,0.275132147,0.024744262
2019-09-19 18:00:00+00:00,0.337419869,0.023931992
2019-09-19 19:00:00+00:00,0.193130836,0.024626449
2019-09-19 20:00:00+00:00,0.066857442,0.026981578
2019-09-19 21:00:00+00:00,0.023305234,0.027691561
2019-09-19 22:00:00+00:00,0.014443005,0.028611481
2019-09-19 23:00:00+00:00,0.008475886,0.029423844
2019-09-20 00:00:00+00:00,0.001123968,0.02973635
2019-09-20 01:00:00+00:00,0,0.029917398
2019-09-20 02:00:00+00:00,0,0.03013044
2019-09-20 03:00:00+00:00,0,0.029485292
2019-09-20 04:00:00+00:00,0.005014574,0.02783384
2019-09-20 05:00:00+00:00,0.036542861,0.024418112
2019-09-20 06:00:00+00:00,0.061534922,0.023614029
2019-09-20 07:00:00+00:00,0.056360377,0.023277528
2019-09-20 08:00:00+00:00,0.020289817,0.026182295
2019-09-20 09:00:00+00:00,0.002706047,0.028141264
2019-09-20 10:00:00+00:00,0,0.028699464
2019-09-20 11:00:00+00:00,0,0.028369268
2019-09-20 12:00:00+00:00,0,0.029505617
2019-09-20 13:00:00+00:00,0,0.030032858
2019-09-20 14:00:00+00:00,0,0.03071734
2019-09-20 15:00:00+00:00,0,0.029952685
2019-09-20 16:00:00+00:00,0.004398846,0.029220777
2019-09-20 17:00:00+00:00,0.026898796,0.027906297
2019-09-20 18:00:00+00:00,0.053423138,0.027292766
2019-09-20 19:00:00+00:00,0.02464615,0.029481151
2019-09-20 20:00:00+00:00,0.003054917,0.028111811
2019-09-20 21:00:00+00:00,0,0.027259549
2019-09-20 22:00:00+00:00,0,0.027942337
2019-09-20 23:00:00+00:00,0,0.029251171
2019-09-21 00:00:00+00:00,0,0.03079215
2019-09-21 01:00:00+00:00,0,0.031802687
2019-09-21 02:00:00+00:00,0,0.032286925
2019-09-21 03:00:00+00:00,0,0.031628038
2019-09-21 04:00:00+00:00,0,0.030465811
2019-09-21 05:00:00+00:00,0.002163238,0.030183606
2019-09-21 06:00:00+00:00,0.023325888,0.029647802
2019-09-21 07:00:00+00:00,0.076514765,0.026957395
2019-09-21 08:00:00+00:00,0.103640042,0.026805141
2019-09-21 09:00:00+00:00,0.100009719,0.027328713
2019-09-21 10:00:00+00:00,0.091804197,0.02667613
2019-09-21 11:00:00+00:00,0.092407927,0.026611202
2019-09-21 12:00:00+00:00,0.0757761,0.028554456
2019-09-21 13:00:00+00:00,0.012846298,0.030232444
2019-09-21 14:00:00+00:00,0,0.028245433
2019-09-21 15:00:00+00:00,0,0.026013668
2019-09-21 16:00:00+00:00,0,0.025563118
2019-09-21 17:00:00+00:00,0.004043401,0.0241376
2019-09-21 18:00:00+00:00,0.021271015,0.021666351
2019-09-21 19:00:00+00:00,0.02512497,0.021763651
2019-09-21 20:00:00+00:00,0.005681306,0.023022612
2019-09-21 21:00:00+00:00,0.000697522,0.023647152
2019-09-21 22:00:00+00:00,0.004565392,0.031234042
2019-09-21 23:00:00+00:00,0.000238807,0.031384602
2019-09-22 00:00:00+00:00,0.000866917,0.031412361
2019-09-22 01:00:00+00:00,0.015462114,0.031670101
2019-09-22 02:00:00+00:00,0.039845954,0.031990134
2019-09-22 03:00:00+00:00,0.009610481,0.032030126
2019-09-22 04:00:00+00:00,0,0.030514932
2019-09-22 05:00:00+00:00,0,0.031489899
2019-09-22 06:00:00+00:00,0.018049551,0.030005005
2019-09-22 07:00:00+00:00,0.123935775,0.02895965
2019-09-22 08:00:00+00:00,0.192539926,0.029100329
2019-09-22 09:00:00+00:00,0.172989541,0.029300291
2019-09-22 10:00:00+00:00,0.198718405,0.028664647
2019-09-22 11:00:00+00:00,0.196974491,0.028832898
2019-09-22 12:00:00+00:00,0.107898748,0.029367479
2019-09-22 13:00:00+00:00,0.014964064,0.030918243
2019-09-22 14:00:00+00:00,0,0.031023823
2019-09-22 15:00:00+00:00,0,0.030566686
2019-09-22 16:00:00+00:00,0.004228465,0.030014415
2019-09-22 17:00:00+00:00,0.054730689,0.029610727
2019-09-22 18:00:00+00:00,0.18471987,0.024488593
2019-09-22 19:00:00+00:00,0.172579531,0.022581942
2019-09-22 20:00:00+00:00,0.076020276,0.023338128
2019-09-22 21:00:00+00:00,0.022841096,0.028110964
2019-09-22 22:00:00+00:00,0.00235871,0.02788823
2019-09-22 23:00:00+00:00,1.22718E-05,0.031373028
2019-09-23 00:00:00+00:00,0.004317381,0.032102113
2019-09-23 01:00:00+00:00,0.015510599,0.032639423
2019-09-23 02:00:00+00:00,0.011370118,0.032402762
2019-09-23 03:00:00+00:00,0.004645104,0.032085833
2019-09-23 04:00:00+00:00,0.039688283,0.029854445
2019-09-23 05:00:00+00:00,0.142991507,0.021869983
2019-09-23 06:00:00+00:00,0.129997508,0.020480412
2019-09-23 07:00:00+00:00,0.099048901,0.018781816
2019-09-23 08:00:00+00:00,0.101077806,0.019454912
2019-09-23 09:00:00+00:00,0.072740467,0.021324393
2019-09-23 10:00:00+00:00,0.094630496,0.020798845
2019-09-23 11:00:00+00:00,0.038029888,0.021435807
2019-09-23 12:00:00+00:00,0.004072876,0.025621836
2019-09-23 13:00:00+00:00,0,0.029827533
2019-09-23 14:00:00+00:00,0,0.029927937
2019-09-23 15:00:00+00:00,0,0.027640747
2019-09-23 16:00:00+00:00,0.007070762,0.022624946
2019-09-23 17:00:00+00:00,0.061185997,0.024964455
2019-09-23 18:00:00+00:00,0.134734761,0.019405322
2019-09-23 19:00:00+00:00,0.051917374,0.022605562
2019-09-23 20:00:00+00:00,0.005259134,0.024624849
2019-09-23 21:00:00+00:00,0,0.029258135
2019-09-23 22:00:00+00:00,0,0.031031916
2019-09-23 23:00:00+00:00,0,0.031725714
2019-09-24 00:00:00+00:00,0,0.031844279
2019-09-24 01:00:00+00:00,0,0.031937626
2019-09-24 02:00:00+00:00,0,0.031498463
2019-09-24 03:00:00+00:00,0,0.03125305
2019-09-24 04:00:00+00:00,0.005918361,0.028890675
2019-09-24 05:00:00+00:00,0.033898064,0.025558131
2019-09-24 06:00:00+00:00,0.034995241,0.019542425
2019-09-24 07:00:00+00:00,0.01369908,0.020331264
2019-09-24 08:00:00+00:00,0.001355215,0.021493584
2019-09-24 09:00:00+00:00,0.000572886,0.026029759
2019-09-24 10:00:00+00:00,0.004292618,0.028612045
2019-09-24 11:00:00+00:00,0.000621371,0.028164036
2019-09-24 12:00:00+00:00,0,0.028400133
2019-09-24 13:00:00+00:00,0,0.029089131
2019-09-24 14:00:00+00:00,0,0.029324569
2019-09-24 15:00:00+00:00,3.81851E-05,0.028899332
2019-09-24 16:00:00+00:00,0.013622984,0.025750941
2019-09-24 17:00:00+00:00,0.088684414,0.018323645
2019-09-24 18:00:00+00:00,0.169865102,0.01768226
2019-09-24 19:00:00+00:00,0.11232937,0.018488884
2019-09-24 20:00:00+00:00,0.020155867,0.023035786
2019-09-24 21:00:00+00:00,0.000418009,0.028194807
2019-09-24 22:00:00+00:00,0,0.029830544
2019-09-24 23:00:00+00:00,0,0.03185209
2019-09-25 00:00:00+00:00,0,0.03244793
2019-09-25 01:00:00+00:00,0,0.033342913
2019-09-25 02:00:00+00:00,0,0.03363688
2019-09-25 03:00:00+00:00,0,0.033678849
2019-09-25 04:00:00+00:00,0.015644986,0.032754695
2019-09-25 05:00:00+00:00,0.097940218,0.024725724
2019-09-25 06:00:00+00:00,0.1167996,0.024372003
2019-09-25 07:00:00+00:00,0.066522049,0.022784539
2019-09-25 08:00:00+00:00,0.050541122,0.022432794
2019-09-25 09:00:00+00:00,0.068717719,0.024469114
2019-09-25 10:00:00+00:00,0.081504192,0.024271975
2019-09-25 11:00:00+00:00,0.017398378,0.023985535
2019-09-25 12:00:00+00:00,0.000373304,0.025887198
2019-09-25 13:00:00+00:00,0,0.031862158
2019-09-25 14:00:00+00:00,0,0.031515024
2019-09-25 15:00:00+00:00,0.000650845,0.031027399
2019-09-25 16:00:00+00:00,0.020517448,0.022514755
2019-09-25 17:00:00+00:00,0.118115096,0.020282332
2019-09-25 18:00:00+00:00,0.226031485,0.018770148
2019-09-25 19:00:00+00:00,0.171701219,0.019023182
2019-09-25 20:00:00+00:00,0.029994966,0.020386406
2019-09-25 21:00:00+00:00,0.005131704,0.028031356
2019-09-25 22:00:00+00:00,0.026844669,0.028720448
2019-09-25 23:00:00+00:00,0.021548446,0.030211083
2019-09-26 00:00:00+00:00,0.003232694,0.030282881
2019-09-26 01:00:00+00:00,0,0.030138438
2019-09-26 02:00:00+00:00,0,0.030208637
2019-09-26 03:00:00+00:00,0.008862722,0.024895104
2019-09-26 04:00:00+00:00,0.052281091,0.022721775
2019-09-26 05:00:00+00:00,0.070164315,0.022035505
2019-09-26 06:00:00+00:00,0.115354538,0.020342932
2019-09-26 07:00:00+00:00,0.067632923,0.018662404
2019-09-26 08:00:00+00:00,0.018008956,0.022308677
2019-09-26 09:00:00+00:00,0.001501984,0.022898871
2019-09-26 10:00:00+00:00,0,0.022909598
2019-09-26 11:00:00+00:00,0,0.023135814
2019-09-26 12:00:00+00:00,0.000531633,0.029631711
2019-09-26 13:00:00+00:00,0,0.031865828
2019-09-26 14:00:00+00:00,0,0.031316097
2019-09-26 15:00:00+00:00,0,0.025582503
2019-09-26 16:00:00+00:00,0.001687869,0.024407761
2019-09-26 17:00:00+00:00,0.025222706,0.02244371
2019-09-26 18:00:00+00:00,0.098785878,0.020172988
2019-09-26 19:00:00+00:00,0.127667122,0.021103635
2019-09-26 20:00:00+00:00,0.112479206,0.022287975
2019-09-26 21:00:00+00:00,0.091548461,0.02388466
2019-09-26 22:00:00+00:00,0.057855567,0.025133553
2019-09-26 23:00:00+00:00,0.051893214,0.026452455
2019-09-27 00:00:00+00:00,0.032631601,0.032466185
2019-09-27 01:00:00+00:00,0.0235201,0.033292005
2019-09-27 02:00:00+00:00,0.024543099,0.033429014
2019-09-27 03:00:00+00:00,0.052990227,0.033446893
2019-09-27 04:00:00+00:00,0.119802472,0.033447269
2019-09-27 05:00:00+00:00,0.121608347,0.025308578
2019-09-27 06:00:00+00:00,0.071797947,0.02276045
2019-09-27 07:00:00+00:00,0.015673255,0.021602552
2019-09-27 08:00:00+00:00,0.0050664,0.024362028
2019-09-27 09:00:00+00:00,0.025280723,0.024276397
2019-09-27 10:00:00+00:00,0.030740206,0.023963139
2019-09-27 11:00:00+00:00,0.030775487,0.025068906
2019-09-27 12:00:00+00:00,0.006142924,0.025418016
2019-09-27 13:00:00+00:00,0,0.025977345
2019-09-27 14:00:00+00:00,0,0.025940364
2019-09-27 15:00:00+00:00,0.000655228,0.026152277
2019-09-27 16:00:00+00:00,0.009884461,0.026772395
2019-09-27 17:00:00+00:00,0.039594052,0.024361746
2019-09-27 18:00:00+00:00,0.073990495,0.023272635
2019-09-27 19:00:00+00:00,0.059833905,0.023238853
2019-09-27 20:00:00+00:00,0.049895591,0.026362025
2019-09-27 21:00:00+00:00,0.048197149,0.032555674
2019-09-27 22:00:00+00:00,0.009914812,0.032765328
2019-09-27 23:00:00+00:00,0.000110775,0.03261778
2019-09-28 00:00:00+00:00,0,0.033503917
2019-09-28 01:00:00+00:00,0,0.034080937
2019-09-28 02:00:00+00:00,0,0.035028052
2019-09-28 03:00:00+00:00,0,0.035176729
2019-09-28 04:00:00+00:00,0.004200032,0.03363067
2019-09-28 05:00:00+00:00,0.025608502,0.035157157
2019-09-28 06:00:00+00:00,0.028237082,0.034205808
2019-09-28 07:00:00+00:00,0.026200727,0.032811437
2019-09-28 08:00:00+00:00,0.009748594,0.032250885
2019-09-28 09:00:00+00:00,0.021964099,0.034010362
2019-09-28 10:00:00+00:00,0.004151273,0.034230838
2019-09-28 11:00:00+00:00,0,0.035944396
2019-09-28 12:00:00+00:00,0,0.035987399
2019-09-28 13:00:00+00:00,0,0.03706503
2019-09-28 14:00:00+00:00,0,0.037175597
2019-09-28 15:00:00+00:00,0,0.037246266
2019-09-28 16:00:00+00:00,0.000571955,0.037040376
2019-09-28 17:00:00+00:00,0.011715811,0.03498072
2019-09-28 18:00:00+00:00,0.040208575,0.027817279
2019-09-28 19:00:00+00:00,0.026315227,0.027764489
2019-09-28 20:00:00+00:00,0.013039908,0.034112461
2019-09-28 21:00:00+00:00,0.001805218,0.034646759
2019-09-28 22:00:00+00:00,0,0.034677718
2019-09-28 23:00:00+00:00,0,0.035353167
2019-09-29 00:00:00+00:00,0,0.035368975
2019-09-29 01:00:00+00:00,0,0.036340085
2019-09-29 02:00:00+00:00,0,0.036843801
2019-09-29 03:00:00+00:00,0,0.036976106
2019-09-29 04:00:00+00:00,0,0.036882382
2019-09-29 05:00:00+00:00,0,0.037457238
2019-09-29 06:00:00+00:00,0,0.037144921
2019-09-29 07:00:00+00:00,0,0.035299059
2019-09-29 08:00:00+00:00,0,0.03469428
2019-09-29 09:00:00+00:00,0,0.034378575
2019-09-29 10:00:00+00:00,0,0.034345075
2019-09-29 11:00:00+00:00,0,0.035811338
2019-09-29 12:00:00+00:00,0,0.035992104
2019-09-29 13:00:00+00:00,0,0.037405483
2019-09-29 14:00:00+00:00,0,0.03708018
2019-09-29 15:00:00+00:00,0,0.037085356
2019-09-29 16:00:00+00:00,0,0.036967449
2019-09-29 17:00:00+00:00,0.012743303,0.032933108
2019-09-29 18:00:00+00:00,0.071512518,0.032398621
2019-09-29 19:00:00+00:00,0.109243225,0.025453398
2019-09-29 20:00:00+00:00,0.042058005,0.025225018
2019-09-29 21:00:00+00:00,0.00888984,0.031094398
2019-09-29 22:00:00+00:00,0.025806166,0.03322143
2019-09-29 23:00:00+00:00,0.023717929,0.035378573
2019-09-30 00:00:00+00:00,0.003759232,0.035789225
2019-09-30 01:00:00+00:00,0,0.0358295
2019-09-30 02:00:00+00:00,0,0.035840133
2019-09-30 03:00:00+00:00,0.002396074,0.035462511
2019-09-30 04:00:00+00:00,0.020080703,0.033931413
2019-09-30 05:00:00+00:00,0.049594,0.032794687
2019-09-30 06:00:00+00:00,0.036318516,0.025441918
2019-09-30 07:00:00+00:00,0.024667351,0.025793004
2019-09-30 08:00:00+00:00,0.015397906,0.027633878
2019-09-30 09:00:00+00:00,0.003883539,0.029226329
2019-09-30 10:00:00+00:00,0.011082224,0.0344627
2019-09-30 11:00:00+00:00,0.038362706,0.034921343
2019-09-30 12:00:00+00:00,0.046422884,0.035002927
2019-09-30 13:00:00+00:00,0.041173283,0.035164402
2019-09-30 14:00:00+00:00,0.011797496,0.035804375
2019-09-30 15:00:00+00:00,0.022385614,0.03564911
2019-09-30 16:00:00+00:00,0.046897212,0.034804565
2019-09-30 17:00:00+00:00,0.136741204,0.030941298
2019-09-30 18:00:00+00:00,0.196487837,0.026498376
2019-09-30 19:00:00+00:00,0.069065713,0.032095149
2019-09-30 20:00:00+00:00,0.017479021,0.03435298
2019-09-30 21:00:00+00:00,0.012484389,0.034936869
2019-09-30 22:00:00+00:00,0.007667698,0.02898581
2019-09-30 23:00:00+00:00,0.000865054,0.030882109
2019-10-01 00:00:00+00:00,0,0.108969552
2019-10-01 01:00:00+00:00,0,0.108934735
2019-10-01 02:00:00+00:00,0,0.109080119
2019-10-01 03:00:00+00:00,0,0.108916856
2019-10-01 04:00:00+00:00,0,0.106735811
2019-10-01 05:00:00+00:00,0,0.100282071
2019-10-01 06:00:00+00:00,0,0.099163789
2019-10-01 07:00:00+00:00,0.003005227,0.097299107
2019-10-01 08:00:00+00:00,0.022062712,0.096580467
2019-10-01 09:00:00+00:00,0.037215894,0.095979075
2019-10-01 10:00:00+00:00,0.038560918,0.096690282
2019-10-01 11:00:00+00:00,0.02906313,0.098867469
2019-10-01 12:00:00+00:00,0.004426896,0.104960619
2019-10-01 13:00:00+00:00,0,0.104911404
2019-10-01 14:00:00+00:00,0.007056299,0.104899736
2019-10-01 15:00:00+00:00,0.05487943,0.097629304
2019-10-01 16:00:00+00:00,0.099327756,0.096898713
2019-10-01 17:00:00+00:00,0.023246504,0.099121162
2019-10-01 18:00:00+00:00,0.025114451,0.095041936
2019-10-01 19:00:00+00:00,0.071047613,0.095975029
2019-10-01 20:00:00+00:00,0.020221226,0.10287038
2019-10-01 21:00:00+00:00,0.000939671,0.106485129
2019-10-01 22:00:00+00:00,0,0.107941888
2019-10-01 23:00:00+00:00,0,0.109424525
2019-10-02 00:00:00+00:00,0,0.109794807
2019-10-02 01:00:00+00:00,0,0.11021261
2019-10-02 02:00:00+00:00,0,0.109984136
2019-10-02 03:00:00+00:00,0,0.109361948
2019-10-02 04:00:00+00:00,0.00831038,0.107661
2019-10-02 05:00:00+00:00,0.051906472,0.105455207
2019-10-02 06:00:00+00:00,0.056828788,0.103416817
2019-10-02 07:00:00+00:00,0.024547646,0.100999676
2019-10-02 08:00:00+00:00,0.008216205,0.102353584
2019-10-02 09:00:00+00:00,0.003137807,0.104110991
2019-10-02 10:00:00+00:00,0.002175674,0.105255057
2019-10-02 11:00:00+00:00,0.002242073,0.107952616
2019-10-02 12:00:00+00:00,0,0.108530482
2019-10-02 13:00:00+00:00,0,0.108872065
2019-10-02 14:00:00+00:00,0.000861876,0.108760086
2019-10-02 15:00:00+00:00,0.007664576,0.108717835
2019-10-02 16:00:00+00:00,0.005748637,0.106177799
2019-10-02 17:00:00+00:00,0.003780379,0.104235768
2019-10-02 18:00:00+00:00,0.015325097,0.104185519
2019-10-02 19:00:00+00:00,0.00280707,0.103992426
2019-10-02 20:00:00+00:00,0,0.105415026
2019-10-02 21:00:00+00:00,0,0.106739857
2019-10-02 22:00:00+00:00,0,0.108030436
2019-10-02 23:00:00+00:00,0,0.108341718
2019-10-03 00:00:00+00:00,0,0.10909367
2019-10-03 01:00:00+00:00,0,0.109727902
2019-10-03 02:00:00+00:00,0,0.109702401
2019-10-03 03:00:00+00:00,0.002820218,0.109498675
2019-10-03 04:00:00+00:00,0.017963813,0.10741587
2019-10-03 05:00:00+00:00,0.017640965,0.10721525
2019-10-03 06:00:00+00:00,0.002735685,0.104881292
2019-10-03 07:00:00+00:00,0,0.105127363
2019-10-03 08:00:00+00:00,0,0.106099602
2019-10-03 09:00:00+00:00,0,0.106929469
2019-10-03 10:00:00+00:00,0.001074223,0.108355551
2019-10-03 11:00:00+00:00,0.001270956,0.108713789
2019-10-03 12:00:00+00:00,0.000888392,0.109420102
2019-10-03 13:00:00+00:00,0,0.109200661
2019-10-03 14:00:00+00:00,0,0.109353009
2019-10-03 15:00:00+00:00,0.000408531,0.108689229
2019-10-03 16:00:00+00:00,0.014434897,0.100804325
2019-10-03 17:00:00+00:00,0.076858814,0.097072515
2019-10-03 18:00:00+00:00,0.112314139,0.101539338
2019-10-03 19:00:00+00:00,0.034685707,0.10278936
2019-10-03 20:00:00+00:00,0.0027931,0.105366189
2019-10-03 21:00:00+00:00,0,0.107233787
2019-10-03 22:00:00+00:00,0,0.108457931
2019-10-03 23:00:00+00:00,0,0.108645378
2019-10-04 00:00:00+00:00,0,0.109006157
2019-10-04 01:00:00+00:00,0,0.109097245
2019-10-04 02:00:00+00:00,0,0.10884694
2019-10-04 03:00:00+00:00,0.003975852,0.108395543
2019-10-04 04:00:00+00:00,0.027280099,0.107486728
2019-10-04 05:00:00+00:00,0.041279018,0.104353675
2019-10-04 06:00:00+00:00,0.03492183,0.102843091
2019-10-04 07:00:00+00:00,0.021916272,0.100251959
2019-10-04 08:00:00+00:00,0.004866545,0.102288467
2019-10-04 09:00:00+00:00,0.009430513,0.103245556
2019-10-04 10:00:00+00:00,0.049372121,0.102558533
2019-10-04 11:00:00+00:00,0.041039443,0.106084641
2019-10-04 12:00:00+00:00,0.027113937,0.107894838
2019-10-04 13:00:00+00:00,0.024622537,0.108388862
2019-10-04 14:00:00+00:00,0.024575258,0.108339178
2019-10-04 15:00:00+00:00,0.027232436,0.107859363
2019-10-04 16:00:00+00:00,0.039865402,0.102644164
2019-10-04 17:00:00+00:00,0.064461204,0.101212812
2019-10-04 18:00:00+00:00,0.175153436,0.099390475
2019-10-04 19:00:00+00:00,0.122292118,0.097740906
2019-10-04 20:00:00+00:00,0.050011078,0.099683973
2019-10-04 21:00:00+00:00,0.026992369,0.106689514
2019-10-04 22:00:00+00:00,0.004859259,0.105877621
2019-10-04 23:00:00+00:00,0,0.108245266
2019-10-05 00:00:00+00:00,0,0.109047749
2019-10-05 01:00:00+00:00,0,0.109462353
2019-10-05 02:00:00+00:00,0,0.109515237
2019-10-05 03:00:00+00:00,0,0.109502721
2019-10-05 04:00:00+00:00,0,0.107622137
2019-10-05 05:00:00+00:00,0,0.108739854
2019-10-05 06:00:00+00:00,0,0.108077862
2019-10-05 07:00:00+00:00,0,0.105651123
2019-10-05 08:00:00+00:00,0,0.10642547
2019-10-05 09:00:00+00:00,0,0.107285072
2019-10-05 10:00:00+00:00,0,0.107088403
2019-10-05 11:00:00+00:00,0,0.108462636
2019-10-05 12:00:00+00:00,0,0.109224092
2019-10-05 13:00:00+00:00,0,0.10970833
2019-10-05 14:00:00+00:00,0,0.109812592
2019-10-05 15:00:00+00:00,0.000181119,0.109453978
2019-10-05 16:00:00+00:00,0.002487345,0.109119077
2019-10-05 17:00:00+00:00,0.003073106,0.106391124
2019-10-05 18:00:00+00:00,0.006259726,0.10583744
2019-10-05 19:00:00+00:00,0.001299005,0.105699867
2019-10-05 20:00:00+00:00,0,0.106304928
2019-10-05 21:00:00+00:00,0,0.107663165
2019-10-05 22:00:00+00:00,0,0.108785022
2019-10-05 23:00:00+00:00,0.000292004,0.108797255
2019-10-06 00:00:00+00:00,0.006213816,0.1094919
2019-10-06 01:00:00+00:00,0.021131532,0.10985616
2019-10-06 02:00:00+00:00,0.018750744,0.109909891
2019-10-06 03:00:00+00:00,0.002779185,0.109766766
2019-10-06 04:00:00+00:00,0,0.110077389
2019-10-06 05:00:00+00:00,0,0.109984418
2019-10-06 06:00:00+00:00,0,0.110139871
2019-10-06 07:00:00+00:00,0,0.108443722
2019-10-06 08:00:00+00:00,0,0.108169892
2019-10-06 09:00:00+00:00,0,0.108338895
2019-10-06 10:00:00+00:00,0,0.108046998
2019-10-06 11:00:00+00:00,0,0.109452378
2019-10-06 12:00:00+00:00,0,0.109975102
2019-10-06 13:00:00+00:00,0,0.110447295
2019-10-06 14:00:00+00:00,0.002182029,0.110431675
2019-10-06 15:00:00+00:00,0.0151677,0.110314332
2019-10-06 16:00:00+00:00,0.027593853,0.109879121
2019-10-06 17:00:00+00:00,0.060447003,0.10239113
2019-10-06 18:00:00+00:00,0.078610288,0.098431787
2019-10-06 19:00:00+00:00,0.025704704,0.098009279
2019-10-06 20:00:00+00:00,0.002161375,0.104158041
2019-10-06 21:00:00+00:00,0,0.110066003
2019-10-06 22:00:00+00:00,0,0.110307933
2019-10-06 23:00:00+00:00,0,0.110401751
2019-10-07 00:00:00+00:00,0,0.110363546
2019-10-07 01:00:00+00:00,0,0.110228325
2019-10-07 02:00:00+00:00,0,0.10987865
2019-10-07 03:00:00+00:00,0.004527262,0.109893894
2019-10-07 04:00:00+00:00,0.042221154,0.108831696
2019-10-07 05:00:00+00:00,0.108755311,0.106907826
2019-10-07 06:00:00+00:00,0.087375657,0.106278674
2019-10-07 07:00:00+00:00,0.042395315,0.107502913
2019-10-07 08:00:00+00:00,0.006678283,0.10808539
2019-10-07 09:00:00+00:00,0,0.109134791
2019-10-07 10:00:00+00:00,0,0.109617053
2019-10-07 11:00:00+00:00,0,0.109397894
2019-10-07 12:00:00+00:00,0,0.109088024
2019-10-07 13:00:00+00:00,0.000198705,0.108533682
2019-10-07 14:00:00+00:00,0,0.108031659
2019-10-07 15:00:00+00:00,0.003267428,0.098146664
2019-10-07 16:00:00+00:00,0.049738961,0.095491262
2019-10-07 17:00:00+00:00,0.189750442,0.093130204
2019-10-07 18:00:00+00:00,0.174748411,0.094000721
2019-10-07 19:00:00+00:00,0.08144234,0.093871805
2019-10-07 20:00:00+00:00,0.015794878,0.099725188
2019-10-07 21:00:00+00:00,0.000739925,0.100616502
2019-10-07 22:00:00+00:00,0,0.10718956
2019-10-07 23:00:00+00:00,0,0.108497453
2019-10-08 00:00:00+00:00,0,0.108804501
2019-10-08 01:00:00+00:00,0,0.108618654
2019-10-08 02:00:00+00:00,0,0.108763756
2019-10-08 03:00:00+00:00,0,0.108674832
2019-10-08 04:00:00+00:00,0.002322717,0.108574803
2019-10-08 05:00:00+00:00,0.016031165,0.107452663
2019-10-08 06:00:00+00:00,0.022225259,0.106596732
2019-10-08 07:00:00+00:00,0.014310754,0.106253644
2019-10-08 08:00:00+00:00,0.001991103,0.105668343
2019-10-08 09:00:00+00:00,0,0.106494633
2019-10-08 10:00:00+00:00,0,0.108359785
2019-10-08 11:00:00+00:00,0,0.109027329
2019-10-08 12:00:00+00:00,0,0.109984701
2019-10-08 13:00:00+00:00,0,0.109509403
2019-10-08 14:00:00+00:00,0,0.108754628
2019-10-08 15:00:00+00:00,0.001861208,0.108262769
2019-10-08 16:00:00+00:00,0.023647585,0.107270392
2019-10-08 17:00:00+00:00,0.088178969,0.106526439
2019-10-08 18:00:00+00:00,0.133027663,0.094203224
2019-10-08 19:00:00+00:00,0.104488003,0.097838205
2019-10-08 20:00:00+00:00,0.042907554,0.106481177
2019-10-08 21:00:00+00:00,0.005221277,0.10818156
2019-10-08 22:00:00+00:00,0,0.107897473
2019-10-08 23:00:00+00:00,0,0.109195109
2019-10-09 00:00:00+00:00,0,0.109292503
2019-10-09 01:00:00+00:00,0,0.109661468
2019-10-09 02:00:00+00:00,0,0.109355832
2019-10-09 03:00:00+00:00,0,0.108976139
2019-10-09 04:00:00+00:00,0,0.108404671
2019-10-09 05:00:00+00:00,0,0.106084829
2019-10-09 06:00:00+00:00,0,0.101059147
2019-10-09 07:00:00+00:00,0,0.10070599
2019-10-09 08:00:00+00:00,0,0.103663547
2019-10-09 09:00:00+00:00,0.001581367,0.106215157
2019-10-09 10:00:00+00:00,0.014410463,0.106669094
2019-10-09 11:00:00+00:00,0.032933082,0.107126043
2019-10-09 12:00:00+00:00,0.026654072,0.107023474
2019-10-09 13:00:00+00:00,0.02111674,0.108020085
2019-10-09 14:00:00+00:00,0.004158669,0.108764697
2019-10-09 15:00:00+00:00,0,0.108451909
2019-10-09 16:00:00+00:00,0.00501808,0.107239998
2019-10-09 17:00:00+00:00,0.03755808,0.104991013
2019-10-09 18:00:00+00:00,0.069142686,0.094660737
2019-10-09 19:00:00+00:00,0.04529793,0.099152121
2019-10-09 20:00:00+00:00,0.006559344,0.106384819
2019-10-09 21:00:00+00:00,0,0.107523238
2019-10-09 22:00:00+00:00,0,0.107625148
2019-10-09 23:00:00+00:00,0,0.109403917
2019-10-10 00:00:00+00:00,0,0.109941415
2019-10-10 01:00:00+00:00,0,0.109856725
2019-10-10 02:00:00+00:00,0,0.110044642
2019-10-10 03:00:00+00:00,0,0.110193508
2019-10-10 04:00:00+00:00,0,0.110592209
2019-10-10 05:00:00+00:00,0,0.108694216
2019-10-10 06:00:00+00:00,0.004523153,0.097968533
2019-10-10 07:00:00+00:00,0.026870034,0.098763865
2019-10-10 08:00:00+00:00,0.0266521,0.09885213
2019-10-10 09:00:00+00:00,0.029798398,0.099716437
2019-10-10 10:00:00+00:00,0.021998942,0.099454463
2019-10-10 11:00:00+00:00,0.003665769,0.099662518
2019-10-10 12:00:00+00:00,0,0.109766295
2019-10-10 13:00:00+00:00,0.000644599,0.109505733
2019-10-10 14:00:00+00:00,0.012700954,0.109098845
2019-10-10 15:00:00+00:00,0.048313567,0.10806817
2019-10-10 16:00:00+00:00,0.05335367,0.107144863
2019-10-10 17:00:00+00:00,0.091422017,0.095548098
2019-10-10 18:00:00+00:00,0.19980731,0.094776857
2019-10-10 19:00:00+00:00,0.175928478,0.093908221
2019-10-10 20:00:00+00:00,0.041250639,0.095157396
2019-10-10 21:00:00+00:00,0.010644273,0.107099507
2019-10-10 22:00:00+00:00,0.046450386,0.107645756
2019-10-10 23:00:00+00:00,0.041826483,0.109108537
2019-10-11 00:00:00+00:00,0.006985571,0.109716422
2019-10-11 01:00:00+00:00,0,0.109678406
2019-10-11 02:00:00+00:00,0,0.109483525
2019-10-11 03:00:00+00:00,0,0.10940147
2019-10-11 04:00:00+00:00,0.003570443,0.109214306
2019-10-11 05:00:00+00:00,0.023100338,0.1073532
2019-10-11 06:00:00+00:00,0.027096241,0.10690792
2019-10-11 07:00:00+00:00,0.02729018,0.10673327
2019-10-11 08:00:00+00:00,0.03237833,0.096049368
2019-10-11 09:00:00+00:00,0.005585488,0.10690679
2019-10-11 10:00:00+00:00,0,0.107734963
2019-10-11 11:00:00+00:00,0,0.109690545
2019-10-11 12:00:00+00:00,0,0.109831694
2019-10-11 13:00:00+00:00,0,0.10990528
2019-10-11 14:00:00+00:00,0,0.109963716
2019-10-11 15:00:00+00:00,5.64833E-05,0.109677465
2019-10-11 16:00:00+00:00,0.01136327,0.106838568
2019-10-11 17:00:00+00:00,0.058195398,0.103006448
2019-10-11 18:00:00+00:00,0.065171381,0.094721808
2019-10-11 19:00:00+00:00,0.056371388,0.094916877
2019-10-11 20:00:00+00:00,0.010091055,0.107571229
2019-10-11 21:00:00+00:00,0,0.108543092
2019-10-11 22:00:00+00:00,0,0.109179583
2019-10-11 23:00:00+00:00,0,0.109442215
2019-10-12 00:00:00+00:00,0,0.109617335
2019-10-12 01:00:00+00:00,0,0.110292407
2019-10-12 02:00:00+00:00,0,0.110090281
2019-10-12 03:00:00+00:00,0,0.11025599
2019-10-12 04:00:00+00:00,0,0.110295324
2019-10-12 05:00:00+00:00,0.0002433,0.110185792
2019-10-12 06:00:00+00:00,0.017057396,0.109708235
2019-10-12 07:00:00+00:00,0.086250375,0.109586282
2019-10-12 08:00:00+00:00,0.18814612,0.10940307
2019-10-12 09:00:00+00:00,0.319340843,0.109494158
2019-10-12 10:00:00+00:00,0.170109717,0.110174594
2019-10-12 11:00:00+00:00,0.043085331,0.110481924
2019-10-12 12:00:00+00:00,0.015652547,0.110561344
2019-10-12 13:00:00+00:00,0.00147114,0.110695248
2019-10-12 14:00:00+00:00,0,0.110646975
2019-10-12 15:00:00+00:00,0,0.110691202
2019-10-12 16:00:00+00:00,0.007698433,0.109827178
2019-10-12 17:00:00+00:00,0.043344957,0.104993836
2019-10-12 18:00:00+00:00,0.04949336,0.104136022
2019-10-12 19:00:00+00:00,0.040314365,0.102722079
2019-10-12 20:00:00+00:00,0.012770531,0.103495673
2019-10-12 21:00:00+00:00,0.01248039,0.099852505
2019-10-12 22:00:00+00:00,0.031572772,0.101223728
2019-10-12 23:00:00+00:00,0.017262182,0.111426874
2019-10-13 00:00:00+00:00,0.011354669,0.111703527
2019-10-13 01:00:00+00:00,0.001115257,0.111675392
2019-10-13 02:00:00+00:00,0,0.111612909
2019-10-13 03:00:00+00:00,0,0.111693929
2019-10-13 04:00:00+00:00,0,0.111514105
2019-10-13 05:00:00+00:00,0,0.111169323
2019-10-13 06:00:00+00:00,0,0.111261164
2019-10-13 07:00:00+00:00,0,0.111299839
2019-10-13 08:00:00+00:00,0,0.111243568
2019-10-13 09:00:00+00:00,0,0.11142311
2019-10-13 10:00:00+00:00,0,0.111502436
2019-10-13 11:00:00+00:00,0,0.1114456
2019-10-13 12:00:00+00:00,0.000889488,0.111584021
2019-10-13 13:00:00+00:00,0.008872748,0.111652525
2019-10-13 14:00:00+00:00,0.011531734,0.111714725
2019-10-13 15:00:00+00:00,0.004888514,0.111705598
2019-10-13 16:00:00+00:00,0.027888431,0.110699012
2019-10-13 17:00:00+00:00,0.192812371,0.097260997
2019-10-13 18:00:00+00:00,0.350939583,0.097095852
2019-10-13 19:00:00+00:00,0.356821238,0.096942657
2019-10-13 20:00:00+00:00,0.203760262,0.097136597
2019-10-13 21:00:00+00:00,0.099319593,0.096818822
2019-10-13 22:00:00+00:00,0.014196473,0.109444003
2019-10-13 23:00:00+00:00,0,0.109847785
2019-10-14 00:00:00+00:00,0,0.109675771
2019-10-14 01:00:00+00:00,0,0.109653563
2019-10-14 02:00:00+00:00,0,0.109522859
2019-10-14 03:00:00+00:00,0.001468291,0.109377757
2019-10-14 04:00:00+00:00,0.053597408,0.108662693
2019-10-14 05:00:00+00:00,0.258515495,0.095685578
2019-10-14 06:00:00+00:00,0.32217284,0.093122959
2019-10-14 07:00:00+00:00,0.353157716,0.092330732
2019-10-14 08:00:00+00:00,0.277833537,0.09170638
2019-10-14 09:00:00+00:00,0.094377335,0.093615006
2019-10-14 10:00:00+00:00,0.011157772,0.105061588
2019-10-14 11:00:00+00:00,0,0.105456054
2019-10-14 12:00:00+00:00,0,0.104868307
2019-10-14 13:00:00+00:00,0,0.104505928
2019-10-14 14:00:00+00:00,0.000737515,0.104677284
2019-10-14 15:00:00+00:00,0.004865614,0.104169427
2019-10-14 16:00:00+00:00,0.01419839,0.102497745
2019-10-14 17:00:00+00:00,0.098339491,0.088449492
2019-10-14 18:00:00+00:00,0.193215643,0.087350124
2019-10-14 19:00:00+00:00,0.122740094,0.089253199
2019-10-14 20:00:00+00:00,0.021595561,0.098111189
2019-10-14 21:00:00+00:00,0.000713409,0.100470176
2019-10-14 22:00:00+00:00,0,0.105053966
2019-10-14 23:00:00+00:00,0.001656806,0.105595322
2019-10-15 00:00:00+00:00,0.011567947,0.106293072
2019-10-15 01:00:00+00:00,0.011417014,0.106299094
2019-10-15 02:00:00+00:00,0.00147229,0.106329394
2019-10-15 03:00:00+00:00,0.01045132,0.106359788
2019-10-15 04:00:00+00:00,0.090008128,0.101304653
2019-10-15 05:00:00+00:00,0.244314092,0.095571341
2019-10-15 06:00:00+00:00,0.325268791,0.091133407
2019-10-15 07:00:00+00:00,0.277344965,0.088399431
2019-10-15 08:00:00+00:00,0.126494834,0.088051262
2019-10-15 09:00:00+00:00,0.016824287,0.089437352
2019-10-15 10:00:00+00:00,0.000344816,0.091355294
2019-10-15 11:00:00+00:00,0.002548485,0.092162294
2019-10-15 12:00:00+00:00,0.000305426,0.092447698
2019-10-15 13:00:00+00:00,0,0.093096705
2019-10-15 14:00:00+00:00,0,0.093439981
2019-10-15 15:00:00+00:00,0.011840447,0.092934383
2019-10-15 16:00:00+00:00,0.094379362,0.091345131
2019-10-15 17:00:00+00:00,0.269827213,0.091105741
2019-10-15 18:00:00+00:00,0.4900567,0.092081368
2019-10-15 19:00:00+00:00,0.36648519,0.092081274
2019-10-15 20:00:00+00:00,0.142120372,0.092554502
2019-10-15 21:00:00+00:00,0.018721762,0.0961605
2019-10-15 22:00:00+00:00,0.000286251,0.096111474
2019-10-15 23:00:00+00:00,0.00581153,0.097014079
2019-10-16 00:00:00+00:00,0.026976591,0.107184855
2019-10-16 01:00:00+00:00,0.035793239,0.106730636
2019-10-16 02:00:00+00:00,0.032864053,0.098767535
2019-10-16 03:00:00+00:00,0.024589283,0.096908311
2019-10-16 04:00:00+00:00,0.102833444,0.096040052
2019-10-16 05:00:00+00:00,0.281020485,0.092063489
2019-10-16 06:00:00+00:00,0.346636666,0.090669306
2019-10-16 07:00:00+00:00,0.188303626,0.09141213
2019-10-16 08:00:00+00:00,0.109597519,0.092535682
2019-10-16 09:00:00+00:00,0.074346542,0.093568145
2019-10-16 10:00:00+00:00,0.039565345,0.092956308
2019-10-16 11:00:00+00:00,0.044337441,0.09134419
2019-10-16 12:00:00+00:00,0.03751102,0.091910389
2019-10-16 13:00:00+00:00,0.00987323,0.091477624
2019-10-16 14:00:00+00:00,0.014365046,0.091152979
2019-10-16 15:00:00+00:00,0.111652118,0.08945843
2019-10-16 16:00:00+00:00,0.30142809,0.088584525
2019-10-16 17:00:00+00:00,0.525391115,0.086022753
2019-10-16 18:00:00+00:00,0.554391187,0.084935147
2019-10-16 19:00:00+00:00,0.413778551,0.085203332
2019-10-16 20:00:00+00:00,0.188681204,0.085183853
2019-10-16 21:00:00+00:00,0.061567465,0.085108009
2019-10-16 22:00:00+00:00,0.010286856,0.085068581
2019-10-16 23:00:00+00:00,0.00143805,0.085378263
2019-10-17 00:00:00+00:00,0.010305154,0.085767554
2019-10-17 01:00:00+00:00,0.028158466,0.084585943
2019-10-17 02:00:00+00:00,0.011098385,0.085111396
2019-10-17 03:00:00+00:00,0.007682435,0.085042233
2019-10-17 04:00:00+00:00,0.067725016,0.084567782
2019-10-17 05:00:00+00:00,0.248950485,0.084075357
2019-10-17 06:00:00+00:00,0.461688079,0.083922539
2019-10-17 07:00:00+00:00,0.505193611,0.084009488
2019-10-17 08:00:00+00:00,0.436737873,0.084133511
2019-10-17 09:00:00+00:00,0.306685854,0.084859491
2019-10-17 10:00:00+00:00,0.182363352,0.085873416
2019-10-17 11:00:00+00:00,0.097481285,0.085552254
2019-10-17 12:00:00+00:00,0.016724304,0.085977679
2019-10-17 13:00:00+00:00,0.010701523,0.086081659
2019-10-17 14:00:00+00:00,0.095705541,0.08644639
2019-10-17 15:00:00+00:00,0.287765825,0.084690958
2019-10-17 16:00:00+00:00,0.421445099,0.083476412
2019-10-17 17:00:00+00:00,0.561381305,0.082771699
2019-10-17 18:00:00+00:00,0.472495063,0.082966485
2019-10-17 19:00:00+00:00,0.290485239,0.084734903
2019-10-17 20:00:00+00:00,0.129866792,0.088761433
2019-10-17 21:00:00+00:00,0.032620205,0.089545284
2019-10-17 22:00:00+00:00,0.002869525,0.089193069
2019-10-17 23:00:00+00:00,0,0.090513759
2019-10-18 00:00:00+00:00,0,0.090865693
2019-10-18 01:00:00+00:00,0,0.091181397
2019-10-18 02:00:00+00:00,0,0.091358117
2019-10-18 03:00:00+00:00,0.003739674,0.091469719
2019-10-18 04:00:00+00:00,0.032582513,0.08721575
2019-10-18 05:00:00+00:00,0.10067678,0.086810086
2019-10-18 06:00:00+00:00,0.164405127,0.085915949
2019-10-18 07:00:00+00:00,0.244774723,0.084833896
2019-10-18 08:00:00+00:00,0.276781009,0.083694818
2019-10-18 09:00:00+00:00,0.230557323,0.085263085
2019-10-18 10:00:00+00:00,0.167228303,0.085320204
2019-10-18 11:00:00+00:00,0.114603821,0.086124663
2019-10-18 12:00:00+00:00,0.048542896,0.087591302
2019-10-18 13:00:00+00:00,0.006093673,0.088327068
2019-10-18 14:00:00+00:00,0,0.088306931
2019-10-18 15:00:00+00:00,0.000608113,0.088152984
2019-10-18 16:00:00+00:00,0.060348884,0.086482712
2019-10-18 17:00:00+00:00,0.347326079,0.085191099
2019-10-18 18:00:00+00:00,0.414444134,0.085210389
2019-10-18 19:00:00+00:00,0.224985148,0.084439994
2019-10-18 20:00:00+00:00,0.04458096,0.085257251
2019-10-18 21:00:00+00:00,0.002425877,0.087261012
2019-10-18 22:00:00+00:00,0,0.096990554
2019-10-18 23:00:00+00:00,0,0.095773185
2019-10-19 00:00:00+00:00,0,0.095965619
2019-10-19 01:00:00+00:00,0,0.094939367
2019-10-19 02:00:00+00:00,0,0.094564285
2019-10-19 03:00:00+00:00,0,0.093899188
2019-10-19 04:00:00+00:00,0.008387079,0.09403902
2019-10-19 05:00:00+00:00,0.080889944,0.093694144
2019-10-19 06:00:00+00:00,0.239099717,0.092749476
2019-10-19 07:00:00+00:00,0.269422243,0.092430666
2019-10-19 08:00:00+00:00,0.168159154,0.09080321
2019-10-19 09:00:00+00:00,0.105276468,0.09197927
2019-10-19 10:00:00+00:00,0.030679888,0.090215181
2019-10-19 11:00:00+00:00,0.002693939,0.090918859
2019-10-19 12:00:00+00:00,0,0.092391897
2019-10-19 13:00:00+00:00,0,0.091364986
2019-10-19 14:00:00+00:00,0,0.090213299
2019-10-19 15:00:00+00:00,0.017767902,0.089267596
2019-10-19 16:00:00+00:00,0.11940035,0.089168697
2019-10-19 17:00:00+00:00,0.182746134,0.08852129
2019-10-19 18:00:00+00:00,0.164617035,0.087558932
2019-10-19 19:00:00+00:00,0.103571944,0.087100666
2019-10-19 20:00:00+00:00,0.015671119,0.088046839
2019-10-19 21:00:00+00:00,0,0.088967794
2019-10-19 22:00:00+00:00,0,0.089258656
2019-10-19 23:00:00+00:00,0,0.089333278
2019-10-20 00:00:00+00:00,0.001314181,0.089740353
2019-10-20 01:00:00+00:00,0.012999039,0.089556859
2019-10-20 02:00:00+00:00,0.022095309,0.089398865
2019-10-20 03:00:00+00:00,0.041023282,0.089227415
2019-10-20 04:00:00+00:00,0.015479919,0.08863054
2019-10-20 05:00:00+00:00,0.000895953,0.088533241
2019-10-20 06:00:00+00:00,0.004624122,0.086840103
2019-10-20 07:00:00+00:00,0.04933925,0.086041573
2019-10-20 08:00:00+00:00,0.159613144,0.084506335
2019-10-20 09:00:00+00:00,0.247393826,0.070607795
2019-10-20 10:00:00+00:00,0.213122349,0.068645908
2019-10-20 11:00:00+00:00,0.135005946,0.06876071
2019-10-20 12:00:00+00:00,0.075910597,0.070080742
2019-10-20 13:00:00+00:00,0.013280304,0.070166279
2019-10-20 14:00:00+00:00,0,0.072378565
2019-10-20 15:00:00+00:00,0,0.070010073
2019-10-20 16:00:00+00:00,0.014581666,0.070479725
2019-10-20 17:00:00+00:00,0.096358084,0.068978833
2019-10-20 18:00:00+00:00,0.153061195,0.068252477
2019-10-20 19:00:00+00:00,0.203416706,0.067316655
2019-10-20 20:00:00+00:00,0.218832417,0.067314773
2019-10-20 21:00:00+00:00,0.117091988,0.067874855
2019-10-20 22:00:00+00:00,0.054641335,0.069241372
2019-10-20 23:00:00+00:00,0.034583697,0.071290583
2019-10-21 00:00:00+00:00,0.006867291,0.082223379
2019-10-21 01:00:00+00:00,0.00673745,0.082843215
2019-10-21 02:00:00+00:00,0.001395482,0.083094838
2019-10-21 03:00:00+00:00,0.007754806,0.073956712
2019-10-21 04:00:00+00:00,0.062065241,0.073499482
2019-10-21 05:00:00+00:00,0.179951336,0.072034442
2019-10-21 06:00:00+00:00,0.239568128,0.07078649
2019-10-21 07:00:00+00:00,0.237584092,0.069995864
2019-10-21 08:00:00+00:00,0.231387753,0.070212482
2019-10-21 09:00:00+00:00,0.328452836,0.072292558
2019-10-21 10:00:00+00:00,0.336442725,0.073111414
2019-10-21 11:00:00+00:00,0.18458488,0.073305071
2019-10-21 12:00:00+00:00,0.059776655,0.074625668
2019-10-21 13:00:00+00:00,0.027676687,0.075605247
2019-10-21 14:00:00+00:00,0.070822392,0.07570631
2019-10-21 15:00:00+00:00,0.241217264,0.074541919
2019-10-21 16:00:00+00:00,0.304836863,0.072581068
2019-10-21 17:00:00+00:00,0.414589697,0.07168025
2019-10-21 18:00:00+00:00,0.462646158,0.072189236
2019-10-21 19:00:00+00:00,0.248668178,0.072564788
2019-10-21 20:00:00+00:00,0.114936256,0.074338005
2019-10-21 21:00:00+00:00,0.03320739,0.077532787
2019-10-21 22:00:00+00:00,0.004931136,0.080748742
2019-10-21 23:00:00+00:00,9.24222E-05,0.081975144
2019-10-22 00:00:00+00:00,0,0.092139804
2019-10-22 01:00:00+00:00,0,0.092148932
2019-10-22 02:00:00+00:00,0,0.091403379
2019-10-22 03:00:00+00:00,0,0.091808102
2019-10-22 04:00:00+00:00,0.028785973,0.091741574
2019-10-22 05:00:00+00:00,0.188987671,0.079123262
2019-10-22 06:00:00+00:00,0.322329635,0.078076119
2019-10-22 07:00:00+00:00,0.336849613,0.078526293
2019-10-22 08:00:00+00:00,0.239497565,0.078758813
2019-10-22 09:00:00+00:00,0.107553987,0.081710724
2019-10-22 10:00:00+00:00,0.065217127,0.082680893
2019-10-22 11:00:00+00:00,0.116670856,0.087069707
2019-10-22 12:00:00+00:00,0.161692944,0.091975506
2019-10-22 13:00:00+00:00,0.151577291,0.0933057
2019-10-22 14:00:00+00:00,0.113524831,0.093151753
2019-10-22 15:00:00+00:00,0.084995307,0.091290177
2019-10-22 16:00:00+00:00,0.085169304,0.080870977
2019-10-22 17:00:00+00:00,0.129621136,0.078399258
2019-10-22 18:00:00+00:00,0.12705616,0.077133616
2019-10-22 19:00:00+00:00,0.07893834,0.077941745
2019-10-22 20:00:00+00:00,0.06424453,0.087120427
2019-10-22 21:00:00+00:00,0.042141058,0.087526279
2019-10-22 22:00:00+00:00,0.0225841,0.086596103
2019-10-22 23:00:00+00:00,0.007478307,0.08654049
2019-10-23 00:00:00+00:00,0.02066597,0.086581894
2019-10-23 01:00:00+00:00,0.036409953,0.086383625
2019-10-23 02:00:00+00:00,0.041105021,0.086886589
2019-10-23 03:00:00+00:00,0.015112203,0.086896375
2019-10-23 04:00:00+00:00,0.046750498,0.085797948
2019-10-23 05:00:00+00:00,0.055981868,0.080426544
2019-10-23 06:00:00+00:00,0.057289474,0.079066237
2019-10-23 07:00:00+00:00,0.062448023,0.068963213
2019-10-23 08:00:00+00:00,0.068800938,0.067506548
2019-10-23 09:00:00+00:00,0.06956716,0.06840793
2019-10-23 10:00:00+00:00,0.062477442,0.067962179
2019-10-23 11:00:00+00:00,0.06945759,0.069165151
2019-10-23 12:00:00+00:00,0.047146428,0.079080634
2019-10-23 13:00:00+00:00,0.05950421,0.079044594
2019-10-23 14:00:00+00:00,0.13496431,0.073280982
2019-10-23 15:00:00+00:00,0.146504755,0.068843424
2019-10-23 16:00:00+00:00,0.088975213,0.067763252
2019-10-23 17:00:00+00:00,0.062287777,0.065433718
2019-10-23 18:00:00+00:00,0.14319706,0.064928778
2019-10-23 19:00:00+00:00,0.152171433,0.065602721
2019-10-23 20:00:00+00:00,0.056680868,0.077663209
2019-10-23 21:00:00+00:00,0.006224554,0.078879355
2019-10-23 22:00:00+00:00,0,0.079279373
2019-10-23 23:00:00+00:00,0,0.0794783
2019-10-24 00:00:00+00:00,0,0.08034176
2019-10-24 01:00:00+00:00,0,0.079958209
2019-10-24 02:00:00+00:00,0,0.079666029
2019-10-24 03:00:00+00:00,0,0.080411676
2019-10-24 04:00:00+00:00,0.012488388,0.081112249
2019-10-24 05:00:00+00:00,0.100886168,0.078065768
2019-10-24 06:00:00+00:00,0.245441456,0.06681849
2019-10-24 07:00:00+00:00,0.290494333,0.065544097
2019-10-24 08:00:00+00:00,0.262769216,0.07478639
2019-10-24 09:00:00+00:00,0.208867587,0.067775862
2019-10-24 10:00:00+00:00,0.13081342,0.074868634
2019-10-24 11:00:00+00:00,0.028313836,0.075937419
2019-10-24 12:00:00+00:00,0.001205049,0.076598847
2019-10-24 13:00:00+00:00,0,0.075878324
2019-10-24 14:00:00+00:00,0,0.075446406
2019-10-24 15:00:00+00:00,0.004194115,0.073848215
2019-10-24 16:00:00+00:00,0.058922887,0.070313357
2019-10-24 17:00:00+00:00,0.225335826,0.061881827
2019-10-24 18:00:00+00:00,0.287746266,0.058662485
2019-10-24 19:00:00+00:00,0.239868459,0.062760625
2019-10-24 20:00:00+00:00,0.149039927,0.060345271
2019-10-24 21:00:00+00:00,0.024784975,0.060776531
2019-10-24 22:00:00+00:00,0.000265543,0.063165913
2019-10-24 23:00:00+00:00,0,0.072702268
2019-10-25 00:00:00+00:00,0,0.074486871
2019-10-25 01:00:00+00:00,0,0.076822992
2019-10-25 02:00:00+00:00,0,0.077117054
2019-10-25 03:00:00+00:00,0.001061403,0.07745092
2019-10-25 04:00:00+00:00,0.015616936,0.077765213
2019-10-25 05:00:00+00:00,0.068050384,0.064959078
2019-10-25 06:00:00+00:00,0.127671012,0.064333315
2019-10-25 07:00:00+00:00,0.150004964,0.064086303
2019-10-25 08:00:00+00:00,0.12081035,0.063215033
2019-10-25 09:00:00+00:00,0.029674858,0.064795627
2019-10-25 10:00:00+00:00,0.00246965,0.06488107
2019-10-25 11:00:00+00:00,0.0027307,0.063944683
2019-10-25 12:00:00+00:00,0.000192569,0.065637914
2019-10-25 13:00:00+00:00,0,0.066078301
2019-10-25 14:00:00+00:00,0,0.065502316
2019-10-25 15:00:00+00:00,0.000101023,0.065197715
2019-10-25 16:00:00+00:00,0.011479086,0.063921816
2019-10-25 17:00:00+00:00,0.072071105,0.06239213
2019-10-25 18:00:00+00:00,0.134567448,0.062388837
2019-10-25 19:00:00+00:00,0.09352921,0.06292784
2019-10-25 20:00:00+00:00,0.028179175,0.063661819
2019-10-25 21:00:00+00:00,0.002758531,0.067639982
2019-10-25 22:00:00+00:00,0,0.068426938
2019-10-25 23:00:00+00:00,0,0.077656905
2019-10-26 00:00:00+00:00,0,0.079712609
2019-10-26 01:00:00+00:00,0,0.079873237
2019-10-26 02:00:00+00:00,0,0.080576257
2019-10-26 03:00:00+00:00,0.001901475,0.081043462
2019-10-26 04:00:00+00:00,0.01543379,0.081535416
2019-10-26 05:00:00+00:00,0.026158761,0.081272125
2019-10-26 06:00:00+00:00,0.015060869,0.081578702
2019-10-26 07:00:00+00:00,0.001922896,0.081722674
2019-10-26 08:00:00+00:00,0,0.081559411
2019-10-26 09:00:00+00:00,0,0.080952938
2019-10-26 10:00:00+00:00,0,0.080782994
2019-10-26 11:00:00+00:00,0,0.081072445
2019-10-26 12:00:00+00:00,0,0.081736507
2019-10-26 13:00:00+00:00,0,0.083096625
2019-10-26 14:00:00+00:00,0,0.083427951
2019-10-26 15:00:00+00:00,9.75172E-05,0.083832862
2019-10-26 16:00:00+00:00,0.018502951,0.083082322
2019-10-26 17:00:00+00:00,0.110016953,0.080494954
2019-10-26 18:00:00+00:00,0.150503945,0.072399361
2019-10-26 19:00:00+00:00,0.121813298,0.072362568
2019-10-26 20:00:00+00:00,0.091281877,0.073021643
2019-10-26 21:00:00+00:00,0.073687315,0.073716099
2019-10-26 22:00:00+00:00,0.044355356,0.083939383
2019-10-26 23:00:00+00:00,0.006368364,0.084523743
2019-10-27 00:00:00+00:00,0,0.085257792
2019-10-27 01:00:00+00:00,0,0.085991841
2019-10-27 02:00:00+00:00,0,0.086635813
2019-10-27 03:00:00+00:00,0,0.087714667
2019-10-27 04:00:00+00:00,0,0.088653501
2019-10-27 05:00:00+00:00,0,0.088374965
2019-10-27 06:00:00+00:00,0,0.088564576
2019-10-27 07:00:00+00:00,0,0.087488075
2019-10-27 08:00:00+00:00,0,0.08679503
2019-10-27 09:00:00+00:00,0,0.087041477
2019-10-27 10:00:00+00:00,0.010485013,0.089476592
2019-10-27 11:00:00+00:00,0.060152973,0.088164934
2019-10-27 12:00:00+00:00,0.046798216,0.086520446
2019-10-27 13:00:00+00:00,0.018815883,0.086516871
2019-10-27 14:00:00+00:00,0.002217475,0.086553287
2019-10-27 15:00:00+00:00,0.007106098,0.086338457
2019-10-27 16:00:00+00:00,0.076512738,0.085715329
2019-10-27 17:00:00+00:00,0.231707587,0.085868523
2019-10-27 18:00:00+00:00,0.173402126,0.075281543
2019-10-27 19:00:00+00:00,0.080409371,0.07610661
2019-10-27 20:00:00+00:00,0.010978844,0.076233739
2019-10-27 21:00:00+00:00,0,0.077666032
2019-10-27 22:00:00+00:00,0.004487159,0.084656706
2019-10-27 23:00:00+00:00,0.019874821,0.08800393
2019-10-28 00:00:00+00:00,0.003740824,0.088870212
2019-10-28 01:00:00+00:00,0,0.089695468
2019-10-28 02:00:00+00:00,0,0.089495129
2019-10-28 03:00:00+00:00,0,0.089264679
2019-10-28 04:00:00+00:00,0.013241955,0.089087301
2019-10-28 05:00:00+00:00,0.082696586,0.090046178
2019-10-28 06:00:00+00:00,0.104278177,0.082019089
2019-10-28 07:00:00+00:00,0.0901515,0.077116395
2019-10-28 08:00:00+00:00,0.052914953,0.077309959
2019-10-28 09:00:00+00:00,0.066487096,0.078917748
2019-10-28 10:00:00+00:00,0.093878628,0.081186682
2019-10-28 11:00:00+00:00,0.147897059,0.081609284
2019-10-28 12:00:00+00:00,0.125983417,0.083484881
2019-10-28 13:00:00+00:00,0.08289814,0.082972602
2019-10-28 14:00:00+00:00,0.111012066,0.084129465
2019-10-28 15:00:00+00:00,0.192378913,0.084604198
2019-10-28 16:00:00+00:00,0.284450077,0.083003749
2019-10-28 17:00:00+00:00,0.390696073,0.081942209
2019-10-28 18:00:00+00:00,0.319926165,0.082134737
2019-10-28 19:00:00+00:00,0.159219569,0.080694634
2019-10-28 20:00:00+00:00,0.077548447,0.088917921
2019-10-28 21:00:00+00:00,0.049955471,0.089784768
2019-10-28 22:00:00+00:00,0.038497532,0.091018228
2019-10-28 23:00:00+00:00,0.020714509,0.08549617
2019-10-29 00:00:00+00:00,0.002698048,0.084815076
2019-10-29 01:00:00+00:00,0,0.093052478
2019-10-29 02:00:00+00:00,0,0.093926759
2019-10-29 03:00:00+00:00,0,0.093935981
2019-10-29 04:00:00+00:00,0,0.093819203
2019-10-29 05:00:00+00:00,0.003863159,0.093800571
2019-10-29 06:00:00+00:00,0.02499365,0.079338374
2019-10-29 07:00:00+00:00,0.042497927,0.078897799
2019-10-29 08:00:00+00:00,0.052651656,0.078803887
2019-10-29 09:00:00+00:00,0.171977718,0.07870113
2019-10-29 10:00:00+00:00,0.283092397,0.078640718
2019-10-29 11:00:00+00:00,0.292369402,0.088622542
2019-10-29 12:00:00+00:00,0.281899071,0.090663002
2019-10-29 13:00:00+00:00,0.169375763,0.092210943
2019-10-29 14:00:00+00:00,0.054994424,0.093089365
2019-10-29 15:00:00+00:00,0.048942662,0.083845283
2019-10-29 16:00:00+00:00,0.106311136,0.079526009
2019-10-29 17:00:00+00:00,0.206312966,0.07797515
2019-10-29 18:00:00+00:00,0.187145473,0.077498441
2019-10-29 19:00:00+00:00,0.129651213,0.078475102
2019-10-29 20:00:00+00:00,0.072759149,0.083716179
2019-10-29 21:00:00+00:00,0.0399003,0.08521133
2019-10-29 22:00:00+00:00,0.013453151,0.089474333
2019-10-29 23:00:00+00:00,0.001354503,0.087799169
2019-10-30 00:00:00+00:00,0,0.0927204
2019-10-30 01:00:00+00:00,0,0.093054077
2019-10-30 02:00:00+00:00,0,0.094189297
2019-10-30 03:00:00+00:00,0,0.095538218
2019-10-30 04:00:00+00:00,0.004341048,0.095689154
2019-10-30 05:00:00+00:00,0.026634404,0.093289421
2019-10-30 06:00:00+00:00,0.022000859,0.08214857
2019-10-30 07:00:00+00:00,0.015083331,0.080823833
2019-10-30 08:00:00+00:00,0.002358327,0.080804825
2019-10-30 09:00:00+00:00,0,0.08513605
2019-10-30 10:00:00+00:00,0.002988353,0.087933919
2019-10-30 11:00:00+00:00,0.019747829,0.087175381
2019-10-30 12:00:00+00:00,0.020861497,0.087400374
2019-10-30 13:00:00+00:00,0.004943353,0.08154125
2019-10-30 14:00:00+00:00,0.02045576,0.081860436
2019-10-30 15:00:00+00:00,0.083322942,0.080212561
2019-10-30 16:00:00+00:00,0.148933863,0.07684774
2019-10-30 17:00:00+00:00,0.285219367,0.077198262
2019-10-30 18:00:00+00:00,0.235609534,0.076967812
2019-10-30 19:00:00+00:00,0.058794964,0.07744725
2019-10-30 20:00:00+00:00,0.025711114,0.078411114
2019-10-30 21:00:00+00:00,0.023250997,0.080180943
2019-10-30 22:00:00+00:00,0.004272019,0.088244543
2019-10-30 23:00:00+00:00,0.000844291,0.082991328
2019-10-31 00:00:00+00:00,0.0080467,0.08364551
2019-10-31 01:00:00+00:00,0.018911702,0.084051456
2019-10-31 02:00:00+00:00,0.008285727,0.084124101
2019-10-31 03:00:00+00:00,0.000752197,0.084375159
2019-10-31 04:00:00+00:00,0.001904324,0.084712037
2019-10-31 05:00:00+00:00,0.019135115,0.084787599
2019-10-31 06:00:00+00:00,0.051649366,0.083297246
2019-10-31 07:00:00+00:00,0.053842407,0.082033298
2019-10-31 08:00:00+00:00,0.073217863,0.078188663
2019-10-31 09:00:00+00:00,0.079705439,0.078529774
2019-10-31 10:00:00+00:00,0.088165875,0.077929512
2019-10-31 11:00:00+00:00,0.078417226,0.07807659
2019-10-31 12:00:00+00:00,0.021333743,0.078196755
2019-10-31 13:00:00+00:00,0.021145174,0.078387213
2019-10-31 14:00:00+00:00,0.008373219,0.078543795
2019-10-31 15:00:00+00:00,0.025274149,0.078239006
2019-10-31 16:00:00+00:00,0.060484695,0.076639309
2019-10-31 17:00:00+00:00,0.161309833,0.078134179
2019-10-31 18:00:00+00:00,0.153370785,0.087598266
2019-10-31 19:00:00+00:00,0.068456067,0.08942446
2019-10-31 20:00:00+00:00,0.029615252,0.088545756
2019-10-31 21:00:00+00:00,0.007856871,0.083120621
2019-10-31 22:00:00+00:00,0.002356848,0.083493727
2019-10-31 23:00:00+00:00,0.016096633,0.088251318
2019-11-01 00:00:00+00:00,0.054646978,0.500033145
2019-11-01 01:00:00+00:00,0.110494184,0.504642906
2019-11-01 02:00:00+00:00,0.120489858,0.504823389
2019-11-01 03:00:00+00:00,0.120197142,0.505440307
2019-11-01 04:00:00+00:00,0.113765337,0.504965386
2019-11-01 05:00:00+00:00,0.071115546,0.504567532
2019-11-01 06:00:00+00:00,0.010894804,0.501354776
2019-11-01 07:00:00+00:00,0.006636591,0.499909686
2019-11-01 08:00:00+00:00,0.038674159,0.497705022
2019-11-01 09:00:00+00:00,0.028902719,0.497129978
2019-11-01 10:00:00+00:00,0.027006449,0.49590461
2019-11-01 11:00:00+00:00,0.028093162,0.49560462
2019-11-01 12:00:00+00:00,0.044866718,0.495208837
2019-11-01 13:00:00+00:00,0.072777282,0.496060252
2019-11-01 14:00:00+00:00,0.091154119,0.496258237
2019-11-01 15:00:00+00:00,0.082344758,0.495666162
2019-11-01 16:00:00+00:00,0.081349261,0.494866596
2019-11-01 17:00:00+00:00,0.076450119,0.493972648
2019-11-01 18:00:00+00:00,0.054046809,0.493477212
2019-11-01 19:00:00+00:00,0.039859869,0.493117939
2019-11-01 20:00:00+00:00,0.077781612,0.493691195
2019-11-01 21:00:00+00:00,0.128293478,0.493863492
2019-11-01 22:00:00+00:00,0.159954016,0.493480976
2019-11-01 23:00:00+00:00,0.155755573,0.483091983
2019-11-02 00:00:00+00:00,0.101601824,0.483121624
2019-11-02 01:00:00+00:00,0.088380851,0.493078417
2019-11-02 02:00:00+00:00,0.100637006,0.493597566
2019-11-02 03:00:00+00:00,0.125667198,0.4935747
2019-11-02 04:00:00+00:00,0.12879098,0.492991563
2019-11-02 05:00:00+00:00,0.121222607,0.49247185
2019-11-02 06:00:00+00:00,0.11543951,0.479308042
2019-11-02 07:00:00+00:00,0.117632167,0.478216954
2019-11-02 08:00:00+00:00,0.147886047,0.477091521
2019-11-02 09:00:00+00:00,0.09113593,0.476397064
2019-11-02 10:00:00+00:00,0.071823586,0.477257042
2019-11-02 11:00:00+00:00,0.091854161,0.47774128
2019-11-02 12:00:00+00:00,0.112682513,0.478296657
2019-11-02 13:00:00+00:00,0.125995524,0.47843903
2019-11-02 14:00:00+00:00,0.155978383,0.477238223
2019-11-02 15:00:00+00:00,0.183266591,0.477375985
2019-11-02 16:00:00+00:00,0.182867099,0.476743164
2019-11-02 17:00:00+00:00,0.237214239,0.476597968
2019-11-02 18:00:00+00:00,0.162383672,0.476951783
2019-11-02 19:00:00+00:00,0.157065535,0.475180166
2019-11-02 20:00:00+00:00,0.12839746,0.475806965
2019-11-02 21:00:00+00:00,0.102898747,0.476526075
2019-11-02 22:00:00+00:00,0.080041106,0.487205931
2019-11-02 23:00:00+00:00,0.035006472,0.491119636
2019-11-03 00:00:00+00:00,0.030990628,0.490265492
2019-11-03 01:00:00+00:00,0.063439904,0.48962072
2019-11-03 02:00:00+00:00,0.089484658,0.490708514
2019-11-03 03:00:00+00:00,0.093543892,0.490812118
2019-11-03 04:00:00+00:00,0.089309346,0.49046329
2019-11-03 05:00:00+00:00,0.066934853,0.490891162
2019-11-03 06:00:00+00:00,0.060056222,0.490774854
2019-11-03 07:00:00+00:00,0.084984679,0.489808638
2019-11-03 08:00:00+00:00,0.09398902,0.489529161
2019-11-03 09:00:00+00:00,0.084956629,0.478589025
2019-11-03 10:00:00+00:00,0.091114071,0.480076178
2019-11-03 11:00:00+00:00,0.100674424,0.479521272
2019-11-03 12:00:00+00:00,0.095353055,0.475029794
2019-11-03 13:00:00+00:00,0.069479339,0.477413342
2019-11-03 14:00:00+00:00,0.047026011,0.484201795
2019-11-03 15:00:00+00:00,0.070462181,0.484164438
2019-11-03 16:00:00+00:00,0.133176075,0.478819005
2019-11-03 17:00:00+00:00,0.225614955,0.47162677
2019-11-03 18:00:00+00:00,0.221229586,0.471347199
2019-11-03 19:00:00+00:00,0.207890224,0.469959509
2019-11-03 20:00:00+00:00,0.169620816,0.470274085
2019-11-03 21:00:00+00:00,0.132687613,0.472151094
2019-11-03 22:00:00+00:00,0.110805472,0.473053322
2019-11-03 23:00:00+00:00,0.060821951,0.47535331
2019-11-04 00:00:00+00:00,0.060916729,0.475156641
2019-11-04 01:00:00+00:00,0.078428786,0.475233991
2019-11-04 02:00:00+00:00,0.063516877,0.476292802
2019-11-04 03:00:00+00:00,0.06576914,0.477205005
2019-11-04 04:00:00+00:00,0.068717719,0.476311245
2019-11-04 05:00:00+00:00,0.066345094,0.476649252
2019-11-04 06:00:00+00:00,0.094220103,0.475922802
2019-11-04 07:00:00+00:00,0.091647622,0.473634953
2019-11-04 08:00:00+00:00,0.078050222,0.472265331
2019-11-04 09:00:00+00:00,0.084907049,0.471912645
2019-11-04 10:00:00+00:00,0.072159308,0.47182532
2019-11-04 11:00:00+00:00,0.071613979,0.471522977
2019-11-04 12:00:00+00:00,0.025884618,0.471620841
2019-11-04 13:00:00+00:00,0.010674733,0.472586493
2019-11-04 14:00:00+00:00,0.019498722,0.473082587
2019-11-04 15:00:00+00:00,0.0488681,0.472803487
2019-11-04 16:00:00+00:00,0.17372344,0.471483079
2019-11-04 17:00:00+00:00,0.423901327,0.468715698
2019-11-04 18:00:00+00:00,0.552168398,0.468147147
2019-11-04 19:00:00+00:00,0.473905446,0.468592522
2019-11-04 20:00:00+00:00,0.357907897,0.468527216
2019-11-04 21:00:00+00:00,0.263634544,0.46952091
2019-11-04 22:00:00+00:00,0.090682366,0.4698863
2019-11-04 23:00:00+00:00,0.06584666,0.481185709
2019-11-05 00:00:00+00:00,0.110627531,0.482077493
2019-11-05 01:00:00+00:00,0.123456681,0.48202235
2019-11-05 02:00:00+00:00,0.088818528,0.481766022
2019-11-05 03:00:00+00:00,0.072765723,0.481755201
2019-11-05 04:00:00+00:00,0.061596117,0.482911405
2019-11-05 05:00:00+00:00,0.06827051,0.470509429
2019-11-05 06:00:00+00:00,0.103622894,0.468131056
2019-11-05 07:00:00+00:00,0.050294973,0.46661078
2019-11-05 08:00:00+00:00,0.006607172,0.466484028
2019-11-05 09:00:00+00:00,0,0.467172932
2019-11-05 10:00:00+00:00,0,0.470444594
2019-11-05 11:00:00+00:00,0,0.470500771
2019-11-05 12:00:00+00:00,0,0.46942474
2019-11-05 13:00:00+00:00,0,0.468938527
2019-11-05 14:00:00+00:00,0,0.468556199
2019-11-05 15:00:00+00:00,0.000321368,0.467608708
2019-11-05 16:00:00+00:00,0.033643095,0.466022656
2019-11-05 17:00:00+00:00,0.22614741,0.463184324
2019-11-05 18:00:00+00:00,0.472140441,0.463233256
2019-11-05 19:00:00+00:00,0.535386461,0.462897132
2019-11-05 20:00:00+00:00,0.398736857,0.463205214
2019-11-05 21:00:00+00:00,0.294523655,0.463965823
2019-11-05 22:00:00+00:00,0.192515656,0.4644255
2019-11-05 23:00:00+00:00,0.138138768,0.46541129
2019-11-06 00:00:00+00:00,0.107949698,0.465688508
2019-11-06 01:00:00+00:00,0.05165594,0.475084184
2019-11-06 02:00:00+00:00,0.035056491,0.475946797
2019-11-06 03:00:00+00:00,0.014407504,0.476005986
2019-11-06 04:00:00+00:00,0.061676048,0.466102265
2019-11-06 05:00:00+00:00,0.18189494,0.46474337
2019-11-06 06:00:00+00:00,0.323826469,0.464237583
2019-11-06 07:00:00+00:00,0.409890027,0.463767837
2019-11-06 08:00:00+00:00,0.525902916,0.462186019
2019-11-06 09:00:00+00:00,0.559857956,0.46273575
2019-11-06 10:00:00+00:00,0.502503507,0.462909835
2019-11-06 11:00:00+00:00,0.477662487,0.465491087
2019-11-06 12:00:00+00:00,0.347888994,0.466371108
2019-11-06 13:00:00+00:00,0.136458569,0.464941356
2019-11-06 14:00:00+00:00,0.057289529,0.468597038
2019-11-06 15:00:00+00:00,0.147738182,0.47129328
2019-11-06 16:00:00+00:00,0.388063548,0.470178291
2019-11-06 17:00:00+00:00,0.523015915,0.466483839
2019-11-06 18:00:00+00:00,0.546383768,0.46645815
2019-11-06 19:00:00+00:00,0.513011804,0.465989063
2019-11-06 20:00:00+00:00,0.390846567,0.464599679
2019-11-06 21:00:00+00:00,0.215425288,0.466757764
2019-11-06 22:00:00+00:00,0.157844906,0.460892335
2019-11-06 23:00:00+00:00,0.171864094,0.462685972
2019-11-07 00:00:00+00:00,0.114999642,0.462719377
2019-11-07 01:00:00+00:00,0.091925874,0.463024543
2019-11-07 02:00:00+00:00,0.116345598,0.474934848
2019-11-07 03:00:00+00:00,0.115298713,0.475231262
2019-11-07 04:00:00+00:00,0.112863194,0.474546122
2019-11-07 05:00:00+00:00,0.208971678,0.461139065
2019-11-07 06:00:00+00:00,0.422813024,0.45905259
2019-11-07 07:00:00+00:00,0.536959007,0.459354557
2019-11-07 08:00:00+00:00,0.398830703,0.458937789
2019-11-07 09:00:00+00:00,0.255262037,0.463407435
2019-11-07 10:00:00+00:00,0.076994352,0.466389457
2019-11-07 11:00:00+00:00,0.01155447,0.46664475
2019-11-07 12:00:00+00:00,0.000544288,0.464829094
2019-11-07 13:00:00+00:00,0,0.464530798
2019-11-07 14:00:00+00:00,0,0.464574931
2019-11-07 15:00:00+00:00,0.007576646,0.464388707
2019-11-07 16:00:00+00:00,0.105883868,0.459990671
2019-11-07 17:00:00+00:00,0.41723926,0.457769163
2019-11-07 18:00:00+00:00,0.502487564,0.457467762
2019-11-07 19:00:00+00:00,0.388815635,0.456249828
2019-11-07 20:00:00+00:00,0.124927547,0.457912571
2019-11-07 21:00:00+00:00,0.067390883,0.459005917
2019-11-07 22:00:00+00:00,0.071074293,0.461609564
2019-11-07 23:00:00+00:00,0.076648057,0.462584062
2019-11-08 00:00:00+00:00,0.098240987,0.472549324
2019-11-08 01:00:00+00:00,0.14205326,0.472532386
2019-11-08 02:00:00+00:00,0.103232661,0.467031877
2019-11-08 03:00:00+00:00,0.027709504,0.467074786
2019-11-08 04:00:00+00:00,0.003211931,0.462855351
2019-11-08 05:00:00+00:00,0.036938682,0.462456745
2019-11-08 06:00:00+00:00,0.173071773,0.460057388
2019-11-08 07:00:00+00:00,0.113437559,0.45924032
2019-11-08 08:00:00+00:00,0.096068327,0.45855819
2019-11-08 09:00:00+00:00,0.099617678,0.458676474
2019-11-08 10:00:00+00:00,0.028233576,0.458765962
2019-11-08 11:00:00+00:00,0.002952086,0.459842558
2019-11-08 12:00:00+00:00,0.016169278,0.459046756
2019-11-08 13:00:00+00:00,0.073620532,0.458848958
2019-11-08 14:00:00+00:00,0.08391084,0.459043933
2019-11-08 15:00:00+00:00,0.047817599,0.459609755
2019-11-08 16:00:00+00:00,0.064797639,0.460097286
2019-11-08 17:00:00+00:00,0.216693668,0.459295744
2019-11-08 18:00:00+00:00,0.363259837,0.458056826
2019-11-08 19:00:00+00:00,0.392386133,0.457290854
2019-11-08 20:00:00+00:00,0.187958098,0.457273822
2019-11-08 21:00:00+00:00,0.10860005,0.457788548
2019-11-08 22:00:00+00:00,0.044963687,0.457626414
2019-11-08 23:00:00+00:00,0.00571341,0.468908321
2019-11-09 00:00:00+00:00,0,0.471231927
2019-11-09 01:00:00+00:00,0,0.471693957
2019-11-09 02:00:00+00:00,0,0.471906246
2019-11-09 03:00:00+00:00,0,0.472288197
2019-11-09 04:00:00+00:00,0,0.47190634
2019-11-09 05:00:00+00:00,0.007553527,0.471826826
2019-11-09 06:00:00+00:00,0.044084554,0.462495137
2019-11-09 07:00:00+00:00,0.044124656,0.461067455
2019-11-09 08:00:00+00:00,0.086498167,0.459899394
2019-11-09 09:00:00+00:00,0.106450125,0.459381375
2019-11-09 10:00:00+00:00,0.055679016,0.45954652
2019-11-09 11:00:00+00:00,0.009499816,0.46016325
2019-11-09 12:00:00+00:00,0.004310642,0.467065282
2019-11-09 13:00:00+00:00,0.021019333,0.461515276
2019-11-09 14:00:00+00:00,0.063547501,0.458899208
2019-11-09 15:00:00+00:00,0.082020595,0.45888227
2019-11-09 16:00:00+00:00,0.100411128,0.458458727
2019-11-09 17:00:00+00:00,0.123985082,0.458103406
2019-11-09 18:00:00+00:00,0.121938372,0.458088632
2019-11-09 19:00:00+00:00,0.088492886,0.457444425
2019-11-09 20:00:00+00:00,0.025976985,0.45797703
2019-11-09 21:00:00+00:00,0.03176682,0.459057672
2019-11-09 22:00:00+00:00,0.05798842,0.459018432
2019-11-09 23:00:00+00:00,0.138624272,0.459050144
2019-11-10 00:00:00+00:00,0.059696012,0.460203901
2019-11-10 01:00:00+00:00,0.052007276,0.470750889
2019-11-10 02:00:00+00:00,0.07302743,0.471095953
2019-11-10 03:00:00+00:00,0.044588849,0.471974751
2019-11-10 04:00:00+00:00,0.013468819,0.471242748
2019-11-10 05:00:00+00:00,0.000775809,0.463091824
2019-11-10 06:00:00+00:00,0,0.460467945
2019-11-10 07:00:00+00:00,0,0.469955275
2019-11-10 08:00:00+00:00,0.007730153,0.470267122
2019-11-10 09:00:00+00:00,0.055400983,0.463971187
2019-11-10 10:00:00+00:00,0.10382642,0.46397448
2019-11-10 11:00:00+00:00,0.109587165,0.461666306
2019-11-10 12:00:00+00:00,0.047561534,0.464465493
2019-11-10 13:00:00+00:00,0.060148316,0.46090805
2019-11-10 14:00:00+00:00,0.068072517,0.460810751
2019-11-10 15:00:00+00:00,0.112945097,0.460844909
2019-11-10 16:00:00+00:00,0.106872572,0.460082324
2019-11-10 17:00:00+00:00,0.196361667,0.457806239
2019-11-10 18:00:00+00:00,0.236848659,0.45781292
2019-11-10 19:00:00+00:00,0.213919688,0.45772249
2019-11-10 20:00:00+00:00,0.211811784,0.457719196
2019-11-10 21:00:00+00:00,0.190086218,0.458885469
2019-11-10 22:00:00+00:00,0.119270236,0.459319928
2019-11-10 23:00:00+00:00,0.033600362,0.468646064
2019-11-11 00:00:00+00:00,0.00274971,0.472200025
2019-11-11 01:00:00+00:00,0,0.47226119
2019-11-11 02:00:00+00:00,0,0.472672312
2019-11-11 03:00:00+00:00,0,0.473030644
2019-11-11 04:00:00+00:00,0.00236512,0.472575954
2019-11-11 05:00:00+00:00,0.01613942,0.462150262
2019-11-11 06:00:00+00:00,0.038644465,0.462016922
2019-11-11 07:00:00+00:00,0.164184015,0.461967426
2019-11-11 08:00:00+00:00,0.296749566,0.460805199
2019-11-11 09:00:00+00:00,0.262337839,0.460084959
2019-11-11 10:00:00+00:00,0.187505355,0.460522147
2019-11-11 11:00:00+00:00,0.1743195,0.461226954
2019-11-11 12:00:00+00:00,0.136854499,0.460143583
2019-11-11 13:00:00+00:00,0.050974635,0.459034523
2019-11-11 14:00:00+00:00,0.01585788,0.45782647
2019-11-11 15:00:00+00:00,0.073370055,0.456407539
2019-11-11 16:00:00+00:00,0.182258438,0.455673373
2019-11-11 17:00:00+00:00,0.302013302,0.454562901
2019-11-11 18:00:00+00:00,0.321562208,0.454806431
2019-11-11 19:00:00+00:00,0.221415581,0.455023708
2019-11-11 20:00:00+00:00,0.207872857,0.45504074
2019-11-11 21:00:00+00:00,0.240683221,0.455859032
2019-11-11 22:00:00+00:00,0.123715211,0.457401798
2019-11-11 23:00:00+00:00,0.024976996,0.458442071
2019-11-12 00:00:00+00:00,0.001599501,0.45911479
2019-11-12 01:00:00+00:00,0,0.46792159
2019-11-12 02:00:00+00:00,0,0.471089177
2019-11-12 03:00:00+00:00,0,0.471037987
2019-11-12 04:00:00+00:00,0.009844577,0.47092215
2019-11-12 05:00:00+00:00,0.071205996,0.464566838
2019-11-12 06:00:00+00:00,0.175034936,0.458347689
2019-11-12 07:00:00+00:00,0.270880179,0.45802822
2019-11-12 08:00:00+00:00,0.267389777,0.457258766
2019-11-12 09:00:00+00:00,0.240145233,0.45757974
2019-11-12 10:00:00+00:00,0.166986099,0.457473596
2019-11-12 11:00:00+00:00,0.125552643,0.457691249
2019-11-12 12:00:00+00:00,0.029179876,0.457724748
2019-11-12 13:00:00+00:00,0.001547784,0.457033115
2019-11-12 14:00:00+00:00,0,0.456134462
2019-11-12 15:00:00+00:00,0.003941556,0.455655211
2019-11-12 16:00:00+00:00,0.040112975,0.455274013
2019-11-12 17:00:00+00:00,0.120877681,0.453752514
2019-11-12 18:00:00+00:00,0.136973711,0.45281895
2019-11-12 19:00:00+00:00,0.115353936,0.452152064
2019-11-12 20:00:00+00:00,0.042389618,0.453325301
2019-11-12 21:00:00+00:00,0.007645236,0.454936101
2019-11-12 22:00:00+00:00,0.000372154,0.455391356
2019-11-12 23:00:00+00:00,0,0.456502674
2019-11-13 00:00:00+00:00,0,0.457599972
2019-11-13 01:00:00+00:00,0,0.45834656
2019-11-13 02:00:00+00:00,0,0.457886035
2019-11-13 03:00:00+00:00,0,0.457555651
2019-11-13 04:00:00+00:00,0.005829335,0.457286337
2019-11-13 05:00:00+00:00,0.047146538,0.457118087
2019-11-13 06:00:00+00:00,0.109533257,0.454988514
2019-11-13 07:00:00+00:00,0.134690714,0.45363423
2019-11-13 08:00:00+00:00,0.107367334,0.450983345
2019-11-13 09:00:00+00:00,0.102826924,0.450145763
2019-11-13 10:00:00+00:00,0.140042818,0.450442177
2019-11-13 11:00:00+00:00,0.123815413,0.450112828
2019-11-13 12:00:00+00:00,0.079232316,0.449014871
2019-11-13 13:00:00+00:00,0.074827225,0.448519342
2019-11-13 14:00:00+00:00,0.057054009,0.449254732
2019-11-13 15:00:00+00:00,0.031037085,0.450478123
2019-11-13 16:00:00+00:00,0.041737184,0.448319944
2019-11-13 17:00:00+00:00,0.095034645,0.447198839
2019-11-13 18:00:00+00:00,0.057774485,0.446903742
2019-11-13 19:00:00+00:00,0.019297771,0.446673951
2019-11-13 20:00:00+00:00,0.006355764,0.447339989
2019-11-13 21:00:00+00:00,0.009243696,0.448231208
2019-11-13 22:00:00+00:00,0.023135236,0.449762118
2019-11-13 23:00:00+00:00,0.007897083,0.451287664
2019-11-14 00:00:00+00:00,0.00019624,0.451426084
2019-11-14 01:00:00+00:00,0,0.451543709
2019-11-14 02:00:00+00:00,0,0.451963394
2019-11-14 03:00:00+00:00,0,0.45217239
2019-11-14 04:00:00+00:00,0,0.452081584
2019-11-14 05:00:00+00:00,0,0.451827796
2019-11-14 06:00:00+00:00,0.00464379,0.451540039
2019-11-14 07:00:00+00:00,0.041993577,0.449861675
2019-11-14 08:00:00+00:00,0.109821261,0.449694648
2019-11-14 09:00:00+00:00,0.123379489,0.44957213
2019-11-14 10:00:00+00:00,0.172667625,0.462763416
2019-11-14 11:00:00+00:00,0.128953691,0.464322649
2019-11-14 12:00:00+00:00,0.04073084,0.464249534
2019-11-14 13:00:00+00:00,0.004055399,0.463853186
2019-11-14 14:00:00+00:00,0.000555026,0.463192511
2019-11-14 15:00:00+00:00,0.034876851,0.462037718
2019-11-14 16:00:00+00:00,0.209312221,0.465132378
2019-11-14 17:00:00+00:00,0.342227958,0.462512263
2019-11-14 18:00:00+00:00,0.337284221,0.462328675
2019-11-14 19:00:00+00:00,0.327042453,0.461045718
2019-11-14 20:00:00+00:00,0.273520922,0.460852437
2019-11-14 21:00:00+00:00,0.217550559,0.462876053
2019-11-14 22:00:00+00:00,0.232568423,0.465826364
2019-11-14 23:00:00+00:00,0.109340578,0.467239178
2019-11-15 00:00:00+00:00,0.031155695,0.466158913
2019-11-15 01:00:00+00:00,0.011802591,0.466258376
2019-11-15 02:00:00+00:00,0.001478207,0.466017669
2019-11-15 03:00:00+00:00,0,0.4669725
2019-11-15 04:00:00+00:00,0.025470663,0.470302503
2019-11-15 05:00:00+00:00,0.164771693,0.471245195
2019-11-15 06:00:00+00:00,0.230430496,0.469703746
2019-11-15 07:00:00+00:00,0.154162482,0.467636844
2019-11-15 08:00:00+00:00,0.100582769,0.465775362
2019-11-15 09:00:00+00:00,0.085180645,0.462902966
2019-11-15 10:00:00+00:00,0.047968422,0.460234766
2019-11-15 11:00:00+00:00,0.027976909,0.459916238
2019-11-15 12:00:00+00:00,0.004377754,0.460514054
2019-11-15 13:00:00+00:00,0,0.460457877
2019-11-15 14:00:00+00:00,0,0.460807834
2019-11-15 15:00:00+00:00,0.009735939,0.461241822
2019-11-15 16:00:00+00:00,0.085758845,0.460030946
2019-11-15 17:00:00+00:00,0.233320236,0.460893465
2019-11-15 18:00:00+00:00,0.266212996,0.459244648
2019-11-15 19:00:00+00:00,0.119868323,0.459056825
2019-11-15 20:00:00+00:00,0.067635498,0.459433224
2019-11-15 21:00:00+00:00,0.047391153,0.459984461
2019-11-15 22:00:00+00:00,0.054975688,0.462195806
2019-11-15 23:00:00+00:00,0.034392552,0.464447614
2019-11-16 00:00:00+00:00,0.017567992,0.464834458
2019-11-16 01:00:00+00:00,0.003889018,0.466315683
2019-11-16 02:00:00+00:00,0,0.466646726
2019-11-16 03:00:00+00:00,0,0.467515926
2019-11-16 04:00:00+00:00,0.015106834,0.466386822
2019-11-16 05:00:00+00:00,0.078023323,0.466171052
2019-11-16 06:00:00+00:00,0.075933223,0.465500026
2019-11-16 07:00:00+00:00,0.05268628,0.465161455
2019-11-16 08:00:00+00:00,0.088876819,0.463965164
2019-11-16 09:00:00+00:00,0.104895658,0.463580767
2019-11-16 10:00:00+00:00,0.092867134,0.46429649
2019-11-16 11:00:00+00:00,0.054333992,0.464925547
2019-11-16 12:00:00+00:00,0.039625389,0.465372991
2019-11-16 13:00:00+00:00,0.010399768,0.46375551
2019-11-16 14:00:00+00:00,0.000601429,0.464264025
2019-11-16 15:00:00+00:00,0,0.464218857
2019-11-16 16:00:00+00:00,0,0.462805008
2019-11-16 17:00:00+00:00,0,0.461559785
2019-11-16 18:00:00+00:00,0,0.461089286
2019-11-16 19:00:00+00:00,0,0.460320397
2019-11-16 20:00:00+00:00,0.001763855,0.461496456
2019-11-16 21:00:00+00:00,0.011480127,0.463925736
2019-11-16 22:00:00+00:00,0.01874784,0.465729818
2019-11-16 23:00:00+00:00,0.007803729,0.468716451
2019-11-17 00:00:00+00:00,0.001682062,0.469277662
2019-11-17 01:00:00+00:00,3.56102E-05,0.468792484
2019-11-17 02:00:00+00:00,0,0.469221296
2019-11-17 03:00:00+00:00,0,0.470584238
2019-11-17 04:00:00+00:00,0,0.470546598
2019-11-17 05:00:00+00:00,0,0.470229388
2019-11-17 06:00:00+00:00,0,0.470151567
2019-11-17 07:00:00+00:00,0,0.469470661
2019-11-17 08:00:00+00:00,0.000292223,0.466827115
2019-11-17 09:00:00+00:00,0.008108772,0.466547263
2019-11-17 10:00:00+00:00,0.03849797,0.465379955
2019-11-17 11:00:00+00:00,0.086146722,0.464842457
2019-11-17 12:00:00+00:00,0.148821226,0.466215373
2019-11-17 13:00:00+00:00,0.092441948,0.465637694
2019-11-17 14:00:00+00:00,0.04367164,0.465133131
2019-11-17 15:00:00+00:00,0.093205486,0.460614459
2019-11-17 16:00:00+00:00,0.132062133,0.461276733
2019-11-17 17:00:00+00:00,0.127183755,0.461674117
2019-11-17 18:00:00+00:00,0.083813213,0.461166448
2019-11-17 19:00:00+00:00,0.061489999,0.450706597
2019-11-17 20:00:00+00:00,0.044176099,0.449961045
2019-11-17 21:00:00+00:00,0.016983492,0.450505788
2019-11-17 22:00:00+00:00,0.001831241,0.450531384
2019-11-17 23:00:00+00:00,0,0.45412402
2019-11-18 00:00:00+00:00,0,0.454652484
2019-11-18 01:00:00+00:00,0,0.455434924
2019-11-18 02:00:00+00:00,0.004024172,0.455945415
2019-11-18 03:00:00+00:00,0.022490965,0.456185652
2019-11-18 04:00:00+00:00,0.009619685,0.455744042
2019-11-18 05:00:00+00:00,0.030643784,0.454653896
2019-11-18 06:00:00+00:00,0.054606382,0.453276086
2019-11-18 07:00:00+00:00,0.186743626,0.452989647
2019-11-18 08:00:00+00:00,0.211590672,0.451751011
2019-11-18 09:00:00+00:00,0.131632565,0.451033971
2019-11-18 10:00:00+00:00,0.037854248,0.451759292
2019-11-18 11:00:00+00:00,0.00356754,0.450317589
2019-11-18 12:00:00+00:00,0,0.451658981
2019-11-18 13:00:00+00:00,0,0.450516516
2019-11-18 14:00:00+00:00,0,0.449294818
2019-11-18 15:00:00+00:00,0.008255924,0.449869203
2019-11-18 16:00:00+00:00,0.08289058,0.449385624
2019-11-18 17:00:00+00:00,0.285845284,0.448152164
2019-11-18 18:00:00+00:00,0.472176215,0.448497981
2019-11-18 19:00:00+00:00,0.393281319,0.447475775
2019-11-18 20:00:00+00:00,0.131301664,0.447891978
2019-11-18 21:00:00+00:00,0.017348469,0.449022776
2019-11-18 22:00:00+00:00,0.000503912,0.450348454
2019-11-18 23:00:00+00:00,0,0.454602988
2019-11-19 00:00:00+00:00,0,0.456006486
2019-11-19 01:00:00+00:00,0,0.456556405
2019-11-19 02:00:00+00:00,0,0.457685415
2019-11-19 03:00:00+00:00,0,0.457382695
2019-11-19 04:00:00+00:00,0.010854647,0.456646741
2019-11-19 05:00:00+00:00,0.067113945,0.454419022
2019-11-19 06:00:00+00:00,0.105453149,0.453197889
2019-11-19 07:00:00+00:00,0.087695163,0.454806525
2019-11-19 08:00:00+00:00,0.113262193,0.4548149
2019-11-19 09:00:00+00:00,0.07924037,0.454627077
2019-11-19 10:00:00+00:00,0.043367309,0.454891686
2019-11-19 11:00:00+00:00,0.072958182,0.454769921
2019-11-19 12:00:00+00:00,0.079099846,0.454102565
2019-11-19 13:00:00+00:00,0.076755545,0.45438797
2019-11-19 14:00:00+00:00,0.086314145,0.452307235
2019-11-19 15:00:00+00:00,0.06398737,0.451430601
2019-11-19 16:00:00+00:00,0.184401789,0.449885012
2019-11-19 17:00:00+00:00,0.489400486,0.449057404
2019-11-19 18:00:00+00:00,0.590799934,0.448020801
2019-11-19 19:00:00+00:00,0.533355529,0.44720298
2019-11-19 20:00:00+00:00,0.331372599,0.447949003
2019-11-19 21:00:00+00:00,0.183672437,0.449637812
2019-11-19 22:00:00+00:00,0.108900929,0.450480758
2019-11-19 23:00:00+00:00,0.017389503,0.453830052
2019-11-20 00:00:00+00:00,0,0.455948709
2019-11-20 01:00:00+00:00,0,0.456139543
2019-11-20 02:00:00+00:00,0,0.456248228
2019-11-20 03:00:00+00:00,0,0.457013354
2019-11-20 04:00:00+00:00,0,0.457128626
2019-11-20 05:00:00+00:00,0.003422743,0.456465411
2019-11-20 06:00:00+00:00,0.020345149,0.45548969
2019-11-20 07:00:00+00:00,0.021189988,0.454300269
2019-11-20 08:00:00+00:00,0.025058242,0.453856964
2019-11-20 09:00:00+00:00,0.025092373,0.452857154
2019-11-20 10:00:00+00:00,0.025989038,0.452955018
2019-11-20 11:00:00+00:00,0.005101353,0.452537497
2019-11-20 12:00:00+00:00,0.001432845,0.452242871
2019-11-20 13:00:00+00:00,8.5081E-05,0.452282298
2019-11-20 14:00:00+00:00,0.003195386,0.451960571
2019-11-20 15:00:00+00:00,0.020047558,0.451229792
2019-11-20 16:00:00+00:00,0.026975166,0.449906843
2019-11-20 17:00:00+00:00,0.050294863,0.450178133
2019-11-20 18:00:00+00:00,0.081373585,0.448791667
2019-11-20 19:00:00+00:00,0.057340808,0.44855877
2019-11-20 20:00:00+00:00,0.036499416,0.449475396
2019-11-20 21:00:00+00:00,0.019127664,0.450858569
2019-11-20 22:00:00+00:00,0.002623047,0.452840969
2019-11-20 23:00:00+00:00,0,0.454416105
2019-11-21 00:00:00+00:00,0,0.456288785
2019-11-21 01:00:00+00:00,0,0.456584635
2019-11-21 02:00:00+00:00,0.001504832,0.457479618
2019-11-21 03:00:00+00:00,0.009786834,0.458003754
2019-11-21 04:00:00+00:00,0.00200595,0.458242203
2019-11-21 05:00:00+00:00,0.004686303,0.456975526
2019-11-21 06:00:00+00:00,0.036151039,0.455985784
2019-11-21 07:00:00+00:00,0.082098828,0.464301101
2019-11-21 08:00:00+00:00,0.114631542,0.462149603
2019-11-21 09:00:00+00:00,0.128529601,0.46294484
2019-11-21 10:00:00+00:00,0.114620694,0.462361986
2019-11-21 11:00:00+00:00,0.036737895,0.462604669
2019-11-21 12:00:00+00:00,0.005645806,0.463418915
2019-11-21 13:00:00+00:00,0.000421241,0.46345806
2019-11-21 14:00:00+00:00,0.006421177,0.463407152
2019-11-21 15:00:00+00:00,0.041786107,0.453460334
2019-11-21 16:00:00+00:00,0.101000559,0.451680718
2019-11-21 17:00:00+00:00,0.163323837,0.451267432
2019-11-21 18:00:00+00:00,0.097202101,0.45064882
2019-11-21 19:00:00+00:00,0.029621881,0.450874189
2019-11-21 20:00:00+00:00,0.007689064,0.451730121
2019-11-21 21:00:00+00:00,0.000734282,0.454594895
2019-11-21 22:00:00+00:00,0.003802348,0.45606511
2019-11-21 23:00:00+00:00,0.023216153,0.457651915
2019-11-22 00:00:00+00:00,0.020188026,0.459466347
2019-11-22 01:00:00+00:00,0.002993065,0.460457312
2019-11-22 02:00:00+00:00,0,0.460105191
2019-11-22 03:00:00+00:00,0.00223013,0.459351075
2019-11-22 04:00:00+00:00,0.020835529,0.459286334
2019-11-22 05:00:00+00:00,0.048498137,0.457587833
2019-11-22 06:00:00+00:00,0.05197561,0.455428996
2019-11-22 07:00:00+00:00,0.032777548,0.454679961
2019-11-22 08:00:00+00:00,0.006676091,0.45367921
2019-11-22 09:00:00+00:00,0.000209498,0.452472662
2019-11-22 10:00:00+00:00,0.000203745,0.452991905
2019-11-22 11:00:00+00:00,0.000621261,0.449707822
2019-11-22 12:00:00+00:00,0,0.4479012
2019-11-22 13:00:00+00:00,0,0.449380731
2019-11-22 14:00:00+00:00,0,0.461664236
2019-11-22 15:00:00+00:00,0,0.460753162
2019-11-22 16:00:00+00:00,0.000330024,0.46022865
2019-11-22 17:00:00+00:00,0.003237954,0.458057203
2019-11-22 18:00:00+00:00,0.003939255,0.455953696
2019-11-22 19:00:00+00:00,0.004653925,0.45529001
2019-11-22 20:00:00+00:00,0.004339459,0.455212942
2019-11-22 21:00:00+00:00,0.000563846,0.456071321
2019-11-22 22:00:00+00:00,0,0.456203155
2019-11-22 23:00:00+00:00,0,0.454365103
2019-11-23 00:00:00+00:00,0,0.448797501
2019-11-23 01:00:00+00:00,0,0.447190464
2019-11-23 02:00:00+00:00,0,0.447480856
2019-11-23 03:00:00+00:00,0,0.46231136
2019-11-23 04:00:00+00:00,0,0.462678067
2019-11-23 05:00:00+00:00,0,0.461963003
2019-11-23 06:00:00+00:00,0,0.460700842
2019-11-23 07:00:00+00:00,0.005517828,0.458986909
2019-11-23 08:00:00+00:00,0.036870858,0.456657186
2019-11-23 09:00:00+00:00,0.037175791,0.45558059
2019-11-23 10:00:00+00:00,0.044601778,0.452572314
2019-11-23 11:00:00+00:00,0.021418057,0.444037086
2019-11-23 12:00:00+00:00,0.003105484,0.442431838
2019-11-23 13:00:00+00:00,0,0.441078401
2019-11-23 14:00:00+00:00,0,0.439779635
2019-11-23 15:00:00+00:00,0.012990602,0.43995946
2019-11-23 16:00:00+00:00,0.108213433,0.43876985
2019-11-23 17:00:00+00:00,0.249142725,0.437971508
2019-11-23 18:00:00+00:00,0.217100501,0.438012723
2019-11-23 19:00:00+00:00,0.128846477,0.43765345
2019-11-23 20:00:00+00:00,0.058432616,0.437617787
2019-11-23 21:00:00+00:00,0.044850885,0.439562735
2019-11-23 22:00:00+00:00,0.024325932,0.440671137
2019-11-23 23:00:00+00:00,0.003516042,0.442866297
2019-11-24 00:00:00+00:00,0,0.44406861
2019-11-24 01:00:00+00:00,0.002871168,0.444901299
2019-11-24 02:00:00+00:00,0.024320892,0.445491304
2019-11-24 03:00:00+00:00,0.038183615,0.446046964
2019-11-24 04:00:00+00:00,0.037687537,0.445540895
2019-11-24 05:00:00+00:00,0.021818152,0.445286637
2019-11-24 06:00:00+00:00,0.003095787,0.446705474
2019-11-24 07:00:00+00:00,0.008004242,0.445828652
2019-11-24 08:00:00+00:00,0.030067392,0.446009136
2019-11-24 09:00:00+00:00,0.041718393,0.445580888
2019-11-24 10:00:00+00:00,0.058494249,0.445409061
2019-11-24 11:00:00+00:00,0.100530285,0.446358246
2019-11-24 12:00:00+00:00,0.050627024,0.446284378
2019-11-24 13:00:00+00:00,0.009783054,0.44660554
2019-11-24 14:00:00+00:00,0.00131062,0.446768897
2019-11-24 15:00:00+00:00,0.013758139,0.445178705
2019-11-24 16:00:00+00:00,0.066085906,0.442804567
2019-11-24 17:00:00+00:00,0.118972425,0.441720161
2019-11-24 18:00:00+00:00,0.141183823,0.441536949
2019-11-24 19:00:00+00:00,0.107399767,0.441181158
2019-11-24 20:00:00+00:00,0.087959774,0.442437107
2019-11-24 21:00:00+00:00,0.087213658,0.442445953
2019-11-24 22:00:00+00:00,0.076987504,0.443692587
2019-11-24 23:00:00+00:00,0.013211111,0.447214648
2019-11-25 00:00:00+00:00,0,0.448254921
2019-11-25 01:00:00+00:00,0,0.448887837
2019-11-25 02:00:00+00:00,0,0.448929523
2019-11-25 03:00:00+00:00,0,0.449657949
2019-11-25 04:00:00+00:00,0,0.449171547
2019-11-25 05:00:00+00:00,0.009845125,0.448842669
2019-11-25 06:00:00+00:00,0.051292333,0.446123749
2019-11-25 07:00:00+00:00,0.019212033,0.444554917
2019-11-25 08:00:00+00:00,0.001689567,0.443569034
2019-11-25 09:00:00+00:00,0,0.442395515
2019-11-25 10:00:00+00:00,0,0.441983829
2019-11-25 11:00:00+00:00,0,0.44149498
2019-11-25 12:00:00+00:00,0,0.441701059
2019-11-25 13:00:00+00:00,0,0.441811062
2019-11-25 14:00:00+00:00,0,0.441200166
2019-11-25 15:00:00+00:00,0.005165506,0.439589554
2019-11-25 16:00:00+00:00,0.029408275,0.438314219
2019-11-25 17:00:00+00:00,0.025792963,0.43772826
2019-11-25 18:00:00+00:00,0.053144556,0.437487741
2019-11-25 19:00:00+00:00,0.072014731,0.43839778
2019-11-25 20:00:00+00:00,0.03467979,0.439965106
2019-11-25 21:00:00+00:00,0.00435573,0.441795535
2019-11-25 22:00:00+00:00,0.0034795,0.442162618
2019-11-25 23:00:00+00:00,0.022013241,0.445382337
2019-11-26 00:00:00+00:00,0.021890742,0.446591707
2019-11-26 01:00:00+00:00,0.003205083,0.446490927
2019-11-26 02:00:00+00:00,0,0.447038023
2019-11-26 03:00:00+00:00,0.001871782,0.446948628
2019-11-26 04:00:00+00:00,0.027303438,0.447097776
2019-11-26 05:00:00+00:00,0.12079523,0.44564591
2019-11-26 06:00:00+00:00,0.289869511,0.444545507
2019-11-26 07:00:00+00:00,0.391347849,0.442174004
2019-11-26 08:00:00+00:00,0.311226812,0.442232911
2019-11-26 09:00:00+00:00,0.175179569,0.442273562
2019-11-26 10:00:00+00:00,0.053733823,0.441852842
2019-11-26 11:00:00+00:00,0.007053285,0.442072847
2019-11-26 12:00:00+00:00,1.74764E-05,0.441844091
2019-11-26 13:00:00+00:00,0,0.441968396
2019-11-26 14:00:00+00:00,0,0.442135047
2019-11-26 15:00:00+00:00,0,0.442546263
2019-11-26 16:00:00+00:00,0.004196745,0.440896788
2019-11-26 17:00:00+00:00,0.021229049,0.44068591
2019-11-26 18:00:00+00:00,0.029881014,0.439167516
2019-11-26 19:00:00+00:00,0.044684065,0.439696169
2019-11-26 20:00:00+00:00,0.0696512,0.441343386
2019-11-26 21:00:00+00:00,0.092768083,0.440743593
2019-11-26 22:00:00+00:00,0.089735847,0.441711504
2019-11-26 23:00:00+00:00,0.054129534,0.443649489
2019-11-27 00:00:00+00:00,0.040588728,0.445551811
2019-11-27 01:00:00+00:00,0.074038048,0.445180587
2019-11-27 02:00:00+00:00,0.125840866,0.44402363
2019-11-27 03:00:00+00:00,0.13033838,0.444693715
2019-11-27 04:00:00+00:00,0.107864124,0.443525278
2019-11-27 05:00:00+00:00,0.110686863,0.442037372
2019-11-27 06:00:00+00:00,0.105508098,0.438775684
2019-11-27 07:00:00+00:00,0.058959483,0.437351955
2019-11-27 08:00:00+00:00,0.039826012,0.437094498
2019-11-27 09:00:00+00:00,0.026479089,0.437207041
2019-11-27 10:00:00+00:00,0.018353224,0.437526886
2019-11-27 11:00:00+00:00,0.002740397,0.435716688
2019-11-27 12:00:00+00:00,0,0.43667246
2019-11-27 13:00:00+00:00,0,0.436223604
2019-11-27 14:00:00+00:00,0.005139593,0.437928034
2019-11-27 15:00:00+00:00,0.050654746,0.436761855
2019-11-27 16:00:00+00:00,0.140898503,0.436388749
2019-11-27 17:00:00+00:00,0.116070249,0.435059966
2019-11-27 18:00:00+00:00,0.053108672,0.434547687
2019-11-27 19:00:00+00:00,0.048248756,0.434047546
2019-11-27 20:00:00+00:00,0.098925196,0.436181447
2019-11-27 21:00:00+00:00,0.119969949,0.438112469
2019-11-27 22:00:00+00:00,0.114634829,0.439288434
2019-11-27 23:00:00+00:00,0.047212609,0.439638486
2019-11-28 00:00:00+00:00,0.069732884,0.439224258
2019-11-28 01:00:00+00:00,0.119668632,0.4395011
2019-11-28 02:00:00+00:00,0.128438987,0.441632742
2019-11-28 03:00:00+00:00,0.123592712,0.442119615
2019-11-28 04:00:00+00:00,0.098493327,0.441959457
2019-11-28 05:00:00+00:00,0.102606689,0.44119819
2019-11-28 06:00:00+00:00,0.18119079,0.438278932
2019-11-28 07:00:00+00:00,0.192750628,0.437931609
2019-11-28 08:00:00+00:00,0.156716939,0.436568009
2019-11-28 09:00:00+00:00,0.131540526,0.436056577
2019-11-28 10:00:00+00:00,0.074951587,0.435866495
2019-11-28 11:00:00+00:00,0.057107369,0.436337747
2019-11-28 12:00:00+00:00,0.057074772,0.435793003
2019-11-28 13:00:00+00:00,0.064361715,0.435386775
2019-11-28 14:00:00+00:00,0.085048722,0.435236309
2019-11-28 15:00:00+00:00,0.141358861,0.435109933
2019-11-28 16:00:00+00:00,0.213089587,0.432898588
2019-11-28 17:00:00+00:00,0.316107601,0.432924748
2019-11-28 18:00:00+00:00,0.34119707,0.432441827
2019-11-28 19:00:00+00:00,0.20414666,0.433188227
2019-11-28 20:00:00+00:00,0.136680338,0.43423424
2019-11-28 21:00:00+00:00,0.135467016,0.435129788
2019-11-28 22:00:00+00:00,0.107940878,0.436615247
2019-11-28 23:00:00+00:00,0.101872625,0.43698346
2019-11-29 00:00:00+00:00,0.070761471,0.439273472
2019-11-29 01:00:00+00:00,0.030935185,0.439221529
2019-11-29 02:00:00+00:00,0.02186187,0.439928972
2019-11-29 03:00:00+00:00,0.015169453,0.439647049
2019-11-29 04:00:00+00:00,0.050737745,0.439819722
2019-11-29 05:00:00+00:00,0.173656657,0.438124984
2019-11-29 06:00:00+00:00,0.365502896,0.43435657
2019-11-29 07:00:00+00:00,0.462137973,0.434589373
2019-11-29 08:00:00+00:00,0.362209171,0.433138166
2019-11-29 09:00:00+00:00,0.347135482,0.432324955
2019-11-29 10:00:00+00:00,0.34476598,0.434493203
2019-11-29 11:00:00+00:00,0.232057882,0.434847206
2019-11-29 12:00:00+00:00,0.131509353,0.435713301
2019-11-29 13:00:00+00:00,0.110069656,0.434377366
2019-11-29 14:00:00+00:00,0.123716526,0.43472977
2019-11-29 15:00:00+00:00,0.191593626,0.43508876
2019-11-29 16:00:00+00:00,0.381857895,0.432261156
2019-11-29 17:00:00+00:00,0.614615819,0.431067218
2019-11-29 18:00:00+00:00,0.60427867,0.43098074
2019-11-29 19:00:00+00:00,0.401289615,0.431227093
2019-11-29 20:00:00+00:00,0.292025627,0.432226527
2019-11-29 21:00:00+00:00,0.167581885,0.43227847
2019-11-29 22:00:00+00:00,0.139189378,0.432124899
2019-11-29 23:00:00+00:00,0.082599781,0.43511492
2019-11-30 00:00:00+00:00,0.0208289,0.437067115
2019-11-30 01:00:00+00:00,0.012725497,0.437352896
2019-11-30 02:00:00+00:00,0.030521504,0.437832052
2019-11-30 03:00:00+00:00,0.005695112,0.437765241
2019-11-30 04:00:00+00:00,0,0.437663519
2019-11-30 05:00:00+00:00,8.25061E-05,0.437897451
2019-11-30 06:00:00+00:00,0.007492167,0.437824053
2019-11-30 07:00:00+00:00,0.039458076,0.438516816
2019-11-30 08:00:00+00:00,0.106276074,0.437727883
2019-11-30 09:00:00+00:00,0.075740928,0.437491034
2019-11-30 10:00:00+00:00,0.027933957,0.437533661
2019-11-30 11:00:00+00:00,0.005208403,0.438438713
2019-11-30 12:00:00+00:00,0.000178106,0.437822924
2019-11-30 13:00:00+00:00,0,0.437726189
2019-11-30 14:00:00+00:00,0.000310357,0.437122728
2019-11-30 15:00:00+00:00,0.005155426,0.436741623
2019-11-30 16:00:00+00:00,0.02338144,0.434705774
2019-11-30 17:00:00+00:00,0.076048819,0.434714055
2019-11-30 18:00:00+00:00,0.146746356,0.434015082
2019-11-30 19:00:00+00:00,0.099858622,0.433598502
2019-11-30 20:00:00+00:00,0.143577267,0.432579966
2019-11-30 21:00:00+00:00,0.160442807,0.433338692
2019-11-30 22:00:00+00:00,0.109847174,0.434945258
2019-11-30 23:00:00+00:00,0.016947169,0.434932649
2019-12-01 00:00:00+00:00,0,0.691672143
2019-12-01 01:00:00+00:00,0,0.693604671
2019-12-01 02:00:00+00:00,0,0.693663201
2019-12-01 03:00:00+00:00,0,0.693895157
2019-12-01 04:00:00+00:00,0,0.694013252
2019-12-01 05:00:00+00:00,0,0.693134924
2019-12-01 06:00:00+00:00,0.005011835,0.692799553
2019-12-01 07:00:00+00:00,0.041636763,0.693115634
2019-12-01 08:00:00+00:00,0.082308545,0.691665744
2019-12-01 09:00:00+00:00,0.074456276,0.690504929
2019-12-01 10:00:00+00:00,0.04673472,0.690014105
2019-12-01 11:00:00+00:00,0.07403876,0.689609193
2019-12-01 12:00:00+00:00,0.094776663,0.690118273
2019-12-01 13:00:00+00:00,0.093903665,0.690583314
2019-12-01 14:00:00+00:00,0.139070057,0.690810754
2019-12-01 15:00:00+00:00,0.199642243,0.69021689
2019-12-01 16:00:00+00:00,0.329918333,0.689357194
2019-12-01 17:00:00+00:00,0.387758012,0.688861382
2019-12-01 18:00:00+00:00,0.377841831,0.688677511
2019-12-01 19:00:00+00:00,0.192938376,0.689470302
2019-12-01 20:00:00+00:00,0.141996558,0.689167865
2019-12-01 21:00:00+00:00,0.13052191,0.689873896
2019-12-01 22:00:00+00:00,0.105692504,0.690485733
2019-12-01 23:00:00+00:00,0.021915011,0.69352525
2019-12-02 00:00:00+00:00,0.000241656,0.694666398
2019-12-02 01:00:00+00:00,0,0.695121936
2019-12-02 02:00:00+00:00,0,0.695252076
2019-12-02 03:00:00+00:00,0,0.694665081
2019-12-02 04:00:00+00:00,0.002926063,0.695052019
2019-12-02 05:00:00+00:00,0.031453999,0.695306183
2019-12-02 06:00:00+00:00,0.093168451,0.693158167
2019-12-02 07:00:00+00:00,0.164849542,0.693236082
2019-12-02 08:00:00+00:00,0.164502699,0.690981921
2019-12-02 09:00:00+00:00,0.118533982,0.691284734
2019-12-02 10:00:00+00:00,0.070568683,0.693562137
2019-12-02 11:00:00+00:00,0.031680425,0.69266132
2019-12-02 12:00:00+00:00,0.013192758,0.69136152
2019-12-02 13:00:00+00:00,0.001691978,0.690926779
2019-12-02 14:00:00+00:00,0,0.690754105
2019-12-02 15:00:00+00:00,2.164E-05,0.691366036
2019-12-02 16:00:00+00:00,0.001773114,0.690587549
2019-12-02 17:00:00+00:00,0.006097124,0.690510669
2019-12-02 18:00:00+00:00,0.008064286,0.690090702
2019-12-02 19:00:00+00:00,0.008918876,0.690548121
2019-12-02 20:00:00+00:00,0.001622675,0.690917933
2019-12-02 21:00:00+00:00,0,0.692324913
2019-12-02 22:00:00+00:00,0.0019716,0.693327641
2019-12-02 23:00:00+00:00,0.011349081,0.69488838
2019-12-03 00:00:00+00:00,0.001787249,0.695296961
2019-12-03 01:00:00+00:00,0,0.695585001
2019-12-03 02:00:00+00:00,0,0.695646166
2019-12-03 03:00:00+00:00,0,0.695741206
2019-12-03 04:00:00+00:00,0.003368342,0.696217163
2019-12-03 05:00:00+00:00,0.029221129,0.695714858
2019-12-03 06:00:00+00:00,0.058278999,0.694913034
2019-12-03 07:00:00+00:00,0.06916964,0.694967236
2019-12-03 08:00:00+00:00,0.028951423,0.694936559
2019-12-03 09:00:00+00:00,0.003363356,0.693945594
2019-12-03 10:00:00+00:00,0,0.693236646
2019-12-03 11:00:00+00:00,0,0.693522898
2019-12-03 12:00:00+00:00,0,0.694029907
2019-12-03 13:00:00+00:00,0,0.694184608
2019-12-03 14:00:00+00:00,0.00410498,0.694180844
2019-12-03 15:00:00+00:00,0.046888337,0.69435888
2019-12-03 16:00:00+00:00,0.178098838,0.69381903
2019-12-03 17:00:00+00:00,0.288615703,0.692952935
2019-12-03 18:00:00+00:00,0.315500146,0.692554893
2019-12-03 19:00:00+00:00,0.383622791,0.692610036
2019-12-03 20:00:00+00:00,0.244795706,0.692933645
2019-12-03 21:00:00+00:00,0.069433484,0.694808301
2019-12-03 22:00:00+00:00,0.013677002,0.69522968
2019-12-03 23:00:00+00:00,0.019833623,0.695360479
2019-12-04 00:00:00+00:00,0.00357647,0.696746851
2019-12-04 01:00:00+00:00,0,0.697211045
2019-12-04 02:00:00+00:00,0,0.697505389
2019-12-04 03:00:00+00:00,0,0.697625743
2019-12-04 04:00:00+00:00,0.013135289,0.697624708
2019-12-04 05:00:00+00:00,0.10214655,0.696226855
2019-12-04 06:00:00+00:00,0.245815746,0.69500704
2019-12-04 07:00:00+00:00,0.402113307,0.695193828
2019-12-04 08:00:00+00:00,0.52284126,0.694415152
2019-12-04 09:00:00+00:00,0.582043769,0.694137181
2019-12-04 10:00:00+00:00,0.618523025,0.69645213
2019-12-04 11:00:00+00:00,0.624984962,0.695628663
2019-12-04 12:00:00+00:00,0.537670718,0.694819687
2019-12-04 13:00:00+00:00,0.376316235,0.695011368
2019-12-04 14:00:00+00:00,0.290840136,0.695322933
2019-12-04 15:00:00+00:00,0.212774081,0.694390686
2019-12-04 16:00:00+00:00,0.242325015,0.693394546
2019-12-04 17:00:00+00:00,0.292185544,0.693838038
2019-12-04 18:00:00+00:00,0.288804109,0.693798704
2019-12-04 19:00:00+00:00,0.258399296,0.693638641
2019-12-04 20:00:00+00:00,0.119117167,0.694529107
2019-12-04 21:00:00+00:00,0.019953821,0.6951209
2019-12-04 22:00:00+00:00,0.00067621,0.695629792
2019-12-04 23:00:00+00:00,0,0.696524681
2019-12-05 00:00:00+00:00,0,0.697433027
2019-12-05 01:00:00+00:00,0,0.697916229
2019-12-05 02:00:00+00:00,0,0.697530326
2019-12-05 03:00:00+00:00,0,0.698056155
2019-12-05 04:00:00+00:00,0.001153716,0.698288676
2019-12-05 05:00:00+00:00,0.008319091,0.698474241
2019-12-05 06:00:00+00:00,0.011352752,0.697458904
2019-12-05 07:00:00+00:00,0.01165889,0.696603631
2019-12-05 08:00:00+00:00,0.004065754,0.695755415
2019-12-05 09:00:00+00:00,0.002149651,0.696200131
2019-12-05 10:00:00+00:00,0.002098153,0.697266564
2019-12-05 11:00:00+00:00,0.002039533,0.696453259
2019-12-05 12:00:00+00:00,0.002031754,0.695879721
2019-12-05 13:00:00+00:00,0.002348685,0.696049383
2019-12-05 14:00:00+00:00,0.003919204,0.696510566
2019-12-05 15:00:00+00:00,0.010365253,0.694902401
2019-12-05 16:00:00+00:00,0.047225921,0.694850364
2019-12-05 17:00:00+00:00,0.102534482,0.693408284
2019-12-05 18:00:00+00:00,0.147158394,0.693416471
2019-12-05 19:00:00+00:00,0.141578056,0.693507936
2019-12-05 20:00:00+00:00,0.071028657,0.693697641
2019-12-05 21:00:00+00:00,0.023452441,0.694758146
2019-12-05 22:00:00+00:00,0.011638126,0.694839072
2019-12-05 23:00:00+00:00,0.001787303,0.698177544
2019-12-06 00:00:00+00:00,0,0.701180269
2019-12-06 01:00:00+00:00,0.003859598,0.701763499
2019-12-06 02:00:00+00:00,0.025642523,0.702017098
2019-12-06 03:00:00+00:00,0.039620788,0.701950475
2019-12-06 04:00:00+00:00,0.035668712,0.702445534
2019-12-06 05:00:00+00:00,0.006377952,0.70213971
2019-12-06 06:00:00+00:00,0,0.701221202
2019-12-06 07:00:00+00:00,0,0.700092099
2019-12-06 08:00:00+00:00,0,0.698526748
2019-12-06 09:00:00+00:00,0.033746802,0.696771034
2019-12-06 10:00:00+00:00,0.212403625,0.698231369
2019-12-06 11:00:00+00:00,0.287667979,0.698525431
2019-12-06 12:00:00+00:00,0.272818031,0.699089559
2019-12-06 13:00:00+00:00,0.206164334,0.699452879
2019-12-06 14:00:00+00:00,0.158069414,0.699884797
2019-12-06 15:00:00+00:00,0.14351936,0.699769807
2019-12-06 16:00:00+00:00,0.158753733,0.697098219
2019-12-06 17:00:00+00:00,0.196119463,0.696257061
2019-12-06 18:00:00+00:00,0.166833962,0.695204273
2019-12-06 19:00:00+00:00,0.090051189,0.696111583
2019-12-06 20:00:00+00:00,0.022777436,0.696800111
2019-12-06 21:00:00+00:00,0.015175699,0.697808579
2019-12-06 22:00:00+00:00,0.01355653,0.699987083
2019-12-06 23:00:00+00:00,0.016648756,0.701639946
2019-12-07 00:00:00+00:00,0.01684768,0.701982093
2019-12-07 01:00:00+00:00,0.019709042,0.703644742
2019-12-07 02:00:00+00:00,0.003706419,0.714349441
2019-12-07 03:00:00+00:00,0,0.713510447
2019-12-07 04:00:00+00:00,0,0.713571235
2019-12-07 05:00:00+00:00,0.001138486,0.705407419
2019-12-07 06:00:00+00:00,0.007066817,0.703630345
2019-12-07 07:00:00+00:00,0.007678327,0.702080898
2019-12-07 08:00:00+00:00,0.005589432,0.700026605
2019-12-07 09:00:00+00:00,0.005243411,0.701126161
2019-12-07 10:00:00+00:00,0.001167741,0.701710709
2019-12-07 11:00:00+00:00,0,0.702860891
2019-12-07 12:00:00+00:00,0,0.704479878
2019-12-07 13:00:00+00:00,0,0.703729432
2019-12-07 14:00:00+00:00,0,0.70457633
2019-12-07 15:00:00+00:00,0.00136146,0.703962423
2019-12-07 16:00:00+00:00,0.017875007,0.702507358
2019-12-07 17:00:00+00:00,0.055574542,0.701223649
2019-12-07 18:00:00+00:00,0.038818627,0.700264019
2019-12-07 19:00:00+00:00,0.060687564,0.701334969
2019-12-07 20:00:00+00:00,0.047451033,0.702487879
2019-12-07 21:00:00+00:00,0.012055533,0.703596939
2019-12-07 22:00:00+00:00,0.002737164,0.70540949
2019-12-07 23:00:00+00:00,0.009113692,0.713627977
2019-12-08 00:00:00+00:00,0.007883606,0.714935306
2019-12-08 01:00:00+00:00,0.009175106,0.715165756
2019-12-08 02:00:00+00:00,0.00153354,0.716627785
2019-12-08 03:00:00+00:00,0,0.717713979
2019-12-08 04:00:00+00:00,0,0.717624772
2019-12-08 05:00:00+00:00,0,0.717153426
2019-12-08 06:00:00+00:00,0,0.716962215
2019-12-08 07:00:00+00:00,0,0.715529546
2019-12-08 08:00:00+00:00,0.001126159,0.714142327
2019-12-08 09:00:00+00:00,0.02144419,0.712838386
2019-12-08 10:00:00+00:00,0.08062484,0.703860795
2019-12-08 11:00:00+00:00,0.114901248,0.703981619
2019-12-08 12:00:00+00:00,0.156590714,0.702225341
2019-12-08 13:00:00+00:00,0.122026466,0.702001195
2019-12-08 14:00:00+00:00,0.063841313,0.711576414
2019-12-08 15:00:00+00:00,0.078786148,0.710836131
2019-12-08 16:00:00+00:00,0.126799548,0.701939936
2019-12-08 17:00:00+00:00,0.101393915,0.70123033
2019-12-08 18:00:00+00:00,0.094943209,0.698188742
2019-12-08 19:00:00+00:00,0.09154857,0.697568907
2019-12-08 20:00:00+00:00,0.074020517,0.699823444
2019-12-08 21:00:00+00:00,0.060760811,0.701600236
2019-12-08 22:00:00+00:00,0.020321482,0.712659408
2019-12-08 23:00:00+00:00,0.019244849,0.712858147
2019-12-09 00:00:00+00:00,0.083761222,0.714144774
2019-12-09 01:00:00+00:00,0.116824308,0.716082571
2019-12-09 02:00:00+00:00,0.127804632,0.716470074
2019-12-09 03:00:00+00:00,0.133289809,0.716828029
2019-12-09 04:00:00+00:00,0.127143597,0.717042671
2019-12-09 05:00:00+00:00,0.080398687,0.71624461
2019-12-09 06:00:00+00:00,0.014200363,0.715191728
2019-12-09 07:00:00+00:00,0.007788883,0.705581975
2019-12-09 08:00:00+00:00,0.054206398,0.705859287
2019-12-09 09:00:00+00:00,0.145344081,0.705224395
2019-12-09 10:00:00+00:00,0.216566293,0.702585743
2019-12-09 11:00:00+00:00,0.251870577,0.702509993
2019-12-09 12:00:00+00:00,0.246195954,0.712688673
2019-12-09 13:00:00+00:00,0.227354377,0.71281712
2019-12-09 14:00:00+00:00,0.177165413,0.713827281
2019-12-09 15:00:00+00:00,0.098257039,0.714766961
2019-12-09 16:00:00+00:00,0.11470972,0.703588
2019-12-09 17:00:00+00:00,0.153446827,0.700001951
2019-12-09 18:00:00+00:00,0.116408217,0.700042978
2019-12-09 19:00:00+00:00,0.064982045,0.699858355
2019-12-09 20:00:00+00:00,0.037487901,0.701606164
2019-12-09 21:00:00+00:00,0.039921118,0.704646717
2019-12-09 22:00:00+00:00,0.036666182,0.716037403
2019-12-09 23:00:00+00:00,0.007038986,0.718187207
2019-12-10 00:00:00+00:00,0,0.718983479
2019-12-10 01:00:00+00:00,0.004468478,0.719207342
2019-12-10 02:00:00+00:00,0.027149492,0.719077767
2019-12-10 03:00:00+00:00,0.023415297,0.718991854
2019-12-10 04:00:00+00:00,0.003288136,0.71959494
2019-12-10 05:00:00+00:00,0.017999642,0.708929292
2019-12-10 06:00:00+00:00,0.131007852,0.704508578
2019-12-10 07:00:00+00:00,0.258165967,0.704261943
2019-12-10 08:00:00+00:00,0.262931653,0.70351846
2019-12-10 09:00:00+00:00,0.172056883,0.703361878
2019-12-10 10:00:00+00:00,0.237555385,0.705188826
2019-12-10 11:00:00+00:00,0.307089016,0.705918005
2019-12-10 12:00:00+00:00,0.253208698,0.708063668
2019-12-10 13:00:00+00:00,0.222244806,0.709453993
2019-12-10 14:00:00+00:00,0.206044574,0.709542447
2019-12-10 15:00:00+00:00,0.27055377,0.708806116
2019-12-10 16:00:00+00:00,0.242721987,0.707192681
2019-12-10 17:00:00+00:00,0.276235406,0.704140742
2019-12-10 18:00:00+00:00,0.244451328,0.705050217
2019-12-10 19:00:00+00:00,0.20617688,0.704258085
2019-12-10 20:00:00+00:00,0.144335162,0.704408268
2019-12-10 21:00:00+00:00,0.081620665,0.707003728
2019-12-10 22:00:00+00:00,0.041376809,0.708511583
2019-12-10 23:00:00+00:00,0.024745694,0.709716531
2019-12-11 00:00:00+00:00,0.020062843,0.710413058
2019-12-11 01:00:00+00:00,0.002755134,0.709355282
2019-12-11 02:00:00+00:00,0.001645027,0.708533038
2019-12-11 03:00:00+00:00,0.014253504,0.709075712
2019-12-11 04:00:00+00:00,0.016532338,0.709118527
2019-12-11 05:00:00+00:00,0.027634174,0.706272291
2019-12-11 06:00:00+00:00,0.092874256,0.703201438
2019-12-11 07:00:00+00:00,0.293879001,0.703812522
2019-12-11 08:00:00+00:00,0.337789119,0.704032151
2019-12-11 09:00:00+00:00,0.243523271,0.704646811
2019-12-11 10:00:00+00:00,0.145489754,0.705655749
2019-12-11 11:00:00+00:00,0.130045062,0.706439224
2019-12-11 12:00:00+00:00,0.047144073,0.706300521
2019-12-11 13:00:00+00:00,0.004508909,0.707125588
2019-12-11 14:00:00+00:00,0,0.707479967
2019-12-11 15:00:00+00:00,0,0.708480531
2019-12-11 16:00:00+00:00,0.004504417,0.705568895
2019-12-11 17:00:00+00:00,0.027786805,0.70373743
2019-12-11 18:00:00+00:00,0.040791925,0.703384838
2019-12-11 19:00:00+00:00,0.061147483,0.703894295
2019-12-11 20:00:00+00:00,0.122085086,0.705358864
2019-12-11 21:00:00+00:00,0.132891413,0.706351993
2019-12-11 22:00:00+00:00,0.089902886,0.7087968
2019-12-11 23:00:00+00:00,0.036776847,0.70993616
2019-12-12 00:00:00+00:00,0.004501239,0.710595141
2019-12-12 01:00:00+00:00,0,0.711125864
2019-12-12 02:00:00+00:00,0,0.710036659
2019-12-12 03:00:00+00:00,0,0.710717941
2019-12-12 04:00:00+00:00,0.003915807,0.710198228
2019-12-12 05:00:00+00:00,0.039267041,0.708447219
2019-12-12 06:00:00+00:00,0.104689502,0.704755872
2019-12-12 07:00:00+00:00,0.140379362,0.702610774
2019-12-12 08:00:00+00:00,0.122224787,0.701813937
2019-12-12 09:00:00+00:00,0.111691509,0.700474238
2019-12-12 10:00:00+00:00,0.081786006,0.702707226
2019-12-12 11:00:00+00:00,0.018411735,0.701572665
2019-12-12 12:00:00+00:00,0.027403311,0.701220073
2019-12-12 13:00:00+00:00,0.096045208,0.701467273
2019-12-12 14:00:00+00:00,0.137275357,0.702568052
2019-12-12 15:00:00+00:00,0.164388308,0.701932596
2019-12-12 16:00:00+00:00,0.158606033,0.700786179
2019-12-12 17:00:00+00:00,0.228543703,0.700868704
2019-12-12 18:00:00+00:00,0.28079384,0.701362352
2019-12-12 19:00:00+00:00,0.372522872,0.70010659
2019-12-12 20:00:00+00:00,0.407521017,0.70204768
2019-12-12 21:00:00+00:00,0.189111321,0.70297701
2019-12-12 22:00:00+00:00,0.089845033,0.703302501
2019-12-12 23:00:00+00:00,0.029249782,0.705388505
2019-12-13 00:00:00+00:00,0.06706957,0.706179226
2019-12-13 01:00:00+00:00,0.123226913,0.707106956
2019-12-13 02:00:00+00:00,0.132659508,0.707737613
2019-12-13 03:00:00+00:00,0.131920459,0.708363188
2019-12-13 04:00:00+00:00,0.121949384,0.709025368
2019-12-13 05:00:00+00:00,0.084610662,0.709008148
2019-12-13 06:00:00+00:00,0.160303763,0.708135278
2019-12-13 07:00:00+00:00,0.26961514,0.707479309
2019-12-13 08:00:00+00:00,0.177578217,0.706653018
2019-12-13 09:00:00+00:00,0.182542115,0.706916686
2019-12-13 10:00:00+00:00,0.1776679,0.705718513
2019-12-13 11:00:00+00:00,0.16011859,0.704779303
2019-12-13 12:00:00+00:00,0.147585771,0.705220914
2019-12-13 13:00:00+00:00,0.091780968,0.705717384
2019-12-13 14:00:00+00:00,0.096845068,0.703945579
2019-12-13 15:00:00+00:00,0.109299434,0.703144696
2019-12-13 16:00:00+00:00,0.106254817,0.70251498
2019-12-13 17:00:00+00:00,0.100998313,0.699493153
2019-12-13 18:00:00+00:00,0.089745215,0.698675238
2019-12-13 19:00:00+00:00,0.054486294,0.69913915
2019-12-13 20:00:00+00:00,0.049384502,0.698339396
2019-12-13 21:00:00+00:00,0.042312207,0.699970145
2019-12-13 22:00:00+00:00,0.104885303,0.702393215
2019-12-13 23:00:00+00:00,0.09663672,0.703327908
2019-12-14 00:00:00+00:00,0.023025338,0.703717952
2019-12-14 01:00:00+00:00,0.000557272,0.703913021
2019-12-14 02:00:00+00:00,0,0.704188639
2019-12-14 03:00:00+00:00,0,0.7045497
2019-12-14 04:00:00+00:00,0,0.704995262
2019-12-14 05:00:00+00:00,0.01074179,0.704978607
2019-12-14 06:00:00+00:00,0.076255523,0.704788337
2019-12-14 07:00:00+00:00,0.124175624,0.70440488
2019-12-14 08:00:00+00:00,0.177650424,0.703607102
2019-12-14 09:00:00+00:00,0.222428774,0.701926103
2019-12-14 10:00:00+00:00,0.224699554,0.70167608
2019-12-14 11:00:00+00:00,0.195984418,0.69938795
2019-12-14 12:00:00+00:00,0.121610046,0.699063682
2019-12-14 13:00:00+00:00,0.05157453,0.699157311
2019-12-14 14:00:00+00:00,0.037487189,0.698275126
2019-12-14 15:00:00+00:00,0.081919846,0.697711562
2019-12-14 16:00:00+00:00,0.221170035,0.698382117
2019-12-14 17:00:00+00:00,0.42866893,0.696363865
2019-12-14 18:00:00+00:00,0.439974895,0.697918111
2019-12-14 19:00:00+00:00,0.418125297,0.707920919
2019-12-14 20:00:00+00:00,0.21534826,0.708062445
2019-12-14 21:00:00+00:00,0.157715558,0.710356786
2019-12-14 22:00:00+00:00,0.142645376,0.71112417
2019-12-14 23:00:00+00:00,0.173341096,0.712992804
2019-12-15 00:00:00+00:00,0.150998159,0.708752667
2019-12-15 01:00:00+00:00,0.166641173,0.704296571
2019-12-15 02:00:00+00:00,0.190672746,0.703487407
2019-12-15 03:00:00+00:00,0.190883777,0.701851294
2019-12-15 04:00:00+00:00,0.170521206,0.701836991
2019-12-15 05:00:00+00:00,0.159002402,0.701895145
2019-12-15 06:00:00+00:00,0.163894641,0.701491645
2019-12-15 07:00:00+00:00,0.186177259,0.701978611
2019-12-15 08:00:00+00:00,0.196801316,0.701206522
2019-12-15 09:00:00+00:00,0.225157282,0.699472263
2019-12-15 10:00:00+00:00,0.199213825,0.699868235
2019-12-15 11:00:00+00:00,0.189051605,0.699383527
2019-12-15 12:00:00+00:00,0.220536721,0.69917726
2019-12-15 13:00:00+00:00,0.244299848,0.69951235
2019-12-15 14:00:00+00:00,0.237076948,0.698845276
2019-12-15 15:00:00+00:00,0.261221213,0.698782512
2019-12-15 16:00:00+00:00,0.496061731,0.697410348
2019-12-15 17:00:00+00:00,0.586867582,0.696108384
2019-12-15 18:00:00+00:00,0.545587195,0.695340153
2019-12-15 19:00:00+00:00,0.536867955,0.703166151
2019-12-15 20:00:00+00:00,0.54636651,0.710514968
2019-12-15 21:00:00+00:00,0.527836276,0.710501512
2019-12-15 22:00:00+00:00,0.410953238,0.710217519
2019-12-15 23:00:00+00:00,0.14258188,0.711999298
2019-12-16 00:00:00+00:00,0.04141713,0.711756144
2019-12-16 01:00:00+00:00,0.004704491,0.702828521
2019-12-16 02:00:00+00:00,0,0.701366022
2019-12-16 03:00:00+00:00,0.002626554,0.700846591
2019-12-16 04:00:00+00:00,0.017219505,0.700610588
2019-12-16 05:00:00+00:00,0.063658441,0.700306834
2019-12-16 06:00:00+00:00,0.214441131,0.697208316
2019-12-16 07:00:00+00:00,0.354883276,0.696266001
2019-12-16 08:00:00+00:00,0.326688104,0.69407724
2019-12-16 09:00:00+00:00,0.359637567,0.692575689
2019-12-16 10:00:00+00:00,0.381073594,0.692976272
2019-12-16 11:00:00+00:00,0.320479274,0.691393231
2019-12-16 12:00:00+00:00,0.23768276,0.691539839
2019-12-16 13:00:00+00:00,0.18008901,0.691975709
2019-12-16 14:00:00+00:00,0.187550936,0.692778286
2019-12-16 15:00:00+00:00,0.241703973,0.693556209
2019-12-16 16:00:00+00:00,0.238869949,0.693281155
2019-12-16 17:00:00+00:00,0.236967159,0.69382637
2019-12-16 18:00:00+00:00,0.199089299,0.69397006
2019-12-16 19:00:00+00:00,0.115594277,0.694434537
2019-12-16 20:00:00+00:00,0.062410057,0.694838789
2019-12-16 21:00:00+00:00,0.080128543,0.696111395
2019-12-16 22:00:00+00:00,0.085029657,0.695636003
2019-12-16 23:00:00+00:00,0.053191178,0.696469351
2019-12-17 00:00:00+00:00,0.008931806,0.696479984
2019-12-17 01:00:00+00:00,0.021841216,0.696943802
2019-12-17 02:00:00+00:00,0.101021377,0.697506236
2019-12-17 03:00:00+00:00,0.103724137,0.697886023
2019-12-17 04:00:00+00:00,0.036695327,0.699114684
2019-12-17 05:00:00+00:00,0.125698645,0.695813663
2019-12-17 06:00:00+00:00,0.330867701,0.695341847
2019-12-17 07:00:00+00:00,0.47091534,0.697307121
2019-12-17 08:00:00+00:00,0.467412447,0.698006094
2019-12-17 09:00:00+00:00,0.515131213,0.699333466
2019-12-17 10:00:00+00:00,0.503710638,0.700454947
2019-12-17 11:00:00+00:00,0.3512054,0.700466145
2019-12-17 12:00:00+00:00,0.295668605,0.712503485
2019-12-17 13:00:00+00:00,0.269861618,0.711075897
2019-12-17 14:00:00+00:00,0.113044368,0.707230415
2019-12-17 15:00:00+00:00,0.090813412,0.704741381
2019-12-17 16:00:00+00:00,0.285345591,0.69339878
2019-12-17 17:00:00+00:00,0.471581744,0.692093334
2019-12-17 18:00:00+00:00,0.39625751,0.690836819
2019-12-17 19:00:00+00:00,0.284259151,0.691347311
2019-12-17 20:00:00+00:00,0.10653285,0.69303659
2019-12-17 21:00:00+00:00,0.04149498,0.693765393
2019-12-17 22:00:00+00:00,0.011709292,0.694978904
2019-12-17 23:00:00+00:00,0.045643514,0.693185926
2019-12-18 00:00:00+00:00,0.121264079,0.693130784
2019-12-18 01:00:00+00:00,0.179253102,0.692229308
2019-12-18 02:00:00+00:00,0.196527063,0.692060869
2019-12-18 03:00:00+00:00,0.202216752,0.692046566
2019-12-18 04:00:00+00:00,0.218043185,0.695247088
2019-12-18 05:00:00+00:00,0.217220535,0.694894967
2019-12-18 06:00:00+00:00,0.363751805,0.692796447
2019-12-18 07:00:00+00:00,0.616444758,0.693681926
2019-12-18 08:00:00+00:00,0.563243336,0.693112811
2019-12-18 09:00:00+00:00,0.375726969,0.693948417
2019-12-18 10:00:00+00:00,0.144059539,0.694229305
2019-12-18 11:00:00+00:00,0.036992426,0.69077716
2019-12-18 12:00:00+00:00,0.007145872,0.690222348
2019-12-18 13:00:00+00:00,0.000417735,0.690938917
2019-12-18 14:00:00+00:00,0.000684428,0.691058801
2019-12-18 15:00:00+00:00,0.024611306,0.691298002
2019-12-18 16:00:00+00:00,0.164347055,0.690979757
2019-12-18 17:00:00+00:00,0.394926127,0.690024173
2019-12-18 18:00:00+00:00,0.395156936,0.689468138
2019-12-18 19:00:00+00:00,0.245952051,0.689702352
2019-12-18 20:00:00+00:00,0.067849214,0.691796543
2019-12-18 21:00:00+00:00,0.068562678,0.693404708
2019-12-18 22:00:00+00:00,0.143200347,0.694214719
2019-12-18 23:00:00+00:00,0.125065988,0.693821759
2019-12-19 00:00:00+00:00,0.137440534,0.693572488
2019-12-19 01:00:00+00:00,0.164180892,0.694255182
2019-12-19 02:00:00+00:00,0.164604051,0.697567213
2019-12-19 03:00:00+00:00,0.133164406,0.70381478
2019-12-19 04:00:00+00:00,0.120550231,0.699508962
2019-12-19 05:00:00+00:00,0.142958033,0.699994799
2019-12-19 06:00:00+00:00,0.202140765,0.700491929
2019-12-19 07:00:00+00:00,0.250243081,0.699073656
2019-12-19 08:00:00+00:00,0.256583998,0.697771974
2019-12-19 09:00:00+00:00,0.257557581,0.696585752
2019-12-19 10:00:00+00:00,0.317341741,0.697561285
2019-12-19 11:00:00+00:00,0.37860893,0.695979843
2019-12-19 12:00:00+00:00,0.34704947,0.694937594
2019-12-19 13:00:00+00:00,0.287424624,0.694254806
2019-12-19 14:00:00+00:00,0.179409458,0.694559501
2019-12-19 15:00:00+00:00,0.166927589,0.69398361
2019-12-19 16:00:00+00:00,0.182506943,0.693141041
2019-12-19 17:00:00+00:00,0.184259294,0.691990577
2019-12-19 18:00:00+00:00,0.178311075,0.692167861
2019-12-19 19:00:00+00:00,0.345501412,0.691896947
2019-12-19 20:00:00+00:00,0.49885368,0.69387803
2019-12-19 21:00:00+00:00,0.361947902,0.695405646
2019-12-19 22:00:00+00:00,0.190999976,0.698608145
2019-12-19 23:00:00+00:00,0.027208112,0.701244821
2019-12-20 00:00:00+00:00,0,0.700851578
2019-12-20 01:00:00+00:00,0,0.6999294
2019-12-20 02:00:00+00:00,0,0.700239647
2019-12-20 03:00:00+00:00,0,0.700012678
2019-12-20 04:00:00+00:00,0.006868222,0.698781382
2019-12-20 05:00:00+00:00,0.051340489,0.699130869
2019-12-20 06:00:00+00:00,0.069878283,0.695856384
2019-12-20 07:00:00+00:00,0.06513221,0.693957921
2019-12-20 08:00:00+00:00,0.223344558,0.694780824
2019-12-20 09:00:00+00:00,0.277399037,0.691825432
2019-12-20 10:00:00+00:00,0.32584365,0.69287041
2019-12-20 11:00:00+00:00,0.266968426,0.693164472
2019-12-20 12:00:00+00:00,0.304247541,0.689968749
2019-12-20 13:00:00+00:00,0.225433891,0.689942024
2019-12-20 14:00:00+00:00,0.141586876,0.689420617
2019-12-20 15:00:00+00:00,0.136713538,0.688842468
2019-12-20 16:00:00+00:00,0.205262629,0.690349382
2019-12-20 17:00:00+00:00,0.339614936,0.689348255
2019-12-20 18:00:00+00:00,0.299649935,0.689014953
2019-12-20 19:00:00+00:00,0.361290921,0.689950211
2019-12-20 20:00:00+00:00,0.434610191,0.689567037
2019-12-20 21:00:00+00:00,0.269254546,0.689474913
2019-12-20 22:00:00+00:00,0.108013413,0.689745826
2019-12-20 23:00:00+00:00,0.146182784,0.691318798
2019-12-21 00:00:00+00:00,0.136677489,0.691823832
2019-12-21 01:00:00+00:00,0.105944515,0.692027652
2019-12-21 02:00:00+00:00,0.11744935,0.692693596
2019-12-21 03:00:00+00:00,0.129003545,0.693501537
2019-12-21 04:00:00+00:00,0.187324784,0.693459757
2019-12-21 05:00:00+00:00,0.210710168,0.693430304
2019-12-21 06:00:00+00:00,0.171753374,0.694953309
2019-12-21 07:00:00+00:00,0.163741079,0.695201168
2019-12-21 08:00:00+00:00,0.177242714,0.694561948
2019-12-21 09:00:00+00:00,0.148780466,0.693440655
2019-12-21 10:00:00+00:00,0.198124811,0.693167953
2019-12-21 11:00:00+00:00,0.271949142,0.695341094
2019-12-21 12:00:00+00:00,0.412929769,0.694832861
2019-12-21 13:00:00+00:00,0.4936776,0.695203238
2019-12-21 14:00:00+00:00,0.612915294,0.696032163
2019-12-21 15:00:00+00:00,0.753045987,0.696716927
2019-12-21 16:00:00+00:00,0.832815305,0.700955276
2019-12-21 17:00:00+00:00,0.881380554,0.69903724
2019-12-21 18:00:00+00:00,0.909206092,0.70099828
2019-12-21 19:00:00+00:00,0.89087511,0.702000348
2019-12-21 20:00:00+00:00,0.843414655,0.701291494
2019-12-21 21:00:00+00:00,0.697440492,0.702249995
2019-12-21 22:00:00+00:00,0.427528965,0.704351996
2019-12-21 23:00:00+00:00,0.159581862,0.703017473
2019-12-22 00:00:00+00:00,0.126591036,0.702609174
2019-12-22 01:00:00+00:00,0.099617623,0.704420407
2019-12-22 02:00:00+00:00,0.084524157,0.70226204
2019-12-22 03:00:00+00:00,0.103091261,0.703215459
2019-12-22 04:00:00+00:00,0.152511319,0.702940876
2019-12-22 05:00:00+00:00,0.146796375,0.703430289
2019-12-22 06:00:00+00:00,0.1408498,0.704005991
2019-12-22 07:00:00+00:00,0.165673946,0.712100926
2019-12-22 08:00:00+00:00,0.206272151,0.702378912
2019-12-22 09:00:00+00:00,0.197429919,0.699306459
2019-12-22 10:00:00+00:00,0.159005196,0.696792207
2019-12-22 11:00:00+00:00,0.148422775,0.696918395
2019-12-22 12:00:00+00:00,0.136571261,0.697103395
2019-12-22 13:00:00+00:00,0.121135006,0.696589234
2019-12-22 14:00:00+00:00,0.08978088,0.697154397
2019-12-22 15:00:00+00:00,0.103496396,0.695447897
2019-12-22 16:00:00+00:00,0.144830253,0.694871348
2019-12-22 17:00:00+00:00,0.204738228,0.693886688
2019-12-22 18:00:00+00:00,0.40961172,0.692634596
2019-12-22 19:00:00+00:00,0.654744188,0.693475095
2019-12-22 20:00:00+00:00,0.693058575,0.692740646
2019-12-22 21:00:00+00:00,0.540977098,0.692390124
2019-12-22 22:00:00+00:00,0.304334266,0.691761632
2019-12-22 23:00:00+00:00,0.100542338,0.694873042
2019-12-23 00:00:00+00:00,0.066600885,0.694292352
2019-12-23 01:00:00+00:00,0.042491956,0.694279742
2019-12-23 02:00:00+00:00,0.045262375,0.695052208
2019-12-23 03:00:00+00:00,0.052036148,0.694345048
2019-12-23 04:00:00+00:00,0.075612074,0.693952934
2019-12-23 05:00:00+00:00,0.095496811,0.694687006
2019-12-23 06:00:00+00:00,0.139215401,0.691378175
2019-12-23 07:00:00+00:00,0.267260703,0.690609662
2019-12-23 08:00:00+00:00,0.433239308,0.690169181
2019-12-23 09:00:00+00:00,0.466617682,0.689120909
2019-12-23 10:00:00+00:00,0.427010755,0.689784407
2019-12-23 11:00:00+00:00,0.395919542,0.689629895
2019-12-23 12:00:00+00:00,0.332257978,0.688830894
2019-12-23 13:00:00+00:00,0.216023265,0.688026247
2019-12-23 14:00:00+00:00,0.216923382,0.687283423
2019-12-23 15:00:00+00:00,0.33247794,0.687723527
2019-12-23 16:00:00+00:00,0.568254732,0.68669097
2019-12-23 17:00:00+00:00,0.725939501,0.685894792
2019-12-23 18:00:00+00:00,0.752031973,0.684991905
2019-12-23 19:00:00+00:00,0.65367002,0.684746304
2019-12-23 20:00:00+00:00,0.461813591,0.684647593
2019-12-23 21:00:00+00:00,0.336208903,0.685352307
2019-12-23 22:00:00+00:00,0.147610917,0.68587983
2019-12-23 23:00:00+00:00,0.020224239,0.688105479
2019-12-24 00:00:00+00:00,0.012416401,0.689160431
2019-12-24 01:00:00+00:00,0.025472471,0.689814237
2019-12-24 02:00:00+00:00,0.027744785,0.688375733
2019-12-24 03:00:00+00:00,0.030056106,0.688839645
2019-12-24 04:00:00+00:00,0.041774876,0.689342797
2019-12-24 05:00:00+00:00,0.053910176,0.689489875
2019-12-24 06:00:00+00:00,0.143748744,0.68744838
2019-12-24 07:00:00+00:00,0.235045304,0.685258772
2019-12-24 08:00:00+00:00,0.254215481,0.68486854
2019-12-24 09:00:00+00:00,0.142603356,0.685286531
2019-12-24 10:00:00+00:00,0.137242924,0.685418553
2019-12-24 11:00:00+00:00,0.141274438,0.684864964
2019-12-24 12:00:00+00:00,0.144442595,0.684040838
2019-12-24 13:00:00+00:00,0.159671764,0.683899594
2019-12-24 14:00:00+00:00,0.155347863,0.684031052
2019-12-24 15:00:00+00:00,0.169649578,0.68372805
2019-12-24 16:00:00+00:00,0.212542669,0.68333556
2019-12-24 17:00:00+00:00,0.440932207,0.682756188
2019-12-24 18:00:00+00:00,0.506010345,0.682567517
2019-12-24 19:00:00+00:00,0.536187252,0.68310765
2019-12-24 20:00:00+00:00,0.467826237,0.683448668
2019-12-24 21:00:00+00:00,0.417616948,0.683662463
2019-12-24 22:00:00+00:00,0.290017978,0.684101909
2019-12-24 23:00:00+00:00,0.129603769,0.685964426
2019-12-25 00:00:00+00:00,0.079557739,0.686168999
2019-12-25 01:00:00+00:00,0.075035736,0.687615219
2019-12-25 02:00:00+00:00,0.08008844,0.697196177
2019-12-25 03:00:00+00:00,0.079526183,0.697321801
2019-12-25 04:00:00+00:00,0.077257813,0.697434062
2019-12-25 05:00:00+00:00,0.065658529,0.697819306
2019-12-25 06:00:00+00:00,0.059122633,0.698093795
2019-12-25 07:00:00+00:00,0.045700216,0.69789995
2019-12-25 08:00:00+00:00,0.049674205,0.69739821
2019-12-25 09:00:00+00:00,0.078508334,0.687790338
2019-12-25 10:00:00+00:00,0.084969832,0.688453836
2019-12-25 11:00:00+00:00,0.204629918,0.688479431
2019-12-25 12:00:00+00:00,0.175461327,0.687778199
2019-12-25 13:00:00+00:00,0.078710764,0.687495806
2019-12-25 14:00:00+00:00,0.081422453,0.687810382
2019-12-25 15:00:00+00:00,0.177736929,0.687123453
2019-12-25 16:00:00+00:00,0.237051857,0.686545963
2019-12-25 17:00:00+00:00,0.338283224,0.685809632
2019-12-25 18:00:00+00:00,0.394100408,0.684891124
2019-12-25 19:00:00+00:00,0.389933083,0.685521686
2019-12-25 20:00:00+00:00,0.349073938,0.686012981
2019-12-25 21:00:00+00:00,0.301755923,0.685845484
2019-12-25 22:00:00+00:00,0.096403939,0.68597807
2019-12-25 23:00:00+00:00,0.058875333,0.688549912
2019-12-26 00:00:00+00:00,0.038385168,0.689920569
2019-12-26 01:00:00+00:00,0.042299551,0.698466995
2019-12-26 02:00:00+00:00,0.045510934,0.698108663
2019-12-26 03:00:00+00:00,0.045883526,0.699235602
2019-12-26 04:00:00+00:00,0.049239651,0.689832492
2019-12-26 05:00:00+00:00,0.075811272,0.689973642
2019-12-26 06:00:00+00:00,0.145899272,0.688440756
2019-12-26 07:00:00+00:00,0.290661263,0.688422313
2019-12-26 08:00:00+00:00,0.612057472,0.687079132
2019-12-26 09:00:00+00:00,0.748521957,0.686823181
2019-12-26 10:00:00+00:00,0.720463967,0.687101246
2019-12-26 11:00:00+00:00,0.607222154,0.686594895
2019-12-26 12:00:00+00:00,0.444399874,0.685691913
2019-12-26 13:00:00+00:00,0.414298132,0.691574091
2019-12-26 14:00:00+00:00,0.409473388,0.691238908
2019-12-26 15:00:00+00:00,0.496096519,0.691359638
2019-12-26 16:00:00+00:00,0.522825318,0.683468993
2019-12-26 17:00:00+00:00,0.638643994,0.682875506
2019-12-26 18:00:00+00:00,0.708379563,0.682381576
2019-12-26 19:00:00+00:00,0.640963259,0.682708008
2019-12-26 20:00:00+00:00,0.555245229,0.682839089
2019-12-26 21:00:00+00:00,0.458547095,0.690601287
2019-12-26 22:00:00+00:00,0.266819904,0.686957461
2019-12-26 23:00:00+00:00,0.101242763,0.686573534
2019-12-27 00:00:00+00:00,0.042318397,0.686786199
2019-12-27 01:00:00+00:00,0.028828376,0.687516037
2019-12-27 02:00:00+00:00,0.027433442,0.697594314
2019-12-27 03:00:00+00:00,0.027443084,0.69794954
2019-12-27 04:00:00+00:00,0.032461274,0.698058037
2019-12-27 05:00:00+00:00,0.060276348,0.688730489
2019-12-27 06:00:00+00:00,0.102606689,0.687655117
2019-12-27 07:00:00+00:00,0.250126608,0.687252464
2019-12-27 08:00:00+00:00,0.511138597,0.686830238
2019-12-27 09:00:00+00:00,0.564671359,0.686514063
2019-12-27 10:00:00+00:00,0.61831276,0.685005737
2019-12-27 11:00:00+00:00,0.51185617,0.684279287
2019-12-27 12:00:00+00:00,0.271473993,0.68382949
2019-12-27 13:00:00+00:00,0.198014529,0.683560835
2019-12-27 14:00:00+00:00,0.130124938,0.683654841
2019-12-27 15:00:00+00:00,0.241154426,0.683732849
2019-12-27 16:00:00+00:00,0.601809952,0.683265738
2019-12-27 17:00:00+00:00,0.850095019,0.682411029
2019-12-27 18:00:00+00:00,0.810208634,0.682865155
2019-12-27 19:00:00+00:00,0.651363904,0.684491294
2019-12-27 20:00:00+00:00,0.536194264,0.683934505
2019-12-27 21:00:00+00:00,0.426750745,0.684185187
2019-12-27 22:00:00+00:00,0.250669253,0.684432481
2019-12-27 23:00:00+00:00,0.104468774,0.696584905
2019-12-28 00:00:00+00:00,0.013892033,0.698279172
2019-12-28 01:00:00+00:00,0,0.699651711
2019-12-28 02:00:00+00:00,0.005734064,0.70147019
2019-12-28 03:00:00+00:00,0.033340901,0.701552057
2019-12-28 04:00:00+00:00,0.039811823,0.701669117
2019-12-28 05:00:00+00:00,0.017280426,0.701792011
2019-12-28 06:00:00+00:00,0.025107274,0.701428033
2019-12-28 07:00:00+00:00,0.082124139,0.701842825
2019-12-28 08:00:00+00:00,0.181992622,0.701801515
2019-12-28 09:00:00+00:00,0.256123147,0.700537849
2019-12-28 10:00:00+00:00,0.210565591,0.70090672
2019-12-28 11:00:00+00:00,0.112663339,0.70088903
2019-12-28 12:00:00+00:00,0.054849518,0.700212923
2019-12-28 13:00:00+00:00,0.019641437,0.700144794
2019-12-28 14:00:00+00:00,0.017106319,0.699893924
2019-12-28 15:00:00+00:00,0.129116457,0.69922798
2019-12-28 16:00:00+00:00,0.529051296,0.693569477
2019-12-28 17:00:00+00:00,0.751727259,0.686468048
2019-12-28 18:00:00+00:00,0.707035908,0.686250113
2019-12-28 19:00:00+00:00,0.557167085,0.687534763
2019-12-28 20:00:00+00:00,0.340399731,0.688245217
2019-12-28 21:00:00+00:00,0.204538865,0.692953029
2019-12-28 22:00:00+00:00,0.105887648,0.693982387
2019-12-28 23:00:00+00:00,0.035330635,0.703278976
2019-12-29 00:00:00+00:00,0.021533982,0.704241523
2019-12-29 01:00:00+00:00,0.003658592,0.704164361
2019-12-29 02:00:00+00:00,0.000225659,0.704968914
2019-12-29 03:00:00+00:00,0.005593924,0.705073365
2019-12-29 04:00:00+00:00,0.011101453,0.705512999
2019-12-29 05:00:00+00:00,0.004808966,0.705668264
2019-12-29 06:00:00+00:00,0,0.705018223
2019-12-29 07:00:00+00:00,0,0.70401973
2019-12-29 08:00:00+00:00,0,0.704237665
2019-12-29 09:00:00+00:00,0,0.703742135
2019-12-29 10:00:00+00:00,0,0.703662245
2019-12-29 11:00:00+00:00,0,0.703734325
2019-12-29 12:00:00+00:00,0,0.703891472
2019-12-29 13:00:00+00:00,0,0.703408363
2019-12-29 14:00:00+00:00,0.008886225,0.702706191
2019-12-29 15:00:00+00:00,0.102785014,0.702676926
2019-12-29 16:00:00+00:00,0.378464297,0.702495313
2019-12-29 17:00:00+00:00,0.555788258,0.701340803
2019-12-29 18:00:00+00:00,0.590646646,0.701016629
2019-12-29 19:00:00+00:00,0.523686373,0.702261193
2019-12-29 20:00:00+00:00,0.412688824,0.701469061
2019-12-29 21:00:00+00:00,0.202779174,0.702333461
2019-12-29 22:00:00+00:00,0.075798123,0.70339199
2019-12-29 23:00:00+00:00,0.028184872,0.703411751
2019-12-30 00:00:00+00:00,0.01683223,0.703032999
2019-12-30 01:00:00+00:00,0.002677504,0.702915657
2019-12-30 02:00:00+00:00,0,0.702615008
2019-12-30 03:00:00+00:00,0,0.702903989
2019-12-30 04:00:00+00:00,0.002386979,0.703979926
2019-12-30 05:00:00+00:00,0.022211343,0.704353596
2019-12-30 06:00:00+00:00,0.042116022,0.704111571
2019-12-30 07:00:00+00:00,0.089665777,0.696688321
2019-12-30 08:00:00+00:00,0.132283957,0.688412338
2019-12-30 09:00:00+00:00,0.167561231,0.688046196
2019-12-30 10:00:00+00:00,0.153842702,0.688985688
2019-12-30 11:00:00+00:00,0.045242926,0.690085621
2019-12-30 12:00:00+00:00,0.004778451,0.690543416
2019-12-30 13:00:00+00:00,0.004995837,0.690319835
2019-12-30 14:00:00+00:00,0.006008537,0.690699622
2019-12-30 15:00:00+00:00,0.01538925,0.69013587
2019-12-30 16:00:00+00:00,0.057229704,0.690781583
2019-12-30 17:00:00+00:00,0.209223086,0.689202776
2019-12-30 18:00:00+00:00,0.389050937,0.689063603
2019-12-30 19:00:00+00:00,0.515907023,0.689507471
2019-12-30 20:00:00+00:00,0.433801346,0.690895067
2019-12-30 21:00:00+00:00,0.244096322,0.69349815
2019-12-30 22:00:00+00:00,0.058313843,0.695057383
2019-12-30 23:00:00+00:00,0.013441098,0.708190797
2019-12-31 00:00:00+00:00,0.008166789,0.710875653
2019-12-31 01:00:00+00:00,0.001859346,0.711221093
2019-12-31 02:00:00+00:00,0,0.711529834
2019-12-31 03:00:00+00:00,0,0.710670327
2019-12-31 04:00:00+00:00,0.004488748,0.710165952
2019-12-31 05:00:00+00:00,0.027108239,0.711213094
2019-12-31 06:00:00+00:00,0.036682069,0.709976247
2019-12-31 07:00:00+00:00,0.053367366,0.698869648
2019-12-31 08:00:00+00:00,0.080675461,0.695457778
2019-12-31 09:00:00+00:00,0.053998051,0.694939758
2019-12-31 10:00:00+00:00,0.07265829,0.705065084
2019-12-31 11:00:00+00:00,0.081043999,0.701281238
2019-12-31 12:00:00+00:00,0.01776215,0.705013612
2019-12-31 13:00:00+00:00,0.000547904,0.703494465
2019-12-31 14:00:00+00:00,0.001491246,0.703290927
2019-12-31 15:00:00+00:00,0.048163237,0.692961216
2019-12-31 16:00:00+00:00,0.270078018,0.692190915
2019-12-31 17:00:00+00:00,0.465543952,0.691464465
2019-12-31 18:00:00+00:00,0.473820201,0.69145449
2019-12-31 19:00:00+00:00,0.224472142,0.692114977
2019-12-31 20:00:00+00:00,0.094751516,0.703344187
2019-12-31 21:00:00+00:00,0.053015757,0.705160596
2019-12-31 22:00:00+00:00,0.019626316,0.706727169
2019-12-31 23:00:00+00:00,0.023764277,0.708420965
