2021-01-01 00:00:00+00:00,23414.42857
2021-01-01 01:00:00+00:00,21294.8
2021-01-01 02:00:00+00:00,19709.16667
2021-01-01 03:00:00+00:00,18759.28571
2021-01-01 04:00:00+00:00,18561.6
2021-01-01 05:00:00+00:00,18756.16667
2021-01-01 06:00:00+00:00,19292
2021-01-01 07:00:00+00:00,19463.8
2021-01-01 08:00:00+00:00,20375
2021-01-01 09:00:00+00:00,22878.85714
2021-01-01 10:00:00+00:00,24827.6
2021-01-01 11:00:00+00:00,25716
2021-01-01 12:00:00+00:00,26786.71429
2021-01-01 13:00:00+00:00,27026.8
2021-01-01 14:00:00+00:00,25420.5
2021-01-01 15:00:00+00:00,24722
2021-01-01 16:00:00+00:00,25087.4
2021-01-01 17:00:00+00:00,26998.33333
2021-01-01 18:00:00+00:00,28202.57143
2021-01-01 19:00:00+00:00,28800.6
2021-01-01 20:00:00+00:00,29145
2021-01-01 21:00:00+00:00,28257.14286
2021-01-01 22:00:00+00:00,26102.2
2021-01-01 23:00:00+00:00,23813.66667
2021-01-02 00:00:00+00:00,21332.57143
2021-01-02 01:00:00+00:00,20027.8
2021-01-02 02:00:00+00:00,19385.83333
2021-01-02 03:00:00+00:00,19171
2021-01-02 04:00:00+00:00,19543.2
2021-01-02 05:00:00+00:00,20591.66667
2021-01-02 06:00:00+00:00,22205.14286
2021-01-02 07:00:00+00:00,23856.4
2021-01-02 08:00:00+00:00,26196.66667
2021-01-02 09:00:00+00:00,28862.57143
2021-01-02 10:00:00+00:00,29805.6
2021-01-02 11:00:00+00:00,29729
2021-01-02 12:00:00+00:00,30159.71429
2021-01-02 13:00:00+00:00,30600
2021-01-02 14:00:00+00:00,29804.33333
2021-01-02 15:00:00+00:00,29139.71429
2021-01-02 16:00:00+00:00,29272.4
2021-01-02 17:00:00+00:00,31333.16667
2021-01-02 18:00:00+00:00,32590.28571
2021-01-02 19:00:00+00:00,33337
2021-01-02 20:00:00+00:00,33350.16667
2021-01-02 21:00:00+00:00,31562
2021-01-02 22:00:00+00:00,29058.4
2021-01-02 23:00:00+00:00,26469.5
2021-01-03 00:00:00+00:00,23605.42857
2021-01-03 01:00:00+00:00,21906.6
2021-01-03 02:00:00+00:00,21021
2021-01-03 03:00:00+00:00,20688.57143
2021-01-03 04:00:00+00:00,20687.4
2021-01-03 05:00:00+00:00,21274.16667
2021-01-03 06:00:00+00:00,22267.57143
2021-01-03 07:00:00+00:00,23258.8
2021-01-03 08:00:00+00:00,25161.83333
2021-01-03 09:00:00+00:00,28005.71429
2021-01-03 10:00:00+00:00,29321.2
2021-01-03 11:00:00+00:00,29275.33333
2021-01-03 12:00:00+00:00,29881.42857
2021-01-03 13:00:00+00:00,30060.2
2021-01-03 14:00:00+00:00,29018.16667
2021-01-03 15:00:00+00:00,28050.57143
2021-01-03 16:00:00+00:00,28400.2
2021-01-03 17:00:00+00:00,30845.66667
2021-01-03 18:00:00+00:00,32721.14286
2021-01-03 19:00:00+00:00,33555
2021-01-03 20:00:00+00:00,33615.5
2021-01-03 21:00:00+00:00,31813.14286
2021-01-03 22:00:00+00:00,28846.6
2021-01-03 23:00:00+00:00,26228.5
2021-01-04 00:00:00+00:00,23680.57143
2021-01-04 01:00:00+00:00,22387.2
2021-01-04 02:00:00+00:00,21740.33333
2021-01-04 03:00:00+00:00,21650.85714
2021-01-04 04:00:00+00:00,22315
2021-01-04 05:00:00+00:00,24577.83333
2021-01-04 06:00:00+00:00,28385.57143
2021-01-04 07:00:00+00:00,31847
2021-01-04 08:00:00+00:00,34573.83333
2021-01-04 09:00:00+00:00,36288.42857
2021-01-04 10:00:00+00:00,36566.2
2021-01-04 11:00:00+00:00,36281
2021-01-04 12:00:00+00:00,36678.14286
2021-01-04 13:00:00+00:00,36360.8
2021-01-04 14:00:00+00:00,35441.16667
2021-01-04 15:00:00+00:00,34842.14286
2021-01-04 16:00:00+00:00,35060
2021-01-04 17:00:00+00:00,36409
2021-01-04 18:00:00+00:00,37284.42857
2021-01-04 19:00:00+00:00,38024.6
2021-01-04 20:00:00+00:00,37656.83333
2021-01-04 21:00:00+00:00,34902.42857
2021-01-04 22:00:00+00:00,31532.4
2021-01-04 23:00:00+00:00,28742
2021-01-05 00:00:00+00:00,25992.71429
2021-01-05 01:00:00+00:00,24538.6
2021-01-05 02:00:00+00:00,23859
2021-01-05 03:00:00+00:00,23627.71429
2021-01-05 04:00:00+00:00,24227.4
2021-01-05 05:00:00+00:00,26288.83333
2021-01-05 06:00:00+00:00,29884.57143
2021-01-05 07:00:00+00:00,32999.8
2021-01-05 08:00:00+00:00,35601.33333
2021-01-05 09:00:00+00:00,37148.71429
2021-01-05 10:00:00+00:00,37235.8
2021-01-05 11:00:00+00:00,36756
2021-01-05 12:00:00+00:00,36736.28571
2021-01-05 13:00:00+00:00,36272.8
2021-01-05 14:00:00+00:00,35319.83333
2021-01-05 15:00:00+00:00,34847.42857
2021-01-05 16:00:00+00:00,34875.8
2021-01-05 17:00:00+00:00,35970
2021-01-05 18:00:00+00:00,36436.71429
2021-01-05 19:00:00+00:00,36651.4
2021-01-05 20:00:00+00:00,36095.33333
2021-01-05 21:00:00+00:00,33564.42857
2021-01-05 22:00:00+00:00,30851.2
2021-01-05 23:00:00+00:00,28300
2021-01-06 00:00:00+00:00,25313.14286
2021-01-06 01:00:00+00:00,23571.4
2021-01-06 02:00:00+00:00,22775.5
2021-01-06 03:00:00+00:00,22388.28571
2021-01-06 04:00:00+00:00,22293.2
2021-01-06 05:00:00+00:00,22611.83333
2021-01-06 06:00:00+00:00,23665.85714
2021-01-06 07:00:00+00:00,24435.8
2021-01-06 08:00:00+00:00,26802.66667
2021-01-06 09:00:00+00:00,29401.57143
2021-01-06 10:00:00+00:00,30481
2021-01-06 11:00:00+00:00,30104.33333
2021-01-06 12:00:00+00:00,30520
2021-01-06 13:00:00+00:00,30400.2
2021-01-06 14:00:00+00:00,29197.33333
2021-01-06 15:00:00+00:00,28538
2021-01-06 16:00:00+00:00,28709.6
2021-01-06 17:00:00+00:00,30625.5
2021-01-06 18:00:00+00:00,31936.14286
2021-01-06 19:00:00+00:00,33073.4
2021-01-06 20:00:00+00:00,33504.33333
2021-01-06 21:00:00+00:00,32412.57143
2021-01-06 22:00:00+00:00,29730
2021-01-06 23:00:00+00:00,27314.5
2021-01-07 00:00:00+00:00,24850.14286
2021-01-07 01:00:00+00:00,23459.2
2021-01-07 02:00:00+00:00,22988.33333
2021-01-07 03:00:00+00:00,22968.14286
2021-01-07 04:00:00+00:00,23764.4
2021-01-07 05:00:00+00:00,26329.66667
2021-01-07 06:00:00+00:00,30668.57143
2021-01-07 07:00:00+00:00,34268
2021-01-07 08:00:00+00:00,36948.5
2021-01-07 09:00:00+00:00,39261.42857
2021-01-07 10:00:00+00:00,40250.2
2021-01-07 11:00:00+00:00,40656.16667
2021-01-07 12:00:00+00:00,41204
2021-01-07 13:00:00+00:00,40615.6
2021-01-07 14:00:00+00:00,39432.33333
2021-01-07 15:00:00+00:00,38677.14286
2021-01-07 16:00:00+00:00,38709.6
2021-01-07 17:00:00+00:00,39546.66667
2021-01-07 18:00:00+00:00,40002.28571
2021-01-07 19:00:00+00:00,40303.2
2021-01-07 20:00:00+00:00,39374.66667
2021-01-07 21:00:00+00:00,36073.28571
2021-01-07 22:00:00+00:00,32379.6
2021-01-07 23:00:00+00:00,29754
2021-01-08 00:00:00+00:00,27087.14286
2021-01-08 01:00:00+00:00,25679.6
2021-01-08 02:00:00+00:00,25141
2021-01-08 03:00:00+00:00,24908.42857
2021-01-08 04:00:00+00:00,25474.6
2021-01-08 05:00:00+00:00,27799.83333
2021-01-08 06:00:00+00:00,32117.28571
2021-01-08 07:00:00+00:00,35656
2021-01-08 08:00:00+00:00,38131
2021-01-08 09:00:00+00:00,40324.14286
2021-01-08 10:00:00+00:00,41399.8
2021-01-08 11:00:00+00:00,41465.66667
2021-01-08 12:00:00+00:00,41742.71429
2021-01-08 13:00:00+00:00,40848.4
2021-01-08 14:00:00+00:00,39257.33333
2021-01-08 15:00:00+00:00,38272.85714
2021-01-08 16:00:00+00:00,38131.8
2021-01-08 17:00:00+00:00,39084.33333
2021-01-08 18:00:00+00:00,39411.85714
2021-01-08 19:00:00+00:00,39247.4
2021-01-08 20:00:00+00:00,38535.83333
2021-01-08 21:00:00+00:00,35515.42857
2021-01-08 22:00:00+00:00,32354.4
2021-01-08 23:00:00+00:00,30092
2021-01-09 00:00:00+00:00,27276.71429
2021-01-09 01:00:00+00:00,25460.6
2021-01-09 02:00:00+00:00,24635.5
2021-01-09 03:00:00+00:00,24208.42857
2021-01-09 04:00:00+00:00,24171.4
2021-01-09 05:00:00+00:00,24514.66667
2021-01-09 06:00:00+00:00,25817.71429
2021-01-09 07:00:00+00:00,27530.6
2021-01-09 08:00:00+00:00,29940
2021-01-09 09:00:00+00:00,33102.14286
2021-01-09 10:00:00+00:00,34591.6
2021-01-09 11:00:00+00:00,34810.33333
2021-01-09 12:00:00+00:00,35500.42857
2021-01-09 13:00:00+00:00,35373.2
2021-01-09 14:00:00+00:00,34001
2021-01-09 15:00:00+00:00,32679.14286
2021-01-09 16:00:00+00:00,32519
2021-01-09 17:00:00+00:00,33993.5
2021-01-09 18:00:00+00:00,35182.85714
2021-01-09 19:00:00+00:00,35938.4
2021-01-09 20:00:00+00:00,35718.66667
2021-01-09 21:00:00+00:00,33833
2021-01-09 22:00:00+00:00,31135.8
2021-01-09 23:00:00+00:00,28447.16667
2021-01-10 00:00:00+00:00,25520.28571
2021-01-10 01:00:00+00:00,23850.2
2021-01-10 02:00:00+00:00,22977.5
2021-01-10 03:00:00+00:00,22548.42857
2021-01-10 04:00:00+00:00,22403
2021-01-10 05:00:00+00:00,22729.66667
2021-01-10 06:00:00+00:00,23559.57143
2021-01-10 07:00:00+00:00,24425.8
2021-01-10 08:00:00+00:00,26694
2021-01-10 09:00:00+00:00,30139.28571
2021-01-10 10:00:00+00:00,32248.4
2021-01-10 11:00:00+00:00,32761.5
2021-01-10 12:00:00+00:00,33964.42857
2021-01-10 13:00:00+00:00,34152.8
2021-01-10 14:00:00+00:00,32486.83333
2021-01-10 15:00:00+00:00,31392.42857
2021-01-10 16:00:00+00:00,31195.6
2021-01-10 17:00:00+00:00,32994.83333
2021-01-10 18:00:00+00:00,34689.71429
2021-01-10 19:00:00+00:00,35849.8
2021-01-10 20:00:00+00:00,35839.33333
2021-01-10 21:00:00+00:00,33812.71429
2021-01-10 22:00:00+00:00,30929.4
2021-01-10 23:00:00+00:00,27871.33333
2021-01-11 00:00:00+00:00,25344
2021-01-11 01:00:00+00:00,24136.6
2021-01-11 02:00:00+00:00,23583.83333
2021-01-11 03:00:00+00:00,23471.14286
2021-01-11 04:00:00+00:00,24266.6
2021-01-11 05:00:00+00:00,26925.33333
2021-01-11 06:00:00+00:00,31684.28571
2021-01-11 07:00:00+00:00,35517.6
2021-01-11 08:00:00+00:00,37494.66667
2021-01-11 09:00:00+00:00,39010.71429
2021-01-11 10:00:00+00:00,39266.8
2021-01-11 11:00:00+00:00,38807.83333
2021-01-11 12:00:00+00:00,38890.28571
2021-01-11 13:00:00+00:00,38090
2021-01-11 14:00:00+00:00,37254.66667
2021-01-11 15:00:00+00:00,36664.85714
2021-01-11 16:00:00+00:00,36872
2021-01-11 17:00:00+00:00,38766.16667
2021-01-11 18:00:00+00:00,40509.14286
2021-01-11 19:00:00+00:00,40909.8
2021-01-11 20:00:00+00:00,40236.83333
2021-01-11 21:00:00+00:00,36930.42857
2021-01-11 22:00:00+00:00,33229.4
2021-01-11 23:00:00+00:00,30395.83333
2021-01-12 00:00:00+00:00,27872.42857
2021-01-12 01:00:00+00:00,26583.8
2021-01-12 02:00:00+00:00,26044
2021-01-12 03:00:00+00:00,25953.42857
2021-01-12 04:00:00+00:00,26452.8
2021-01-12 05:00:00+00:00,28837.16667
2021-01-12 06:00:00+00:00,33422.14286
2021-01-12 07:00:00+00:00,37062.2
2021-01-12 08:00:00+00:00,38757.33333
2021-01-12 09:00:00+00:00,40116.71429
2021-01-12 10:00:00+00:00,40082.6
2021-01-12 11:00:00+00:00,39633.5
2021-01-12 12:00:00+00:00,39554.42857
2021-01-12 13:00:00+00:00,38621
2021-01-12 14:00:00+00:00,37750.5
2021-01-12 15:00:00+00:00,37162
2021-01-12 16:00:00+00:00,37385.4
2021-01-12 17:00:00+00:00,39339.16667
2021-01-12 18:00:00+00:00,41067.71429
2021-01-12 19:00:00+00:00,41585
2021-01-12 20:00:00+00:00,40700.66667
2021-01-12 21:00:00+00:00,37502.71429
2021-01-12 22:00:00+00:00,33606.6
2021-01-12 23:00:00+00:00,30755.33333
2021-01-13 00:00:00+00:00,28078.28571
2021-01-13 01:00:00+00:00,26762.6
2021-01-13 02:00:00+00:00,26344.5
2021-01-13 03:00:00+00:00,26111.14286
2021-01-13 04:00:00+00:00,26795.2
2021-01-13 05:00:00+00:00,29120.16667
2021-01-13 06:00:00+00:00,33897.42857
2021-01-13 07:00:00+00:00,37490.6
2021-01-13 08:00:00+00:00,39079.33333
2021-01-13 09:00:00+00:00,40274.28571
2021-01-13 10:00:00+00:00,39974.4
2021-01-13 11:00:00+00:00,39483.16667
2021-01-13 12:00:00+00:00,39240.28571
2021-01-13 13:00:00+00:00,38233.4
2021-01-13 14:00:00+00:00,37372.16667
2021-01-13 15:00:00+00:00,36866.71429
2021-01-13 16:00:00+00:00,36929
2021-01-13 17:00:00+00:00,38958.16667
2021-01-13 18:00:00+00:00,40597.28571
2021-01-13 19:00:00+00:00,41061
2021-01-13 20:00:00+00:00,40110.16667
2021-01-13 21:00:00+00:00,36873.57143
2021-01-13 22:00:00+00:00,33326
2021-01-13 23:00:00+00:00,30348.5
2021-01-14 00:00:00+00:00,27904.85714
2021-01-14 01:00:00+00:00,26575.8
2021-01-14 02:00:00+00:00,25985.83333
2021-01-14 03:00:00+00:00,25793.42857
2021-01-14 04:00:00+00:00,26510.8
2021-01-14 05:00:00+00:00,28899.83333
2021-01-14 06:00:00+00:00,33714.28571
2021-01-14 07:00:00+00:00,37291.8
2021-01-14 08:00:00+00:00,38874.66667
2021-01-14 09:00:00+00:00,39882.85714
2021-01-14 10:00:00+00:00,39656.2
2021-01-14 11:00:00+00:00,39120.5
2021-01-14 12:00:00+00:00,38801.71429
2021-01-14 13:00:00+00:00,37912.2
2021-01-14 14:00:00+00:00,37020.5
2021-01-14 15:00:00+00:00,36891
2021-01-14 16:00:00+00:00,37265.6
2021-01-14 17:00:00+00:00,39100
2021-01-14 18:00:00+00:00,40698.14286
2021-01-14 19:00:00+00:00,41039.4
2021-01-14 20:00:00+00:00,40046
2021-01-14 21:00:00+00:00,36912.57143
2021-01-14 22:00:00+00:00,33327.4
2021-01-14 23:00:00+00:00,30607.5
2021-01-15 00:00:00+00:00,28146.57143
2021-01-15 01:00:00+00:00,26885.6
2021-01-15 02:00:00+00:00,26332.66667
2021-01-15 03:00:00+00:00,26082.14286
2021-01-15 04:00:00+00:00,26745
2021-01-15 05:00:00+00:00,29152.66667
2021-01-15 06:00:00+00:00,33900.71429
2021-01-15 07:00:00+00:00,37269.8
2021-01-15 08:00:00+00:00,38673.5
2021-01-15 09:00:00+00:00,39645.57143
2021-01-15 10:00:00+00:00,39543
2021-01-15 11:00:00+00:00,38861
2021-01-15 12:00:00+00:00,38505.28571
2021-01-15 13:00:00+00:00,37547
2021-01-15 14:00:00+00:00,36441.66667
2021-01-15 15:00:00+00:00,35738
2021-01-15 16:00:00+00:00,35702.2
2021-01-15 17:00:00+00:00,37294.5
2021-01-15 18:00:00+00:00,39027.71429
2021-01-15 19:00:00+00:00,39316.2
2021-01-15 20:00:00+00:00,38802.5
2021-01-15 21:00:00+00:00,36025
2021-01-15 22:00:00+00:00,32724
2021-01-15 23:00:00+00:00,30432.5
2021-01-16 00:00:00+00:00,27821.28571
2021-01-16 01:00:00+00:00,26281.8
2021-01-16 02:00:00+00:00,25558.5
2021-01-16 03:00:00+00:00,25045.85714
2021-01-16 04:00:00+00:00,25082.2
2021-01-16 05:00:00+00:00,25546.16667
2021-01-16 06:00:00+00:00,27099.42857
2021-01-16 07:00:00+00:00,28728.4
2021-01-16 08:00:00+00:00,31334.16667
2021-01-16 09:00:00+00:00,33825.57143
2021-01-16 10:00:00+00:00,34237.2
2021-01-16 11:00:00+00:00,33503.83333
2021-01-16 12:00:00+00:00,33557.42857
2021-01-16 13:00:00+00:00,33063.6
2021-01-16 14:00:00+00:00,31901.16667
2021-01-16 15:00:00+00:00,30917.85714
2021-01-16 16:00:00+00:00,30720.2
2021-01-16 17:00:00+00:00,32679.66667
2021-01-16 18:00:00+00:00,34678.14286
2021-01-16 19:00:00+00:00,35392.8
2021-01-16 20:00:00+00:00,35594.16667
2021-01-16 21:00:00+00:00,33830.57143
2021-01-16 22:00:00+00:00,31100
2021-01-16 23:00:00+00:00,28405
2021-01-17 00:00:00+00:00,25602.42857
2021-01-17 01:00:00+00:00,23928.4
2021-01-17 02:00:00+00:00,23152
2021-01-17 03:00:00+00:00,22834.14286
2021-01-17 04:00:00+00:00,22725.4
2021-01-17 05:00:00+00:00,23178.33333
2021-01-17 06:00:00+00:00,24084.85714
2021-01-17 07:00:00+00:00,25116.6
2021-01-17 08:00:00+00:00,27157.83333
2021-01-17 09:00:00+00:00,29768.28571
2021-01-17 10:00:00+00:00,30743.8
2021-01-17 11:00:00+00:00,30667.83333
2021-01-17 12:00:00+00:00,31204.85714
2021-01-17 13:00:00+00:00,31166.2
2021-01-17 14:00:00+00:00,29978.83333
2021-01-17 15:00:00+00:00,28794.28571
2021-01-17 16:00:00+00:00,28702.4
2021-01-17 17:00:00+00:00,31115.66667
2021-01-17 18:00:00+00:00,33664.14286
2021-01-17 19:00:00+00:00,35043.4
2021-01-17 20:00:00+00:00,34982
2021-01-17 21:00:00+00:00,33189.71429
2021-01-17 22:00:00+00:00,30370.6
2021-01-17 23:00:00+00:00,27635.16667
2021-01-18 00:00:00+00:00,25493.14286
2021-01-18 01:00:00+00:00,24324.2
2021-01-18 02:00:00+00:00,23623.33333
2021-01-18 03:00:00+00:00,23816
2021-01-18 04:00:00+00:00,24698.4
2021-01-18 05:00:00+00:00,27630.5
2021-01-18 06:00:00+00:00,32842.28571
2021-01-18 07:00:00+00:00,36465.8
2021-01-18 08:00:00+00:00,37884.83333
2021-01-18 09:00:00+00:00,38872.42857
2021-01-18 10:00:00+00:00,38591.4
2021-01-18 11:00:00+00:00,37960.5
2021-01-18 12:00:00+00:00,37755.71429
2021-01-18 13:00:00+00:00,36889.8
2021-01-18 14:00:00+00:00,35914.16667
2021-01-18 15:00:00+00:00,35252.85714
2021-01-18 16:00:00+00:00,35394.4
2021-01-18 17:00:00+00:00,36776.66667
2021-01-18 18:00:00+00:00,38755.85714
2021-01-18 19:00:00+00:00,39329.4
2021-01-18 20:00:00+00:00,38278.66667
2021-01-18 21:00:00+00:00,35058.42857
2021-01-18 22:00:00+00:00,31611
2021-01-18 23:00:00+00:00,29363
2021-01-19 00:00:00+00:00,27076.42857
2021-01-19 01:00:00+00:00,25941.2
2021-01-19 02:00:00+00:00,25515.83333
2021-01-19 03:00:00+00:00,25333
2021-01-19 04:00:00+00:00,26070.6
2021-01-19 05:00:00+00:00,28664.66667
2021-01-19 06:00:00+00:00,33493.14286
2021-01-19 07:00:00+00:00,36961
2021-01-19 08:00:00+00:00,38455
2021-01-19 09:00:00+00:00,39167.42857
2021-01-19 10:00:00+00:00,38801.2
2021-01-19 11:00:00+00:00,38090.5
2021-01-19 12:00:00+00:00,37923.28571
2021-01-19 13:00:00+00:00,36869.2
2021-01-19 14:00:00+00:00,36019.5
2021-01-19 15:00:00+00:00,35472.71429
2021-01-19 16:00:00+00:00,35754
2021-01-19 17:00:00+00:00,37417.5
2021-01-19 18:00:00+00:00,39248.85714
2021-01-19 19:00:00+00:00,39746.6
2021-01-19 20:00:00+00:00,38751
2021-01-19 21:00:00+00:00,35208.42857
2021-01-19 22:00:00+00:00,31779.8
2021-01-19 23:00:00+00:00,29340.16667
2021-01-20 00:00:00+00:00,26946.85714
2021-01-20 01:00:00+00:00,25620.2
2021-01-20 02:00:00+00:00,25181.33333
2021-01-20 03:00:00+00:00,24848.14286
2021-01-20 04:00:00+00:00,25442.4
2021-01-20 05:00:00+00:00,27901.33333
2021-01-20 06:00:00+00:00,32709.57143
2021-01-20 07:00:00+00:00,36203
2021-01-20 08:00:00+00:00,37484.83333
2021-01-20 09:00:00+00:00,38711.28571
2021-01-20 10:00:00+00:00,39281
2021-01-20 11:00:00+00:00,39447.16667
2021-01-20 12:00:00+00:00,39586.14286
2021-01-20 13:00:00+00:00,38589
2021-01-20 14:00:00+00:00,37435
2021-01-20 15:00:00+00:00,36881.57143
2021-01-20 16:00:00+00:00,36765.6
2021-01-20 17:00:00+00:00,37702.83333
2021-01-20 18:00:00+00:00,38826.14286
2021-01-20 19:00:00+00:00,39018.2
2021-01-20 20:00:00+00:00,37904.66667
2021-01-20 21:00:00+00:00,34551.71429
2021-01-20 22:00:00+00:00,31082.2
2021-01-20 23:00:00+00:00,28922.66667
2021-01-21 00:00:00+00:00,26891.42857
2021-01-21 01:00:00+00:00,25422.8
2021-01-21 02:00:00+00:00,24921.16667
2021-01-21 03:00:00+00:00,24649.71429
2021-01-21 04:00:00+00:00,25239.2
2021-01-21 05:00:00+00:00,27825.16667
2021-01-21 06:00:00+00:00,32438.28571
2021-01-21 07:00:00+00:00,35407.4
2021-01-21 08:00:00+00:00,36635.33333
2021-01-21 09:00:00+00:00,37472.71429
2021-01-21 10:00:00+00:00,37269.4
2021-01-21 11:00:00+00:00,37091.33333
2021-01-21 12:00:00+00:00,36881.85714
2021-01-21 13:00:00+00:00,36188
2021-01-21 14:00:00+00:00,35237.66667
2021-01-21 15:00:00+00:00,34767
2021-01-21 16:00:00+00:00,34720.6
2021-01-21 17:00:00+00:00,35669.33333
2021-01-21 18:00:00+00:00,37096.42857
2021-01-21 19:00:00+00:00,37276
2021-01-21 20:00:00+00:00,36405.5
2021-01-21 21:00:00+00:00,33226.28571
2021-01-21 22:00:00+00:00,30092
2021-01-21 23:00:00+00:00,28057.66667
2021-01-22 00:00:00+00:00,26226.57143
2021-01-22 01:00:00+00:00,24943.4
2021-01-22 02:00:00+00:00,24552.83333
2021-01-22 03:00:00+00:00,24300.14286
2021-01-22 04:00:00+00:00,24877.2
2021-01-22 05:00:00+00:00,27188.83333
2021-01-22 06:00:00+00:00,31503.14286
2021-01-22 07:00:00+00:00,34170.4
2021-01-22 08:00:00+00:00,35314.16667
2021-01-22 09:00:00+00:00,36040.71429
2021-01-22 10:00:00+00:00,36131.6
2021-01-22 11:00:00+00:00,35953
2021-01-22 12:00:00+00:00,35911.14286
2021-01-22 13:00:00+00:00,35226.4
2021-01-22 14:00:00+00:00,34060.16667
2021-01-22 15:00:00+00:00,33357.42857
2021-01-22 16:00:00+00:00,33143.6
2021-01-22 17:00:00+00:00,34012.5
2021-01-22 18:00:00+00:00,35399.85714
2021-01-22 19:00:00+00:00,35696
2021-01-22 20:00:00+00:00,35081.5
2021-01-22 21:00:00+00:00,32474
2021-01-22 22:00:00+00:00,29526.8
2021-01-22 23:00:00+00:00,27734.5
2021-01-23 00:00:00+00:00,25795.28571
2021-01-23 01:00:00+00:00,24391.4
2021-01-23 02:00:00+00:00,23518.83333
2021-01-23 03:00:00+00:00,23290.28571
2021-01-23 04:00:00+00:00,23215.2
2021-01-23 05:00:00+00:00,23751.66667
2021-01-23 06:00:00+00:00,25180.85714
2021-01-23 07:00:00+00:00,26864.6
2021-01-23 08:00:00+00:00,29162
2021-01-23 09:00:00+00:00,31460.14286
2021-01-23 10:00:00+00:00,32122.4
2021-01-23 11:00:00+00:00,32072.16667
2021-01-23 12:00:00+00:00,32523.85714
2021-01-23 13:00:00+00:00,32251.2
2021-01-23 14:00:00+00:00,30493.5
2021-01-23 15:00:00+00:00,29436.57143
2021-01-23 16:00:00+00:00,29052
2021-01-23 17:00:00+00:00,30352
2021-01-23 18:00:00+00:00,31835
2021-01-23 19:00:00+00:00,32388
2021-01-23 20:00:00+00:00,32277.5
2021-01-23 21:00:00+00:00,30381.42857
2021-01-23 22:00:00+00:00,27940.2
2021-01-23 23:00:00+00:00,25664.83333
2021-01-24 00:00:00+00:00,23402.42857
2021-01-24 01:00:00+00:00,22011.4
2021-01-24 02:00:00+00:00,21419
2021-01-24 03:00:00+00:00,21089.71429
2021-01-24 04:00:00+00:00,21235
2021-01-24 05:00:00+00:00,21471
2021-01-24 06:00:00+00:00,22202.42857
2021-01-24 07:00:00+00:00,22996
2021-01-24 08:00:00+00:00,24838.33333
2021-01-24 09:00:00+00:00,27290.14286
2021-01-24 10:00:00+00:00,28452.6
2021-01-24 11:00:00+00:00,28389.5
2021-01-24 12:00:00+00:00,29002.57143
2021-01-24 13:00:00+00:00,28978.8
2021-01-24 14:00:00+00:00,27444.5
2021-01-24 15:00:00+00:00,26469.85714
2021-01-24 16:00:00+00:00,26321.2
2021-01-24 17:00:00+00:00,28187.66667
2021-01-24 18:00:00+00:00,30348.28571
2021-01-24 19:00:00+00:00,31328.6
2021-01-24 20:00:00+00:00,31319.66667
2021-01-24 21:00:00+00:00,29701.85714
2021-01-24 22:00:00+00:00,27243.8
2021-01-24 23:00:00+00:00,25315.16667
2021-01-25 00:00:00+00:00,23704
2021-01-25 01:00:00+00:00,22682.8
2021-01-25 02:00:00+00:00,22272.33333
2021-01-25 03:00:00+00:00,22319.71429
2021-01-25 04:00:00+00:00,23167.6
2021-01-25 05:00:00+00:00,25855.33333
2021-01-25 06:00:00+00:00,30628.14286
2021-01-25 07:00:00+00:00,33643.2
2021-01-25 08:00:00+00:00,34959
2021-01-25 09:00:00+00:00,35976.71429
2021-01-25 10:00:00+00:00,36287.2
2021-01-25 11:00:00+00:00,36056.16667
2021-01-25 12:00:00+00:00,36313.85714
2021-01-25 13:00:00+00:00,35331.4
2021-01-25 14:00:00+00:00,34263.5
2021-01-25 15:00:00+00:00,33622.28571
2021-01-25 16:00:00+00:00,33340.8
2021-01-25 17:00:00+00:00,33901.83333
2021-01-25 18:00:00+00:00,35083.85714
2021-01-25 19:00:00+00:00,35515.4
2021-01-25 20:00:00+00:00,34465.16667
2021-01-25 21:00:00+00:00,31574.85714
2021-01-25 22:00:00+00:00,28745.2
2021-01-25 23:00:00+00:00,26931.83333
2021-01-26 00:00:00+00:00,24940
2021-01-26 01:00:00+00:00,23940.4
2021-01-26 02:00:00+00:00,23363
2021-01-26 03:00:00+00:00,23489.14286
2021-01-26 04:00:00+00:00,24130.4
2021-01-26 05:00:00+00:00,26580.16667
2021-01-26 06:00:00+00:00,30997.28571
2021-01-26 07:00:00+00:00,33558.2
2021-01-26 08:00:00+00:00,34558.83333
2021-01-26 09:00:00+00:00,35145.71429
2021-01-26 10:00:00+00:00,35169.6
2021-01-26 11:00:00+00:00,34762.83333
2021-01-26 12:00:00+00:00,34628.14286
2021-01-26 13:00:00+00:00,33907
2021-01-26 14:00:00+00:00,32749.33333
2021-01-26 15:00:00+00:00,32253.71429
2021-01-26 16:00:00+00:00,32226.2
2021-01-26 17:00:00+00:00,33029.83333
2021-01-26 18:00:00+00:00,34636.28571
2021-01-26 19:00:00+00:00,35008.2
2021-01-26 20:00:00+00:00,34219.16667
2021-01-26 21:00:00+00:00,31143.42857
2021-01-26 22:00:00+00:00,28146.6
2021-01-26 23:00:00+00:00,26270.66667
2021-01-27 00:00:00+00:00,24383.57143
2021-01-27 01:00:00+00:00,23411.4
2021-01-27 02:00:00+00:00,23050.83333
2021-01-27 03:00:00+00:00,23008.42857
2021-01-27 04:00:00+00:00,23578.2
2021-01-27 05:00:00+00:00,25883
2021-01-27 06:00:00+00:00,30400
2021-01-27 07:00:00+00:00,32690.4
2021-01-27 08:00:00+00:00,33641
2021-01-27 09:00:00+00:00,34091.14286
2021-01-27 10:00:00+00:00,33960.4
2021-01-27 11:00:00+00:00,33713.5
2021-01-27 12:00:00+00:00,33483.71429
2021-01-27 13:00:00+00:00,32454
2021-01-27 14:00:00+00:00,31484.16667
2021-01-27 15:00:00+00:00,31058.42857
2021-01-27 16:00:00+00:00,31014.4
2021-01-27 17:00:00+00:00,32003.83333
2021-01-27 18:00:00+00:00,33670.42857
2021-01-27 19:00:00+00:00,34231
2021-01-27 20:00:00+00:00,33337.16667
2021-01-27 21:00:00+00:00,30481.57143
2021-01-27 22:00:00+00:00,27635.2
2021-01-27 23:00:00+00:00,25946.16667
2021-01-28 00:00:00+00:00,24349.28571
2021-01-28 01:00:00+00:00,23277.6
2021-01-28 02:00:00+00:00,22911.16667
2021-01-28 03:00:00+00:00,22935.28571
2021-01-28 04:00:00+00:00,23518.6
2021-01-28 05:00:00+00:00,25865.66667
2021-01-28 06:00:00+00:00,30086.57143
2021-01-28 07:00:00+00:00,32337.8
2021-01-28 08:00:00+00:00,33203.83333
2021-01-28 09:00:00+00:00,33572.85714
2021-01-28 10:00:00+00:00,33440
2021-01-28 11:00:00+00:00,33098.83333
2021-01-28 12:00:00+00:00,32998.57143
2021-01-28 13:00:00+00:00,32188.2
2021-01-28 14:00:00+00:00,31339.5
2021-01-28 15:00:00+00:00,30890
2021-01-28 16:00:00+00:00,30571.2
2021-01-28 17:00:00+00:00,31689.16667
2021-01-28 18:00:00+00:00,33373.57143
2021-01-28 19:00:00+00:00,33915.6
2021-01-28 20:00:00+00:00,33027.5
2021-01-28 21:00:00+00:00,30162.71429
2021-01-28 22:00:00+00:00,27354.6
2021-01-28 23:00:00+00:00,25771.83333
2021-01-29 00:00:00+00:00,24243.42857
2021-01-29 01:00:00+00:00,23219.2
2021-01-29 02:00:00+00:00,22763.66667
2021-01-29 03:00:00+00:00,22621.14286
2021-01-29 04:00:00+00:00,23246.2
2021-01-29 05:00:00+00:00,25320.5
2021-01-29 06:00:00+00:00,29258.28571
2021-01-29 07:00:00+00:00,31397.2
2021-01-29 08:00:00+00:00,32343
2021-01-29 09:00:00+00:00,32640.42857
2021-01-29 10:00:00+00:00,32632.8
2021-01-29 11:00:00+00:00,32300.33333
2021-01-29 12:00:00+00:00,32280.14286
2021-01-29 13:00:00+00:00,31804.4
2021-01-29 14:00:00+00:00,30767.5
2021-01-29 15:00:00+00:00,30082.71429
2021-01-29 16:00:00+00:00,29986.6
2021-01-29 17:00:00+00:00,30707.66667
2021-01-29 18:00:00+00:00,32390.85714
2021-01-29 19:00:00+00:00,32657
2021-01-29 20:00:00+00:00,31963
2021-01-29 21:00:00+00:00,29516.42857
2021-01-29 22:00:00+00:00,27038.4
2021-01-29 23:00:00+00:00,25811.33333
2021-01-30 00:00:00+00:00,24162.71429
2021-01-30 01:00:00+00:00,23042
2021-01-30 02:00:00+00:00,22681.66667
2021-01-30 03:00:00+00:00,22335.85714
2021-01-30 04:00:00+00:00,22222.6
2021-01-30 05:00:00+00:00,22731.83333
2021-01-30 06:00:00+00:00,23978.42857
2021-01-30 07:00:00+00:00,25331.4
2021-01-30 08:00:00+00:00,27412.16667
2021-01-30 09:00:00+00:00,29367.71429
2021-01-30 10:00:00+00:00,29973.2
2021-01-30 11:00:00+00:00,29915
2021-01-30 12:00:00+00:00,30215.71429
2021-01-30 13:00:00+00:00,29643
2021-01-30 14:00:00+00:00,27961.83333
2021-01-30 15:00:00+00:00,26644
2021-01-30 16:00:00+00:00,26214.4
2021-01-30 17:00:00+00:00,27387.83333
2021-01-30 18:00:00+00:00,29334.57143
2021-01-30 19:00:00+00:00,30202.2
2021-01-30 20:00:00+00:00,29983.5
2021-01-30 21:00:00+00:00,28251.42857
2021-01-30 22:00:00+00:00,25904
2021-01-30 23:00:00+00:00,23936.5
2021-01-31 00:00:00+00:00,22337.71429
2021-01-31 01:00:00+00:00,21225
2021-01-31 02:00:00+00:00,20510.33333
2021-01-31 03:00:00+00:00,20221.28571
2021-01-31 04:00:00+00:00,20325.4
2021-01-31 05:00:00+00:00,20704.5
2021-01-31 06:00:00+00:00,21429
2021-01-31 07:00:00+00:00,21949.6
2021-01-31 08:00:00+00:00,23840
2021-01-31 09:00:00+00:00,26312.57143
2021-01-31 10:00:00+00:00,27519
2021-01-31 11:00:00+00:00,27890.33333
2021-01-31 12:00:00+00:00,28553.85714
2021-01-31 13:00:00+00:00,28580.6
2021-01-31 14:00:00+00:00,26527.83333
2021-01-31 15:00:00+00:00,25323.42857
2021-01-31 16:00:00+00:00,24918.8
2021-01-31 17:00:00+00:00,26396.83333
2021-01-31 18:00:00+00:00,28858.14286
2021-01-31 19:00:00+00:00,30042.2
2021-01-31 20:00:00+00:00,29854.5
2021-01-31 21:00:00+00:00,28027.57143
2021-01-31 22:00:00+00:00,25841.4
2021-01-31 23:00:00+00:00,24190.83333
2021-02-01 00:00:00+00:00,22584.28571
2021-02-01 01:00:00+00:00,21648.8
2021-02-01 02:00:00+00:00,21177.83333
2021-02-01 03:00:00+00:00,21329.14286
2021-02-01 04:00:00+00:00,22316.8
2021-02-01 05:00:00+00:00,24994.66667
2021-02-01 06:00:00+00:00,29395.28571
2021-02-01 07:00:00+00:00,31661
2021-02-01 08:00:00+00:00,32688.5
2021-02-01 09:00:00+00:00,33106.71429
2021-02-01 10:00:00+00:00,33025.8
2021-02-01 11:00:00+00:00,32793
2021-02-01 12:00:00+00:00,32833.42857
2021-02-01 13:00:00+00:00,32176.6
2021-02-01 14:00:00+00:00,31228.16667
2021-02-01 15:00:00+00:00,30594.71429
2021-02-01 16:00:00+00:00,30534.2
2021-02-01 17:00:00+00:00,31065
2021-02-01 18:00:00+00:00,33398.57143
2021-02-01 19:00:00+00:00,33944.4
2021-02-01 20:00:00+00:00,33072.16667
2021-02-01 21:00:00+00:00,30112
2021-02-01 22:00:00+00:00,27453.6
2021-02-01 23:00:00+00:00,26239.16667
2021-02-02 00:00:00+00:00,24439.57143
2021-02-02 01:00:00+00:00,23549.2
2021-02-02 02:00:00+00:00,23391.33333
2021-02-02 03:00:00+00:00,23112.42857
2021-02-02 04:00:00+00:00,23713.8
2021-02-02 05:00:00+00:00,25860.66667
2021-02-02 06:00:00+00:00,30053.28571
2021-02-02 07:00:00+00:00,32132.2
2021-02-02 08:00:00+00:00,32999.66667
2021-02-02 09:00:00+00:00,33209.28571
2021-02-02 10:00:00+00:00,33192.8
2021-02-02 11:00:00+00:00,33069.16667
2021-02-02 12:00:00+00:00,33272.85714
2021-02-02 13:00:00+00:00,32557.8
2021-02-02 14:00:00+00:00,31402.16667
2021-02-02 15:00:00+00:00,30904
2021-02-02 16:00:00+00:00,30711.4
2021-02-02 17:00:00+00:00,31384.83333
2021-02-02 18:00:00+00:00,33377.28571
2021-02-02 19:00:00+00:00,34044.6
2021-02-02 20:00:00+00:00,33122.83333
2021-02-02 21:00:00+00:00,30019
2021-02-02 22:00:00+00:00,27272.8
2021-02-02 23:00:00+00:00,26014
2021-02-03 00:00:00+00:00,24393.71429
2021-02-03 01:00:00+00:00,23442.8
2021-02-03 02:00:00+00:00,23102.16667
2021-02-03 03:00:00+00:00,23114.28571
2021-02-03 04:00:00+00:00,23714.4
2021-02-03 05:00:00+00:00,25824.5
2021-02-03 06:00:00+00:00,29949.57143
2021-02-03 07:00:00+00:00,32090.4
2021-02-03 08:00:00+00:00,32753.5
2021-02-03 09:00:00+00:00,32910.14286
2021-02-03 10:00:00+00:00,33067.2
2021-02-03 11:00:00+00:00,32960
2021-02-03 12:00:00+00:00,33007.85714
2021-02-03 13:00:00+00:00,32347.8
2021-02-03 14:00:00+00:00,31422.83333
2021-02-03 15:00:00+00:00,30620.71429
2021-02-03 16:00:00+00:00,30656
2021-02-03 17:00:00+00:00,31357.5
2021-02-03 18:00:00+00:00,33210.71429
2021-02-03 19:00:00+00:00,33889.2
2021-02-03 20:00:00+00:00,33146.33333
2021-02-03 21:00:00+00:00,30196.42857
2021-02-03 22:00:00+00:00,27333.2
2021-02-03 23:00:00+00:00,26032.66667
2021-02-04 00:00:00+00:00,24481.71429
2021-02-04 01:00:00+00:00,23510.8
2021-02-04 02:00:00+00:00,22977.16667
2021-02-04 03:00:00+00:00,22856.14286
2021-02-04 04:00:00+00:00,23435.6
2021-02-04 05:00:00+00:00,25537.83333
2021-02-04 06:00:00+00:00,29583.57143
2021-02-04 07:00:00+00:00,31712
2021-02-04 08:00:00+00:00,32565.16667
2021-02-04 09:00:00+00:00,33068.85714
2021-02-04 10:00:00+00:00,33020.4
2021-02-04 11:00:00+00:00,32878
2021-02-04 12:00:00+00:00,33018.57143
2021-02-04 13:00:00+00:00,32322.8
2021-02-04 14:00:00+00:00,31314.33333
2021-02-04 15:00:00+00:00,30821
2021-02-04 16:00:00+00:00,30756.8
2021-02-04 17:00:00+00:00,31349.16667
2021-02-04 18:00:00+00:00,33387.28571
2021-02-04 19:00:00+00:00,33706
2021-02-04 20:00:00+00:00,32869.33333
2021-02-04 21:00:00+00:00,30120
2021-02-04 22:00:00+00:00,27367.4
2021-02-04 23:00:00+00:00,25954.66667
2021-02-05 00:00:00+00:00,24160
2021-02-05 01:00:00+00:00,23475.2
2021-02-05 02:00:00+00:00,22959.5
2021-02-05 03:00:00+00:00,22782
2021-02-05 04:00:00+00:00,23521.2
2021-02-05 05:00:00+00:00,25903.83333
2021-02-05 06:00:00+00:00,29931.71429
2021-02-05 07:00:00+00:00,32003.4
2021-02-05 08:00:00+00:00,32849.5
2021-02-05 09:00:00+00:00,33409.42857
2021-02-05 10:00:00+00:00,33496.6
2021-02-05 11:00:00+00:00,33423.16667
2021-02-05 12:00:00+00:00,33260.28571
2021-02-05 13:00:00+00:00,32445.2
2021-02-05 14:00:00+00:00,31436
2021-02-05 15:00:00+00:00,30669.85714
2021-02-05 16:00:00+00:00,30630.6
2021-02-05 17:00:00+00:00,30963.33333
2021-02-05 18:00:00+00:00,32517
2021-02-05 19:00:00+00:00,32840.8
2021-02-05 20:00:00+00:00,32522
2021-02-05 21:00:00+00:00,29819.14286
2021-02-05 22:00:00+00:00,27300.6
2021-02-05 23:00:00+00:00,25812.33333
2021-02-06 00:00:00+00:00,24183.14286
2021-02-06 01:00:00+00:00,22980.8
2021-02-06 02:00:00+00:00,22522.16667
2021-02-06 03:00:00+00:00,22111.71429
2021-02-06 04:00:00+00:00,21968.8
2021-02-06 05:00:00+00:00,22534.83333
2021-02-06 06:00:00+00:00,23728.71429
2021-02-06 07:00:00+00:00,24959.2
2021-02-06 08:00:00+00:00,27293.83333
2021-02-06 09:00:00+00:00,29378
2021-02-06 10:00:00+00:00,29900.2
2021-02-06 11:00:00+00:00,29731.83333
2021-02-06 12:00:00+00:00,30261
2021-02-06 13:00:00+00:00,29800.4
2021-02-06 14:00:00+00:00,28043.16667
2021-02-06 15:00:00+00:00,26572.42857
2021-02-06 16:00:00+00:00,26258.6
2021-02-06 17:00:00+00:00,27439.66667
2021-02-06 18:00:00+00:00,29193.71429
2021-02-06 19:00:00+00:00,30012.8
2021-02-06 20:00:00+00:00,30067.83333
2021-02-06 21:00:00+00:00,28216.57143
2021-02-06 22:00:00+00:00,25952.8
2021-02-06 23:00:00+00:00,24091
2021-02-07 00:00:00+00:00,22259.85714
2021-02-07 01:00:00+00:00,21075.4
2021-02-07 02:00:00+00:00,20643.66667
2021-02-07 03:00:00+00:00,20279.28571
2021-02-07 04:00:00+00:00,20171.8
2021-02-07 05:00:00+00:00,20624
2021-02-07 06:00:00+00:00,21320.28571
2021-02-07 07:00:00+00:00,21854.2
2021-02-07 08:00:00+00:00,23869.66667
2021-02-07 09:00:00+00:00,26409.28571
2021-02-07 10:00:00+00:00,27545.4
2021-02-07 11:00:00+00:00,27553.83333
2021-02-07 12:00:00+00:00,28275.14286
2021-02-07 13:00:00+00:00,28479.2
2021-02-07 14:00:00+00:00,26766
2021-02-07 15:00:00+00:00,25701.85714
2021-02-07 16:00:00+00:00,25348.6
2021-02-07 17:00:00+00:00,26792.83333
2021-02-07 18:00:00+00:00,29463.28571
2021-02-07 19:00:00+00:00,30814.8
2021-02-07 20:00:00+00:00,30371.66667
2021-02-07 21:00:00+00:00,28705
2021-02-07 22:00:00+00:00,26332.8
2021-02-07 23:00:00+00:00,24455.16667
2021-02-08 00:00:00+00:00,22711.71429
2021-02-08 01:00:00+00:00,21910.8
2021-02-08 02:00:00+00:00,21613.83333
2021-02-08 03:00:00+00:00,21653.14286
2021-02-08 04:00:00+00:00,22595.2
2021-02-08 05:00:00+00:00,25310.66667
2021-02-08 06:00:00+00:00,29790.85714
2021-02-08 07:00:00+00:00,32270.6
2021-02-08 08:00:00+00:00,33827.83333
2021-02-08 09:00:00+00:00,34508.42857
2021-02-08 10:00:00+00:00,34846.8
2021-02-08 11:00:00+00:00,34526.83333
2021-02-08 12:00:00+00:00,34598
2021-02-08 13:00:00+00:00,33768.6
2021-02-08 14:00:00+00:00,32957.16667
2021-02-08 15:00:00+00:00,32637.57143
2021-02-08 16:00:00+00:00,32222.2
2021-02-08 17:00:00+00:00,32383
2021-02-08 18:00:00+00:00,34775
2021-02-08 19:00:00+00:00,35503.2
2021-02-08 20:00:00+00:00,34492.83333
2021-02-08 21:00:00+00:00,31359.57143
2021-02-08 22:00:00+00:00,28580.6
2021-02-08 23:00:00+00:00,27089.83333
2021-02-09 00:00:00+00:00,25525
2021-02-09 01:00:00+00:00,24438.6
2021-02-09 02:00:00+00:00,24049
2021-02-09 03:00:00+00:00,24117.28571
2021-02-09 04:00:00+00:00,24744
2021-02-09 05:00:00+00:00,27016
2021-02-09 06:00:00+00:00,31404
2021-02-09 07:00:00+00:00,33654.2
2021-02-09 08:00:00+00:00,34997.16667
2021-02-09 09:00:00+00:00,35731.71429
2021-02-09 10:00:00+00:00,35960.4
2021-02-09 11:00:00+00:00,35873.83333
2021-02-09 12:00:00+00:00,36263.42857
2021-02-09 13:00:00+00:00,35462
2021-02-09 14:00:00+00:00,34544
2021-02-09 15:00:00+00:00,33783.14286
2021-02-09 16:00:00+00:00,33459.8
2021-02-09 17:00:00+00:00,33713.33333
2021-02-09 18:00:00+00:00,35641
2021-02-09 19:00:00+00:00,35957.4
2021-02-09 20:00:00+00:00,35006.16667
2021-02-09 21:00:00+00:00,31823
2021-02-09 22:00:00+00:00,28923.4
2021-02-09 23:00:00+00:00,27351.33333
2021-02-10 00:00:00+00:00,25600.28571
2021-02-10 01:00:00+00:00,24374.6
2021-02-10 02:00:00+00:00,24018
2021-02-10 03:00:00+00:00,23964.14286
2021-02-10 04:00:00+00:00,24572
2021-02-10 05:00:00+00:00,26951.5
2021-02-10 06:00:00+00:00,31283
2021-02-10 07:00:00+00:00,33165.6
2021-02-10 08:00:00+00:00,34220.83333
2021-02-10 09:00:00+00:00,34616.28571
2021-02-10 10:00:00+00:00,34569.6
2021-02-10 11:00:00+00:00,34533
2021-02-10 12:00:00+00:00,34366.28571
2021-02-10 13:00:00+00:00,33614.8
2021-02-10 14:00:00+00:00,32556.33333
2021-02-10 15:00:00+00:00,31718.42857
2021-02-10 16:00:00+00:00,31411.8
2021-02-10 17:00:00+00:00,31677.66667
2021-02-10 18:00:00+00:00,34150.28571
2021-02-10 19:00:00+00:00,34847.4
2021-02-10 20:00:00+00:00,34075.5
2021-02-10 21:00:00+00:00,31142.71429
2021-02-10 22:00:00+00:00,28343.2
2021-02-10 23:00:00+00:00,26796.5
2021-02-11 00:00:00+00:00,25062.85714
2021-02-11 01:00:00+00:00,24043
2021-02-11 02:00:00+00:00,23657.5
2021-02-11 03:00:00+00:00,23655.14286
2021-02-11 04:00:00+00:00,24245.8
2021-02-11 05:00:00+00:00,26591.66667
2021-02-11 06:00:00+00:00,30609.28571
2021-02-11 07:00:00+00:00,32700.6
2021-02-11 08:00:00+00:00,33581.5
2021-02-11 09:00:00+00:00,33949
2021-02-11 10:00:00+00:00,33820
2021-02-11 11:00:00+00:00,33653.66667
2021-02-11 12:00:00+00:00,33720.14286
2021-02-11 13:00:00+00:00,33072.6
2021-02-11 14:00:00+00:00,32058.16667
2021-02-11 15:00:00+00:00,31534.57143
2021-02-11 16:00:00+00:00,31347.4
2021-02-11 17:00:00+00:00,31685.83333
2021-02-11 18:00:00+00:00,33956
2021-02-11 19:00:00+00:00,34643.2
2021-02-11 20:00:00+00:00,33776.5
2021-02-11 21:00:00+00:00,31015.57143
2021-02-11 22:00:00+00:00,28339.2
2021-02-11 23:00:00+00:00,26992
2021-02-12 00:00:00+00:00,25339.57143
2021-02-12 01:00:00+00:00,24345.8
2021-02-12 02:00:00+00:00,23972.16667
2021-02-12 03:00:00+00:00,23698.42857
2021-02-12 04:00:00+00:00,24353.6
2021-02-12 05:00:00+00:00,26624
2021-02-12 06:00:00+00:00,30520.14286
2021-02-12 07:00:00+00:00,32496.6
2021-02-12 08:00:00+00:00,33564.83333
2021-02-12 09:00:00+00:00,33581.14286
2021-02-12 10:00:00+00:00,33466.6
2021-02-12 11:00:00+00:00,33148.16667
2021-02-12 12:00:00+00:00,33034
2021-02-12 13:00:00+00:00,32196.2
2021-02-12 14:00:00+00:00,30903
2021-02-12 15:00:00+00:00,30204
2021-02-12 16:00:00+00:00,29869.6
2021-02-12 17:00:00+00:00,29994.5
2021-02-12 18:00:00+00:00,32343
2021-02-12 19:00:00+00:00,33038
2021-02-12 20:00:00+00:00,32456.33333
2021-02-12 21:00:00+00:00,29886.85714
2021-02-12 22:00:00+00:00,27342.8
2021-02-12 23:00:00+00:00,26016.16667
2021-02-13 00:00:00+00:00,24216.28571
2021-02-13 01:00:00+00:00,23126.6
2021-02-13 02:00:00+00:00,22597.5
2021-02-13 03:00:00+00:00,22299.57143
2021-02-13 04:00:00+00:00,22333
2021-02-13 05:00:00+00:00,22842.66667
2021-02-13 06:00:00+00:00,24220.85714
2021-02-13 07:00:00+00:00,25413
2021-02-13 08:00:00+00:00,27624.16667
2021-02-13 09:00:00+00:00,29277.71429
2021-02-13 10:00:00+00:00,29620.8
2021-02-13 11:00:00+00:00,29213.83333
2021-02-13 12:00:00+00:00,29099.42857
2021-02-13 13:00:00+00:00,28544
2021-02-13 14:00:00+00:00,27098.33333
2021-02-13 15:00:00+00:00,25982.42857
2021-02-13 16:00:00+00:00,25470.8
2021-02-13 17:00:00+00:00,26233.83333
2021-02-13 18:00:00+00:00,28873.71429
2021-02-13 19:00:00+00:00,30081.2
2021-02-13 20:00:00+00:00,30003.33333
2021-02-13 21:00:00+00:00,28379.85714
2021-02-13 22:00:00+00:00,26170.2
2021-02-13 23:00:00+00:00,24314.33333
2021-02-14 00:00:00+00:00,22706.57143
2021-02-14 01:00:00+00:00,21817
2021-02-14 02:00:00+00:00,21214.83333
2021-02-14 03:00:00+00:00,20935.71429
2021-02-14 04:00:00+00:00,21091.8
2021-02-14 05:00:00+00:00,21466.16667
2021-02-14 06:00:00+00:00,22278.28571
2021-02-14 07:00:00+00:00,22803
2021-02-14 08:00:00+00:00,24825.5
2021-02-14 09:00:00+00:00,26765.85714
2021-02-14 10:00:00+00:00,27362
2021-02-14 11:00:00+00:00,27255.83333
2021-02-14 12:00:00+00:00,27672.14286
2021-02-14 13:00:00+00:00,27497.4
2021-02-14 14:00:00+00:00,25941
2021-02-14 15:00:00+00:00,24745.28571
2021-02-14 16:00:00+00:00,24597.2
2021-02-14 17:00:00+00:00,25651.5
2021-02-14 18:00:00+00:00,28507.14286
2021-02-14 19:00:00+00:00,29979.8
2021-02-14 20:00:00+00:00,29855.66667
2021-02-14 21:00:00+00:00,28364
2021-02-14 22:00:00+00:00,26097
2021-02-14 23:00:00+00:00,24350.66667
2021-02-15 00:00:00+00:00,22651.14286
2021-02-15 01:00:00+00:00,21762.2
2021-02-15 02:00:00+00:00,21490.66667
2021-02-15 03:00:00+00:00,21597.57143
2021-02-15 04:00:00+00:00,22780.6
2021-02-15 05:00:00+00:00,25360.83333
2021-02-15 06:00:00+00:00,29662.28571
2021-02-15 07:00:00+00:00,31912.6
2021-02-15 08:00:00+00:00,33468.33333
2021-02-15 09:00:00+00:00,34027.57143
2021-02-15 10:00:00+00:00,33902.2
2021-02-15 11:00:00+00:00,33629
2021-02-15 12:00:00+00:00,33960.85714
2021-02-15 13:00:00+00:00,33351.2
2021-02-15 14:00:00+00:00,32277
2021-02-15 15:00:00+00:00,31613.14286
2021-02-15 16:00:00+00:00,31109.2
2021-02-15 17:00:00+00:00,31160.16667
2021-02-15 18:00:00+00:00,33652.71429
2021-02-15 19:00:00+00:00,34559.6
2021-02-15 20:00:00+00:00,33591.83333
2021-02-15 21:00:00+00:00,30548.57143
2021-02-15 22:00:00+00:00,27693
2021-02-15 23:00:00+00:00,26252
2021-02-16 00:00:00+00:00,24737.85714
2021-02-16 01:00:00+00:00,23927
2021-02-16 02:00:00+00:00,23572.16667
2021-02-16 03:00:00+00:00,23532.14286
2021-02-16 04:00:00+00:00,23972.2
2021-02-16 05:00:00+00:00,26241.66667
2021-02-16 06:00:00+00:00,30129
2021-02-16 07:00:00+00:00,32407.2
2021-02-16 08:00:00+00:00,33614.66667
2021-02-16 09:00:00+00:00,33963.85714
2021-02-16 10:00:00+00:00,33851.6
2021-02-16 11:00:00+00:00,33522.5
2021-02-16 12:00:00+00:00,33454.28571
2021-02-16 13:00:00+00:00,32496.4
2021-02-16 14:00:00+00:00,31427.66667
2021-02-16 15:00:00+00:00,30982.85714
2021-02-16 16:00:00+00:00,30741.4
2021-02-16 17:00:00+00:00,30868
2021-02-16 18:00:00+00:00,33490.28571
2021-02-16 19:00:00+00:00,34372.2
2021-02-16 20:00:00+00:00,33576.66667
2021-02-16 21:00:00+00:00,30862.28571
2021-02-16 22:00:00+00:00,28001.2
2021-02-16 23:00:00+00:00,26346.16667
2021-02-17 00:00:00+00:00,24520.28571
2021-02-17 01:00:00+00:00,23703.4
2021-02-17 02:00:00+00:00,23184.16667
2021-02-17 03:00:00+00:00,23206.14286
2021-02-17 04:00:00+00:00,24033.2
2021-02-17 05:00:00+00:00,26418.66667
2021-02-17 06:00:00+00:00,30331.71429
2021-02-17 07:00:00+00:00,32621.4
2021-02-17 08:00:00+00:00,33629
2021-02-17 09:00:00+00:00,33884.71429
2021-02-17 10:00:00+00:00,33689.8
2021-02-17 11:00:00+00:00,33289.33333
2021-02-17 12:00:00+00:00,33278.14286
2021-02-17 13:00:00+00:00,32318.8
2021-02-17 14:00:00+00:00,31356.66667
2021-02-17 15:00:00+00:00,30930.85714
2021-02-17 16:00:00+00:00,30673
2021-02-17 17:00:00+00:00,30980.33333
2021-02-17 18:00:00+00:00,33787.85714
2021-02-17 19:00:00+00:00,34908
2021-02-17 20:00:00+00:00,34128
2021-02-17 21:00:00+00:00,31160.42857
2021-02-17 22:00:00+00:00,28236.6
2021-02-17 23:00:00+00:00,26743.33333
2021-02-18 00:00:00+00:00,25127.28571
2021-02-18 01:00:00+00:00,24066.6
2021-02-18 02:00:00+00:00,23835.66667
2021-02-18 03:00:00+00:00,23640.28571
2021-02-18 04:00:00+00:00,24284.4
2021-02-18 05:00:00+00:00,26560.66667
2021-02-18 06:00:00+00:00,30660.85714
2021-02-18 07:00:00+00:00,32651.6
2021-02-18 08:00:00+00:00,33788.66667
2021-02-18 09:00:00+00:00,34035.57143
2021-02-18 10:00:00+00:00,33886.8
2021-02-18 11:00:00+00:00,33504.5
2021-02-18 12:00:00+00:00,33405.85714
2021-02-18 13:00:00+00:00,32426.4
2021-02-18 14:00:00+00:00,31359.83333
2021-02-18 15:00:00+00:00,30686.85714
2021-02-18 16:00:00+00:00,30621.8
2021-02-18 17:00:00+00:00,31119.83333
2021-02-18 18:00:00+00:00,33727.14286
2021-02-18 19:00:00+00:00,34615.4
2021-02-18 20:00:00+00:00,33787.83333
2021-02-18 21:00:00+00:00,30741.28571
2021-02-18 22:00:00+00:00,27995.2
2021-02-18 23:00:00+00:00,26406
2021-02-19 00:00:00+00:00,24917.57143
2021-02-19 01:00:00+00:00,24053.4
2021-02-19 02:00:00+00:00,23691.5
2021-02-19 03:00:00+00:00,23635.57143
2021-02-19 04:00:00+00:00,24440.6
2021-02-19 05:00:00+00:00,26800.16667
2021-02-19 06:00:00+00:00,30912.28571
2021-02-19 07:00:00+00:00,32843.8
2021-02-19 08:00:00+00:00,34074.16667
2021-02-19 09:00:00+00:00,33924.14286
2021-02-19 10:00:00+00:00,33550.4
2021-02-19 11:00:00+00:00,33330
2021-02-19 12:00:00+00:00,33120.42857
2021-02-19 13:00:00+00:00,31970.6
2021-02-19 14:00:00+00:00,30903.33333
2021-02-19 15:00:00+00:00,30355.28571
2021-02-19 16:00:00+00:00,30128
2021-02-19 17:00:00+00:00,30119
2021-02-19 18:00:00+00:00,32572.14286
2021-02-19 19:00:00+00:00,33523.4
2021-02-19 20:00:00+00:00,33057.33333
2021-02-19 21:00:00+00:00,30365.14286
2021-02-19 22:00:00+00:00,27683.2
2021-02-19 23:00:00+00:00,26395.5
2021-02-20 00:00:00+00:00,24632.85714
2021-02-20 01:00:00+00:00,23421.8
2021-02-20 02:00:00+00:00,22844
2021-02-20 03:00:00+00:00,22522.42857
2021-02-20 04:00:00+00:00,22610.6
2021-02-20 05:00:00+00:00,22972
2021-02-20 06:00:00+00:00,24268.57143
2021-02-20 07:00:00+00:00,25681
2021-02-20 08:00:00+00:00,27947.33333
2021-02-20 09:00:00+00:00,29615.14286
2021-02-20 10:00:00+00:00,29870
2021-02-20 11:00:00+00:00,29464.33333
2021-02-20 12:00:00+00:00,29541
2021-02-20 13:00:00+00:00,28986.8
2021-02-20 14:00:00+00:00,27425.83333
2021-02-20 15:00:00+00:00,26337.57143
2021-02-20 16:00:00+00:00,26081.4
2021-02-20 17:00:00+00:00,26623.83333
2021-02-20 18:00:00+00:00,29002.71429
2021-02-20 19:00:00+00:00,30212.8
2021-02-20 20:00:00+00:00,30104.66667
2021-02-20 21:00:00+00:00,28352.42857
2021-02-20 22:00:00+00:00,26067.6
2021-02-20 23:00:00+00:00,24095.5
2021-02-21 00:00:00+00:00,22310.85714
2021-02-21 01:00:00+00:00,21265.6
2021-02-21 02:00:00+00:00,20783.33333
2021-02-21 03:00:00+00:00,20408.85714
2021-02-21 04:00:00+00:00,20407.8
2021-02-21 05:00:00+00:00,20777.66667
2021-02-21 06:00:00+00:00,21551.57143
2021-02-21 07:00:00+00:00,22101.2
2021-02-21 08:00:00+00:00,24311.83333
2021-02-21 09:00:00+00:00,26782.57143
2021-02-21 10:00:00+00:00,28058.6
2021-02-21 11:00:00+00:00,28365.33333
2021-02-21 12:00:00+00:00,29339.85714
2021-02-21 13:00:00+00:00,29257.2
2021-02-21 14:00:00+00:00,27314.33333
2021-02-21 15:00:00+00:00,26249.71429
2021-02-21 16:00:00+00:00,25851.6
2021-02-21 17:00:00+00:00,26567
2021-02-21 18:00:00+00:00,28906.57143
2021-02-21 19:00:00+00:00,30531.2
2021-02-21 20:00:00+00:00,30433.66667
2021-02-21 21:00:00+00:00,28845
2021-02-21 22:00:00+00:00,26651.6
2021-02-21 23:00:00+00:00,24654.66667
2021-02-22 00:00:00+00:00,22878.71429
2021-02-22 01:00:00+00:00,21963
2021-02-22 02:00:00+00:00,21700.33333
2021-02-22 03:00:00+00:00,21716.85714
2021-02-22 04:00:00+00:00,22633.4
2021-02-22 05:00:00+00:00,25377.83333
2021-02-22 06:00:00+00:00,29625.28571
2021-02-22 07:00:00+00:00,31755.2
2021-02-22 08:00:00+00:00,33184.66667
2021-02-22 09:00:00+00:00,33791.14286
2021-02-22 10:00:00+00:00,33862
2021-02-22 11:00:00+00:00,33770.16667
2021-02-22 12:00:00+00:00,33742.71429
2021-02-22 13:00:00+00:00,32977.8
2021-02-22 14:00:00+00:00,31957
2021-02-22 15:00:00+00:00,31467
2021-02-22 16:00:00+00:00,31125.2
2021-02-22 17:00:00+00:00,31101.16667
2021-02-22 18:00:00+00:00,33375.42857
2021-02-22 19:00:00+00:00,34657
2021-02-22 20:00:00+00:00,33966.5
2021-02-22 21:00:00+00:00,30870
2021-02-22 22:00:00+00:00,28177.6
2021-02-22 23:00:00+00:00,26237.5
2021-02-23 00:00:00+00:00,24463.28571
2021-02-23 01:00:00+00:00,23575.4
2021-02-23 02:00:00+00:00,23198.66667
2021-02-23 03:00:00+00:00,23146.28571
2021-02-23 04:00:00+00:00,23839.6
2021-02-23 05:00:00+00:00,26286.5
2021-02-23 06:00:00+00:00,30501.14286
2021-02-23 07:00:00+00:00,32886.4
2021-02-23 08:00:00+00:00,33874.5
2021-02-23 09:00:00+00:00,33740.85714
2021-02-23 10:00:00+00:00,33629.2
2021-02-23 11:00:00+00:00,33406
2021-02-23 12:00:00+00:00,33343.42857
2021-02-23 13:00:00+00:00,32671.2
2021-02-23 14:00:00+00:00,31522.16667
2021-02-23 15:00:00+00:00,30884.28571
2021-02-23 16:00:00+00:00,30574.4
2021-02-23 17:00:00+00:00,30716.16667
2021-02-23 18:00:00+00:00,33393.28571
2021-02-23 19:00:00+00:00,34436
2021-02-23 20:00:00+00:00,33647.33333
2021-02-23 21:00:00+00:00,30867
2021-02-23 22:00:00+00:00,27879.6
2021-02-23 23:00:00+00:00,26091.83333
2021-02-24 00:00:00+00:00,24392.14286
2021-02-24 01:00:00+00:00,23515.6
2021-02-24 02:00:00+00:00,23180
2021-02-24 03:00:00+00:00,23115.85714
2021-02-24 04:00:00+00:00,23729.8
2021-02-24 05:00:00+00:00,26149.83333
2021-02-24 06:00:00+00:00,30373.71429
2021-02-24 07:00:00+00:00,32654.8
2021-02-24 08:00:00+00:00,33541
2021-02-24 09:00:00+00:00,33742.71429
2021-02-24 10:00:00+00:00,33570
2021-02-24 11:00:00+00:00,33434.5
2021-02-24 12:00:00+00:00,33436
2021-02-24 13:00:00+00:00,32552.4
2021-02-24 14:00:00+00:00,31436.5
2021-02-24 15:00:00+00:00,30841
2021-02-24 16:00:00+00:00,30609.2
2021-02-24 17:00:00+00:00,30501.33333
2021-02-24 18:00:00+00:00,33340.28571
2021-02-24 19:00:00+00:00,34413.8
2021-02-24 20:00:00+00:00,33662.5
2021-02-24 21:00:00+00:00,30726.57143
2021-02-24 22:00:00+00:00,27780
2021-02-24 23:00:00+00:00,26218.5
2021-02-25 00:00:00+00:00,24548.71429
2021-02-25 01:00:00+00:00,23628.4
2021-02-25 02:00:00+00:00,23155.83333
2021-02-25 03:00:00+00:00,22966.71429
2021-02-25 04:00:00+00:00,23638.2
2021-02-25 05:00:00+00:00,25972.16667
2021-02-25 06:00:00+00:00,29817.71429
2021-02-25 07:00:00+00:00,31947
2021-02-25 08:00:00+00:00,32934
2021-02-25 09:00:00+00:00,33209.57143
2021-02-25 10:00:00+00:00,33292.8
2021-02-25 11:00:00+00:00,33183.83333
2021-02-25 12:00:00+00:00,33334.85714
2021-02-25 13:00:00+00:00,32556
2021-02-25 14:00:00+00:00,31601.5
2021-02-25 15:00:00+00:00,30805.42857
2021-02-25 16:00:00+00:00,30729.4
2021-02-25 17:00:00+00:00,30848
2021-02-25 18:00:00+00:00,33168.14286
2021-02-25 19:00:00+00:00,34152
2021-02-25 20:00:00+00:00,33632.66667
2021-02-25 21:00:00+00:00,30702.85714
2021-02-25 22:00:00+00:00,27963.6
2021-02-25 23:00:00+00:00,26298.33333
2021-02-26 00:00:00+00:00,24574.28571
2021-02-26 01:00:00+00:00,23678.4
2021-02-26 02:00:00+00:00,23378.33333
2021-02-26 03:00:00+00:00,23335.71429
2021-02-26 04:00:00+00:00,23911
2021-02-26 05:00:00+00:00,26295.33333
2021-02-26 06:00:00+00:00,30072.42857
2021-02-26 07:00:00+00:00,32220
2021-02-26 08:00:00+00:00,33529.66667
2021-02-26 09:00:00+00:00,33729.71429
2021-02-26 10:00:00+00:00,33625.8
2021-02-26 11:00:00+00:00,33370.33333
2021-02-26 12:00:00+00:00,33166.71429
2021-02-26 13:00:00+00:00,32153.6
2021-02-26 14:00:00+00:00,30968.66667
2021-02-26 15:00:00+00:00,30276.85714
2021-02-26 16:00:00+00:00,29934.8
2021-02-26 17:00:00+00:00,29863.16667
2021-02-26 18:00:00+00:00,32061.57143
2021-02-26 19:00:00+00:00,32936.2
2021-02-26 20:00:00+00:00,32717.33333
2021-02-26 21:00:00+00:00,30177
2021-02-26 22:00:00+00:00,27456.2
2021-02-26 23:00:00+00:00,26031.16667
2021-02-27 00:00:00+00:00,24315.42857
2021-02-27 01:00:00+00:00,23104.8
2021-02-27 02:00:00+00:00,22703.16667
2021-02-27 03:00:00+00:00,22227.71429
2021-02-27 04:00:00+00:00,22392.2
2021-02-27 05:00:00+00:00,22857.66667
2021-02-27 06:00:00+00:00,23990.71429
2021-02-27 07:00:00+00:00,25534
2021-02-27 08:00:00+00:00,27755.66667
2021-02-27 09:00:00+00:00,29391.85714
2021-02-27 10:00:00+00:00,29506.8
2021-02-27 11:00:00+00:00,29136.5
2021-02-27 12:00:00+00:00,29099.28571
2021-02-27 13:00:00+00:00,28636.8
2021-02-27 14:00:00+00:00,27222.83333
2021-02-27 15:00:00+00:00,26258.57143
2021-02-27 16:00:00+00:00,25810.4
2021-02-27 17:00:00+00:00,26037
2021-02-27 18:00:00+00:00,28565
2021-02-27 19:00:00+00:00,30078.6
2021-02-27 20:00:00+00:00,30220.5
2021-02-27 21:00:00+00:00,28596.28571
2021-02-27 22:00:00+00:00,26212.4
2021-02-27 23:00:00+00:00,24150.5
2021-02-28 00:00:00+00:00,22233.14286
2021-02-28 01:00:00+00:00,21230.6
2021-02-28 02:00:00+00:00,20562.83333
2021-02-28 03:00:00+00:00,20363.85714
2021-02-28 04:00:00+00:00,20401.4
2021-02-28 05:00:00+00:00,20760.5
2021-02-28 06:00:00+00:00,21301
2021-02-28 07:00:00+00:00,22120.8
2021-02-28 08:00:00+00:00,24433.5
2021-02-28 09:00:00+00:00,26534.42857
2021-02-28 10:00:00+00:00,27035.6
2021-02-28 11:00:00+00:00,27023.16667
2021-02-28 12:00:00+00:00,27355.71429
2021-02-28 13:00:00+00:00,26833
2021-02-28 14:00:00+00:00,25432.66667
2021-02-28 15:00:00+00:00,24313.85714
2021-02-28 16:00:00+00:00,23983.4
2021-02-28 17:00:00+00:00,24804
2021-02-28 18:00:00+00:00,27693.85714
2021-02-28 19:00:00+00:00,29570
2021-02-28 20:00:00+00:00,29709.16667
2021-02-28 21:00:00+00:00,28247.42857
2021-02-28 22:00:00+00:00,25930.8
2021-02-28 23:00:00+00:00,24005.16667
2021-03-01 00:00:00+00:00,22189.85714
2021-03-01 01:00:00+00:00,21462.4
2021-03-01 02:00:00+00:00,21051.16667
2021-03-01 03:00:00+00:00,20975.28571
2021-03-01 04:00:00+00:00,22002.2
2021-03-01 05:00:00+00:00,24471.33333
2021-03-01 06:00:00+00:00,28284.28571
2021-03-01 07:00:00+00:00,30784.6
2021-03-01 08:00:00+00:00,32382.83333
2021-03-01 09:00:00+00:00,33360.85714
2021-03-01 10:00:00+00:00,33708.6
2021-03-01 11:00:00+00:00,33738
2021-03-01 12:00:00+00:00,33791.14286
2021-03-01 13:00:00+00:00,32905.4
2021-03-01 14:00:00+00:00,31959.66667
2021-03-01 15:00:00+00:00,30999.42857
2021-03-01 16:00:00+00:00,30831.4
2021-03-01 17:00:00+00:00,30960.66667
2021-03-01 18:00:00+00:00,33431
2021-03-01 19:00:00+00:00,34514.2
2021-03-01 20:00:00+00:00,33287.5
2021-03-01 21:00:00+00:00,30473
2021-03-01 22:00:00+00:00,27739.2
2021-03-01 23:00:00+00:00,25675.16667
2021-03-02 00:00:00+00:00,24030.71429
2021-03-02 01:00:00+00:00,23079.2
2021-03-02 02:00:00+00:00,22777.16667
2021-03-02 03:00:00+00:00,22554.14286
2021-03-02 04:00:00+00:00,23267.6
2021-03-02 05:00:00+00:00,25689.66667
2021-03-02 06:00:00+00:00,29747.57143
2021-03-02 07:00:00+00:00,32428
2021-03-02 08:00:00+00:00,33660
2021-03-02 09:00:00+00:00,34059.42857
2021-03-02 10:00:00+00:00,34101
2021-03-02 11:00:00+00:00,33928.83333
2021-03-02 12:00:00+00:00,33765.28571
2021-03-02 13:00:00+00:00,32932
2021-03-02 14:00:00+00:00,31995.16667
2021-03-02 15:00:00+00:00,31198.42857
2021-03-02 16:00:00+00:00,31012.2
2021-03-02 17:00:00+00:00,31306.33333
2021-03-02 18:00:00+00:00,33518.14286
2021-03-02 19:00:00+00:00,34758.6
2021-03-02 20:00:00+00:00,33841.33333
2021-03-02 21:00:00+00:00,30815.14286
2021-03-02 22:00:00+00:00,27945
2021-03-02 23:00:00+00:00,26188.5
2021-03-03 00:00:00+00:00,24468.85714
2021-03-03 01:00:00+00:00,23571.8
2021-03-03 02:00:00+00:00,23225.33333
2021-03-03 03:00:00+00:00,23015.85714
2021-03-03 04:00:00+00:00,23627.2
2021-03-03 05:00:00+00:00,26006.16667
2021-03-03 06:00:00+00:00,29955.57143
2021-03-03 07:00:00+00:00,32248
2021-03-03 08:00:00+00:00,33270.66667
2021-03-03 09:00:00+00:00,33840.85714
2021-03-03 10:00:00+00:00,33841
2021-03-03 11:00:00+00:00,33665.33333
2021-03-03 12:00:00+00:00,33315.85714
2021-03-03 13:00:00+00:00,32235.2
2021-03-03 14:00:00+00:00,31278.5
2021-03-03 15:00:00+00:00,30662.28571
2021-03-03 16:00:00+00:00,30467.2
2021-03-03 17:00:00+00:00,30581
2021-03-03 18:00:00+00:00,33027.57143
2021-03-03 19:00:00+00:00,34389
2021-03-03 20:00:00+00:00,33354.83333
2021-03-03 21:00:00+00:00,30490.28571
2021-03-03 22:00:00+00:00,27686.4
2021-03-03 23:00:00+00:00,25729.83333
2021-03-04 00:00:00+00:00,24112.28571
2021-03-04 01:00:00+00:00,23141
2021-03-04 02:00:00+00:00,22797.16667
2021-03-04 03:00:00+00:00,22685.14286
2021-03-04 04:00:00+00:00,23322.8
2021-03-04 05:00:00+00:00,25615.66667
2021-03-04 06:00:00+00:00,29577.42857
2021-03-04 07:00:00+00:00,32131.6
2021-03-04 08:00:00+00:00,33276.5
2021-03-04 09:00:00+00:00,33698.85714
2021-03-04 10:00:00+00:00,33587
2021-03-04 11:00:00+00:00,33480.33333
2021-03-04 12:00:00+00:00,33102.42857
2021-03-04 13:00:00+00:00,32110.4
2021-03-04 14:00:00+00:00,31093.83333
2021-03-04 15:00:00+00:00,30286.57143
2021-03-04 16:00:00+00:00,30138.4
2021-03-04 17:00:00+00:00,30385
2021-03-04 18:00:00+00:00,32761.85714
2021-03-04 19:00:00+00:00,33981
2021-03-04 20:00:00+00:00,33265.5
2021-03-04 21:00:00+00:00,30416.85714
2021-03-04 22:00:00+00:00,27572.4
2021-03-04 23:00:00+00:00,25706.5
2021-03-05 00:00:00+00:00,24062.85714
2021-03-05 01:00:00+00:00,23059.2
2021-03-05 02:00:00+00:00,22769.66667
2021-03-05 03:00:00+00:00,22680.85714
2021-03-05 04:00:00+00:00,23318.6
2021-03-05 05:00:00+00:00,25599.16667
2021-03-05 06:00:00+00:00,29662.14286
2021-03-05 07:00:00+00:00,32101.2
2021-03-05 08:00:00+00:00,33313
2021-03-05 09:00:00+00:00,33633.14286
2021-03-05 10:00:00+00:00,33618
2021-03-05 11:00:00+00:00,33415
2021-03-05 12:00:00+00:00,33050.42857
2021-03-05 13:00:00+00:00,32011.8
2021-03-05 14:00:00+00:00,30956.33333
2021-03-05 15:00:00+00:00,29985.85714
2021-03-05 16:00:00+00:00,29784.6
2021-03-05 17:00:00+00:00,29899.33333
2021-03-05 18:00:00+00:00,32079.57143
2021-03-05 19:00:00+00:00,33164
2021-03-05 20:00:00+00:00,32370.33333
2021-03-05 21:00:00+00:00,29883.28571
2021-03-05 22:00:00+00:00,27232
2021-03-05 23:00:00+00:00,25595
2021-03-06 00:00:00+00:00,23696
2021-03-06 01:00:00+00:00,22610
2021-03-06 02:00:00+00:00,22117
2021-03-06 03:00:00+00:00,21874.85714
2021-03-06 04:00:00+00:00,21829.4
2021-03-06 05:00:00+00:00,22284.83333
2021-03-06 06:00:00+00:00,23148.28571
2021-03-06 07:00:00+00:00,24954.4
2021-03-06 08:00:00+00:00,27266.83333
2021-03-06 09:00:00+00:00,28769.42857
2021-03-06 10:00:00+00:00,28989.8
2021-03-06 11:00:00+00:00,28761.5
2021-03-06 12:00:00+00:00,28932.14286
2021-03-06 13:00:00+00:00,28522.8
2021-03-06 14:00:00+00:00,27208
2021-03-06 15:00:00+00:00,26279.57143
2021-03-06 16:00:00+00:00,25770.6
2021-03-06 17:00:00+00:00,26246.83333
2021-03-06 18:00:00+00:00,28383.28571
2021-03-06 19:00:00+00:00,29947.4
2021-03-06 20:00:00+00:00,29939.33333
2021-03-06 21:00:00+00:00,28165.14286
2021-03-06 22:00:00+00:00,25651
2021-03-06 23:00:00+00:00,23678
2021-03-07 00:00:00+00:00,21888.85714
2021-03-07 01:00:00+00:00,20819.4
2021-03-07 02:00:00+00:00,20360
2021-03-07 03:00:00+00:00,19869.28571
2021-03-07 04:00:00+00:00,20058.6
2021-03-07 05:00:00+00:00,20415.83333
2021-03-07 06:00:00+00:00,20823.42857
2021-03-07 07:00:00+00:00,21709.8
2021-03-07 08:00:00+00:00,23878.83333
2021-03-07 09:00:00+00:00,26187.14286
2021-03-07 10:00:00+00:00,27251.6
2021-03-07 11:00:00+00:00,27163.33333
2021-03-07 12:00:00+00:00,27752.14286
2021-03-07 13:00:00+00:00,27679.2
2021-03-07 14:00:00+00:00,26183.5
2021-03-07 15:00:00+00:00,25087.42857
2021-03-07 16:00:00+00:00,24743.8
2021-03-07 17:00:00+00:00,25346
2021-03-07 18:00:00+00:00,27957
2021-03-07 19:00:00+00:00,29826.8
2021-03-07 20:00:00+00:00,29756.83333
2021-03-07 21:00:00+00:00,28140.71429
2021-03-07 22:00:00+00:00,25780.8
2021-03-07 23:00:00+00:00,23654.5
2021-03-08 00:00:00+00:00,21938.71429
2021-03-08 01:00:00+00:00,21075.4
2021-03-08 02:00:00+00:00,20753.66667
2021-03-08 03:00:00+00:00,20812.85714
2021-03-08 04:00:00+00:00,21936
2021-03-08 05:00:00+00:00,24672.66667
2021-03-08 06:00:00+00:00,28997.85714
2021-03-08 07:00:00+00:00,31927.8
2021-03-08 08:00:00+00:00,33355.83333
2021-03-08 09:00:00+00:00,34096.14286
2021-03-08 10:00:00+00:00,34103
2021-03-08 11:00:00+00:00,34139.33333
2021-03-08 12:00:00+00:00,33993
2021-03-08 13:00:00+00:00,33282.6
2021-03-08 14:00:00+00:00,32401.66667
2021-03-08 15:00:00+00:00,31853.57143
2021-03-08 16:00:00+00:00,31600
2021-03-08 17:00:00+00:00,31701.83333
2021-03-08 18:00:00+00:00,33865
2021-03-08 19:00:00+00:00,35300
2021-03-08 20:00:00+00:00,34073
2021-03-08 21:00:00+00:00,31051.28571
2021-03-08 22:00:00+00:00,28232.6
2021-03-08 23:00:00+00:00,26288.83333
2021-03-09 00:00:00+00:00,24547.14286
2021-03-09 01:00:00+00:00,23674
2021-03-09 02:00:00+00:00,23352.5
2021-03-09 03:00:00+00:00,23142.14286
2021-03-09 04:00:00+00:00,23942.2
2021-03-09 05:00:00+00:00,26151.83333
2021-03-09 06:00:00+00:00,30339.57143
2021-03-09 07:00:00+00:00,33117.6
2021-03-09 08:00:00+00:00,34315
2021-03-09 09:00:00+00:00,34684.57143
2021-03-09 10:00:00+00:00,34413
2021-03-09 11:00:00+00:00,34036.83333
2021-03-09 12:00:00+00:00,33796.85714
2021-03-09 13:00:00+00:00,32934.8
2021-03-09 14:00:00+00:00,31865.66667
2021-03-09 15:00:00+00:00,31122
2021-03-09 16:00:00+00:00,30921.2
2021-03-09 17:00:00+00:00,31094.66667
2021-03-09 18:00:00+00:00,33649.57143
2021-03-09 19:00:00+00:00,35139
2021-03-09 20:00:00+00:00,34440.16667
2021-03-09 21:00:00+00:00,31454.57143
2021-03-09 22:00:00+00:00,28244.6
2021-03-09 23:00:00+00:00,26313
2021-03-10 00:00:00+00:00,24541.71429
2021-03-10 01:00:00+00:00,23485.8
2021-03-10 02:00:00+00:00,23095.33333
2021-03-10 03:00:00+00:00,23030.28571
2021-03-10 04:00:00+00:00,23752.4
2021-03-10 05:00:00+00:00,26408.16667
2021-03-10 06:00:00+00:00,30482.71429
2021-03-10 07:00:00+00:00,33110.6
2021-03-10 08:00:00+00:00,33984
2021-03-10 09:00:00+00:00,34077.28571
2021-03-10 10:00:00+00:00,33485.4
2021-03-10 11:00:00+00:00,33277
2021-03-10 12:00:00+00:00,33133.71429
2021-03-10 13:00:00+00:00,32227
2021-03-10 14:00:00+00:00,31182
2021-03-10 15:00:00+00:00,30528.71429
2021-03-10 16:00:00+00:00,30248.4
2021-03-10 17:00:00+00:00,30439.83333
2021-03-10 18:00:00+00:00,32973.28571
2021-03-10 19:00:00+00:00,35064.4
2021-03-10 20:00:00+00:00,34146.83333
2021-03-10 21:00:00+00:00,31038.85714
2021-03-10 22:00:00+00:00,28039.4
2021-03-10 23:00:00+00:00,26107.5
2021-03-11 00:00:00+00:00,24327.85714
2021-03-11 01:00:00+00:00,23379.2
2021-03-11 02:00:00+00:00,23073.16667
2021-03-11 03:00:00+00:00,22947.57143
2021-03-11 04:00:00+00:00,23673.2
2021-03-11 05:00:00+00:00,26095.66667
2021-03-11 06:00:00+00:00,29912.85714
2021-03-11 07:00:00+00:00,32736
2021-03-11 08:00:00+00:00,33584.66667
2021-03-11 09:00:00+00:00,33548.28571
2021-03-11 10:00:00+00:00,33130.2
2021-03-11 11:00:00+00:00,32747.33333
2021-03-11 12:00:00+00:00,32591
2021-03-11 13:00:00+00:00,31624.6
2021-03-11 14:00:00+00:00,30677.66667
2021-03-11 15:00:00+00:00,30087.14286
2021-03-11 16:00:00+00:00,29753
2021-03-11 17:00:00+00:00,29738.5
2021-03-11 18:00:00+00:00,32174.57143
2021-03-11 19:00:00+00:00,34114.8
2021-03-11 20:00:00+00:00,33282.66667
2021-03-11 21:00:00+00:00,30543.71429
2021-03-11 22:00:00+00:00,27652.6
2021-03-11 23:00:00+00:00,25823.66667
2021-03-12 00:00:00+00:00,24073.85714
2021-03-12 01:00:00+00:00,23189.8
2021-03-12 02:00:00+00:00,22892.83333
2021-03-12 03:00:00+00:00,22797.71429
2021-03-12 04:00:00+00:00,23409.8
2021-03-12 05:00:00+00:00,25803.83333
2021-03-12 06:00:00+00:00,29396
2021-03-12 07:00:00+00:00,31890.2
2021-03-12 08:00:00+00:00,32777.83333
2021-03-12 09:00:00+00:00,33088.57143
2021-03-12 10:00:00+00:00,32883.8
2021-03-12 11:00:00+00:00,32683
2021-03-12 12:00:00+00:00,32539.28571
2021-03-12 13:00:00+00:00,31673.2
2021-03-12 14:00:00+00:00,30484.83333
2021-03-12 15:00:00+00:00,29628.71429
2021-03-12 16:00:00+00:00,29160
2021-03-12 17:00:00+00:00,29196.16667
2021-03-12 18:00:00+00:00,31122
2021-03-12 19:00:00+00:00,32663.2
2021-03-12 20:00:00+00:00,32057.5
2021-03-12 21:00:00+00:00,29719.71429
2021-03-12 22:00:00+00:00,27255.6
2021-03-12 23:00:00+00:00,25409.66667
2021-03-13 00:00:00+00:00,23815.42857
2021-03-13 01:00:00+00:00,22630.8
2021-03-13 02:00:00+00:00,22072.83333
2021-03-13 03:00:00+00:00,21927.57143
2021-03-13 04:00:00+00:00,21966.2
2021-03-13 05:00:00+00:00,22554
2021-03-13 06:00:00+00:00,23492.57143
2021-03-13 07:00:00+00:00,24991.8
2021-03-13 08:00:00+00:00,27071.5
2021-03-13 09:00:00+00:00,28063.42857
2021-03-13 10:00:00+00:00,28268.6
2021-03-13 11:00:00+00:00,27677.16667
2021-03-13 12:00:00+00:00,27736.71429
2021-03-13 13:00:00+00:00,27273.6
2021-03-13 14:00:00+00:00,26090.83333
2021-03-13 15:00:00+00:00,25313.71429
2021-03-13 16:00:00+00:00,24909.4
2021-03-13 17:00:00+00:00,25167.5
2021-03-13 18:00:00+00:00,27510.28571
2021-03-13 19:00:00+00:00,29598.6
2021-03-13 20:00:00+00:00,29877.5
2021-03-13 21:00:00+00:00,28130.71429
2021-03-13 22:00:00+00:00,25396
2021-03-13 23:00:00+00:00,23590.83333
2021-03-14 00:00:00+00:00,21793.14286
2021-03-14 01:00:00+00:00,20786.6
2021-03-14 02:00:00+00:00,20218.66667
2021-03-14 03:00:00+00:00,20062
2021-03-14 04:00:00+00:00,20071.4
2021-03-14 05:00:00+00:00,20472.5
2021-03-14 06:00:00+00:00,20579.71429
2021-03-14 07:00:00+00:00,21628.8
2021-03-14 08:00:00+00:00,23973.83333
2021-03-14 09:00:00+00:00,25812.28571
2021-03-14 10:00:00+00:00,26366.8
2021-03-14 11:00:00+00:00,26201
2021-03-14 12:00:00+00:00,26428.85714
2021-03-14 13:00:00+00:00,26298.4
2021-03-14 14:00:00+00:00,25040
2021-03-14 15:00:00+00:00,23969.42857
2021-03-14 16:00:00+00:00,23784
2021-03-14 17:00:00+00:00,24064.83333
2021-03-14 18:00:00+00:00,26644.42857
2021-03-14 19:00:00+00:00,29297
2021-03-14 20:00:00+00:00,29285.33333
2021-03-14 21:00:00+00:00,27567.57143
2021-03-14 22:00:00+00:00,25447.2
2021-03-14 23:00:00+00:00,23502.16667
2021-03-15 00:00:00+00:00,22100.42857
2021-03-15 01:00:00+00:00,21368
2021-03-15 02:00:00+00:00,21030.33333
2021-03-15 03:00:00+00:00,21189.71429
2021-03-15 04:00:00+00:00,22186
2021-03-15 05:00:00+00:00,25042.66667
2021-03-15 06:00:00+00:00,28960
2021-03-15 07:00:00+00:00,31839.6
2021-03-15 08:00:00+00:00,33022.33333
2021-03-15 09:00:00+00:00,33343.71429
2021-03-15 10:00:00+00:00,32962.4
2021-03-15 11:00:00+00:00,32843.83333
2021-03-15 12:00:00+00:00,32555.28571
2021-03-15 13:00:00+00:00,31744
2021-03-15 14:00:00+00:00,30705
2021-03-15 15:00:00+00:00,29747.85714
2021-03-15 16:00:00+00:00,29536
2021-03-15 17:00:00+00:00,29340
2021-03-15 18:00:00+00:00,31877.42857
2021-03-15 19:00:00+00:00,33979.8
2021-03-15 20:00:00+00:00,33085.33333
2021-03-15 21:00:00+00:00,30272.14286
2021-03-15 22:00:00+00:00,27484
2021-03-15 23:00:00+00:00,25645.16667
2021-03-16 00:00:00+00:00,24029
2021-03-16 01:00:00+00:00,23272.4
2021-03-16 02:00:00+00:00,22760.83333
2021-03-16 03:00:00+00:00,22815.42857
2021-03-16 04:00:00+00:00,23565.6
2021-03-16 05:00:00+00:00,25946.16667
2021-03-16 06:00:00+00:00,29459.71429
2021-03-16 07:00:00+00:00,31783
2021-03-16 08:00:00+00:00,32570
2021-03-16 09:00:00+00:00,33111.28571
2021-03-16 10:00:00+00:00,32954.2
2021-03-16 11:00:00+00:00,32649.5
2021-03-16 12:00:00+00:00,32385.28571
2021-03-16 13:00:00+00:00,31687.6
2021-03-16 14:00:00+00:00,30609.66667
2021-03-16 15:00:00+00:00,29699.42857
2021-03-16 16:00:00+00:00,29384.2
2021-03-16 17:00:00+00:00,29389.33333
2021-03-16 18:00:00+00:00,32013.28571
2021-03-16 19:00:00+00:00,34260.8
2021-03-16 20:00:00+00:00,33448.83333
2021-03-16 21:00:00+00:00,30461.85714
2021-03-16 22:00:00+00:00,27490.8
2021-03-16 23:00:00+00:00,25959
2021-03-17 00:00:00+00:00,24261.85714
2021-03-17 01:00:00+00:00,23463.4
2021-03-17 02:00:00+00:00,23136
2021-03-17 03:00:00+00:00,23006.42857
2021-03-17 04:00:00+00:00,23657.8
2021-03-17 05:00:00+00:00,25986
2021-03-17 06:00:00+00:00,29458.57143
2021-03-17 07:00:00+00:00,31991.4
2021-03-17 08:00:00+00:00,32722.5
2021-03-17 09:00:00+00:00,33060.14286
2021-03-17 10:00:00+00:00,32687.2
2021-03-17 11:00:00+00:00,32474.16667
2021-03-17 12:00:00+00:00,32339.85714
2021-03-17 13:00:00+00:00,31411.8
2021-03-17 14:00:00+00:00,30663.5
2021-03-17 15:00:00+00:00,29887.28571
2021-03-17 16:00:00+00:00,29542.4
2021-03-17 17:00:00+00:00,29341
2021-03-17 18:00:00+00:00,31563.28571
2021-03-17 19:00:00+00:00,33756
2021-03-17 20:00:00+00:00,33173
2021-03-17 21:00:00+00:00,30306.42857
2021-03-17 22:00:00+00:00,27469.6
2021-03-17 23:00:00+00:00,25897.83333
2021-03-18 00:00:00+00:00,24269
2021-03-18 01:00:00+00:00,23390
2021-03-18 02:00:00+00:00,22968.83333
2021-03-18 03:00:00+00:00,22974.71429
2021-03-18 04:00:00+00:00,23625.8
2021-03-18 05:00:00+00:00,25946.83333
2021-03-18 06:00:00+00:00,29411.71429
2021-03-18 07:00:00+00:00,31789.2
2021-03-18 08:00:00+00:00,32636.83333
2021-03-18 09:00:00+00:00,32991.14286
2021-03-18 10:00:00+00:00,33240.8
2021-03-18 11:00:00+00:00,33313
2021-03-18 12:00:00+00:00,33207.28571
2021-03-18 13:00:00+00:00,32341
2021-03-18 14:00:00+00:00,31226.16667
2021-03-18 15:00:00+00:00,30617.42857
2021-03-18 16:00:00+00:00,30408.4
2021-03-18 17:00:00+00:00,30483.33333
2021-03-18 18:00:00+00:00,32328.14286
2021-03-18 19:00:00+00:00,34221.6
2021-03-18 20:00:00+00:00,33461
2021-03-18 21:00:00+00:00,30558.28571
2021-03-18 22:00:00+00:00,27763
2021-03-18 23:00:00+00:00,26028.5
2021-03-19 00:00:00+00:00,24256.85714
2021-03-19 01:00:00+00:00,23312.6
2021-03-19 02:00:00+00:00,22970.33333
2021-03-19 03:00:00+00:00,22668.42857
2021-03-19 04:00:00+00:00,23081
2021-03-19 05:00:00+00:00,24277.83333
2021-03-19 06:00:00+00:00,26437.85714
2021-03-19 07:00:00+00:00,28560.6
2021-03-19 08:00:00+00:00,30292.83333
2021-03-19 09:00:00+00:00,31301.42857
2021-03-19 10:00:00+00:00,31374
2021-03-19 11:00:00+00:00,31555.5
2021-03-19 12:00:00+00:00,31580.85714
2021-03-19 13:00:00+00:00,30433.4
2021-03-19 14:00:00+00:00,29326
2021-03-19 15:00:00+00:00,28568.14286
2021-03-19 16:00:00+00:00,28245.6
2021-03-19 17:00:00+00:00,28241.66667
2021-03-19 18:00:00+00:00,30053.85714
2021-03-19 19:00:00+00:00,31960
2021-03-19 20:00:00+00:00,31647.16667
2021-03-19 21:00:00+00:00,29832
2021-03-19 22:00:00+00:00,27349.2
2021-03-19 23:00:00+00:00,25622
2021-03-20 00:00:00+00:00,23814
2021-03-20 01:00:00+00:00,22658
2021-03-20 02:00:00+00:00,22029.33333
2021-03-20 03:00:00+00:00,21922
2021-03-20 04:00:00+00:00,21914.2
2021-03-20 05:00:00+00:00,22604
2021-03-20 06:00:00+00:00,23310.71429
2021-03-20 07:00:00+00:00,25469.2
2021-03-20 08:00:00+00:00,27786.33333
2021-03-20 09:00:00+00:00,29392.57143
2021-03-20 10:00:00+00:00,29791.6
2021-03-20 11:00:00+00:00,29496.66667
2021-03-20 12:00:00+00:00,29619.28571
2021-03-20 13:00:00+00:00,29182
2021-03-20 14:00:00+00:00,27738.5
2021-03-20 15:00:00+00:00,26804.71429
2021-03-20 16:00:00+00:00,26505.4
2021-03-20 17:00:00+00:00,26510
2021-03-20 18:00:00+00:00,28614.71429
2021-03-20 19:00:00+00:00,30866.2
2021-03-20 20:00:00+00:00,31080.16667
2021-03-20 21:00:00+00:00,29390.71429
2021-03-20 22:00:00+00:00,26981.6
2021-03-20 23:00:00+00:00,24883.16667
2021-03-21 00:00:00+00:00,22821.14286
2021-03-21 01:00:00+00:00,21618.2
2021-03-21 02:00:00+00:00,21114.33333
2021-03-21 03:00:00+00:00,20955
2021-03-21 04:00:00+00:00,20988.6
2021-03-21 05:00:00+00:00,21296.5
2021-03-21 06:00:00+00:00,21415.42857
2021-03-21 07:00:00+00:00,22822.2
2021-03-21 08:00:00+00:00,24928.16667
2021-03-21 09:00:00+00:00,26740
2021-03-21 10:00:00+00:00,27233.6
2021-03-21 11:00:00+00:00,27039.66667
2021-03-21 12:00:00+00:00,27363.42857
2021-03-21 13:00:00+00:00,27019.2
2021-03-21 14:00:00+00:00,25634.5
2021-03-21 15:00:00+00:00,24792.57143
2021-03-21 16:00:00+00:00,24483.6
2021-03-21 17:00:00+00:00,24705
2021-03-21 18:00:00+00:00,27456
2021-03-21 19:00:00+00:00,30349.8
2021-03-21 20:00:00+00:00,30435.83333
2021-03-21 21:00:00+00:00,28658.85714
2021-03-21 22:00:00+00:00,26360.6
2021-03-21 23:00:00+00:00,24506.16667
2021-03-22 00:00:00+00:00,22758.85714
2021-03-22 01:00:00+00:00,21942.8
2021-03-22 02:00:00+00:00,21481.16667
2021-03-22 03:00:00+00:00,21512.85714
2021-03-22 04:00:00+00:00,22442.2
2021-03-22 05:00:00+00:00,25310.83333
2021-03-22 06:00:00+00:00,29112.28571
2021-03-22 07:00:00+00:00,32254.2
2021-03-22 08:00:00+00:00,33239
2021-03-22 09:00:00+00:00,33741.85714
2021-03-22 10:00:00+00:00,33534.4
2021-03-22 11:00:00+00:00,33387.66667
2021-03-22 12:00:00+00:00,33193.42857
2021-03-22 13:00:00+00:00,32217.2
2021-03-22 14:00:00+00:00,31237
2021-03-22 15:00:00+00:00,30462.42857
2021-03-22 16:00:00+00:00,30149.6
2021-03-22 17:00:00+00:00,30050.5
2021-03-22 18:00:00+00:00,32306
2021-03-22 19:00:00+00:00,34740.8
2021-03-22 20:00:00+00:00,34069.5
2021-03-22 21:00:00+00:00,31014.71429
2021-03-22 22:00:00+00:00,28025.6
2021-03-22 23:00:00+00:00,26140.83333
2021-03-23 00:00:00+00:00,24381.28571
2021-03-23 01:00:00+00:00,23329.2
2021-03-23 02:00:00+00:00,23192.5
2021-03-23 03:00:00+00:00,23014
2021-03-23 04:00:00+00:00,23709.4
2021-03-23 05:00:00+00:00,26198
2021-03-23 06:00:00+00:00,29855.42857
2021-03-23 07:00:00+00:00,32477.6
2021-03-23 08:00:00+00:00,33306.66667
2021-03-23 09:00:00+00:00,33477.71429
2021-03-23 10:00:00+00:00,33194.6
2021-03-23 11:00:00+00:00,33010.66667
2021-03-23 12:00:00+00:00,32466.71429
2021-03-23 13:00:00+00:00,31586.8
2021-03-23 14:00:00+00:00,30732.83333
2021-03-23 15:00:00+00:00,29876
2021-03-23 16:00:00+00:00,29667
2021-03-23 17:00:00+00:00,29744
2021-03-23 18:00:00+00:00,31779.28571
2021-03-23 19:00:00+00:00,34248.8
2021-03-23 20:00:00+00:00,33515.33333
2021-03-23 21:00:00+00:00,30650.42857
2021-03-23 22:00:00+00:00,27743
2021-03-23 23:00:00+00:00,25968.5
2021-03-24 00:00:00+00:00,24300.14286
2021-03-24 01:00:00+00:00,23303.2
2021-03-24 02:00:00+00:00,22892.5
2021-03-24 03:00:00+00:00,22955.28571
2021-03-24 04:00:00+00:00,23605.6
2021-03-24 05:00:00+00:00,25809.16667
2021-03-24 06:00:00+00:00,29249
2021-03-24 07:00:00+00:00,31874.2
2021-03-24 08:00:00+00:00,32649.16667
2021-03-24 09:00:00+00:00,32980.57143
2021-03-24 10:00:00+00:00,32675.8
2021-03-24 11:00:00+00:00,32694
2021-03-24 12:00:00+00:00,32178
2021-03-24 13:00:00+00:00,31353
2021-03-24 14:00:00+00:00,30428.5
2021-03-24 15:00:00+00:00,29774.28571
2021-03-24 16:00:00+00:00,29577.2
2021-03-24 17:00:00+00:00,29478.66667
2021-03-24 18:00:00+00:00,31504
2021-03-24 19:00:00+00:00,33923.2
2021-03-24 20:00:00+00:00,33238.16667
2021-03-24 21:00:00+00:00,30252.14286
2021-03-24 22:00:00+00:00,27401.6
2021-03-24 23:00:00+00:00,25848.5
2021-03-25 00:00:00+00:00,24111.71429
2021-03-25 01:00:00+00:00,23258.2
2021-03-25 02:00:00+00:00,22989.16667
2021-03-25 03:00:00+00:00,22816.28571
2021-03-25 04:00:00+00:00,23411
2021-03-25 05:00:00+00:00,25750.33333
2021-03-25 06:00:00+00:00,29068.57143
2021-03-25 07:00:00+00:00,31538.4
2021-03-25 08:00:00+00:00,32195.5
2021-03-25 09:00:00+00:00,32311.85714
2021-03-25 10:00:00+00:00,32027.4
2021-03-25 11:00:00+00:00,31768.83333
2021-03-25 12:00:00+00:00,31507.85714
2021-03-25 13:00:00+00:00,30777.8
2021-03-25 14:00:00+00:00,29805.5
2021-03-25 15:00:00+00:00,29174.14286
2021-03-25 16:00:00+00:00,28963.4
2021-03-25 17:00:00+00:00,29180.83333
2021-03-25 18:00:00+00:00,30875.42857
2021-03-25 19:00:00+00:00,33325.8
2021-03-25 20:00:00+00:00,32745.5
2021-03-25 21:00:00+00:00,30140.42857
2021-03-25 22:00:00+00:00,27444
2021-03-25 23:00:00+00:00,25679.33333
2021-03-26 00:00:00+00:00,23963.57143
2021-03-26 01:00:00+00:00,23083
2021-03-26 02:00:00+00:00,22690.66667
2021-03-26 03:00:00+00:00,22655.57143
2021-03-26 04:00:00+00:00,23213.6
2021-03-26 05:00:00+00:00,25421.33333
2021-03-26 06:00:00+00:00,28603
2021-03-26 07:00:00+00:00,31007
2021-03-26 08:00:00+00:00,32052.66667
2021-03-26 09:00:00+00:00,32160.85714
2021-03-26 10:00:00+00:00,31998.4
2021-03-26 11:00:00+00:00,31779.16667
2021-03-26 12:00:00+00:00,31509.14286
2021-03-26 13:00:00+00:00,30661.4
2021-03-26 14:00:00+00:00,29785.5
2021-03-26 15:00:00+00:00,29202.85714
2021-03-26 16:00:00+00:00,28788
2021-03-26 17:00:00+00:00,28674.83333
2021-03-26 18:00:00+00:00,30408.14286
2021-03-26 19:00:00+00:00,32349.2
2021-03-26 20:00:00+00:00,31978.33333
2021-03-26 21:00:00+00:00,29376.57143
2021-03-26 22:00:00+00:00,27177.4
2021-03-26 23:00:00+00:00,25522
2021-03-27 00:00:00+00:00,23930.71429
2021-03-27 01:00:00+00:00,22960
2021-03-27 02:00:00+00:00,22417.66667
2021-03-27 03:00:00+00:00,22054.57143
2021-03-27 04:00:00+00:00,22101.4
2021-03-27 05:00:00+00:00,22602.16667
2021-03-27 06:00:00+00:00,23407.85714
2021-03-27 07:00:00+00:00,25320.8
2021-03-27 08:00:00+00:00,27180
2021-03-27 09:00:00+00:00,28567.14286
2021-03-27 10:00:00+00:00,28793
2021-03-27 11:00:00+00:00,28329.33333
2021-03-27 12:00:00+00:00,28272.14286
2021-03-27 13:00:00+00:00,27740.6
2021-03-27 14:00:00+00:00,26414.33333
2021-03-27 15:00:00+00:00,25451.14286
2021-03-27 16:00:00+00:00,24789.6
2021-03-27 17:00:00+00:00,24687.33333
2021-03-27 18:00:00+00:00,26542.28571
2021-03-27 19:00:00+00:00,28672.2
2021-03-27 20:00:00+00:00,29035.33333
2021-03-27 21:00:00+00:00,27329.42857
2021-03-27 22:00:00+00:00,25232
2021-03-27 23:00:00+00:00,23358.5
2021-03-28 00:00:00+00:00,21697.85714
2021-03-28 01:00:00+00:00,20935.6
2021-03-28 02:00:00+00:00,20312.33333
2021-03-28 03:00:00+00:00,20073.85714
2021-03-28 04:00:00+00:00,20561.2
2021-03-28 05:00:00+00:00,21061.66667
2021-03-28 06:00:00+00:00,21226.14286
2021-03-28 07:00:00+00:00,22913.8
2021-03-28 08:00:00+00:00,24715.5
2021-03-28 09:00:00+00:00,25743.14286
2021-03-28 10:00:00+00:00,25849
2021-03-28 11:00:00+00:00,25704.83333
2021-03-28 12:00:00+00:00,25556.28571
2021-03-28 13:00:00+00:00,24348
2021-03-28 14:00:00+00:00,23517.66667
2021-03-28 15:00:00+00:00,22954.71429
2021-03-28 16:00:00+00:00,22802.6
2021-03-28 17:00:00+00:00,23424.16667
2021-03-28 18:00:00+00:00,25864
2021-03-28 19:00:00+00:00,28485.4
2021-03-28 20:00:00+00:00,27501
2021-03-28 21:00:00+00:00,25593.28571
2021-03-28 22:00:00+00:00,23799.2
2021-03-28 23:00:00+00:00,22382.5
2021-03-29 00:00:00+00:00,21334.85714
2021-03-29 01:00:00+00:00,20861.4
2021-03-29 02:00:00+00:00,20863.5
2021-03-29 03:00:00+00:00,21585.14286
2021-03-29 04:00:00+00:00,24261.4
2021-03-29 05:00:00+00:00,27334.66667
2021-03-29 06:00:00+00:00,29426.57143
2021-03-29 07:00:00+00:00,31136.6
2021-03-29 08:00:00+00:00,31658
2021-03-29 09:00:00+00:00,31400
2021-03-29 10:00:00+00:00,31377
2021-03-29 11:00:00+00:00,31253
2021-03-29 12:00:00+00:00,30607.42857
2021-03-29 13:00:00+00:00,29519.4
2021-03-29 14:00:00+00:00,28924.83333
2021-03-29 15:00:00+00:00,28459.85714
2021-03-29 16:00:00+00:00,28005.6
2021-03-29 17:00:00+00:00,28112.83333
2021-03-29 18:00:00+00:00,30228.71429
2021-03-29 19:00:00+00:00,31841.6
2021-03-29 20:00:00+00:00,29577
2021-03-29 21:00:00+00:00,26773.57143
2021-03-29 22:00:00+00:00,25374.6
2021-03-29 23:00:00+00:00,23880.5
2021-03-30 00:00:00+00:00,22716.57143
2021-03-30 01:00:00+00:00,22356.8
2021-03-30 02:00:00+00:00,22124.83333
2021-03-30 03:00:00+00:00,22547
2021-03-30 04:00:00+00:00,24708.8
2021-03-30 05:00:00+00:00,27385.83333
2021-03-30 06:00:00+00:00,29240.57143
2021-03-30 07:00:00+00:00,30716.4
2021-03-30 08:00:00+00:00,31246.5
2021-03-30 09:00:00+00:00,31281.14286
2021-03-30 10:00:00+00:00,31423.8
2021-03-30 11:00:00+00:00,31195.33333
2021-03-30 12:00:00+00:00,30300.42857
2021-03-30 13:00:00+00:00,29085.6
2021-03-30 14:00:00+00:00,28373.5
2021-03-30 15:00:00+00:00,27903.14286
2021-03-30 16:00:00+00:00,27616.6
2021-03-30 17:00:00+00:00,27899.16667
2021-03-30 18:00:00+00:00,29928
2021-03-30 19:00:00+00:00,31276.4
2021-03-30 20:00:00+00:00,29170.66667
2021-03-30 21:00:00+00:00,26659.57143
2021-03-30 22:00:00+00:00,25014.4
2021-03-30 23:00:00+00:00,23528.83333
2021-03-31 00:00:00+00:00,22380.57143
2021-03-31 01:00:00+00:00,22102.6
2021-03-31 02:00:00+00:00,21865.33333
2021-03-31 03:00:00+00:00,22167.71429
2021-03-31 04:00:00+00:00,24601.2
2021-03-31 05:00:00+00:00,27267.5
2021-03-31 06:00:00+00:00,28993.14286
2021-03-31 07:00:00+00:00,30379.2
2021-03-31 08:00:00+00:00,30629.33333
2021-03-31 09:00:00+00:00,30711
2021-03-31 10:00:00+00:00,30482
2021-03-31 11:00:00+00:00,30329.66667
2021-03-31 12:00:00+00:00,29509.14286
2021-03-31 13:00:00+00:00,28381
2021-03-31 14:00:00+00:00,27899.66667
2021-03-31 15:00:00+00:00,27403.85714
2021-03-31 16:00:00+00:00,26932.4
2021-03-31 17:00:00+00:00,26943.66667
2021-03-31 18:00:00+00:00,28583.71429
2021-03-31 19:00:00+00:00,30312.2
2021-03-31 20:00:00+00:00,27981.66667
2021-03-31 21:00:00+00:00,25516.28571
2021-03-31 22:00:00+00:00,24032.8
2021-03-31 23:00:00+00:00,22554.83333
2021-04-01 00:00:00+00:00,21394.85714
2021-04-01 01:00:00+00:00,20764
2021-04-01 02:00:00+00:00,20540.33333
2021-04-01 03:00:00+00:00,20545
2021-04-01 04:00:00+00:00,21395.6
2021-04-01 05:00:00+00:00,22455
2021-04-01 06:00:00+00:00,23253.85714
2021-04-01 07:00:00+00:00,25258.2
2021-04-01 08:00:00+00:00,26320.83333
2021-04-01 09:00:00+00:00,26655.42857
2021-04-01 10:00:00+00:00,26648
2021-04-01 11:00:00+00:00,26736.83333
2021-04-01 12:00:00+00:00,26153.57143
2021-04-01 13:00:00+00:00,24804
2021-04-01 14:00:00+00:00,23864.66667
2021-04-01 15:00:00+00:00,23315
2021-04-01 16:00:00+00:00,23144
2021-04-01 17:00:00+00:00,23396
2021-04-01 18:00:00+00:00,25200.85714
2021-04-01 19:00:00+00:00,27461.2
2021-04-01 20:00:00+00:00,26028.16667
2021-04-01 21:00:00+00:00,23802.28571
2021-04-01 22:00:00+00:00,22224.6
2021-04-01 23:00:00+00:00,20847.33333
2021-04-02 00:00:00+00:00,19776
2021-04-02 01:00:00+00:00,19212.2
2021-04-02 02:00:00+00:00,18935
2021-04-02 03:00:00+00:00,18915
2021-04-02 04:00:00+00:00,19392
2021-04-02 05:00:00+00:00,19998
2021-04-02 06:00:00+00:00,20268.28571
2021-04-02 07:00:00+00:00,22068.8
2021-04-02 08:00:00+00:00,23541
2021-04-02 09:00:00+00:00,24187.28571
2021-04-02 10:00:00+00:00,24354.2
2021-04-02 11:00:00+00:00,24418.16667
2021-04-02 12:00:00+00:00,23989.28571
2021-04-02 13:00:00+00:00,22636.2
2021-04-02 14:00:00+00:00,21897.66667
2021-04-02 15:00:00+00:00,21431.71429
2021-04-02 16:00:00+00:00,21472.8
2021-04-02 17:00:00+00:00,21652.5
2021-04-02 18:00:00+00:00,23811.57143
2021-04-02 19:00:00+00:00,26061
2021-04-02 20:00:00+00:00,25166.66667
2021-04-02 21:00:00+00:00,23058.57143
2021-04-02 22:00:00+00:00,21725.6
2021-04-02 23:00:00+00:00,20467
2021-04-03 00:00:00+00:00,19466.14286
2021-04-03 01:00:00+00:00,19094.6
2021-04-03 02:00:00+00:00,18856.16667
2021-04-03 03:00:00+00:00,19052.85714
2021-04-03 04:00:00+00:00,19803.6
2021-04-03 05:00:00+00:00,20606.66667
2021-04-03 06:00:00+00:00,21662.71429
2021-04-03 07:00:00+00:00,23796.8
2021-04-03 08:00:00+00:00,25175.33333
2021-04-03 09:00:00+00:00,25596.14286
2021-04-03 10:00:00+00:00,25453
2021-04-03 11:00:00+00:00,25485.5
2021-04-03 12:00:00+00:00,25177.14286
2021-04-03 13:00:00+00:00,23818.2
2021-04-03 14:00:00+00:00,23128.5
2021-04-03 15:00:00+00:00,22712.28571
2021-04-03 16:00:00+00:00,22771
2021-04-03 17:00:00+00:00,23033
2021-04-03 18:00:00+00:00,24662.71429
2021-04-03 19:00:00+00:00,27068.8
2021-04-03 20:00:00+00:00,25678.66667
2021-04-03 21:00:00+00:00,23485.57143
2021-04-03 22:00:00+00:00,21779
2021-04-03 23:00:00+00:00,20336.83333
2021-04-04 00:00:00+00:00,19379.42857
2021-04-04 01:00:00+00:00,18815.2
2021-04-04 02:00:00+00:00,18571.5
2021-04-04 03:00:00+00:00,18513.28571
2021-04-04 04:00:00+00:00,18983.6
2021-04-04 05:00:00+00:00,19282.5
2021-04-04 06:00:00+00:00,19670.42857
2021-04-04 07:00:00+00:00,21621.8
2021-04-04 08:00:00+00:00,23308
2021-04-04 09:00:00+00:00,23986.71429
2021-04-04 10:00:00+00:00,23919.4
2021-04-04 11:00:00+00:00,24026
2021-04-04 12:00:00+00:00,23811.42857
2021-04-04 13:00:00+00:00,22399.8
2021-04-04 14:00:00+00:00,21764.66667
2021-04-04 15:00:00+00:00,21195.57143
2021-04-04 16:00:00+00:00,21221.6
2021-04-04 17:00:00+00:00,21752.33333
2021-04-04 18:00:00+00:00,23738.85714
2021-04-04 19:00:00+00:00,26342
2021-04-04 20:00:00+00:00,25287.5
2021-04-04 21:00:00+00:00,23152.28571
2021-04-04 22:00:00+00:00,21636
2021-04-04 23:00:00+00:00,20199.33333
2021-04-05 00:00:00+00:00,19350
2021-04-05 01:00:00+00:00,18866.8
2021-04-05 02:00:00+00:00,18754.5
2021-04-05 03:00:00+00:00,19076.71429
2021-04-05 04:00:00+00:00,20673.4
2021-04-05 05:00:00+00:00,22738
2021-04-05 06:00:00+00:00,24271.85714
2021-04-05 07:00:00+00:00,26055
2021-04-05 08:00:00+00:00,26482.66667
2021-04-05 09:00:00+00:00,26461.71429
2021-04-05 10:00:00+00:00,26433.2
2021-04-05 11:00:00+00:00,26452.66667
2021-04-05 12:00:00+00:00,26145.71429
2021-04-05 13:00:00+00:00,24966.4
2021-04-05 14:00:00+00:00,24463.16667
2021-04-05 15:00:00+00:00,24156.85714
2021-04-05 16:00:00+00:00,24117.6
2021-04-05 17:00:00+00:00,24511.83333
2021-04-05 18:00:00+00:00,26478.42857
2021-04-05 19:00:00+00:00,28896.2
2021-04-05 20:00:00+00:00,26997.33333
2021-04-05 21:00:00+00:00,24394.85714
2021-04-05 22:00:00+00:00,22822.2
2021-04-05 23:00:00+00:00,21697.33333
2021-04-06 00:00:00+00:00,20972.57143
2021-04-06 01:00:00+00:00,20525.4
2021-04-06 02:00:00+00:00,20538
2021-04-06 03:00:00+00:00,21209.71429
2021-04-06 04:00:00+00:00,23628.4
2021-04-06 05:00:00+00:00,26720.83333
2021-04-06 06:00:00+00:00,28885.42857
2021-04-06 07:00:00+00:00,30149
2021-04-06 08:00:00+00:00,30398.5
2021-04-06 09:00:00+00:00,30525.14286
2021-04-06 10:00:00+00:00,30547.2
2021-04-06 11:00:00+00:00,30633.33333
2021-04-06 12:00:00+00:00,29962
2021-04-06 13:00:00+00:00,28834.6
2021-04-06 14:00:00+00:00,28287.33333
2021-04-06 15:00:00+00:00,28047.14286
2021-04-06 16:00:00+00:00,28033.2
2021-04-06 17:00:00+00:00,28168
2021-04-06 18:00:00+00:00,30033
2021-04-06 19:00:00+00:00,31675
2021-04-06 20:00:00+00:00,28909.83333
2021-04-06 21:00:00+00:00,26178.85714
2021-04-06 22:00:00+00:00,24665.4
2021-04-06 23:00:00+00:00,23333
2021-04-07 00:00:00+00:00,22529.57143
2021-04-07 01:00:00+00:00,22064.4
2021-04-07 02:00:00+00:00,22059.5
2021-04-07 03:00:00+00:00,22617.71429
2021-04-07 04:00:00+00:00,24939.6
2021-04-07 05:00:00+00:00,27900
2021-04-07 06:00:00+00:00,29964.28571
2021-04-07 07:00:00+00:00,31331.6
2021-04-07 08:00:00+00:00,31419.66667
2021-04-07 09:00:00+00:00,31489.57143
2021-04-07 10:00:00+00:00,31726.4
2021-04-07 11:00:00+00:00,31534.33333
2021-04-07 12:00:00+00:00,30587.42857
2021-04-07 13:00:00+00:00,29397.6
2021-04-07 14:00:00+00:00,28969.33333
2021-04-07 15:00:00+00:00,28746.14286
2021-04-07 16:00:00+00:00,28876.2
2021-04-07 17:00:00+00:00,29130.33333
2021-04-07 18:00:00+00:00,30858.42857
2021-04-07 19:00:00+00:00,32228.8
2021-04-07 20:00:00+00:00,29588.33333
2021-04-07 21:00:00+00:00,26747.57143
2021-04-07 22:00:00+00:00,25225.6
2021-04-07 23:00:00+00:00,23906.33333
2021-04-08 00:00:00+00:00,22796.28571
2021-04-08 01:00:00+00:00,22508.8
2021-04-08 02:00:00+00:00,22465.5
2021-04-08 03:00:00+00:00,22875.85714
2021-04-08 04:00:00+00:00,25381.6
2021-04-08 05:00:00+00:00,28571
2021-04-08 06:00:00+00:00,30452
2021-04-08 07:00:00+00:00,31913
2021-04-08 08:00:00+00:00,31946.83333
2021-04-08 09:00:00+00:00,32072.71429
2021-04-08 10:00:00+00:00,32132.4
2021-04-08 11:00:00+00:00,31856.83333
2021-04-08 12:00:00+00:00,30581.57143
2021-04-08 13:00:00+00:00,29374.6
2021-04-08 14:00:00+00:00,29019.16667
2021-04-08 15:00:00+00:00,28651.14286
2021-04-08 16:00:00+00:00,28432.4
2021-04-08 17:00:00+00:00,28821.66667
2021-04-08 18:00:00+00:00,30712.14286
2021-04-08 19:00:00+00:00,32261.8
2021-04-08 20:00:00+00:00,29659.66667
2021-04-08 21:00:00+00:00,26635.14286
2021-04-08 22:00:00+00:00,25004
2021-04-08 23:00:00+00:00,23686.16667
2021-04-09 00:00:00+00:00,22766.14286
2021-04-09 01:00:00+00:00,22404.4
2021-04-09 02:00:00+00:00,22222.83333
2021-04-09 03:00:00+00:00,22653.28571
2021-04-09 04:00:00+00:00,25137.8
2021-04-09 05:00:00+00:00,27957.5
2021-04-09 06:00:00+00:00,30097
2021-04-09 07:00:00+00:00,31678
2021-04-09 08:00:00+00:00,32259.66667
2021-04-09 09:00:00+00:00,32598
2021-04-09 10:00:00+00:00,32682.4
2021-04-09 11:00:00+00:00,32538.83333
2021-04-09 12:00:00+00:00,31545.85714
2021-04-09 13:00:00+00:00,30321.8
2021-04-09 14:00:00+00:00,29467.5
2021-04-09 15:00:00+00:00,28972.57143
2021-04-09 16:00:00+00:00,28701.4
2021-04-09 17:00:00+00:00,28783.5
2021-04-09 18:00:00+00:00,30130.28571
2021-04-09 19:00:00+00:00,31348.2
2021-04-09 20:00:00+00:00,28930.33333
2021-04-09 21:00:00+00:00,26484.42857
2021-04-09 22:00:00+00:00,24982
2021-04-09 23:00:00+00:00,23559
2021-04-10 00:00:00+00:00,22276.42857
2021-04-10 01:00:00+00:00,21811
2021-04-10 02:00:00+00:00,21542
2021-04-10 03:00:00+00:00,21360.57143
2021-04-10 04:00:00+00:00,21875.6
2021-04-10 05:00:00+00:00,22603.16667
2021-04-10 06:00:00+00:00,23753.57143
2021-04-10 07:00:00+00:00,26332.8
2021-04-10 08:00:00+00:00,27907.5
2021-04-10 09:00:00+00:00,28545.85714
2021-04-10 10:00:00+00:00,28852.8
2021-04-10 11:00:00+00:00,28952.83333
2021-04-10 12:00:00+00:00,28160
2021-04-10 13:00:00+00:00,26568
2021-04-10 14:00:00+00:00,25405
2021-04-10 15:00:00+00:00,24874
2021-04-10 16:00:00+00:00,24647.6
2021-04-10 17:00:00+00:00,25061.5
2021-04-10 18:00:00+00:00,26865.85714
2021-04-10 19:00:00+00:00,28885
2021-04-10 20:00:00+00:00,27181.16667
2021-04-10 21:00:00+00:00,24780.71429
2021-04-10 22:00:00+00:00,22946.4
2021-04-10 23:00:00+00:00,21512.83333
2021-04-11 00:00:00+00:00,20242
2021-04-11 01:00:00+00:00,19756.8
2021-04-11 02:00:00+00:00,19501.5
2021-04-11 03:00:00+00:00,19460.14286
2021-04-11 04:00:00+00:00,19819.8
2021-04-11 05:00:00+00:00,20084
2021-04-11 06:00:00+00:00,20740.57143
2021-04-11 07:00:00+00:00,22913.2
2021-04-11 08:00:00+00:00,24667.33333
2021-04-11 09:00:00+00:00,25805.42857
2021-04-11 10:00:00+00:00,26105.2
2021-04-11 11:00:00+00:00,26513.16667
2021-04-11 12:00:00+00:00,26439
2021-04-11 13:00:00+00:00,24744.4
2021-04-11 14:00:00+00:00,23569.16667
2021-04-11 15:00:00+00:00,23192.42857
2021-04-11 16:00:00+00:00,23393.8
2021-04-11 17:00:00+00:00,23957.5
2021-04-11 18:00:00+00:00,25836.42857
2021-04-11 19:00:00+00:00,28288.4
2021-04-11 20:00:00+00:00,26883.83333
2021-04-11 21:00:00+00:00,24769.14286
2021-04-11 22:00:00+00:00,23141
2021-04-11 23:00:00+00:00,21793.16667
2021-04-12 00:00:00+00:00,20895.71429
2021-04-12 01:00:00+00:00,20586.4
2021-04-12 02:00:00+00:00,20586.66667
2021-04-12 03:00:00+00:00,21321.85714
2021-04-12 04:00:00+00:00,24046.8
2021-04-12 05:00:00+00:00,27159.16667
2021-04-12 06:00:00+00:00,29567.85714
2021-04-12 07:00:00+00:00,31008.4
2021-04-12 08:00:00+00:00,31390.83333
2021-04-12 09:00:00+00:00,31393.57143
2021-04-12 10:00:00+00:00,31427.4
2021-04-12 11:00:00+00:00,31214.33333
2021-04-12 12:00:00+00:00,30443.85714
2021-04-12 13:00:00+00:00,29505
2021-04-12 14:00:00+00:00,28772.5
2021-04-12 15:00:00+00:00,28324
2021-04-12 16:00:00+00:00,28025.8
2021-04-12 17:00:00+00:00,28483.66667
2021-04-12 18:00:00+00:00,30041.71429
2021-04-12 19:00:00+00:00,31869.6
2021-04-12 20:00:00+00:00,29506.33333
2021-04-12 21:00:00+00:00,26608.28571
2021-04-12 22:00:00+00:00,24736
2021-04-12 23:00:00+00:00,23475.66667
2021-04-13 00:00:00+00:00,22560.14286
2021-04-13 01:00:00+00:00,22361.6
2021-04-13 02:00:00+00:00,22164.16667
2021-04-13 03:00:00+00:00,22836.85714
2021-04-13 04:00:00+00:00,25348.2
2021-04-13 05:00:00+00:00,28447.33333
2021-04-13 06:00:00+00:00,30723.28571
2021-04-13 07:00:00+00:00,31756.8
2021-04-13 08:00:00+00:00,32565.66667
2021-04-13 09:00:00+00:00,32710.85714
2021-04-13 10:00:00+00:00,32699.8
2021-04-13 11:00:00+00:00,32442
2021-04-13 12:00:00+00:00,31257.71429
2021-04-13 13:00:00+00:00,30160.6
2021-04-13 14:00:00+00:00,29689.5
2021-04-13 15:00:00+00:00,29420.42857
2021-04-13 16:00:00+00:00,29291.4
2021-04-13 17:00:00+00:00,29739.5
2021-04-13 18:00:00+00:00,31393.42857
2021-04-13 19:00:00+00:00,32542.6
2021-04-13 20:00:00+00:00,29699
2021-04-13 21:00:00+00:00,26925.71429
2021-04-13 22:00:00+00:00,25270.4
2021-04-13 23:00:00+00:00,23929.16667
2021-04-14 00:00:00+00:00,22844.71429
2021-04-14 01:00:00+00:00,22514.2
2021-04-14 02:00:00+00:00,22321.83333
2021-04-14 03:00:00+00:00,22969
2021-04-14 04:00:00+00:00,25592.8
2021-04-14 05:00:00+00:00,28601.33333
2021-04-14 06:00:00+00:00,30631.14286
2021-04-14 07:00:00+00:00,31689.4
2021-04-14 08:00:00+00:00,31895.16667
2021-04-14 09:00:00+00:00,32076.42857
2021-04-14 10:00:00+00:00,32216.2
2021-04-14 11:00:00+00:00,31760.5
2021-04-14 12:00:00+00:00,30634.42857
2021-04-14 13:00:00+00:00,29632.6
2021-04-14 14:00:00+00:00,29301.5
2021-04-14 15:00:00+00:00,28940.14286
2021-04-14 16:00:00+00:00,28872.6
2021-04-14 17:00:00+00:00,29509.16667
2021-04-14 18:00:00+00:00,31241.14286
2021-04-14 19:00:00+00:00,32521.6
2021-04-14 20:00:00+00:00,29576.16667
2021-04-14 21:00:00+00:00,26771.71429
2021-04-14 22:00:00+00:00,25118.6
2021-04-14 23:00:00+00:00,23930.16667
2021-04-15 00:00:00+00:00,22995.85714
2021-04-15 01:00:00+00:00,22752
2021-04-15 02:00:00+00:00,22527
2021-04-15 03:00:00+00:00,23147.71429
2021-04-15 04:00:00+00:00,25617.4
2021-04-15 05:00:00+00:00,28230.33333
2021-04-15 06:00:00+00:00,30370.57143
2021-04-15 07:00:00+00:00,31783
2021-04-15 08:00:00+00:00,32291.33333
2021-04-15 09:00:00+00:00,32520.14286
2021-04-15 10:00:00+00:00,32319.2
2021-04-15 11:00:00+00:00,32310.66667
2021-04-15 12:00:00+00:00,31263.71429
2021-04-15 13:00:00+00:00,30248.8
2021-04-15 14:00:00+00:00,29727.16667
2021-04-15 15:00:00+00:00,29277.57143
2021-04-15 16:00:00+00:00,29108.6
2021-04-15 17:00:00+00:00,29680.66667
2021-04-15 18:00:00+00:00,31358.57143
2021-04-15 19:00:00+00:00,32510.8
2021-04-15 20:00:00+00:00,29891.33333
2021-04-15 21:00:00+00:00,27036
2021-04-15 22:00:00+00:00,25348.8
2021-04-15 23:00:00+00:00,24125.83333
2021-04-16 00:00:00+00:00,23038.57143
2021-04-16 01:00:00+00:00,22687.4
2021-04-16 02:00:00+00:00,22550.16667
2021-04-16 03:00:00+00:00,23016.85714
2021-04-16 04:00:00+00:00,25501.8
2021-04-16 05:00:00+00:00,28301.16667
2021-04-16 06:00:00+00:00,30469.71429
2021-04-16 07:00:00+00:00,31771.8
2021-04-16 08:00:00+00:00,32090.66667
2021-04-16 09:00:00+00:00,31798.28571
2021-04-16 10:00:00+00:00,31833
2021-04-16 11:00:00+00:00,31339.83333
2021-04-16 12:00:00+00:00,30497.14286
2021-04-16 13:00:00+00:00,29532.2
2021-04-16 14:00:00+00:00,28885.16667
2021-04-16 15:00:00+00:00,28616.71429
2021-04-16 16:00:00+00:00,28478.4
2021-04-16 17:00:00+00:00,28662
2021-04-16 18:00:00+00:00,30156
2021-04-16 19:00:00+00:00,31770.8
2021-04-16 20:00:00+00:00,29582.33333
2021-04-16 21:00:00+00:00,26948.57143
2021-04-16 22:00:00+00:00,25258
2021-04-16 23:00:00+00:00,23658.66667
2021-04-17 00:00:00+00:00,22436
2021-04-17 01:00:00+00:00,21967.2
2021-04-17 02:00:00+00:00,21734.83333
2021-04-17 03:00:00+00:00,21647
2021-04-17 04:00:00+00:00,22149.4
2021-04-17 05:00:00+00:00,22892.33333
2021-04-17 06:00:00+00:00,24390.85714
2021-04-17 07:00:00+00:00,26871.6
2021-04-17 08:00:00+00:00,28023.16667
2021-04-17 09:00:00+00:00,28256.85714
2021-04-17 10:00:00+00:00,28111.4
2021-04-17 11:00:00+00:00,28146
2021-04-17 12:00:00+00:00,27629.71429
2021-04-17 13:00:00+00:00,26346
2021-04-17 14:00:00+00:00,25234.5
2021-04-17 15:00:00+00:00,24685.85714
2021-04-17 16:00:00+00:00,24611.2
2021-04-17 17:00:00+00:00,24902.16667
2021-04-17 18:00:00+00:00,26414.14286
2021-04-17 19:00:00+00:00,28778.8
2021-04-17 20:00:00+00:00,27556
2021-04-17 21:00:00+00:00,25292
2021-04-17 22:00:00+00:00,23501.6
2021-04-17 23:00:00+00:00,21925.5
2021-04-18 00:00:00+00:00,20755.42857
2021-04-18 01:00:00+00:00,20230.6
2021-04-18 02:00:00+00:00,20008.33333
2021-04-18 03:00:00+00:00,19838.57143
2021-04-18 04:00:00+00:00,20201.8
2021-04-18 05:00:00+00:00,20430.33333
2021-04-18 06:00:00+00:00,21109.42857
2021-04-18 07:00:00+00:00,23201.6
2021-04-18 08:00:00+00:00,24794.83333
2021-04-18 09:00:00+00:00,25470.71429
2021-04-18 10:00:00+00:00,25592.2
2021-04-18 11:00:00+00:00,25821.66667
2021-04-18 12:00:00+00:00,25505.42857
2021-04-18 13:00:00+00:00,24197
2021-04-18 14:00:00+00:00,23191.66667
2021-04-18 15:00:00+00:00,22799.85714
2021-04-18 16:00:00+00:00,22899.2
2021-04-18 17:00:00+00:00,23700.83333
2021-04-18 18:00:00+00:00,25830.28571
2021-04-18 19:00:00+00:00,28212
2021-04-18 20:00:00+00:00,27046
2021-04-18 21:00:00+00:00,25010.14286
2021-04-18 22:00:00+00:00,23220.6
2021-04-18 23:00:00+00:00,21885.83333
2021-04-19 00:00:00+00:00,21042.28571
2021-04-19 01:00:00+00:00,20716.2
2021-04-19 02:00:00+00:00,20880.16667
2021-04-19 03:00:00+00:00,21615.57143
2021-04-19 04:00:00+00:00,24710.6
2021-04-19 05:00:00+00:00,27724.66667
2021-04-19 06:00:00+00:00,30407.42857
2021-04-19 07:00:00+00:00,31531.2
2021-04-19 08:00:00+00:00,31982.33333
2021-04-19 09:00:00+00:00,31831.57143
2021-04-19 10:00:00+00:00,31748.8
2021-04-19 11:00:00+00:00,31463.83333
2021-04-19 12:00:00+00:00,30498.14286
2021-04-19 13:00:00+00:00,29444.4
2021-04-19 14:00:00+00:00,29085.16667
2021-04-19 15:00:00+00:00,28595.28571
2021-04-19 16:00:00+00:00,28618.4
2021-04-19 17:00:00+00:00,29279.66667
2021-04-19 18:00:00+00:00,30791.14286
2021-04-19 19:00:00+00:00,32177.4
2021-04-19 20:00:00+00:00,29581
2021-04-19 21:00:00+00:00,26612.71429
2021-04-19 22:00:00+00:00,24984.2
2021-04-19 23:00:00+00:00,23676.5
2021-04-20 00:00:00+00:00,22809.42857
2021-04-20 01:00:00+00:00,22440.8
2021-04-20 02:00:00+00:00,22257.5
2021-04-20 03:00:00+00:00,22819.57143
2021-04-20 04:00:00+00:00,25150.4
2021-04-20 05:00:00+00:00,28135.16667
2021-04-20 06:00:00+00:00,30253.71429
2021-04-20 07:00:00+00:00,31475.6
2021-04-20 08:00:00+00:00,31770.66667
2021-04-20 09:00:00+00:00,31669.28571
2021-04-20 10:00:00+00:00,31700.2
2021-04-20 11:00:00+00:00,31583.83333
2021-04-20 12:00:00+00:00,30768.85714
2021-04-20 13:00:00+00:00,30047.6
2021-04-20 14:00:00+00:00,29463.66667
2021-04-20 15:00:00+00:00,29180.85714
2021-04-20 16:00:00+00:00,29013.2
2021-04-20 17:00:00+00:00,29427
2021-04-20 18:00:00+00:00,30901.14286
2021-04-20 19:00:00+00:00,32020.6
2021-04-20 20:00:00+00:00,29464.66667
2021-04-20 21:00:00+00:00,26636
2021-04-20 22:00:00+00:00,25198
2021-04-20 23:00:00+00:00,23991.66667
2021-04-21 00:00:00+00:00,22930.14286
2021-04-21 01:00:00+00:00,22697.6
2021-04-21 02:00:00+00:00,22525.33333
2021-04-21 03:00:00+00:00,23038.14286
2021-04-21 04:00:00+00:00,25215.6
2021-04-21 05:00:00+00:00,28055.33333
2021-04-21 06:00:00+00:00,30207.28571
2021-04-21 07:00:00+00:00,31309
2021-04-21 08:00:00+00:00,31660.5
2021-04-21 09:00:00+00:00,31636.85714
2021-04-21 10:00:00+00:00,31706.6
2021-04-21 11:00:00+00:00,31505.5
2021-04-21 12:00:00+00:00,30652.28571
2021-04-21 13:00:00+00:00,29731.2
2021-04-21 14:00:00+00:00,29155.16667
2021-04-21 15:00:00+00:00,29056.42857
2021-04-21 16:00:00+00:00,28818
2021-04-21 17:00:00+00:00,29327.83333
2021-04-21 18:00:00+00:00,30988.85714
2021-04-21 19:00:00+00:00,32062.4
2021-04-21 20:00:00+00:00,29593
2021-04-21 21:00:00+00:00,26712.14286
2021-04-21 22:00:00+00:00,25380
2021-04-21 23:00:00+00:00,23842.5
2021-04-22 00:00:00+00:00,22902.14286
2021-04-22 01:00:00+00:00,22368.6
2021-04-22 02:00:00+00:00,22300.66667
2021-04-22 03:00:00+00:00,22917.71429
2021-04-22 04:00:00+00:00,25392.4
2021-04-22 05:00:00+00:00,28042.33333
2021-04-22 06:00:00+00:00,30421
2021-04-22 07:00:00+00:00,31668.8
2021-04-22 08:00:00+00:00,32145.33333
2021-04-22 09:00:00+00:00,32186.14286
2021-04-22 10:00:00+00:00,32327
2021-04-22 11:00:00+00:00,32390.5
2021-04-22 12:00:00+00:00,31240.71429
2021-04-22 13:00:00+00:00,30151.8
2021-04-22 14:00:00+00:00,29650.83333
2021-04-22 15:00:00+00:00,29137.71429
2021-04-22 16:00:00+00:00,28805
2021-04-22 17:00:00+00:00,29127.66667
2021-04-22 18:00:00+00:00,30384.85714
2021-04-22 19:00:00+00:00,31783
2021-04-22 20:00:00+00:00,29521.83333
2021-04-22 21:00:00+00:00,26459.14286
2021-04-22 22:00:00+00:00,24925.6
2021-04-22 23:00:00+00:00,23449.5
2021-04-23 00:00:00+00:00,22587.57143
2021-04-23 01:00:00+00:00,22199.2
2021-04-23 02:00:00+00:00,22005.66667
2021-04-23 03:00:00+00:00,22383.85714
2021-04-23 04:00:00+00:00,24752.6
2021-04-23 05:00:00+00:00,27228.16667
2021-04-23 06:00:00+00:00,29338.14286
2021-04-23 07:00:00+00:00,30172.2
2021-04-23 08:00:00+00:00,30419.5
2021-04-23 09:00:00+00:00,30560.57143
2021-04-23 10:00:00+00:00,30763
2021-04-23 11:00:00+00:00,30766.83333
2021-04-23 12:00:00+00:00,29664.71429
2021-04-23 13:00:00+00:00,28723.4
2021-04-23 14:00:00+00:00,28027
2021-04-23 15:00:00+00:00,27445.42857
2021-04-23 16:00:00+00:00,27367.2
2021-04-23 17:00:00+00:00,27262.5
2021-04-23 18:00:00+00:00,28401.42857
2021-04-23 19:00:00+00:00,29931.2
2021-04-23 20:00:00+00:00,28195.16667
2021-04-23 21:00:00+00:00,25801.14286
2021-04-23 22:00:00+00:00,24371.6
2021-04-23 23:00:00+00:00,22960.66667
2021-04-24 00:00:00+00:00,21918.28571
2021-04-24 01:00:00+00:00,21206
2021-04-24 02:00:00+00:00,21026.66667
2021-04-24 03:00:00+00:00,21000.14286
2021-04-24 04:00:00+00:00,21463.6
2021-04-24 05:00:00+00:00,21948.66667
2021-04-24 06:00:00+00:00,23382
2021-04-24 07:00:00+00:00,25790.2
2021-04-24 08:00:00+00:00,27088.16667
2021-04-24 09:00:00+00:00,27567.57143
2021-04-24 10:00:00+00:00,27724.8
2021-04-24 11:00:00+00:00,27914.66667
2021-04-24 12:00:00+00:00,27198.85714
2021-04-24 13:00:00+00:00,25884
2021-04-24 14:00:00+00:00,24929.5
2021-04-24 15:00:00+00:00,24216.14286
2021-04-24 16:00:00+00:00,24167.8
2021-04-24 17:00:00+00:00,24474.33333
2021-04-24 18:00:00+00:00,25698.28571
2021-04-24 19:00:00+00:00,27790.4
2021-04-24 20:00:00+00:00,26506.66667
2021-04-24 21:00:00+00:00,24381.71429
2021-04-24 22:00:00+00:00,22748
2021-04-24 23:00:00+00:00,21210.66667
2021-04-25 00:00:00+00:00,20129.14286
2021-04-25 01:00:00+00:00,19802
2021-04-25 02:00:00+00:00,19615.33333
2021-04-25 03:00:00+00:00,19552.85714
2021-04-25 04:00:00+00:00,19683.6
2021-04-25 05:00:00+00:00,19726.33333
2021-04-25 06:00:00+00:00,20669.42857
2021-04-25 07:00:00+00:00,22851
2021-04-25 08:00:00+00:00,24723.66667
2021-04-25 09:00:00+00:00,25744.71429
2021-04-25 10:00:00+00:00,26271
2021-04-25 11:00:00+00:00,26588.33333
2021-04-25 12:00:00+00:00,26072.28571
2021-04-25 13:00:00+00:00,24444
2021-04-25 14:00:00+00:00,23513
2021-04-25 15:00:00+00:00,23113
2021-04-25 16:00:00+00:00,23301.6
2021-04-25 17:00:00+00:00,23985.66667
2021-04-25 18:00:00+00:00,26038.28571
2021-04-25 19:00:00+00:00,27953
2021-04-25 20:00:00+00:00,26809.5
2021-04-25 21:00:00+00:00,24666.85714
2021-04-25 22:00:00+00:00,22877
2021-04-25 23:00:00+00:00,21701.66667
2021-04-26 00:00:00+00:00,20761.71429
2021-04-26 01:00:00+00:00,20392.4
2021-04-26 02:00:00+00:00,20558
2021-04-26 03:00:00+00:00,21317.42857
2021-04-26 04:00:00+00:00,23975
2021-04-26 05:00:00+00:00,26729
2021-04-26 06:00:00+00:00,29246
2021-04-26 07:00:00+00:00,30662.6
2021-04-26 08:00:00+00:00,31251.66667
2021-04-26 09:00:00+00:00,31481.28571
2021-04-26 10:00:00+00:00,31985
2021-04-26 11:00:00+00:00,31771.66667
2021-04-26 12:00:00+00:00,30777.14286
2021-04-26 13:00:00+00:00,29714.6
2021-04-26 14:00:00+00:00,29210
2021-04-26 15:00:00+00:00,28906
2021-04-26 16:00:00+00:00,28627.4
2021-04-26 17:00:00+00:00,29022.5
2021-04-26 18:00:00+00:00,30208.71429
2021-04-26 19:00:00+00:00,31306.4
2021-04-26 20:00:00+00:00,29164.83333
2021-04-26 21:00:00+00:00,26269
2021-04-26 22:00:00+00:00,24619
2021-04-26 23:00:00+00:00,23272.66667
2021-04-27 00:00:00+00:00,22395.85714
2021-04-27 01:00:00+00:00,22009
2021-04-27 02:00:00+00:00,21986.83333
2021-04-27 03:00:00+00:00,22648.71429
2021-04-27 04:00:00+00:00,24755.6
2021-04-27 05:00:00+00:00,27364.33333
2021-04-27 06:00:00+00:00,30096.14286
2021-04-27 07:00:00+00:00,31270.8
2021-04-27 08:00:00+00:00,31607.33333
2021-04-27 09:00:00+00:00,31848.14286
2021-04-27 10:00:00+00:00,32086.6
2021-04-27 11:00:00+00:00,31708.5
2021-04-27 12:00:00+00:00,30674.42857
2021-04-27 13:00:00+00:00,29687.4
2021-04-27 14:00:00+00:00,29053
2021-04-27 15:00:00+00:00,28740.14286
2021-04-27 16:00:00+00:00,28645.2
2021-04-27 17:00:00+00:00,29294.83333
2021-04-27 18:00:00+00:00,30484.85714
2021-04-27 19:00:00+00:00,31393.4
2021-04-27 20:00:00+00:00,29180.66667
2021-04-27 21:00:00+00:00,26306.14286
2021-04-27 22:00:00+00:00,24746.2
2021-04-27 23:00:00+00:00,23277.16667
2021-04-28 00:00:00+00:00,22312
2021-04-28 01:00:00+00:00,21878.2
2021-04-28 02:00:00+00:00,21914.83333
2021-04-28 03:00:00+00:00,22323.28571
2021-04-28 04:00:00+00:00,24699.4
2021-04-28 05:00:00+00:00,27338
2021-04-28 06:00:00+00:00,29740
2021-04-28 07:00:00+00:00,30914.4
2021-04-28 08:00:00+00:00,31190.16667
2021-04-28 09:00:00+00:00,31185.14286
2021-04-28 10:00:00+00:00,31432.2
2021-04-28 11:00:00+00:00,31294.16667
2021-04-28 12:00:00+00:00,30287.14286
2021-04-28 13:00:00+00:00,29310
2021-04-28 14:00:00+00:00,28861.5
2021-04-28 15:00:00+00:00,28440.14286
2021-04-28 16:00:00+00:00,28373.6
2021-04-28 17:00:00+00:00,28723.66667
2021-04-28 18:00:00+00:00,29803.14286
2021-04-28 19:00:00+00:00,31072.6
2021-04-28 20:00:00+00:00,28976.83333
2021-04-28 21:00:00+00:00,26208
2021-04-28 22:00:00+00:00,24508.6
2021-04-28 23:00:00+00:00,23085.33333
2021-04-29 00:00:00+00:00,22103.28571
2021-04-29 01:00:00+00:00,21780.8
2021-04-29 02:00:00+00:00,21890.5
2021-04-29 03:00:00+00:00,22293.85714
2021-04-29 04:00:00+00:00,24757.8
2021-04-29 05:00:00+00:00,27216
2021-04-29 06:00:00+00:00,29600.14286
2021-04-29 07:00:00+00:00,30757.8
2021-04-29 08:00:00+00:00,31307.66667
2021-04-29 09:00:00+00:00,31349.57143
2021-04-29 10:00:00+00:00,31503.2
2021-04-29 11:00:00+00:00,31367.5
2021-04-29 12:00:00+00:00,30427.14286
2021-04-29 13:00:00+00:00,29500.2
2021-04-29 14:00:00+00:00,28955
2021-04-29 15:00:00+00:00,28686.57143
2021-04-29 16:00:00+00:00,28302.6
2021-04-29 17:00:00+00:00,28428.66667
2021-04-29 18:00:00+00:00,29550.71429
2021-04-29 19:00:00+00:00,31082
2021-04-29 20:00:00+00:00,28974
2021-04-29 21:00:00+00:00,26175.71429
2021-04-29 22:00:00+00:00,24539.2
2021-04-29 23:00:00+00:00,23149.5
2021-04-30 00:00:00+00:00,22171.14286
2021-04-30 01:00:00+00:00,21867.2
2021-04-30 02:00:00+00:00,21802.33333
2021-04-30 03:00:00+00:00,22346.14286
2021-04-30 04:00:00+00:00,24764.8
2021-04-30 05:00:00+00:00,27111.16667
2021-04-30 06:00:00+00:00,29359.28571
2021-04-30 07:00:00+00:00,30486.8
2021-04-30 08:00:00+00:00,30552.33333
2021-04-30 09:00:00+00:00,30494
2021-04-30 10:00:00+00:00,30707.2
2021-04-30 11:00:00+00:00,30690.83333
2021-04-30 12:00:00+00:00,29881.71429
2021-04-30 13:00:00+00:00,28929.2
2021-04-30 14:00:00+00:00,28384.33333
2021-04-30 15:00:00+00:00,27758.85714
2021-04-30 16:00:00+00:00,27513
2021-04-30 17:00:00+00:00,27585.5
2021-04-30 18:00:00+00:00,28510.57143
2021-04-30 19:00:00+00:00,29898.2
2021-04-30 20:00:00+00:00,28091.5
2021-04-30 21:00:00+00:00,25605.71429
2021-04-30 22:00:00+00:00,23840.2
2021-04-30 23:00:00+00:00,22338.5
2021-05-01 00:00:00+00:00,21121.85714
2021-05-01 01:00:00+00:00,20484.8
2021-05-01 02:00:00+00:00,20132.66667
2021-05-01 03:00:00+00:00,19800.14286
2021-05-01 04:00:00+00:00,19771.4
2021-05-01 05:00:00+00:00,19848.83333
2021-05-01 06:00:00+00:00,21100.42857
2021-05-01 07:00:00+00:00,23127.6
2021-05-01 08:00:00+00:00,24627.5
2021-05-01 09:00:00+00:00,25150.42857
2021-05-01 10:00:00+00:00,25206
2021-05-01 11:00:00+00:00,25397.33333
2021-05-01 12:00:00+00:00,24869.57143
2021-05-01 13:00:00+00:00,23386.6
2021-05-01 14:00:00+00:00,22550.66667
2021-05-01 15:00:00+00:00,21928.14286
2021-05-01 16:00:00+00:00,21649.2
2021-05-01 17:00:00+00:00,22105.66667
2021-05-01 18:00:00+00:00,23189.85714
2021-05-01 19:00:00+00:00,25486.4
2021-05-01 20:00:00+00:00,25041.16667
2021-05-01 21:00:00+00:00,23297.28571
2021-05-01 22:00:00+00:00,21509.2
2021-05-01 23:00:00+00:00,20109.16667
2021-05-02 00:00:00+00:00,19102.42857
2021-05-02 01:00:00+00:00,18584.8
2021-05-02 02:00:00+00:00,18429.33333
2021-05-02 03:00:00+00:00,18478.57143
2021-05-02 04:00:00+00:00,19007.8
2021-05-02 05:00:00+00:00,18934.16667
2021-05-02 06:00:00+00:00,20061.85714
2021-05-02 07:00:00+00:00,22111
2021-05-02 08:00:00+00:00,23692.5
2021-05-02 09:00:00+00:00,24401.14286
2021-05-02 10:00:00+00:00,24509.6
2021-05-02 11:00:00+00:00,24484.16667
2021-05-02 12:00:00+00:00,24123.71429
2021-05-02 13:00:00+00:00,22599.2
2021-05-02 14:00:00+00:00,21999.83333
2021-05-02 15:00:00+00:00,21736.71429
2021-05-02 16:00:00+00:00,21748.8
2021-05-02 17:00:00+00:00,22333.33333
2021-05-02 18:00:00+00:00,23806
2021-05-02 19:00:00+00:00,26242.8
2021-05-02 20:00:00+00:00,25770
2021-05-02 21:00:00+00:00,23728.42857
2021-05-02 22:00:00+00:00,21939.8
2021-05-02 23:00:00+00:00,20863.66667
2021-05-03 00:00:00+00:00,20023.57143
2021-05-03 01:00:00+00:00,19625.2
2021-05-03 02:00:00+00:00,19708.66667
2021-05-03 03:00:00+00:00,20452.42857
2021-05-03 04:00:00+00:00,22928.6
2021-05-03 05:00:00+00:00,25476.33333
2021-05-03 06:00:00+00:00,27929.85714
2021-05-03 07:00:00+00:00,29292.2
2021-05-03 08:00:00+00:00,29771.16667
2021-05-03 09:00:00+00:00,30126.57143
2021-05-03 10:00:00+00:00,30376.6
2021-05-03 11:00:00+00:00,30409.16667
2021-05-03 12:00:00+00:00,29620.42857
2021-05-03 13:00:00+00:00,28655.6
2021-05-03 14:00:00+00:00,28033.5
2021-05-03 15:00:00+00:00,27448.28571
2021-05-03 16:00:00+00:00,27184.6
2021-05-03 17:00:00+00:00,27627.33333
2021-05-03 18:00:00+00:00,28984
2021-05-03 19:00:00+00:00,30579.6
2021-05-03 20:00:00+00:00,28735
2021-05-03 21:00:00+00:00,26034.28571
2021-05-03 22:00:00+00:00,24447.4
2021-05-03 23:00:00+00:00,23152.83333
2021-05-04 00:00:00+00:00,22231.28571
2021-05-04 01:00:00+00:00,21906
2021-05-04 02:00:00+00:00,21774
2021-05-04 03:00:00+00:00,22469.85714
2021-05-04 04:00:00+00:00,24681.6
2021-05-04 05:00:00+00:00,27027.66667
2021-05-04 06:00:00+00:00,29462
2021-05-04 07:00:00+00:00,30579.4
2021-05-04 08:00:00+00:00,31019.83333
2021-05-04 09:00:00+00:00,30846.85714
2021-05-04 10:00:00+00:00,30834
2021-05-04 11:00:00+00:00,30758
2021-05-04 12:00:00+00:00,29743.14286
2021-05-04 13:00:00+00:00,28626.8
2021-05-04 14:00:00+00:00,28305
2021-05-04 15:00:00+00:00,28032.14286
2021-05-04 16:00:00+00:00,27786.6
2021-05-04 17:00:00+00:00,27980
2021-05-04 18:00:00+00:00,29162.14286
2021-05-04 19:00:00+00:00,30755.4
2021-05-04 20:00:00+00:00,28923.16667
2021-05-04 21:00:00+00:00,26188.42857
2021-05-04 22:00:00+00:00,24563.6
2021-05-04 23:00:00+00:00,23415.66667
2021-05-05 00:00:00+00:00,22394
2021-05-05 01:00:00+00:00,22064
2021-05-05 02:00:00+00:00,22092
2021-05-05 03:00:00+00:00,22648.71429
2021-05-05 04:00:00+00:00,24997.2
2021-05-05 05:00:00+00:00,27301.66667
2021-05-05 06:00:00+00:00,29504.42857
2021-05-05 07:00:00+00:00,30477.6
2021-05-05 08:00:00+00:00,30567.33333
2021-05-05 09:00:00+00:00,30614.85714
2021-05-05 10:00:00+00:00,30906.4
2021-05-05 11:00:00+00:00,30731.66667
2021-05-05 12:00:00+00:00,29959.57143
2021-05-05 13:00:00+00:00,28861
2021-05-05 14:00:00+00:00,28367.83333
2021-05-05 15:00:00+00:00,28006.42857
2021-05-05 16:00:00+00:00,27886.2
2021-05-05 17:00:00+00:00,28120.33333
2021-05-05 18:00:00+00:00,29231.85714
2021-05-05 19:00:00+00:00,30587.2
2021-05-05 20:00:00+00:00,28770.83333
2021-05-05 21:00:00+00:00,26055.14286
2021-05-05 22:00:00+00:00,24668
2021-05-05 23:00:00+00:00,23400
2021-05-06 00:00:00+00:00,22457.57143
2021-05-06 01:00:00+00:00,22024.2
2021-05-06 02:00:00+00:00,21970.66667
2021-05-06 03:00:00+00:00,22584.28571
2021-05-06 04:00:00+00:00,24675
2021-05-06 05:00:00+00:00,27140.66667
2021-05-06 06:00:00+00:00,29132.57143
2021-05-06 07:00:00+00:00,29945.4
2021-05-06 08:00:00+00:00,30007.16667
2021-05-06 09:00:00+00:00,30199.42857
2021-05-06 10:00:00+00:00,30657.4
2021-05-06 11:00:00+00:00,30492.83333
2021-05-06 12:00:00+00:00,29583.28571
2021-05-06 13:00:00+00:00,28591.4
2021-05-06 14:00:00+00:00,28289.66667
2021-05-06 15:00:00+00:00,28098.28571
2021-05-06 16:00:00+00:00,27962.6
2021-05-06 17:00:00+00:00,28188.83333
2021-05-06 18:00:00+00:00,29282.14286
2021-05-06 19:00:00+00:00,30362.6
2021-05-06 20:00:00+00:00,28616.66667
2021-05-06 21:00:00+00:00,25865.71429
2021-05-06 22:00:00+00:00,24577.8
2021-05-06 23:00:00+00:00,23163.66667
2021-05-07 00:00:00+00:00,22355
2021-05-07 01:00:00+00:00,22133.8
2021-05-07 02:00:00+00:00,22141.5
2021-05-07 03:00:00+00:00,22627.14286
2021-05-07 04:00:00+00:00,24513.2
2021-05-07 05:00:00+00:00,26840.16667
2021-05-07 06:00:00+00:00,28796.71429
2021-05-07 07:00:00+00:00,29750.8
2021-05-07 08:00:00+00:00,30043.33333
2021-05-07 09:00:00+00:00,30298.28571
2021-05-07 10:00:00+00:00,30599.2
2021-05-07 11:00:00+00:00,30550.33333
2021-05-07 12:00:00+00:00,29447.28571
2021-05-07 13:00:00+00:00,28349.6
2021-05-07 14:00:00+00:00,27951
2021-05-07 15:00:00+00:00,27828.28571
2021-05-07 16:00:00+00:00,27547.8
2021-05-07 17:00:00+00:00,27541.66667
2021-05-07 18:00:00+00:00,28056.28571
2021-05-07 19:00:00+00:00,29182.4
2021-05-07 20:00:00+00:00,27839.33333
2021-05-07 21:00:00+00:00,25586
2021-05-07 22:00:00+00:00,24214
2021-05-07 23:00:00+00:00,22891
2021-05-08 00:00:00+00:00,21803
2021-05-08 01:00:00+00:00,21323.4
2021-05-08 02:00:00+00:00,21093.16667
2021-05-08 03:00:00+00:00,21071.14286
2021-05-08 04:00:00+00:00,21336.4
2021-05-08 05:00:00+00:00,21707
2021-05-08 06:00:00+00:00,23420.14286
2021-05-08 07:00:00+00:00,25539
2021-05-08 08:00:00+00:00,26615.83333
2021-05-08 09:00:00+00:00,26902
2021-05-08 10:00:00+00:00,27059.2
2021-05-08 11:00:00+00:00,27061.66667
2021-05-08 12:00:00+00:00,26416
2021-05-08 13:00:00+00:00,25119.8
2021-05-08 14:00:00+00:00,24333.83333
2021-05-08 15:00:00+00:00,23862.14286
2021-05-08 16:00:00+00:00,23808.2
2021-05-08 17:00:00+00:00,24142.5
2021-05-08 18:00:00+00:00,24668.57143
2021-05-08 19:00:00+00:00,26288.8
2021-05-08 20:00:00+00:00,25751.5
2021-05-08 21:00:00+00:00,23677.57143
2021-05-08 22:00:00+00:00,22168.4
2021-05-08 23:00:00+00:00,21257.83333
2021-05-09 00:00:00+00:00,20118.71429
2021-05-09 01:00:00+00:00,19753
2021-05-09 02:00:00+00:00,19561.16667
2021-05-09 03:00:00+00:00,19508.57143
2021-05-09 04:00:00+00:00,19622
2021-05-09 05:00:00+00:00,19495.5
2021-05-09 06:00:00+00:00,20518.28571
2021-05-09 07:00:00+00:00,22182.4
2021-05-09 08:00:00+00:00,23740.83333
2021-05-09 09:00:00+00:00,24743
2021-05-09 10:00:00+00:00,25245.4
2021-05-09 11:00:00+00:00,25685.5
2021-05-09 12:00:00+00:00,25337.28571
2021-05-09 13:00:00+00:00,23683.8
2021-05-09 14:00:00+00:00,22805.16667
2021-05-09 15:00:00+00:00,22323.14286
2021-05-09 16:00:00+00:00,22601.8
2021-05-09 17:00:00+00:00,23301.66667
2021-05-09 18:00:00+00:00,24501.28571
2021-05-09 19:00:00+00:00,26185
2021-05-09 20:00:00+00:00,25635.16667
2021-05-09 21:00:00+00:00,23804.57143
2021-05-09 22:00:00+00:00,22216.2
2021-05-09 23:00:00+00:00,21104.83333
2021-05-10 00:00:00+00:00,20503
2021-05-10 01:00:00+00:00,20154.4
2021-05-10 02:00:00+00:00,20269.16667
2021-05-10 03:00:00+00:00,21083.71429
2021-05-10 04:00:00+00:00,23599.2
2021-05-10 05:00:00+00:00,25903.66667
2021-05-10 06:00:00+00:00,28405.28571
2021-05-10 07:00:00+00:00,29374.4
2021-05-10 08:00:00+00:00,29682.83333
2021-05-10 09:00:00+00:00,29984.42857
2021-05-10 10:00:00+00:00,30371.8
2021-05-10 11:00:00+00:00,30340.83333
2021-05-10 12:00:00+00:00,29547.85714
2021-05-10 13:00:00+00:00,28531.6
2021-05-10 14:00:00+00:00,28122.5
2021-05-10 15:00:00+00:00,28014.28571
2021-05-10 16:00:00+00:00,27868
2021-05-10 17:00:00+00:00,28083
2021-05-10 18:00:00+00:00,29149.71429
2021-05-10 19:00:00+00:00,30251.8
2021-05-10 20:00:00+00:00,28377.5
2021-05-10 21:00:00+00:00,25678
2021-05-10 22:00:00+00:00,24328.2
2021-05-10 23:00:00+00:00,23036.83333
2021-05-11 00:00:00+00:00,22362.14286
2021-05-11 01:00:00+00:00,22085.8
2021-05-11 02:00:00+00:00,21987
2021-05-11 03:00:00+00:00,22564.42857
2021-05-11 04:00:00+00:00,24495.2
2021-05-11 05:00:00+00:00,26701.33333
2021-05-11 06:00:00+00:00,29052.14286
2021-05-11 07:00:00+00:00,30038.6
2021-05-11 08:00:00+00:00,30249.33333
2021-05-11 09:00:00+00:00,30585.28571
2021-05-11 10:00:00+00:00,30663.4
2021-05-11 11:00:00+00:00,30661
2021-05-11 12:00:00+00:00,29829.57143
2021-05-11 13:00:00+00:00,28867.2
2021-05-11 14:00:00+00:00,28380.33333
2021-05-11 15:00:00+00:00,28000.71429
2021-05-11 16:00:00+00:00,27748.6
2021-05-11 17:00:00+00:00,27919.5
2021-05-11 18:00:00+00:00,28851.42857
2021-05-11 19:00:00+00:00,30153.8
2021-05-11 20:00:00+00:00,28586.66667
2021-05-11 21:00:00+00:00,26060.28571
2021-05-11 22:00:00+00:00,24712.4
2021-05-11 23:00:00+00:00,23420.16667
2021-05-12 00:00:00+00:00,22542.42857
2021-05-12 01:00:00+00:00,22288.8
2021-05-12 02:00:00+00:00,22170.83333
2021-05-12 03:00:00+00:00,22688.28571
2021-05-12 04:00:00+00:00,24764.2
2021-05-12 05:00:00+00:00,27013.5
2021-05-12 06:00:00+00:00,29164.28571
2021-05-12 07:00:00+00:00,30069
2021-05-12 08:00:00+00:00,30287.83333
2021-05-12 09:00:00+00:00,30191.14286
2021-05-12 10:00:00+00:00,30507.4
2021-05-12 11:00:00+00:00,30510.33333
2021-05-12 12:00:00+00:00,29646
2021-05-12 13:00:00+00:00,28643.2
2021-05-12 14:00:00+00:00,28247.33333
2021-05-12 15:00:00+00:00,28036.14286
2021-05-12 16:00:00+00:00,28114.8
2021-05-12 17:00:00+00:00,28196.33333
2021-05-12 18:00:00+00:00,28976.57143
2021-05-12 19:00:00+00:00,30270
2021-05-12 20:00:00+00:00,28704.16667
2021-05-12 21:00:00+00:00,26122.14286
2021-05-12 22:00:00+00:00,24974.6
2021-05-12 23:00:00+00:00,23767.5
2021-05-13 00:00:00+00:00,22783.28571
2021-05-13 01:00:00+00:00,22444.2
2021-05-13 02:00:00+00:00,22327.5
2021-05-13 03:00:00+00:00,22722.42857
2021-05-13 04:00:00+00:00,24893
2021-05-13 05:00:00+00:00,26935.16667
2021-05-13 06:00:00+00:00,28911.14286
2021-05-13 07:00:00+00:00,29732.2
2021-05-13 08:00:00+00:00,30131.33333
2021-05-13 09:00:00+00:00,30387.14286
2021-05-13 10:00:00+00:00,30818.2
2021-05-13 11:00:00+00:00,30811.33333
2021-05-13 12:00:00+00:00,29988.42857
2021-05-13 13:00:00+00:00,29212
2021-05-13 14:00:00+00:00,28942.66667
2021-05-13 15:00:00+00:00,28844.42857
2021-05-13 16:00:00+00:00,28680.2
2021-05-13 17:00:00+00:00,28842.5
2021-05-13 18:00:00+00:00,29556.28571
2021-05-13 19:00:00+00:00,30707.6
2021-05-13 20:00:00+00:00,29187.16667
2021-05-13 21:00:00+00:00,26733.71429
2021-05-13 22:00:00+00:00,25110.6
2021-05-13 23:00:00+00:00,23751.16667
2021-05-14 00:00:00+00:00,22751.85714
2021-05-14 01:00:00+00:00,22497
2021-05-14 02:00:00+00:00,22275
2021-05-14 03:00:00+00:00,22843.57143
2021-05-14 04:00:00+00:00,24791.4
2021-05-14 05:00:00+00:00,26874.5
2021-05-14 06:00:00+00:00,28936.57143
2021-05-14 07:00:00+00:00,30052
2021-05-14 08:00:00+00:00,30281.5
2021-05-14 09:00:00+00:00,30572.71429
2021-05-14 10:00:00+00:00,30721.4
2021-05-14 11:00:00+00:00,30524
2021-05-14 12:00:00+00:00,29726.71429
2021-05-14 13:00:00+00:00,28520.4
2021-05-14 14:00:00+00:00,28190
2021-05-14 15:00:00+00:00,27849.71429
2021-05-14 16:00:00+00:00,27738.2
2021-05-14 17:00:00+00:00,27786.33333
2021-05-14 18:00:00+00:00,28199.71429
2021-05-14 19:00:00+00:00,29363.8
2021-05-14 20:00:00+00:00,28140.66667
2021-05-14 21:00:00+00:00,25709.57143
2021-05-14 22:00:00+00:00,24559.6
2021-05-14 23:00:00+00:00,23132
2021-05-15 00:00:00+00:00,21897.28571
2021-05-15 01:00:00+00:00,21386.2
2021-05-15 02:00:00+00:00,21081.5
2021-05-15 03:00:00+00:00,20851.71429
2021-05-15 04:00:00+00:00,21041.6
2021-05-15 05:00:00+00:00,21332.5
2021-05-15 06:00:00+00:00,23321.57143
2021-05-15 07:00:00+00:00,25553.8
2021-05-15 08:00:00+00:00,26867.5
2021-05-15 09:00:00+00:00,27247
2021-05-15 10:00:00+00:00,27428.4
2021-05-15 11:00:00+00:00,27717.83333
2021-05-15 12:00:00+00:00,27088.85714
2021-05-15 13:00:00+00:00,25688
2021-05-15 14:00:00+00:00,24919.66667
2021-05-15 15:00:00+00:00,24555.42857
2021-05-15 16:00:00+00:00,24338
2021-05-15 17:00:00+00:00,24618.66667
2021-05-15 18:00:00+00:00,25175
2021-05-15 19:00:00+00:00,26490.2
2021-05-15 20:00:00+00:00,25948.5
2021-05-15 21:00:00+00:00,24119
2021-05-15 22:00:00+00:00,22749.2
2021-05-15 23:00:00+00:00,21402.5
2021-05-16 00:00:00+00:00,20486.57143
2021-05-16 01:00:00+00:00,19742
2021-05-16 02:00:00+00:00,19435
2021-05-16 03:00:00+00:00,19459.28571
2021-05-16 04:00:00+00:00,19718.6
2021-05-16 05:00:00+00:00,19395.83333
2021-05-16 06:00:00+00:00,20780.85714
2021-05-16 07:00:00+00:00,22585.4
2021-05-16 08:00:00+00:00,23970.66667
2021-05-16 09:00:00+00:00,24860.71429
2021-05-16 10:00:00+00:00,25222.2
2021-05-16 11:00:00+00:00,25565
2021-05-16 12:00:00+00:00,25214.57143
2021-05-16 13:00:00+00:00,23870
2021-05-16 14:00:00+00:00,23188.16667
2021-05-16 15:00:00+00:00,23160.14286
2021-05-16 16:00:00+00:00,23084.8
2021-05-16 17:00:00+00:00,23430
2021-05-16 18:00:00+00:00,24430.28571
2021-05-16 19:00:00+00:00,26109.6
2021-05-16 20:00:00+00:00,25906.33333
2021-05-16 21:00:00+00:00,24244.28571
2021-05-16 22:00:00+00:00,22847.2
2021-05-16 23:00:00+00:00,21496.83333
2021-05-17 00:00:00+00:00,20837
2021-05-17 01:00:00+00:00,20484.2
2021-05-17 02:00:00+00:00,20471
2021-05-17 03:00:00+00:00,21209.85714
2021-05-17 04:00:00+00:00,23368.2
2021-05-17 05:00:00+00:00,25602.16667
2021-05-17 06:00:00+00:00,27701.57143
2021-05-17 07:00:00+00:00,28805.2
2021-05-17 08:00:00+00:00,29475.16667
2021-05-17 09:00:00+00:00,29859.14286
2021-05-17 10:00:00+00:00,30262.8
2021-05-17 11:00:00+00:00,30360.83333
2021-05-17 12:00:00+00:00,29564.42857
2021-05-17 13:00:00+00:00,28534.8
2021-05-17 14:00:00+00:00,28081.33333
2021-05-17 15:00:00+00:00,28016.57143
2021-05-17 16:00:00+00:00,27965.4
2021-05-17 17:00:00+00:00,28221.83333
2021-05-17 18:00:00+00:00,28768
2021-05-17 19:00:00+00:00,29714.2
2021-05-17 20:00:00+00:00,28448.66667
2021-05-17 21:00:00+00:00,25864
2021-05-17 22:00:00+00:00,24564.8
2021-05-17 23:00:00+00:00,23447.5
2021-05-18 00:00:00+00:00,22723.57143
2021-05-18 01:00:00+00:00,22245.6
2021-05-18 02:00:00+00:00,22135.83333
2021-05-18 03:00:00+00:00,22560
2021-05-18 04:00:00+00:00,24615.2
2021-05-18 05:00:00+00:00,26771.16667
2021-05-18 06:00:00+00:00,28943.28571
2021-05-18 07:00:00+00:00,29939.8
2021-05-18 08:00:00+00:00,30364.5
2021-05-18 09:00:00+00:00,30564.57143
2021-05-18 10:00:00+00:00,30913.4
2021-05-18 11:00:00+00:00,31013.83333
2021-05-18 12:00:00+00:00,30303.57143
2021-05-18 13:00:00+00:00,29406.2
2021-05-18 14:00:00+00:00,29134.16667
2021-05-18 15:00:00+00:00,29248.28571
2021-05-18 16:00:00+00:00,29216
2021-05-18 17:00:00+00:00,29288.33333
2021-05-18 18:00:00+00:00,29822.85714
2021-05-18 19:00:00+00:00,30575.2
2021-05-18 20:00:00+00:00,29119.16667
2021-05-18 21:00:00+00:00,26445.85714
2021-05-18 22:00:00+00:00,25283.4
2021-05-18 23:00:00+00:00,24001.33333
2021-05-19 00:00:00+00:00,23084
2021-05-19 01:00:00+00:00,22501.8
2021-05-19 02:00:00+00:00,22572.83333
2021-05-19 03:00:00+00:00,23089.14286
2021-05-19 04:00:00+00:00,24895.2
2021-05-19 05:00:00+00:00,26892.66667
2021-05-19 06:00:00+00:00,28810.42857
2021-05-19 07:00:00+00:00,29924.6
2021-05-19 08:00:00+00:00,30298.83333
2021-05-19 09:00:00+00:00,30710.85714
2021-05-19 10:00:00+00:00,31102.6
2021-05-19 11:00:00+00:00,31241.16667
2021-05-19 12:00:00+00:00,30380.57143
2021-05-19 13:00:00+00:00,29679
2021-05-19 14:00:00+00:00,29347.83333
2021-05-19 15:00:00+00:00,29357.14286
2021-05-19 16:00:00+00:00,29206.8
2021-05-19 17:00:00+00:00,29182
2021-05-19 18:00:00+00:00,29677.42857
2021-05-19 19:00:00+00:00,30476
2021-05-19 20:00:00+00:00,29218.33333
2021-05-19 21:00:00+00:00,26415.42857
2021-05-19 22:00:00+00:00,25117.8
2021-05-19 23:00:00+00:00,23955.5
2021-05-20 00:00:00+00:00,23079.71429
2021-05-20 01:00:00+00:00,22716.2
2021-05-20 02:00:00+00:00,22537.16667
2021-05-20 03:00:00+00:00,23039.42857
2021-05-20 04:00:00+00:00,24893.8
2021-05-20 05:00:00+00:00,27038.66667
2021-05-20 06:00:00+00:00,29025.71429
2021-05-20 07:00:00+00:00,29969.2
2021-05-20 08:00:00+00:00,30261.83333
2021-05-20 09:00:00+00:00,30455.14286
2021-05-20 10:00:00+00:00,30730.2
2021-05-20 11:00:00+00:00,30791.66667
2021-05-20 12:00:00+00:00,30302
2021-05-20 13:00:00+00:00,29423
2021-05-20 14:00:00+00:00,29117
2021-05-20 15:00:00+00:00,29060.14286
2021-05-20 16:00:00+00:00,28979
2021-05-20 17:00:00+00:00,28901.5
2021-05-20 18:00:00+00:00,29335.14286
2021-05-20 19:00:00+00:00,30339.6
2021-05-20 20:00:00+00:00,28914.66667
2021-05-20 21:00:00+00:00,26373.71429
2021-05-20 22:00:00+00:00,25051.6
2021-05-20 23:00:00+00:00,23826.33333
2021-05-21 00:00:00+00:00,22879
2021-05-21 01:00:00+00:00,22491.8
2021-05-21 02:00:00+00:00,22237.5
2021-05-21 03:00:00+00:00,22827.28571
2021-05-21 04:00:00+00:00,24468.4
2021-05-21 05:00:00+00:00,26597.33333
2021-05-21 06:00:00+00:00,28629.42857
2021-05-21 07:00:00+00:00,29661
2021-05-21 08:00:00+00:00,30179.83333
2021-05-21 09:00:00+00:00,30611.71429
2021-05-21 10:00:00+00:00,31031
2021-05-21 11:00:00+00:00,31193.5
2021-05-21 12:00:00+00:00,30222.28571
2021-05-21 13:00:00+00:00,29272.4
2021-05-21 14:00:00+00:00,29030.16667
2021-05-21 15:00:00+00:00,28740
2021-05-21 16:00:00+00:00,28487.4
2021-05-21 17:00:00+00:00,28593.83333
2021-05-21 18:00:00+00:00,28661.14286
2021-05-21 19:00:00+00:00,29557.6
2021-05-21 20:00:00+00:00,28460
2021-05-21 21:00:00+00:00,26145.71429
2021-05-21 22:00:00+00:00,24917
2021-05-21 23:00:00+00:00,23520.16667
2021-05-22 00:00:00+00:00,22463.14286
2021-05-22 01:00:00+00:00,21917
2021-05-22 02:00:00+00:00,21565.16667
2021-05-22 03:00:00+00:00,21398.71429
2021-05-22 04:00:00+00:00,21464.2
2021-05-22 05:00:00+00:00,21839.83333
2021-05-22 06:00:00+00:00,23615.42857
2021-05-22 07:00:00+00:00,25542.6
2021-05-22 08:00:00+00:00,26799.16667
2021-05-22 09:00:00+00:00,27248
2021-05-22 10:00:00+00:00,27278.8
2021-05-22 11:00:00+00:00,27329.16667
2021-05-22 12:00:00+00:00,26801.71429
2021-05-22 13:00:00+00:00,25351.8
2021-05-22 14:00:00+00:00,24587.66667
2021-05-22 15:00:00+00:00,24258.14286
2021-05-22 16:00:00+00:00,24157.8
2021-05-22 17:00:00+00:00,24375.33333
2021-05-22 18:00:00+00:00,24952.57143
2021-05-22 19:00:00+00:00,26245.8
2021-05-22 20:00:00+00:00,25904.66667
2021-05-22 21:00:00+00:00,24120.71429
2021-05-22 22:00:00+00:00,22756.2
2021-05-22 23:00:00+00:00,21487
2021-05-23 00:00:00+00:00,20469.57143
2021-05-23 01:00:00+00:00,19992.8
2021-05-23 02:00:00+00:00,19597.83333
2021-05-23 03:00:00+00:00,19509.28571
2021-05-23 04:00:00+00:00,19750.2
2021-05-23 05:00:00+00:00,19444
2021-05-23 06:00:00+00:00,20677.42857
2021-05-23 07:00:00+00:00,22265.4
2021-05-23 08:00:00+00:00,23571.5
2021-05-23 09:00:00+00:00,24335.42857
2021-05-23 10:00:00+00:00,25049.4
2021-05-23 11:00:00+00:00,25241.83333
2021-05-23 12:00:00+00:00,25129
2021-05-23 13:00:00+00:00,23530.6
2021-05-23 14:00:00+00:00,22776.5
2021-05-23 15:00:00+00:00,22182.85714
2021-05-23 16:00:00+00:00,22376.2
2021-05-23 17:00:00+00:00,23051.83333
2021-05-23 18:00:00+00:00,24105.85714
2021-05-23 19:00:00+00:00,25617.8
2021-05-23 20:00:00+00:00,25687.33333
2021-05-23 21:00:00+00:00,23722.28571
2021-05-23 22:00:00+00:00,22225.2
2021-05-23 23:00:00+00:00,21063.5
2021-05-24 00:00:00+00:00,20179.85714
2021-05-24 01:00:00+00:00,19866.8
2021-05-24 02:00:00+00:00,19854.83333
2021-05-24 03:00:00+00:00,20654.71429
2021-05-24 04:00:00+00:00,22757.8
2021-05-24 05:00:00+00:00,24872.33333
2021-05-24 06:00:00+00:00,26995.71429
2021-05-24 07:00:00+00:00,28009.6
2021-05-24 08:00:00+00:00,28607.66667
2021-05-24 09:00:00+00:00,28985.28571
2021-05-24 10:00:00+00:00,29329.2
2021-05-24 11:00:00+00:00,29595.66667
2021-05-24 12:00:00+00:00,28765.71429
2021-05-24 13:00:00+00:00,27938.4
2021-05-24 14:00:00+00:00,27607.83333
2021-05-24 15:00:00+00:00,27378.85714
2021-05-24 16:00:00+00:00,27201.4
2021-05-24 17:00:00+00:00,27342.5
2021-05-24 18:00:00+00:00,28045.28571
2021-05-24 19:00:00+00:00,29241
2021-05-24 20:00:00+00:00,28206.16667
2021-05-24 21:00:00+00:00,25746.42857
2021-05-24 22:00:00+00:00,24377.6
2021-05-24 23:00:00+00:00,23064.83333
2021-05-25 00:00:00+00:00,22159.57143
2021-05-25 01:00:00+00:00,22024
2021-05-25 02:00:00+00:00,21908.83333
2021-05-25 03:00:00+00:00,22261
2021-05-25 04:00:00+00:00,24198
2021-05-25 05:00:00+00:00,26284
2021-05-25 06:00:00+00:00,28537.57143
2021-05-25 07:00:00+00:00,29729.6
2021-05-25 08:00:00+00:00,30047.33333
2021-05-25 09:00:00+00:00,30347.28571
2021-05-25 10:00:00+00:00,30826.4
2021-05-25 11:00:00+00:00,30745.66667
2021-05-25 12:00:00+00:00,29784
2021-05-25 13:00:00+00:00,28881.8
2021-05-25 14:00:00+00:00,28508.33333
2021-05-25 15:00:00+00:00,28464.57143
2021-05-25 16:00:00+00:00,28346.2
2021-05-25 17:00:00+00:00,28502.33333
2021-05-25 18:00:00+00:00,28979.71429
2021-05-25 19:00:00+00:00,29724
2021-05-25 20:00:00+00:00,28714.5
2021-05-25 21:00:00+00:00,26176
2021-05-25 22:00:00+00:00,24832.8
2021-05-25 23:00:00+00:00,23705.83333
2021-05-26 00:00:00+00:00,22718.57143
2021-05-26 01:00:00+00:00,22435.6
2021-05-26 02:00:00+00:00,22262.66667
2021-05-26 03:00:00+00:00,22699.14286
2021-05-26 04:00:00+00:00,24782.8
2021-05-26 05:00:00+00:00,26796.66667
2021-05-26 06:00:00+00:00,28715.42857
2021-05-26 07:00:00+00:00,29686.6
2021-05-26 08:00:00+00:00,30242.5
2021-05-26 09:00:00+00:00,30722.57143
2021-05-26 10:00:00+00:00,31103.8
2021-05-26 11:00:00+00:00,31231.33333
2021-05-26 12:00:00+00:00,30257.85714
2021-05-26 13:00:00+00:00,29385
2021-05-26 14:00:00+00:00,29029.83333
2021-05-26 15:00:00+00:00,29004.42857
2021-05-26 16:00:00+00:00,28864.6
2021-05-26 17:00:00+00:00,28708.33333
2021-05-26 18:00:00+00:00,29081.28571
2021-05-26 19:00:00+00:00,29814.8
2021-05-26 20:00:00+00:00,28666.66667
2021-05-26 21:00:00+00:00,26126
2021-05-26 22:00:00+00:00,24963.8
2021-05-26 23:00:00+00:00,23701.83333
2021-05-27 00:00:00+00:00,22931.14286
2021-05-27 01:00:00+00:00,22534.2
2021-05-27 02:00:00+00:00,22374.83333
2021-05-27 03:00:00+00:00,22802.57143
2021-05-27 04:00:00+00:00,24726.8
2021-05-27 05:00:00+00:00,26698
2021-05-27 06:00:00+00:00,28865.71429
2021-05-27 07:00:00+00:00,29925.2
2021-05-27 08:00:00+00:00,30439.66667
2021-05-27 09:00:00+00:00,30626.28571
2021-05-27 10:00:00+00:00,31064.4
2021-05-27 11:00:00+00:00,31173.33333
2021-05-27 12:00:00+00:00,30503.85714
2021-05-27 13:00:00+00:00,29688.4
2021-05-27 14:00:00+00:00,29249
2021-05-27 15:00:00+00:00,29062.28571
2021-05-27 16:00:00+00:00,28760.6
2021-05-27 17:00:00+00:00,28715.33333
2021-05-27 18:00:00+00:00,29410.85714
2021-05-27 19:00:00+00:00,30030.6
2021-05-27 20:00:00+00:00,28700
2021-05-27 21:00:00+00:00,26084.57143
2021-05-27 22:00:00+00:00,24843
2021-05-27 23:00:00+00:00,23682.33333
2021-05-28 00:00:00+00:00,22827.14286
2021-05-28 01:00:00+00:00,22396.4
2021-05-28 02:00:00+00:00,22272
2021-05-28 03:00:00+00:00,22707
2021-05-28 04:00:00+00:00,24518.4
2021-05-28 05:00:00+00:00,26654.5
2021-05-28 06:00:00+00:00,28846.28571
2021-05-28 07:00:00+00:00,29945.2
2021-05-28 08:00:00+00:00,30413
2021-05-28 09:00:00+00:00,30644
2021-05-28 10:00:00+00:00,31098.6
2021-05-28 11:00:00+00:00,31001
2021-05-28 12:00:00+00:00,30013.14286
2021-05-28 13:00:00+00:00,29060.6
2021-05-28 14:00:00+00:00,28664.16667
2021-05-28 15:00:00+00:00,28512.85714
2021-05-28 16:00:00+00:00,28369.4
2021-05-28 17:00:00+00:00,28285.66667
2021-05-28 18:00:00+00:00,28236.71429
2021-05-28 19:00:00+00:00,28653.8
2021-05-28 20:00:00+00:00,27833
2021-05-28 21:00:00+00:00,25809.42857
2021-05-28 22:00:00+00:00,24789.4
2021-05-28 23:00:00+00:00,23438.16667
2021-05-29 00:00:00+00:00,22278
2021-05-29 01:00:00+00:00,21952.2
2021-05-29 02:00:00+00:00,21608.33333
2021-05-29 03:00:00+00:00,21361.42857
2021-05-29 04:00:00+00:00,21481.4
2021-05-29 05:00:00+00:00,21917.16667
2021-05-29 06:00:00+00:00,23778
2021-05-29 07:00:00+00:00,25719.8
2021-05-29 08:00:00+00:00,26956.66667
2021-05-29 09:00:00+00:00,27669.28571
2021-05-29 10:00:00+00:00,28071.4
2021-05-29 11:00:00+00:00,28045.5
2021-05-29 12:00:00+00:00,27252.71429
2021-05-29 13:00:00+00:00,26097.4
2021-05-29 14:00:00+00:00,25514.5
2021-05-29 15:00:00+00:00,25180.71429
2021-05-29 16:00:00+00:00,24977.6
2021-05-29 17:00:00+00:00,24970.16667
2021-05-29 18:00:00+00:00,25387.42857
2021-05-29 19:00:00+00:00,26469.4
2021-05-29 20:00:00+00:00,26192.33333
2021-05-29 21:00:00+00:00,24400.85714
2021-05-29 22:00:00+00:00,23064.8
2021-05-29 23:00:00+00:00,21726.83333
2021-05-30 00:00:00+00:00,20595.71429
2021-05-30 01:00:00+00:00,20029.4
2021-05-30 02:00:00+00:00,19711.16667
2021-05-30 03:00:00+00:00,19714.71429
2021-05-30 04:00:00+00:00,19796.8
2021-05-30 05:00:00+00:00,19573.83333
2021-05-30 06:00:00+00:00,20664.85714
2021-05-30 07:00:00+00:00,22442.4
2021-05-30 08:00:00+00:00,23794.66667
2021-05-30 09:00:00+00:00,24760.14286
2021-05-30 10:00:00+00:00,25120.8
2021-05-30 11:00:00+00:00,25610.5
2021-05-30 12:00:00+00:00,25426.71429
2021-05-30 13:00:00+00:00,24273
2021-05-30 14:00:00+00:00,23331.5
2021-05-30 15:00:00+00:00,23163.42857
2021-05-30 16:00:00+00:00,23225.6
2021-05-30 17:00:00+00:00,23741.33333
2021-05-30 18:00:00+00:00,24679.14286
2021-05-30 19:00:00+00:00,25885.4
2021-05-30 20:00:00+00:00,26113.83333
2021-05-30 21:00:00+00:00,24436.42857
2021-05-30 22:00:00+00:00,22946.4
2021-05-30 23:00:00+00:00,21725.5
2021-05-31 00:00:00+00:00,21004.14286
2021-05-31 01:00:00+00:00,20596
2021-05-31 02:00:00+00:00,20668
2021-05-31 03:00:00+00:00,21338.28571
2021-05-31 04:00:00+00:00,23574.4
2021-05-31 05:00:00+00:00,25726.83333
2021-05-31 06:00:00+00:00,27699.57143
2021-05-31 07:00:00+00:00,29260.4
2021-05-31 08:00:00+00:00,30022.83333
2021-05-31 09:00:00+00:00,30676
2021-05-31 10:00:00+00:00,31009.8
2021-05-31 11:00:00+00:00,31287.33333
2021-05-31 12:00:00+00:00,30585.71429
2021-05-31 13:00:00+00:00,29881
2021-05-31 14:00:00+00:00,29586.66667
2021-05-31 15:00:00+00:00,29508
2021-05-31 16:00:00+00:00,29229.8
2021-05-31 17:00:00+00:00,29354.33333
2021-05-31 18:00:00+00:00,30018.71429
2021-05-31 19:00:00+00:00,30662
2021-05-31 20:00:00+00:00,29271.16667
2021-05-31 21:00:00+00:00,26462.14286
2021-05-31 22:00:00+00:00,25220
2021-05-31 23:00:00+00:00,24103.83333
2021-06-01 00:00:00+00:00,23118.14286
2021-06-01 01:00:00+00:00,22726.6
2021-06-01 02:00:00+00:00,22663.83333
2021-06-01 03:00:00+00:00,23055.57143
2021-06-01 04:00:00+00:00,24829.6
2021-06-01 05:00:00+00:00,26857.33333
2021-06-01 06:00:00+00:00,28982.14286
2021-06-01 07:00:00+00:00,30050.6
2021-06-01 08:00:00+00:00,30557.83333
2021-06-01 09:00:00+00:00,30911.57143
2021-06-01 10:00:00+00:00,31550
2021-06-01 11:00:00+00:00,31377.16667
2021-06-01 12:00:00+00:00,30698.28571
2021-06-01 13:00:00+00:00,29652.8
2021-06-01 14:00:00+00:00,29283.66667
2021-06-01 15:00:00+00:00,29118.42857
2021-06-01 16:00:00+00:00,28661.4
2021-06-01 17:00:00+00:00,28678.5
2021-06-01 18:00:00+00:00,28993.42857
2021-06-01 19:00:00+00:00,29292.4
2021-06-01 20:00:00+00:00,28661.66667
2021-06-01 21:00:00+00:00,26297.57143
2021-06-01 22:00:00+00:00,25609.6
2021-06-01 23:00:00+00:00,24305.16667
2021-06-02 00:00:00+00:00,23224
2021-06-02 01:00:00+00:00,22716.4
2021-06-02 02:00:00+00:00,22694.16667
2021-06-02 03:00:00+00:00,23231.14286
2021-06-02 04:00:00+00:00,25088.4
2021-06-02 05:00:00+00:00,27123.83333
2021-06-02 06:00:00+00:00,29092.42857
2021-06-02 07:00:00+00:00,29832.2
2021-06-02 08:00:00+00:00,30071.5
2021-06-02 09:00:00+00:00,30494.85714
2021-06-02 10:00:00+00:00,31110.6
2021-06-02 11:00:00+00:00,31332.83333
2021-06-02 12:00:00+00:00,30899.42857
2021-06-02 13:00:00+00:00,30124.2
2021-06-02 14:00:00+00:00,29736.16667
2021-06-02 15:00:00+00:00,29719.28571
2021-06-02 16:00:00+00:00,29077.8
2021-06-02 17:00:00+00:00,29063
2021-06-02 18:00:00+00:00,29231.57143
2021-06-02 19:00:00+00:00,29292
2021-06-02 20:00:00+00:00,28868.16667
2021-06-02 21:00:00+00:00,26397.28571
2021-06-02 22:00:00+00:00,25971.4
2021-06-02 23:00:00+00:00,24552.83333
2021-06-03 00:00:00+00:00,23476.14286
2021-06-03 01:00:00+00:00,22910
2021-06-03 02:00:00+00:00,22877
2021-06-03 03:00:00+00:00,23331.42857
2021-06-03 04:00:00+00:00,24901.4
2021-06-03 05:00:00+00:00,26951.66667
2021-06-03 06:00:00+00:00,28625.42857
2021-06-03 07:00:00+00:00,29361.4
2021-06-03 08:00:00+00:00,29970
2021-06-03 09:00:00+00:00,30444
2021-06-03 10:00:00+00:00,30899
2021-06-03 11:00:00+00:00,31040.66667
2021-06-03 12:00:00+00:00,30847.14286
2021-06-03 13:00:00+00:00,30007
2021-06-03 14:00:00+00:00,29649.83333
2021-06-03 15:00:00+00:00,29222
2021-06-03 16:00:00+00:00,28789
2021-06-03 17:00:00+00:00,28613
2021-06-03 18:00:00+00:00,28987.85714
2021-06-03 19:00:00+00:00,29281.6
2021-06-03 20:00:00+00:00,28919.83333
2021-06-03 21:00:00+00:00,26545.42857
2021-06-03 22:00:00+00:00,25832.8
2021-06-03 23:00:00+00:00,24686.66667
2021-06-04 00:00:00+00:00,23529.71429
2021-06-04 01:00:00+00:00,23000
2021-06-04 02:00:00+00:00,22724.16667
2021-06-04 03:00:00+00:00,23246.28571
2021-06-04 04:00:00+00:00,24977.4
2021-06-04 05:00:00+00:00,27129.66667
2021-06-04 06:00:00+00:00,28928.28571
2021-06-04 07:00:00+00:00,29612.6
2021-06-04 08:00:00+00:00,30074.83333
2021-06-04 09:00:00+00:00,30502.71429
2021-06-04 10:00:00+00:00,30837.8
2021-06-04 11:00:00+00:00,30954.33333
2021-06-04 12:00:00+00:00,30372.71429
2021-06-04 13:00:00+00:00,29425.6
2021-06-04 14:00:00+00:00,28985.83333
2021-06-04 15:00:00+00:00,28818.71429
2021-06-04 16:00:00+00:00,28215.2
2021-06-04 17:00:00+00:00,28096
2021-06-04 18:00:00+00:00,28057.71429
2021-06-04 19:00:00+00:00,28288.2
2021-06-04 20:00:00+00:00,27820.5
2021-06-04 21:00:00+00:00,25795
2021-06-04 22:00:00+00:00,25467.2
2021-06-04 23:00:00+00:00,24151.33333
2021-06-05 00:00:00+00:00,22794.28571
2021-06-05 01:00:00+00:00,22098.2
2021-06-05 02:00:00+00:00,21726.5
2021-06-05 03:00:00+00:00,21483.85714
2021-06-05 04:00:00+00:00,21681
2021-06-05 05:00:00+00:00,21958
2021-06-05 06:00:00+00:00,23604.42857
2021-06-05 07:00:00+00:00,25472.8
2021-06-05 08:00:00+00:00,26728.66667
2021-06-05 09:00:00+00:00,27367
2021-06-05 10:00:00+00:00,27514.8
2021-06-05 11:00:00+00:00,27706.33333
2021-06-05 12:00:00+00:00,27001.14286
2021-06-05 13:00:00+00:00,25612.8
2021-06-05 14:00:00+00:00,24993.66667
2021-06-05 15:00:00+00:00,24454.28571
2021-06-05 16:00:00+00:00,24350.8
2021-06-05 17:00:00+00:00,24422.5
2021-06-05 18:00:00+00:00,25069.42857
2021-06-05 19:00:00+00:00,25999.2
2021-06-05 20:00:00+00:00,25939.5
2021-06-05 21:00:00+00:00,24073.42857
2021-06-05 22:00:00+00:00,22668.8
2021-06-05 23:00:00+00:00,21390.5
2021-06-06 00:00:00+00:00,20202.28571
2021-06-06 01:00:00+00:00,19782
2021-06-06 02:00:00+00:00,19507.33333
2021-06-06 03:00:00+00:00,19367.14286
2021-06-06 04:00:00+00:00,19466.8
2021-06-06 05:00:00+00:00,19324.66667
2021-06-06 06:00:00+00:00,20506.14286
2021-06-06 07:00:00+00:00,22233.8
2021-06-06 08:00:00+00:00,23572.33333
2021-06-06 09:00:00+00:00,24235.42857
2021-06-06 10:00:00+00:00,24589.4
2021-06-06 11:00:00+00:00,25100.66667
2021-06-06 12:00:00+00:00,25060
2021-06-06 13:00:00+00:00,23875.4
2021-06-06 14:00:00+00:00,23125.5
2021-06-06 15:00:00+00:00,22841.28571
2021-06-06 16:00:00+00:00,23211.6
2021-06-06 17:00:00+00:00,23670.33333
2021-06-06 18:00:00+00:00,24581
2021-06-06 19:00:00+00:00,25940.8
2021-06-06 20:00:00+00:00,26793
2021-06-06 21:00:00+00:00,24916.71429
2021-06-06 22:00:00+00:00,23575.2
2021-06-06 23:00:00+00:00,22234.33333
2021-06-07 00:00:00+00:00,21227.14286
2021-06-07 01:00:00+00:00,20849.2
2021-06-07 02:00:00+00:00,20922.66667
2021-06-07 03:00:00+00:00,21517.42857
2021-06-07 04:00:00+00:00,23600.6
2021-06-07 05:00:00+00:00,25833.5
2021-06-07 06:00:00+00:00,28251
2021-06-07 07:00:00+00:00,29293.4
2021-06-07 08:00:00+00:00,29798.33333
2021-06-07 09:00:00+00:00,30363.28571
2021-06-07 10:00:00+00:00,31100.6
2021-06-07 11:00:00+00:00,31521
2021-06-07 12:00:00+00:00,31262.57143
2021-06-07 13:00:00+00:00,30623.4
2021-06-07 14:00:00+00:00,30357.33333
2021-06-07 15:00:00+00:00,30263.57143
2021-06-07 16:00:00+00:00,29835
2021-06-07 17:00:00+00:00,29718.33333
2021-06-07 18:00:00+00:00,29756
2021-06-07 19:00:00+00:00,29708.4
2021-06-07 20:00:00+00:00,29310
2021-06-07 21:00:00+00:00,26960.42857
2021-06-07 22:00:00+00:00,26183.8
2021-06-07 23:00:00+00:00,24882.5
2021-06-08 00:00:00+00:00,23728.85714
2021-06-08 01:00:00+00:00,23253.6
2021-06-08 02:00:00+00:00,23145
2021-06-08 03:00:00+00:00,23528
2021-06-08 04:00:00+00:00,25259.6
2021-06-08 05:00:00+00:00,27396.16667
2021-06-08 06:00:00+00:00,29410.14286
2021-06-08 07:00:00+00:00,30338.8
2021-06-08 08:00:00+00:00,30827
2021-06-08 09:00:00+00:00,31364.42857
2021-06-08 10:00:00+00:00,32188
2021-06-08 11:00:00+00:00,32497.66667
2021-06-08 12:00:00+00:00,32201.57143
2021-06-08 13:00:00+00:00,31539.6
2021-06-08 14:00:00+00:00,31359.66667
2021-06-08 15:00:00+00:00,31080.28571
2021-06-08 16:00:00+00:00,30643.2
2021-06-08 17:00:00+00:00,30345.5
2021-06-08 18:00:00+00:00,30210.28571
2021-06-08 19:00:00+00:00,29984.6
2021-06-08 20:00:00+00:00,29582.66667
2021-06-08 21:00:00+00:00,27413.57143
2021-06-08 22:00:00+00:00,26754
2021-06-08 23:00:00+00:00,25476
2021-06-09 00:00:00+00:00,24295
2021-06-09 01:00:00+00:00,23714.2
2021-06-09 02:00:00+00:00,23647
2021-06-09 03:00:00+00:00,23982.85714
2021-06-09 04:00:00+00:00,25530.8
2021-06-09 05:00:00+00:00,27652.83333
2021-06-09 06:00:00+00:00,29459
2021-06-09 07:00:00+00:00,30557
2021-06-09 08:00:00+00:00,31148.5
2021-06-09 09:00:00+00:00,31901.42857
2021-06-09 10:00:00+00:00,32670
2021-06-09 11:00:00+00:00,32897.66667
2021-06-09 12:00:00+00:00,32739.57143
2021-06-09 13:00:00+00:00,32070.6
2021-06-09 14:00:00+00:00,31787
2021-06-09 15:00:00+00:00,31587.71429
2021-06-09 16:00:00+00:00,30896.6
2021-06-09 17:00:00+00:00,30776.16667
2021-06-09 18:00:00+00:00,30585.28571
2021-06-09 19:00:00+00:00,30380.6
2021-06-09 20:00:00+00:00,30147.83333
2021-06-09 21:00:00+00:00,27715.14286
2021-06-09 22:00:00+00:00,26978.4
2021-06-09 23:00:00+00:00,25506.5
2021-06-10 00:00:00+00:00,24435.28571
2021-06-10 01:00:00+00:00,24003.8
2021-06-10 02:00:00+00:00,23903.16667
2021-06-10 03:00:00+00:00,24176.28571
2021-06-10 04:00:00+00:00,25995.4
2021-06-10 05:00:00+00:00,28062.66667
2021-06-10 06:00:00+00:00,29860
2021-06-10 07:00:00+00:00,30914.6
2021-06-10 08:00:00+00:00,31365.16667
2021-06-10 09:00:00+00:00,32056.14286
2021-06-10 10:00:00+00:00,32886.6
2021-06-10 11:00:00+00:00,33186.33333
2021-06-10 12:00:00+00:00,33242.14286
2021-06-10 13:00:00+00:00,32731.4
2021-06-10 14:00:00+00:00,32467.16667
2021-06-10 15:00:00+00:00,32304.42857
2021-06-10 16:00:00+00:00,31508
2021-06-10 17:00:00+00:00,31290.16667
2021-06-10 18:00:00+00:00,30897.57143
2021-06-10 19:00:00+00:00,30641.6
2021-06-10 20:00:00+00:00,30169.16667
2021-06-10 21:00:00+00:00,27957.14286
2021-06-10 22:00:00+00:00,27094.6
2021-06-10 23:00:00+00:00,25907.83333
2021-06-11 00:00:00+00:00,24579.28571
2021-06-11 01:00:00+00:00,23953
2021-06-11 02:00:00+00:00,23759.66667
2021-06-11 03:00:00+00:00,24101.85714
2021-06-11 04:00:00+00:00,25790
2021-06-11 05:00:00+00:00,27934.33333
2021-06-11 06:00:00+00:00,29922.85714
2021-06-11 07:00:00+00:00,30966.6
2021-06-11 08:00:00+00:00,31551.5
2021-06-11 09:00:00+00:00,32323.57143
2021-06-11 10:00:00+00:00,33070.6
2021-06-11 11:00:00+00:00,33252.66667
2021-06-11 12:00:00+00:00,32859.42857
2021-06-11 13:00:00+00:00,32072.2
2021-06-11 14:00:00+00:00,31700.83333
2021-06-11 15:00:00+00:00,31331.14286
2021-06-11 16:00:00+00:00,30684.4
2021-06-11 17:00:00+00:00,30315
2021-06-11 18:00:00+00:00,29777.85714
2021-06-11 19:00:00+00:00,29596.6
2021-06-11 20:00:00+00:00,28956.66667
2021-06-11 21:00:00+00:00,26956.14286
2021-06-11 22:00:00+00:00,26438.4
2021-06-11 23:00:00+00:00,25211.5
2021-06-12 00:00:00+00:00,24002.71429
2021-06-12 01:00:00+00:00,23285.4
2021-06-12 02:00:00+00:00,22958.16667
2021-06-12 03:00:00+00:00,22677.85714
2021-06-12 04:00:00+00:00,22762.8
2021-06-12 05:00:00+00:00,23176.83333
2021-06-12 06:00:00+00:00,25124.14286
2021-06-12 07:00:00+00:00,27209.6
2021-06-12 08:00:00+00:00,28253.16667
2021-06-12 09:00:00+00:00,28783.28571
2021-06-12 10:00:00+00:00,29221.6
2021-06-12 11:00:00+00:00,29501.5
2021-06-12 12:00:00+00:00,28919.85714
2021-06-12 13:00:00+00:00,27896
2021-06-12 14:00:00+00:00,27402.16667
2021-06-12 15:00:00+00:00,27189.57143
2021-06-12 16:00:00+00:00,26992.8
2021-06-12 17:00:00+00:00,27173.16667
2021-06-12 18:00:00+00:00,27359.28571
2021-06-12 19:00:00+00:00,27658.4
2021-06-12 20:00:00+00:00,27535
2021-06-12 21:00:00+00:00,25734.14286
2021-06-12 22:00:00+00:00,24466
2021-06-12 23:00:00+00:00,23011.66667
2021-06-13 00:00:00+00:00,21936.42857
2021-06-13 01:00:00+00:00,21364.4
2021-06-13 02:00:00+00:00,20956.5
2021-06-13 03:00:00+00:00,20728
2021-06-13 04:00:00+00:00,20915.4
2021-06-13 05:00:00+00:00,20650.66667
2021-06-13 06:00:00+00:00,21850
2021-06-13 07:00:00+00:00,23533.6
2021-06-13 08:00:00+00:00,24809
2021-06-13 09:00:00+00:00,25877
2021-06-13 10:00:00+00:00,26524.4
2021-06-13 11:00:00+00:00,27037.33333
2021-06-13 12:00:00+00:00,27151.85714
2021-06-13 13:00:00+00:00,26086.2
2021-06-13 14:00:00+00:00,25583.16667
2021-06-13 15:00:00+00:00,25366.14286
2021-06-13 16:00:00+00:00,25605.8
2021-06-13 17:00:00+00:00,25950.5
2021-06-13 18:00:00+00:00,26522.85714
2021-06-13 19:00:00+00:00,27550.6
2021-06-13 20:00:00+00:00,28105.16667
2021-06-13 21:00:00+00:00,26434.71429
2021-06-13 22:00:00+00:00,24701.2
2021-06-13 23:00:00+00:00,23531.33333
2021-06-14 00:00:00+00:00,22643.57143
2021-06-14 01:00:00+00:00,22258.8
2021-06-14 02:00:00+00:00,22067.16667
2021-06-14 03:00:00+00:00,22783.85714
2021-06-14 04:00:00+00:00,25200.2
2021-06-14 05:00:00+00:00,27512.83333
2021-06-14 06:00:00+00:00,29620.71429
2021-06-14 07:00:00+00:00,31130
2021-06-14 08:00:00+00:00,31961.5
2021-06-14 09:00:00+00:00,32886.28571
2021-06-14 10:00:00+00:00,33745.8
2021-06-14 11:00:00+00:00,34172.33333
2021-06-14 12:00:00+00:00,34097.14286
2021-06-14 13:00:00+00:00,33629.2
2021-06-14 14:00:00+00:00,33414.66667
2021-06-14 15:00:00+00:00,33162.71429
2021-06-14 16:00:00+00:00,32252
2021-06-14 17:00:00+00:00,32060.33333
2021-06-14 18:00:00+00:00,31949.71429
2021-06-14 19:00:00+00:00,31528.4
2021-06-14 20:00:00+00:00,30932.16667
2021-06-14 21:00:00+00:00,28429.28571
2021-06-14 22:00:00+00:00,27273.4
2021-06-14 23:00:00+00:00,26065.16667
2021-06-15 00:00:00+00:00,24899.28571
2021-06-15 01:00:00+00:00,24300.8
2021-06-15 02:00:00+00:00,24119.5
2021-06-15 03:00:00+00:00,24569.28571
2021-06-15 04:00:00+00:00,26450.6
2021-06-15 05:00:00+00:00,28723.33333
2021-06-15 06:00:00+00:00,30771
2021-06-15 07:00:00+00:00,32322.2
2021-06-15 08:00:00+00:00,33008.16667
2021-06-15 09:00:00+00:00,33567.71429
2021-06-15 10:00:00+00:00,34136.6
2021-06-15 11:00:00+00:00,34600.66667
2021-06-15 12:00:00+00:00,34275
2021-06-15 13:00:00+00:00,33711.8
2021-06-15 14:00:00+00:00,33642.33333
2021-06-15 15:00:00+00:00,33110.14286
2021-06-15 16:00:00+00:00,32625.4
2021-06-15 17:00:00+00:00,32211
2021-06-15 18:00:00+00:00,31862.71429
2021-06-15 19:00:00+00:00,31550
2021-06-15 20:00:00+00:00,30840.83333
2021-06-15 21:00:00+00:00,28563.42857
2021-06-15 22:00:00+00:00,27544.4
2021-06-15 23:00:00+00:00,26155.5
2021-06-16 00:00:00+00:00,25057.71429
2021-06-16 01:00:00+00:00,24527.6
2021-06-16 02:00:00+00:00,24240.83333
2021-06-16 03:00:00+00:00,24683.14286
2021-06-16 04:00:00+00:00,26742.6
2021-06-16 05:00:00+00:00,28921.83333
2021-06-16 06:00:00+00:00,30896.14286
2021-06-16 07:00:00+00:00,32135.4
2021-06-16 08:00:00+00:00,32727.33333
2021-06-16 09:00:00+00:00,33265.57143
2021-06-16 10:00:00+00:00,33750.8
2021-06-16 11:00:00+00:00,33981.33333
2021-06-16 12:00:00+00:00,33771.28571
2021-06-16 13:00:00+00:00,33191.2
2021-06-16 14:00:00+00:00,32924
2021-06-16 15:00:00+00:00,32642.28571
2021-06-16 16:00:00+00:00,31886.2
2021-06-16 17:00:00+00:00,31515.83333
2021-06-16 18:00:00+00:00,31179.42857
2021-06-16 19:00:00+00:00,30714
2021-06-16 20:00:00+00:00,30199.5
2021-06-16 21:00:00+00:00,27684.71429
2021-06-16 22:00:00+00:00,27154.6
2021-06-16 23:00:00+00:00,25800.16667
2021-06-17 00:00:00+00:00,24632.85714
2021-06-17 01:00:00+00:00,24198.2
2021-06-17 02:00:00+00:00,23902.66667
2021-06-17 03:00:00+00:00,24413.57143
2021-06-17 04:00:00+00:00,26085
2021-06-17 05:00:00+00:00,28230
2021-06-17 06:00:00+00:00,30239.28571
2021-06-17 07:00:00+00:00,31463.8
2021-06-17 08:00:00+00:00,31818
2021-06-17 09:00:00+00:00,32246.71429
2021-06-17 10:00:00+00:00,32738.4
2021-06-17 11:00:00+00:00,32552
2021-06-17 12:00:00+00:00,31790.28571
2021-06-17 13:00:00+00:00,31136.8
2021-06-17 14:00:00+00:00,30539.33333
2021-06-17 15:00:00+00:00,30438.14286
2021-06-17 16:00:00+00:00,30028
2021-06-17 17:00:00+00:00,29837.33333
2021-06-17 18:00:00+00:00,29971.42857
2021-06-17 19:00:00+00:00,29831
2021-06-17 20:00:00+00:00,29485.33333
2021-06-17 21:00:00+00:00,27140
2021-06-17 22:00:00+00:00,26310.6
2021-06-17 23:00:00+00:00,25025.5
2021-06-18 00:00:00+00:00,23968.71429
2021-06-18 01:00:00+00:00,23555
2021-06-18 02:00:00+00:00,23248.5
2021-06-18 03:00:00+00:00,23815.57143
2021-06-18 04:00:00+00:00,25576.8
2021-06-18 05:00:00+00:00,27797.5
2021-06-18 06:00:00+00:00,29896.28571
2021-06-18 07:00:00+00:00,30936
2021-06-18 08:00:00+00:00,31296.33333
2021-06-18 09:00:00+00:00,31696.85714
2021-06-18 10:00:00+00:00,32219.4
2021-06-18 11:00:00+00:00,32354
2021-06-18 12:00:00+00:00,31815.57143
2021-06-18 13:00:00+00:00,30846.8
2021-06-18 14:00:00+00:00,30384.16667
2021-06-18 15:00:00+00:00,29968.71429
2021-06-18 16:00:00+00:00,29333.4
2021-06-18 17:00:00+00:00,29319.83333
2021-06-18 18:00:00+00:00,29125.57143
2021-06-18 19:00:00+00:00,28921.2
2021-06-18 20:00:00+00:00,28642.83333
2021-06-18 21:00:00+00:00,26621
2021-06-18 22:00:00+00:00,26206
2021-06-18 23:00:00+00:00,24839.5
2021-06-19 00:00:00+00:00,23625.14286
2021-06-19 01:00:00+00:00,22909
2021-06-19 02:00:00+00:00,22535.16667
2021-06-19 03:00:00+00:00,22299.85714
2021-06-19 04:00:00+00:00,22434
2021-06-19 05:00:00+00:00,22864.5
2021-06-19 06:00:00+00:00,24550.42857
2021-06-19 07:00:00+00:00,26516.4
2021-06-19 08:00:00+00:00,27840.16667
2021-06-19 09:00:00+00:00,28123.14286
2021-06-19 10:00:00+00:00,28136
2021-06-19 11:00:00+00:00,28312.66667
2021-06-19 12:00:00+00:00,27944.14286
2021-06-19 13:00:00+00:00,26658.2
2021-06-19 14:00:00+00:00,25800.33333
2021-06-19 15:00:00+00:00,25644
2021-06-19 16:00:00+00:00,25473.8
2021-06-19 17:00:00+00:00,25736.5
2021-06-19 18:00:00+00:00,26284.71429
2021-06-19 19:00:00+00:00,26737.8
2021-06-19 20:00:00+00:00,26697.5
2021-06-19 21:00:00+00:00,25080.57143
2021-06-19 22:00:00+00:00,23672.8
2021-06-19 23:00:00+00:00,22376.66667
2021-06-20 00:00:00+00:00,21249.85714
2021-06-20 01:00:00+00:00,20680.8
2021-06-20 02:00:00+00:00,20273.16667
2021-06-20 03:00:00+00:00,20096.85714
2021-06-20 04:00:00+00:00,20095.2
2021-06-20 05:00:00+00:00,19921.5
2021-06-20 06:00:00+00:00,21098.57143
2021-06-20 07:00:00+00:00,22771
2021-06-20 08:00:00+00:00,24110.5
2021-06-20 09:00:00+00:00,24796.85714
2021-06-20 10:00:00+00:00,25238.4
2021-06-20 11:00:00+00:00,25702.33333
2021-06-20 12:00:00+00:00,25531.14286
2021-06-20 13:00:00+00:00,24241.2
2021-06-20 14:00:00+00:00,23317.83333
2021-06-20 15:00:00+00:00,23353
2021-06-20 16:00:00+00:00,23924
2021-06-20 17:00:00+00:00,24372.16667
2021-06-20 18:00:00+00:00,24962.71429
2021-06-20 19:00:00+00:00,26170.8
2021-06-20 20:00:00+00:00,26897.83333
2021-06-20 21:00:00+00:00,25087.42857
2021-06-20 22:00:00+00:00,23779.4
2021-06-20 23:00:00+00:00,22510.33333
2021-06-21 00:00:00+00:00,21545.28571
2021-06-21 01:00:00+00:00,21313.8
2021-06-21 02:00:00+00:00,21227.33333
2021-06-21 03:00:00+00:00,21927.42857
2021-06-21 04:00:00+00:00,24158.2
2021-06-21 05:00:00+00:00,26380.66667
2021-06-21 06:00:00+00:00,28580
2021-06-21 07:00:00+00:00,29597.2
2021-06-21 08:00:00+00:00,30105
2021-06-21 09:00:00+00:00,30645
2021-06-21 10:00:00+00:00,31255.8
2021-06-21 11:00:00+00:00,31472.5
2021-06-21 12:00:00+00:00,31241.28571
2021-06-21 13:00:00+00:00,30358.4
2021-06-21 14:00:00+00:00,30271.66667
2021-06-21 15:00:00+00:00,30261.28571
2021-06-21 16:00:00+00:00,29926.8
2021-06-21 17:00:00+00:00,29513.66667
2021-06-21 18:00:00+00:00,29401.28571
2021-06-21 19:00:00+00:00,29182.6
2021-06-21 20:00:00+00:00,28806.66667
2021-06-21 21:00:00+00:00,26713.14286
2021-06-21 22:00:00+00:00,25809
2021-06-21 23:00:00+00:00,24662.33333
2021-06-22 00:00:00+00:00,23655.28571
2021-06-22 01:00:00+00:00,22988
2021-06-22 02:00:00+00:00,22936.33333
2021-06-22 03:00:00+00:00,23148.71429
2021-06-22 04:00:00+00:00,25228.6
2021-06-22 05:00:00+00:00,27313.83333
2021-06-22 06:00:00+00:00,29302.42857
2021-06-22 07:00:00+00:00,30257.2
2021-06-22 08:00:00+00:00,30714
2021-06-22 09:00:00+00:00,31255.57143
2021-06-22 10:00:00+00:00,31761
2021-06-22 11:00:00+00:00,31711.33333
2021-06-22 12:00:00+00:00,31286.57143
2021-06-22 13:00:00+00:00,30292.4
2021-06-22 14:00:00+00:00,30140.5
2021-06-22 15:00:00+00:00,29960.85714
2021-06-22 16:00:00+00:00,29462
2021-06-22 17:00:00+00:00,29192.66667
2021-06-22 18:00:00+00:00,29346
2021-06-22 19:00:00+00:00,29370
2021-06-22 20:00:00+00:00,29039.66667
2021-06-22 21:00:00+00:00,26775.85714
2021-06-22 22:00:00+00:00,26078.4
2021-06-22 23:00:00+00:00,24922.66667
2021-06-23 00:00:00+00:00,23799
2021-06-23 01:00:00+00:00,23395.2
2021-06-23 02:00:00+00:00,23170.33333
2021-06-23 03:00:00+00:00,23559.71429
2021-06-23 04:00:00+00:00,25387.6
2021-06-23 05:00:00+00:00,27211.83333
2021-06-23 06:00:00+00:00,28734.14286
2021-06-23 07:00:00+00:00,29697.4
2021-06-23 08:00:00+00:00,30333
2021-06-23 09:00:00+00:00,30557.57143
2021-06-23 10:00:00+00:00,31159.4
2021-06-23 11:00:00+00:00,31379.66667
2021-06-23 12:00:00+00:00,30713.14286
2021-06-23 13:00:00+00:00,29709.6
2021-06-23 14:00:00+00:00,29176.66667
2021-06-23 15:00:00+00:00,29058.57143
2021-06-23 16:00:00+00:00,28684.6
2021-06-23 17:00:00+00:00,28368.66667
2021-06-23 18:00:00+00:00,28069
2021-06-23 19:00:00+00:00,27966.6
2021-06-23 20:00:00+00:00,27565.16667
2021-06-23 21:00:00+00:00,25658.57143
2021-06-23 22:00:00+00:00,25285.2
2021-06-23 23:00:00+00:00,24178.66667
2021-06-24 00:00:00+00:00,23074.28571
2021-06-24 01:00:00+00:00,22496.4
2021-06-24 02:00:00+00:00,22211.83333
2021-06-24 03:00:00+00:00,22389.85714
2021-06-24 04:00:00+00:00,23548.4
2021-06-24 05:00:00+00:00,24844.33333
2021-06-24 06:00:00+00:00,26158.57143
2021-06-24 07:00:00+00:00,27284.4
2021-06-24 08:00:00+00:00,28015.33333
2021-06-24 09:00:00+00:00,28454.57143
2021-06-24 10:00:00+00:00,28899.6
2021-06-24 11:00:00+00:00,29399.33333
2021-06-24 12:00:00+00:00,29274.71429
2021-06-24 13:00:00+00:00,28423.4
2021-06-24 14:00:00+00:00,28048.33333
2021-06-24 15:00:00+00:00,27813.71429
2021-06-24 16:00:00+00:00,27532.4
2021-06-24 17:00:00+00:00,27686.33333
2021-06-24 18:00:00+00:00,27517.42857
2021-06-24 19:00:00+00:00,27732.2
2021-06-24 20:00:00+00:00,27969
2021-06-24 21:00:00+00:00,26274.28571
2021-06-24 22:00:00+00:00,25617
2021-06-24 23:00:00+00:00,24157.66667
2021-06-25 00:00:00+00:00,23105.85714
2021-06-25 01:00:00+00:00,22632
2021-06-25 02:00:00+00:00,22553.5
2021-06-25 03:00:00+00:00,22817.85714
2021-06-25 04:00:00+00:00,24419
2021-06-25 05:00:00+00:00,25966
2021-06-25 06:00:00+00:00,27754
2021-06-25 07:00:00+00:00,29036.4
2021-06-25 08:00:00+00:00,29586.16667
2021-06-25 09:00:00+00:00,30126.14286
2021-06-25 10:00:00+00:00,30726.6
2021-06-25 11:00:00+00:00,31064.33333
2021-06-25 12:00:00+00:00,31008.42857
2021-06-25 13:00:00+00:00,29995.4
2021-06-25 14:00:00+00:00,29606.83333
2021-06-25 15:00:00+00:00,29456.42857
2021-06-25 16:00:00+00:00,29040.6
2021-06-25 17:00:00+00:00,29095.33333
2021-06-25 18:00:00+00:00,28863.14286
2021-06-25 19:00:00+00:00,28589.4
2021-06-25 20:00:00+00:00,28389.5
2021-06-25 21:00:00+00:00,26538.57143
2021-06-25 22:00:00+00:00,25864.8
2021-06-25 23:00:00+00:00,24571.5
2021-06-26 00:00:00+00:00,23307.71429
2021-06-26 01:00:00+00:00,22470.4
2021-06-26 02:00:00+00:00,22095.83333
2021-06-26 03:00:00+00:00,22043.42857
2021-06-26 04:00:00+00:00,22115.2
2021-06-26 05:00:00+00:00,22360.83333
2021-06-26 06:00:00+00:00,24063.42857
2021-06-26 07:00:00+00:00,26098.8
2021-06-26 08:00:00+00:00,27266.66667
2021-06-26 09:00:00+00:00,28009
2021-06-26 10:00:00+00:00,28421.6
2021-06-26 11:00:00+00:00,28723.33333
2021-06-26 12:00:00+00:00,28438.42857
2021-06-26 13:00:00+00:00,27306
2021-06-26 14:00:00+00:00,26764.5
2021-06-26 15:00:00+00:00,26497
2021-06-26 16:00:00+00:00,26465.8
2021-06-26 17:00:00+00:00,26531.16667
2021-06-26 18:00:00+00:00,26725
2021-06-26 19:00:00+00:00,27202.2
2021-06-26 20:00:00+00:00,27276.5
2021-06-26 21:00:00+00:00,25566.71429
2021-06-26 22:00:00+00:00,24258.8
2021-06-26 23:00:00+00:00,22950
2021-06-27 00:00:00+00:00,21677
2021-06-27 01:00:00+00:00,21088.2
2021-06-27 02:00:00+00:00,20641.33333
2021-06-27 03:00:00+00:00,20332.57143
2021-06-27 04:00:00+00:00,20307.6
2021-06-27 05:00:00+00:00,20249.83333
2021-06-27 06:00:00+00:00,21390.14286
2021-06-27 07:00:00+00:00,22917.4
2021-06-27 08:00:00+00:00,24282
2021-06-27 09:00:00+00:00,25311.28571
2021-06-27 10:00:00+00:00,25731.6
2021-06-27 11:00:00+00:00,26167
2021-06-27 12:00:00+00:00,26252
2021-06-27 13:00:00+00:00,25302
2021-06-27 14:00:00+00:00,24774
2021-06-27 15:00:00+00:00,24418.42857
2021-06-27 16:00:00+00:00,24772.8
2021-06-27 17:00:00+00:00,24975.66667
2021-06-27 18:00:00+00:00,25537.28571
2021-06-27 19:00:00+00:00,26599.2
2021-06-27 20:00:00+00:00,27273.66667
2021-06-27 21:00:00+00:00,25617.85714
2021-06-27 22:00:00+00:00,24174
2021-06-27 23:00:00+00:00,22952.83333
2021-06-28 00:00:00+00:00,21848.42857
2021-06-28 01:00:00+00:00,21249
2021-06-28 02:00:00+00:00,21389.5
2021-06-28 03:00:00+00:00,21933.57143
2021-06-28 04:00:00+00:00,24046
2021-06-28 05:00:00+00:00,25943.33333
2021-06-28 06:00:00+00:00,28166.28571
2021-06-28 07:00:00+00:00,29732.8
2021-06-28 08:00:00+00:00,30450.83333
2021-06-28 09:00:00+00:00,31110.85714
2021-06-28 10:00:00+00:00,31611.6
2021-06-28 11:00:00+00:00,32152.33333
2021-06-28 12:00:00+00:00,32024.57143
2021-06-28 13:00:00+00:00,31244
2021-06-28 14:00:00+00:00,31172.5
2021-06-28 15:00:00+00:00,31085.57143
2021-06-28 16:00:00+00:00,30676.8
2021-06-28 17:00:00+00:00,30110.5
2021-06-28 18:00:00+00:00,29874.14286
2021-06-28 19:00:00+00:00,29695.4
2021-06-28 20:00:00+00:00,29385.16667
2021-06-28 21:00:00+00:00,27396.71429
2021-06-28 22:00:00+00:00,26649.4
2021-06-28 23:00:00+00:00,25242.83333
2021-06-29 00:00:00+00:00,24269.28571
2021-06-29 01:00:00+00:00,23623.4
2021-06-29 02:00:00+00:00,23511
2021-06-29 03:00:00+00:00,23894.28571
2021-06-29 04:00:00+00:00,25606.6
2021-06-29 05:00:00+00:00,27258.5
2021-06-29 06:00:00+00:00,29211.42857
2021-06-29 07:00:00+00:00,30537.2
2021-06-29 08:00:00+00:00,31371.5
2021-06-29 09:00:00+00:00,32047.42857
2021-06-29 10:00:00+00:00,32406.8
2021-06-29 11:00:00+00:00,32566.33333
2021-06-29 12:00:00+00:00,32268.71429
2021-06-29 13:00:00+00:00,31453
2021-06-29 14:00:00+00:00,31205.66667
2021-06-29 15:00:00+00:00,31106.85714
2021-06-29 16:00:00+00:00,30769.8
2021-06-29 17:00:00+00:00,30592
2021-06-29 18:00:00+00:00,30321
2021-06-29 19:00:00+00:00,30013.4
2021-06-29 20:00:00+00:00,29821.16667
2021-06-29 21:00:00+00:00,27738
2021-06-29 22:00:00+00:00,27125.4
2021-06-29 23:00:00+00:00,25829.66667
2021-06-30 00:00:00+00:00,24494.28571
2021-06-30 01:00:00+00:00,24194.4
2021-06-30 02:00:00+00:00,23963.5
2021-06-30 03:00:00+00:00,24344.28571
2021-06-30 04:00:00+00:00,26103.8
2021-06-30 05:00:00+00:00,28159.66667
2021-06-30 06:00:00+00:00,29769.14286
2021-06-30 07:00:00+00:00,31250.4
2021-06-30 08:00:00+00:00,31998.5
2021-06-30 09:00:00+00:00,32616.71429
2021-06-30 10:00:00+00:00,33259.4
2021-06-30 11:00:00+00:00,33504.16667
2021-06-30 12:00:00+00:00,33339.85714
2021-06-30 13:00:00+00:00,32508.4
2021-06-30 14:00:00+00:00,32309.66667
2021-06-30 15:00:00+00:00,32241.28571
2021-06-30 16:00:00+00:00,31774.8
2021-06-30 17:00:00+00:00,31382.66667
2021-06-30 18:00:00+00:00,30760.57143
2021-06-30 19:00:00+00:00,30577.8
2021-06-30 20:00:00+00:00,30361
2021-06-30 21:00:00+00:00,28218.42857
2021-06-30 22:00:00+00:00,27598.6
2021-06-30 23:00:00+00:00,26141.83333
2021-07-01 00:00:00+00:00,24886
2021-07-01 01:00:00+00:00,24335.4
2021-07-01 02:00:00+00:00,24253.66667
2021-07-01 03:00:00+00:00,24483.57143
2021-07-01 04:00:00+00:00,26223.8
2021-07-01 05:00:00+00:00,27830.16667
2021-07-01 06:00:00+00:00,29439.42857
2021-07-01 07:00:00+00:00,30707
2021-07-01 08:00:00+00:00,31492.5
2021-07-01 09:00:00+00:00,32338.42857
2021-07-01 10:00:00+00:00,33165
2021-07-01 11:00:00+00:00,33599
2021-07-01 12:00:00+00:00,33680.14286
2021-07-01 13:00:00+00:00,32933.4
2021-07-01 14:00:00+00:00,32638.66667
2021-07-01 15:00:00+00:00,32457.57143
2021-07-01 16:00:00+00:00,31797.4
2021-07-01 17:00:00+00:00,31290.5
2021-07-01 18:00:00+00:00,30828.71429
2021-07-01 19:00:00+00:00,30486.2
2021-07-01 20:00:00+00:00,30218.5
2021-07-01 21:00:00+00:00,28361.14286
2021-07-01 22:00:00+00:00,27938.8
2021-07-01 23:00:00+00:00,26473.66667
2021-07-02 00:00:00+00:00,25123.14286
2021-07-02 01:00:00+00:00,24450.2
2021-07-02 02:00:00+00:00,24393.5
2021-07-02 03:00:00+00:00,24675.57143
2021-07-02 04:00:00+00:00,26380.8
2021-07-02 05:00:00+00:00,28151.5
2021-07-02 06:00:00+00:00,29638.42857
2021-07-02 07:00:00+00:00,30944.4
2021-07-02 08:00:00+00:00,31983.33333
2021-07-02 09:00:00+00:00,32728.57143
2021-07-02 10:00:00+00:00,33587
2021-07-02 11:00:00+00:00,34091.83333
2021-07-02 12:00:00+00:00,33846.71429
2021-07-02 13:00:00+00:00,33005.8
2021-07-02 14:00:00+00:00,32662
2021-07-02 15:00:00+00:00,32475.28571
2021-07-02 16:00:00+00:00,32037.8
2021-07-02 17:00:00+00:00,31646.33333
2021-07-02 18:00:00+00:00,30906.71429
2021-07-02 19:00:00+00:00,30135.4
2021-07-02 20:00:00+00:00,29801.66667
2021-07-02 21:00:00+00:00,27687.28571
2021-07-02 22:00:00+00:00,27532.2
2021-07-02 23:00:00+00:00,26063.83333
2021-07-03 00:00:00+00:00,24596.28571
2021-07-03 01:00:00+00:00,23833.4
2021-07-03 02:00:00+00:00,23350.83333
2021-07-03 03:00:00+00:00,23095.57143
2021-07-03 04:00:00+00:00,23376.2
2021-07-03 05:00:00+00:00,23553
2021-07-03 06:00:00+00:00,25121.71429
2021-07-03 07:00:00+00:00,27247.8
2021-07-03 08:00:00+00:00,28678.66667
2021-07-03 09:00:00+00:00,29564.57143
2021-07-03 10:00:00+00:00,30012.6
2021-07-03 11:00:00+00:00,30448.33333
2021-07-03 12:00:00+00:00,30358.42857
2021-07-03 13:00:00+00:00,29385.6
2021-07-03 14:00:00+00:00,28771.83333
2021-07-03 15:00:00+00:00,28530.28571
2021-07-03 16:00:00+00:00,28587
2021-07-03 17:00:00+00:00,28727.33333
2021-07-03 18:00:00+00:00,28546.14286
2021-07-03 19:00:00+00:00,28751.8
2021-07-03 20:00:00+00:00,28769.5
2021-07-03 21:00:00+00:00,26957
2021-07-03 22:00:00+00:00,25572.8
2021-07-03 23:00:00+00:00,24230.66667
2021-07-04 00:00:00+00:00,22948.42857
2021-07-04 01:00:00+00:00,22218.8
2021-07-04 02:00:00+00:00,21912.66667
2021-07-04 03:00:00+00:00,21674.57143
2021-07-04 04:00:00+00:00,21620.6
2021-07-04 05:00:00+00:00,21364.33333
2021-07-04 06:00:00+00:00,22564.85714
2021-07-04 07:00:00+00:00,24043.6
2021-07-04 08:00:00+00:00,25619.33333
2021-07-04 09:00:00+00:00,26672.28571
2021-07-04 10:00:00+00:00,27443
2021-07-04 11:00:00+00:00,28061.16667
2021-07-04 12:00:00+00:00,28443.71429
2021-07-04 13:00:00+00:00,27618.2
2021-07-04 14:00:00+00:00,27068
2021-07-04 15:00:00+00:00,26813.85714
2021-07-04 16:00:00+00:00,27017.8
2021-07-04 17:00:00+00:00,27444.16667
2021-07-04 18:00:00+00:00,27774.85714
2021-07-04 19:00:00+00:00,28383.6
2021-07-04 20:00:00+00:00,29402.66667
2021-07-04 21:00:00+00:00,27814.42857
2021-07-04 22:00:00+00:00,26192.6
2021-07-04 23:00:00+00:00,24603.33333
2021-07-05 00:00:00+00:00,23466.71429
2021-07-05 01:00:00+00:00,23011.2
2021-07-05 02:00:00+00:00,22845.16667
2021-07-05 03:00:00+00:00,23472.71429
2021-07-05 04:00:00+00:00,25644
2021-07-05 05:00:00+00:00,27676.16667
2021-07-05 06:00:00+00:00,29762.57143
2021-07-05 07:00:00+00:00,31326
2021-07-05 08:00:00+00:00,32439.33333
2021-07-05 09:00:00+00:00,33614.85714
2021-07-05 10:00:00+00:00,34360.6
2021-07-05 11:00:00+00:00,35146.83333
2021-07-05 12:00:00+00:00,35279.14286
2021-07-05 13:00:00+00:00,34780
2021-07-05 14:00:00+00:00,34503.33333
2021-07-05 15:00:00+00:00,34324.57143
2021-07-05 16:00:00+00:00,33508.2
2021-07-05 17:00:00+00:00,32894.83333
2021-07-05 18:00:00+00:00,32239.71429
2021-07-05 19:00:00+00:00,31715.2
2021-07-05 20:00:00+00:00,31384.66667
2021-07-05 21:00:00+00:00,29049.42857
2021-07-05 22:00:00+00:00,28467.6
2021-07-05 23:00:00+00:00,26945.33333
2021-07-06 00:00:00+00:00,25641.14286
2021-07-06 01:00:00+00:00,25201.6
2021-07-06 02:00:00+00:00,24823.66667
2021-07-06 03:00:00+00:00,25121.85714
2021-07-06 04:00:00+00:00,26804.2
2021-07-06 05:00:00+00:00,28508.16667
2021-07-06 06:00:00+00:00,30199.28571
2021-07-06 07:00:00+00:00,31768.4
2021-07-06 08:00:00+00:00,32739.66667
2021-07-06 09:00:00+00:00,33536.42857
2021-07-06 10:00:00+00:00,34336.6
2021-07-06 11:00:00+00:00,34940
2021-07-06 12:00:00+00:00,34760.71429
2021-07-06 13:00:00+00:00,34123.8
2021-07-06 14:00:00+00:00,33604
2021-07-06 15:00:00+00:00,33230.85714
2021-07-06 16:00:00+00:00,32223.6
2021-07-06 17:00:00+00:00,31818.83333
2021-07-06 18:00:00+00:00,31723.57143
2021-07-06 19:00:00+00:00,30985.8
2021-07-06 20:00:00+00:00,30288.16667
2021-07-06 21:00:00+00:00,28713.14286
2021-07-06 22:00:00+00:00,28285
2021-07-06 23:00:00+00:00,26632
2021-07-07 00:00:00+00:00,25253.71429
2021-07-07 01:00:00+00:00,24616.4
2021-07-07 02:00:00+00:00,24326.83333
2021-07-07 03:00:00+00:00,24773.85714
2021-07-07 04:00:00+00:00,26381.4
2021-07-07 05:00:00+00:00,28178.5
2021-07-07 06:00:00+00:00,29701.28571
2021-07-07 07:00:00+00:00,31034.8
2021-07-07 08:00:00+00:00,31777.33333
2021-07-07 09:00:00+00:00,32300.85714
2021-07-07 10:00:00+00:00,32797.6
2021-07-07 11:00:00+00:00,32990.16667
2021-07-07 12:00:00+00:00,33000.14286
2021-07-07 13:00:00+00:00,32369.2
2021-07-07 14:00:00+00:00,31654.5
2021-07-07 15:00:00+00:00,31302.57143
2021-07-07 16:00:00+00:00,30288.8
2021-07-07 17:00:00+00:00,30200.83333
2021-07-07 18:00:00+00:00,30250.14286
2021-07-07 19:00:00+00:00,30170.4
2021-07-07 20:00:00+00:00,30136.5
2021-07-07 21:00:00+00:00,28109.85714
2021-07-07 22:00:00+00:00,27542
2021-07-07 23:00:00+00:00,26202
2021-07-08 00:00:00+00:00,24862.85714
2021-07-08 01:00:00+00:00,24201.4
2021-07-08 02:00:00+00:00,24110.5
2021-07-08 03:00:00+00:00,24293.85714
2021-07-08 04:00:00+00:00,25921.4
2021-07-08 05:00:00+00:00,27568.33333
2021-07-08 06:00:00+00:00,29151.71429
2021-07-08 07:00:00+00:00,30285.2
2021-07-08 08:00:00+00:00,30844
2021-07-08 09:00:00+00:00,31568.57143
2021-07-08 10:00:00+00:00,32335.4
2021-07-08 11:00:00+00:00,32690.33333
2021-07-08 12:00:00+00:00,32672.28571
2021-07-08 13:00:00+00:00,32002.2
2021-07-08 14:00:00+00:00,31841.66667
2021-07-08 15:00:00+00:00,31541.71429
2021-07-08 16:00:00+00:00,30964.2
2021-07-08 17:00:00+00:00,30623.16667
2021-07-08 18:00:00+00:00,30311.71429
2021-07-08 19:00:00+00:00,30166.6
2021-07-08 20:00:00+00:00,30185
2021-07-08 21:00:00+00:00,28175.42857
2021-07-08 22:00:00+00:00,27852.4
2021-07-08 23:00:00+00:00,26469.83333
2021-07-09 00:00:00+00:00,25223
2021-07-09 01:00:00+00:00,24701.4
2021-07-09 02:00:00+00:00,24491.66667
2021-07-09 03:00:00+00:00,24631.71429
2021-07-09 04:00:00+00:00,26410.8
2021-07-09 05:00:00+00:00,28110
2021-07-09 06:00:00+00:00,29609.14286
2021-07-09 07:00:00+00:00,30945.6
2021-07-09 08:00:00+00:00,31766.5
2021-07-09 09:00:00+00:00,32496
2021-07-09 10:00:00+00:00,33203.6
2021-07-09 11:00:00+00:00,33666.33333
2021-07-09 12:00:00+00:00,33544.57143
2021-07-09 13:00:00+00:00,32776.8
2021-07-09 14:00:00+00:00,32475.33333
2021-07-09 15:00:00+00:00,32136.14286
2021-07-09 16:00:00+00:00,31359.4
2021-07-09 17:00:00+00:00,31119
2021-07-09 18:00:00+00:00,30591.71429
2021-07-09 19:00:00+00:00,30188.8
2021-07-09 20:00:00+00:00,29802.5
2021-07-09 21:00:00+00:00,27986.57143
2021-07-09 22:00:00+00:00,27601
2021-07-09 23:00:00+00:00,26096
2021-07-10 00:00:00+00:00,24940.71429
2021-07-10 01:00:00+00:00,23900.4
2021-07-10 02:00:00+00:00,23657.16667
2021-07-10 03:00:00+00:00,23313.42857
2021-07-10 04:00:00+00:00,23493.2
2021-07-10 05:00:00+00:00,23706.83333
2021-07-10 06:00:00+00:00,25305
2021-07-10 07:00:00+00:00,27099
2021-07-10 08:00:00+00:00,28511.33333
2021-07-10 09:00:00+00:00,29517.14286
2021-07-10 10:00:00+00:00,30016.8
2021-07-10 11:00:00+00:00,30552.16667
2021-07-10 12:00:00+00:00,30457
2021-07-10 13:00:00+00:00,29697
2021-07-10 14:00:00+00:00,29273.66667
2021-07-10 15:00:00+00:00,29031.57143
2021-07-10 16:00:00+00:00,29013
2021-07-10 17:00:00+00:00,29282.16667
2021-07-10 18:00:00+00:00,29570.57143
2021-07-10 19:00:00+00:00,29892.4
2021-07-10 20:00:00+00:00,29614.16667
2021-07-10 21:00:00+00:00,27791.42857
2021-07-10 22:00:00+00:00,26444.6
2021-07-10 23:00:00+00:00,24956.33333
2021-07-11 00:00:00+00:00,23489.85714
2021-07-11 01:00:00+00:00,22735.2
2021-07-11 02:00:00+00:00,22215.33333
2021-07-11 03:00:00+00:00,22015.71429
2021-07-11 04:00:00+00:00,21923.8
2021-07-11 05:00:00+00:00,21546.5
2021-07-11 06:00:00+00:00,22527.57143
2021-07-11 07:00:00+00:00,24032.8
2021-07-11 08:00:00+00:00,25396
2021-07-11 09:00:00+00:00,26514.42857
2021-07-11 10:00:00+00:00,27379.8
2021-07-11 11:00:00+00:00,28189
2021-07-11 12:00:00+00:00,28904.42857
2021-07-11 13:00:00+00:00,28689.4
2021-07-11 14:00:00+00:00,28063.83333
2021-07-11 15:00:00+00:00,27654.57143
2021-07-11 16:00:00+00:00,27721
2021-07-11 17:00:00+00:00,27857.16667
2021-07-11 18:00:00+00:00,28648.42857
2021-07-11 19:00:00+00:00,29448
2021-07-11 20:00:00+00:00,30199.33333
2021-07-11 21:00:00+00:00,28503.57143
2021-07-11 22:00:00+00:00,26936
2021-07-11 23:00:00+00:00,25332.66667
2021-07-12 00:00:00+00:00,24071.42857
2021-07-12 01:00:00+00:00,23510.2
2021-07-12 02:00:00+00:00,23303.66667
2021-07-12 03:00:00+00:00,23583
2021-07-12 04:00:00+00:00,25696.8
2021-07-12 05:00:00+00:00,27626.16667
2021-07-12 06:00:00+00:00,29844.28571
2021-07-12 07:00:00+00:00,31308.8
2021-07-12 08:00:00+00:00,32312.83333
2021-07-12 09:00:00+00:00,33515.57143
2021-07-12 10:00:00+00:00,34466.4
2021-07-12 11:00:00+00:00,35096.16667
2021-07-12 12:00:00+00:00,35180.42857
2021-07-12 13:00:00+00:00,34384.8
2021-07-12 14:00:00+00:00,33892.66667
2021-07-12 15:00:00+00:00,33362
2021-07-12 16:00:00+00:00,32350
2021-07-12 17:00:00+00:00,31881.16667
2021-07-12 18:00:00+00:00,31382
2021-07-12 19:00:00+00:00,31100.4
2021-07-12 20:00:00+00:00,30986.83333
2021-07-12 21:00:00+00:00,28675.28571
2021-07-12 22:00:00+00:00,28102.6
2021-07-12 23:00:00+00:00,26564.16667
2021-07-13 00:00:00+00:00,25281.57143
2021-07-13 01:00:00+00:00,24640.8
2021-07-13 02:00:00+00:00,24399
2021-07-13 03:00:00+00:00,24641.42857
2021-07-13 04:00:00+00:00,26313.4
2021-07-13 05:00:00+00:00,27845.33333
2021-07-13 06:00:00+00:00,29490.71429
2021-07-13 07:00:00+00:00,30582.6
2021-07-13 08:00:00+00:00,31296
2021-07-13 09:00:00+00:00,31872.71429
2021-07-13 10:00:00+00:00,32432.2
2021-07-13 11:00:00+00:00,32757.83333
2021-07-13 12:00:00+00:00,32782.71429
2021-07-13 13:00:00+00:00,32098.6
2021-07-13 14:00:00+00:00,31759.66667
2021-07-13 15:00:00+00:00,31479.71429
2021-07-13 16:00:00+00:00,30812.6
2021-07-13 17:00:00+00:00,30467.83333
2021-07-13 18:00:00+00:00,30388.57143
2021-07-13 19:00:00+00:00,30363.2
2021-07-13 20:00:00+00:00,30241.83333
2021-07-13 21:00:00+00:00,28249.85714
2021-07-13 22:00:00+00:00,27603.8
2021-07-13 23:00:00+00:00,26396.66667
2021-07-14 00:00:00+00:00,25134
2021-07-14 01:00:00+00:00,24314.4
2021-07-14 02:00:00+00:00,24227.16667
2021-07-14 03:00:00+00:00,24549.57143
2021-07-14 04:00:00+00:00,26334.8
2021-07-14 05:00:00+00:00,27927
2021-07-14 06:00:00+00:00,29425.71429
2021-07-14 07:00:00+00:00,30409
2021-07-14 08:00:00+00:00,31160.83333
2021-07-14 09:00:00+00:00,31894.71429
2021-07-14 10:00:00+00:00,32674.4
2021-07-14 11:00:00+00:00,33040.83333
2021-07-14 12:00:00+00:00,32971.14286
2021-07-14 13:00:00+00:00,32202.4
2021-07-14 14:00:00+00:00,31909.16667
2021-07-14 15:00:00+00:00,31514.42857
2021-07-14 16:00:00+00:00,30762.2
2021-07-14 17:00:00+00:00,30522.83333
2021-07-14 18:00:00+00:00,30298.71429
2021-07-14 19:00:00+00:00,30350.4
2021-07-14 20:00:00+00:00,30235.5
2021-07-14 21:00:00+00:00,28156.42857
2021-07-14 22:00:00+00:00,27697.6
2021-07-14 23:00:00+00:00,26393.5
2021-07-15 00:00:00+00:00,25116.57143
2021-07-15 01:00:00+00:00,24631.8
2021-07-15 02:00:00+00:00,24385.66667
2021-07-15 03:00:00+00:00,24727.14286
2021-07-15 04:00:00+00:00,26514.2
2021-07-15 05:00:00+00:00,28057.66667
2021-07-15 06:00:00+00:00,29204.71429
2021-07-15 07:00:00+00:00,30079.8
2021-07-15 08:00:00+00:00,30932.83333
2021-07-15 09:00:00+00:00,32114.42857
2021-07-15 10:00:00+00:00,32805
2021-07-15 11:00:00+00:00,33238.66667
2021-07-15 12:00:00+00:00,33349.14286
2021-07-15 13:00:00+00:00,32857.6
2021-07-15 14:00:00+00:00,32617.5
2021-07-15 15:00:00+00:00,32370.28571
2021-07-15 16:00:00+00:00,31494.6
2021-07-15 17:00:00+00:00,31144.5
2021-07-15 18:00:00+00:00,30830.14286
2021-07-15 19:00:00+00:00,30802.8
2021-07-15 20:00:00+00:00,30720
2021-07-15 21:00:00+00:00,28599.14286
2021-07-15 22:00:00+00:00,28203.2
2021-07-15 23:00:00+00:00,26899
2021-07-16 00:00:00+00:00,25600.28571
2021-07-16 01:00:00+00:00,24906.8
2021-07-16 02:00:00+00:00,24855.33333
2021-07-16 03:00:00+00:00,24972.28571
2021-07-16 04:00:00+00:00,26862.6
2021-07-16 05:00:00+00:00,28246.5
2021-07-16 06:00:00+00:00,29676.14286
2021-07-16 07:00:00+00:00,30747.4
2021-07-16 08:00:00+00:00,31680.5
2021-07-16 09:00:00+00:00,32613.42857
2021-07-16 10:00:00+00:00,33451.6
2021-07-16 11:00:00+00:00,33951.16667
2021-07-16 12:00:00+00:00,33870.85714
2021-07-16 13:00:00+00:00,33213.4
2021-07-16 14:00:00+00:00,32959.16667
2021-07-16 15:00:00+00:00,32732.57143
2021-07-16 16:00:00+00:00,31867.4
2021-07-16 17:00:00+00:00,31535.33333
2021-07-16 18:00:00+00:00,31155.57143
2021-07-16 19:00:00+00:00,30775.8
2021-07-16 20:00:00+00:00,30571.66667
2021-07-16 21:00:00+00:00,28728.71429
2021-07-16 22:00:00+00:00,28353.8
2021-07-16 23:00:00+00:00,26923.33333
2021-07-17 00:00:00+00:00,25439.85714
2021-07-17 01:00:00+00:00,24446.2
2021-07-17 02:00:00+00:00,23946.33333
2021-07-17 03:00:00+00:00,23659.28571
2021-07-17 04:00:00+00:00,23917.4
2021-07-17 05:00:00+00:00,23959.16667
2021-07-17 06:00:00+00:00,25381.28571
2021-07-17 07:00:00+00:00,27111.2
2021-07-17 08:00:00+00:00,28605.5
2021-07-17 09:00:00+00:00,29642.14286
2021-07-17 10:00:00+00:00,30267.4
2021-07-17 11:00:00+00:00,30764.66667
2021-07-17 12:00:00+00:00,30902.28571
2021-07-17 13:00:00+00:00,30177.2
2021-07-17 14:00:00+00:00,29580.83333
2021-07-17 15:00:00+00:00,29334
2021-07-17 16:00:00+00:00,29284
2021-07-17 17:00:00+00:00,29424.66667
2021-07-17 18:00:00+00:00,29487.85714
2021-07-17 19:00:00+00:00,29670.8
2021-07-17 20:00:00+00:00,29660.83333
2021-07-17 21:00:00+00:00,27835.14286
2021-07-17 22:00:00+00:00,26400
2021-07-17 23:00:00+00:00,24964.5
2021-07-18 00:00:00+00:00,23519.28571
2021-07-18 01:00:00+00:00,22596.8
2021-07-18 02:00:00+00:00,22103.83333
2021-07-18 03:00:00+00:00,21856.28571
2021-07-18 04:00:00+00:00,21983
2021-07-18 05:00:00+00:00,21704
2021-07-18 06:00:00+00:00,22563.57143
2021-07-18 07:00:00+00:00,24120.4
2021-07-18 08:00:00+00:00,25493
2021-07-18 09:00:00+00:00,26499
2021-07-18 10:00:00+00:00,27233.4
2021-07-18 11:00:00+00:00,28168.16667
2021-07-18 12:00:00+00:00,28642.28571
2021-07-18 13:00:00+00:00,28081.2
2021-07-18 14:00:00+00:00,27599.33333
2021-07-18 15:00:00+00:00,27323
2021-07-18 16:00:00+00:00,27586.6
2021-07-18 17:00:00+00:00,27898.66667
2021-07-18 18:00:00+00:00,28297.85714
2021-07-18 19:00:00+00:00,29148.2
2021-07-18 20:00:00+00:00,29953.5
2021-07-18 21:00:00+00:00,28213.28571
2021-07-18 22:00:00+00:00,26522.4
2021-07-18 23:00:00+00:00,25200.33333
2021-07-19 00:00:00+00:00,23850.42857
2021-07-19 01:00:00+00:00,23228
2021-07-19 02:00:00+00:00,23176.83333
2021-07-19 03:00:00+00:00,23837.57143
2021-07-19 04:00:00+00:00,26189.2
2021-07-19 05:00:00+00:00,28120.33333
2021-07-19 06:00:00+00:00,30079.42857
2021-07-19 07:00:00+00:00,31676.2
2021-07-19 08:00:00+00:00,32824
2021-07-19 09:00:00+00:00,33987.85714
2021-07-19 10:00:00+00:00,35077.2
2021-07-19 11:00:00+00:00,35530.16667
2021-07-19 12:00:00+00:00,35611
2021-07-19 13:00:00+00:00,35241.8
2021-07-19 14:00:00+00:00,35026.33333
2021-07-19 15:00:00+00:00,34642.42857
2021-07-19 16:00:00+00:00,33735.8
2021-07-19 17:00:00+00:00,33037.16667
2021-07-19 18:00:00+00:00,32475.42857
2021-07-19 19:00:00+00:00,32226.2
2021-07-19 20:00:00+00:00,31899.16667
2021-07-19 21:00:00+00:00,29572
2021-07-19 22:00:00+00:00,29199.4
2021-07-19 23:00:00+00:00,27648.5
2021-07-20 00:00:00+00:00,26289.42857
2021-07-20 01:00:00+00:00,25619
2021-07-20 02:00:00+00:00,25353.83333
2021-07-20 03:00:00+00:00,25735
2021-07-20 04:00:00+00:00,27425.8
2021-07-20 05:00:00+00:00,28882
2021-07-20 06:00:00+00:00,30383.42857
2021-07-20 07:00:00+00:00,31726
2021-07-20 08:00:00+00:00,32964.83333
2021-07-20 09:00:00+00:00,33910.42857
2021-07-20 10:00:00+00:00,35095.2
2021-07-20 11:00:00+00:00,35623.83333
2021-07-20 12:00:00+00:00,35731.85714
2021-07-20 13:00:00+00:00,35233.8
2021-07-20 14:00:00+00:00,34859.5
2021-07-20 15:00:00+00:00,34627
2021-07-20 16:00:00+00:00,33553.8
2021-07-20 17:00:00+00:00,32954
2021-07-20 18:00:00+00:00,32452.42857
2021-07-20 19:00:00+00:00,32236
2021-07-20 20:00:00+00:00,31979
2021-07-20 21:00:00+00:00,29855.71429
2021-07-20 22:00:00+00:00,29105
2021-07-20 23:00:00+00:00,27515.5
2021-07-21 00:00:00+00:00,26239.57143
2021-07-21 01:00:00+00:00,25706
2021-07-21 02:00:00+00:00,25459.33333
2021-07-21 03:00:00+00:00,25788
2021-07-21 04:00:00+00:00,27558.4
2021-07-21 05:00:00+00:00,29174
2021-07-21 06:00:00+00:00,30707.42857
2021-07-21 07:00:00+00:00,32206.2
2021-07-21 08:00:00+00:00,33365.33333
2021-07-21 09:00:00+00:00,34501
2021-07-21 10:00:00+00:00,35475.4
2021-07-21 11:00:00+00:00,36095
2021-07-21 12:00:00+00:00,36362.57143
2021-07-21 13:00:00+00:00,36007.6
2021-07-21 14:00:00+00:00,35667.83333
2021-07-21 15:00:00+00:00,35300.14286
2021-07-21 16:00:00+00:00,34428.6
2021-07-21 17:00:00+00:00,33769.83333
2021-07-21 18:00:00+00:00,33047.14286
2021-07-21 19:00:00+00:00,32658.2
2021-07-21 20:00:00+00:00,32481.83333
2021-07-21 21:00:00+00:00,30418.71429
2021-07-21 22:00:00+00:00,29719.2
2021-07-21 23:00:00+00:00,28268.33333
2021-07-22 00:00:00+00:00,26692.85714
2021-07-22 01:00:00+00:00,25830.2
2021-07-22 02:00:00+00:00,25610.33333
2021-07-22 03:00:00+00:00,25912.14286
2021-07-22 04:00:00+00:00,27733.4
2021-07-22 05:00:00+00:00,29277.16667
2021-07-22 06:00:00+00:00,30764.14286
2021-07-22 07:00:00+00:00,32215.8
2021-07-22 08:00:00+00:00,33537.33333
2021-07-22 09:00:00+00:00,34775.14286
2021-07-22 10:00:00+00:00,36003.8
2021-07-22 11:00:00+00:00,36711.33333
2021-07-22 12:00:00+00:00,37058.71429
2021-07-22 13:00:00+00:00,36680.8
2021-07-22 14:00:00+00:00,36395.33333
2021-07-22 15:00:00+00:00,35963.71429
2021-07-22 16:00:00+00:00,34910
2021-07-22 17:00:00+00:00,34328
2021-07-22 18:00:00+00:00,33536.28571
2021-07-22 19:00:00+00:00,33299.2
2021-07-22 20:00:00+00:00,33054
2021-07-22 21:00:00+00:00,30834.57143
2021-07-22 22:00:00+00:00,30443
2021-07-22 23:00:00+00:00,28725.5
2021-07-23 00:00:00+00:00,27215.28571
2021-07-23 01:00:00+00:00,26130.2
2021-07-23 02:00:00+00:00,25856.5
2021-07-23 03:00:00+00:00,26037.57143
2021-07-23 04:00:00+00:00,27782.2
2021-07-23 05:00:00+00:00,29298.16667
2021-07-23 06:00:00+00:00,30869.57143
2021-07-23 07:00:00+00:00,32299.6
2021-07-23 08:00:00+00:00,33395
2021-07-23 09:00:00+00:00,34491.28571
2021-07-23 10:00:00+00:00,35571
2021-07-23 11:00:00+00:00,36218.16667
2021-07-23 12:00:00+00:00,36514.14286
2021-07-23 13:00:00+00:00,35893.8
2021-07-23 14:00:00+00:00,35444
2021-07-23 15:00:00+00:00,34862.71429
2021-07-23 16:00:00+00:00,33705.6
2021-07-23 17:00:00+00:00,33220
2021-07-23 18:00:00+00:00,32511.85714
2021-07-23 19:00:00+00:00,31980
2021-07-23 20:00:00+00:00,31618.5
2021-07-23 21:00:00+00:00,29657
2021-07-23 22:00:00+00:00,29355
2021-07-23 23:00:00+00:00,28019.83333
2021-07-24 00:00:00+00:00,26259.57143
2021-07-24 01:00:00+00:00,25299.4
2021-07-24 02:00:00+00:00,24752.83333
2021-07-24 03:00:00+00:00,24325
2021-07-24 04:00:00+00:00,24433.8
2021-07-24 05:00:00+00:00,24406.83333
2021-07-24 06:00:00+00:00,25796.71429
2021-07-24 07:00:00+00:00,27658.2
2021-07-24 08:00:00+00:00,29183.33333
2021-07-24 09:00:00+00:00,30138.57143
2021-07-24 10:00:00+00:00,30895.8
2021-07-24 11:00:00+00:00,31356.66667
2021-07-24 12:00:00+00:00,31365.28571
2021-07-24 13:00:00+00:00,30634.2
2021-07-24 14:00:00+00:00,29544
2021-07-24 15:00:00+00:00,28648
2021-07-24 16:00:00+00:00,28917.8
2021-07-24 17:00:00+00:00,28922
2021-07-24 18:00:00+00:00,28923.28571
2021-07-24 19:00:00+00:00,29219.6
2021-07-24 20:00:00+00:00,29113
2021-07-24 21:00:00+00:00,27326.57143
2021-07-24 22:00:00+00:00,26189.8
2021-07-24 23:00:00+00:00,24774
2021-07-25 00:00:00+00:00,23428.28571
2021-07-25 01:00:00+00:00,22693.2
2021-07-25 02:00:00+00:00,22220
2021-07-25 03:00:00+00:00,21948.42857
2021-07-25 04:00:00+00:00,22041.8
2021-07-25 05:00:00+00:00,21586.5
2021-07-25 06:00:00+00:00,22406.14286
2021-07-25 07:00:00+00:00,23832.8
2021-07-25 08:00:00+00:00,25030.83333
2021-07-25 09:00:00+00:00,26135.42857
2021-07-25 10:00:00+00:00,26873
2021-07-25 11:00:00+00:00,27697.16667
2021-07-25 12:00:00+00:00,28134.28571
2021-07-25 13:00:00+00:00,27608
2021-07-25 14:00:00+00:00,27161
2021-07-25 15:00:00+00:00,26881.85714
2021-07-25 16:00:00+00:00,26842.6
2021-07-25 17:00:00+00:00,26852.83333
2021-07-25 18:00:00+00:00,27369.42857
2021-07-25 19:00:00+00:00,28470.6
2021-07-25 20:00:00+00:00,29412
2021-07-25 21:00:00+00:00,27847.85714
2021-07-25 22:00:00+00:00,26553
2021-07-25 23:00:00+00:00,25161.33333
2021-07-26 00:00:00+00:00,24026.14286
2021-07-26 01:00:00+00:00,23436
2021-07-26 02:00:00+00:00,23374
2021-07-26 03:00:00+00:00,23910.85714
2021-07-26 04:00:00+00:00,26247.6
2021-07-26 05:00:00+00:00,27854.66667
2021-07-26 06:00:00+00:00,29510.85714
2021-07-26 07:00:00+00:00,30808.8
2021-07-26 08:00:00+00:00,31812.66667
2021-07-26 09:00:00+00:00,32503.42857
2021-07-26 10:00:00+00:00,33130.8
2021-07-26 11:00:00+00:00,33536.83333
2021-07-26 12:00:00+00:00,33437.28571
2021-07-26 13:00:00+00:00,32628.6
2021-07-26 14:00:00+00:00,32396.66667
2021-07-26 15:00:00+00:00,32115.14286
2021-07-26 16:00:00+00:00,31349.4
2021-07-26 17:00:00+00:00,31027.5
2021-07-26 18:00:00+00:00,30572.85714
2021-07-26 19:00:00+00:00,30580.4
2021-07-26 20:00:00+00:00,30431.33333
2021-07-26 21:00:00+00:00,28255.42857
2021-07-26 22:00:00+00:00,27648.8
2021-07-26 23:00:00+00:00,26376.16667
2021-07-27 00:00:00+00:00,25117.57143
2021-07-27 01:00:00+00:00,24580
2021-07-27 02:00:00+00:00,24315.83333
2021-07-27 03:00:00+00:00,24796.28571
2021-07-27 04:00:00+00:00,26716
2021-07-27 05:00:00+00:00,28269.66667
2021-07-27 06:00:00+00:00,29661.28571
2021-07-27 07:00:00+00:00,30984.4
2021-07-27 08:00:00+00:00,32061.16667
2021-07-27 09:00:00+00:00,32944.28571
2021-07-27 10:00:00+00:00,33797.8
2021-07-27 11:00:00+00:00,34515.83333
2021-07-27 12:00:00+00:00,34431.85714
2021-07-27 13:00:00+00:00,33787.4
2021-07-27 14:00:00+00:00,33580.16667
2021-07-27 15:00:00+00:00,33284.28571
2021-07-27 16:00:00+00:00,32396.2
2021-07-27 17:00:00+00:00,32159.5
2021-07-27 18:00:00+00:00,31681.42857
2021-07-27 19:00:00+00:00,31741.6
2021-07-27 20:00:00+00:00,31428.16667
2021-07-27 21:00:00+00:00,29311
2021-07-27 22:00:00+00:00,28813.6
2021-07-27 23:00:00+00:00,27268.5
2021-07-28 00:00:00+00:00,25766
2021-07-28 01:00:00+00:00,24949.8
2021-07-28 02:00:00+00:00,24713.33333
2021-07-28 03:00:00+00:00,25109.57143
2021-07-28 04:00:00+00:00,27113
2021-07-28 05:00:00+00:00,28555.5
2021-07-28 06:00:00+00:00,30007.71429
2021-07-28 07:00:00+00:00,31371.6
2021-07-28 08:00:00+00:00,32222
2021-07-28 09:00:00+00:00,33343.71429
2021-07-28 10:00:00+00:00,34267.2
2021-07-28 11:00:00+00:00,34968
2021-07-28 12:00:00+00:00,35063.85714
2021-07-28 13:00:00+00:00,34552.8
2021-07-28 14:00:00+00:00,34189.83333
2021-07-28 15:00:00+00:00,33848.14286
2021-07-28 16:00:00+00:00,32845.6
2021-07-28 17:00:00+00:00,32344.16667
2021-07-28 18:00:00+00:00,31713
2021-07-28 19:00:00+00:00,31705.4
2021-07-28 20:00:00+00:00,31366.83333
2021-07-28 21:00:00+00:00,29368.85714
2021-07-28 22:00:00+00:00,28885.4
2021-07-28 23:00:00+00:00,27439.83333
2021-07-29 00:00:00+00:00,26102.28571
2021-07-29 01:00:00+00:00,25226.2
2021-07-29 02:00:00+00:00,24995.5
2021-07-29 03:00:00+00:00,25264
2021-07-29 04:00:00+00:00,27305.8
2021-07-29 05:00:00+00:00,28652.66667
2021-07-29 06:00:00+00:00,30159
2021-07-29 07:00:00+00:00,31671.8
2021-07-29 08:00:00+00:00,32801.5
2021-07-29 09:00:00+00:00,33862
2021-07-29 10:00:00+00:00,34674.8
2021-07-29 11:00:00+00:00,35347.66667
2021-07-29 12:00:00+00:00,35703.57143
2021-07-29 13:00:00+00:00,35284.6
2021-07-29 14:00:00+00:00,35062.83333
2021-07-29 15:00:00+00:00,34769.42857
2021-07-29 16:00:00+00:00,33778.4
2021-07-29 17:00:00+00:00,33137.16667
2021-07-29 18:00:00+00:00,32548.57143
2021-07-29 19:00:00+00:00,32380.6
2021-07-29 20:00:00+00:00,31970.33333
2021-07-29 21:00:00+00:00,30020.14286
2021-07-29 22:00:00+00:00,29557.8
2021-07-29 23:00:00+00:00,27919.66667
2021-07-30 00:00:00+00:00,26495.85714
2021-07-30 01:00:00+00:00,25758.8
2021-07-30 02:00:00+00:00,25368.83333
2021-07-30 03:00:00+00:00,25709.85714
2021-07-30 04:00:00+00:00,27584
2021-07-30 05:00:00+00:00,29014.5
2021-07-30 06:00:00+00:00,30169.85714
2021-07-30 07:00:00+00:00,31608
2021-07-30 08:00:00+00:00,32674.66667
2021-07-30 09:00:00+00:00,33729.71429
2021-07-30 10:00:00+00:00,34497.4
2021-07-30 11:00:00+00:00,35091.16667
2021-07-30 12:00:00+00:00,35142.71429
2021-07-30 13:00:00+00:00,34386
2021-07-30 14:00:00+00:00,33999.83333
2021-07-30 15:00:00+00:00,33578.71429
2021-07-30 16:00:00+00:00,32691.2
2021-07-30 17:00:00+00:00,32108.66667
2021-07-30 18:00:00+00:00,31307.71429
2021-07-30 19:00:00+00:00,31113
2021-07-30 20:00:00+00:00,30540.83333
2021-07-30 21:00:00+00:00,28474.71429
2021-07-30 22:00:00+00:00,28202.2
2021-07-30 23:00:00+00:00,26903
2021-07-31 00:00:00+00:00,25202.71429
2021-07-31 01:00:00+00:00,24384.6
2021-07-31 02:00:00+00:00,23905.16667
2021-07-31 03:00:00+00:00,23615.71429
2021-07-31 04:00:00+00:00,23767.8
2021-07-31 05:00:00+00:00,23979.33333
2021-07-31 06:00:00+00:00,25247
2021-07-31 07:00:00+00:00,26946.6
2021-07-31 08:00:00+00:00,28346.33333
2021-07-31 09:00:00+00:00,29066.42857
2021-07-31 10:00:00+00:00,29501.6
2021-07-31 11:00:00+00:00,29896.33333
2021-07-31 12:00:00+00:00,29595.42857
2021-07-31 13:00:00+00:00,28482.8
2021-07-31 14:00:00+00:00,27969.83333
2021-07-31 15:00:00+00:00,27648.71429
2021-07-31 16:00:00+00:00,27595
2021-07-31 17:00:00+00:00,27484.16667
2021-07-31 18:00:00+00:00,27549
2021-07-31 19:00:00+00:00,28426.6
2021-07-31 20:00:00+00:00,27795.66667
2021-07-31 21:00:00+00:00,26061.57143
2021-07-31 22:00:00+00:00,24666.8
2021-07-31 23:00:00+00:00,23481.66667
2021-08-01 00:00:00+00:00,22237.28571
2021-08-01 01:00:00+00:00,21521.8
2021-08-01 02:00:00+00:00,21081.83333
2021-08-01 03:00:00+00:00,21044.85714
2021-08-01 04:00:00+00:00,21317.8
2021-08-01 05:00:00+00:00,20843.16667
2021-08-01 06:00:00+00:00,21580.14286
2021-08-01 07:00:00+00:00,22959.6
2021-08-01 08:00:00+00:00,23971
2021-08-01 09:00:00+00:00,24730
2021-08-01 10:00:00+00:00,25205.6
2021-08-01 11:00:00+00:00,25739
2021-08-01 12:00:00+00:00,26077.57143
2021-08-01 13:00:00+00:00,25330.2
2021-08-01 14:00:00+00:00,24806.5
2021-08-01 15:00:00+00:00,24454.42857
2021-08-01 16:00:00+00:00,24458.2
2021-08-01 17:00:00+00:00,24730.33333
2021-08-01 18:00:00+00:00,25361.42857
2021-08-01 19:00:00+00:00,26865.6
2021-08-01 20:00:00+00:00,27222.5
2021-08-01 21:00:00+00:00,25557.57143
2021-08-01 22:00:00+00:00,24254.2
2021-08-01 23:00:00+00:00,23072.16667
2021-08-02 00:00:00+00:00,22009
2021-08-02 01:00:00+00:00,21474.8
2021-08-02 02:00:00+00:00,21478.33333
2021-08-02 03:00:00+00:00,22136.71429
2021-08-02 04:00:00+00:00,24205.8
2021-08-02 05:00:00+00:00,25549.66667
2021-08-02 06:00:00+00:00,27177.57143
2021-08-02 07:00:00+00:00,28575
2021-08-02 08:00:00+00:00,29356.5
2021-08-02 09:00:00+00:00,30050.85714
2021-08-02 10:00:00+00:00,30750
2021-08-02 11:00:00+00:00,31365.33333
2021-08-02 12:00:00+00:00,31224.14286
2021-08-02 13:00:00+00:00,30233.8
2021-08-02 14:00:00+00:00,29768.33333
2021-08-02 15:00:00+00:00,29622.28571
2021-08-02 16:00:00+00:00,29052.6
2021-08-02 17:00:00+00:00,28894.5
2021-08-02 18:00:00+00:00,28859.42857
2021-08-02 19:00:00+00:00,29696.4
2021-08-02 20:00:00+00:00,29283
2021-08-02 21:00:00+00:00,27071.71429
2021-08-02 22:00:00+00:00,26007.2
2021-08-02 23:00:00+00:00,24763.33333
2021-08-03 00:00:00+00:00,23631.14286
2021-08-03 01:00:00+00:00,23154
2021-08-03 02:00:00+00:00,23014.66667
2021-08-03 03:00:00+00:00,23314.57143
2021-08-03 04:00:00+00:00,25013
2021-08-03 05:00:00+00:00,26465.66667
2021-08-03 06:00:00+00:00,27866.42857
2021-08-03 07:00:00+00:00,29217.2
2021-08-03 08:00:00+00:00,30219.66667
2021-08-03 09:00:00+00:00,31045.14286
2021-08-03 10:00:00+00:00,31746
2021-08-03 11:00:00+00:00,32260.5
2021-08-03 12:00:00+00:00,32038.57143
2021-08-03 13:00:00+00:00,31059
2021-08-03 14:00:00+00:00,30510.16667
2021-08-03 15:00:00+00:00,30353.71429
2021-08-03 16:00:00+00:00,29789.2
2021-08-03 17:00:00+00:00,29622.83333
2021-08-03 18:00:00+00:00,29427
2021-08-03 19:00:00+00:00,30149.4
2021-08-03 20:00:00+00:00,29578
2021-08-03 21:00:00+00:00,27460.14286
2021-08-03 22:00:00+00:00,26725
2021-08-03 23:00:00+00:00,25494
2021-08-04 00:00:00+00:00,24123
2021-08-04 01:00:00+00:00,23614
2021-08-04 02:00:00+00:00,23440.5
2021-08-04 03:00:00+00:00,23838.85714
2021-08-04 04:00:00+00:00,25490.8
2021-08-04 05:00:00+00:00,26749.16667
2021-08-04 06:00:00+00:00,28104.71429
2021-08-04 07:00:00+00:00,29476.4
2021-08-04 08:00:00+00:00,30550.16667
2021-08-04 09:00:00+00:00,31198.57143
2021-08-04 10:00:00+00:00,32065.4
2021-08-04 11:00:00+00:00,32587.83333
2021-08-04 12:00:00+00:00,32548.14286
2021-08-04 13:00:00+00:00,31753.2
2021-08-04 14:00:00+00:00,31378
2021-08-04 15:00:00+00:00,30987.14286
2021-08-04 16:00:00+00:00,30339
2021-08-04 17:00:00+00:00,30004.16667
2021-08-04 18:00:00+00:00,29832.85714
2021-08-04 19:00:00+00:00,30327.6
2021-08-04 20:00:00+00:00,29871.66667
2021-08-04 21:00:00+00:00,27741.42857
2021-08-04 22:00:00+00:00,27111.4
2021-08-04 23:00:00+00:00,25697.33333
2021-08-05 00:00:00+00:00,24452.42857
2021-08-05 01:00:00+00:00,23784.8
2021-08-05 02:00:00+00:00,23624
2021-08-05 03:00:00+00:00,23934.57143
2021-08-05 04:00:00+00:00,25823.2
2021-08-05 05:00:00+00:00,26927.5
2021-08-05 06:00:00+00:00,28059.28571
2021-08-05 07:00:00+00:00,29500.2
2021-08-05 08:00:00+00:00,30609.5
2021-08-05 09:00:00+00:00,31289.57143
2021-08-05 10:00:00+00:00,32190.6
2021-08-05 11:00:00+00:00,32789.16667
2021-08-05 12:00:00+00:00,33002
2021-08-05 13:00:00+00:00,32178.6
2021-08-05 14:00:00+00:00,32055.33333
2021-08-05 15:00:00+00:00,31841
2021-08-05 16:00:00+00:00,31419.2
2021-08-05 17:00:00+00:00,31083.33333
2021-08-05 18:00:00+00:00,30585.85714
2021-08-05 19:00:00+00:00,30947.4
2021-08-05 20:00:00+00:00,30419.5
2021-08-05 21:00:00+00:00,28428
2021-08-05 22:00:00+00:00,27567
2021-08-05 23:00:00+00:00,26047.83333
2021-08-06 00:00:00+00:00,24724.14286
2021-08-06 01:00:00+00:00,24072.8
2021-08-06 02:00:00+00:00,23714.83333
2021-08-06 03:00:00+00:00,24040.71429
2021-08-06 04:00:00+00:00,25549.8
2021-08-06 05:00:00+00:00,26771.33333
2021-08-06 06:00:00+00:00,27999.42857
2021-08-06 07:00:00+00:00,29581.4
2021-08-06 08:00:00+00:00,30744.66667
2021-08-06 09:00:00+00:00,31544.85714
2021-08-06 10:00:00+00:00,32284.8
2021-08-06 11:00:00+00:00,32678.5
2021-08-06 12:00:00+00:00,32537.14286
2021-08-06 13:00:00+00:00,31693.2
2021-08-06 14:00:00+00:00,31430
2021-08-06 15:00:00+00:00,31147.28571
2021-08-06 16:00:00+00:00,30583.6
2021-08-06 17:00:00+00:00,30258
2021-08-06 18:00:00+00:00,29915.85714
2021-08-06 19:00:00+00:00,30152
2021-08-06 20:00:00+00:00,29663
2021-08-06 21:00:00+00:00,27576.57143
2021-08-06 22:00:00+00:00,27002.4
2021-08-06 23:00:00+00:00,25756.16667
2021-08-07 00:00:00+00:00,24239
2021-08-07 01:00:00+00:00,23478.6
2021-08-07 02:00:00+00:00,22957.5
2021-08-07 03:00:00+00:00,22756.71429
2021-08-07 04:00:00+00:00,23128.4
2021-08-07 05:00:00+00:00,23224
2021-08-07 06:00:00+00:00,24351.71429
2021-08-07 07:00:00+00:00,26079.6
2021-08-07 08:00:00+00:00,27505
2021-08-07 09:00:00+00:00,28328.71429
2021-08-07 10:00:00+00:00,28933.2
2021-08-07 11:00:00+00:00,29601
2021-08-07 12:00:00+00:00,29633.85714
2021-08-07 13:00:00+00:00,28936
2021-08-07 14:00:00+00:00,28391.5
2021-08-07 15:00:00+00:00,27796.71429
2021-08-07 16:00:00+00:00,27435
2021-08-07 17:00:00+00:00,27584.16667
2021-08-07 18:00:00+00:00,27684
2021-08-07 19:00:00+00:00,28710.6
2021-08-07 20:00:00+00:00,28062.5
2021-08-07 21:00:00+00:00,26267.14286
2021-08-07 22:00:00+00:00,25028.2
2021-08-07 23:00:00+00:00,23700.66667
2021-08-08 00:00:00+00:00,22421.57143
2021-08-08 01:00:00+00:00,21652.2
2021-08-08 02:00:00+00:00,21366.16667
2021-08-08 03:00:00+00:00,21103
2021-08-08 04:00:00+00:00,21200.6
2021-08-08 05:00:00+00:00,20924.5
2021-08-08 06:00:00+00:00,21542.14286
2021-08-08 07:00:00+00:00,22797.2
2021-08-08 08:00:00+00:00,24041.16667
2021-08-08 09:00:00+00:00,25013.85714
2021-08-08 10:00:00+00:00,25492.2
2021-08-08 11:00:00+00:00,26172.33333
2021-08-08 12:00:00+00:00,26402.71429
2021-08-08 13:00:00+00:00,25762.6
2021-08-08 14:00:00+00:00,25163.5
2021-08-08 15:00:00+00:00,24883.28571
2021-08-08 16:00:00+00:00,24970.8
2021-08-08 17:00:00+00:00,25181
2021-08-08 18:00:00+00:00,25698
2021-08-08 19:00:00+00:00,27220.6
2021-08-08 20:00:00+00:00,27416.66667
2021-08-08 21:00:00+00:00,25756.57143
2021-08-08 22:00:00+00:00,24382
2021-08-08 23:00:00+00:00,23077.83333
2021-08-09 00:00:00+00:00,22096.85714
2021-08-09 01:00:00+00:00,21710.4
2021-08-09 02:00:00+00:00,21501.5
2021-08-09 03:00:00+00:00,21955.28571
2021-08-09 04:00:00+00:00,23684
2021-08-09 05:00:00+00:00,25062.16667
2021-08-09 06:00:00+00:00,26521.42857
2021-08-09 07:00:00+00:00,28015.6
2021-08-09 08:00:00+00:00,28860.83333
2021-08-09 09:00:00+00:00,29511.14286
2021-08-09 10:00:00+00:00,30141.4
2021-08-09 11:00:00+00:00,30831.5
2021-08-09 12:00:00+00:00,30872.85714
2021-08-09 13:00:00+00:00,30147
2021-08-09 14:00:00+00:00,30016.16667
2021-08-09 15:00:00+00:00,29874
2021-08-09 16:00:00+00:00,29295.2
2021-08-09 17:00:00+00:00,29077.16667
2021-08-09 18:00:00+00:00,28820.14286
2021-08-09 19:00:00+00:00,29673.8
2021-08-09 20:00:00+00:00,29164.5
2021-08-09 21:00:00+00:00,27237
2021-08-09 22:00:00+00:00,26395.2
2021-08-09 23:00:00+00:00,25107.16667
2021-08-10 00:00:00+00:00,23868.28571
2021-08-10 01:00:00+00:00,23281
2021-08-10 02:00:00+00:00,23002.83333
2021-08-10 03:00:00+00:00,23286.85714
2021-08-10 04:00:00+00:00,24688.4
2021-08-10 05:00:00+00:00,25803
2021-08-10 06:00:00+00:00,26908.42857
2021-08-10 07:00:00+00:00,28270.8
2021-08-10 08:00:00+00:00,29310.5
2021-08-10 09:00:00+00:00,30134
2021-08-10 10:00:00+00:00,30900
2021-08-10 11:00:00+00:00,31621.5
2021-08-10 12:00:00+00:00,31762.42857
2021-08-10 13:00:00+00:00,31073.2
2021-08-10 14:00:00+00:00,30780.83333
2021-08-10 15:00:00+00:00,30490.28571
2021-08-10 16:00:00+00:00,30122
2021-08-10 17:00:00+00:00,29949
2021-08-10 18:00:00+00:00,29671.71429
2021-08-10 19:00:00+00:00,30583
2021-08-10 20:00:00+00:00,29752.83333
2021-08-10 21:00:00+00:00,27672.14286
2021-08-10 22:00:00+00:00,26854.6
2021-08-10 23:00:00+00:00,25607.5
2021-08-11 00:00:00+00:00,24364.14286
2021-08-11 01:00:00+00:00,23735.8
2021-08-11 02:00:00+00:00,23451.5
2021-08-11 03:00:00+00:00,23795.42857
2021-08-11 04:00:00+00:00,25401.6
2021-08-11 05:00:00+00:00,26613
2021-08-11 06:00:00+00:00,27770.71429
2021-08-11 07:00:00+00:00,29366.8
2021-08-11 08:00:00+00:00,30213.83333
2021-08-11 09:00:00+00:00,31306.28571
2021-08-11 10:00:00+00:00,32126.4
2021-08-11 11:00:00+00:00,32948.33333
2021-08-11 12:00:00+00:00,33230.28571
2021-08-11 13:00:00+00:00,32687.4
2021-08-11 14:00:00+00:00,32590.33333
2021-08-11 15:00:00+00:00,32114.42857
2021-08-11 16:00:00+00:00,31539.6
2021-08-11 17:00:00+00:00,31135
2021-08-11 18:00:00+00:00,31104.14286
2021-08-11 19:00:00+00:00,31651
2021-08-11 20:00:00+00:00,30877
2021-08-11 21:00:00+00:00,28834.42857
2021-08-11 22:00:00+00:00,28165.2
2021-08-11 23:00:00+00:00,26662
2021-08-12 00:00:00+00:00,25297.14286
2021-08-12 01:00:00+00:00,24557.4
2021-08-12 02:00:00+00:00,24102.5
2021-08-12 03:00:00+00:00,24195.71429
2021-08-12 04:00:00+00:00,25799.2
2021-08-12 05:00:00+00:00,27105.5
2021-08-12 06:00:00+00:00,28020.14286
2021-08-12 07:00:00+00:00,29927
2021-08-12 08:00:00+00:00,30927.66667
2021-08-12 09:00:00+00:00,31940.14286
2021-08-12 10:00:00+00:00,33067.4
2021-08-12 11:00:00+00:00,33835.33333
2021-08-12 12:00:00+00:00,34258.71429
2021-08-12 13:00:00+00:00,33848.2
2021-08-12 14:00:00+00:00,33514.33333
2021-08-12 15:00:00+00:00,33141.71429
2021-08-12 16:00:00+00:00,32544
2021-08-12 17:00:00+00:00,32203
2021-08-12 18:00:00+00:00,31771.57143
2021-08-12 19:00:00+00:00,32548.6
2021-08-12 20:00:00+00:00,31913.5
2021-08-12 21:00:00+00:00,29737
2021-08-12 22:00:00+00:00,28926
2021-08-12 23:00:00+00:00,27259.5
2021-08-13 00:00:00+00:00,25672.42857
2021-08-13 01:00:00+00:00,24835.6
2021-08-13 02:00:00+00:00,24554.5
2021-08-13 03:00:00+00:00,24656.28571
2021-08-13 04:00:00+00:00,26018.4
2021-08-13 05:00:00+00:00,27013.16667
2021-08-13 06:00:00+00:00,27974.14286
2021-08-13 07:00:00+00:00,29842
2021-08-13 08:00:00+00:00,31030.16667
2021-08-13 09:00:00+00:00,32321.85714
2021-08-13 10:00:00+00:00,33389.8
2021-08-13 11:00:00+00:00,34200.66667
2021-08-13 12:00:00+00:00,34711.71429
2021-08-13 13:00:00+00:00,34140
2021-08-13 14:00:00+00:00,33773.16667
2021-08-13 15:00:00+00:00,33273.28571
2021-08-13 16:00:00+00:00,32699
2021-08-13 17:00:00+00:00,32326.83333
2021-08-13 18:00:00+00:00,32016
2021-08-13 19:00:00+00:00,32594.6
2021-08-13 20:00:00+00:00,31806.33333
2021-08-13 21:00:00+00:00,29794.57143
2021-08-13 22:00:00+00:00,29171.8
2021-08-13 23:00:00+00:00,27585
2021-08-14 00:00:00+00:00,25999.42857
2021-08-14 01:00:00+00:00,25021.8
2021-08-14 02:00:00+00:00,24491.5
2021-08-14 03:00:00+00:00,24235.14286
2021-08-14 04:00:00+00:00,24538.8
2021-08-14 05:00:00+00:00,24648
2021-08-14 06:00:00+00:00,25460.71429
2021-08-14 07:00:00+00:00,27619.2
2021-08-14 08:00:00+00:00,29206.83333
2021-08-14 09:00:00+00:00,30408.71429
2021-08-14 10:00:00+00:00,31447
2021-08-14 11:00:00+00:00,32266.66667
2021-08-14 12:00:00+00:00,32811.42857
2021-08-14 13:00:00+00:00,32455.2
2021-08-14 14:00:00+00:00,32072.5
2021-08-14 15:00:00+00:00,31597
2021-08-14 16:00:00+00:00,31483.6
2021-08-14 17:00:00+00:00,31168.33333
2021-08-14 18:00:00+00:00,31184.71429
2021-08-14 19:00:00+00:00,32172.4
2021-08-14 20:00:00+00:00,31305.16667
2021-08-14 21:00:00+00:00,29375.71429
2021-08-14 22:00:00+00:00,28031.2
2021-08-14 23:00:00+00:00,26454
2021-08-15 00:00:00+00:00,24957.28571
2021-08-15 01:00:00+00:00,23971
2021-08-15 02:00:00+00:00,23464.5
2021-08-15 03:00:00+00:00,22913.28571
2021-08-15 04:00:00+00:00,22888
2021-08-15 05:00:00+00:00,22719.5
2021-08-15 06:00:00+00:00,23088
2021-08-15 07:00:00+00:00,24610.8
2021-08-15 08:00:00+00:00,26023.16667
2021-08-15 09:00:00+00:00,27328.57143
2021-08-15 10:00:00+00:00,28742.2
2021-08-15 11:00:00+00:00,29718.33333
2021-08-15 12:00:00+00:00,30416.14286
2021-08-15 13:00:00+00:00,30173.2
2021-08-15 14:00:00+00:00,29825.66667
2021-08-15 15:00:00+00:00,29587.85714
2021-08-15 16:00:00+00:00,29682
2021-08-15 17:00:00+00:00,29635.16667
2021-08-15 18:00:00+00:00,29881.57143
2021-08-15 19:00:00+00:00,31162.8
2021-08-15 20:00:00+00:00,31120
2021-08-15 21:00:00+00:00,29359.14286
2021-08-15 22:00:00+00:00,27672.2
2021-08-15 23:00:00+00:00,26214.83333
2021-08-16 00:00:00+00:00,24835.42857
2021-08-16 01:00:00+00:00,23923.6
2021-08-16 02:00:00+00:00,23627.83333
2021-08-16 03:00:00+00:00,23743
2021-08-16 04:00:00+00:00,24955.8
2021-08-16 05:00:00+00:00,25847.5
2021-08-16 06:00:00+00:00,26580.14286
2021-08-16 07:00:00+00:00,28230.6
2021-08-16 08:00:00+00:00,29266.5
2021-08-16 09:00:00+00:00,30371.85714
2021-08-16 10:00:00+00:00,31384.2
2021-08-16 11:00:00+00:00,32330.83333
2021-08-16 12:00:00+00:00,33000.14286
2021-08-16 13:00:00+00:00,32648.8
2021-08-16 14:00:00+00:00,32305.66667
2021-08-16 15:00:00+00:00,31833.14286
2021-08-16 16:00:00+00:00,31106.4
2021-08-16 17:00:00+00:00,30578
2021-08-16 18:00:00+00:00,30427.42857
2021-08-16 19:00:00+00:00,31339.4
2021-08-16 20:00:00+00:00,30697.33333
2021-08-16 21:00:00+00:00,28671.42857
2021-08-16 22:00:00+00:00,27777.6
2021-08-16 23:00:00+00:00,26338.66667
2021-08-17 00:00:00+00:00,25004.71429
2021-08-17 01:00:00+00:00,24225.4
2021-08-17 02:00:00+00:00,23834.16667
2021-08-17 03:00:00+00:00,23945.85714
2021-08-17 04:00:00+00:00,25301.6
2021-08-17 05:00:00+00:00,26457.5
2021-08-17 06:00:00+00:00,27231.57143
2021-08-17 07:00:00+00:00,28701.2
2021-08-17 08:00:00+00:00,29597
2021-08-17 09:00:00+00:00,30560.28571
2021-08-17 10:00:00+00:00,31354
2021-08-17 11:00:00+00:00,31997.5
2021-08-17 12:00:00+00:00,32319.57143
2021-08-17 13:00:00+00:00,31711.8
2021-08-17 14:00:00+00:00,31625.66667
2021-08-17 15:00:00+00:00,31229.14286
2021-08-17 16:00:00+00:00,30603.6
2021-08-17 17:00:00+00:00,30225.83333
2021-08-17 18:00:00+00:00,29986.57143
2021-08-17 19:00:00+00:00,30915.8
2021-08-17 20:00:00+00:00,29912.16667
2021-08-17 21:00:00+00:00,27850.14286
2021-08-17 22:00:00+00:00,27188.4
2021-08-17 23:00:00+00:00,25874.83333
2021-08-18 00:00:00+00:00,24706.71429
2021-08-18 01:00:00+00:00,24005
2021-08-18 02:00:00+00:00,23817.33333
2021-08-18 03:00:00+00:00,23877
2021-08-18 04:00:00+00:00,25353.4
2021-08-18 05:00:00+00:00,26442.83333
2021-08-18 06:00:00+00:00,27316
2021-08-18 07:00:00+00:00,28710
2021-08-18 08:00:00+00:00,29681.16667
2021-08-18 09:00:00+00:00,30325.42857
2021-08-18 10:00:00+00:00,31246.6
2021-08-18 11:00:00+00:00,31866.5
2021-08-18 12:00:00+00:00,32191.71429
2021-08-18 13:00:00+00:00,31692.8
2021-08-18 14:00:00+00:00,31378.83333
2021-08-18 15:00:00+00:00,31148.57143
2021-08-18 16:00:00+00:00,30403.8
2021-08-18 17:00:00+00:00,29921.5
2021-08-18 18:00:00+00:00,29794.57143
2021-08-18 19:00:00+00:00,30766
2021-08-18 20:00:00+00:00,29713.33333
2021-08-18 21:00:00+00:00,27786
2021-08-18 22:00:00+00:00,27192.6
2021-08-18 23:00:00+00:00,25779.66667
2021-08-19 00:00:00+00:00,24513.57143
2021-08-19 01:00:00+00:00,23759.6
2021-08-19 02:00:00+00:00,23601.5
2021-08-19 03:00:00+00:00,23728.57143
2021-08-19 04:00:00+00:00,25260.4
2021-08-19 05:00:00+00:00,26585.66667
2021-08-19 06:00:00+00:00,27378.28571
2021-08-19 07:00:00+00:00,28788.6
2021-08-19 08:00:00+00:00,29680.83333
2021-08-19 09:00:00+00:00,30341.71429
2021-08-19 10:00:00+00:00,31102.6
2021-08-19 11:00:00+00:00,31873.5
2021-08-19 12:00:00+00:00,32069.85714
2021-08-19 13:00:00+00:00,31564.4
2021-08-19 14:00:00+00:00,31013.5
2021-08-19 15:00:00+00:00,30836.42857
2021-08-19 16:00:00+00:00,30196.4
2021-08-19 17:00:00+00:00,29814.16667
2021-08-19 18:00:00+00:00,29665.28571
2021-08-19 19:00:00+00:00,30680.6
2021-08-19 20:00:00+00:00,29567.83333
2021-08-19 21:00:00+00:00,27560.71429
2021-08-19 22:00:00+00:00,27016
2021-08-19 23:00:00+00:00,25634.33333
2021-08-20 00:00:00+00:00,24406.57143
2021-08-20 01:00:00+00:00,23764.8
2021-08-20 02:00:00+00:00,23517.83333
2021-08-20 03:00:00+00:00,23585.71429
2021-08-20 04:00:00+00:00,25176
2021-08-20 05:00:00+00:00,26238.5
2021-08-20 06:00:00+00:00,27270.71429
2021-08-20 07:00:00+00:00,28803.2
2021-08-20 08:00:00+00:00,29909
2021-08-20 09:00:00+00:00,30870.85714
2021-08-20 10:00:00+00:00,31657.2
2021-08-20 11:00:00+00:00,32268.16667
2021-08-20 12:00:00+00:00,32408
2021-08-20 13:00:00+00:00,31720.8
2021-08-20 14:00:00+00:00,31313
2021-08-20 15:00:00+00:00,31022.85714
2021-08-20 16:00:00+00:00,30509.2
2021-08-20 17:00:00+00:00,30127.33333
2021-08-20 18:00:00+00:00,29856.71429
2021-08-20 19:00:00+00:00,30750
2021-08-20 20:00:00+00:00,29486.16667
2021-08-20 21:00:00+00:00,27349.28571
2021-08-20 22:00:00+00:00,26776.2
2021-08-20 23:00:00+00:00,25622.5
2021-08-21 00:00:00+00:00,24119.28571
2021-08-21 01:00:00+00:00,23345.6
2021-08-21 02:00:00+00:00,22814.33333
2021-08-21 03:00:00+00:00,22514.85714
2021-08-21 04:00:00+00:00,22948.2
2021-08-21 05:00:00+00:00,23077.83333
2021-08-21 06:00:00+00:00,24089.71429
2021-08-21 07:00:00+00:00,25851.6
2021-08-21 08:00:00+00:00,27423.5
2021-08-21 09:00:00+00:00,28322.71429
2021-08-21 10:00:00+00:00,28934
2021-08-21 11:00:00+00:00,29620.83333
2021-08-21 12:00:00+00:00,29905.71429
2021-08-21 13:00:00+00:00,29484.8
2021-08-21 14:00:00+00:00,28965.5
2021-08-21 15:00:00+00:00,28528.28571
2021-08-21 16:00:00+00:00,28472.6
2021-08-21 17:00:00+00:00,28297.66667
2021-08-21 18:00:00+00:00,28486
2021-08-21 19:00:00+00:00,29736.6
2021-08-21 20:00:00+00:00,28562.33333
2021-08-21 21:00:00+00:00,26748
2021-08-21 22:00:00+00:00,25437.4
2021-08-21 23:00:00+00:00,24087.5
2021-08-22 00:00:00+00:00,22989
2021-08-22 01:00:00+00:00,22058.8
2021-08-22 02:00:00+00:00,21529.66667
2021-08-22 03:00:00+00:00,21411.14286
2021-08-22 04:00:00+00:00,21565.4
2021-08-22 05:00:00+00:00,21368.66667
2021-08-22 06:00:00+00:00,21604.71429
2021-08-22 07:00:00+00:00,23148
2021-08-22 08:00:00+00:00,24248.16667
2021-08-22 09:00:00+00:00,25145.14286
2021-08-22 10:00:00+00:00,26041
2021-08-22 11:00:00+00:00,27246.16667
2021-08-22 12:00:00+00:00,27965.71429
2021-08-22 13:00:00+00:00,27603
2021-08-22 14:00:00+00:00,27089.16667
2021-08-22 15:00:00+00:00,26895.14286
2021-08-22 16:00:00+00:00,26891
2021-08-22 17:00:00+00:00,27020
2021-08-22 18:00:00+00:00,27441.14286
2021-08-22 19:00:00+00:00,29385.4
2021-08-22 20:00:00+00:00,28993.66667
2021-08-22 21:00:00+00:00,27312
2021-08-22 22:00:00+00:00,25973.4
2021-08-22 23:00:00+00:00,24571.33333
2021-08-23 00:00:00+00:00,23325.28571
2021-08-23 01:00:00+00:00,22648
2021-08-23 02:00:00+00:00,22576
2021-08-23 03:00:00+00:00,22776
2021-08-23 04:00:00+00:00,24862
2021-08-23 05:00:00+00:00,26643.16667
2021-08-23 06:00:00+00:00,28022.28571
2021-08-23 07:00:00+00:00,29663.2
2021-08-23 08:00:00+00:00,30850.5
2021-08-23 09:00:00+00:00,31656.42857
2021-08-23 10:00:00+00:00,32627.8
2021-08-23 11:00:00+00:00,33524.16667
2021-08-23 12:00:00+00:00,33833.14286
2021-08-23 13:00:00+00:00,33207.6
2021-08-23 14:00:00+00:00,32931.66667
2021-08-23 15:00:00+00:00,32494.28571
2021-08-23 16:00:00+00:00,31735.4
2021-08-23 17:00:00+00:00,31128
2021-08-23 18:00:00+00:00,31022.42857
2021-08-23 19:00:00+00:00,32094
2021-08-23 20:00:00+00:00,30828.5
2021-08-23 21:00:00+00:00,28601.42857
2021-08-23 22:00:00+00:00,27898.6
2021-08-23 23:00:00+00:00,26678.5
2021-08-24 00:00:00+00:00,25385.28571
2021-08-24 01:00:00+00:00,24779.8
2021-08-24 02:00:00+00:00,24439.83333
2021-08-24 03:00:00+00:00,24608.85714
2021-08-24 04:00:00+00:00,26190.4
2021-08-24 05:00:00+00:00,27859.83333
2021-08-24 06:00:00+00:00,28888.57143
2021-08-24 07:00:00+00:00,30428.2
2021-08-24 08:00:00+00:00,31117.83333
2021-08-24 09:00:00+00:00,31864.14286
2021-08-24 10:00:00+00:00,32779.8
2021-08-24 11:00:00+00:00,33392
2021-08-24 12:00:00+00:00,33376.42857
2021-08-24 13:00:00+00:00,32602.4
2021-08-24 14:00:00+00:00,32139.83333
2021-08-24 15:00:00+00:00,31860.28571
2021-08-24 16:00:00+00:00,31124.8
2021-08-24 17:00:00+00:00,30848.66667
2021-08-24 18:00:00+00:00,30834.71429
2021-08-24 19:00:00+00:00,31661.2
2021-08-24 20:00:00+00:00,30168
2021-08-24 21:00:00+00:00,27867.57143
2021-08-24 22:00:00+00:00,27131.8
2021-08-24 23:00:00+00:00,25808
2021-08-25 00:00:00+00:00,24692.57143
2021-08-25 01:00:00+00:00,23978.4
2021-08-25 02:00:00+00:00,23800.5
2021-08-25 03:00:00+00:00,24053.57143
2021-08-25 04:00:00+00:00,26053.4
2021-08-25 05:00:00+00:00,27462.33333
2021-08-25 06:00:00+00:00,28521.14286
2021-08-25 07:00:00+00:00,30022.4
2021-08-25 08:00:00+00:00,31034
2021-08-25 09:00:00+00:00,31816.57143
2021-08-25 10:00:00+00:00,32668.6
2021-08-25 11:00:00+00:00,33193.66667
2021-08-25 12:00:00+00:00,33135.28571
2021-08-25 13:00:00+00:00,32403
2021-08-25 14:00:00+00:00,31943
2021-08-25 15:00:00+00:00,31583.28571
2021-08-25 16:00:00+00:00,30936.8
2021-08-25 17:00:00+00:00,30545.5
2021-08-25 18:00:00+00:00,30645
2021-08-25 19:00:00+00:00,31473.8
2021-08-25 20:00:00+00:00,29995.16667
2021-08-25 21:00:00+00:00,27915.71429
2021-08-25 22:00:00+00:00,27113.2
2021-08-25 23:00:00+00:00,25953.33333
2021-08-26 00:00:00+00:00,24749.42857
2021-08-26 01:00:00+00:00,24009.4
2021-08-26 02:00:00+00:00,23864.66667
2021-08-26 03:00:00+00:00,24124.85714
2021-08-26 04:00:00+00:00,25960.8
2021-08-26 05:00:00+00:00,27405.33333
2021-08-26 06:00:00+00:00,28570.28571
2021-08-26 07:00:00+00:00,30031
2021-08-26 08:00:00+00:00,31042.5
2021-08-26 09:00:00+00:00,32150.14286
2021-08-26 10:00:00+00:00,32983.8
2021-08-26 11:00:00+00:00,33739.83333
2021-08-26 12:00:00+00:00,33958
2021-08-26 13:00:00+00:00,33260.6
2021-08-26 14:00:00+00:00,32995.5
2021-08-26 15:00:00+00:00,32455
2021-08-26 16:00:00+00:00,31759.6
2021-08-26 17:00:00+00:00,31247.83333
2021-08-26 18:00:00+00:00,31215.71429
2021-08-26 19:00:00+00:00,32253.6
2021-08-26 20:00:00+00:00,30849.5
2021-08-26 21:00:00+00:00,28574.71429
2021-08-26 22:00:00+00:00,27697.6
2021-08-26 23:00:00+00:00,26541
2021-08-27 00:00:00+00:00,25080
2021-08-27 01:00:00+00:00,24480.2
2021-08-27 02:00:00+00:00,24191.16667
2021-08-27 03:00:00+00:00,24488.28571
2021-08-27 04:00:00+00:00,26114
2021-08-27 05:00:00+00:00,27763.83333
2021-08-27 06:00:00+00:00,28731.28571
2021-08-27 07:00:00+00:00,30270
2021-08-27 08:00:00+00:00,31325.5
2021-08-27 09:00:00+00:00,32451.14286
2021-08-27 10:00:00+00:00,33382.4
2021-08-27 11:00:00+00:00,33960.66667
2021-08-27 12:00:00+00:00,33928.57143
2021-08-27 13:00:00+00:00,33348.2
2021-08-27 14:00:00+00:00,32814.66667
2021-08-27 15:00:00+00:00,32469.42857
2021-08-27 16:00:00+00:00,31974.8
2021-08-27 17:00:00+00:00,31340.66667
2021-08-27 18:00:00+00:00,30963.71429
2021-08-27 19:00:00+00:00,31901.8
2021-08-27 20:00:00+00:00,30156.16667
2021-08-27 21:00:00+00:00,28094.57143
2021-08-27 22:00:00+00:00,27484.6
2021-08-27 23:00:00+00:00,26153.5
2021-08-28 00:00:00+00:00,24765.71429
2021-08-28 01:00:00+00:00,23916.6
2021-08-28 02:00:00+00:00,23394.33333
2021-08-28 03:00:00+00:00,23113.71429
2021-08-28 04:00:00+00:00,23538.4
2021-08-28 05:00:00+00:00,23751.5
2021-08-28 06:00:00+00:00,24349.28571
2021-08-28 07:00:00+00:00,26119.8
2021-08-28 08:00:00+00:00,27237.83333
2021-08-28 09:00:00+00:00,28216.85714
2021-08-28 10:00:00+00:00,28648
2021-08-28 11:00:00+00:00,29228.83333
2021-08-28 12:00:00+00:00,29259.71429
2021-08-28 13:00:00+00:00,28653.6
2021-08-28 14:00:00+00:00,28198.16667
2021-08-28 15:00:00+00:00,27932.14286
2021-08-28 16:00:00+00:00,27855.6
2021-08-28 17:00:00+00:00,27790.33333
2021-08-28 18:00:00+00:00,28124.14286
2021-08-28 19:00:00+00:00,29492.2
2021-08-28 20:00:00+00:00,28114
2021-08-28 21:00:00+00:00,26288.57143
2021-08-28 22:00:00+00:00,24968.4
2021-08-28 23:00:00+00:00,23691.5
2021-08-29 00:00:00+00:00,22316.28571
2021-08-29 01:00:00+00:00,21538.2
2021-08-29 02:00:00+00:00,21265
2021-08-29 03:00:00+00:00,21009.85714
2021-08-29 04:00:00+00:00,21250.4
2021-08-29 05:00:00+00:00,21390.83333
2021-08-29 06:00:00+00:00,21659.14286
2021-08-29 07:00:00+00:00,22921
2021-08-29 08:00:00+00:00,23938.5
2021-08-29 09:00:00+00:00,25145.42857
2021-08-29 10:00:00+00:00,25983
2021-08-29 11:00:00+00:00,26635.16667
2021-08-29 12:00:00+00:00,26975.28571
2021-08-29 13:00:00+00:00,26274.6
2021-08-29 14:00:00+00:00,25845.83333
2021-08-29 15:00:00+00:00,25669.71429
2021-08-29 16:00:00+00:00,25756
2021-08-29 17:00:00+00:00,25808.83333
2021-08-29 18:00:00+00:00,26590
2021-08-29 19:00:00+00:00,28497.8
2021-08-29 20:00:00+00:00,27805.16667
2021-08-29 21:00:00+00:00,26037.57143
2021-08-29 22:00:00+00:00,24863.8
2021-08-29 23:00:00+00:00,23751
2021-08-30 00:00:00+00:00,22700.14286
2021-08-30 01:00:00+00:00,22195.4
2021-08-30 02:00:00+00:00,22025.33333
2021-08-30 03:00:00+00:00,22471.28571
2021-08-30 04:00:00+00:00,24935.2
2021-08-30 05:00:00+00:00,27060.66667
2021-08-30 06:00:00+00:00,28316.14286
2021-08-30 07:00:00+00:00,29822
2021-08-30 08:00:00+00:00,30610.66667
2021-08-30 09:00:00+00:00,31455.57143
2021-08-30 10:00:00+00:00,32409.2
2021-08-30 11:00:00+00:00,32963.66667
2021-08-30 12:00:00+00:00,32866.71429
2021-08-30 13:00:00+00:00,31950.2
2021-08-30 14:00:00+00:00,31621
2021-08-30 15:00:00+00:00,31167.85714
2021-08-30 16:00:00+00:00,30545.2
2021-08-30 17:00:00+00:00,30298.83333
2021-08-30 18:00:00+00:00,30385.14286
2021-08-30 19:00:00+00:00,31641
2021-08-30 20:00:00+00:00,29841.5
2021-08-30 21:00:00+00:00,27789.42857
2021-08-30 22:00:00+00:00,26927.2
2021-08-30 23:00:00+00:00,25864.83333
2021-08-31 00:00:00+00:00,24611.14286
2021-08-31 01:00:00+00:00,24075
2021-08-31 02:00:00+00:00,23810.33333
2021-08-31 03:00:00+00:00,24217.57143
2021-08-31 04:00:00+00:00,26108.4
2021-08-31 05:00:00+00:00,28066.66667
2021-08-31 06:00:00+00:00,29134.14286
2021-08-31 07:00:00+00:00,30617.2
2021-08-31 08:00:00+00:00,31502.33333
2021-08-31 09:00:00+00:00,32447.28571
2021-08-31 10:00:00+00:00,33159.8
2021-08-31 11:00:00+00:00,33777.5
2021-08-31 12:00:00+00:00,33813.28571
2021-08-31 13:00:00+00:00,32791.2
2021-08-31 14:00:00+00:00,32373.66667
2021-08-31 15:00:00+00:00,31952.42857
2021-08-31 16:00:00+00:00,31359
2021-08-31 17:00:00+00:00,30836.66667
2021-08-31 18:00:00+00:00,31148.42857
2021-08-31 19:00:00+00:00,32075
2021-08-31 20:00:00+00:00,30292.66667
2021-08-31 21:00:00+00:00,27948.42857
2021-08-31 22:00:00+00:00,27283.8
2021-08-31 23:00:00+00:00,26063.16667
2021-09-01 00:00:00+00:00,24999.28571
2021-09-01 01:00:00+00:00,24355.8
2021-09-01 02:00:00+00:00,24238.5
2021-09-01 03:00:00+00:00,24402.14286
2021-09-01 04:00:00+00:00,26252.4
2021-09-01 05:00:00+00:00,28349.5
2021-09-01 06:00:00+00:00,29531.57143
2021-09-01 07:00:00+00:00,30938.2
2021-09-01 08:00:00+00:00,31681
2021-09-01 09:00:00+00:00,32375.42857
2021-09-01 10:00:00+00:00,32979.8
2021-09-01 11:00:00+00:00,33439.5
2021-09-01 12:00:00+00:00,32893
2021-09-01 13:00:00+00:00,31920.8
2021-09-01 14:00:00+00:00,31364
2021-09-01 15:00:00+00:00,30962.71429
2021-09-01 16:00:00+00:00,30249.6
2021-09-01 17:00:00+00:00,29742.16667
2021-09-01 18:00:00+00:00,30369.71429
2021-09-01 19:00:00+00:00,31384.6
2021-09-01 20:00:00+00:00,29296.83333
2021-09-01 21:00:00+00:00,27217.71429
2021-09-01 22:00:00+00:00,26340
2021-09-01 23:00:00+00:00,25212.5
2021-09-02 00:00:00+00:00,24128.42857
2021-09-02 01:00:00+00:00,23686
2021-09-02 02:00:00+00:00,23465.5
2021-09-02 03:00:00+00:00,23911.14286
2021-09-02 04:00:00+00:00,25703.2
2021-09-02 05:00:00+00:00,27927.66667
2021-09-02 06:00:00+00:00,29193.42857
2021-09-02 07:00:00+00:00,30647
2021-09-02 08:00:00+00:00,31209.33333
2021-09-02 09:00:00+00:00,31742.57143
2021-09-02 10:00:00+00:00,32536.4
2021-09-02 11:00:00+00:00,32974.83333
2021-09-02 12:00:00+00:00,32581.42857
2021-09-02 13:00:00+00:00,31574.8
2021-09-02 14:00:00+00:00,31271.83333
2021-09-02 15:00:00+00:00,31100.14286
2021-09-02 16:00:00+00:00,30566.2
2021-09-02 17:00:00+00:00,30235.83333
2021-09-02 18:00:00+00:00,30553
2021-09-02 19:00:00+00:00,31502.2
2021-09-02 20:00:00+00:00,29455.66667
2021-09-02 21:00:00+00:00,27359.14286
2021-09-02 22:00:00+00:00,26648.6
2021-09-02 23:00:00+00:00,25300.5
2021-09-03 00:00:00+00:00,24199.71429
2021-09-03 01:00:00+00:00,23784.6
2021-09-03 02:00:00+00:00,23608.83333
2021-09-03 03:00:00+00:00,23861.42857
2021-09-03 04:00:00+00:00,25633.4
2021-09-03 05:00:00+00:00,27737.16667
2021-09-03 06:00:00+00:00,29098.14286
2021-09-03 07:00:00+00:00,30511.2
2021-09-03 08:00:00+00:00,31310.66667
2021-09-03 09:00:00+00:00,32004
2021-09-03 10:00:00+00:00,32601.2
2021-09-03 11:00:00+00:00,33107.83333
2021-09-03 12:00:00+00:00,32819.14286
2021-09-03 13:00:00+00:00,31610.2
2021-09-03 14:00:00+00:00,31188.83333
2021-09-03 15:00:00+00:00,30811.28571
2021-09-03 16:00:00+00:00,30440.6
2021-09-03 17:00:00+00:00,30080.16667
2021-09-03 18:00:00+00:00,30345.57143
2021-09-03 19:00:00+00:00,31034.6
2021-09-03 20:00:00+00:00,29125.16667
2021-09-03 21:00:00+00:00,26978.71429
2021-09-03 22:00:00+00:00,26365.8
2021-09-03 23:00:00+00:00,25022
2021-09-04 00:00:00+00:00,23831.85714
2021-09-04 01:00:00+00:00,23025.2
2021-09-04 02:00:00+00:00,22560.83333
2021-09-04 03:00:00+00:00,22390.28571
2021-09-04 04:00:00+00:00,22685.4
2021-09-04 05:00:00+00:00,23078.66667
2021-09-04 06:00:00+00:00,23794.28571
2021-09-04 07:00:00+00:00,25526.4
2021-09-04 08:00:00+00:00,26964.33333
2021-09-04 09:00:00+00:00,27836.85714
2021-09-04 10:00:00+00:00,28349.8
2021-09-04 11:00:00+00:00,28778.16667
2021-09-04 12:00:00+00:00,28694.28571
2021-09-04 13:00:00+00:00,27874.4
2021-09-04 14:00:00+00:00,27238.83333
2021-09-04 15:00:00+00:00,27057
2021-09-04 16:00:00+00:00,27029.6
2021-09-04 17:00:00+00:00,26951.33333
2021-09-04 18:00:00+00:00,27708.85714
2021-09-04 19:00:00+00:00,28971.6
2021-09-04 20:00:00+00:00,27447
2021-09-04 21:00:00+00:00,25660.85714
2021-09-04 22:00:00+00:00,24360.8
2021-09-04 23:00:00+00:00,23138.16667
2021-09-05 00:00:00+00:00,21941.14286
2021-09-05 01:00:00+00:00,21131.4
2021-09-05 02:00:00+00:00,20685
2021-09-05 03:00:00+00:00,20658
2021-09-05 04:00:00+00:00,21038.2
2021-09-05 05:00:00+00:00,21082.83333
2021-09-05 06:00:00+00:00,21304.14286
2021-09-05 07:00:00+00:00,22852.6
2021-09-05 08:00:00+00:00,24273.83333
2021-09-05 09:00:00+00:00,25401.14286
2021-09-05 10:00:00+00:00,26071.8
2021-09-05 11:00:00+00:00,26876.16667
2021-09-05 12:00:00+00:00,27293.57143
2021-09-05 13:00:00+00:00,26609
2021-09-05 14:00:00+00:00,26162.16667
2021-09-05 15:00:00+00:00,25883
2021-09-05 16:00:00+00:00,26212.4
2021-09-05 17:00:00+00:00,26326.16667
2021-09-05 18:00:00+00:00,27166.42857
2021-09-05 19:00:00+00:00,29043.4
2021-09-05 20:00:00+00:00,28077.5
2021-09-05 21:00:00+00:00,26247.28571
2021-09-05 22:00:00+00:00,25030.8
2021-09-05 23:00:00+00:00,23745.16667
2021-09-06 00:00:00+00:00,22885.71429
2021-09-06 01:00:00+00:00,22445.6
2021-09-06 02:00:00+00:00,22318.5
2021-09-06 03:00:00+00:00,22837.85714
2021-09-06 04:00:00+00:00,25501
2021-09-06 05:00:00+00:00,27846.16667
2021-09-06 06:00:00+00:00,29629.57143
2021-09-06 07:00:00+00:00,31214.6
2021-09-06 08:00:00+00:00,32170.33333
2021-09-06 09:00:00+00:00,33056.57143
2021-09-06 10:00:00+00:00,33828
2021-09-06 11:00:00+00:00,34505.5
2021-09-06 12:00:00+00:00,34611.85714
2021-09-06 13:00:00+00:00,34048.8
2021-09-06 14:00:00+00:00,33791.16667
2021-09-06 15:00:00+00:00,33330.28571
2021-09-06 16:00:00+00:00,32641.2
2021-09-06 17:00:00+00:00,32201.5
2021-09-06 18:00:00+00:00,32363.85714
2021-09-06 19:00:00+00:00,33074
2021-09-06 20:00:00+00:00,30795.33333
2021-09-06 21:00:00+00:00,28382.42857
2021-09-06 22:00:00+00:00,27529.6
2021-09-06 23:00:00+00:00,26192
2021-09-07 00:00:00+00:00,24999.28571
2021-09-07 01:00:00+00:00,24506
2021-09-07 02:00:00+00:00,24326.66667
2021-09-07 03:00:00+00:00,24620.71429
2021-09-07 04:00:00+00:00,26573.4
2021-09-07 05:00:00+00:00,29018.5
2021-09-07 06:00:00+00:00,30522.57143
2021-09-07 07:00:00+00:00,32205
2021-09-07 08:00:00+00:00,32971
2021-09-07 09:00:00+00:00,33541.28571
2021-09-07 10:00:00+00:00,34155.8
2021-09-07 11:00:00+00:00,34774.5
2021-09-07 12:00:00+00:00,34636.57143
2021-09-07 13:00:00+00:00,33749
2021-09-07 14:00:00+00:00,33569.16667
2021-09-07 15:00:00+00:00,33462.85714
2021-09-07 16:00:00+00:00,32668.6
2021-09-07 17:00:00+00:00,32057.66667
2021-09-07 18:00:00+00:00,32469.71429
2021-09-07 19:00:00+00:00,33067.6
2021-09-07 20:00:00+00:00,30756.5
2021-09-07 21:00:00+00:00,28482.71429
2021-09-07 22:00:00+00:00,27661.4
2021-09-07 23:00:00+00:00,26375
2021-09-08 00:00:00+00:00,25164.28571
2021-09-08 01:00:00+00:00,24433.8
2021-09-08 02:00:00+00:00,24373.16667
2021-09-08 03:00:00+00:00,24655.71429
2021-09-08 04:00:00+00:00,26309
2021-09-08 05:00:00+00:00,28491.33333
2021-09-08 06:00:00+00:00,29710.71429
2021-09-08 07:00:00+00:00,30991.6
2021-09-08 08:00:00+00:00,31787.83333
2021-09-08 09:00:00+00:00,32538.71429
2021-09-08 10:00:00+00:00,33167.2
2021-09-08 11:00:00+00:00,33602.5
2021-09-08 12:00:00+00:00,33441.42857
2021-09-08 13:00:00+00:00,32640.6
2021-09-08 14:00:00+00:00,32459.83333
2021-09-08 15:00:00+00:00,32123.85714
2021-09-08 16:00:00+00:00,31580.6
2021-09-08 17:00:00+00:00,31185.66667
2021-09-08 18:00:00+00:00,31693.42857
2021-09-08 19:00:00+00:00,32305.8
2021-09-08 20:00:00+00:00,30456.66667
2021-09-08 21:00:00+00:00,28090.57143
2021-09-08 22:00:00+00:00,27353.4
2021-09-08 23:00:00+00:00,26017.66667
2021-09-09 00:00:00+00:00,24958.42857
2021-09-09 01:00:00+00:00,24525.2
2021-09-09 02:00:00+00:00,24295.66667
2021-09-09 03:00:00+00:00,24655.28571
2021-09-09 04:00:00+00:00,26655.8
2021-09-09 05:00:00+00:00,28994
2021-09-09 06:00:00+00:00,30196.57143
2021-09-09 07:00:00+00:00,31381.2
2021-09-09 08:00:00+00:00,32357.16667
2021-09-09 09:00:00+00:00,32877.85714
2021-09-09 10:00:00+00:00,33562.4
2021-09-09 11:00:00+00:00,34038.33333
2021-09-09 12:00:00+00:00,33720.71429
2021-09-09 13:00:00+00:00,32810.4
2021-09-09 14:00:00+00:00,32522
2021-09-09 15:00:00+00:00,32095.71429
2021-09-09 16:00:00+00:00,31631
2021-09-09 17:00:00+00:00,31212.66667
2021-09-09 18:00:00+00:00,31898.28571
2021-09-09 19:00:00+00:00,32206.8
2021-09-09 20:00:00+00:00,30171.33333
2021-09-09 21:00:00+00:00,27802.57143
2021-09-09 22:00:00+00:00,27097.4
2021-09-09 23:00:00+00:00,25800
2021-09-10 00:00:00+00:00,24689.71429
2021-09-10 01:00:00+00:00,24240
2021-09-10 02:00:00+00:00,24277.16667
2021-09-10 03:00:00+00:00,24576.28571
2021-09-10 04:00:00+00:00,26467
2021-09-10 05:00:00+00:00,28966.16667
2021-09-10 06:00:00+00:00,30112.14286
2021-09-10 07:00:00+00:00,31165.8
2021-09-10 08:00:00+00:00,31732
2021-09-10 09:00:00+00:00,32402.71429
2021-09-10 10:00:00+00:00,33213
2021-09-10 11:00:00+00:00,33296
2021-09-10 12:00:00+00:00,32808.28571
2021-09-10 13:00:00+00:00,31774.6
2021-09-10 14:00:00+00:00,31407
2021-09-10 15:00:00+00:00,31054.28571
2021-09-10 16:00:00+00:00,30542
2021-09-10 17:00:00+00:00,30254.83333
2021-09-10 18:00:00+00:00,30734.85714
2021-09-10 19:00:00+00:00,30990.8
2021-09-10 20:00:00+00:00,28935
2021-09-10 21:00:00+00:00,26965
2021-09-10 22:00:00+00:00,26303.6
2021-09-10 23:00:00+00:00,25194.66667
2021-09-11 00:00:00+00:00,24075.28571
2021-09-11 01:00:00+00:00,23218
2021-09-11 02:00:00+00:00,22971.83333
2021-09-11 03:00:00+00:00,22573.28571
2021-09-11 04:00:00+00:00,22906.4
2021-09-11 05:00:00+00:00,23594.33333
2021-09-11 06:00:00+00:00,24214.28571
2021-09-11 07:00:00+00:00,25823.8
2021-09-11 08:00:00+00:00,27159
2021-09-11 09:00:00+00:00,27669.42857
2021-09-11 10:00:00+00:00,28331.6
2021-09-11 11:00:00+00:00,28736.5
2021-09-11 12:00:00+00:00,28590.28571
2021-09-11 13:00:00+00:00,27728.2
2021-09-11 14:00:00+00:00,27151.33333
2021-09-11 15:00:00+00:00,27015.14286
2021-09-11 16:00:00+00:00,27042.2
2021-09-11 17:00:00+00:00,26786
2021-09-11 18:00:00+00:00,28151.71429
2021-09-11 19:00:00+00:00,29024.4
2021-09-11 20:00:00+00:00,27557.5
2021-09-11 21:00:00+00:00,25898.57143
2021-09-11 22:00:00+00:00,24666.2
2021-09-11 23:00:00+00:00,23463.83333
2021-09-12 00:00:00+00:00,22304
2021-09-12 01:00:00+00:00,21591.2
2021-09-12 02:00:00+00:00,21352.16667
2021-09-12 03:00:00+00:00,21060.14286
2021-09-12 04:00:00+00:00,21070
2021-09-12 05:00:00+00:00,21326.33333
2021-09-12 06:00:00+00:00,21619.28571
2021-09-12 07:00:00+00:00,23103
2021-09-12 08:00:00+00:00,24149.33333
2021-09-12 09:00:00+00:00,25246.42857
2021-09-12 10:00:00+00:00,25913.4
2021-09-12 11:00:00+00:00,26657.83333
2021-09-12 12:00:00+00:00,27058.57143
2021-09-12 13:00:00+00:00,26076.2
2021-09-12 14:00:00+00:00,25715.16667
2021-09-12 15:00:00+00:00,25529.42857
2021-09-12 16:00:00+00:00,25742.4
2021-09-12 17:00:00+00:00,25841
2021-09-12 18:00:00+00:00,27532.85714
2021-09-12 19:00:00+00:00,28770
2021-09-12 20:00:00+00:00,27801.33333
2021-09-12 21:00:00+00:00,25855.85714
2021-09-12 22:00:00+00:00,24548.8
2021-09-12 23:00:00+00:00,23444.66667
2021-09-13 00:00:00+00:00,22525.57143
2021-09-13 01:00:00+00:00,22072
2021-09-13 02:00:00+00:00,22092.83333
2021-09-13 03:00:00+00:00,22706.14286
2021-09-13 04:00:00+00:00,25187.4
2021-09-13 05:00:00+00:00,27976.5
2021-09-13 06:00:00+00:00,29626
2021-09-13 07:00:00+00:00,30854.2
2021-09-13 08:00:00+00:00,31776
2021-09-13 09:00:00+00:00,32368.85714
2021-09-13 10:00:00+00:00,32946.4
2021-09-13 11:00:00+00:00,33298.5
2021-09-13 12:00:00+00:00,32695.42857
2021-09-13 13:00:00+00:00,31899.4
2021-09-13 14:00:00+00:00,31741
2021-09-13 15:00:00+00:00,31254.14286
2021-09-13 16:00:00+00:00,30574.4
2021-09-13 17:00:00+00:00,30474.66667
2021-09-13 18:00:00+00:00,31802.85714
2021-09-13 19:00:00+00:00,32029.4
2021-09-13 20:00:00+00:00,29697.66667
2021-09-13 21:00:00+00:00,27362.85714
2021-09-13 22:00:00+00:00,26452.8
2021-09-13 23:00:00+00:00,25454.83333
2021-09-14 00:00:00+00:00,24502.42857
2021-09-14 01:00:00+00:00,24094.8
2021-09-14 02:00:00+00:00,24057.5
2021-09-14 03:00:00+00:00,24425.14286
2021-09-14 04:00:00+00:00,26414
2021-09-14 05:00:00+00:00,29034.66667
2021-09-14 06:00:00+00:00,30555.71429
2021-09-14 07:00:00+00:00,31689.4
2021-09-14 08:00:00+00:00,32018.66667
2021-09-14 09:00:00+00:00,32795.57143
2021-09-14 10:00:00+00:00,33348.8
2021-09-14 11:00:00+00:00,33341.33333
2021-09-14 12:00:00+00:00,32753.85714
2021-09-14 13:00:00+00:00,31900.8
2021-09-14 14:00:00+00:00,31550.5
2021-09-14 15:00:00+00:00,30991.57143
2021-09-14 16:00:00+00:00,30397.8
2021-09-14 17:00:00+00:00,30425.5
2021-09-14 18:00:00+00:00,31809
2021-09-14 19:00:00+00:00,31698.4
2021-09-14 20:00:00+00:00,29468.33333
2021-09-14 21:00:00+00:00,27095.28571
2021-09-14 22:00:00+00:00,26155.8
2021-09-14 23:00:00+00:00,24942.66667
2021-09-15 00:00:00+00:00,24095.42857
2021-09-15 01:00:00+00:00,23550.2
2021-09-15 02:00:00+00:00,23389.66667
2021-09-15 03:00:00+00:00,23825
2021-09-15 04:00:00+00:00,26019
2021-09-15 05:00:00+00:00,28617.16667
2021-09-15 06:00:00+00:00,30082.85714
2021-09-15 07:00:00+00:00,30847
2021-09-15 08:00:00+00:00,31687.66667
2021-09-15 09:00:00+00:00,32166.28571
2021-09-15 10:00:00+00:00,32784
2021-09-15 11:00:00+00:00,33039
2021-09-15 12:00:00+00:00,32539.71429
2021-09-15 13:00:00+00:00,31712.2
2021-09-15 14:00:00+00:00,31290.5
2021-09-15 15:00:00+00:00,31275.28571
2021-09-15 16:00:00+00:00,30957.8
2021-09-15 17:00:00+00:00,30755.83333
2021-09-15 18:00:00+00:00,31832.28571
2021-09-15 19:00:00+00:00,31807.2
2021-09-15 20:00:00+00:00,29337.83333
2021-09-15 21:00:00+00:00,26847.71429
2021-09-15 22:00:00+00:00,25915.8
2021-09-15 23:00:00+00:00,24780.83333
2021-09-16 00:00:00+00:00,23743.85714
2021-09-16 01:00:00+00:00,23277
2021-09-16 02:00:00+00:00,23070.66667
2021-09-16 03:00:00+00:00,23458.71429
2021-09-16 04:00:00+00:00,25491.2
2021-09-16 05:00:00+00:00,28287.83333
2021-09-16 06:00:00+00:00,29288.14286
2021-09-16 07:00:00+00:00,30154.6
2021-09-16 08:00:00+00:00,30615.83333
2021-09-16 09:00:00+00:00,30935.42857
2021-09-16 10:00:00+00:00,31407.8
2021-09-16 11:00:00+00:00,31594.16667
2021-09-16 12:00:00+00:00,31195.42857
2021-09-16 13:00:00+00:00,30866.6
2021-09-16 14:00:00+00:00,30605.16667
2021-09-16 15:00:00+00:00,30430.57143
2021-09-16 16:00:00+00:00,29670.2
2021-09-16 17:00:00+00:00,29386.33333
2021-09-16 18:00:00+00:00,30691.42857
2021-09-16 19:00:00+00:00,30844.4
2021-09-16 20:00:00+00:00,28560.83333
2021-09-16 21:00:00+00:00,26156.71429
2021-09-16 22:00:00+00:00,25546
2021-09-16 23:00:00+00:00,24294.33333
2021-09-17 00:00:00+00:00,23383.28571
2021-09-17 01:00:00+00:00,22916.6
2021-09-17 02:00:00+00:00,22963.5
2021-09-17 03:00:00+00:00,23163.85714
2021-09-17 04:00:00+00:00,25244.6
2021-09-17 05:00:00+00:00,27932.83333
2021-09-17 06:00:00+00:00,29004.71429
2021-09-17 07:00:00+00:00,29975.6
2021-09-17 08:00:00+00:00,30276.66667
2021-09-17 09:00:00+00:00,30719.14286
2021-09-17 10:00:00+00:00,31327
2021-09-17 11:00:00+00:00,31589.16667
2021-09-17 12:00:00+00:00,31298.28571
2021-09-17 13:00:00+00:00,30448.2
2021-09-17 14:00:00+00:00,30006.66667
2021-09-17 15:00:00+00:00,29914
2021-09-17 16:00:00+00:00,29501.6
2021-09-17 17:00:00+00:00,29178.16667
2021-09-17 18:00:00+00:00,30288.71429
2021-09-17 19:00:00+00:00,30345.2
2021-09-17 20:00:00+00:00,28173.16667
2021-09-17 21:00:00+00:00,26050.85714
2021-09-17 22:00:00+00:00,25216.8
2021-09-17 23:00:00+00:00,24021.33333
2021-09-18 00:00:00+00:00,22787.71429
2021-09-18 01:00:00+00:00,22249.2
2021-09-18 02:00:00+00:00,21921.66667
2021-09-18 03:00:00+00:00,21633
2021-09-18 04:00:00+00:00,22012.4
2021-09-18 05:00:00+00:00,22807.33333
2021-09-18 06:00:00+00:00,23651
2021-09-18 07:00:00+00:00,25323.2
2021-09-18 08:00:00+00:00,26490.33333
2021-09-18 09:00:00+00:00,27055
2021-09-18 10:00:00+00:00,27479.8
2021-09-18 11:00:00+00:00,27711.33333
2021-09-18 12:00:00+00:00,27163.14286
2021-09-18 13:00:00+00:00,25975.6
2021-09-18 14:00:00+00:00,25273.83333
2021-09-18 15:00:00+00:00,25085.42857
2021-09-18 16:00:00+00:00,25200.2
2021-09-18 17:00:00+00:00,25313.33333
2021-09-18 18:00:00+00:00,26967.57143
2021-09-18 19:00:00+00:00,27667.4
2021-09-18 20:00:00+00:00,25887.5
2021-09-18 21:00:00+00:00,24142.57143
2021-09-18 22:00:00+00:00,22957.4
2021-09-18 23:00:00+00:00,21737
2021-09-19 00:00:00+00:00,20707.14286
2021-09-19 01:00:00+00:00,20231.6
2021-09-19 02:00:00+00:00,19978
2021-09-19 03:00:00+00:00,19807.85714
2021-09-19 04:00:00+00:00,20001.6
2021-09-19 05:00:00+00:00,20258
2021-09-19 06:00:00+00:00,20482.85714
2021-09-19 07:00:00+00:00,21896.4
2021-09-19 08:00:00+00:00,23072.83333
2021-09-19 09:00:00+00:00,23931
2021-09-19 10:00:00+00:00,24270.6
2021-09-19 11:00:00+00:00,24849.5
2021-09-19 12:00:00+00:00,24876.42857
2021-09-19 13:00:00+00:00,23868.8
2021-09-19 14:00:00+00:00,23372.66667
2021-09-19 15:00:00+00:00,23144.71429
2021-09-19 16:00:00+00:00,23459.6
2021-09-19 17:00:00+00:00,23785
2021-09-19 18:00:00+00:00,26109.28571
2021-09-19 19:00:00+00:00,27090.2
2021-09-19 20:00:00+00:00,25915.83333
2021-09-19 21:00:00+00:00,24207.14286
2021-09-19 22:00:00+00:00,22854.6
2021-09-19 23:00:00+00:00,21879.33333
2021-09-20 00:00:00+00:00,21035
2021-09-20 01:00:00+00:00,20613.2
2021-09-20 02:00:00+00:00,20751.16667
2021-09-20 03:00:00+00:00,21395.42857
2021-09-20 04:00:00+00:00,23899.6
2021-09-20 05:00:00+00:00,26925.33333
2021-09-20 06:00:00+00:00,28208.28571
2021-09-20 07:00:00+00:00,29060.8
2021-09-20 08:00:00+00:00,29351.66667
2021-09-20 09:00:00+00:00,29847.71429
2021-09-20 10:00:00+00:00,30466.4
2021-09-20 11:00:00+00:00,30717.5
2021-09-20 12:00:00+00:00,30397.28571
2021-09-20 13:00:00+00:00,29649.4
2021-09-20 14:00:00+00:00,29269.16667
2021-09-20 15:00:00+00:00,29286.57143
2021-09-20 16:00:00+00:00,28826.4
2021-09-20 17:00:00+00:00,28786
2021-09-20 18:00:00+00:00,30398
2021-09-20 19:00:00+00:00,30404.8
2021-09-20 20:00:00+00:00,27811.5
2021-09-20 21:00:00+00:00,25491.85714
2021-09-20 22:00:00+00:00,24431.8
2021-09-20 23:00:00+00:00,23502.16667
2021-09-21 00:00:00+00:00,22579.42857
2021-09-21 01:00:00+00:00,22133
2021-09-21 02:00:00+00:00,22080.33333
2021-09-21 03:00:00+00:00,22589.14286
2021-09-21 04:00:00+00:00,24587
2021-09-21 05:00:00+00:00,27318
2021-09-21 06:00:00+00:00,28543.28571
2021-09-21 07:00:00+00:00,29286
2021-09-21 08:00:00+00:00,29202.66667
2021-09-21 09:00:00+00:00,29556.57143
2021-09-21 10:00:00+00:00,30200.2
2021-09-21 11:00:00+00:00,30255.16667
2021-09-21 12:00:00+00:00,29698
2021-09-21 13:00:00+00:00,28838
2021-09-21 14:00:00+00:00,28563.16667
2021-09-21 15:00:00+00:00,28455.71429
2021-09-21 16:00:00+00:00,27954
2021-09-21 17:00:00+00:00,28115.33333
2021-09-21 18:00:00+00:00,30098.28571
2021-09-21 19:00:00+00:00,30288.2
2021-09-21 20:00:00+00:00,27782.16667
2021-09-21 21:00:00+00:00,25379.28571
2021-09-21 22:00:00+00:00,24560
2021-09-21 23:00:00+00:00,23534
2021-09-22 00:00:00+00:00,22649.85714
2021-09-22 01:00:00+00:00,22457
2021-09-22 02:00:00+00:00,22409.66667
2021-09-22 03:00:00+00:00,22863.85714
2021-09-22 04:00:00+00:00,25094.4
2021-09-22 05:00:00+00:00,27945.33333
2021-09-22 06:00:00+00:00,29008.85714
2021-09-22 07:00:00+00:00,29603
2021-09-22 08:00:00+00:00,29957.66667
2021-09-22 09:00:00+00:00,30122.14286
2021-09-22 10:00:00+00:00,30461.2
2021-09-22 11:00:00+00:00,30519.66667
2021-09-22 12:00:00+00:00,30094
2021-09-22 13:00:00+00:00,29283.4
2021-09-22 14:00:00+00:00,28676.66667
2021-09-22 15:00:00+00:00,28618.85714
2021-09-22 16:00:00+00:00,28277.2
2021-09-22 17:00:00+00:00,28487.16667
2021-09-22 18:00:00+00:00,30484
2021-09-22 19:00:00+00:00,30327.8
2021-09-22 20:00:00+00:00,27862.16667
2021-09-22 21:00:00+00:00,25338.28571
2021-09-22 22:00:00+00:00,24730.2
2021-09-22 23:00:00+00:00,23617
2021-09-23 00:00:00+00:00,22707.71429
2021-09-23 01:00:00+00:00,22452.8
2021-09-23 02:00:00+00:00,22167.16667
2021-09-23 03:00:00+00:00,22760.85714
2021-09-23 04:00:00+00:00,24842.2
2021-09-23 05:00:00+00:00,27702.83333
2021-09-23 06:00:00+00:00,28920.28571
2021-09-23 07:00:00+00:00,29670.8
2021-09-23 08:00:00+00:00,29973.83333
2021-09-23 09:00:00+00:00,30138.57143
2021-09-23 10:00:00+00:00,30584.2
2021-09-23 11:00:00+00:00,30739.16667
2021-09-23 12:00:00+00:00,30063.42857
2021-09-23 13:00:00+00:00,29317.8
2021-09-23 14:00:00+00:00,29041.83333
2021-09-23 15:00:00+00:00,28823.71429
2021-09-23 16:00:00+00:00,28482.2
2021-09-23 17:00:00+00:00,28565
2021-09-23 18:00:00+00:00,30515.85714
2021-09-23 19:00:00+00:00,30363.2
2021-09-23 20:00:00+00:00,28001.5
2021-09-23 21:00:00+00:00,25620
2021-09-23 22:00:00+00:00,24905.6
2021-09-23 23:00:00+00:00,23876
2021-09-24 00:00:00+00:00,23019.85714
2021-09-24 01:00:00+00:00,22593.6
2021-09-24 02:00:00+00:00,22423.33333
2021-09-24 03:00:00+00:00,22749.42857
2021-09-24 04:00:00+00:00,24890.6
2021-09-24 05:00:00+00:00,27479.33333
2021-09-24 06:00:00+00:00,28631
2021-09-24 07:00:00+00:00,29492.2
2021-09-24 08:00:00+00:00,30013.33333
2021-09-24 09:00:00+00:00,30388
2021-09-24 10:00:00+00:00,30838.2
2021-09-24 11:00:00+00:00,30779.5
2021-09-24 12:00:00+00:00,30059.71429
2021-09-24 13:00:00+00:00,29104
2021-09-24 14:00:00+00:00,28629.33333
2021-09-24 15:00:00+00:00,28309.42857
2021-09-24 16:00:00+00:00,27984
2021-09-24 17:00:00+00:00,27994
2021-09-24 18:00:00+00:00,29828.28571
2021-09-24 19:00:00+00:00,29588.8
2021-09-24 20:00:00+00:00,27427.83333
2021-09-24 21:00:00+00:00,25365.42857
2021-09-24 22:00:00+00:00,24668.6
2021-09-24 23:00:00+00:00,23559.33333
2021-09-25 00:00:00+00:00,22381
2021-09-25 01:00:00+00:00,21810.4
2021-09-25 02:00:00+00:00,21414.5
2021-09-25 03:00:00+00:00,21306.28571
2021-09-25 04:00:00+00:00,21817.8
2021-09-25 05:00:00+00:00,22756.33333
2021-09-25 06:00:00+00:00,23470.57143
2021-09-25 07:00:00+00:00,25198.2
2021-09-25 08:00:00+00:00,26502.33333
2021-09-25 09:00:00+00:00,27067.42857
2021-09-25 10:00:00+00:00,27322.8
2021-09-25 11:00:00+00:00,27698.16667
2021-09-25 12:00:00+00:00,27103.57143
2021-09-25 13:00:00+00:00,25740.2
2021-09-25 14:00:00+00:00,25014.16667
2021-09-25 15:00:00+00:00,24866.14286
2021-09-25 16:00:00+00:00,24848
2021-09-25 17:00:00+00:00,25244.83333
2021-09-25 18:00:00+00:00,27113.14286
2021-09-25 19:00:00+00:00,27289.6
2021-09-25 20:00:00+00:00,25374.83333
2021-09-25 21:00:00+00:00,23787.71429
2021-09-25 22:00:00+00:00,22562.6
2021-09-25 23:00:00+00:00,21377.33333
2021-09-26 00:00:00+00:00,20305.57143
2021-09-26 01:00:00+00:00,19889.4
2021-09-26 02:00:00+00:00,19632.33333
2021-09-26 03:00:00+00:00,19489.14286
2021-09-26 04:00:00+00:00,19679.8
2021-09-26 05:00:00+00:00,20196.33333
2021-09-26 06:00:00+00:00,20373.42857
2021-09-26 07:00:00+00:00,21863
2021-09-26 08:00:00+00:00,23158.5
2021-09-26 09:00:00+00:00,23843.42857
2021-09-26 10:00:00+00:00,24405.6
2021-09-26 11:00:00+00:00,24892.16667
2021-09-26 12:00:00+00:00,24961.85714
2021-09-26 13:00:00+00:00,23839.2
2021-09-26 14:00:00+00:00,23297.16667
2021-09-26 15:00:00+00:00,23001.28571
2021-09-26 16:00:00+00:00,23201.8
2021-09-26 17:00:00+00:00,23683.5
2021-09-26 18:00:00+00:00,26309
2021-09-26 19:00:00+00:00,27039.2
2021-09-26 20:00:00+00:00,25391.83333
2021-09-26 21:00:00+00:00,23776.28571
2021-09-26 22:00:00+00:00,22634
2021-09-26 23:00:00+00:00,21483.5
2021-09-27 00:00:00+00:00,20844
2021-09-27 01:00:00+00:00,20602.8
2021-09-27 02:00:00+00:00,20572.5
2021-09-27 03:00:00+00:00,21240.57143
2021-09-27 04:00:00+00:00,23709.2
2021-09-27 05:00:00+00:00,27033.16667
2021-09-27 06:00:00+00:00,28340.85714
2021-09-27 07:00:00+00:00,28954.2
2021-09-27 08:00:00+00:00,29186
2021-09-27 09:00:00+00:00,29798.71429
2021-09-27 10:00:00+00:00,30621.6
2021-09-27 11:00:00+00:00,30887.16667
2021-09-27 12:00:00+00:00,30495.14286
2021-09-27 13:00:00+00:00,29699.4
2021-09-27 14:00:00+00:00,29598.5
2021-09-27 15:00:00+00:00,29512.85714
2021-09-27 16:00:00+00:00,29048.4
2021-09-27 17:00:00+00:00,28935.83333
2021-09-27 18:00:00+00:00,30958.57143
2021-09-27 19:00:00+00:00,30696.4
2021-09-27 20:00:00+00:00,28163
2021-09-27 21:00:00+00:00,25441.14286
2021-09-27 22:00:00+00:00,24758.2
2021-09-27 23:00:00+00:00,23746
2021-09-28 00:00:00+00:00,22999.28571
2021-09-28 01:00:00+00:00,22585.4
2021-09-28 02:00:00+00:00,22453
2021-09-28 03:00:00+00:00,22869.85714
2021-09-28 04:00:00+00:00,25199
2021-09-28 05:00:00+00:00,27912.16667
2021-09-28 06:00:00+00:00,29065.28571
2021-09-28 07:00:00+00:00,29861
2021-09-28 08:00:00+00:00,30224.16667
2021-09-28 09:00:00+00:00,30735.28571
2021-09-28 10:00:00+00:00,31234.2
2021-09-28 11:00:00+00:00,31319.33333
2021-09-28 12:00:00+00:00,30750.71429
2021-09-28 13:00:00+00:00,30105
2021-09-28 14:00:00+00:00,29867
2021-09-28 15:00:00+00:00,29820.85714
2021-09-28 16:00:00+00:00,29240.4
2021-09-28 17:00:00+00:00,29440.33333
2021-09-28 18:00:00+00:00,31363.71429
2021-09-28 19:00:00+00:00,30783.8
2021-09-28 20:00:00+00:00,28271
2021-09-28 21:00:00+00:00,25905.85714
2021-09-28 22:00:00+00:00,25240
2021-09-28 23:00:00+00:00,24011.83333
2021-09-29 00:00:00+00:00,23213.28571
2021-09-29 01:00:00+00:00,22804.6
2021-09-29 02:00:00+00:00,22664.5
2021-09-29 03:00:00+00:00,23071.42857
2021-09-29 04:00:00+00:00,25460.2
2021-09-29 05:00:00+00:00,28257.16667
2021-09-29 06:00:00+00:00,29412.57143
2021-09-29 07:00:00+00:00,29992
2021-09-29 08:00:00+00:00,29958
2021-09-29 09:00:00+00:00,30557.57143
2021-09-29 10:00:00+00:00,31300
2021-09-29 11:00:00+00:00,31382.5
2021-09-29 12:00:00+00:00,30708.57143
2021-09-29 13:00:00+00:00,30027.4
2021-09-29 14:00:00+00:00,29783
2021-09-29 15:00:00+00:00,29517.42857
2021-09-29 16:00:00+00:00,28996.6
2021-09-29 17:00:00+00:00,29147.33333
2021-09-29 18:00:00+00:00,31222.71429
2021-09-29 19:00:00+00:00,30755.4
2021-09-29 20:00:00+00:00,28014.83333
2021-09-29 21:00:00+00:00,25601.14286
2021-09-29 22:00:00+00:00,24818
2021-09-29 23:00:00+00:00,23664.66667
2021-09-30 00:00:00+00:00,23014.28571
2021-09-30 01:00:00+00:00,22524
2021-09-30 02:00:00+00:00,22305.16667
2021-09-30 03:00:00+00:00,22853.71429
2021-09-30 04:00:00+00:00,24989.8
2021-09-30 05:00:00+00:00,27660
2021-09-30 06:00:00+00:00,28892.42857
2021-09-30 07:00:00+00:00,29524.4
2021-09-30 08:00:00+00:00,29771.66667
2021-09-30 09:00:00+00:00,30241.71429
2021-09-30 10:00:00+00:00,30660
2021-09-30 11:00:00+00:00,30921.5
2021-09-30 12:00:00+00:00,30384
2021-09-30 13:00:00+00:00,29931.2
2021-09-30 14:00:00+00:00,29626.83333
2021-09-30 15:00:00+00:00,29542.71429
2021-09-30 16:00:00+00:00,28976.6
2021-09-30 17:00:00+00:00,29066.16667
2021-09-30 18:00:00+00:00,31114.71429
2021-09-30 19:00:00+00:00,30674.2
2021-09-30 20:00:00+00:00,28229.66667
2021-09-30 21:00:00+00:00,25811.42857
2021-09-30 22:00:00+00:00,25154.6
2021-09-30 23:00:00+00:00,24100.5
2021-10-01 00:00:00+00:00,23156.14286
2021-10-01 01:00:00+00:00,22867.2
2021-10-01 02:00:00+00:00,22520.66667
2021-10-01 03:00:00+00:00,22843.57143
2021-10-01 04:00:00+00:00,24932
2021-10-01 05:00:00+00:00,27775
2021-10-01 06:00:00+00:00,28979.85714
2021-10-01 07:00:00+00:00,29580.8
2021-10-01 08:00:00+00:00,29904.66667
2021-10-01 09:00:00+00:00,30238
2021-10-01 10:00:00+00:00,30793
2021-10-01 11:00:00+00:00,30933.16667
2021-10-01 12:00:00+00:00,30222.71429
2021-10-01 13:00:00+00:00,29345.6
2021-10-01 14:00:00+00:00,28986.83333
2021-10-01 15:00:00+00:00,28712.85714
2021-10-01 16:00:00+00:00,28367.2
2021-10-01 17:00:00+00:00,28337.5
2021-10-01 18:00:00+00:00,30002.57143
2021-10-01 19:00:00+00:00,29502.6
2021-10-01 20:00:00+00:00,27316.16667
2021-10-01 21:00:00+00:00,25287
2021-10-01 22:00:00+00:00,24630.2
2021-10-01 23:00:00+00:00,23517.33333
2021-10-02 00:00:00+00:00,22281.28571
2021-10-02 01:00:00+00:00,21740.6
2021-10-02 02:00:00+00:00,21374.5
2021-10-02 03:00:00+00:00,21098.42857
2021-10-02 04:00:00+00:00,21568.8
2021-10-02 05:00:00+00:00,22461.16667
2021-10-02 06:00:00+00:00,23376.28571
2021-10-02 07:00:00+00:00,25091.2
2021-10-02 08:00:00+00:00,26225
2021-10-02 09:00:00+00:00,26536
2021-10-02 10:00:00+00:00,26802
2021-10-02 11:00:00+00:00,27036
2021-10-02 12:00:00+00:00,26533
2021-10-02 13:00:00+00:00,25429.8
2021-10-02 14:00:00+00:00,24656.16667
2021-10-02 15:00:00+00:00,24421.14286
2021-10-02 16:00:00+00:00,24488
2021-10-02 17:00:00+00:00,25029.16667
2021-10-02 18:00:00+00:00,27166.71429
2021-10-02 19:00:00+00:00,27111.8
2021-10-02 20:00:00+00:00,25428.83333
2021-10-02 21:00:00+00:00,23670.28571
2021-10-02 22:00:00+00:00,22587.6
2021-10-02 23:00:00+00:00,21513.5
2021-10-03 00:00:00+00:00,20348.14286
2021-10-03 01:00:00+00:00,19866.6
2021-10-03 02:00:00+00:00,19687.33333
2021-10-03 03:00:00+00:00,19672.85714
2021-10-03 04:00:00+00:00,19895.6
2021-10-03 05:00:00+00:00,20495.5
2021-10-03 06:00:00+00:00,20720.85714
2021-10-03 07:00:00+00:00,22043.6
2021-10-03 08:00:00+00:00,23475.16667
2021-10-03 09:00:00+00:00,24529.28571
2021-10-03 10:00:00+00:00,25055.8
2021-10-03 11:00:00+00:00,25370.5
2021-10-03 12:00:00+00:00,25070.85714
2021-10-03 13:00:00+00:00,23451.6
2021-10-03 14:00:00+00:00,22651.66667
2021-10-03 15:00:00+00:00,22515.42857
2021-10-03 16:00:00+00:00,22669.2
2021-10-03 17:00:00+00:00,23402.16667
2021-10-03 18:00:00+00:00,25940.57143
2021-10-03 19:00:00+00:00,26251
2021-10-03 20:00:00+00:00,24885
2021-10-03 21:00:00+00:00,23044.85714
2021-10-03 22:00:00+00:00,21882.6
2021-10-03 23:00:00+00:00,20959.16667
2021-10-04 00:00:00+00:00,20306.14286
2021-10-04 01:00:00+00:00,19968.4
2021-10-04 02:00:00+00:00,20187.16667
2021-10-04 03:00:00+00:00,20809
2021-10-04 04:00:00+00:00,23144.2
2021-10-04 05:00:00+00:00,26268.66667
2021-10-04 06:00:00+00:00,27636.14286
2021-10-04 07:00:00+00:00,28375.6
2021-10-04 08:00:00+00:00,28707.5
2021-10-04 09:00:00+00:00,28952.71429
2021-10-04 10:00:00+00:00,29112.2
2021-10-04 11:00:00+00:00,29135.66667
2021-10-04 12:00:00+00:00,28620.85714
2021-10-04 13:00:00+00:00,27822.8
2021-10-04 14:00:00+00:00,27507.5
2021-10-04 15:00:00+00:00,27293.57143
2021-10-04 16:00:00+00:00,26858.8
2021-10-04 17:00:00+00:00,27260.5
2021-10-04 18:00:00+00:00,29829.28571
2021-10-04 19:00:00+00:00,29376.8
2021-10-04 20:00:00+00:00,26987.83333
2021-10-04 21:00:00+00:00,24632.85714
2021-10-04 22:00:00+00:00,23908
2021-10-04 23:00:00+00:00,22950.5
2021-10-05 00:00:00+00:00,22079.28571
2021-10-05 01:00:00+00:00,21581.2
2021-10-05 02:00:00+00:00,21396.83333
2021-10-05 03:00:00+00:00,21904.71429
2021-10-05 04:00:00+00:00,24133
2021-10-05 05:00:00+00:00,27098.66667
2021-10-05 06:00:00+00:00,28375.57143
2021-10-05 07:00:00+00:00,28877.4
2021-10-05 08:00:00+00:00,28816.66667
2021-10-05 09:00:00+00:00,29208.71429
2021-10-05 10:00:00+00:00,29677.4
2021-10-05 11:00:00+00:00,29956.5
2021-10-05 12:00:00+00:00,29290.42857
2021-10-05 13:00:00+00:00,28643.2
2021-10-05 14:00:00+00:00,28305.16667
2021-10-05 15:00:00+00:00,28166
2021-10-05 16:00:00+00:00,27842.4
2021-10-05 17:00:00+00:00,28419.83333
2021-10-05 18:00:00+00:00,30788.57143
2021-10-05 19:00:00+00:00,30187.6
2021-10-05 20:00:00+00:00,27752
2021-10-05 21:00:00+00:00,25254.42857
2021-10-05 22:00:00+00:00,24446.4
2021-10-05 23:00:00+00:00,23392.5
2021-10-06 00:00:00+00:00,22579.85714
2021-10-06 01:00:00+00:00,22293
2021-10-06 02:00:00+00:00,22271.5
2021-10-06 03:00:00+00:00,22801.71429
2021-10-06 04:00:00+00:00,25036.4
2021-10-06 05:00:00+00:00,27970.33333
2021-10-06 06:00:00+00:00,29322.57143
2021-10-06 07:00:00+00:00,29652.8
2021-10-06 08:00:00+00:00,29926.33333
2021-10-06 09:00:00+00:00,30214.57143
2021-10-06 10:00:00+00:00,30610.6
2021-10-06 11:00:00+00:00,30675.5
2021-10-06 12:00:00+00:00,30061.28571
2021-10-06 13:00:00+00:00,29341.6
2021-10-06 14:00:00+00:00,28939.83333
2021-10-06 15:00:00+00:00,28830.57143
2021-10-06 16:00:00+00:00,28321
2021-10-06 17:00:00+00:00,28517.83333
2021-10-06 18:00:00+00:00,30912.85714
2021-10-06 19:00:00+00:00,30374.2
2021-10-06 20:00:00+00:00,28024.33333
2021-10-06 21:00:00+00:00,25515.57143
2021-10-06 22:00:00+00:00,24608.2
2021-10-06 23:00:00+00:00,23528.66667
2021-10-07 00:00:00+00:00,22686.28571
2021-10-07 01:00:00+00:00,22319
2021-10-07 02:00:00+00:00,22294
2021-10-07 03:00:00+00:00,22696
2021-10-07 04:00:00+00:00,24824.4
2021-10-07 05:00:00+00:00,27555.5
2021-10-07 06:00:00+00:00,28702.28571
2021-10-07 07:00:00+00:00,29216.8
2021-10-07 08:00:00+00:00,29473
2021-10-07 09:00:00+00:00,29500
2021-10-07 10:00:00+00:00,30043.6
2021-10-07 11:00:00+00:00,30029.5
2021-10-07 12:00:00+00:00,29578
2021-10-07 13:00:00+00:00,28727.8
2021-10-07 14:00:00+00:00,28589.83333
2021-10-07 15:00:00+00:00,28522.28571
2021-10-07 16:00:00+00:00,28118.2
2021-10-07 17:00:00+00:00,28328.33333
2021-10-07 18:00:00+00:00,30447.85714
2021-10-07 19:00:00+00:00,30073.8
2021-10-07 20:00:00+00:00,27596.5
2021-10-07 21:00:00+00:00,25274
2021-10-07 22:00:00+00:00,24678
2021-10-07 23:00:00+00:00,23723.83333
2021-10-08 00:00:00+00:00,22675.71429
2021-10-08 01:00:00+00:00,22383.6
2021-10-08 02:00:00+00:00,22055.66667
2021-10-08 03:00:00+00:00,22641.14286
2021-10-08 04:00:00+00:00,24542.6
2021-10-08 05:00:00+00:00,27473.83333
2021-10-08 06:00:00+00:00,28558.71429
2021-10-08 07:00:00+00:00,29072.4
2021-10-08 08:00:00+00:00,29151.83333
2021-10-08 09:00:00+00:00,29589.71429
2021-10-08 10:00:00+00:00,29988.4
2021-10-08 11:00:00+00:00,30075
2021-10-08 12:00:00+00:00,29417.85714
2021-10-08 13:00:00+00:00,28664.4
2021-10-08 14:00:00+00:00,28309.83333
2021-10-08 15:00:00+00:00,28115.42857
2021-10-08 16:00:00+00:00,27657.6
2021-10-08 17:00:00+00:00,28090.33333
2021-10-08 18:00:00+00:00,29871.57143
2021-10-08 19:00:00+00:00,29190.6
2021-10-08 20:00:00+00:00,27111.83333
2021-10-08 21:00:00+00:00,25084.71429
2021-10-08 22:00:00+00:00,24218.6
2021-10-08 23:00:00+00:00,23290.16667
2021-10-09 00:00:00+00:00,22045.28571
2021-10-09 01:00:00+00:00,21447.2
2021-10-09 02:00:00+00:00,21299.33333
2021-10-09 03:00:00+00:00,21062
2021-10-09 04:00:00+00:00,21240
2021-10-09 05:00:00+00:00,22171.5
2021-10-09 06:00:00+00:00,23154.42857
2021-10-09 07:00:00+00:00,24835.2
2021-10-09 08:00:00+00:00,25893.66667
2021-10-09 09:00:00+00:00,26253.42857
2021-10-09 10:00:00+00:00,26350.6
2021-10-09 11:00:00+00:00,26429.5
2021-10-09 12:00:00+00:00,25918.42857
2021-10-09 13:00:00+00:00,24818.8
2021-10-09 14:00:00+00:00,24088
2021-10-09 15:00:00+00:00,23987.71429
2021-10-09 16:00:00+00:00,23838.6
2021-10-09 17:00:00+00:00,24553.16667
2021-10-09 18:00:00+00:00,26769.85714
2021-10-09 19:00:00+00:00,26650.8
2021-10-09 20:00:00+00:00,25016.33333
2021-10-09 21:00:00+00:00,23418.85714
2021-10-09 22:00:00+00:00,22128.2
2021-10-09 23:00:00+00:00,21062.16667
2021-10-10 00:00:00+00:00,20109.14286
2021-10-10 01:00:00+00:00,19617
2021-10-10 02:00:00+00:00,19252.16667
2021-10-10 03:00:00+00:00,19070.85714
2021-10-10 04:00:00+00:00,19434.6
2021-10-10 05:00:00+00:00,19955.83333
2021-10-10 06:00:00+00:00,20323.14286
2021-10-10 07:00:00+00:00,21652.6
2021-10-10 08:00:00+00:00,22928
2021-10-10 09:00:00+00:00,23592.14286
2021-10-10 10:00:00+00:00,23647.8
2021-10-10 11:00:00+00:00,24030.33333
2021-10-10 12:00:00+00:00,23991.42857
2021-10-10 13:00:00+00:00,22833.8
2021-10-10 14:00:00+00:00,22245.16667
2021-10-10 15:00:00+00:00,22012.85714
2021-10-10 16:00:00+00:00,22235
2021-10-10 17:00:00+00:00,23030.83333
2021-10-10 18:00:00+00:00,25600.71429
2021-10-10 19:00:00+00:00,25615.8
2021-10-10 20:00:00+00:00,24380.5
2021-10-10 21:00:00+00:00,22706.28571
2021-10-10 22:00:00+00:00,21326
2021-10-10 23:00:00+00:00,20503.33333
2021-10-11 00:00:00+00:00,19632.14286
2021-10-11 01:00:00+00:00,19415.2
2021-10-11 02:00:00+00:00,19316.5
2021-10-11 03:00:00+00:00,19748.42857
2021-10-11 04:00:00+00:00,21505
2021-10-11 05:00:00+00:00,23518.5
2021-10-11 06:00:00+00:00,24672.42857
2021-10-11 07:00:00+00:00,25618.6
2021-10-11 08:00:00+00:00,26287.66667
2021-10-11 09:00:00+00:00,26244.42857
2021-10-11 10:00:00+00:00,26631.4
2021-10-11 11:00:00+00:00,27069.33333
2021-10-11 12:00:00+00:00,26787.71429
2021-10-11 13:00:00+00:00,25789.4
2021-10-11 14:00:00+00:00,25370.5
2021-10-11 15:00:00+00:00,25475.71429
2021-10-11 16:00:00+00:00,25134.4
2021-10-11 17:00:00+00:00,25732.16667
2021-10-11 18:00:00+00:00,27642.57143
2021-10-11 19:00:00+00:00,27060.6
2021-10-11 20:00:00+00:00,25262.16667
2021-10-11 21:00:00+00:00,23178.71429
2021-10-11 22:00:00+00:00,22514.4
2021-10-11 23:00:00+00:00,21436.16667
2021-10-12 00:00:00+00:00,20424.28571
2021-10-12 01:00:00+00:00,20032.8
2021-10-12 02:00:00+00:00,19683.16667
2021-10-12 03:00:00+00:00,19709.28571
2021-10-12 04:00:00+00:00,20054.8
2021-10-12 05:00:00+00:00,20669
2021-10-12 06:00:00+00:00,20896.85714
2021-10-12 07:00:00+00:00,22050.2
2021-10-12 08:00:00+00:00,23169.33333
2021-10-12 09:00:00+00:00,23768.57143
2021-10-12 10:00:00+00:00,24142
2021-10-12 11:00:00+00:00,24434.16667
2021-10-12 12:00:00+00:00,24294.42857
2021-10-12 13:00:00+00:00,23091.8
2021-10-12 14:00:00+00:00,22658.16667
2021-10-12 15:00:00+00:00,22506.28571
2021-10-12 16:00:00+00:00,22643
2021-10-12 17:00:00+00:00,23664.66667
2021-10-12 18:00:00+00:00,26428.85714
2021-10-12 19:00:00+00:00,26267.4
2021-10-12 20:00:00+00:00,25027.16667
2021-10-12 21:00:00+00:00,23199.42857
2021-10-12 22:00:00+00:00,22391.2
2021-10-12 23:00:00+00:00,21548.5
2021-10-13 00:00:00+00:00,20665.28571
2021-10-13 01:00:00+00:00,20136
2021-10-13 02:00:00+00:00,20099.5
2021-10-13 03:00:00+00:00,20859.14286
2021-10-13 04:00:00+00:00,23487
2021-10-13 05:00:00+00:00,26688.66667
2021-10-13 06:00:00+00:00,28303.42857
2021-10-13 07:00:00+00:00,28884.2
2021-10-13 08:00:00+00:00,28957.33333
2021-10-13 09:00:00+00:00,29127
2021-10-13 10:00:00+00:00,29553.4
2021-10-13 11:00:00+00:00,29727
2021-10-13 12:00:00+00:00,29021.71429
2021-10-13 13:00:00+00:00,28434.4
2021-10-13 14:00:00+00:00,28159.66667
2021-10-13 15:00:00+00:00,28028
2021-10-13 16:00:00+00:00,27620.2
2021-10-13 17:00:00+00:00,28374.16667
2021-10-13 18:00:00+00:00,30708.71429
2021-10-13 19:00:00+00:00,30031.6
2021-10-13 20:00:00+00:00,27352.33333
2021-10-13 21:00:00+00:00,24976
2021-10-13 22:00:00+00:00,24030.6
2021-10-13 23:00:00+00:00,22980.16667
2021-10-14 00:00:00+00:00,22013.28571
2021-10-14 01:00:00+00:00,21747.2
2021-10-14 02:00:00+00:00,21718.5
2021-10-14 03:00:00+00:00,22122.85714
2021-10-14 04:00:00+00:00,24391.6
2021-10-14 05:00:00+00:00,27355.33333
2021-10-14 06:00:00+00:00,28913.71429
2021-10-14 07:00:00+00:00,28986.2
2021-10-14 08:00:00+00:00,28627.83333
2021-10-14 09:00:00+00:00,28420.85714
2021-10-14 10:00:00+00:00,28833.2
2021-10-14 11:00:00+00:00,29106.16667
2021-10-14 12:00:00+00:00,28519.28571
2021-10-14 13:00:00+00:00,27821.6
2021-10-14 14:00:00+00:00,27798.66667
2021-10-14 15:00:00+00:00,27608.57143
2021-10-14 16:00:00+00:00,27712
2021-10-14 17:00:00+00:00,28640.83333
2021-10-14 18:00:00+00:00,30763.71429
2021-10-14 19:00:00+00:00,30111.2
2021-10-14 20:00:00+00:00,27601.33333
2021-10-14 21:00:00+00:00,25228.42857
2021-10-14 22:00:00+00:00,24372.6
2021-10-14 23:00:00+00:00,23268.83333
2021-10-15 00:00:00+00:00,22444.14286
2021-10-15 01:00:00+00:00,22050.8
2021-10-15 02:00:00+00:00,21821.66667
2021-10-15 03:00:00+00:00,22261.71429
2021-10-15 04:00:00+00:00,24593.4
2021-10-15 05:00:00+00:00,27536.83333
2021-10-15 06:00:00+00:00,28996.28571
2021-10-15 07:00:00+00:00,29484
2021-10-15 08:00:00+00:00,29634.33333
2021-10-15 09:00:00+00:00,29903.42857
2021-10-15 10:00:00+00:00,30247.8
2021-10-15 11:00:00+00:00,30211.16667
2021-10-15 12:00:00+00:00,29696.14286
2021-10-15 13:00:00+00:00,28780
2021-10-15 14:00:00+00:00,28415.5
2021-10-15 15:00:00+00:00,28089.57143
2021-10-15 16:00:00+00:00,27688
2021-10-15 17:00:00+00:00,28396.66667
2021-10-15 18:00:00+00:00,30028.57143
2021-10-15 19:00:00+00:00,29167.6
2021-10-15 20:00:00+00:00,27129.83333
2021-10-15 21:00:00+00:00,24834.71429
2021-10-15 22:00:00+00:00,24118.8
2021-10-15 23:00:00+00:00,22987
2021-10-16 00:00:00+00:00,21920.14286
2021-10-16 01:00:00+00:00,21365.4
2021-10-16 02:00:00+00:00,21054.16667
2021-10-16 03:00:00+00:00,20746.57143
2021-10-16 04:00:00+00:00,21467
2021-10-16 05:00:00+00:00,22465.5
2021-10-16 06:00:00+00:00,23642.28571
2021-10-16 07:00:00+00:00,25268.6
2021-10-16 08:00:00+00:00,26477.83333
2021-10-16 09:00:00+00:00,26865.42857
2021-10-16 10:00:00+00:00,26928.8
2021-10-16 11:00:00+00:00,27067.5
2021-10-16 12:00:00+00:00,26588.71429
2021-10-16 13:00:00+00:00,25232.2
2021-10-16 14:00:00+00:00,24339.66667
2021-10-16 15:00:00+00:00,24100.85714
2021-10-16 16:00:00+00:00,24098.8
2021-10-16 17:00:00+00:00,24955.66667
2021-10-16 18:00:00+00:00,26899.57143
2021-10-16 19:00:00+00:00,26664.4
2021-10-16 20:00:00+00:00,25098
2021-10-16 21:00:00+00:00,23340
2021-10-16 22:00:00+00:00,22269.4
2021-10-16 23:00:00+00:00,21238.16667
2021-10-17 00:00:00+00:00,20224.14286
2021-10-17 01:00:00+00:00,19581
2021-10-17 02:00:00+00:00,19389.16667
2021-10-17 03:00:00+00:00,19231.57143
2021-10-17 04:00:00+00:00,19487.2
2021-10-17 05:00:00+00:00,20015.16667
2021-10-17 06:00:00+00:00,20476.14286
2021-10-17 07:00:00+00:00,21960.2
2021-10-17 08:00:00+00:00,23417.5
2021-10-17 09:00:00+00:00,24177.42857
2021-10-17 10:00:00+00:00,24546.4
2021-10-17 11:00:00+00:00,24923.5
2021-10-17 12:00:00+00:00,24904.57143
2021-10-17 13:00:00+00:00,23438.8
2021-10-17 14:00:00+00:00,22850.83333
2021-10-17 15:00:00+00:00,22664.14286
2021-10-17 16:00:00+00:00,22720.2
2021-10-17 17:00:00+00:00,24110
2021-10-17 18:00:00+00:00,26644.14286
2021-10-17 19:00:00+00:00,26511.2
2021-10-17 20:00:00+00:00,25271.5
2021-10-17 21:00:00+00:00,23552.14286
2021-10-17 22:00:00+00:00,22255.6
2021-10-17 23:00:00+00:00,21411
2021-10-18 00:00:00+00:00,20513.14286
2021-10-18 01:00:00+00:00,20320.8
2021-10-18 02:00:00+00:00,20428.83333
2021-10-18 03:00:00+00:00,20978.57143
2021-10-18 04:00:00+00:00,23849.2
2021-10-18 05:00:00+00:00,26979.16667
2021-10-18 06:00:00+00:00,28693.28571
2021-10-18 07:00:00+00:00,29267.4
2021-10-18 08:00:00+00:00,29575.5
2021-10-18 09:00:00+00:00,29814.28571
2021-10-18 10:00:00+00:00,30204.8
2021-10-18 11:00:00+00:00,30388.33333
2021-10-18 12:00:00+00:00,29884.14286
2021-10-18 13:00:00+00:00,29113.6
2021-10-18 14:00:00+00:00,28779.16667
2021-10-18 15:00:00+00:00,28552.57143
2021-10-18 16:00:00+00:00,28111.6
2021-10-18 17:00:00+00:00,29098.16667
2021-10-18 18:00:00+00:00,31135
2021-10-18 19:00:00+00:00,30178.4
2021-10-18 20:00:00+00:00,27794.66667
2021-10-18 21:00:00+00:00,25207.57143
2021-10-18 22:00:00+00:00,24595.4
2021-10-18 23:00:00+00:00,23531.33333
2021-10-19 00:00:00+00:00,22560.57143
2021-10-19 01:00:00+00:00,22284.6
2021-10-19 02:00:00+00:00,22193.33333
2021-10-19 03:00:00+00:00,22658.57143
2021-10-19 04:00:00+00:00,25026.2
2021-10-19 05:00:00+00:00,27937
2021-10-19 06:00:00+00:00,29387.85714
2021-10-19 07:00:00+00:00,29729.8
2021-10-19 08:00:00+00:00,29964.16667
2021-10-19 09:00:00+00:00,30009.42857
2021-10-19 10:00:00+00:00,30245.2
2021-10-19 11:00:00+00:00,30302
2021-10-19 12:00:00+00:00,29829.42857
2021-10-19 13:00:00+00:00,29175
2021-10-19 14:00:00+00:00,28912.33333
2021-10-19 15:00:00+00:00,28783.28571
2021-10-19 16:00:00+00:00,28314.2
2021-10-19 17:00:00+00:00,29046.16667
2021-10-19 18:00:00+00:00,30985.57143
2021-10-19 19:00:00+00:00,30165
2021-10-19 20:00:00+00:00,27877.83333
2021-10-19 21:00:00+00:00,25448.71429
2021-10-19 22:00:00+00:00,24683
2021-10-19 23:00:00+00:00,23518.83333
2021-10-20 00:00:00+00:00,22721.57143
2021-10-20 01:00:00+00:00,22332.2
2021-10-20 02:00:00+00:00,22127.5
2021-10-20 03:00:00+00:00,22592.85714
2021-10-20 04:00:00+00:00,24858.2
2021-10-20 05:00:00+00:00,27705.83333
2021-10-20 06:00:00+00:00,29221
2021-10-20 07:00:00+00:00,29560.6
2021-10-20 08:00:00+00:00,29845.16667
2021-10-20 09:00:00+00:00,30183
2021-10-20 10:00:00+00:00,30383
2021-10-20 11:00:00+00:00,30434.33333
2021-10-20 12:00:00+00:00,29864.71429
2021-10-20 13:00:00+00:00,29149.4
2021-10-20 14:00:00+00:00,28890
2021-10-20 15:00:00+00:00,28536.85714
2021-10-20 16:00:00+00:00,28287.2
2021-10-20 17:00:00+00:00,29294
2021-10-20 18:00:00+00:00,31083
2021-10-20 19:00:00+00:00,30146.8
2021-10-20 20:00:00+00:00,27662
2021-10-20 21:00:00+00:00,25179.85714
2021-10-20 22:00:00+00:00,24502
2021-10-20 23:00:00+00:00,23361.16667
2021-10-21 00:00:00+00:00,22452.71429
2021-10-21 01:00:00+00:00,22163.8
2021-10-21 02:00:00+00:00,22005.16667
2021-10-21 03:00:00+00:00,22371.42857
2021-10-21 04:00:00+00:00,24514.8
2021-10-21 05:00:00+00:00,27574.16667
2021-10-21 06:00:00+00:00,29327.57143
2021-10-21 07:00:00+00:00,29586.2
2021-10-21 08:00:00+00:00,29824.5
2021-10-21 09:00:00+00:00,30069.57143
2021-10-21 10:00:00+00:00,30316.6
2021-10-21 11:00:00+00:00,30329.16667
2021-10-21 12:00:00+00:00,29651.42857
2021-10-21 13:00:00+00:00,28943.8
2021-10-21 14:00:00+00:00,28551.33333
2021-10-21 15:00:00+00:00,28347.28571
2021-10-21 16:00:00+00:00,28029.4
2021-10-21 17:00:00+00:00,29077
2021-10-21 18:00:00+00:00,30722.57143
2021-10-21 19:00:00+00:00,29854.2
2021-10-21 20:00:00+00:00,27446.5
2021-10-21 21:00:00+00:00,25170.85714
2021-10-21 22:00:00+00:00,24304.8
2021-10-21 23:00:00+00:00,23206.16667
2021-10-22 00:00:00+00:00,22285.71429
2021-10-22 01:00:00+00:00,22116.6
2021-10-22 02:00:00+00:00,22066.5
2021-10-22 03:00:00+00:00,22352.28571
2021-10-22 04:00:00+00:00,24814.4
2021-10-22 05:00:00+00:00,27714.16667
2021-10-22 06:00:00+00:00,29169.14286
2021-10-22 07:00:00+00:00,29610
2021-10-22 08:00:00+00:00,29789.83333
2021-10-22 09:00:00+00:00,29865.85714
2021-10-22 10:00:00+00:00,30140.2
2021-10-22 11:00:00+00:00,30033.83333
2021-10-22 12:00:00+00:00,29365.28571
2021-10-22 13:00:00+00:00,28410
2021-10-22 14:00:00+00:00,27839.16667
2021-10-22 15:00:00+00:00,27570.42857
2021-10-22 16:00:00+00:00,27190.6
2021-10-22 17:00:00+00:00,28197.33333
2021-10-22 18:00:00+00:00,29704.71429
2021-10-22 19:00:00+00:00,28818.6
2021-10-22 20:00:00+00:00,26519.66667
2021-10-22 21:00:00+00:00,24614
2021-10-22 22:00:00+00:00,23963.4
2021-10-22 23:00:00+00:00,22807.16667
2021-10-23 00:00:00+00:00,21817
2021-10-23 01:00:00+00:00,21163
2021-10-23 02:00:00+00:00,20880
2021-10-23 03:00:00+00:00,20740.42857
2021-10-23 04:00:00+00:00,21220.8
2021-10-23 05:00:00+00:00,22158.66667
2021-10-23 06:00:00+00:00,23400
2021-10-23 07:00:00+00:00,25110.8
2021-10-23 08:00:00+00:00,26196.33333
2021-10-23 09:00:00+00:00,26506.71429
2021-10-23 10:00:00+00:00,26735.4
2021-10-23 11:00:00+00:00,26696.16667
2021-10-23 12:00:00+00:00,26214.71429
2021-10-23 13:00:00+00:00,24944.4
2021-10-23 14:00:00+00:00,24242.16667
2021-10-23 15:00:00+00:00,24054.14286
2021-10-23 16:00:00+00:00,23726.2
2021-10-23 17:00:00+00:00,24995.16667
2021-10-23 18:00:00+00:00,26870.85714
2021-10-23 19:00:00+00:00,26720.4
2021-10-23 20:00:00+00:00,25056.33333
2021-10-23 21:00:00+00:00,23276
2021-10-23 22:00:00+00:00,22074.4
2021-10-23 23:00:00+00:00,20931.83333
2021-10-24 00:00:00+00:00,19911.28571
2021-10-24 01:00:00+00:00,19484.6
2021-10-24 02:00:00+00:00,19150.16667
2021-10-24 03:00:00+00:00,18989.14286
2021-10-24 04:00:00+00:00,19306.8
2021-10-24 05:00:00+00:00,19874.5
2021-10-24 06:00:00+00:00,20465.71429
2021-10-24 07:00:00+00:00,21867.6
2021-10-24 08:00:00+00:00,23297.16667
2021-10-24 09:00:00+00:00,23986.42857
2021-10-24 10:00:00+00:00,24318.2
2021-10-24 11:00:00+00:00,24665.83333
2021-10-24 12:00:00+00:00,24546.85714
2021-10-24 13:00:00+00:00,23312.6
2021-10-24 14:00:00+00:00,22714
2021-10-24 15:00:00+00:00,22428.42857
2021-10-24 16:00:00+00:00,22545.8
2021-10-24 17:00:00+00:00,24260
2021-10-24 18:00:00+00:00,26482.14286
2021-10-24 19:00:00+00:00,26554
2021-10-24 20:00:00+00:00,25106.5
2021-10-24 21:00:00+00:00,23263.28571
2021-10-24 22:00:00+00:00,21887.2
2021-10-24 23:00:00+00:00,20982.66667
2021-10-25 00:00:00+00:00,20280.71429
2021-10-25 01:00:00+00:00,20007
2021-10-25 02:00:00+00:00,20040.83333
2021-10-25 03:00:00+00:00,20802.57143
2021-10-25 04:00:00+00:00,23474.2
2021-10-25 05:00:00+00:00,26864.16667
2021-10-25 06:00:00+00:00,29026.71429
2021-10-25 07:00:00+00:00,29413
2021-10-25 08:00:00+00:00,29627.5
2021-10-25 09:00:00+00:00,29556.14286
2021-10-25 10:00:00+00:00,29952
2021-10-25 11:00:00+00:00,30001.33333
2021-10-25 12:00:00+00:00,29403.14286
2021-10-25 13:00:00+00:00,28647.4
2021-10-25 14:00:00+00:00,28245.5
2021-10-25 15:00:00+00:00,28030.71429
2021-10-25 16:00:00+00:00,27829.2
2021-10-25 17:00:00+00:00,29280.16667
2021-10-25 18:00:00+00:00,31200.57143
2021-10-25 19:00:00+00:00,30211.4
2021-10-25 20:00:00+00:00,27713.83333
2021-10-25 21:00:00+00:00,25159.14286
2021-10-25 22:00:00+00:00,24336.4
2021-10-25 23:00:00+00:00,23169.66667
2021-10-26 00:00:00+00:00,22316.85714
2021-10-26 01:00:00+00:00,21948.8
2021-10-26 02:00:00+00:00,21808.33333
2021-10-26 03:00:00+00:00,22383.85714
2021-10-26 04:00:00+00:00,24647.6
2021-10-26 05:00:00+00:00,27652.5
2021-10-26 06:00:00+00:00,29727.14286
2021-10-26 07:00:00+00:00,29968
2021-10-26 08:00:00+00:00,30190
2021-10-26 09:00:00+00:00,30236.57143
2021-10-26 10:00:00+00:00,30672.8
2021-10-26 11:00:00+00:00,30708.16667
2021-10-26 12:00:00+00:00,30018.42857
2021-10-26 13:00:00+00:00,29081.6
2021-10-26 14:00:00+00:00,28617.83333
2021-10-26 15:00:00+00:00,28199.42857
2021-10-26 16:00:00+00:00,27822.4
2021-10-26 17:00:00+00:00,29411.33333
2021-10-26 18:00:00+00:00,31275.57143
2021-10-26 19:00:00+00:00,30483.8
2021-10-26 20:00:00+00:00,27991.5
2021-10-26 21:00:00+00:00,25475.14286
2021-10-26 22:00:00+00:00,24491.4
2021-10-26 23:00:00+00:00,23393.5
2021-10-27 00:00:00+00:00,22390.42857
2021-10-27 01:00:00+00:00,21961.8
2021-10-27 02:00:00+00:00,22085.5
2021-10-27 03:00:00+00:00,22451.42857
2021-10-27 04:00:00+00:00,24845.4
2021-10-27 05:00:00+00:00,27877
2021-10-27 06:00:00+00:00,29649.85714
2021-10-27 07:00:00+00:00,29980.4
2021-10-27 08:00:00+00:00,30133.33333
2021-10-27 09:00:00+00:00,30105
2021-10-27 10:00:00+00:00,30241.2
2021-10-27 11:00:00+00:00,30098
2021-10-27 12:00:00+00:00,29502.85714
2021-10-27 13:00:00+00:00,28783
2021-10-27 14:00:00+00:00,28355.5
2021-10-27 15:00:00+00:00,28216.85714
2021-10-27 16:00:00+00:00,27883.8
2021-10-27 17:00:00+00:00,29433.33333
2021-10-27 18:00:00+00:00,31258.85714
2021-10-27 19:00:00+00:00,30337.4
2021-10-27 20:00:00+00:00,27852.66667
2021-10-27 21:00:00+00:00,25299.14286
2021-10-27 22:00:00+00:00,24243.2
2021-10-27 23:00:00+00:00,22984.16667
2021-10-28 00:00:00+00:00,22240
2021-10-28 01:00:00+00:00,21842.6
2021-10-28 02:00:00+00:00,21761.66667
2021-10-28 03:00:00+00:00,22188.28571
2021-10-28 04:00:00+00:00,24436.6
2021-10-28 05:00:00+00:00,27737.66667
2021-10-28 06:00:00+00:00,29827.42857
2021-10-28 07:00:00+00:00,30036.6
2021-10-28 08:00:00+00:00,30044.83333
2021-10-28 09:00:00+00:00,29884.57143
2021-10-28 10:00:00+00:00,29983.6
2021-10-28 11:00:00+00:00,29737.33333
2021-10-28 12:00:00+00:00,29152
2021-10-28 13:00:00+00:00,28528.6
2021-10-28 14:00:00+00:00,28521.33333
2021-10-28 15:00:00+00:00,28290.57143
2021-10-28 16:00:00+00:00,28322.8
2021-10-28 17:00:00+00:00,30089.33333
2021-10-28 18:00:00+00:00,31655.85714
2021-10-28 19:00:00+00:00,30885.2
2021-10-28 20:00:00+00:00,28284.5
2021-10-28 21:00:00+00:00,25853.71429
2021-10-28 22:00:00+00:00,24856.2
2021-10-28 23:00:00+00:00,23506.83333
2021-10-29 00:00:00+00:00,22665.28571
2021-10-29 01:00:00+00:00,22133.6
2021-10-29 02:00:00+00:00,22111.5
2021-10-29 03:00:00+00:00,22589.85714
2021-10-29 04:00:00+00:00,24723.8
2021-10-29 05:00:00+00:00,27817
2021-10-29 06:00:00+00:00,29753.28571
2021-10-29 07:00:00+00:00,30043.8
2021-10-29 08:00:00+00:00,30385.66667
2021-10-29 09:00:00+00:00,30596.42857
2021-10-29 10:00:00+00:00,30833.6
2021-10-29 11:00:00+00:00,30743.83333
2021-10-29 12:00:00+00:00,30043.85714
2021-10-29 13:00:00+00:00,29148
2021-10-29 14:00:00+00:00,28703.66667
2021-10-29 15:00:00+00:00,28345.28571
2021-10-29 16:00:00+00:00,28211.4
2021-10-29 17:00:00+00:00,29626.83333
2021-10-29 18:00:00+00:00,30534.57143
2021-10-29 19:00:00+00:00,29776.2
2021-10-29 20:00:00+00:00,27664.66667
2021-10-29 21:00:00+00:00,25389.85714
2021-10-29 22:00:00+00:00,24476.2
2021-10-29 23:00:00+00:00,23402.5
2021-10-30 00:00:00+00:00,22257.42857
2021-10-30 01:00:00+00:00,21842
2021-10-30 02:00:00+00:00,21373.5
2021-10-30 03:00:00+00:00,21263.42857
2021-10-30 04:00:00+00:00,21912.4
2021-10-30 05:00:00+00:00,22963.5
2021-10-30 06:00:00+00:00,24408.71429
2021-10-30 07:00:00+00:00,25844.2
2021-10-30 08:00:00+00:00,27253.5
2021-10-30 09:00:00+00:00,27577.57143
2021-10-30 10:00:00+00:00,27825.4
2021-10-30 11:00:00+00:00,27989
2021-10-30 12:00:00+00:00,27228.42857
2021-10-30 13:00:00+00:00,25660.4
2021-10-30 14:00:00+00:00,24934
2021-10-30 15:00:00+00:00,24497.85714
2021-10-30 16:00:00+00:00,24513
2021-10-30 17:00:00+00:00,25829.16667
2021-10-30 18:00:00+00:00,27242.14286
2021-10-30 19:00:00+00:00,27088.8
2021-10-30 20:00:00+00:00,25576.83333
2021-10-30 21:00:00+00:00,23815.57143
2021-10-30 22:00:00+00:00,22450.2
2021-10-30 23:00:00+00:00,21265
2021-10-31 00:00:00+00:00,20074.58333
2021-10-31 01:00:00+00:00,19756.41667
2021-10-31 02:00:00+00:00,19493.66667
2021-10-31 03:00:00+00:00,19114
2021-10-31 04:00:00+00:00,19295.6
2021-10-31 05:00:00+00:00,19644.33333
2021-10-31 06:00:00+00:00,20291.71429
2021-10-31 07:00:00+00:00,21320.8
2021-10-31 08:00:00+00:00,22850.66667
2021-10-31 09:00:00+00:00,24047.42857
2021-10-31 10:00:00+00:00,24498.4
2021-10-31 11:00:00+00:00,24684.16667
2021-10-31 12:00:00+00:00,25227.57143
2021-10-31 13:00:00+00:00,24894.4
2021-10-31 14:00:00+00:00,23728.66667
2021-10-31 15:00:00+00:00,23108.14286
2021-10-31 16:00:00+00:00,23140
2021-10-31 17:00:00+00:00,24430.16667
2021-10-31 18:00:00+00:00,25290.85714
2021-10-31 19:00:00+00:00,25554.8
2021-10-31 20:00:00+00:00,25309
2021-10-31 21:00:00+00:00,24095.42857
2021-10-31 22:00:00+00:00,22623.8
2021-10-31 23:00:00+00:00,21708.66667
2021-11-01 00:00:00+00:00,20550.57143
2021-11-01 01:00:00+00:00,19749.8
2021-11-01 02:00:00+00:00,19167
2021-11-01 03:00:00+00:00,19156.14286
2021-11-01 04:00:00+00:00,19264.8
2021-11-01 05:00:00+00:00,19596.33333
2021-11-01 06:00:00+00:00,20118.85714
2021-11-01 07:00:00+00:00,20987.6
2021-11-01 08:00:00+00:00,22530.16667
2021-11-01 09:00:00+00:00,23868.28571
2021-11-01 10:00:00+00:00,24341
2021-11-01 11:00:00+00:00,24532.66667
2021-11-01 12:00:00+00:00,25039.71429
2021-11-01 13:00:00+00:00,24934
2021-11-01 14:00:00+00:00,23656.5
2021-11-01 15:00:00+00:00,23027.57143
2021-11-01 16:00:00+00:00,23058.4
2021-11-01 17:00:00+00:00,24641.16667
2021-11-01 18:00:00+00:00,26192.85714
2021-11-01 19:00:00+00:00,26606.4
2021-11-01 20:00:00+00:00,26180
2021-11-01 21:00:00+00:00,24410.57143
2021-11-01 22:00:00+00:00,22834
2021-11-01 23:00:00+00:00,21786.33333
2021-11-02 00:00:00+00:00,20523
2021-11-02 01:00:00+00:00,19922.4
2021-11-02 02:00:00+00:00,19822.5
2021-11-02 03:00:00+00:00,20028.57143
2021-11-02 04:00:00+00:00,20863.8
2021-11-02 05:00:00+00:00,23205.5
2021-11-02 06:00:00+00:00,26670.28571
2021-11-02 07:00:00+00:00,28505.4
2021-11-02 08:00:00+00:00,29027.66667
2021-11-02 09:00:00+00:00,29290.28571
2021-11-02 10:00:00+00:00,29380.6
2021-11-02 11:00:00+00:00,29728.16667
2021-11-02 12:00:00+00:00,30076.85714
2021-11-02 13:00:00+00:00,29606
2021-11-02 14:00:00+00:00,29139.5
2021-11-02 15:00:00+00:00,28694.14286
2021-11-02 16:00:00+00:00,28809.2
2021-11-02 17:00:00+00:00,29989.66667
2021-11-02 18:00:00+00:00,31130.28571
2021-11-02 19:00:00+00:00,31271.4
2021-11-02 20:00:00+00:00,30264.16667
2021-11-02 21:00:00+00:00,27387.28571
2021-11-02 22:00:00+00:00,25257.8
2021-11-02 23:00:00+00:00,24233.33333
2021-11-03 00:00:00+00:00,23031
2021-11-03 01:00:00+00:00,22134.6
2021-11-03 02:00:00+00:00,21906.5
2021-11-03 03:00:00+00:00,21884.28571
2021-11-03 04:00:00+00:00,22296
2021-11-03 05:00:00+00:00,24262.66667
2021-11-03 06:00:00+00:00,27720
2021-11-03 07:00:00+00:00,29286
2021-11-03 08:00:00+00:00,29864
2021-11-03 09:00:00+00:00,30147.71429
2021-11-03 10:00:00+00:00,30251.6
2021-11-03 11:00:00+00:00,30643.66667
2021-11-03 12:00:00+00:00,30716.28571
2021-11-03 13:00:00+00:00,30540.6
2021-11-03 14:00:00+00:00,29724.16667
2021-11-03 15:00:00+00:00,29309.28571
2021-11-03 16:00:00+00:00,29385.2
2021-11-03 17:00:00+00:00,30454.83333
2021-11-03 18:00:00+00:00,31699
2021-11-03 19:00:00+00:00,32081.2
2021-11-03 20:00:00+00:00,31068
2021-11-03 21:00:00+00:00,28011.28571
2021-11-03 22:00:00+00:00,25809.2
2021-11-03 23:00:00+00:00,24621.33333
2021-11-04 00:00:00+00:00,23462.71429
2021-11-04 01:00:00+00:00,22676.4
2021-11-04 02:00:00+00:00,22274.33333
2021-11-04 03:00:00+00:00,22094.71429
2021-11-04 04:00:00+00:00,22550
2021-11-04 05:00:00+00:00,24758.66667
2021-11-04 06:00:00+00:00,28173.85714
2021-11-04 07:00:00+00:00,29819.8
2021-11-04 08:00:00+00:00,30376
2021-11-04 09:00:00+00:00,30524.85714
2021-11-04 10:00:00+00:00,30381.8
2021-11-04 11:00:00+00:00,30527.5
2021-11-04 12:00:00+00:00,30713.42857
2021-11-04 13:00:00+00:00,30428
2021-11-04 14:00:00+00:00,29780
2021-11-04 15:00:00+00:00,29512.14286
2021-11-04 16:00:00+00:00,29527.4
2021-11-04 17:00:00+00:00,30822.66667
2021-11-04 18:00:00+00:00,32174
2021-11-04 19:00:00+00:00,32582.6
2021-11-04 20:00:00+00:00,31553
2021-11-04 21:00:00+00:00,28484.57143
2021-11-04 22:00:00+00:00,25971
2021-11-04 23:00:00+00:00,24953
2021-11-05 00:00:00+00:00,23685.42857
2021-11-05 01:00:00+00:00,22816
2021-11-05 02:00:00+00:00,22461.83333
2021-11-05 03:00:00+00:00,22411
2021-11-05 04:00:00+00:00,22962.2
2021-11-05 05:00:00+00:00,25214.33333
2021-11-05 06:00:00+00:00,28823.28571
2021-11-05 07:00:00+00:00,30480.4
2021-11-05 08:00:00+00:00,31164.83333
2021-11-05 09:00:00+00:00,31102.42857
2021-11-05 10:00:00+00:00,31222.4
2021-11-05 11:00:00+00:00,31291.66667
2021-11-05 12:00:00+00:00,31086.85714
2021-11-05 13:00:00+00:00,30735.6
2021-11-05 14:00:00+00:00,29959.66667
2021-11-05 15:00:00+00:00,29531.85714
2021-11-05 16:00:00+00:00,29626.2
2021-11-05 17:00:00+00:00,30920.83333
2021-11-05 18:00:00+00:00,31909.57143
2021-11-05 19:00:00+00:00,31944
2021-11-05 20:00:00+00:00,31245.16667
2021-11-05 21:00:00+00:00,28565
2021-11-05 22:00:00+00:00,26207
2021-11-05 23:00:00+00:00,25445.33333
2021-11-06 00:00:00+00:00,23875.14286
2021-11-06 01:00:00+00:00,22818.4
2021-11-06 02:00:00+00:00,22203
2021-11-06 03:00:00+00:00,21892.14286
2021-11-06 04:00:00+00:00,21760
2021-11-06 05:00:00+00:00,22366.33333
2021-11-06 06:00:00+00:00,23387.28571
2021-11-06 07:00:00+00:00,24913.2
2021-11-06 08:00:00+00:00,26781.83333
2021-11-06 09:00:00+00:00,27914.85714
2021-11-06 10:00:00+00:00,28066.8
2021-11-06 11:00:00+00:00,27916.66667
2021-11-06 12:00:00+00:00,28052
2021-11-06 13:00:00+00:00,27717
2021-11-06 14:00:00+00:00,26750.16667
2021-11-06 15:00:00+00:00,25951.14286
2021-11-06 16:00:00+00:00,25804
2021-11-06 17:00:00+00:00,27520.16667
2021-11-06 18:00:00+00:00,28777.57143
2021-11-06 19:00:00+00:00,29497
2021-11-06 20:00:00+00:00,29343.66667
2021-11-06 21:00:00+00:00,27345
2021-11-06 22:00:00+00:00,25403.4
2021-11-06 23:00:00+00:00,23793
2021-11-07 00:00:00+00:00,22297
2021-11-07 01:00:00+00:00,21246.8
2021-11-07 02:00:00+00:00,20660.16667
2021-11-07 03:00:00+00:00,20478
2021-11-07 04:00:00+00:00,20409.8
2021-11-07 05:00:00+00:00,20977.5
2021-11-07 06:00:00+00:00,21272.71429
2021-11-07 07:00:00+00:00,21900.8
2021-11-07 08:00:00+00:00,23704.83333
2021-11-07 09:00:00+00:00,25285.71429
2021-11-07 10:00:00+00:00,25858.8
2021-11-07 11:00:00+00:00,25962.16667
2021-11-07 12:00:00+00:00,26347.14286
2021-11-07 13:00:00+00:00,26225.4
2021-11-07 14:00:00+00:00,25235.83333
2021-11-07 15:00:00+00:00,24473
2021-11-07 16:00:00+00:00,24361.4
2021-11-07 17:00:00+00:00,26510.5
2021-11-07 18:00:00+00:00,28229
2021-11-07 19:00:00+00:00,29223.4
2021-11-07 20:00:00+00:00,29097.16667
2021-11-07 21:00:00+00:00,27427.57143
2021-11-07 22:00:00+00:00,25238.4
2021-11-07 23:00:00+00:00,23616.5
2021-11-08 00:00:00+00:00,22131.42857
2021-11-08 01:00:00+00:00,21459.2
2021-11-08 02:00:00+00:00,21244.16667
2021-11-08 03:00:00+00:00,21073.85714
2021-11-08 04:00:00+00:00,22069.2
2021-11-08 05:00:00+00:00,24746.5
2021-11-08 06:00:00+00:00,28846.71429
2021-11-08 07:00:00+00:00,30644.2
2021-11-08 08:00:00+00:00,31237.16667
2021-11-08 09:00:00+00:00,31404.85714
2021-11-08 10:00:00+00:00,31351.2
2021-11-08 11:00:00+00:00,31478
2021-11-08 12:00:00+00:00,31414.57143
2021-11-08 13:00:00+00:00,31240.8
2021-11-08 14:00:00+00:00,30565
2021-11-08 15:00:00+00:00,30114.42857
2021-11-08 16:00:00+00:00,30076.6
2021-11-08 17:00:00+00:00,31692.33333
2021-11-08 18:00:00+00:00,32989.57143
2021-11-08 19:00:00+00:00,33433.2
2021-11-08 20:00:00+00:00,32609.33333
2021-11-08 21:00:00+00:00,29584.71429
2021-11-08 22:00:00+00:00,26985.6
2021-11-08 23:00:00+00:00,25817.83333
2021-11-09 00:00:00+00:00,24387.57143
2021-11-09 01:00:00+00:00,23475.4
2021-11-09 02:00:00+00:00,22982.33333
2021-11-09 03:00:00+00:00,22938.71429
2021-11-09 04:00:00+00:00,23548
2021-11-09 05:00:00+00:00,25762.83333
2021-11-09 06:00:00+00:00,29265
2021-11-09 07:00:00+00:00,30858
2021-11-09 08:00:00+00:00,31215.66667
2021-11-09 09:00:00+00:00,31181
2021-11-09 10:00:00+00:00,31074
2021-11-09 11:00:00+00:00,30991.33333
2021-11-09 12:00:00+00:00,31033.42857
2021-11-09 13:00:00+00:00,30678.6
2021-11-09 14:00:00+00:00,30187.5
2021-11-09 15:00:00+00:00,30036.14286
2021-11-09 16:00:00+00:00,30284.4
2021-11-09 17:00:00+00:00,31700.5
2021-11-09 18:00:00+00:00,32906.71429
2021-11-09 19:00:00+00:00,33371.2
2021-11-09 20:00:00+00:00,32595.16667
2021-11-09 21:00:00+00:00,29712
2021-11-09 22:00:00+00:00,27008.2
2021-11-09 23:00:00+00:00,25815
2021-11-10 00:00:00+00:00,24326.28571
2021-11-10 01:00:00+00:00,23307.8
2021-11-10 02:00:00+00:00,22964.16667
2021-11-10 03:00:00+00:00,22915.28571
2021-11-10 04:00:00+00:00,23567.8
2021-11-10 05:00:00+00:00,25982.16667
2021-11-10 06:00:00+00:00,29823.57143
2021-11-10 07:00:00+00:00,31585.4
2021-11-10 08:00:00+00:00,31907.16667
2021-11-10 09:00:00+00:00,32141.85714
2021-11-10 10:00:00+00:00,32145
2021-11-10 11:00:00+00:00,32087.83333
2021-11-10 12:00:00+00:00,32217.14286
2021-11-10 13:00:00+00:00,31806.6
2021-11-10 14:00:00+00:00,31135.83333
2021-11-10 15:00:00+00:00,30670
2021-11-10 16:00:00+00:00,30730.6
2021-11-10 17:00:00+00:00,32071
2021-11-10 18:00:00+00:00,33199.85714
2021-11-10 19:00:00+00:00,33669.4
2021-11-10 20:00:00+00:00,32750.66667
2021-11-10 21:00:00+00:00,29822.28571
2021-11-10 22:00:00+00:00,27092.4
2021-11-10 23:00:00+00:00,25885.66667
2021-11-11 00:00:00+00:00,24433.28571
2021-11-11 01:00:00+00:00,23614.6
2021-11-11 02:00:00+00:00,23079.83333
2021-11-11 03:00:00+00:00,23183.42857
2021-11-11 04:00:00+00:00,23753.8
2021-11-11 05:00:00+00:00,26112.83333
2021-11-11 06:00:00+00:00,29917.42857
2021-11-11 07:00:00+00:00,31425.2
2021-11-11 08:00:00+00:00,31934.16667
2021-11-11 09:00:00+00:00,32187.57143
2021-11-11 10:00:00+00:00,31997.4
2021-11-11 11:00:00+00:00,32090.16667
2021-11-11 12:00:00+00:00,32096.42857
2021-11-11 13:00:00+00:00,31739.8
2021-11-11 14:00:00+00:00,31097.66667
2021-11-11 15:00:00+00:00,30770.42857
2021-11-11 16:00:00+00:00,30922
2021-11-11 17:00:00+00:00,32295.5
2021-11-11 18:00:00+00:00,33229.28571
2021-11-11 19:00:00+00:00,33586.4
2021-11-11 20:00:00+00:00,32698
2021-11-11 21:00:00+00:00,29784.14286
2021-11-11 22:00:00+00:00,27370.4
2021-11-11 23:00:00+00:00,26089
2021-11-12 00:00:00+00:00,24670.71429
2021-11-12 01:00:00+00:00,23710.2
2021-11-12 02:00:00+00:00,23357.33333
2021-11-12 03:00:00+00:00,23309.85714
2021-11-12 04:00:00+00:00,23918
2021-11-12 05:00:00+00:00,26225.5
2021-11-12 06:00:00+00:00,29965.85714
2021-11-12 07:00:00+00:00,31350
2021-11-12 08:00:00+00:00,31897.5
2021-11-12 09:00:00+00:00,32165.85714
2021-11-12 10:00:00+00:00,32075.6
2021-11-12 11:00:00+00:00,31992.5
2021-11-12 12:00:00+00:00,31798.42857
2021-11-12 13:00:00+00:00,31221
2021-11-12 14:00:00+00:00,30585.5
2021-11-12 15:00:00+00:00,30228.57143
2021-11-12 16:00:00+00:00,30308.2
2021-11-12 17:00:00+00:00,31522.66667
2021-11-12 18:00:00+00:00,32207.42857
2021-11-12 19:00:00+00:00,32394.4
2021-11-12 20:00:00+00:00,31744.5
2021-11-12 21:00:00+00:00,29312
2021-11-12 22:00:00+00:00,26881.2
2021-11-12 23:00:00+00:00,25943.83333
2021-11-13 00:00:00+00:00,24240.57143
2021-11-13 01:00:00+00:00,23102.8
2021-11-13 02:00:00+00:00,22431.16667
2021-11-13 03:00:00+00:00,22129.42857
2021-11-13 04:00:00+00:00,22012.4
2021-11-13 05:00:00+00:00,22462.66667
2021-11-13 06:00:00+00:00,23623.71429
2021-11-13 07:00:00+00:00,24777.8
2021-11-13 08:00:00+00:00,26758.83333
2021-11-13 09:00:00+00:00,27953.71429
2021-11-13 10:00:00+00:00,27905.8
2021-11-13 11:00:00+00:00,27784.16667
2021-11-13 12:00:00+00:00,27764.71429
2021-11-13 13:00:00+00:00,27359.2
2021-11-13 14:00:00+00:00,26211.5
2021-11-13 15:00:00+00:00,25554.85714
2021-11-13 16:00:00+00:00,25652.2
2021-11-13 17:00:00+00:00,27574.16667
2021-11-13 18:00:00+00:00,28448
2021-11-13 19:00:00+00:00,29278.4
2021-11-13 20:00:00+00:00,29075.83333
2021-11-13 21:00:00+00:00,27048.71429
2021-11-13 22:00:00+00:00,25159.4
2021-11-13 23:00:00+00:00,23823.66667
2021-11-14 00:00:00+00:00,22377.14286
2021-11-14 01:00:00+00:00,21158.2
2021-11-14 02:00:00+00:00,20693
2021-11-14 03:00:00+00:00,20353.42857
2021-11-14 04:00:00+00:00,20477.6
2021-11-14 05:00:00+00:00,20848.83333
2021-11-14 06:00:00+00:00,21147.71429
2021-11-14 07:00:00+00:00,21620.8
2021-11-14 08:00:00+00:00,23230.5
2021-11-14 09:00:00+00:00,24723.71429
2021-11-14 10:00:00+00:00,25103.4
2021-11-14 11:00:00+00:00,25247.33333
2021-11-14 12:00:00+00:00,25783.57143
2021-11-14 13:00:00+00:00,25803.8
2021-11-14 14:00:00+00:00,24790.16667
2021-11-14 15:00:00+00:00,24113
2021-11-14 16:00:00+00:00,24200.8
2021-11-14 17:00:00+00:00,26533.66667
2021-11-14 18:00:00+00:00,28077.57143
2021-11-14 19:00:00+00:00,29306.2
2021-11-14 20:00:00+00:00,29136
2021-11-14 21:00:00+00:00,27355.14286
2021-11-14 22:00:00+00:00,25102
2021-11-14 23:00:00+00:00,23724.66667
2021-11-15 00:00:00+00:00,22248.71429
2021-11-15 01:00:00+00:00,21658.6
2021-11-15 02:00:00+00:00,21318.16667
2021-11-15 03:00:00+00:00,21322.14286
2021-11-15 04:00:00+00:00,21946
2021-11-15 05:00:00+00:00,24696.83333
2021-11-15 06:00:00+00:00,29165
2021-11-15 07:00:00+00:00,30874.4
2021-11-15 08:00:00+00:00,31377.16667
2021-11-15 09:00:00+00:00,31605.42857
2021-11-15 10:00:00+00:00,31480.6
2021-11-15 11:00:00+00:00,31660.16667
2021-11-15 12:00:00+00:00,31655.85714
2021-11-15 13:00:00+00:00,31474
2021-11-15 14:00:00+00:00,30913.16667
2021-11-15 15:00:00+00:00,30599.28571
2021-11-15 16:00:00+00:00,30596.2
2021-11-15 17:00:00+00:00,31678
2021-11-15 18:00:00+00:00,33240.14286
2021-11-15 19:00:00+00:00,33644.4
2021-11-15 20:00:00+00:00,32866.33333
2021-11-15 21:00:00+00:00,29908.57143
2021-11-15 22:00:00+00:00,27117.8
2021-11-15 23:00:00+00:00,26054.66667
2021-11-16 00:00:00+00:00,24615.85714
2021-11-16 01:00:00+00:00,23550
2021-11-16 02:00:00+00:00,23300.83333
2021-11-16 03:00:00+00:00,23111.28571
2021-11-16 04:00:00+00:00,23670.4
2021-11-16 05:00:00+00:00,26103.16667
2021-11-16 06:00:00+00:00,30019.71429
2021-11-16 07:00:00+00:00,31678
2021-11-16 08:00:00+00:00,32165.5
2021-11-16 09:00:00+00:00,32466
2021-11-16 10:00:00+00:00,32394
2021-11-16 11:00:00+00:00,32292.33333
2021-11-16 12:00:00+00:00,32403.28571
2021-11-16 13:00:00+00:00,31929.6
2021-11-16 14:00:00+00:00,31414.5
2021-11-16 15:00:00+00:00,31018.28571
2021-11-16 16:00:00+00:00,31407.6
2021-11-16 17:00:00+00:00,32911
2021-11-16 18:00:00+00:00,33774.71429
2021-11-16 19:00:00+00:00,34354
2021-11-16 20:00:00+00:00,33226.66667
2021-11-16 21:00:00+00:00,30179.57143
2021-11-16 22:00:00+00:00,27357
2021-11-16 23:00:00+00:00,26130.66667
2021-11-17 00:00:00+00:00,24733.71429
2021-11-17 01:00:00+00:00,23611.4
2021-11-17 02:00:00+00:00,23000.33333
2021-11-17 03:00:00+00:00,23151.57143
2021-11-17 04:00:00+00:00,23818.4
2021-11-17 05:00:00+00:00,26068.33333
2021-11-17 06:00:00+00:00,30357.14286
2021-11-17 07:00:00+00:00,32087
2021-11-17 08:00:00+00:00,32190.66667
2021-11-17 09:00:00+00:00,32230.28571
2021-11-17 10:00:00+00:00,32082.8
2021-11-17 11:00:00+00:00,32064.66667
2021-11-17 12:00:00+00:00,32200.57143
2021-11-17 13:00:00+00:00,31697
2021-11-17 14:00:00+00:00,31535
2021-11-17 15:00:00+00:00,30901.28571
2021-11-17 16:00:00+00:00,31262.4
2021-11-17 17:00:00+00:00,33014
2021-11-17 18:00:00+00:00,34036
2021-11-17 19:00:00+00:00,34411
2021-11-17 20:00:00+00:00,33432.5
2021-11-17 21:00:00+00:00,30404
2021-11-17 22:00:00+00:00,27615
2021-11-17 23:00:00+00:00,26229.83333
2021-11-18 00:00:00+00:00,24709
2021-11-18 01:00:00+00:00,23646.4
2021-11-18 02:00:00+00:00,23435.66667
2021-11-18 03:00:00+00:00,23325.28571
2021-11-18 04:00:00+00:00,23999.6
2021-11-18 05:00:00+00:00,26495.16667
2021-11-18 06:00:00+00:00,30452.28571
2021-11-18 07:00:00+00:00,32087.8
2021-11-18 08:00:00+00:00,32647
2021-11-18 09:00:00+00:00,32960.71429
2021-11-18 10:00:00+00:00,32858
2021-11-18 11:00:00+00:00,32799.83333
2021-11-18 12:00:00+00:00,32870.71429
2021-11-18 13:00:00+00:00,32357.8
2021-11-18 14:00:00+00:00,31662.5
2021-11-18 15:00:00+00:00,31268
2021-11-18 16:00:00+00:00,31803.4
2021-11-18 17:00:00+00:00,33159.5
2021-11-18 18:00:00+00:00,34072.14286
2021-11-18 19:00:00+00:00,34449.6
2021-11-18 20:00:00+00:00,33346.16667
2021-11-18 21:00:00+00:00,30400.42857
2021-11-18 22:00:00+00:00,27583.6
2021-11-18 23:00:00+00:00,26536.16667
2021-11-19 00:00:00+00:00,24985.28571
2021-11-19 01:00:00+00:00,23989.8
2021-11-19 02:00:00+00:00,23604.66667
2021-11-19 03:00:00+00:00,23508.28571
2021-11-19 04:00:00+00:00,24257.2
2021-11-19 05:00:00+00:00,26671
2021-11-19 06:00:00+00:00,30932
2021-11-19 07:00:00+00:00,32476.6
2021-11-19 08:00:00+00:00,33148
2021-11-19 09:00:00+00:00,33245.14286
2021-11-19 10:00:00+00:00,33001
2021-11-19 11:00:00+00:00,32896.66667
2021-11-19 12:00:00+00:00,32824.14286
2021-11-19 13:00:00+00:00,32105.8
2021-11-19 14:00:00+00:00,31340.16667
2021-11-19 15:00:00+00:00,31066.28571
2021-11-19 16:00:00+00:00,31313.2
2021-11-19 17:00:00+00:00,32785.83333
2021-11-19 18:00:00+00:00,33285
2021-11-19 19:00:00+00:00,33356.2
2021-11-19 20:00:00+00:00,32466.33333
2021-11-19 21:00:00+00:00,29760
2021-11-19 22:00:00+00:00,27600.4
2021-11-19 23:00:00+00:00,26348.33333
2021-11-20 00:00:00+00:00,24694
2021-11-20 01:00:00+00:00,23471.8
2021-11-20 02:00:00+00:00,22738
2021-11-20 03:00:00+00:00,22582.14286
2021-11-20 04:00:00+00:00,22403
2021-11-20 05:00:00+00:00,22853.66667
2021-11-20 06:00:00+00:00,24137.71429
2021-11-20 07:00:00+00:00,25424.4
2021-11-20 08:00:00+00:00,27629
2021-11-20 09:00:00+00:00,29263
2021-11-20 10:00:00+00:00,29599.2
2021-11-20 11:00:00+00:00,29850.5
2021-11-20 12:00:00+00:00,30001.85714
2021-11-20 13:00:00+00:00,29634
2021-11-20 14:00:00+00:00,28596
2021-11-20 15:00:00+00:00,27629.85714
2021-11-20 16:00:00+00:00,27659.6
2021-11-20 17:00:00+00:00,29132.5
2021-11-20 18:00:00+00:00,29612.42857
2021-11-20 19:00:00+00:00,30031
2021-11-20 20:00:00+00:00,29660.5
2021-11-20 21:00:00+00:00,27790.57143
2021-11-20 22:00:00+00:00,25789.4
2021-11-20 23:00:00+00:00,24393
2021-11-21 00:00:00+00:00,22764.14286
2021-11-21 01:00:00+00:00,21541.4
2021-11-21 02:00:00+00:00,21004
2021-11-21 03:00:00+00:00,20624.14286
2021-11-21 04:00:00+00:00,20508.4
2021-11-21 05:00:00+00:00,20974.33333
2021-11-21 06:00:00+00:00,21476.14286
2021-11-21 07:00:00+00:00,22064
2021-11-21 08:00:00+00:00,23793.33333
2021-11-21 09:00:00+00:00,25589.28571
2021-11-21 10:00:00+00:00,26359.8
2021-11-21 11:00:00+00:00,26528
2021-11-21 12:00:00+00:00,27095.57143
2021-11-21 13:00:00+00:00,27127.6
2021-11-21 14:00:00+00:00,25829.33333
2021-11-21 15:00:00+00:00,25177.71429
2021-11-21 16:00:00+00:00,25497.8
2021-11-21 17:00:00+00:00,27329.66667
2021-11-21 18:00:00+00:00,28519.57143
2021-11-21 19:00:00+00:00,29523.8
2021-11-21 20:00:00+00:00,29292
2021-11-21 21:00:00+00:00,27480.14286
2021-11-21 22:00:00+00:00,25447.2
2021-11-21 23:00:00+00:00,24006.83333
2021-11-22 00:00:00+00:00,22531.14286
2021-11-22 01:00:00+00:00,21696.6
2021-11-22 02:00:00+00:00,21322.5
2021-11-22 03:00:00+00:00,21440.28571
2021-11-22 04:00:00+00:00,22245.8
2021-11-22 05:00:00+00:00,24854.66667
2021-11-22 06:00:00+00:00,29117
2021-11-22 07:00:00+00:00,31403.8
2021-11-22 08:00:00+00:00,32320.33333
2021-11-22 09:00:00+00:00,32849.57143
2021-11-22 10:00:00+00:00,33081.6
2021-11-22 11:00:00+00:00,33249.16667
2021-11-22 12:00:00+00:00,33365.57143
2021-11-22 13:00:00+00:00,33219.8
2021-11-22 14:00:00+00:00,32673.5
2021-11-22 15:00:00+00:00,32527.57143
2021-11-22 16:00:00+00:00,32909.8
2021-11-22 17:00:00+00:00,33958.66667
2021-11-22 18:00:00+00:00,34451.42857
2021-11-22 19:00:00+00:00,34712.4
2021-11-22 20:00:00+00:00,33498
2021-11-22 21:00:00+00:00,30220.57143
2021-11-22 22:00:00+00:00,27498.6
2021-11-22 23:00:00+00:00,26252.33333
2021-11-23 00:00:00+00:00,24774.42857
2021-11-23 01:00:00+00:00,23692.6
2021-11-23 02:00:00+00:00,23159
2021-11-23 03:00:00+00:00,23164
2021-11-23 04:00:00+00:00,23890.4
2021-11-23 05:00:00+00:00,26414.33333
2021-11-23 06:00:00+00:00,30743.28571
2021-11-23 07:00:00+00:00,32463.8
2021-11-23 08:00:00+00:00,32880.5
2021-11-23 09:00:00+00:00,33126
2021-11-23 10:00:00+00:00,33053.4
2021-11-23 11:00:00+00:00,33497.16667
2021-11-23 12:00:00+00:00,34234.42857
2021-11-23 13:00:00+00:00,33958.2
2021-11-23 14:00:00+00:00,33467.66667
2021-11-23 15:00:00+00:00,33262.57143
2021-11-23 16:00:00+00:00,33532
2021-11-23 17:00:00+00:00,34751.66667
2021-11-23 18:00:00+00:00,35189.14286
2021-11-23 19:00:00+00:00,35594.2
2021-11-23 20:00:00+00:00,34253.16667
2021-11-23 21:00:00+00:00,31150.85714
2021-11-23 22:00:00+00:00,28239.8
2021-11-23 23:00:00+00:00,26833.5
2021-11-24 00:00:00+00:00,25171.85714
2021-11-24 01:00:00+00:00,23974.4
2021-11-24 02:00:00+00:00,23693.83333
2021-11-24 03:00:00+00:00,23623.57143
2021-11-24 04:00:00+00:00,24308.8
2021-11-24 05:00:00+00:00,26723.5
2021-11-24 06:00:00+00:00,31150.14286
2021-11-24 07:00:00+00:00,33281.4
2021-11-24 08:00:00+00:00,34199
2021-11-24 09:00:00+00:00,34730.85714
2021-11-24 10:00:00+00:00,34849
2021-11-24 11:00:00+00:00,34771.66667
2021-11-24 12:00:00+00:00,34855
2021-11-24 13:00:00+00:00,34447.8
2021-11-24 14:00:00+00:00,33705.66667
2021-11-24 15:00:00+00:00,33424.57143
2021-11-24 16:00:00+00:00,33718.4
2021-11-24 17:00:00+00:00,34803.16667
2021-11-24 18:00:00+00:00,35395.85714
2021-11-24 19:00:00+00:00,35808.2
2021-11-24 20:00:00+00:00,34774.5
2021-11-24 21:00:00+00:00,31699.57143
2021-11-24 22:00:00+00:00,28750.6
2021-11-24 23:00:00+00:00,27145.83333
2021-11-25 00:00:00+00:00,25321.42857
2021-11-25 01:00:00+00:00,24110.8
2021-11-25 02:00:00+00:00,23678.66667
2021-11-25 03:00:00+00:00,23739.28571
2021-11-25 04:00:00+00:00,24571.8
2021-11-25 05:00:00+00:00,26983.66667
2021-11-25 06:00:00+00:00,31191.28571
2021-11-25 07:00:00+00:00,33253.2
2021-11-25 08:00:00+00:00,33800
2021-11-25 09:00:00+00:00,34340.71429
2021-11-25 10:00:00+00:00,34242.4
2021-11-25 11:00:00+00:00,34266
2021-11-25 12:00:00+00:00,34370.14286
2021-11-25 13:00:00+00:00,34017.4
2021-11-25 14:00:00+00:00,33532.33333
2021-11-25 15:00:00+00:00,33265
2021-11-25 16:00:00+00:00,33755.2
2021-11-25 17:00:00+00:00,35040.16667
2021-11-25 18:00:00+00:00,35737.85714
2021-11-25 19:00:00+00:00,35872
2021-11-25 20:00:00+00:00,34921.5
2021-11-25 21:00:00+00:00,31877.85714
2021-11-25 22:00:00+00:00,28833.4
2021-11-25 23:00:00+00:00,27383.5
2021-11-26 00:00:00+00:00,25601.14286
2021-11-26 01:00:00+00:00,24471.6
2021-11-26 02:00:00+00:00,24035.5
2021-11-26 03:00:00+00:00,23835.85714
2021-11-26 04:00:00+00:00,24649.4
2021-11-26 05:00:00+00:00,26971.66667
2021-11-26 06:00:00+00:00,31527.57143
2021-11-26 07:00:00+00:00,33591.6
2021-11-26 08:00:00+00:00,34317.16667
2021-11-26 09:00:00+00:00,34487.85714
2021-11-26 10:00:00+00:00,34399.8
2021-11-26 11:00:00+00:00,33931.83333
2021-11-26 12:00:00+00:00,33824.57143
2021-11-26 13:00:00+00:00,33548.4
2021-11-26 14:00:00+00:00,32969.83333
2021-11-26 15:00:00+00:00,32638.42857
2021-11-26 16:00:00+00:00,32815.6
2021-11-26 17:00:00+00:00,34354.83333
2021-11-26 18:00:00+00:00,34758
2021-11-26 19:00:00+00:00,34867.6
2021-11-26 20:00:00+00:00,34083.5
2021-11-26 21:00:00+00:00,31412.57143
2021-11-26 22:00:00+00:00,29104.6
2021-11-26 23:00:00+00:00,27587.16667
2021-11-27 00:00:00+00:00,25483.14286
2021-11-27 01:00:00+00:00,24284.2
2021-11-27 02:00:00+00:00,23534.16667
2021-11-27 03:00:00+00:00,23077.85714
2021-11-27 04:00:00+00:00,23093.6
2021-11-27 05:00:00+00:00,23540.5
2021-11-27 06:00:00+00:00,24995.57143
2021-11-27 07:00:00+00:00,26248.8
2021-11-27 08:00:00+00:00,28607.16667
2021-11-27 09:00:00+00:00,30373.85714
2021-11-27 10:00:00+00:00,30622
2021-11-27 11:00:00+00:00,30583.83333
2021-11-27 12:00:00+00:00,31015.42857
2021-11-27 13:00:00+00:00,30806.6
2021-11-27 14:00:00+00:00,29868.66667
2021-11-27 15:00:00+00:00,29330.85714
2021-11-27 16:00:00+00:00,29521
2021-11-27 17:00:00+00:00,31142.16667
2021-11-27 18:00:00+00:00,31793.71429
2021-11-27 19:00:00+00:00,32333.6
2021-11-27 20:00:00+00:00,32147.83333
2021-11-27 21:00:00+00:00,30039.57143
2021-11-27 22:00:00+00:00,27820.4
2021-11-27 23:00:00+00:00,26003.5
2021-11-28 00:00:00+00:00,23994.71429
2021-11-28 01:00:00+00:00,22746.6
2021-11-28 02:00:00+00:00,21943
2021-11-28 03:00:00+00:00,21458.42857
2021-11-28 04:00:00+00:00,21580.2
2021-11-28 05:00:00+00:00,21858.5
2021-11-28 06:00:00+00:00,22646.42857
2021-11-28 07:00:00+00:00,23476.8
2021-11-28 08:00:00+00:00,25557.66667
2021-11-28 09:00:00+00:00,27692.14286
2021-11-28 10:00:00+00:00,28552
2021-11-28 11:00:00+00:00,28995.33333
2021-11-28 12:00:00+00:00,29763.71429
2021-11-28 13:00:00+00:00,29886
2021-11-28 14:00:00+00:00,28773.16667
2021-11-28 15:00:00+00:00,27964
2021-11-28 16:00:00+00:00,28506.2
2021-11-28 17:00:00+00:00,30592.66667
2021-11-28 18:00:00+00:00,31908.14286
2021-11-28 19:00:00+00:00,32833.6
2021-11-28 20:00:00+00:00,32550.33333
2021-11-28 21:00:00+00:00,30224.71429
2021-11-28 22:00:00+00:00,27534
2021-11-28 23:00:00+00:00,25552.16667
2021-11-29 00:00:00+00:00,23734.57143
2021-11-29 01:00:00+00:00,22684
2021-11-29 02:00:00+00:00,22419.83333
2021-11-29 03:00:00+00:00,22289.14286
2021-11-29 04:00:00+00:00,23145.4
2021-11-29 05:00:00+00:00,25971.16667
2021-11-29 06:00:00+00:00,30865.28571
2021-11-29 07:00:00+00:00,33295.8
2021-11-29 08:00:00+00:00,34030.83333
2021-11-29 09:00:00+00:00,34672.42857
2021-11-29 10:00:00+00:00,34572.8
2021-11-29 11:00:00+00:00,34557.33333
2021-11-29 12:00:00+00:00,34616.57143
2021-11-29 13:00:00+00:00,34326.4
2021-11-29 14:00:00+00:00,33857.33333
2021-11-29 15:00:00+00:00,33619.14286
2021-11-29 16:00:00+00:00,33925.6
2021-11-29 17:00:00+00:00,35325.83333
2021-11-29 18:00:00+00:00,35950.42857
2021-11-29 19:00:00+00:00,36368
2021-11-29 20:00:00+00:00,35494.83333
2021-11-29 21:00:00+00:00,32470.28571
2021-11-29 22:00:00+00:00,29359.4
2021-11-29 23:00:00+00:00,27624.33333
2021-11-30 00:00:00+00:00,25820.57143
2021-11-30 01:00:00+00:00,24612.4
2021-11-30 02:00:00+00:00,24315.5
2021-11-30 03:00:00+00:00,24273.85714
2021-11-30 04:00:00+00:00,24829
2021-11-30 05:00:00+00:00,27473.33333
2021-11-30 06:00:00+00:00,32038.28571
2021-11-30 07:00:00+00:00,34231.8
2021-11-30 08:00:00+00:00,34760.83333
2021-11-30 09:00:00+00:00,34989
2021-11-30 10:00:00+00:00,34580.6
2021-11-30 11:00:00+00:00,34352.5
2021-11-30 12:00:00+00:00,34162.42857
2021-11-30 13:00:00+00:00,33636
2021-11-30 14:00:00+00:00,33155.83333
2021-11-30 15:00:00+00:00,32742.28571
2021-11-30 16:00:00+00:00,33287.4
2021-11-30 17:00:00+00:00,34967.83333
2021-11-30 18:00:00+00:00,35768.71429
2021-11-30 19:00:00+00:00,36223.4
2021-11-30 20:00:00+00:00,35435.83333
2021-11-30 21:00:00+00:00,32333
2021-11-30 22:00:00+00:00,29172.4
2021-11-30 23:00:00+00:00,27543
2021-12-01 00:00:00+00:00,25706.71429
2021-12-01 01:00:00+00:00,24539.8
2021-12-01 02:00:00+00:00,23931.33333
2021-12-01 03:00:00+00:00,23859.28571
2021-12-01 04:00:00+00:00,24659.2
2021-12-01 05:00:00+00:00,27058.83333
2021-12-01 06:00:00+00:00,31989.28571
2021-12-01 07:00:00+00:00,34167.8
2021-12-01 08:00:00+00:00,34725.5
2021-12-01 09:00:00+00:00,35022
2021-12-01 10:00:00+00:00,34627.6
2021-12-01 11:00:00+00:00,34614.16667
2021-12-01 12:00:00+00:00,34701
2021-12-01 13:00:00+00:00,34390.8
2021-12-01 14:00:00+00:00,33942.66667
2021-12-01 15:00:00+00:00,33911.28571
2021-12-01 16:00:00+00:00,34510.4
2021-12-01 17:00:00+00:00,35654.5
2021-12-01 18:00:00+00:00,36201.14286
2021-12-01 19:00:00+00:00,36397.4
2021-12-01 20:00:00+00:00,35441
2021-12-01 21:00:00+00:00,32189.14286
2021-12-01 22:00:00+00:00,29335.6
2021-12-01 23:00:00+00:00,27734.5
2021-12-02 00:00:00+00:00,25910.28571
2021-12-02 01:00:00+00:00,24805.8
2021-12-02 02:00:00+00:00,24371.66667
2021-12-02 03:00:00+00:00,24231.28571
2021-12-02 04:00:00+00:00,24930.4
2021-12-02 05:00:00+00:00,27280
2021-12-02 06:00:00+00:00,31763.85714
2021-12-02 07:00:00+00:00,33671.8
2021-12-02 08:00:00+00:00,34468.5
2021-12-02 09:00:00+00:00,34497.42857
2021-12-02 10:00:00+00:00,34348.4
2021-12-02 11:00:00+00:00,34497.33333
2021-12-02 12:00:00+00:00,34656.14286
2021-12-02 13:00:00+00:00,34273.6
2021-12-02 14:00:00+00:00,33941.66667
2021-12-02 15:00:00+00:00,33585.85714
2021-12-02 16:00:00+00:00,34229.2
2021-12-02 17:00:00+00:00,35645.33333
2021-12-02 18:00:00+00:00,36427.57143
2021-12-02 19:00:00+00:00,36883
2021-12-02 20:00:00+00:00,35775.16667
2021-12-02 21:00:00+00:00,32747.71429
2021-12-02 22:00:00+00:00,29727.6
2021-12-02 23:00:00+00:00,28009.33333
2021-12-03 00:00:00+00:00,26350.28571
2021-12-03 01:00:00+00:00,25095.2
2021-12-03 02:00:00+00:00,24622
2021-12-03 03:00:00+00:00,24642
2021-12-03 04:00:00+00:00,25267.8
2021-12-03 05:00:00+00:00,27665.5
2021-12-03 06:00:00+00:00,32219.57143
2021-12-03 07:00:00+00:00,34256
2021-12-03 08:00:00+00:00,34718.33333
2021-12-03 09:00:00+00:00,34830.71429
2021-12-03 10:00:00+00:00,34271.4
2021-12-03 11:00:00+00:00,34106.66667
2021-12-03 12:00:00+00:00,33930.57143
2021-12-03 13:00:00+00:00,33464.8
2021-12-03 14:00:00+00:00,32741.33333
2021-12-03 15:00:00+00:00,32501.57143
2021-12-03 16:00:00+00:00,33137.6
2021-12-03 17:00:00+00:00,34691.16667
2021-12-03 18:00:00+00:00,34991.57143
2021-12-03 19:00:00+00:00,35173.4
2021-12-03 20:00:00+00:00,34257.16667
2021-12-03 21:00:00+00:00,31722.14286
2021-12-03 22:00:00+00:00,29361
2021-12-03 23:00:00+00:00,28049
2021-12-04 00:00:00+00:00,26023.28571
2021-12-04 01:00:00+00:00,24543.4
2021-12-04 02:00:00+00:00,23818.66667
2021-12-04 03:00:00+00:00,23405.42857
2021-12-04 04:00:00+00:00,23392
2021-12-04 05:00:00+00:00,24019.16667
2021-12-04 06:00:00+00:00,25486.71429
2021-12-04 07:00:00+00:00,26777
2021-12-04 08:00:00+00:00,28953.16667
2021-12-04 09:00:00+00:00,30329
2021-12-04 10:00:00+00:00,30357.2
2021-12-04 11:00:00+00:00,30154
2021-12-04 12:00:00+00:00,30244.42857
2021-12-04 13:00:00+00:00,30084.8
2021-12-04 14:00:00+00:00,29202.83333
2021-12-04 15:00:00+00:00,28648
2021-12-04 16:00:00+00:00,28981.6
2021-12-04 17:00:00+00:00,30768.66667
2021-12-04 18:00:00+00:00,31245.28571
2021-12-04 19:00:00+00:00,31818.4
2021-12-04 20:00:00+00:00,31597.5
2021-12-04 21:00:00+00:00,29560.57143
2021-12-04 22:00:00+00:00,27381.8
2021-12-04 23:00:00+00:00,25556
2021-12-05 00:00:00+00:00,23526.28571
2021-12-05 01:00:00+00:00,22421.6
2021-12-05 02:00:00+00:00,21822.33333
2021-12-05 03:00:00+00:00,21372.28571
2021-12-05 04:00:00+00:00,21399.4
2021-12-05 05:00:00+00:00,21862.16667
2021-12-05 06:00:00+00:00,22796.42857
2021-12-05 07:00:00+00:00,23462.2
2021-12-05 08:00:00+00:00,25236.5
2021-12-05 09:00:00+00:00,27088
2021-12-05 10:00:00+00:00,27740.6
2021-12-05 11:00:00+00:00,27831.5
2021-12-05 12:00:00+00:00,28278.71429
2021-12-05 13:00:00+00:00,28316.8
2021-12-05 14:00:00+00:00,27203.16667
2021-12-05 15:00:00+00:00,26625.71429
2021-12-05 16:00:00+00:00,27055.2
2021-12-05 17:00:00+00:00,28884
2021-12-05 18:00:00+00:00,29766.28571
2021-12-05 19:00:00+00:00,30270.4
2021-12-05 20:00:00+00:00,30500.16667
2021-12-05 21:00:00+00:00,29070.42857
2021-12-05 22:00:00+00:00,27133.4
2021-12-05 23:00:00+00:00,25465.16667
2021-12-06 00:00:00+00:00,23466.14286
2021-12-06 01:00:00+00:00,22253.8
2021-12-06 02:00:00+00:00,21592.16667
2021-12-06 03:00:00+00:00,21288.71429
2021-12-06 04:00:00+00:00,21523.4
2021-12-06 05:00:00+00:00,22347.5
2021-12-06 06:00:00+00:00,23558.42857
2021-12-06 07:00:00+00:00,24502.2
2021-12-06 08:00:00+00:00,26002.66667
2021-12-06 09:00:00+00:00,27515.85714
2021-12-06 10:00:00+00:00,27976.6
2021-12-06 11:00:00+00:00,27905.83333
2021-12-06 12:00:00+00:00,28355.42857
2021-12-06 13:00:00+00:00,28395.6
2021-12-06 14:00:00+00:00,27601
2021-12-06 15:00:00+00:00,26961.57143
2021-12-06 16:00:00+00:00,27351
2021-12-06 17:00:00+00:00,29388.16667
2021-12-06 18:00:00+00:00,30265.14286
2021-12-06 19:00:00+00:00,31055.4
2021-12-06 20:00:00+00:00,31321.16667
2021-12-06 21:00:00+00:00,29760
2021-12-06 22:00:00+00:00,27410.2
2021-12-06 23:00:00+00:00,25646.33333
2021-12-07 00:00:00+00:00,23743.14286
2021-12-07 01:00:00+00:00,22374.2
2021-12-07 02:00:00+00:00,21835.5
2021-12-07 03:00:00+00:00,21573.85714
2021-12-07 04:00:00+00:00,21869.4
2021-12-07 05:00:00+00:00,23678
2021-12-07 06:00:00+00:00,26431.85714
2021-12-07 07:00:00+00:00,28222.4
2021-12-07 08:00:00+00:00,29619.16667
2021-12-07 09:00:00+00:00,30699.14286
2021-12-07 10:00:00+00:00,30646.2
2021-12-07 11:00:00+00:00,30604
2021-12-07 12:00:00+00:00,31036.28571
2021-12-07 13:00:00+00:00,30790.4
2021-12-07 14:00:00+00:00,30075
2021-12-07 15:00:00+00:00,29747.28571
2021-12-07 16:00:00+00:00,30271
2021-12-07 17:00:00+00:00,31500.66667
2021-12-07 18:00:00+00:00,32101.85714
2021-12-07 19:00:00+00:00,32282
2021-12-07 20:00:00+00:00,31683.16667
2021-12-07 21:00:00+00:00,29493.42857
2021-12-07 22:00:00+00:00,26984.6
2021-12-07 23:00:00+00:00,25672.5
2021-12-08 00:00:00+00:00,23870.85714
2021-12-08 01:00:00+00:00,22607.8
2021-12-08 02:00:00+00:00,21968
2021-12-08 03:00:00+00:00,21567
2021-12-08 04:00:00+00:00,21613.6
2021-12-08 05:00:00+00:00,22473.66667
2021-12-08 06:00:00+00:00,23711.42857
2021-12-08 07:00:00+00:00,24320.2
2021-12-08 08:00:00+00:00,25963
2021-12-08 09:00:00+00:00,27772.42857
2021-12-08 10:00:00+00:00,28557.6
2021-12-08 11:00:00+00:00,28861
2021-12-08 12:00:00+00:00,29645.14286
2021-12-08 13:00:00+00:00,29587.8
2021-12-08 14:00:00+00:00,28469.66667
2021-12-08 15:00:00+00:00,27788.71429
2021-12-08 16:00:00+00:00,28075.8
2021-12-08 17:00:00+00:00,30202.16667
2021-12-08 18:00:00+00:00,31101.71429
2021-12-08 19:00:00+00:00,32162
2021-12-08 20:00:00+00:00,31882.16667
2021-12-08 21:00:00+00:00,29786.42857
2021-12-08 22:00:00+00:00,27240.4
2021-12-08 23:00:00+00:00,25598
2021-12-09 00:00:00+00:00,23771.42857
2021-12-09 01:00:00+00:00,22798.6
2021-12-09 02:00:00+00:00,22422.5
2021-12-09 03:00:00+00:00,22316.14286
2021-12-09 04:00:00+00:00,23135.8
2021-12-09 05:00:00+00:00,26020.66667
2021-12-09 06:00:00+00:00,30927.71429
2021-12-09 07:00:00+00:00,33455
2021-12-09 08:00:00+00:00,34179.16667
2021-12-09 09:00:00+00:00,34883
2021-12-09 10:00:00+00:00,34733
2021-12-09 11:00:00+00:00,34616.5
2021-12-09 12:00:00+00:00,34644
2021-12-09 13:00:00+00:00,34159.2
2021-12-09 14:00:00+00:00,33916
2021-12-09 15:00:00+00:00,33703.57143
2021-12-09 16:00:00+00:00,34187.8
2021-12-09 17:00:00+00:00,35443
2021-12-09 18:00:00+00:00,35811.57143
2021-12-09 19:00:00+00:00,36042
2021-12-09 20:00:00+00:00,35005.66667
2021-12-09 21:00:00+00:00,31973.57143
2021-12-09 22:00:00+00:00,28897.2
2021-12-09 23:00:00+00:00,27196.33333
2021-12-10 00:00:00+00:00,25271.71429
2021-12-10 01:00:00+00:00,24070.8
2021-12-10 02:00:00+00:00,23616.16667
2021-12-10 03:00:00+00:00,23418.14286
2021-12-10 04:00:00+00:00,24059.8
2021-12-10 05:00:00+00:00,26599.83333
2021-12-10 06:00:00+00:00,31044
2021-12-10 07:00:00+00:00,33254
2021-12-10 08:00:00+00:00,33692.83333
2021-12-10 09:00:00+00:00,34320.42857
2021-12-10 10:00:00+00:00,34068.8
2021-12-10 11:00:00+00:00,34070.83333
2021-12-10 12:00:00+00:00,34046.14286
2021-12-10 13:00:00+00:00,33655.2
2021-12-10 14:00:00+00:00,33109.83333
2021-12-10 15:00:00+00:00,32742.42857
2021-12-10 16:00:00+00:00,33020
2021-12-10 17:00:00+00:00,34279
2021-12-10 18:00:00+00:00,34525.71429
2021-12-10 19:00:00+00:00,34705.6
2021-12-10 20:00:00+00:00,33803
2021-12-10 21:00:00+00:00,31108.28571
2021-12-10 22:00:00+00:00,28609.8
2021-12-10 23:00:00+00:00,27394.83333
2021-12-11 00:00:00+00:00,25510.71429
2021-12-11 01:00:00+00:00,24261.4
2021-12-11 02:00:00+00:00,23520.83333
2021-12-11 03:00:00+00:00,23137.85714
2021-12-11 04:00:00+00:00,23014.6
2021-12-11 05:00:00+00:00,23650.5
2021-12-11 06:00:00+00:00,25034.42857
2021-12-11 07:00:00+00:00,26315.2
2021-12-11 08:00:00+00:00,28282.33333
2021-12-11 09:00:00+00:00,29835.57143
2021-12-11 10:00:00+00:00,29951.2
2021-12-11 11:00:00+00:00,29824.83333
2021-12-11 12:00:00+00:00,29852.42857
2021-12-11 13:00:00+00:00,29536
2021-12-11 14:00:00+00:00,28504
2021-12-11 15:00:00+00:00,27773.14286
2021-12-11 16:00:00+00:00,27973.4
2021-12-11 17:00:00+00:00,29819.16667
2021-12-11 18:00:00+00:00,30567.14286
2021-12-11 19:00:00+00:00,31064.6
2021-12-11 20:00:00+00:00,30862.83333
2021-12-11 21:00:00+00:00,29053.71429
2021-12-11 22:00:00+00:00,27180.4
2021-12-11 23:00:00+00:00,25645.16667
2021-12-12 00:00:00+00:00,23910.42857
2021-12-12 01:00:00+00:00,22605.4
2021-12-12 02:00:00+00:00,21835.66667
2021-12-12 03:00:00+00:00,21399.14286
2021-12-12 04:00:00+00:00,21261.4
2021-12-12 05:00:00+00:00,21644.5
2021-12-12 06:00:00+00:00,22479
2021-12-12 07:00:00+00:00,23056.4
2021-12-12 08:00:00+00:00,24596.66667
2021-12-12 09:00:00+00:00,26342.57143
2021-12-12 10:00:00+00:00,26741.8
2021-12-12 11:00:00+00:00,26845.16667
2021-12-12 12:00:00+00:00,27296.28571
2021-12-12 13:00:00+00:00,27468.6
2021-12-12 14:00:00+00:00,26449.66667
2021-12-12 15:00:00+00:00,25678.14286
2021-12-12 16:00:00+00:00,25979.2
2021-12-12 17:00:00+00:00,28285.33333
2021-12-12 18:00:00+00:00,29516.85714
2021-12-12 19:00:00+00:00,30658.2
2021-12-12 20:00:00+00:00,30468.5
2021-12-12 21:00:00+00:00,28791.71429
2021-12-12 22:00:00+00:00,26454.8
2021-12-12 23:00:00+00:00,24774
2021-12-13 00:00:00+00:00,23213.42857
2021-12-13 01:00:00+00:00,22355.8
2021-12-13 02:00:00+00:00,22090.16667
2021-12-13 03:00:00+00:00,22171
2021-12-13 04:00:00+00:00,22908.8
2021-12-13 05:00:00+00:00,25865
2021-12-13 06:00:00+00:00,30733
2021-12-13 07:00:00+00:00,33203.2
2021-12-13 08:00:00+00:00,33648.83333
2021-12-13 09:00:00+00:00,33979.85714
2021-12-13 10:00:00+00:00,33787.6
2021-12-13 11:00:00+00:00,33605
2021-12-13 12:00:00+00:00,33305.28571
2021-12-13 13:00:00+00:00,32762.8
2021-12-13 14:00:00+00:00,32260.16667
2021-12-13 15:00:00+00:00,32128
2021-12-13 16:00:00+00:00,32667.4
2021-12-13 17:00:00+00:00,34150.66667
2021-12-13 18:00:00+00:00,34964.14286
2021-12-13 19:00:00+00:00,35372.4
2021-12-13 20:00:00+00:00,34664.66667
2021-12-13 21:00:00+00:00,31535.28571
2021-12-13 22:00:00+00:00,28550.6
2021-12-13 23:00:00+00:00,27017.83333
2021-12-14 00:00:00+00:00,25376.14286
2021-12-14 01:00:00+00:00,24243.4
2021-12-14 02:00:00+00:00,23804.66667
2021-12-14 03:00:00+00:00,23777
2021-12-14 04:00:00+00:00,24467.4
2021-12-14 05:00:00+00:00,26968
2021-12-14 06:00:00+00:00,31655.57143
2021-12-14 07:00:00+00:00,34175.4
2021-12-14 08:00:00+00:00,34450.66667
2021-12-14 09:00:00+00:00,34573.14286
2021-12-14 10:00:00+00:00,34345.6
2021-12-14 11:00:00+00:00,34060.33333
2021-12-14 12:00:00+00:00,33672.28571
2021-12-14 13:00:00+00:00,33238
2021-12-14 14:00:00+00:00,32809.16667
2021-12-14 15:00:00+00:00,32484
2021-12-14 16:00:00+00:00,33088.8
2021-12-14 17:00:00+00:00,34617.33333
2021-12-14 18:00:00+00:00,35476.14286
2021-12-14 19:00:00+00:00,35881.8
2021-12-14 20:00:00+00:00,34981.83333
2021-12-14 21:00:00+00:00,31864.14286
2021-12-14 22:00:00+00:00,28916.8
2021-12-14 23:00:00+00:00,27423.16667
2021-12-15 00:00:00+00:00,25567.57143
2021-12-15 01:00:00+00:00,24586.2
2021-12-15 02:00:00+00:00,24111.66667
2021-12-15 03:00:00+00:00,24007.71429
2021-12-15 04:00:00+00:00,24736
2021-12-15 05:00:00+00:00,27176
2021-12-15 06:00:00+00:00,31812.57143
2021-12-15 07:00:00+00:00,34183.2
2021-12-15 08:00:00+00:00,34409.66667
2021-12-15 09:00:00+00:00,34664.28571
2021-12-15 10:00:00+00:00,34202.8
2021-12-15 11:00:00+00:00,34032.66667
2021-12-15 12:00:00+00:00,33854.14286
2021-12-15 13:00:00+00:00,33405.2
2021-12-15 14:00:00+00:00,32832.83333
2021-12-15 15:00:00+00:00,32526.42857
2021-12-15 16:00:00+00:00,33147.6
2021-12-15 17:00:00+00:00,34689.5
2021-12-15 18:00:00+00:00,35419.14286
2021-12-15 19:00:00+00:00,35749.6
2021-12-15 20:00:00+00:00,34873.83333
2021-12-15 21:00:00+00:00,31793.85714
2021-12-15 22:00:00+00:00,28884.6
2021-12-15 23:00:00+00:00,27309.33333
2021-12-16 00:00:00+00:00,25478.57143
2021-12-16 01:00:00+00:00,24376.6
2021-12-16 02:00:00+00:00,23926
2021-12-16 03:00:00+00:00,23898.14286
2021-12-16 04:00:00+00:00,24803.2
2021-12-16 05:00:00+00:00,27071.66667
2021-12-16 06:00:00+00:00,31560.71429
2021-12-16 07:00:00+00:00,33646.4
2021-12-16 08:00:00+00:00,34282.66667
2021-12-16 09:00:00+00:00,34890.14286
2021-12-16 10:00:00+00:00,34620.2
2021-12-16 11:00:00+00:00,34423.5
2021-12-16 12:00:00+00:00,34324.14286
2021-12-16 13:00:00+00:00,33893.8
2021-12-16 14:00:00+00:00,33428
2021-12-16 15:00:00+00:00,33175
2021-12-16 16:00:00+00:00,33573.6
2021-12-16 17:00:00+00:00,35005.83333
2021-12-16 18:00:00+00:00,35736.28571
2021-12-16 19:00:00+00:00,35798.6
2021-12-16 20:00:00+00:00,35028
2021-12-16 21:00:00+00:00,31953
2021-12-16 22:00:00+00:00,29045.2
2021-12-16 23:00:00+00:00,27555.33333
2021-12-17 00:00:00+00:00,25744.85714
2021-12-17 01:00:00+00:00,24624.2
2021-12-17 02:00:00+00:00,24182.83333
2021-12-17 03:00:00+00:00,23986
2021-12-17 04:00:00+00:00,24591.2
2021-12-17 05:00:00+00:00,27010.33333
2021-12-17 06:00:00+00:00,31520.42857
2021-12-17 07:00:00+00:00,33961
2021-12-17 08:00:00+00:00,34519.66667
2021-12-17 09:00:00+00:00,34968.85714
2021-12-17 10:00:00+00:00,34696
2021-12-17 11:00:00+00:00,34469.5
2021-12-17 12:00:00+00:00,34146.71429
2021-12-17 13:00:00+00:00,33550.4
2021-12-17 14:00:00+00:00,32776.66667
2021-12-17 15:00:00+00:00,32328
2021-12-17 16:00:00+00:00,32758.4
2021-12-17 17:00:00+00:00,34232.83333
2021-12-17 18:00:00+00:00,34601.42857
2021-12-17 19:00:00+00:00,34618.2
2021-12-17 20:00:00+00:00,33833.16667
2021-12-17 21:00:00+00:00,31281.57143
2021-12-17 22:00:00+00:00,28762.8
2021-12-17 23:00:00+00:00,27483.66667
2021-12-18 00:00:00+00:00,25694.14286
2021-12-18 01:00:00+00:00,24231.8
2021-12-18 02:00:00+00:00,23414
2021-12-18 03:00:00+00:00,23034
2021-12-18 04:00:00+00:00,23005.8
2021-12-18 05:00:00+00:00,23589.5
2021-12-18 06:00:00+00:00,25231.14286
2021-12-18 07:00:00+00:00,26747
2021-12-18 08:00:00+00:00,28745.33333
2021-12-18 09:00:00+00:00,30544.71429
2021-12-18 10:00:00+00:00,30741.6
2021-12-18 11:00:00+00:00,30478.66667
2021-12-18 12:00:00+00:00,30633.85714
2021-12-18 13:00:00+00:00,30272.6
2021-12-18 14:00:00+00:00,29562.83333
2021-12-18 15:00:00+00:00,28798.42857
2021-12-18 16:00:00+00:00,29097
2021-12-18 17:00:00+00:00,30504.83333
2021-12-18 18:00:00+00:00,30981.85714
2021-12-18 19:00:00+00:00,31416.6
2021-12-18 20:00:00+00:00,31089.33333
2021-12-18 21:00:00+00:00,29321.71429
2021-12-18 22:00:00+00:00,27186.4
2021-12-18 23:00:00+00:00,25490
2021-12-19 00:00:00+00:00,23642
2021-12-19 01:00:00+00:00,22278.4
2021-12-19 02:00:00+00:00,21721
2021-12-19 03:00:00+00:00,21150.28571
2021-12-19 04:00:00+00:00,21209
2021-12-19 05:00:00+00:00,21608
2021-12-19 06:00:00+00:00,22413
2021-12-19 07:00:00+00:00,23171.2
2021-12-19 08:00:00+00:00,24890.16667
2021-12-19 09:00:00+00:00,27059.28571
2021-12-19 10:00:00+00:00,27561.8
2021-12-19 11:00:00+00:00,27843.33333
2021-12-19 12:00:00+00:00,28268.28571
2021-12-19 13:00:00+00:00,28444.4
2021-12-19 14:00:00+00:00,27375.83333
2021-12-19 15:00:00+00:00,26782.85714
2021-12-19 16:00:00+00:00,27074.4
2021-12-19 17:00:00+00:00,29062.5
2021-12-19 18:00:00+00:00,30375.28571
2021-12-19 19:00:00+00:00,31058
2021-12-19 20:00:00+00:00,31001
2021-12-19 21:00:00+00:00,29210.57143
2021-12-19 22:00:00+00:00,26836.2
2021-12-19 23:00:00+00:00,25069.5
2021-12-20 00:00:00+00:00,23515
2021-12-20 01:00:00+00:00,22549.8
2021-12-20 02:00:00+00:00,22162.83333
2021-12-20 03:00:00+00:00,22122.71429
2021-12-20 04:00:00+00:00,23089.6
2021-12-20 05:00:00+00:00,25865.16667
2021-12-20 06:00:00+00:00,30578.28571
2021-12-20 07:00:00+00:00,33329.8
2021-12-20 08:00:00+00:00,34308.83333
2021-12-20 09:00:00+00:00,34847.71429
2021-12-20 10:00:00+00:00,34545.6
2021-12-20 11:00:00+00:00,34609.5
2021-12-20 12:00:00+00:00,34531
2021-12-20 13:00:00+00:00,34002.8
2021-12-20 14:00:00+00:00,33289
2021-12-20 15:00:00+00:00,33037.42857
2021-12-20 16:00:00+00:00,33617.4
2021-12-20 17:00:00+00:00,34702.5
2021-12-20 18:00:00+00:00,35360.57143
2021-12-20 19:00:00+00:00,35692.2
2021-12-20 20:00:00+00:00,34866.33333
2021-12-20 21:00:00+00:00,31686.42857
2021-12-20 22:00:00+00:00,28712.2
2021-12-20 23:00:00+00:00,26969.66667
2021-12-21 00:00:00+00:00,25170.71429
2021-12-21 01:00:00+00:00,23890.8
2021-12-21 02:00:00+00:00,23453.5
2021-12-21 03:00:00+00:00,23436.71429
2021-12-21 04:00:00+00:00,24011.4
2021-12-21 05:00:00+00:00,26354.66667
2021-12-21 06:00:00+00:00,30692.57143
2021-12-21 07:00:00+00:00,33276.4
2021-12-21 08:00:00+00:00,33929.66667
2021-12-21 09:00:00+00:00,34493.71429
2021-12-21 10:00:00+00:00,34129.2
2021-12-21 11:00:00+00:00,33902.16667
2021-12-21 12:00:00+00:00,33898.14286
2021-12-21 13:00:00+00:00,33467.6
2021-12-21 14:00:00+00:00,32876.5
2021-12-21 15:00:00+00:00,32513.14286
2021-12-21 16:00:00+00:00,32868.4
2021-12-21 17:00:00+00:00,33971.66667
2021-12-21 18:00:00+00:00,34647.85714
2021-12-21 19:00:00+00:00,35014.2
2021-12-21 20:00:00+00:00,34298.66667
2021-12-21 21:00:00+00:00,31266.42857
2021-12-21 22:00:00+00:00,28389
2021-12-21 23:00:00+00:00,26705.66667
2021-12-22 00:00:00+00:00,24762
2021-12-22 01:00:00+00:00,23607
2021-12-22 02:00:00+00:00,23103.16667
2021-12-22 03:00:00+00:00,23039.57143
2021-12-22 04:00:00+00:00,23599.2
2021-12-22 05:00:00+00:00,25805.16667
2021-12-22 06:00:00+00:00,29911.14286
2021-12-22 07:00:00+00:00,32301.8
2021-12-22 08:00:00+00:00,33279.5
2021-12-22 09:00:00+00:00,33996.14286
2021-12-22 10:00:00+00:00,33806.2
2021-12-22 11:00:00+00:00,33672.33333
2021-12-22 12:00:00+00:00,33500.14286
2021-12-22 13:00:00+00:00,32938.4
2021-12-22 14:00:00+00:00,32327.66667
2021-12-22 15:00:00+00:00,31934.57143
2021-12-22 16:00:00+00:00,32325.2
2021-12-22 17:00:00+00:00,33592.33333
2021-12-22 18:00:00+00:00,34002.57143
2021-12-22 19:00:00+00:00,33991.4
2021-12-22 20:00:00+00:00,33133.5
2021-12-22 21:00:00+00:00,30318.42857
2021-12-22 22:00:00+00:00,27532
2021-12-22 23:00:00+00:00,25885.33333
2021-12-23 00:00:00+00:00,23956
2021-12-23 01:00:00+00:00,22912.6
2021-12-23 02:00:00+00:00,22382.5
2021-12-23 03:00:00+00:00,22210.14286
2021-12-23 04:00:00+00:00,22617.8
2021-12-23 05:00:00+00:00,24646.83333
2021-12-23 06:00:00+00:00,28092.14286
2021-12-23 07:00:00+00:00,30221.4
2021-12-23 08:00:00+00:00,31507.83333
2021-12-23 09:00:00+00:00,32501.85714
2021-12-23 10:00:00+00:00,32466.8
2021-12-23 11:00:00+00:00,32408.5
2021-12-23 12:00:00+00:00,32544.14286
2021-12-23 13:00:00+00:00,32215.8
2021-12-23 14:00:00+00:00,31279.5
2021-12-23 15:00:00+00:00,30777.85714
2021-12-23 16:00:00+00:00,30888.6
2021-12-23 17:00:00+00:00,31766.16667
2021-12-23 18:00:00+00:00,31956.71429
2021-12-23 19:00:00+00:00,31935.8
2021-12-23 20:00:00+00:00,31340.5
2021-12-23 21:00:00+00:00,28783.85714
2021-12-23 22:00:00+00:00,26426.8
2021-12-23 23:00:00+00:00,24775.5
2021-12-24 00:00:00+00:00,22884.71429
2021-12-24 01:00:00+00:00,21481.6
2021-12-24 02:00:00+00:00,20701.33333
2021-12-24 03:00:00+00:00,20169
2021-12-24 04:00:00+00:00,20380.2
2021-12-24 05:00:00+00:00,21151.16667
2021-12-24 06:00:00+00:00,23286.85714
2021-12-24 07:00:00+00:00,24833
2021-12-24 08:00:00+00:00,26606
2021-12-24 09:00:00+00:00,28012.42857
2021-12-24 10:00:00+00:00,28239.2
2021-12-24 11:00:00+00:00,28173.83333
2021-12-24 12:00:00+00:00,28006.28571
2021-12-24 13:00:00+00:00,27567.8
2021-12-24 14:00:00+00:00,26445
2021-12-24 15:00:00+00:00,25769.85714
2021-12-24 16:00:00+00:00,25925.8
2021-12-24 17:00:00+00:00,27490
2021-12-24 18:00:00+00:00,27740.57143
2021-12-24 19:00:00+00:00,27149.8
2021-12-24 20:00:00+00:00,25809.16667
2021-12-24 21:00:00+00:00,22953.28571
2021-12-24 22:00:00+00:00,21852.6
2021-12-24 23:00:00+00:00,21453.16667
2021-12-25 00:00:00+00:00,20329.85714
2021-12-25 01:00:00+00:00,18989.2
2021-12-25 02:00:00+00:00,18071.66667
2021-12-25 03:00:00+00:00,17546.57143
2021-12-25 04:00:00+00:00,17456.2
2021-12-25 05:00:00+00:00,17596.5
2021-12-25 06:00:00+00:00,18015
2021-12-25 07:00:00+00:00,18287.8
2021-12-25 08:00:00+00:00,19520.16667
2021-12-25 09:00:00+00:00,21735.14286
2021-12-25 10:00:00+00:00,23157
2021-12-25 11:00:00+00:00,23739.83333
2021-12-25 12:00:00+00:00,24345.85714
2021-12-25 13:00:00+00:00,24008.2
2021-12-25 14:00:00+00:00,22323.33333
2021-12-25 15:00:00+00:00,21701.28571
2021-12-25 16:00:00+00:00,21923
2021-12-25 17:00:00+00:00,23486.16667
2021-12-25 18:00:00+00:00,24230.71429
2021-12-25 19:00:00+00:00,24795.4
2021-12-25 20:00:00+00:00,25045.5
2021-12-25 21:00:00+00:00,24176.14286
2021-12-25 22:00:00+00:00,22614.4
2021-12-25 23:00:00+00:00,21347.66667
2021-12-26 00:00:00+00:00,19523.71429
2021-12-26 01:00:00+00:00,18445.4
2021-12-26 02:00:00+00:00,17928.16667
2021-12-26 03:00:00+00:00,17649.85714
2021-12-26 04:00:00+00:00,17720
2021-12-26 05:00:00+00:00,18338
2021-12-26 06:00:00+00:00,19254.85714
2021-12-26 07:00:00+00:00,19774
2021-12-26 08:00:00+00:00,21176.66667
2021-12-26 09:00:00+00:00,23458.71429
2021-12-26 10:00:00+00:00,24612.6
2021-12-26 11:00:00+00:00,25065.83333
2021-12-26 12:00:00+00:00,25922.85714
2021-12-26 13:00:00+00:00,26059.8
2021-12-26 14:00:00+00:00,24820.66667
2021-12-26 15:00:00+00:00,23964.28571
2021-12-26 16:00:00+00:00,24129.4
2021-12-26 17:00:00+00:00,25827.16667
2021-12-26 18:00:00+00:00,26548.14286
2021-12-26 19:00:00+00:00,27190.4
2021-12-26 20:00:00+00:00,27257.33333
2021-12-26 21:00:00+00:00,25664.71429
2021-12-26 22:00:00+00:00,23584.4
2021-12-26 23:00:00+00:00,22244.66667
2021-12-27 00:00:00+00:00,20546.28571
2021-12-27 01:00:00+00:00,19494.2
2021-12-27 02:00:00+00:00,19059.5
2021-12-27 03:00:00+00:00,18901.71429
2021-12-27 04:00:00+00:00,19449.4
2021-12-27 05:00:00+00:00,21330.83333
2021-12-27 06:00:00+00:00,24115.14286
2021-12-27 07:00:00+00:00,26114.6
2021-12-27 08:00:00+00:00,27473.5
2021-12-27 09:00:00+00:00,28479.42857
2021-12-27 10:00:00+00:00,28582
2021-12-27 11:00:00+00:00,28684.66667
2021-12-27 12:00:00+00:00,28939.71429
2021-12-27 13:00:00+00:00,28835
2021-12-27 14:00:00+00:00,27902
2021-12-27 15:00:00+00:00,27446
2021-12-27 16:00:00+00:00,27654.8
2021-12-27 17:00:00+00:00,28940.33333
2021-12-27 18:00:00+00:00,29599.28571
2021-12-27 19:00:00+00:00,29759.6
2021-12-27 20:00:00+00:00,29389.5
2021-12-27 21:00:00+00:00,26936.14286
2021-12-27 22:00:00+00:00,24460.6
2021-12-27 23:00:00+00:00,23359.16667
2021-12-28 00:00:00+00:00,21838.28571
2021-12-28 01:00:00+00:00,20748
2021-12-28 02:00:00+00:00,20215.16667
2021-12-28 03:00:00+00:00,20039.14286
2021-12-28 04:00:00+00:00,20517.8
2021-12-28 05:00:00+00:00,22163
2021-12-28 06:00:00+00:00,24750.14286
2021-12-28 07:00:00+00:00,26506.2
2021-12-28 08:00:00+00:00,27620
2021-12-28 09:00:00+00:00,28578.42857
2021-12-28 10:00:00+00:00,28508.4
2021-12-28 11:00:00+00:00,28397.5
2021-12-28 12:00:00+00:00,28746.14286
2021-12-28 13:00:00+00:00,28468.6
2021-12-28 14:00:00+00:00,27546.5
2021-12-28 15:00:00+00:00,27033.57143
2021-12-28 16:00:00+00:00,27204
2021-12-28 17:00:00+00:00,28691.5
2021-12-28 18:00:00+00:00,29442.57143
2021-12-28 19:00:00+00:00,29908.6
2021-12-28 20:00:00+00:00,29495.66667
2021-12-28 21:00:00+00:00,27015.42857
2021-12-28 22:00:00+00:00,24564.8
2021-12-28 23:00:00+00:00,23397.5
2021-12-29 00:00:00+00:00,21672.14286
2021-12-29 01:00:00+00:00,20656.8
2021-12-29 02:00:00+00:00,20150.66667
2021-12-29 03:00:00+00:00,19972.71429
2021-12-29 04:00:00+00:00,20395.8
2021-12-29 05:00:00+00:00,22096.83333
2021-12-29 06:00:00+00:00,24800.71429
2021-12-29 07:00:00+00:00,26546.8
2021-12-29 08:00:00+00:00,27566.66667
2021-12-29 09:00:00+00:00,28045.42857
2021-12-29 10:00:00+00:00,27818.8
2021-12-29 11:00:00+00:00,27644.66667
2021-12-29 12:00:00+00:00,27706.42857
2021-12-29 13:00:00+00:00,27415.8
2021-12-29 14:00:00+00:00,26456.33333
2021-12-29 15:00:00+00:00,26279
2021-12-29 16:00:00+00:00,26963.6
2021-12-29 17:00:00+00:00,28790.16667
2021-12-29 18:00:00+00:00,29618
2021-12-29 19:00:00+00:00,29931
2021-12-29 20:00:00+00:00,29541.5
2021-12-29 21:00:00+00:00,27115.14286
2021-12-29 22:00:00+00:00,24789
2021-12-29 23:00:00+00:00,23417.33333
2021-12-30 00:00:00+00:00,21736.42857
2021-12-30 01:00:00+00:00,20473.6
2021-12-30 02:00:00+00:00,20015.5
2021-12-30 03:00:00+00:00,19892.71429
2021-12-30 04:00:00+00:00,20381.8
2021-12-30 05:00:00+00:00,22010.5
2021-12-30 06:00:00+00:00,24744
2021-12-30 07:00:00+00:00,26581.8
2021-12-30 08:00:00+00:00,27590.5
2021-12-30 09:00:00+00:00,28028.57143
2021-12-30 10:00:00+00:00,27596.4
2021-12-30 11:00:00+00:00,27306.5
2021-12-30 12:00:00+00:00,27822.85714
2021-12-30 13:00:00+00:00,27467.2
2021-12-30 14:00:00+00:00,26452.5
2021-12-30 15:00:00+00:00,26110.85714
2021-12-30 16:00:00+00:00,26834.4
2021-12-30 17:00:00+00:00,28895.5
2021-12-30 18:00:00+00:00,29688.71429
2021-12-30 19:00:00+00:00,29960.2
2021-12-30 20:00:00+00:00,29586.16667
2021-12-30 21:00:00+00:00,27337.85714
2021-12-30 22:00:00+00:00,24756.2
2021-12-30 23:00:00+00:00,23438.16667
2021-12-31 00:00:00+00:00,21693.85714
2021-12-31 01:00:00+00:00,20356.6
2021-12-31 02:00:00+00:00,19825
2021-12-31 03:00:00+00:00,19594.85714
2021-12-31 04:00:00+00:00,19778
2021-12-31 05:00:00+00:00,20654.16667
2021-12-31 06:00:00+00:00,22575
2021-12-31 07:00:00+00:00,23886.6
2021-12-31 08:00:00+00:00,25290.16667
2021-12-31 09:00:00+00:00,26375.57143
2021-12-31 10:00:00+00:00,26020.4
2021-12-31 11:00:00+00:00,25655.33333
2021-12-31 12:00:00+00:00,25404.42857
2021-12-31 13:00:00+00:00,25149
2021-12-31 14:00:00+00:00,24379
2021-12-31 15:00:00+00:00,23907.28571
2021-12-31 16:00:00+00:00,24421.4
2021-12-31 17:00:00+00:00,26787
2021-12-31 18:00:00+00:00,27840.42857
2021-12-31 19:00:00+00:00,27626.6
2021-12-31 20:00:00+00:00,26746.5
2021-12-31 21:00:00+00:00,23781.57143
2021-12-31 22:00:00+00:00,22238.8
2021-12-31 23:00:00+00:00,21558.66667
