2023-01-01 00:00:00+00:00,22548.28571
2023-01-01 01:00:00+00:00,20927.8
2023-01-01 02:00:00+00:00,19820.33333
2023-01-01 03:00:00+00:00,19969.28571
2023-01-01 04:00:00+00:00,19288.2
2023-01-01 05:00:00+00:00,19476.83333
2023-01-01 06:00:00+00:00,19118.71429
2023-01-01 07:00:00+00:00,19082
2023-01-01 08:00:00+00:00,19115.75
2023-01-01 09:00:00+00:00,18759.57143
2023-01-01 10:00:00+00:00,17688.9
2023-01-01 11:00:00+00:00,17778.41667
2023-01-01 12:00:00+00:00,18284.21429
2023-01-01 13:00:00+00:00,18361.1
2023-01-01 14:00:00+00:00,17478.83333
2023-01-01 15:00:00+00:00,17780.28571
2023-01-01 16:00:00+00:00,18634.7
2023-01-01 17:00:00+00:00,21307.58333
2023-01-01 18:00:00+00:00,22561.28571
2023-01-01 19:00:00+00:00,23362.5
2023-01-01 20:00:00+00:00,23242.83333
2023-01-01 21:00:00+00:00,21693.07143
2023-01-01 22:00:00+00:00,19524.8
2023-01-01 23:00:00+00:00,17015
2023-01-02 00:00:00+00:00,15213.71429
2023-01-02 01:00:00+00:00,14339.8
2023-01-02 02:00:00+00:00,14099.16667
2023-01-02 03:00:00+00:00,14526.92857
2023-01-02 04:00:00+00:00,15220.3
2023-01-02 05:00:00+00:00,18629
2023-01-02 06:00:00+00:00,21920.07143
2023-01-02 07:00:00+00:00,23905.9
2023-01-02 08:00:00+00:00,25519.58333
2023-01-02 09:00:00+00:00,25614.85714
2023-01-02 10:00:00+00:00,25179.9
2023-01-02 11:00:00+00:00,25252.58333
2023-01-02 12:00:00+00:00,25724.71429
2023-01-02 13:00:00+00:00,25512.2
2023-01-02 14:00:00+00:00,24568.41667
2023-01-02 15:00:00+00:00,24739.21429
2023-01-02 16:00:00+00:00,26177.4
2023-01-02 17:00:00+00:00,28051.33333
2023-01-02 18:00:00+00:00,29368.85714
2023-01-02 19:00:00+00:00,30631.8
2023-01-02 20:00:00+00:00,29904.33333
2023-01-02 21:00:00+00:00,25959.71429
2023-01-02 22:00:00+00:00,23259.5
2023-01-02 23:00:00+00:00,23313.16667
2023-01-03 00:00:00+00:00,22046.78571
2023-01-03 01:00:00+00:00,19739.9
2023-01-03 02:00:00+00:00,18888.16667
2023-01-03 03:00:00+00:00,18997.21429
2023-01-03 04:00:00+00:00,19187.4
2023-01-03 05:00:00+00:00,21399.58333
2023-01-03 06:00:00+00:00,25228.35714
2023-01-03 07:00:00+00:00,27008.3
2023-01-03 08:00:00+00:00,28456.41667
2023-01-03 09:00:00+00:00,27693.57143
2023-01-03 10:00:00+00:00,26983.9
2023-01-03 11:00:00+00:00,25812.33333
2023-01-03 12:00:00+00:00,26113.92857
2023-01-03 13:00:00+00:00,25507.3
2023-01-03 14:00:00+00:00,25191.91667
2023-01-03 15:00:00+00:00,25368.85714
2023-01-03 16:00:00+00:00,27674.1
2023-01-03 17:00:00+00:00,30082.83333
2023-01-03 18:00:00+00:00,30575.35714
2023-01-03 19:00:00+00:00,32302.8
2023-01-03 20:00:00+00:00,31248.25
2023-01-03 21:00:00+00:00,29726.78571
2023-01-03 22:00:00+00:00,27696.6
2023-01-03 23:00:00+00:00,26904.08333
2023-01-04 00:00:00+00:00,24901.64286
2023-01-04 01:00:00+00:00,23649.4
2023-01-04 02:00:00+00:00,23040
2023-01-04 03:00:00+00:00,23229.64286
2023-01-04 04:00:00+00:00,23780.9
2023-01-04 05:00:00+00:00,25881.33333
2023-01-04 06:00:00+00:00,28179.71429
2023-01-04 07:00:00+00:00,30995.5
2023-01-04 08:00:00+00:00,31218.08333
2023-01-04 09:00:00+00:00,29173.35714
2023-01-04 10:00:00+00:00,27418.3
2023-01-04 11:00:00+00:00,27767.25
2023-01-04 12:00:00+00:00,28244.21429
2023-01-04 13:00:00+00:00,27130.6
2023-01-04 14:00:00+00:00,26215.5
2023-01-04 15:00:00+00:00,28349.5
2023-01-04 16:00:00+00:00,29522.3
2023-01-04 17:00:00+00:00,32062.5
2023-01-04 18:00:00+00:00,32921.71429
2023-01-04 19:00:00+00:00,34259.7
2023-01-04 20:00:00+00:00,34230.91667
2023-01-04 21:00:00+00:00,30487
2023-01-04 22:00:00+00:00,27003.1
2023-01-04 23:00:00+00:00,27966.25
2023-01-05 00:00:00+00:00,25631.42857
2023-01-05 01:00:00+00:00,24797.1
2023-01-05 02:00:00+00:00,24469.91667
2023-01-05 03:00:00+00:00,24560.92857
2023-01-05 04:00:00+00:00,25433.6
2023-01-05 05:00:00+00:00,26301.41667
2023-01-05 06:00:00+00:00,27223.28571
2023-01-05 07:00:00+00:00,29345.3
2023-01-05 08:00:00+00:00,30259.08333
2023-01-05 09:00:00+00:00,28542.78571
2023-01-05 10:00:00+00:00,27649
2023-01-05 11:00:00+00:00,27326.41667
2023-01-05 12:00:00+00:00,26703.85714
2023-01-05 13:00:00+00:00,25621.2
2023-01-05 14:00:00+00:00,24308.41667
2023-01-05 15:00:00+00:00,24464.92857
2023-01-05 16:00:00+00:00,26487.3
2023-01-05 17:00:00+00:00,28122.08333
2023-01-05 18:00:00+00:00,27639.35714
2023-01-05 19:00:00+00:00,28259.1
2023-01-05 20:00:00+00:00,28023.66667
2023-01-05 21:00:00+00:00,25101.64286
2023-01-05 22:00:00+00:00,22714.2
2023-01-05 23:00:00+00:00,24761.58333
2023-01-06 00:00:00+00:00,22774
2023-01-06 01:00:00+00:00,20841.8
2023-01-06 02:00:00+00:00,20534.91667
2023-01-06 03:00:00+00:00,20392.07143
2023-01-06 04:00:00+00:00,19279.9
2023-01-06 05:00:00+00:00,18156.08333
2023-01-06 06:00:00+00:00,18239.5
2023-01-06 07:00:00+00:00,18247.4
2023-01-06 08:00:00+00:00,18734.41667
2023-01-06 09:00:00+00:00,19703.42857
2023-01-06 10:00:00+00:00,20300.6
2023-01-06 11:00:00+00:00,20021.66667
2023-01-06 12:00:00+00:00,19956.28571
2023-01-06 13:00:00+00:00,19253.4
2023-01-06 14:00:00+00:00,17341.5
2023-01-06 15:00:00+00:00,17709.92857
2023-01-06 16:00:00+00:00,19162.2
2023-01-06 17:00:00+00:00,22535.91667
2023-01-06 18:00:00+00:00,23731.21429
2023-01-06 19:00:00+00:00,24228.1
2023-01-06 20:00:00+00:00,25006.58333
2023-01-06 21:00:00+00:00,23806.14286
2023-01-06 22:00:00+00:00,22181.2
2023-01-06 23:00:00+00:00,21539.5
2023-01-07 00:00:00+00:00,20233.71429
2023-01-07 01:00:00+00:00,19121.7
2023-01-07 02:00:00+00:00,18894.58333
2023-01-07 03:00:00+00:00,18442.71429
2023-01-07 04:00:00+00:00,18320.5
2023-01-07 05:00:00+00:00,19598.5
2023-01-07 06:00:00+00:00,21413.42857
2023-01-07 07:00:00+00:00,22669.4
2023-01-07 08:00:00+00:00,23933.91667
2023-01-07 09:00:00+00:00,25306.42857
2023-01-07 10:00:00+00:00,24804
2023-01-07 11:00:00+00:00,24383.33333
2023-01-07 12:00:00+00:00,24769.92857
2023-01-07 13:00:00+00:00,24716.2
2023-01-07 14:00:00+00:00,23777.91667
2023-01-07 15:00:00+00:00,23729.5
2023-01-07 16:00:00+00:00,25575.7
2023-01-07 17:00:00+00:00,26811.75
2023-01-07 18:00:00+00:00,28283.71429
2023-01-07 19:00:00+00:00,28502.2
2023-01-07 20:00:00+00:00,28495.66667
2023-01-07 21:00:00+00:00,25339.57143
2023-01-07 22:00:00+00:00,23094.4
2023-01-07 23:00:00+00:00,20764.41667
2023-01-08 00:00:00+00:00,19358.78571
2023-01-08 01:00:00+00:00,18266.3
2023-01-08 02:00:00+00:00,17679.33333
2023-01-08 03:00:00+00:00,17313.35714
2023-01-08 04:00:00+00:00,17474.7
2023-01-08 05:00:00+00:00,17963.83333
2023-01-08 06:00:00+00:00,18977.14286
2023-01-08 07:00:00+00:00,19655.3
2023-01-08 08:00:00+00:00,21872.08333
2023-01-08 09:00:00+00:00,24097.64286
2023-01-08 10:00:00+00:00,24634.7
2023-01-08 11:00:00+00:00,24574.25
2023-01-08 12:00:00+00:00,24954.07143
2023-01-08 13:00:00+00:00,25138
2023-01-08 14:00:00+00:00,23849.66667
2023-01-08 15:00:00+00:00,23680.14286
2023-01-08 16:00:00+00:00,24115.8
2023-01-08 17:00:00+00:00,25955.16667
2023-01-08 18:00:00+00:00,26954.92857
2023-01-08 19:00:00+00:00,27506.7
2023-01-08 20:00:00+00:00,26733
2023-01-08 21:00:00+00:00,24356.78571
2023-01-08 22:00:00+00:00,21574.1
2023-01-08 23:00:00+00:00,20050.58333
2023-01-09 00:00:00+00:00,18256.92857
2023-01-09 01:00:00+00:00,17743.7
2023-01-09 02:00:00+00:00,17399.08333
2023-01-09 03:00:00+00:00,17395.42857
2023-01-09 04:00:00+00:00,18600.7
2023-01-09 05:00:00+00:00,22481.58333
2023-01-09 06:00:00+00:00,27589.14286
2023-01-09 07:00:00+00:00,30277.2
2023-01-09 08:00:00+00:00,29552.75
2023-01-09 09:00:00+00:00,28271.14286
2023-01-09 10:00:00+00:00,27766.9
2023-01-09 11:00:00+00:00,26841.91667
2023-01-09 12:00:00+00:00,26519.5
2023-01-09 13:00:00+00:00,26083.9
2023-01-09 14:00:00+00:00,25651
2023-01-09 15:00:00+00:00,26162.42857
2023-01-09 16:00:00+00:00,27444.7
2023-01-09 17:00:00+00:00,29417.83333
2023-01-09 18:00:00+00:00,30856
2023-01-09 19:00:00+00:00,32252.7
2023-01-09 20:00:00+00:00,31514
2023-01-09 21:00:00+00:00,27062.5
2023-01-09 22:00:00+00:00,23973.7
2023-01-09 23:00:00+00:00,22237.25
2023-01-10 00:00:00+00:00,19948.28571
2023-01-10 01:00:00+00:00,19325.3
2023-01-10 02:00:00+00:00,19146.75
2023-01-10 03:00:00+00:00,19138.92857
2023-01-10 04:00:00+00:00,19770.7
2023-01-10 05:00:00+00:00,24028.66667
2023-01-10 06:00:00+00:00,29489.78571
2023-01-10 07:00:00+00:00,31938.1
2023-01-10 08:00:00+00:00,31471.08333
2023-01-10 09:00:00+00:00,30993.85714
2023-01-10 10:00:00+00:00,29614.5
2023-01-10 11:00:00+00:00,28736
2023-01-10 12:00:00+00:00,28108.5
2023-01-10 13:00:00+00:00,27317.1
2023-01-10 14:00:00+00:00,26500.75
2023-01-10 15:00:00+00:00,28408.64286
2023-01-10 16:00:00+00:00,30185.3
2023-01-10 17:00:00+00:00,31915.58333
2023-01-10 18:00:00+00:00,33052.35714
2023-01-10 19:00:00+00:00,34430.7
2023-01-10 20:00:00+00:00,33247.75
2023-01-10 21:00:00+00:00,30065.07143
2023-01-10 22:00:00+00:00,27685.4
2023-01-10 23:00:00+00:00,27298.66667
2023-01-11 00:00:00+00:00,25061.78571
2023-01-11 01:00:00+00:00,24286.1
2023-01-11 02:00:00+00:00,23620.75
2023-01-11 03:00:00+00:00,24019.71429
2023-01-11 04:00:00+00:00,24830.3
2023-01-11 05:00:00+00:00,26572.66667
2023-01-11 06:00:00+00:00,29722.14286
2023-01-11 07:00:00+00:00,32712.5
2023-01-11 08:00:00+00:00,31881.91667
2023-01-11 09:00:00+00:00,30979.42857
2023-01-11 10:00:00+00:00,30028.3
2023-01-11 11:00:00+00:00,29643.83333
2023-01-11 12:00:00+00:00,29119
2023-01-11 13:00:00+00:00,28236
2023-01-11 14:00:00+00:00,27668.41667
2023-01-11 15:00:00+00:00,27838.92857
2023-01-11 16:00:00+00:00,29408.4
2023-01-11 17:00:00+00:00,32469.91667
2023-01-11 18:00:00+00:00,34562.14286
2023-01-11 19:00:00+00:00,35788.2
2023-01-11 20:00:00+00:00,34334.25
2023-01-11 21:00:00+00:00,30424.85714
2023-01-11 22:00:00+00:00,27124.6
2023-01-11 23:00:00+00:00,26384.5
2023-01-12 00:00:00+00:00,24970.14286
2023-01-12 01:00:00+00:00,24050.6
2023-01-12 02:00:00+00:00,23989.08333
2023-01-12 03:00:00+00:00,24092.5
2023-01-12 04:00:00+00:00,24750.8
2023-01-12 05:00:00+00:00,26973.33333
2023-01-12 06:00:00+00:00,31355.35714
2023-01-12 07:00:00+00:00,34195.6
2023-01-12 08:00:00+00:00,33245.66667
2023-01-12 09:00:00+00:00,31164.21429
2023-01-12 10:00:00+00:00,29370.4
2023-01-12 11:00:00+00:00,28168.75
2023-01-12 12:00:00+00:00,27917.28571
2023-01-12 13:00:00+00:00,27051.4
2023-01-12 14:00:00+00:00,26399.5
2023-01-12 15:00:00+00:00,28056
2023-01-12 16:00:00+00:00,30902.4
2023-01-12 17:00:00+00:00,34345.16667
2023-01-12 18:00:00+00:00,35861.14286
2023-01-12 19:00:00+00:00,36592.5
2023-01-12 20:00:00+00:00,35748.91667
2023-01-12 21:00:00+00:00,31009.35714
2023-01-12 22:00:00+00:00,27377.9
2023-01-12 23:00:00+00:00,26492.08333
2023-01-13 00:00:00+00:00,25011.5
2023-01-13 01:00:00+00:00,24166.2
2023-01-13 02:00:00+00:00,23650.66667
2023-01-13 03:00:00+00:00,23362.14286
2023-01-13 04:00:00+00:00,24566.6
2023-01-13 05:00:00+00:00,26497.66667
2023-01-13 06:00:00+00:00,30341.42857
2023-01-13 07:00:00+00:00,33386.7
2023-01-13 08:00:00+00:00,33388.91667
2023-01-13 09:00:00+00:00,30950.35714
2023-01-13 10:00:00+00:00,29682.9
2023-01-13 11:00:00+00:00,29610
2023-01-13 12:00:00+00:00,28910.64286
2023-01-13 13:00:00+00:00,27678.6
2023-01-13 14:00:00+00:00,26572.83333
2023-01-13 15:00:00+00:00,27751.57143
2023-01-13 16:00:00+00:00,29409.7
2023-01-13 17:00:00+00:00,33755.91667
2023-01-13 18:00:00+00:00,34822.42857
2023-01-13 19:00:00+00:00,35245.5
2023-01-13 20:00:00+00:00,34848.66667
2023-01-13 21:00:00+00:00,30965.28571
2023-01-13 22:00:00+00:00,26525.8
2023-01-13 23:00:00+00:00,27075.83333
2023-01-14 00:00:00+00:00,24666.78571
2023-01-14 01:00:00+00:00,23151.3
2023-01-14 02:00:00+00:00,22600.33333
2023-01-14 03:00:00+00:00,22288.28571
2023-01-14 04:00:00+00:00,22682.5
2023-01-14 05:00:00+00:00,22610.83333
2023-01-14 06:00:00+00:00,24327.28571
2023-01-14 07:00:00+00:00,25614.7
2023-01-14 08:00:00+00:00,26984.83333
2023-01-14 09:00:00+00:00,26472.78571
2023-01-14 10:00:00+00:00,25209.9
2023-01-14 11:00:00+00:00,25213.66667
2023-01-14 12:00:00+00:00,24953.57143
2023-01-14 13:00:00+00:00,24327.9
2023-01-14 14:00:00+00:00,23063.66667
2023-01-14 15:00:00+00:00,23223.42857
2023-01-14 16:00:00+00:00,24661.6
2023-01-14 17:00:00+00:00,26005.75
2023-01-14 18:00:00+00:00,27607.64286
2023-01-14 19:00:00+00:00,28587.5
2023-01-14 20:00:00+00:00,28509.58333
2023-01-14 21:00:00+00:00,25522.57143
2023-01-14 22:00:00+00:00,22999.8
2023-01-14 23:00:00+00:00,22745.08333
2023-01-15 00:00:00+00:00,21389.28571
2023-01-15 01:00:00+00:00,19750.5
2023-01-15 02:00:00+00:00,19705.33333
2023-01-15 03:00:00+00:00,20458.07143
2023-01-15 04:00:00+00:00,19560.9
2023-01-15 05:00:00+00:00,20571.75
2023-01-15 06:00:00+00:00,20464
2023-01-15 07:00:00+00:00,20289.7
2023-01-15 08:00:00+00:00,20880.25
2023-01-15 09:00:00+00:00,22779.64286
2023-01-15 10:00:00+00:00,22827.9
2023-01-15 11:00:00+00:00,22416.33333
2023-01-15 12:00:00+00:00,22905
2023-01-15 13:00:00+00:00,22706.4
2023-01-15 14:00:00+00:00,21731
2023-01-15 15:00:00+00:00,21579.28571
2023-01-15 16:00:00+00:00,23826.6
2023-01-15 17:00:00+00:00,25560.25
2023-01-15 18:00:00+00:00,27156
2023-01-15 19:00:00+00:00,28437.1
2023-01-15 20:00:00+00:00,27841.83333
2023-01-15 21:00:00+00:00,26195.85714
2023-01-15 22:00:00+00:00,23817.7
2023-01-15 23:00:00+00:00,21408.25
2023-01-16 00:00:00+00:00,20008.64286
2023-01-16 01:00:00+00:00,19108.9
2023-01-16 02:00:00+00:00,18405.91667
2023-01-16 03:00:00+00:00,19038.92857
2023-01-16 04:00:00+00:00,20115.3
2023-01-16 05:00:00+00:00,24124.25
2023-01-16 06:00:00+00:00,29885.64286
2023-01-16 07:00:00+00:00,32461.4
2023-01-16 08:00:00+00:00,32692.83333
2023-01-16 09:00:00+00:00,32424.07143
2023-01-16 10:00:00+00:00,31402.5
2023-01-16 11:00:00+00:00,31137.16667
2023-01-16 12:00:00+00:00,31315.21429
2023-01-16 13:00:00+00:00,31116.6
2023-01-16 14:00:00+00:00,30897.16667
2023-01-16 15:00:00+00:00,31128.28571
2023-01-16 16:00:00+00:00,31439.3
2023-01-16 17:00:00+00:00,33251.91667
2023-01-16 18:00:00+00:00,33316.78571
2023-01-16 19:00:00+00:00,34390.2
2023-01-16 20:00:00+00:00,33459.33333
2023-01-16 21:00:00+00:00,30187.71429
2023-01-16 22:00:00+00:00,26707.1
2023-01-16 23:00:00+00:00,24620.33333
2023-01-17 00:00:00+00:00,23602.07143
2023-01-17 01:00:00+00:00,23366.4
2023-01-17 02:00:00+00:00,21879.91667
2023-01-17 03:00:00+00:00,21776.85714
2023-01-17 04:00:00+00:00,22843
2023-01-17 05:00:00+00:00,26729.33333
2023-01-17 06:00:00+00:00,30910.64286
2023-01-17 07:00:00+00:00,32770.2
2023-01-17 08:00:00+00:00,33380.16667
2023-01-17 09:00:00+00:00,33715.85714
2023-01-17 10:00:00+00:00,32557
2023-01-17 11:00:00+00:00,32253.58333
2023-01-17 12:00:00+00:00,31916.71429
2023-01-17 13:00:00+00:00,31160.8
2023-01-17 14:00:00+00:00,30100
2023-01-17 15:00:00+00:00,31132.85714
2023-01-17 16:00:00+00:00,32559.5
2023-01-17 17:00:00+00:00,34212.33333
2023-01-17 18:00:00+00:00,35276.21429
2023-01-17 19:00:00+00:00,35389.8
2023-01-17 20:00:00+00:00,34709.16667
2023-01-17 21:00:00+00:00,31001.14286
2023-01-17 22:00:00+00:00,27283.7
2023-01-17 23:00:00+00:00,25973.66667
2023-01-18 00:00:00+00:00,23885.14286
2023-01-18 01:00:00+00:00,22425.6
2023-01-18 02:00:00+00:00,22124.5
2023-01-18 03:00:00+00:00,22252.42857
2023-01-18 04:00:00+00:00,23185.1
2023-01-18 05:00:00+00:00,27056.25
2023-01-18 06:00:00+00:00,32649.57143
2023-01-18 07:00:00+00:00,35357.9
2023-01-18 08:00:00+00:00,35001.5
2023-01-18 09:00:00+00:00,33867.5
2023-01-18 10:00:00+00:00,33101.8
2023-01-18 11:00:00+00:00,32510.75
2023-01-18 12:00:00+00:00,32356.71429
2023-01-18 13:00:00+00:00,32126.8
2023-01-18 14:00:00+00:00,31170
2023-01-18 15:00:00+00:00,31546.64286
2023-01-18 16:00:00+00:00,32263.1
2023-01-18 17:00:00+00:00,34954.41667
2023-01-18 18:00:00+00:00,34971.42857
2023-01-18 19:00:00+00:00,35310.7
2023-01-18 20:00:00+00:00,34622.25
2023-01-18 21:00:00+00:00,31086.57143
2023-01-18 22:00:00+00:00,27693.3
2023-01-18 23:00:00+00:00,25208.83333
2023-01-19 00:00:00+00:00,22757.57143
2023-01-19 01:00:00+00:00,21398.3
2023-01-19 02:00:00+00:00,21000.5
2023-01-19 03:00:00+00:00,20529.07143
2023-01-19 04:00:00+00:00,21535.7
2023-01-19 05:00:00+00:00,25655.16667
2023-01-19 06:00:00+00:00,31779.85714
2023-01-19 07:00:00+00:00,34835
2023-01-19 08:00:00+00:00,33864.75
2023-01-19 09:00:00+00:00,31797.28571
2023-01-19 10:00:00+00:00,29942.1
2023-01-19 11:00:00+00:00,29301.08333
2023-01-19 12:00:00+00:00,29506
2023-01-19 13:00:00+00:00,29278.8
2023-01-19 14:00:00+00:00,28716
2023-01-19 15:00:00+00:00,29613.92857
2023-01-19 16:00:00+00:00,31314.6
2023-01-19 17:00:00+00:00,33953.83333
2023-01-19 18:00:00+00:00,35267.71429
2023-01-19 19:00:00+00:00,35790.6
2023-01-19 20:00:00+00:00,34877.91667
2023-01-19 21:00:00+00:00,31350.64286
2023-01-19 22:00:00+00:00,28102
2023-01-19 23:00:00+00:00,25106.25
2023-01-20 00:00:00+00:00,22469.28571
2023-01-20 01:00:00+00:00,20761.4
2023-01-20 02:00:00+00:00,20285.16667
2023-01-20 03:00:00+00:00,20558.78571
2023-01-20 04:00:00+00:00,21760
2023-01-20 05:00:00+00:00,25747.5
2023-01-20 06:00:00+00:00,30656.57143
2023-01-20 07:00:00+00:00,32979.3
2023-01-20 08:00:00+00:00,33810.83333
2023-01-20 09:00:00+00:00,31751.28571
2023-01-20 10:00:00+00:00,29346.5
2023-01-20 11:00:00+00:00,29132.75
2023-01-20 12:00:00+00:00,28856.5
2023-01-20 13:00:00+00:00,28718.6
2023-01-20 14:00:00+00:00,27624.08333
2023-01-20 15:00:00+00:00,29142.85714
2023-01-20 16:00:00+00:00,31093.6
2023-01-20 17:00:00+00:00,32075.83333
2023-01-20 18:00:00+00:00,32772.78571
2023-01-20 19:00:00+00:00,32972.7
2023-01-20 20:00:00+00:00,31940.58333
2023-01-20 21:00:00+00:00,29365.71429
2023-01-20 22:00:00+00:00,27515.9
2023-01-20 23:00:00+00:00,26346.33333
2023-01-21 00:00:00+00:00,23504.28571
2023-01-21 01:00:00+00:00,22469.2
2023-01-21 02:00:00+00:00,21572.5
2023-01-21 03:00:00+00:00,20725.5
2023-01-21 04:00:00+00:00,20543.7
2023-01-21 05:00:00+00:00,21222.66667
2023-01-21 06:00:00+00:00,23533.28571
2023-01-21 07:00:00+00:00,25203.3
2023-01-21 08:00:00+00:00,26895.91667
2023-01-21 09:00:00+00:00,27910.28571
2023-01-21 10:00:00+00:00,26835.5
2023-01-21 11:00:00+00:00,26235.41667
2023-01-21 12:00:00+00:00,25531.5
2023-01-21 13:00:00+00:00,24422.7
2023-01-21 14:00:00+00:00,22557.5
2023-01-21 15:00:00+00:00,22813.35714
2023-01-21 16:00:00+00:00,23863.7
2023-01-21 17:00:00+00:00,26921.25
2023-01-21 18:00:00+00:00,28743.35714
2023-01-21 19:00:00+00:00,29165.6
2023-01-21 20:00:00+00:00,28905.08333
2023-01-21 21:00:00+00:00,25849.5
2023-01-21 22:00:00+00:00,23521.1
2023-01-21 23:00:00+00:00,20968.66667
2023-01-22 00:00:00+00:00,18832.71429
2023-01-22 01:00:00+00:00,17884.4
2023-01-22 02:00:00+00:00,17060.25
2023-01-22 03:00:00+00:00,16623.92857
2023-01-22 04:00:00+00:00,16677.6
2023-01-22 05:00:00+00:00,17192.58333
2023-01-22 06:00:00+00:00,19147.78571
2023-01-22 07:00:00+00:00,20202.8
2023-01-22 08:00:00+00:00,21224.41667
2023-01-22 09:00:00+00:00,21779.57143
2023-01-22 10:00:00+00:00,20682.9
2023-01-22 11:00:00+00:00,19871.91667
2023-01-22 12:00:00+00:00,20552.85714
2023-01-22 13:00:00+00:00,20246.3
2023-01-22 14:00:00+00:00,19288.58333
2023-01-22 15:00:00+00:00,19423.35714
2023-01-22 16:00:00+00:00,21366.8
2023-01-22 17:00:00+00:00,25320.58333
2023-01-22 18:00:00+00:00,28393.64286
2023-01-22 19:00:00+00:00,29506.8
2023-01-22 20:00:00+00:00,29596.58333
2023-01-22 21:00:00+00:00,27280.21429
2023-01-22 22:00:00+00:00,23897.3
2023-01-22 23:00:00+00:00,21402.16667
2023-01-23 00:00:00+00:00,19318.07143
2023-01-23 01:00:00+00:00,18362.8
2023-01-23 02:00:00+00:00,17879.16667
2023-01-23 03:00:00+00:00,18018.64286
2023-01-23 04:00:00+00:00,19215.7
2023-01-23 05:00:00+00:00,23923.33333
2023-01-23 06:00:00+00:00,31216.64286
2023-01-23 07:00:00+00:00,33799.3
2023-01-23 08:00:00+00:00,33675.5
2023-01-23 09:00:00+00:00,31892.07143
2023-01-23 10:00:00+00:00,30258.3
2023-01-23 11:00:00+00:00,29858.08333
2023-01-23 12:00:00+00:00,29501.57143
2023-01-23 13:00:00+00:00,29107.3
2023-01-23 14:00:00+00:00,28570.58333
2023-01-23 15:00:00+00:00,29003.14286
2023-01-23 16:00:00+00:00,31763
2023-01-23 17:00:00+00:00,33798.58333
2023-01-23 18:00:00+00:00,35681.42857
2023-01-23 19:00:00+00:00,36988.1
2023-01-23 20:00:00+00:00,35756.25
2023-01-23 21:00:00+00:00,30768.71429
2023-01-23 22:00:00+00:00,27743.6
2023-01-23 23:00:00+00:00,25787.66667
2023-01-24 00:00:00+00:00,23961.64286
2023-01-24 01:00:00+00:00,22802.6
2023-01-24 02:00:00+00:00,21646.66667
2023-01-24 03:00:00+00:00,21483.64286
2023-01-24 04:00:00+00:00,22832.3
2023-01-24 05:00:00+00:00,27307.75
2023-01-24 06:00:00+00:00,32802.78571
2023-01-24 07:00:00+00:00,36590.3
2023-01-24 08:00:00+00:00,35738.33333
2023-01-24 09:00:00+00:00,34608.35714
2023-01-24 10:00:00+00:00,33865.6
2023-01-24 11:00:00+00:00,33823
2023-01-24 12:00:00+00:00,33986.42857
2023-01-24 13:00:00+00:00,33577.7
2023-01-24 14:00:00+00:00,32749.91667
2023-01-24 15:00:00+00:00,32821.07143
2023-01-24 16:00:00+00:00,34444.5
2023-01-24 17:00:00+00:00,37188.83333
2023-01-24 18:00:00+00:00,38016.14286
2023-01-24 19:00:00+00:00,38181.1
2023-01-24 20:00:00+00:00,37414.41667
2023-01-24 21:00:00+00:00,33740.57143
2023-01-24 22:00:00+00:00,28664.2
2023-01-24 23:00:00+00:00,27885.08333
2023-01-25 00:00:00+00:00,25078.85714
2023-01-25 01:00:00+00:00,23812.8
2023-01-25 02:00:00+00:00,23646.58333
2023-01-25 03:00:00+00:00,23311.5
2023-01-25 04:00:00+00:00,24266.3
2023-01-25 05:00:00+00:00,27748.16667
2023-01-25 06:00:00+00:00,33914.78571
2023-01-25 07:00:00+00:00,36798.2
2023-01-25 08:00:00+00:00,36720.33333
2023-01-25 09:00:00+00:00,34905.28571
2023-01-25 10:00:00+00:00,33150.1
2023-01-25 11:00:00+00:00,32366.83333
2023-01-25 12:00:00+00:00,32268.5
2023-01-25 13:00:00+00:00,30895.3
2023-01-25 14:00:00+00:00,29906.41667
2023-01-25 15:00:00+00:00,29881
2023-01-25 16:00:00+00:00,31937.1
2023-01-25 17:00:00+00:00,34687.16667
2023-01-25 18:00:00+00:00,35973.85714
2023-01-25 19:00:00+00:00,36841.2
2023-01-25 20:00:00+00:00,35597.41667
2023-01-25 21:00:00+00:00,30723.92857
2023-01-25 22:00:00+00:00,26215
2023-01-25 23:00:00+00:00,24569.33333
2023-01-26 00:00:00+00:00,22354
2023-01-26 01:00:00+00:00,21287.5
2023-01-26 02:00:00+00:00,20781.08333
2023-01-26 03:00:00+00:00,20548.92857
2023-01-26 04:00:00+00:00,21386.6
2023-01-26 05:00:00+00:00,25891.91667
2023-01-26 06:00:00+00:00,32099.14286
2023-01-26 07:00:00+00:00,35563.1
2023-01-26 08:00:00+00:00,35131
2023-01-26 09:00:00+00:00,33583.42857
2023-01-26 10:00:00+00:00,32014.3
2023-01-26 11:00:00+00:00,31041.08333
2023-01-26 12:00:00+00:00,31227.92857
2023-01-26 13:00:00+00:00,30756.8
2023-01-26 14:00:00+00:00,29827.08333
2023-01-26 15:00:00+00:00,30118.92857
2023-01-26 16:00:00+00:00,32345
2023-01-26 17:00:00+00:00,34612.5
2023-01-26 18:00:00+00:00,36049.5
2023-01-26 19:00:00+00:00,36880.3
2023-01-26 20:00:00+00:00,34998.58333
2023-01-26 21:00:00+00:00,30730.85714
2023-01-26 22:00:00+00:00,27041
2023-01-26 23:00:00+00:00,25009.58333
2023-01-27 00:00:00+00:00,22917
2023-01-27 01:00:00+00:00,21202.3
2023-01-27 02:00:00+00:00,20716.91667
2023-01-27 03:00:00+00:00,20735.85714
2023-01-27 04:00:00+00:00,21665.6
2023-01-27 05:00:00+00:00,25725.33333
2023-01-27 06:00:00+00:00,31607.5
2023-01-27 07:00:00+00:00,34390.3
2023-01-27 08:00:00+00:00,33387.25
2023-01-27 09:00:00+00:00,31651.5
2023-01-27 10:00:00+00:00,29935.8
2023-01-27 11:00:00+00:00,29343
2023-01-27 12:00:00+00:00,28740.5
2023-01-27 13:00:00+00:00,28435.3
2023-01-27 14:00:00+00:00,27695.16667
2023-01-27 15:00:00+00:00,28455.14286
2023-01-27 16:00:00+00:00,30212.4
2023-01-27 17:00:00+00:00,32388.83333
2023-01-27 18:00:00+00:00,34578.57143
2023-01-27 19:00:00+00:00,34894.6
2023-01-27 20:00:00+00:00,34106.25
2023-01-27 21:00:00+00:00,30914.28571
2023-01-27 22:00:00+00:00,26796.1
2023-01-27 23:00:00+00:00,25109.16667
2023-01-28 00:00:00+00:00,22549.42857
2023-01-28 01:00:00+00:00,21025.5
2023-01-28 02:00:00+00:00,20411.75
2023-01-28 03:00:00+00:00,19778.5
2023-01-28 04:00:00+00:00,19867.5
2023-01-28 05:00:00+00:00,20839.16667
2023-01-28 06:00:00+00:00,23846.71429
2023-01-28 07:00:00+00:00,25382.2
2023-01-28 08:00:00+00:00,27072
2023-01-28 09:00:00+00:00,27296.07143
2023-01-28 10:00:00+00:00,25245.3
2023-01-28 11:00:00+00:00,24063
2023-01-28 12:00:00+00:00,23999.5
2023-01-28 13:00:00+00:00,23822.7
2023-01-28 14:00:00+00:00,22886.75
2023-01-28 15:00:00+00:00,22738.14286
2023-01-28 16:00:00+00:00,24132.2
2023-01-28 17:00:00+00:00,27900.16667
2023-01-28 18:00:00+00:00,30154.85714
2023-01-28 19:00:00+00:00,31301.9
2023-01-28 20:00:00+00:00,30966.16667
2023-01-28 21:00:00+00:00,28642.78571
2023-01-28 22:00:00+00:00,26595.1
2023-01-28 23:00:00+00:00,24064.75
2023-01-29 00:00:00+00:00,21265.78571
2023-01-29 01:00:00+00:00,19750.2
2023-01-29 02:00:00+00:00,19092
2023-01-29 03:00:00+00:00,18565.57143
2023-01-29 04:00:00+00:00,18703.2
2023-01-29 05:00:00+00:00,19392.91667
2023-01-29 06:00:00+00:00,21134
2023-01-29 07:00:00+00:00,22018
2023-01-29 08:00:00+00:00,23498.25
2023-01-29 09:00:00+00:00,24070.71429
2023-01-29 10:00:00+00:00,23813.1
2023-01-29 11:00:00+00:00,23406.91667
2023-01-29 12:00:00+00:00,24187.21429
2023-01-29 13:00:00+00:00,23368.7
2023-01-29 14:00:00+00:00,22089.66667
2023-01-29 15:00:00+00:00,21996.21429
2023-01-29 16:00:00+00:00,24150.7
2023-01-29 17:00:00+00:00,27079.16667
2023-01-29 18:00:00+00:00,31268
2023-01-29 19:00:00+00:00,32877.1
2023-01-29 20:00:00+00:00,32757.66667
2023-01-29 21:00:00+00:00,29604.14286
2023-01-29 22:00:00+00:00,26763
2023-01-29 23:00:00+00:00,23613.16667
2023-01-30 00:00:00+00:00,21538.42857
2023-01-30 01:00:00+00:00,20670.9
2023-01-30 02:00:00+00:00,20086.33333
2023-01-30 03:00:00+00:00,21228
2023-01-30 04:00:00+00:00,21707.8
2023-01-30 05:00:00+00:00,26162.66667
2023-01-30 06:00:00+00:00,33316.14286
2023-01-30 07:00:00+00:00,37107.2
2023-01-30 08:00:00+00:00,36841.83333
2023-01-30 09:00:00+00:00,34717.64286
2023-01-30 10:00:00+00:00,32892.8
2023-01-30 11:00:00+00:00,32420.25
2023-01-30 12:00:00+00:00,32017.71429
2023-01-30 13:00:00+00:00,30712.8
2023-01-30 14:00:00+00:00,29898.16667
2023-01-30 15:00:00+00:00,30031.85714
2023-01-30 16:00:00+00:00,31211.1
2023-01-30 17:00:00+00:00,34540.16667
2023-01-30 18:00:00+00:00,37166.78571
2023-01-30 19:00:00+00:00,38596.7
2023-01-30 20:00:00+00:00,36632.66667
2023-01-30 21:00:00+00:00,32056.28571
2023-01-30 22:00:00+00:00,27569.9
2023-01-30 23:00:00+00:00,25259.75
2023-01-31 00:00:00+00:00,22624.35714
2023-01-31 01:00:00+00:00,21146.3
2023-01-31 02:00:00+00:00,21163.91667
2023-01-31 03:00:00+00:00,21088.57143
2023-01-31 04:00:00+00:00,21442.5
2023-01-31 05:00:00+00:00,25881.66667
2023-01-31 06:00:00+00:00,32833.64286
2023-01-31 07:00:00+00:00,35892.8
2023-01-31 08:00:00+00:00,34901.25
2023-01-31 09:00:00+00:00,32516.21429
2023-01-31 10:00:00+00:00,30647.3
2023-01-31 11:00:00+00:00,30215.75
2023-01-31 12:00:00+00:00,29704.21429
2023-01-31 13:00:00+00:00,29293.7
2023-01-31 14:00:00+00:00,28857.66667
2023-01-31 15:00:00+00:00,28648.85714
2023-01-31 16:00:00+00:00,29590.1
2023-01-31 17:00:00+00:00,33328.41667
2023-01-31 18:00:00+00:00,35296.85714
2023-01-31 19:00:00+00:00,36640.9
2023-01-31 20:00:00+00:00,35439.16667
2023-01-31 21:00:00+00:00,31234.35714
2023-01-31 22:00:00+00:00,27214.6
2023-01-31 23:00:00+00:00,26239.16667
2023-02-01 00:00:00+00:00,23650.14286
2023-02-01 01:00:00+00:00,22407.1
2023-02-01 02:00:00+00:00,22662.58333
2023-02-01 03:00:00+00:00,22194.78571
2023-02-01 04:00:00+00:00,22580.9
2023-02-01 05:00:00+00:00,26999.33333
2023-02-01 06:00:00+00:00,33659.14286
2023-02-01 07:00:00+00:00,36998.7
2023-02-01 08:00:00+00:00,35507.08333
2023-02-01 09:00:00+00:00,32600.35714
2023-02-01 10:00:00+00:00,30056.1
2023-02-01 11:00:00+00:00,29979.08333
2023-02-01 12:00:00+00:00,29230.42857
2023-02-01 13:00:00+00:00,28273.4
2023-02-01 14:00:00+00:00,27718.58333
2023-02-01 15:00:00+00:00,28258.35714
2023-02-01 16:00:00+00:00,31004.5
2023-02-01 17:00:00+00:00,34152.66667
2023-02-01 18:00:00+00:00,36638.42857
2023-02-01 19:00:00+00:00,37603.8
2023-02-01 20:00:00+00:00,35446.08333
2023-02-01 21:00:00+00:00,32179.85714
2023-02-01 22:00:00+00:00,28533.9
2023-02-01 23:00:00+00:00,26698.83333
2023-02-02 00:00:00+00:00,25206.92857
2023-02-02 01:00:00+00:00,24124
2023-02-02 02:00:00+00:00,23812.91667
2023-02-02 03:00:00+00:00,24260.78571
2023-02-02 04:00:00+00:00,24466.2
2023-02-02 05:00:00+00:00,27825.33333
2023-02-02 06:00:00+00:00,34122.21429
2023-02-02 07:00:00+00:00,36822.7
2023-02-02 08:00:00+00:00,36181.16667
2023-02-02 09:00:00+00:00,33242.42857
2023-02-02 10:00:00+00:00,31459.6
2023-02-02 11:00:00+00:00,30881.5
2023-02-02 12:00:00+00:00,30102.5
2023-02-02 13:00:00+00:00,29425.7
2023-02-02 14:00:00+00:00,28028.91667
2023-02-02 15:00:00+00:00,28064.28571
2023-02-02 16:00:00+00:00,29868.8
2023-02-02 17:00:00+00:00,33144.75
2023-02-02 18:00:00+00:00,36577.71429
2023-02-02 19:00:00+00:00,38476.2
2023-02-02 20:00:00+00:00,37989.91667
2023-02-02 21:00:00+00:00,33231.21429
2023-02-02 22:00:00+00:00,29340.2
2023-02-02 23:00:00+00:00,28786
2023-02-03 00:00:00+00:00,26459.21429
2023-02-03 01:00:00+00:00,25328.9
2023-02-03 02:00:00+00:00,26395.33333
2023-02-03 03:00:00+00:00,25226
2023-02-03 04:00:00+00:00,26416.6
2023-02-03 05:00:00+00:00,28432.75
2023-02-03 06:00:00+00:00,34548.92857
2023-02-03 07:00:00+00:00,37321.4
2023-02-03 08:00:00+00:00,35187.91667
2023-02-03 09:00:00+00:00,32231.07143
2023-02-03 10:00:00+00:00,29878.3
2023-02-03 11:00:00+00:00,29037.83333
2023-02-03 12:00:00+00:00,28503.71429
2023-02-03 13:00:00+00:00,27821.1
2023-02-03 14:00:00+00:00,26756.25
2023-02-03 15:00:00+00:00,27243.78571
2023-02-03 16:00:00+00:00,28860
2023-02-03 17:00:00+00:00,31016
2023-02-03 18:00:00+00:00,34609.35714
2023-02-03 19:00:00+00:00,35100.8
2023-02-03 20:00:00+00:00,34455.5
2023-02-03 21:00:00+00:00,31146.64286
2023-02-03 22:00:00+00:00,27182.2
2023-02-03 23:00:00+00:00,25877.25
2023-02-04 00:00:00+00:00,24337.64286
2023-02-04 01:00:00+00:00,23037.5
2023-02-04 02:00:00+00:00,22780.58333
2023-02-04 03:00:00+00:00,21827.92857
2023-02-04 04:00:00+00:00,20822.2
2023-02-04 05:00:00+00:00,21888.83333
2023-02-04 06:00:00+00:00,23195.92857
2023-02-04 07:00:00+00:00,24456.7
2023-02-04 08:00:00+00:00,25305.5
2023-02-04 09:00:00+00:00,24419.85714
2023-02-04 10:00:00+00:00,23037.8
2023-02-04 11:00:00+00:00,21836.08333
2023-02-04 12:00:00+00:00,21206.78571
2023-02-04 13:00:00+00:00,20232.9
2023-02-04 14:00:00+00:00,19182.16667
2023-02-04 15:00:00+00:00,19013.71429
2023-02-04 16:00:00+00:00,21100.3
2023-02-04 17:00:00+00:00,24903
2023-02-04 18:00:00+00:00,27918.92857
2023-02-04 19:00:00+00:00,28907.4
2023-02-04 20:00:00+00:00,28554.58333
2023-02-04 21:00:00+00:00,26206.21429
2023-02-04 22:00:00+00:00,22988.5
2023-02-04 23:00:00+00:00,20494.5
2023-02-05 00:00:00+00:00,18263.64286
2023-02-05 01:00:00+00:00,16821.8
2023-02-05 02:00:00+00:00,16117
2023-02-05 03:00:00+00:00,15707.85714
2023-02-05 04:00:00+00:00,15592.2
2023-02-05 05:00:00+00:00,16473.16667
2023-02-05 06:00:00+00:00,18495.28571
2023-02-05 07:00:00+00:00,19302.4
2023-02-05 08:00:00+00:00,19682.33333
2023-02-05 09:00:00+00:00,19831.42857
2023-02-05 10:00:00+00:00,19529.9
2023-02-05 11:00:00+00:00,18845.58333
2023-02-05 12:00:00+00:00,19031
2023-02-05 13:00:00+00:00,18896.6
2023-02-05 14:00:00+00:00,18297.41667
2023-02-05 15:00:00+00:00,17875.14286
2023-02-05 16:00:00+00:00,19318.1
2023-02-05 17:00:00+00:00,22734
2023-02-05 18:00:00+00:00,27217.78571
2023-02-05 19:00:00+00:00,28530.7
2023-02-05 20:00:00+00:00,28259.83333
2023-02-05 21:00:00+00:00,25572.28571
2023-02-05 22:00:00+00:00,21945.2
2023-02-05 23:00:00+00:00,19157.58333
2023-02-06 00:00:00+00:00,17424.07143
2023-02-06 01:00:00+00:00,16554.1
2023-02-06 02:00:00+00:00,16357.91667
2023-02-06 03:00:00+00:00,16955.28571
2023-02-06 04:00:00+00:00,18573
2023-02-06 05:00:00+00:00,23104.91667
2023-02-06 06:00:00+00:00,30103.78571
2023-02-06 07:00:00+00:00,33917.3
2023-02-06 08:00:00+00:00,33134.33333
2023-02-06 09:00:00+00:00,31895
2023-02-06 10:00:00+00:00,30984.5
2023-02-06 11:00:00+00:00,30977.41667
2023-02-06 12:00:00+00:00,30983
2023-02-06 13:00:00+00:00,30119.6
2023-02-06 14:00:00+00:00,29259.58333
2023-02-06 15:00:00+00:00,29340
2023-02-06 16:00:00+00:00,31021.6
2023-02-06 17:00:00+00:00,34145.16667
2023-02-06 18:00:00+00:00,37059.14286
2023-02-06 19:00:00+00:00,37912.9
2023-02-06 20:00:00+00:00,37024.41667
2023-02-06 21:00:00+00:00,32658.64286
2023-02-06 22:00:00+00:00,29091.1
2023-02-06 23:00:00+00:00,26876.75
2023-02-07 00:00:00+00:00,24780.35714
2023-02-07 01:00:00+00:00,23432.2
2023-02-07 02:00:00+00:00,23105.25
2023-02-07 03:00:00+00:00,23263.35714
2023-02-07 04:00:00+00:00,24124.7
2023-02-07 05:00:00+00:00,27614.66667
2023-02-07 06:00:00+00:00,33712.78571
2023-02-07 07:00:00+00:00,36292.3
2023-02-07 08:00:00+00:00,36679.5
2023-02-07 09:00:00+00:00,35075.78571
2023-02-07 10:00:00+00:00,33613.9
2023-02-07 11:00:00+00:00,33099.41667
2023-02-07 12:00:00+00:00,33610.64286
2023-02-07 13:00:00+00:00,33117.1
2023-02-07 14:00:00+00:00,31711.33333
2023-02-07 15:00:00+00:00,31595.64286
2023-02-07 16:00:00+00:00,32293.3
2023-02-07 17:00:00+00:00,34386.58333
2023-02-07 18:00:00+00:00,36408.35714
2023-02-07 19:00:00+00:00,36684.3
2023-02-07 20:00:00+00:00,35004.83333
2023-02-07 21:00:00+00:00,30157.85714
2023-02-07 22:00:00+00:00,26714
2023-02-07 23:00:00+00:00,24645.66667
2023-02-08 00:00:00+00:00,23149.42857
2023-02-08 01:00:00+00:00,22560.4
2023-02-08 02:00:00+00:00,22563.5
2023-02-08 03:00:00+00:00,23028.35714
2023-02-08 04:00:00+00:00,24154.7
2023-02-08 05:00:00+00:00,27915
2023-02-08 06:00:00+00:00,33160
2023-02-08 07:00:00+00:00,35947.8
2023-02-08 08:00:00+00:00,36222.5
2023-02-08 09:00:00+00:00,35086.64286
2023-02-08 10:00:00+00:00,34302.7
2023-02-08 11:00:00+00:00,33569.33333
2023-02-08 12:00:00+00:00,33927.78571
2023-02-08 13:00:00+00:00,33837.9
2023-02-08 14:00:00+00:00,32695.33333
2023-02-08 15:00:00+00:00,32777.64286
2023-02-08 16:00:00+00:00,33322.4
2023-02-08 17:00:00+00:00,35253.16667
2023-02-08 18:00:00+00:00,37864.92857
2023-02-08 19:00:00+00:00,38273.2
2023-02-08 20:00:00+00:00,37083.58333
2023-02-08 21:00:00+00:00,32616.78571
2023-02-08 22:00:00+00:00,28424.9
2023-02-08 23:00:00+00:00,26677.33333
2023-02-09 00:00:00+00:00,24881.28571
2023-02-09 01:00:00+00:00,23868.4
2023-02-09 02:00:00+00:00,23609.83333
2023-02-09 03:00:00+00:00,23159.85714
2023-02-09 04:00:00+00:00,23828.5
2023-02-09 05:00:00+00:00,27669.33333
2023-02-09 06:00:00+00:00,33149.78571
2023-02-09 07:00:00+00:00,35245.9
2023-02-09 08:00:00+00:00,34769.91667
2023-02-09 09:00:00+00:00,33208.14286
2023-02-09 10:00:00+00:00,31357.9
2023-02-09 11:00:00+00:00,30809.41667
2023-02-09 12:00:00+00:00,30651.21429
2023-02-09 13:00:00+00:00,30022.5
2023-02-09 14:00:00+00:00,29449.33333
2023-02-09 15:00:00+00:00,29208
2023-02-09 16:00:00+00:00,30673.7
2023-02-09 17:00:00+00:00,32967.08333
2023-02-09 18:00:00+00:00,36152.07143
2023-02-09 19:00:00+00:00,36979.2
2023-02-09 20:00:00+00:00,35609.75
2023-02-09 21:00:00+00:00,32436
2023-02-09 22:00:00+00:00,27895.5
2023-02-09 23:00:00+00:00,26302.41667
2023-02-10 00:00:00+00:00,24799.28571
2023-02-10 01:00:00+00:00,23986
2023-02-10 02:00:00+00:00,23622.41667
2023-02-10 03:00:00+00:00,23773.07143
2023-02-10 04:00:00+00:00,24625.1
2023-02-10 05:00:00+00:00,28188.33333
2023-02-10 06:00:00+00:00,34046.07143
2023-02-10 07:00:00+00:00,36495.4
2023-02-10 08:00:00+00:00,35593.33333
2023-02-10 09:00:00+00:00,34150.5
2023-02-10 10:00:00+00:00,32519.4
2023-02-10 11:00:00+00:00,31686.91667
2023-02-10 12:00:00+00:00,31501.35714
2023-02-10 13:00:00+00:00,31006
2023-02-10 14:00:00+00:00,29481.5
2023-02-10 15:00:00+00:00,29405.92857
2023-02-10 16:00:00+00:00,30733.8
2023-02-10 17:00:00+00:00,32988.75
2023-02-10 18:00:00+00:00,35811.07143
2023-02-10 19:00:00+00:00,36177.5
2023-02-10 20:00:00+00:00,34613
2023-02-10 21:00:00+00:00,31579.42857
2023-02-10 22:00:00+00:00,28198.2
2023-02-10 23:00:00+00:00,27520.16667
2023-02-11 00:00:00+00:00,24625.07143
2023-02-11 01:00:00+00:00,22886.2
2023-02-11 02:00:00+00:00,22899.33333
2023-02-11 03:00:00+00:00,21759.07143
2023-02-11 04:00:00+00:00,21700.6
2023-02-11 05:00:00+00:00,22664.66667
2023-02-11 06:00:00+00:00,24705.21429
2023-02-11 07:00:00+00:00,26710.6
2023-02-11 08:00:00+00:00,28915.41667
2023-02-11 09:00:00+00:00,28693.64286
2023-02-11 10:00:00+00:00,27634.2
2023-02-11 11:00:00+00:00,26556.16667
2023-02-11 12:00:00+00:00,25848.57143
2023-02-11 13:00:00+00:00,25019.1
2023-02-11 14:00:00+00:00,23809.83333
2023-02-11 15:00:00+00:00,23513.85714
2023-02-11 16:00:00+00:00,25293.7
2023-02-11 17:00:00+00:00,27824.08333
2023-02-11 18:00:00+00:00,31227.85714
2023-02-11 19:00:00+00:00,32522.3
2023-02-11 20:00:00+00:00,32373
2023-02-11 21:00:00+00:00,29294.64286
2023-02-11 22:00:00+00:00,26497.9
2023-02-11 23:00:00+00:00,24548.91667
2023-02-12 00:00:00+00:00,21917.42857
2023-02-12 01:00:00+00:00,20547.3
2023-02-12 02:00:00+00:00,20161
2023-02-12 03:00:00+00:00,19685.5
2023-02-12 04:00:00+00:00,19642.4
2023-02-12 05:00:00+00:00,20310.5
2023-02-12 06:00:00+00:00,21414.14286
2023-02-12 07:00:00+00:00,21858.8
2023-02-12 08:00:00+00:00,23289.16667
2023-02-12 09:00:00+00:00,24080.28571
2023-02-12 10:00:00+00:00,23430.2
2023-02-12 11:00:00+00:00,22543.75
2023-02-12 12:00:00+00:00,23391.07143
2023-02-12 13:00:00+00:00,22998.1
2023-02-12 14:00:00+00:00,21364.33333
2023-02-12 15:00:00+00:00,21235.5
2023-02-12 16:00:00+00:00,22878.9
2023-02-12 17:00:00+00:00,25982.75
2023-02-12 18:00:00+00:00,29873.07143
2023-02-12 19:00:00+00:00,32013.2
2023-02-12 20:00:00+00:00,32748.58333
2023-02-12 21:00:00+00:00,28508.71429
2023-02-12 22:00:00+00:00,24797.9
2023-02-12 23:00:00+00:00,23977.25
2023-02-13 00:00:00+00:00,22020.5
2023-02-13 01:00:00+00:00,20619.9
2023-02-13 02:00:00+00:00,20822.08333
2023-02-13 03:00:00+00:00,20979.57143
2023-02-13 04:00:00+00:00,22057.3
2023-02-13 05:00:00+00:00,26506.16667
2023-02-13 06:00:00+00:00,32853.14286
2023-02-13 07:00:00+00:00,35389.5
2023-02-13 08:00:00+00:00,34270.75
2023-02-13 09:00:00+00:00,33298.35714
2023-02-13 10:00:00+00:00,31948.6
2023-02-13 11:00:00+00:00,31125.83333
2023-02-13 12:00:00+00:00,30596.64286
2023-02-13 13:00:00+00:00,29091.6
2023-02-13 14:00:00+00:00,28386.16667
2023-02-13 15:00:00+00:00,28090.85714
2023-02-13 16:00:00+00:00,29429.3
2023-02-13 17:00:00+00:00,31477.41667
2023-02-13 18:00:00+00:00,35503.78571
2023-02-13 19:00:00+00:00,36228.3
2023-02-13 20:00:00+00:00,35282.58333
2023-02-13 21:00:00+00:00,30243.07143
2023-02-13 22:00:00+00:00,26749.5
2023-02-13 23:00:00+00:00,25106.83333
2023-02-14 00:00:00+00:00,22774.42857
2023-02-14 01:00:00+00:00,21493.6
2023-02-14 02:00:00+00:00,21115.33333
2023-02-14 03:00:00+00:00,21210.71429
2023-02-14 04:00:00+00:00,22128.2
2023-02-14 05:00:00+00:00,26258.75
2023-02-14 06:00:00+00:00,31896.85714
2023-02-14 07:00:00+00:00,33964.7
2023-02-14 08:00:00+00:00,33599.83333
2023-02-14 09:00:00+00:00,32950.28571
2023-02-14 10:00:00+00:00,31531.3
2023-02-14 11:00:00+00:00,30691.83333
2023-02-14 12:00:00+00:00,29537.28571
2023-02-14 13:00:00+00:00,28560.2
2023-02-14 14:00:00+00:00,27936.33333
2023-02-14 15:00:00+00:00,28606.92857
2023-02-14 16:00:00+00:00,29428.1
2023-02-14 17:00:00+00:00,31900.08333
2023-02-14 18:00:00+00:00,34878.14286
2023-02-14 19:00:00+00:00,36164.4
2023-02-14 20:00:00+00:00,34570.58333
2023-02-14 21:00:00+00:00,30209.28571
2023-02-14 22:00:00+00:00,27028.5
2023-02-14 23:00:00+00:00,24704.58333
2023-02-15 00:00:00+00:00,22743.42857
2023-02-15 01:00:00+00:00,21059.3
2023-02-15 02:00:00+00:00,21051.58333
2023-02-15 03:00:00+00:00,21425.35714
2023-02-15 04:00:00+00:00,22630.6
2023-02-15 05:00:00+00:00,27019.25
2023-02-15 06:00:00+00:00,32953.28571
2023-02-15 07:00:00+00:00,35089
2023-02-15 08:00:00+00:00,33893.25
2023-02-15 09:00:00+00:00,32149.07143
2023-02-15 10:00:00+00:00,31388.5
2023-02-15 11:00:00+00:00,30365.91667
2023-02-15 12:00:00+00:00,30554.78571
2023-02-15 13:00:00+00:00,28832.4
2023-02-15 14:00:00+00:00,27635
2023-02-15 15:00:00+00:00,27551.07143
2023-02-15 16:00:00+00:00,28147.2
2023-02-15 17:00:00+00:00,30002.41667
2023-02-15 18:00:00+00:00,33881.28571
2023-02-15 19:00:00+00:00,35891.7
2023-02-15 20:00:00+00:00,34944.91667
2023-02-15 21:00:00+00:00,31549
2023-02-15 22:00:00+00:00,28251.3
2023-02-15 23:00:00+00:00,26603.75
2023-02-16 00:00:00+00:00,24461.57143
2023-02-16 01:00:00+00:00,22852.7
2023-02-16 02:00:00+00:00,23196.25
2023-02-16 03:00:00+00:00,23966.78571
2023-02-16 04:00:00+00:00,25021.1
2023-02-16 05:00:00+00:00,27125.08333
2023-02-16 06:00:00+00:00,33203
2023-02-16 07:00:00+00:00,34859.8
2023-02-16 08:00:00+00:00,32504.16667
2023-02-16 09:00:00+00:00,30740.71429
2023-02-16 10:00:00+00:00,28896.2
2023-02-16 11:00:00+00:00,28595
2023-02-16 12:00:00+00:00,28323.57143
2023-02-16 13:00:00+00:00,27246.8
2023-02-16 14:00:00+00:00,26288.5
2023-02-16 15:00:00+00:00,26259.28571
2023-02-16 16:00:00+00:00,27339.7
2023-02-16 17:00:00+00:00,30618.5
2023-02-16 18:00:00+00:00,34508.64286
2023-02-16 19:00:00+00:00,37135.4
2023-02-16 20:00:00+00:00,36945.66667
2023-02-16 21:00:00+00:00,33413.71429
2023-02-16 22:00:00+00:00,30621.6
2023-02-16 23:00:00+00:00,29128.5
2023-02-17 00:00:00+00:00,27686.71429
2023-02-17 01:00:00+00:00,25619.9
2023-02-17 02:00:00+00:00,26031.16667
2023-02-17 03:00:00+00:00,26060.64286
2023-02-17 04:00:00+00:00,26839.8
2023-02-17 05:00:00+00:00,30072.58333
2023-02-17 06:00:00+00:00,34025
2023-02-17 07:00:00+00:00,35170.7
2023-02-17 08:00:00+00:00,33135.08333
2023-02-17 09:00:00+00:00,31860.28571
2023-02-17 10:00:00+00:00,30487.9
2023-02-17 11:00:00+00:00,29668.75
2023-02-17 12:00:00+00:00,28927.92857
2023-02-17 13:00:00+00:00,27780.5
2023-02-17 14:00:00+00:00,26836.58333
2023-02-17 15:00:00+00:00,26800.35714
2023-02-17 16:00:00+00:00,28100.6
2023-02-17 17:00:00+00:00,29535.75
2023-02-17 18:00:00+00:00,32463.28571
2023-02-17 19:00:00+00:00,33545.5
2023-02-17 20:00:00+00:00,32802.08333
2023-02-17 21:00:00+00:00,28815.35714
2023-02-17 22:00:00+00:00,25514
2023-02-17 23:00:00+00:00,26114.16667
2023-02-18 00:00:00+00:00,25081.07143
2023-02-18 01:00:00+00:00,24524.4
2023-02-18 02:00:00+00:00,24311.75
2023-02-18 03:00:00+00:00,24001.07143
2023-02-18 04:00:00+00:00,24003
2023-02-18 05:00:00+00:00,24257.41667
2023-02-18 06:00:00+00:00,26402.07143
2023-02-18 07:00:00+00:00,27604.4
2023-02-18 08:00:00+00:00,29031.25
2023-02-18 09:00:00+00:00,29557.07143
2023-02-18 10:00:00+00:00,28345.4
2023-02-18 11:00:00+00:00,27340.41667
2023-02-18 12:00:00+00:00,26991.28571
2023-02-18 13:00:00+00:00,25861.4
2023-02-18 14:00:00+00:00,24612.25
2023-02-18 15:00:00+00:00,24311.5
2023-02-18 16:00:00+00:00,25783.3
2023-02-18 17:00:00+00:00,27744.5
2023-02-18 18:00:00+00:00,31284.92857
2023-02-18 19:00:00+00:00,32393.2
2023-02-18 20:00:00+00:00,32134.66667
2023-02-18 21:00:00+00:00,29011.71429
2023-02-18 22:00:00+00:00,26288.6
2023-02-18 23:00:00+00:00,24653.66667
2023-02-19 00:00:00+00:00,22535.28571
2023-02-19 01:00:00+00:00,22556.3
2023-02-19 02:00:00+00:00,21591.33333
2023-02-19 03:00:00+00:00,21386.42857
2023-02-19 04:00:00+00:00,21431
2023-02-19 05:00:00+00:00,21405.66667
2023-02-19 06:00:00+00:00,21183.28571
2023-02-19 07:00:00+00:00,19788.6
2023-02-19 08:00:00+00:00,20606.58333
2023-02-19 09:00:00+00:00,20378.57143
2023-02-19 10:00:00+00:00,20042.7
2023-02-19 11:00:00+00:00,20742.08333
2023-02-19 12:00:00+00:00,22172.42857
2023-02-19 13:00:00+00:00,22536.1
2023-02-19 14:00:00+00:00,19616.33333
2023-02-19 15:00:00+00:00,17755.35714
2023-02-19 16:00:00+00:00,18905.1
2023-02-19 17:00:00+00:00,21875.25
2023-02-19 18:00:00+00:00,26503.57143
2023-02-19 19:00:00+00:00,30089.8
2023-02-19 20:00:00+00:00,29811.5
2023-02-19 21:00:00+00:00,27740.57143
2023-02-19 22:00:00+00:00,24731.2
2023-02-19 23:00:00+00:00,24638.58333
2023-02-20 00:00:00+00:00,22577.42857
2023-02-20 01:00:00+00:00,21886.9
2023-02-20 02:00:00+00:00,21410.41667
2023-02-20 03:00:00+00:00,22008.21429
2023-02-20 04:00:00+00:00,22724.8
2023-02-20 05:00:00+00:00,25583.25
2023-02-20 06:00:00+00:00,30199.28571
2023-02-20 07:00:00+00:00,31712
2023-02-20 08:00:00+00:00,31606.75
2023-02-20 09:00:00+00:00,29059.64286
2023-02-20 10:00:00+00:00,28548.7
2023-02-20 11:00:00+00:00,27705.5
2023-02-20 12:00:00+00:00,27991.28571
2023-02-20 13:00:00+00:00,27002.4
2023-02-20 14:00:00+00:00,25875.33333
2023-02-20 15:00:00+00:00,25792.78571
2023-02-20 16:00:00+00:00,27063.6
2023-02-20 17:00:00+00:00,28031
2023-02-20 18:00:00+00:00,31569.57143
2023-02-20 19:00:00+00:00,33356
2023-02-20 20:00:00+00:00,32276.16667
2023-02-20 21:00:00+00:00,28163.85714
2023-02-20 22:00:00+00:00,23972.1
2023-02-20 23:00:00+00:00,23208.16667
2023-02-21 00:00:00+00:00,21286.28571
2023-02-21 01:00:00+00:00,19656.9
2023-02-21 02:00:00+00:00,19720.41667
2023-02-21 03:00:00+00:00,20311.92857
2023-02-21 04:00:00+00:00,21442.7
2023-02-21 05:00:00+00:00,24936.5
2023-02-21 06:00:00+00:00,29319.78571
2023-02-21 07:00:00+00:00,31369.9
2023-02-21 08:00:00+00:00,30640.66667
2023-02-21 09:00:00+00:00,29479.14286
2023-02-21 10:00:00+00:00,28567.9
2023-02-21 11:00:00+00:00,28249.08333
2023-02-21 12:00:00+00:00,27415.5
2023-02-21 13:00:00+00:00,26166.3
2023-02-21 14:00:00+00:00,25704.58333
2023-02-21 15:00:00+00:00,26205.71429
2023-02-21 16:00:00+00:00,27296.7
2023-02-21 17:00:00+00:00,29346.83333
2023-02-21 18:00:00+00:00,32992.57143
2023-02-21 19:00:00+00:00,34274.7
2023-02-21 20:00:00+00:00,33439.41667
2023-02-21 21:00:00+00:00,29215.85714
2023-02-21 22:00:00+00:00,27098.4
2023-02-21 23:00:00+00:00,25697.83333
2023-02-22 00:00:00+00:00,23739.92857
2023-02-22 01:00:00+00:00,22161.7
2023-02-22 02:00:00+00:00,21797.75
2023-02-22 03:00:00+00:00,21712.21429
2023-02-22 04:00:00+00:00,22180.1
2023-02-22 05:00:00+00:00,24414.08333
2023-02-22 06:00:00+00:00,29526
2023-02-22 07:00:00+00:00,30712
2023-02-22 08:00:00+00:00,30087.16667
2023-02-22 09:00:00+00:00,27407.07143
2023-02-22 10:00:00+00:00,26006
2023-02-22 11:00:00+00:00,25024.41667
2023-02-22 12:00:00+00:00,25349.14286
2023-02-22 13:00:00+00:00,24123.2
2023-02-22 14:00:00+00:00,24161.66667
2023-02-22 15:00:00+00:00,24831.42857
2023-02-22 16:00:00+00:00,26033.7
2023-02-22 17:00:00+00:00,28453.58333
2023-02-22 18:00:00+00:00,33278.92857
2023-02-22 19:00:00+00:00,35079.2
2023-02-22 20:00:00+00:00,35098.41667
2023-02-22 21:00:00+00:00,30596.14286
2023-02-22 22:00:00+00:00,27837
2023-02-22 23:00:00+00:00,27147.75
2023-02-23 00:00:00+00:00,24826.71429
2023-02-23 01:00:00+00:00,23195.6
2023-02-23 02:00:00+00:00,22593.83333
2023-02-23 03:00:00+00:00,22024.85714
2023-02-23 04:00:00+00:00,22494.9
2023-02-23 05:00:00+00:00,25595.5
2023-02-23 06:00:00+00:00,30759.92857
2023-02-23 07:00:00+00:00,32544.2
2023-02-23 08:00:00+00:00,31204.66667
2023-02-23 09:00:00+00:00,31036.35714
2023-02-23 10:00:00+00:00,30377.7
2023-02-23 11:00:00+00:00,29680.41667
2023-02-23 12:00:00+00:00,29877.78571
2023-02-23 13:00:00+00:00,28428.4
2023-02-23 14:00:00+00:00,27553.83333
2023-02-23 15:00:00+00:00,26697
2023-02-23 16:00:00+00:00,28258.6
2023-02-23 17:00:00+00:00,30156.41667
2023-02-23 18:00:00+00:00,34156.28571
2023-02-23 19:00:00+00:00,35568.8
2023-02-23 20:00:00+00:00,35119.66667
2023-02-23 21:00:00+00:00,30455.71429
2023-02-23 22:00:00+00:00,28051.1
2023-02-23 23:00:00+00:00,26546.5
2023-02-24 00:00:00+00:00,25061.57143
2023-02-24 01:00:00+00:00,23514.7
2023-02-24 02:00:00+00:00,23329.25
2023-02-24 03:00:00+00:00,23505.28571
2023-02-24 04:00:00+00:00,24824.9
2023-02-24 05:00:00+00:00,26899.66667
2023-02-24 06:00:00+00:00,32473.78571
2023-02-24 07:00:00+00:00,33546.8
2023-02-24 08:00:00+00:00,31507.75
2023-02-24 09:00:00+00:00,29923.42857
2023-02-24 10:00:00+00:00,28365.7
2023-02-24 11:00:00+00:00,27852.91667
2023-02-24 12:00:00+00:00,27274.78571
2023-02-24 13:00:00+00:00,26540.6
2023-02-24 14:00:00+00:00,25346.75
2023-02-24 15:00:00+00:00,25793.35714
2023-02-24 16:00:00+00:00,26785.2
2023-02-24 17:00:00+00:00,28979
2023-02-24 18:00:00+00:00,32651.21429
2023-02-24 19:00:00+00:00,33341.9
2023-02-24 20:00:00+00:00,33845.91667
2023-02-24 21:00:00+00:00,30093.21429
2023-02-24 22:00:00+00:00,26052.4
2023-02-24 23:00:00+00:00,27122.66667
2023-02-25 00:00:00+00:00,24593.28571
2023-02-25 01:00:00+00:00,23549.4
2023-02-25 02:00:00+00:00,23175.58333
2023-02-25 03:00:00+00:00,23179.21429
2023-02-25 04:00:00+00:00,23281
2023-02-25 05:00:00+00:00,24198.16667
2023-02-25 06:00:00+00:00,25190.14286
2023-02-25 07:00:00+00:00,26082.7
2023-02-25 08:00:00+00:00,28151.58333
2023-02-25 09:00:00+00:00,28167.78571
2023-02-25 10:00:00+00:00,26955.9
2023-02-25 11:00:00+00:00,25741.25
2023-02-25 12:00:00+00:00,25387.71429
2023-02-25 13:00:00+00:00,25574.3
2023-02-25 14:00:00+00:00,23959.25
2023-02-25 15:00:00+00:00,23687.21429
2023-02-25 16:00:00+00:00,23797.1
2023-02-25 17:00:00+00:00,25388.08333
2023-02-25 18:00:00+00:00,27969.35714
2023-02-25 19:00:00+00:00,29915.2
2023-02-25 20:00:00+00:00,29986.08333
2023-02-25 21:00:00+00:00,26911.42857
2023-02-25 22:00:00+00:00,23760.7
2023-02-25 23:00:00+00:00,21084.08333
2023-02-26 00:00:00+00:00,18140.64286
2023-02-26 01:00:00+00:00,16579.2
2023-02-26 02:00:00+00:00,16783.91667
2023-02-26 03:00:00+00:00,16748.5
2023-02-26 04:00:00+00:00,17084.8
2023-02-26 05:00:00+00:00,17097.83333
2023-02-26 06:00:00+00:00,16940.42857
2023-02-26 07:00:00+00:00,16690.9
2023-02-26 08:00:00+00:00,17973.25
2023-02-26 09:00:00+00:00,19003.14286
2023-02-26 10:00:00+00:00,18863.4
2023-02-26 11:00:00+00:00,17738.25
2023-02-26 12:00:00+00:00,17881.42857
2023-02-26 13:00:00+00:00,17688.5
2023-02-26 14:00:00+00:00,17061.75
2023-02-26 15:00:00+00:00,16662.35714
2023-02-26 16:00:00+00:00,17322.6
2023-02-26 17:00:00+00:00,19369.25
2023-02-26 18:00:00+00:00,22759.71429
2023-02-26 19:00:00+00:00,24997.5
2023-02-26 20:00:00+00:00,24822
2023-02-26 21:00:00+00:00,22202.5
2023-02-26 22:00:00+00:00,20192
2023-02-26 23:00:00+00:00,18528.83333
2023-02-27 00:00:00+00:00,16673.42857
2023-02-27 01:00:00+00:00,15803.9
2023-02-27 02:00:00+00:00,15442.41667
2023-02-27 03:00:00+00:00,15985.64286
2023-02-27 04:00:00+00:00,17576.9
2023-02-27 05:00:00+00:00,22083.41667
2023-02-27 06:00:00+00:00,26913.57143
2023-02-27 07:00:00+00:00,29549
2023-02-27 08:00:00+00:00,28956.08333
2023-02-27 09:00:00+00:00,27698.35714
2023-02-27 10:00:00+00:00,26439.1
2023-02-27 11:00:00+00:00,25994.75
2023-02-27 12:00:00+00:00,25619.07143
2023-02-27 13:00:00+00:00,25433.8
2023-02-27 14:00:00+00:00,25247.83333
2023-02-27 15:00:00+00:00,25766.42857
2023-02-27 16:00:00+00:00,26390.7
2023-02-27 17:00:00+00:00,27874.16667
2023-02-27 18:00:00+00:00,32075
2023-02-27 19:00:00+00:00,33249.1
2023-02-27 20:00:00+00:00,31865.58333
2023-02-27 21:00:00+00:00,27568.28571
2023-02-27 22:00:00+00:00,23958.2
2023-02-27 23:00:00+00:00,22368.58333
2023-02-28 00:00:00+00:00,20457.57143
2023-02-28 01:00:00+00:00,19862.8
2023-02-28 02:00:00+00:00,19670.83333
2023-02-28 03:00:00+00:00,19750.28571
2023-02-28 04:00:00+00:00,20153.7
2023-02-28 05:00:00+00:00,23561.75
2023-02-28 06:00:00+00:00,28882.78571
2023-02-28 07:00:00+00:00,30339.3
2023-02-28 08:00:00+00:00,29093
2023-02-28 09:00:00+00:00,27471.42857
2023-02-28 10:00:00+00:00,26897.1
2023-02-28 11:00:00+00:00,26741.91667
2023-02-28 12:00:00+00:00,26234.64286
2023-02-28 13:00:00+00:00,25323.1
2023-02-28 14:00:00+00:00,25013.33333
2023-02-28 15:00:00+00:00,24494.14286
2023-02-28 16:00:00+00:00,25514.5
2023-02-28 17:00:00+00:00,28223.91667
2023-02-28 18:00:00+00:00,32384.35714
2023-02-28 19:00:00+00:00,34139.9
2023-02-28 20:00:00+00:00,33206.33333
2023-02-28 21:00:00+00:00,28735.35714
2023-02-28 22:00:00+00:00,25121.3
2023-02-28 23:00:00+00:00,23893.91667
2023-03-01 00:00:00+00:00,22249.21429
2023-03-01 01:00:00+00:00,21522.8
2023-03-01 02:00:00+00:00,21386.66667
2023-03-01 03:00:00+00:00,21976.28571
2023-03-01 04:00:00+00:00,22677.7
2023-03-01 05:00:00+00:00,25451.58333
2023-03-01 06:00:00+00:00,31178.57143
2023-03-01 07:00:00+00:00,32599.1
2023-03-01 08:00:00+00:00,31404.41667
2023-03-01 09:00:00+00:00,30467.85714
2023-03-01 10:00:00+00:00,29095.7
2023-03-01 11:00:00+00:00,28449.58333
2023-03-01 12:00:00+00:00,28385.57143
2023-03-01 13:00:00+00:00,28166.2
2023-03-01 14:00:00+00:00,27181.25
2023-03-01 15:00:00+00:00,27061.5
2023-03-01 16:00:00+00:00,27997.2
2023-03-01 17:00:00+00:00,29459.16667
2023-03-01 18:00:00+00:00,33004.64286
2023-03-01 19:00:00+00:00,34939.7
2023-03-01 20:00:00+00:00,32580.91667
2023-03-01 21:00:00+00:00,29172.78571
2023-03-01 22:00:00+00:00,25094.7
2023-03-01 23:00:00+00:00,24858.66667
2023-03-02 00:00:00+00:00,22088.57143
2023-03-02 01:00:00+00:00,20392.2
2023-03-02 02:00:00+00:00,19882.58333
2023-03-02 03:00:00+00:00,19722
2023-03-02 04:00:00+00:00,20624.2
2023-03-02 05:00:00+00:00,24505.83333
2023-03-02 06:00:00+00:00,29784.07143
2023-03-02 07:00:00+00:00,31574
2023-03-02 08:00:00+00:00,30033.33333
2023-03-02 09:00:00+00:00,28706.14286
2023-03-02 10:00:00+00:00,27637.7
2023-03-02 11:00:00+00:00,27234.25
2023-03-02 12:00:00+00:00,26925.78571
2023-03-02 13:00:00+00:00,26479.9
2023-03-02 14:00:00+00:00,26092.25
2023-03-02 15:00:00+00:00,26045.85714
2023-03-02 16:00:00+00:00,27036.1
2023-03-02 17:00:00+00:00,28531.83333
2023-03-02 18:00:00+00:00,33146.42857
2023-03-02 19:00:00+00:00,34567.1
2023-03-02 20:00:00+00:00,33655.5
2023-03-02 21:00:00+00:00,29727.07143
2023-03-02 22:00:00+00:00,25683.1
2023-03-02 23:00:00+00:00,25143.58333
2023-03-03 00:00:00+00:00,22579.5
2023-03-03 01:00:00+00:00,21023.6
2023-03-03 02:00:00+00:00,19956.16667
2023-03-03 03:00:00+00:00,19896.92857
2023-03-03 04:00:00+00:00,20792.9
2023-03-03 05:00:00+00:00,24471.75
2023-03-03 06:00:00+00:00,30134.71429
2023-03-03 07:00:00+00:00,31396
2023-03-03 08:00:00+00:00,29504.25
2023-03-03 09:00:00+00:00,28405.07143
2023-03-03 10:00:00+00:00,26925.8
2023-03-03 11:00:00+00:00,26507.66667
2023-03-03 12:00:00+00:00,25763.21429
2023-03-03 13:00:00+00:00,25594.4
2023-03-03 14:00:00+00:00,24318.25
2023-03-03 15:00:00+00:00,24821.85714
2023-03-03 16:00:00+00:00,25809.1
2023-03-03 17:00:00+00:00,27976.83333
2023-03-03 18:00:00+00:00,30837.57143
2023-03-03 19:00:00+00:00,32443.4
2023-03-03 20:00:00+00:00,30682.08333
2023-03-03 21:00:00+00:00,27800.28571
2023-03-03 22:00:00+00:00,24857.2
2023-03-03 23:00:00+00:00,23244.33333
2023-03-04 00:00:00+00:00,21863.42857
2023-03-04 01:00:00+00:00,21480.8
2023-03-04 02:00:00+00:00,21619.58333
2023-03-04 03:00:00+00:00,21884.64286
2023-03-04 04:00:00+00:00,21787.1
2023-03-04 05:00:00+00:00,22887
2023-03-04 06:00:00+00:00,24093.35714
2023-03-04 07:00:00+00:00,24486.3
2023-03-04 08:00:00+00:00,24875.66667
2023-03-04 09:00:00+00:00,25006.35714
2023-03-04 10:00:00+00:00,23209.8
2023-03-04 11:00:00+00:00,21878.91667
2023-03-04 12:00:00+00:00,21674
2023-03-04 13:00:00+00:00,21467.4
2023-03-04 14:00:00+00:00,20760.58333
2023-03-04 15:00:00+00:00,20104.35714
2023-03-04 16:00:00+00:00,21781.2
2023-03-04 17:00:00+00:00,22619
2023-03-04 18:00:00+00:00,27266
2023-03-04 19:00:00+00:00,28741.6
2023-03-04 20:00:00+00:00,29408.91667
2023-03-04 21:00:00+00:00,27467.14286
2023-03-04 22:00:00+00:00,23853.1
2023-03-04 23:00:00+00:00,21796.08333
2023-03-05 00:00:00+00:00,19713
2023-03-05 01:00:00+00:00,19638.2
2023-03-05 02:00:00+00:00,19427.83333
2023-03-05 03:00:00+00:00,19387.57143
2023-03-05 04:00:00+00:00,19497.4
2023-03-05 05:00:00+00:00,19443.83333
2023-03-05 06:00:00+00:00,19975.64286
2023-03-05 07:00:00+00:00,19753
2023-03-05 08:00:00+00:00,20907.58333
2023-03-05 09:00:00+00:00,22282.85714
2023-03-05 10:00:00+00:00,22466.9
2023-03-05 11:00:00+00:00,21742.5
2023-03-05 12:00:00+00:00,22843.64286
2023-03-05 13:00:00+00:00,22928.1
2023-03-05 14:00:00+00:00,22207.91667
2023-03-05 15:00:00+00:00,21759.42857
2023-03-05 16:00:00+00:00,21205.4
2023-03-05 17:00:00+00:00,22318
2023-03-05 18:00:00+00:00,25745.78571
2023-03-05 19:00:00+00:00,27975.1
2023-03-05 20:00:00+00:00,27292
2023-03-05 21:00:00+00:00,24757.14286
2023-03-05 22:00:00+00:00,21532.1
2023-03-05 23:00:00+00:00,21757.83333
2023-03-06 00:00:00+00:00,18997.5
2023-03-06 01:00:00+00:00,17924.6
2023-03-06 02:00:00+00:00,17271.75
2023-03-06 03:00:00+00:00,17311.42857
2023-03-06 04:00:00+00:00,18432.4
2023-03-06 05:00:00+00:00,22456.83333
2023-03-06 06:00:00+00:00,27729.78571
2023-03-06 07:00:00+00:00,30388.4
2023-03-06 08:00:00+00:00,29961.16667
2023-03-06 09:00:00+00:00,28442.28571
2023-03-06 10:00:00+00:00,27415.2
2023-03-06 11:00:00+00:00,26913.25
2023-03-06 12:00:00+00:00,26926.85714
2023-03-06 13:00:00+00:00,26391.2
2023-03-06 14:00:00+00:00,26560.66667
2023-03-06 15:00:00+00:00,26791.78571
2023-03-06 16:00:00+00:00,27643.6
2023-03-06 17:00:00+00:00,28534.75
2023-03-06 18:00:00+00:00,32492.21429
2023-03-06 19:00:00+00:00,33851.8
2023-03-06 20:00:00+00:00,32135.91667
2023-03-06 21:00:00+00:00,28272.57143
2023-03-06 22:00:00+00:00,25600.8
2023-03-06 23:00:00+00:00,26478.66667
2023-03-07 00:00:00+00:00,24124.28571
2023-03-07 01:00:00+00:00,22172.2
2023-03-07 02:00:00+00:00,21508.08333
2023-03-07 03:00:00+00:00,21338.78571
2023-03-07 04:00:00+00:00,22107
2023-03-07 05:00:00+00:00,25536.33333
2023-03-07 06:00:00+00:00,30554.78571
2023-03-07 07:00:00+00:00,31721.6
2023-03-07 08:00:00+00:00,29700.58333
2023-03-07 09:00:00+00:00,28115.07143
2023-03-07 10:00:00+00:00,26687.5
2023-03-07 11:00:00+00:00,25562.33333
2023-03-07 12:00:00+00:00,24994.85714
2023-03-07 13:00:00+00:00,24237.2
2023-03-07 14:00:00+00:00,23541.91667
2023-03-07 15:00:00+00:00,23224.57143
2023-03-07 16:00:00+00:00,24205.1
2023-03-07 17:00:00+00:00,26228.08333
2023-03-07 18:00:00+00:00,30445.5
2023-03-07 19:00:00+00:00,33171.2
2023-03-07 20:00:00+00:00,31637.91667
2023-03-07 21:00:00+00:00,27399.35714
2023-03-07 22:00:00+00:00,23838.2
2023-03-07 23:00:00+00:00,22118.91667
2023-03-08 00:00:00+00:00,19916.78571
2023-03-08 01:00:00+00:00,19306.5
2023-03-08 02:00:00+00:00,18699.33333
2023-03-08 03:00:00+00:00,18856.92857
2023-03-08 04:00:00+00:00,19564.8
2023-03-08 05:00:00+00:00,22848.91667
2023-03-08 06:00:00+00:00,27670.14286
2023-03-08 07:00:00+00:00,29042.4
2023-03-08 08:00:00+00:00,27392
2023-03-08 09:00:00+00:00,26867.07143
2023-03-08 10:00:00+00:00,25632
2023-03-08 11:00:00+00:00,25547.66667
2023-03-08 12:00:00+00:00,24782.64286
2023-03-08 13:00:00+00:00,24193.9
2023-03-08 14:00:00+00:00,23694.41667
2023-03-08 15:00:00+00:00,23369.57143
2023-03-08 16:00:00+00:00,24536
2023-03-08 17:00:00+00:00,24862.08333
2023-03-08 18:00:00+00:00,28058.28571
2023-03-08 19:00:00+00:00,30369.6
2023-03-08 20:00:00+00:00,29538
2023-03-08 21:00:00+00:00,26291.57143
2023-03-08 22:00:00+00:00,22324.5
2023-03-08 23:00:00+00:00,20746.08333
2023-03-09 00:00:00+00:00,19289.07143
2023-03-09 01:00:00+00:00,18531.7
2023-03-09 02:00:00+00:00,18276
2023-03-09 03:00:00+00:00,18556.64286
2023-03-09 04:00:00+00:00,19002.2
2023-03-09 05:00:00+00:00,22046.08333
2023-03-09 06:00:00+00:00,27450.35714
2023-03-09 07:00:00+00:00,28989.1
2023-03-09 08:00:00+00:00,28029.66667
2023-03-09 09:00:00+00:00,27352.07143
2023-03-09 10:00:00+00:00,26855.3
2023-03-09 11:00:00+00:00,27012.66667
2023-03-09 12:00:00+00:00,26320.28571
2023-03-09 13:00:00+00:00,25691.3
2023-03-09 14:00:00+00:00,24679.41667
2023-03-09 15:00:00+00:00,24389.07143
2023-03-09 16:00:00+00:00,24911.3
2023-03-09 17:00:00+00:00,25213.66667
2023-03-09 18:00:00+00:00,27377.92857
2023-03-09 19:00:00+00:00,29566.8
2023-03-09 20:00:00+00:00,28487.5
2023-03-09 21:00:00+00:00,23588.28571
2023-03-09 22:00:00+00:00,21277.7
2023-03-09 23:00:00+00:00,20636.08333
2023-03-10 00:00:00+00:00,19416.71429
2023-03-10 01:00:00+00:00,18972.1
2023-03-10 02:00:00+00:00,18509.5
2023-03-10 03:00:00+00:00,18449.78571
2023-03-10 04:00:00+00:00,19016.9
2023-03-10 05:00:00+00:00,20853.83333
2023-03-10 06:00:00+00:00,24955.35714
2023-03-10 07:00:00+00:00,25656.5
2023-03-10 08:00:00+00:00,24724.66667
2023-03-10 09:00:00+00:00,23628.35714
2023-03-10 10:00:00+00:00,23125.2
2023-03-10 11:00:00+00:00,22708.41667
2023-03-10 12:00:00+00:00,22513
2023-03-10 13:00:00+00:00,21851.4
2023-03-10 14:00:00+00:00,21783.41667
2023-03-10 15:00:00+00:00,21769.5
2023-03-10 16:00:00+00:00,22115.1
2023-03-10 17:00:00+00:00,22141.08333
2023-03-10 18:00:00+00:00,24891.21429
2023-03-10 19:00:00+00:00,25678.7
2023-03-10 20:00:00+00:00,24620.83333
2023-03-10 21:00:00+00:00,21615.5
2023-03-10 22:00:00+00:00,19593.2
2023-03-10 23:00:00+00:00,18477.41667
2023-03-11 00:00:00+00:00,16944.92857
2023-03-11 01:00:00+00:00,16220.8
2023-03-11 02:00:00+00:00,15794.5
2023-03-11 03:00:00+00:00,15747.64286
2023-03-11 04:00:00+00:00,15583.2
2023-03-11 05:00:00+00:00,16238.33333
2023-03-11 06:00:00+00:00,17306.28571
2023-03-11 07:00:00+00:00,18055
2023-03-11 08:00:00+00:00,18790.66667
2023-03-11 09:00:00+00:00,19594.5
2023-03-11 10:00:00+00:00,19106.8
2023-03-11 11:00:00+00:00,18601.25
2023-03-11 12:00:00+00:00,18833.07143
2023-03-11 13:00:00+00:00,18421.8
2023-03-11 14:00:00+00:00,17380.08333
2023-03-11 15:00:00+00:00,17018.85714
2023-03-11 16:00:00+00:00,16811.4
2023-03-11 17:00:00+00:00,17521.33333
2023-03-11 18:00:00+00:00,20155.35714
2023-03-11 19:00:00+00:00,21824
2023-03-11 20:00:00+00:00,21073.75
2023-03-11 21:00:00+00:00,19165.64286
2023-03-11 22:00:00+00:00,16990.7
2023-03-11 23:00:00+00:00,15697.58333
2023-03-12 00:00:00+00:00,14194
2023-03-12 01:00:00+00:00,13172.5
2023-03-12 02:00:00+00:00,12430.83333
2023-03-12 03:00:00+00:00,12188.28571
2023-03-12 04:00:00+00:00,12139.9
2023-03-12 05:00:00+00:00,14270.41667
2023-03-12 06:00:00+00:00,14773.92857
2023-03-12 07:00:00+00:00,14735.1
2023-03-12 08:00:00+00:00,16267.75
2023-03-12 09:00:00+00:00,17083.92857
2023-03-12 10:00:00+00:00,17108.4
2023-03-12 11:00:00+00:00,15695.75
2023-03-12 12:00:00+00:00,16067.07143
2023-03-12 13:00:00+00:00,15629.3
2023-03-12 14:00:00+00:00,15037.5
2023-03-12 15:00:00+00:00,15131.21429
2023-03-12 16:00:00+00:00,16293.4
2023-03-12 17:00:00+00:00,17688.16667
2023-03-12 18:00:00+00:00,23279.71429
2023-03-12 19:00:00+00:00,26160
2023-03-12 20:00:00+00:00,25896.5
2023-03-12 21:00:00+00:00,22895.28571
2023-03-12 22:00:00+00:00,19805.9
2023-03-12 23:00:00+00:00,21712
2023-03-13 00:00:00+00:00,20370.07143
2023-03-13 01:00:00+00:00,20204.9
2023-03-13 02:00:00+00:00,20302.75
2023-03-13 03:00:00+00:00,20738.92857
2023-03-13 04:00:00+00:00,21946.7
2023-03-13 05:00:00+00:00,24039.08333
2023-03-13 06:00:00+00:00,27725.57143
2023-03-13 07:00:00+00:00,27128.9
2023-03-13 08:00:00+00:00,25603.08333
2023-03-13 09:00:00+00:00,23297.5
2023-03-13 10:00:00+00:00,23250.8
2023-03-13 11:00:00+00:00,23140.33333
2023-03-13 12:00:00+00:00,23179.64286
2023-03-13 13:00:00+00:00,23083.2
2023-03-13 14:00:00+00:00,22430.08333
2023-03-13 15:00:00+00:00,22278.57143
2023-03-13 16:00:00+00:00,22580.6
2023-03-13 17:00:00+00:00,22707.41667
2023-03-13 18:00:00+00:00,25131.78571
2023-03-13 19:00:00+00:00,26552.8
2023-03-13 20:00:00+00:00,25578.83333
2023-03-13 21:00:00+00:00,22459.57143
2023-03-13 22:00:00+00:00,19954
2023-03-13 23:00:00+00:00,19298.66667
2023-03-14 00:00:00+00:00,18236.21429
2023-03-14 01:00:00+00:00,19552.5
2023-03-14 02:00:00+00:00,20071.16667
2023-03-14 03:00:00+00:00,20515.42857
2023-03-14 04:00:00+00:00,19528.9
2023-03-14 05:00:00+00:00,20347.5
2023-03-14 06:00:00+00:00,23482.42857
2023-03-14 07:00:00+00:00,24229
2023-03-14 08:00:00+00:00,22674.58333
2023-03-14 09:00:00+00:00,21237
2023-03-14 10:00:00+00:00,20259.3
2023-03-14 11:00:00+00:00,20383
2023-03-14 12:00:00+00:00,20263.85714
2023-03-14 13:00:00+00:00,20088.8
2023-03-14 14:00:00+00:00,19608.5
2023-03-14 15:00:00+00:00,19541.71429
2023-03-14 16:00:00+00:00,20189.6
2023-03-14 17:00:00+00:00,21559
2023-03-14 18:00:00+00:00,25328.28571
2023-03-14 19:00:00+00:00,28691.7
2023-03-14 20:00:00+00:00,28625.41667
2023-03-14 21:00:00+00:00,24653.07143
2023-03-14 22:00:00+00:00,21653.7
2023-03-14 23:00:00+00:00,21202.83333
2023-03-15 00:00:00+00:00,20509
2023-03-15 01:00:00+00:00,19812.2
2023-03-15 02:00:00+00:00,19607
2023-03-15 03:00:00+00:00,19004.35714
2023-03-15 04:00:00+00:00,18828.1
2023-03-15 05:00:00+00:00,21754.83333
2023-03-15 06:00:00+00:00,25695.14286
2023-03-15 07:00:00+00:00,26106.9
2023-03-15 08:00:00+00:00,24042.41667
2023-03-15 09:00:00+00:00,22773.42857
2023-03-15 10:00:00+00:00,21695.1
2023-03-15 11:00:00+00:00,21211
2023-03-15 12:00:00+00:00,21676.85714
2023-03-15 13:00:00+00:00,21363.2
2023-03-15 14:00:00+00:00,20691.83333
2023-03-15 15:00:00+00:00,21012
2023-03-15 16:00:00+00:00,21980.2
2023-03-15 17:00:00+00:00,24256.08333
2023-03-15 18:00:00+00:00,27611.21429
2023-03-15 19:00:00+00:00,29983.5
2023-03-15 20:00:00+00:00,28354.66667
2023-03-15 21:00:00+00:00,25101.78571
2023-03-15 22:00:00+00:00,23294.5
2023-03-15 23:00:00+00:00,22520.33333
2023-03-16 00:00:00+00:00,21019.85714
2023-03-16 01:00:00+00:00,20564.4
2023-03-16 02:00:00+00:00,20137.83333
2023-03-16 03:00:00+00:00,20385.92857
2023-03-16 04:00:00+00:00,20681.2
2023-03-16 05:00:00+00:00,21765.5
2023-03-16 06:00:00+00:00,25576.71429
2023-03-16 07:00:00+00:00,25479.2
2023-03-16 08:00:00+00:00,23981.83333
2023-03-16 09:00:00+00:00,22755.78571
2023-03-16 10:00:00+00:00,21062.5
2023-03-16 11:00:00+00:00,21692.41667
2023-03-16 12:00:00+00:00,21770.42857
2023-03-16 13:00:00+00:00,21470.3
2023-03-16 14:00:00+00:00,20994.33333
2023-03-16 15:00:00+00:00,20858.42857
2023-03-16 16:00:00+00:00,21320
2023-03-16 17:00:00+00:00,22181.75
2023-03-16 18:00:00+00:00,25217.28571
2023-03-16 19:00:00+00:00,27515.3
2023-03-16 20:00:00+00:00,27180.5
2023-03-16 21:00:00+00:00,24142.57143
2023-03-16 22:00:00+00:00,21208.4
2023-03-16 23:00:00+00:00,19530.91667
2023-03-17 00:00:00+00:00,18361.57143
2023-03-17 01:00:00+00:00,17559.3
2023-03-17 02:00:00+00:00,17385.5
2023-03-17 03:00:00+00:00,17896
2023-03-17 04:00:00+00:00,18477.8
2023-03-17 05:00:00+00:00,21807.83333
2023-03-17 06:00:00+00:00,25960.35714
2023-03-17 07:00:00+00:00,26894.2
2023-03-17 08:00:00+00:00,25191.58333
2023-03-17 09:00:00+00:00,23730.14286
2023-03-17 10:00:00+00:00,23777.6
2023-03-17 11:00:00+00:00,23470.75
2023-03-17 12:00:00+00:00,23241.28571
2023-03-17 13:00:00+00:00,22513.2
2023-03-17 14:00:00+00:00,21876.58333
2023-03-17 15:00:00+00:00,21418.92857
2023-03-17 16:00:00+00:00,22024.1
2023-03-17 17:00:00+00:00,22847.25
2023-03-17 18:00:00+00:00,25074.42857
2023-03-17 19:00:00+00:00,26896.4
2023-03-17 20:00:00+00:00,25760.58333
2023-03-17 21:00:00+00:00,23107.07143
2023-03-17 22:00:00+00:00,20837.2
2023-03-17 23:00:00+00:00,21038.08333
2023-03-18 00:00:00+00:00,19370
2023-03-18 01:00:00+00:00,18341.1
2023-03-18 02:00:00+00:00,18121.83333
2023-03-18 03:00:00+00:00,17856.71429
2023-03-18 04:00:00+00:00,17676.6
2023-03-18 05:00:00+00:00,18648.5
2023-03-18 06:00:00+00:00,19489.14286
2023-03-18 07:00:00+00:00,19908.4
2023-03-18 08:00:00+00:00,20793.91667
2023-03-18 09:00:00+00:00,21552.57143
2023-03-18 10:00:00+00:00,21143.6
2023-03-18 11:00:00+00:00,21724.58333
2023-03-18 12:00:00+00:00,22740.92857
2023-03-18 13:00:00+00:00,20757.7
2023-03-18 14:00:00+00:00,18807.83333
2023-03-18 15:00:00+00:00,18158.5
2023-03-18 16:00:00+00:00,19177.1
2023-03-18 17:00:00+00:00,20277.66667
2023-03-18 18:00:00+00:00,24004.71429
2023-03-18 19:00:00+00:00,26860.3
2023-03-18 20:00:00+00:00,26813.83333
2023-03-18 21:00:00+00:00,23402.42857
2023-03-18 22:00:00+00:00,20625.2
2023-03-18 23:00:00+00:00,20256.16667
2023-03-19 00:00:00+00:00,18263.64286
2023-03-19 01:00:00+00:00,17384.8
2023-03-19 02:00:00+00:00,16403.5
2023-03-19 03:00:00+00:00,16048.5
2023-03-19 04:00:00+00:00,15830.8
2023-03-19 05:00:00+00:00,15693.91667
2023-03-19 06:00:00+00:00,15246.21429
2023-03-19 07:00:00+00:00,14488.4
2023-03-19 08:00:00+00:00,14612.33333
2023-03-19 09:00:00+00:00,15228.78571
2023-03-19 10:00:00+00:00,15317.6
2023-03-19 11:00:00+00:00,15283.75
2023-03-19 12:00:00+00:00,15745.78571
2023-03-19 13:00:00+00:00,15321.2
2023-03-19 14:00:00+00:00,14477.91667
2023-03-19 15:00:00+00:00,14229.57143
2023-03-19 16:00:00+00:00,14312
2023-03-19 17:00:00+00:00,16994.08333
2023-03-19 18:00:00+00:00,20292.57143
2023-03-19 19:00:00+00:00,23430.2
2023-03-19 20:00:00+00:00,24791.66667
2023-03-19 21:00:00+00:00,21895.42857
2023-03-19 22:00:00+00:00,20161.6
2023-03-19 23:00:00+00:00,20275.16667
2023-03-20 00:00:00+00:00,18954.92857
2023-03-20 01:00:00+00:00,18772.2
2023-03-20 02:00:00+00:00,18676.75
2023-03-20 03:00:00+00:00,19343.71429
2023-03-20 04:00:00+00:00,18732.4
2023-03-20 05:00:00+00:00,20866.5
2023-03-20 06:00:00+00:00,24761.42857
2023-03-20 07:00:00+00:00,24207.2
2023-03-20 08:00:00+00:00,22328.75
2023-03-20 09:00:00+00:00,21135.42857
2023-03-20 10:00:00+00:00,20240.1
2023-03-20 11:00:00+00:00,20264.58333
2023-03-20 12:00:00+00:00,20150.21429
2023-03-20 13:00:00+00:00,20384.7
2023-03-20 14:00:00+00:00,19830.75
2023-03-20 15:00:00+00:00,19543.71429
2023-03-20 16:00:00+00:00,21032.5
2023-03-20 17:00:00+00:00,22206.75
2023-03-20 18:00:00+00:00,26122.28571
2023-03-20 19:00:00+00:00,28709.6
2023-03-20 20:00:00+00:00,28388.91667
2023-03-20 21:00:00+00:00,24131.35714
2023-03-20 22:00:00+00:00,21477.7
2023-03-20 23:00:00+00:00,22083.16667
2023-03-21 00:00:00+00:00,21196.5
2023-03-21 01:00:00+00:00,20549
2023-03-21 02:00:00+00:00,20685.91667
2023-03-21 03:00:00+00:00,20475.92857
2023-03-21 04:00:00+00:00,20635.2
2023-03-21 05:00:00+00:00,23254.41667
2023-03-21 06:00:00+00:00,27120.14286
2023-03-21 07:00:00+00:00,27117.1
2023-03-21 08:00:00+00:00,25660.83333
2023-03-21 09:00:00+00:00,23413.28571
2023-03-21 10:00:00+00:00,22587.5
2023-03-21 11:00:00+00:00,22172.66667
2023-03-21 12:00:00+00:00,21904.5
2023-03-21 13:00:00+00:00,21640
2023-03-21 14:00:00+00:00,20878.16667
2023-03-21 15:00:00+00:00,21407.21429
2023-03-21 16:00:00+00:00,22178.3
2023-03-21 17:00:00+00:00,24052.33333
2023-03-21 18:00:00+00:00,28543.07143
2023-03-21 19:00:00+00:00,32829.9
2023-03-21 20:00:00+00:00,31625.91667
2023-03-21 21:00:00+00:00,28065.64286
2023-03-21 22:00:00+00:00,25216
2023-03-21 23:00:00+00:00,23371
2023-03-22 00:00:00+00:00,21677.64286
2023-03-22 01:00:00+00:00,21131.8
2023-03-22 02:00:00+00:00,20844.08333
2023-03-22 03:00:00+00:00,21285.14286
2023-03-22 04:00:00+00:00,22261.5
2023-03-22 05:00:00+00:00,24359
2023-03-22 06:00:00+00:00,28614.57143
2023-03-22 07:00:00+00:00,28886.9
2023-03-22 08:00:00+00:00,25686.91667
2023-03-22 09:00:00+00:00,24668.64286
2023-03-22 10:00:00+00:00,24116
2023-03-22 11:00:00+00:00,23845
2023-03-22 12:00:00+00:00,23532.64286
2023-03-22 13:00:00+00:00,22716.1
2023-03-22 14:00:00+00:00,22023.33333
2023-03-22 15:00:00+00:00,20650.78571
2023-03-22 16:00:00+00:00,21727.2
2023-03-22 17:00:00+00:00,23156.58333
2023-03-22 18:00:00+00:00,27333.42857
2023-03-22 19:00:00+00:00,30078.6
2023-03-22 20:00:00+00:00,28358.33333
2023-03-22 21:00:00+00:00,25927.71429
2023-03-22 22:00:00+00:00,22515.3
2023-03-22 23:00:00+00:00,22294.33333
2023-03-23 00:00:00+00:00,21085.42857
2023-03-23 01:00:00+00:00,20575.9
2023-03-23 02:00:00+00:00,20275.08333
2023-03-23 03:00:00+00:00,20625.85714
2023-03-23 04:00:00+00:00,21325
2023-03-23 05:00:00+00:00,24529.41667
2023-03-23 06:00:00+00:00,27281.57143
2023-03-23 07:00:00+00:00,25710.6
2023-03-23 08:00:00+00:00,22931.33333
2023-03-23 09:00:00+00:00,22239.07143
2023-03-23 10:00:00+00:00,22554.9
2023-03-23 11:00:00+00:00,21815.75
2023-03-23 12:00:00+00:00,21788.42857
2023-03-23 13:00:00+00:00,20518.5
2023-03-23 14:00:00+00:00,20323.91667
2023-03-23 15:00:00+00:00,20613.71429
2023-03-23 16:00:00+00:00,20807.1
2023-03-23 17:00:00+00:00,22918.66667
2023-03-23 18:00:00+00:00,26714.92857
2023-03-23 19:00:00+00:00,28881.8
2023-03-23 20:00:00+00:00,28700.66667
2023-03-23 21:00:00+00:00,24479.14286
2023-03-23 22:00:00+00:00,21625.3
2023-03-23 23:00:00+00:00,21736.16667
2023-03-24 00:00:00+00:00,22160.07143
2023-03-24 01:00:00+00:00,22028
2023-03-24 02:00:00+00:00,21753.25
2023-03-24 03:00:00+00:00,21983.07143
2023-03-24 04:00:00+00:00,22809.3
2023-03-24 05:00:00+00:00,23115.91667
2023-03-24 06:00:00+00:00,25353.64286
2023-03-24 07:00:00+00:00,25398.3
2023-03-24 08:00:00+00:00,24250.16667
2023-03-24 09:00:00+00:00,23279.35714
2023-03-24 10:00:00+00:00,22784.8
2023-03-24 11:00:00+00:00,23159.66667
2023-03-24 12:00:00+00:00,22898.5
2023-03-24 13:00:00+00:00,22223.7
2023-03-24 14:00:00+00:00,21338.41667
2023-03-24 15:00:00+00:00,20169.28571
2023-03-24 16:00:00+00:00,20098
2023-03-24 17:00:00+00:00,21551.41667
2023-03-24 18:00:00+00:00,25265.07143
2023-03-24 19:00:00+00:00,29351.3
2023-03-24 20:00:00+00:00,28478.33333
2023-03-24 21:00:00+00:00,24655.35714
2023-03-24 22:00:00+00:00,23643.5
2023-03-24 23:00:00+00:00,23638
2023-03-25 00:00:00+00:00,22257.57143
2023-03-25 01:00:00+00:00,21487.6
2023-03-25 02:00:00+00:00,21571
2023-03-25 03:00:00+00:00,21154.78571
2023-03-25 04:00:00+00:00,21452.3
2023-03-25 05:00:00+00:00,22133.75
2023-03-25 06:00:00+00:00,22296.85714
2023-03-25 07:00:00+00:00,22640
2023-03-25 08:00:00+00:00,23031.66667
2023-03-25 09:00:00+00:00,22788.21429
2023-03-25 10:00:00+00:00,21892.4
2023-03-25 11:00:00+00:00,20854
2023-03-25 12:00:00+00:00,20841.71429
2023-03-25 13:00:00+00:00,19558.2
2023-03-25 14:00:00+00:00,17298.33333
2023-03-25 15:00:00+00:00,16783.92857
2023-03-25 16:00:00+00:00,17212.3
2023-03-25 17:00:00+00:00,19007.16667
2023-03-25 18:00:00+00:00,22612.57143
2023-03-25 19:00:00+00:00,24858
2023-03-25 20:00:00+00:00,24919.91667
2023-03-25 21:00:00+00:00,21903
2023-03-25 22:00:00+00:00,19252.1
2023-03-25 23:00:00+00:00,17576.16667
2023-03-26 00:00:00+00:00,16438.35714
2023-03-26 01:00:00+00:00,15501.8
2023-03-26 02:00:00+00:00,15386.83333
2023-03-26 03:00:00+00:00,14832.78571
2023-03-26 04:00:00+00:00,15269.7
2023-03-26 05:00:00+00:00,15460.08333
2023-03-26 06:00:00+00:00,15133.42857
2023-03-26 07:00:00+00:00,15603
2023-03-26 08:00:00+00:00,15632.5
2023-03-26 09:00:00+00:00,15952.21429
2023-03-26 10:00:00+00:00,15525.3
2023-03-26 11:00:00+00:00,15688.83333
2023-03-26 12:00:00+00:00,15385.85714
2023-03-26 13:00:00+00:00,16334.9
2023-03-26 14:00:00+00:00,15946.75
2023-03-26 15:00:00+00:00,16119.28571
2023-03-26 16:00:00+00:00,17077.5
2023-03-26 17:00:00+00:00,16673.16667
2023-03-26 18:00:00+00:00,20490.57143
2023-03-26 19:00:00+00:00,23327.2
2023-03-26 20:00:00+00:00,22235.16667
2023-03-26 21:00:00+00:00,18643
2023-03-26 22:00:00+00:00,17203.6
2023-03-26 23:00:00+00:00,15510.75
2023-03-27 00:00:00+00:00,14792.21429
2023-03-27 01:00:00+00:00,14535.7
2023-03-27 02:00:00+00:00,14757.25
2023-03-27 03:00:00+00:00,15757.71429
2023-03-27 04:00:00+00:00,20285.4
2023-03-27 05:00:00+00:00,24941.41667
2023-03-27 06:00:00+00:00,26155.14286
2023-03-27 07:00:00+00:00,24571.8
2023-03-27 08:00:00+00:00,22931.41667
2023-03-27 09:00:00+00:00,21138.78571
2023-03-27 10:00:00+00:00,20367.8
2023-03-27 11:00:00+00:00,20181.08333
2023-03-27 12:00:00+00:00,19798
2023-03-27 13:00:00+00:00,20606.7
2023-03-27 14:00:00+00:00,20171.66667
2023-03-27 15:00:00+00:00,20243
2023-03-27 16:00:00+00:00,19882.3
2023-03-27 17:00:00+00:00,22043.91667
2023-03-27 18:00:00+00:00,25742.85714
2023-03-27 19:00:00+00:00,28689.9
2023-03-27 20:00:00+00:00,25564.25
2023-03-27 21:00:00+00:00,21369.07143
2023-03-27 22:00:00+00:00,19888.9
2023-03-27 23:00:00+00:00,19349.83333
2023-03-28 00:00:00+00:00,18907.21429
2023-03-28 01:00:00+00:00,18771.1
2023-03-28 02:00:00+00:00,18670
2023-03-28 03:00:00+00:00,19289.78571
2023-03-28 04:00:00+00:00,21588.6
2023-03-28 05:00:00+00:00,25664.58333
2023-03-28 06:00:00+00:00,27231.64286
2023-03-28 07:00:00+00:00,25334.5
2023-03-28 08:00:00+00:00,23638.16667
2023-03-28 09:00:00+00:00,21799.21429
2023-03-28 10:00:00+00:00,22162.7
2023-03-28 11:00:00+00:00,21731.33333
2023-03-28 12:00:00+00:00,21474.92857
2023-03-28 13:00:00+00:00,20793.4
2023-03-28 14:00:00+00:00,20393.5
2023-03-28 15:00:00+00:00,20629.57143
2023-03-28 16:00:00+00:00,21143.9
2023-03-28 17:00:00+00:00,23540.16667
2023-03-28 18:00:00+00:00,26367.14286
2023-03-28 19:00:00+00:00,28768.5
2023-03-28 20:00:00+00:00,25129.75
2023-03-28 21:00:00+00:00,21714
2023-03-28 22:00:00+00:00,19713.3
2023-03-28 23:00:00+00:00,18899.33333
2023-03-29 00:00:00+00:00,17803.07143
2023-03-29 01:00:00+00:00,17543.4
2023-03-29 02:00:00+00:00,17725.08333
2023-03-29 03:00:00+00:00,19207.57143
2023-03-29 04:00:00+00:00,22253.6
2023-03-29 05:00:00+00:00,26619.75
2023-03-29 06:00:00+00:00,27230.14286
2023-03-29 07:00:00+00:00,25295.8
2023-03-29 08:00:00+00:00,23202.83333
2023-03-29 09:00:00+00:00,21922.07143
2023-03-29 10:00:00+00:00,22299.6
2023-03-29 11:00:00+00:00,22194
2023-03-29 12:00:00+00:00,21546.5
2023-03-29 13:00:00+00:00,21082.7
2023-03-29 14:00:00+00:00,20567.41667
2023-03-29 15:00:00+00:00,21261.14286
2023-03-29 16:00:00+00:00,22449.7
2023-03-29 17:00:00+00:00,23888.66667
2023-03-29 18:00:00+00:00,26395.5
2023-03-29 19:00:00+00:00,27705.5
2023-03-29 20:00:00+00:00,23942.66667
2023-03-29 21:00:00+00:00,20701
2023-03-29 22:00:00+00:00,19519.9
2023-03-29 23:00:00+00:00,18324.16667
2023-03-30 00:00:00+00:00,17789.64286
2023-03-30 01:00:00+00:00,17373.9
2023-03-30 02:00:00+00:00,17237.83333
2023-03-30 03:00:00+00:00,18423.85714
2023-03-30 04:00:00+00:00,21142.6
2023-03-30 05:00:00+00:00,25330
2023-03-30 06:00:00+00:00,25955.5
2023-03-30 07:00:00+00:00,23217.4
2023-03-30 08:00:00+00:00,21386.58333
2023-03-30 09:00:00+00:00,20696.5
2023-03-30 10:00:00+00:00,21130.2
2023-03-30 11:00:00+00:00,21801.41667
2023-03-30 12:00:00+00:00,21894.35714
2023-03-30 13:00:00+00:00,21133.5
2023-03-30 14:00:00+00:00,21121.91667
2023-03-30 15:00:00+00:00,21769.64286
2023-03-30 16:00:00+00:00,22322.5
2023-03-30 17:00:00+00:00,23199.91667
2023-03-30 18:00:00+00:00,25189.57143
2023-03-30 19:00:00+00:00,26450.7
2023-03-30 20:00:00+00:00,23635.83333
2023-03-30 21:00:00+00:00,20533.28571
2023-03-30 22:00:00+00:00,18920.9
2023-03-30 23:00:00+00:00,18514
2023-03-31 00:00:00+00:00,17650.64286
2023-03-31 01:00:00+00:00,17851.2
2023-03-31 02:00:00+00:00,17443.75
2023-03-31 03:00:00+00:00,18464.21429
2023-03-31 04:00:00+00:00,21619.2
2023-03-31 05:00:00+00:00,24839.58333
2023-03-31 06:00:00+00:00,25549.07143
2023-03-31 07:00:00+00:00,23947.6
2023-03-31 08:00:00+00:00,22608.5
2023-03-31 09:00:00+00:00,21372.35714
2023-03-31 10:00:00+00:00,20760.9
2023-03-31 11:00:00+00:00,21233.33333
2023-03-31 12:00:00+00:00,21072.78571
2023-03-31 13:00:00+00:00,20450.1
2023-03-31 14:00:00+00:00,19924.75
2023-03-31 15:00:00+00:00,19948.64286
2023-03-31 16:00:00+00:00,19675.9
2023-03-31 17:00:00+00:00,21562.5
2023-03-31 18:00:00+00:00,24019.5
2023-03-31 19:00:00+00:00,24613.2
2023-03-31 20:00:00+00:00,22233.66667
2023-03-31 21:00:00+00:00,19943.92857
2023-03-31 22:00:00+00:00,19625.5
2023-03-31 23:00:00+00:00,18527.5
2023-04-01 00:00:00+00:00,18060
2023-04-01 01:00:00+00:00,17118.5
2023-04-01 02:00:00+00:00,16547.75
2023-04-01 03:00:00+00:00,16685
2023-04-01 04:00:00+00:00,17606.4
2023-04-01 05:00:00+00:00,18802.41667
2023-04-01 06:00:00+00:00,20114.14286
2023-04-01 07:00:00+00:00,21021.6
2023-04-01 08:00:00+00:00,20389
2023-04-01 09:00:00+00:00,19111.78571
2023-04-01 10:00:00+00:00,18281.9
2023-04-01 11:00:00+00:00,18374.83333
2023-04-01 12:00:00+00:00,17636.07143
2023-04-01 13:00:00+00:00,16978.1
2023-04-01 14:00:00+00:00,16104.91667
2023-04-01 15:00:00+00:00,16666.35714
2023-04-01 16:00:00+00:00,17315
2023-04-01 17:00:00+00:00,18124.41667
2023-04-01 18:00:00+00:00,20461.14286
2023-04-01 19:00:00+00:00,22199.8
2023-04-01 20:00:00+00:00,20534.75
2023-04-01 21:00:00+00:00,18350
2023-04-01 22:00:00+00:00,16164.7
2023-04-01 23:00:00+00:00,15557.25
2023-04-02 00:00:00+00:00,14339.35714
2023-04-02 01:00:00+00:00,14347.7
2023-04-02 02:00:00+00:00,14467.91667
2023-04-02 03:00:00+00:00,14546.5
2023-04-02 04:00:00+00:00,15402.6
2023-04-02 05:00:00+00:00,16183.33333
2023-04-02 06:00:00+00:00,15907.64286
2023-04-02 07:00:00+00:00,16737.6
2023-04-02 08:00:00+00:00,16781.41667
2023-04-02 09:00:00+00:00,16883.71429
2023-04-02 10:00:00+00:00,16554.4
2023-04-02 11:00:00+00:00,16694.91667
2023-04-02 12:00:00+00:00,16273.42857
2023-04-02 13:00:00+00:00,15476.4
2023-04-02 14:00:00+00:00,14961.41667
2023-04-02 15:00:00+00:00,15130.35714
2023-04-02 16:00:00+00:00,15294.6
2023-04-02 17:00:00+00:00,16330.33333
2023-04-02 18:00:00+00:00,19466.28571
2023-04-02 19:00:00+00:00,21491.5
2023-04-02 20:00:00+00:00,20302.08333
2023-04-02 21:00:00+00:00,17870.35714
2023-04-02 22:00:00+00:00,17149.5
2023-04-02 23:00:00+00:00,15688.08333
2023-04-03 00:00:00+00:00,15282.64286
2023-04-03 01:00:00+00:00,14994.1
2023-04-03 02:00:00+00:00,15025.91667
2023-04-03 03:00:00+00:00,16168.5
2023-04-03 04:00:00+00:00,18946.1
2023-04-03 05:00:00+00:00,22285.16667
2023-04-03 06:00:00+00:00,23245.71429
2023-04-03 07:00:00+00:00,21366.2
2023-04-03 08:00:00+00:00,20796.58333
2023-04-03 09:00:00+00:00,20730.71429
2023-04-03 10:00:00+00:00,21066.6
2023-04-03 11:00:00+00:00,21076.58333
2023-04-03 12:00:00+00:00,20669.64286
2023-04-03 13:00:00+00:00,19886.3
2023-04-03 14:00:00+00:00,19598.91667
2023-04-03 15:00:00+00:00,19561.14286
2023-04-03 16:00:00+00:00,19692.3
2023-04-03 17:00:00+00:00,22119.16667
2023-04-03 18:00:00+00:00,26406
2023-04-03 19:00:00+00:00,27459
2023-04-03 20:00:00+00:00,23256.16667
2023-04-03 21:00:00+00:00,20806.64286
2023-04-03 22:00:00+00:00,19513
2023-04-03 23:00:00+00:00,18156.66667
2023-04-04 00:00:00+00:00,16636.42857
2023-04-04 01:00:00+00:00,16219.6
2023-04-04 02:00:00+00:00,16332.25
2023-04-04 03:00:00+00:00,17431.28571
2023-04-04 04:00:00+00:00,20631.1
2023-04-04 05:00:00+00:00,23766.75
2023-04-04 06:00:00+00:00,24714.92857
2023-04-04 07:00:00+00:00,23776.1
2023-04-04 08:00:00+00:00,22757.66667
2023-04-04 09:00:00+00:00,21570.07143
2023-04-04 10:00:00+00:00,20696
2023-04-04 11:00:00+00:00,20558.16667
2023-04-04 12:00:00+00:00,20066.71429
2023-04-04 13:00:00+00:00,20049.9
2023-04-04 14:00:00+00:00,19367.5
2023-04-04 15:00:00+00:00,19542.92857
2023-04-04 16:00:00+00:00,20134.1
2023-04-04 17:00:00+00:00,20545.25
2023-04-04 18:00:00+00:00,24166.85714
2023-04-04 19:00:00+00:00,25620.4
2023-04-04 20:00:00+00:00,22808.66667
2023-04-04 21:00:00+00:00,19563.42857
2023-04-04 22:00:00+00:00,19061.3
2023-04-04 23:00:00+00:00,18712.75
2023-04-05 00:00:00+00:00,18113.92857
2023-04-05 01:00:00+00:00,17900
2023-04-05 02:00:00+00:00,18190.91667
2023-04-05 03:00:00+00:00,19659.21429
2023-04-05 04:00:00+00:00,22377.5
2023-04-05 05:00:00+00:00,25107.08333
2023-04-05 06:00:00+00:00,26430.07143
2023-04-05 07:00:00+00:00,25166.6
2023-04-05 08:00:00+00:00,23039.91667
2023-04-05 09:00:00+00:00,20826.71429
2023-04-05 10:00:00+00:00,20800
2023-04-05 11:00:00+00:00,21049.08333
2023-04-05 12:00:00+00:00,20115.35714
2023-04-05 13:00:00+00:00,19394.5
2023-04-05 14:00:00+00:00,19236.58333
2023-04-05 15:00:00+00:00,18638.78571
2023-04-05 16:00:00+00:00,18720.5
2023-04-05 17:00:00+00:00,20681.41667
2023-04-05 18:00:00+00:00,23640.21429
2023-04-05 19:00:00+00:00,25431
2023-04-05 20:00:00+00:00,21788.83333
2023-04-05 21:00:00+00:00,19511.71429
2023-04-05 22:00:00+00:00,18691.4
2023-04-05 23:00:00+00:00,17315.16667
2023-04-06 00:00:00+00:00,16144.28571
2023-04-06 01:00:00+00:00,15521.3
2023-04-06 02:00:00+00:00,15786.66667
2023-04-06 03:00:00+00:00,15777.42857
2023-04-06 04:00:00+00:00,16128
2023-04-06 05:00:00+00:00,17379.08333
2023-04-06 06:00:00+00:00,17195.14286
2023-04-06 07:00:00+00:00,16967
2023-04-06 08:00:00+00:00,17468.08333
2023-04-06 09:00:00+00:00,16929
2023-04-06 10:00:00+00:00,16848.9
2023-04-06 11:00:00+00:00,17075.91667
2023-04-06 12:00:00+00:00,16831.92857
2023-04-06 13:00:00+00:00,15538.3
2023-04-06 14:00:00+00:00,15247.5
2023-04-06 15:00:00+00:00,15570.64286
2023-04-06 16:00:00+00:00,15892.6
2023-04-06 17:00:00+00:00,16489.58333
2023-04-06 18:00:00+00:00,17909.64286
2023-04-06 19:00:00+00:00,19535.4
2023-04-06 20:00:00+00:00,18184.66065
2023-04-06 21:00:00+00:00,16258.64286
2023-04-06 22:00:00+00:00,15142.6
2023-04-06 23:00:00+00:00,13687.08333
2023-04-07 00:00:00+00:00,13187
2023-04-07 01:00:00+00:00,12949.4
2023-04-07 02:00:00+00:00,13422.5
2023-04-07 03:00:00+00:00,13614.71429
2023-04-07 04:00:00+00:00,14612.3
2023-04-07 05:00:00+00:00,15048.25
2023-04-07 06:00:00+00:00,14476.28571
2023-04-07 07:00:00+00:00,13231.1
2023-04-07 08:00:00+00:00,13610.25
2023-04-07 09:00:00+00:00,14316.28571
2023-04-07 10:00:00+00:00,13661.9
2023-04-07 11:00:00+00:00,13669.08333
2023-04-07 12:00:00+00:00,13541.21429
2023-04-07 13:00:00+00:00,12896.6
2023-04-07 14:00:00+00:00,12541
2023-04-07 15:00:00+00:00,12805.21429
2023-04-07 16:00:00+00:00,13211.2
2023-04-07 17:00:00+00:00,14289.75
2023-04-07 18:00:00+00:00,17063.35714
2023-04-07 19:00:00+00:00,19234
2023-04-07 20:00:00+00:00,18327.58333
2023-04-07 21:00:00+00:00,16697.78571
2023-04-07 22:00:00+00:00,15335.4
2023-04-07 23:00:00+00:00,14257.75
2023-04-08 00:00:00+00:00,13754.42857
2023-04-08 01:00:00+00:00,13889.7
2023-04-08 02:00:00+00:00,13974.58333
2023-04-08 03:00:00+00:00,14349.35714
2023-04-08 04:00:00+00:00,13934.1
2023-04-08 05:00:00+00:00,15372.41667
2023-04-08 06:00:00+00:00,15591.57143
2023-04-08 07:00:00+00:00,15464.3
2023-04-08 08:00:00+00:00,16119.41667
2023-04-08 09:00:00+00:00,14947.14286
2023-04-08 10:00:00+00:00,14185.2
2023-04-08 11:00:00+00:00,14191.91667
2023-04-08 12:00:00+00:00,13643.42857
2023-04-08 13:00:00+00:00,12934
2023-04-08 14:00:00+00:00,12493.25
2023-04-08 15:00:00+00:00,12824
2023-04-08 16:00:00+00:00,13392.8
2023-04-08 17:00:00+00:00,14513.58333
2023-04-08 18:00:00+00:00,18872.28571
2023-04-08 19:00:00+00:00,21006.4
2023-04-08 20:00:00+00:00,19289.75
2023-04-08 21:00:00+00:00,17426
2023-04-08 22:00:00+00:00,16095.1
2023-04-08 23:00:00+00:00,14721.91667
2023-04-09 00:00:00+00:00,13800.57143
2023-04-09 01:00:00+00:00,13601.5
2023-04-09 02:00:00+00:00,13881
2023-04-09 03:00:00+00:00,14463.5
2023-04-09 04:00:00+00:00,15281.4
2023-04-09 05:00:00+00:00,15482.33333
2023-04-09 06:00:00+00:00,14761.28571
2023-04-09 07:00:00+00:00,14504
2023-04-09 08:00:00+00:00,14177.83333
2023-04-09 09:00:00+00:00,14265.57143
2023-04-09 10:00:00+00:00,13768.9
2023-04-09 11:00:00+00:00,13327.83333
2023-04-09 12:00:00+00:00,13057.28571
2023-04-09 13:00:00+00:00,12851.9
2023-04-09 14:00:00+00:00,12691.75
2023-04-09 15:00:00+00:00,13239.78571
2023-04-09 16:00:00+00:00,13915.7
2023-04-09 17:00:00+00:00,15766.33333
2023-04-09 18:00:00+00:00,18939.5
2023-04-09 19:00:00+00:00,21532.1
2023-04-09 20:00:00+00:00,19948.5
2023-04-09 21:00:00+00:00,18370.78571
2023-04-09 22:00:00+00:00,18261.4
2023-04-09 23:00:00+00:00,16913.5
2023-04-10 00:00:00+00:00,15678.85714
2023-04-10 01:00:00+00:00,15652.1
2023-04-10 02:00:00+00:00,15711.5
2023-04-10 03:00:00+00:00,16427.14286
2023-04-10 04:00:00+00:00,17961.5
2023-04-10 05:00:00+00:00,19761.66667
2023-04-10 06:00:00+00:00,20607.64286
2023-04-10 07:00:00+00:00,21207.5
2023-04-10 08:00:00+00:00,21064.91667
2023-04-10 09:00:00+00:00,20367.28571
2023-04-10 10:00:00+00:00,20132.3
2023-04-10 11:00:00+00:00,20190.5
2023-04-10 12:00:00+00:00,19387.28571
2023-04-10 13:00:00+00:00,18452.7
2023-04-10 14:00:00+00:00,18369.16667
2023-04-10 15:00:00+00:00,16397.92857
2023-04-10 16:00:00+00:00,16727.9
2023-04-10 17:00:00+00:00,17926.16667
2023-04-10 18:00:00+00:00,23115.78571
2023-04-10 19:00:00+00:00,26051.5
2023-04-10 20:00:00+00:00,24024.5
2023-04-10 21:00:00+00:00,20841.21429
2023-04-10 22:00:00+00:00,19182.1
2023-04-10 23:00:00+00:00,17614.5
2023-04-11 00:00:00+00:00,17165.07143
2023-04-11 01:00:00+00:00,17443.4
2023-04-11 02:00:00+00:00,17736.16667
2023-04-11 03:00:00+00:00,19098.42857
2023-04-11 04:00:00+00:00,22586.7
2023-04-11 05:00:00+00:00,25680.41667
2023-04-11 06:00:00+00:00,25645.14286
2023-04-11 07:00:00+00:00,23071.3
2023-04-11 08:00:00+00:00,22202
2023-04-11 09:00:00+00:00,20840.35714
2023-04-11 10:00:00+00:00,20872.3
2023-04-11 11:00:00+00:00,20749.75
2023-04-11 12:00:00+00:00,19610.14286
2023-04-11 13:00:00+00:00,18895.8
2023-04-11 14:00:00+00:00,18864.08333
2023-04-11 15:00:00+00:00,18972.78571
2023-04-11 16:00:00+00:00,19694.3
2023-04-11 17:00:00+00:00,21986
2023-04-11 18:00:00+00:00,24535.5
2023-04-11 19:00:00+00:00,26843.7
2023-04-11 20:00:00+00:00,23068.91667
2023-04-11 21:00:00+00:00,19736.71429
2023-04-11 22:00:00+00:00,18710.5
2023-04-11 23:00:00+00:00,16773.83333
2023-04-12 00:00:00+00:00,16190.64286
2023-04-12 01:00:00+00:00,15652.8
2023-04-12 02:00:00+00:00,15565.33333
2023-04-12 03:00:00+00:00,16358.57143
2023-04-12 04:00:00+00:00,19608.9
2023-04-12 05:00:00+00:00,23721.58333
2023-04-12 06:00:00+00:00,24566.5
2023-04-12 07:00:00+00:00,22312
2023-04-12 08:00:00+00:00,21332
2023-04-12 09:00:00+00:00,20795.78571
2023-04-12 10:00:00+00:00,20729.2
2023-04-12 11:00:00+00:00,20726.41667
2023-04-12 12:00:00+00:00,19853.42857
2023-04-12 13:00:00+00:00,19632.3
2023-04-12 14:00:00+00:00,19735.25
2023-04-12 15:00:00+00:00,20086.85714
2023-04-12 16:00:00+00:00,20088.3
2023-04-12 17:00:00+00:00,21369.41667
2023-04-12 18:00:00+00:00,23289.64286
2023-04-12 19:00:00+00:00,24997.8
2023-04-12 20:00:00+00:00,22119.75
2023-04-12 21:00:00+00:00,19210
2023-04-12 22:00:00+00:00,18686.8
2023-04-12 23:00:00+00:00,17429.75
2023-04-13 00:00:00+00:00,16438.5
2023-04-13 01:00:00+00:00,16149.8
2023-04-13 02:00:00+00:00,16251.58333
2023-04-13 03:00:00+00:00,17088.57143
2023-04-13 04:00:00+00:00,20630.6
2023-04-13 05:00:00+00:00,24556.5
2023-04-13 06:00:00+00:00,24944.57143
2023-04-13 07:00:00+00:00,22365
2023-04-13 08:00:00+00:00,21408.33333
2023-04-13 09:00:00+00:00,21813.28571
2023-04-13 10:00:00+00:00,21307.8
2023-04-13 11:00:00+00:00,20884.75
2023-04-13 12:00:00+00:00,20401.71429
2023-04-13 13:00:00+00:00,20155.4
2023-04-13 14:00:00+00:00,19576.83333
2023-04-13 15:00:00+00:00,20067.64286
2023-04-13 16:00:00+00:00,20365.9
2023-04-13 17:00:00+00:00,21561.33333
2023-04-13 18:00:00+00:00,24259.5
2023-04-13 19:00:00+00:00,26231.5
2023-04-13 20:00:00+00:00,23847
2023-04-13 21:00:00+00:00,21161.71429
2023-04-13 22:00:00+00:00,19747.4
2023-04-13 23:00:00+00:00,18473.91667
2023-04-14 00:00:00+00:00,17875.5
2023-04-14 01:00:00+00:00,17402.7
2023-04-14 02:00:00+00:00,16800.66667
2023-04-14 03:00:00+00:00,17681.85714
2023-04-14 04:00:00+00:00,20962
2023-04-14 05:00:00+00:00,24114.66667
2023-04-14 06:00:00+00:00,24576.28571
2023-04-14 07:00:00+00:00,22972.4
2023-04-14 08:00:00+00:00,22291
2023-04-14 09:00:00+00:00,21884.28571
2023-04-14 10:00:00+00:00,21907.2
2023-04-14 11:00:00+00:00,21652
2023-04-14 12:00:00+00:00,21329.64286
2023-04-14 13:00:00+00:00,20307.3
2023-04-14 14:00:00+00:00,20442.33333
2023-04-14 15:00:00+00:00,20505.5
2023-04-14 16:00:00+00:00,20710.6
2023-04-14 17:00:00+00:00,21042.58333
2023-04-14 18:00:00+00:00,22897.21429
2023-04-14 19:00:00+00:00,24697.8
2023-04-14 20:00:00+00:00,22055.66667
2023-04-14 21:00:00+00:00,19355.14286
2023-04-14 22:00:00+00:00,17933.3
2023-04-14 23:00:00+00:00,16681.75
2023-04-15 00:00:00+00:00,15717.64286
2023-04-15 01:00:00+00:00,14873.2
2023-04-15 02:00:00+00:00,14700
2023-04-15 03:00:00+00:00,14765.5
2023-04-15 04:00:00+00:00,15944
2023-04-15 05:00:00+00:00,16529.91667
2023-04-15 06:00:00+00:00,17128.57143
2023-04-15 07:00:00+00:00,17490
2023-04-15 08:00:00+00:00,17924.58333
2023-04-15 09:00:00+00:00,17353.42857
2023-04-15 10:00:00+00:00,16937.3
2023-04-15 11:00:00+00:00,16962.41667
2023-04-15 12:00:00+00:00,16455.92857
2023-04-15 13:00:00+00:00,15446
2023-04-15 14:00:00+00:00,14978.66667
2023-04-15 15:00:00+00:00,14986.78571
2023-04-15 16:00:00+00:00,15562.9
2023-04-15 17:00:00+00:00,16142.83333
2023-04-15 18:00:00+00:00,18791.14286
2023-04-15 19:00:00+00:00,21295.5
2023-04-15 20:00:00+00:00,19303.66667
2023-04-15 21:00:00+00:00,16732.5
2023-04-15 22:00:00+00:00,15575.8
2023-04-15 23:00:00+00:00,14763.16667
2023-04-16 00:00:00+00:00,13279.14286
2023-04-16 01:00:00+00:00,13087.1
2023-04-16 02:00:00+00:00,13039.83333
2023-04-16 03:00:00+00:00,13104.71429
2023-04-16 04:00:00+00:00,13699.6
2023-04-16 05:00:00+00:00,13778.83333
2023-04-16 06:00:00+00:00,14412.35714
2023-04-16 07:00:00+00:00,15572.9
2023-04-16 08:00:00+00:00,16482.25
2023-04-16 09:00:00+00:00,17108.07143
2023-04-16 10:00:00+00:00,16502.9
2023-04-16 11:00:00+00:00,16716.08333
2023-04-16 12:00:00+00:00,16309.07143
2023-04-16 13:00:00+00:00,14088.7
2023-04-16 14:00:00+00:00,13638.83333
2023-04-16 15:00:00+00:00,13725.78571
2023-04-16 16:00:00+00:00,14482.9
2023-04-16 17:00:00+00:00,14932.91667
2023-04-16 18:00:00+00:00,18739.78571
2023-04-16 19:00:00+00:00,21345.9
2023-04-16 20:00:00+00:00,21144.83333
2023-04-16 21:00:00+00:00,18358.21429
2023-04-16 22:00:00+00:00,16774.3
2023-04-16 23:00:00+00:00,15983.75
2023-04-17 00:00:00+00:00,15203.85714
2023-04-17 01:00:00+00:00,15001.1
2023-04-17 02:00:00+00:00,15539.5
2023-04-17 03:00:00+00:00,16539.42857
2023-04-17 04:00:00+00:00,19990
2023-04-17 05:00:00+00:00,23958.75
2023-04-17 06:00:00+00:00,24570.85714
2023-04-17 07:00:00+00:00,22390.5
2023-04-17 08:00:00+00:00,21213.66667
2023-04-17 09:00:00+00:00,20722.57143
2023-04-17 10:00:00+00:00,20860.4
2023-04-17 11:00:00+00:00,21131.16667
2023-04-17 12:00:00+00:00,20842.64286
2023-04-17 13:00:00+00:00,20127.3
2023-04-17 14:00:00+00:00,19860.66667
2023-04-17 15:00:00+00:00,19724.5
2023-04-17 16:00:00+00:00,20181.6
2023-04-17 17:00:00+00:00,20602.75
2023-04-17 18:00:00+00:00,23849.21429
2023-04-17 19:00:00+00:00,25624.5
2023-04-17 20:00:00+00:00,22430.41667
2023-04-17 21:00:00+00:00,18884.42857
2023-04-17 22:00:00+00:00,17891.4
2023-04-17 23:00:00+00:00,16586.25
2023-04-18 00:00:00+00:00,16047.07143
2023-04-18 01:00:00+00:00,16298.5
2023-04-18 02:00:00+00:00,17172.16667
2023-04-18 03:00:00+00:00,18061.5
2023-04-18 04:00:00+00:00,21163.9
2023-04-18 05:00:00+00:00,25191.33333
2023-04-18 06:00:00+00:00,26148.78571
2023-04-18 07:00:00+00:00,24190.2
2023-04-18 08:00:00+00:00,22983
2023-04-18 09:00:00+00:00,22404.5
2023-04-18 10:00:00+00:00,22681.4
2023-04-18 11:00:00+00:00,22930.66667
2023-04-18 12:00:00+00:00,22243.57143
2023-04-18 13:00:00+00:00,21660.2
2023-04-18 14:00:00+00:00,21420.91667
2023-04-18 15:00:00+00:00,21712.07143
2023-04-18 16:00:00+00:00,21795.1
2023-04-18 17:00:00+00:00,21671.91667
2023-04-18 18:00:00+00:00,25285.42857
2023-04-18 19:00:00+00:00,28668.5
2023-04-18 20:00:00+00:00,24205.66667
2023-04-18 21:00:00+00:00,21157.71429
2023-04-18 22:00:00+00:00,20937.1
2023-04-18 23:00:00+00:00,19626.83333
2023-04-19 00:00:00+00:00,18526.5
2023-04-19 01:00:00+00:00,18359.7
2023-04-19 02:00:00+00:00,18597.25
2023-04-19 03:00:00+00:00,19885.92857
2023-04-19 04:00:00+00:00,22991.9
2023-04-19 05:00:00+00:00,26136.33333
2023-04-19 06:00:00+00:00,26319.64286
2023-04-19 07:00:00+00:00,22870.6
2023-04-19 08:00:00+00:00,21873.16667
2023-04-19 09:00:00+00:00,22064.71429
2023-04-19 10:00:00+00:00,22374
2023-04-19 11:00:00+00:00,22978.08333
2023-04-19 12:00:00+00:00,22469.64286
2023-04-19 13:00:00+00:00,21575
2023-04-19 14:00:00+00:00,21643.75
2023-04-19 15:00:00+00:00,22488.85714
2023-04-19 16:00:00+00:00,21922.9
2023-04-19 17:00:00+00:00,25010.83333
2023-04-19 18:00:00+00:00,28897.92857
2023-04-19 19:00:00+00:00,31352
2023-04-19 20:00:00+00:00,27279.33333
2023-04-19 21:00:00+00:00,23802.92857
2023-04-19 22:00:00+00:00,22115.6
2023-04-19 23:00:00+00:00,21178.58333
2023-04-20 00:00:00+00:00,20433.64286
2023-04-20 01:00:00+00:00,20258.6
2023-04-20 02:00:00+00:00,20335.08333
2023-04-20 03:00:00+00:00,21222.28571
2023-04-20 04:00:00+00:00,23798.8
2023-04-20 05:00:00+00:00,26643.5
2023-04-20 06:00:00+00:00,25536.64286
2023-04-20 07:00:00+00:00,23713.5
2023-04-20 08:00:00+00:00,21904.08333
2023-04-20 09:00:00+00:00,22369.5
2023-04-20 10:00:00+00:00,22291.6
2023-04-20 11:00:00+00:00,22384.41667
2023-04-20 12:00:00+00:00,22039.57143
2023-04-20 13:00:00+00:00,21187.6
2023-04-20 14:00:00+00:00,20513
2023-04-20 15:00:00+00:00,20947.71429
2023-04-20 16:00:00+00:00,22103.2
2023-04-20 17:00:00+00:00,23669.41667
2023-04-20 18:00:00+00:00,26449.64286
2023-04-20 19:00:00+00:00,29868.5
2023-04-20 20:00:00+00:00,25730.91667
2023-04-20 21:00:00+00:00,23577.57143
2023-04-20 22:00:00+00:00,22205.2
2023-04-20 23:00:00+00:00,20757.5
2023-04-21 00:00:00+00:00,20440.35714
2023-04-21 01:00:00+00:00,20246.3
2023-04-21 02:00:00+00:00,20131.66667
2023-04-21 03:00:00+00:00,20467.07143
2023-04-21 04:00:00+00:00,22119.9
2023-04-21 05:00:00+00:00,24650.33333
2023-04-21 06:00:00+00:00,24862.35714
2023-04-21 07:00:00+00:00,23335.3
2023-04-21 08:00:00+00:00,22893
2023-04-21 09:00:00+00:00,22616.85714
2023-04-21 10:00:00+00:00,21961.8
2023-04-21 11:00:00+00:00,21975.5
2023-04-21 12:00:00+00:00,21286.35714
2023-04-21 13:00:00+00:00,19736
2023-04-21 14:00:00+00:00,19819.33333
2023-04-21 15:00:00+00:00,19558.92857
2023-04-21 16:00:00+00:00,20322.3
2023-04-21 17:00:00+00:00,20929.41667
2023-04-21 18:00:00+00:00,23216.28571
2023-04-21 19:00:00+00:00,25362.9
2023-04-21 20:00:00+00:00,22786.5
2023-04-21 21:00:00+00:00,21338
2023-04-21 22:00:00+00:00,21414
2023-04-21 23:00:00+00:00,20011.08333
2023-04-22 00:00:00+00:00,18855.42857
2023-04-22 01:00:00+00:00,19121.3
2023-04-22 02:00:00+00:00,19134.25
2023-04-22 03:00:00+00:00,18966.28571
2023-04-22 04:00:00+00:00,19063.5
2023-04-22 05:00:00+00:00,19639.41667
2023-04-22 06:00:00+00:00,20581.28571
2023-04-22 07:00:00+00:00,21481.2
2023-04-22 08:00:00+00:00,21051.5
2023-04-22 09:00:00+00:00,19781.92857
2023-04-22 10:00:00+00:00,18954.8
2023-04-22 11:00:00+00:00,20347.83333
2023-04-22 12:00:00+00:00,20380.14286
2023-04-22 13:00:00+00:00,18170.7
2023-04-22 14:00:00+00:00,16816.08333
2023-04-22 15:00:00+00:00,16058.64286
2023-04-22 16:00:00+00:00,16707.2
2023-04-22 17:00:00+00:00,18645.58333
2023-04-22 18:00:00+00:00,21881.07143
2023-04-22 19:00:00+00:00,25647.5
2023-04-22 20:00:00+00:00,23093.91667
2023-04-22 21:00:00+00:00,20627.5
2023-04-22 22:00:00+00:00,18059.4
2023-04-22 23:00:00+00:00,16287.5
2023-04-23 00:00:00+00:00,14820.21429
2023-04-23 01:00:00+00:00,14382.5
2023-04-23 02:00:00+00:00,14408.91667
2023-04-23 03:00:00+00:00,14551.35714
2023-04-23 04:00:00+00:00,15105.3
2023-04-23 05:00:00+00:00,14806.25
2023-04-23 06:00:00+00:00,15093.92857
2023-04-23 07:00:00+00:00,15388.6
2023-04-23 08:00:00+00:00,16166.41667
2023-04-23 09:00:00+00:00,16244.28571
2023-04-23 10:00:00+00:00,16180
2023-04-23 11:00:00+00:00,16596.08333
2023-04-23 12:00:00+00:00,16182.42857
2023-04-23 13:00:00+00:00,15021.2
2023-04-23 14:00:00+00:00,14202.16667
2023-04-23 15:00:00+00:00,14858.57143
2023-04-23 16:00:00+00:00,15739.1
2023-04-23 17:00:00+00:00,16599.41667
2023-04-23 18:00:00+00:00,19585.57143
2023-04-23 19:00:00+00:00,23310.3
2023-04-23 20:00:00+00:00,22457.08333
2023-04-23 21:00:00+00:00,20831.07143
2023-04-23 22:00:00+00:00,20059.2
2023-04-23 23:00:00+00:00,19054.41667
2023-04-24 00:00:00+00:00,18652.57143
2023-04-24 01:00:00+00:00,18461
2023-04-24 02:00:00+00:00,18308
2023-04-24 03:00:00+00:00,19267.5
2023-04-24 04:00:00+00:00,22984
2023-04-24 05:00:00+00:00,25410.33333
2023-04-24 06:00:00+00:00,24876.57143
2023-04-24 07:00:00+00:00,22632.3
2023-04-24 08:00:00+00:00,21664.41667
2023-04-24 09:00:00+00:00,21389.21429
2023-04-24 10:00:00+00:00,21687.1
2023-04-24 11:00:00+00:00,21740.5
2023-04-24 12:00:00+00:00,20970
2023-04-24 13:00:00+00:00,20166.8
2023-04-24 14:00:00+00:00,19772.25
2023-04-24 15:00:00+00:00,20046.5
2023-04-24 16:00:00+00:00,21213.4
2023-04-24 17:00:00+00:00,22927.5
2023-04-24 18:00:00+00:00,25959
2023-04-24 19:00:00+00:00,30162.3
2023-04-24 20:00:00+00:00,27198.16667
2023-04-24 21:00:00+00:00,23012.28571
2023-04-24 22:00:00+00:00,23270.3
2023-04-24 23:00:00+00:00,21648.58333
2023-04-25 00:00:00+00:00,20849.64286
2023-04-25 01:00:00+00:00,20446.7
2023-04-25 02:00:00+00:00,20470.33333
2023-04-25 03:00:00+00:00,20610.85714
2023-04-25 04:00:00+00:00,23102.8
2023-04-25 05:00:00+00:00,25302.83333
2023-04-25 06:00:00+00:00,25153.07143
2023-04-25 07:00:00+00:00,23179.5
2023-04-25 08:00:00+00:00,22709.08333
2023-04-25 09:00:00+00:00,22097.64286
2023-04-25 10:00:00+00:00,21726.5
2023-04-25 11:00:00+00:00,21751.33333
2023-04-25 12:00:00+00:00,21175.5
2023-04-25 13:00:00+00:00,20362
2023-04-25 14:00:00+00:00,20243.08333
2023-04-25 15:00:00+00:00,20771.71429
2023-04-25 16:00:00+00:00,22012.2
2023-04-25 17:00:00+00:00,23181.91667
2023-04-25 18:00:00+00:00,26011.71429
2023-04-25 19:00:00+00:00,28633.2
2023-04-25 20:00:00+00:00,24534.08333
2023-04-25 21:00:00+00:00,22202.35714
2023-04-25 22:00:00+00:00,22167.3
2023-04-25 23:00:00+00:00,21108.75
2023-04-26 00:00:00+00:00,20232.5
2023-04-26 01:00:00+00:00,20175.8
2023-04-26 02:00:00+00:00,20194.5
2023-04-26 03:00:00+00:00,20646.5
2023-04-26 04:00:00+00:00,22949
2023-04-26 05:00:00+00:00,26119.33333
2023-04-26 06:00:00+00:00,25370.5
2023-04-26 07:00:00+00:00,23247.2
2023-04-26 08:00:00+00:00,22711.08333
2023-04-26 09:00:00+00:00,22632.64286
2023-04-26 10:00:00+00:00,22406.9
2023-04-26 11:00:00+00:00,22025.5
2023-04-26 12:00:00+00:00,21237.64286
2023-04-26 13:00:00+00:00,20675.2
2023-04-26 14:00:00+00:00,21239.5
2023-04-26 15:00:00+00:00,21721.92857
2023-04-26 16:00:00+00:00,21824
2023-04-26 17:00:00+00:00,22704.16667
2023-04-26 18:00:00+00:00,25956.71429
2023-04-26 19:00:00+00:00,29060.6
2023-04-26 20:00:00+00:00,25172.75
2023-04-26 21:00:00+00:00,22411.5
2023-04-26 22:00:00+00:00,22372
2023-04-26 23:00:00+00:00,21847.91667
2023-04-27 00:00:00+00:00,20878
2023-04-27 01:00:00+00:00,20738
2023-04-27 02:00:00+00:00,20560.66667
2023-04-27 03:00:00+00:00,20261.42857
2023-04-27 04:00:00+00:00,21761.5
2023-04-27 05:00:00+00:00,24700.83333
2023-04-27 06:00:00+00:00,25164.78571
2023-04-27 07:00:00+00:00,23020.8
2023-04-27 08:00:00+00:00,22222.83333
2023-04-27 09:00:00+00:00,22200.78571
2023-04-27 10:00:00+00:00,22539.2
2023-04-27 11:00:00+00:00,22660.75
2023-04-27 12:00:00+00:00,21837.71429
2023-04-27 13:00:00+00:00,21243.7
2023-04-27 14:00:00+00:00,21560.83333
2023-04-27 15:00:00+00:00,21696.64286
2023-04-27 16:00:00+00:00,22454.1
2023-04-27 17:00:00+00:00,23408.75
2023-04-27 18:00:00+00:00,27209.92857
2023-04-27 19:00:00+00:00,29842.6
2023-04-27 20:00:00+00:00,26291.08333
2023-04-27 21:00:00+00:00,23297
2023-04-27 22:00:00+00:00,23085.1
2023-04-27 23:00:00+00:00,21613.91667
2023-04-28 00:00:00+00:00,20675.78571
2023-04-28 01:00:00+00:00,20282.6
2023-04-28 02:00:00+00:00,20623.5
2023-04-28 03:00:00+00:00,20931.42857
2023-04-28 04:00:00+00:00,22612.8
2023-04-28 05:00:00+00:00,24796.75
2023-04-28 06:00:00+00:00,24128.5
2023-04-28 07:00:00+00:00,23078.4
2023-04-28 08:00:00+00:00,22935.16667
2023-04-28 09:00:00+00:00,22413.28571
2023-04-28 10:00:00+00:00,22340.6
2023-04-28 11:00:00+00:00,22224.91667
2023-04-28 12:00:00+00:00,22229.71429
2023-04-28 13:00:00+00:00,21652.1
2023-04-28 14:00:00+00:00,21508.5
2023-04-28 15:00:00+00:00,21452.92857
2023-04-28 16:00:00+00:00,21689.9
2023-04-28 17:00:00+00:00,23030.08333
2023-04-28 18:00:00+00:00,25551.07143
2023-04-28 19:00:00+00:00,28806.8
2023-04-28 20:00:00+00:00,25709.83333
2023-04-28 21:00:00+00:00,23514.85714
2023-04-28 22:00:00+00:00,22847.7
2023-04-28 23:00:00+00:00,21745.41667
2023-04-29 00:00:00+00:00,20478.28571
2023-04-29 01:00:00+00:00,19701.8
2023-04-29 02:00:00+00:00,19343.66667
2023-04-29 03:00:00+00:00,19028.35714
2023-04-29 04:00:00+00:00,19108
2023-04-29 05:00:00+00:00,19098.75
2023-04-29 06:00:00+00:00,19114.64286
2023-04-29 07:00:00+00:00,20294.3
2023-04-29 08:00:00+00:00,21110.66667
2023-04-29 09:00:00+00:00,19422.42857
2023-04-29 10:00:00+00:00,18907.9
2023-04-29 11:00:00+00:00,19449.5
2023-04-29 12:00:00+00:00,19561.28571
2023-04-29 13:00:00+00:00,18212.8
2023-04-29 14:00:00+00:00,17977.25
2023-04-29 15:00:00+00:00,17658.35714
2023-04-29 16:00:00+00:00,17925.9
2023-04-29 17:00:00+00:00,19278.41667
2023-04-29 18:00:00+00:00,21225.14286
2023-04-29 19:00:00+00:00,22915
2023-04-29 20:00:00+00:00,20028.41667
2023-04-29 21:00:00+00:00,18633
2023-04-29 22:00:00+00:00,17743.7
2023-04-29 23:00:00+00:00,15963.75
2023-04-30 00:00:00+00:00,14762
2023-04-30 01:00:00+00:00,14544.6
2023-04-30 02:00:00+00:00,14976.33333
2023-04-30 03:00:00+00:00,15291.5
2023-04-30 04:00:00+00:00,15443
2023-04-30 05:00:00+00:00,15011.58333
2023-04-30 06:00:00+00:00,15746.71429
2023-04-30 07:00:00+00:00,16470.7
2023-04-30 08:00:00+00:00,18552.08333
2023-04-30 09:00:00+00:00,17561.07143
2023-04-30 10:00:00+00:00,16205
2023-04-30 11:00:00+00:00,18387.41667
2023-04-30 12:00:00+00:00,18504.64286
2023-04-30 13:00:00+00:00,19039.4
2023-04-30 14:00:00+00:00,15702.58333
2023-04-30 15:00:00+00:00,15270.21429
2023-04-30 16:00:00+00:00,15885.8
2023-04-30 17:00:00+00:00,15919.25
2023-04-30 18:00:00+00:00,17172.71429
2023-04-30 19:00:00+00:00,20371.6
2023-04-30 20:00:00+00:00,18888
2023-04-30 21:00:00+00:00,17036
2023-04-30 22:00:00+00:00,17319.3
2023-04-30 23:00:00+00:00,15905.83333
2023-05-01 00:00:00+00:00,14647.57143
2023-05-01 01:00:00+00:00,14379.7
2023-05-01 02:00:00+00:00,14057.25
2023-05-01 03:00:00+00:00,14488.14286
2023-05-01 04:00:00+00:00,15646.1
2023-05-01 05:00:00+00:00,15512.41667
2023-05-01 06:00:00+00:00,13235.85714
2023-05-01 07:00:00+00:00,13146.3
2023-05-01 08:00:00+00:00,13864.16667
2023-05-01 09:00:00+00:00,15340.85714
2023-05-01 10:00:00+00:00,15346.4
2023-05-01 11:00:00+00:00,15775.58333
2023-05-01 12:00:00+00:00,15651.57143
2023-05-01 13:00:00+00:00,15130.3
2023-05-01 14:00:00+00:00,14451.83333
2023-05-01 15:00:00+00:00,14920.07143
2023-05-01 16:00:00+00:00,15316.6
2023-05-01 17:00:00+00:00,14879.16667
2023-05-01 18:00:00+00:00,18432.64286
2023-05-01 19:00:00+00:00,23245.9
2023-05-01 20:00:00+00:00,22381.08333
2023-05-01 21:00:00+00:00,20839.57143
2023-05-01 22:00:00+00:00,19785.5
2023-05-01 23:00:00+00:00,18552.08333
2023-05-02 00:00:00+00:00,17734.92857
2023-05-02 01:00:00+00:00,17194.6
2023-05-02 02:00:00+00:00,17014.25
2023-05-02 03:00:00+00:00,18395.28571
2023-05-02 04:00:00+00:00,20429.4
2023-05-02 05:00:00+00:00,22301.91667
2023-05-02 06:00:00+00:00,22790
2023-05-02 07:00:00+00:00,20833.7
2023-05-02 08:00:00+00:00,20425.58333
2023-05-02 09:00:00+00:00,21167.57143
2023-05-02 10:00:00+00:00,21219.1
2023-05-02 11:00:00+00:00,21706.33333
2023-05-02 12:00:00+00:00,21306.85714
2023-05-02 13:00:00+00:00,21131.3
2023-05-02 14:00:00+00:00,21449.83333
2023-05-02 15:00:00+00:00,22105.07143
2023-05-02 16:00:00+00:00,22509.7
2023-05-02 17:00:00+00:00,22815.91667
2023-05-02 18:00:00+00:00,25737.28571
2023-05-02 19:00:00+00:00,28488.2
2023-05-02 20:00:00+00:00,25703.25
2023-05-02 21:00:00+00:00,22207.85714
2023-05-02 22:00:00+00:00,22504.7
2023-05-02 23:00:00+00:00,21285.75
2023-05-03 00:00:00+00:00,20044.71429
2023-05-03 01:00:00+00:00,19551.3
2023-05-03 02:00:00+00:00,19418.91667
2023-05-03 03:00:00+00:00,19880.5
2023-05-03 04:00:00+00:00,22256.3
2023-05-03 05:00:00+00:00,24329
2023-05-03 06:00:00+00:00,25305.5
2023-05-03 07:00:00+00:00,23413.6
2023-05-03 08:00:00+00:00,22803.08333
2023-05-03 09:00:00+00:00,21881
2023-05-03 10:00:00+00:00,23037
2023-05-03 11:00:00+00:00,23639.91667
2023-05-03 12:00:00+00:00,23821.64286
2023-05-03 13:00:00+00:00,22799.7
2023-05-03 14:00:00+00:00,22114
2023-05-03 15:00:00+00:00,22322.5
2023-05-03 16:00:00+00:00,21986.4
2023-05-03 17:00:00+00:00,22604.41667
2023-05-03 18:00:00+00:00,26376.07143
2023-05-03 19:00:00+00:00,29718.8
2023-05-03 20:00:00+00:00,27115.33333
2023-05-03 21:00:00+00:00,23067
2023-05-03 22:00:00+00:00,21216.6
2023-05-03 23:00:00+00:00,20242.66667
2023-05-04 00:00:00+00:00,20370.57143
2023-05-04 01:00:00+00:00,20154.8
2023-05-04 02:00:00+00:00,20526.91667
2023-05-04 03:00:00+00:00,21897.42857
2023-05-04 04:00:00+00:00,24086.1
2023-05-04 05:00:00+00:00,27125.33333
2023-05-04 06:00:00+00:00,26384.21429
2023-05-04 07:00:00+00:00,24270.1
2023-05-04 08:00:00+00:00,23469.5
2023-05-04 09:00:00+00:00,23337.71429
2023-05-04 10:00:00+00:00,24507.7
2023-05-04 11:00:00+00:00,24738.66667
2023-05-04 12:00:00+00:00,24772.64286
2023-05-04 13:00:00+00:00,23069.2
2023-05-04 14:00:00+00:00,22348.41667
2023-05-04 15:00:00+00:00,22634.92857
2023-05-04 16:00:00+00:00,22267.9
2023-05-04 17:00:00+00:00,23736.41667
2023-05-04 18:00:00+00:00,27799.28571
2023-05-04 19:00:00+00:00,30594
2023-05-04 20:00:00+00:00,27747.66667
2023-05-04 21:00:00+00:00,24397.21429
2023-05-04 22:00:00+00:00,23470.6
2023-05-04 23:00:00+00:00,22792.66667
2023-05-05 00:00:00+00:00,21741.35714
2023-05-05 01:00:00+00:00,21590.1
2023-05-05 02:00:00+00:00,21384.25
2023-05-05 03:00:00+00:00,22206.78571
2023-05-05 04:00:00+00:00,25043.8
2023-05-05 05:00:00+00:00,27999.83333
2023-05-05 06:00:00+00:00,26200.07143
2023-05-05 07:00:00+00:00,23902.7
2023-05-05 08:00:00+00:00,23669.41667
2023-05-05 09:00:00+00:00,22801.78571
2023-05-05 10:00:00+00:00,22153.9
2023-05-05 11:00:00+00:00,22530
2023-05-05 12:00:00+00:00,22302.64286
2023-05-05 13:00:00+00:00,20821.8
2023-05-05 14:00:00+00:00,20750
2023-05-05 15:00:00+00:00,21003.78571
2023-05-05 16:00:00+00:00,21772.3
2023-05-05 17:00:00+00:00,22918.25
2023-05-05 18:00:00+00:00,26312.21429
2023-05-05 19:00:00+00:00,29147.3
2023-05-05 20:00:00+00:00,26132.75
2023-05-05 21:00:00+00:00,22884
2023-05-05 22:00:00+00:00,23309.2
2023-05-05 23:00:00+00:00,22114.58333
2023-05-06 00:00:00+00:00,21190.07143
2023-05-06 01:00:00+00:00,20462.9
2023-05-06 02:00:00+00:00,20132.91667
2023-05-06 03:00:00+00:00,20683.57143
2023-05-06 04:00:00+00:00,21331.7
2023-05-06 05:00:00+00:00,21734.83333
2023-05-06 06:00:00+00:00,20491.28571
2023-05-06 07:00:00+00:00,20235.1
2023-05-06 08:00:00+00:00,20267.16667
2023-05-06 09:00:00+00:00,18789.28571
2023-05-06 10:00:00+00:00,19003.1
2023-05-06 11:00:00+00:00,19552.75
2023-05-06 12:00:00+00:00,18033.21429
2023-05-06 13:00:00+00:00,16330.8
2023-05-06 14:00:00+00:00,15999.5
2023-05-06 15:00:00+00:00,16726.64286
2023-05-06 16:00:00+00:00,17536.2
2023-05-06 17:00:00+00:00,19092.16667
2023-05-06 18:00:00+00:00,22776.85714
2023-05-06 19:00:00+00:00,26254.8
2023-05-06 20:00:00+00:00,24143.83333
2023-05-06 21:00:00+00:00,22304.14286
2023-05-06 22:00:00+00:00,20722.6
2023-05-06 23:00:00+00:00,18561.66667
2023-05-07 00:00:00+00:00,17493.92857
2023-05-07 01:00:00+00:00,16933.2
2023-05-07 02:00:00+00:00,17053.16667
2023-05-07 03:00:00+00:00,17062.42857
2023-05-07 04:00:00+00:00,17571.9
2023-05-07 05:00:00+00:00,17518
2023-05-07 06:00:00+00:00,15675.71429
2023-05-07 07:00:00+00:00,14650.2
2023-05-07 08:00:00+00:00,15634.08333
2023-05-07 09:00:00+00:00,15254.14286
2023-05-07 10:00:00+00:00,15675.5
2023-05-07 11:00:00+00:00,16501.66667
2023-05-07 12:00:00+00:00,16396.92857
2023-05-07 13:00:00+00:00,14767.1
2023-05-07 14:00:00+00:00,14353.16667
2023-05-07 15:00:00+00:00,14720.78571
2023-05-07 16:00:00+00:00,15891.3
2023-05-07 17:00:00+00:00,17424.75
2023-05-07 18:00:00+00:00,20450.35714
2023-05-07 19:00:00+00:00,25573.3
2023-05-07 20:00:00+00:00,24954.33333
2023-05-07 21:00:00+00:00,22462.14286
2023-05-07 22:00:00+00:00,21176.8
2023-05-07 23:00:00+00:00,20049.58333
2023-05-08 00:00:00+00:00,19477.07143
2023-05-08 01:00:00+00:00,19428.9
2023-05-08 02:00:00+00:00,19737.08333
2023-05-08 03:00:00+00:00,20657.85714
2023-05-08 04:00:00+00:00,23881.2
2023-05-08 05:00:00+00:00,26610.58333
2023-05-08 06:00:00+00:00,26460.21429
2023-05-08 07:00:00+00:00,25175.9
2023-05-08 08:00:00+00:00,23199.25
2023-05-08 09:00:00+00:00,22263.28571
2023-05-08 10:00:00+00:00,21726.6
2023-05-08 11:00:00+00:00,21555.83333
2023-05-08 12:00:00+00:00,21066.57143
2023-05-08 13:00:00+00:00,20395.6
2023-05-08 14:00:00+00:00,19867.75
2023-05-08 15:00:00+00:00,20335
2023-05-08 16:00:00+00:00,21254.5
2023-05-08 17:00:00+00:00,22979.58333
2023-05-08 18:00:00+00:00,27469.64286
2023-05-08 19:00:00+00:00,30490.1
2023-05-08 20:00:00+00:00,26797.33333
2023-05-08 21:00:00+00:00,23666.35714
2023-05-08 22:00:00+00:00,23652.2
2023-05-08 23:00:00+00:00,22861.91667
2023-05-09 00:00:00+00:00,22551.57143
2023-05-09 01:00:00+00:00,22388.5
2023-05-09 02:00:00+00:00,22567.08333
2023-05-09 03:00:00+00:00,23480
2023-05-09 04:00:00+00:00,25508.2
2023-05-09 05:00:00+00:00,26886.66667
2023-05-09 06:00:00+00:00,26480.14286
2023-05-09 07:00:00+00:00,24458.1
2023-05-09 08:00:00+00:00,24259.41667
2023-05-09 09:00:00+00:00,23079.85714
2023-05-09 10:00:00+00:00,23771.2
2023-05-09 11:00:00+00:00,23706.16667
2023-05-09 12:00:00+00:00,22573.57143
2023-05-09 13:00:00+00:00,22745.2
2023-05-09 14:00:00+00:00,22888.16667
2023-05-09 15:00:00+00:00,22848.35714
2023-05-09 16:00:00+00:00,23195.4
2023-05-09 17:00:00+00:00,23569.75
2023-05-09 18:00:00+00:00,25858.92857
2023-05-09 19:00:00+00:00,27467.3
2023-05-09 20:00:00+00:00,24538.83333
2023-05-09 21:00:00+00:00,22161
2023-05-09 22:00:00+00:00,21217.4
2023-05-09 23:00:00+00:00,20236.5
2023-05-10 00:00:00+00:00,19400.92857
2023-05-10 01:00:00+00:00,19455.8
2023-05-10 02:00:00+00:00,20267.66667
2023-05-10 03:00:00+00:00,21119.35714
2023-05-10 04:00:00+00:00,22856.2
2023-05-10 05:00:00+00:00,24336.33333
2023-05-10 06:00:00+00:00,23035.78571
2023-05-10 07:00:00+00:00,21636.7
2023-05-10 08:00:00+00:00,20937.75
2023-05-10 09:00:00+00:00,20525.85714
2023-05-10 10:00:00+00:00,20878.5
2023-05-10 11:00:00+00:00,20668.83333
2023-05-10 12:00:00+00:00,20425.64286
2023-05-10 13:00:00+00:00,20334.1
2023-05-10 14:00:00+00:00,20371.16667
2023-05-10 15:00:00+00:00,20596.14286
2023-05-10 16:00:00+00:00,20846.2
2023-05-10 17:00:00+00:00,21959.75
2023-05-10 18:00:00+00:00,25364.78571
2023-05-10 19:00:00+00:00,26769.4
2023-05-10 20:00:00+00:00,23675.5
2023-05-10 21:00:00+00:00,20809.78571
2023-05-10 22:00:00+00:00,20685.1
2023-05-10 23:00:00+00:00,19368.08333
2023-05-11 00:00:00+00:00,18085.85714
2023-05-11 01:00:00+00:00,18836.1
2023-05-11 02:00:00+00:00,19018.33333
2023-05-11 03:00:00+00:00,19782.78571
2023-05-11 04:00:00+00:00,22260.1
2023-05-11 05:00:00+00:00,23919
2023-05-11 06:00:00+00:00,23500.21429
2023-05-11 07:00:00+00:00,22718.4
2023-05-11 08:00:00+00:00,21746.08333
2023-05-11 09:00:00+00:00,21229.07143
2023-05-11 10:00:00+00:00,21297.5
2023-05-11 11:00:00+00:00,21764.58333
2023-05-11 12:00:00+00:00,21180.5
2023-05-11 13:00:00+00:00,20635.3
2023-05-11 14:00:00+00:00,20538.91667
2023-05-11 15:00:00+00:00,20912.07143
2023-05-11 16:00:00+00:00,21576.9
2023-05-11 17:00:00+00:00,22064.25
2023-05-11 18:00:00+00:00,24975.21429
2023-05-11 19:00:00+00:00,26286
2023-05-11 20:00:00+00:00,23858.25
2023-05-11 21:00:00+00:00,21314.42857
2023-05-11 22:00:00+00:00,20377.3
2023-05-11 23:00:00+00:00,19658.83333
2023-05-12 00:00:00+00:00,19562
2023-05-12 01:00:00+00:00,19810.2
2023-05-12 02:00:00+00:00,20270
2023-05-12 03:00:00+00:00,20972
2023-05-12 04:00:00+00:00,22991.3
2023-05-12 05:00:00+00:00,24221.41667
2023-05-12 06:00:00+00:00,23355.14286
2023-05-12 07:00:00+00:00,21738.1
2023-05-12 08:00:00+00:00,21407.58333
2023-05-12 09:00:00+00:00,20771.35714
2023-05-12 10:00:00+00:00,21398.4
2023-05-12 11:00:00+00:00,21457.25
2023-05-12 12:00:00+00:00,21398.07143
2023-05-12 13:00:00+00:00,20633.7
2023-05-12 14:00:00+00:00,20584.91667
2023-05-12 15:00:00+00:00,20784.85714
2023-05-12 16:00:00+00:00,20675.8
2023-05-12 17:00:00+00:00,21726.25
2023-05-12 18:00:00+00:00,23814.64286
2023-05-12 19:00:00+00:00,25533.1
2023-05-12 20:00:00+00:00,23078.58333
2023-05-12 21:00:00+00:00,19555.28571
2023-05-12 22:00:00+00:00,19178.7
2023-05-12 23:00:00+00:00,17695.41667
2023-05-13 00:00:00+00:00,17334.71429
2023-05-13 01:00:00+00:00,17401.8
2023-05-13 02:00:00+00:00,17036.5
2023-05-13 03:00:00+00:00,17590.92857
2023-05-13 04:00:00+00:00,17707.7
2023-05-13 05:00:00+00:00,17160.08333
2023-05-13 06:00:00+00:00,17025.57143
2023-05-13 07:00:00+00:00,17160.4
2023-05-13 08:00:00+00:00,17433.33333
2023-05-13 09:00:00+00:00,17147.07143
2023-05-13 10:00:00+00:00,17374.4
2023-05-13 11:00:00+00:00,17216.91667
2023-05-13 12:00:00+00:00,16957.64286
2023-05-13 13:00:00+00:00,15847.3
2023-05-13 14:00:00+00:00,15379.33333
2023-05-13 15:00:00+00:00,15432.28571
2023-05-13 16:00:00+00:00,16236.4
2023-05-13 17:00:00+00:00,16940.75
2023-05-13 18:00:00+00:00,19108.28571
2023-05-13 19:00:00+00:00,21597.9
2023-05-13 20:00:00+00:00,19834.66667
2023-05-13 21:00:00+00:00,17412
2023-05-13 22:00:00+00:00,17446.5
2023-05-13 23:00:00+00:00,16044.16667
2023-05-14 00:00:00+00:00,15353.57143
2023-05-14 01:00:00+00:00,15248.2
2023-05-14 02:00:00+00:00,14796.33333
2023-05-14 03:00:00+00:00,15154.42857
2023-05-14 04:00:00+00:00,15648.9
2023-05-14 05:00:00+00:00,15048.83333
2023-05-14 06:00:00+00:00,14443.21429
2023-05-14 07:00:00+00:00,14961.1
2023-05-14 08:00:00+00:00,15645.41667
2023-05-14 09:00:00+00:00,14549.85714
2023-05-14 10:00:00+00:00,15163.8
2023-05-14 11:00:00+00:00,15986.83333
2023-05-14 12:00:00+00:00,15560
2023-05-14 13:00:00+00:00,14412.4
2023-05-14 14:00:00+00:00,14103
2023-05-14 15:00:00+00:00,13934.92857
2023-05-14 16:00:00+00:00,15430.5
2023-05-14 17:00:00+00:00,17302.33333
2023-05-14 18:00:00+00:00,18226.07143
2023-05-14 19:00:00+00:00,20619.2
2023-05-14 20:00:00+00:00,19653.16667
2023-05-14 21:00:00+00:00,17263.5
2023-05-14 22:00:00+00:00,16200.3
2023-05-14 23:00:00+00:00,15605.16667
2023-05-15 00:00:00+00:00,15383.5
2023-05-15 01:00:00+00:00,15651.5
2023-05-15 02:00:00+00:00,16190.75
2023-05-15 03:00:00+00:00,16915.35714
2023-05-15 04:00:00+00:00,18187.5
2023-05-15 05:00:00+00:00,19829.33333
2023-05-15 06:00:00+00:00,19780.28571
2023-05-15 07:00:00+00:00,19348.3
2023-05-15 08:00:00+00:00,18851.41667
2023-05-15 09:00:00+00:00,18356.5
2023-05-15 10:00:00+00:00,18280.1
2023-05-15 11:00:00+00:00,18567.66667
2023-05-15 12:00:00+00:00,18864
2023-05-15 13:00:00+00:00,18018.8
2023-05-15 14:00:00+00:00,17958.91667
2023-05-15 15:00:00+00:00,18525.64286
2023-05-15 16:00:00+00:00,18614.9
2023-05-15 17:00:00+00:00,19480.58333
2023-05-15 18:00:00+00:00,22323.64286
2023-05-15 19:00:00+00:00,24932.2
2023-05-15 20:00:00+00:00,21997.5
2023-05-15 21:00:00+00:00,18299.85714
2023-05-15 22:00:00+00:00,17779.8
2023-05-15 23:00:00+00:00,16646
2023-05-16 00:00:00+00:00,16282.28571
2023-05-16 01:00:00+00:00,16191.5
2023-05-16 02:00:00+00:00,16529.41667
2023-05-16 03:00:00+00:00,16862.71429
2023-05-16 04:00:00+00:00,19278
2023-05-16 05:00:00+00:00,21360.25
2023-05-16 06:00:00+00:00,21178.64286
2023-05-16 07:00:00+00:00,20258.7
2023-05-16 08:00:00+00:00,19787.41667
2023-05-16 09:00:00+00:00,18997.71429
2023-05-16 10:00:00+00:00,19069.8
2023-05-16 11:00:00+00:00,19539.75
2023-05-16 12:00:00+00:00,19311.28571
2023-05-16 13:00:00+00:00,18174.9
2023-05-16 14:00:00+00:00,17778.83333
2023-05-16 15:00:00+00:00,18106.28571
2023-05-16 16:00:00+00:00,19190.6
2023-05-16 17:00:00+00:00,19962.41667
2023-05-16 18:00:00+00:00,22433.85714
2023-05-16 19:00:00+00:00,25305.5
2023-05-16 20:00:00+00:00,22122
2023-05-16 21:00:00+00:00,19588
2023-05-16 22:00:00+00:00,18486.9
2023-05-16 23:00:00+00:00,17720.41667
2023-05-17 00:00:00+00:00,17420.21429
2023-05-17 01:00:00+00:00,16651.5
2023-05-17 02:00:00+00:00,16895
2023-05-17 03:00:00+00:00,17726.35714
2023-05-17 04:00:00+00:00,20191.7
2023-05-17 05:00:00+00:00,22734.25
2023-05-17 06:00:00+00:00,22902.71429
2023-05-17 07:00:00+00:00,21953.8
2023-05-17 08:00:00+00:00,21337.5
2023-05-17 09:00:00+00:00,21186.64286
2023-05-17 10:00:00+00:00,21053.8
2023-05-17 11:00:00+00:00,21606.25
2023-05-17 12:00:00+00:00,20532.64286
2023-05-17 13:00:00+00:00,19674.3
2023-05-17 14:00:00+00:00,18787.41667
2023-05-17 15:00:00+00:00,18686.5
2023-05-17 16:00:00+00:00,19397.1
2023-05-17 17:00:00+00:00,20381.16667
2023-05-17 18:00:00+00:00,22508.21429
2023-05-17 19:00:00+00:00,24171
2023-05-17 20:00:00+00:00,22019.25
2023-05-17 21:00:00+00:00,19905.71429
2023-05-17 22:00:00+00:00,19155.2
2023-05-17 23:00:00+00:00,18393.91667
2023-05-18 00:00:00+00:00,17794.28571
2023-05-18 01:00:00+00:00,17834.9
2023-05-18 02:00:00+00:00,17900.25
2023-05-18 03:00:00+00:00,18751
2023-05-18 04:00:00+00:00,22423.5
2023-05-18 05:00:00+00:00,23817.25
2023-05-18 06:00:00+00:00,23180.71429
2023-05-18 07:00:00+00:00,22395.4
2023-05-18 08:00:00+00:00,21728.25
2023-05-18 09:00:00+00:00,21171.57143
2023-05-18 10:00:00+00:00,21121.7
2023-05-18 11:00:00+00:00,20907.58333
2023-05-18 12:00:00+00:00,20455.28571
2023-05-18 13:00:00+00:00,19609.3
2023-05-18 14:00:00+00:00,19552.33333
2023-05-18 15:00:00+00:00,20038.5
2023-05-18 16:00:00+00:00,19893.2
2023-05-18 17:00:00+00:00,21321.25
2023-05-18 18:00:00+00:00,22289.07143
2023-05-18 19:00:00+00:00,23985.4
2023-05-18 20:00:00+00:00,21533.58333
2023-05-18 21:00:00+00:00,18977.57143
2023-05-18 22:00:00+00:00,19178.2
2023-05-18 23:00:00+00:00,17890.91667
2023-05-19 00:00:00+00:00,17381.78571
2023-05-19 01:00:00+00:00,17329.5
2023-05-19 02:00:00+00:00,17247.33333
2023-05-19 03:00:00+00:00,18245.85714
2023-05-19 04:00:00+00:00,20941
2023-05-19 05:00:00+00:00,23231.25
2023-05-19 06:00:00+00:00,23471.71429
2023-05-19 07:00:00+00:00,22303.7
2023-05-19 08:00:00+00:00,22116.41667
2023-05-19 09:00:00+00:00,21068.35714
2023-05-19 10:00:00+00:00,20742.9
2023-05-19 11:00:00+00:00,20924.66667
2023-05-19 12:00:00+00:00,20497.14286
2023-05-19 13:00:00+00:00,19056.8
2023-05-19 14:00:00+00:00,18814.08333
2023-05-19 15:00:00+00:00,19396.21429
2023-05-19 16:00:00+00:00,20737.4
2023-05-19 17:00:00+00:00,20495.41667
2023-05-19 18:00:00+00:00,21976.42857
2023-05-19 19:00:00+00:00,24143.8
2023-05-19 20:00:00+00:00,21562
2023-05-19 21:00:00+00:00,18852.85714
2023-05-19 22:00:00+00:00,18190.4
2023-05-19 23:00:00+00:00,17468.08333
2023-05-20 00:00:00+00:00,17182.71429
2023-05-20 01:00:00+00:00,17753.3
2023-05-20 02:00:00+00:00,17719.66667
2023-05-20 03:00:00+00:00,17911.85714
2023-05-20 04:00:00+00:00,18688.3
2023-05-20 05:00:00+00:00,18330.33333
2023-05-20 06:00:00+00:00,18280.57143
2023-05-20 07:00:00+00:00,19252.7
2023-05-20 08:00:00+00:00,21846.33333
2023-05-20 09:00:00+00:00,21714.78571
2023-05-20 10:00:00+00:00,21341.8
2023-05-20 11:00:00+00:00,21539.66667
2023-05-20 12:00:00+00:00,20897.28571
2023-05-20 13:00:00+00:00,20056.3
2023-05-20 14:00:00+00:00,19301.75
2023-05-20 15:00:00+00:00,18890
2023-05-20 16:00:00+00:00,17311.9
2023-05-20 17:00:00+00:00,17975.58333
2023-05-20 18:00:00+00:00,19847.35714
2023-05-20 19:00:00+00:00,22189.5
2023-05-20 20:00:00+00:00,20001.58333
2023-05-20 21:00:00+00:00,17471.07143
2023-05-20 22:00:00+00:00,16507.7
2023-05-20 23:00:00+00:00,15727.16667
2023-05-21 00:00:00+00:00,15412.07143
2023-05-21 01:00:00+00:00,14925.4
2023-05-21 02:00:00+00:00,14939.33333
2023-05-21 03:00:00+00:00,15053.21429
2023-05-21 04:00:00+00:00,15247.4
2023-05-21 05:00:00+00:00,15552.33333
2023-05-21 06:00:00+00:00,16176.64286
2023-05-21 07:00:00+00:00,17181.7
2023-05-21 08:00:00+00:00,18808
2023-05-21 09:00:00+00:00,18866.07143
2023-05-21 10:00:00+00:00,18213.4
2023-05-21 11:00:00+00:00,20497.58333
2023-05-21 12:00:00+00:00,20685.35714
2023-05-21 13:00:00+00:00,18945
2023-05-21 14:00:00+00:00,18530.08333
2023-05-21 15:00:00+00:00,18094.21429
2023-05-21 16:00:00+00:00,15201.7
2023-05-21 17:00:00+00:00,16149.83333
2023-05-21 18:00:00+00:00,18123.42857
2023-05-21 19:00:00+00:00,21325
2023-05-21 20:00:00+00:00,19837.41667
2023-05-21 21:00:00+00:00,17586.57143
2023-05-21 22:00:00+00:00,17342.8
2023-05-21 23:00:00+00:00,16897.66667
2023-05-22 00:00:00+00:00,16540.42857
2023-05-22 01:00:00+00:00,16867.5
2023-05-22 02:00:00+00:00,16939.58333
2023-05-22 03:00:00+00:00,18376.71429
2023-05-22 04:00:00+00:00,20902.5
2023-05-22 05:00:00+00:00,22570.16667
2023-05-22 06:00:00+00:00,24217.78571
2023-05-22 07:00:00+00:00,24080.9
2023-05-22 08:00:00+00:00,24945.16667
2023-05-22 09:00:00+00:00,25962.92857
2023-05-22 10:00:00+00:00,25733.3
2023-05-22 11:00:00+00:00,25941.75
2023-05-22 12:00:00+00:00,25018.85714
2023-05-22 13:00:00+00:00,24183.1
2023-05-22 14:00:00+00:00,23552.5
2023-05-22 15:00:00+00:00,23507.71429
2023-05-22 16:00:00+00:00,23559.3
2023-05-22 17:00:00+00:00,23778.08333
2023-05-22 18:00:00+00:00,25855.92857
2023-05-22 19:00:00+00:00,28118.9
2023-05-22 20:00:00+00:00,25438.33333
2023-05-22 21:00:00+00:00,22461.64286
2023-05-22 22:00:00+00:00,21702.5
2023-05-22 23:00:00+00:00,20753.58333
2023-05-23 00:00:00+00:00,20247
2023-05-23 01:00:00+00:00,20454.6
2023-05-23 02:00:00+00:00,20593.75
2023-05-23 03:00:00+00:00,21380.5
2023-05-23 04:00:00+00:00,23540.4
2023-05-23 05:00:00+00:00,24497.58333
2023-05-23 06:00:00+00:00,24504.21429
2023-05-23 07:00:00+00:00,24467
2023-05-23 08:00:00+00:00,23799.25
2023-05-23 09:00:00+00:00,24689
2023-05-23 10:00:00+00:00,25134.7
2023-05-23 11:00:00+00:00,26003.41667
2023-05-23 12:00:00+00:00,25672.78571
2023-05-23 13:00:00+00:00,24958.2
2023-05-23 14:00:00+00:00,23508.16667
2023-05-23 15:00:00+00:00,23048.14286
2023-05-23 16:00:00+00:00,22972.7
2023-05-23 17:00:00+00:00,24561
2023-05-23 18:00:00+00:00,26107.5
2023-05-23 19:00:00+00:00,27845.7
2023-05-23 20:00:00+00:00,25537.58333
2023-05-23 21:00:00+00:00,23167.07143
2023-05-23 22:00:00+00:00,22238.4
2023-05-23 23:00:00+00:00,21716.25
2023-05-24 00:00:00+00:00,20863.42857
2023-05-24 01:00:00+00:00,21035.8
2023-05-24 02:00:00+00:00,21116.75
2023-05-24 03:00:00+00:00,21484.57143
2023-05-24 04:00:00+00:00,24303.4
2023-05-24 05:00:00+00:00,25804.75
2023-05-24 06:00:00+00:00,25129.85714
2023-05-24 07:00:00+00:00,24722.2
2023-05-24 08:00:00+00:00,23735.16667
2023-05-24 09:00:00+00:00,23397.78571
2023-05-24 10:00:00+00:00,24062.2
2023-05-24 11:00:00+00:00,24267
2023-05-24 12:00:00+00:00,23655.35714
2023-05-24 13:00:00+00:00,22497.1
2023-05-24 14:00:00+00:00,22710.16667
2023-05-24 15:00:00+00:00,22573.42857
2023-05-24 16:00:00+00:00,21810.3
2023-05-24 17:00:00+00:00,22829.5
2023-05-24 18:00:00+00:00,26270.42857
2023-05-24 19:00:00+00:00,28017.2
2023-05-24 20:00:00+00:00,25179.25
2023-05-24 21:00:00+00:00,22369.78571
2023-05-24 22:00:00+00:00,21775
2023-05-24 23:00:00+00:00,20847.58333
2023-05-25 00:00:00+00:00,19943.92857
2023-05-25 01:00:00+00:00,19368.8
2023-05-25 02:00:00+00:00,18960.25
2023-05-25 03:00:00+00:00,19752.5
2023-05-25 04:00:00+00:00,22325.5
2023-05-25 05:00:00+00:00,24223
2023-05-25 06:00:00+00:00,23180.57143
2023-05-25 07:00:00+00:00,21552.2
2023-05-25 08:00:00+00:00,22593.25
2023-05-25 09:00:00+00:00,22190.21429
2023-05-25 10:00:00+00:00,23920.2
2023-05-25 11:00:00+00:00,23799.91667
2023-05-25 12:00:00+00:00,23948.5
2023-05-25 13:00:00+00:00,23341.7
2023-05-25 14:00:00+00:00,23008.58333
2023-05-25 15:00:00+00:00,21503.42857
2023-05-25 16:00:00+00:00,21283.6
2023-05-25 17:00:00+00:00,22554.83333
2023-05-25 18:00:00+00:00,25589.35714
2023-05-25 19:00:00+00:00,28254.2
2023-05-25 20:00:00+00:00,26457.66667
2023-05-25 21:00:00+00:00,22754.78571
2023-05-25 22:00:00+00:00,21374.4
2023-05-25 23:00:00+00:00,20055.41667
2023-05-26 00:00:00+00:00,19418.14286
2023-05-26 01:00:00+00:00,19246
2023-05-26 02:00:00+00:00,18695.25
2023-05-26 03:00:00+00:00,19199.78571
2023-05-26 04:00:00+00:00,21511.6
2023-05-26 05:00:00+00:00,23360.66667
2023-05-26 06:00:00+00:00,23768.42857
2023-05-26 07:00:00+00:00,23944.3
2023-05-26 08:00:00+00:00,24288.91667
2023-05-26 09:00:00+00:00,25629.42857
2023-05-26 10:00:00+00:00,25347.6
2023-05-26 11:00:00+00:00,25633.58333
2023-05-26 12:00:00+00:00,25635.5
2023-05-26 13:00:00+00:00,25084.7
2023-05-26 14:00:00+00:00,23242.08333
2023-05-26 15:00:00+00:00,22025.21429
2023-05-26 16:00:00+00:00,21515.6
2023-05-26 17:00:00+00:00,23085.58333
2023-05-26 18:00:00+00:00,25915.35714
2023-05-26 19:00:00+00:00,27731.9
2023-05-26 20:00:00+00:00,26156.58333
2023-05-26 21:00:00+00:00,23060.35714
2023-05-26 22:00:00+00:00,22521.1
2023-05-26 23:00:00+00:00,20585
2023-05-27 00:00:00+00:00,19966
2023-05-27 01:00:00+00:00,19319.7
2023-05-27 02:00:00+00:00,19046.75
2023-05-27 03:00:00+00:00,19013.14286
2023-05-27 04:00:00+00:00,19086.8
2023-05-27 05:00:00+00:00,18915.25
2023-05-27 06:00:00+00:00,19935.07143
2023-05-27 07:00:00+00:00,21155.6
2023-05-27 08:00:00+00:00,22064.83333
2023-05-27 09:00:00+00:00,22341.64286
2023-05-27 10:00:00+00:00,21880.7
2023-05-27 11:00:00+00:00,21971.08333
2023-05-27 12:00:00+00:00,21076.14286
2023-05-27 13:00:00+00:00,19799.1
2023-05-27 14:00:00+00:00,19030.16667
2023-05-27 15:00:00+00:00,18998.28571
2023-05-27 16:00:00+00:00,18305.1
2023-05-27 17:00:00+00:00,19015.16667
2023-05-27 18:00:00+00:00,20584.07143
2023-05-27 19:00:00+00:00,23066.5
2023-05-27 20:00:00+00:00,22206.91667
2023-05-27 21:00:00+00:00,20033.92857
2023-05-27 22:00:00+00:00,19382
2023-05-27 23:00:00+00:00,18156.66667
2023-05-28 00:00:00+00:00,17380.42857
2023-05-28 01:00:00+00:00,17011.4
2023-05-28 02:00:00+00:00,17135
2023-05-28 03:00:00+00:00,17269
2023-05-28 04:00:00+00:00,17267
2023-05-28 05:00:00+00:00,17248.5
2023-05-28 06:00:00+00:00,17826.28571
2023-05-28 07:00:00+00:00,18502.3
2023-05-28 08:00:00+00:00,18854
2023-05-28 09:00:00+00:00,18720.07143
2023-05-28 10:00:00+00:00,18692
2023-05-28 11:00:00+00:00,19125.58333
2023-05-28 12:00:00+00:00,19890.5
2023-05-28 13:00:00+00:00,18437.3
2023-05-28 14:00:00+00:00,17788.66667
2023-05-28 15:00:00+00:00,18168.28571
2023-05-28 16:00:00+00:00,19538.1
2023-05-28 17:00:00+00:00,20899.91667
2023-05-28 18:00:00+00:00,22371.35714
2023-05-28 19:00:00+00:00,24185.1
2023-05-28 20:00:00+00:00,24523.66667
2023-05-28 21:00:00+00:00,21460.28571
2023-05-28 22:00:00+00:00,19921
2023-05-28 23:00:00+00:00,18595.91667
2023-05-29 00:00:00+00:00,17693.35714
2023-05-29 01:00:00+00:00,17756.9
2023-05-29 02:00:00+00:00,18165.91667
2023-05-29 03:00:00+00:00,19551.85714
2023-05-29 04:00:00+00:00,22128.6
2023-05-29 05:00:00+00:00,24839.91667
2023-05-29 06:00:00+00:00,26900.42857
2023-05-29 07:00:00+00:00,26272.9
2023-05-29 08:00:00+00:00,25461.08333
2023-05-29 09:00:00+00:00,24557.57143
2023-05-29 10:00:00+00:00,24727.3
2023-05-29 11:00:00+00:00,24810
2023-05-29 12:00:00+00:00,24253.07143
2023-05-29 13:00:00+00:00,24042
2023-05-29 14:00:00+00:00,23530.41667
2023-05-29 15:00:00+00:00,23641.35714
2023-05-29 16:00:00+00:00,24400.9
2023-05-29 17:00:00+00:00,25139.66667
2023-05-29 18:00:00+00:00,27452.92857
2023-05-29 19:00:00+00:00,28816.2
2023-05-29 20:00:00+00:00,26287.16667
2023-05-29 21:00:00+00:00,23008
2023-05-29 22:00:00+00:00,22177.9
2023-05-29 23:00:00+00:00,20717.25
2023-05-30 00:00:00+00:00,19749.28571
2023-05-30 01:00:00+00:00,19614.7
2023-05-30 02:00:00+00:00,19753.83333
2023-05-30 03:00:00+00:00,20760.35714
2023-05-30 04:00:00+00:00,24053.5
2023-05-30 05:00:00+00:00,26708.58333
2023-05-30 06:00:00+00:00,27949.35714
2023-05-30 07:00:00+00:00,26699.2
2023-05-30 08:00:00+00:00,26911.58333
2023-05-30 09:00:00+00:00,25713.71429
2023-05-30 10:00:00+00:00,25537.2
2023-05-30 11:00:00+00:00,25981.66667
2023-05-30 12:00:00+00:00,24943.92857
2023-05-30 13:00:00+00:00,23181.8
2023-05-30 14:00:00+00:00,23160.33333
2023-05-30 15:00:00+00:00,24226.57143
2023-05-30 16:00:00+00:00,23364.5
2023-05-30 17:00:00+00:00,23740.41667
2023-05-30 18:00:00+00:00,26823.42857
2023-05-30 19:00:00+00:00,28742.7
2023-05-30 20:00:00+00:00,26039.91667
2023-05-30 21:00:00+00:00,21997.92857
2023-05-30 22:00:00+00:00,21761.4
2023-05-30 23:00:00+00:00,20372.58333
2023-05-31 00:00:00+00:00,19411.57143
2023-05-31 01:00:00+00:00,20409.6
2023-05-31 02:00:00+00:00,20346.33333
2023-05-31 03:00:00+00:00,21062.28571
2023-05-31 04:00:00+00:00,23455.5
2023-05-31 05:00:00+00:00,25518.16667
2023-05-31 06:00:00+00:00,25899.21429
2023-05-31 07:00:00+00:00,25129.5
2023-05-31 08:00:00+00:00,25022.58333
2023-05-31 09:00:00+00:00,25347.07143
2023-05-31 10:00:00+00:00,24129.9
2023-05-31 11:00:00+00:00,24142.5
2023-05-31 12:00:00+00:00,23912.57143
2023-05-31 13:00:00+00:00,23080.8
2023-05-31 14:00:00+00:00,23295.83333
2023-05-31 15:00:00+00:00,23110.64286
2023-05-31 16:00:00+00:00,22917.3
2023-05-31 17:00:00+00:00,23854.08333
2023-05-31 18:00:00+00:00,26677.5
2023-05-31 19:00:00+00:00,29143.6
2023-05-31 20:00:00+00:00,27406.33333
2023-05-31 21:00:00+00:00,23784.71429
2023-05-31 22:00:00+00:00,22330.1
2023-05-31 23:00:00+00:00,21140.91667
2023-06-01 00:00:00+00:00,20087.57143
2023-06-01 01:00:00+00:00,19192
2023-06-01 02:00:00+00:00,20472.91667
2023-06-01 03:00:00+00:00,21271.64286
2023-06-01 04:00:00+00:00,23138
2023-06-01 05:00:00+00:00,24899.16667
2023-06-01 06:00:00+00:00,25799
2023-06-01 07:00:00+00:00,27095
2023-06-01 08:00:00+00:00,27411
2023-06-01 09:00:00+00:00,26958.14286
2023-06-01 10:00:00+00:00,26711.4
2023-06-01 11:00:00+00:00,27374
2023-06-01 12:00:00+00:00,26800.35714
2023-06-01 13:00:00+00:00,24776.4
2023-06-01 14:00:00+00:00,25588.91667
2023-06-01 15:00:00+00:00,24792.28571
2023-06-01 16:00:00+00:00,24757.3
2023-06-01 17:00:00+00:00,25526.58333
2023-06-01 18:00:00+00:00,27536.42857
2023-06-01 19:00:00+00:00,29792.4
2023-06-01 20:00:00+00:00,28027.16667
2023-06-01 21:00:00+00:00,24394.5
2023-06-01 22:00:00+00:00,23606.3
2023-06-01 23:00:00+00:00,22830.58333
2023-06-02 00:00:00+00:00,21504.42857
2023-06-02 01:00:00+00:00,21263
2023-06-02 02:00:00+00:00,21843
2023-06-02 03:00:00+00:00,22607.57143
2023-06-02 04:00:00+00:00,24832
2023-06-02 05:00:00+00:00,26612.16667
2023-06-02 06:00:00+00:00,28208.5
2023-06-02 07:00:00+00:00,28157.9
2023-06-02 08:00:00+00:00,27621.5
2023-06-02 09:00:00+00:00,26646.78571
2023-06-02 10:00:00+00:00,26811.8
2023-06-02 11:00:00+00:00,27286.08333
2023-06-02 12:00:00+00:00,26645.64286
2023-06-02 13:00:00+00:00,26032.9
2023-06-02 14:00:00+00:00,25267.58333
2023-06-02 15:00:00+00:00,25927.28571
2023-06-02 16:00:00+00:00,25431.9
2023-06-02 17:00:00+00:00,26234.91667
2023-06-02 18:00:00+00:00,28336.57143
2023-06-02 19:00:00+00:00,29337.3
2023-06-02 20:00:00+00:00,27502
2023-06-02 21:00:00+00:00,24932.35714
2023-06-02 22:00:00+00:00,23166.7
2023-06-02 23:00:00+00:00,21716.75
2023-06-03 00:00:00+00:00,21150.71429
2023-06-03 01:00:00+00:00,20776.2
2023-06-03 02:00:00+00:00,21438.16667
2023-06-03 03:00:00+00:00,20980.57143
2023-06-03 04:00:00+00:00,20714.7
2023-06-03 05:00:00+00:00,21095.41667
2023-06-03 06:00:00+00:00,20910.64286
2023-06-03 07:00:00+00:00,21551
2023-06-03 08:00:00+00:00,21938.08333
2023-06-03 09:00:00+00:00,22484.21429
2023-06-03 10:00:00+00:00,22285.2
2023-06-03 11:00:00+00:00,22825.91667
2023-06-03 12:00:00+00:00,22612.28571
2023-06-03 13:00:00+00:00,21777.7
2023-06-03 14:00:00+00:00,21175.58333
2023-06-03 15:00:00+00:00,21156.71429
2023-06-03 16:00:00+00:00,20258.9
2023-06-03 17:00:00+00:00,21475.16667
2023-06-03 18:00:00+00:00,22875.5
2023-06-03 19:00:00+00:00,25097.7
2023-06-03 20:00:00+00:00,24142.5
2023-06-03 21:00:00+00:00,21305.71429
2023-06-03 22:00:00+00:00,20962.1
2023-06-03 23:00:00+00:00,19932.08333
2023-06-04 00:00:00+00:00,19058.71429
2023-06-04 01:00:00+00:00,18283.4
2023-06-04 02:00:00+00:00,18079.83333
2023-06-04 03:00:00+00:00,17878.14286
2023-06-04 04:00:00+00:00,17960.7
2023-06-04 05:00:00+00:00,17265.25
2023-06-04 06:00:00+00:00,17572.57143
2023-06-04 07:00:00+00:00,18613.8
2023-06-04 08:00:00+00:00,19318
2023-06-04 09:00:00+00:00,19729.14286
2023-06-04 10:00:00+00:00,19873
2023-06-04 11:00:00+00:00,20635.83333
2023-06-04 12:00:00+00:00,20633.71429
2023-06-04 13:00:00+00:00,20145
2023-06-04 14:00:00+00:00,19398.41667
2023-06-04 15:00:00+00:00,18671.85714
2023-06-04 16:00:00+00:00,16454.2
2023-06-04 17:00:00+00:00,18893.41667
2023-06-04 18:00:00+00:00,22118.28571
2023-06-04 19:00:00+00:00,25044.8
2023-06-04 20:00:00+00:00,24952.16667
2023-06-04 21:00:00+00:00,22456.14286
2023-06-04 22:00:00+00:00,21064.6
2023-06-04 23:00:00+00:00,19916.33333
2023-06-05 00:00:00+00:00,19664.57143
2023-06-05 01:00:00+00:00,19545.8
2023-06-05 02:00:00+00:00,19393.5
2023-06-05 03:00:00+00:00,20205.5
2023-06-05 04:00:00+00:00,22863
2023-06-05 05:00:00+00:00,25365.83333
2023-06-05 06:00:00+00:00,24606.28571
2023-06-05 07:00:00+00:00,23838.9
2023-06-05 08:00:00+00:00,22973.83333
2023-06-05 09:00:00+00:00,22374.57143
2023-06-05 10:00:00+00:00,22947.9
2023-06-05 11:00:00+00:00,23887.75
2023-06-05 12:00:00+00:00,23913.85714
2023-06-05 13:00:00+00:00,23371.1
2023-06-05 14:00:00+00:00,23004
2023-06-05 15:00:00+00:00,23435.71429
2023-06-05 16:00:00+00:00,23771.1
2023-06-05 17:00:00+00:00,25354.91667
2023-06-05 18:00:00+00:00,27105.85714
2023-06-05 19:00:00+00:00,29392.9
2023-06-05 20:00:00+00:00,27035.41667
2023-06-05 21:00:00+00:00,24479.85714
2023-06-05 22:00:00+00:00,23702.1
2023-06-05 23:00:00+00:00,22572
2023-06-06 00:00:00+00:00,21875.07143
2023-06-06 01:00:00+00:00,21452
2023-06-06 02:00:00+00:00,21658.25
2023-06-06 03:00:00+00:00,22059.21429
2023-06-06 04:00:00+00:00,24488.8
2023-06-06 05:00:00+00:00,26487.58333
2023-06-06 06:00:00+00:00,26400
2023-06-06 07:00:00+00:00,25501.8
2023-06-06 08:00:00+00:00,24388.25
2023-06-06 09:00:00+00:00,23134.64286
2023-06-06 10:00:00+00:00,22476.6
2023-06-06 11:00:00+00:00,23458.41667
2023-06-06 12:00:00+00:00,22987.64286
2023-06-06 13:00:00+00:00,22202.1
2023-06-06 14:00:00+00:00,22039.41667
2023-06-06 15:00:00+00:00,22620.14286
2023-06-06 16:00:00+00:00,23564.4
2023-06-06 17:00:00+00:00,25281
2023-06-06 18:00:00+00:00,27582.35714
2023-06-06 19:00:00+00:00,29501.5
2023-06-06 20:00:00+00:00,26863.75
2023-06-06 21:00:00+00:00,23569.92857
2023-06-06 22:00:00+00:00,21907.7
2023-06-06 23:00:00+00:00,20767
2023-06-07 00:00:00+00:00,20438.92857
2023-06-07 01:00:00+00:00,20758.3
2023-06-07 02:00:00+00:00,20862.33333
2023-06-07 03:00:00+00:00,21660.5
2023-06-07 04:00:00+00:00,23928.3
2023-06-07 05:00:00+00:00,26333.58333
2023-06-07 06:00:00+00:00,28614.92857
2023-06-07 07:00:00+00:00,29799.6
2023-06-07 08:00:00+00:00,31153.83333
2023-06-07 09:00:00+00:00,31398.57143
2023-06-07 10:00:00+00:00,31311.1
2023-06-07 11:00:00+00:00,31617.91667
2023-06-07 12:00:00+00:00,30155
2023-06-07 13:00:00+00:00,29759.3
2023-06-07 14:00:00+00:00,28235.83333
2023-06-07 15:00:00+00:00,26734.5
2023-06-07 16:00:00+00:00,25007
2023-06-07 17:00:00+00:00,25567.91667
2023-06-07 18:00:00+00:00,27798.64286
2023-06-07 19:00:00+00:00,30150.1
2023-06-07 20:00:00+00:00,27020.08333
2023-06-07 21:00:00+00:00,25168
2023-06-07 22:00:00+00:00,23536.7
2023-06-07 23:00:00+00:00,22541.75
2023-06-08 00:00:00+00:00,21534.14286
2023-06-08 01:00:00+00:00,21059.9
2023-06-08 02:00:00+00:00,21344.33333
2023-06-08 03:00:00+00:00,22683.35714
2023-06-08 04:00:00+00:00,24935.1
2023-06-08 05:00:00+00:00,26540.5
2023-06-08 06:00:00+00:00,29235.71429
2023-06-08 07:00:00+00:00,30861.6
2023-06-08 08:00:00+00:00,29801.75
2023-06-08 09:00:00+00:00,29254.35714
2023-06-08 10:00:00+00:00,29973.8
2023-06-08 11:00:00+00:00,29815.41667
2023-06-08 12:00:00+00:00,29272.35714
2023-06-08 13:00:00+00:00,27254.1
2023-06-08 14:00:00+00:00,26083.66667
2023-06-08 15:00:00+00:00,25444.21429
2023-06-08 16:00:00+00:00,24968.1
2023-06-08 17:00:00+00:00,26178.16667
2023-06-08 18:00:00+00:00,28833.71429
2023-06-08 19:00:00+00:00,31303
2023-06-08 20:00:00+00:00,28758.41667
2023-06-08 21:00:00+00:00,25966.64286
2023-06-08 22:00:00+00:00,24269.8
2023-06-08 23:00:00+00:00,23096.5
2023-06-09 00:00:00+00:00,21267.92857
2023-06-09 01:00:00+00:00,20822.2
2023-06-09 02:00:00+00:00,20174.25
2023-06-09 03:00:00+00:00,20784.5
2023-06-09 04:00:00+00:00,22645.3
2023-06-09 05:00:00+00:00,24484.08333
2023-06-09 06:00:00+00:00,25754.21429
2023-06-09 07:00:00+00:00,24733.6
2023-06-09 08:00:00+00:00,23766.83333
2023-06-09 09:00:00+00:00,23821.14286
2023-06-09 10:00:00+00:00,23922.6
2023-06-09 11:00:00+00:00,23715
2023-06-09 12:00:00+00:00,23319.57143
2023-06-09 13:00:00+00:00,22668.9
2023-06-09 14:00:00+00:00,22231.08333
2023-06-09 15:00:00+00:00,22940
2023-06-09 16:00:00+00:00,23265.6
2023-06-09 17:00:00+00:00,24347.41667
2023-06-09 18:00:00+00:00,27267.07143
2023-06-09 19:00:00+00:00,28502
2023-06-09 20:00:00+00:00,27460.66667
2023-06-09 21:00:00+00:00,25396.42857
2023-06-09 22:00:00+00:00,23274.3
2023-06-09 23:00:00+00:00,21633
2023-06-10 00:00:00+00:00,20376.71429
2023-06-10 01:00:00+00:00,19993.6
2023-06-10 02:00:00+00:00,19626.5
2023-06-10 03:00:00+00:00,19449.78571
2023-06-10 04:00:00+00:00,19923.5
2023-06-10 05:00:00+00:00,20292.41667
2023-06-10 06:00:00+00:00,21047.35714
2023-06-10 07:00:00+00:00,22247.3
2023-06-10 08:00:00+00:00,23326.08333
2023-06-10 09:00:00+00:00,22908.14286
2023-06-10 10:00:00+00:00,22874.4
2023-06-10 11:00:00+00:00,23078.83333
2023-06-10 12:00:00+00:00,22809.78571
2023-06-10 13:00:00+00:00,21815.4
2023-06-10 14:00:00+00:00,21202.5
2023-06-10 15:00:00+00:00,21263.21429
2023-06-10 16:00:00+00:00,20519.2
2023-06-10 17:00:00+00:00,22422.83333
2023-06-10 18:00:00+00:00,24929.64286
2023-06-10 19:00:00+00:00,27372.4
2023-06-10 20:00:00+00:00,26667.83333
2023-06-10 21:00:00+00:00,23570
2023-06-10 22:00:00+00:00,20674
2023-06-10 23:00:00+00:00,19357.41667
2023-06-11 00:00:00+00:00,18433.5
2023-06-11 01:00:00+00:00,18127.1
2023-06-11 02:00:00+00:00,17658.08333
2023-06-11 03:00:00+00:00,18067.28571
2023-06-11 04:00:00+00:00,18072.7
2023-06-11 05:00:00+00:00,17860
2023-06-11 06:00:00+00:00,18114.35714
2023-06-11 07:00:00+00:00,19168
2023-06-11 08:00:00+00:00,19897.75
2023-06-11 09:00:00+00:00,21274.14286
2023-06-11 10:00:00+00:00,21389.5
2023-06-11 11:00:00+00:00,21853
2023-06-11 12:00:00+00:00,21760.42857
2023-06-11 13:00:00+00:00,18953.4
2023-06-11 14:00:00+00:00,19091.75
2023-06-11 15:00:00+00:00,18724.21429
2023-06-11 16:00:00+00:00,17964
2023-06-11 17:00:00+00:00,18016.83333
2023-06-11 18:00:00+00:00,20774.92857
2023-06-11 19:00:00+00:00,24529.3
2023-06-11 20:00:00+00:00,24905.25
2023-06-11 21:00:00+00:00,23029.07143
2023-06-11 22:00:00+00:00,21244.4
2023-06-11 23:00:00+00:00,19797.33333
2023-06-12 00:00:00+00:00,19876.71429
2023-06-12 01:00:00+00:00,19853.4
2023-06-12 02:00:00+00:00,19773.16667
2023-06-12 03:00:00+00:00,19514.07143
2023-06-12 04:00:00+00:00,20670.5
2023-06-12 05:00:00+00:00,23322.33333
2023-06-12 06:00:00+00:00,24096.5
2023-06-12 07:00:00+00:00,24921.9
2023-06-12 08:00:00+00:00,24163.16667
2023-06-12 09:00:00+00:00,24354.57143
2023-06-12 10:00:00+00:00,24529.5
2023-06-12 11:00:00+00:00,24452.41667
2023-06-12 12:00:00+00:00,24105
2023-06-12 13:00:00+00:00,23717.6
2023-06-12 14:00:00+00:00,24291.25
2023-06-12 15:00:00+00:00,25140.57143
2023-06-12 16:00:00+00:00,24911.4
2023-06-12 17:00:00+00:00,25284.91667
2023-06-12 18:00:00+00:00,27611.42857
2023-06-12 19:00:00+00:00,29336
2023-06-12 20:00:00+00:00,27052.66667
2023-06-12 21:00:00+00:00,23331.92857
2023-06-12 22:00:00+00:00,23750.6
2023-06-12 23:00:00+00:00,22576.5
2023-06-13 00:00:00+00:00,21605
2023-06-13 01:00:00+00:00,21472.8
2023-06-13 02:00:00+00:00,21019.33333
2023-06-13 03:00:00+00:00,21923.78571
2023-06-13 04:00:00+00:00,24257.7
2023-06-13 05:00:00+00:00,26263.33333
2023-06-13 06:00:00+00:00,26971.35714
2023-06-13 07:00:00+00:00,26101.9
2023-06-13 08:00:00+00:00,25510.66667
2023-06-13 09:00:00+00:00,25805.5
2023-06-13 10:00:00+00:00,26927.5
2023-06-13 11:00:00+00:00,27403.75
2023-06-13 12:00:00+00:00,26274.5
2023-06-13 13:00:00+00:00,25422.3
2023-06-13 14:00:00+00:00,24614.25
2023-06-13 15:00:00+00:00,24440.14286
2023-06-13 16:00:00+00:00,24179.4
2023-06-13 17:00:00+00:00,25135.33333
2023-06-13 18:00:00+00:00,26332.57143
2023-06-13 19:00:00+00:00,27359.2
2023-06-13 20:00:00+00:00,25365.5
2023-06-13 21:00:00+00:00,22273.71429
2023-06-13 22:00:00+00:00,21991
2023-06-13 23:00:00+00:00,20758.91667
2023-06-14 00:00:00+00:00,19674.14286
2023-06-14 01:00:00+00:00,18988.3
2023-06-14 02:00:00+00:00,19107.33333
2023-06-14 03:00:00+00:00,19704.42857
2023-06-14 04:00:00+00:00,22242.5
2023-06-14 05:00:00+00:00,23141.58333
2023-06-14 06:00:00+00:00,23169.21429
2023-06-14 07:00:00+00:00,22638.5
2023-06-14 08:00:00+00:00,22472.33333
2023-06-14 09:00:00+00:00,23384.07143
2023-06-14 10:00:00+00:00,23955.7
2023-06-14 11:00:00+00:00,23936.16667
2023-06-14 12:00:00+00:00,23894.14286
2023-06-14 13:00:00+00:00,23276.2
2023-06-14 14:00:00+00:00,23399.75
2023-06-14 15:00:00+00:00,23492.5
2023-06-14 16:00:00+00:00,23498
2023-06-14 17:00:00+00:00,24067.08333
2023-06-14 18:00:00+00:00,26286.21429
2023-06-14 19:00:00+00:00,27941.2
2023-06-14 20:00:00+00:00,26509.66667
2023-06-14 21:00:00+00:00,23415.57143
2023-06-14 22:00:00+00:00,22523.4
2023-06-14 23:00:00+00:00,22040.83333
2023-06-15 00:00:00+00:00,21193.28571
2023-06-15 01:00:00+00:00,20591.8
2023-06-15 02:00:00+00:00,20558.75
2023-06-15 03:00:00+00:00,21481.71429
2023-06-15 04:00:00+00:00,23518
2023-06-15 05:00:00+00:00,25395.83333
2023-06-15 06:00:00+00:00,25310.07143
2023-06-15 07:00:00+00:00,23618.4
2023-06-15 08:00:00+00:00,23470.91667
2023-06-15 09:00:00+00:00,23159.64286
2023-06-15 10:00:00+00:00,23738
2023-06-15 11:00:00+00:00,24262.25
2023-06-15 12:00:00+00:00,23619.78571
2023-06-15 13:00:00+00:00,23172.7
2023-06-15 14:00:00+00:00,23196.16667
2023-06-15 15:00:00+00:00,23418.71429
2023-06-15 16:00:00+00:00,23347.6
2023-06-15 17:00:00+00:00,24937.16667
2023-06-15 18:00:00+00:00,27648.07143
2023-06-15 19:00:00+00:00,30638.3
2023-06-15 20:00:00+00:00,27993.91667
2023-06-15 21:00:00+00:00,25070.35714
2023-06-15 22:00:00+00:00,24162.1
2023-06-15 23:00:00+00:00,23615.16667
2023-06-16 00:00:00+00:00,22717.5
2023-06-16 01:00:00+00:00,22678.8
2023-06-16 02:00:00+00:00,21936.66667
2023-06-16 03:00:00+00:00,22465.57143
2023-06-16 04:00:00+00:00,25387.2
2023-06-16 05:00:00+00:00,27435.08333
2023-06-16 06:00:00+00:00,26756.71429
2023-06-16 07:00:00+00:00,25424.6
2023-06-16 08:00:00+00:00,24828.5
2023-06-16 09:00:00+00:00,24688.14286
2023-06-16 10:00:00+00:00,25355.7
2023-06-16 11:00:00+00:00,25983.91667
2023-06-16 12:00:00+00:00,25994.14286
2023-06-16 13:00:00+00:00,25009.5
2023-06-16 14:00:00+00:00,24524.75
2023-06-16 15:00:00+00:00,25037.64286
2023-06-16 16:00:00+00:00,25751.2
2023-06-16 17:00:00+00:00,26720
2023-06-16 18:00:00+00:00,28645.28571
2023-06-16 19:00:00+00:00,30935.9
2023-06-16 20:00:00+00:00,29442.75
2023-06-16 21:00:00+00:00,25097.78571
2023-06-16 22:00:00+00:00,24852.9
2023-06-16 23:00:00+00:00,23942.75
2023-06-17 00:00:00+00:00,23113.5
2023-06-17 01:00:00+00:00,22117.4
2023-06-17 02:00:00+00:00,21740.25
2023-06-17 03:00:00+00:00,21629.42857
2023-06-17 04:00:00+00:00,21947.5
2023-06-17 05:00:00+00:00,22221.66667
2023-06-17 06:00:00+00:00,21576.71429
2023-06-17 07:00:00+00:00,21290
2023-06-17 08:00:00+00:00,22982.25
2023-06-17 09:00:00+00:00,24002.92857
2023-06-17 10:00:00+00:00,24482.8
2023-06-17 11:00:00+00:00,24925.83333
2023-06-17 12:00:00+00:00,24295
2023-06-17 13:00:00+00:00,22567.9
2023-06-17 14:00:00+00:00,21333.41667
2023-06-17 15:00:00+00:00,21481.14286
2023-06-17 16:00:00+00:00,21649.7
2023-06-17 17:00:00+00:00,22540
2023-06-17 18:00:00+00:00,24345.78571
2023-06-17 19:00:00+00:00,26185.6
2023-06-17 20:00:00+00:00,25541.33333
2023-06-17 21:00:00+00:00,22813.92857
2023-06-17 22:00:00+00:00,22076.3
2023-06-17 23:00:00+00:00,20575.75
2023-06-18 00:00:00+00:00,19527.85714
2023-06-18 01:00:00+00:00,18800.3
2023-06-18 02:00:00+00:00,18403.41667
2023-06-18 03:00:00+00:00,18901.92857
2023-06-18 04:00:00+00:00,18247.4
2023-06-18 05:00:00+00:00,18143.91667
2023-06-18 06:00:00+00:00,17253.78571
2023-06-18 07:00:00+00:00,17192.9
2023-06-18 08:00:00+00:00,18712.58333
2023-06-18 09:00:00+00:00,18615.07143
2023-06-18 10:00:00+00:00,18875.3
2023-06-18 11:00:00+00:00,19477.41667
2023-06-18 12:00:00+00:00,19630.64286
2023-06-18 13:00:00+00:00,17336.9
2023-06-18 14:00:00+00:00,16942.5
2023-06-18 15:00:00+00:00,17422.71429
2023-06-18 16:00:00+00:00,17741.8
2023-06-18 17:00:00+00:00,19324.08333
2023-06-18 18:00:00+00:00,21525.07143
2023-06-18 19:00:00+00:00,24223.4
2023-06-18 20:00:00+00:00,25086.33333
2023-06-18 21:00:00+00:00,24150.64286
2023-06-18 22:00:00+00:00,20906.5
2023-06-18 23:00:00+00:00,20652
2023-06-19 00:00:00+00:00,20409.71429
2023-06-19 01:00:00+00:00,20097.6
2023-06-19 02:00:00+00:00,20097.33333
2023-06-19 03:00:00+00:00,20597.21429
2023-06-19 04:00:00+00:00,22515.7
2023-06-19 05:00:00+00:00,23993.75
2023-06-19 06:00:00+00:00,25682.57143
2023-06-19 07:00:00+00:00,25934.5
2023-06-19 08:00:00+00:00,26202.16667
2023-06-19 09:00:00+00:00,25881.14286
2023-06-19 10:00:00+00:00,24865.7
2023-06-19 11:00:00+00:00,25533.08333
2023-06-19 12:00:00+00:00,24634.85714
2023-06-19 13:00:00+00:00,22863.4
2023-06-19 14:00:00+00:00,22807.66667
2023-06-19 15:00:00+00:00,23877.57143
2023-06-19 16:00:00+00:00,24272.3
2023-06-19 17:00:00+00:00,26413.33333
2023-06-19 18:00:00+00:00,27985.42857
2023-06-19 19:00:00+00:00,29316.8
2023-06-19 20:00:00+00:00,27158.91667
2023-06-19 21:00:00+00:00,24049.71429
2023-06-19 22:00:00+00:00,24103
2023-06-19 23:00:00+00:00,23165.58333
2023-06-20 00:00:00+00:00,22301.57143
2023-06-20 01:00:00+00:00,22037.8
2023-06-20 02:00:00+00:00,21549.08333
2023-06-20 03:00:00+00:00,22101.71429
2023-06-20 04:00:00+00:00,24476.1
2023-06-20 05:00:00+00:00,25406.25
2023-06-20 06:00:00+00:00,26071.21429
2023-06-20 07:00:00+00:00,25611.7
2023-06-20 08:00:00+00:00,25386.5
2023-06-20 09:00:00+00:00,25264.85714
2023-06-20 10:00:00+00:00,25091.6
2023-06-20 11:00:00+00:00,25594
2023-06-20 12:00:00+00:00,24712.35714
2023-06-20 13:00:00+00:00,23972.4
2023-06-20 14:00:00+00:00,23683.83333
2023-06-20 15:00:00+00:00,24872.42857
2023-06-20 16:00:00+00:00,26052.8
2023-06-20 17:00:00+00:00,25863.91667
2023-06-20 18:00:00+00:00,27164.28571
2023-06-20 19:00:00+00:00,28000.6
2023-06-20 20:00:00+00:00,26049.08333
2023-06-20 21:00:00+00:00,25336.78571
2023-06-20 22:00:00+00:00,24531.8
2023-06-20 23:00:00+00:00,23705.66667
2023-06-21 00:00:00+00:00,22549.78571
2023-06-21 01:00:00+00:00,22267.9
2023-06-21 02:00:00+00:00,22003.83333
2023-06-21 03:00:00+00:00,22974.85714
2023-06-21 04:00:00+00:00,24940.7
2023-06-21 05:00:00+00:00,26061.75
2023-06-21 06:00:00+00:00,26912.64286
2023-06-21 07:00:00+00:00,27192.4
2023-06-21 08:00:00+00:00,28164
2023-06-21 09:00:00+00:00,28606.5
2023-06-21 10:00:00+00:00,29017.9
2023-06-21 11:00:00+00:00,30010
2023-06-21 12:00:00+00:00,29526.71429
2023-06-21 13:00:00+00:00,28236
2023-06-21 14:00:00+00:00,28030.91667
2023-06-21 15:00:00+00:00,27486
2023-06-21 16:00:00+00:00,27198.7
2023-06-21 17:00:00+00:00,26829.91667
2023-06-21 18:00:00+00:00,27672.14286
2023-06-21 19:00:00+00:00,29312.4
2023-06-21 20:00:00+00:00,27449.33333
2023-06-21 21:00:00+00:00,24308.35714
2023-06-21 22:00:00+00:00,25047.5
2023-06-21 23:00:00+00:00,23661.16667
2023-06-22 00:00:00+00:00,22525.21429
2023-06-22 01:00:00+00:00,22233.3
2023-06-22 02:00:00+00:00,22259.83333
2023-06-22 03:00:00+00:00,22967.92857
2023-06-22 04:00:00+00:00,24644.7
2023-06-22 05:00:00+00:00,25470.75
2023-06-22 06:00:00+00:00,25532.35714
2023-06-22 07:00:00+00:00,24491
2023-06-22 08:00:00+00:00,25158
2023-06-22 09:00:00+00:00,24791.64286
2023-06-22 10:00:00+00:00,25480.3
2023-06-22 11:00:00+00:00,26033.66667
2023-06-22 12:00:00+00:00,25554.21429
2023-06-22 13:00:00+00:00,25082.8
2023-06-22 14:00:00+00:00,25286.83333
2023-06-22 15:00:00+00:00,25590.28571
2023-06-22 16:00:00+00:00,25768.1
2023-06-22 17:00:00+00:00,26090.91667
2023-06-22 18:00:00+00:00,27714.28571
2023-06-22 19:00:00+00:00,29493.4
2023-06-22 20:00:00+00:00,29379.5
2023-06-22 21:00:00+00:00,26675.14286
2023-06-22 22:00:00+00:00,25710.2
2023-06-22 23:00:00+00:00,24459.66667
2023-06-23 00:00:00+00:00,23180.71429
2023-06-23 01:00:00+00:00,22977.1
2023-06-23 02:00:00+00:00,23055.75
2023-06-23 03:00:00+00:00,23479.64286
2023-06-23 04:00:00+00:00,25260.2
2023-06-23 05:00:00+00:00,25512.66667
2023-06-23 06:00:00+00:00,24954.21429
2023-06-23 07:00:00+00:00,25076.1
2023-06-23 08:00:00+00:00,25391.75
2023-06-23 09:00:00+00:00,26069.64286
2023-06-23 10:00:00+00:00,27239.8
2023-06-23 11:00:00+00:00,27712.16667
2023-06-23 12:00:00+00:00,27763
2023-06-23 13:00:00+00:00,26417.7
2023-06-23 14:00:00+00:00,25201.33333
2023-06-23 15:00:00+00:00,24858.42857
2023-06-23 16:00:00+00:00,24833
2023-06-23 17:00:00+00:00,24663.75
2023-06-23 18:00:00+00:00,26048
2023-06-23 19:00:00+00:00,27007.7
2023-06-23 20:00:00+00:00,25936.5
2023-06-23 21:00:00+00:00,23965.78571
2023-06-23 22:00:00+00:00,23800
2023-06-23 23:00:00+00:00,22672.91667
2023-06-24 00:00:00+00:00,20998.71429
2023-06-24 01:00:00+00:00,20346.3
2023-06-24 02:00:00+00:00,19955.25
2023-06-24 03:00:00+00:00,20831.5
2023-06-24 04:00:00+00:00,21077.3
2023-06-24 05:00:00+00:00,21131.08333
2023-06-24 06:00:00+00:00,18973.71429
2023-06-24 07:00:00+00:00,18704.2
2023-06-24 08:00:00+00:00,21372.16667
2023-06-24 09:00:00+00:00,22809.35714
2023-06-24 10:00:00+00:00,23739.6
2023-06-24 11:00:00+00:00,24446.5
2023-06-24 12:00:00+00:00,24496.14286
2023-06-24 13:00:00+00:00,23814
2023-06-24 14:00:00+00:00,22663
2023-06-24 15:00:00+00:00,21676.35714
2023-06-24 16:00:00+00:00,21714.3
2023-06-24 17:00:00+00:00,22238.91667
2023-06-24 18:00:00+00:00,24214.42857
2023-06-24 19:00:00+00:00,26586.9
2023-06-24 20:00:00+00:00,26179.91667
2023-06-24 21:00:00+00:00,23730.35714
2023-06-24 22:00:00+00:00,23400.9
2023-06-24 23:00:00+00:00,21393.83333
2023-06-25 00:00:00+00:00,19978.14286
2023-06-25 01:00:00+00:00,19261.7
2023-06-25 02:00:00+00:00,18463.08333
2023-06-25 03:00:00+00:00,18652.57143
2023-06-25 04:00:00+00:00,18992.4
2023-06-25 05:00:00+00:00,19005.91667
2023-06-25 06:00:00+00:00,19594.92857
2023-06-25 07:00:00+00:00,19590.9
2023-06-25 08:00:00+00:00,20818.66667
2023-06-25 09:00:00+00:00,21123.35714
2023-06-25 10:00:00+00:00,22094.3
2023-06-25 11:00:00+00:00,23418.75
2023-06-25 12:00:00+00:00,23821.71429
2023-06-25 13:00:00+00:00,23399.3
2023-06-25 14:00:00+00:00,21638.5
2023-06-25 15:00:00+00:00,20582.92857
2023-06-25 16:00:00+00:00,21685.8
2023-06-25 17:00:00+00:00,21256.25
2023-06-25 18:00:00+00:00,25381.57143
2023-06-25 19:00:00+00:00,27811.9
2023-06-25 20:00:00+00:00,28006.41667
2023-06-25 21:00:00+00:00,24926.57143
2023-06-25 22:00:00+00:00,22671.3
2023-06-25 23:00:00+00:00,21322.83333
2023-06-26 00:00:00+00:00,20887.64286
2023-06-26 01:00:00+00:00,20416.6
2023-06-26 02:00:00+00:00,20579.75
2023-06-26 03:00:00+00:00,21025.64286
2023-06-26 04:00:00+00:00,22528.4
2023-06-26 05:00:00+00:00,24560.33333
2023-06-26 06:00:00+00:00,25979.57143
2023-06-26 07:00:00+00:00,25802.3
2023-06-26 08:00:00+00:00,27239.08333
2023-06-26 09:00:00+00:00,28117.42857
2023-06-26 10:00:00+00:00,29895.1
2023-06-26 11:00:00+00:00,30979.83333
2023-06-26 12:00:00+00:00,31763.92857
2023-06-26 13:00:00+00:00,31540.3
2023-06-26 14:00:00+00:00,31758.66667
2023-06-26 15:00:00+00:00,30433.78571
2023-06-26 16:00:00+00:00,28457.5
2023-06-26 17:00:00+00:00,28852.83333
2023-06-26 18:00:00+00:00,29522.71429
2023-06-26 19:00:00+00:00,29911
2023-06-26 20:00:00+00:00,27993
2023-06-26 21:00:00+00:00,25014.42857
2023-06-26 22:00:00+00:00,25257.3
2023-06-26 23:00:00+00:00,23003.58333
2023-06-27 00:00:00+00:00,21845.21429
2023-06-27 01:00:00+00:00,21312.5
2023-06-27 02:00:00+00:00,21586.5
2023-06-27 03:00:00+00:00,21752.57143
2023-06-27 04:00:00+00:00,23552.7
2023-06-27 05:00:00+00:00,25958.83333
2023-06-27 06:00:00+00:00,26538.64286
2023-06-27 07:00:00+00:00,26255.9
2023-06-27 08:00:00+00:00,26963.83333
2023-06-27 09:00:00+00:00,27620
2023-06-27 10:00:00+00:00,29671.5
2023-06-27 11:00:00+00:00,30966.16667
2023-06-27 12:00:00+00:00,30968.21429
2023-06-27 13:00:00+00:00,30229.2
2023-06-27 14:00:00+00:00,29596.66667
2023-06-27 15:00:00+00:00,29842.35714
2023-06-27 16:00:00+00:00,29121.8
2023-06-27 17:00:00+00:00,29956.66667
2023-06-27 18:00:00+00:00,30776.21429
2023-06-27 19:00:00+00:00,33026
2023-06-27 20:00:00+00:00,32168.33333
2023-06-27 21:00:00+00:00,29459.28571
2023-06-27 22:00:00+00:00,27995.8
2023-06-27 23:00:00+00:00,25973.41667
2023-06-28 00:00:00+00:00,25103.71429
2023-06-28 01:00:00+00:00,24721.2
2023-06-28 02:00:00+00:00,24393.08333
2023-06-28 03:00:00+00:00,24216.42857
2023-06-28 04:00:00+00:00,26099.5
2023-06-28 05:00:00+00:00,28571.83333
2023-06-28 06:00:00+00:00,28632.21429
2023-06-28 07:00:00+00:00,28172.4
2023-06-28 08:00:00+00:00,28383.83333
2023-06-28 09:00:00+00:00,29662.35714
2023-06-28 10:00:00+00:00,30780.3
2023-06-28 11:00:00+00:00,32227.16667
2023-06-28 12:00:00+00:00,32543.28571
2023-06-28 13:00:00+00:00,31957.7
2023-06-28 14:00:00+00:00,31309.66667
2023-06-28 15:00:00+00:00,31011.35714
2023-06-28 16:00:00+00:00,30273.8
2023-06-28 17:00:00+00:00,30661
2023-06-28 18:00:00+00:00,31087.78571
2023-06-28 19:00:00+00:00,31274.1
2023-06-28 20:00:00+00:00,30913.91667
2023-06-28 21:00:00+00:00,29464.71429
2023-06-28 22:00:00+00:00,28406.6
2023-06-28 23:00:00+00:00,27010.33333
2023-06-29 00:00:00+00:00,26216.92857
2023-06-29 01:00:00+00:00,25506.7
2023-06-29 02:00:00+00:00,24942.66667
2023-06-29 03:00:00+00:00,25219.85714
2023-06-29 04:00:00+00:00,27371.8
2023-06-29 05:00:00+00:00,26745.08333
2023-06-29 06:00:00+00:00,27785.71429
2023-06-29 07:00:00+00:00,28445.5
2023-06-29 08:00:00+00:00,28854.08333
2023-06-29 09:00:00+00:00,29212.07143
2023-06-29 10:00:00+00:00,30026.7
2023-06-29 11:00:00+00:00,30636.66667
2023-06-29 12:00:00+00:00,30179.07143
2023-06-29 13:00:00+00:00,29729.8
2023-06-29 14:00:00+00:00,29436.75
2023-06-29 15:00:00+00:00,29196.57143
2023-06-29 16:00:00+00:00,29038.9
2023-06-29 17:00:00+00:00,29377.25
2023-06-29 18:00:00+00:00,30087
2023-06-29 19:00:00+00:00,30826.7
2023-06-29 20:00:00+00:00,29803.91667
2023-06-29 21:00:00+00:00,26502.28571
2023-06-29 22:00:00+00:00,24500.5
2023-06-29 23:00:00+00:00,23178.08333
2023-06-30 00:00:00+00:00,21854.07143
2023-06-30 01:00:00+00:00,21687.7
2023-06-30 02:00:00+00:00,21316.75
2023-06-30 03:00:00+00:00,21862.07143
2023-06-30 04:00:00+00:00,24090.4
2023-06-30 05:00:00+00:00,26318.91667
2023-06-30 06:00:00+00:00,26727.85714
2023-06-30 07:00:00+00:00,26591.1
2023-06-30 08:00:00+00:00,26199.66667
2023-06-30 09:00:00+00:00,25550.85714
2023-06-30 10:00:00+00:00,26542.2
2023-06-30 11:00:00+00:00,26111.25
2023-06-30 12:00:00+00:00,25298
2023-06-30 13:00:00+00:00,24318.1
2023-06-30 14:00:00+00:00,24231.33333
2023-06-30 15:00:00+00:00,25243
2023-06-30 16:00:00+00:00,25046.3
2023-06-30 17:00:00+00:00,26264.83333
2023-06-30 18:00:00+00:00,29487.21429
2023-06-30 19:00:00+00:00,31268.8
2023-06-30 20:00:00+00:00,30147.25
2023-06-30 21:00:00+00:00,27070.78571
2023-06-30 22:00:00+00:00,26010.3
2023-06-30 23:00:00+00:00,24287.66667
2023-07-01 00:00:00+00:00,23096.64286
2023-07-01 01:00:00+00:00,22188.8
2023-07-01 02:00:00+00:00,21810.5
2023-07-01 03:00:00+00:00,21581.42857
2023-07-01 04:00:00+00:00,21550.6
2023-07-01 05:00:00+00:00,21438.58333
2023-07-01 06:00:00+00:00,21991.57143
2023-07-01 07:00:00+00:00,22378.2
2023-07-01 08:00:00+00:00,23234.41667
2023-07-01 09:00:00+00:00,24560.85714
2023-07-01 10:00:00+00:00,24564.3
2023-07-01 11:00:00+00:00,25178.08333
2023-07-01 12:00:00+00:00,25050.92857
2023-07-01 13:00:00+00:00,24226.2
2023-07-01 14:00:00+00:00,24020.5
2023-07-01 15:00:00+00:00,24263.57143
2023-07-01 16:00:00+00:00,23876.4
2023-07-01 17:00:00+00:00,24052
2023-07-01 18:00:00+00:00,25781.71429
2023-07-01 19:00:00+00:00,26797.8
2023-07-01 20:00:00+00:00,26935.08333
2023-07-01 21:00:00+00:00,24976.85714
2023-07-01 22:00:00+00:00,23305.3
2023-07-01 23:00:00+00:00,21464.41667
2023-07-02 00:00:00+00:00,20338.57143
2023-07-02 01:00:00+00:00,19551.1
2023-07-02 02:00:00+00:00,19457.16667
2023-07-02 03:00:00+00:00,19307.35714
2023-07-02 04:00:00+00:00,19435.3
2023-07-02 05:00:00+00:00,19146.08333
2023-07-02 06:00:00+00:00,19221.71429
2023-07-02 07:00:00+00:00,20256.6
2023-07-02 08:00:00+00:00,20674.5
2023-07-02 09:00:00+00:00,21452.57143
2023-07-02 10:00:00+00:00,21391.3
2023-07-02 11:00:00+00:00,22349.25
2023-07-02 12:00:00+00:00,23320.71429
2023-07-02 13:00:00+00:00,23987.9
2023-07-02 14:00:00+00:00,23454.16667
2023-07-02 15:00:00+00:00,23609.78571
2023-07-02 16:00:00+00:00,23717.1
2023-07-02 17:00:00+00:00,24258.16667
2023-07-02 18:00:00+00:00,25479.64286
2023-07-02 19:00:00+00:00,27171.2
2023-07-02 20:00:00+00:00,28478.33333
2023-07-02 21:00:00+00:00,25866.35714
2023-07-02 22:00:00+00:00,23464.1
2023-07-02 23:00:00+00:00,22273.08333
2023-07-03 00:00:00+00:00,21236.57143
2023-07-03 01:00:00+00:00,20898.9
2023-07-03 02:00:00+00:00,21220.66667
2023-07-03 03:00:00+00:00,22459.85714
2023-07-03 04:00:00+00:00,25154.7
2023-07-03 05:00:00+00:00,28477.66667
2023-07-03 06:00:00+00:00,29526.07143
2023-07-03 07:00:00+00:00,28993.7
2023-07-03 08:00:00+00:00,29242.75
2023-07-03 09:00:00+00:00,30063.07143
2023-07-03 10:00:00+00:00,30955.3
2023-07-03 11:00:00+00:00,32393.58333
2023-07-03 12:00:00+00:00,32916.35714
2023-07-03 13:00:00+00:00,32344.3
2023-07-03 14:00:00+00:00,31924.83333
2023-07-03 15:00:00+00:00,32046.92857
2023-07-03 16:00:00+00:00,32016.5
2023-07-03 17:00:00+00:00,32140.75
2023-07-03 18:00:00+00:00,33672.42857
2023-07-03 19:00:00+00:00,34729.5
2023-07-03 20:00:00+00:00,33523.08333
2023-07-03 21:00:00+00:00,29932.42857
2023-07-03 22:00:00+00:00,27841.5
2023-07-03 23:00:00+00:00,26509.33333
2023-07-04 00:00:00+00:00,25246.64286
2023-07-04 01:00:00+00:00,24669.8
2023-07-04 02:00:00+00:00,24714.58333
2023-07-04 03:00:00+00:00,25283.35714
2023-07-04 04:00:00+00:00,28022.4
2023-07-04 05:00:00+00:00,30452
2023-07-04 06:00:00+00:00,30363.85714
2023-07-04 07:00:00+00:00,29385.4
2023-07-04 08:00:00+00:00,29617.5
2023-07-04 09:00:00+00:00,30437.14286
2023-07-04 10:00:00+00:00,31270.1
2023-07-04 11:00:00+00:00,32007.08333
2023-07-04 12:00:00+00:00,31530.28571
2023-07-04 13:00:00+00:00,30543.3
2023-07-04 14:00:00+00:00,29848.41667
2023-07-04 15:00:00+00:00,28439.21429
2023-07-04 16:00:00+00:00,28046.9
2023-07-04 17:00:00+00:00,28437.16667
2023-07-04 18:00:00+00:00,29815.35714
2023-07-04 19:00:00+00:00,31954.9
2023-07-04 20:00:00+00:00,31428.66667
2023-07-04 21:00:00+00:00,28726.78571
2023-07-04 22:00:00+00:00,27769.3
2023-07-04 23:00:00+00:00,25769.58333
2023-07-05 00:00:00+00:00,24556.42857
2023-07-05 01:00:00+00:00,24249.5
2023-07-05 02:00:00+00:00,23886.75
2023-07-05 03:00:00+00:00,24384.5
2023-07-05 04:00:00+00:00,26689.8
2023-07-05 05:00:00+00:00,30185.91667
2023-07-05 06:00:00+00:00,30411.14286
2023-07-05 07:00:00+00:00,29985.9
2023-07-05 08:00:00+00:00,30760.16667
2023-07-05 09:00:00+00:00,31339.64286
2023-07-05 10:00:00+00:00,31756
2023-07-05 11:00:00+00:00,32971.75
2023-07-05 12:00:00+00:00,32954.64286
2023-07-05 13:00:00+00:00,32200.7
2023-07-05 14:00:00+00:00,32158.75
2023-07-05 15:00:00+00:00,32958.21429
2023-07-05 16:00:00+00:00,32224.4
2023-07-05 17:00:00+00:00,32439.41667
2023-07-05 18:00:00+00:00,33453
2023-07-05 19:00:00+00:00,33853.4
2023-07-05 20:00:00+00:00,32266.66667
2023-07-05 21:00:00+00:00,29649
2023-07-05 22:00:00+00:00,27688.4
2023-07-05 23:00:00+00:00,26414.66667
2023-07-06 00:00:00+00:00,25239.21429
2023-07-06 01:00:00+00:00,24999.6
2023-07-06 02:00:00+00:00,25301.5
2023-07-06 03:00:00+00:00,25758.64286
2023-07-06 04:00:00+00:00,28800
2023-07-06 05:00:00+00:00,30840.08333
2023-07-06 06:00:00+00:00,30562.71429
2023-07-06 07:00:00+00:00,30078.3
2023-07-06 08:00:00+00:00,30792.58333
2023-07-06 09:00:00+00:00,31135.21429
2023-07-06 10:00:00+00:00,31580.4
2023-07-06 11:00:00+00:00,31928.16667
2023-07-06 12:00:00+00:00,31744.14286
2023-07-06 13:00:00+00:00,31292.6
2023-07-06 14:00:00+00:00,30604.16667
2023-07-06 15:00:00+00:00,29521
2023-07-06 16:00:00+00:00,28242.6
2023-07-06 17:00:00+00:00,29057.08333
2023-07-06 18:00:00+00:00,29574
2023-07-06 19:00:00+00:00,31236.8
2023-07-06 20:00:00+00:00,30541.83333
2023-07-06 21:00:00+00:00,29027.07143
2023-07-06 22:00:00+00:00,27721.4
2023-07-06 23:00:00+00:00,26411.25
2023-07-07 00:00:00+00:00,24981.71429
2023-07-07 01:00:00+00:00,23866.7
2023-07-07 02:00:00+00:00,23656.91667
2023-07-07 03:00:00+00:00,24416.57143
2023-07-07 04:00:00+00:00,27494.8
2023-07-07 05:00:00+00:00,29926.33333
2023-07-07 06:00:00+00:00,29545.57143
2023-07-07 07:00:00+00:00,29404.2
2023-07-07 08:00:00+00:00,29697.41667
2023-07-07 09:00:00+00:00,29756.64286
2023-07-07 10:00:00+00:00,30211.6
2023-07-07 11:00:00+00:00,30902.66667
2023-07-07 12:00:00+00:00,30395.07143
2023-07-07 13:00:00+00:00,28208.4
2023-07-07 14:00:00+00:00,27613.58333
2023-07-07 15:00:00+00:00,26468
2023-07-07 16:00:00+00:00,27123.7
2023-07-07 17:00:00+00:00,27608.08333
2023-07-07 18:00:00+00:00,29352.57143
2023-07-07 19:00:00+00:00,30307.9
2023-07-07 20:00:00+00:00,29999.5
2023-07-07 21:00:00+00:00,27793.64286
2023-07-07 22:00:00+00:00,26133.3
2023-07-07 23:00:00+00:00,24697.75
2023-07-08 00:00:00+00:00,23489.5
2023-07-08 01:00:00+00:00,23021.9
2023-07-08 02:00:00+00:00,22228.75
2023-07-08 03:00:00+00:00,21794.78571
2023-07-08 04:00:00+00:00,21853.9
2023-07-08 05:00:00+00:00,21974.66667
2023-07-08 06:00:00+00:00,22678.35714
2023-07-08 07:00:00+00:00,23172.1
2023-07-08 08:00:00+00:00,23609.08333
2023-07-08 09:00:00+00:00,25161.14286
2023-07-08 10:00:00+00:00,25396.5
2023-07-08 11:00:00+00:00,25999.25
2023-07-08 12:00:00+00:00,25861
2023-07-08 13:00:00+00:00,24360.1
2023-07-08 14:00:00+00:00,22708.83333
2023-07-08 15:00:00+00:00,22258.35714
2023-07-08 16:00:00+00:00,22217.3
2023-07-08 17:00:00+00:00,22737.66667
2023-07-08 18:00:00+00:00,24231.5
2023-07-08 19:00:00+00:00,26796.1
2023-07-08 20:00:00+00:00,27047.83333
2023-07-08 21:00:00+00:00,25248.71429
2023-07-08 22:00:00+00:00,24671.1
2023-07-08 23:00:00+00:00,22688.83333
2023-07-09 00:00:00+00:00,21559.92857
2023-07-09 01:00:00+00:00,21063.6
2023-07-09 02:00:00+00:00,20790.33333
2023-07-09 03:00:00+00:00,20981.14286
2023-07-09 04:00:00+00:00,20801.6
2023-07-09 05:00:00+00:00,20421.91667
2023-07-09 06:00:00+00:00,19976.85714
2023-07-09 07:00:00+00:00,20072.9
2023-07-09 08:00:00+00:00,22042.5
2023-07-09 09:00:00+00:00,22336.21429
2023-07-09 10:00:00+00:00,23148.7
2023-07-09 11:00:00+00:00,23786.91667
2023-07-09 12:00:00+00:00,24169.07143
2023-07-09 13:00:00+00:00,23456.7
2023-07-09 14:00:00+00:00,21491.91667
2023-07-09 15:00:00+00:00,21046.85714
2023-07-09 16:00:00+00:00,22202.3
2023-07-09 17:00:00+00:00,23117.83333
2023-07-09 18:00:00+00:00,26165.21429
2023-07-09 19:00:00+00:00,29154.9
2023-07-09 20:00:00+00:00,30678.5
2023-07-09 21:00:00+00:00,28237.85714
2023-07-09 22:00:00+00:00,24801.2
2023-07-09 23:00:00+00:00,22733.5
2023-07-10 00:00:00+00:00,21331.21429
2023-07-10 01:00:00+00:00,20984.7
2023-07-10 02:00:00+00:00,21726.5
2023-07-10 03:00:00+00:00,22640.57143
2023-07-10 04:00:00+00:00,26281.1
2023-07-10 05:00:00+00:00,29366.58333
2023-07-10 06:00:00+00:00,29392.14286
2023-07-10 07:00:00+00:00,28669.6
2023-07-10 08:00:00+00:00,29814.83333
2023-07-10 09:00:00+00:00,29951.85714
2023-07-10 10:00:00+00:00,31528.9
2023-07-10 11:00:00+00:00,32351.16667
2023-07-10 12:00:00+00:00,32550
2023-07-10 13:00:00+00:00,31293.9
2023-07-10 14:00:00+00:00,30941.33333
2023-07-10 15:00:00+00:00,30103.71429
2023-07-10 16:00:00+00:00,30317.1
2023-07-10 17:00:00+00:00,30859.25
2023-07-10 18:00:00+00:00,32601
2023-07-10 19:00:00+00:00,33682.8
2023-07-10 20:00:00+00:00,32486.33333
2023-07-10 21:00:00+00:00,29812
2023-07-10 22:00:00+00:00,28029
2023-07-10 23:00:00+00:00,26023.08333
2023-07-11 00:00:00+00:00,24948.14286
2023-07-11 01:00:00+00:00,25104.3
2023-07-11 02:00:00+00:00,24981.58333
2023-07-11 03:00:00+00:00,25283.28571
2023-07-11 04:00:00+00:00,28108.9
2023-07-11 05:00:00+00:00,30621.5
2023-07-11 06:00:00+00:00,31017.28571
2023-07-11 07:00:00+00:00,32054
2023-07-11 08:00:00+00:00,33094.16667
2023-07-11 09:00:00+00:00,33756.92857
2023-07-11 10:00:00+00:00,34581
2023-07-11 11:00:00+00:00,35158.33333
2023-07-11 12:00:00+00:00,34810.5
2023-07-11 13:00:00+00:00,33839.7
2023-07-11 14:00:00+00:00,32924.66667
2023-07-11 15:00:00+00:00,33519.14286
2023-07-11 16:00:00+00:00,32698
2023-07-11 17:00:00+00:00,32855.41667
2023-07-11 18:00:00+00:00,33787.57143
2023-07-11 19:00:00+00:00,33909.6
2023-07-11 20:00:00+00:00,32401.5
2023-07-11 21:00:00+00:00,29805.42857
2023-07-11 22:00:00+00:00,29272.1
2023-07-11 23:00:00+00:00,29046.83333
2023-07-12 00:00:00+00:00,27597.57143
2023-07-12 01:00:00+00:00,27256.6
2023-07-12 02:00:00+00:00,26712.41667
2023-07-12 03:00:00+00:00,27308.92857
2023-07-12 04:00:00+00:00,28935.1
2023-07-12 05:00:00+00:00,31422
2023-07-12 06:00:00+00:00,31862.35714
2023-07-12 07:00:00+00:00,31824.6
2023-07-12 08:00:00+00:00,32286.91667
2023-07-12 09:00:00+00:00,32983.57143
2023-07-12 10:00:00+00:00,33698.5
2023-07-12 11:00:00+00:00,34644.91667
2023-07-12 12:00:00+00:00,34876.42857
2023-07-12 13:00:00+00:00,33707.7
2023-07-12 14:00:00+00:00,33680.83333
2023-07-12 15:00:00+00:00,32369.35714
2023-07-12 16:00:00+00:00,31032.8
2023-07-12 17:00:00+00:00,31005.66667
2023-07-12 18:00:00+00:00,31792.14286
2023-07-12 19:00:00+00:00,33341.3
2023-07-12 20:00:00+00:00,32741.08333
2023-07-12 21:00:00+00:00,29673.57143
2023-07-12 22:00:00+00:00,29479.5
2023-07-12 23:00:00+00:00,27724.16667
2023-07-13 00:00:00+00:00,26380.57143
2023-07-13 01:00:00+00:00,25504.5
2023-07-13 02:00:00+00:00,25041.41667
2023-07-13 03:00:00+00:00,25143.85714
2023-07-13 04:00:00+00:00,27910.6
2023-07-13 05:00:00+00:00,28564.66667
2023-07-13 06:00:00+00:00,28031.14286
2023-07-13 07:00:00+00:00,28330.7
2023-07-13 08:00:00+00:00,28943.41667
2023-07-13 09:00:00+00:00,30822.5
2023-07-13 10:00:00+00:00,32133.8
2023-07-13 11:00:00+00:00,32773.16667
2023-07-13 12:00:00+00:00,32858
2023-07-13 13:00:00+00:00,32434.8
2023-07-13 14:00:00+00:00,32400
2023-07-13 15:00:00+00:00,31712.28571
2023-07-13 16:00:00+00:00,29454.7
2023-07-13 17:00:00+00:00,30391.83333
2023-07-13 18:00:00+00:00,31925.57143
2023-07-13 19:00:00+00:00,34412.3
2023-07-13 20:00:00+00:00,32911.5
2023-07-13 21:00:00+00:00,30667.42857
2023-07-13 22:00:00+00:00,29018.8
2023-07-13 23:00:00+00:00,27187.58333
2023-07-14 00:00:00+00:00,26039.14286
2023-07-14 01:00:00+00:00,25337.2
2023-07-14 02:00:00+00:00,25282.16667
2023-07-14 03:00:00+00:00,25884.14286
2023-07-14 04:00:00+00:00,27755.5
2023-07-14 05:00:00+00:00,29065.91667
2023-07-14 06:00:00+00:00,30433.21429
2023-07-14 07:00:00+00:00,30977.3
2023-07-14 08:00:00+00:00,31179
2023-07-14 09:00:00+00:00,30846.07143
2023-07-14 10:00:00+00:00,30649.1
2023-07-14 11:00:00+00:00,31648.41667
2023-07-14 12:00:00+00:00,31391.5
2023-07-14 13:00:00+00:00,30133.6
2023-07-14 14:00:00+00:00,29766.5
2023-07-14 15:00:00+00:00,29451.42857
2023-07-14 16:00:00+00:00,28561.9
2023-07-14 17:00:00+00:00,29849.83333
2023-07-14 18:00:00+00:00,32494.42857
2023-07-14 19:00:00+00:00,32464.5
2023-07-14 20:00:00+00:00,31675.66667
2023-07-14 21:00:00+00:00,29188.85714
2023-07-14 22:00:00+00:00,28480.4
2023-07-14 23:00:00+00:00,26784.66667
2023-07-15 00:00:00+00:00,25429.85714
2023-07-15 01:00:00+00:00,25337.4
2023-07-15 02:00:00+00:00,24775.5
2023-07-15 03:00:00+00:00,24584.85714
2023-07-15 04:00:00+00:00,24889.5
2023-07-15 05:00:00+00:00,24909.08333
2023-07-15 06:00:00+00:00,25006.14286
2023-07-15 07:00:00+00:00,24864.5
2023-07-15 08:00:00+00:00,26192.83333
2023-07-15 09:00:00+00:00,27097.78571
2023-07-15 10:00:00+00:00,27275.1
2023-07-15 11:00:00+00:00,27897.83333
2023-07-15 12:00:00+00:00,27805.71429
2023-07-15 13:00:00+00:00,27365
2023-07-15 14:00:00+00:00,26080
2023-07-15 15:00:00+00:00,25663
2023-07-15 16:00:00+00:00,24434.5
2023-07-15 17:00:00+00:00,25496
2023-07-15 18:00:00+00:00,28528.85714
2023-07-15 19:00:00+00:00,29582.9
2023-07-15 20:00:00+00:00,28875.16667
2023-07-15 21:00:00+00:00,26705.57143
2023-07-15 22:00:00+00:00,26096.3
2023-07-15 23:00:00+00:00,24375
2023-07-16 00:00:00+00:00,23031.71429
2023-07-16 01:00:00+00:00,22458.6
2023-07-16 02:00:00+00:00,22386.25
2023-07-16 03:00:00+00:00,22079.85714
2023-07-16 04:00:00+00:00,22051.5
2023-07-16 05:00:00+00:00,21939.66667
2023-07-16 06:00:00+00:00,21625.5
2023-07-16 07:00:00+00:00,21735.5
2023-07-16 08:00:00+00:00,22981.16667
2023-07-16 09:00:00+00:00,23882.42857
2023-07-16 10:00:00+00:00,23940.3
2023-07-16 11:00:00+00:00,25249.25
2023-07-16 12:00:00+00:00,25775.07143
2023-07-16 13:00:00+00:00,25502
2023-07-16 14:00:00+00:00,25142.75
2023-07-16 15:00:00+00:00,25115.92857
2023-07-16 16:00:00+00:00,24941.8
2023-07-16 17:00:00+00:00,23282
2023-07-16 18:00:00+00:00,26538.71429
2023-07-16 19:00:00+00:00,29195.4
2023-07-16 20:00:00+00:00,30091.25
2023-07-16 21:00:00+00:00,27877.14286
2023-07-16 22:00:00+00:00,25763.8
2023-07-16 23:00:00+00:00,23968.66667
2023-07-17 00:00:00+00:00,23461.5
2023-07-17 01:00:00+00:00,23285.3
2023-07-17 02:00:00+00:00,23010.66667
2023-07-17 03:00:00+00:00,23992.35714
2023-07-17 04:00:00+00:00,26898.4
2023-07-17 05:00:00+00:00,29423.08333
2023-07-17 06:00:00+00:00,29784.85714
2023-07-17 07:00:00+00:00,30177.3
2023-07-17 08:00:00+00:00,30326.83333
2023-07-17 09:00:00+00:00,31003.42857
2023-07-17 10:00:00+00:00,31296.4
2023-07-17 11:00:00+00:00,32953.25
2023-07-17 12:00:00+00:00,33291.42857
2023-07-17 13:00:00+00:00,33119.4
2023-07-17 14:00:00+00:00,32988.91667
2023-07-17 15:00:00+00:00,32229.57143
2023-07-17 16:00:00+00:00,30471.8
2023-07-17 17:00:00+00:00,30415.5
2023-07-17 18:00:00+00:00,31360
2023-07-17 19:00:00+00:00,33117.2
2023-07-17 20:00:00+00:00,32154.66667
2023-07-17 21:00:00+00:00,28867.71429
2023-07-17 22:00:00+00:00,28702.6
2023-07-17 23:00:00+00:00,26898.25
2023-07-18 00:00:00+00:00,25672.35714
2023-07-18 01:00:00+00:00,24874.9
2023-07-18 02:00:00+00:00,24333.83333
2023-07-18 03:00:00+00:00,24980.14286
2023-07-18 04:00:00+00:00,27288.4
2023-07-18 05:00:00+00:00,29211.16667
2023-07-18 06:00:00+00:00,29813.07143
2023-07-18 07:00:00+00:00,30544.6
2023-07-18 08:00:00+00:00,31598.33333
2023-07-18 09:00:00+00:00,32767.14286
2023-07-18 10:00:00+00:00,33773.3
2023-07-18 11:00:00+00:00,34780.58333
2023-07-18 12:00:00+00:00,34423.64286
2023-07-18 13:00:00+00:00,33595.7
2023-07-18 14:00:00+00:00,33612.91667
2023-07-18 15:00:00+00:00,33250.78571
2023-07-18 16:00:00+00:00,32343.9
2023-07-18 17:00:00+00:00,32864
2023-07-18 18:00:00+00:00,33289.14286
2023-07-18 19:00:00+00:00,34293
2023-07-18 20:00:00+00:00,32843.58333
2023-07-18 21:00:00+00:00,29490.85714
2023-07-18 22:00:00+00:00,29533.6
2023-07-18 23:00:00+00:00,28178.33333
2023-07-19 00:00:00+00:00,26796.07143
2023-07-19 01:00:00+00:00,26163.2
2023-07-19 02:00:00+00:00,26018.25
2023-07-19 03:00:00+00:00,26493.21429
2023-07-19 04:00:00+00:00,27903.3
2023-07-19 05:00:00+00:00,29722.41667
2023-07-19 06:00:00+00:00,30463
2023-07-19 07:00:00+00:00,32082.4
2023-07-19 08:00:00+00:00,32763.75
2023-07-19 09:00:00+00:00,33428.14286
2023-07-19 10:00:00+00:00,34483.2
2023-07-19 11:00:00+00:00,35384.66667
2023-07-19 12:00:00+00:00,35642.07143
2023-07-19 13:00:00+00:00,35350.9
2023-07-19 14:00:00+00:00,35238.66667
2023-07-19 15:00:00+00:00,34280
2023-07-19 16:00:00+00:00,32443.8
2023-07-19 17:00:00+00:00,32924.83333
2023-07-19 18:00:00+00:00,32866.64286
2023-07-19 19:00:00+00:00,34618.6
2023-07-19 20:00:00+00:00,33292.75
2023-07-19 21:00:00+00:00,30217.21429
2023-07-19 22:00:00+00:00,31257.3
2023-07-19 23:00:00+00:00,29609.16667
2023-07-20 00:00:00+00:00,28659.85714
2023-07-20 01:00:00+00:00,27169.8
2023-07-20 02:00:00+00:00,27544.41667
2023-07-20 03:00:00+00:00,28191.71429
2023-07-20 04:00:00+00:00,30497.5
2023-07-20 05:00:00+00:00,31543.83333
2023-07-20 06:00:00+00:00,32488.28571
2023-07-20 07:00:00+00:00,32745.6
2023-07-20 08:00:00+00:00,33000.91667
2023-07-20 09:00:00+00:00,33907
2023-07-20 10:00:00+00:00,34030.8
2023-07-20 11:00:00+00:00,34492.16667
2023-07-20 12:00:00+00:00,34478.64286
2023-07-20 13:00:00+00:00,32968
2023-07-20 14:00:00+00:00,32022.83333
2023-07-20 15:00:00+00:00,30853.71429
2023-07-20 16:00:00+00:00,30586.3
2023-07-20 17:00:00+00:00,30326.91667
2023-07-20 18:00:00+00:00,31421.21429
2023-07-20 19:00:00+00:00,32028.5
2023-07-20 20:00:00+00:00,31395.25
2023-07-20 21:00:00+00:00,28979
2023-07-20 22:00:00+00:00,29273.7
2023-07-20 23:00:00+00:00,27321.75
2023-07-21 00:00:00+00:00,26646.42857
2023-07-21 01:00:00+00:00,26228.5
2023-07-21 02:00:00+00:00,25979.16667
2023-07-21 03:00:00+00:00,26405.85714
2023-07-21 04:00:00+00:00,28721.4
2023-07-21 05:00:00+00:00,30999.25
2023-07-21 06:00:00+00:00,29955.85714
2023-07-21 07:00:00+00:00,29305.2
2023-07-21 08:00:00+00:00,29434.33333
2023-07-21 09:00:00+00:00,29159.78571
2023-07-21 10:00:00+00:00,30769.7
2023-07-21 11:00:00+00:00,31805.5
2023-07-21 12:00:00+00:00,31660.78571
2023-07-21 13:00:00+00:00,31179.2
2023-07-21 14:00:00+00:00,30817.91667
2023-07-21 15:00:00+00:00,30461.78571
2023-07-21 16:00:00+00:00,29163
2023-07-21 17:00:00+00:00,29437.5
2023-07-21 18:00:00+00:00,30406.14286
2023-07-21 19:00:00+00:00,31178.6
2023-07-21 20:00:00+00:00,29784.5
2023-07-21 21:00:00+00:00,27470.07143
2023-07-21 22:00:00+00:00,27624.5
2023-07-21 23:00:00+00:00,26674.08333
2023-07-22 00:00:00+00:00,25868.64286
2023-07-22 01:00:00+00:00,25148.7
2023-07-22 02:00:00+00:00,24724.25
2023-07-22 03:00:00+00:00,24580.28571
2023-07-22 04:00:00+00:00,25306.2
2023-07-22 05:00:00+00:00,24913.91667
2023-07-22 06:00:00+00:00,25131.28571
2023-07-22 07:00:00+00:00,25039.9
2023-07-22 08:00:00+00:00,25484.08333
2023-07-22 09:00:00+00:00,26653.07143
2023-07-22 10:00:00+00:00,26938.1
2023-07-22 11:00:00+00:00,27604.66667
2023-07-22 12:00:00+00:00,27782.28571
2023-07-22 13:00:00+00:00,25825.9
2023-07-22 14:00:00+00:00,25362.41667
2023-07-22 15:00:00+00:00,25508.92857
2023-07-22 16:00:00+00:00,25642.9
2023-07-22 17:00:00+00:00,27579.33333
2023-07-22 18:00:00+00:00,30159.35714
2023-07-22 19:00:00+00:00,31101.7
2023-07-22 20:00:00+00:00,30492.33333
2023-07-22 21:00:00+00:00,28069.64286
2023-07-22 22:00:00+00:00,27405.5
2023-07-22 23:00:00+00:00,25863.91667
2023-07-23 00:00:00+00:00,24559.35714
2023-07-23 01:00:00+00:00,23699.3
2023-07-23 02:00:00+00:00,23087.75
2023-07-23 03:00:00+00:00,22826.92857
2023-07-23 04:00:00+00:00,22922.5
2023-07-23 05:00:00+00:00,22451.58333
2023-07-23 06:00:00+00:00,21460.85714
2023-07-23 07:00:00+00:00,21304.4
2023-07-23 08:00:00+00:00,22265.16667
2023-07-23 09:00:00+00:00,22468.92857
2023-07-23 10:00:00+00:00,23178.7
2023-07-23 11:00:00+00:00,24084.33333
2023-07-23 12:00:00+00:00,25164.14286
2023-07-23 13:00:00+00:00,24976.2
2023-07-23 14:00:00+00:00,24850.5
2023-07-23 15:00:00+00:00,23064.14286
2023-07-23 16:00:00+00:00,23561.6
2023-07-23 17:00:00+00:00,23912.41667
2023-07-23 18:00:00+00:00,26306.35714
2023-07-23 19:00:00+00:00,29585.1
2023-07-23 20:00:00+00:00,31464.58333
2023-07-23 21:00:00+00:00,30528.85714
2023-07-23 22:00:00+00:00,28332.7
2023-07-23 23:00:00+00:00,26493.5
2023-07-24 00:00:00+00:00,25002.35714
2023-07-24 01:00:00+00:00,24164.7
2023-07-24 02:00:00+00:00,23568.16667
2023-07-24 03:00:00+00:00,24455.28571
2023-07-24 04:00:00+00:00,26466.4
2023-07-24 05:00:00+00:00,28275.83333
2023-07-24 06:00:00+00:00,28280
2023-07-24 07:00:00+00:00,27686.7
2023-07-24 08:00:00+00:00,27892.25
2023-07-24 09:00:00+00:00,28375.35714
2023-07-24 10:00:00+00:00,28606.4
2023-07-24 11:00:00+00:00,29600.83333
2023-07-24 12:00:00+00:00,29513.92857
2023-07-24 13:00:00+00:00,28313.5
2023-07-24 14:00:00+00:00,27621.08333
2023-07-24 15:00:00+00:00,27826
2023-07-24 16:00:00+00:00,27960
2023-07-24 17:00:00+00:00,28103.75
2023-07-24 18:00:00+00:00,29196.35714
2023-07-24 19:00:00+00:00,29777.4
2023-07-24 20:00:00+00:00,28714.83333
2023-07-24 21:00:00+00:00,26165.85714
2023-07-24 22:00:00+00:00,25829.6
2023-07-24 23:00:00+00:00,24560.25
2023-07-25 00:00:00+00:00,23392.28571
2023-07-25 01:00:00+00:00,23272.5
2023-07-25 02:00:00+00:00,23480.91667
2023-07-25 03:00:00+00:00,24233.92857
2023-07-25 04:00:00+00:00,26539
2023-07-25 05:00:00+00:00,28069.16667
2023-07-25 06:00:00+00:00,26172.71429
2023-07-25 07:00:00+00:00,24459.9
2023-07-25 08:00:00+00:00,24550.41667
2023-07-25 09:00:00+00:00,24699.57143
2023-07-25 10:00:00+00:00,25383.9
2023-07-25 11:00:00+00:00,26069.16667
2023-07-25 12:00:00+00:00,25821.28571
2023-07-25 13:00:00+00:00,25502.8
2023-07-25 14:00:00+00:00,25459.66667
2023-07-25 15:00:00+00:00,25659.42857
2023-07-25 16:00:00+00:00,25667.8
2023-07-25 17:00:00+00:00,25999.75
2023-07-25 18:00:00+00:00,27588.85714
2023-07-25 19:00:00+00:00,28586
2023-07-25 20:00:00+00:00,28434.33333
2023-07-25 21:00:00+00:00,27299.42857
2023-07-25 22:00:00+00:00,26937.4
2023-07-25 23:00:00+00:00,25120.91667
2023-07-26 00:00:00+00:00,23685.92857
2023-07-26 01:00:00+00:00,23461.6
2023-07-26 02:00:00+00:00,23368.5
2023-07-26 03:00:00+00:00,24116.78571
2023-07-26 04:00:00+00:00,27109.6
2023-07-26 05:00:00+00:00,29489.08333
2023-07-26 06:00:00+00:00,27762.42857
2023-07-26 07:00:00+00:00,26642.4
2023-07-26 08:00:00+00:00,26446.66667
2023-07-26 09:00:00+00:00,26622.71429
2023-07-26 10:00:00+00:00,27651.8
2023-07-26 11:00:00+00:00,28562.25
2023-07-26 12:00:00+00:00,28676.35714
2023-07-26 13:00:00+00:00,27683
2023-07-26 14:00:00+00:00,27710.5
2023-07-26 15:00:00+00:00,27474.85714
2023-07-26 16:00:00+00:00,26777.2
2023-07-26 17:00:00+00:00,27977.25
2023-07-26 18:00:00+00:00,30804.57143
2023-07-26 19:00:00+00:00,32878.2
2023-07-26 20:00:00+00:00,32162.41667
2023-07-26 21:00:00+00:00,29444.64286
2023-07-26 22:00:00+00:00,28664.1
2023-07-26 23:00:00+00:00,27341
2023-07-27 00:00:00+00:00,25716.78571
2023-07-27 01:00:00+00:00,24756.1
2023-07-27 02:00:00+00:00,24538.91667
2023-07-27 03:00:00+00:00,24958.07143
2023-07-27 04:00:00+00:00,27805.5
2023-07-27 05:00:00+00:00,29821.33333
2023-07-27 06:00:00+00:00,29639
2023-07-27 07:00:00+00:00,28235.9
2023-07-27 08:00:00+00:00,28205.91667
2023-07-27 09:00:00+00:00,28327.42857
2023-07-27 10:00:00+00:00,28207.8
2023-07-27 11:00:00+00:00,28844.66667
2023-07-27 12:00:00+00:00,28630.28571
2023-07-27 13:00:00+00:00,27825
2023-07-27 14:00:00+00:00,28307.25
2023-07-27 15:00:00+00:00,27249.57143
2023-07-27 16:00:00+00:00,26818.2
2023-07-27 17:00:00+00:00,27733.33333
2023-07-27 18:00:00+00:00,30424.14286
2023-07-27 19:00:00+00:00,31362.2
2023-07-27 20:00:00+00:00,30490.33333
2023-07-27 21:00:00+00:00,27822.85714
2023-07-27 22:00:00+00:00,27138.7
2023-07-27 23:00:00+00:00,25695.16667
2023-07-28 00:00:00+00:00,24459.21429
2023-07-28 01:00:00+00:00,24283.6
2023-07-28 02:00:00+00:00,24435.5
2023-07-28 03:00:00+00:00,24478.42857
2023-07-28 04:00:00+00:00,26664.4
2023-07-28 05:00:00+00:00,29082.16667
2023-07-28 06:00:00+00:00,27892.71429
2023-07-28 07:00:00+00:00,26301.3
2023-07-28 08:00:00+00:00,26618.58333
2023-07-28 09:00:00+00:00,27146.14286
2023-07-28 10:00:00+00:00,27540.3
2023-07-28 11:00:00+00:00,28038.66667
2023-07-28 12:00:00+00:00,26771.78571
2023-07-28 13:00:00+00:00,25715.7
2023-07-28 14:00:00+00:00,25783
2023-07-28 15:00:00+00:00,26295.5
2023-07-28 16:00:00+00:00,26103.1
2023-07-28 17:00:00+00:00,27308.5
2023-07-28 18:00:00+00:00,30059.92857
2023-07-28 19:00:00+00:00,31622.1
2023-07-28 20:00:00+00:00,30429.08333
2023-07-28 21:00:00+00:00,27511.35714
2023-07-28 22:00:00+00:00,27953
2023-07-28 23:00:00+00:00,26376.33333
2023-07-29 00:00:00+00:00,24953.85714
2023-07-29 01:00:00+00:00,24126.9
2023-07-29 02:00:00+00:00,23782.66667
2023-07-29 03:00:00+00:00,23642
2023-07-29 04:00:00+00:00,24381.3
2023-07-29 05:00:00+00:00,24334.66667
2023-07-29 06:00:00+00:00,23679.57143
2023-07-29 07:00:00+00:00,23181.8
2023-07-29 08:00:00+00:00,24890.33333
2023-07-29 09:00:00+00:00,25869.42857
2023-07-29 10:00:00+00:00,26553.7
2023-07-29 11:00:00+00:00,27749.25
2023-07-29 12:00:00+00:00,28121.85714
2023-07-29 13:00:00+00:00,26381.4
2023-07-29 14:00:00+00:00,25218.25
2023-07-29 15:00:00+00:00,25354.14286
2023-07-29 16:00:00+00:00,24266.5
2023-07-29 17:00:00+00:00,25338.25
2023-07-29 18:00:00+00:00,28438.35714
2023-07-29 19:00:00+00:00,29685.2
2023-07-29 20:00:00+00:00,27753.16667
2023-07-29 21:00:00+00:00,25745.71429
2023-07-29 22:00:00+00:00,24908.4
2023-07-29 23:00:00+00:00,23582.83333
2023-07-30 00:00:00+00:00,22487.14286
2023-07-30 01:00:00+00:00,21895
2023-07-30 02:00:00+00:00,21685.58333
2023-07-30 03:00:00+00:00,21764.92857
2023-07-30 04:00:00+00:00,22133.9
2023-07-30 05:00:00+00:00,21936.41667
2023-07-30 06:00:00+00:00,21202.5
2023-07-30 07:00:00+00:00,21427
2023-07-30 08:00:00+00:00,22062.66667
2023-07-30 09:00:00+00:00,23386.14286
2023-07-30 10:00:00+00:00,25102.4
2023-07-30 11:00:00+00:00,25842.58333
2023-07-30 12:00:00+00:00,26223.14286
2023-07-30 13:00:00+00:00,26028.2
2023-07-30 14:00:00+00:00,25705.75
2023-07-30 15:00:00+00:00,25063.57143
2023-07-30 16:00:00+00:00,24911.5
2023-07-30 17:00:00+00:00,24702.91667
2023-07-30 18:00:00+00:00,28029.78571
2023-07-30 19:00:00+00:00,30560.1
2023-07-30 20:00:00+00:00,30735.58333
2023-07-30 21:00:00+00:00,27705.57143
2023-07-30 22:00:00+00:00,25763.2
2023-07-30 23:00:00+00:00,24507.5
2023-07-31 00:00:00+00:00,23130.35714
2023-07-31 01:00:00+00:00,22569
2023-07-31 02:00:00+00:00,22705.75
2023-07-31 03:00:00+00:00,23565.28571
2023-07-31 04:00:00+00:00,26790.7
2023-07-31 05:00:00+00:00,28450.25
2023-07-31 06:00:00+00:00,28748.78571
2023-07-31 07:00:00+00:00,29431.3
2023-07-31 08:00:00+00:00,29578.08333
2023-07-31 09:00:00+00:00,29393
2023-07-31 10:00:00+00:00,30039.2
2023-07-31 11:00:00+00:00,30715.08333
2023-07-31 12:00:00+00:00,30868
2023-07-31 13:00:00+00:00,29926.2
2023-07-31 14:00:00+00:00,30461.08333
2023-07-31 15:00:00+00:00,29086.07143
2023-07-31 16:00:00+00:00,27974.9
2023-07-31 17:00:00+00:00,29900.33333
2023-07-31 18:00:00+00:00,32251.71429
2023-07-31 19:00:00+00:00,32145.3
2023-07-31 20:00:00+00:00,30326.08333
2023-07-31 21:00:00+00:00,27957.85714
2023-07-31 22:00:00+00:00,27139.4
2023-07-31 23:00:00+00:00,25184.33333
2023-08-01 00:00:00+00:00,24086.42857
2023-08-01 01:00:00+00:00,22844.3
2023-08-01 02:00:00+00:00,22689.25
2023-08-01 03:00:00+00:00,23067.5
2023-08-01 04:00:00+00:00,26217.3
2023-08-01 05:00:00+00:00,27920.91667
2023-08-01 06:00:00+00:00,28619.85714
2023-08-01 07:00:00+00:00,26527.5
2023-08-01 08:00:00+00:00,26850.25
2023-08-01 09:00:00+00:00,27098.14286
2023-08-01 10:00:00+00:00,28162.4
2023-08-01 11:00:00+00:00,29711.5
2023-08-01 12:00:00+00:00,30510.35714
2023-08-01 13:00:00+00:00,29472.6
2023-08-01 14:00:00+00:00,29268.5
2023-08-01 15:00:00+00:00,28431.5
2023-08-01 16:00:00+00:00,26712.8
2023-08-01 17:00:00+00:00,28111.66667
2023-08-01 18:00:00+00:00,31633.5
2023-08-01 19:00:00+00:00,33903.7
2023-08-01 20:00:00+00:00,32659.66667
2023-08-01 21:00:00+00:00,29780.14286
2023-08-01 22:00:00+00:00,27650.8
2023-08-01 23:00:00+00:00,25981.41667
2023-08-02 00:00:00+00:00,25437.92857
2023-08-02 01:00:00+00:00,24860.6
2023-08-02 02:00:00+00:00,24766.16667
2023-08-02 03:00:00+00:00,25522.5
2023-08-02 04:00:00+00:00,27442
2023-08-02 05:00:00+00:00,28594.83333
2023-08-02 06:00:00+00:00,28551.28571
2023-08-02 07:00:00+00:00,28671
2023-08-02 08:00:00+00:00,29411.41667
2023-08-02 09:00:00+00:00,30370.57143
2023-08-02 10:00:00+00:00,31019
2023-08-02 11:00:00+00:00,31636.16667
2023-08-02 12:00:00+00:00,31590.28571
2023-08-02 13:00:00+00:00,30644.6
2023-08-02 14:00:00+00:00,30509.25
2023-08-02 15:00:00+00:00,29865.71429
2023-08-02 16:00:00+00:00,29961
2023-08-02 17:00:00+00:00,30111.75
2023-08-02 18:00:00+00:00,31480.5
2023-08-02 19:00:00+00:00,31853.4
2023-08-02 20:00:00+00:00,30258
2023-08-02 21:00:00+00:00,28440.85714
2023-08-02 22:00:00+00:00,27030.2
2023-08-02 23:00:00+00:00,24924.33333
2023-08-03 00:00:00+00:00,23850.57143
2023-08-03 01:00:00+00:00,23327.9
2023-08-03 02:00:00+00:00,23382.33333
2023-08-03 03:00:00+00:00,24212.92857
2023-08-03 04:00:00+00:00,26716.8
2023-08-03 05:00:00+00:00,28482
2023-08-03 06:00:00+00:00,28693.64286
2023-08-03 07:00:00+00:00,27630.6
2023-08-03 08:00:00+00:00,28074.25
2023-08-03 09:00:00+00:00,29136.78571
2023-08-03 10:00:00+00:00,29056.5
2023-08-03 11:00:00+00:00,30002.66667
2023-08-03 12:00:00+00:00,29824.07143
2023-08-03 13:00:00+00:00,27610.2
2023-08-03 14:00:00+00:00,26238.58333
2023-08-03 15:00:00+00:00,25248.71429
2023-08-03 16:00:00+00:00,25645.4
2023-08-03 17:00:00+00:00,26400.33333
2023-08-03 18:00:00+00:00,26839.07143
2023-08-03 19:00:00+00:00,27828
2023-08-03 20:00:00+00:00,26074.08333
2023-08-03 21:00:00+00:00,24283.42857
2023-08-03 22:00:00+00:00,23498
2023-08-03 23:00:00+00:00,21954
2023-08-04 00:00:00+00:00,21562.28571
2023-08-04 01:00:00+00:00,20355.3
2023-08-04 02:00:00+00:00,20229.58333
2023-08-04 03:00:00+00:00,20615.07143
2023-08-04 04:00:00+00:00,23103.2
2023-08-04 05:00:00+00:00,25081.58333
2023-08-04 06:00:00+00:00,23590.64286
2023-08-04 07:00:00+00:00,23127
2023-08-04 08:00:00+00:00,22577.5
2023-08-04 09:00:00+00:00,23147.5
2023-08-04 10:00:00+00:00,23411.5
2023-08-04 11:00:00+00:00,23806.91667
2023-08-04 12:00:00+00:00,23792
2023-08-04 13:00:00+00:00,22954.6
2023-08-04 14:00:00+00:00,22441
2023-08-04 15:00:00+00:00,22335.14286
2023-08-04 16:00:00+00:00,22478.6
2023-08-04 17:00:00+00:00,22874.58333
2023-08-04 18:00:00+00:00,23463.42857
2023-08-04 19:00:00+00:00,24908.1
2023-08-04 20:00:00+00:00,23448.25
2023-08-04 21:00:00+00:00,20546.85714
2023-08-04 22:00:00+00:00,20439.3
2023-08-04 23:00:00+00:00,19650.66667
2023-08-05 00:00:00+00:00,18788.71429
2023-08-05 01:00:00+00:00,18852.7
2023-08-05 02:00:00+00:00,18627.25
2023-08-05 03:00:00+00:00,18705.28571
2023-08-05 04:00:00+00:00,19765.9
2023-08-05 05:00:00+00:00,19294.25
2023-08-05 06:00:00+00:00,18197.28571
2023-08-05 07:00:00+00:00,16788.2
2023-08-05 08:00:00+00:00,17361.83333
2023-08-05 09:00:00+00:00,18567.5
2023-08-05 10:00:00+00:00,18771.2
2023-08-05 11:00:00+00:00,19203.08333
2023-08-05 12:00:00+00:00,19378.92857
2023-08-05 13:00:00+00:00,19060.3
2023-08-05 14:00:00+00:00,18974.75
2023-08-05 15:00:00+00:00,19333.92857
2023-08-05 16:00:00+00:00,19314
2023-08-05 17:00:00+00:00,19586.33333
2023-08-05 18:00:00+00:00,22896.21429
2023-08-05 19:00:00+00:00,25089
2023-08-05 20:00:00+00:00,23815.08333
2023-08-05 21:00:00+00:00,21555
2023-08-05 22:00:00+00:00,19983.4
2023-08-05 23:00:00+00:00,18664.66667
2023-08-06 00:00:00+00:00,18059
2023-08-06 01:00:00+00:00,17322.1
2023-08-06 02:00:00+00:00,17091
2023-08-06 03:00:00+00:00,17012.14286
2023-08-06 04:00:00+00:00,17475.4
2023-08-06 05:00:00+00:00,17606.16667
2023-08-06 06:00:00+00:00,17074.5
2023-08-06 07:00:00+00:00,15214.4
2023-08-06 08:00:00+00:00,15406.83333
2023-08-06 09:00:00+00:00,16646.85714
2023-08-06 10:00:00+00:00,17211.6
2023-08-06 11:00:00+00:00,18044.41667
2023-08-06 12:00:00+00:00,20126.78571
2023-08-06 13:00:00+00:00,19769
2023-08-06 14:00:00+00:00,19609.5
2023-08-06 15:00:00+00:00,19985.28571
2023-08-06 16:00:00+00:00,20286.8
2023-08-06 17:00:00+00:00,18585.5
2023-08-06 18:00:00+00:00,20669.57143
2023-08-06 19:00:00+00:00,24280.5
2023-08-06 20:00:00+00:00,23853.33333
2023-08-06 21:00:00+00:00,22407.85714
2023-08-06 22:00:00+00:00,21945.1
2023-08-06 23:00:00+00:00,20745.83333
2023-08-07 00:00:00+00:00,19827.71429
2023-08-07 01:00:00+00:00,19159.8
2023-08-07 02:00:00+00:00,18647.08333
2023-08-07 03:00:00+00:00,19141.71429
2023-08-07 04:00:00+00:00,21871.5
2023-08-07 05:00:00+00:00,23533.83333
2023-08-07 06:00:00+00:00,24471.85714
2023-08-07 07:00:00+00:00,22107.7
2023-08-07 08:00:00+00:00,23528.08333
2023-08-07 09:00:00+00:00,25684.14286
2023-08-07 10:00:00+00:00,25975
2023-08-07 11:00:00+00:00,27967.41667
2023-08-07 12:00:00+00:00,28274.64286
2023-08-07 13:00:00+00:00,27679.3
2023-08-07 14:00:00+00:00,27564.16667
2023-08-07 15:00:00+00:00,26411.57143
2023-08-07 16:00:00+00:00,25018.7
2023-08-07 17:00:00+00:00,25034.91667
2023-08-07 18:00:00+00:00,28873.57143
2023-08-07 19:00:00+00:00,30641.2
2023-08-07 20:00:00+00:00,28791
2023-08-07 21:00:00+00:00,25936.35714
2023-08-07 22:00:00+00:00,24181.2
2023-08-07 23:00:00+00:00,23387
2023-08-08 00:00:00+00:00,21987.07143
2023-08-08 01:00:00+00:00,21267.2
2023-08-08 02:00:00+00:00,21314.33333
2023-08-08 03:00:00+00:00,22336.28571
2023-08-08 04:00:00+00:00,25850.2
2023-08-08 05:00:00+00:00,27066.58333
2023-08-08 06:00:00+00:00,27676.92857
2023-08-08 07:00:00+00:00,26994.2
2023-08-08 08:00:00+00:00,26380.41667
2023-08-08 09:00:00+00:00,26434.64286
2023-08-08 10:00:00+00:00,27235.7
2023-08-08 11:00:00+00:00,28320.16667
2023-08-08 12:00:00+00:00,28498.85714
2023-08-08 13:00:00+00:00,27813.8
2023-08-08 14:00:00+00:00,27709
2023-08-08 15:00:00+00:00,28112.21429
2023-08-08 16:00:00+00:00,28147.2
2023-08-08 17:00:00+00:00,28944.16667
2023-08-08 18:00:00+00:00,30001
2023-08-08 19:00:00+00:00,31272.5
2023-08-08 20:00:00+00:00,29654.25
2023-08-08 21:00:00+00:00,26201.71429
2023-08-08 22:00:00+00:00,23861.1
2023-08-08 23:00:00+00:00,22967
2023-08-09 00:00:00+00:00,22454.42857
2023-08-09 01:00:00+00:00,21990.1
2023-08-09 02:00:00+00:00,21898.83333
2023-08-09 03:00:00+00:00,22426.78571
2023-08-09 04:00:00+00:00,24390.7
2023-08-09 05:00:00+00:00,25705.08333
2023-08-09 06:00:00+00:00,25469.42857
2023-08-09 07:00:00+00:00,26389.4
2023-08-09 08:00:00+00:00,27060.83333
2023-08-09 09:00:00+00:00,27907.21429
2023-08-09 10:00:00+00:00,28084.3
2023-08-09 11:00:00+00:00,29309.5
2023-08-09 12:00:00+00:00,29538.64286
2023-08-09 13:00:00+00:00,29246.1
2023-08-09 14:00:00+00:00,29323.83333
2023-08-09 15:00:00+00:00,29047.57143
2023-08-09 16:00:00+00:00,28462.3
2023-08-09 17:00:00+00:00,28443.16667
2023-08-09 18:00:00+00:00,30218.5
2023-08-09 19:00:00+00:00,32334.2
2023-08-09 20:00:00+00:00,30809.66667
2023-08-09 21:00:00+00:00,28230.78571
2023-08-09 22:00:00+00:00,27217.5
2023-08-09 23:00:00+00:00,25133.41667
2023-08-10 00:00:00+00:00,24340.92857
2023-08-10 01:00:00+00:00,23452
2023-08-10 02:00:00+00:00,23274.75
2023-08-10 03:00:00+00:00,22755.21429
2023-08-10 04:00:00+00:00,25393.5
2023-08-10 05:00:00+00:00,26554.08333
2023-08-10 06:00:00+00:00,26658.07143
2023-08-10 07:00:00+00:00,27617.6
2023-08-10 08:00:00+00:00,27482.25
2023-08-10 09:00:00+00:00,28494.71429
2023-08-10 10:00:00+00:00,29420.9
2023-08-10 11:00:00+00:00,30305.66667
2023-08-10 12:00:00+00:00,30390.92857
2023-08-10 13:00:00+00:00,29937.7
2023-08-10 14:00:00+00:00,29645.5
2023-08-10 15:00:00+00:00,27655
2023-08-10 16:00:00+00:00,27636.2
2023-08-10 17:00:00+00:00,27883
2023-08-10 18:00:00+00:00,29368.21429
2023-08-10 19:00:00+00:00,32956.7
2023-08-10 20:00:00+00:00,31331.41667
2023-08-10 21:00:00+00:00,28895.78571
2023-08-10 22:00:00+00:00,27839.9
2023-08-10 23:00:00+00:00,25968.08333
2023-08-11 00:00:00+00:00,24104.78571
2023-08-11 01:00:00+00:00,23182.2
2023-08-11 02:00:00+00:00,22871.25
2023-08-11 03:00:00+00:00,23571.21429
2023-08-11 04:00:00+00:00,26118.5
2023-08-11 05:00:00+00:00,28000.33333
2023-08-11 06:00:00+00:00,28170.92857
2023-08-11 07:00:00+00:00,27526.4
2023-08-11 08:00:00+00:00,27747.16667
2023-08-11 09:00:00+00:00,27869.35714
2023-08-11 10:00:00+00:00,28476.5
2023-08-11 11:00:00+00:00,29254.91667
2023-08-11 12:00:00+00:00,29644.28571
2023-08-11 13:00:00+00:00,29190.5
2023-08-11 14:00:00+00:00,29504.25
2023-08-11 15:00:00+00:00,30174.42857
2023-08-11 16:00:00+00:00,29240.6
2023-08-11 17:00:00+00:00,30206.91667
2023-08-11 18:00:00+00:00,32496.35714
2023-08-11 19:00:00+00:00,34417.8
2023-08-11 20:00:00+00:00,32342.83333
2023-08-11 21:00:00+00:00,29865.57143
2023-08-11 22:00:00+00:00,29057.9
2023-08-11 23:00:00+00:00,27225.25
2023-08-12 00:00:00+00:00,25743.85714
2023-08-12 01:00:00+00:00,24875.7
2023-08-12 02:00:00+00:00,24328.41667
2023-08-12 03:00:00+00:00,24047
2023-08-12 04:00:00+00:00,24740.3
2023-08-12 05:00:00+00:00,24944
2023-08-12 06:00:00+00:00,23859.28571
2023-08-12 07:00:00+00:00,23037.5
2023-08-12 08:00:00+00:00,23141.33333
2023-08-12 09:00:00+00:00,23905.21429
2023-08-12 10:00:00+00:00,24854.7
2023-08-12 11:00:00+00:00,25973.83333
2023-08-12 12:00:00+00:00,26631.35714
2023-08-12 13:00:00+00:00,27162.5
2023-08-12 14:00:00+00:00,26756.83333
2023-08-12 15:00:00+00:00,26633.5
2023-08-12 16:00:00+00:00,24710.3
2023-08-12 17:00:00+00:00,26394.75
2023-08-12 18:00:00+00:00,29581.85714
2023-08-12 19:00:00+00:00,31083.6
2023-08-12 20:00:00+00:00,29381.75
2023-08-12 21:00:00+00:00,27499.71429
2023-08-12 22:00:00+00:00,26087
2023-08-12 23:00:00+00:00,24593.16667
2023-08-13 00:00:00+00:00,23351.78571
2023-08-13 01:00:00+00:00,22452
2023-08-13 02:00:00+00:00,21966.75
2023-08-13 03:00:00+00:00,21874
2023-08-13 04:00:00+00:00,22073.2
2023-08-13 05:00:00+00:00,21297.33333
2023-08-13 06:00:00+00:00,20295.57143
2023-08-13 07:00:00+00:00,19425.4
2023-08-13 08:00:00+00:00,20699.66667
2023-08-13 09:00:00+00:00,21314.21429
2023-08-13 10:00:00+00:00,21636.5
2023-08-13 11:00:00+00:00,22382.16667
2023-08-13 12:00:00+00:00,23487.21429
2023-08-13 13:00:00+00:00,23919.4
2023-08-13 14:00:00+00:00,22821.5
2023-08-13 15:00:00+00:00,22405.21429
2023-08-13 16:00:00+00:00,21239.4
2023-08-13 17:00:00+00:00,22754.91667
2023-08-13 18:00:00+00:00,26411.85714
2023-08-13 19:00:00+00:00,29399.5
2023-08-13 20:00:00+00:00,29184.58333
2023-08-13 21:00:00+00:00,26542.42857
2023-08-13 22:00:00+00:00,25028.3
2023-08-13 23:00:00+00:00,22473.75
2023-08-14 00:00:00+00:00,21215.42857
2023-08-14 01:00:00+00:00,20879.1
2023-08-14 02:00:00+00:00,20650.91667
2023-08-14 03:00:00+00:00,20739.85714
2023-08-14 04:00:00+00:00,24165.5
2023-08-14 05:00:00+00:00,25216.58333
2023-08-14 06:00:00+00:00,24861.28571
2023-08-14 07:00:00+00:00,24473.3
2023-08-14 08:00:00+00:00,24077.58333
2023-08-14 09:00:00+00:00,24744.5
2023-08-14 10:00:00+00:00,25701
2023-08-14 11:00:00+00:00,26550.33333
2023-08-14 12:00:00+00:00,27577.28571
2023-08-14 13:00:00+00:00,26064.5
2023-08-14 14:00:00+00:00,24996.16667
2023-08-14 15:00:00+00:00,24478.78571
2023-08-14 16:00:00+00:00,24048
2023-08-14 17:00:00+00:00,25485.16667
2023-08-14 18:00:00+00:00,26620
2023-08-14 19:00:00+00:00,28909.3
2023-08-14 20:00:00+00:00,27870.16667
2023-08-14 21:00:00+00:00,26181.28571
2023-08-14 22:00:00+00:00,24442.4
2023-08-14 23:00:00+00:00,22678.16667
2023-08-15 00:00:00+00:00,21726.57143
2023-08-15 01:00:00+00:00,21041.1
2023-08-15 02:00:00+00:00,20830.75
2023-08-15 03:00:00+00:00,20534
2023-08-15 04:00:00+00:00,20754.3
2023-08-15 05:00:00+00:00,20868.33333
2023-08-15 06:00:00+00:00,20824.85714
2023-08-15 07:00:00+00:00,18988.5
2023-08-15 08:00:00+00:00,18986.5
2023-08-15 09:00:00+00:00,21027.57143
2023-08-15 10:00:00+00:00,21841.8
2023-08-15 11:00:00+00:00,22981.08333
2023-08-15 12:00:00+00:00,23481.78571
2023-08-15 13:00:00+00:00,22603.9
2023-08-15 14:00:00+00:00,22031.16667
2023-08-15 15:00:00+00:00,21503.28571
2023-08-15 16:00:00+00:00,20454.1
2023-08-15 17:00:00+00:00,21538.41667
2023-08-15 18:00:00+00:00,23588.14286
2023-08-15 19:00:00+00:00,26106.7
2023-08-15 20:00:00+00:00,26213.08333
2023-08-15 21:00:00+00:00,24177.21429
2023-08-15 22:00:00+00:00,24208.3
2023-08-15 23:00:00+00:00,22563.58333
2023-08-16 00:00:00+00:00,21852.28571
2023-08-16 01:00:00+00:00,21354.5
2023-08-16 02:00:00+00:00,21469.58333
2023-08-16 03:00:00+00:00,21834.78571
2023-08-16 04:00:00+00:00,23374.1
2023-08-16 05:00:00+00:00,24865.91667
2023-08-16 06:00:00+00:00,24964.92857
2023-08-16 07:00:00+00:00,24522.8
2023-08-16 08:00:00+00:00,25033.08333
2023-08-16 09:00:00+00:00,25348.14286
2023-08-16 10:00:00+00:00,26576.1
2023-08-16 11:00:00+00:00,28343.66667
2023-08-16 12:00:00+00:00,28352.35714
2023-08-16 13:00:00+00:00,26780.7
2023-08-16 14:00:00+00:00,25087.25
2023-08-16 15:00:00+00:00,25059.78571
2023-08-16 16:00:00+00:00,25284.4
2023-08-16 17:00:00+00:00,25816.66667
2023-08-16 18:00:00+00:00,27173.07143
2023-08-16 19:00:00+00:00,30240.1
2023-08-16 20:00:00+00:00,28346.5
2023-08-16 21:00:00+00:00,26015.78571
2023-08-16 22:00:00+00:00,24810.4
2023-08-16 23:00:00+00:00,23655.25
2023-08-17 00:00:00+00:00,22756.07143
2023-08-17 01:00:00+00:00,22289.6
2023-08-17 02:00:00+00:00,22118.5
2023-08-17 03:00:00+00:00,22135.14286
2023-08-17 04:00:00+00:00,24657.2
2023-08-17 05:00:00+00:00,26150.75
2023-08-17 06:00:00+00:00,26004.07143
2023-08-17 07:00:00+00:00,25349.3
2023-08-17 08:00:00+00:00,25300.25
2023-08-17 09:00:00+00:00,26271.64286
2023-08-17 10:00:00+00:00,26960.4
2023-08-17 11:00:00+00:00,27799.91667
2023-08-17 12:00:00+00:00,27760.21429
2023-08-17 13:00:00+00:00,27138
2023-08-17 14:00:00+00:00,26546.91667
2023-08-17 15:00:00+00:00,26604.71429
2023-08-17 16:00:00+00:00,26193.5
2023-08-17 17:00:00+00:00,27039.83333
2023-08-17 18:00:00+00:00,29881.35714
2023-08-17 19:00:00+00:00,31543.9
2023-08-17 20:00:00+00:00,29034.25
2023-08-17 21:00:00+00:00,26740.21429
2023-08-17 22:00:00+00:00,25294.6
2023-08-17 23:00:00+00:00,23827.83333
2023-08-18 00:00:00+00:00,22484.42857
2023-08-18 01:00:00+00:00,21742.2
2023-08-18 02:00:00+00:00,21363.75
2023-08-18 03:00:00+00:00,21740.71429
2023-08-18 04:00:00+00:00,23798.4
2023-08-18 05:00:00+00:00,24914.66667
2023-08-18 06:00:00+00:00,24217.14286
2023-08-18 07:00:00+00:00,24979.4
2023-08-18 08:00:00+00:00,23801.25
2023-08-18 09:00:00+00:00,24031.71429
2023-08-18 10:00:00+00:00,24977.2
2023-08-18 11:00:00+00:00,26168
2023-08-18 12:00:00+00:00,26493.42857
2023-08-18 13:00:00+00:00,24338.4
2023-08-18 14:00:00+00:00,23929.08333
2023-08-18 15:00:00+00:00,24843.5
2023-08-18 16:00:00+00:00,25390.1
2023-08-18 17:00:00+00:00,26198.5
2023-08-18 18:00:00+00:00,28251.42857
2023-08-18 19:00:00+00:00,28873.9
2023-08-18 20:00:00+00:00,27792.08333
2023-08-18 21:00:00+00:00,26301.21429
2023-08-18 22:00:00+00:00,26626
2023-08-18 23:00:00+00:00,24618.58333
2023-08-19 00:00:00+00:00,23439.5
2023-08-19 01:00:00+00:00,22296.4
2023-08-19 02:00:00+00:00,21820.58333
2023-08-19 03:00:00+00:00,21835.78571
2023-08-19 04:00:00+00:00,22229
2023-08-19 05:00:00+00:00,22247.5
2023-08-19 06:00:00+00:00,21873.07143
2023-08-19 07:00:00+00:00,21986
2023-08-19 08:00:00+00:00,22027.08333
2023-08-19 09:00:00+00:00,23177.78571
2023-08-19 10:00:00+00:00,23739.4
2023-08-19 11:00:00+00:00,24627.16667
2023-08-19 12:00:00+00:00,25334.14286
2023-08-19 13:00:00+00:00,25213.5
2023-08-19 14:00:00+00:00,25340.58333
2023-08-19 15:00:00+00:00,25048.85714
2023-08-19 16:00:00+00:00,24483.5
2023-08-19 17:00:00+00:00,26611.83333
2023-08-19 18:00:00+00:00,28148.42857
2023-08-19 19:00:00+00:00,29973.8
2023-08-19 20:00:00+00:00,28312.75
2023-08-19 21:00:00+00:00,25735
2023-08-19 22:00:00+00:00,24852.3
2023-08-19 23:00:00+00:00,23101.41667
2023-08-20 00:00:00+00:00,22250.57143
2023-08-20 01:00:00+00:00,21312.1
2023-08-20 02:00:00+00:00,20671.08333
2023-08-20 03:00:00+00:00,20584.28571
2023-08-20 04:00:00+00:00,20624
2023-08-20 05:00:00+00:00,19989.66667
2023-08-20 06:00:00+00:00,19855.07143
2023-08-20 07:00:00+00:00,19740.1
2023-08-20 08:00:00+00:00,20045.91667
2023-08-20 09:00:00+00:00,21237.64286
2023-08-20 10:00:00+00:00,22372.3
2023-08-20 11:00:00+00:00,23474.25
2023-08-20 12:00:00+00:00,24308.14286
2023-08-20 13:00:00+00:00,24639.2
2023-08-20 14:00:00+00:00,24676
2023-08-20 15:00:00+00:00,22169.5
2023-08-20 16:00:00+00:00,22609.5
2023-08-20 17:00:00+00:00,24339.5
2023-08-20 18:00:00+00:00,26843.35714
2023-08-20 19:00:00+00:00,29387.4
2023-08-20 20:00:00+00:00,29102
2023-08-20 21:00:00+00:00,26653.92857
2023-08-20 22:00:00+00:00,25866.9
2023-08-20 23:00:00+00:00,24356.75
2023-08-21 00:00:00+00:00,22778.71429
2023-08-21 01:00:00+00:00,21897.8
2023-08-21 02:00:00+00:00,21592.91667
2023-08-21 03:00:00+00:00,21973.85714
2023-08-21 04:00:00+00:00,24535.2
2023-08-21 05:00:00+00:00,26487.33333
2023-08-21 06:00:00+00:00,27296.64286
2023-08-21 07:00:00+00:00,27393.3
2023-08-21 08:00:00+00:00,27283.58333
2023-08-21 09:00:00+00:00,28133.5
2023-08-21 10:00:00+00:00,28867.4
2023-08-21 11:00:00+00:00,31194.75
2023-08-21 12:00:00+00:00,31259.21429
2023-08-21 13:00:00+00:00,30284.4
2023-08-21 14:00:00+00:00,29372.41667
2023-08-21 15:00:00+00:00,28308.21429
2023-08-21 16:00:00+00:00,28168.2
2023-08-21 17:00:00+00:00,28890.5
2023-08-21 18:00:00+00:00,30666.07143
2023-08-21 19:00:00+00:00,31807.5
2023-08-21 20:00:00+00:00,29646.75
2023-08-21 21:00:00+00:00,27359.85714
2023-08-21 22:00:00+00:00,27633.5
2023-08-21 23:00:00+00:00,25576.75
2023-08-22 00:00:00+00:00,24771.92857
2023-08-22 01:00:00+00:00,24306.5
2023-08-22 02:00:00+00:00,24121.5
2023-08-22 03:00:00+00:00,24295.64286
2023-08-22 04:00:00+00:00,25938
2023-08-22 05:00:00+00:00,27267.83333
2023-08-22 06:00:00+00:00,27904.64286
2023-08-22 07:00:00+00:00,28968.5
2023-08-22 08:00:00+00:00,29434.91667
2023-08-22 09:00:00+00:00,30365.21429
2023-08-22 10:00:00+00:00,30942.1
2023-08-22 11:00:00+00:00,32507
2023-08-22 12:00:00+00:00,32645.07143
2023-08-22 13:00:00+00:00,31773.2
2023-08-22 14:00:00+00:00,30223.16667
2023-08-22 15:00:00+00:00,28772.71429
2023-08-22 16:00:00+00:00,28444.1
2023-08-22 17:00:00+00:00,30049.41667
2023-08-22 18:00:00+00:00,30326.07143
2023-08-22 19:00:00+00:00,32349.2
2023-08-22 20:00:00+00:00,29253.83333
2023-08-22 21:00:00+00:00,28244.78571
2023-08-22 22:00:00+00:00,26517.9
2023-08-22 23:00:00+00:00,24490.41667
2023-08-23 00:00:00+00:00,23586.85714
2023-08-23 01:00:00+00:00,23032.1
2023-08-23 02:00:00+00:00,22900.41667
2023-08-23 03:00:00+00:00,23650
2023-08-23 04:00:00+00:00,25734.1
2023-08-23 05:00:00+00:00,28253.25
2023-08-23 06:00:00+00:00,28319.07143
2023-08-23 07:00:00+00:00,27976.9
2023-08-23 08:00:00+00:00,28990.41667
2023-08-23 09:00:00+00:00,29736.71429
2023-08-23 10:00:00+00:00,31166.5
2023-08-23 11:00:00+00:00,32424.58333
2023-08-23 12:00:00+00:00,32863.14286
2023-08-23 13:00:00+00:00,31770.5
2023-08-23 14:00:00+00:00,30934.83333
2023-08-23 15:00:00+00:00,29628.71429
2023-08-23 16:00:00+00:00,29453.3
2023-08-23 17:00:00+00:00,30112.25
2023-08-23 18:00:00+00:00,31718.71429
2023-08-23 19:00:00+00:00,32699.6
2023-08-23 20:00:00+00:00,29724.91667
2023-08-23 21:00:00+00:00,28230.71429
2023-08-23 22:00:00+00:00,27245.4
2023-08-23 23:00:00+00:00,26038.41667
2023-08-24 00:00:00+00:00,24518.64286
2023-08-24 01:00:00+00:00,23817.9
2023-08-24 02:00:00+00:00,23684
2023-08-24 03:00:00+00:00,23803.21429
2023-08-24 04:00:00+00:00,25689.2
2023-08-24 05:00:00+00:00,27505.58333
2023-08-24 06:00:00+00:00,27208.42857
2023-08-24 07:00:00+00:00,27550.8
2023-08-24 08:00:00+00:00,28943.91667
2023-08-24 09:00:00+00:00,29592.78571
2023-08-24 10:00:00+00:00,31136
2023-08-24 11:00:00+00:00,32432.66667
2023-08-24 12:00:00+00:00,32474.35714
2023-08-24 13:00:00+00:00,30547.4
2023-08-24 14:00:00+00:00,30294
2023-08-24 15:00:00+00:00,30392.42857
2023-08-24 16:00:00+00:00,30254.9
2023-08-24 17:00:00+00:00,30252.08333
2023-08-24 18:00:00+00:00,31657
2023-08-24 19:00:00+00:00,33436.6
2023-08-24 20:00:00+00:00,31324.5
2023-08-24 21:00:00+00:00,28835.28571
2023-08-24 22:00:00+00:00,28192.9
2023-08-24 23:00:00+00:00,26122.5
2023-08-25 00:00:00+00:00,24943.64286
2023-08-25 01:00:00+00:00,24141
2023-08-25 02:00:00+00:00,23966.41667
2023-08-25 03:00:00+00:00,24186.92857
2023-08-25 04:00:00+00:00,25967.1
2023-08-25 05:00:00+00:00,27733.33333
2023-08-25 06:00:00+00:00,27536.21429
2023-08-25 07:00:00+00:00,26415.2
2023-08-25 08:00:00+00:00,26627.16667
2023-08-25 09:00:00+00:00,27267.14286
2023-08-25 10:00:00+00:00,28503.3
2023-08-25 11:00:00+00:00,29370.75
2023-08-25 12:00:00+00:00,29513.5
2023-08-25 13:00:00+00:00,29302.6
2023-08-25 14:00:00+00:00,29120.33333
2023-08-25 15:00:00+00:00,29546.28571
2023-08-25 16:00:00+00:00,29754.8
2023-08-25 17:00:00+00:00,29680.5
2023-08-25 18:00:00+00:00,31750.42857
2023-08-25 19:00:00+00:00,33431.9
2023-08-25 20:00:00+00:00,32053.33333
2023-08-25 21:00:00+00:00,29383.78571
2023-08-25 22:00:00+00:00,29274.6
2023-08-25 23:00:00+00:00,27810.25
2023-08-26 00:00:00+00:00,26230.57143
2023-08-26 01:00:00+00:00,25443.5
2023-08-26 02:00:00+00:00,24640.58333
2023-08-26 03:00:00+00:00,24378.35714
2023-08-26 04:00:00+00:00,24601.5
2023-08-26 05:00:00+00:00,25134.58333
2023-08-26 06:00:00+00:00,25101.85714
2023-08-26 07:00:00+00:00,25487.6
2023-08-26 08:00:00+00:00,26599.5
2023-08-26 09:00:00+00:00,26607
2023-08-26 10:00:00+00:00,27883.3
2023-08-26 11:00:00+00:00,28891.25
2023-08-26 12:00:00+00:00,30427.92857
2023-08-26 13:00:00+00:00,30515.9
2023-08-26 14:00:00+00:00,27953.41667
2023-08-26 15:00:00+00:00,26763.57143
2023-08-26 16:00:00+00:00,25893.2
2023-08-26 17:00:00+00:00,26176.08333
2023-08-26 18:00:00+00:00,26587.71429
2023-08-26 19:00:00+00:00,27867.4
2023-08-26 20:00:00+00:00,25671.91667
2023-08-26 21:00:00+00:00,24000.21429
2023-08-26 22:00:00+00:00,21945.4
2023-08-26 23:00:00+00:00,20102.41667
2023-08-27 00:00:00+00:00,18639.57143
2023-08-27 01:00:00+00:00,18176.7
2023-08-27 02:00:00+00:00,18399.91667
2023-08-27 03:00:00+00:00,18308.78571
2023-08-27 04:00:00+00:00,18430.5
2023-08-27 05:00:00+00:00,18321
2023-08-27 06:00:00+00:00,17182.78571
2023-08-27 07:00:00+00:00,16519.5
2023-08-27 08:00:00+00:00,16666.25
2023-08-27 09:00:00+00:00,17363.71429
2023-08-27 10:00:00+00:00,17420.1
2023-08-27 11:00:00+00:00,17884.58333
2023-08-27 12:00:00+00:00,17809.92857
2023-08-27 13:00:00+00:00,17011.2
2023-08-27 14:00:00+00:00,16556.25
2023-08-27 15:00:00+00:00,16981.57143
2023-08-27 16:00:00+00:00,17507.3
2023-08-27 17:00:00+00:00,18097.33333
2023-08-27 18:00:00+00:00,20274.42857
2023-08-27 19:00:00+00:00,22401
2023-08-27 20:00:00+00:00,23109.33333
2023-08-27 21:00:00+00:00,21848.92857
2023-08-27 22:00:00+00:00,21173.4
2023-08-27 23:00:00+00:00,20424.16667
2023-08-28 00:00:00+00:00,19522.92857
2023-08-28 01:00:00+00:00,19015.1
2023-08-28 02:00:00+00:00,18671.5
2023-08-28 03:00:00+00:00,18762.78571
2023-08-28 04:00:00+00:00,21183
2023-08-28 05:00:00+00:00,23704.91667
2023-08-28 06:00:00+00:00,23170.28571
2023-08-28 07:00:00+00:00,21781.8
2023-08-28 08:00:00+00:00,21494.66667
2023-08-28 09:00:00+00:00,21413.71429
2023-08-28 10:00:00+00:00,21926.9
2023-08-28 11:00:00+00:00,22661.08333
2023-08-28 12:00:00+00:00,22444.85714
2023-08-28 13:00:00+00:00,21562.6
2023-08-28 14:00:00+00:00,22037.25
2023-08-28 15:00:00+00:00,22533.07143
2023-08-28 16:00:00+00:00,22064.9
2023-08-28 17:00:00+00:00,22798.58333
2023-08-28 18:00:00+00:00,24445.85714
2023-08-28 19:00:00+00:00,26626.5
2023-08-28 20:00:00+00:00,25744.41667
2023-08-28 21:00:00+00:00,24106.14286
2023-08-28 22:00:00+00:00,24376.6
2023-08-28 23:00:00+00:00,22485.25
2023-08-29 00:00:00+00:00,22047.71429
2023-08-29 01:00:00+00:00,21915.5
2023-08-29 02:00:00+00:00,21411.91667
2023-08-29 03:00:00+00:00,22432.14286
2023-08-29 04:00:00+00:00,24492.6
2023-08-29 05:00:00+00:00,25463.75
2023-08-29 06:00:00+00:00,25197.64286
2023-08-29 07:00:00+00:00,23231.8
2023-08-29 08:00:00+00:00,23013.16667
2023-08-29 09:00:00+00:00,22767.78571
2023-08-29 10:00:00+00:00,23717.3
2023-08-29 11:00:00+00:00,24107.25
2023-08-29 12:00:00+00:00,23510.14286
2023-08-29 13:00:00+00:00,23120.8
2023-08-29 14:00:00+00:00,23170.91667
2023-08-29 15:00:00+00:00,23318.07143
2023-08-29 16:00:00+00:00,23519.6
2023-08-29 17:00:00+00:00,25323.33333
2023-08-29 18:00:00+00:00,27656.21429
2023-08-29 19:00:00+00:00,30262.3
2023-08-29 20:00:00+00:00,28209.58333
2023-08-29 21:00:00+00:00,25852.21429
2023-08-29 22:00:00+00:00,25631.7
2023-08-29 23:00:00+00:00,24415.33333
2023-08-30 00:00:00+00:00,23623.57143
2023-08-30 01:00:00+00:00,23248.2
2023-08-30 02:00:00+00:00,23040.5
2023-08-30 03:00:00+00:00,23805.64286
2023-08-30 04:00:00+00:00,26406.8
2023-08-30 05:00:00+00:00,28606.41667
2023-08-30 06:00:00+00:00,27462.57143
2023-08-30 07:00:00+00:00,26034.2
2023-08-30 08:00:00+00:00,25399.08333
2023-08-30 09:00:00+00:00,24589.92857
2023-08-30 10:00:00+00:00,24612.6
2023-08-30 11:00:00+00:00,25765.91667
2023-08-30 12:00:00+00:00,25595.21429
2023-08-30 13:00:00+00:00,25574.5
2023-08-30 14:00:00+00:00,26143.66667
2023-08-30 15:00:00+00:00,26276.5
2023-08-30 16:00:00+00:00,24964
2023-08-30 17:00:00+00:00,26676.75
2023-08-30 18:00:00+00:00,29344
2023-08-30 19:00:00+00:00,31168.8
2023-08-30 20:00:00+00:00,28304
2023-08-30 21:00:00+00:00,26370.85714
2023-08-30 22:00:00+00:00,25410.9
2023-08-30 23:00:00+00:00,23919.16667
2023-08-31 00:00:00+00:00,22779.92857
2023-08-31 01:00:00+00:00,22492.1
2023-08-31 02:00:00+00:00,22596.58333
2023-08-31 03:00:00+00:00,23288.21429
2023-08-31 04:00:00+00:00,26007
2023-08-31 05:00:00+00:00,27959.83333
2023-08-31 06:00:00+00:00,28146.28571
2023-08-31 07:00:00+00:00,26501.8
2023-08-31 08:00:00+00:00,25821.08333
2023-08-31 09:00:00+00:00,25535.35714
2023-08-31 10:00:00+00:00,27013.3
2023-08-31 11:00:00+00:00,27520.5
2023-08-31 12:00:00+00:00,26944.78571
2023-08-31 13:00:00+00:00,26256.4
2023-08-31 14:00:00+00:00,25211.25
2023-08-31 15:00:00+00:00,25102.42857
2023-08-31 16:00:00+00:00,25599.6
2023-08-31 17:00:00+00:00,26989.41667
2023-08-31 18:00:00+00:00,30284.14286
2023-08-31 19:00:00+00:00,31656.6
2023-08-31 20:00:00+00:00,28964.58333
2023-08-31 21:00:00+00:00,25737.21429
2023-08-31 22:00:00+00:00,25615.2
2023-08-31 23:00:00+00:00,24229.58333
2023-09-01 00:00:00+00:00,23486.78571
2023-09-01 01:00:00+00:00,22861.7
2023-09-01 02:00:00+00:00,22917.91667
2023-09-01 03:00:00+00:00,23294.64286
2023-09-01 04:00:00+00:00,25378.6
2023-09-01 05:00:00+00:00,27706.25
2023-09-01 06:00:00+00:00,27436
2023-09-01 07:00:00+00:00,26856.5
2023-09-01 08:00:00+00:00,27599.41667
2023-09-01 09:00:00+00:00,27197.64286
2023-09-01 10:00:00+00:00,26966.2
2023-09-01 11:00:00+00:00,26262.41667
2023-09-01 12:00:00+00:00,25114.14286
2023-09-01 13:00:00+00:00,23758.7
2023-09-01 14:00:00+00:00,23514.75
2023-09-01 15:00:00+00:00,23981.14286
2023-09-01 16:00:00+00:00,25354.6
2023-09-01 17:00:00+00:00,26381.41667
2023-09-01 18:00:00+00:00,28205.57143
2023-09-01 19:00:00+00:00,29368.5
2023-09-01 20:00:00+00:00,27028.33333
2023-09-01 21:00:00+00:00,25685.85714
2023-09-01 22:00:00+00:00,25292.1
2023-09-01 23:00:00+00:00,24487.75
2023-09-02 00:00:00+00:00,23326.21429
2023-09-02 01:00:00+00:00,22537.9
2023-09-02 02:00:00+00:00,22486
2023-09-02 03:00:00+00:00,22579.14286
2023-09-02 04:00:00+00:00,22214.3
2023-09-02 05:00:00+00:00,22688.33333
2023-09-02 06:00:00+00:00,23723.07143
2023-09-02 07:00:00+00:00,24055.6
2023-09-02 08:00:00+00:00,24925.66667
2023-09-02 09:00:00+00:00,24451.71429
2023-09-02 10:00:00+00:00,24568.6
2023-09-02 11:00:00+00:00,25345.41667
2023-09-02 12:00:00+00:00,25156.42857
2023-09-02 13:00:00+00:00,23767.2
2023-09-02 14:00:00+00:00,23254.58333
2023-09-02 15:00:00+00:00,20873.5
2023-09-02 16:00:00+00:00,21656.7
2023-09-02 17:00:00+00:00,23145.25
2023-09-02 18:00:00+00:00,25249.71429
2023-09-02 19:00:00+00:00,26319.1
2023-09-02 20:00:00+00:00,23597.83333
2023-09-02 21:00:00+00:00,21467.21429
2023-09-02 22:00:00+00:00,19911.4
2023-09-02 23:00:00+00:00,19100
2023-09-03 00:00:00+00:00,18697.5
2023-09-03 01:00:00+00:00,18738
2023-09-03 02:00:00+00:00,18640.91667
2023-09-03 03:00:00+00:00,18267.71429
2023-09-03 04:00:00+00:00,18135
2023-09-03 05:00:00+00:00,17737
2023-09-03 06:00:00+00:00,17146
2023-09-03 07:00:00+00:00,18196.8
2023-09-03 08:00:00+00:00,18864.83333
2023-09-03 09:00:00+00:00,19944.92857
2023-09-03 10:00:00+00:00,21127.3
2023-09-03 11:00:00+00:00,22989.41667
2023-09-03 12:00:00+00:00,23008.85714
2023-09-03 13:00:00+00:00,19360.6
2023-09-03 14:00:00+00:00,17314.66667
2023-09-03 15:00:00+00:00,16852.64286
2023-09-03 16:00:00+00:00,17504.9
2023-09-03 17:00:00+00:00,17753.41667
2023-09-03 18:00:00+00:00,19416.78571
2023-09-03 19:00:00+00:00,20160.2
2023-09-03 20:00:00+00:00,19567
2023-09-03 21:00:00+00:00,18150.78571
2023-09-03 22:00:00+00:00,18645.2
2023-09-03 23:00:00+00:00,17827.33333
2023-09-04 00:00:00+00:00,17395.78571
2023-09-04 01:00:00+00:00,18721.3
2023-09-04 02:00:00+00:00,19687.25
2023-09-04 03:00:00+00:00,20447.85714
2023-09-04 04:00:00+00:00,23034.8
2023-09-04 05:00:00+00:00,25906.75
2023-09-04 06:00:00+00:00,27865.57143
2023-09-04 07:00:00+00:00,27853.1
2023-09-04 08:00:00+00:00,27952.41667
2023-09-04 09:00:00+00:00,26086
2023-09-04 10:00:00+00:00,26102.3
2023-09-04 11:00:00+00:00,26932.33333
2023-09-04 12:00:00+00:00,25357.64286
2023-09-04 13:00:00+00:00,24769.8
2023-09-04 14:00:00+00:00,24725.66667
2023-09-04 15:00:00+00:00,24762
2023-09-04 16:00:00+00:00,26064
2023-09-04 17:00:00+00:00,27186.25
2023-09-04 18:00:00+00:00,29898.21429
2023-09-04 19:00:00+00:00,31714.8
2023-09-04 20:00:00+00:00,27572.08333
2023-09-04 21:00:00+00:00,25131.71429
2023-09-04 22:00:00+00:00,25712.6
2023-09-04 23:00:00+00:00,24660.41667
2023-09-05 00:00:00+00:00,23434.14286
2023-09-05 01:00:00+00:00,23206.7
2023-09-05 02:00:00+00:00,23335.41667
2023-09-05 03:00:00+00:00,24071.92857
2023-09-05 04:00:00+00:00,26410.4
2023-09-05 05:00:00+00:00,30412.66667
2023-09-05 06:00:00+00:00,31033.5
2023-09-05 07:00:00+00:00,29848.6
2023-09-05 08:00:00+00:00,28875.25
2023-09-05 09:00:00+00:00,27933.85714
2023-09-05 10:00:00+00:00,28193.2
2023-09-05 11:00:00+00:00,28376
2023-09-05 12:00:00+00:00,27399.5
2023-09-05 13:00:00+00:00,26164.8
2023-09-05 14:00:00+00:00,24910.16667
2023-09-05 15:00:00+00:00,24775.71429
2023-09-05 16:00:00+00:00,25767.3
2023-09-05 17:00:00+00:00,27256
2023-09-05 18:00:00+00:00,29034.28571
2023-09-05 19:00:00+00:00,31117.7
2023-09-05 20:00:00+00:00,28498.08333
2023-09-05 21:00:00+00:00,25248.07143
2023-09-05 22:00:00+00:00,25152.5
2023-09-05 23:00:00+00:00,23918.25
2023-09-06 00:00:00+00:00,23298.42857
2023-09-06 01:00:00+00:00,23068.5
2023-09-06 02:00:00+00:00,22622
2023-09-06 03:00:00+00:00,23258.71429
2023-09-06 04:00:00+00:00,25600.6
2023-09-06 05:00:00+00:00,28546.75
2023-09-06 06:00:00+00:00,29723.85714
2023-09-06 07:00:00+00:00,29081.9
2023-09-06 08:00:00+00:00,28191
2023-09-06 09:00:00+00:00,27950.42857
2023-09-06 10:00:00+00:00,28704.5
2023-09-06 11:00:00+00:00,29296.58333
2023-09-06 12:00:00+00:00,28695.71429
2023-09-06 13:00:00+00:00,26259.2
2023-09-06 14:00:00+00:00,25325.83333
2023-09-06 15:00:00+00:00,25714.71429
2023-09-06 16:00:00+00:00,25117.5
2023-09-06 17:00:00+00:00,26812.75
2023-09-06 18:00:00+00:00,29577.42857
2023-09-06 19:00:00+00:00,31520.1
2023-09-06 20:00:00+00:00,27875.25
2023-09-06 21:00:00+00:00,25595.42857
2023-09-06 22:00:00+00:00,26377.2
2023-09-06 23:00:00+00:00,24901.08333
2023-09-07 00:00:00+00:00,23927.07143
2023-09-07 01:00:00+00:00,23249.4
2023-09-07 02:00:00+00:00,23301.75
2023-09-07 03:00:00+00:00,23766.42857
2023-09-07 04:00:00+00:00,26130.1
2023-09-07 05:00:00+00:00,29662
2023-09-07 06:00:00+00:00,30661.14286
2023-09-07 07:00:00+00:00,29448.8
2023-09-07 08:00:00+00:00,30015.75
2023-09-07 09:00:00+00:00,29137.14286
2023-09-07 10:00:00+00:00,29415.6
2023-09-07 11:00:00+00:00,29951.75
2023-09-07 12:00:00+00:00,29413.35714
2023-09-07 13:00:00+00:00,28499.8
2023-09-07 14:00:00+00:00,28382.16667
2023-09-07 15:00:00+00:00,27596.21429
2023-09-07 16:00:00+00:00,26998.7
2023-09-07 17:00:00+00:00,28584
2023-09-07 18:00:00+00:00,30754.5
2023-09-07 19:00:00+00:00,32489.5
2023-09-07 20:00:00+00:00,29031.66667
2023-09-07 21:00:00+00:00,26426.92857
2023-09-07 22:00:00+00:00,26334.7
2023-09-07 23:00:00+00:00,25020.91667
2023-09-08 00:00:00+00:00,24262.5
2023-09-08 01:00:00+00:00,23531.3
2023-09-08 02:00:00+00:00,23127.66667
2023-09-08 03:00:00+00:00,23459.5
2023-09-08 04:00:00+00:00,25152.6
2023-09-08 05:00:00+00:00,27411.75
2023-09-08 06:00:00+00:00,27994
2023-09-08 07:00:00+00:00,28050.3
2023-09-08 08:00:00+00:00,27908
2023-09-08 09:00:00+00:00,27270.5
2023-09-08 10:00:00+00:00,27116.2
2023-09-08 11:00:00+00:00,27425
2023-09-08 12:00:00+00:00,26182.07143
2023-09-08 13:00:00+00:00,23876.8
2023-09-08 14:00:00+00:00,23533.75
2023-09-08 15:00:00+00:00,23631.78571
2023-09-08 16:00:00+00:00,24010.2
2023-09-08 17:00:00+00:00,25702.83333
2023-09-08 18:00:00+00:00,28239.85714
2023-09-08 19:00:00+00:00,28183.5
2023-09-08 20:00:00+00:00,26183.91667
2023-09-08 21:00:00+00:00,25036.71429
2023-09-08 22:00:00+00:00,24811.2
2023-09-08 23:00:00+00:00,23688.5
2023-09-09 00:00:00+00:00,22434.92857
2023-09-09 01:00:00+00:00,21486.6
2023-09-09 02:00:00+00:00,21763
2023-09-09 03:00:00+00:00,21547.78571
2023-09-09 04:00:00+00:00,21965.6
2023-09-09 05:00:00+00:00,23348.41667
2023-09-09 06:00:00+00:00,24261.92857
2023-09-09 07:00:00+00:00,23711.5
2023-09-09 08:00:00+00:00,23367.08333
2023-09-09 09:00:00+00:00,23000.35714
2023-09-09 10:00:00+00:00,22317.8
2023-09-09 11:00:00+00:00,23565.5
2023-09-09 12:00:00+00:00,22807.92857
2023-09-09 13:00:00+00:00,21926.2
2023-09-09 14:00:00+00:00,19850.58333
2023-09-09 15:00:00+00:00,19442.42857
2023-09-09 16:00:00+00:00,20184.2
2023-09-09 17:00:00+00:00,22674.25
2023-09-09 18:00:00+00:00,25280.71429
2023-09-09 19:00:00+00:00,27409.9
2023-09-09 20:00:00+00:00,25624
2023-09-09 21:00:00+00:00,23477.14286
2023-09-09 22:00:00+00:00,23121.2
2023-09-09 23:00:00+00:00,22093.83333
2023-09-10 00:00:00+00:00,20855.07143
2023-09-10 01:00:00+00:00,19995.6
2023-09-10 02:00:00+00:00,19722.16667
2023-09-10 03:00:00+00:00,19357.21429
2023-09-10 04:00:00+00:00,19063.4
2023-09-10 05:00:00+00:00,18971.66667
2023-09-10 06:00:00+00:00,18707
2023-09-10 07:00:00+00:00,19312
2023-09-10 08:00:00+00:00,19222.25
2023-09-10 09:00:00+00:00,19782.78571
2023-09-10 10:00:00+00:00,20106.2
2023-09-10 11:00:00+00:00,20686.08333
2023-09-10 12:00:00+00:00,20729.14286
2023-09-10 13:00:00+00:00,20212.5
2023-09-10 14:00:00+00:00,17725.58333
2023-09-10 15:00:00+00:00,16892.21429
2023-09-10 16:00:00+00:00,17878.7
2023-09-10 17:00:00+00:00,19996
2023-09-10 18:00:00+00:00,23278.21429
2023-09-10 19:00:00+00:00,25303.9
2023-09-10 20:00:00+00:00,24880.08333
2023-09-10 21:00:00+00:00,23288.5
2023-09-10 22:00:00+00:00,22870.7
2023-09-10 23:00:00+00:00,21895.25
2023-09-11 00:00:00+00:00,21173.71429
2023-09-11 01:00:00+00:00,21025.2
2023-09-11 02:00:00+00:00,21023.91667
2023-09-11 03:00:00+00:00,21957.85714
2023-09-11 04:00:00+00:00,24482.6
2023-09-11 05:00:00+00:00,27903
2023-09-11 06:00:00+00:00,28575.92857
2023-09-11 07:00:00+00:00,28139.1
2023-09-11 08:00:00+00:00,27042.33333
2023-09-11 09:00:00+00:00,25639.07143
2023-09-11 10:00:00+00:00,25984.1
2023-09-11 11:00:00+00:00,26400.58333
2023-09-11 12:00:00+00:00,25967.14286
2023-09-11 13:00:00+00:00,23971.7
2023-09-11 14:00:00+00:00,23038
2023-09-11 15:00:00+00:00,23354.42857
2023-09-11 16:00:00+00:00,24338.8
2023-09-11 17:00:00+00:00,25494.33333
2023-09-11 18:00:00+00:00,28710.92857
2023-09-11 19:00:00+00:00,29941.8
2023-09-11 20:00:00+00:00,27886.75
2023-09-11 21:00:00+00:00,25347.21429
2023-09-11 22:00:00+00:00,24449
2023-09-11 23:00:00+00:00,22709.83333
2023-09-12 00:00:00+00:00,22384
2023-09-12 01:00:00+00:00,22184.2
2023-09-12 02:00:00+00:00,21984.41667
2023-09-12 03:00:00+00:00,22793
2023-09-12 04:00:00+00:00,25403.7
2023-09-12 05:00:00+00:00,28277
2023-09-12 06:00:00+00:00,28975.42857
2023-09-12 07:00:00+00:00,28161.1
2023-09-12 08:00:00+00:00,27513
2023-09-12 09:00:00+00:00,26404.92857
2023-09-12 10:00:00+00:00,27924.5
2023-09-12 11:00:00+00:00,28015.58333
2023-09-12 12:00:00+00:00,26783.28571
2023-09-12 13:00:00+00:00,24754.4
2023-09-12 14:00:00+00:00,25519.33333
2023-09-12 15:00:00+00:00,25960.42857
2023-09-12 16:00:00+00:00,26394.9
2023-09-12 17:00:00+00:00,26753.25
2023-09-12 18:00:00+00:00,30047.57143
2023-09-12 19:00:00+00:00,30488.4
2023-09-12 20:00:00+00:00,27256.25
2023-09-12 21:00:00+00:00,24603.64286
2023-09-12 22:00:00+00:00,24423.3
2023-09-12 23:00:00+00:00,23621.91667
2023-09-13 00:00:00+00:00,22753.42857
2023-09-13 01:00:00+00:00,22410.7
2023-09-13 02:00:00+00:00,22313
2023-09-13 03:00:00+00:00,22873.92857
2023-09-13 04:00:00+00:00,25852.5
2023-09-13 05:00:00+00:00,28470.91667
2023-09-13 06:00:00+00:00,28161.5
2023-09-13 07:00:00+00:00,26580.4
2023-09-13 08:00:00+00:00,24658.33333
2023-09-13 09:00:00+00:00,24431.42857
2023-09-13 10:00:00+00:00,25087.8
2023-09-13 11:00:00+00:00,25772.83333
2023-09-13 12:00:00+00:00,25621.35714
2023-09-13 13:00:00+00:00,25361.4
2023-09-13 14:00:00+00:00,24761.75
2023-09-13 15:00:00+00:00,24238.07143
2023-09-13 16:00:00+00:00,24222.5
2023-09-13 17:00:00+00:00,25864.91667
2023-09-13 18:00:00+00:00,30162.71429
2023-09-13 19:00:00+00:00,30110.8
2023-09-13 20:00:00+00:00,27066.16667
2023-09-13 21:00:00+00:00,25041.57143
2023-09-13 22:00:00+00:00,23908.6
2023-09-13 23:00:00+00:00,22724.5
2023-09-14 00:00:00+00:00,22765.14286
2023-09-14 01:00:00+00:00,22737
2023-09-14 02:00:00+00:00,22838.58333
2023-09-14 03:00:00+00:00,23457.14286
2023-09-14 04:00:00+00:00,26278.7
2023-09-14 05:00:00+00:00,29468.91667
2023-09-14 06:00:00+00:00,29982.07143
2023-09-14 07:00:00+00:00,29345.9
2023-09-14 08:00:00+00:00,27707.66667
2023-09-14 09:00:00+00:00,27641.5
2023-09-14 10:00:00+00:00,28647.6
2023-09-14 11:00:00+00:00,28729.41667
2023-09-14 12:00:00+00:00,28412.78571
2023-09-14 13:00:00+00:00,27496.2
2023-09-14 14:00:00+00:00,27249.08333
2023-09-14 15:00:00+00:00,26541.42857
2023-09-14 16:00:00+00:00,26040.6
2023-09-14 17:00:00+00:00,27915.91667
2023-09-14 18:00:00+00:00,31931.85714
2023-09-14 19:00:00+00:00,31612.7
2023-09-14 20:00:00+00:00,27910.91667
2023-09-14 21:00:00+00:00,25520.07143
2023-09-14 22:00:00+00:00,24403.5
2023-09-14 23:00:00+00:00,23175
2023-09-15 00:00:00+00:00,22452.78571
2023-09-15 01:00:00+00:00,22479
2023-09-15 02:00:00+00:00,22340.16667
2023-09-15 03:00:00+00:00,23160.57143
2023-09-15 04:00:00+00:00,25894.3
2023-09-15 05:00:00+00:00,29985
2023-09-15 06:00:00+00:00,30910.07143
2023-09-15 07:00:00+00:00,30437.9
2023-09-15 08:00:00+00:00,30086.5
2023-09-15 09:00:00+00:00,29180.07143
2023-09-15 10:00:00+00:00,28738.7
2023-09-15 11:00:00+00:00,29669.41667
2023-09-15 12:00:00+00:00,27948.14286
2023-09-15 13:00:00+00:00,27228.7
2023-09-15 14:00:00+00:00,26905
2023-09-15 15:00:00+00:00,27826.64286
2023-09-15 16:00:00+00:00,27117.1
2023-09-15 17:00:00+00:00,28681.58333
2023-09-15 18:00:00+00:00,31250.57143
2023-09-15 19:00:00+00:00,31040.9
2023-09-15 20:00:00+00:00,27118.33333
2023-09-15 21:00:00+00:00,24900.14286
2023-09-15 22:00:00+00:00,24510.1
2023-09-15 23:00:00+00:00,22951.58333
2023-09-16 00:00:00+00:00,22412.21429
2023-09-16 01:00:00+00:00,21863.8
2023-09-16 02:00:00+00:00,21569.25
2023-09-16 03:00:00+00:00,21096.42857
2023-09-16 04:00:00+00:00,21796
2023-09-16 05:00:00+00:00,23078.5
2023-09-16 06:00:00+00:00,23323.57143
2023-09-16 07:00:00+00:00,24547.2
2023-09-16 08:00:00+00:00,24780.66667
2023-09-16 09:00:00+00:00,24347.64286
2023-09-16 10:00:00+00:00,24228
2023-09-16 11:00:00+00:00,24511.16667
2023-09-16 12:00:00+00:00,23799.21429
2023-09-16 13:00:00+00:00,23071.6
2023-09-16 14:00:00+00:00,21996.75
2023-09-16 15:00:00+00:00,21492.92857
2023-09-16 16:00:00+00:00,22394.8
2023-09-16 17:00:00+00:00,24793.25
2023-09-16 18:00:00+00:00,27637.42857
2023-09-16 19:00:00+00:00,28306.5
2023-09-16 20:00:00+00:00,25642.25
2023-09-16 21:00:00+00:00,23743.35714
2023-09-16 22:00:00+00:00,23323.8
2023-09-16 23:00:00+00:00,21284.16667
2023-09-17 00:00:00+00:00,20534.21429
2023-09-17 01:00:00+00:00,20724.7
2023-09-17 02:00:00+00:00,20264.08333
2023-09-17 03:00:00+00:00,19982.92857
2023-09-17 04:00:00+00:00,20269.3
2023-09-17 05:00:00+00:00,20831.5
2023-09-17 06:00:00+00:00,20023.21429
2023-09-17 07:00:00+00:00,20139
2023-09-17 08:00:00+00:00,19809
2023-09-17 09:00:00+00:00,19356.28571
2023-09-17 10:00:00+00:00,19266.5
2023-09-17 11:00:00+00:00,20052.91667
2023-09-17 12:00:00+00:00,19478.92857
2023-09-17 13:00:00+00:00,17518.9
2023-09-17 14:00:00+00:00,17190.75
2023-09-17 15:00:00+00:00,17661.5
2023-09-17 16:00:00+00:00,18390.4
2023-09-17 17:00:00+00:00,19000.41667
2023-09-17 18:00:00+00:00,22130.07143
2023-09-17 19:00:00+00:00,24318.8
2023-09-17 20:00:00+00:00,22666.16667
2023-09-17 21:00:00+00:00,20841.21429
2023-09-17 22:00:00+00:00,20649.3
2023-09-17 23:00:00+00:00,20090.5
2023-09-18 00:00:00+00:00,19351.5
2023-09-18 01:00:00+00:00,18406.8
2023-09-18 02:00:00+00:00,19719.91667
2023-09-18 03:00:00+00:00,20566.85714
2023-09-18 04:00:00+00:00,23510.9
2023-09-18 05:00:00+00:00,28137.08333
2023-09-18 06:00:00+00:00,29889.14286
2023-09-18 07:00:00+00:00,29057.7
2023-09-18 08:00:00+00:00,28167
2023-09-18 09:00:00+00:00,26829.71429
2023-09-18 10:00:00+00:00,27182.6
2023-09-18 11:00:00+00:00,27319.75
2023-09-18 12:00:00+00:00,27302.57143
2023-09-18 13:00:00+00:00,26930.4
2023-09-18 14:00:00+00:00,26807.5
2023-09-18 15:00:00+00:00,27488
2023-09-18 16:00:00+00:00,27221.9
2023-09-18 17:00:00+00:00,29411.83333
2023-09-18 18:00:00+00:00,32297.14286
2023-09-18 19:00:00+00:00,32065.9
2023-09-18 20:00:00+00:00,27820.91667
2023-09-18 21:00:00+00:00,24749.57143
2023-09-18 22:00:00+00:00,22959.4
2023-09-18 23:00:00+00:00,21554.5
2023-09-19 00:00:00+00:00,21724
2023-09-19 01:00:00+00:00,21213.1
2023-09-19 02:00:00+00:00,20856.16667
2023-09-19 03:00:00+00:00,21573.21429
2023-09-19 04:00:00+00:00,24402.8
2023-09-19 05:00:00+00:00,27736.91667
2023-09-19 06:00:00+00:00,28895.42857
2023-09-19 07:00:00+00:00,27876.7
2023-09-19 08:00:00+00:00,27519
2023-09-19 09:00:00+00:00,26929.21429
2023-09-19 10:00:00+00:00,27069
2023-09-19 11:00:00+00:00,27170
2023-09-19 12:00:00+00:00,26755.78571
2023-09-19 13:00:00+00:00,26402.7
2023-09-19 14:00:00+00:00,26151.08333
2023-09-19 15:00:00+00:00,26332.92857
2023-09-19 16:00:00+00:00,25519.6
2023-09-19 17:00:00+00:00,26730.83333
2023-09-19 18:00:00+00:00,30581.35714
2023-09-19 19:00:00+00:00,31218.6
2023-09-19 20:00:00+00:00,26880.58333
2023-09-19 21:00:00+00:00,24235.5
2023-09-19 22:00:00+00:00,23580.2
2023-09-19 23:00:00+00:00,22521.75
2023-09-20 00:00:00+00:00,22439.85714
2023-09-20 01:00:00+00:00,21950.8
2023-09-20 02:00:00+00:00,21624
2023-09-20 03:00:00+00:00,22316.71429
2023-09-20 04:00:00+00:00,25158
2023-09-20 05:00:00+00:00,28495.33333
2023-09-20 06:00:00+00:00,29228.35714
2023-09-20 07:00:00+00:00,26965.6
2023-09-20 08:00:00+00:00,25910.58333
2023-09-20 09:00:00+00:00,26262
2023-09-20 10:00:00+00:00,26028
2023-09-20 11:00:00+00:00,24996.83333
2023-09-20 12:00:00+00:00,24622.42857
2023-09-20 13:00:00+00:00,24785.6
2023-09-20 14:00:00+00:00,24290.33333
2023-09-20 15:00:00+00:00,23953.07143
2023-09-20 16:00:00+00:00,24906.6
2023-09-20 17:00:00+00:00,27907.41667
2023-09-20 18:00:00+00:00,30395.07143
2023-09-20 19:00:00+00:00,30058.7
2023-09-20 20:00:00+00:00,26629.16667
2023-09-20 21:00:00+00:00,23974.57143
2023-09-20 22:00:00+00:00,23262.2
2023-09-20 23:00:00+00:00,22688.91667
2023-09-21 00:00:00+00:00,22074.71429
2023-09-21 01:00:00+00:00,21961.5
2023-09-21 02:00:00+00:00,21737.41667
2023-09-21 03:00:00+00:00,22239.07143
2023-09-21 04:00:00+00:00,24554.7
2023-09-21 05:00:00+00:00,25972.91667
2023-09-21 06:00:00+00:00,27011.85714
2023-09-21 07:00:00+00:00,25655.8
2023-09-21 08:00:00+00:00,24109.16667
2023-09-21 09:00:00+00:00,23166.21429
2023-09-21 10:00:00+00:00,23646.3
2023-09-21 11:00:00+00:00,23798.58333
2023-09-21 12:00:00+00:00,23813
2023-09-21 13:00:00+00:00,22958.4
2023-09-21 14:00:00+00:00,22586.75
2023-09-21 15:00:00+00:00,24038.92857
2023-09-21 16:00:00+00:00,25365
2023-09-21 17:00:00+00:00,27010.75
2023-09-21 18:00:00+00:00,30530.85714
2023-09-21 19:00:00+00:00,31741.5
2023-09-21 20:00:00+00:00,26600.33333
2023-09-21 21:00:00+00:00,24022
2023-09-21 22:00:00+00:00,22741.3
2023-09-21 23:00:00+00:00,21415.08333
2023-09-22 00:00:00+00:00,20464.21429
2023-09-22 01:00:00+00:00,20348.2
2023-09-22 02:00:00+00:00,20702
2023-09-22 03:00:00+00:00,21730.64286
2023-09-22 04:00:00+00:00,24535
2023-09-22 05:00:00+00:00,28008.16667
2023-09-22 06:00:00+00:00,29134.35714
2023-09-22 07:00:00+00:00,25363.9
2023-09-22 08:00:00+00:00,22517.83333
2023-09-22 09:00:00+00:00,21192.21429
2023-09-22 10:00:00+00:00,20345
2023-09-22 11:00:00+00:00,21615
2023-09-22 12:00:00+00:00,21082.92857
2023-09-22 13:00:00+00:00,19396.3
2023-09-22 14:00:00+00:00,19095.33333
2023-09-22 15:00:00+00:00,19607.35714
2023-09-22 16:00:00+00:00,21391.6
2023-09-22 17:00:00+00:00,24719.41667
2023-09-22 18:00:00+00:00,29097.28571
2023-09-22 19:00:00+00:00,30071.4
2023-09-22 20:00:00+00:00,26213.41667
2023-09-22 21:00:00+00:00,23725.64286
2023-09-22 22:00:00+00:00,23208.9
2023-09-22 23:00:00+00:00,21551.33333
2023-09-23 00:00:00+00:00,20544.5
2023-09-23 01:00:00+00:00,20145.4
2023-09-23 02:00:00+00:00,19944.66667
2023-09-23 03:00:00+00:00,19832.71429
2023-09-23 04:00:00+00:00,20622.6
2023-09-23 05:00:00+00:00,22138.83333
2023-09-23 06:00:00+00:00,22369.35714
2023-09-23 07:00:00+00:00,21367.2
2023-09-23 08:00:00+00:00,19408.83333
2023-09-23 09:00:00+00:00,17923.85714
2023-09-23 10:00:00+00:00,18472.1
2023-09-23 11:00:00+00:00,19733.5
2023-09-23 12:00:00+00:00,19460.35714
2023-09-23 13:00:00+00:00,16962
2023-09-23 14:00:00+00:00,16557.75
2023-09-23 15:00:00+00:00,15962.71429
2023-09-23 16:00:00+00:00,17325.2
2023-09-23 17:00:00+00:00,21931.08333
2023-09-23 18:00:00+00:00,26607.85714
2023-09-23 19:00:00+00:00,27397.8
2023-09-23 20:00:00+00:00,24803.5
2023-09-23 21:00:00+00:00,22902.07143
2023-09-23 22:00:00+00:00,21348.8
2023-09-23 23:00:00+00:00,19839.08333
2023-09-24 00:00:00+00:00,19209.5
2023-09-24 01:00:00+00:00,18566
2023-09-24 02:00:00+00:00,18251.25
2023-09-24 03:00:00+00:00,18341.07143
2023-09-24 04:00:00+00:00,19124.4
2023-09-24 05:00:00+00:00,19232.33333
2023-09-24 06:00:00+00:00,18395.35714
2023-09-24 07:00:00+00:00,17967.4
2023-09-24 08:00:00+00:00,17281.83333
2023-09-24 09:00:00+00:00,16917.71429
2023-09-24 10:00:00+00:00,17274.7
2023-09-24 11:00:00+00:00,17633.58333
2023-09-24 12:00:00+00:00,17523.35714
2023-09-24 13:00:00+00:00,17471.6
2023-09-24 14:00:00+00:00,15239
2023-09-24 15:00:00+00:00,15189.71429
2023-09-24 16:00:00+00:00,16636.8
2023-09-24 17:00:00+00:00,21307.58333
2023-09-24 18:00:00+00:00,26143.14286
2023-09-24 19:00:00+00:00,26922.1
2023-09-24 20:00:00+00:00,24818.25
2023-09-24 21:00:00+00:00,22316.5
2023-09-24 22:00:00+00:00,20788.2
2023-09-24 23:00:00+00:00,19975.66667
2023-09-25 00:00:00+00:00,19741.28571
2023-09-25 01:00:00+00:00,19587.8
2023-09-25 02:00:00+00:00,19509.58333
2023-09-25 03:00:00+00:00,20549.42857
2023-09-25 04:00:00+00:00,23333.8
2023-09-25 05:00:00+00:00,26503
2023-09-25 06:00:00+00:00,27181.57143
2023-09-25 07:00:00+00:00,25106.9
2023-09-25 08:00:00+00:00,23590.08333
2023-09-25 09:00:00+00:00,23736
2023-09-25 10:00:00+00:00,24915.3
2023-09-25 11:00:00+00:00,25225.08333
2023-09-25 12:00:00+00:00,24695.07143
2023-09-25 13:00:00+00:00,22234.7
2023-09-25 14:00:00+00:00,21354.41667
2023-09-25 15:00:00+00:00,22289.28571
2023-09-25 16:00:00+00:00,22986.2
2023-09-25 17:00:00+00:00,25962.41667
2023-09-25 18:00:00+00:00,30249.78571
2023-09-25 19:00:00+00:00,30110.7
2023-09-25 20:00:00+00:00,26071
2023-09-25 21:00:00+00:00,23767.14286
2023-09-25 22:00:00+00:00,23041.1
2023-09-25 23:00:00+00:00,21763.33333
2023-09-26 00:00:00+00:00,21096
2023-09-26 01:00:00+00:00,21124.9
2023-09-26 02:00:00+00:00,21548
2023-09-26 03:00:00+00:00,22027.78571
2023-09-26 04:00:00+00:00,24809.3
2023-09-26 05:00:00+00:00,28842.25
2023-09-26 06:00:00+00:00,29331.42857
2023-09-26 07:00:00+00:00,26754
2023-09-26 08:00:00+00:00,25578.75
2023-09-26 09:00:00+00:00,25681.5
2023-09-26 10:00:00+00:00,25896.1
2023-09-26 11:00:00+00:00,26019.16667
2023-09-26 12:00:00+00:00,25438.14286
2023-09-26 13:00:00+00:00,24086.5
2023-09-26 14:00:00+00:00,23100.41667
2023-09-26 15:00:00+00:00,23825.5
2023-09-26 16:00:00+00:00,25475
2023-09-26 17:00:00+00:00,28782.5
2023-09-26 18:00:00+00:00,32973.35714
2023-09-26 19:00:00+00:00,32690.9
2023-09-26 20:00:00+00:00,28301.66667
2023-09-26 21:00:00+00:00,24143.35714
2023-09-26 22:00:00+00:00,22971.1
2023-09-26 23:00:00+00:00,21666.5
2023-09-27 00:00:00+00:00,21475.14286
2023-09-27 01:00:00+00:00,21180.9
2023-09-27 02:00:00+00:00,20921.75
2023-09-27 03:00:00+00:00,21139.78571
2023-09-27 04:00:00+00:00,23387.4
2023-09-27 05:00:00+00:00,26989.58333
2023-09-27 06:00:00+00:00,27883.42857
2023-09-27 07:00:00+00:00,25344.7
2023-09-27 08:00:00+00:00,23566
2023-09-27 09:00:00+00:00,23163.07143
2023-09-27 10:00:00+00:00,23116.2
2023-09-27 11:00:00+00:00,23979.75
2023-09-27 12:00:00+00:00,23151.78571
2023-09-27 13:00:00+00:00,22595
2023-09-27 14:00:00+00:00,23179.16667
2023-09-27 15:00:00+00:00,24489.14286
2023-09-27 16:00:00+00:00,26554.4
2023-09-27 17:00:00+00:00,29296.16667
2023-09-27 18:00:00+00:00,33443
2023-09-27 19:00:00+00:00,32214.8
2023-09-27 20:00:00+00:00,27980.5
2023-09-27 21:00:00+00:00,24734.71429
2023-09-27 22:00:00+00:00,23047.2
2023-09-27 23:00:00+00:00,22215.41667
2023-09-28 00:00:00+00:00,21578.57143
2023-09-28 01:00:00+00:00,21059.6
2023-09-28 02:00:00+00:00,21031.25
2023-09-28 03:00:00+00:00,21480.14286
2023-09-28 04:00:00+00:00,23820.9
2023-09-28 05:00:00+00:00,28287.16667
2023-09-28 06:00:00+00:00,29579.78571
2023-09-28 07:00:00+00:00,27480.7
2023-09-28 08:00:00+00:00,25594.33333
2023-09-28 09:00:00+00:00,25416.57143
2023-09-28 10:00:00+00:00,25782.6
2023-09-28 11:00:00+00:00,25581.75
2023-09-28 12:00:00+00:00,24355.92857
2023-09-28 13:00:00+00:00,23753.6
2023-09-28 14:00:00+00:00,23882.75
2023-09-28 15:00:00+00:00,24344.28571
2023-09-28 16:00:00+00:00,25495.7
2023-09-28 17:00:00+00:00,28506.5
2023-09-28 18:00:00+00:00,33802.21429
2023-09-28 19:00:00+00:00,32890.9
2023-09-28 20:00:00+00:00,28115.41667
2023-09-28 21:00:00+00:00,24594.21429
2023-09-28 22:00:00+00:00,24152.6
2023-09-28 23:00:00+00:00,22995.75
2023-09-29 00:00:00+00:00,22501.71429
2023-09-29 01:00:00+00:00,22050.8
2023-09-29 02:00:00+00:00,21684.75
2023-09-29 03:00:00+00:00,21959.5
2023-09-29 04:00:00+00:00,24779.7
2023-09-29 05:00:00+00:00,28461.08333
2023-09-29 06:00:00+00:00,29239.07143
2023-09-29 07:00:00+00:00,26907.9
2023-09-29 08:00:00+00:00,26648.83333
2023-09-29 09:00:00+00:00,26707.07143
2023-09-29 10:00:00+00:00,26802.6
2023-09-29 11:00:00+00:00,26925.08333
2023-09-29 12:00:00+00:00,26709.78571
2023-09-29 13:00:00+00:00,26214.9
2023-09-29 14:00:00+00:00,24796.16667
2023-09-29 15:00:00+00:00,25144.71429
2023-09-29 16:00:00+00:00,26476.6
2023-09-29 17:00:00+00:00,29158.5
2023-09-29 18:00:00+00:00,32060.07143
2023-09-29 19:00:00+00:00,30664.4
2023-09-29 20:00:00+00:00,26970.91667
2023-09-29 21:00:00+00:00,24919.07143
2023-09-29 22:00:00+00:00,24156.6
2023-09-29 23:00:00+00:00,22687.66667
2023-09-30 00:00:00+00:00,21674
2023-09-30 01:00:00+00:00,21297.3
2023-09-30 02:00:00+00:00,21009.25
2023-09-30 03:00:00+00:00,20876.07143
2023-09-30 04:00:00+00:00,21396.8
2023-09-30 05:00:00+00:00,22411.16667
2023-09-30 06:00:00+00:00,22440.07143
2023-09-30 07:00:00+00:00,21821.5
2023-09-30 08:00:00+00:00,20886.08333
2023-09-30 09:00:00+00:00,21249.07143
2023-09-30 10:00:00+00:00,22712.7
2023-09-30 11:00:00+00:00,23157.75
2023-09-30 12:00:00+00:00,22569.71429
2023-09-30 13:00:00+00:00,21110.4
2023-09-30 14:00:00+00:00,19558.41667
2023-09-30 15:00:00+00:00,18745.07143
2023-09-30 16:00:00+00:00,21884.6
2023-09-30 17:00:00+00:00,25263.16667
2023-09-30 18:00:00+00:00,28840.21429
2023-09-30 19:00:00+00:00,28813.7
2023-09-30 20:00:00+00:00,25918.33333
2023-09-30 21:00:00+00:00,23540.35714
2023-09-30 22:00:00+00:00,22232.7
2023-09-30 23:00:00+00:00,20689.83333
2023-10-01 00:00:00+00:00,20033.57143
2023-10-01 01:00:00+00:00,19522.8
2023-10-01 02:00:00+00:00,19357.83333
2023-10-01 03:00:00+00:00,19141.85714
2023-10-01 04:00:00+00:00,20152.6
2023-10-01 05:00:00+00:00,20882.5
2023-10-01 06:00:00+00:00,20330.35714
2023-10-01 07:00:00+00:00,19465.4
2023-10-01 08:00:00+00:00,18461.5
2023-10-01 09:00:00+00:00,18974.14286
2023-10-01 10:00:00+00:00,19648.3
2023-10-01 11:00:00+00:00,20380.5
2023-10-01 12:00:00+00:00,20127.35714
2023-10-01 13:00:00+00:00,18919.3
2023-10-01 14:00:00+00:00,17667.25
2023-10-01 15:00:00+00:00,18387
2023-10-01 16:00:00+00:00,19541.6
2023-10-01 17:00:00+00:00,21992.83333
2023-10-01 18:00:00+00:00,27053.71429
2023-10-01 19:00:00+00:00,27268.9
2023-10-01 20:00:00+00:00,25140.58333
2023-10-01 21:00:00+00:00,23416.07143
2023-10-01 22:00:00+00:00,21904
2023-10-01 23:00:00+00:00,21005.91667
2023-10-02 00:00:00+00:00,20244.85714
2023-10-02 01:00:00+00:00,19795.2
2023-10-02 02:00:00+00:00,19830.91667
2023-10-02 03:00:00+00:00,20972.28571
2023-10-02 04:00:00+00:00,24005.7
2023-10-02 05:00:00+00:00,26959
2023-10-02 06:00:00+00:00,28939.14286
2023-10-02 07:00:00+00:00,27100.2
2023-10-02 08:00:00+00:00,25386.33333
2023-10-02 09:00:00+00:00,24882.71429
2023-10-02 10:00:00+00:00,26109.6
2023-10-02 11:00:00+00:00,26012.91667
2023-10-02 12:00:00+00:00,24606.28571
2023-10-02 13:00:00+00:00,23371.6
2023-10-02 14:00:00+00:00,23195.66667
2023-10-02 15:00:00+00:00,24440.28571
2023-10-02 16:00:00+00:00,26172.9
2023-10-02 17:00:00+00:00,28779.08333
2023-10-02 18:00:00+00:00,32916.21429
2023-10-02 19:00:00+00:00,32206.9
2023-10-02 20:00:00+00:00,27474.25
2023-10-02 21:00:00+00:00,24736.85714
2023-10-02 22:00:00+00:00,23966.5
2023-10-02 23:00:00+00:00,22908
2023-10-03 00:00:00+00:00,22219.42857
2023-10-03 01:00:00+00:00,22254.8
2023-10-03 02:00:00+00:00,22272.41667
2023-10-03 03:00:00+00:00,22768.5
2023-10-03 04:00:00+00:00,25187.7
2023-10-03 05:00:00+00:00,28561.5
2023-10-03 06:00:00+00:00,29663.64286
2023-10-03 07:00:00+00:00,27278.4
2023-10-03 08:00:00+00:00,26564.75
2023-10-03 09:00:00+00:00,26367.78571
2023-10-03 10:00:00+00:00,26834.5
2023-10-03 11:00:00+00:00,27375.91667
2023-10-03 12:00:00+00:00,27030.92857
2023-10-03 13:00:00+00:00,26328.5
2023-10-03 14:00:00+00:00,27359.25
2023-10-03 15:00:00+00:00,27904.21429
2023-10-03 16:00:00+00:00,27446.1
2023-10-03 17:00:00+00:00,29496.25
2023-10-03 18:00:00+00:00,31498.92857
2023-10-03 19:00:00+00:00,29650.8
2023-10-03 20:00:00+00:00,26044.91667
2023-10-03 21:00:00+00:00,23597.21429
2023-10-03 22:00:00+00:00,22383.8
2023-10-03 23:00:00+00:00,21729.33333
2023-10-04 00:00:00+00:00,21382.07143
2023-10-04 01:00:00+00:00,21228.1
2023-10-04 02:00:00+00:00,21184.66667
2023-10-04 03:00:00+00:00,21674.57143
2023-10-04 04:00:00+00:00,24373
2023-10-04 05:00:00+00:00,28276.41667
2023-10-04 06:00:00+00:00,30599.21429
2023-10-04 07:00:00+00:00,28820.7
2023-10-04 08:00:00+00:00,27495.08333
2023-10-04 09:00:00+00:00,27014.42857
2023-10-04 10:00:00+00:00,27667.4
2023-10-04 11:00:00+00:00,28040.08333
2023-10-04 12:00:00+00:00,27403.14286
2023-10-04 13:00:00+00:00,26724.3
2023-10-04 14:00:00+00:00,26663.25
2023-10-04 15:00:00+00:00,25806.64286
2023-10-04 16:00:00+00:00,26789
2023-10-04 17:00:00+00:00,28656.5
2023-10-04 18:00:00+00:00,33334.28571
2023-10-04 19:00:00+00:00,31443.7
2023-10-04 20:00:00+00:00,27368.5
2023-10-04 21:00:00+00:00,24617.5
2023-10-04 22:00:00+00:00,23641.7
2023-10-04 23:00:00+00:00,22837.83333
2023-10-05 00:00:00+00:00,22197.21429
2023-10-05 01:00:00+00:00,21848
2023-10-05 02:00:00+00:00,21932.75
2023-10-05 03:00:00+00:00,22547.78571
2023-10-05 04:00:00+00:00,24537.9
2023-10-05 05:00:00+00:00,28951.08333
2023-10-05 06:00:00+00:00,30259.28571
2023-10-05 07:00:00+00:00,28863.1
2023-10-05 08:00:00+00:00,26870.25
2023-10-05 09:00:00+00:00,25722.78571
2023-10-05 10:00:00+00:00,26060.5
2023-10-05 11:00:00+00:00,27136.33333
2023-10-05 12:00:00+00:00,25837.57143
2023-10-05 13:00:00+00:00,24382.5
2023-10-05 14:00:00+00:00,25054.83333
2023-10-05 15:00:00+00:00,25912.28571
2023-10-05 16:00:00+00:00,27045.1
2023-10-05 17:00:00+00:00,30056.25
2023-10-05 18:00:00+00:00,34342.92857
2023-10-05 19:00:00+00:00,32872.7
2023-10-05 20:00:00+00:00,29330.66667
2023-10-05 21:00:00+00:00,25576.64286
2023-10-05 22:00:00+00:00,25440.1
2023-10-05 23:00:00+00:00,24240.75
2023-10-06 00:00:00+00:00,23404.78571
2023-10-06 01:00:00+00:00,22966.3
2023-10-06 02:00:00+00:00,22538
2023-10-06 03:00:00+00:00,22723.92857
2023-10-06 04:00:00+00:00,25314.7
2023-10-06 05:00:00+00:00,30326.41667
2023-10-06 06:00:00+00:00,31520.71429
2023-10-06 07:00:00+00:00,29240
2023-10-06 08:00:00+00:00,28008.58333
2023-10-06 09:00:00+00:00,27171.92857
2023-10-06 10:00:00+00:00,27738.6
2023-10-06 11:00:00+00:00,27709.33333
2023-10-06 12:00:00+00:00,27178.5
2023-10-06 13:00:00+00:00,26229.5
2023-10-06 14:00:00+00:00,26590.41667
2023-10-06 15:00:00+00:00,27238.5
2023-10-06 16:00:00+00:00,28622.2
2023-10-06 17:00:00+00:00,30912.66667
2023-10-06 18:00:00+00:00,33306.07143
2023-10-06 19:00:00+00:00,31409.1
2023-10-06 20:00:00+00:00,27979.41667
2023-10-06 21:00:00+00:00,25908.21429
2023-10-06 22:00:00+00:00,25799.2
2023-10-06 23:00:00+00:00,24304.25
2023-10-07 00:00:00+00:00,23022.5
2023-10-07 01:00:00+00:00,22602.2
2023-10-07 02:00:00+00:00,22157.41667
2023-10-07 03:00:00+00:00,22030.14286
2023-10-07 04:00:00+00:00,22717.4
2023-10-07 05:00:00+00:00,24142.25
2023-10-07 06:00:00+00:00,25631.07143
2023-10-07 07:00:00+00:00,25094.1
2023-10-07 08:00:00+00:00,24356.75
2023-10-07 09:00:00+00:00,24127.28571
2023-10-07 10:00:00+00:00,23805.8
2023-10-07 11:00:00+00:00,23792.58333
2023-10-07 12:00:00+00:00,23563.57143
2023-10-07 13:00:00+00:00,22788.8
2023-10-07 14:00:00+00:00,22367.66667
2023-10-07 15:00:00+00:00,22379.14286
2023-10-07 16:00:00+00:00,24208.9
2023-10-07 17:00:00+00:00,26986
2023-10-07 18:00:00+00:00,29691.42857
2023-10-07 19:00:00+00:00,29392.6
2023-10-07 20:00:00+00:00,27189.75
2023-10-07 21:00:00+00:00,24849.35714
2023-10-07 22:00:00+00:00,24414.7
2023-10-07 23:00:00+00:00,23451.91667
2023-10-08 00:00:00+00:00,22095.5
2023-10-08 01:00:00+00:00,21788.1
2023-10-08 02:00:00+00:00,21709.08333
2023-10-08 03:00:00+00:00,21358.42857
2023-10-08 04:00:00+00:00,21912.2
2023-10-08 05:00:00+00:00,22698.75
2023-10-08 06:00:00+00:00,22189.64286
2023-10-08 07:00:00+00:00,20349
2023-10-08 08:00:00+00:00,20546.58333
2023-10-08 09:00:00+00:00,19753.42857
2023-10-08 10:00:00+00:00,19932.3
2023-10-08 11:00:00+00:00,21385.16667
2023-10-08 12:00:00+00:00,20475.57143
2023-10-08 13:00:00+00:00,18907
2023-10-08 14:00:00+00:00,18091.75
2023-10-08 15:00:00+00:00,18275.78571
2023-10-08 16:00:00+00:00,20224.2
2023-10-08 17:00:00+00:00,23290.16667
2023-10-08 18:00:00+00:00,28299.71429
2023-10-08 19:00:00+00:00,28344.3
2023-10-08 20:00:00+00:00,26501.83333
2023-10-08 21:00:00+00:00,23922.92857
2023-10-08 22:00:00+00:00,22623.6
2023-10-08 23:00:00+00:00,21902.25
2023-10-09 00:00:00+00:00,21667.21429
2023-10-09 01:00:00+00:00,21327.3
2023-10-09 02:00:00+00:00,21565.5
2023-10-09 03:00:00+00:00,22422.57143
2023-10-09 04:00:00+00:00,25480.2
2023-10-09 05:00:00+00:00,29158.25
2023-10-09 06:00:00+00:00,31168.71429
2023-10-09 07:00:00+00:00,28962.9
2023-10-09 08:00:00+00:00,26987.58333
2023-10-09 09:00:00+00:00,25324.57143
2023-10-09 10:00:00+00:00,26125.6
2023-10-09 11:00:00+00:00,26401.75
2023-10-09 12:00:00+00:00,25801
2023-10-09 13:00:00+00:00,25001.3
2023-10-09 14:00:00+00:00,23501
2023-10-09 15:00:00+00:00,24893.78571
2023-10-09 16:00:00+00:00,26437
2023-10-09 17:00:00+00:00,29037.91667
2023-10-09 18:00:00+00:00,32091.35714
2023-10-09 19:00:00+00:00,31031.8
2023-10-09 20:00:00+00:00,27411.83333
2023-10-09 21:00:00+00:00,24495.71429
2023-10-09 22:00:00+00:00,23606.2
2023-10-09 23:00:00+00:00,22869.33333
2023-10-10 00:00:00+00:00,22355.78571
2023-10-10 01:00:00+00:00,22363
2023-10-10 02:00:00+00:00,22151.75
2023-10-10 03:00:00+00:00,22872.14286
2023-10-10 04:00:00+00:00,24007.2
2023-10-10 05:00:00+00:00,27865.91667
2023-10-10 06:00:00+00:00,29429.35714
2023-10-10 07:00:00+00:00,28138.8
2023-10-10 08:00:00+00:00,26364.25
2023-10-10 09:00:00+00:00,25748.21429
2023-10-10 10:00:00+00:00,26590.8
2023-10-10 11:00:00+00:00,27280.66667
2023-10-10 12:00:00+00:00,26769.14286
2023-10-10 13:00:00+00:00,26444.8
2023-10-10 14:00:00+00:00,26234.33333
2023-10-10 15:00:00+00:00,26435.92857
2023-10-10 16:00:00+00:00,27315.3
2023-10-10 17:00:00+00:00,29599
2023-10-10 18:00:00+00:00,32879.42857
2023-10-10 19:00:00+00:00,31934.5
2023-10-10 20:00:00+00:00,27797.91667
2023-10-10 21:00:00+00:00,24779.78571
2023-10-10 22:00:00+00:00,25383.2
2023-10-10 23:00:00+00:00,24551.75
2023-10-11 00:00:00+00:00,23872
2023-10-11 01:00:00+00:00,23692.4
2023-10-11 02:00:00+00:00,23514.25
2023-10-11 03:00:00+00:00,24319.28571
2023-10-11 04:00:00+00:00,26742
2023-10-11 05:00:00+00:00,30256.41667
2023-10-11 06:00:00+00:00,31131.28571
2023-10-11 07:00:00+00:00,29155.4
2023-10-11 08:00:00+00:00,26774.16667
2023-10-11 09:00:00+00:00,25833.71429
2023-10-11 10:00:00+00:00,25686.9
2023-10-11 11:00:00+00:00,25842.33333
2023-10-11 12:00:00+00:00,25875.78571
2023-10-11 13:00:00+00:00,25199.4
2023-10-11 14:00:00+00:00,25537.83333
2023-10-11 15:00:00+00:00,26341.14286
2023-10-11 16:00:00+00:00,28083.1
2023-10-11 17:00:00+00:00,30187.83333
2023-10-11 18:00:00+00:00,32451.42857
2023-10-11 19:00:00+00:00,31407.6
2023-10-11 20:00:00+00:00,28067.33333
2023-10-11 21:00:00+00:00,25495.85714
2023-10-11 22:00:00+00:00,23958.8
2023-10-11 23:00:00+00:00,22745.08333
2023-10-12 00:00:00+00:00,22282.57143
2023-10-12 01:00:00+00:00,21491.8
2023-10-12 02:00:00+00:00,21371.91667
2023-10-12 03:00:00+00:00,20770.78571
2023-10-12 04:00:00+00:00,19740
2023-10-12 05:00:00+00:00,18862.75
2023-10-12 06:00:00+00:00,17993.35714
2023-10-12 07:00:00+00:00,17826.4
2023-10-12 08:00:00+00:00,17036.66667
2023-10-12 09:00:00+00:00,16884.07143
2023-10-12 10:00:00+00:00,17464.1
2023-10-12 11:00:00+00:00,17859.08333
2023-10-12 12:00:00+00:00,17321
2023-10-12 13:00:00+00:00,15949.8
2023-10-12 14:00:00+00:00,15674.16667
2023-10-12 15:00:00+00:00,16137.28571
2023-10-12 16:00:00+00:00,18604.4
2023-10-12 17:00:00+00:00,22276.25
2023-10-12 18:00:00+00:00,26056.92857
2023-10-12 19:00:00+00:00,25931.8
2023-10-12 20:00:00+00:00,24814.66667
2023-10-12 21:00:00+00:00,22863.71429
2023-10-12 22:00:00+00:00,21712.3
2023-10-12 23:00:00+00:00,20428.33333
2023-10-13 00:00:00+00:00,19063.28571
2023-10-13 01:00:00+00:00,18306.1
2023-10-13 02:00:00+00:00,18616.25
2023-10-13 03:00:00+00:00,19382.28571
2023-10-13 04:00:00+00:00,21921
2023-10-13 05:00:00+00:00,24868.33333
2023-10-13 06:00:00+00:00,24985.14286
2023-10-13 07:00:00+00:00,24849.5
2023-10-13 08:00:00+00:00,23164.5
2023-10-13 09:00:00+00:00,23090.21429
2023-10-13 10:00:00+00:00,22730.3
2023-10-13 11:00:00+00:00,23280.5
2023-10-13 12:00:00+00:00,22815.28571
2023-10-13 13:00:00+00:00,21968.7
2023-10-13 14:00:00+00:00,23178.33333
2023-10-13 15:00:00+00:00,25005.78571
2023-10-13 16:00:00+00:00,28299.8
2023-10-13 17:00:00+00:00,28812.08333
2023-10-13 18:00:00+00:00,31087.07143
2023-10-13 19:00:00+00:00,30635.2
2023-10-13 20:00:00+00:00,27527.25
2023-10-13 21:00:00+00:00,25795.28571
2023-10-13 22:00:00+00:00,24968.5
2023-10-13 23:00:00+00:00,23750.66667
2023-10-14 00:00:00+00:00,22403.14286
2023-10-14 01:00:00+00:00,22281.3
2023-10-14 02:00:00+00:00,21184.83333
2023-10-14 03:00:00+00:00,20952.78571
2023-10-14 04:00:00+00:00,20930.9
2023-10-14 05:00:00+00:00,22482.91667
2023-10-14 06:00:00+00:00,22907.5
2023-10-14 07:00:00+00:00,24387.3
2023-10-14 08:00:00+00:00,24097
2023-10-14 09:00:00+00:00,23213.42857
2023-10-14 10:00:00+00:00,22831.9
2023-10-14 11:00:00+00:00,23091.08333
2023-10-14 12:00:00+00:00,22084.14286
2023-10-14 13:00:00+00:00,20240.7
2023-10-14 14:00:00+00:00,19906.33333
2023-10-14 15:00:00+00:00,20681.78571
2023-10-14 16:00:00+00:00,22549.3
2023-10-14 17:00:00+00:00,25487.25
2023-10-14 18:00:00+00:00,28274.92857
2023-10-14 19:00:00+00:00,27387.5
2023-10-14 20:00:00+00:00,25231.83333
2023-10-14 21:00:00+00:00,22759.64286
2023-10-14 22:00:00+00:00,21503.4
2023-10-14 23:00:00+00:00,20021.08333
2023-10-15 00:00:00+00:00,18939.42857
2023-10-15 01:00:00+00:00,18628.7
2023-10-15 02:00:00+00:00,18465.5
2023-10-15 03:00:00+00:00,18554.92857
2023-10-15 04:00:00+00:00,19017.1
2023-10-15 05:00:00+00:00,19918.33333
2023-10-15 06:00:00+00:00,20869.35714
2023-10-15 07:00:00+00:00,20789.3
2023-10-15 08:00:00+00:00,20538.83333
2023-10-15 09:00:00+00:00,20025.07143
2023-10-15 10:00:00+00:00,19711.8
2023-10-15 11:00:00+00:00,19951.75
2023-10-15 12:00:00+00:00,20413.07143
2023-10-15 13:00:00+00:00,19839.7
2023-10-15 14:00:00+00:00,20398.83333
2023-10-15 15:00:00+00:00,20844.35714
2023-10-15 16:00:00+00:00,22340.9
2023-10-15 17:00:00+00:00,23368.5
2023-10-15 18:00:00+00:00,27424.14286
2023-10-15 19:00:00+00:00,27571.8
2023-10-15 20:00:00+00:00,25013.25
2023-10-15 21:00:00+00:00,22951.5
2023-10-15 22:00:00+00:00,22317.2
2023-10-15 23:00:00+00:00,21226.33333
2023-10-16 00:00:00+00:00,20162.92857
2023-10-16 01:00:00+00:00,20082.5
2023-10-16 02:00:00+00:00,20314.08333
2023-10-16 03:00:00+00:00,21268.28571
2023-10-16 04:00:00+00:00,23255.9
2023-10-16 05:00:00+00:00,26583.83333
2023-10-16 06:00:00+00:00,29008.14286
2023-10-16 07:00:00+00:00,28829
2023-10-16 08:00:00+00:00,28217.91667
2023-10-16 09:00:00+00:00,27673.35714
2023-10-16 10:00:00+00:00,27002.1
2023-10-16 11:00:00+00:00,27737.25
2023-10-16 12:00:00+00:00,27880.21429
2023-10-16 13:00:00+00:00,26970.4
2023-10-16 14:00:00+00:00,25985.16667
2023-10-16 15:00:00+00:00,25751.57143
2023-10-16 16:00:00+00:00,27185.7
2023-10-16 17:00:00+00:00,29292.08333
2023-10-16 18:00:00+00:00,32593.07143
2023-10-16 19:00:00+00:00,31975.2
2023-10-16 20:00:00+00:00,28629.25
2023-10-16 21:00:00+00:00,26005.21429
2023-10-16 22:00:00+00:00,24894.1
2023-10-16 23:00:00+00:00,23571
2023-10-17 00:00:00+00:00,22325.92857
2023-10-17 01:00:00+00:00,21420.3
2023-10-17 02:00:00+00:00,21576.5
2023-10-17 03:00:00+00:00,21344.35714
2023-10-17 04:00:00+00:00,23817.7
2023-10-17 05:00:00+00:00,27253.16667
2023-10-17 06:00:00+00:00,28667.85714
2023-10-17 07:00:00+00:00,28020.6
2023-10-17 08:00:00+00:00,26495.25
2023-10-17 09:00:00+00:00,24761.28571
2023-10-17 10:00:00+00:00,23912.6
2023-10-17 11:00:00+00:00,24138.33333
2023-10-17 12:00:00+00:00,23823.42857
2023-10-17 13:00:00+00:00,23276.4
2023-10-17 14:00:00+00:00,23019.08333
2023-10-17 15:00:00+00:00,23487.85714
2023-10-17 16:00:00+00:00,24614.6
2023-10-17 17:00:00+00:00,27576.66667
2023-10-17 18:00:00+00:00,29623.71429
2023-10-17 19:00:00+00:00,29123.7
2023-10-17 20:00:00+00:00,26612.08333
2023-10-17 21:00:00+00:00,24221.92857
2023-10-17 22:00:00+00:00,22401.3
2023-10-17 23:00:00+00:00,21692.58333
2023-10-18 00:00:00+00:00,20685.78571
2023-10-18 01:00:00+00:00,20309.8
2023-10-18 02:00:00+00:00,19952.83333
2023-10-18 03:00:00+00:00,20665.42857
2023-10-18 04:00:00+00:00,23555.9
2023-10-18 05:00:00+00:00,25879.75
2023-10-18 06:00:00+00:00,27738.07143
2023-10-18 07:00:00+00:00,27291.1
2023-10-18 08:00:00+00:00,25009.41667
2023-10-18 09:00:00+00:00,23751.07143
2023-10-18 10:00:00+00:00,24098
2023-10-18 11:00:00+00:00,23831.33333
2023-10-18 12:00:00+00:00,23427
2023-10-18 13:00:00+00:00,21739.5
2023-10-18 14:00:00+00:00,21935.33333
2023-10-18 15:00:00+00:00,24603.14286
2023-10-18 16:00:00+00:00,26060
2023-10-18 17:00:00+00:00,29304.58333
2023-10-18 18:00:00+00:00,31753.57143
2023-10-18 19:00:00+00:00,30060.4
2023-10-18 20:00:00+00:00,26714.83333
2023-10-18 21:00:00+00:00,24401.85714
2023-10-18 22:00:00+00:00,22895.5
2023-10-18 23:00:00+00:00,21897.83333
2023-10-19 00:00:00+00:00,20940.5
2023-10-19 01:00:00+00:00,20534.9
2023-10-19 02:00:00+00:00,20328.75
2023-10-19 03:00:00+00:00,20092.35714
2023-10-19 04:00:00+00:00,22439.5
2023-10-19 05:00:00+00:00,25968.33333
2023-10-19 06:00:00+00:00,28411
2023-10-19 07:00:00+00:00,29057
2023-10-19 08:00:00+00:00,28020.91667
2023-10-19 09:00:00+00:00,27532.14286
2023-10-19 10:00:00+00:00,27743.9
2023-10-19 11:00:00+00:00,28033.75
2023-10-19 12:00:00+00:00,26775.07143
2023-10-19 13:00:00+00:00,26391.1
2023-10-19 14:00:00+00:00,25882.5
2023-10-19 15:00:00+00:00,25334.78571
2023-10-19 16:00:00+00:00,25453.7
2023-10-19 17:00:00+00:00,27294.58333
2023-10-19 18:00:00+00:00,27978.85714
2023-10-19 19:00:00+00:00,26780.1
2023-10-19 20:00:00+00:00,24242.83333
2023-10-19 21:00:00+00:00,22151.57143
2023-10-19 22:00:00+00:00,19957.9
2023-10-19 23:00:00+00:00,19075.41667
2023-10-20 00:00:00+00:00,18373.85714
2023-10-20 01:00:00+00:00,17853.2
2023-10-20 02:00:00+00:00,18030.08333
2023-10-20 03:00:00+00:00,18765.71429
2023-10-20 04:00:00+00:00,21022.5
2023-10-20 05:00:00+00:00,25273.66667
2023-10-20 06:00:00+00:00,27634.71429
2023-10-20 07:00:00+00:00,26589.3
2023-10-20 08:00:00+00:00,24657.75
2023-10-20 09:00:00+00:00,23703.57143
2023-10-20 10:00:00+00:00,23184.2
2023-10-20 11:00:00+00:00,23243.41667
2023-10-20 12:00:00+00:00,22724
2023-10-20 13:00:00+00:00,21269.4
2023-10-20 14:00:00+00:00,20634.83333
2023-10-20 15:00:00+00:00,21131.35714
2023-10-20 16:00:00+00:00,23345.3
2023-10-20 17:00:00+00:00,25880.08333
2023-10-20 18:00:00+00:00,27179.21429
2023-10-20 19:00:00+00:00,26097.3
2023-10-20 20:00:00+00:00,23068.41667
2023-10-20 21:00:00+00:00,20597.64286
2023-10-20 22:00:00+00:00,19025.5
2023-10-20 23:00:00+00:00,18489.41667
2023-10-21 00:00:00+00:00,17336.57143
2023-10-21 01:00:00+00:00,18037.3
2023-10-21 02:00:00+00:00,18072.33333
2023-10-21 03:00:00+00:00,18621.28571
2023-10-21 04:00:00+00:00,19014.5
2023-10-21 05:00:00+00:00,20496.5
2023-10-21 06:00:00+00:00,22459.35714
2023-10-21 07:00:00+00:00,22713.1
2023-10-21 08:00:00+00:00,21067.58333
2023-10-21 09:00:00+00:00,19623.5
2023-10-21 10:00:00+00:00,19688.6
2023-10-21 11:00:00+00:00,20402.41667
2023-10-21 12:00:00+00:00,20253.14286
2023-10-21 13:00:00+00:00,18858.5
2023-10-21 14:00:00+00:00,19409.25
2023-10-21 15:00:00+00:00,21607.78571
2023-10-21 16:00:00+00:00,23360
2023-10-21 17:00:00+00:00,26277.66667
2023-10-21 18:00:00+00:00,28196.35714
2023-10-21 19:00:00+00:00,28058
2023-10-21 20:00:00+00:00,26324.58333
2023-10-21 21:00:00+00:00,24964
2023-10-21 22:00:00+00:00,23639.7
2023-10-21 23:00:00+00:00,22527.66667
2023-10-22 00:00:00+00:00,21350.64286
2023-10-22 01:00:00+00:00,20652
2023-10-22 02:00:00+00:00,20353.5
2023-10-22 03:00:00+00:00,20533.35714
2023-10-22 04:00:00+00:00,20805.1
2023-10-22 05:00:00+00:00,21521.33333
2023-10-22 06:00:00+00:00,21891.35714
2023-10-22 07:00:00+00:00,22434.5
2023-10-22 08:00:00+00:00,22857.5
2023-10-22 09:00:00+00:00,22594.85714
2023-10-22 10:00:00+00:00,21879.3
2023-10-22 11:00:00+00:00,22471.33333
2023-10-22 12:00:00+00:00,22068.5
2023-10-22 13:00:00+00:00,21236.9
2023-10-22 14:00:00+00:00,19261.5
2023-10-22 15:00:00+00:00,19315.5
2023-10-22 16:00:00+00:00,20019.7
2023-10-22 17:00:00+00:00,21666.08333
2023-10-22 18:00:00+00:00,23199.71429
2023-10-22 19:00:00+00:00,22604.5
2023-10-22 20:00:00+00:00,21345.25
2023-10-22 21:00:00+00:00,18945.35714
2023-10-22 22:00:00+00:00,17697.4
2023-10-22 23:00:00+00:00,17305.58333
2023-10-23 00:00:00+00:00,16973.35714
2023-10-23 01:00:00+00:00,17270.9
2023-10-23 02:00:00+00:00,17636.16667
2023-10-23 03:00:00+00:00,18657.5
2023-10-23 04:00:00+00:00,22582
2023-10-23 05:00:00+00:00,26788.41667
2023-10-23 06:00:00+00:00,28379.28571
2023-10-23 07:00:00+00:00,28407.9
2023-10-23 08:00:00+00:00,27573.58333
2023-10-23 09:00:00+00:00,26930.07143
2023-10-23 10:00:00+00:00,26801
2023-10-23 11:00:00+00:00,27166.91667
2023-10-23 12:00:00+00:00,27766.42857
2023-10-23 13:00:00+00:00,27081.8
2023-10-23 14:00:00+00:00,26541.5
2023-10-23 15:00:00+00:00,27846.14286
2023-10-23 16:00:00+00:00,28118.6
2023-10-23 17:00:00+00:00,31646.25
2023-10-23 18:00:00+00:00,33553
2023-10-23 19:00:00+00:00,32033.4
2023-10-23 20:00:00+00:00,28137.33333
2023-10-23 21:00:00+00:00,25028.57143
2023-10-23 22:00:00+00:00,23808.8
2023-10-23 23:00:00+00:00,22131.16667
2023-10-24 00:00:00+00:00,20814.71429
2023-10-24 01:00:00+00:00,19863.4
2023-10-24 02:00:00+00:00,19842.91667
2023-10-24 03:00:00+00:00,20168.92857
2023-10-24 04:00:00+00:00,22509.9
2023-10-24 05:00:00+00:00,26086.5
2023-10-24 06:00:00+00:00,29156.5
2023-10-24 07:00:00+00:00,26193.2
2023-10-24 08:00:00+00:00,23997
2023-10-24 09:00:00+00:00,22686.42857
2023-10-24 10:00:00+00:00,22247.7
2023-10-24 11:00:00+00:00,22902.08333
2023-10-24 12:00:00+00:00,22871.78571
2023-10-24 13:00:00+00:00,22392.3
2023-10-24 14:00:00+00:00,22723.08333
2023-10-24 15:00:00+00:00,24349.5
2023-10-24 16:00:00+00:00,25297.6
2023-10-24 17:00:00+00:00,27937
2023-10-24 18:00:00+00:00,29188.21429
2023-10-24 19:00:00+00:00,28052.5
2023-10-24 20:00:00+00:00,24870.08333
2023-10-24 21:00:00+00:00,21097.28571
2023-10-24 22:00:00+00:00,19525.7
2023-10-24 23:00:00+00:00,18830.91667
2023-10-25 00:00:00+00:00,18170.71429
2023-10-25 01:00:00+00:00,17776.2
2023-10-25 02:00:00+00:00,17941.16667
2023-10-25 03:00:00+00:00,18417.71429
2023-10-25 04:00:00+00:00,21594.5
2023-10-25 05:00:00+00:00,25052.91667
2023-10-25 06:00:00+00:00,28198.64286
2023-10-25 07:00:00+00:00,26239.8
2023-10-25 08:00:00+00:00,24747
2023-10-25 09:00:00+00:00,24327.57143
2023-10-25 10:00:00+00:00,24379.7
2023-10-25 11:00:00+00:00,24784.66667
2023-10-25 12:00:00+00:00,24757.28571
2023-10-25 13:00:00+00:00,23465.2
2023-10-25 14:00:00+00:00,23661.08333
2023-10-25 15:00:00+00:00,24094.92857
2023-10-25 16:00:00+00:00,25289.4
2023-10-25 17:00:00+00:00,28465.33333
2023-10-25 18:00:00+00:00,30427.28571
2023-10-25 19:00:00+00:00,28412.4
2023-10-25 20:00:00+00:00,25191.91667
2023-10-25 21:00:00+00:00,21410.57143
2023-10-25 22:00:00+00:00,20349.3
2023-10-25 23:00:00+00:00,19547.25
2023-10-26 00:00:00+00:00,18874.57143
2023-10-26 01:00:00+00:00,19222.1
2023-10-26 02:00:00+00:00,18745.08333
2023-10-26 03:00:00+00:00,19807.57143
2023-10-26 04:00:00+00:00,23022.4
2023-10-26 05:00:00+00:00,27104.5
2023-10-26 06:00:00+00:00,29582.92857
2023-10-26 07:00:00+00:00,28735.8
2023-10-26 08:00:00+00:00,28433.33333
2023-10-26 09:00:00+00:00,27643
2023-10-26 10:00:00+00:00,28085.3
2023-10-26 11:00:00+00:00,27067.25
2023-10-26 12:00:00+00:00,26782.71429
2023-10-26 13:00:00+00:00,25826.9
2023-10-26 14:00:00+00:00,25906.33333
2023-10-26 15:00:00+00:00,25957.71429
2023-10-26 16:00:00+00:00,26197.8
2023-10-26 17:00:00+00:00,27773.25
2023-10-26 18:00:00+00:00,28251.14286
2023-10-26 19:00:00+00:00,26641.5
2023-10-26 20:00:00+00:00,24047.25
2023-10-26 21:00:00+00:00,21732.35714
2023-10-26 22:00:00+00:00,21208.2
2023-10-26 23:00:00+00:00,20702.41667
2023-10-27 00:00:00+00:00,19602.28571
2023-10-27 01:00:00+00:00,19180.2
2023-10-27 02:00:00+00:00,19523.83333
2023-10-27 03:00:00+00:00,20357.57143
2023-10-27 04:00:00+00:00,24185.7
2023-10-27 05:00:00+00:00,27321.33333
2023-10-27 06:00:00+00:00,30022.92857
2023-10-27 07:00:00+00:00,30025.2
2023-10-27 08:00:00+00:00,27594.33333
2023-10-27 09:00:00+00:00,26448
2023-10-27 10:00:00+00:00,25453.3
2023-10-27 11:00:00+00:00,25638.16667
2023-10-27 12:00:00+00:00,25159.57143
2023-10-27 13:00:00+00:00,23854.5
2023-10-27 14:00:00+00:00,23638.08333
2023-10-27 15:00:00+00:00,23969.07143
2023-10-27 16:00:00+00:00,25300.4
2023-10-27 17:00:00+00:00,28275.5
2023-10-27 18:00:00+00:00,29532.71429
2023-10-27 19:00:00+00:00,28554.3
2023-10-27 20:00:00+00:00,25870.33333
2023-10-27 21:00:00+00:00,23062.14286
2023-10-27 22:00:00+00:00,22398.2
2023-10-27 23:00:00+00:00,21682.5
2023-10-28 00:00:00+00:00,20767.57143
2023-10-28 01:00:00+00:00,20772
2023-10-28 02:00:00+00:00,19904.33333
2023-10-28 03:00:00+00:00,19892.07143
2023-10-28 04:00:00+00:00,20552
2023-10-28 05:00:00+00:00,22006.75
2023-10-28 06:00:00+00:00,23001.64286
2023-10-28 07:00:00+00:00,23546.5
2023-10-28 08:00:00+00:00,23474
2023-10-28 09:00:00+00:00,23197.28571
2023-10-28 10:00:00+00:00,22548.8
2023-10-28 11:00:00+00:00,22894.33333
2023-10-28 12:00:00+00:00,22312.64286
2023-10-28 13:00:00+00:00,21424.7
2023-10-28 14:00:00+00:00,20810.25
2023-10-28 15:00:00+00:00,22537.42857
2023-10-28 16:00:00+00:00,23556.4
2023-10-28 17:00:00+00:00,25800.58333
2023-10-28 18:00:00+00:00,26830.64286
2023-10-28 19:00:00+00:00,26144.7
2023-10-28 20:00:00+00:00,24048.75
2023-10-28 21:00:00+00:00,21925.21429
2023-10-28 22:00:00+00:00,20790.7
2023-10-28 23:00:00+00:00,19884
2023-10-29 00:00:00+00:00,19045.33333
2023-10-29 01:00:00+00:00,18662.25
2023-10-29 02:00:00+00:00,18418.66667
2023-10-29 03:00:00+00:00,18610.57143
2023-10-29 04:00:00+00:00,18798.9
2023-10-29 05:00:00+00:00,19217.83333
2023-10-29 06:00:00+00:00,20271.78571
2023-10-29 07:00:00+00:00,21003.1
2023-10-29 08:00:00+00:00,21062
2023-10-29 09:00:00+00:00,20888.42857
2023-10-29 10:00:00+00:00,19844.8
2023-10-29 11:00:00+00:00,19556.58333
2023-10-29 12:00:00+00:00,21413.71429
2023-10-29 13:00:00+00:00,20764.6
2023-10-29 14:00:00+00:00,20168.16667
2023-10-29 15:00:00+00:00,20888.92857
2023-10-29 16:00:00+00:00,22086.7
2023-10-29 17:00:00+00:00,23898.75
2023-10-29 18:00:00+00:00,26161.07143
2023-10-29 19:00:00+00:00,27930.9
2023-10-29 20:00:00+00:00,27016.83333
2023-10-29 21:00:00+00:00,24037.71429
2023-10-29 22:00:00+00:00,21767.8
2023-10-29 23:00:00+00:00,22216.25
2023-10-30 00:00:00+00:00,19590.71429
2023-10-30 01:00:00+00:00,18936
2023-10-30 02:00:00+00:00,18429
2023-10-30 03:00:00+00:00,18306.57143
2023-10-30 04:00:00+00:00,19351.4
2023-10-30 05:00:00+00:00,22708.08333
2023-10-30 06:00:00+00:00,27114.21429
2023-10-30 07:00:00+00:00,28896.8
2023-10-30 08:00:00+00:00,28255.08333
2023-10-30 09:00:00+00:00,26387.92857
2023-10-30 10:00:00+00:00,24936.6
2023-10-30 11:00:00+00:00,24271.75
2023-10-30 12:00:00+00:00,24106.21429
2023-10-30 13:00:00+00:00,23399.4
2023-10-30 14:00:00+00:00,22597.16667
2023-10-30 15:00:00+00:00,23234.64286
2023-10-30 16:00:00+00:00,25338.5
2023-10-30 17:00:00+00:00,26810.83333
2023-10-30 18:00:00+00:00,27238.71429
2023-10-30 19:00:00+00:00,27236.1
2023-10-30 20:00:00+00:00,26464.25
2023-10-30 21:00:00+00:00,23232.42857
2023-10-30 22:00:00+00:00,20645.9
2023-10-30 23:00:00+00:00,20285.58333
2023-10-31 00:00:00+00:00,19527.42857
2023-10-31 01:00:00+00:00,18994.1
2023-10-31 02:00:00+00:00,18971.16667
2023-10-31 03:00:00+00:00,19860.5
2023-10-31 04:00:00+00:00,19895.7
2023-10-31 05:00:00+00:00,23338.16667
2023-10-31 06:00:00+00:00,27754.78571
2023-10-31 07:00:00+00:00,28922.2
2023-10-31 08:00:00+00:00,28210.83333
2023-10-31 09:00:00+00:00,27405.78571
2023-10-31 10:00:00+00:00,26877.1
2023-10-31 11:00:00+00:00,28332.33333
2023-10-31 12:00:00+00:00,28888.07143
2023-10-31 13:00:00+00:00,28564.3
2023-10-31 14:00:00+00:00,28265.75
2023-10-31 15:00:00+00:00,28813
2023-10-31 16:00:00+00:00,29484.6
2023-10-31 17:00:00+00:00,31103
2023-10-31 18:00:00+00:00,31474.07143
2023-10-31 19:00:00+00:00,31413.1
2023-10-31 20:00:00+00:00,29593.08333
2023-10-31 21:00:00+00:00,25987.28571
2023-10-31 22:00:00+00:00,24009.4
2023-10-31 23:00:00+00:00,23585.5
2023-11-01 00:00:00+00:00,21915.07143
2023-11-01 01:00:00+00:00,20459.5
2023-11-01 02:00:00+00:00,19592.5
2023-11-01 03:00:00+00:00,19770.35714
2023-11-01 04:00:00+00:00,18945.6
2023-11-01 05:00:00+00:00,18607
2023-11-01 06:00:00+00:00,18557.5
2023-11-01 07:00:00+00:00,18408.2
2023-11-01 08:00:00+00:00,19498.5
2023-11-01 09:00:00+00:00,20072.42857
2023-11-01 10:00:00+00:00,20901.5
2023-11-01 11:00:00+00:00,21215.58333
2023-11-01 12:00:00+00:00,22474.14286
2023-11-01 13:00:00+00:00,22742.4
2023-11-01 14:00:00+00:00,21934.83333
2023-11-01 15:00:00+00:00,21965.71429
2023-11-01 16:00:00+00:00,22386.6
2023-11-01 17:00:00+00:00,24461.75
2023-11-01 18:00:00+00:00,25947.5
2023-11-01 19:00:00+00:00,27328.7
2023-11-01 20:00:00+00:00,26872.08333
2023-11-01 21:00:00+00:00,24938.42857
2023-11-01 22:00:00+00:00,22520.3
2023-11-01 23:00:00+00:00,21268.08333
2023-11-02 00:00:00+00:00,20668.71429
2023-11-02 01:00:00+00:00,21595.6
2023-11-02 02:00:00+00:00,21519
2023-11-02 03:00:00+00:00,21248.42857
2023-11-02 04:00:00+00:00,22019.6
2023-11-02 05:00:00+00:00,23973.75
2023-11-02 06:00:00+00:00,27478.92857
2023-11-02 07:00:00+00:00,28677.7
2023-11-02 08:00:00+00:00,28465.08333
2023-11-02 09:00:00+00:00,27555.28571
2023-11-02 10:00:00+00:00,27301.5
2023-11-02 11:00:00+00:00,27391.58333
2023-11-02 12:00:00+00:00,27621.28571
2023-11-02 13:00:00+00:00,27371.8
2023-11-02 14:00:00+00:00,27457
2023-11-02 15:00:00+00:00,27476
2023-11-02 16:00:00+00:00,28133.3
2023-11-02 17:00:00+00:00,29427.41667
2023-11-02 18:00:00+00:00,29868.14286
2023-11-02 19:00:00+00:00,30535.7
2023-11-02 20:00:00+00:00,29593.5
2023-11-02 21:00:00+00:00,25696.71429
2023-11-02 22:00:00+00:00,23247.5
2023-11-02 23:00:00+00:00,23313.5
2023-11-03 00:00:00+00:00,21758.35714
2023-11-03 01:00:00+00:00,21010.7
2023-11-03 02:00:00+00:00,20687
2023-11-03 03:00:00+00:00,20767.5
2023-11-03 04:00:00+00:00,21754.4
2023-11-03 05:00:00+00:00,24689.66667
2023-11-03 06:00:00+00:00,28027.35714
2023-11-03 07:00:00+00:00,28178.3
2023-11-03 08:00:00+00:00,27494.41667
2023-11-03 09:00:00+00:00,27189.14286
2023-11-03 10:00:00+00:00,27529.1
2023-11-03 11:00:00+00:00,27932.58333
2023-11-03 12:00:00+00:00,28505.28571
2023-11-03 13:00:00+00:00,27912
2023-11-03 14:00:00+00:00,26947.33333
2023-11-03 15:00:00+00:00,26583.92857
2023-11-03 16:00:00+00:00,27354.8
2023-11-03 17:00:00+00:00,29966
2023-11-03 18:00:00+00:00,30493
2023-11-03 19:00:00+00:00,30200.5
2023-11-03 20:00:00+00:00,29637.33333
2023-11-03 21:00:00+00:00,26683.78571
2023-11-03 22:00:00+00:00,24147.2
2023-11-03 23:00:00+00:00,24123.08333
2023-11-04 00:00:00+00:00,23797.35714
2023-11-04 01:00:00+00:00,22601.9
2023-11-04 02:00:00+00:00,22613
2023-11-04 03:00:00+00:00,22171.14286
2023-11-04 04:00:00+00:00,21501.1
2023-11-04 05:00:00+00:00,22379.5
2023-11-04 06:00:00+00:00,23658.85714
2023-11-04 07:00:00+00:00,24596
2023-11-04 08:00:00+00:00,26270
2023-11-04 09:00:00+00:00,26328.07143
2023-11-04 10:00:00+00:00,25987.5
2023-11-04 11:00:00+00:00,25486.91667
2023-11-04 12:00:00+00:00,26139.64286
2023-11-04 13:00:00+00:00,25831.3
2023-11-04 14:00:00+00:00,24738.41667
2023-11-04 15:00:00+00:00,24969.92857
2023-11-04 16:00:00+00:00,25579.2
2023-11-04 17:00:00+00:00,26892.5
2023-11-04 18:00:00+00:00,27922.78571
2023-11-04 19:00:00+00:00,27905.9
2023-11-04 20:00:00+00:00,27796.58333
2023-11-04 21:00:00+00:00,25039.35714
2023-11-04 22:00:00+00:00,22195.7
2023-11-04 23:00:00+00:00,21210
2023-11-05 00:00:00+00:00,19508.14286
2023-11-05 01:00:00+00:00,18521.1
2023-11-05 02:00:00+00:00,18017.08333
2023-11-05 03:00:00+00:00,17809.07143
2023-11-05 04:00:00+00:00,17919.5
2023-11-05 05:00:00+00:00,18510.41667
2023-11-05 06:00:00+00:00,18743.14286
2023-11-05 07:00:00+00:00,18392.8
2023-11-05 08:00:00+00:00,18820.41667
2023-11-05 09:00:00+00:00,18909.21429
2023-11-05 10:00:00+00:00,18777.5
2023-11-05 11:00:00+00:00,18636.66667
2023-11-05 12:00:00+00:00,19523.64286
2023-11-05 13:00:00+00:00,20298.4
2023-11-05 14:00:00+00:00,19846.41667
2023-11-05 15:00:00+00:00,20923.85714
2023-11-05 16:00:00+00:00,23612.6
2023-11-05 17:00:00+00:00,25450.75
2023-11-05 18:00:00+00:00,26782
2023-11-05 19:00:00+00:00,28419.4
2023-11-05 20:00:00+00:00,28261.58333
2023-11-05 21:00:00+00:00,25803.14286
2023-11-05 22:00:00+00:00,23192
2023-11-05 23:00:00+00:00,23032.33333
2023-11-06 00:00:00+00:00,21778.07143
2023-11-06 01:00:00+00:00,21440.9
2023-11-06 02:00:00+00:00,21976.83333
2023-11-06 03:00:00+00:00,21244.92857
2023-11-06 04:00:00+00:00,21056
2023-11-06 05:00:00+00:00,23550.58333
2023-11-06 06:00:00+00:00,28176
2023-11-06 07:00:00+00:00,29499.1
2023-11-06 08:00:00+00:00,27369.58333
2023-11-06 09:00:00+00:00,26028.42857
2023-11-06 10:00:00+00:00,24941
2023-11-06 11:00:00+00:00,24784.33333
2023-11-06 12:00:00+00:00,24370
2023-11-06 13:00:00+00:00,24637.9
2023-11-06 14:00:00+00:00,24500.83333
2023-11-06 15:00:00+00:00,26393
2023-11-06 16:00:00+00:00,28508.1
2023-11-06 17:00:00+00:00,31069.5
2023-11-06 18:00:00+00:00,32565.64286
2023-11-06 19:00:00+00:00,34503.3
2023-11-06 20:00:00+00:00,32703.58333
2023-11-06 21:00:00+00:00,27663.5
2023-11-06 22:00:00+00:00,24710.7
2023-11-06 23:00:00+00:00,24221.75
2023-11-07 00:00:00+00:00,23389.42857
2023-11-07 01:00:00+00:00,22493.3
2023-11-07 02:00:00+00:00,22208.83333
2023-11-07 03:00:00+00:00,22408
2023-11-07 04:00:00+00:00,21566.3
2023-11-07 05:00:00+00:00,25196.16667
2023-11-07 06:00:00+00:00,29551.21429
2023-11-07 07:00:00+00:00,30824.1
2023-11-07 08:00:00+00:00,28886
2023-11-07 09:00:00+00:00,26659.21429
2023-11-07 10:00:00+00:00,26094.5
2023-11-07 11:00:00+00:00,25792.91667
2023-11-07 12:00:00+00:00,25821.71429
2023-11-07 13:00:00+00:00,25668.4
2023-11-07 14:00:00+00:00,25562.91667
2023-11-07 15:00:00+00:00,27162.78571
2023-11-07 16:00:00+00:00,29784.2
2023-11-07 17:00:00+00:00,32924.16667
2023-11-07 18:00:00+00:00,35059.64286
2023-11-07 19:00:00+00:00,36384.4
2023-11-07 20:00:00+00:00,35561.58333
2023-11-07 21:00:00+00:00,30939.14286
2023-11-07 22:00:00+00:00,26817.5
2023-11-07 23:00:00+00:00,24985.08333
2023-11-08 00:00:00+00:00,24569.21429
2023-11-08 01:00:00+00:00,23892.3
2023-11-08 02:00:00+00:00,23764.25
2023-11-08 03:00:00+00:00,24238.28571
2023-11-08 04:00:00+00:00,24484
2023-11-08 05:00:00+00:00,25630.08333
2023-11-08 06:00:00+00:00,30168.42857
2023-11-08 07:00:00+00:00,31707.9
2023-11-08 08:00:00+00:00,30945.58333
2023-11-08 09:00:00+00:00,29379.42857
2023-11-08 10:00:00+00:00,28496.6
2023-11-08 11:00:00+00:00,27386.91667
2023-11-08 12:00:00+00:00,27837.78571
2023-11-08 13:00:00+00:00,27758
2023-11-08 14:00:00+00:00,27786.41667
2023-11-08 15:00:00+00:00,29588.71429
2023-11-08 16:00:00+00:00,31184.9
2023-11-08 17:00:00+00:00,32970.41667
2023-11-08 18:00:00+00:00,35213.78571
2023-11-08 19:00:00+00:00,37421.3
2023-11-08 20:00:00+00:00,36577.58333
2023-11-08 21:00:00+00:00,31101.21429
2023-11-08 22:00:00+00:00,26514.2
2023-11-08 23:00:00+00:00,25148.58333
2023-11-09 00:00:00+00:00,22791
2023-11-09 01:00:00+00:00,21657.5
2023-11-09 02:00:00+00:00,21423.66667
2023-11-09 03:00:00+00:00,20953.71429
2023-11-09 04:00:00+00:00,21410.6
2023-11-09 05:00:00+00:00,24765
2023-11-09 06:00:00+00:00,28835.21429
2023-11-09 07:00:00+00:00,29551.6
2023-11-09 08:00:00+00:00,28015.5
2023-11-09 09:00:00+00:00,26295.28571
2023-11-09 10:00:00+00:00,25264.9
2023-11-09 11:00:00+00:00,24565.58333
2023-11-09 12:00:00+00:00,23878.42857
2023-11-09 13:00:00+00:00,23431
2023-11-09 14:00:00+00:00,22884.58333
2023-11-09 15:00:00+00:00,25818.78571
2023-11-09 16:00:00+00:00,28542.8
2023-11-09 17:00:00+00:00,30904.08333
2023-11-09 18:00:00+00:00,32375.07143
2023-11-09 19:00:00+00:00,33589.7
2023-11-09 20:00:00+00:00,32480.33333
2023-11-09 21:00:00+00:00,27797.92857
2023-11-09 22:00:00+00:00,24134.9
2023-11-09 23:00:00+00:00,22739.08333
2023-11-10 00:00:00+00:00,20883.07143
2023-11-10 01:00:00+00:00,19349.9
2023-11-10 02:00:00+00:00,18578.58333
2023-11-10 03:00:00+00:00,18775.71429
2023-11-10 04:00:00+00:00,19420.8
2023-11-10 05:00:00+00:00,22747.83333
2023-11-10 06:00:00+00:00,28058.35714
2023-11-10 07:00:00+00:00,28800.9
2023-11-10 08:00:00+00:00,25473.58333
2023-11-10 09:00:00+00:00,23440.21429
2023-11-10 10:00:00+00:00,22841.3
2023-11-10 11:00:00+00:00,22805.91667
2023-11-10 12:00:00+00:00,22911.85714
2023-11-10 13:00:00+00:00,22735.3
2023-11-10 14:00:00+00:00,22501.41667
2023-11-10 15:00:00+00:00,23284.07143
2023-11-10 16:00:00+00:00,26364.3
2023-11-10 17:00:00+00:00,29407.16667
2023-11-10 18:00:00+00:00,30922.5
2023-11-10 19:00:00+00:00,30925.4
2023-11-10 20:00:00+00:00,29843.16667
2023-11-10 21:00:00+00:00,25792.57143
2023-11-10 22:00:00+00:00,22706
2023-11-10 23:00:00+00:00,21592.16667
2023-11-11 00:00:00+00:00,20297.35714
2023-11-11 01:00:00+00:00,19177.6
2023-11-11 02:00:00+00:00,18808.58333
2023-11-11 03:00:00+00:00,18264.78571
2023-11-11 04:00:00+00:00,17938.9
2023-11-11 05:00:00+00:00,18770.33333
2023-11-11 06:00:00+00:00,20046.14286
2023-11-11 07:00:00+00:00,20789.2
2023-11-11 08:00:00+00:00,21768.5
2023-11-11 09:00:00+00:00,21732.42857
2023-11-11 10:00:00+00:00,21830
2023-11-11 11:00:00+00:00,21555.91667
2023-11-11 12:00:00+00:00,21466.5
2023-11-11 13:00:00+00:00,21343.1
2023-11-11 14:00:00+00:00,20744.5
2023-11-11 15:00:00+00:00,20849.07143
2023-11-11 16:00:00+00:00,21765.6
2023-11-11 17:00:00+00:00,23825.41667
2023-11-11 18:00:00+00:00,24759.64286
2023-11-11 19:00:00+00:00,24833.5
2023-11-11 20:00:00+00:00,24230.66667
2023-11-11 21:00:00+00:00,21584.85714
2023-11-11 22:00:00+00:00,19308.8
2023-11-11 23:00:00+00:00,18943.16667
2023-11-12 00:00:00+00:00,17567.57143
2023-11-12 01:00:00+00:00,16539.7
2023-11-12 02:00:00+00:00,15843.83333
2023-11-12 03:00:00+00:00,15554.14286
2023-11-12 04:00:00+00:00,15993.4
2023-11-12 05:00:00+00:00,16286.66667
2023-11-12 06:00:00+00:00,16765.78571
2023-11-12 07:00:00+00:00,16372.9
2023-11-12 08:00:00+00:00,17190.58333
2023-11-12 09:00:00+00:00,17263.85714
2023-11-12 10:00:00+00:00,16873.2
2023-11-12 11:00:00+00:00,16750.41667
2023-11-12 12:00:00+00:00,17394.57143
2023-11-12 13:00:00+00:00,18457.2
2023-11-12 14:00:00+00:00,18051.58333
2023-11-12 15:00:00+00:00,18345.78571
2023-11-12 16:00:00+00:00,21248.6
2023-11-12 17:00:00+00:00,23967.58333
2023-11-12 18:00:00+00:00,25968.78571
2023-11-12 19:00:00+00:00,26994.4
2023-11-12 20:00:00+00:00,26602.75
2023-11-12 21:00:00+00:00,24098.35714
2023-11-12 22:00:00+00:00,21231.1
2023-11-12 23:00:00+00:00,20277.41667
2023-11-13 00:00:00+00:00,19207.78571
2023-11-13 01:00:00+00:00,18462.5
2023-11-13 02:00:00+00:00,18081.16667
2023-11-13 03:00:00+00:00,18164.71429
2023-11-13 04:00:00+00:00,19219.2
2023-11-13 05:00:00+00:00,22480
2023-11-13 06:00:00+00:00,27002.42857
2023-11-13 07:00:00+00:00,28597
2023-11-13 08:00:00+00:00,26689
2023-11-13 09:00:00+00:00,24464.85714
2023-11-13 10:00:00+00:00,23796.3
2023-11-13 11:00:00+00:00,23359.75
2023-11-13 12:00:00+00:00,23569.35714
2023-11-13 13:00:00+00:00,23881.9
2023-11-13 14:00:00+00:00,23483.41667
2023-11-13 15:00:00+00:00,25736.5
2023-11-13 16:00:00+00:00,28022.8
2023-11-13 17:00:00+00:00,30327.66667
2023-11-13 18:00:00+00:00,32091.07143
2023-11-13 19:00:00+00:00,33575.8
2023-11-13 20:00:00+00:00,31810.66667
2023-11-13 21:00:00+00:00,27447.14286
2023-11-13 22:00:00+00:00,24462.8
2023-11-13 23:00:00+00:00,24967
2023-11-14 00:00:00+00:00,23404.35714
2023-11-14 01:00:00+00:00,22918.3
2023-11-14 02:00:00+00:00,22688.58333
2023-11-14 03:00:00+00:00,23157.85714
2023-11-14 04:00:00+00:00,23902.5
2023-11-14 05:00:00+00:00,24517.33333
2023-11-14 06:00:00+00:00,27627.78571
2023-11-14 07:00:00+00:00,27824.9
2023-11-14 08:00:00+00:00,26431
2023-11-14 09:00:00+00:00,24171.85714
2023-11-14 10:00:00+00:00,22647.6
2023-11-14 11:00:00+00:00,23322.41667
2023-11-14 12:00:00+00:00,23776.28571
2023-11-14 13:00:00+00:00,23309.4
2023-11-14 14:00:00+00:00,23060.08333
2023-11-14 15:00:00+00:00,24448.57143
2023-11-14 16:00:00+00:00,28240.7
2023-11-14 17:00:00+00:00,30627.91667
2023-11-14 18:00:00+00:00,31093.21429
2023-11-14 19:00:00+00:00,32323
2023-11-14 20:00:00+00:00,31414.75
2023-11-14 21:00:00+00:00,27621.64286
2023-11-14 22:00:00+00:00,24852.1
2023-11-14 23:00:00+00:00,24899.41667
2023-11-15 00:00:00+00:00,23787.92857
2023-11-15 01:00:00+00:00,23694.8
2023-11-15 02:00:00+00:00,23698.33333
2023-11-15 03:00:00+00:00,23711
2023-11-15 04:00:00+00:00,23737.6
2023-11-15 05:00:00+00:00,25822.66667
2023-11-15 06:00:00+00:00,30242.85714
2023-11-15 07:00:00+00:00,30467.6
2023-11-15 08:00:00+00:00,28288.83333
2023-11-15 09:00:00+00:00,27461.57143
2023-11-15 10:00:00+00:00,26798.9
2023-11-15 11:00:00+00:00,26655.5
2023-11-15 12:00:00+00:00,26320.35714
2023-11-15 13:00:00+00:00,26047.5
2023-11-15 14:00:00+00:00,25915.41667
2023-11-15 15:00:00+00:00,26189.92857
2023-11-15 16:00:00+00:00,28389.6
2023-11-15 17:00:00+00:00,31222.5
2023-11-15 18:00:00+00:00,32390.35714
2023-11-15 19:00:00+00:00,33376.3
2023-11-15 20:00:00+00:00,32557
2023-11-15 21:00:00+00:00,27624.42857
2023-11-15 22:00:00+00:00,25389.1
2023-11-15 23:00:00+00:00,23952.08333
2023-11-16 00:00:00+00:00,22939.07143
2023-11-16 01:00:00+00:00,21367.5
2023-11-16 02:00:00+00:00,21442.58333
2023-11-16 03:00:00+00:00,20675.57143
2023-11-16 04:00:00+00:00,20776.2
2023-11-16 05:00:00+00:00,23009
2023-11-16 06:00:00+00:00,28397.07143
2023-11-16 07:00:00+00:00,29100.7
2023-11-16 08:00:00+00:00,28433.33333
2023-11-16 09:00:00+00:00,26539
2023-11-16 10:00:00+00:00,27206.9
2023-11-16 11:00:00+00:00,26643.66667
2023-11-16 12:00:00+00:00,26553.5
2023-11-16 13:00:00+00:00,25470
2023-11-16 14:00:00+00:00,25268
2023-11-16 15:00:00+00:00,26430.64286
2023-11-16 16:00:00+00:00,27817.1
2023-11-16 17:00:00+00:00,30783.16667
2023-11-16 18:00:00+00:00,32350.57143
2023-11-16 19:00:00+00:00,32760
2023-11-16 20:00:00+00:00,31380.33333
2023-11-16 21:00:00+00:00,26240.71429
2023-11-16 22:00:00+00:00,25483.8
2023-11-16 23:00:00+00:00,24647.33333
2023-11-17 00:00:00+00:00,23152.14286
2023-11-17 01:00:00+00:00,22361.8
2023-11-17 02:00:00+00:00,21733.08333
2023-11-17 03:00:00+00:00,21777.85714
2023-11-17 04:00:00+00:00,21657.3
2023-11-17 05:00:00+00:00,23928.5
2023-11-17 06:00:00+00:00,28608.85714
2023-11-17 07:00:00+00:00,29331.4
2023-11-17 08:00:00+00:00,27825.25
2023-11-17 09:00:00+00:00,26658.42857
2023-11-17 10:00:00+00:00,23770.2
2023-11-17 11:00:00+00:00,23607.16667
2023-11-17 12:00:00+00:00,23854.57143
2023-11-17 13:00:00+00:00,23471.8
2023-11-17 14:00:00+00:00,22531.5
2023-11-17 15:00:00+00:00,23999.42857
2023-11-17 16:00:00+00:00,27203.7
2023-11-17 17:00:00+00:00,30134.91667
2023-11-17 18:00:00+00:00,31767.92857
2023-11-17 19:00:00+00:00,32330.9
2023-11-17 20:00:00+00:00,31422
2023-11-17 21:00:00+00:00,27656.85714
2023-11-17 22:00:00+00:00,24763.9
2023-11-17 23:00:00+00:00,24052.58333
2023-11-18 00:00:00+00:00,22150
2023-11-18 01:00:00+00:00,21318.2
2023-11-18 02:00:00+00:00,21524.16667
2023-11-18 03:00:00+00:00,20613.21429
2023-11-18 04:00:00+00:00,20331.4
2023-11-18 05:00:00+00:00,21104.66667
2023-11-18 06:00:00+00:00,23503.71429
2023-11-18 07:00:00+00:00,24542.1
2023-11-18 08:00:00+00:00,23684.83333
2023-11-18 09:00:00+00:00,21375.07143
2023-11-18 10:00:00+00:00,21016.8
2023-11-18 11:00:00+00:00,20532.91667
2023-11-18 12:00:00+00:00,20921.78571
2023-11-18 13:00:00+00:00,20713.6
2023-11-18 14:00:00+00:00,19614.5
2023-11-18 15:00:00+00:00,20397.85714
2023-11-18 16:00:00+00:00,23336.7
2023-11-18 17:00:00+00:00,27785.66667
2023-11-18 18:00:00+00:00,28888
2023-11-18 19:00:00+00:00,28815.9
2023-11-18 20:00:00+00:00,29174.91667
2023-11-18 21:00:00+00:00,26673.78571
2023-11-18 22:00:00+00:00,24191.3
2023-11-18 23:00:00+00:00,23395.16667
2023-11-19 00:00:00+00:00,22077.64286
2023-11-19 01:00:00+00:00,20842.4
2023-11-19 02:00:00+00:00,20569.08333
2023-11-19 03:00:00+00:00,20403.71429
2023-11-19 04:00:00+00:00,20590.1
2023-11-19 05:00:00+00:00,21087.58333
2023-11-19 06:00:00+00:00,22116.14286
2023-11-19 07:00:00+00:00,21861.9
2023-11-19 08:00:00+00:00,21948.58333
2023-11-19 09:00:00+00:00,20943.21429
2023-11-19 10:00:00+00:00,20891.3
2023-11-19 11:00:00+00:00,20274.83333
2023-11-19 12:00:00+00:00,20803.57143
2023-11-19 13:00:00+00:00,20859.4
2023-11-19 14:00:00+00:00,20621.75
2023-11-19 15:00:00+00:00,21410
2023-11-19 16:00:00+00:00,23953.2
2023-11-19 17:00:00+00:00,27810.75
2023-11-19 18:00:00+00:00,28789.64286
2023-11-19 19:00:00+00:00,29441.2
2023-11-19 20:00:00+00:00,29125.75
2023-11-19 21:00:00+00:00,27645.42857
2023-11-19 22:00:00+00:00,25608.2
2023-11-19 23:00:00+00:00,24386.75
2023-11-20 00:00:00+00:00,22740.64286
2023-11-20 01:00:00+00:00,21953.8
2023-11-20 02:00:00+00:00,21568.5
2023-11-20 03:00:00+00:00,21682.14286
2023-11-20 04:00:00+00:00,22471.6
2023-11-20 05:00:00+00:00,25977.16667
2023-11-20 06:00:00+00:00,30014
2023-11-20 07:00:00+00:00,31258.4
2023-11-20 08:00:00+00:00,27815.08333
2023-11-20 09:00:00+00:00,25285.21429
2023-11-20 10:00:00+00:00,24369.2
2023-11-20 11:00:00+00:00,24185
2023-11-20 12:00:00+00:00,23672.28571
2023-11-20 13:00:00+00:00,23157
2023-11-20 14:00:00+00:00,22815.16667
2023-11-20 15:00:00+00:00,24508.42857
2023-11-20 16:00:00+00:00,27807.1
2023-11-20 17:00:00+00:00,29399.66667
2023-11-20 18:00:00+00:00,29869.35714
2023-11-20 19:00:00+00:00,29917.8
2023-11-20 20:00:00+00:00,28494.83333
2023-11-20 21:00:00+00:00,24315.07143
2023-11-20 22:00:00+00:00,21584.3
2023-11-20 23:00:00+00:00,21563
2023-11-21 00:00:00+00:00,20198.07143
2023-11-21 01:00:00+00:00,19230.2
2023-11-21 02:00:00+00:00,18504.25
2023-11-21 03:00:00+00:00,18452.85714
2023-11-21 04:00:00+00:00,19130.5
2023-11-21 05:00:00+00:00,21870.66667
2023-11-21 06:00:00+00:00,26423.21429
2023-11-21 07:00:00+00:00,27635.9
2023-11-21 08:00:00+00:00,26853.58333
2023-11-21 09:00:00+00:00,24648.14286
2023-11-21 10:00:00+00:00,23352.6
2023-11-21 11:00:00+00:00,22790.58333
2023-11-21 12:00:00+00:00,22923.64286
2023-11-21 13:00:00+00:00,22801.5
2023-11-21 14:00:00+00:00,22769.08333
2023-11-21 15:00:00+00:00,23710.14286
2023-11-21 16:00:00+00:00,26496.2
2023-11-21 17:00:00+00:00,27757.41667
2023-11-21 18:00:00+00:00,28501.28571
2023-11-21 19:00:00+00:00,29467
2023-11-21 20:00:00+00:00,28336.66667
2023-11-21 21:00:00+00:00,24959
2023-11-21 22:00:00+00:00,21415.4
2023-11-21 23:00:00+00:00,20581.66667
2023-11-22 00:00:00+00:00,19308.64286
2023-11-22 01:00:00+00:00,18439.1
2023-11-22 02:00:00+00:00,17735.66667
2023-11-22 03:00:00+00:00,18005.92857
2023-11-22 04:00:00+00:00,18603.9
2023-11-22 05:00:00+00:00,22341.5
2023-11-22 06:00:00+00:00,27234.64286
2023-11-22 07:00:00+00:00,28153.4
2023-11-22 08:00:00+00:00,26991.75
2023-11-22 09:00:00+00:00,23729.14286
2023-11-22 10:00:00+00:00,22624.5
2023-11-22 11:00:00+00:00,22396.58333
2023-11-22 12:00:00+00:00,22429.71429
2023-11-22 13:00:00+00:00,22335.8
2023-11-22 14:00:00+00:00,21923.33333
2023-11-22 15:00:00+00:00,23518.78571
2023-11-22 16:00:00+00:00,26232.8
2023-11-22 17:00:00+00:00,28502.66667
2023-11-22 18:00:00+00:00,29395.42857
2023-11-22 19:00:00+00:00,30358.7
2023-11-22 20:00:00+00:00,29947.41667
2023-11-22 21:00:00+00:00,26829.5
2023-11-22 22:00:00+00:00,24015.6
2023-11-22 23:00:00+00:00,22137.91667
2023-11-23 00:00:00+00:00,20796.92857
2023-11-23 01:00:00+00:00,20079.7
2023-11-23 02:00:00+00:00,19831
2023-11-23 03:00:00+00:00,20217.71429
2023-11-23 04:00:00+00:00,20470.9
2023-11-23 05:00:00+00:00,23891.75
2023-11-23 06:00:00+00:00,29005.92857
2023-11-23 07:00:00+00:00,30746.8
2023-11-23 08:00:00+00:00,28169.91667
2023-11-23 09:00:00+00:00,25447.78571
2023-11-23 10:00:00+00:00,24009.6
2023-11-23 11:00:00+00:00,23463.08333
2023-11-23 12:00:00+00:00,23449.14286
2023-11-23 13:00:00+00:00,22522.7
2023-11-23 14:00:00+00:00,22781.16667
2023-11-23 15:00:00+00:00,24585.78571
2023-11-23 16:00:00+00:00,27111.8
2023-11-23 17:00:00+00:00,29399.91667
2023-11-23 18:00:00+00:00,29569
2023-11-23 19:00:00+00:00,31562.8
2023-11-23 20:00:00+00:00,30271.66667
2023-11-23 21:00:00+00:00,25977.71429
2023-11-23 22:00:00+00:00,24732.6
2023-11-23 23:00:00+00:00,24690.5
2023-11-24 00:00:00+00:00,22982.14286
2023-11-24 01:00:00+00:00,22104.2
2023-11-24 02:00:00+00:00,21874.08333
2023-11-24 03:00:00+00:00,22306.71429
2023-11-24 04:00:00+00:00,22851.9
2023-11-24 05:00:00+00:00,23341.5
2023-11-24 06:00:00+00:00,28074.78571
2023-11-24 07:00:00+00:00,29061
2023-11-24 08:00:00+00:00,26227.25
2023-11-24 09:00:00+00:00,24827.5
2023-11-24 10:00:00+00:00,24821
2023-11-24 11:00:00+00:00,24034.33333
2023-11-24 12:00:00+00:00,23934.28571
2023-11-24 13:00:00+00:00,23452.2
2023-11-24 14:00:00+00:00,22872.75
2023-11-24 15:00:00+00:00,24780.85714
2023-11-24 16:00:00+00:00,27618.2
2023-11-24 17:00:00+00:00,29682.08333
2023-11-24 18:00:00+00:00,30166.57143
2023-11-24 19:00:00+00:00,30745.7
2023-11-24 20:00:00+00:00,29908.58333
2023-11-24 21:00:00+00:00,26731.07143
2023-11-24 22:00:00+00:00,24221.1
2023-11-24 23:00:00+00:00,23758.58333
2023-11-25 00:00:00+00:00,21467.35714
2023-11-25 01:00:00+00:00,20148.4
2023-11-25 02:00:00+00:00,19189.08333
2023-11-25 03:00:00+00:00,18643.5
2023-11-25 04:00:00+00:00,18175.2
2023-11-25 05:00:00+00:00,18652.16667
2023-11-25 06:00:00+00:00,21017.92857
2023-11-25 07:00:00+00:00,22192.5
2023-11-25 08:00:00+00:00,21667.75
2023-11-25 09:00:00+00:00,21970.71429
2023-11-25 10:00:00+00:00,21610.9
2023-11-25 11:00:00+00:00,21454.83333
2023-11-25 12:00:00+00:00,21644.21429
2023-11-25 13:00:00+00:00,21587.8
2023-11-25 14:00:00+00:00,20385.75
2023-11-25 15:00:00+00:00,21182.21429
2023-11-25 16:00:00+00:00,23701.4
2023-11-25 17:00:00+00:00,27747.5
2023-11-25 18:00:00+00:00,29159.35714
2023-11-25 19:00:00+00:00,30498.1
2023-11-25 20:00:00+00:00,29987.66667
2023-11-25 21:00:00+00:00,27464
2023-11-25 22:00:00+00:00,24638.4
2023-11-25 23:00:00+00:00,23105.91667
2023-11-26 00:00:00+00:00,21440
2023-11-26 01:00:00+00:00,19990.9
2023-11-26 02:00:00+00:00,19562.91667
2023-11-26 03:00:00+00:00,19495.71429
2023-11-26 04:00:00+00:00,19951.5
2023-11-26 05:00:00+00:00,19604.08333
2023-11-26 06:00:00+00:00,20430.64286
2023-11-26 07:00:00+00:00,20209.8
2023-11-26 08:00:00+00:00,19657.58333
2023-11-26 09:00:00+00:00,20310.64286
2023-11-26 10:00:00+00:00,20243.6
2023-11-26 11:00:00+00:00,19913.83333
2023-11-26 12:00:00+00:00,20792.78571
2023-11-26 13:00:00+00:00,19862.5
2023-11-26 14:00:00+00:00,19388.75
2023-11-26 15:00:00+00:00,20638.07143
2023-11-26 16:00:00+00:00,24461.8
2023-11-26 17:00:00+00:00,27187.83333
2023-11-26 18:00:00+00:00,28953.57143
2023-11-26 19:00:00+00:00,30245.1
2023-11-26 20:00:00+00:00,30704.58333
2023-11-26 21:00:00+00:00,26831.57143
2023-11-26 22:00:00+00:00,23565
2023-11-26 23:00:00+00:00,21521.33333
2023-11-27 00:00:00+00:00,19172.35714
2023-11-27 01:00:00+00:00,18440.4
2023-11-27 02:00:00+00:00,17671.66667
2023-11-27 03:00:00+00:00,17632.85714
2023-11-27 04:00:00+00:00,17862.3
2023-11-27 05:00:00+00:00,21500.08333
2023-11-27 06:00:00+00:00,28239.57143
2023-11-27 07:00:00+00:00,30195.4
2023-11-27 08:00:00+00:00,28950.08333
2023-11-27 09:00:00+00:00,28666.92857
2023-11-27 10:00:00+00:00,27465.3
2023-11-27 11:00:00+00:00,27318.08333
2023-11-27 12:00:00+00:00,26973.92857
2023-11-27 13:00:00+00:00,26655.3
2023-11-27 14:00:00+00:00,26215.16667
2023-11-27 15:00:00+00:00,26527.92857
2023-11-27 16:00:00+00:00,28961.7
2023-11-27 17:00:00+00:00,30385.91667
2023-11-27 18:00:00+00:00,33011.92857
2023-11-27 19:00:00+00:00,34442.8
2023-11-27 20:00:00+00:00,33185.41667
2023-11-27 21:00:00+00:00,28170.42857
2023-11-27 22:00:00+00:00,24735
2023-11-27 23:00:00+00:00,22549
2023-11-28 00:00:00+00:00,20760.57143
2023-11-28 01:00:00+00:00,20362.8
2023-11-28 02:00:00+00:00,19921.58333
2023-11-28 03:00:00+00:00,19998.64286
2023-11-28 04:00:00+00:00,19261.4
2023-11-28 05:00:00+00:00,22525.16667
2023-11-28 06:00:00+00:00,28114.07143
2023-11-28 07:00:00+00:00,29445.9
2023-11-28 08:00:00+00:00,28901.08333
2023-11-28 09:00:00+00:00,28431.42857
2023-11-28 10:00:00+00:00,27576.2
2023-11-28 11:00:00+00:00,27577.5
2023-11-28 12:00:00+00:00,27534.92857
2023-11-28 13:00:00+00:00,27332.2
2023-11-28 14:00:00+00:00,27694.41667
2023-11-28 15:00:00+00:00,29233.92857
2023-11-28 16:00:00+00:00,30708.9
2023-11-28 17:00:00+00:00,32041.83333
2023-11-28 18:00:00+00:00,33296.64286
2023-11-28 19:00:00+00:00,34121
2023-11-28 20:00:00+00:00,33045.58333
2023-11-28 21:00:00+00:00,28943.07143
2023-11-28 22:00:00+00:00,25094.8
2023-11-28 23:00:00+00:00,23082.58333
2023-11-29 00:00:00+00:00,21428.42857
2023-11-29 01:00:00+00:00,21049.1
2023-11-29 02:00:00+00:00,20354.5
2023-11-29 03:00:00+00:00,19755
2023-11-29 04:00:00+00:00,20427.9
2023-11-29 05:00:00+00:00,24686.16667
2023-11-29 06:00:00+00:00,29896.78571
2023-11-29 07:00:00+00:00,31249.3
2023-11-29 08:00:00+00:00,30811.5
2023-11-29 09:00:00+00:00,30390.71429
2023-11-29 10:00:00+00:00,28331.2
2023-11-29 11:00:00+00:00,28441.66667
2023-11-29 12:00:00+00:00,28262.71429
2023-11-29 13:00:00+00:00,27822.4
2023-11-29 14:00:00+00:00,27596.33333
2023-11-29 15:00:00+00:00,28390.85714
2023-11-29 16:00:00+00:00,30226.6
2023-11-29 17:00:00+00:00,31861.91667
2023-11-29 18:00:00+00:00,32114.71429
2023-11-29 19:00:00+00:00,32066.8
2023-11-29 20:00:00+00:00,29867.83333
2023-11-29 21:00:00+00:00,27116.92857
2023-11-29 22:00:00+00:00,23842.6
2023-11-29 23:00:00+00:00,21259.41667
2023-11-30 00:00:00+00:00,19164.64286
2023-11-30 01:00:00+00:00,18144.2
2023-11-30 02:00:00+00:00,17904.25
2023-11-30 03:00:00+00:00,17772.64286
2023-11-30 04:00:00+00:00,18562
2023-11-30 05:00:00+00:00,21670.83333
2023-11-30 06:00:00+00:00,27980.71429
2023-11-30 07:00:00+00:00,29748.3
2023-11-30 08:00:00+00:00,28863.58333
2023-11-30 09:00:00+00:00,28151.35714
2023-11-30 10:00:00+00:00,27795.8
2023-11-30 11:00:00+00:00,28114.25
2023-11-30 12:00:00+00:00,27953.07143
2023-11-30 13:00:00+00:00,27570.8
2023-11-30 14:00:00+00:00,26800.66667
2023-11-30 15:00:00+00:00,27047.14286
2023-11-30 16:00:00+00:00,28670.6
2023-11-30 17:00:00+00:00,30007.58333
2023-11-30 18:00:00+00:00,30145.64286
2023-11-30 19:00:00+00:00,30595.3
2023-11-30 20:00:00+00:00,29588.25
2023-11-30 21:00:00+00:00,26161.35714
2023-11-30 22:00:00+00:00,23259.6
2023-11-30 23:00:00+00:00,21366.58333
2023-12-01 00:00:00+00:00,20769.92857
2023-12-01 01:00:00+00:00,20321.9
2023-12-01 02:00:00+00:00,19594
2023-12-01 03:00:00+00:00,19793.85714
2023-12-01 04:00:00+00:00,20534
2023-12-01 05:00:00+00:00,22754.83333
2023-12-01 06:00:00+00:00,28654
2023-12-01 07:00:00+00:00,31138.8
2023-12-01 08:00:00+00:00,31337.58333
2023-12-01 09:00:00+00:00,30373.85714
2023-12-01 10:00:00+00:00,28279.5
2023-12-01 11:00:00+00:00,26730.08333
2023-12-01 12:00:00+00:00,26081.5
2023-12-01 13:00:00+00:00,25228.9
2023-12-01 14:00:00+00:00,24286
2023-12-01 15:00:00+00:00,25659.5
2023-12-01 16:00:00+00:00,27533.8
2023-12-01 17:00:00+00:00,29644.75
2023-12-01 18:00:00+00:00,29145.21429
2023-12-01 19:00:00+00:00,29481.6
2023-12-01 20:00:00+00:00,28542
2023-12-01 21:00:00+00:00,25002.28571
2023-12-01 22:00:00+00:00,21809.9
2023-12-01 23:00:00+00:00,20421.16667
2023-12-02 00:00:00+00:00,18515.85714
2023-12-02 01:00:00+00:00,17029.2
2023-12-02 02:00:00+00:00,16605.5
2023-12-02 03:00:00+00:00,16519.42857
2023-12-02 04:00:00+00:00,16705.1
2023-12-02 05:00:00+00:00,18000.75
2023-12-02 06:00:00+00:00,20878
2023-12-02 07:00:00+00:00,22968.9
2023-12-02 08:00:00+00:00,23186.58333
2023-12-02 09:00:00+00:00,22349.85714
2023-12-02 10:00:00+00:00,21502.6
2023-12-02 11:00:00+00:00,20543.66667
2023-12-02 12:00:00+00:00,20771.71429
2023-12-02 13:00:00+00:00,20582.6
2023-12-02 14:00:00+00:00,20160.33333
2023-12-02 15:00:00+00:00,20546.21429
2023-12-02 16:00:00+00:00,23493.3
2023-12-02 17:00:00+00:00,26129.08333
2023-12-02 18:00:00+00:00,26648.85714
2023-12-02 19:00:00+00:00,27818.9
2023-12-02 20:00:00+00:00,27857.91667
2023-12-02 21:00:00+00:00,24913.14286
2023-12-02 22:00:00+00:00,22946.9
2023-12-02 23:00:00+00:00,20877.66667
2023-12-03 00:00:00+00:00,18561.57143
2023-12-03 01:00:00+00:00,16901
2023-12-03 02:00:00+00:00,16742.58333
2023-12-03 03:00:00+00:00,16037.5
2023-12-03 04:00:00+00:00,16621.1
2023-12-03 05:00:00+00:00,17089.08333
2023-12-03 06:00:00+00:00,19127.28571
2023-12-03 07:00:00+00:00,19996
2023-12-03 08:00:00+00:00,21153.41667
2023-12-03 09:00:00+00:00,21628.42857
2023-12-03 10:00:00+00:00,20209.8
2023-12-03 11:00:00+00:00,20306.75
2023-12-03 12:00:00+00:00,20785.71429
2023-12-03 13:00:00+00:00,21096.5
2023-12-03 14:00:00+00:00,21025.5
2023-12-03 15:00:00+00:00,22116.28571
2023-12-03 16:00:00+00:00,26004.4
2023-12-03 17:00:00+00:00,27260
2023-12-03 18:00:00+00:00,28764
2023-12-03 19:00:00+00:00,30232.2
2023-12-03 20:00:00+00:00,29339.5
2023-12-03 21:00:00+00:00,26499.5
2023-12-03 22:00:00+00:00,23535.6
2023-12-03 23:00:00+00:00,21147.66667
2023-12-04 00:00:00+00:00,18754.5
2023-12-04 01:00:00+00:00,17034.6
2023-12-04 02:00:00+00:00,16270.16667
2023-12-04 03:00:00+00:00,16830.28571
2023-12-04 04:00:00+00:00,17674.5
2023-12-04 05:00:00+00:00,21634.16667
2023-12-04 06:00:00+00:00,27940.71429
2023-12-04 07:00:00+00:00,30330.2
2023-12-04 08:00:00+00:00,30364.41667
2023-12-04 09:00:00+00:00,29856.64286
2023-12-04 10:00:00+00:00,28672.1
2023-12-04 11:00:00+00:00,28321
2023-12-04 12:00:00+00:00,27530.78571
2023-12-04 13:00:00+00:00,26913.3
2023-12-04 14:00:00+00:00,26977.5
2023-12-04 15:00:00+00:00,28442.92857
2023-12-04 16:00:00+00:00,31156
2023-12-04 17:00:00+00:00,32525.41667
2023-12-04 18:00:00+00:00,33175.28571
2023-12-04 19:00:00+00:00,35121.7
2023-12-04 20:00:00+00:00,33800.08333
2023-12-04 21:00:00+00:00,28224.28571
2023-12-04 22:00:00+00:00,24280.6
2023-12-04 23:00:00+00:00,22687.83333
2023-12-05 00:00:00+00:00,20552.42857
2023-12-05 01:00:00+00:00,20009.1
2023-12-05 02:00:00+00:00,19798.66667
2023-12-05 03:00:00+00:00,20616.78571
2023-12-05 04:00:00+00:00,21605.5
2023-12-05 05:00:00+00:00,25295.25
2023-12-05 06:00:00+00:00,31912.78571
2023-12-05 07:00:00+00:00,34519.2
2023-12-05 08:00:00+00:00,33722.83333
2023-12-05 09:00:00+00:00,32425.92857
2023-12-05 10:00:00+00:00,30715.7
2023-12-05 11:00:00+00:00,30233.58333
2023-12-05 12:00:00+00:00,30612.42857
2023-12-05 13:00:00+00:00,30382.8
2023-12-05 14:00:00+00:00,30756.08333
2023-12-05 15:00:00+00:00,32160.42857
2023-12-05 16:00:00+00:00,32727.1
2023-12-05 17:00:00+00:00,34366.41667
2023-12-05 18:00:00+00:00,35210.07143
2023-12-05 19:00:00+00:00,36077
2023-12-05 20:00:00+00:00,36081
2023-12-05 21:00:00+00:00,31196.92857
2023-12-05 22:00:00+00:00,28608.9
2023-12-05 23:00:00+00:00,26754.91667
2023-12-06 00:00:00+00:00,23959.64286
2023-12-06 01:00:00+00:00,22596
2023-12-06 02:00:00+00:00,21672.08333
2023-12-06 03:00:00+00:00,20920.5
2023-12-06 04:00:00+00:00,19913
2023-12-06 05:00:00+00:00,19924.08333
2023-12-06 06:00:00+00:00,21240.14286
2023-12-06 07:00:00+00:00,22061.9
2023-12-06 08:00:00+00:00,23664.16667
2023-12-06 09:00:00+00:00,23890.07143
2023-12-06 10:00:00+00:00,23271.1
2023-12-06 11:00:00+00:00,23678.5
2023-12-06 12:00:00+00:00,24492.42857
2023-12-06 13:00:00+00:00,24242.9
2023-12-06 14:00:00+00:00,24160.08333
2023-12-06 15:00:00+00:00,24912.14286
2023-12-06 16:00:00+00:00,26275.5
2023-12-06 17:00:00+00:00,28171.83333
2023-12-06 18:00:00+00:00,29213.07143
2023-12-06 19:00:00+00:00,29583.3
2023-12-06 20:00:00+00:00,29092.41667
2023-12-06 21:00:00+00:00,25967.28571
2023-12-06 22:00:00+00:00,23413.5
2023-12-06 23:00:00+00:00,23420.5
2023-12-07 00:00:00+00:00,21030
2023-12-07 01:00:00+00:00,19911.9
2023-12-07 02:00:00+00:00,19640.16667
2023-12-07 03:00:00+00:00,19671.07143
2023-12-07 04:00:00+00:00,20217.3
2023-12-07 05:00:00+00:00,23120.75
2023-12-07 06:00:00+00:00,26708.64286
2023-12-07 07:00:00+00:00,28128.7
2023-12-07 08:00:00+00:00,28587.08333
2023-12-07 09:00:00+00:00,27848.78571
2023-12-07 10:00:00+00:00,27169
2023-12-07 11:00:00+00:00,27540.41667
2023-12-07 12:00:00+00:00,28150.64286
2023-12-07 13:00:00+00:00,28172.3
2023-12-07 14:00:00+00:00,27196.75
2023-12-07 15:00:00+00:00,27908.85714
2023-12-07 16:00:00+00:00,28714.3
2023-12-07 17:00:00+00:00,29382.33333
2023-12-07 18:00:00+00:00,29159.21429
2023-12-07 19:00:00+00:00,29632.7
2023-12-07 20:00:00+00:00,29336
2023-12-07 21:00:00+00:00,25952.28571
2023-12-07 22:00:00+00:00,22085.1
2023-12-07 23:00:00+00:00,21739.5
2023-12-08 00:00:00+00:00,20087.35714
2023-12-08 01:00:00+00:00,18048.4
2023-12-08 02:00:00+00:00,17108.91667
2023-12-08 03:00:00+00:00,16377.71429
2023-12-08 04:00:00+00:00,16373.3
2023-12-08 05:00:00+00:00,16903.83333
2023-12-08 06:00:00+00:00,18710.92857
2023-12-08 07:00:00+00:00,19741.2
2023-12-08 08:00:00+00:00,20318
2023-12-08 09:00:00+00:00,20735.71429
2023-12-08 10:00:00+00:00,19990.6
2023-12-08 11:00:00+00:00,19124
2023-12-08 12:00:00+00:00,19438.35714
2023-12-08 13:00:00+00:00,19606.1
2023-12-08 14:00:00+00:00,18904.08333
2023-12-08 15:00:00+00:00,21019.28571
2023-12-08 16:00:00+00:00,24388
2023-12-08 17:00:00+00:00,26173.33333
2023-12-08 18:00:00+00:00,26500.71429
2023-12-08 19:00:00+00:00,27016.1
2023-12-08 20:00:00+00:00,26820.5
2023-12-08 21:00:00+00:00,25258.78571
2023-12-08 22:00:00+00:00,22669.2
2023-12-08 23:00:00+00:00,20839.66667
2023-12-09 00:00:00+00:00,18705.85714
2023-12-09 01:00:00+00:00,17031.6
2023-12-09 02:00:00+00:00,16579.83333
2023-12-09 03:00:00+00:00,15741.85714
2023-12-09 04:00:00+00:00,15695.1
2023-12-09 05:00:00+00:00,17280.33333
2023-12-09 06:00:00+00:00,19169
2023-12-09 07:00:00+00:00,20680.2
2023-12-09 08:00:00+00:00,22995
2023-12-09 09:00:00+00:00,22029.71429
2023-12-09 10:00:00+00:00,21121.6
2023-12-09 11:00:00+00:00,20162.66667
2023-12-09 12:00:00+00:00,20436.57143
2023-12-09 13:00:00+00:00,20658.5
2023-12-09 14:00:00+00:00,20152.5
2023-12-09 15:00:00+00:00,21708.78571
2023-12-09 16:00:00+00:00,23499.2
2023-12-09 17:00:00+00:00,26437.5
2023-12-09 18:00:00+00:00,27322.14286
2023-12-09 19:00:00+00:00,28643.5
2023-12-09 20:00:00+00:00,28817.75
2023-12-09 21:00:00+00:00,25249.71429
2023-12-09 22:00:00+00:00,22799.2
2023-12-09 23:00:00+00:00,21574.58333
2023-12-10 00:00:00+00:00,19755.64286
2023-12-10 01:00:00+00:00,18667.4
2023-12-10 02:00:00+00:00,18344
2023-12-10 03:00:00+00:00,18258.92857
2023-12-10 04:00:00+00:00,17977.8
2023-12-10 05:00:00+00:00,18280.5
2023-12-10 06:00:00+00:00,18815.64286
2023-12-10 07:00:00+00:00,18750.1
2023-12-10 08:00:00+00:00,18968.91667
2023-12-10 09:00:00+00:00,20178.21429
2023-12-10 10:00:00+00:00,19700.7
2023-12-10 11:00:00+00:00,19164.58333
2023-12-10 12:00:00+00:00,19944.5
2023-12-10 13:00:00+00:00,20496
2023-12-10 14:00:00+00:00,19129.41667
2023-12-10 15:00:00+00:00,20511.78571
2023-12-10 16:00:00+00:00,23178
2023-12-10 17:00:00+00:00,25766.91667
2023-12-10 18:00:00+00:00,26585.35714
2023-12-10 19:00:00+00:00,28130.7
2023-12-10 20:00:00+00:00,28065.33333
2023-12-10 21:00:00+00:00,24666.57143
2023-12-10 22:00:00+00:00,21451.3
2023-12-10 23:00:00+00:00,20399.33333
2023-12-11 00:00:00+00:00,18410.5
2023-12-11 01:00:00+00:00,17292.4
2023-12-11 02:00:00+00:00,17381.5
2023-12-11 03:00:00+00:00,17664.57143
2023-12-11 04:00:00+00:00,17283.5
2023-12-11 05:00:00+00:00,19906.5
2023-12-11 06:00:00+00:00,27407.5
2023-12-11 07:00:00+00:00,31069.8
2023-12-11 08:00:00+00:00,30194.41667
2023-12-11 09:00:00+00:00,27276.92857
2023-12-11 10:00:00+00:00,26326
2023-12-11 11:00:00+00:00,25874.25
2023-12-11 12:00:00+00:00,25622.5
2023-12-11 13:00:00+00:00,25968.2
2023-12-11 14:00:00+00:00,26595.66667
2023-12-11 15:00:00+00:00,28361.92857
2023-12-11 16:00:00+00:00,31320.9
2023-12-11 17:00:00+00:00,33317.41667
2023-12-11 18:00:00+00:00,33374.64286
2023-12-11 19:00:00+00:00,34522.1
2023-12-11 20:00:00+00:00,33098.91667
2023-12-11 21:00:00+00:00,28651.71429
2023-12-11 22:00:00+00:00,24347.4
2023-12-11 23:00:00+00:00,22367.16667
2023-12-12 00:00:00+00:00,19495.28571
2023-12-12 01:00:00+00:00,18639.9
2023-12-12 02:00:00+00:00,18099.75
2023-12-12 03:00:00+00:00,18058.07143
2023-12-12 04:00:00+00:00,18748.7
2023-12-12 05:00:00+00:00,21941
2023-12-12 06:00:00+00:00,27531
2023-12-12 07:00:00+00:00,30727.9
2023-12-12 08:00:00+00:00,28689.91667
2023-12-12 09:00:00+00:00,28395.92857
2023-12-12 10:00:00+00:00,26852.3
2023-12-12 11:00:00+00:00,25750.5
2023-12-12 12:00:00+00:00,25342
2023-12-12 13:00:00+00:00,24741.2
2023-12-12 14:00:00+00:00,24806.66667
2023-12-12 15:00:00+00:00,26036.92857
2023-12-12 16:00:00+00:00,27218.2
2023-12-12 17:00:00+00:00,29691.83333
2023-12-12 18:00:00+00:00,30191.14286
2023-12-12 19:00:00+00:00,30349.1
2023-12-12 20:00:00+00:00,28190.83333
2023-12-12 21:00:00+00:00,24782.64286
2023-12-12 22:00:00+00:00,21876.8
2023-12-12 23:00:00+00:00,20814.66667
2023-12-13 00:00:00+00:00,19115.85714
2023-12-13 01:00:00+00:00,17685.1
2023-12-13 02:00:00+00:00,16866.91667
2023-12-13 03:00:00+00:00,17002.42857
2023-12-13 04:00:00+00:00,17674.3
2023-12-13 05:00:00+00:00,21319.75
2023-12-13 06:00:00+00:00,26119.5
2023-12-13 07:00:00+00:00,29015.1
2023-12-13 08:00:00+00:00,29090.33333
2023-12-13 09:00:00+00:00,27637.21429
2023-12-13 10:00:00+00:00,26189
2023-12-13 11:00:00+00:00,26147.25
2023-12-13 12:00:00+00:00,26727.14286
2023-12-13 13:00:00+00:00,26315
2023-12-13 14:00:00+00:00,26061.83333
2023-12-13 15:00:00+00:00,25934.14286
2023-12-13 16:00:00+00:00,28098.7
2023-12-13 17:00:00+00:00,29764.83333
2023-12-13 18:00:00+00:00,30239.64286
2023-12-13 19:00:00+00:00,30565.3
2023-12-13 20:00:00+00:00,29837.83333
2023-12-13 21:00:00+00:00,26037.64286
2023-12-13 22:00:00+00:00,22461.8
2023-12-13 23:00:00+00:00,21512.83333
2023-12-14 00:00:00+00:00,19361.64286
2023-12-14 01:00:00+00:00,18209.3
2023-12-14 02:00:00+00:00,18227.08333
2023-12-14 03:00:00+00:00,18457
2023-12-14 04:00:00+00:00,19665.8
2023-12-14 05:00:00+00:00,23307.08333
2023-12-14 06:00:00+00:00,28592.21429
2023-12-14 07:00:00+00:00,30170.8
2023-12-14 08:00:00+00:00,28377.66667
2023-12-14 09:00:00+00:00,26248.14286
2023-12-14 10:00:00+00:00,23968.3
2023-12-14 11:00:00+00:00,23072.83333
2023-12-14 12:00:00+00:00,23334.21429
2023-12-14 13:00:00+00:00,23311
2023-12-14 14:00:00+00:00,23507.91667
2023-12-14 15:00:00+00:00,24956.21429
2023-12-14 16:00:00+00:00,27971.3
2023-12-14 17:00:00+00:00,30833
2023-12-14 18:00:00+00:00,31345.64286
2023-12-14 19:00:00+00:00,32406.3
2023-12-14 20:00:00+00:00,31596.16667
2023-12-14 21:00:00+00:00,27907.35714
2023-12-14 22:00:00+00:00,24700.4
2023-12-14 23:00:00+00:00,23328.83333
2023-12-15 00:00:00+00:00,20746.64286
2023-12-15 01:00:00+00:00,19480.3
2023-12-15 02:00:00+00:00,19447.58333
2023-12-15 03:00:00+00:00,19164.14286
2023-12-15 04:00:00+00:00,20311.4
2023-12-15 05:00:00+00:00,24218.75
2023-12-15 06:00:00+00:00,30501.64286
2023-12-15 07:00:00+00:00,33285.3
2023-12-15 08:00:00+00:00,31101.83333
2023-12-15 09:00:00+00:00,27690.92857
2023-12-15 10:00:00+00:00,25905.4
2023-12-15 11:00:00+00:00,25180.08333
2023-12-15 12:00:00+00:00,24739.07143
2023-12-15 13:00:00+00:00,24091.5
2023-12-15 14:00:00+00:00,23926.33333
2023-12-15 15:00:00+00:00,24923.28571
2023-12-15 16:00:00+00:00,27998.4
2023-12-15 17:00:00+00:00,31441.83333
2023-12-15 18:00:00+00:00,32159.5
2023-12-15 19:00:00+00:00,32611.7
2023-12-15 20:00:00+00:00,31881.25
2023-12-15 21:00:00+00:00,27600.42857
2023-12-15 22:00:00+00:00,24771.9
2023-12-15 23:00:00+00:00,23008.83333
2023-12-16 00:00:00+00:00,21161.35714
2023-12-16 01:00:00+00:00,19445.4
2023-12-16 02:00:00+00:00,19729.58333
2023-12-16 03:00:00+00:00,20723.28571
2023-12-16 04:00:00+00:00,21382.4
2023-12-16 05:00:00+00:00,22361.58333
2023-12-16 06:00:00+00:00,24197.28571
2023-12-16 07:00:00+00:00,25976.7
2023-12-16 08:00:00+00:00,25531.33333
2023-12-16 09:00:00+00:00,25042.28571
2023-12-16 10:00:00+00:00,24108.5
2023-12-16 11:00:00+00:00,22932.58333
2023-12-16 12:00:00+00:00,23485.07143
2023-12-16 13:00:00+00:00,23786.7
2023-12-16 14:00:00+00:00,23088.58333
2023-12-16 15:00:00+00:00,24793.14286
2023-12-16 16:00:00+00:00,29147
2023-12-16 17:00:00+00:00,32675.91667
2023-12-16 18:00:00+00:00,33391.35714
2023-12-16 19:00:00+00:00,34015.8
2023-12-16 20:00:00+00:00,34143.33333
2023-12-16 21:00:00+00:00,31534
2023-12-16 22:00:00+00:00,28982.2
2023-12-16 23:00:00+00:00,26661.41667
2023-12-17 00:00:00+00:00,23984.07143
2023-12-17 01:00:00+00:00,23536
2023-12-17 02:00:00+00:00,22404.41667
2023-12-17 03:00:00+00:00,21759
2023-12-17 04:00:00+00:00,21898.3
2023-12-17 05:00:00+00:00,22382.66667
2023-12-17 06:00:00+00:00,23890.07143
2023-12-17 07:00:00+00:00,24761.2
2023-12-17 08:00:00+00:00,24277.66667
2023-12-17 09:00:00+00:00,24367.57143
2023-12-17 10:00:00+00:00,22820.5
2023-12-17 11:00:00+00:00,23719.83333
2023-12-17 12:00:00+00:00,25158.28571
2023-12-17 13:00:00+00:00,23669.6
2023-12-17 14:00:00+00:00,21602.83333
2023-12-17 15:00:00+00:00,23670.64286
2023-12-17 16:00:00+00:00,27385.5
2023-12-17 17:00:00+00:00,31547.5
2023-12-17 18:00:00+00:00,33377.85714
2023-12-17 19:00:00+00:00,35153.3
2023-12-17 20:00:00+00:00,35107.66667
2023-12-17 21:00:00+00:00,32048.57143
2023-12-17 22:00:00+00:00,28508.4
2023-12-17 23:00:00+00:00,25828.25
2023-12-18 00:00:00+00:00,23837.5
2023-12-18 01:00:00+00:00,22509
2023-12-18 02:00:00+00:00,22356.75
2023-12-18 03:00:00+00:00,22593.07143
2023-12-18 04:00:00+00:00,23900.7
2023-12-18 05:00:00+00:00,27091
2023-12-18 06:00:00+00:00,34112.14286
2023-12-18 07:00:00+00:00,38241.4
2023-12-18 08:00:00+00:00,35950.58333
2023-12-18 09:00:00+00:00,32046.78571
2023-12-18 10:00:00+00:00,29381.5
2023-12-18 11:00:00+00:00,29366.41667
2023-12-18 12:00:00+00:00,29468.14286
2023-12-18 13:00:00+00:00,28427.5
2023-12-18 14:00:00+00:00,27984
2023-12-18 15:00:00+00:00,30672.21429
2023-12-18 16:00:00+00:00,35640.5
2023-12-18 17:00:00+00:00,38166.75
2023-12-18 18:00:00+00:00,39187.5
2023-12-18 19:00:00+00:00,39936.1
2023-12-18 20:00:00+00:00,39084.75
2023-12-18 21:00:00+00:00,33967
2023-12-18 22:00:00+00:00,30035.3
2023-12-18 23:00:00+00:00,27807.5
2023-12-19 00:00:00+00:00,24968.07143
2023-12-19 01:00:00+00:00,24195.5
2023-12-19 02:00:00+00:00,23714.91667
2023-12-19 03:00:00+00:00,23683.35714
2023-12-19 04:00:00+00:00,24476.9
2023-12-19 05:00:00+00:00,27112.75
2023-12-19 06:00:00+00:00,34317.71429
2023-12-19 07:00:00+00:00,38213.2
2023-12-19 08:00:00+00:00,35634.41667
2023-12-19 09:00:00+00:00,31500.21429
2023-12-19 10:00:00+00:00,28880.8
2023-12-19 11:00:00+00:00,28373
2023-12-19 12:00:00+00:00,27151.35714
2023-12-19 13:00:00+00:00,26421.9
2023-12-19 14:00:00+00:00,27004.58333
2023-12-19 15:00:00+00:00,29820.07143
2023-12-19 16:00:00+00:00,33928.5
2023-12-19 17:00:00+00:00,35068.58333
2023-12-19 18:00:00+00:00,35727.85714
2023-12-19 19:00:00+00:00,36709
2023-12-19 20:00:00+00:00,36397.41667
2023-12-19 21:00:00+00:00,32112.14286
2023-12-19 22:00:00+00:00,27244.1
2023-12-19 23:00:00+00:00,25934.25
2023-12-20 00:00:00+00:00,22998.64286
2023-12-20 01:00:00+00:00,21569.7
2023-12-20 02:00:00+00:00,21279.91667
2023-12-20 03:00:00+00:00,21469
2023-12-20 04:00:00+00:00,21012.5
2023-12-20 05:00:00+00:00,23378.75
2023-12-20 06:00:00+00:00,29116.92857
2023-12-20 07:00:00+00:00,32510.1
2023-12-20 08:00:00+00:00,31324.41667
2023-12-20 09:00:00+00:00,30040.07143
2023-12-20 10:00:00+00:00,27923.7
2023-12-20 11:00:00+00:00,27803.5
2023-12-20 12:00:00+00:00,27806.42857
2023-12-20 13:00:00+00:00,27656.1
2023-12-20 14:00:00+00:00,26904.08333
2023-12-20 15:00:00+00:00,28796.5
2023-12-20 16:00:00+00:00,30990
2023-12-20 17:00:00+00:00,33123.41667
2023-12-20 18:00:00+00:00,35245.21429
2023-12-20 19:00:00+00:00,37595.8
2023-12-20 20:00:00+00:00,37085.5
2023-12-20 21:00:00+00:00,32209.28571
2023-12-20 22:00:00+00:00,28114.8
2023-12-20 23:00:00+00:00,25607.58333
2023-12-21 00:00:00+00:00,23354.64286
2023-12-21 01:00:00+00:00,21905.6
2023-12-21 02:00:00+00:00,21346.66667
2023-12-21 03:00:00+00:00,21023.35714
2023-12-21 04:00:00+00:00,22277.2
2023-12-21 05:00:00+00:00,25797.08333
2023-12-21 06:00:00+00:00,30470.21429
2023-12-21 07:00:00+00:00,34919.1
2023-12-21 08:00:00+00:00,32985.58333
2023-12-21 09:00:00+00:00,30501.21429
2023-12-21 10:00:00+00:00,29206.7
2023-12-21 11:00:00+00:00,29017
2023-12-21 12:00:00+00:00,28694.42857
2023-12-21 13:00:00+00:00,28062.1
2023-12-21 14:00:00+00:00,28396.75
2023-12-21 15:00:00+00:00,29715.85714
2023-12-21 16:00:00+00:00,32537.1
2023-12-21 17:00:00+00:00,35016.41667
2023-12-21 18:00:00+00:00,35133.85714
2023-12-21 19:00:00+00:00,36229.8
2023-12-21 20:00:00+00:00,35519.41667
2023-12-21 21:00:00+00:00,31871.07143
2023-12-21 22:00:00+00:00,27512
2023-12-21 23:00:00+00:00,24857.16667
2023-12-22 00:00:00+00:00,22891.07143
2023-12-22 01:00:00+00:00,21542.6
2023-12-22 02:00:00+00:00,21583.5
2023-12-22 03:00:00+00:00,21396.85714
2023-12-22 04:00:00+00:00,22199.6
2023-12-22 05:00:00+00:00,24843.66667
2023-12-22 06:00:00+00:00,31124
2023-12-22 07:00:00+00:00,35094.6
2023-12-22 08:00:00+00:00,32817.08333
2023-12-22 09:00:00+00:00,29957.35714
2023-12-22 10:00:00+00:00,27883
2023-12-22 11:00:00+00:00,27228.91667
2023-12-22 12:00:00+00:00,26378.21429
2023-12-22 13:00:00+00:00,25958.8
2023-12-22 14:00:00+00:00,25560.16667
2023-12-22 15:00:00+00:00,26596.92857
2023-12-22 16:00:00+00:00,29390.3
2023-12-22 17:00:00+00:00,32173.16667
2023-12-22 18:00:00+00:00,32192.21429
2023-12-22 19:00:00+00:00,32806.2
2023-12-22 20:00:00+00:00,31974.25
2023-12-22 21:00:00+00:00,29131.35714
2023-12-22 22:00:00+00:00,25819.3
2023-12-22 23:00:00+00:00,23963
2023-12-23 00:00:00+00:00,21972.21429
2023-12-23 01:00:00+00:00,20488.3
2023-12-23 02:00:00+00:00,19453.58333
2023-12-23 03:00:00+00:00,19015.14286
2023-12-23 04:00:00+00:00,19193.9
2023-12-23 05:00:00+00:00,20382.66667
2023-12-23 06:00:00+00:00,22695.35714
2023-12-23 07:00:00+00:00,24753
2023-12-23 08:00:00+00:00,25567.91667
2023-12-23 09:00:00+00:00,24338.5
2023-12-23 10:00:00+00:00,23233.7
2023-12-23 11:00:00+00:00,22869.08333
2023-12-23 12:00:00+00:00,23123.35714
2023-12-23 13:00:00+00:00,22948.7
2023-12-23 14:00:00+00:00,22768.58333
2023-12-23 15:00:00+00:00,24237.5
2023-12-23 16:00:00+00:00,26723.2
2023-12-23 17:00:00+00:00,29321.66667
2023-12-23 18:00:00+00:00,29971
2023-12-23 19:00:00+00:00,30715.7
2023-12-23 20:00:00+00:00,30730.91667
2023-12-23 21:00:00+00:00,28419.14286
2023-12-23 22:00:00+00:00,25994.7
2023-12-23 23:00:00+00:00,23590.75
2023-12-24 00:00:00+00:00,20999.42857
2023-12-24 01:00:00+00:00,19350.4
2023-12-24 02:00:00+00:00,18489.16667
2023-12-24 03:00:00+00:00,18253.71429
2023-12-24 04:00:00+00:00,18359.3
2023-12-24 05:00:00+00:00,19373.66667
2023-12-24 06:00:00+00:00,20764.42857
2023-12-24 07:00:00+00:00,22797.1
2023-12-24 08:00:00+00:00,23595.83333
2023-12-24 09:00:00+00:00,23604.28571
2023-12-24 10:00:00+00:00,23760.7
2023-12-24 11:00:00+00:00,22957.58333
2023-12-24 12:00:00+00:00,23012.14286
2023-12-24 13:00:00+00:00,22661.4
2023-12-24 14:00:00+00:00,21863.41667
2023-12-24 15:00:00+00:00,22601.5
2023-12-24 16:00:00+00:00,25927.5
2023-12-24 17:00:00+00:00,29990.75
2023-12-24 18:00:00+00:00,30409.42857
2023-12-24 19:00:00+00:00,29678.4
2023-12-24 20:00:00+00:00,27968.75
2023-12-24 21:00:00+00:00,24587.57143
2023-12-24 22:00:00+00:00,22983.4
2023-12-24 23:00:00+00:00,22748.75
2023-12-25 00:00:00+00:00,20921.42857
2023-12-25 01:00:00+00:00,19615.5
2023-12-25 02:00:00+00:00,17949.75
2023-12-25 03:00:00+00:00,17426.85714
2023-12-25 04:00:00+00:00,17436.9
2023-12-25 05:00:00+00:00,18120.16667
2023-12-25 06:00:00+00:00,18930.5
2023-12-25 07:00:00+00:00,19520.4
2023-12-25 08:00:00+00:00,19261.08333
2023-12-25 09:00:00+00:00,19996.57143
2023-12-25 10:00:00+00:00,20284.5
2023-12-25 11:00:00+00:00,19734.25
2023-12-25 12:00:00+00:00,19340.71429
2023-12-25 13:00:00+00:00,18577.4
2023-12-25 14:00:00+00:00,17482.83333
2023-12-25 15:00:00+00:00,19006.57143
2023-12-25 16:00:00+00:00,22920.6
2023-12-25 17:00:00+00:00,26022.91667
2023-12-25 18:00:00+00:00,27407.78571
2023-12-25 19:00:00+00:00,28668.1
2023-12-25 20:00:00+00:00,28946.33333
2023-12-25 21:00:00+00:00,27634.92857
2023-12-25 22:00:00+00:00,24892
2023-12-25 23:00:00+00:00,21613.5
2023-12-26 00:00:00+00:00,19453.35714
2023-12-26 01:00:00+00:00,18406.3
2023-12-26 02:00:00+00:00,18510.41667
2023-12-26 03:00:00+00:00,18710.57143
2023-12-26 04:00:00+00:00,19105.4
2023-12-26 05:00:00+00:00,21469.5
2023-12-26 06:00:00+00:00,25527.14286
2023-12-26 07:00:00+00:00,28535.2
2023-12-26 08:00:00+00:00,29617.91667
2023-12-26 09:00:00+00:00,29019.28571
2023-12-26 10:00:00+00:00,27215.2
2023-12-26 11:00:00+00:00,26040.91667
2023-12-26 12:00:00+00:00,26595.21429
2023-12-26 13:00:00+00:00,26621.8
2023-12-26 14:00:00+00:00,25941.16667
2023-12-26 15:00:00+00:00,26898.21429
2023-12-26 16:00:00+00:00,30369.4
2023-12-26 17:00:00+00:00,33228.08333
2023-12-26 18:00:00+00:00,33847.14286
2023-12-26 19:00:00+00:00,34370.6
2023-12-26 20:00:00+00:00,34212.25
2023-12-26 21:00:00+00:00,30722.92857
2023-12-26 22:00:00+00:00,26301.2
2023-12-26 23:00:00+00:00,24824.66667
2023-12-27 00:00:00+00:00,22605.57143
2023-12-27 01:00:00+00:00,21077.5
2023-12-27 02:00:00+00:00,20302.75
2023-12-27 03:00:00+00:00,20121.5
2023-12-27 04:00:00+00:00,20926.3
2023-12-27 05:00:00+00:00,24131.41667
2023-12-27 06:00:00+00:00,28261.71429
2023-12-27 07:00:00+00:00,31495.3
2023-12-27 08:00:00+00:00,32295.58333
2023-12-27 09:00:00+00:00,30719.14286
2023-12-27 10:00:00+00:00,28855.5
2023-12-27 11:00:00+00:00,27757.08333
2023-12-27 12:00:00+00:00,27810.07143
2023-12-27 13:00:00+00:00,27411.5
2023-12-27 14:00:00+00:00,27244.41667
2023-12-27 15:00:00+00:00,28671.78571
2023-12-27 16:00:00+00:00,32196
2023-12-27 17:00:00+00:00,35283.41667
2023-12-27 18:00:00+00:00,35909.14286
2023-12-27 19:00:00+00:00,36611.6
2023-12-27 20:00:00+00:00,35883.41667
2023-12-27 21:00:00+00:00,32308.5
2023-12-27 22:00:00+00:00,27459.2
2023-12-27 23:00:00+00:00,26296.83333
2023-12-28 00:00:00+00:00,24003.07143
2023-12-28 01:00:00+00:00,22541.2
2023-12-28 02:00:00+00:00,21752.41667
2023-12-28 03:00:00+00:00,21664.5
2023-12-28 04:00:00+00:00,22525.5
2023-12-28 05:00:00+00:00,25147.41667
2023-12-28 06:00:00+00:00,30042.92857
2023-12-28 07:00:00+00:00,32737.1
2023-12-28 08:00:00+00:00,33822.5
2023-12-28 09:00:00+00:00,34056.57143
2023-12-28 10:00:00+00:00,32224.1
2023-12-28 11:00:00+00:00,31076.16667
2023-12-28 12:00:00+00:00,30727.92857
2023-12-28 13:00:00+00:00,30736.6
2023-12-28 14:00:00+00:00,30331.58333
2023-12-28 15:00:00+00:00,32307.21429
2023-12-28 16:00:00+00:00,34392
2023-12-28 17:00:00+00:00,35842
2023-12-28 18:00:00+00:00,36285.14286
2023-12-28 19:00:00+00:00,36664.4
2023-12-28 20:00:00+00:00,36048.75
2023-12-28 21:00:00+00:00,32998.64286
2023-12-28 22:00:00+00:00,29674.1
2023-12-28 23:00:00+00:00,26373.58333
2023-12-29 00:00:00+00:00,24249.28571
2023-12-29 01:00:00+00:00,22170.3
2023-12-29 02:00:00+00:00,21421.66667
2023-12-29 03:00:00+00:00,21217.57143
2023-12-29 04:00:00+00:00,21700.7
2023-12-29 05:00:00+00:00,24070.83333
2023-12-29 06:00:00+00:00,28623.14286
2023-12-29 07:00:00+00:00,31462.8
2023-12-29 08:00:00+00:00,33739.08333
2023-12-29 09:00:00+00:00,33615.57143
2023-12-29 10:00:00+00:00,32224.9
2023-12-29 11:00:00+00:00,31771.5
2023-12-29 12:00:00+00:00,31876.92857
2023-12-29 13:00:00+00:00,31319.2
2023-12-29 14:00:00+00:00,31082.66667
2023-12-29 15:00:00+00:00,31093
2023-12-29 16:00:00+00:00,32147.6
2023-12-29 17:00:00+00:00,34389.5
2023-12-29 18:00:00+00:00,34105.35714
2023-12-29 19:00:00+00:00,33831.9
2023-12-29 20:00:00+00:00,33150.33333
2023-12-29 21:00:00+00:00,30085.64286
2023-12-29 22:00:00+00:00,27748.3
2023-12-29 23:00:00+00:00,25496.16667
2023-12-30 00:00:00+00:00,22380.78571
2023-12-30 01:00:00+00:00,20443.9
2023-12-30 02:00:00+00:00,19909.75
2023-12-30 03:00:00+00:00,19864.5
2023-12-30 04:00:00+00:00,19886.9
2023-12-30 05:00:00+00:00,21402.08333
2023-12-30 06:00:00+00:00,23611.64286
2023-12-30 07:00:00+00:00,25632.4
2023-12-30 08:00:00+00:00,26801.41667
2023-12-30 09:00:00+00:00,26185.14286
2023-12-30 10:00:00+00:00,25266.5
2023-12-30 11:00:00+00:00,24268
2023-12-30 12:00:00+00:00,24677.5
2023-12-30 13:00:00+00:00,24363
2023-12-30 14:00:00+00:00,23510
2023-12-30 15:00:00+00:00,25199.42857
2023-12-30 16:00:00+00:00,27214.2
2023-12-30 17:00:00+00:00,30811
2023-12-30 18:00:00+00:00,31913.07143
2023-12-30 19:00:00+00:00,32290.1
2023-12-30 20:00:00+00:00,31348.5
2023-12-30 21:00:00+00:00,28613.78571
2023-12-30 22:00:00+00:00,25981.1
2023-12-30 23:00:00+00:00,23633.83333
2023-12-31 00:00:00+00:00,20095.92857
2023-12-31 01:00:00+00:00,19504.1
2023-12-31 02:00:00+00:00,18531.91667
2023-12-31 03:00:00+00:00,18418.28571
2023-12-31 04:00:00+00:00,18265
2023-12-31 05:00:00+00:00,18492.25
2023-12-31 06:00:00+00:00,19625
2023-12-31 07:00:00+00:00,20360.9
2023-12-31 08:00:00+00:00,21950.5
2023-12-31 09:00:00+00:00,24305
2023-12-31 10:00:00+00:00,24585.6
2023-12-31 11:00:00+00:00,24035.75
2023-12-31 12:00:00+00:00,23802.57143
2023-12-31 13:00:00+00:00,23882.2
2023-12-31 14:00:00+00:00,23590.91667
2023-12-31 15:00:00+00:00,23997.78571
2023-12-31 16:00:00+00:00,25377.7
2023-12-31 17:00:00+00:00,29181.5
2023-12-31 18:00:00+00:00,29943.92857
2023-12-31 19:00:00+00:00,29227.1
2023-12-31 20:00:00+00:00,27898.91667
2023-12-31 21:00:00+00:00,24263.71429
2023-12-31 22:00:00+00:00,22604.2
2023-12-31 23:00:00+00:00,22138.66667
