 ,WTON,WTOF,PHOT,HROR
2021-01-01 00:00:00+00:00,0.26049493,0,0,0.741218376
2021-01-01 01:00:00+00:00,0.269858089,0,0,0.725356305
2021-01-01 02:00:00+00:00,0.294071657,0,0,0.705686114
2021-01-01 03:00:00+00:00,0.32545224,0,0,0.661949025
2021-01-01 04:00:00+00:00,0.343220469,0,0,0.652558998
2021-01-01 05:00:00+00:00,0.351749966,0,0,0.651913904
2021-01-01 06:00:00+00:00,0.370432736,0,0,0.651755159
2021-01-01 07:00:00+00:00,0.388748446,0,0.001518934,0.653620632
2021-01-01 08:00:00+00:00,0.40199374,0,0.076913298,0.659158126
2021-01-01 09:00:00+00:00,0.395162677,0,0.284930551,0.674044642
2021-01-01 10:00:00+00:00,0.394297907,0,0.394339832,0.716589385
2021-01-01 11:00:00+00:00,0.418443039,0,0.42054528,0.721717924
2021-01-01 12:00:00+00:00,0.440441798,0,0.437637124,0.717110253
2021-01-01 13:00:00+00:00,0.442339316,0,0.394523945,0.708544073
2021-01-01 14:00:00+00:00,0.437928365,0,0.326831651,0.674182279
2021-01-01 15:00:00+00:00,0.415674529,0,0.199624759,0.674522636
2021-01-01 16:00:00+00:00,0.38994917,0,0.043818946,0.723357702
2021-01-01 17:00:00+00:00,0.372666208,0,0,0.758654595
2021-01-01 18:00:00+00:00,0.37772418,0,0,0.77486043
2021-01-01 19:00:00+00:00,0.375291625,0,0,0.774154763
2021-01-01 20:00:00+00:00,0.387106004,0,0,0.766465527
2021-01-01 21:00:00+00:00,0.383796236,0,0,0.752114171
2021-01-01 22:00:00+00:00,0.382072917,0,0,0.738851823
2021-01-01 23:00:00+00:00,0.380162957,0,0,0.721250484
2021-01-02 00:00:00+00:00,0.37881292,0,0,0.710225186
2021-01-02 01:00:00+00:00,0.387516615,0,0,0.703995546
2021-01-02 02:00:00+00:00,0.392667908,0,0,0.685901921
2021-01-02 03:00:00+00:00,0.389563445,0,0,0.680223602
2021-01-02 04:00:00+00:00,0.397277942,0,0,0.678338121
2021-01-02 05:00:00+00:00,0.410871633,0,0,0.683713242
2021-01-02 06:00:00+00:00,0.415363461,0,0,0.691362901
2021-01-02 07:00:00+00:00,0.418828763,0,0.002807727,0.70550945
2021-01-02 08:00:00+00:00,0.433480087,0,0.100786645,0.719276506
2021-01-02 09:00:00+00:00,0.439906761,0,0.301730882,0.723880659
2021-01-02 10:00:00+00:00,0.440062295,0,0.418090437,0.72382855
2021-01-02 11:00:00+00:00,0.4506324,0,0.462216239,0.718654718
2021-01-02 12:00:00+00:00,0.452063315,0,0.469995023,0.719745815
2021-01-02 13:00:00+00:00,0.460711018,0,0.447180326,0.722551335
2021-01-02 14:00:00+00:00,0.459186782,0,0.394846143,0.724907004
2021-01-02 15:00:00+00:00,0.453606215,0,0.265767433,0.737211935
2021-01-02 16:00:00+00:00,0.440553783,0,0.074847115,0.751897161
2021-01-02 17:00:00+00:00,0.434096002,0,0.004984186,0.762535161
2021-01-02 18:00:00+00:00,0.435259398,0,0,0.764248375
2021-01-02 19:00:00+00:00,0.42640639,0,0,0.761797833
2021-01-02 20:00:00+00:00,0.421846127,0,0,0.743085938
2021-01-02 21:00:00+00:00,0.418965633,0,0,0.731088492
2021-01-02 22:00:00+00:00,0.414299607,0,0,0.714185015
2021-01-02 23:00:00+00:00,0.406914842,0,0,0.701757726
2021-01-03 00:00:00+00:00,0.406398469,0,0,0.691762402
2021-01-03 01:00:00+00:00,0.397421034,0,0,0.67112468
2021-01-03 02:00:00+00:00,0.388288064,0,0,0.640563641
2021-01-03 03:00:00+00:00,0.384418373,0,0,0.614978223
2021-01-03 04:00:00+00:00,0.381214368,0,0,0.613114069
2021-01-03 05:00:00+00:00,0.373786054,0,0,0.620865747
2021-01-03 06:00:00+00:00,0.363987398,0,0,0.662696797
2021-01-03 07:00:00+00:00,0.354381605,0,0.00316061,0.673390973
2021-01-03 08:00:00+00:00,0.331480747,0,0.118630285,0.691492953
2021-01-03 09:00:00+00:00,0.311846107,0,0.347636445,0.70535961
2021-01-03 10:00:00+00:00,0.312822862,0,0.452765094,0.717123665
2021-01-03 11:00:00+00:00,0.336513834,0,0.476653784,0.710721758
2021-01-03 12:00:00+00:00,0.362637361,0,0.488774571,0.705011448
2021-01-03 13:00:00+00:00,0.379547041,0,0.481854982,0.701624156
2021-01-03 14:00:00+00:00,0.381463223,0,0.442915036,0.705633126
2021-01-03 15:00:00+00:00,0.364895718,0,0.308619785,0.716861032
2021-01-03 16:00:00+00:00,0.331219449,0,0.087210883,0.731994899
2021-01-03 17:00:00+00:00,0.320649344,0,0.006743898,0.73742213
2021-01-03 18:00:00+00:00,0.307883095,0,0.000886273,0.746114075
2021-01-03 19:00:00+00:00,0.300821842,0,0,0.749505983
2021-01-03 20:00:00+00:00,0.310290765,0,0,0.733575093
2021-01-03 21:00:00+00:00,0.294637801,0,0,0.721304791
2021-01-03 22:00:00+00:00,0.255884895,0,0,0.71111961
2021-01-03 23:00:00+00:00,0.233481747,0,0,0.699060931
2021-01-04 00:00:00+00:00,0.229220109,0,0,0.687228277
2021-01-04 01:00:00+00:00,0.233276441,0,0,0.684148032
2021-01-04 02:00:00+00:00,0.226918203,0,0,0.683801079
2021-01-04 03:00:00+00:00,0.221959772,0,0,0.680834726
2021-01-04 04:00:00+00:00,0.219527217,0,0,0.680203484
2021-01-04 05:00:00+00:00,0.216161456,0,0,0.683592864
2021-01-04 06:00:00+00:00,0.21445058,0,0,0.689921554
2021-01-04 07:00:00+00:00,0.208969554,0,0.002853755,0.697772723
2021-01-04 08:00:00+00:00,0.196912541,0,0.096183815,0.70736338
2021-01-04 09:00:00+00:00,0.180898738,0,0.268160905,0.705043989
2021-01-04 10:00:00+00:00,0.189204265,0,0.346547108,0.702392157
2021-01-04 11:00:00+00:00,0.211246575,0,0.364298691,0.701127804
2021-01-04 12:00:00+00:00,0.222625458,0,0.368748094,0.706856803
2021-01-04 13:00:00+00:00,0.226750226,0,0.347866587,0.709694644
2021-01-04 14:00:00+00:00,0.227546561,0,0.279652638,0.714477879
2021-01-04 15:00:00+00:00,0.209218409,0,0.178559138,0.723194669
2021-01-04 16:00:00+00:00,0.172810959,0,0.054097239,0.737893967
2021-01-04 17:00:00+00:00,0.15977097,0,0.008457378,0.749770265
2021-01-04 18:00:00+00:00,0.180936066,0,0,0.756998986
2021-01-04 19:00:00+00:00,0.189994379,0,0,0.756707221
2021-01-04 20:00:00+00:00,0.193640101,0,0,0.748131586
2021-01-04 21:00:00+00:00,0.19022457,0,0,0.739762188
2021-01-04 22:00:00+00:00,0.179797556,0,0,0.726176194
2021-01-04 23:00:00+00:00,0.166266079,0,0,0.706352425
2021-01-05 00:00:00+00:00,0.154252616,0,0,0.694029354
2021-01-05 01:00:00+00:00,0.155440897,0,0,0.69171535
2021-01-05 02:00:00+00:00,0.159024406,0,0,0.690509592
2021-01-05 03:00:00+00:00,0.151533878,0,0,0.687438801
2021-01-05 04:00:00+00:00,0.140030567,0,0,0.68698917
2021-01-05 05:00:00+00:00,0.136552822,0,0,0.686030434
2021-01-05 06:00:00+00:00,0.129864851,0,0,0.688934236
2021-01-05 07:00:00+00:00,0.119885775,0,0.002592928,0.69592451
2021-01-05 08:00:00+00:00,0.108911281,0,0.070960304,0.711855729
2021-01-05 09:00:00+00:00,0.088169237,0,0.250240552,0.717319568
2021-01-05 10:00:00+00:00,0.079627298,0,0.356734707,0.714458311
2021-01-05 11:00:00+00:00,0.077530697,0,0.4122295,0.706624182
2021-01-05 12:00:00+00:00,0.087161376,0,0.433878146,0.70846536
2021-01-05 13:00:00+00:00,0.091628318,0,0.419011003,0.715139133
2021-01-05 14:00:00+00:00,0.089730801,0,0.364851031,0.719417331
2021-01-05 15:00:00+00:00,0.088530077,0,0.252680052,0.71754955
2021-01-05 16:00:00+00:00,0.084504851,0,0.085719366,0.722393799
2021-01-05 17:00:00+00:00,0.084137791,0,0.035024109,0.743859105
2021-01-05 18:00:00+00:00,0.093519615,0,0.011593249,0.753523637
2021-01-05 19:00:00+00:00,0.102055332,0,0,0.753675786
2021-01-05 20:00:00+00:00,0.112370362,0,0,0.746406719
2021-01-05 21:00:00+00:00,0.115095321,0,0,0.730037082
2021-01-05 22:00:00+00:00,0.115412611,0,0,0.70938265
2021-01-05 23:00:00+00:00,0.114890016,0,0,0.70066597
2021-01-06 00:00:00+00:00,0.115350397,0,0,0.694168421
2021-01-06 01:00:00+00:00,0.116507572,0,0,0.691412701
2021-01-06 02:00:00+00:00,0.109029487,0,0,0.689213029
2021-01-06 03:00:00+00:00,0.102839225,0,0,0.688001774
2021-01-06 04:00:00+00:00,0.098440717,0,0,0.688344109
2021-01-06 05:00:00+00:00,0.090844426,0,0,0.687946697
2021-01-06 06:00:00+00:00,0.083876493,0,0,0.685917422
2021-01-06 07:00:00+00:00,0.083478325,0,0.00371295,0.69263473
2021-01-06 08:00:00+00:00,0.081064434,0,0.078294147,0.703503811
2021-01-06 09:00:00+00:00,0.075465203,0,0.226075691,0.709153108
2021-01-06 10:00:00+00:00,0.079067375,0,0.33436495,0.709801719
2021-01-06 11:00:00+00:00,0.084766149,0,0.377017846,0.706442021
2021-01-06 12:00:00+00:00,0.093351638,0,0.385057457,0.699206044
2021-01-06 13:00:00+00:00,0.100562204,0,0.378894819,0.695153431
2021-01-06 14:00:00+00:00,0.102596592,0,0.281002802,0.697562309
2021-01-06 15:00:00+00:00,0.10440701,0,0.150773384,0.708478002
2021-01-06 16:00:00+00:00,0.105352658,0,0.029734285,0.721898985
2021-01-06 17:00:00+00:00,0.120663446,0,0,0.736054988
2021-01-06 18:00:00+00:00,0.123120887,0,0,0.743537987
2021-01-06 19:00:00+00:00,0.141399268,0,0,0.738125159
2021-01-06 20:00:00+00:00,0.153450059,0,0,0.715921205
2021-01-06 21:00:00+00:00,0.16454276,0,0,0.701849961
2021-01-06 22:00:00+00:00,0.164399668,0,0,0.690992533
2021-01-06 23:00:00+00:00,0.16304341,0,0,0.680008461
2021-01-07 00:00:00+00:00,0.165077798,0,0,0.669517553
2021-01-07 01:00:00+00:00,0.163702875,0,0,0.642642057
2021-01-07 02:00:00+00:00,0.157276201,0,0,0.631871586
2021-01-07 03:00:00+00:00,0.151502771,0,0,0.625676576
2021-01-07 04:00:00+00:00,0.147850828,0,0,0.629185235
2021-01-07 05:00:00+00:00,0.150917962,0,0,0.653235313
2021-01-07 06:00:00+00:00,0.156473645,0,0,0.66182414
2021-01-07 07:00:00+00:00,0.160486427,0,0.001610991,0.676460005
2021-01-07 08:00:00+00:00,0.164026386,0,0.016938416,0.700301868
2021-01-07 09:00:00+00:00,0.152292885,0,0.053638318,0.716682279
2021-01-07 10:00:00+00:00,0.130934926,0,0.09549339,0.720114864
2021-01-07 11:00:00+00:00,0.118504631,0,0.129968591,0.712568762
2021-01-07 12:00:00+00:00,0.106783573,0,0.142764459,0.697112348
2021-01-07 13:00:00+00:00,0.102241973,0,0.137762717,0.699350828
2021-01-07 14:00:00+00:00,0.101159455,0,0.1159453,0.699617968
2021-01-07 15:00:00+00:00,0.104991818,0,0.08473811,0.697680488
2021-01-07 16:00:00+00:00,0.11658845,0,0.02144919,0.706863509
2021-01-07 17:00:00+00:00,0.144827242,0,0,0.720473139
2021-01-07 18:00:00+00:00,0.179237633,0,0,0.724183417
2021-01-07 19:00:00+00:00,0.203426314,0,0,0.71606269
2021-01-07 20:00:00+00:00,0.223129389,0,0,0.703946846
2021-01-07 21:00:00+00:00,0.241382885,0,0,0.688741961
2021-01-07 22:00:00+00:00,0.23940449,0,0,0.676465832
2021-01-07 23:00:00+00:00,0.244201165,0,0,0.662741101
2021-01-08 00:00:00+00:00,0.269932746,0,0,0.63607437
2021-01-08 01:00:00+00:00,0.299079858,0,0,0.65938591
2021-01-08 02:00:00+00:00,0.320058314,0,0,0.662796178
2021-01-08 03:00:00+00:00,0.325439798,0,0,0.659293455
2021-01-08 04:00:00+00:00,0.330615976,0,0,0.64133439
2021-01-08 05:00:00+00:00,0.344309209,0,0,0.624058345
2021-01-08 06:00:00+00:00,0.366345297,0,0,0.655239523
2021-01-08 07:00:00+00:00,0.373418993,0,0.002240044,0.691424354
2021-01-08 08:00:00+00:00,0.375409831,0,0.019393259,0.706402885
2021-01-08 09:00:00+00:00,0.36649461,0,0.060066938,0.734609024
2021-01-08 10:00:00+00:00,0.356944809,0,0.087162267,0.731907172
2021-01-08 11:00:00+00:00,0.343799057,0,0.104729737,0.725352237
2021-01-08 12:00:00+00:00,0.348483747,0,0.108166517,0.714237563
2021-01-08 13:00:00+00:00,0.35204237,0,0.087944748,0.703632764
2021-01-08 14:00:00+00:00,0.358761448,0,0.057796208,0.701613933
2021-01-08 15:00:00+00:00,0.364603314,0,0.031851587,0.704313916
2021-01-08 16:00:00+00:00,0.375005442,0,0.00787084,0.71420854
2021-01-08 17:00:00+00:00,0.380411812,0,0,0.730315435
2021-01-08 18:00:00+00:00,0.38131391,0,0,0.734430491
2021-01-08 19:00:00+00:00,0.37599464,0,0,0.719194385
2021-01-08 20:00:00+00:00,0.376965173,0,0,0.709024375
2021-01-08 21:00:00+00:00,0.377375784,0,0,0.694346844
2021-01-08 22:00:00+00:00,0.369959912,0,0,0.678748285
2021-01-08 23:00:00+00:00,0.376865631,0,0,0.660077946
2021-01-09 00:00:00+00:00,0.373232352,0,0,0.646708412
2021-01-09 01:00:00+00:00,0.376206166,0,0,0.606668958
2021-01-09 02:00:00+00:00,0.379659026,0,0,0.593085163
2021-01-09 03:00:00+00:00,0.380691773,0,0,0.590091326
2021-01-09 04:00:00+00:00,0.389880735,0,0,0.588155275
2021-01-09 05:00:00+00:00,0.391672489,0,0,0.598026374
2021-01-09 06:00:00+00:00,0.394546761,0,0,0.62313127
2021-01-09 07:00:00+00:00,0.398030728,0,0.001963874,0.633278414
2021-01-09 08:00:00+00:00,0.395735043,0,0.020114369,0.665367428
2021-01-09 09:00:00+00:00,0.391019245,0,0.079567597,0.650161114
2021-01-09 10:00:00+00:00,0.404059234,0,0.147720174,0.64674403
2021-01-09 11:00:00+00:00,0.416869032,0,0.180185471,0.64696225
2021-01-09 12:00:00+00:00,0.420097923,0,0.19480713,0.660995896
2021-01-09 13:00:00+00:00,0.410498351,0,0.198044454,0.660171939
2021-01-09 14:00:00+00:00,0.403661066,0,0.175275785,0.635175438
2021-01-09 15:00:00+00:00,0.3957226,0,0.119320709,0.641337908
2021-01-09 16:00:00+00:00,0.381712078,0,0.04931425,0.670070961
2021-01-09 17:00:00+00:00,0.369879034,0,0.013234085,0.662501664
2021-01-09 18:00:00+00:00,0.359613776,0,0,0.671637193
2021-01-09 19:00:00+00:00,0.349808899,0,0,0.681970676
2021-01-09 20:00:00+00:00,0.338709977,0,0,0.693299611
2021-01-09 21:00:00+00:00,0.333278722,0,0,0.672720265
2021-01-09 22:00:00+00:00,0.33694933,0,0,0.645496607
2021-01-09 23:00:00+00:00,0.336196544,0,0,0.627391769
2021-01-10 00:00:00+00:00,0.342187722,0,0,0.574310166
2021-01-10 01:00:00+00:00,0.348956571,0,0,0.565909986
2021-01-10 02:00:00+00:00,0.364230032,0,0,0.559067134
2021-01-10 03:00:00+00:00,0.37985811,0,0,0.553236445
2021-01-10 04:00:00+00:00,0.390160696,0,0,0.551782456
2021-01-10 05:00:00+00:00,0.396668248,0,0,0.551937133
2021-01-10 06:00:00+00:00,0.405788775,0,0,0.550704332
2021-01-10 07:00:00+00:00,0.403387326,0,0.00227073,0.558746896
2021-01-10 08:00:00+00:00,0.396307409,0,0.03059348,0.58646031
2021-01-10 09:00:00+00:00,0.392363061,0,0.107690891,0.637571563
2021-01-10 10:00:00+00:00,0.391187222,0,0.196771004,0.608878745
2021-01-10 11:00:00+00:00,0.39008604,0,0.235373409,0.597910613
2021-01-10 12:00:00+00:00,0.394882715,0,0.279637296,0.594998787
2021-01-10 13:00:00+00:00,0.402136831,0,0.273638273,0.592519771
2021-01-10 14:00:00+00:00,0.406056293,0,0.264678097,0.592001762
2021-01-10 15:00:00+00:00,0.40867549,0,0.178942707,0.601386292
2021-01-10 16:00:00+00:00,0.412482967,0,0.064010052,0.62319789
2021-01-10 17:00:00+00:00,0.411979036,0,0.007068101,0.680028798
2021-01-10 18:00:00+00:00,0.417167658,0,0.002518511,0.712702332
2021-01-10 19:00:00+00:00,0.422200745,0,0,0.719157007
2021-01-10 20:00:00+00:00,0.427096962,0,0,0.707268726
2021-01-10 21:00:00+00:00,0.429573067,0,0,0.658371767
2021-01-10 22:00:00+00:00,0.424471545,0,0,0.629576051
2021-01-10 23:00:00+00:00,0.419326473,0,0,0.576963647
2021-01-11 00:00:00+00:00,0.403617517,0,0,0.566728336
2021-01-11 01:00:00+00:00,0.395828363,0,0,0.560429438
2021-01-11 02:00:00+00:00,0.394552983,0,0,0.549183502
2021-01-11 03:00:00+00:00,0.388711117,0,0,0.544632887
2021-01-11 04:00:00+00:00,0.385531998,0,0,0.543745059
2021-01-11 05:00:00+00:00,0.384275282,0,0,0.559781596
2021-01-11 06:00:00+00:00,0.376324372,0,0,0.606656096
2021-01-11 07:00:00+00:00,0.365380985,0,0.002930469,0.611823442
2021-01-11 08:00:00+00:00,0.356683511,0,0.093284032,0.620930828
2021-01-11 09:00:00+00:00,0.349416953,0,0.287937733,0.649996872
2021-01-11 10:00:00+00:00,0.341938867,0,0.400891194,0.63680895
2021-01-11 11:00:00+00:00,0.339189022,0,0.435059539,0.614033009
2021-01-11 12:00:00+00:00,0.331499411,0,0.463535717,0.609416653
2021-01-11 13:00:00+00:00,0.335058034,0,0.472741378,0.610798086
2021-01-11 14:00:00+00:00,0.338622878,0,0.421649959,0.61015585
2021-01-11 15:00:00+00:00,0.335599293,0,0.312486163,0.619735294
2021-01-11 16:00:00+00:00,0.33381376,0,0.115728218,0.684544784
2021-01-11 17:00:00+00:00,0.352701835,0,0.009197216,0.713627209
2021-01-11 18:00:00+00:00,0.366152434,0,0,0.722398526
2021-01-11 19:00:00+00:00,0.3682677,0,0,0.718575785
2021-01-11 20:00:00+00:00,0.352440538,0,0,0.702128424
2021-01-11 21:00:00+00:00,0.340153335,0,0,0.660015173
2021-01-11 22:00:00+00:00,0.32158877,0,0,0.655960581
2021-01-11 23:00:00+00:00,0.300037949,0,0,0.640504387
2021-01-12 00:00:00+00:00,0.277143312,0,0,0.611730218
2021-01-12 01:00:00+00:00,0.253072837,0,0,0.565591287
2021-01-12 02:00:00+00:00,0.240885175,0,0,0.551331616
2021-01-12 03:00:00+00:00,0.245202805,0,0,0.549981075
2021-01-12 04:00:00+00:00,0.252152074,0,0,0.553070555
2021-01-12 05:00:00+00:00,0.255020125,0,0,0.589177333
2021-01-12 06:00:00+00:00,0.260799777,0,0,0.629866497
2021-01-12 07:00:00+00:00,0.257844626,0,0.00543134,0.648406345
2021-01-12 08:00:00+00:00,0.256519475,0,0.128863911,0.650927465
2021-01-12 09:00:00+00:00,0.242888456,0,0.361306852,0.651340928
2021-01-12 10:00:00+00:00,0.233674609,0,0.475901988,0.64861522
2021-01-12 11:00:00+00:00,0.226576027,0,0.512187635,0.644943858
2021-01-12 12:00:00+00:00,0.225412631,0,0.521930293,0.638577351
2021-01-12 13:00:00+00:00,0.236971934,0,0.523986224,0.628338192
2021-01-12 14:00:00+00:00,0.244891737,0,0.49974465,0.593392429
2021-01-12 15:00:00+00:00,0.252357379,0,0.380331884,0.589791755
2021-01-12 16:00:00+00:00,0.270001181,0,0.135730124,0.64272022
2021-01-12 17:00:00+00:00,0.29894921,0,0.013479151,0.680639043
2021-01-12 18:00:00+00:00,0.310240994,0,0.005578567,0.695234123
2021-01-12 19:00:00+00:00,0.30672592,0,0,0.69662556
2021-01-12 20:00:00+00:00,0.308959392,0,0,0.691914331
2021-01-12 21:00:00+00:00,0.306290425,0,0,0.670665815
2021-01-12 22:00:00+00:00,0.298227531,0,0,0.647072514
2021-01-12 23:00:00+00:00,0.30172394,0,0,0.618519752
2021-01-13 00:00:00+00:00,0.297947569,0,0,0.599387139
2021-01-13 01:00:00+00:00,0.299384705,0,0,0.587351216
2021-01-13 02:00:00+00:00,0.30054188,0,0,0.561186884
2021-01-13 03:00:00+00:00,0.295104404,0,0,0.54937171
2021-01-13 04:00:00+00:00,0.294519595,0,0,0.54614899
2021-01-13 05:00:00+00:00,0.299577568,0,0,0.586516926
2021-01-13 06:00:00+00:00,0.309537979,0,0,0.621804695
2021-01-13 07:00:00+00:00,0.304703976,0,0.005676824,0.632283949
2021-01-13 08:00:00+00:00,0.294028107,0,0.131548896,0.632518329
2021-01-13 09:00:00+00:00,0.279793615,0,0.370420456,0.632542405
2021-01-13 10:00:00+00:00,0.255567606,0,0.48671864,0.63326742
2021-01-13 11:00:00+00:00,0.240343916,0,0.514550422,0.629868916
2021-01-13 12:00:00+00:00,0.239398268,0,0.520119847,0.620416776
2021-01-13 13:00:00+00:00,0.239311169,0,0.517634318,0.624003158
2021-01-13 14:00:00+00:00,0.233855029,0,0.486457813,0.628351604
2021-01-13 15:00:00+00:00,0.23372438,0,0.381421221,0.633011824
2021-01-13 16:00:00+00:00,0.245028607,0,0.138944797,0.655524033
2021-01-13 17:00:00+00:00,0.257309589,0,0.013319809,0.673566208
2021-01-13 18:00:00+00:00,0.26440817,0,0.011002493,0.682470106
2021-01-13 19:00:00+00:00,0.269802097,0,0.005095335,0.683453907
2021-01-13 20:00:00+00:00,0.271855149,0,0,0.677074208
2021-01-13 21:00:00+00:00,0.273628239,0,0,0.657729642
2021-01-13 22:00:00+00:00,0.278045411,0,0,0.644180585
2021-01-13 23:00:00+00:00,0.282580788,0,0,0.631215609
2021-01-14 00:00:00+00:00,0.293244214,0,0,0.624414862
2021-01-14 01:00:00+00:00,0.290475705,0,0,0.622826753
2021-01-14 02:00:00+00:00,0.304461342,0,0,0.621997299
2021-01-14 03:00:00+00:00,0.319479726,0,0,0.620357301
2021-01-14 04:00:00+00:00,0.326827163,0,0,0.619333375
2021-01-14 05:00:00+00:00,0.333956851,0,0,0.619536863
2021-01-14 06:00:00+00:00,0.343394668,0,0,0.625819271
2021-01-14 07:00:00+00:00,0.347444779,0,0.005584768,0.641257985
2021-01-14 08:00:00+00:00,0.338759748,0,0.121438011,0.652112006
2021-01-14 09:00:00+00:00,0.325613996,0,0.33663568,0.654821333
2021-01-14 10:00:00+00:00,0.310508513,0,0.44598359,0.653985834
2021-01-14 11:00:00+00:00,0.309233132,0,0.484355854,0.64712891
2021-01-14 12:00:00+00:00,0.313942708,0,0.494512766,0.644538201
2021-01-14 13:00:00+00:00,0.31286019,0,0.495080449,0.64235183
2021-01-14 14:00:00+00:00,0.332544601,0,0.464241484,0.636523341
2021-01-14 15:00:00+00:00,0.346032528,0,0.3381853,0.635914855
2021-01-14 16:00:00+00:00,0.359501791,0,0.126858053,0.650462004
2021-01-14 17:00:00+00:00,0.366376404,0,0.011814851,0.667085589
2021-01-14 18:00:00+00:00,0.359931066,0,0.005568326,0.676934042
2021-01-14 19:00:00+00:00,0.368298807,0,0,0.677586391
2021-01-14 20:00:00+00:00,0.364422894,0,0,0.678826998
2021-01-14 21:00:00+00:00,0.366718579,0,0,0.670860399
2021-01-14 22:00:00+00:00,0.359557784,0,0,0.656766838
2021-01-14 23:00:00+00:00,0.34895035,0,0,0.636379327
2021-01-15 00:00:00+00:00,0.341652684,0,0,0.62770717
2021-01-15 01:00:00+00:00,0.342691653,0,0,0.619752773
2021-01-15 02:00:00+00:00,0.334989599,0,0,0.616162653
2021-01-15 03:00:00+00:00,0.335170018,0,0,0.617809797
2021-01-15 04:00:00+00:00,0.339425434,0,0,0.618245796
2021-01-15 05:00:00+00:00,0.332221089,0,0,0.624921988
2021-01-15 06:00:00+00:00,0.338174939,0,0,0.637387973
2021-01-15 07:00:00+00:00,0.340595052,0,0.005999022,0.649929043
2021-01-15 08:00:00+00:00,0.343705736,0,0.116881209,0.65334008
2021-01-15 09:00:00+00:00,0.335095362,0,0.327752217,0.654267155
2021-01-15 10:00:00+00:00,0.321290145,0,0.436363674,0.649031101
2021-01-15 11:00:00+00:00,0.313233472,0,0.475994045,0.631987457
2021-01-15 12:00:00+00:00,0.321700755,0,0.492763691,0.625200011
2021-01-15 13:00:00+00:00,0.327847467,0,0.487915376,0.625016421
2021-01-15 14:00:00+00:00,0.332942768,0,0.45096999,0.632789317
2021-01-15 15:00:00+00:00,0.339618297,0,0.350367458,0.643229215
2021-01-15 16:00:00+00:00,0.341005662,0,0.13718584,0.664435076
2021-01-15 17:00:00+00:00,0.35740519,0,0.015304219,0.688429748
2021-01-15 18:00:00+00:00,0.36844812,0,0.010152961,0.699112271
2021-01-15 19:00:00+00:00,0.362749346,0,0,0.695469162
2021-01-15 20:00:00+00:00,0.361038469,0,0,0.690231459
2021-01-15 21:00:00+00:00,0.366301747,0,0,0.66501311
2021-01-15 22:00:00+00:00,0.367490029,0,0,0.635866814
2021-01-15 23:00:00+00:00,0.370028347,0,0,0.592394776
2021-01-16 00:00:00+00:00,0.371851208,0,0,0.586169314
2021-01-16 01:00:00+00:00,0.37463216,0,0,0.5751549
2021-01-16 02:00:00+00:00,0.373916703,0,0,0.540168571
2021-01-16 03:00:00+00:00,0.371565025,0,0,0.530315831
2021-01-16 04:00:00+00:00,0.369169798,0,0,0.539529963
2021-01-16 05:00:00+00:00,0.349168098,0,0,0.572012212
2021-01-16 06:00:00+00:00,0.333776432,0,0,0.568069423
2021-01-16 07:00:00+00:00,0.307310729,0,0.00642862,0.573722458
2021-01-16 08:00:00+00:00,0.282779872,0,0.135722129,0.598186218
2021-01-16 09:00:00+00:00,0.252979516,0,0.373335582,0.612909811
2021-01-16 10:00:00+00:00,0.222482367,0,0.486749326,0.614476373
2021-01-16 11:00:00+00:00,0.203538299,0,0.516897865,0.614169217
2021-01-16 12:00:00+00:00,0.192968193,0,0.525259674,0.613584037
2021-01-16 13:00:00+00:00,0.19336014,0,0.521608095,0.609617393
2021-01-16 14:00:00+00:00,0.196937427,0,0.482913633,0.604888135
2021-01-16 15:00:00+00:00,0.20208872,0,0.378521438,0.594968225
2021-01-16 16:00:00+00:00,0.203818261,0,0.148947595,0.619501354
2021-01-16 17:00:00+00:00,0.221026566,0,0.010893366,0.641075934
2021-01-16 18:00:00+00:00,0.232517434,0,0.002009903,0.671061029
2021-01-16 19:00:00+00:00,0.235285944,0,0,0.678625599
2021-01-16 20:00:00+00:00,0.241575747,0,0,0.676496833
2021-01-16 21:00:00+00:00,0.244810859,0,0,0.642724837
2021-01-16 22:00:00+00:00,0.245016164,0,0,0.594717575
2021-01-16 23:00:00+00:00,0.238477506,0,0,0.596683968
2021-01-17 00:00:00+00:00,0.243187082,0,0,0.603532976
2021-01-17 01:00:00+00:00,0.243392387,0,0,0.59263894
2021-01-17 02:00:00+00:00,0.240897618,0,0,0.587938485
2021-01-17 03:00:00+00:00,0.248979176,0,0,0.583329715
2021-01-17 04:00:00+00:00,0.258796496,0,0,0.575978417
2021-01-17 05:00:00+00:00,0.260171418,0,0,0.582248512
2021-01-17 06:00:00+00:00,0.264302407,0,0,0.578943891
2021-01-17 07:00:00+00:00,0.272415072,0,0.006658761,0.585394388
2021-01-17 08:00:00+00:00,0.255486728,0,0.141782522,0.589076633
2021-01-17 09:00:00+00:00,0.234595372,0,0.378352667,0.604835037
2021-01-17 10:00:00+00:00,0.220970574,0,0.499253682,0.586583216
2021-01-17 11:00:00+00:00,0.218973515,0,0.530644986,0.576399904
2021-01-17 12:00:00+00:00,0.246826582,0,0.533790253,0.600326307
2021-01-17 13:00:00+00:00,0.257272261,0,0.533529426,0.617132383
2021-01-17 14:00:00+00:00,0.265142292,0,0.501417012,0.603047067
2021-01-17 15:00:00+00:00,0.262050272,0,0.379687488,0.61129257
2021-01-17 16:00:00+00:00,0.27054244,0,0.14256319,0.631740875
2021-01-17 17:00:00+00:00,0.282624338,0,0.012112493,0.620663028
2021-01-17 18:00:00+00:00,0.284832924,0,0.003543094,0.633412424
2021-01-17 19:00:00+00:00,0.272035569,0,0,0.674485588
2021-01-17 20:00:00+00:00,0.246639941,0,0,0.674216689
2021-01-17 21:00:00+00:00,0.232585869,0,0,0.630999589
2021-01-17 22:00:00+00:00,0.222258397,0,0,0.597554976
2021-01-17 23:00:00+00:00,0.203015704,0,0,0.594930078
2021-01-18 00:00:00+00:00,0.193851628,0,0,0.572288476
2021-01-18 01:00:00+00:00,0.181663967,0,0,0.566876307
2021-01-18 02:00:00+00:00,0.169202565,0,0,0.567849555
2021-01-18 03:00:00+00:00,0.162987418,0,0,0.574214083
2021-01-18 04:00:00+00:00,0.15454502,0,0,0.57184896
2021-01-18 05:00:00+00:00,0.142979496,0,0,0.583023218
2021-01-18 06:00:00+00:00,0.142021405,0,0,0.612492831
2021-01-18 07:00:00+00:00,0.138213927,0,0.00615245,0.622627772
2021-01-18 08:00:00+00:00,0.11745322,0,0.135737472,0.645259589
2021-01-18 09:00:00+00:00,0.090048091,0,0.37781567,0.651526386
2021-01-18 10:00:00+00:00,0.07286467,0,0.496998295,0.648445921
2021-01-18 11:00:00+00:00,0.062904259,0,0.532317347,0.610797866
2021-01-18 12:00:00+00:00,0.058014263,0,0.533145857,0.611738683
2021-01-18 13:00:00+00:00,0.055880334,0,0.53532453,0.617892358
2021-01-18 14:00:00+00:00,0.052054192,0,0.504316795,0.604579769
2021-01-18 15:00:00+00:00,0.042249315,0,0.400998593,0.618329566
2021-01-18 16:00:00+00:00,0.036506992,0,0.15878231,0.670571272
2021-01-18 17:00:00+00:00,0.036506992,0,0.007763441,0.697398617
2021-01-18 18:00:00+00:00,0.034926764,0,0,0.709133869
2021-01-18 19:00:00+00:00,0.040370462,0,0,0.705827489
2021-01-18 20:00:00+00:00,0.052390146,0,0,0.694536591
2021-01-18 21:00:00+00:00,0.06413609,0,0,0.674545832
2021-01-18 22:00:00+00:00,0.082694433,0,0,0.621801507
2021-01-18 23:00:00+00:00,0.105937467,0,0,0.613124842
2021-01-19 00:00:00+00:00,0.134194923,0,0,0.613620426
2021-01-19 01:00:00+00:00,0.154694333,0,0,0.613023703
2021-01-19 02:00:00+00:00,0.171591571,0,0,0.603178768
2021-01-19 03:00:00+00:00,0.190031707,0,0,0.584534373
2021-01-19 04:00:00+00:00,0.205883755,0,0,0.585824341
2021-01-19 05:00:00+00:00,0.215806838,0,0,0.57934581
2021-01-19 06:00:00+00:00,0.220914582,0,0,0.588811802
2021-01-19 07:00:00+00:00,0.22595389,0,0.005661482,0.621523153
2021-01-19 08:00:00+00:00,0.233102243,0,0.117571634,0.655253045
2021-01-19 09:00:00+00:00,0.22536286,0,0.326340683,0.634944906
2021-01-19 10:00:00+00:00,0.213903099,0,0.41439283,0.664163429
2021-01-19 11:00:00+00:00,0.2123602,0,0.420407195,0.653685274
2021-01-19 12:00:00+00:00,0.220435536,0,0.424442343,0.619751124
2021-01-19 13:00:00+00:00,0.225729921,0,0.413472264,0.618363096
2021-01-19 14:00:00+00:00,0.224379884,0,0.361598364,0.605274224
2021-01-19 15:00:00+00:00,0.234054112,0,0.27561749,0.603618395
2021-01-19 16:00:00+00:00,0.246839025,0,0.091061133,0.617459767
2021-01-19 17:00:00+00:00,0.263506072,0,0.007946513,0.645553553
2021-01-19 18:00:00+00:00,0.285050672,0,0,0.680491841
2021-01-19 19:00:00+00:00,0.307167638,0,0,0.678665944
2021-01-19 20:00:00+00:00,0.321084839,0,0,0.634329385
2021-01-19 21:00:00+00:00,0.348166457,0,0,0.595819445
2021-01-19 22:00:00+00:00,0.361623278,0,0,0.580336867
2021-01-19 23:00:00+00:00,0.365237893,0,0,0.583930835
2021-01-20 00:00:00+00:00,0.371844987,0,0,0.596978921
2021-01-20 01:00:00+00:00,0.379603034,0,0,0.602012917
2021-01-20 02:00:00+00:00,0.409179421,0,0,0.574680754
2021-01-20 03:00:00+00:00,0.422399829,0,0,0.562536216
2021-01-20 04:00:00+00:00,0.44103905,0,0,0.572343554
2021-01-20 05:00:00+00:00,0.476867912,0,0,0.585928009
2021-01-20 06:00:00+00:00,0.503433157,0,0,0.620220763
2021-01-20 07:00:00+00:00,0.524573367,0,0.002623613,0.658019648
2021-01-20 08:00:00+00:00,0.529942409,0,0.023597178,0.695009088
2021-01-20 09:00:00+00:00,0.54112843,0,0.073476518,0.711428415
2021-01-20 10:00:00+00:00,0.553795136,0,0.108672828,0.712268312
2021-01-20 11:00:00+00:00,0.559699215,0,0.149837476,0.716260242
2021-01-20 12:00:00+00:00,0.558989979,0,0.158199284,0.718014681
2021-01-20 13:00:00+00:00,0.584086981,0,0.146400695,0.703498094
2021-01-20 14:00:00+00:00,0.588137092,0,0.141444981,0.686936952
2021-01-20 15:00:00+00:00,0.581330914,0,0.114641165,0.697315397
2021-01-20 16:00:00+00:00,0.575893438,0,0.040044625,0.71097054
2021-01-20 17:00:00+00:00,0.563232953,0,0,0.742074983
2021-01-20 18:00:00+00:00,0.567183522,0,0,0.762473048
2021-01-20 19:00:00+00:00,0.56276635,0,0,0.759734698
2021-01-20 20:00:00+00:00,0.562181541,0,0,0.745089268
2021-01-20 21:00:00+00:00,0.557527958,0,0,0.733337306
2021-01-20 22:00:00+00:00,0.558784674,0,0,0.729040089
2021-01-20 23:00:00+00:00,0.570823022,0,0,0.731806252
2021-01-21 00:00:00+00:00,0.57035642,0,0,0.732198608
2021-01-21 01:00:00+00:00,0.578070917,0,0,0.736467461
2021-01-21 02:00:00+00:00,0.547380905,0,0,0.740506992
2021-01-21 03:00:00+00:00,0.566866232,0,0,0.739395778
2021-01-21 04:00:00+00:00,0.582954692,0,0,0.733698219
2021-01-21 05:00:00+00:00,0.602651545,0,0,0.73849058
2021-01-21 06:00:00+00:00,0.595932467,0,0,0.753340817
2021-01-21 07:00:00+00:00,0.573915043,0,0.004127205,0.775766068
2021-01-21 08:00:00+00:00,0.551804298,0,0.074657911,0.786117799
2021-01-21 09:00:00+00:00,0.567027988,0,0.190756639,0.784371825
2021-01-21 10:00:00+00:00,0.588497931,0,0.253846102,0.783146718
2021-01-21 11:00:00+00:00,0.620593972,0,0.298324788,0.784013109
2021-01-21 12:00:00+00:00,0.645970935,0,0.290837517,0.782847807
2021-01-21 13:00:00+00:00,0.660970655,0,0.255242294,0.777840086
2021-01-21 14:00:00+00:00,0.667073818,0,0.181489607,0.7783515
2021-01-21 15:00:00+00:00,0.660883556,0,0.120087848,0.790406331
2021-01-21 16:00:00+00:00,0.64285403,0,0.043536708,0.79616985
2021-01-21 17:00:00+00:00,0.635313731,0,0.009044319,0.804197902
2021-01-21 18:00:00+00:00,0.632420794,0,0,0.805722689
2021-01-21 19:00:00+00:00,0.61722199,0,0,0.806380535
2021-01-21 20:00:00+00:00,0.618976416,0,0,0.793899159
2021-01-21 21:00:00+00:00,0.616319892,0,0,0.779430833
2021-01-21 22:00:00+00:00,0.58172286,0,0,0.753946664
2021-01-21 23:00:00+00:00,0.568122948,0,0,0.722033215
2021-01-22 00:00:00+00:00,0.575831224,0,0,0.718543575
2021-01-22 01:00:00+00:00,0.580242175,0,0,0.716800129
2021-01-22 02:00:00+00:00,0.560595092,0,0,0.698992003
2021-01-22 03:00:00+00:00,0.574443859,0,0,0.679971193
2021-01-22 04:00:00+00:00,0.576963513,0,0,0.682821566
2021-01-22 05:00:00+00:00,0.556470325,0,0,0.684633171
2021-01-22 06:00:00+00:00,0.539940148,0,0,0.735028423
2021-01-22 07:00:00+00:00,0.531236453,0,0.002485528,0.764903033
2021-01-22 08:00:00+00:00,0.573031608,0,0.0790306,0.785829112
2021-01-22 09:00:00+00:00,0.586090261,0,0.226489946,0.802683559
2021-01-22 10:00:00+00:00,0.614098863,0,0.2911904,0.802417628
2021-01-22 11:00:00+00:00,0.631238734,0,0.297833819,0.813513943
2021-01-22 12:00:00+00:00,0.659732603,0,0.283611073,0.821557277
2021-01-22 13:00:00+00:00,0.67944812,0,0.287922391,0.814653411
2021-01-22 14:00:00+00:00,0.680232013,0,0.287999104,0.806144397
2021-01-22 15:00:00+00:00,0.683516895,0,0.230433038,0.817698807
2021-01-22 16:00:00+00:00,0.671752287,0,0.101026726,0.8234731
2021-01-22 17:00:00+00:00,0.641553763,0,0.00916801,0.826907443
2021-01-22 18:00:00+00:00,0.620463323,0,0.007796517,0.851837434
2021-01-22 19:00:00+00:00,0.60731135,0,0.000301714,0.857332274
2021-01-22 20:00:00+00:00,0.609750127,0,0,0.838437888
2021-01-22 21:00:00+00:00,0.611983598,0,0,0.824083014
2021-01-22 22:00:00+00:00,0.61835428,0,0,0.806195076
2021-01-22 23:00:00+00:00,0.631705337,0,0,0.761709006
2021-01-23 00:00:00+00:00,0.649374024,0,0,0.718109005
2021-01-23 01:00:00+00:00,0.637391668,0,0,0.69368636
2021-01-23 02:00:00+00:00,0.626697135,0,0,0.682016408
2021-01-23 03:00:00+00:00,0.630871673,0,0,0.678587012
2021-01-23 04:00:00+00:00,0.629602514,0,0,0.682134258
2021-01-23 05:00:00+00:00,0.633123809,0,0,0.704109878
2021-01-23 06:00:00+00:00,0.643781013,0,0,0.695418592
2021-01-23 07:00:00+00:00,0.644334715,0,0.004019805,0.700212602
2021-01-23 08:00:00+00:00,0.643725021,0,0.071926898,0.707417687
2021-01-23 09:00:00+00:00,0.652777113,0,0.187672742,0.727812124
2021-01-23 10:00:00+00:00,0.656167759,0,0.248338048,0.743201039
2021-01-23 11:00:00+00:00,0.688120708,0,0.259354156,0.74598842
2021-01-23 12:00:00+00:00,0.713006183,0,0.258019335,0.738677798
2021-01-23 13:00:00+00:00,0.700277263,0,0.26602826,0.741190453
2021-01-23 14:00:00+00:00,0.677494611,0,0.211177863,0.732358232
2021-01-23 15:00:00+00:00,0.654618638,0,0.127329634,0.722744269
2021-01-23 16:00:00+00:00,0.646680171,0,0.041855072,0.728501192
2021-01-23 17:00:00+00:00,0.634616937,0,0,0.750333348
2021-01-23 18:00:00+00:00,0.611187263,0,0,0.768151258
2021-01-23 19:00:00+00:00,0.605077879,0,0,0.793921586
2021-01-23 20:00:00+00:00,0.601021546,0,0,0.797175417
2021-01-23 21:00:00+00:00,0.606931847,0,0,0.758764309
2021-01-23 22:00:00+00:00,0.586252017,0,0,0.746399903
2021-01-23 23:00:00+00:00,0.583029348,0,0,0.73702065
2021-01-24 00:00:00+00:00,0.585349918,0,0,0.733924134
2021-01-24 01:00:00+00:00,0.579769351,0,0,0.694783063
2021-01-24 02:00:00+00:00,0.556663187,0,0,0.686642768
2021-01-24 03:00:00+00:00,0.572552563,0,0,0.687391859
2021-01-24 04:00:00+00:00,0.572527678,0,0,0.69729352
2021-01-24 05:00:00+00:00,0.568154055,0,0,0.736806498
2021-01-24 06:00:00+00:00,0.565211348,0,0,0.732767957
2021-01-24 07:00:00+00:00,0.555661547,0,0.003145268,0.721551044
2021-01-24 08:00:00+00:00,0.515707917,0,0.096904925,0.744036319
2021-01-24 09:00:00+00:00,0.526091381,0,0.27345416,0.754599013
2021-01-24 10:00:00+00:00,0.517717419,0,0.383737979,0.757590652
2021-01-24 11:00:00+00:00,0.54104133,0,0.424196859,0.760187737
2021-01-24 12:00:00+00:00,0.564284364,0,0.432727438,0.765551755
2021-01-24 13:00:00+00:00,0.576534239,0,0.408332437,0.767216708
2021-01-24 14:00:00+00:00,0.545533159,0,0.347805215,0.773367304
2021-01-24 15:00:00+00:00,0.533096643,0,0.225477324,0.779509326
2021-01-24 16:00:00+00:00,0.492981257,0,0.079506226,0.785891555
2021-01-24 17:00:00+00:00,0.492527097,0,7.91611E-12,0.772243777
2021-01-24 18:00:00+00:00,0.507477046,0,0,0.778080402
2021-01-24 19:00:00+00:00,0.516815321,0,0,0.812105467
2021-01-24 20:00:00+00:00,0.506823803,0,0,0.814450473
2021-01-24 21:00:00+00:00,0.496197705,0,0,0.790703043
2021-01-24 22:00:00+00:00,0.48790462,0,0,0.789997926
2021-01-24 23:00:00+00:00,0.467274562,0,0,0.769762783
2021-01-25 00:00:00+00:00,0.466807959,0,0,0.738611177
2021-01-25 01:00:00+00:00,0.47635776,0,0,0.697283736
2021-01-25 02:00:00+00:00,0.473010664,0,0,0.689105183
2021-01-25 03:00:00+00:00,0.461917963,0,0,0.697082666
2021-01-25 04:00:00+00:00,0.435072757,0,0,0.727974277
2021-01-25 05:00:00+00:00,0.440609775,0,0,0.744622927
2021-01-25 06:00:00+00:00,0.453096062,0,0,0.769092185
2021-01-25 07:00:00+00:00,0.45022179,0,0.003620893,0.817941102
2021-01-25 08:00:00+00:00,0.439166418,0,0.046058991,0.833735014
2021-01-25 09:00:00+00:00,0.423071737,0,0.109240511,0.837408794
2021-01-25 10:00:00+00:00,0.417845787,0,0.142871859,0.830817801
2021-01-25 11:00:00+00:00,0.422891317,0,0.16864771,0.821988549
2021-01-25 12:00:00+00:00,0.422362501,0,0.165686555,0.820997822
2021-01-25 13:00:00+00:00,0.432466004,0,0.179326276,0.816516685
2021-01-25 14:00:00+00:00,0.425230552,0,0.167757829,0.812005317
2021-01-25 15:00:00+00:00,0.422648684,0,0.13478622,0.810028591
2021-01-25 16:00:00+00:00,0.425933566,0,0.05620056,0.829185279
2021-01-25 17:00:00+00:00,0.437318671,0,7.44164E-12,0.852540243
2021-01-25 18:00:00+00:00,0.421734143,0,0,0.868535885
2021-01-25 19:00:00+00:00,0.402423014,0,0,0.875623121
2021-01-25 20:00:00+00:00,0.377605974,0,0,0.857841049
2021-01-25 21:00:00+00:00,0.365181901,0,0,0.83018579
2021-01-25 22:00:00+00:00,0.363197284,0,0,0.812765072
2021-01-25 23:00:00+00:00,0.345628139,0,0,0.809023133
2021-01-26 00:00:00+00:00,0.324506592,0,0,0.803638007
2021-01-26 01:00:00+00:00,0.312698434,0,0,0.800459921
2021-01-26 02:00:00+00:00,0.288970134,0,0,0.799288022
2021-01-26 03:00:00+00:00,0.287868952,0,0,0.797116383
2021-01-26 04:00:00+00:00,0.28645048,0,0,0.795813553
2021-01-26 05:00:00+00:00,0.283159376,0,0,0.79847297
2021-01-26 06:00:00+00:00,0.261403249,0,0,0.805165653
2021-01-26 07:00:00+00:00,0.243790555,0,0.003053211,0.826166817
2021-01-26 08:00:00+00:00,0.228392667,0,0.06445497,0.838948313
2021-01-26 09:00:00+00:00,0.214151954,0,0.154701133,0.847144564
2021-01-26 10:00:00+00:00,0.194965253,0,0.210963065,0.852075552
2021-01-26 11:00:00+00:00,0.19617842,0,0.262085169,0.841827708
2021-01-26 12:00:00+00:00,0.202866391,0,0.260535549,0.841062676
2021-01-26 13:00:00+00:00,0.202107384,0,0.240298438,0.843130538
2021-01-26 14:00:00+00:00,0.200552042,0,0.209198646,0.843825872
2021-01-26 15:00:00+00:00,0.188053312,0,0.147674145,0.854110323
2021-01-26 16:00:00+00:00,0.174876453,0,0.063948658,0.8799155
2021-01-26 17:00:00+00:00,0.179536258,0,0.022531428,0.893055821
2021-01-26 18:00:00+00:00,0.195238993,0,0.007269858,0.906821008
2021-01-26 19:00:00+00:00,0.212640161,0,0,0.904644642
2021-01-26 20:00:00+00:00,0.231142512,0,0,0.883142178
2021-01-26 21:00:00+00:00,0.25495169,0,0,0.859756982
2021-01-26 22:00:00+00:00,0.265863971,0,0,0.842036253
2021-01-26 23:00:00+00:00,0.290842766,0,0,0.836721596
2021-01-27 00:00:00+00:00,0.305680731,0,0,0.83335915
2021-01-27 01:00:00+00:00,0.296753066,0,0,0.834679239
2021-01-27 02:00:00+00:00,0.309264239,0,0,0.834478719
2021-01-27 03:00:00+00:00,0.315740684,0,0,0.834517636
2021-01-27 04:00:00+00:00,0.325209607,0,0,0.837301719
2021-01-27 05:00:00+00:00,0.3319038,0,0,0.846657116
2021-01-27 06:00:00+00:00,0.356216909,0,0,0.866126457
2021-01-27 07:00:00+00:00,0.354412712,0,0.004940371,0.874436161
2021-01-27 08:00:00+00:00,0.339836045,0,0.068290662,0.881055298
2021-01-27 09:00:00+00:00,0.332022006,0,0.178298311,0.886700527
2021-01-27 10:00:00+00:00,0.319884115,0,0.276384629,0.888071406
2021-01-27 11:00:00+00:00,0.327281323,0,0.330115004,0.878277921
2021-01-27 12:00:00+00:00,0.346362261,0,0.353512725,0.871976824
2021-01-27 13:00:00+00:00,0.368205486,0,0.359450377,0.870850768
2021-01-27 14:00:00+00:00,0.378545401,0,0.364053207,0.872564092
2021-01-27 15:00:00+00:00,0.364429115,0,0.31263959,0.882077136
2021-01-27 16:00:00+00:00,0.351463783,0,0.149591991,0.901747547
2021-01-27 17:00:00+00:00,0.352036149,0,0.036335896,0.909604542
2021-01-27 18:00:00+00:00,0.363172399,0,0.007502841,0.913428162
2021-01-27 19:00:00+00:00,0.355383245,0,0,0.918148845
2021-01-27 20:00:00+00:00,0.342610775,0,0,0.905186287
2021-01-27 21:00:00+00:00,0.337216849,0,0,0.884237232
2021-01-27 22:00:00+00:00,0.341024326,0,0,0.860624472
2021-01-27 23:00:00+00:00,0.346922184,0,0,0.859511609
2021-01-28 00:00:00+00:00,0.353684812,0,0,0.858899275
2021-01-28 01:00:00+00:00,0.362873773,0,0,0.85546746
2021-01-28 02:00:00+00:00,0.367832204,0,0,0.854353388
2021-01-28 03:00:00+00:00,0.368684532,0,0,0.855516931
2021-01-28 04:00:00+00:00,0.374744145,0,0,0.856812615
2021-01-28 05:00:00+00:00,0.373618077,0,0,0.86684092
2021-01-28 06:00:00+00:00,0.370233652,0,0,0.883485612
2021-01-28 07:00:00+00:00,0.363757208,0,0.006796846,0.883826298
2021-01-28 08:00:00+00:00,0.355800077,0,0.111940838,0.883501003
2021-01-28 09:00:00+00:00,0.337503032,0,0.268882015,0.888156275
2021-01-28 10:00:00+00:00,0.324811439,0,0.361398908,0.889954029
2021-01-28 11:00:00+00:00,0.334597652,0,0.41583505,0.876250955
2021-01-28 12:00:00+00:00,0.348303328,0,0.444403285,0.860822793
2021-01-28 13:00:00+00:00,0.354680231,0,0.464180113,0.85814029
2021-01-28 14:00:00+00:00,0.359165837,0,0.453440175,0.855537049
2021-01-28 15:00:00+00:00,0.352135691,0,0.375667683,0.859123761
2021-01-28 16:00:00+00:00,0.34567791,0,0.15479319,0.885869205
2021-01-28 17:00:00+00:00,0.348328213,0,0.019070662,0.911044679
2021-01-28 18:00:00+00:00,0.353790575,0,0.003968668,0.922683409
2021-01-28 19:00:00+00:00,0.369337775,0,0,0.923476694
2021-01-28 20:00:00+00:00,0.379347958,0,0,0.913075933
2021-01-28 21:00:00+00:00,0.379410171,0,0,0.889565192
2021-01-28 22:00:00+00:00,0.388885316,0,0,0.889476365
2021-01-28 23:00:00+00:00,0.397053973,0,0,0.885290402
2021-01-29 00:00:00+00:00,0.401825763,0,0,0.875768234
2021-01-29 01:00:00+00:00,0.411618197,0,0,0.853648819
2021-01-29 02:00:00+00:00,0.407462323,0,0,0.805967842
2021-01-29 03:00:00+00:00,0.409098543,0,0,0.815199784
2021-01-29 04:00:00+00:00,0.416682391,0,0,0.820021387
2021-01-29 05:00:00+00:00,0.421329754,0,0,0.870769747
2021-01-29 06:00:00+00:00,0.414990179,0,0,0.89252451
2021-01-29 07:00:00+00:00,0.396232752,0,0.00587628,0.897021367
2021-01-29 08:00:00+00:00,0.365916022,0,0.107859661,0.902072842
2021-01-29 09:00:00+00:00,0.344253217,0,0.25527298,0.902778729
2021-01-29 10:00:00+00:00,0.334243034,0,0.327522076,0.904787336
2021-01-29 11:00:00+00:00,0.353529277,0,0.369315777,0.89561311
2021-01-29 12:00:00+00:00,0.368684532,0,0.388908492,0.891033143
2021-01-29 13:00:00+00:00,0.37608796,0,0.388172039,0.894924702
2021-01-29 14:00:00+00:00,0.366867892,0,0.362411531,0.897209464
2021-01-29 15:00:00+00:00,0.357436297,0,0.278271789,0.899531713
2021-01-29 16:00:00+00:00,0.352117027,0,0.130643672,0.916961116
2021-01-29 17:00:00+00:00,0.368759188,0,0.017241442,0.937316637
2021-01-29 18:00:00+00:00,0.384592571,0,0.000657264,0.940422607
2021-01-29 19:00:00+00:00,0.412103464,0,0,0.923854318
2021-01-29 20:00:00+00:00,0.442961453,0,0,0.917101942
2021-01-29 21:00:00+00:00,0.477054553,0,0,0.900611047
2021-01-29 22:00:00+00:00,0.505212468,0,0,0.878538795
2021-01-29 23:00:00+00:00,0.518874594,0,0,0.845644183
2021-01-30 00:00:00+00:00,0.515415513,0,0,0.823780695
2021-01-30 01:00:00+00:00,0.49212893,0,0,0.835147339
2021-01-30 02:00:00+00:00,0.498207207,0,0,0.81931462
2021-01-30 03:00:00+00:00,0.499762549,0,0,0.795071387
2021-01-30 04:00:00+00:00,0.516871313,0,0,0.791568225
2021-01-30 05:00:00+00:00,0.524361841,0,0,0.808451365
2021-01-30 06:00:00+00:00,0.56012849,0,0,0.792332048
2021-01-30 07:00:00+00:00,0.601457042,0,0.002869098,0.798701194
2021-01-30 08:00:00+00:00,0.624245916,0,0.064869225,0.818177461
2021-01-30 09:00:00+00:00,0.656329514,0,0.178298311,0.826143071
2021-01-30 10:00:00+00:00,0.68930899,0,0.281524456,0.833038142
2021-01-30 11:00:00+00:00,0.674321712,0,0.359296949,0.838983492
2021-01-30 12:00:00+00:00,0.677090222,0,0.403990433,0.829477154
2021-01-30 13:00:00+00:00,0.646182462,0,0.432037014,0.816754803
2021-01-30 14:00:00+00:00,0.598184602,0,0.397362357,0.804447123
2021-01-30 15:00:00+00:00,0.575793896,0,0.323072673,0.804495714
2021-01-30 16:00:00+00:00,0.595938688,0,0.136259126,0.845483239
2021-01-30 17:00:00+00:00,0.611996041,0,0.014859597,0.866618523
2021-01-30 18:00:00+00:00,0.61117482,0,0,0.877136254
2021-01-30 19:00:00+00:00,0.629633621,0,0,0.865436511
2021-01-30 20:00:00+00:00,0.619461683,0,0,0.853879351
2021-01-30 21:00:00+00:00,0.608300548,0,0,0.847812414
2021-01-30 22:00:00+00:00,0.607006503,0,0,0.837028422
2021-01-30 23:00:00+00:00,0.530968935,0,0,0.847477335
2021-01-31 00:00:00+00:00,0.46140159,0,0,0.84381279
2021-01-31 01:00:00+00:00,0.468574828,0,0,0.827276052
2021-01-31 02:00:00+00:00,0.442301988,0,0,0.836704446
2021-01-31 03:00:00+00:00,0.424938147,0,0,0.840198044
2021-01-31 04:00:00+00:00,0.436236153,0,0,0.832066434
2021-01-31 05:00:00+00:00,0.430412952,0,0,0.827422704
2021-01-31 06:00:00+00:00,0.416433536,0,0,0.809290822
2021-01-31 07:00:00+00:00,0.37808502,0,0.005922309,0.818728781
2021-01-31 08:00:00+00:00,0.38945146,0,0.072801436,0.826943501
2021-01-31 09:00:00+00:00,0.426935207,0,0.140094818,0.842006022
2021-01-31 10:00:00+00:00,0.482958632,0,0.179939987,0.842898247
2021-01-31 11:00:00+00:00,0.514749826,0,0.224633471,0.830322548
2021-01-31 12:00:00+00:00,0.531970575,0,0.237183856,0.839726976
2021-01-31 13:00:00+00:00,0.546068196,0,0.237659482,0.829026974
2021-01-31 14:00:00+00:00,0.5182649,0,0.2048413,0.803155177
2021-01-31 15:00:00+00:00,0.487997941,0,0.156757064,0.812219688
2021-01-31 16:00:00+00:00,0.494244195,0,0.071359216,0.834181787
2021-01-31 17:00:00+00:00,0.536574388,0,0.009388398,0.839237989
2021-01-31 18:00:00+00:00,0.580895418,0,0,0.853676193
2021-01-31 19:00:00+00:00,0.607771731,0,0,0.851108241
2021-01-31 20:00:00+00:00,0.617595273,0,0,0.836222495
2021-01-31 21:00:00+00:00,0.605052993,0,0,0.829766061
2021-01-31 22:00:00+00:00,0.549552163,0,0,0.848987941
2021-01-31 23:00:00+00:00,0.503837546,0,0,0.85964221
2021-02-01 00:00:00+00:00,0.473099647,0,0,0.858715905
2021-02-01 01:00:00+00:00,0.46257881,0,0,0.840678896
2021-02-01 02:00:00+00:00,0.441260597,0,0,0.834497188
2021-02-01 03:00:00+00:00,0.420206633,0,0,0.812954269
2021-02-01 04:00:00+00:00,0.434513004,0,0,0.824913347
2021-02-01 05:00:00+00:00,0.480861222,0,0,0.823497175
2021-02-01 06:00:00+00:00,0.565064786,0,0,0.846897982
2021-02-01 07:00:00+00:00,0.612138155,0,0.006262302,0.878473714
2021-02-01 08:00:00+00:00,0.61884273,0,0.120961302,0.879793034
2021-02-01 09:00:00+00:00,0.602305597,0,0.305114922,0.852360281
2021-02-01 10:00:00+00:00,0.59053111,0,0.365835279,0.866667334
2021-02-01 11:00:00+00:00,0.590629435,0,0.388142856,0.903003325
2021-02-01 12:00:00+00:00,0.604689992,0,0.405206879,0.905909324
2021-02-01 13:00:00+00:00,0.602244144,0,0.411783794,0.89501254
2021-02-01 14:00:00+00:00,0.602477667,0,0.379888004,0.87554089
2021-02-01 15:00:00+00:00,0.60138994,0,0.302403256,0.894671634
2021-02-01 16:00:00+00:00,0.603448632,0,0.162699993,0.900249584
2021-02-01 17:00:00+00:00,0.579967256,0,0.018655806,0.914534759
2021-02-01 18:00:00+00:00,0.561027292,0,0.000229114,0.924463024
2021-02-01 19:00:00+00:00,0.554304281,0,0,0.922807085
2021-02-01 20:00:00+00:00,0.550555618,0,0,0.919469374
2021-02-01 21:00:00+00:00,0.544778991,0,0,0.906192735
2021-02-01 22:00:00+00:00,0.530951957,0,0,0.87695948
2021-02-01 23:00:00+00:00,0.544385688,0,0,0.853286257
2021-02-02 00:00:00+00:00,0.538584479,0,0,0.836561092
2021-02-02 01:00:00+00:00,0.515748365,0,0,0.827553636
2021-02-02 02:00:00+00:00,0.507876173,0,0,0.826771784
2021-02-02 03:00:00+00:00,0.513290225,0,0,0.836304726
2021-02-02 04:00:00+00:00,0.502498994,0,0,0.832119972
2021-02-02 05:00:00+00:00,0.488075861,0,0,0.840444846
2021-02-02 06:00:00+00:00,0.476467298,0,0,0.858128967
2021-02-02 07:00:00+00:00,0.455591549,0,0.007730497,0.884321332
2021-02-02 08:00:00+00:00,0.441408085,0,0.094968256,0.901745678
2021-02-02 09:00:00+00:00,0.435053795,0,0.229502872,0.903246169
2021-02-02 10:00:00+00:00,0.447129405,0,0.314718117,0.903843661
2021-02-02 11:00:00+00:00,0.462787752,0,0.351213254,0.908368112
2021-02-02 12:00:00+00:00,0.458645787,0,0.377146374,0.909913786
2021-02-02 13:00:00+00:00,0.435102958,0,0.361999993,0.915517571
2021-02-02 14:00:00+00:00,0.415161302,0,0.346883576,0.914827074
2021-02-02 15:00:00+00:00,0.395102885,0,0.275016922,0.922244772
2021-02-02 16:00:00+00:00,0.374282445,0,0.129965234,0.92914523
2021-02-02 17:00:00+00:00,0.371486311,0,0.016114117,0.934498254
2021-02-02 18:00:00+00:00,0.400719733,0,0.002592681,0.938136086
2021-02-02 19:00:00+00:00,0.432583365,0,0,0.93989921
2021-02-02 20:00:00+00:00,0.461103927,0,0,0.928904034
2021-02-02 21:00:00+00:00,0.473179536,0,0,0.903953376
2021-02-02 22:00:00+00:00,0.485242855,0,0,0.86251457
2021-02-02 23:00:00+00:00,0.496820692,0,0,0.839059016
2021-02-03 00:00:00+00:00,0.498406192,0,0,0.83544548
2021-02-03 01:00:00+00:00,0.493625111,0,0,0.837264231
2021-02-03 02:00:00+00:00,0.497889982,0,0,0.828143213
2021-02-03 03:00:00+00:00,0.478599734,0,0,0.818560142
2021-02-03 04:00:00+00:00,0.494528477,0,0,0.834913729
2021-02-03 05:00:00+00:00,0.48135285,0,0,0.849486932
2021-02-03 06:00:00+00:00,0.491867541,0,0,0.899150022
2021-02-03 07:00:00+00:00,0.479318739,0,0.008958987,0.915023526
2021-02-03 08:00:00+00:00,0.462959822,0,0.091058062,0.924071878
2021-02-03 09:00:00+00:00,0.433173318,0,0.219330377,0.930188835
2021-02-03 10:00:00+00:00,0.411701471,0,0.315631994,0.929232957
2021-02-03 11:00:00+00:00,0.390659798,0,0.378569624,0.944310758
2021-02-03 12:00:00+00:00,0.377275229,0,0.360157259,0.947172015
2021-02-03 13:00:00+00:00,0.352730708,0,0.315512141,0.946525712
2021-02-03 14:00:00+00:00,0.327602378,0,0.260574676,0.949619809
2021-02-03 15:00:00+00:00,0.295511369,0,0.159299174,0.960431835
2021-02-03 16:00:00+00:00,0.26079015,0,0.0649152,0.977058168
2021-02-03 17:00:00+00:00,0.233947268,0,0.003610562,0.983741836
2021-02-03 18:00:00+00:00,0.233302007,0,0,0.985397444
2021-02-03 19:00:00+00:00,0.234352861,0,0,0.987351414
2021-02-03 20:00:00+00:00,0.245992151,0,0,0.975372768
2021-02-03 21:00:00+00:00,0.252727453,0,0,0.946453925
2021-02-03 22:00:00+00:00,0.257225848,0,0,0.935714236
2021-02-03 23:00:00+00:00,0.256254883,0,0,0.944503143
2021-02-04 00:00:00+00:00,0.241493756,0,0,0.940374895
2021-02-04 01:00:00+00:00,0.22691699,0,0,0.927620113
2021-02-04 02:00:00+00:00,0.210822322,0,0,0.926495707
2021-02-04 03:00:00+00:00,0.196767911,0,0,0.928793331
2021-02-04 04:00:00+00:00,0.179696133,0,0,0.929820336
2021-02-04 05:00:00+00:00,0.15019846,0,0,0.937843661
2021-02-04 06:00:00+00:00,0.134964142,0,0,0.950375387
2021-02-04 07:00:00+00:00,0.13307752,0,0.007940239,0.955970376
2021-02-04 08:00:00+00:00,0.133814961,0,0.088016801,0.956619098
2021-02-04 09:00:00+00:00,0.141410612,0,0.200633361,0.95586352
2021-02-04 10:00:00+00:00,0.14745149,0,0.29241054,0.956769488
2021-02-04 11:00:00+00:00,0.154629257,0,0.338943337,0.961438062
2021-02-04 12:00:00+00:00,0.164885843,0,0.339392784,0.962442311
2021-02-04 13:00:00+00:00,0.169925029,0,0.306388357,0.965690645
2021-02-04 14:00:00+00:00,0.183536975,0,0.249473322,0.966219539
2021-02-04 15:00:00+00:00,0.187556033,0,0.153471338,0.97443415
2021-02-04 16:00:00+00:00,0.165045622,0,0.059686627,0.980706993
2021-02-04 17:00:00+00:00,0.14878503,0,0.003955138,0.984883832
2021-02-04 18:00:00+00:00,0.136248519,0,0,0.990290724
2021-02-04 19:00:00+00:00,0.144538594,0,0,0.990491244
2021-02-04 20:00:00+00:00,0.147998426,0,0,0.983213932
2021-02-04 21:00:00+00:00,0.13925974,0,0,0.966206786
2021-02-04 22:00:00+00:00,0.138411682,0,0,0.960696556
2021-02-04 23:00:00+00:00,0.141607263,0,0,0.967371759
2021-02-05 00:00:00+00:00,0.151310768,0,0,0.971597848
2021-02-05 01:00:00+00:00,0.161260087,0,0,0.973482669
2021-02-05 02:00:00+00:00,0.166569668,0,0,0.970739482
2021-02-05 03:00:00+00:00,0.182897859,0,0,0.965504197
2021-02-05 04:00:00+00:00,0.194100829,0,0,0.965305436
2021-02-05 05:00:00+00:00,0.198820457,0,0,0.960057839
2021-02-05 06:00:00+00:00,0.206477561,0,0,0.963368946
2021-02-05 07:00:00+00:00,0.213132973,0,0.008239871,0.973753657
2021-02-05 08:00:00+00:00,0.218288921,0,0.082458634,0.985403051
2021-02-05 09:00:00+00:00,0.211258642,0,0.179674127,0.984250391
2021-02-05 10:00:00+00:00,0.222744298,0,0.24387021,0.976783992
2021-02-05 11:00:00+00:00,0.237745094,0,0.288110825,0.975941567
2021-02-05 12:00:00+00:00,0.248892756,0,0.289623965,0.977999095
2021-02-05 13:00:00+00:00,0.26837351,0,0.265848193,0.980872994
2021-02-05 14:00:00+00:00,0.28725202,0,0.224783673,0.973277532
2021-02-05 15:00:00+00:00,0.317142995,0,0.164437857,0.97102718
2021-02-05 16:00:00+00:00,0.345049022,0,0.065514463,0.980927521
2021-02-05 17:00:00+00:00,0.375105921,0,0.003430783,0.989008782
2021-02-05 18:00:00+00:00,0.393689455,0,0,0.989421145
2021-02-05 19:00:00+00:00,0.384821717,0,0,0.990743873
2021-02-05 20:00:00+00:00,0.36723373,0,0,0.990650319
2021-02-05 21:00:00+00:00,0.350420057,0,0,0.988645559
2021-02-05 22:00:00+00:00,0.358888347,0,0,0.975122887
2021-02-05 23:00:00+00:00,0.332125354,0,0,0.933111105
2021-02-06 00:00:00+00:00,0.281635172,0,0,0.895822974
2021-02-06 01:00:00+00:00,0.258485645,0,0,0.888718149
2021-02-06 02:00:00+00:00,0.232601437,0,0,0.890740828
2021-02-06 03:00:00+00:00,0.237585315,0,0,0.887626503
2021-02-06 04:00:00+00:00,0.242274215,0,0,0.905653398
2021-02-06 05:00:00+00:00,0.246956971,0,0,0.908077886
2021-02-06 06:00:00+00:00,0.259100179,0,0,0.888784109
2021-02-06 07:00:00+00:00,0.266658958,0,0.008374705,0.902756302
2021-02-06 08:00:00+00:00,0.258762185,0,0.082833173,0.909980077
2021-02-06 09:00:00+00:00,0.257428645,0,0.189981456,0.905227623
2021-02-06 10:00:00+00:00,0.274832271,0,0.240604225,0.912380709
2021-02-06 11:00:00+00:00,0.292819706,0,0.286837391,0.889550241
2021-02-06 12:00:00+00:00,0.3084166,0,0.296665309,0.899681444
2021-02-06 13:00:00+00:00,0.332758325,0,0.268769602,0.911668336
2021-02-06 14:00:00+00:00,0.348533435,0,0.237847614,0.912336406
2021-02-06 15:00:00+00:00,0.368358329,0,0.170805029,0.928212768
2021-02-06 16:00:00+00:00,0.356553114,0,0.075162603,0.931369088
2021-02-06 17:00:00+00:00,0.352552493,0,0.003430783,0.918033634
2021-02-06 18:00:00+00:00,0.351790469,0,0,0.945448357
2021-02-06 19:00:00+00:00,0.35497376,0,0,0.951226607
2021-02-06 20:00:00+00:00,0.342861278,0,0,0.943087191
2021-02-06 21:00:00+00:00,0.339008145,0,0,0.909194597
2021-02-06 22:00:00+00:00,0.334896907,0,0,0.903432398
2021-02-06 23:00:00+00:00,0.329353802,0,0,0.894473972
2021-02-07 00:00:00+00:00,0.317634623,0,0,0.887787446
2021-02-07 01:00:00+00:00,0.2815983,0,0,0.884264936
2021-02-07 02:00:00+00:00,0.247325692,0,0,0.887755675
2021-02-07 03:00:00+00:00,0.231993048,0,0,0.879736417
2021-02-07 04:00:00+00:00,0.23538528,0,0,0.865668911
2021-02-07 05:00:00+00:00,0.236749547,0,0,0.863971858
2021-02-07 06:00:00+00:00,0.269823812,0,0,0.845766759
2021-02-07 07:00:00+00:00,0.308490345,0,0.008674337,0.855422387
2021-02-07 08:00:00+00:00,0.340974656,0,0.122114884,0.878449968
2021-02-07 09:00:00+00:00,0.372813706,0,0.30850076,0.868249946
2021-02-07 10:00:00+00:00,0.407872919,0,0.414165866,0.863855437
2021-02-07 11:00:00+00:00,0.449095916,0,0.415619079,0.882522479
2021-02-07 12:00:00+00:00,0.479447792,0,0.384382479,0.886716248
2021-02-07 13:00:00+00:00,0.510930412,0,0.333654838,0.888810713
2021-02-07 14:00:00+00:00,0.50745829,0,0.279301654,0.884744468
2021-02-07 15:00:00+00:00,0.494454733,0,0.201337496,0.887021425
2021-02-07 16:00:00+00:00,0.494467023,0,0.08015147,0.889832662
2021-02-07 17:00:00+00:00,0.49396925,0,0.00416488,0.890231173
2021-02-07 18:00:00+00:00,0.498965418,0,0,0.899154309
2021-02-07 19:00:00+00:00,0.520910457,0,0,0.916401441
2021-02-07 20:00:00+00:00,0.520179161,0,0,0.919613608
2021-02-07 21:00:00+00:00,0.504225837,0,0,0.90319527
2021-02-07 22:00:00+00:00,0.494755855,0,0,0.888932191
2021-02-07 23:00:00+00:00,0.473277862,0,0,0.867954993
2021-02-08 00:00:00+00:00,0.415923325,0,0,0.863290706
2021-02-08 01:00:00+00:00,0.380151252,0,0,0.860521794
2021-02-08 02:00:00+00:00,0.368020335,0,0,0.851830948
2021-02-08 03:00:00+00:00,0.348330638,0,0,0.869903136
2021-02-08 04:00:00+00:00,0.375597549,0,0,0.862660343
2021-02-08 05:00:00+00:00,0.431729161,0,0,0.847446554
2021-02-08 06:00:00+00:00,0.466063223,0,0,0.880715711
2021-02-08 07:00:00+00:00,0.472952159,0,0.00293639,0.907032522
2021-02-08 08:00:00+00:00,0.476000251,0,0.052855025,0.915271648
2021-02-08 09:00:00+00:00,0.502400668,0,0.161501466,0.868667916
2021-02-08 10:00:00+00:00,0.548570671,0,0.248664317,0.859854933
2021-02-08 11:00:00+00:00,0.593505458,0,0.293968624,0.882039428
2021-02-08 12:00:00+00:00,0.619948892,0,0.328306413,0.908364484
2021-02-08 13:00:00+00:00,0.612402404,0,0.310328513,0.904531739
2021-02-08 14:00:00+00:00,0.618922619,0,0.317804323,0.885718595
2021-02-08 15:00:00+00:00,0.604173783,0,0.287736286,0.892951714
2021-02-08 16:00:00+00:00,0.609440347,0,0.126399617,0.873114423
2021-02-08 17:00:00+00:00,0.590512673,0,0.019209227,0.861009462
2021-02-08 18:00:00+00:00,0.617171195,0,0,0.870019336
2021-02-08 19:00:00+00:00,0.62616184,0,0,0.876277229
2021-02-08 20:00:00+00:00,0.638544717,0,0,0.879920447
2021-02-08 21:00:00+00:00,0.595852981,0,0,0.887021975
2021-02-08 22:00:00+00:00,0.573944814,0,0,0.882778955
2021-02-08 23:00:00+00:00,0.538879456,0,0,0.868370434
2021-02-09 00:00:00+00:00,0.467138659,0,0,0.869266287
2021-02-09 01:00:00+00:00,0.417699331,0,0,0.870726763
2021-02-09 02:00:00+00:00,0.40957518,0,0,0.858043548
2021-02-09 03:00:00+00:00,0.402342105,0,0,0.847163033
2021-02-09 04:00:00+00:00,0.414319389,0,0,0.842784026
2021-02-09 05:00:00+00:00,0.467052624,0,0,0.846275755
2021-02-09 06:00:00+00:00,0.539629189,0,0,0.869174822
2021-02-09 07:00:00+00:00,0.565365908,0,0.005333444,0.879005795
2021-02-09 08:00:00+00:00,0.555287536,0,0.038203037,0.895310571
2021-02-09 09:00:00+00:00,0.556270792,0,0.100856018,0.885965287
2021-02-09 10:00:00+00:00,0.552626601,0,0.112781358,0.902516756
2021-02-09 11:00:00+00:00,0.571658745,0,0.12434714,0.895156993
2021-02-09 12:00:00+00:00,0.590137807,0,0.119223439,0.906437668
2021-02-09 13:00:00+00:00,0.557008234,0,0.118983733,0.895119725
2021-02-09 14:00:00+00:00,0.572426913,0,0.115118485,0.877890843
2021-02-09 15:00:00+00:00,0.568297239,0,0.09453379,0.883901823
2021-02-09 16:00:00+00:00,0.538922474,0,0.049843727,0.901417084
2021-02-09 17:00:00+00:00,0.532838579,0,0.004299714,0.892105221
2021-02-09 18:00:00+00:00,0.529384893,0,0,0.90249268
2021-02-09 19:00:00+00:00,0.548951682,0,0,0.897080511
2021-02-09 20:00:00+00:00,0.549203642,0,0,0.881595514
2021-02-09 21:00:00+00:00,0.530159207,0,0,0.860675812
2021-02-09 22:00:00+00:00,0.500206779,0,0,0.854898111
2021-02-09 23:00:00+00:00,0.497613442,0,0,0.852352366
2021-02-10 00:00:00+00:00,0.45066298,0,0,0.834834466
2021-02-10 01:00:00+00:00,0.405722047,0,0,0.840153741
2021-02-10 02:00:00+00:00,0.393136373,0,0,0.831670121
2021-02-10 03:00:00+00:00,0.362096219,0,0,0.814928356
2021-02-10 04:00:00+00:00,0.383752426,0,0,0.809642942
2021-02-10 05:00:00+00:00,0.442213126,0,0,0.821022557
2021-02-10 06:00:00+00:00,0.517210958,0,0,0.849479786
2021-02-10 07:00:00+00:00,0.529673724,0,0.008794189,0.86513705
2021-02-10 08:00:00+00:00,0.521635609,0,0.094593716,0.861807804
2021-02-10 09:00:00+00:00,0.533520712,0,0.223150681,0.86445183
2021-02-10 10:00:00+00:00,0.543930933,0,0.308755447,0.881691047
2021-02-10 11:00:00+00:00,0.541435921,0,0.352187056,0.867873971
2021-02-10 12:00:00+00:00,0.531099445,0,0.393416373,0.879053726
2021-02-10 13:00:00+00:00,0.511864505,0,0.421626694,0.857919102
2021-02-10 14:00:00+00:00,0.510487947,0,0.401641262,0.856931454
2021-02-10 15:00:00+00:00,0.486097059,0,0.295976157,0.886029599
2021-02-10 16:00:00+00:00,0.44034494,0,0.143014193,0.916839639
2021-02-10 17:00:00+00:00,0.367928154,0,0.022518236,0.93343739
2021-02-10 18:00:00+00:00,0.346210493,0,0.003162319,0.94190287
2021-02-10 19:00:00+00:00,0.333680128,0,0,0.942342167
2021-02-10 20:00:00+00:00,0.333778453,0,0,0.935051553
2021-02-10 21:00:00+00:00,0.327878919,0,0,0.905193323
2021-02-10 22:00:00+00:00,0.332795197,0,0,0.878214159
2021-02-10 23:00:00+00:00,0.351341859,0,0,0.885763888
2021-02-11 00:00:00+00:00,0.365144311,0,0,0.854368558
2021-02-11 01:00:00+00:00,0.368997445,0,0,0.841261437
2021-02-11 02:00:00+00:00,0.363233108,0,0,0.839935411
2021-02-11 03:00:00+00:00,0.353898324,0,0,0.846804978
2021-02-11 04:00:00+00:00,0.356165957,0,0,0.837959125
2021-02-11 05:00:00+00:00,0.341767406,0,0,0.834150785
2021-02-11 06:00:00+00:00,0.345362435,0,0,0.885842381
2021-02-11 07:00:00+00:00,0.328714686,0,0.015715681,0.911274551
2021-02-11 08:00:00+00:00,0.307162949,0,0.119927573,0.92084542
2021-02-11 09:00:00+00:00,0.292076119,0,0.22692604,0.91685492
2021-02-11 10:00:00+00:00,0.291695107,0,0.292006037,0.909712497
2021-02-11 11:00:00+00:00,0.294054921,0,0.326838218,0.90324485
2021-02-11 12:00:00+00:00,0.303002548,0,0.328201542,0.901826589
2021-02-11 13:00:00+00:00,0.31026635,0,0.310897813,0.902479378
2021-02-11 14:00:00+00:00,0.28927384,0,0.276065633,0.903564978
2021-02-11 15:00:00+00:00,0.25858397,0,0.220199309,0.906136119
2021-02-11 16:00:00+00:00,0.234912088,0,0.101170631,0.910962228
2021-02-11 17:00:00+00:00,0.225651048,0,0.02566806,0.917193737
2021-02-11 18:00:00+00:00,0.231163426,0,0.010966947,0.9267734
2021-02-11 19:00:00+00:00,0.236307082,0,0,0.931361283
2021-02-11 20:00:00+00:00,0.255714092,0,0,0.930856245
2021-02-11 21:00:00+00:00,0.265620394,0,0,0.926608169
2021-02-11 22:00:00+00:00,0.28133405,0,0,0.915707647
2021-02-11 23:00:00+00:00,0.299456682,0,0,0.881003629
2021-02-12 00:00:00+00:00,0.31996371,0,0,0.857793228
2021-02-12 01:00:00+00:00,0.340919348,0,0,0.83083737
2021-02-12 02:00:00+00:00,0.329980628,0,0,0.84494808
2021-02-12 03:00:00+00:00,0.332260552,0,0,0.834322503
2021-02-12 04:00:00+00:00,0.355815673,0,0,0.81948139
2021-02-12 05:00:00+00:00,0.378768549,0,0,0.834113078
2021-02-12 06:00:00+00:00,0.387562542,0,0.001483177,0.891264444
2021-02-12 07:00:00+00:00,0.37438077,0,0.016165128,0.910404972
2021-02-12 08:00:00+00:00,0.380950148,0,0.125905225,0.912436666
2021-02-12 09:00:00+00:00,0.401819751,0,0.296845088,0.908799494
2021-02-12 10:00:00+00:00,0.417201558,0,0.389700941,0.907397063
2021-02-12 11:00:00+00:00,0.467175531,0,0.430121252,0.91146001
2021-02-12 12:00:00+00:00,0.50323029,0,0.456309059,0.889629063
2021-02-12 13:00:00+00:00,0.498959273,0,0.463200588,0.877486065
2021-02-12 14:00:00+00:00,0.484794245,0,0.448953102,0.875947426
2021-02-12 15:00:00+00:00,0.4674152,0,0.399978307,0.876164876
2021-02-12 16:00:00+00:00,0.427335237,0,0.255945366,0.917793867
2021-02-12 17:00:00+00:00,0.462793898,0,0.055791416,0.930405076
2021-02-12 18:00:00+00:00,0.497539697,0,0.009048876,0.961799636
2021-02-12 19:00:00+00:00,0.480904239,0,0.001782808,0.966382461
2021-02-12 20:00:00+00:00,0.467673304,0,0,0.95846918
2021-02-12 21:00:00+00:00,0.450079172,0,0,0.937707673
2021-02-12 22:00:00+00:00,0.433714109,0,0,0.909735143
2021-02-12 23:00:00+00:00,0.422529575,0,0,0.86689116
2021-02-13 00:00:00+00:00,0.416980325,0,0,0.85261236
2021-02-13 01:00:00+00:00,0.404290181,0,0,0.839595605
2021-02-13 02:00:00+00:00,0.378688659,0,0,0.84479769
2021-02-13 03:00:00+00:00,0.36035094,0,0,0.857050293
2021-02-13 04:00:00+00:00,0.325850954,0,0,0.865164863
2021-02-13 05:00:00+00:00,0.35620283,0,0,0.86141314
2021-02-13 06:00:00+00:00,0.354703365,0,0.00151314,0.865815674
2021-02-13 07:00:00+00:00,0.339045017,0,0.032539999,0.866165374
2021-02-13 08:00:00+00:00,0.315047431,0,0.207210276,0.888061952
2021-02-13 09:00:00+00:00,0.278832893,0,0.37464445,0.896021625
2021-02-13 10:00:00+00:00,0.263315888,0,0.456518801,0.907146523
2021-02-13 11:00:00+00:00,0.265331563,0,0.500864288,0.890209296
2021-02-13 12:00:00+00:00,0.258209104,0,0.511471248,0.86607226
2021-02-13 13:00:00+00:00,0.249863721,0,0.508909398,0.854656146
2021-02-13 14:00:00+00:00,0.21546206,0,0.494721838,0.845761703
2021-02-13 15:00:00+00:00,0.176254738,0,0.431484576,0.839895395
2021-02-13 16:00:00+00:00,0.16597357,0,0.275556259,0.853315719
2021-02-13 17:00:00+00:00,0.199072416,0,0.063222281,0.86066086
2021-02-13 18:00:00+00:00,0.261208034,0,0.013648222,0.913260292
2021-02-13 19:00:00+00:00,0.279201614,0,0.008554484,0.924957837
2021-02-13 20:00:00+00:00,0.266646667,0,0,0.919830068
2021-02-13 21:00:00+00:00,0.250447529,0,0,0.898442156
2021-02-13 22:00:00+00:00,0.243810553,0,0,0.87776233
2021-02-13 23:00:00+00:00,0.21978224,0,0,0.870429171
2021-02-14 00:00:00+00:00,0.19058569,0,0,0.877018515
2021-02-14 01:00:00+00:00,0.17145522,0,0,0.875951054
2021-02-14 02:00:00+00:00,0.16140143,0,0,0.870375743
2021-02-14 03:00:00+00:00,0.164228291,0,0,0.857383943
2021-02-14 04:00:00+00:00,0.162888605,0,0,0.857111526
2021-02-14 05:00:00+00:00,0.173102174,0,0,0.858380386
2021-02-14 06:00:00+00:00,0.187304074,0,0.001483177,0.847170949
2021-02-14 07:00:00+00:00,0.208063061,0,0.039970864,0.826362279
2021-02-14 08:00:00+00:00,0.215879944,0,0.265773285,0.807872232
2021-02-14 09:00:00+00:00,0.222940949,0,0.465882291,0.792075791
2021-02-14 10:00:00+00:00,0.232589146,0,0.536775142,0.788106948
2021-02-14 11:00:00+00:00,0.237960181,0,0.559007812,0.800256432
2021-02-14 12:00:00+00:00,0.257828092,0,0.551412149,0.799520423
2021-02-14 13:00:00+00:00,0.268748376,0,0.522108172,0.803877994
2021-02-14 14:00:00+00:00,0.270917684,0,0.483635467,0.795242995
2021-02-14 15:00:00+00:00,0.269534981,0,0.409581501,0.793099828
2021-02-14 16:00:00+00:00,0.305472978,0,0.25294905,0.808998397
2021-02-14 17:00:00+00:00,0.35101001,0,0.055341968,0.816155222
2021-02-14 18:00:00+00:00,0.409581326,0,0.006502007,0.828591854
2021-02-14 19:00:00+00:00,0.415376389,0,0,0.840942848
2021-02-14 20:00:00+00:00,0.422584883,0,0,0.846338527
2021-02-14 21:00:00+00:00,0.420225069,0,0,0.839179064
2021-02-14 22:00:00+00:00,0.402102437,0,0,0.806325238
2021-02-14 23:00:00+00:00,0.322987221,0,0,0.792154504
2021-02-15 00:00:00+00:00,0.293323625,0,0,0.791266236
2021-02-15 01:00:00+00:00,0.274402097,0,0,0.804033221
2021-02-15 02:00:00+00:00,0.267113714,0,0,0.791735105
2021-02-15 03:00:00+00:00,0.256322482,0,0,0.801342472
2021-02-15 04:00:00+00:00,0.255658784,0,0,0.80388492
2021-02-15 05:00:00+00:00,0.288948137,0,0,0.788690808
2021-02-15 06:00:00+00:00,0.331068355,0,5.99263E-05,0.81422038
2021-02-15 07:00:00+00:00,0.336168994,0,0.018622108,0.822238539
2021-02-15 08:00:00+00:00,0.331172825,0,0.164452838,0.825356162
2021-02-15 09:00:00+00:00,0.318034071,0,0.319302481,0.816223271
2021-02-15 10:00:00+00:00,0.311692071,0,0.388742119,0.817190362
2021-02-15 11:00:00+00:00,0.311630618,0,0.419079825,0.817295349
2021-02-15 12:00:00+00:00,0.306241147,0,0.462271729,0.815696137
2021-02-15 13:00:00+00:00,0.311870286,0,0.482377014,0.806765305
2021-02-15 14:00:00+00:00,0.304372961,0,0.477223349,0.806382624
2021-02-15 15:00:00+00:00,0.309332257,0,0.433207458,0.811356595
2021-02-15 16:00:00+00:00,0.315582077,0,0.266372548,0.811958705
2021-02-15 17:00:00+00:00,0.36035094,0,0.053619086,0.835967887
2021-02-15 18:00:00+00:00,0.403583466,0,0,0.890671239
2021-02-15 19:00:00+00:00,0.432829179,0,0,0.893405522
2021-02-15 20:00:00+00:00,0.446441125,0,0,0.880919529
2021-02-15 21:00:00+00:00,0.446441125,0,0,0.857919432
2021-02-15 22:00:00+00:00,0.418227831,0,0,0.828388916
2021-02-15 23:00:00+00:00,0.39377549,0,0,0.802671796
2021-02-16 00:00:00+00:00,0.341908749,0,0,0.803167819
2021-02-16 01:00:00+00:00,0.316276501,0,0,0.803381971
2021-02-16 02:00:00+00:00,0.297016979,0,0,0.807337622
2021-02-16 03:00:00+00:00,0.285248637,0,0,0.830860456
2021-02-16 04:00:00+00:00,0.2994997,0,0,0.830857048
2021-02-16 05:00:00+00:00,0.361745934,0,0,0.833363437
2021-02-16 06:00:00+00:00,0.383408287,0,5.99263E-05,0.852134037
2021-02-16 07:00:00+00:00,0.386179839,0,0.02299673,0.866604451
2021-02-16 08:00:00+00:00,0.367184567,0,0.187988905,0.867857481
2021-02-16 09:00:00+00:00,0.367467253,0,0.368142442,0.856065282
2021-02-16 10:00:00+00:00,0.355004487,0,0.500384877,0.80144625
2021-02-16 11:00:00+00:00,0.339813185,0,0.560925454,0.800484546
2021-02-16 12:00:00+00:00,0.346468598,0,0.576101798,0.851973753
2021-02-16 13:00:00+00:00,0.334417569,0,0.560311209,0.862701019
2021-02-16 14:00:00+00:00,0.308779176,0,0.537209608,0.858800335
2021-02-16 15:00:00+00:00,0.283153073,0,0.457192973,0.856708507
2021-02-16 16:00:00+00:00,0.246090477,0,0.262836895,0.838018489
2021-02-16 17:00:00+00:00,0.212948613,0,0.051295102,0.880304777
2021-02-16 18:00:00+00:00,0.198279666,0,0.008334659,0.894346998
2021-02-16 19:00:00+00:00,0.18864376,0,0,0.896628572
2021-02-16 20:00:00+00:00,0.18715044,0,0,0.894247838
2021-02-16 21:00:00+00:00,0.195514259,0,0,0.892117973
2021-02-16 22:00:00+00:00,0.193295789,0,0,0.882423758
2021-02-16 23:00:00+00:00,0.188748231,0,0,0.872920389
2021-02-17 00:00:00+00:00,0.177029051,0,0,0.861773834
2021-02-17 01:00:00+00:00,0.164271308,0,0,0.859897588
2021-02-17 02:00:00+00:00,0.16023996,0,0,0.86032754
2021-02-17 03:00:00+00:00,0.159410338,0,0,0.857997265
2021-02-17 04:00:00+00:00,0.158039925,0,0,0.856276026
2021-02-17 05:00:00+00:00,0.158162832,0,0,0.841637522
2021-02-17 06:00:00+00:00,0.16457243,0,2.99632E-05,0.852349178
2021-02-17 07:00:00+00:00,0.171553546,0,0.029918222,0.879512042
2021-02-17 08:00:00+00:00,0.171160244,0,0.214596197,0.885869425
2021-02-17 09:00:00+00:00,0.176015069,0,0.405506511,0.883680636
2021-02-17 10:00:00+00:00,0.196552823,0,0.498317418,0.871463761
2021-02-17 11:00:00+00:00,0.231974612,0,0.533014765,0.843822464
2021-02-17 12:00:00+00:00,0.263192981,0,0.540850133,0.845927263
2021-02-17 13:00:00+00:00,0.285015114,0,0.532325612,0.840647565
2021-02-17 14:00:00+00:00,0.2800128,0,0.512519959,0.842842511
2021-02-17 15:00:00+00:00,0.266228784,0,0.443335008,0.828752468
2021-02-17 16:00:00+00:00,0.250183279,0,0.271016839,0.833347716
2021-02-17 17:00:00+00:00,0.255812418,0,0.056240863,0.857821591
2021-02-17 18:00:00+00:00,0.292623055,0,0.001243471,0.903732738
2021-02-17 19:00:00+00:00,0.322421849,0,0,0.917424269
2021-02-17 20:00:00+00:00,0.345466906,0,0,0.90604949
2021-02-17 21:00:00+00:00,0.360307922,0,0,0.883762427
2021-02-17 22:00:00+00:00,0.367129259,0,0,0.865236321
2021-02-17 23:00:00+00:00,0.374239427,0,0,0.853945422
2021-02-18 00:00:00+00:00,0.37181816,0,0,0.830921359
2021-02-18 01:00:00+00:00,0.381195961,0,0,0.820464641
2021-02-18 02:00:00+00:00,0.379051235,0,0,0.818550687
2021-02-18 03:00:00+00:00,0.366428689,0,0,0.828158714
2021-02-18 04:00:00+00:00,0.353781562,0,0,0.811545792
2021-02-18 05:00:00+00:00,0.332266698,0,0,0.803163642
2021-02-18 06:00:00+00:00,0.32234196,0,2.99632E-05,0.819277462
2021-02-18 07:00:00+00:00,0.309418292,0,0.03415801,0.868798737
2021-02-18 08:00:00+00:00,0.286244183,0,0.184093694,0.884331336
2021-02-18 09:00:00+00:00,0.27612894,0,0.319557168,0.889539467
2021-02-18 10:00:00+00:00,0.28116198,0,0.426975119,0.890287349
2021-02-18 11:00:00+00:00,0.293821398,0,0.499456019,0.88667854
2021-02-18 12:00:00+00:00,0.315465315,0,0.528475345,0.890497433
2021-02-18 13:00:00+00:00,0.338885238,0,0.534512923,0.895526152
2021-02-18 14:00:00+00:00,0.355662039,0,0.51365856,0.897156146
2021-02-18 15:00:00+00:00,0.34192104,0,0.431963987,0.897396572
2021-02-18 16:00:00+00:00,0.312884269,0,0.254926619,0.907398932
2021-02-18 17:00:00+00:00,0.268920446,0,0.053589123,0.92296616
2021-02-18 18:00:00+00:00,0.253839761,0,0.004509457,0.919214327
2021-02-18 19:00:00+00:00,0.268023225,0,0.000719116,0.939146931
2021-02-18 20:00:00+00:00,0.284670974,0,0,0.940334549
2021-02-18 21:00:00+00:00,0.298067834,0,0,0.937358961
2021-02-18 22:00:00+00:00,0.301576828,0,0,0.926598605
2021-02-18 23:00:00+00:00,0.299548863,0,0,0.889892356
2021-02-19 00:00:00+00:00,0.302621537,0,0,0.870324074
2021-02-19 01:00:00+00:00,0.306284164,0,0,0.880963503
2021-02-19 02:00:00+00:00,0.307070769,0,0,0.874279945
2021-02-19 03:00:00+00:00,0.308981972,0,0,0.853901888
2021-02-19 04:00:00+00:00,0.308508781,0,0,0.843383497
2021-02-19 05:00:00+00:00,0.307759048,0,0,0.84930587
2021-02-19 06:00:00+00:00,0.316540751,0,2.99632E-05,0.885506532
2021-02-19 07:00:00+00:00,0.322827442,0,0.035101849,0.916743666
2021-02-19 08:00:00+00:00,0.314537367,0,0.220708683,0.923497692
2021-02-19 09:00:00+00:00,0.311642908,0,0.397236677,0.892393798
2021-02-19 10:00:00+00:00,0.342302051,0,0.495096378,0.875989311
2021-02-19 11:00:00+00:00,0.387808356,0,0.547576864,0.883076877
2021-02-19 12:00:00+00:00,0.407958954,0,0.575772203,0.888981441
2021-02-19 13:00:00+00:00,0.409267913,0,0.583203068,0.876197197
2021-02-19 14:00:00+00:00,0.416119976,0,0.540655372,0.867780527
2021-02-19 15:00:00+00:00,0.418338447,0,0.430166197,0.874215853
2021-02-19 16:00:00+00:00,0.4242134,0,0.2462373,0.886532987
2021-02-19 17:00:00+00:00,0.39643028,0,0.046996248,0.903803865
2021-02-19 18:00:00+00:00,0.391108408,0,0,0.921181599
2021-02-19 19:00:00+00:00,0.397542588,0,0,0.916655389
2021-02-19 20:00:00+00:00,0.391114554,0,0,0.920630719
2021-02-19 21:00:00+00:00,0.385466979,0,0,0.882069111
2021-02-19 22:00:00+00:00,0.40110689,0,0,0.838539357
2021-02-19 23:00:00+00:00,0.40322089,0,0,0.795481552
2021-02-20 00:00:00+00:00,0.354070394,0,0,0.794847561
2021-02-20 01:00:00+00:00,0.344784772,0,0,0.792805864
2021-02-20 02:00:00+00:00,0.335068976,0,0,0.791427949
2021-02-20 03:00:00+00:00,0.341945621,0,0,0.767461091
2021-02-20 04:00:00+00:00,0.348318348,0,0,0.742675664
2021-02-20 05:00:00+00:00,0.36449905,0,0,0.739458
2021-02-20 06:00:00+00:00,0.402378977,0,0.000104871,0.747995928
2021-02-20 07:00:00+00:00,0.428404528,0,0.029768406,0.771001521
2021-02-20 08:00:00+00:00,0.438685696,0,0.168048418,0.78691713
2021-02-20 09:00:00+00:00,0.442962858,0,0.309849102,0.785633209
2021-02-20 10:00:00+00:00,0.457859183,0,0.389611051,0.762332113
2021-02-20 11:00:00+00:00,0.452998212,0,0.432608195,0.737448624
2021-02-20 12:00:00+00:00,0.445771283,0,0.444084087,0.74136184
2021-02-20 13:00:00+00:00,0.437954399,0,0.439739428,0.755210357
2021-02-20 14:00:00+00:00,0.418602697,0,0.397521327,0.761321378
2021-02-20 15:00:00+00:00,0.418227831,0,0.314448449,0.763136501
2021-02-20 16:00:00+00:00,0.459764241,0,0.153755988,0.768303077
2021-02-20 17:00:00+00:00,0.491861396,0,0.020135248,0.762126096
2021-02-20 18:00:00+00:00,0.509455528,0,0,0.753094125
2021-02-20 19:00:00+00:00,0.512694127,0,0,0.770840138
2021-02-20 20:00:00+00:00,0.514574603,0,0,0.790018923
2021-02-20 21:00:00+00:00,0.50826333,0,0,0.78516423
2021-02-20 22:00:00+00:00,0.502806261,0,0,0.768343093
2021-02-20 23:00:00+00:00,0.487215512,0,0,0.759344102
2021-02-21 00:00:00+00:00,0.434119702,0,0,0.744346663
2021-02-21 01:00:00+00:00,0.392552565,0,0,0.756115116
2021-02-21 02:00:00+00:00,0.365021404,0,0,0.760763132
2021-02-21 03:00:00+00:00,0.34659765,0,0,0.75866251
2021-02-21 04:00:00+00:00,0.341908749,0,0,0.752844354
2021-02-21 05:00:00+00:00,0.346640667,0,0,0.737174997
2021-02-21 06:00:00+00:00,0.350352458,0,5.99263E-05,0.737284492
2021-02-21 07:00:00+00:00,0.364013567,0,0.006996399,0.754507438
2021-02-21 08:00:00+00:00,0.374657311,0,0.03643521,0.793209762
2021-02-21 09:00:00+00:00,0.381540101,0,0.072795512,0.806503222
2021-02-21 10:00:00+00:00,0.388422891,0,0.120451928,0.808701575
2021-02-21 11:00:00+00:00,0.386874263,0,0.137710712,0.806226407
2021-02-21 12:00:00+00:00,0.36679741,0,0.154759754,0.798797606
2021-02-21 13:00:00+00:00,0.370048299,0,0.148362618,0.773277928
2021-02-21 14:00:00+00:00,0.375136648,0,0.139463557,0.771338909
2021-02-21 15:00:00+00:00,0.366742102,0,0.121860197,0.760310313
2021-02-21 16:00:00+00:00,0.360676643,0,0.081604683,0.75213275
2021-02-21 17:00:00+00:00,0.346308819,0,0.019131482,0.774623412
2021-02-21 18:00:00+00:00,0.346579214,0,0,0.809095909
2021-02-21 19:00:00+00:00,0.366508579,0,0,0.822418721
2021-02-21 20:00:00+00:00,0.376101468,0,0,0.828600099
2021-02-21 21:00:00+00:00,0.375634421,0,0,0.82627719
2021-02-21 22:00:00+00:00,0.372260625,0,0,0.810799669
2021-02-21 23:00:00+00:00,0.384145729,0,0,0.806662626
2021-02-22 00:00:00+00:00,0.39218999,0,0,0.803540936
2021-02-22 01:00:00+00:00,0.349565853,0,0,0.820308864
2021-02-22 02:00:00+00:00,0.32358332,0,0,0.80610504
2021-02-22 03:00:00+00:00,0.309252368,0,0,0.808220174
2021-02-22 04:00:00+00:00,0.339198651,0,0,0.804355548
2021-02-22 05:00:00+00:00,0.36988852,0,0,0.832821352
2021-02-22 06:00:00+00:00,0.367756085,0,5.99263E-05,0.896218188
2021-02-22 07:00:00+00:00,0.342535575,0,0.029318958,0.928571813
2021-02-22 08:00:00+00:00,0.328659378,0,0.197472247,0.941050331
2021-02-22 09:00:00+00:00,0.316970925,0,0.351123364,0.940748122
2021-02-22 10:00:00+00:00,0.304188601,0,0.443185192,0.927018993
2021-02-22 11:00:00+00:00,0.293655473,0,0.4879202,0.917862137
2021-02-22 12:00:00+00:00,0.284879916,0,0.476713976,0.942790479
2021-02-22 13:00:00+00:00,0.262701354,0,0.461312908,0.955635517
2021-02-22 14:00:00+00:00,0.245869244,0,0.420473112,0.94915094
2021-02-22 15:00:00+00:00,0.235532768,0,0.376472203,0.941829214
2021-02-22 16:00:00+00:00,0.206987625,0,0.268020522,0.9338215
2021-02-22 17:00:00+00:00,0.177809511,0,0.077889251,0.967088129
2021-02-22 18:00:00+00:00,0.172346296,0,0.001363324,0.980773613
2021-02-22 19:00:00+00:00,0.161444448,0,0,0.98336828
2021-02-22 20:00:00+00:00,0.153375605,0,0,0.976505309
2021-02-22 21:00:00+00:00,0.148281112,0,0,0.94981802
2021-02-22 22:00:00+00:00,0.142922368,0,0,0.930950129
2021-02-22 23:00:00+00:00,0.148102897,0,0,0.90402879
2021-02-23 00:00:00+00:00,0.148225804,0,0,0.915140167
2021-02-23 01:00:00+00:00,0.152607437,0,0,0.916618232
2021-02-23 02:00:00+00:00,0.159090779,0,0,0.904743912
2021-02-23 03:00:00+00:00,0.167190349,0,0,0.898419509
2021-02-23 04:00:00+00:00,0.178479354,0,0,0.897062042
2021-02-23 05:00:00+00:00,0.192748853,0,0,0.936289522
2021-02-23 06:00:00+00:00,0.197628259,0,5.99263E-05,0.958341986
2021-02-23 07:00:00+00:00,0.198722131,0,0.052061001,0.965658545
2021-02-23 08:00:00+00:00,0.197308701,0,0.305864001,0.966169299
2021-02-23 09:00:00+00:00,0.204062439,0,0.490242345,0.959057438
2021-02-23 10:00:00+00:00,0.2337076,0,0.559112683,0.942566763
2021-02-23 11:00:00+00:00,0.273861306,0,0.587008391,0.940343564
2021-02-23 12:00:00+00:00,0.298012525,0,0.601210931,0.936493669
2021-02-23 13:00:00+00:00,0.313271426,0,0.591592755,0.936989363
2021-02-23 14:00:00+00:00,0.326594541,0,0.553045142,0.917034772
2021-02-23 15:00:00+00:00,0.332174517,0,0.498542142,0.888862822
2021-02-23 16:00:00+00:00,0.312730635,0,0.355782636,0.909453602
2021-02-23 17:00:00+00:00,0.292610764,0,0.109185778,0.954161849
2021-02-23 18:00:00+00:00,0.308859065,0,0.00576791,0.966875186
2021-02-23 19:00:00+00:00,0.341374104,0,0,0.967896694
2021-02-23 20:00:00+00:00,0.362471085,0,0,0.958997304
2021-02-23 21:00:00+00:00,0.367602451,0,0,0.931269598
2021-02-23 22:00:00+00:00,0.388822339,0,0,0.898090257
2021-02-23 23:00:00+00:00,0.415222756,0,0,0.88532712
2021-02-24 00:00:00+00:00,0.414976942,0,0,0.867230197
2021-02-24 01:00:00+00:00,0.416249029,0,0,0.868027549
2021-02-24 02:00:00+00:00,0.411744488,0,0,0.873028564
2021-02-24 03:00:00+00:00,0.404683483,0,0,0.879318997
2021-02-24 04:00:00+00:00,0.411025483,0,0,0.879453447
2021-02-24 05:00:00+00:00,0.404726501,0,0,0.886549038
2021-02-24 06:00:00+00:00,0.399871675,0,0.000704134,0.90079013
2021-02-24 07:00:00+00:00,0.400947111,0,0.031880809,0.913135627
2021-02-24 08:00:00+00:00,0.386935717,0,0.201082809,0.943804841
2021-02-24 09:00:00+00:00,0.38126356,0,0.375198768,0.937568826
2021-02-24 10:00:00+00:00,0.399933129,0,0.47136555,0.90601651
2021-02-24 11:00:00+00:00,0.420661389,0,0.534962371,0.884899696
2021-02-24 12:00:00+00:00,0.43919576,0,0.563142729,0.873411795
2021-02-24 13:00:00+00:00,0.461503374,0,0.567262664,0.870211062
2021-02-24 14:00:00+00:00,0.449120497,0,0.55246086,0.855040586
2021-02-24 15:00:00+00:00,0.437727021,0,0.474931167,0.865557768
2021-02-24 16:00:00+00:00,0.429959301,0,0.298612915,0.913542493
2021-02-24 17:00:00+00:00,0.400418611,0,0.072264147,0.946454145
2021-02-24 18:00:00+00:00,0.366901881,0,0.003053113,0.966815932
2021-02-24 19:00:00+00:00,0.350094353,0,0,0.966512293
2021-02-24 20:00:00+00:00,0.346179766,0,0,0.953564357
2021-02-24 21:00:00+00:00,0.333723145,0,0,0.927185104
2021-02-24 22:00:00+00:00,0.330552145,0,0,0.916483452
2021-02-24 23:00:00+00:00,0.308219949,0,0,0.908763435
2021-02-25 00:00:00+00:00,0.292112991,0,0,0.900640619
2021-02-25 01:00:00+00:00,0.281733498,0,0,0.898009455
2021-02-25 02:00:00+00:00,0.255972197,0,0,0.897239146
2021-02-25 03:00:00+00:00,0.241106599,0,0,0.896359123
2021-02-25 04:00:00+00:00,0.236675803,0,0,0.890330773
2021-02-25 05:00:00+00:00,0.235981379,0,0,0.908439899
2021-02-25 06:00:00+00:00,0.225196292,0,0.000209742,0.937020584
2021-02-25 07:00:00+00:00,0.207639032,0,0.023116583,0.950567881
2021-02-25 08:00:00+00:00,0.195047213,0,0.124047508,0.950174207
2021-02-25 09:00:00+00:00,0.180107871,0,0.211450064,0.944609559
2021-02-25 10:00:00+00:00,0.172297133,0,0.280200549,0.935219203
2021-02-25 11:00:00+00:00,0.161395285,0,0.337295363,0.922280831
2021-02-25 12:00:00+00:00,0.149792867,0,0.380457304,0.92844396
2021-02-25 13:00:00+00:00,0.149227495,0,0.360322056,0.934429546
2021-02-25 14:00:00+00:00,0.158328756,0,0.322298798,0.937453835
2021-02-25 15:00:00+00:00,0.160762314,0,0.24775044,0.951797275
2021-02-25 16:00:00+00:00,0.162439994,0,0.139163926,0.972318027
2021-02-25 17:00:00+00:00,0.178104487,0,0.036410289,0.97834154
2021-02-25 18:00:00+00:00,0.210146334,0,0.006315176,0.980388074
2021-02-25 19:00:00+00:00,0.235760146,0,0,0.981342962
2021-02-25 20:00:00+00:00,0.241991529,0,0,0.969593968
2021-02-25 21:00:00+00:00,0.25109279,0,0,0.961761928
2021-02-25 22:00:00+00:00,0.256347063,0,0,0.944436083
2021-02-25 23:00:00+00:00,0.259892929,0,0,0.90990785
2021-02-26 00:00:00+00:00,0.275993742,0,0,0.904571755
2021-02-26 01:00:00+00:00,0.286293346,0,0,0.913802488
2021-02-26 02:00:00+00:00,0.273676946,0,0,0.914792555
2021-02-26 03:00:00+00:00,0.266886336,0,0,0.912371145
2021-02-26 04:00:00+00:00,0.268312057,0,0,0.900460547
2021-02-26 05:00:00+00:00,0.267648359,0,0,0.883504081
2021-02-26 06:00:00+00:00,0.270340022,0,8.98895E-05,0.902691221
2021-02-26 07:00:00+00:00,0.26546676,0,0.018337458,0.927640231
2021-02-26 08:00:00+00:00,0.241186489,0,0.099687454,0.92562173
2021-02-26 09:00:00+00:00,0.220384484,0,0.202551004,0.905919108
2021-02-26 10:00:00+00:00,0.198156759,0,0.298972473,0.901523171
2021-02-26 11:00:00+00:00,0.180746987,0,0.394165452,0.905067009
2021-02-26 12:00:00+00:00,0.170859122,0,0.433357274,0.910459939
2021-02-26 13:00:00+00:00,0.157978471,0,0.433087605,0.911537734
2021-02-26 14:00:00+00:00,0.158427082,0,0.388966843,0.911488044
2021-02-26 15:00:00+00:00,0.159410338,0,0.301789011,0.918225689
2021-02-26 16:00:00+00:00,0.163632192,0,0.171643998,0.932245264
2021-02-26 17:00:00+00:00,0.168818866,0,0.051103211,0.936439032
2021-02-26 18:00:00+00:00,0.187052115,0,0.003701525,0.930910113
2021-02-26 19:00:00+00:00,0.198636096,0,0,0.922421876
2021-02-26 20:00:00+00:00,0.205482015,0,0,0.905509164
2021-02-26 21:00:00+00:00,0.218282775,0,0,0.883609398
2021-02-26 22:00:00+00:00,0.232705908,0,0,0.861026062
2021-02-26 23:00:00+00:00,0.243546303,0,0,0.844910592
2021-02-27 00:00:00+00:00,0.257944854,0,0,0.836287356
2021-02-27 01:00:00+00:00,0.269854539,0,0,0.82599367
2021-02-27 02:00:00+00:00,0.275557422,0,0,0.821699422
2021-02-27 03:00:00+00:00,0.302209798,0,0,0.841052453
2021-02-27 04:00:00+00:00,0.320633553,0,0,0.834289632
2021-02-27 05:00:00+00:00,0.331664453,0,0,0.838596853
2021-02-27 06:00:00+00:00,0.340833313,0,0.000119853,0.841218013
2021-02-27 07:00:00+00:00,0.347009388,0,0.039056987,0.829910735
2021-02-27 08:00:00+00:00,0.342554011,0,0.187524476,0.832485063
2021-02-27 09:00:00+00:00,0.344200964,0,0.355842563,0.814744547
2021-02-27 10:00:00+00:00,0.340304813,0,0.450436279,0.832498255
2021-02-27 11:00:00+00:00,0.321653681,0,0.496025236,0.846019278
2021-02-27 12:00:00+00:00,0.300722624,0,0.522317915,0.837919109
2021-02-27 13:00:00+00:00,0.289157078,0,0.509463716,0.82614362
2021-02-27 14:00:00+00:00,0.288161532,0,0.478751471,0.825594169
2021-02-27 15:00:00+00:00,0.29606445,0,0.39367106,0.818752416
2021-02-27 16:00:00+00:00,0.302093037,0,0.242521868,0.804712834
2021-02-27 17:00:00+00:00,0.309246222,0,0.05289997,0.8004951
2021-02-27 18:00:00+00:00,0.336734366,0,0,0.863319728
2021-02-27 19:00:00+00:00,0.361340341,0,0,0.891496735
2021-02-27 20:00:00+00:00,0.3863642,0,0,0.895019575
2021-02-27 21:00:00+00:00,0.397720803,0,0,0.850789872
2021-02-27 22:00:00+00:00,0.399650443,0,0,0.811554257
2021-02-27 23:00:00+00:00,0.379204869,0,0,0.788111125
2021-02-28 00:00:00+00:00,0.35621512,0,0,0.775983188
2021-02-28 01:00:00+00:00,0.333053302,0,0,0.763196195
2021-02-28 02:00:00+00:00,0.321825751,0,0,0.774862299
2021-02-28 03:00:00+00:00,0.308385874,0,0,0.779725347
2021-02-28 04:00:00+00:00,0.283730736,0,0,0.777687387
2021-02-28 05:00:00+00:00,0.268428818,0,0,0.775340183
2021-02-28 06:00:00+00:00,0.268342783,0,0.000209742,0.772101962
2021-02-28 07:00:00+00:00,0.274598748,0,0.038262963,0.763033163
2021-02-28 08:00:00+00:00,0.27269369,0,0.20960733,0.759309693
2021-02-28 09:00:00+00:00,0.276208829,0,0.372921568,0.753860696
2021-02-28 10:00:00+00:00,0.284916788,0,0.448159078,0.758006203
2021-02-28 11:00:00+00:00,0.294509677,0,0.478376931,0.770113143
2021-02-28 12:00:00+00:00,0.294159392,0,0.458855928,0.783584806
2021-02-28 13:00:00+00:00,0.308773031,0,0.433372255,0.780570851
2021-02-28 14:00:00+00:00,0.333120901,0,0.400038233,0.761898202
2021-02-28 15:00:00+00:00,0.365439288,0,0.362224717,0.757191371
2021-02-28 16:00:00+00:00,0.399914693,0,0.222821086,0.778458136
2021-02-28 17:00:00+00:00,0.407282965,0,0.069625382,0.799083215
2021-02-28 18:00:00+00:00,0.424317871,0,0.001782997,0.829182641
2021-02-28 19:00:00+00:00,0.425245819,0,0,0.845872186
2021-02-28 20:00:00+00:00,0.423580429,0,0,0.847672138
2021-02-28 21:00:00+00:00,0.418694877,0,0,0.836713791
2021-02-28 22:00:00+00:00,0.421159162,0,0,0.803838088
2021-02-28 23:00:00+00:00,0.427070987,0,0,0.800667476
2021-03-01 00:00:00+00:00,0.398222411,0,0,0.815759129
2021-03-01 01:00:00+00:00,0.36497087,0,0,0.817807312
2021-03-01 02:00:00+00:00,0.34781234,0,0,0.814236871
2021-03-01 03:00:00+00:00,0.324548509,0,0,0.810672915
2021-03-01 04:00:00+00:00,0.323354393,0,0,0.790281226
2021-03-01 05:00:00+00:00,0.327493995,0,0,0.791684316
2021-03-01 06:00:00+00:00,0.325632399,0,0.000892704,0.839290867
2021-03-01 07:00:00+00:00,0.320941666,0,0.017034556,0.881503279
2021-03-01 08:00:00+00:00,0.310035406,0,0.104329338,0.893155312
2021-03-01 09:00:00+00:00,0.32680202,0,0.216049098,0.891729356
2021-03-01 10:00:00+00:00,0.340721128,0,0.270869929,0.877280378
2021-03-01 11:00:00+00:00,0.370420938,0,0.303739012,0.872666001
2021-03-01 12:00:00+00:00,0.382527438,0,0.307192753,0.868692211
2021-03-01 13:00:00+00:00,0.386513949,0,0.29299729,0.871303697
2021-03-01 14:00:00+00:00,0.363048037,0,0.26179654,0.87011399
2021-03-01 15:00:00+00:00,0.341388608,0,0.179901887,0.870221395
2021-03-01 16:00:00+00:00,0.327469501,0,0.115085694,0.886425692
2021-03-01 17:00:00+00:00,0.317353194,0,0.033381291,0.903040592
2021-03-01 18:00:00+00:00,0.298443294,0,0,0.918116304
2021-03-01 19:00:00+00:00,0.278320907,0,0,0.923540896
2021-03-01 20:00:00+00:00,0.274995753,0,0,0.919784995
2021-03-01 21:00:00+00:00,0.28379547,0,0,0.899562605
2021-03-01 22:00:00+00:00,0.278204557,0,0,0.881750961
2021-03-01 23:00:00+00:00,0.28524678,0,0,0.857814335
2021-03-02 00:00:00+00:00,0.284120024,0,0,0.841437992
2021-03-02 01:00:00+00:00,0.277537077,0,0,0.829930633
2021-03-02 02:00:00+00:00,0.275044742,0,0,0.825138932
2021-03-02 03:00:00+00:00,0.262362617,0,0,0.825661009
2021-03-02 04:00:00+00:00,0.241070608,0,0,0.835040043
2021-03-02 05:00:00+00:00,0.227127006,0,0,0.845307015
2021-03-02 06:00:00+00:00,0.218909038,0,0.000204883,0.864043865
2021-03-02 07:00:00+00:00,0.203067098,0,0.019946821,0.874564565
2021-03-02 08:00:00+00:00,0.183348873,0,0.114046645,0.881463483
2021-03-02 09:00:00+00:00,0.165841294,0,0.227859138,0.874852152
2021-03-02 10:00:00+00:00,0.162001751,0,0.324037061,0.867370253
2021-03-02 11:00:00+00:00,0.165161566,0,0.380248169,0.865798964
2021-03-02 12:00:00+00:00,0.163979697,0,0.380043286,0.873634631
2021-03-02 13:00:00+00:00,0.161640454,0,0.330695758,0.875748116
2021-03-02 14:00:00+00:00,0.155118743,0,0.289426473,0.88086764
2021-03-02 15:00:00+00:00,0.14378995,0,0.235820305,0.884205461
2021-03-02 16:00:00+00:00,0.128431779,0,0.152696355,0.897635019
2021-03-02 17:00:00+00:00,0.110109752,0,0.037449681,0.91171088
2021-03-02 18:00:00+00:00,0.109534127,0,0,0.918914536
2021-03-02 19:00:00+00:00,0.115216895,0,0,0.920276071
2021-03-02 20:00:00+00:00,0.114512672,0,0,0.914849501
2021-03-02 21:00:00+00:00,0.114273849,0,0,0.909721841
2021-03-02 22:00:00+00:00,0.106472291,0,0,0.888610413
2021-03-02 23:00:00+00:00,0.104463726,0,0,0.850412687
2021-03-03 00:00:00+00:00,0.099270852,0,0,0.815882585
2021-03-03 01:00:00+00:00,0.095345578,0,0,0.803619978
2021-03-03 02:00:00+00:00,0.095063889,0,0,0.793426003
2021-03-03 03:00:00+00:00,0.090734453,0,0,0.792033247
2021-03-03 04:00:00+00:00,0.08984652,0,0,0.787728445
2021-03-03 05:00:00+00:00,0.090005736,0,0,0.833015605
2021-03-03 06:00:00+00:00,0.092344979,0,0.000204883,0.861755915
2021-03-03 07:00:00+00:00,0.08495983,0,0.020444394,0.873600772
2021-03-03 08:00:00+00:00,0.075357911,0,0.117734539,0.871280281
2021-03-03 09:00:00+00:00,0.069497557,0,0.24296194,0.85842436
2021-03-03 10:00:00+00:00,0.076300957,0,0.329671343,0.837908995
2021-03-03 11:00:00+00:00,0.092026548,0,0.391575271,0.803989797
2021-03-03 12:00:00+00:00,0.100140413,0,0.421385744,0.810801868
2021-03-03 13:00:00+00:00,0.099154502,0,0.425351693,0.821110285
2021-03-03 14:00:00+00:00,0.096441715,0,0.39056549,0.817609981
2021-03-03 15:00:00+00:00,0.090899792,0,0.3186662,0.829795304
2021-03-03 16:00:00+00:00,0.087580761,0,0.196775464,0.868908561
2021-03-03 17:00:00+00:00,0.083790208,0,0.059726177,0.898065741
2021-03-03 18:00:00+00:00,0.080152747,0,0.007008177,0.906440416
2021-03-03 19:00:00+00:00,0.094445398,0,0,0.903890933
2021-03-03 20:00:00+00:00,0.101383519,0,0,0.891992758
2021-03-03 21:00:00+00:00,0.113385917,0,0,0.879743783
2021-03-03 22:00:00+00:00,0.129417691,0,0,0.852692172
2021-03-03 23:00:00+00:00,0.143398035,0,0,0.839898474
2021-03-04 00:00:00+00:00,0.149233894,0,0,0.823448254
2021-03-04 01:00:00+00:00,0.147568255,0,0,0.822827126
2021-03-04 02:00:00+00:00,0.145516825,0,0,0.818903136
2021-03-04 03:00:00+00:00,0.145914864,0,0,0.809163738
2021-03-04 04:00:00+00:00,0.145333115,0,0,0.806932075
2021-03-04 05:00:00+00:00,0.138413365,0,0,0.812074246
2021-03-04 06:00:00+00:00,0.134120671,0,0.000336593,0.844910702
2021-03-04 07:00:00+00:00,0.133055152,0,0.038254579,0.8587579
2021-03-04 08:00:00+00:00,0.121597761,0,0.152389031,0.867690601
2021-03-04 09:00:00+00:00,0.113851316,0,0.294636354,0.838712064
2021-03-04 10:00:00+00:00,0.111628423,0,0.392892375,0.825001954
2021-03-04 11:00:00+00:00,0.112228543,0,0.449205925,0.801315648
2021-03-04 12:00:00+00:00,0.11579252,0,0.457459782,0.796677855
2021-03-04 13:00:00+00:00,0.114120757,0,0.408668365,0.807614436
2021-03-04 14:00:00+00:00,0.114426941,0,0.376765158,0.798630506
2021-03-04 15:00:00+00:00,0.108615576,0,0.312505076,0.815366774
2021-03-04 16:00:00+00:00,0.108395124,0,0.187014254,0.829227604
2021-03-04 17:00:00+00:00,0.111414094,0,0.053938793,0.865592727
2021-03-04 18:00:00+00:00,0.119962741,0,0.005906054,0.88207043
2021-03-04 19:00:00+00:00,0.137525433,0,0,0.879902528
2021-03-04 20:00:00+00:00,0.154610479,0,0,0.856763804
2021-03-04 21:00:00+00:00,0.173361163,0,0,0.833886724
2021-03-04 22:00:00+00:00,0.180048213,0,0,0.802537017
2021-03-04 23:00:00+00:00,0.180262542,0,0,0.786996063
2021-03-05 00:00:00+00:00,0.171107652,0,0,0.781977458
2021-03-05 01:00:00+00:00,0.160636172,0,0,0.778043134
2021-03-05 02:00:00+00:00,0.152534554,0,0,0.774408931
2021-03-05 03:00:00+00:00,0.150574979,0,0,0.770890927
2021-03-05 04:00:00+00:00,0.151885444,0,0,0.771802282
2021-03-05 05:00:00+00:00,0.161254663,0,0,0.786752559
2021-03-05 06:00:00+00:00,0.169172571,0,0.000658552,0.825862739
2021-03-05 07:00:00+00:00,0.172883517,0,0.029151921,0.83591259
2021-03-05 08:00:00+00:00,0.168707172,0,0.111441704,0.862274144
2021-03-05 09:00:00+00:00,0.161707815,0,0.21250755,0.832264205
2021-03-05 10:00:00+00:00,0.159582901,0,0.287260567,0.815480776
2021-03-05 11:00:00+00:00,0.183159039,0,0.315724666,0.810888825
2021-03-05 12:00:00+00:00,0.199882788,0,0.332349456,0.814423978
2021-03-05 13:00:00+00:00,0.206925011,0,0.330710392,0.816464796
2021-03-05 14:00:00+00:00,0.225896148,0,0.299231586,0.815581915
2021-03-05 15:00:00+00:00,0.248743569,0,0.266274696,0.800095049
2021-03-05 16:00:00+00:00,0.271597114,0,0.171399244,0.805089688
2021-03-05 17:00:00+00:00,0.295271232,0,0.052402644,0.856004819
2021-03-05 18:00:00+00:00,0.326416229,0,0.00317106,0.860839723
2021-03-05 19:00:00+00:00,0.351511038,0,0,0.871195742
2021-03-05 20:00:00+00:00,0.369300306,0,0,0.83987176
2021-03-05 21:00:00+00:00,0.376054717,0,0,0.814816663
2021-03-05 22:00:00+00:00,0.368436868,0,0,0.801874883
2021-03-05 23:00:00+00:00,0.359177876,0,0,0.754681794
2021-03-06 00:00:00+00:00,0.345026069,0,0,0.714670704
2021-03-06 01:00:00+00:00,0.32991897,0,0,0.704643278
2021-03-06 02:00:00+00:00,0.301719459,0,0,0.69904664
2021-03-06 03:00:00+00:00,0.278284165,0,0,0.696142729
2021-03-06 04:00:00+00:00,0.258627177,0,0,0.695180695
2021-03-06 05:00:00+00:00,0.246735005,0,0,0.694196344
2021-03-06 06:00:00+00:00,0.234628505,0,0.000541476,0.701805108
2021-03-06 07:00:00+00:00,0.214940898,0,0.048425555,0.746060317
2021-03-06 08:00:00+00:00,0.186674027,0,0.213400254,0.755769483
2021-03-06 09:00:00+00:00,0.172344634,0,0.342037494,0.743896592
2021-03-06 10:00:00+00:00,0.160329989,0,0.410044007,0.748615517
2021-03-06 11:00:00+00:00,0.141181265,0,0.42937618,0.751578023
2021-03-06 12:00:00+00:00,0.130599559,0,0.423566284,0.743724655
2021-03-06 13:00:00+00:00,0.125467922,0,0.372316271,0.698074822
2021-03-06 14:00:00+00:00,0.127274405,0,0.305451248,0.683494913
2021-03-06 15:00:00+00:00,0.137115147,0,0.249196237,0.681907683
2021-03-06 16:00:00+00:00,0.148456188,0,0.159179438,0.704271701
2021-03-06 17:00:00+00:00,0.162761086,0,0.04903157,0.781267174
2021-03-06 18:00:00+00:00,0.18672914,0,0.004115508,0.805239638
2021-03-06 19:00:00+00:00,0.212975199,0,0,0.806854571
2021-03-06 20:00:00+00:00,0.214622467,0,0,0.798566964
2021-03-06 21:00:00+00:00,0.197445566,0,0,0.779441387
2021-03-06 22:00:00+00:00,0.181015754,0,0,0.737231833
2021-03-06 23:00:00+00:00,0.163385701,0,0,0.685367971
2021-03-07 00:00:00+00:00,0.152920345,0,0,0.667105707
2021-03-07 01:00:00+00:00,0.1434409,0,0,0.661510168
2021-03-07 02:00:00+00:00,0.13675385,0,0,0.657828363
2021-03-07 03:00:00+00:00,0.126906985,0,0,0.652750613
2021-03-07 04:00:00+00:00,0.111150776,0,0,0.64909904
2021-03-07 05:00:00+00:00,0.102155102,0,0,0.648536287
2021-03-07 06:00:00+00:00,0.098970792,0,0.000512207,0.654481307
2021-03-07 07:00:00+00:00,0.092792007,0,0.025551834,0.679727689
2021-03-07 08:00:00+00:00,0.078003338,0,0.123544435,0.674393573
2021-03-07 09:00:00+00:00,0.069148508,0,0.236873989,0.6554274
2021-03-07 10:00:00+00:00,0.064139344,0,0.327329823,0.674825614
2021-03-07 11:00:00+00:00,0.060428398,0,0.39554122,0.6503015
2021-03-07 12:00:00+00:00,0.057440046,0,0.389950841,0.645401624
2021-03-07 13:00:00+00:00,0.057856456,0,0.364150221,0.654488123
2021-03-07 14:00:00+00:00,0.067715568,0,0.33864229,0.681306343
2021-03-07 15:00:00+00:00,0.074978244,0,0.27695788,0.672804584
2021-03-07 16:00:00+00:00,0.085523208,0,0.203317085,0.682828492
2021-03-07 17:00:00+00:00,0.100642554,0,0.061581969,0.716005854
2021-03-07 18:00:00+00:00,0.124757576,0,0,0.731821973
2021-03-07 19:00:00+00:00,0.143998154,0,0,0.754933873
2021-03-07 20:00:00+00:00,0.152803995,0,0,0.760402878
2021-03-07 21:00:00+00:00,0.155449422,0,0,0.727507497
2021-03-07 22:00:00+00:00,0.159576777,0,0,0.696141739
2021-03-07 23:00:00+00:00,0.153134674,0,0,0.656512121
2021-03-08 00:00:00+00:00,0.158584742,0,0,0.640981061
2021-03-08 01:00:00+00:00,0.174377693,0,0,0.638084846
2021-03-08 02:00:00+00:00,0.193373324,0,0,0.635621221
2021-03-08 03:00:00+00:00,0.211781083,0,0,0.633622508
2021-03-08 04:00:00+00:00,0.226477897,0,0,0.634231103
2021-03-08 05:00:00+00:00,0.23520413,0,0,0.634916103
2021-03-08 06:00:00+00:00,0.228915118,0,0.001214663,0.657127752
2021-03-08 07:00:00+00:00,0.229037592,0,0.035254506,0.720628476
2021-03-08 08:00:00+00:00,0.226098229,0,0.131608043,0.737188849
2021-03-08 09:00:00+00:00,0.226281939,0,0.215785677,0.745541208
2021-03-08 10:00:00+00:00,0.236043073,0,0.25873793,0.710865113
2021-03-08 11:00:00+00:00,0.234928565,0,0.32683225,0.706934307
2021-03-08 12:00:00+00:00,0.243667045,0,0.376355392,0.7005335
2021-03-08 13:00:00+00:00,0.259986632,0,0.39173625,0.707799928
2021-03-08 14:00:00+00:00,0.279239458,0,0.386936135,0.716787156
2021-03-08 15:00:00+00:00,0.294830327,0,0.324051695,0.74615541
2021-03-08 16:00:00+00:00,0.305650856,0,0.216239347,0.749670555
2021-03-08 17:00:00+00:00,0.304977252,0,0.077061197,0.773221971
2021-03-08 18:00:00+00:00,0.296195906,0,0.010717116,0.809175062
2021-03-08 19:00:00+00:00,0.306593902,0,0,0.81640884
2021-03-08 20:00:00+00:00,0.305754959,0,0,0.803988038
2021-03-08 21:00:00+00:00,0.307126661,0,0,0.760488737
2021-03-08 22:00:00+00:00,0.305130344,0,0,0.727048631
2021-03-08 23:00:00+00:00,0.298345315,0,0,0.709035039
2021-03-09 00:00:00+00:00,0.289502732,0,0,0.686050992
2021-03-09 01:00:00+00:00,0.293428006,0,0,0.678721901
2021-03-09 02:00:00+00:00,0.284775257,0,0,0.676733082
2021-03-09 03:00:00+00:00,0.27615925,0,0,0.673222444
2021-03-09 04:00:00+00:00,0.251768664,0,0,0.673681529
2021-03-09 05:00:00+00:00,0.232521961,0,0,0.684248731
2021-03-09 06:00:00+00:00,0.226306434,0,0.001404912,0.702065982
2021-03-09 07:00:00+00:00,0.210182805,0,0.070948048,0.737094526
2021-03-09 08:00:00+00:00,0.199631717,0,0.263435604,0.75463738
2021-03-09 09:00:00+00:00,0.193801981,0,0.396711979,0.756406991
2021-03-09 10:00:00+00:00,0.187114931,0,0.477977348,0.705753394
2021-03-09 11:00:00+00:00,0.188700962,0,0.486626337,0.658875596
2021-03-09 12:00:00+00:00,0.19985217,0,0.478109059,0.653630087
2021-03-09 13:00:00+00:00,0.198817269,0,0.460620833,0.66735119
2021-03-09 14:00:00+00:00,0.194108165,0,0.447318075,0.698698918
2021-03-09 15:00:00+00:00,0.189166361,0,0.423083345,0.701180022
2021-03-09 16:00:00+00:00,0.190599301,0,0.314480734,0.714335844
2021-03-09 17:00:00+00:00,0.18636172,0,0.116803314,0.776636857
2021-03-09 18:00:00+00:00,0.190752393,0,0.005363146,0.796985781
2021-03-09 19:00:00+00:00,0.19931941,0,0,0.801609612
2021-03-09 20:00:00+00:00,0.189203103,0,0,0.786417809
2021-03-09 21:00:00+00:00,0.180158439,0,0,0.751541744
2021-03-09 22:00:00+00:00,0.173832686,0,0,0.694333542
2021-03-09 23:00:00+00:00,0.166178096,0,0,0.669074298
2021-03-10 00:00:00+00:00,0.16336733,0,0,0.668194495
2021-03-10 01:00:00+00:00,0.165473873,0,0,0.651569591
2021-03-10 02:00:00+00:00,0.170231967,0,0,0.641969369
2021-03-10 03:00:00+00:00,0.177708971,0,0,0.628819814
2021-03-10 04:00:00+00:00,0.174193983,0,0,0.632135978
2021-03-10 05:00:00+00:00,0.182479311,0,0,0.649267899
2021-03-10 06:00:00+00:00,0.182595661,0,0.003468376,0.654386874
2021-03-10 07:00:00+00:00,0.173042732,0,0.137652091,0.664990134
2021-03-10 08:00:00+00:00,0.140862834,0,0.423580918,0.700438516
2021-03-10 09:00:00+00:00,0.129558535,0,0.58817512,0.679351934
2021-03-10 10:00:00+00:00,0.140232096,0,0.646581403,0.660644546
2021-03-10 11:00:00+00:00,0.149166534,0,0.666718473,0.668526716
2021-03-10 12:00:00+00:00,0.155718863,0,0.66885511,0.685701841
2021-03-10 13:00:00+00:00,0.165002351,0,0.661859819,0.677173148
2021-03-10 14:00:00+00:00,0.175161523,0,0.640317838,0.661246546
2021-03-10 15:00:00+00:00,0.178388698,0,0.580155415,0.664227191
2021-03-10 16:00:00+00:00,0.177764084,0,0.42221991,0.688209879
2021-03-10 17:00:00+00:00,0.180011471,0,0.150776722,0.710947783
2021-03-10 18:00:00+00:00,0.196888312,0,0.005089368,0.721716934
2021-03-10 19:00:00+00:00,0.217341378,0,0,0.717533719
2021-03-10 20:00:00+00:00,0.23370383,0,0,0.696327748
2021-03-10 21:00:00+00:00,0.252607607,0,0,0.680402794
2021-03-10 22:00:00+00:00,0.276796112,0,0,0.661942429
2021-03-10 23:00:00+00:00,0.293936271,0,0,0.655151686
2021-03-11 00:00:00+00:00,0.302974811,0,0,0.644162556
2021-03-11 01:00:00+00:00,0.314977209,0,0,0.625251131
2021-03-11 02:00:00+00:00,0.334248406,0,0,0.607915062
2021-03-11 03:00:00+00:00,0.329024913,0,0,0.596754216
2021-03-11 04:00:00+00:00,0.349398371,0,0,0.596208173
2021-03-11 05:00:00+00:00,0.365130085,0,0,0.604424433
2021-03-11 06:00:00+00:00,0.373752216,0,0.005048902,0.638183567
2021-03-11 07:00:00+00:00,0.356446718,0,0.130642166,0.671454593
2021-03-11 08:00:00+00:00,0.336850967,0,0.383248241,0.677699403
2021-03-11 09:00:00+00:00,0.347059128,0,0.526037041,0.661558099
2021-03-11 10:00:00+00:00,0.361406893,0,0.595404563,0.662331816
2021-03-11 11:00:00+00:00,0.370910832,0,0.628976102,0.620332236
2021-03-11 12:00:00+00:00,0.363268489,0,0.636571406,0.613586236
2021-03-11 13:00:00+00:00,0.360469971,0,0.633629872,0.608715273
2021-03-11 14:00:00+00:00,0.34202547,0,0.606409705,0.619453313
2021-03-11 15:00:00+00:00,0.322141906,0,0.516012409,0.667811484
2021-03-11 16:00:00+00:00,0.315889636,0,0.359584257,0.697383556
2021-03-11 17:00:00+00:00,0.302068508,0,0.128223487,0.714595289
2021-03-11 18:00:00+00:00,0.283868954,0,0.011350849,0.747797716
2021-03-11 19:00:00+00:00,0.283281081,0,0.001001197,0.74670607
2021-03-11 20:00:00+00:00,0.277402356,0,0,0.702205598
2021-03-11 21:00:00+00:00,0.272778983,0,0,0.666965211
2021-03-11 22:00:00+00:00,0.28656337,0,0,0.647271165
2021-03-11 23:00:00+00:00,0.289141436,0,0,0.625184621
2021-03-12 00:00:00+00:00,0.28169505,0,0,0.610701674
2021-03-12 01:00:00+00:00,0.268792473,0,0,0.605618537
2021-03-12 02:00:00+00:00,0.258908865,0,0,0.597647871
2021-03-12 03:00:00+00:00,0.263526114,0,0,0.586949077
2021-03-12 04:00:00+00:00,0.254107906,0,0,0.588958234
2021-03-12 05:00:00+00:00,0.243520077,0,0,0.607596803
2021-03-12 06:00:00+00:00,0.252693338,0,0.003014707,0.642814653
2021-03-12 07:00:00+00:00,0.259245667,0,0.091465614,0.667013252
2021-03-12 08:00:00+00:00,0.24495914,0,0.29429976,0.694597604
2021-03-12 09:00:00+00:00,0.254438585,0,0.438991045,0.665033118
2021-03-12 10:00:00+00:00,0.267818809,0,0.515368492,0.666222386
2021-03-12 11:00:00+00:00,0.290139594,0,0.569516135,0.622349309
2021-03-12 12:00:00+00:00,0.31209296,0,0.596707033,0.605869847
2021-03-12 13:00:00+00:00,0.344187126,0,0.600204678,0.603914998
2021-03-12 14:00:00+00:00,0.359447318,0,0.556271914,0.609951153
2021-03-12 15:00:00+00:00,0.363917598,0,0.511519619,0.652682894
2021-03-12 16:00:00+00:00,0.331039602,0,0.381843329,0.684859636
2021-03-12 17:00:00+00:00,0.276704257,0,0.139256135,0.719643246
2021-03-12 18:00:00+00:00,0.235926723,0,0.009859037,0.739856072
2021-03-12 19:00:00+00:00,0.231823863,0,0.000403956,0.735441226
2021-03-12 20:00:00+00:00,0.221095189,0,0,0.720246125
2021-03-12 21:00:00+00:00,0.196833199,0,0,0.692415851
2021-03-12 22:00:00+00:00,0.185124738,0,0,0.655155093
2021-03-12 23:00:00+00:00,0.181713852,0,0,0.630444641
2021-03-13 00:00:00+00:00,0.175375851,0,0,0.58141785
2021-03-13 01:00:00+00:00,0.181413792,0,0,0.559317564
2021-03-13 02:00:00+00:00,0.194561317,0,0,0.550649255
2021-03-13 03:00:00+00:00,0.197457814,0,0,0.546160643
2021-03-13 04:00:00+00:00,0.189772605,0,0,0.553022404
2021-03-13 05:00:00+00:00,0.183391738,0,0,0.555762073
2021-03-13 06:00:00+00:00,0.179227641,0,0.008341664,0.562426722
2021-03-13 07:00:00+00:00,0.177402787,0,0.149769455,0.589251429
2021-03-13 08:00:00+00:00,0.16360003,0,0.427444426,0.584073309
2021-03-13 09:00:00+00:00,0.170532027,0,0.580082243,0.555661483
2021-03-13 10:00:00+00:00,0.194708285,0,0.644532573,0.543558391
2021-03-13 11:00:00+00:00,0.203618228,0,0.663542787,0.540605999
2021-03-13 12:00:00+00:00,0.20799053,0,0.671386878,0.537957135
2021-03-13 13:00:00+00:00,0.217274017,0,0.675162578,0.535025191
2021-03-13 14:00:00+00:00,0.230733849,0,0.6595183,0.53320666
2021-03-13 15:00:00+00:00,0.237414776,0,0.612453753,0.534571383
2021-03-13 16:00:00+00:00,0.257788233,0,0.456508539,0.547469629
2021-03-13 17:00:00+00:00,0.276630773,0,0.184409313,0.605715939
2021-03-13 18:00:00+00:00,0.266728795,0,0.02843483,0.624800841
2021-03-13 19:00:00+00:00,0.285167172,0,0.022771279,0.611635015
2021-03-13 20:00:00+00:00,0.304867026,0,6.88374E-12,0.602680107
2021-03-13 21:00:00+00:00,0.304377132,0,0,0.586964358
2021-03-13 22:00:00+00:00,0.288639295,0,0,0.553580979
2021-03-13 23:00:00+00:00,0.300378374,0,0,0.534695278
2021-03-14 00:00:00+00:00,0.283268834,0,0,0.521860244
2021-03-14 01:00:00+00:00,0.264426294,0,0,0.517723202
2021-03-14 02:00:00+00:00,0.256624736,0,0,0.513861764
2021-03-14 03:00:00+00:00,0.260513268,0,0,0.510121364
2021-03-14 04:00:00+00:00,0.269110904,0,0,0.508700135
2021-03-14 05:00:00+00:00,0.286520504,0,0,0.507446116
2021-03-14 06:00:00+00:00,0.292386982,0,0.006526986,0.511211471
2021-03-14 07:00:00+00:00,0.287328829,0,0.169086993,0.526912159
2021-03-14 08:00:00+00:00,0.291554163,0,0.445327783,0.532920831
2021-03-14 09:00:00+00:00,0.305699846,0,0.57916027,0.530187978
2021-03-14 10:00:00+00:00,0.320304804,0,0.647810701,0.536639024
2021-03-14 11:00:00+00:00,0.325148629,0,0.674167432,0.548417921
2021-03-14 12:00:00+00:00,0.30999254,0,0.67656749,0.550348255
2021-03-14 13:00:00+00:00,0.300543714,0,0.683211552,0.545970237
2021-03-14 14:00:00+00:00,0.293954642,0,0.667611177,0.534003463
2021-03-14 15:00:00+00:00,0.278529112,0,0.606687761,0.540166262
2021-03-14 16:00:00+00:00,0.322356234,0,0.458557369,0.58625946
2021-03-14 17:00:00+00:00,0.342441879,0,0.177516464,0.601713016
2021-03-14 18:00:00+00:00,0.34931264,0,0,0.631024434
2021-03-14 19:00:00+00:00,0.357702071,0,0,0.658211373
2021-03-14 20:00:00+00:00,0.343697232,0,0,0.651060046
2021-03-14 21:00:00+00:00,0.337977722,0,0,0.633810715
2021-03-14 22:00:00+00:00,0.336397815,0,0,0.617802541
2021-03-14 23:00:00+00:00,0.329435199,0,0,0.588541694
2021-03-15 00:00:00+00:00,0.315859018,0,0,0.552000456
2021-03-15 01:00:00+00:00,0.313005387,0,0,0.537869298
2021-03-15 02:00:00+00:00,0.315981491,0,0,0.534369543
2021-03-15 03:00:00+00:00,0.320868182,0,0,0.537267078
2021-03-15 04:00:00+00:00,0.325436441,0,0,0.55550054
2021-03-15 05:00:00+00:00,0.330274143,0,0,0.564318909
2021-03-15 06:00:00+00:00,0.333697275,0,0.010961239,0.585089101
2021-03-15 07:00:00+00:00,0.327775684,0,0.18303367,0.605933499
2021-03-15 08:00:00+00:00,0.327065338,0,0.462113552,0.616738598
2021-03-15 09:00:00+00:00,0.317818593,0,0.608956108,0.641828324
2021-03-15 10:00:00+00:00,0.304468987,0,0.665313561,0.633106697
2021-03-15 11:00:00+00:00,0.298075874,0,0.687601902,0.614025643
2021-03-15 12:00:00+00:00,0.305669227,0,0.689270235,0.6115264
2021-03-15 13:00:00+00:00,0.309349554,0,0.692636169,0.608032472
2021-03-15 14:00:00+00:00,0.319759797,0,0.67204543,0.597330491
2021-03-15 15:00:00+00:00,0.334052448,0,0.602355949,0.588010602
2021-03-15 16:00:00+00:00,0.347922566,0,0.4484742,0.603678199
2021-03-15 17:00:00+00:00,0.36605476,0,0.169365049,0.618019331
2021-03-15 18:00:00+00:00,0.412551804,0,0,0.666220737
2021-03-15 19:00:00+00:00,0.448540626,0,0,0.682825304
2021-03-15 20:00:00+00:00,0.46992449,0,0,0.658836129
2021-03-15 21:00:00+00:00,0.463366037,0,0,0.647441343
2021-03-15 22:00:00+00:00,0.465723651,0,0,0.627038111
2021-03-15 23:00:00+00:00,0.474817304,0,0,0.594546848
2021-03-16 00:00:00+00:00,0.47963051,0,0,0.547302859
2021-03-16 01:00:00+00:00,0.476023667,0,0,0.530472487
2021-03-16 02:00:00+00:00,0.484560067,0,0,0.525738282
2021-03-16 03:00:00+00:00,0.484027307,0,0,0.519338684
2021-03-16 04:00:00+00:00,0.480469453,0,0,0.509218805
2021-03-16 05:00:00+00:00,0.471130853,0,0,0.510740293
2021-03-16 06:00:00+00:00,0.468809981,0,0.009717307,0.55105777
2021-03-16 07:00:00+00:00,0.462306641,0,0.182653173,0.572037937
2021-03-16 08:00:00+00:00,0.448234442,0,0.454313365,0.557713624
2021-03-16 09:00:00+00:00,0.45361715,0,0.604419414,0.53849999
2021-03-16 10:00:00+00:00,0.449367322,0,0.668489247,0.534500475
2021-03-16 11:00:00+00:00,0.456654492,0,0.690265381,0.533823171
2021-03-16 12:00:00+00:00,0.466905519,0,0.69699725,0.532993278
2021-03-16 13:00:00+00:00,0.472845481,0,0.696953346,0.532492857
2021-03-16 14:00:00+00:00,0.484633551,0,0.671474685,0.530946523
2021-03-16 15:00:00+00:00,0.494560023,0,0.60261937,0.533018013
2021-03-16 16:00:00+00:00,0.508687335,0,0.451781596,0.533075728
2021-03-16 17:00:00+00:00,0.522073683,0,0.172145603,0.555857056
2021-03-16 18:00:00+00:00,0.533463714,0,0,0.606077842
2021-03-16 19:00:00+00:00,0.534847664,0,0,0.634828596
2021-03-16 20:00:00+00:00,0.533806639,0,0,0.627393418
2021-03-16 21:00:00+00:00,0.523904661,0,0,0.60426173
2021-03-16 22:00:00+00:00,0.504168065,0,0,0.54639854
2021-03-16 23:00:00+00:00,0.497187079,0,0,0.517950985
2021-03-17 00:00:00+00:00,0.508607728,0,0,0.495670957
2021-03-17 01:00:00+00:00,0.520842825,0,0,0.485957724
2021-03-17 02:00:00+00:00,0.532404318,0,0,0.479645964
2021-03-17 03:00:00+00:00,0.535019126,0,0,0.472590389
2021-03-17 04:00:00+00:00,0.538019726,0,0,0.46714392
2021-03-17 05:00:00+00:00,0.532232856,0,0,0.479085079
2021-03-17 06:00:00+00:00,0.532434937,0,0.011488081,0.50902532
2021-03-17 07:00:00+00:00,0.524835459,0,0.198692583,0.530777445
2021-03-17 08:00:00+00:00,0.517621773,0,0.479557874,0.534962528
2021-03-17 09:00:00+00:00,0.53327388,0,0.616214819,0.518688424
2021-03-17 10:00:00+00:00,0.541620445,0,0.668547785,0.49970851
2021-03-17 11:00:00+00:00,0.550965169,0,0.692255672,0.490455131
2021-03-17 12:00:00+00:00,0.543353444,0,0.703465698,0.485376392
2021-03-17 13:00:00+00:00,0.545306896,0,0.701958345,0.480966933
2021-03-17 14:00:00+00:00,0.556721421,0,0.678352899,0.477053716
2021-03-17 15:00:00+00:00,0.566200866,0,0.606980451,0.475306092
2021-03-17 16:00:00+00:00,0.577003024,0,0.461981842,0.475743191
2021-03-17 17:00:00+00:00,0.583702321,0,0.188521607,0.48302556
2021-03-17 18:00:00+00:00,0.575870144,0,0,0.512367869
2021-03-17 19:00:00+00:00,0.567988978,0,0,0.532553651
2021-03-17 20:00:00+00:00,0.565282315,0,0,0.520242013
2021-03-17 21:00:00+00:00,0.529911984,0,0,0.502054285
2021-03-17 22:00:00+00:00,0.529924231,0,0,0.492086994
2021-03-17 23:00:00+00:00,0.517719752,0,0,0.478439546
2021-03-18 00:00:00+00:00,0.492863766,0,0,0.468208413
2021-03-18 01:00:00+00:00,0.463653849,0,0,0.465369143
2021-03-18 02:00:00+00:00,0.428179416,0,0,0.464625878
2021-03-18 03:00:00+00:00,0.40971042,0,0,0.466511029
2021-03-18 04:00:00+00:00,0.410022727,0,0,0.473010117
2021-03-18 05:00:00+00:00,0.396618008,0,0,0.49130811
2021-03-18 06:00:00+00:00,0.403617366,0,0.00888314,0.513663773
2021-03-18 07:00:00+00:00,0.412380341,0,0.163335635,0.538274735
2021-03-18 08:00:00+00:00,0.427413957,0,0.398907154,0.541693468
2021-03-18 09:00:00+00:00,0.442551674,0,0.508358567,0.538323546
2021-03-18 10:00:00+00:00,0.452288313,0,0.525802889,0.529010912
2021-03-18 11:00:00+00:00,0.455968641,0,0.529388341,0.52455561
2021-03-18 12:00:00+00:00,0.465080665,0,0.545764344,0.523969441
2021-03-18 13:00:00+00:00,0.483390445,0,0.538051964,0.517300835
2021-03-18 14:00:00+00:00,0.500928643,0,0.514651401,0.51622403
2021-03-18 15:00:00+00:00,0.510561179,0,0.458952501,0.514444195
2021-03-18 16:00:00+00:00,0.528558652,0,0.354754873,0.51909606
2021-03-18 17:00:00+00:00,0.526923632,0,0.163569787,0.539333731
2021-03-18 18:00:00+00:00,0.530671319,0,0,0.575449414
2021-03-18 19:00:00+00:00,0.527750327,0,0,0.618815255
2021-03-18 20:00:00+00:00,0.524382308,0,0,0.577653704
2021-03-18 21:00:00+00:00,0.518277006,0,0,0.546747581
2021-03-18 22:00:00+00:00,0.507082933,0,0,0.530173246
2021-03-18 23:00:00+00:00,0.49215342,0,0,0.492688224
2021-03-19 00:00:00+00:00,0.477750543,0,0,0.4730398
2021-03-19 01:00:00+00:00,0.461933097,0,0,0.465999506
2021-03-19 02:00:00+00:00,0.441718855,0,0,0.463640318
2021-03-19 03:00:00+00:00,0.430579895,0,0,0.462446873
2021-03-19 04:00:00+00:00,0.418289685,0,0,0.461292454
2021-03-19 05:00:00+00:00,0.40362349,0,0,0.467228899
2021-03-19 06:00:00+00:00,0.409783904,0,0.006951387,0.477002597
2021-03-19 07:00:00+00:00,0.391149569,0,0.128037225,0.492368975
2021-03-19 08:00:00+00:00,0.384352293,0,0.305729304,0.501926871
2021-03-19 09:00:00+00:00,0.387138564,0,0.418063712,0.499305821
2021-03-19 10:00:00+00:00,0.402392631,0,0.47180159,0.494565789
2021-03-19 11:00:00+00:00,0.433721339,0,0.476718782,0.497384721
2021-03-19 12:00:00+00:00,0.45283332,0,0.450976699,0.496174676
2021-03-19 13:00:00+00:00,0.504100705,0,0.422732117,0.494301947
2021-03-19 14:00:00+00:00,0.532171619,0,0.397546146,0.497566992
2021-03-19 15:00:00+00:00,0.551430568,0,0.338261793,0.500398237
2021-03-19 16:00:00+00:00,0.560028204,0,0.267825953,0.505447183
2021-03-19 17:00:00+00:00,0.563010433,0,0.124261525,0.519244471
2021-03-19 18:00:00+00:00,0.55368408,0,0,0.545420676
2021-03-19 19:00:00+00:00,0.545221165,0,0,0.560330827
2021-03-19 20:00:00+00:00,0.529495574,0,0,0.555974576
2021-03-19 21:00:00+00:00,0.518062678,0,0,0.540417462
2021-03-19 22:00:00+00:00,0.518381109,0,0,0.532658748
2021-03-19 23:00:00+00:00,0.512416652,0,0,0.519101666
2021-03-20 00:00:00+00:00,0.498932325,0,0,0.506849503
2021-03-20 01:00:00+00:00,0.502030904,0,0,0.496372997
2021-03-20 02:00:00+00:00,0.509213971,0,0,0.499659589
2021-03-20 03:00:00+00:00,0.521632779,0,0,0.502816568
2021-03-20 04:00:00+00:00,0.526390872,0,0,0.502216768
2021-03-20 05:00:00+00:00,0.543898451,0,0,0.502909793
2021-03-20 06:00:00+00:00,0.557192944,0,0.010449032,0.504678743
2021-03-20 07:00:00+00:00,0.555784499,0,0.192736342,0.499214355
2021-03-20 08:00:00+00:00,0.568203307,0,0.4451229,0.498836182
2021-03-20 09:00:00+00:00,0.587082588,0,0.587267782,0.498280355
2021-03-20 10:00:00+00:00,0.60162631,0,0.640771507,0.498830575
2021-03-20 11:00:00+00:00,0.608631791,0,0.635254301,0.498882134
2021-03-20 12:00:00+00:00,0.602122328,0,0.630176131,0.494859973
2021-03-20 13:00:00+00:00,0.591546746,0,0.610697613,0.494573924
2021-03-20 14:00:00+00:00,0.578595179,0,0.588248293,0.496192265
2021-03-20 15:00:00+00:00,0.583892155,0,0.523036969,0.49586664
2021-03-20 16:00:00+00:00,0.574780131,0,0.398760809,0.499689931
2021-03-20 17:00:00+00:00,0.556262146,0,0.184145892,0.512762313
2021-03-20 18:00:00+00:00,0.537413482,0,0,0.535652585
2021-03-20 19:00:00+00:00,0.53008957,0,0,0.55516535
2021-03-20 20:00:00+00:00,0.52033456,0,0,0.557849063
2021-03-20 21:00:00+00:00,0.506090898,0,0,0.54663226
2021-03-20 22:00:00+00:00,0.495564306,0,0,0.528060202
2021-03-20 23:00:00+00:00,0.500910272,0,0,0.506713954
2021-03-21 00:00:00+00:00,0.493427144,0,0,0.496278014
2021-03-21 01:00:00+00:00,0.478166953,0,0,0.492179448
2021-03-21 02:00:00+00:00,0.467738339,0,0,0.486814441
2021-03-21 03:00:00+00:00,0.46618905,0,0,0.481687441
2021-03-21 04:00:00+00:00,0.46012049,0,0,0.481097424
2021-03-21 05:00:00+00:00,0.450726777,0,0,0.484038933
2021-03-21 06:00:00+00:00,0.444676589,0,0.016756501,0.483006101
2021-03-21 07:00:00+00:00,0.424750159,0,0.226937165,0.479983352
2021-03-21 08:00:00+00:00,0.424058184,0,0.496855851,0.475940742
2021-03-21 09:00:00+00:00,0.443629441,0,0.631171276,0.47534314
2021-03-21 10:00:00+00:00,0.45264961,0,0.6859043,0.477842933
2021-03-21 11:00:00+00:00,0.448724336,0,0.711807362,0.478042904
2021-03-21 12:00:00+00:00,0.44753022,0,0.720573426,0.474828758
2021-03-21 13:00:00+00:00,0.445270585,0,0.713226908,0.47131845
2021-03-21 14:00:00+00:00,0.451829038,0,0.683606684,0.470838478
2021-03-21 15:00:00+00:00,0.454364238,0,0.62916635,0.473742609
2021-03-21 16:00:00+00:00,0.463629355,0,0.47121621,0.476093771
2021-03-21 17:00:00+00:00,0.466660572,0,0.200697509,0.499364745
2021-03-21 18:00:00+00:00,0.459434639,0,0,0.56807503
2021-03-21 19:00:00+00:00,0.479716242,0,0,0.600633133
2021-03-21 20:00:00+00:00,0.492043194,0,0,0.593152772
2021-03-21 21:00:00+00:00,0.487413698,0,0,0.57528825
2021-03-21 22:00:00+00:00,0.470781804,0,0,0.560173072
2021-03-21 23:00:00+00:00,0.453035401,0,0,0.556938698
2021-03-22 00:00:00+00:00,0.448601863,0,0,0.550403772
2021-03-22 01:00:00+00:00,0.447983372,0,0,0.549677876
2021-03-22 02:00:00+00:00,0.451896398,0,0,0.547992476
2021-03-22 03:00:00+00:00,0.448754955,0,0,0.551353713
2021-03-22 04:00:00+00:00,0.439985856,0,0,0.554902498
2021-03-22 05:00:00+00:00,0.439355118,0,2.38192E-14,0.55025712
2021-03-22 06:00:00+00:00,0.432123061,0,0.018249219,0.574842687
2021-03-22 07:00:00+00:00,0.408240739,0,0.22825427,0.59856703
2021-03-22 08:00:00+00:00,0.401376102,0,0.491616701,0.604806784
2021-03-22 09:00:00+00:00,0.396685369,0,0.62640043,0.601084852
2021-03-22 10:00:00+00:00,0.383954254,0,0.698826562,0.595321444
2021-03-22 11:00:00+00:00,0.371210892,0,0.722680794,0.592623329
2021-03-22 12:00:00+00:00,0.363237871,0,0.730188292,0.600417992
2021-03-22 13:00:00+00:00,0.34859617,0,0.723105195,0.593821612
2021-03-22 14:00:00+00:00,0.339398414,0,0.68837753,0.626971601
2021-03-22 15:00:00+00:00,0.332166357,0,0.611722028,0.635340339
2021-03-22 16:00:00+00:00,0.320427278,0,0.45677196,0.620850466
2021-03-22 17:00:00+00:00,0.301125462,0,0.193877833,0.666663772
2021-03-22 18:00:00+00:00,0.288878118,0,0.00758067,0.678549084
2021-03-22 19:00:00+00:00,0.288700531,0,0,0.691313101
2021-03-22 20:00:00+00:00,0.288271874,0,0,0.675006566
2021-03-22 21:00:00+00:00,0.27440788,0,0,0.660207998
2021-03-22 22:00:00+00:00,0.253219974,0,0,0.630511921
2021-03-22 23:00:00+00:00,0.237653599,0,0,0.610901974
2021-03-23 00:00:00+00:00,0.227990444,0,0,0.592965445
2021-03-23 01:00:00+00:00,0.207378163,0,0,0.60195663
2021-03-23 02:00:00+00:00,0.179999224,0,0,0.603758781
2021-03-23 03:00:00+00:00,0.151989547,0,0,0.595457982
2021-03-23 04:00:00+00:00,0.13403494,0,0,0.569414687
2021-03-23 05:00:00+00:00,0.124904544,0,3.33468E-13,0.595880349
2021-03-23 06:00:00+00:00,0.111885617,0,0.024512785,0.631821017
2021-03-23 07:00:00+00:00,0.085866133,0,0.24735229,0.643609697
2021-03-23 08:00:00+00:00,0.054225118,0,0.51978811,0.662999006
2021-03-23 09:00:00+00:00,0.038230086,0,0.650854677,0.648853337
2021-03-23 10:00:00+00:00,0.038364807,0,0.707651164,0.630272264
2021-03-23 11:00:00+00:00,0.047146153,0,0.733129826,0.627409358
2021-03-23 12:00:00+00:00,0.059356756,0,0.73636405,0.634486371
2021-03-23 13:00:00+00:00,0.079466896,0,0.736115264,0.625480673
2021-03-23 14:00:00+00:00,0.094702592,0,0.711104906,0.618587361
2021-03-23 15:00:00+00:00,0.106533527,0,0.64842535,0.622772995
2021-03-23 16:00:00+00:00,0.109975031,0,0.508182953,0.650933731
2021-03-23 17:00:00+00:00,0.099926085,0,0.223790748,0.698944181
2021-03-23 18:00:00+00:00,0.091371315,0,0.009322175,0.720365514
2021-03-23 19:00:00+00:00,0.092167392,0,0,0.727632492
2021-03-23 20:00:00+00:00,0.078260532,0,0,0.714598367
2021-03-23 21:00:00+00:00,0.064335301,0,0,0.678344277
2021-03-23 22:00:00+00:00,0.05112654,0,0,0.65629698
2021-03-23 23:00:00+00:00,0.040312135,0,0,0.629507562
2021-03-24 00:00:00+00:00,0.034402791,0,0,0.615210513
2021-03-24 01:00:00+00:00,0.029442616,0,0,0.608506068
2021-03-24 02:00:00+00:00,0.027470794,0,0,0.609083662
2021-03-24 03:00:00+00:00,0.02938138,0,0,0.607965742
2021-03-24 04:00:00+00:00,0.028340355,0,0,0.608898313
2021-03-24 05:00:00+00:00,0.026925787,0,2.8583E-13,0.611669094
2021-03-24 06:00:00+00:00,0.022804556,0,0.024103019,0.638118046
2021-03-24 07:00:00+00:00,0.01722589,0,0.2307275,0.661719043
2021-03-24 08:00:00+00:00,0.009289611,0,0.467352703,0.675307895
2021-03-24 09:00:00+00:00,0.007685209,0,0.608853667,0.65918528
2021-03-24 10:00:00+00:00,0.008340442,0,0.694465482,0.642483971
2021-03-24 11:00:00+00:00,0.009197756,0,0.719841702,0.647659012
2021-03-24 12:00:00+00:00,0.013998715,0,0.725973556,0.638572733
2021-03-24 13:00:00+00:00,0.018958889,0,0.728241904,0.620491311
2021-03-24 14:00:00+00:00,0.026386904,0,0.707138957,0.610465535
2021-03-24 15:00:00+00:00,0.03523561,0,0.629561482,0.607244024
2021-03-24 16:00:00+00:00,0.04137153,0,0.487197082,0.610425299
2021-03-24 17:00:00+00:00,0.04720739,0,0.215946657,0.656594352
2021-03-24 18:00:00+00:00,0.053612751,0,0.008912409,0.706829869
2021-03-24 19:00:00+00:00,0.066803141,0,0,0.721778278
2021-03-24 20:00:00+00:00,0.07785637,0,0,0.68663815
2021-03-24 21:00:00+00:00,0.096080419,0,0,0.664642412
2021-03-24 22:00:00+00:00,0.119031942,0,0,0.632031541
2021-03-24 23:00:00+00:00,0.124788194,0,0,0.61785564
2021-03-25 00:00:00+00:00,0.125994558,0,0,0.609144126
2021-03-25 01:00:00+00:00,0.129625896,0,0,0.599157926
2021-03-25 02:00:00+00:00,0.124175827,0,0,0.593538311
2021-03-25 03:00:00+00:00,0.119350373,0,0,0.595138733
2021-03-25 04:00:00+00:00,0.111328363,0,0,0.597827173
2021-03-25 05:00:00+00:00,0.103875853,0,2.38192E-14,0.622177701
2021-03-25 06:00:00+00:00,0.091077378,0,0.024088384,0.64722873
2021-03-25 07:00:00+00:00,0.071665337,0,0.227815235,0.647315248
2021-03-25 08:00:00+00:00,0.047084916,0,0.451269389,0.650462114
2021-03-25 09:00:00+00:00,0.029846779,0,0.590648351,0.621922544
2021-03-25 10:00:00+00:00,0.018230172,0,0.687850688,0.604063519
2021-03-25 11:00:00+00:00,0.015866435,0,0.71902217,0.605123284
2021-03-25 12:00:00+00:00,0.019056868,0,0.71668065,0.617732513
2021-03-25 13:00:00+00:00,0.028083161,0,0.714822069,0.622002136
2021-03-25 14:00:00+00:00,0.038573012,0,0.683782298,0.621568006
2021-03-25 15:00:00+00:00,0.047452337,0,0.617283138,0.620948747
2021-03-25 16:00:00+00:00,0.054666023,0,0.455849987,0.636366465
2021-03-25 17:00:00+00:00,0.058511689,0,0.199307232,0.683487327
2021-03-25 18:00:00+00:00,0.069203621,0,0.008297761,0.710480233
2021-03-25 19:00:00+00:00,0.074561834,0,0,0.716520236
2021-03-25 20:00:00+00:00,0.075223191,0,0,0.70599283
2021-03-25 21:00:00+00:00,0.075033357,0,0,0.668655559
2021-03-25 22:00:00+00:00,0.074690431,0,0,0.641716301
2021-03-25 23:00:00+00:00,0.091524406,0,0,0.614660843
2021-03-26 00:00:00+00:00,0.109154459,0,0,0.594744839
2021-03-26 01:00:00+00:00,0.112185677,0,0,0.589689406
2021-03-26 02:00:00+00:00,0.113471648,0,0,0.588499809
2021-03-26 03:00:00+00:00,0.1098893,0,0,0.593700794
2021-03-26 04:00:00+00:00,0.110403688,0,0,0.6025074
2021-03-26 05:00:00+00:00,0.111952977,0,4.76383E-14,0.61259529
2021-03-26 06:00:00+00:00,0.111628423,0,0.018102874,0.636634484
2021-03-26 07:00:00+00:00,0.102638872,0,0.172409024,0.630274463
2021-03-26 08:00:00+00:00,0.085970236,0,0.401175501,0.641108695
2021-03-26 09:00:00+00:00,0.093085943,0,0.529344437,0.620421503
2021-03-26 10:00:00+00:00,0.107935848,0,0.58732632,0.607888568
2021-03-26 11:00:00+00:00,0.113698224,0,0.644561842,0.600094895
2021-03-26 12:00:00+00:00,0.128493016,0,0.641912998,0.595942792
2021-03-26 13:00:00+00:00,0.132375424,0,0.592550835,0.597101278
2021-03-26 14:00:00+00:00,0.132485651,0,0.513173317,0.589996892
2021-03-26 15:00:00+00:00,0.145780143,0,0.423419939,0.59050138
2021-03-26 16:00:00+00:00,0.169546115,0,0.305319538,0.605491344
2021-03-26 17:00:00+00:00,0.186827119,0,0.141515598,0.654406552
2021-03-26 18:00:00+00:00,0.225957385,0,0.007200173,0.681109451
2021-03-26 19:00:00+00:00,0.287604394,0,0,0.679531896
2021-03-26 20:00:00+00:00,0.31589576,0,0,0.65046816
2021-03-26 21:00:00+00:00,0.313280952,0,0,0.623176014
2021-03-26 22:00:00+00:00,0.319184172,0,0,0.599064262
2021-03-26 23:00:00+00:00,0.312209309,0,0,0.56792398
2021-03-27 00:00:00+00:00,0.293611716,0,0,0.528608663
2021-03-27 01:00:00+00:00,0.2694722,0,0,0.52769588
2021-03-27 02:00:00+00:00,0.258180148,0,0,0.522538099
2021-03-27 03:00:00+00:00,0.251640066,0,0,0.477626253
2021-03-27 04:00:00+00:00,0.250880731,0,0,0.504611464
2021-03-27 05:00:00+00:00,0.265467318,0,8.5749E-13,0.465020872
2021-03-27 06:00:00+00:00,0.277028812,0,0.018863868,0.45765979
2021-03-27 07:00:00+00:00,0.265026414,0,0.162384393,0.475969105
2021-03-27 08:00:00+00:00,0.244787677,0,0.348359597,0.524671371
2021-03-27 09:00:00+00:00,0.213097673,0,0.494133835,0.487287927
2021-03-27 10:00:00+00:00,0.184371526,0,0.5749309,0.478806726
2021-03-27 11:00:00+00:00,0.16553511,0,0.611180552,0.512927324
2021-03-27 12:00:00+00:00,0.153257147,0,0.62493698,0.526380737
2021-03-27 13:00:00+00:00,0.156735393,0,0.582965239,0.522276455
2021-03-27 14:00:00+00:00,0.157782541,0,0.534027477,0.518407652
2021-03-27 15:00:00+00:00,0.165871912,0,0.440791088,0.511999259
2021-03-27 16:00:00+00:00,0.173924541,0,0.30831961,0.537897771
2021-03-27 17:00:00+00:00,0.173979654,0,0.129925076,0.560595549
2021-03-27 18:00:00+00:00,0.17637401,0,0.005941606,0.557345565
2021-03-27 19:00:00+00:00,0.184555236,0,0,0.570565808
2021-03-27 20:00:00+00:00,0.179619556,0,0,0.575766024
2021-03-27 21:00:00+00:00,0.1761903,0,0,0.571350628
2021-03-27 22:00:00+00:00,0.184322537,0,0,0.527576821
2021-03-27 23:00:00+00:00,0.18137705,0,0,0.481236821
2021-03-28 00:00:00+00:00,0.170862705,0,0,0.460310852
2021-03-28 01:00:00+00:00,0.161934391,0,0,0.444755717
2021-03-28 02:00:00+00:00,0.153446981,0,0,0.439910808
2021-03-28 03:00:00+00:00,0.148517425,0,0,0.439193048
2021-03-28 04:00:00+00:00,0.1462088,0,0,0.43770355
2021-03-28 05:00:00+00:00,0.149901375,0,7.14575E-13,0.43484724
2021-03-28 06:00:00+00:00,0.162424284,0,0.024937185,0.439768993
2021-03-28 07:00:00+00:00,0.162393666,0,0.201765828,0.440404852
2021-03-28 08:00:00+00:00,0.151664992,0,0.440586205,0.438463965
2021-03-28 09:00:00+00:00,0.144169617,0,0.598185117,0.436259455
2021-03-28 10:00:00+00:00,0.15457986,0,0.686255528,0.435990776
2021-03-28 11:00:00+00:00,0.169111335,0,0.712934218,0.434268437
2021-03-28 12:00:00+00:00,0.184567484,0,0.715114759,0.43539933
2021-03-28 13:00:00+00:00,0.19816816,0,0.693631315,0.435087666
2021-03-28 14:00:00+00:00,0.193569282,0,0.658464616,0.43331212
2021-03-28 15:00:00+00:00,0.209619427,0,0.556915832,0.436967321
2021-03-28 16:00:00+00:00,0.24369154,0,0.387843473,0.455686581
2021-03-28 17:00:00+00:00,0.260298939,0,0.140374108,0.479925746
2021-03-28 18:00:00+00:00,0.285785663,0,0.006556255,0.499921892
2021-03-28 19:00:00+00:00,0.325760996,0,0,0.509231227
2021-03-28 20:00:00+00:00,0.350316922,0,0,0.499091449
2021-03-28 21:00:00+00:00,0.344291229,0,0,0.469438246
2021-03-28 22:00:00+00:00,0.327696077,0,0,0.443372195
2021-03-28 23:00:00+00:00,0.320757956,0,0,0.433601576
2021-03-29 00:00:00+00:00,0.315026199,0,0,0.429557098
2021-03-29 01:00:00+00:00,0.300329385,0,0,0.42766722
2021-03-29 02:00:00+00:00,0.293127946,0,0,0.430396556
2021-03-29 03:00:00+00:00,0.29698586,0,0,0.433119735
2021-03-29 04:00:00+00:00,0.30132142,0,0,0.442068926
2021-03-29 05:00:00+00:00,0.303244253,0,1.46345E-05,0.463834572
2021-03-29 06:00:00+00:00,0.310898843,0,0.020810257,0.487994254
2021-03-29 07:00:00+00:00,0.299043414,0,0.143915656,0.498833763
2021-03-29 08:00:00+00:00,0.284634413,0,0.322705322,0.495574435
2021-03-29 09:00:00+00:00,0.295007914,0,0.442722842,0.473822421
2021-03-29 10:00:00+00:00,0.318173766,0,0.532037185,0.465816575
2021-03-29 11:00:00+00:00,0.346875418,0,0.561511065,0.453576725
2021-03-29 12:00:00+00:00,0.376330282,0,0.575926045,0.442077611
2021-03-29 13:00:00+00:00,0.384578869,0,0.552144986,0.439820003
2021-03-29 14:00:00+00:00,0.413703054,0,0.492641116,0.448462697
2021-03-29 15:00:00+00:00,0.434915455,0,0.403209697,0.48823545
2021-03-29 16:00:00+00:00,0.449557156,0,0.249079161,0.537679661
2021-03-29 17:00:00+00:00,0.405185026,0,0.095577908,0.561191172
2021-03-29 18:00:00+00:00,0.38448089,0,0.006951387,0.574373488
2021-03-29 19:00:00+00:00,0.389128757,0,0,0.564475125
2021-03-29 20:00:00+00:00,0.391008725,0,0,0.535447228
2021-03-29 21:00:00+00:00,0.396795595,0,0,0.492379858
2021-03-29 22:00:00+00:00,0.383158177,0,0,0.436747562
2021-03-29 23:00:00+00:00,0.358020502,0,0,0.426573705
2021-03-30 00:00:00+00:00,0.335062854,0,0,0.426117698
2021-03-30 01:00:00+00:00,0.314358718,0,0,0.423970684
2021-03-30 02:00:00+00:00,0.314315853,0,0,0.422412147
2021-03-30 03:00:00+00:00,0.305742711,0,0,0.428666632
2021-03-30 04:00:00+00:00,0.302368568,0,0,0.450240552
2021-03-30 05:00:00+00:00,0.303501447,0,0.00013171,0.472227606
2021-03-30 06:00:00+00:00,0.304315896,0,0.015000361,0.481044326
2021-03-30 07:00:00+00:00,0.288492326,0,0.101021942,0.478200219
2021-03-30 08:00:00+00:00,0.258014809,0,0.222751698,0.462634091
2021-03-30 09:00:00+00:00,0.256379789,0,0.331207965,0.441324672
2021-03-30 10:00:00+00:00,0.265430576,0,0.432098196,0.434838556
2021-03-30 11:00:00+00:00,0.278939398,0,0.503353568,0.432600516
2021-03-30 12:00:00+00:00,0.295154882,0,0.536720225,0.434417178
2021-03-30 13:00:00+00:00,0.297249178,0,0.507085366,0.431480946
2021-03-30 14:00:00+00:00,0.296324503,0,0.460635468,0.436512963
2021-03-30 15:00:00+00:00,0.297500248,0,0.350188909,0.449063158
2021-03-30 16:00:00+00:00,0.305277312,0,0.231415321,0.473176778
2021-03-30 17:00:00+00:00,0.304909892,0,0.091758304,0.487156226
2021-03-30 18:00:00+00:00,0.321847969,0,0.006336738,0.503352607
2021-03-30 19:00:00+00:00,0.328920811,0,0,0.500557971
2021-03-30 20:00:00+00:00,0.337163274,0,0,0.483777949
2021-03-30 21:00:00+00:00,0.331523372,0,0,0.453641476
2021-03-30 22:00:00+00:00,0.324456654,0,0,0.435978793
2021-03-30 23:00:00+00:00,0.317438925,0,0,0.434318127
2021-03-31 00:00:00+00:00,0.307475711,0,0,0.428988739
2021-03-31 01:00:00+00:00,0.293685201,0,0,0.424423832
2021-03-31 02:00:00+00:00,0.28566319,0,0,0.423635384
2021-03-31 03:00:00+00:00,0.276489929,0,0,0.432235974
2021-03-31 04:00:00+00:00,0.273985347,0,0,0.461938208
2021-03-31 05:00:00+00:00,0.277628932,0,0.000146345,0.489183962
2021-03-31 06:00:00+00:00,0.279913061,0,0.032415414,0.499806901
2021-03-31 07:00:00+00:00,0.268186229,0,0.211717287,0.501908732
2021-03-31 08:00:00+00:00,0.239013054,0,0.436883677,0.480795105
2021-03-31 09:00:00+00:00,0.22858444,0,0.574243078,0.455744187
2021-03-31 10:00:00+00:00,0.238896704,0,0.66082077,0.442551317
2021-03-31 11:00:00+00:00,0.25152984,0,0.706612115,0.43675218
2021-03-31 12:00:00+00:00,0.281621566,0,0.718129465,0.436611904
2021-03-31 13:00:00+00:00,0.30168884,0,0.709041442,0.437064942
2021-03-31 14:00:00+00:00,0.316826558,0,0.655479178,0.435687028
2021-03-31 15:00:00+00:00,0.340917085,0,0.538812958,0.441147348
2021-03-31 16:00:00+00:00,0.369367667,0,0.337164206,0.46383842
2021-03-31 17:00:00+00:00,0.387855033,0,0.123500531,0.490260987
2021-03-31 18:00:00+00:00,0.424988982,0,0.008136781,0.511637136
2021-03-31 19:00:00+00:00,0.441871947,0,0,0.509088203
2021-03-31 20:00:00+00:00,0.443929501,0,0,0.482896827
2021-03-31 21:00:00+00:00,0.448479389,0,0,0.463673958
2021-03-31 22:00:00+00:00,0.45735259,0,0,0.44591948
2021-03-31 23:00:00+00:00,0.448473266,0,0,0.439959729
2021-04-01 00:00:00+00:00,0.437414301,0,0,0.434591204
2021-04-01 01:00:00+00:00,0.434664924,0,0,0.43286128
2021-04-01 02:00:00+00:00,0.419405573,0,0,0.430061696
2021-04-01 03:00:00+00:00,0.401764245,0,0,0.425287475
2021-04-01 04:00:00+00:00,0.369996384,0,0,0.431314726
2021-04-01 05:00:00+00:00,0.346292955,0,7.23797E-05,0.445547903
2021-04-01 06:00:00+00:00,0.328633257,0,0.021163813,0.473885523
2021-04-01 07:00:00+00:00,0.315149674,0,0.149377148,0.485101227
2021-04-01 08:00:00+00:00,0.270663647,0,0.325288681,0.481287061
2021-04-01 09:00:00+00:00,0.239716312,0,0.435986138,0.467776701
2021-04-01 10:00:00+00:00,0.254400069,0,0.495134798,0.463915483
2021-04-01 11:00:00+00:00,0.246421364,0,0.573623305,0.460088895
2021-04-01 12:00:00+00:00,0.21887248,0,0.565849729,0.451309882
2021-04-01 13:00:00+00:00,0.209154748,0,0.541095884,0.450166897
2021-04-01 14:00:00+00:00,0.212749146,0,0.51356266,0.451841524
2021-04-01 15:00:00+00:00,0.193546368,0,0.448956573,0.466358111
2021-04-01 16:00:00+00:00,0.178250277,0,0.309712578,0.495741425
2021-04-01 17:00:00+00:00,0.160945733,0,0.12246639,0.520437037
2021-04-01 18:00:00+00:00,0.164974887,0,0.008801367,0.528358233
2021-04-01 19:00:00+00:00,0.165789291,0,0,0.526958991
2021-04-01 20:00:00+00:00,0.159910889,0,0,0.521594973
2021-04-01 21:00:00+00:00,0.147064133,0,0,0.513137298
2021-04-01 22:00:00+00:00,0.126673428,0,0,0.493289124
2021-04-01 23:00:00+00:00,0.10888514,0,0,0.485420256
2021-04-02 00:00:00+00:00,0.09408504,0,0,0.480617452
2021-04-02 01:00:00+00:00,0.087233028,0,0,0.482563946
2021-04-02 02:00:00+00:00,0.089964035,0,0,0.482149934
2021-04-02 03:00:00+00:00,0.100581898,0,0,0.482613966
2021-04-02 04:00:00+00:00,0.103888499,0,0,0.488976186
2021-04-02 05:00:00+00:00,0.100967668,0,0.000173711,0.504757676
2021-04-02 06:00:00+00:00,0.087251398,0,0.032020763,0.51361859
2021-04-02 07:00:00+00:00,0.073308565,0,0.188331883,0.507904102
2021-04-02 08:00:00+00:00,0.072224734,0,0.357019925,0.49746959
2021-04-02 09:00:00+00:00,0.075139442,0,0.457063096,0.491493459
2021-04-02 10:00:00+00:00,0.081042337,0,0.523333915,0.488455098
2021-04-02 11:00:00+00:00,0.084244841,0,0.553371475,0.48477879
2021-04-02 12:00:00+00:00,0.094881073,0,0.561521425,0.47669588
2021-04-02 13:00:00+00:00,0.112938788,0,0.516935553,0.472010376
2021-04-02 14:00:00+00:00,0.138644547,0,0.466009222,0.468302187
2021-04-02 15:00:00+00:00,0.158478029,0,0.421032499,0.469680211
2021-04-02 16:00:00+00:00,0.171814652,0,0.342066287,0.476050567
2021-04-02 17:00:00+00:00,0.188819153,0,0.160248574,0.488723228
2021-04-02 18:00:00+00:00,0.179707631,0,0.014027179,0.504886299
2021-04-02 19:00:00+00:00,0.17673169,0,0,0.511077461
2021-04-02 20:00:00+00:00,0.170191969,0,0,0.510588584
2021-04-02 21:00:00+00:00,0.182022251,0,0,0.502753906
2021-04-02 22:00:00+00:00,0.211071352,0,0,0.488274806
2021-04-02 23:00:00+00:00,0.221548378,0,0,0.481476477
2021-04-03 00:00:00+00:00,0.23082523,0,0,0.476921025
2021-04-03 01:00:00+00:00,0.247927704,0,0,0.477471905
2021-04-03 02:00:00+00:00,0.270039066,0,0,0.4787334
2021-04-03 03:00:00+00:00,0.281759129,0,0,0.482301423
2021-04-03 04:00:00+00:00,0.2971287,0,0,0.485933209
2021-04-03 05:00:00+00:00,0.307011762,0,0.000202663,0.489299063
2021-04-03 06:00:00+00:00,0.318388918,0,0.034409292,0.49286181
2021-04-03 07:00:00+00:00,0.317103018,0,0.182280943,0.492702735
2021-04-03 08:00:00+00:00,0.325871633,0,0.365459394,0.48708367
2021-04-03 09:00:00+00:00,0.322999789,0,0.530542929,0.478373805
2021-04-03 10:00:00+00:00,0.314102584,0,0.627633009,0.469677683
2021-04-03 11:00:00+00:00,0.322522169,0,0.62702502,0.461124585
2021-04-03 12:00:00+00:00,0.334958662,0,0.604645228,0.447059827
2021-04-03 13:00:00+00:00,0.362507546,0,0.559885645,0.44065979
2021-04-03 14:00:00+00:00,0.392493516,0,0.524940743,0.438911617
2021-04-03 15:00:00+00:00,0.403540013,0,0.456643294,0.442674993
2021-04-03 16:00:00+00:00,0.433911753,0,0.318557373,0.45143037
2021-04-03 17:00:00+00:00,0.447628023,0,0.139446659,0.474306131
2021-04-03 18:00:00+00:00,0.446366616,0,0.014070606,0.486199139
2021-04-03 19:00:00+00:00,0.452226648,0,0,0.489862586
2021-04-03 20:00:00+00:00,0.448993527,0,0,0.483882607
2021-04-03 21:00:00+00:00,0.438792051,0,0,0.475428119
2021-04-03 22:00:00+00:00,0.429509076,0,0,0.460988047
2021-04-03 23:00:00+00:00,0.416086726,0,0,0.457495438
2021-04-04 00:00:00+00:00,0.40472794,0,0,0.459567697
2021-04-04 01:00:00+00:00,0.387778549,0,0,0.46617606
2021-04-04 02:00:00+00:00,0.37804857,0,0,0.463229934
2021-04-04 03:00:00+00:00,0.377944473,0,0,0.452500799
2021-04-04 04:00:00+00:00,0.3669041,0,0,0.450703045
2021-04-04 05:00:00+00:00,0.357621125,0,0.000246091,0.455886771
2021-04-04 06:00:00+00:00,0.353438887,0,0.045642615,0.465710489
2021-04-04 07:00:00+00:00,0.336979363,0,0.241183513,0.464316963
2021-04-04 08:00:00+00:00,0.321481202,0,0.443441243,0.453468549
2021-04-04 09:00:00+00:00,0.289817438,0,0.568831771,0.451124643
2021-04-04 10:00:00+00:00,0.250842412,0,0.622305866,0.450090382
2021-04-04 11:00:00+00:00,0.221879038,0,0.666008707,0.437629015
2021-04-04 12:00:00+00:00,0.20192309,0,0.680035885,0.41776391
2021-04-04 13:00:00+00:00,0.174998786,0,0.653602832,0.413651933
2021-04-04 14:00:00+00:00,0.155698035,0,0.627864624,0.415147587
2021-04-04 15:00:00+00:00,0.183467358,0,0.572885032,0.430941829
2021-04-04 16:00:00+00:00,0.196687638,0,0.459321341,0.456104111
2021-04-04 17:00:00+00:00,0.213655399,0,0.219252475,0.480309087
2021-04-04 18:00:00+00:00,0.212185799,0,0.018109392,0.507463706
2021-04-04 19:00:00+00:00,0.243886303,0,0,0.513541966
2021-04-04 20:00:00+00:00,0.253720379,0,0,0.506473638
2021-04-04 21:00:00+00:00,0.25908442,0,0,0.490995567
2021-04-04 22:00:00+00:00,0.25699024,0,0,0.454293825
2021-04-04 23:00:00+00:00,0.244094497,0,0,0.443716949
2021-04-05 00:00:00+00:00,0.208615895,0,0,0.440929898
2021-04-05 01:00:00+00:00,0.189302897,0,0,0.438867093
2021-04-05 02:00:00+00:00,0.188708933,0,0,0.432622613
2021-04-05 03:00:00+00:00,0.175788697,0,0,0.43210878
2021-04-05 04:00:00+00:00,0.165734181,0,0,0.432682307
2021-04-05 05:00:00+00:00,0.166279158,0,0.000260567,0.435872596
2021-04-05 06:00:00+00:00,0.16156419,0,0.04726392,0.448155431
2021-04-05 07:00:00+00:00,0.118596749,0,0.253690719,0.462532951
2021-04-05 08:00:00+00:00,0.072965658,0,0.456426155,0.468226332
2021-04-05 09:00:00+00:00,0.069401877,0,0.582960281,0.462045283
2021-04-05 10:00:00+00:00,0.077919436,0,0.660334141,0.461336428
2021-04-05 11:00:00+00:00,0.084465281,0,0.676865656,0.45655715
2021-04-05 12:00:00+00:00,0.093693146,0,0.709537836,0.439267034
2021-04-05 13:00:00+00:00,0.109166814,0,0.694815812,0.432950216
2021-04-05 14:00:00+00:00,0.130659719,0,0.684045719,0.430891369
2021-04-05 15:00:00+00:00,0.155391868,0,0.625201053,0.435503547
2021-04-05 16:00:00+00:00,0.185604402,0,0.49523613,0.446441228
2021-04-05 17:00:00+00:00,0.210703952,0,0.243441758,0.472095245
2021-04-05 18:00:00+00:00,0.227316559,0,0.022061321,0.4962679
2021-04-05 19:00:00+00:00,0.25579619,0,0,0.507144567
2021-04-05 20:00:00+00:00,0.25778015,0,0,0.500928779
2021-04-05 21:00:00+00:00,0.287968191,0,0,0.48411149
2021-04-05 22:00:00+00:00,0.305915685,0,0,0.452730781
2021-04-05 23:00:00+00:00,0.318958388,0,0,0.433936326
2021-04-06 00:00:00+00:00,0.329165988,0,0,0.428982362
2021-04-06 01:00:00+00:00,0.336477249,0,0,0.427581911
2021-04-06 02:00:00+00:00,0.336887513,0,0,0.431152573
2021-04-06 03:00:00+00:00,0.32615943,0,0,0.436380382
2021-04-06 04:00:00+00:00,0.348319779,0,0,0.438903591
2021-04-06 05:00:00+00:00,0.374233732,0,0.000231615,0.465770073
2021-04-06 06:00:00+00:00,0.383902478,0,0.060827869,0.490604201
2021-04-06 07:00:00+00:00,0.370669951,0,0.30703453,0.490213386
2021-04-06 08:00:00+00:00,0.357908921,0,0.51875952,0.463884812
2021-04-06 09:00:00+00:00,0.369714711,0,0.615979884,0.448545258
2021-04-06 10:00:00+00:00,0.377852623,0,0.670785764,0.442575612
2021-04-06 11:00:00+00:00,0.378385353,0,0.698840122,0.441789803
2021-04-06 12:00:00+00:00,0.390478939,0,0.719526229,0.439893109
2021-04-06 13:00:00+00:00,0.409700087,0,0.7078152,0.437228085
2021-04-06 14:00:00+00:00,0.422804024,0,0.67507064,0.440544579
2021-04-06 15:00:00+00:00,0.446348246,0,0.597305931,0.443985958
2021-04-06 16:00:00+00:00,0.457119192,0,0.451982043,0.453874207
2021-04-06 17:00:00+00:00,0.46190764,0,0.202967051,0.475851696
2021-04-06 18:00:00+00:00,0.46183416,0,0.022191605,0.499154771
2021-04-06 19:00:00+00:00,0.466151111,0,0,0.501151945
2021-04-06 20:00:00+00:00,0.47277656,0,0,0.486870068
2021-04-06 21:00:00+00:00,0.477264964,0,0,0.465965866
2021-04-06 22:00:00+00:00,0.479585708,0,0,0.449302044
2021-04-06 23:00:00+00:00,0.477754831,0,0,0.441834326
2021-04-07 00:00:00+00:00,0.47419105,0,0,0.437153879
2021-04-07 01:00:00+00:00,0.467455382,0,0,0.427318399
2021-04-07 02:00:00+00:00,0.45975835,0,0,0.426161232
2021-04-07 03:00:00+00:00,0.451938851,0,0,0.425378171
2021-04-07 04:00:00+00:00,0.449685464,0,0,0.428354858
2021-04-07 05:00:00+00:00,0.445570583,0,0.000303995,0.442580669
2021-04-07 06:00:00+00:00,0.427292428,0,0.051954122,0.460229721
2021-04-07 07:00:00+00:00,0.408928547,0,0.260349648,0.462662344
2021-04-07 08:00:00+00:00,0.386811062,0,0.426287263,0.463162215
2021-04-07 09:00:00+00:00,0.343096574,0,0.512071639,0.460868768
2021-04-07 10:00:00+00:00,0.294807956,0,0.572682369,0.456052552
2021-04-07 11:00:00+00:00,0.242147276,0,0.610348746,0.459620136
2021-04-07 12:00:00+00:00,0.205462377,0,0.622146631,0.461838827
2021-04-07 13:00:00+00:00,0.186731096,0,0.605933586,0.462173247
2021-04-07 14:00:00+00:00,0.186884179,0,0.558438052,0.462633651
2021-04-07 15:00:00+00:00,0.210214085,0,0.487925784,0.470875416
2021-04-07 16:00:00+00:00,0.220342081,0,0.379544477,0.485985537
2021-04-07 17:00:00+00:00,0.227132859,0,0.182758649,0.510840004
2021-04-07 18:00:00+00:00,0.235056454,0,0.021974466,0.533544048
2021-04-07 19:00:00+00:00,0.251258798,0,0,0.534755193
2021-04-07 20:00:00+00:00,0.262286924,0,0,0.532293437
2021-04-07 21:00:00+00:00,0.278483145,0,0,0.502386726
2021-04-07 22:00:00+00:00,0.287643654,0,0,0.460887347
2021-04-07 23:00:00+00:00,0.285145333,0,0,0.438096455
2021-04-08 00:00:00+00:00,0.280638559,0,0,0.428114652
2021-04-08 01:00:00+00:00,0.268012243,0,0,0.422403132
2021-04-08 02:00:00+00:00,0.264277008,0,0,0.424480778
2021-04-08 03:00:00+00:00,0.259678384,0,0,0.429341188
2021-04-08 04:00:00+00:00,0.249219728,0,0,0.447220991
2021-04-08 05:00:00+00:00,0.237156758,0,0.000246091,0.484824852
2021-04-08 06:00:00+00:00,0.226042906,0,0.024565658,0.560601705
2021-04-08 07:00:00+00:00,0.205903257,0,0.123291518,0.571842584
2021-04-08 08:00:00+00:00,0.194079098,0,0.235451044,0.505933642
2021-04-08 09:00:00+00:00,0.188415013,0,0.334726989,0.47334003
2021-04-08 10:00:00+00:00,0.171643199,0,0.405427444,0.463114723
2021-04-08 11:00:00+00:00,0.160198686,0,0.467789762,0.459235806
2021-04-08 12:00:00+00:00,0.169053028,0,0.506512881,0.450723383
2021-04-08 13:00:00+00:00,0.182034498,0,0.50463101,0.452006315
2021-04-08 14:00:00+00:00,0.186829069,0,0.45604978,0.458020264
2021-04-08 15:00:00+00:00,0.194305661,0,0.379920851,0.470711724
2021-04-08 16:00:00+00:00,0.203974407,0,0.27870513,0.502909573
2021-04-08 17:00:00+00:00,0.217929487,0,0.128068576,0.53828276
2021-04-08 18:00:00+00:00,0.226018412,0,0.016618371,0.613305684
2021-04-08 19:00:00+00:00,0.231823334,0,0,0.610386272
2021-04-08 20:00:00+00:00,0.233966501,0,0,0.528902737
2021-04-08 21:00:00+00:00,0.232833684,0,0,0.486071066
2021-04-08 22:00:00+00:00,0.222436261,0,0,0.460437716
2021-04-08 23:00:00+00:00,0.222332165,0,0,0.448778428
2021-04-09 00:00:00+00:00,0.226306209,0,0,0.438563455
2021-04-09 01:00:00+00:00,0.217562087,0,0,0.434236666
2021-04-09 02:00:00+00:00,0.200239173,0,0,0.439011327
2021-04-09 03:00:00+00:00,0.193895398,0,0,0.446929335
2021-04-09 04:00:00+00:00,0.20537665,0,0,0.489288509
2021-04-09 05:00:00+00:00,0.220054284,0,0.000115807,0.537650749
2021-04-09 06:00:00+00:00,0.22860246,0,0.015416868,0.571869188
2021-04-09 07:00:00+00:00,0.227879906,0,0.090590386,0.590042735
2021-04-09 08:00:00+00:00,0.234940111,0,0.173334817,0.576746637
2021-04-09 09:00:00+00:00,0.236060681,0,0.242081021,0.505417391
2021-04-09 10:00:00+00:00,0.223948725,0,0.298189735,0.490515155
2021-04-09 11:00:00+00:00,0.218290764,0,0.35259029,0.479136089
2021-04-09 12:00:00+00:00,0.198028649,0,0.419280912,0.465146636
2021-04-09 13:00:00+00:00,0.186424929,0,0.444382179,0.459580889
2021-04-09 14:00:00+00:00,0.16301542,0,0.429312733,0.454994765
2021-04-09 15:00:00+00:00,0.138179174,0,0.379008867,0.466751895
2021-04-09 16:00:00+00:00,0.129410558,0,0.277243061,0.498081374
2021-04-09 17:00:00+00:00,0.129918795,0,0.135132831,0.558118512
2021-04-09 18:00:00+00:00,0.139256881,0,0.018369958,0.578239433
2021-04-09 19:00:00+00:00,0.152195487,0,0,0.572625645
2021-04-09 20:00:00+00:00,0.165164711,0,0,0.516346276
2021-04-09 21:00:00+00:00,0.173376103,0,0,0.486781241
2021-04-09 22:00:00+00:00,0.171539102,0,0,0.469156375
2021-04-09 23:00:00+00:00,0.167320124,0,0,0.450134906
2021-04-10 00:00:00+00:00,0.169236728,0,0,0.439989961
2021-04-10 01:00:00+00:00,0.166138321,0,0,0.432956373
2021-04-10 02:00:00+00:00,0.148772543,0,0,0.429482233
2021-04-10 03:00:00+00:00,0.134064293,0,0,0.427790566
2021-04-10 04:00:00+00:00,0.124401671,0,0,0.430231105
2021-04-10 05:00:00+00:00,0.114561471,0,0.000130283,0.446638889
2021-04-10 06:00:00+00:00,0.112106014,0,0.018847664,0.465542069
2021-04-10 07:00:00+00:00,0.101524892,0,0.096322855,0.490367183
2021-04-10 08:00:00+00:00,0.092688919,0,0.199174357,0.498531554
2021-04-10 09:00:00+00:00,0.094495303,0,0.298334495,0.484124792
2021-04-10 10:00:00+00:00,0.102045375,0,0.387636523,0.475024661
2021-04-10 11:00:00+00:00,0.108823907,0,0.446220622,0.467274082
2021-04-10 12:00:00+00:00,0.10883003,0,0.445424446,0.462241406
2021-04-10 13:00:00+00:00,0.113955261,0,0.449159236,0.461756376
2021-04-10 14:00:00+00:00,0.125062991,0,0.422089242,0.46305261
2021-04-10 15:00:00+00:00,0.128877828,0,0.358699134,0.468445651
2021-04-10 16:00:00+00:00,0.13405817,0,0.229819906,0.477808414
2021-04-10 17:00:00+00:00,0.135613497,0,0.107092949,0.493477221
2021-04-10 18:00:00+00:00,0.132190552,0,0.014910211,0.514337449
2021-04-10 19:00:00+00:00,0.146782459,0,0,0.518609051
2021-04-10 20:00:00+00:00,0.143371762,0,0,0.510173693
2021-04-10 21:00:00+00:00,0.144633169,0,0,0.496271858
2021-04-10 22:00:00+00:00,0.151087164,0,0,0.475245519
2021-04-10 23:00:00+00:00,0.143304405,0,0,0.462898922
2021-04-11 00:00:00+00:00,0.146151756,0,0,0.461899841
2021-04-11 01:00:00+00:00,0.156916579,0,0,0.458365237
2021-04-11 02:00:00+00:00,0.167222151,0,0,0.455375468
2021-04-11 03:00:00+00:00,0.173339363,0,0,0.458491332
2021-04-11 04:00:00+00:00,0.174937553,0,0,0.464129525
2021-04-11 05:00:00+00:00,0.195628301,0,0.000376374,0.473930046
2021-04-11 06:00:00+00:00,0.215927156,0,0.026042203,0.490151822
2021-04-11 07:00:00+00:00,0.233311304,0,0.124058742,0.501568046
2021-04-11 08:00:00+00:00,0.254038792,0,0.250896864,0.511042392
2021-04-11 09:00:00+00:00,0.287980437,0,0.377952124,0.507776798
2021-04-11 10:00:00+00:00,0.326496214,0,0.449593514,0.503317978
2021-04-11 11:00:00+00:00,0.369843301,0,0.489851083,0.498556949
2021-04-11 12:00:00+00:00,0.402970542,0,0.501793727,0.484142381
2021-04-11 13:00:00+00:00,0.411145194,0,0.495424317,0.47759844
2021-04-11 14:00:00+00:00,0.41987707,0,0.480600962,0.477016448
2021-04-11 15:00:00+00:00,0.450934624,0,0.431874973,0.481334003
2021-04-11 16:00:00+00:00,0.470235376,0,0.366081859,0.495091934
2021-04-11 17:00:00+00:00,0.489517757,0,0.195265855,0.511632959
2021-04-11 18:00:00+00:00,0.473891007,0,0.024695941,0.531359436
2021-04-11 19:00:00+00:00,0.481300242,0,0,0.533445547
2021-04-11 20:00:00+00:00,0.494906292,0,0,0.529138656
2021-04-11 21:00:00+00:00,0.477656857,0,0,0.518319705
2021-04-11 22:00:00+00:00,0.458178529,0,0,0.49957428
2021-04-11 23:00:00+00:00,0.449991631,0,0,0.489962626
2021-04-12 00:00:00+00:00,0.434628184,0,0,0.483616566
2021-04-12 01:00:00+00:00,0.41866465,0,0,0.481664025
2021-04-12 02:00:00+00:00,0.401617285,0,0,0.4915581
2021-04-12 03:00:00+00:00,0.384178028,0,0,0.53078558
2021-04-12 04:00:00+00:00,0.361784992,0,0,0.540661736
2021-04-12 05:00:00+00:00,0.353769547,0,0.001114647,0.56060962
2021-04-12 06:00:00+00:00,0.348815769,0,0.07473924,0.554842034
2021-04-12 07:00:00+00:00,0.341682084,0,0.302923365,0.534376359
2021-04-12 08:00:00+00:00,0.324677583,0,0.46637112,0.498583333
2021-04-12 09:00:00+00:00,0.272959897,0,0.559538222,0.478496712
2021-04-12 10:00:00+00:00,0.232625491,0,0.616993199,0.468356824
2021-04-12 11:00:00+00:00,0.201022959,0,0.649636427,0.4637043
2021-04-12 12:00:00+00:00,0.184894095,0,0.641891803,0.462978295
2021-04-12 13:00:00+00:00,0.177221557,0,0.650447079,0.458312689
2021-04-12 14:00:00+00:00,0.187906776,0,0.613721638,0.45959595
2021-04-12 15:00:00+00:00,0.190827607,0,0.516457847,0.475014987
2021-04-12 16:00:00+00:00,0.192089014,0,0.394136217,0.505000081
2021-04-12 17:00:00+00:00,0.184551189,0,0.196076507,0.571168027
2021-04-12 18:00:00+00:00,0.176284687,0,0.02498546,0.597291354
2021-04-12 19:00:00+00:00,0.187851666,0,0,0.578666087
2021-04-12 20:00:00+00:00,0.195842618,0,0,0.543403823
2021-04-12 21:00:00+00:00,0.195640548,0,0,0.522658257
2021-04-12 22:00:00+00:00,0.189119196,0,0,0.471781603
2021-04-12 23:00:00+00:00,0.180785338,0,0,0.448445327
2021-04-13 00:00:00+00:00,0.170081748,0,0,0.44191227
2021-04-13 01:00:00+00:00,0.155918475,0,0,0.438896226
2021-04-13 02:00:00+00:00,0.144461716,0,0,0.436184919
2021-04-13 03:00:00+00:00,0.133164163,0,0,0.440037123
2021-04-13 04:00:00+00:00,0.133035573,0,0,0.459414009
2021-04-13 05:00:00+00:00,0.132270156,0,0.001664732,0.476371464
2021-04-13 06:00:00+00:00,0.127163295,0,0.064331044,0.480133961
2021-04-13 07:00:00+00:00,0.122258503,0,0.226722056,0.48167249
2021-04-13 08:00:00+00:00,0.118321199,0,0.363157721,0.480298863
2021-04-13 09:00:00+00:00,0.111769231,0,0.457178903,0.47197014
2021-04-13 10:00:00+00:00,0.107623733,0,0.533800014,0.468990374
2021-04-13 11:00:00+00:00,0.1086647,0,0.566515622,0.466360969
2021-04-13 12:00:00+00:00,0.115914728,0,0.565198312,0.462044184
2021-04-13 13:00:00+00:00,0.108928003,0,0.531368058,0.460337016
2021-04-13 14:00:00+00:00,0.103123082,0,0.468774125,0.45984726
2021-04-13 15:00:00+00:00,0.097587587,0,0.367514977,0.46898147
2021-04-13 16:00:00+00:00,0.098597938,0,0.271264501,0.49319447
2021-04-13 17:00:00+00:00,0.09289099,0,0.124391689,0.52281931
2021-04-13 18:00:00+00:00,0.088225008,0,0.022133701,0.540084691
2021-04-13 19:00:00+00:00,0.089008795,0,0,0.532155909
2021-04-13 20:00:00+00:00,0.092058216,0,0,0.515929296
2021-04-13 21:00:00+00:00,0.091703063,0,0,0.512861143
2021-04-13 22:00:00+00:00,0.088665888,0,0,0.521791426
2021-04-13 23:00:00+00:00,0.087643292,0,0,0.450923134
2021-04-14 00:00:00+00:00,0.090882536,0,0,0.423092969
2021-04-14 01:00:00+00:00,0.088445448,0,0,0.417659143
2021-04-14 02:00:00+00:00,0.084863298,0,0,0.422033754
2021-04-14 03:00:00+00:00,0.085432768,0,0,0.458035105
2021-04-14 04:00:00+00:00,0.087845362,0,0,0.516146746
2021-04-14 05:00:00+00:00,0.094134026,0,0.002127962,0.537305775
2021-04-14 06:00:00+00:00,0.108119723,0,0.02840178,0.573817771
2021-04-14 07:00:00+00:00,0.115186052,0,0.115329755,0.572510983
2021-04-14 08:00:00+00:00,0.130671965,0,0.231672825,0.535831228
2021-04-14 09:00:00+00:00,0.159598599,0,0.34226895,0.50959434
2021-04-14 10:00:00+00:00,0.181256835,0,0.452257086,0.459959063
2021-04-14 11:00:00+00:00,0.182450885,0,0.478762519,0.445047042
2021-04-14 12:00:00+00:00,0.188641576,0,0.482048555,0.44089362
2021-04-14 13:00:00+00:00,0.196418212,0,0.439272174,0.438303681
2021-04-14 14:00:00+00:00,0.202082296,0,0.358235904,0.435278182
2021-04-14 15:00:00+00:00,0.2165946,0,0.296452624,0.44166173
2021-04-14 16:00:00+00:00,0.24376996,0,0.197567528,0.464838601
2021-04-14 17:00:00+00:00,0.267975503,0,0.099218042,0.487129402
2021-04-14 18:00:00+00:00,0.292150428,0,0.014331173,0.528608443
2021-04-14 19:00:00+00:00,0.330176338,0,0,0.501842442
2021-04-14 20:00:00+00:00,0.368110397,0,0,0.462922558
2021-04-14 21:00:00+00:00,0.378244516,0,0,0.439648175
2021-04-14 22:00:00+00:00,0.373523425,0,0,0.416386325
2021-04-14 23:00:00+00:00,0.359549975,0,0,0.401035118
2021-04-15 00:00:00+00:00,0.32740859,0,0,0.396862457
2021-04-15 01:00:00+00:00,0.305768725,0,0,0.393035758
2021-04-15 02:00:00+00:00,0.29661434,0,0,0.39393546
2021-04-15 03:00:00+00:00,0.291978975,0,0,0.395727606
2021-04-15 04:00:00+00:00,0.294856942,0,0,0.40497373
2021-04-15 05:00:00+00:00,0.298849357,0,0.000622465,0.456663456
2021-04-15 06:00:00+00:00,0.29722055,0,0.017776445,0.487435019
2021-04-15 07:00:00+00:00,0.287172157,0,0.075101138,0.471591637
2021-04-15 08:00:00+00:00,0.281452963,0,0.157845569,0.46016398
2021-04-15 09:00:00+00:00,0.269396116,0,0.239851727,0.448916945
2021-04-15 10:00:00+00:00,0.244235333,0,0.31191292,0.442364979
2021-04-15 11:00:00+00:00,0.215535263,0,0.368658575,0.432652185
2021-04-15 12:00:00+00:00,0.193093241,0,0.367978206,0.42432731
2021-04-15 13:00:00+00:00,0.189847873,0,0.395699617,0.424689433
2021-04-15 14:00:00+00:00,0.208713868,0,0.392992618,0.423479498
2021-04-15 15:00:00+00:00,0.240487852,0,0.312173486,0.429859087
2021-04-15 16:00:00+00:00,0.272568004,0,0.223450495,0.454234241
2021-04-15 17:00:00+00:00,0.297024603,0,0.132946965,0.475471214
2021-04-15 18:00:00+00:00,0.32483679,0,0.024927556,0.503410653
2021-04-15 19:00:00+00:00,0.344321241,0,0,0.478589936
2021-04-15 20:00:00+00:00,0.375146109,0,0,0.458187693
2021-04-15 21:00:00+00:00,0.391770963,0,0,0.449169684
2021-04-15 22:00:00+00:00,0.387258065,0,0,0.465902763
2021-04-15 23:00:00+00:00,0.367442954,0,0,0.411336609
2021-04-16 00:00:00+00:00,0.35124061,0,0,0.396954362
2021-04-16 01:00:00+00:00,0.331725542,0,0,0.394052869
2021-04-16 02:00:00+00:00,0.321971069,0,0,0.389800286
2021-04-16 03:00:00+00:00,0.318786935,0,0,0.391966539
2021-04-16 04:00:00+00:00,0.317960285,0,0,0.405586942
2021-04-16 05:00:00+00:00,0.316466191,0,0.002156914,0.456374329
2021-04-16 06:00:00+00:00,0.309332506,0,0.090503531,0.466402194
2021-04-16 07:00:00+00:00,0.313588224,0,0.288056583,0.475366336
2021-04-16 08:00:00+00:00,0.335448529,0,0.45736709,0.480722109
2021-04-16 09:00:00+00:00,0.331021358,0,0.569454236,0.474752684
2021-04-16 10:00:00+00:00,0.329068014,0,0.656917821,0.442387185
2021-04-16 11:00:00+00:00,0.327959691,0,0.668397235,0.421845216
2021-04-16 12:00:00+00:00,0.334719852,0,0.658698361,0.419502849
2021-04-16 13:00:00+00:00,0.343427234,0,0.640791632,0.41552675
2021-04-16 14:00:00+00:00,0.362348339,0,0.606642907,0.412890529
2021-04-16 15:00:00+00:00,0.388427622,0,0.533626303,0.412983973
2021-04-16 16:00:00+00:00,0.399719052,0,0.446061387,0.418928663
2021-04-16 17:00:00+00:00,0.387968372,0,0.251128479,0.454859107
2021-04-16 18:00:00+00:00,0.398139231,0,0.04416607,0.515641049
2021-04-16 19:00:00+00:00,0.410398148,0,0,0.535024751
2021-04-16 20:00:00+00:00,0.409185727,0,0,0.510608153
2021-04-16 21:00:00+00:00,0.39437338,0,0,0.482751164
2021-04-16 22:00:00+00:00,0.374270472,0,0,0.412108237
2021-04-16 23:00:00+00:00,0.362201379,0,0,0.38171111
2021-04-17 00:00:00+00:00,0.35076299,0,0,0.373246509
2021-04-17 01:00:00+00:00,0.340965654,0,0,0.365305304
2021-04-17 02:00:00+00:00,0.318376672,0,0,0.361422759
2021-04-17 03:00:00+00:00,0.302535604,0,0,0.361808628
2021-04-17 04:00:00+00:00,0.30021486,0,0,0.363380247
2021-04-17 05:00:00+00:00,0.301629351,0,0.001997679,0.37093932
2021-04-17 06:00:00+00:00,0.295022273,0,0.099854983,0.381564348
2021-04-17 07:00:00+00:00,0.300551644,0,0.342471613,0.384530262
2021-04-17 08:00:00+00:00,0.305040048,0,0.516486799,0.379508029
2021-04-17 09:00:00+00:00,0.295316193,0,0.623377085,0.375125723
2021-04-17 10:00:00+00:00,0.289578628,0,0.719106427,0.376954039
2021-04-17 11:00:00+00:00,0.288709114,0,0.748391239,0.374378391
2021-04-17 12:00:00+00:00,0.298181913,0,0.749259795,0.370360627
2021-04-17 13:00:00+00:00,0.305180885,0,0.738750268,0.368588598
2021-04-17 14:00:00+00:00,0.317286718,0,0.714199086,0.36840226
2021-04-17 15:00:00+00:00,0.337769273,0,0.64371577,0.372350875
2021-04-17 16:00:00+00:00,0.351779463,0,0.535160752,0.385918291
2021-04-17 17:00:00+00:00,0.353983864,0,0.280471194,0.398054473
2021-04-17 18:00:00+00:00,0.343604811,0,0.05068024,0.413829367
2021-04-17 19:00:00+00:00,0.339704247,0,0,0.419296723
2021-04-17 20:00:00+00:00,0.335093376,0,0,0.41621109
2021-04-17 21:00:00+00:00,0.324604103,0,0,0.402773507
2021-04-17 22:00:00+00:00,0.327286124,0,0,0.382381928
2021-04-17 23:00:00+00:00,0.327622907,0,0,0.365530339
2021-04-18 00:00:00+00:00,0.323293709,0,0,0.358394952
2021-04-18 01:00:00+00:00,0.308365019,0,0,0.356643371
2021-04-18 02:00:00+00:00,0.284600357,0,0,0.353375138
2021-04-18 03:00:00+00:00,0.267669336,0,0,0.351357956
2021-04-18 04:00:00+00:00,0.238712085,0,0,0.352956729
2021-04-18 05:00:00+00:00,0.225252995,0,0.003039946,0.358568209
2021-04-18 06:00:00+00:00,0.20306203,0,0.110567173,0.361950553
2021-04-18 07:00:00+00:00,0.174919183,0,0.383062128,0.364101415
2021-04-18 08:00:00+00:00,0.157884065,0,0.607598319,0.362091379
2021-04-18 09:00:00+00:00,0.133121299,0,0.701909019,0.360763264
2021-04-18 10:00:00+00:00,0.114040988,0,0.754022377,0.359960635
2021-04-18 11:00:00+00:00,0.104274269,0,0.76928001,0.357839015
2021-04-18 12:00:00+00:00,0.103551715,0,0.762954027,0.358729812
2021-04-18 13:00:00+00:00,0.10883003,0,0.747566111,0.358495432
2021-04-18 14:00:00+00:00,0.108364657,0,0.693310315,0.360281862
2021-04-18 15:00:00+00:00,0.113036761,0,0.612418804,0.377399712
2021-04-18 16:00:00+00:00,0.130598485,0,0.471987782,0.424036754
2021-04-18 17:00:00+00:00,0.134639886,0,0.250187543,0.427968
2021-04-18 18:00:00+00:00,0.1232811,0,0.046974401,0.430208568
2021-04-18 19:00:00+00:00,0.116288252,0,0,0.465017024
2021-04-18 20:00:00+00:00,0.101782072,0,0,0.424750667
2021-04-18 21:00:00+00:00,0.094734113,0,0,0.412263464
2021-04-18 22:00:00+00:00,0.0958853,0,0,0.433736356
2021-04-18 23:00:00+00:00,0.103221055,0,0,0.43220915
2021-04-19 00:00:00+00:00,0.10732369,0,0,0.37691787
2021-04-19 01:00:00+00:00,0.114708432,0,0,0.359530243
2021-04-19 02:00:00+00:00,0.120390886,0,0,0.366641884
2021-04-19 03:00:00+00:00,0.12056234,0,0,0.419045743
2021-04-19 04:00:00+00:00,0.113973631,0,0,0.465678058
2021-04-19 05:00:00+00:00,0.107972763,0,0.003430796,0.468138055
2021-04-19 06:00:00+00:00,0.091256059,0,0.0876952,0.468835477
2021-04-19 07:00:00+00:00,0.065568669,0,0.267023053,0.482097825
2021-04-19 08:00:00+00:00,0.048766239,0,0.405601155,0.488691897
2021-04-19 09:00:00+00:00,0.049476545,0,0.508061806,0.464219671
2021-04-19 10:00:00+00:00,0.05519574,0,0.594019894,0.453181841
2021-04-19 11:00:00+00:00,0.062800922,0,0.636752847,0.458768256
2021-04-19 12:00:00+00:00,0.074257682,0,0.631382276,0.421427467
2021-04-19 13:00:00+00:00,0.09579345,0,0.603096304,0.405187771
2021-04-19 14:00:00+00:00,0.117194505,0,0.549709064,0.394347713
2021-04-19 15:00:00+00:00,0.129404435,0,0.480760197,0.408723914
2021-04-19 16:00:00+00:00,0.133409096,0,0.343846827,0.467849917
2021-04-19 17:00:00+00:00,0.119521373,0,0.171105523,0.518630049
2021-04-19 18:00:00+00:00,0.111236501,0,0.035523939,0.54199007
2021-04-19 19:00:00+00:00,0.117788469,0,0,0.548378784
2021-04-19 20:00:00+00:00,0.112228481,0,0,0.524617943
2021-04-19 21:00:00+00:00,0.097985604,0,0,0.498128975
2021-04-19 22:00:00+00:00,0.093411473,0,0,0.43605003
2021-04-19 23:00:00+00:00,0.084201977,0,0,0.408656744
2021-04-20 00:00:00+00:00,0.076100805,0,0,0.390599507
2021-04-20 01:00:00+00:00,0.068293553,0,0,0.381020503
2021-04-20 02:00:00+00:00,0.065709506,0,0,0.385514063
2021-04-20 03:00:00+00:00,0.059420841,0,0,0.408411591
2021-04-20 04:00:00+00:00,0.057614457,0,0,0.442398618
2021-04-20 05:00:00+00:00,0.057718554,0,0.001491021,0.463329424
2021-04-20 06:00:00+00:00,0.048098795,0,0.083482703,0.505833712
2021-04-20 07:00:00+00:00,0.028932757,0,0.285262728,0.498429865
2021-04-20 08:00:00+00:00,0.022919642,0,0.442949061,0.467935886
2021-04-20 09:00:00+00:00,0.022564489,0,0.54591637,0.455919752
2021-04-20 10:00:00+00:00,0.030188041,0,0.619714674,0.416869266
2021-04-20 11:00:00+00:00,0.048055932,0,0.616877391,0.406595368
2021-04-20 12:00:00+00:00,0.071440948,0,0.588880938,0.405567374
2021-04-20 13:00:00+00:00,0.079848286,0,0.514662831,0.402866072
2021-04-20 14:00:00+00:00,0.09621596,0,0.468846505,0.411254928
2021-04-20 15:00:00+00:00,0.112124384,0,0.404066706,0.426184098
2021-04-20 16:00:00+00:00,0.12348317,0,0.319802303,0.467580029
2021-04-20 17:00:00+00:00,0.12335458,0,0.178140826,0.524950824
2021-04-20 18:00:00+00:00,0.113496011,0,0.035451559,0.562926043
2021-04-20 19:00:00+00:00,0.103955856,0,0,0.575844517
2021-04-20 20:00:00+00:00,0.094917813,0,0,0.536404645
2021-04-20 21:00:00+00:00,0.075335389,0,0,0.473960938
2021-04-20 22:00:00+00:00,0.062035505,0,0,0.486827963
2021-04-20 23:00:00+00:00,0.059304498,0,0,0.466498277
2021-04-21 00:00:00+00:00,0.05343222,0,0,0.449245099
2021-04-21 01:00:00+00:00,0.043194004,0,0,0.448516455
2021-04-21 02:00:00+00:00,0.036464459,0,0,0.438548504
2021-04-21 03:00:00+00:00,0.031400461,0,0,0.401755956
2021-04-21 04:00:00+00:00,0.028363287,0,0,0.434307903
2021-04-21 05:00:00+00:00,0.024517833,0,0.001650256,0.477235767
2021-04-21 06:00:00+00:00,0.019655905,0,0.052634491,0.538036508
2021-04-21 07:00:00+00:00,0.016618731,0,0.160422285,0.542139141
2021-04-21 08:00:00+00:00,0.01555327,0,0.264316053,0.529859604
2021-04-21 09:00:00+00:00,0.019723262,0,0.385609892,0.501003314
2021-04-21 10:00:00+00:00,0.026942673,0,0.482888159,0.481695246
2021-04-21 11:00:00+00:00,0.030996321,0,0.517558018,0.423127928
2021-04-21 12:00:00+00:00,0.045735188,0,0.48957604,0.406199056
2021-04-21 13:00:00+00:00,0.059102428,0,0.447755071,0.39752569
2021-04-21 14:00:00+00:00,0.073314688,0,0.372610505,0.406515336
2021-04-21 15:00:00+00:00,0.09369927,0,0.277981334,0.409179151
2021-04-21 16:00:00+00:00,0.107188976,0,0.181470291,0.44566839
2021-04-21 17:00:00+00:00,0.12271163,0,0.090503531,0.481166903
2021-04-21 18:00:00+00:00,0.121603307,0,0.018109392,0.513341226
2021-04-21 19:00:00+00:00,0.12133388,0,0,0.514151221
2021-04-21 20:00:00+00:00,0.13383773,0,0,0.478124914
2021-04-21 21:00:00+00:00,0.143077842,0,0,0.429758388
2021-04-21 22:00:00+00:00,0.137058604,0,0,0.40136591
2021-04-21 23:00:00+00:00,0.130996502,0,0,0.379044327
2021-04-22 00:00:00+00:00,0.12225238,0,0,0.368897403
2021-04-22 01:00:00+00:00,0.124395547,0,0,0.366799529
2021-04-22 02:00:00+00:00,0.129422805,0,0,0.373548828
2021-04-22 03:00:00+00:00,0.117721112,0,0,0.385174586
2021-04-22 04:00:00+00:00,0.106748096,0,0,0.399438214
2021-04-22 05:00:00+00:00,0.098218291,0,0.0007817,0.413996137
2021-04-22 06:00:00+00:00,0.099106174,0,0.03569765,0.433736136
2021-04-22 07:00:00+00:00,0.092848126,0,0.143673631,0.443134848
2021-04-22 08:00:00+00:00,0.087184041,0,0.267442855,0.434843063
2021-04-22 09:00:00+00:00,0.090509012,0,0.383641165,0.430780776
2021-04-22 10:00:00+00:00,0.091164209,0,0.449926461,0.417393982
2021-04-22 11:00:00+00:00,0.080246303,0,0.475809428,0.417929471
2021-04-22 12:00:00+00:00,0.080815773,0,0.49043012,0.418531471
2021-04-22 13:00:00+00:00,0.087373865,0,0.497291712,0.411613863
2021-04-22 14:00:00+00:00,0.103441495,0,0.506498405,0.409271606
2021-04-22 15:00:00+00:00,0.103735416,0,0.451127963,0.413526828
2021-04-22 16:00:00+00:00,0.088378092,0,0.348189607,0.425058372
2021-04-22 17:00:00+00:00,0.074227065,0,0.204313313,0.440902634
2021-04-22 18:00:00+00:00,0.063780656,0,0.04904446,0.455937891
2021-04-22 19:00:00+00:00,0.073020768,0,0,0.458945799
2021-04-22 20:00:00+00:00,0.086339021,0,0,0.451850318
2021-04-22 21:00:00+00:00,0.098432608,0,0,0.435270597
2021-04-22 22:00:00+00:00,0.1092158,0,0,0.41905047
2021-04-22 23:00:00+00:00,0.125448761,0,0,0.398491461
2021-04-23 00:00:00+00:00,0.149495097,0,0,0.384384049
2021-04-23 01:00:00+00:00,0.175219226,0,0,0.379808919
2021-04-23 02:00:00+00:00,0.196901955,0,0,0.378126487
2021-04-23 03:00:00+00:00,0.218750014,0,0,0.379900384
2021-04-23 04:00:00+00:00,0.233482757,0,0,0.391487336
2021-04-23 05:00:00+00:00,0.246825504,0,0.005486378,0.411482822
2021-04-23 06:00:00+00:00,0.247150041,0,0.090011349,0.437732133
2021-04-23 07:00:00+00:00,0.247303124,0,0.228328885,0.440148266
2021-04-23 08:00:00+00:00,0.270933073,0,0.35173621,0.426280401
2021-04-23 09:00:00+00:00,0.291513602,0,0.470409905,0.413486812
2021-04-23 10:00:00+00:00,0.328082157,0,0.550939518,0.406486314
2021-04-23 11:00:00+00:00,0.350279246,0,0.599260181,0.400856915
2021-04-23 12:00:00+00:00,0.340126757,0,0.594627883,0.393718889
2021-04-23 13:00:00+00:00,0.34051865,0,0.580788891,0.38429973
2021-04-23 14:00:00+00:00,0.350315986,0,0.530716641,0.38206213
2021-04-23 15:00:00+00:00,0.391121889,0,0.415676404,0.386109466
2021-04-23 16:00:00+00:00,0.396198134,0,0.281252894,0.394412684
2021-04-23 17:00:00+00:00,0.394416244,0,0.151519586,0.409572056
2021-04-23 18:00:00+00:00,0.373376465,0,0.038940259,0.431398056
2021-04-23 19:00:00+00:00,0.376719806,0,0,0.431949815
2021-04-23 20:00:00+00:00,0.391428056,0,0,0.411994345
2021-04-23 21:00:00+00:00,0.39288541,0,0,0.400716529
2021-04-23 22:00:00+00:00,0.390540173,0,0,0.394149831
2021-04-23 23:00:00+00:00,0.399914998,0,0,0.386244685
2021-04-24 00:00:00+00:00,0.397808571,0,0,0.381684946
2021-04-24 01:00:00+00:00,0.396755358,0,0,0.379898296
2021-04-24 02:00:00+00:00,0.384282124,0,0,0.373815088
2021-04-24 03:00:00+00:00,0.371141448,0,0,0.377916512
2021-04-24 04:00:00+00:00,0.36497525,0,0,0.381884916
2021-04-24 05:00:00+00:00,0.345754102,0,0.003358416,0.388592769
2021-04-24 06:00:00+00:00,0.330451888,0,0.080051907,0.41469136
2021-04-24 07:00:00+00:00,0.315302758,0,0.235697134,0.425884747
2021-04-24 08:00:00+00:00,0.320636182,0,0.344498244,0.425271645
2021-04-24 09:00:00+00:00,0.326441104,0,0.437100785,0.41818133
2021-04-24 10:00:00+00:00,0.350113916,0,0.426041172,0.415390871
2021-04-24 11:00:00+00:00,0.363946529,0,0.42088774,0.413351703
2021-04-24 12:00:00+00:00,0.361282879,0,0.404139086,0.404674599
2021-04-24 13:00:00+00:00,0.346586875,0,0.322581682,0.396449874
2021-04-24 14:00:00+00:00,0.323434546,0,0.268760164,0.39152999
2021-04-24 15:00:00+00:00,0.307121982,0,0.232642713,0.391908933
2021-04-24 16:00:00+00:00,0.324004016,0,0.205731954,0.393891266
2021-04-24 17:00:00+00:00,0.3243408,0,0.124449592,0.407173182
2021-04-24 18:00:00+00:00,0.303821505,0,0.031268014,0.421110087
2021-04-24 19:00:00+00:00,0.290509375,0,0,0.419906198
2021-04-24 20:00:00+00:00,0.290625718,0,0,0.413311357
2021-04-24 21:00:00+00:00,0.268306163,0,0,0.408474253
2021-04-24 22:00:00+00:00,0.247082684,0,0,0.402950281
2021-04-24 23:00:00+00:00,0.196822352,0,0,0.400525683
2021-04-25 00:00:00+00:00,0.179989304,0,0,0.399907194
2021-04-25 01:00:00+00:00,0.181820181,0,0,0.397879898
2021-04-25 02:00:00+00:00,0.194158701,0,0,0.39523697
2021-04-25 03:00:00+00:00,0.219509307,0,0,0.39450228
2021-04-25 04:00:00+00:00,0.225148899,0,0,0.394759746
2021-04-25 05:00:00+00:00,0.238307945,0,0.001302834,0.399402046
2021-04-25 06:00:00+00:00,0.24584577,0,0.033091982,0.417654196
2021-04-25 07:00:00+00:00,0.261735824,0,0.111117259,0.427260793
2021-04-25 08:00:00+00:00,0.251424128,0,0.186782958,0.425786027
2021-04-25 09:00:00+00:00,0.259855961,0,0.297263276,0.421117012
2021-04-25 10:00:00+00:00,0.267448896,0,0.379486573,0.421727917
2021-04-25 11:00:00+00:00,0.263989212,0,0.417239805,0.42269028
2021-04-25 12:00:00+00:00,0.260284594,0,0.433279138,0.413543208
2021-04-25 13:00:00+00:00,0.24522119,0,0.415980399,0.413678867
2021-04-25 14:00:00+00:00,0.232509147,0,0.372928975,0.417260302
2021-04-25 15:00:00+00:00,0.206037971,0,0.306064643,0.421590059
2021-04-25 16:00:00+00:00,0.20282322,0,0.208323146,0.427084239
2021-04-25 17:00:00+00:00,0.199479879,0,0.111088307,0.434327362
2021-04-25 18:00:00+00:00,0.173192403,0,0.02188761,0.450273093
2021-04-25 19:00:00+00:00,0.1508606,0,0,0.457973102
2021-04-25 20:00:00+00:00,0.158159616,0,0,0.458056542
2021-04-25 21:00:00+00:00,0.167699771,0,0,0.449422972
2021-04-25 22:00:00+00:00,0.156383848,0,0,0.445043964
2021-04-25 23:00:00+00:00,0.157963669,0,0,0.439036172
2021-04-26 00:00:00+00:00,0.141785818,0,0,0.437608787
2021-04-26 01:00:00+00:00,0.120023486,0,0,0.440098356
2021-04-26 02:00:00+00:00,0.108578973,0,0,0.44231177
2021-04-26 03:00:00+00:00,0.086773778,0,0,0.446118241
2021-04-26 04:00:00+00:00,0.082071057,0,0,0.454262604
2021-04-26 05:00:00+00:00,0.066517786,0,0.002142438,0.465684764
2021-04-26 06:00:00+00:00,0.060467932,0,0.054197892,0.489328745
2021-04-26 07:00:00+00:00,0.05260557,0,0.163158236,0.495460653
2021-04-26 08:00:00+00:00,0.046280165,0,0.244165555,0.47856608
2021-04-26 09:00:00+00:00,0.047253775,0,0.3228712,0.475821024
2021-04-26 10:00:00+00:00,0.061857929,0,0.40576039,0.47477544
2021-04-26 11:00:00+00:00,0.069934607,0,0.441096142,0.468082758
2021-04-26 12:00:00+00:00,0.085095984,0,0.446090339,0.451241173
2021-04-26 13:00:00+00:00,0.087967828,0,0.459031822,0.439349704
2021-04-26 14:00:00+00:00,0.093962573,0,0.421408874,0.434648479
2021-04-26 15:00:00+00:00,0.091831653,0,0.30454467,0.440704863
2021-04-26 16:00:00+00:00,0.092903236,0,0.226504917,0.453447552
2021-04-26 17:00:00+00:00,0.074931248,0,0.14520808,0.465621442
2021-04-26 18:00:00+00:00,0.06713012,0,0.029169004,0.486155386
2021-04-26 19:00:00+00:00,0.059359608,0,0,0.489138559
2021-04-26 20:00:00+00:00,0.0540568,0,0,0.482923211
2021-04-26 21:00:00+00:00,0.055814197,0,0,0.470312663
2021-04-26 22:00:00+00:00,0.060835332,0,0,0.467408862
2021-04-26 23:00:00+00:00,0.071140904,0,0,0.463899763
2021-04-27 00:00:00+00:00,0.077343842,0,0,0.465880007
2021-04-27 01:00:00+00:00,0.078850183,0,0,0.469202438
2021-04-27 02:00:00+00:00,0.078139876,0,0,0.472075567
2021-04-27 03:00:00+00:00,0.075016975,0,0,0.481717563
2021-04-27 04:00:00+00:00,0.074239312,0,0,0.491035473
2021-04-27 05:00:00+00:00,0.06861809,0,0.003633459,0.509915567
2021-04-27 06:00:00+00:00,0.05304645,0,0.084655254,0.513131362
2021-04-27 07:00:00+00:00,0.046861882,0,0.21724032,0.514272808
2021-04-27 08:00:00+00:00,0.046127081,0,0.332975401,0.506976477
2021-04-27 09:00:00+00:00,0.042446957,0,0.424130349,0.493204364
2021-04-27 10:00:00+00:00,0.044290081,0,0.484393656,0.480983093
2021-04-27 11:00:00+00:00,0.046078095,0,0.507294582,0.476321444
2021-04-27 12:00:00+00:00,0.061074142,0,0.487259891,0.468956845
2021-04-27 13:00:00+00:00,0.08227925,0,0.47800977,0.468406624
2021-04-27 14:00:00+00:00,0.10837078,0,0.424608055,0.469763981
2021-04-27 15:00:00+00:00,0.124909907,0,0.312463005,0.477552817
2021-04-27 16:00:00+00:00,0.137168824,0,0.219845988,0.492500346
2021-04-27 17:00:00+00:00,0.139146661,0,0.113433408,0.507783284
2021-04-27 18:00:00+00:00,0.135337947,0,0.029458523,0.519868897
2021-04-27 19:00:00+00:00,0.134321473,0,0,0.519328351
2021-04-27 20:00:00+00:00,0.131149586,0,0,0.51169859
2021-04-27 21:00:00+00:00,0.126324398,0,0,0.499783045
2021-04-27 22:00:00+00:00,0.123195374,0,0,0.483858641
2021-04-27 23:00:00+00:00,0.116698515,0,0,0.47253839
2021-04-28 00:00:00+00:00,0.111212007,0,0,0.467676551
2021-04-28 01:00:00+00:00,0.10668074,0,0,0.464344886
2021-04-28 02:00:00+00:00,0.108162587,0,0,0.460105275
2021-04-28 03:00:00+00:00,0.107109373,0,0,0.463154959
2021-04-28 04:00:00+00:00,0.103368015,0,0,0.481098194
2021-04-28 05:00:00+00:00,0.091482622,0,0.004125641,0.503059853
2021-04-28 06:00:00+00:00,0.077613269,0,0.071308444,0.512353907
2021-04-28 07:00:00+00:00,0.064270522,0,0.230891125,0.510721495
2021-04-28 08:00:00+00:00,0.054099663,0,0.360248058,0.498473839
2021-04-28 09:00:00+00:00,0.049121392,0,0.467833189,0.492712519
2021-04-28 10:00:00+00:00,0.047235405,0,0.529790181,0.488549752
2021-04-28 11:00:00+00:00,0.054491557,0,0.525360546,0.480608657
2021-04-28 12:00:00+00:00,0.066462676,0,0.55096847,0.469996162
2021-04-28 13:00:00+00:00,0.088904699,0,0.530817972,0.461491545
2021-04-28 14:00:00+00:00,0.110618044,0,0.470395429,0.459037375
2021-04-28 15:00:00+00:00,0.119937759,0,0.345482607,0.466911409
2021-04-28 16:00:00+00:00,0.125197704,0,0.252605024,0.467689963
2021-04-28 17:00:00+00:00,0.137211687,0,0.160914467,0.479270758
2021-04-28 18:00:00+00:00,0.131443506,0,0.038636264,0.497441337
2021-04-28 19:00:00+00:00,0.114598212,0,0,0.502544261
2021-04-28 20:00:00+00:00,0.117568029,0,0,0.494369667
2021-04-28 21:00:00+00:00,0.129686109,0,0,0.486865121
2021-04-28 22:00:00+00:00,0.138773137,0,0,0.480111645
2021-04-28 23:00:00+00:00,0.150701394,0,0,0.46520765
2021-04-29 00:00:00+00:00,0.148754173,0,0,0.463197503
2021-04-29 01:00:00+00:00,0.143132952,0,0,0.467639394
2021-04-29 02:00:00+00:00,0.138877234,0,0,0.466599416
2021-04-29 03:00:00+00:00,0.1358768,0,0,0.470634
2021-04-29 04:00:00+00:00,0.131572096,0,0,0.491588992
2021-04-29 05:00:00+00:00,0.121891103,0,0.004849437,0.515074558
2021-04-29 06:00:00+00:00,0.10743391,0,0.087753103,0.524499654
2021-04-29 07:00:00+00:00,0.095028033,0,0.268832544,0.514429464
2021-04-29 08:00:00+00:00,0.106870563,0,0.392254345,0.495856526
2021-04-29 09:00:00+00:00,0.103380262,0,0.467702906,0.485865269
2021-04-29 10:00:00+00:00,0.095138253,0,0.512665153,0.495017179
2021-04-29 11:00:00+00:00,0.096117987,0,0.506165459,0.501717556
2021-04-29 12:00:00+00:00,0.113355175,0,0.512332206,0.491240171
2021-04-29 13:00:00+00:00,0.124071011,0,0.492051425,0.477810393
2021-04-29 14:00:00+00:00,0.131627206,0,0.463707549,0.484288264
2021-04-29 15:00:00+00:00,0.1479214,0,0.393658511,0.496798992
2021-04-29 16:00:00+00:00,0.160872253,0,0.267312571,0.507914106
2021-04-29 17:00:00+00:00,0.168734615,0,0.178850147,0.530813063
2021-04-29 18:00:00+00:00,0.165207574,0,0.042096012,0.543221773
2021-04-29 19:00:00+00:00,0.161209036,0,0,0.546804087
2021-04-29 20:00:00+00:00,0.165305547,0,0,0.535137434
2021-04-29 21:00:00+00:00,0.158857676,0,0,0.533304281
2021-04-29 22:00:00+00:00,0.142294055,0,0,0.539453669
2021-04-29 23:00:00+00:00,0.128645142,0,0,0.529864991
2021-04-30 00:00:00+00:00,0.112014164,0,0,0.519581309
2021-04-30 01:00:00+00:00,0.091721433,0,0,0.516589121
2021-04-30 02:00:00+00:00,0.079315556,0,0,0.519089244
2021-04-30 03:00:00+00:00,0.077741859,0,0,0.524851003
2021-04-30 04:00:00+00:00,0.071814471,0,0,0.532895106
2021-04-30 05:00:00+00:00,0.067081133,0,0.006687881,0.539306137
2021-04-30 06:00:00+00:00,0.056965384,0,0.102257988,0.545671875
2021-04-30 07:00:00+00:00,0.046727168,0,0.28856324,0.545080429
2021-04-30 08:00:00+00:00,0.044651358,0,0.437245544,0.537022695
2021-04-30 09:00:00+00:00,0.04241634,0,0.538215174,0.528642633
2021-04-30 10:00:00+00:00,0.044351314,0,0.578863592,0.523277076
2021-04-30 11:00:00+00:00,0.050566499,0,0.571524295,0.515418102
2021-04-30 12:00:00+00:00,0.058147188,0,0.581642971,0.506661956
2021-04-30 13:00:00+00:00,0.077643886,0,0.560348875,0.505495114
2021-04-30 14:00:00+00:00,0.100563528,0,0.469686109,0.505450481
2021-04-30 15:00:00+00:00,0.127579681,0,0.392703099,0.508599655
2021-04-30 16:00:00+00:00,0.16090287,0,0.328053584,0.515240119
2021-04-30 17:00:00+00:00,0.201096439,0,0.204487024,0.532417992
2021-04-30 18:00:00+00:00,0.208260741,0,0.05502302,0.540243986
2021-04-30 19:00:00+00:00,0.220752344,0,0,0.533909689
2021-04-30 20:00:00+00:00,0.236642398,0,0,0.522583941
2021-04-30 21:00:00+00:00,0.237444555,0,0,0.513063202
2021-04-30 22:00:00+00:00,0.23016391,0,0,0.503065789
2021-04-30 23:00:00+00:00,0.216233323,0,0,0.497626686
2021-05-01 00:00:00+00:00,0.216509236,0,0,0.490153911
2021-05-01 01:00:00+00:00,0.217638351,0,0,0.48633238
2021-05-01 02:00:00+00:00,0.216814402,0,0,0.480291387
2021-05-01 03:00:00+00:00,0.230620116,0,0,0.477540175
2021-05-01 04:00:00+00:00,0.233757224,0,0,0.476828351
2021-05-01 05:00:00+00:00,0.240342708,0,0.008864327,0.479377504
2021-05-01 06:00:00+00:00,0.236845504,0,0.139560302,0.483965167
2021-05-01 07:00:00+00:00,0.23566146,0,0.380898297,0.485574383
2021-05-01 08:00:00+00:00,0.261490718,0,0.563258219,0.488172787
2021-05-01 09:00:00+00:00,0.280295052,0,0.63745644,0.483566106
2021-05-01 10:00:00+00:00,0.284317141,0,0.625660826,0.482344518
2021-05-01 11:00:00+00:00,0.278842462,0,0.628845783,0.478890606
2021-05-01 12:00:00+00:00,0.28843078,0,0.624913911,0.466666256
2021-05-01 13:00:00+00:00,0.290817179,0,0.620136476,0.462163792
2021-05-01 14:00:00+00:00,0.275345258,0,0.59357168,0.461860594
2021-05-01 15:00:00+00:00,0.270688424,0,0.533973527,0.462854949
2021-05-01 16:00:00+00:00,0.289150972,0,0.437748369,0.467142051
2021-05-01 17:00:00+00:00,0.27099359,0,0.263153541,0.484860251
2021-05-01 18:00:00+00:00,0.261686024,0,0.069448972,0.507029575
2021-05-01 19:00:00+00:00,0.256998673,0,0,0.519949918
2021-05-01 20:00:00+00:00,0.259000563,0,0,0.514952751
2021-05-01 21:00:00+00:00,0.249180318,0,0,0.503510253
2021-05-01 22:00:00+00:00,0.228093341,0,0,0.481529136
2021-05-01 23:00:00+00:00,0.208275855,0,0,0.463548963
2021-05-02 00:00:00+00:00,0.181952229,0,0,0.460283478
2021-05-02 01:00:00+00:00,0.164765274,0,0,0.460711342
2021-05-02 02:00:00+00:00,0.1493788,0,0,0.459152146
2021-05-02 03:00:00+00:00,0.145375021,0,0,0.456973141
2021-05-02 04:00:00+00:00,0.133717677,0,0,0.457015355
2021-05-02 05:00:00+00:00,0.124257528,0,0.011471482,0.460805776
2021-05-02 06:00:00+00:00,0.10535554,0,0.151975997,0.471768301
2021-05-02 07:00:00+00:00,0.090970011,0,0.412254621,0.478345882
2021-05-02 08:00:00+00:00,0.083401892,0,0.604014393,0.476658832
2021-05-02 09:00:00+00:00,0.066745927,0,0.691755728,0.469937567
2021-05-02 10:00:00+00:00,0.057725217,0,0.725860134,0.467697439
2021-05-02 11:00:00+00:00,0.057267468,0,0.716375726,0.465872422
2021-05-02 12:00:00+00:00,0.061674066,0,0.708582447,0.457098686
2021-05-02 13:00:00+00:00,0.070945012,0,0.683271905,0.450473723
2021-05-02 14:00:00+00:00,0.064011639,0,0.63069193,0.449044799
2021-05-02 15:00:00+00:00,0.072586806,0,0.552209519,0.449820054
2021-05-02 16:00:00+00:00,0.125575845,0,0.453588597,0.455729346
2021-05-02 17:00:00+00:00,0.172113674,0,0.263026706,0.479512284
2021-05-02 18:00:00+00:00,0.210918594,0,0.057005091,0.495390185
2021-05-02 19:00:00+00:00,0.237693866,0,0,0.50485167
2021-05-02 20:00:00+00:00,0.255002887,0,0,0.497355259
2021-05-02 21:00:00+00:00,0.2673377,0,0,0.485294931
2021-05-02 22:00:00+00:00,0.263675707,0,0,0.470047501
2021-05-02 23:00:00+00:00,0.254752651,0,0,0.462383551
2021-05-03 00:00:00+00:00,0.235240331,0,0,0.455933164
2021-05-03 01:00:00+00:00,0.219432727,0,0,0.454771269
2021-05-03 02:00:00+00:00,0.206084763,0,0,0.453696003
2021-05-03 03:00:00+00:00,0.19889505,0,0,0.456146986
2021-05-03 04:00:00+00:00,0.189306731,0,0,0.466344809
2021-05-03 05:00:00+00:00,0.189441004,0,0.012063377,0.489075897
2021-05-03 06:00:00+00:00,0.172357807,0,0.116490503,0.507087291
2021-05-03 07:00:00+00:00,0.155775081,0,0.296327826,0.514793676
2021-05-03 08:00:00+00:00,0.159028152,0,0.426051403,0.518347298
2021-05-03 09:00:00+00:00,0.158668056,0,0.533339354,0.5060704
2021-05-03 10:00:00+00:00,0.149317767,0,0.584453684,0.500395268
2021-05-03 11:00:00+00:00,0.149409317,0,0.552998712,0.495204067
2021-05-03 12:00:00+00:00,0.145344505,0,0.530267139,0.49184316
2021-05-03 13:00:00+00:00,0.142201294,0,0.49707876,0.48947166
2021-05-03 14:00:00+00:00,0.140730393,0,0.430828838,0.489707029
2021-05-03 15:00:00+00:00,0.140974526,0,0.346201997,0.495162182
2021-05-03 16:00:00+00:00,0.146241693,0,0.286730678,0.508172121
2021-05-03 17:00:00+00:00,0.141426172,0,0.18668639,0.523489689
2021-05-03 18:00:00+00:00,0.136226142,0,0.060190048,0.531497843
2021-05-03 19:00:00+00:00,0.120626051,0,0,0.542469053
2021-05-03 20:00:00+00:00,0.106258832,0,0,0.536828551
2021-05-03 21:00:00+00:00,0.105770566,0,0,0.520361072
2021-05-03 22:00:00+00:00,0.090927288,0,0,0.497953301
2021-05-03 23:00:00+00:00,0.083182172,0,0,0.471465652
2021-05-04 00:00:00+00:00,0.068393824,0,0,0.460725963
2021-05-04 01:00:00+00:00,0.071598068,0,0,0.456446116
2021-05-04 02:00:00+00:00,0.064542628,0,0,0.457584924
2021-05-04 03:00:00+00:00,0.057261365,0,0,0.463708368
2021-05-04 04:00:00+00:00,0.050193718,0,0,0.476804055
2021-05-04 05:00:00+00:00,0.04422467,0,0.017404521,0.490387631
2021-05-04 06:00:00+00:00,0.035228373,0,0.183600082,0.505708057
2021-05-04 07:00:00+00:00,0.025170099,0,0.41896276,0.513843625
2021-05-04 08:00:00+00:00,0.027281848,0,0.608171748,0.505944855
2021-05-04 09:00:00+00:00,0.03502086,0,0.676761063,0.495269918
2021-05-04 10:00:00+00:00,0.053989984,0,0.715093288,0.496202599
2021-05-04 11:00:00+00:00,0.080502814,0,0.723281164,0.491494119
2021-05-04 12:00:00+00:00,0.107296397,0,0.736471959,0.477385387
2021-05-04 13:00:00+00:00,0.127913418,0,0.730200694,0.473218003
2021-05-04 14:00:00+00:00,0.144007877,0,0.702395739,0.470858706
2021-05-04 15:00:00+00:00,0.152387738,0,0.645066514,0.468768417
2021-05-04 16:00:00+00:00,0.156159591,0,0.558889473,0.485541293
2021-05-04 17:00:00+00:00,0.154346904,0,0.356616524,0.504007375
2021-05-04 18:00:00+00:00,0.150263782,0,0.09618288,0.522073627
2021-05-04 19:00:00+00:00,0.150031856,0,0,0.525144528
2021-05-04 20:00:00+00:00,0.151575996,0,0,0.514851941
2021-05-04 21:00:00+00:00,0.162061503,0,0,0.506072928
2021-05-04 22:00:00+00:00,0.168805673,0,0,0.4897388
2021-05-04 23:00:00+00:00,0.168134308,0,0,0.458351166
2021-05-05 00:00:00+00:00,0.177069571,0,0,0.449264887
2021-05-05 01:00:00+00:00,0.171814611,0,0,0.452323695
2021-05-05 02:00:00+00:00,0.168091585,0,0,0.455110416
2021-05-05 03:00:00+00:00,0.161475584,0,0,0.47148665
2021-05-05 04:00:00+00:00,0.144319147,0,0,0.490535822
2021-05-05 05:00:00+00:00,0.127486185,0,0.021420949,0.507197225
2021-05-05 06:00:00+00:00,0.103335341,0,0.201356921,0.522356377
2021-05-05 07:00:00+00:00,0.092788801,0,0.450234527,0.524097844
2021-05-05 08:00:00+00:00,0.087259191,0,0.598926918,0.513702689
2021-05-05 09:00:00+00:00,0.081888268,0,0.679819186,0.505246113
2021-05-05 10:00:00+00:00,0.075278371,0,0.731243556,0.492402065
2021-05-05 11:00:00+00:00,0.078287308,0,0.749789588,0.47930088
2021-05-05 12:00:00+00:00,0.088077036,0,0.746055015,0.462707197
2021-05-05 13:00:00+00:00,0.093966742,0,0.741150745,0.454584601
2021-05-05 14:00:00+00:00,0.10226726,0,0.708878394,0.455360626
2021-05-05 15:00:00+00:00,0.11617673,0,0.644488713,0.453824186
2021-05-05 16:00:00+00:00,0.118764538,0,0.556747378,0.463117142
2021-05-05 17:00:00+00:00,0.118672988,0,0.359787388,0.487850021
2021-05-05 18:00:00+00:00,0.106960714,0,0.103003761,0.517327879
2021-05-05 19:00:00+00:00,0.096011355,0,0,0.526297297
2021-05-05 20:00:00+00:00,0.097946108,0,0,0.520446161
2021-05-05 21:00:00+00:00,0.105898736,0,0,0.504052558
2021-05-05 22:00:00+00:00,0.104073843,0,0,0.49516625
2021-05-05 23:00:00+00:00,0.100942839,0,0,0.473864746
2021-05-06 00:00:00+00:00,0.104635348,0,0,0.47253861
2021-05-06 01:00:00+00:00,0.11266732,0,0,0.499749405
2021-05-06 02:00:00+00:00,0.122164088,0,0,0.519842952
2021-05-06 03:00:00+00:00,0.142170777,0,0,0.532301352
2021-05-06 04:00:00+00:00,0.15503658,0,0,0.546240235
2021-05-06 05:00:00+00:00,0.15316286,0,0.022294698,0.555635099
2021-05-06 06:00:00+00:00,0.148621988,0,0.20356948,0.551621622
2021-05-06 07:00:00+00:00,0.128316237,0,0.458972019,0.548126266
2021-05-06 08:00:00+00:00,0.122688974,0,0.615330855,0.538929063
2021-05-06 09:00:00+00:00,0.130775876,0,0.704495555,0.556310644
2021-05-06 10:00:00+00:00,0.159553038,0,0.751367974,0.529908415
2021-05-06 11:00:00+00:00,0.192645248,0,0.76672905,0.513799322
2021-05-06 12:00:00+00:00,0.216454306,0,0.765939857,0.511151117
2021-05-06 13:00:00+00:00,0.238481195,0,0.749578198,0.513770189
2021-05-06 14:00:00+00:00,0.263364438,0,0.719011067,0.495205716
2021-05-06 15:00:00+00:00,0.280429325,0,0.65893376,0.49565018
2021-05-06 16:00:00+00:00,0.285818558,0,0.556846027,0.507671371
2021-05-06 17:00:00+00:00,0.273447125,0,0.3537557,0.528713101
2021-05-06 18:00:00+00:00,0.239164767,0,0.101819972,0.563300479
2021-05-06 19:00:00+00:00,0.233525297,0,0,0.559589541
2021-05-06 20:00:00+00:00,0.234880235,0,0,0.550435763
2021-05-06 21:00:00+00:00,0.232292426,0,0,0.520495742
2021-05-06 22:00:00+00:00,0.218535539,0,0,0.4979212
2021-05-06 23:00:00+00:00,0.21273128,0,0,0.507872771
2021-05-07 00:00:00+00:00,0.215337399,0,0,0.469612932
2021-05-07 01:00:00+00:00,0.22540788,0,0,0.455862916
2021-05-07 02:00:00+00:00,0.219072632,0,0,0.458639193
2021-05-07 03:00:00+00:00,0.207879139,0,0,0.48721636
2021-05-07 04:00:00+00:00,0.196868747,0,0,0.561526471
2021-05-07 05:00:00+00:00,0.181732509,0,0.024577721,0.595156103
2021-05-07 06:00:00+00:00,0.153205583,0,0.219578821,0.610887132
2021-05-07 07:00:00+00:00,0.119051394,0,0.481182161,0.562527422
2021-05-07 08:00:00+00:00,0.101168662,0,0.620460608,0.527169515
2021-05-07 09:00:00+00:00,0.099923584,0,0.706299425,0.515863555
2021-05-07 10:00:00+00:00,0.100924529,0,0.75052241,0.511379231
2021-05-07 11:00:00+00:00,0.101040492,0,0.767165924,0.498347964
2021-05-07 12:00:00+00:00,0.107345223,0,0.761627481,0.527469086
2021-05-07 13:00:00+00:00,0.117073918,0,0.74649189,0.542371762
2021-05-07 14:00:00+00:00,0.12295752,0,0.718320523,0.541830336
2021-05-07 15:00:00+00:00,0.116664996,0,0.659469284,0.534437703
2021-05-07 16:00:00+00:00,0.104678072,0,0.552251797,0.544155773
2021-05-07 17:00:00+00:00,0.093924019,0,0.349612437,0.528489385
2021-05-07 18:00:00+00:00,0.082950246,0,0.103060132,0.552358731
2021-05-07 19:00:00+00:00,0.083243206,0,0,0.557591927
2021-05-07 20:00:00+00:00,0.092227295,0,0,0.553849218
2021-05-07 21:00:00+00:00,0.098824986,0,0,0.550913427
2021-05-07 22:00:00+00:00,0.099905274,0,0,0.492614568
2021-05-07 23:00:00+00:00,0.108669644,0,0,0.466936804
2021-05-08 00:00:00+00:00,0.122853764,0,0,0.460634498
2021-05-08 01:00:00+00:00,0.145472674,0,0,0.454184551
2021-05-08 02:00:00+00:00,0.171393482,0,0,0.451406844
2021-05-08 03:00:00+00:00,0.183984635,0,0,0.452201448
2021-05-08 04:00:00+00:00,0.194000186,0,0,0.457681227
2021-05-08 05:00:00+00:00,0.211351929,0,0.023971733,0.463409237
2021-05-08 06:00:00+00:00,0.211834092,0,0.206247098,0.474332186
2021-05-08 07:00:00+00:00,0.211834092,0,0.446654974,0.471533921
2021-05-08 08:00:00+00:00,0.241245999,0,0.587286323,0.45993048
2021-05-08 09:00:00+00:00,0.304580169,0,0.651831025,0.449770474
2021-05-08 10:00:00+00:00,0.378247263,0,0.679791,0.437915723
2021-05-08 11:00:00+00:00,0.398363812,0,0.691642986,0.422101913
2021-05-08 12:00:00+00:00,0.342994477,0,0.690036415,0.414280207
2021-05-08 13:00:00+00:00,0.317195736,0,0.685188516,0.420688379
2021-05-08 14:00:00+00:00,0.318776496,0,0.641416497,0.423723991
2021-05-08 15:00:00+00:00,0.344550824,0,0.556070927,0.424543441
2021-05-08 16:00:00+00:00,0.449845331,0,0.424712594,0.429464754
2021-05-08 17:00:00+00:00,0.453580564,0,0.244029707,0.447720971
2021-05-08 18:00:00+00:00,0.437193145,0,0.070012681,0.46707763
2021-05-08 19:00:00+00:00,0.420329667,0,0,0.470887179
2021-05-08 20:00:00+00:00,0.455362734,0,0,0.46420516
2021-05-08 21:00:00+00:00,0.470700381,0,0,0.456060687
2021-05-08 22:00:00+00:00,0.472690064,0,0,0.435380421
2021-05-08 23:00:00+00:00,0.443351396,0,0,0.43002245
2021-05-09 00:00:00+00:00,0.406340853,0,0,0.429810167
2021-05-09 01:00:00+00:00,0.361780501,0,0,0.426991235
2021-05-09 02:00:00+00:00,0.31321637,0,0,0.430515394
2021-05-09 03:00:00+00:00,0.347401075,0,0,0.434570866
2021-05-09 04:00:00+00:00,0.321931913,0,0,0.439565835
2021-05-09 05:00:00+00:00,0.296047726,0,0.010132673,0.442950708
2021-05-09 06:00:00+00:00,0.294558515,0,0.067194135,0.441348417
2021-05-09 07:00:00+00:00,0.3062891,0,0.171564891,0.438413615
2021-05-09 08:00:00+00:00,0.337989753,0,0.250061395,0.439013086
2021-05-09 09:00:00+00:00,0.357337283,0,0.303543304,0.440590201
2021-05-09 10:00:00+00:00,0.388921973,0,0.363789723,0.441672833
2021-05-09 11:00:00+00:00,0.40989909,0,0.375261205,0.439934664
2021-05-09 12:00:00+00:00,0.399614993,0,0.39888062,0.440823372
2021-05-09 13:00:00+00:00,0.360126501,0,0.363648796,0.447152941
2021-05-09 14:00:00+00:00,0.281826986,0,0.35257191,0.450371264
2021-05-09 15:00:00+00:00,0.342011842,0,0.32938937,0.450054874
2021-05-09 16:00:00+00:00,0.425895896,0,0.277302641,0.453789337
2021-05-09 17:00:00+00:00,0.489553542,0,0.205528369,0.463929225
2021-05-09 18:00:00+00:00,0.496004753,0,0.067405526,0.502720156
2021-05-09 19:00:00+00:00,0.464877812,0,0.002029353,0.548763224
2021-05-09 20:00:00+00:00,0.429271033,0,0,0.526984386
2021-05-09 21:00:00+00:00,0.390136534,0,0,0.512019158
2021-05-09 22:00:00+00:00,0.362360317,0,0,0.494303596
2021-05-09 23:00:00+00:00,0.338166749,0,0,0.49488152
2021-05-10 00:00:00+00:00,0.30590459,0,0,0.493799878
2021-05-10 01:00:00+00:00,0.283792256,0,0,0.491656271
2021-05-10 02:00:00+00:00,0.247428664,0,0,0.490892889
2021-05-10 03:00:00+00:00,0.219463244,0,0,0.495422726
2021-05-10 04:00:00+00:00,0.201446238,0,0,0.513619469
2021-05-10 05:00:00+00:00,0.197991758,0,0.021223651,0.539509296
2021-05-10 06:00:00+00:00,0.174585519,0,0.174707569,0.557531903
2021-05-10 07:00:00+00:00,0.14779804,0,0.354460336,0.556413103
2021-05-10 08:00:00+00:00,0.148744055,0,0.498502126,0.541385322
2021-05-10 09:00:00+00:00,0.171674235,0,0.508169739,0.533429496
2021-05-10 10:00:00+00:00,0.190380916,0,0.540061586,0.524514935
2021-05-10 11:00:00+00:00,0.216582476,0,0.496430495,0.524075748
2021-05-10 12:00:00+00:00,0.244773719,0,0.517372291,0.521676654
2021-05-10 13:00:00+00:00,0.273703465,0,0.489271388,0.52071561
2021-05-10 14:00:00+00:00,0.312361905,0,0.436254539,0.523934043
2021-05-10 15:00:00+00:00,0.354773888,0,0.393003952,0.524921251
2021-05-10 16:00:00+00:00,0.371539713,0,0.289619687,0.532175587
2021-05-10 17:00:00+00:00,0.397112631,0,0.161108085,0.542241819
2021-05-10 18:00:00+00:00,0.38500364,0,0.055511262,0.554859294
2021-05-10 19:00:00+00:00,0.368719978,0,0.001226067,0.556833821
2021-05-10 20:00:00+00:00,0.380609249,0,0,0.547424556
2021-05-10 21:00:00+00:00,0.387487692,0,0,0.531969791
2021-05-10 22:00:00+00:00,0.385760452,0,0,0.518202515
2021-05-10 23:00:00+00:00,0.382757618,0,0,0.512501439
2021-05-11 00:00:00+00:00,0.418303364,0,0,0.50022498
2021-05-11 01:00:00+00:00,0.435099705,0,0,0.499733135
2021-05-11 02:00:00+00:00,0.437327418,0,0,0.50303149
2021-05-11 03:00:00+00:00,0.44515798,0,0,0.506348094
2021-05-11 04:00:00+00:00,0.476535157,0,0,0.518525062
2021-05-11 05:00:00+00:00,0.480715932,0,0.022971149,0.536156084
2021-05-11 06:00:00+00:00,0.459421443,0,0.20130055,0.541970282
2021-05-11 07:00:00+00:00,0.467081112,0,0.414847683,0.529721857
2021-05-11 08:00:00+00:00,0.487386863,0,0.525503796,0.51954613
2021-05-11 09:00:00+00:00,0.481588707,0,0.608946848,0.508970683
2021-05-11 10:00:00+00:00,0.482058663,0,0.640782325,0.509129978
2021-05-11 11:00:00+00:00,0.474258618,0,0.660061179,0.509521453
2021-05-11 12:00:00+00:00,0.46432241,0,0.665740549,0.506829165
2021-05-11 13:00:00+00:00,0.462271694,0,0.67870586,0.505297453
2021-05-11 14:00:00+00:00,0.461386712,0,0.676197354,0.504052778
2021-05-11 15:00:00+00:00,0.432243351,0,0.6229973,0.501691832
2021-05-11 16:00:00+00:00,0.40126289,0,0.528350527,0.508352413
2021-05-11 17:00:00+00:00,0.375757108,0,0.34518732,0.52696152
2021-05-11 18:00:00+00:00,0.327205183,0,0.105075392,0.540223538
2021-05-11 19:00:00+00:00,0.282711968,0,0.002142095,0.544615848
2021-05-11 20:00:00+00:00,0.278958425,0,0,0.534777839
2021-05-11 21:00:00+00:00,0.284780994,0,0,0.528087026
2021-05-11 22:00:00+00:00,0.303975941,0,0,0.520176493
2021-05-11 23:00:00+00:00,0.306563749,0,0,0.51754258
2021-05-12 00:00:00+00:00,0.314015905,0,0,0.507616734
2021-05-12 01:00:00+00:00,0.329738062,0,0,0.507765805
2021-05-12 02:00:00+00:00,0.356232582,0,0,0.511033928
2021-05-12 03:00:00+00:00,0.389874091,0,0,0.518430848
2021-05-12 04:00:00+00:00,0.395617317,0,0,0.533993788
2021-05-12 05:00:00+00:00,0.392846409,0,0.013035775,0.550444008
2021-05-12 06:00:00+00:00,0.398089162,0,0.118139353,0.559630546
2021-05-12 07:00:00+00:00,0.407335695,0,0.276992601,0.556054938
2021-05-12 08:00:00+00:00,0.419432478,0,0.417116612,0.551655922
2021-05-12 09:00:00+00:00,0.443577219,0,0.505788067,0.536627152
2021-05-12 10:00:00+00:00,0.497396311,0,0.577801916,0.535541112
2021-05-12 11:00:00+00:00,0.5346754,0,0.607636224,0.533001853
2021-05-12 12:00:00+00:00,0.551288642,0,0.623969698,0.526460769
2021-05-12 13:00:00+00:00,0.505696828,0,0.617980288,0.519824813
2021-05-12 14:00:00+00:00,0.48372487,0,0.595107788,0.514380653
2021-05-12 15:00:00+00:00,0.500783654,0,0.537369874,0.514874258
2021-05-12 16:00:00+00:00,0.571850733,0,0.456491699,0.523042257
2021-05-12 17:00:00+00:00,0.579589745,0,0.286505194,0.535138973
2021-05-12 18:00:00+00:00,0.530659414,0,0.090137099,0.558239
2021-05-12 19:00:00+00:00,0.461282956,0,0.002395764,0.564290326
2021-05-12 20:00:00+00:00,0.425578523,0,0,0.558187111
2021-05-12 21:00:00+00:00,0.398125782,0,0,0.54766762
2021-05-12 22:00:00+00:00,0.383776873,0,0,0.530459075
2021-05-12 23:00:00+00:00,0.370636421,0,0,0.5197804
2021-05-13 00:00:00+00:00,0.342030152,0,0,0.516280536
2021-05-13 01:00:00+00:00,0.328169508,0,0,0.512257165
2021-05-13 02:00:00+00:00,0.32194412,0,0,0.507441829
2021-05-13 03:00:00+00:00,0.300149158,0,0,0.50842552
2021-05-13 04:00:00+00:00,0.297366043,0,0,0.514640428
2021-05-13 05:00:00+00:00,0.299520516,0,0.026917114,0.528786097
2021-05-13 06:00:00+00:00,0.283859392,0,0.21585834,0.540423398
2021-05-13 07:00:00+00:00,0.287020913,0,0.460324921,0.550994558
2021-05-13 08:00:00+00:00,0.301491889,0,0.592514726,0.550475998
2021-05-13 09:00:00+00:00,0.30101583,0,0.66920736,0.555104227
2021-05-13 10:00:00+00:00,0.331221169,0,0.695039334,0.586020903
2021-05-13 11:00:00+00:00,0.354511445,0,0.696279494,0.593398695
2021-05-13 12:00:00+00:00,0.37135051,0,0.674041167,0.565722438
2021-05-13 13:00:00+00:00,0.383752459,0,0.605254553,0.567245796
2021-05-13 14:00:00+00:00,0.387975958,0,0.517076344,0.571654486
2021-05-13 15:00:00+00:00,0.395196188,0,0.43935494,0.574772439
2021-05-13 16:00:00+00:00,0.403350226,0,0.335280131,0.58544111
2021-05-13 17:00:00+00:00,0.395653937,0,0.197819646,0.606256595
2021-05-13 18:00:00+00:00,0.372217181,0,0.07517062,0.625744955
2021-05-13 19:00:00+00:00,0.337867686,0,0.003325884,0.633059865
2021-05-13 20:00:00+00:00,0.356171548,0,0,0.630350207
2021-05-13 21:00:00+00:00,0.362268767,0,0,0.614900829
2021-05-13 22:00:00+00:00,0.357849962,0,0,0.599337669
2021-05-13 23:00:00+00:00,0.368439225,0,0,0.591902491
2021-05-14 00:00:00+00:00,0.389410239,0,0,0.578422803
2021-05-14 01:00:00+00:00,0.391711191,0,0,0.564247452
2021-05-14 02:00:00+00:00,0.367127011,0,0,0.55984096
2021-05-14 03:00:00+00:00,0.374579167,0,0,0.565728375
2021-05-14 04:00:00+00:00,0.353687496,0,0,0.571100418
2021-05-14 05:00:00+00:00,0.327131943,0,0.031469065,0.588175613
2021-05-14 06:00:00+00:00,0.285134986,0,0.211207739,0.597161192
2021-05-14 07:00:00+00:00,0.26193626,0,0.463636713,0.588713411
2021-05-14 08:00:00+00:00,0.273526468,0,0.601872298,0.580187576
2021-05-14 09:00:00+00:00,0.280978624,0,0.686400491,0.571806855
2021-05-14 10:00:00+00:00,0.26924804,0,0.744547093,0.558692258
2021-05-14 11:00:00+00:00,0.269730202,0,0.778369644,0.551394938
2021-05-14 12:00:00+00:00,0.275345258,0,0.786148831,0.544557253
2021-05-14 13:00:00+00:00,0.285763628,0,0.765587538,0.545703426
2021-05-14 14:00:00+00:00,0.294570722,0,0.71350081,0.550718843
2021-05-14 15:00:00+00:00,0.301217239,0,0.647814597,0.557109646
2021-05-14 16:00:00+00:00,0.309957196,0,0.505816253,0.565577875
2021-05-14 17:00:00+00:00,0.289035009,0,0.30744699,0.587108592
2021-05-14 18:00:00+00:00,0.261283205,0,0.096619755,0.601772381
2021-05-14 19:00:00+00:00,0.253574709,0,0.002959473,0.602606231
2021-05-14 20:00:00+00:00,0.268851324,0,0,0.595865728
2021-05-14 21:00:00+00:00,0.277603487,0,0,0.583764504
2021-05-14 22:00:00+00:00,0.297634589,0,0,0.557844226
2021-05-14 23:00:00+00:00,0.307174081,0,0,0.54130573
2021-05-15 00:00:00+00:00,0.315822488,0,0,0.529301029
2021-05-15 01:00:00+00:00,0.323061028,0,0,0.526044669
2021-05-15 02:00:00+00:00,0.328712704,0,0,0.528358343
2021-05-15 03:00:00+00:00,0.328389228,0,0,0.531787849
2021-05-15 04:00:00+00:00,0.339973332,0,0,0.539877795
2021-05-15 05:00:00+00:00,0.354932574,0,0.025352821,0.555990186
2021-05-15 06:00:00+00:00,0.358576257,0,0.199257105,0.567202042
2021-05-15 07:00:00+00:00,0.364429343,0,0.427517047,0.575029795
2021-05-15 08:00:00+00:00,0.384100349,0,0.565428499,0.575244276
2021-05-15 09:00:00+00:00,0.39916945,0,0.653296669,0.575103891
2021-05-15 10:00:00+00:00,0.429631129,0,0.693897823,0.573496763
2021-05-15 11:00:00+00:00,0.457743029,0,0.725268239,0.572126434
2021-05-15 12:00:00+00:00,0.475955341,0,0.716883065,0.568079867
2021-05-15 13:00:00+00:00,0.469656713,0,0.696335865,0.567839771
2021-05-15 14:00:00+00:00,0.461649155,0,0.646729457,0.571390204
2021-05-15 15:00:00+00:00,0.459134587,0,0.572686255,0.57932932
2021-05-15 16:00:00+00:00,0.478891039,0,0.46052222,0.605857205
2021-05-15 17:00:00+00:00,0.51692694,0,0.302218587,0.640880252
2021-05-15 18:00:00+00:00,0.472738891,0,0.103764768,0.709151349
2021-05-15 19:00:00+00:00,0.454337376,0,0.002452135,0.728381913
2021-05-15 20:00:00+00:00,0.452903095,0,0,0.722854093
2021-05-15 21:00:00+00:00,0.460605487,0,0,0.70547614
2021-05-15 22:00:00+00:00,0.481716877,0,0,0.688013867
2021-05-15 23:00:00+00:00,0.495186908,0,0,0.680825271
2021-05-16 00:00:00+00:00,0.504958326,0,0,0.685844646
2021-05-16 01:00:00+00:00,0.475149703,0,0,0.692592735
2021-05-16 02:00:00+00:00,0.456992321,0,0,0.68904439
2021-05-16 03:00:00+00:00,0.433787491,0,0,0.692348351
2021-05-16 04:00:00+00:00,0.43981147,0,0,0.69682509
2021-05-16 05:00:00+00:00,0.443491773,0,0.030933542,0.697246358
2021-05-16 06:00:00+00:00,0.436680466,0,0.203188976,0.697429288
2021-05-16 07:00:00+00:00,0.437028355,0,0.424754872,0.695916484
2021-05-16 08:00:00+00:00,0.46068483,0,0.553083268,0.695203012
2021-05-16 09:00:00+00:00,0.456723774,0,0.638696601,0.689807443
2021-05-16 10:00:00+00:00,0.480245977,0,0.681087531,0.682411512
2021-05-16 11:00:00+00:00,0.492055904,0,0.681933095,0.683685099
2021-05-16 12:00:00+00:00,0.428086989,0,0.669475122,0.68441792
2021-05-16 13:00:00+00:00,0.355927415,0,0.655621969,0.681477291
2021-05-16 14:00:00+00:00,0.371558023,0,0.602746047,0.661034922
2021-05-16 15:00:00+00:00,0.427653653,0,0.52603932,0.655098917
2021-05-16 16:00:00+00:00,0.456314852,0,0.454504624,0.659750672
2021-05-16 17:00:00+00:00,0.494619299,0,0.261983844,0.674029251
2021-05-16 18:00:00+00:00,0.460819103,0,0.099508764,0.701563253
2021-05-16 19:00:00+00:00,0.398022026,0,0.003438626,0.702418651
2021-05-16 20:00:00+00:00,0.371716709,0,0,0.7019013
2021-05-16 21:00:00+00:00,0.339820749,0,0,0.684106586
2021-05-16 22:00:00+00:00,0.31301496,0,0,0.613010621
2021-05-16 23:00:00+00:00,0.287319976,0,0,0.59362461
2021-05-17 00:00:00+00:00,0.251969536,0,0,0.596334377
2021-05-17 01:00:00+00:00,0.228764706,0,0,0.62039248
2021-05-17 02:00:00+00:00,0.225395673,0,0,0.628935245
2021-05-17 03:00:00+00:00,0.218578262,0,0,0.629900357
2021-05-17 04:00:00+00:00,0.20073215,0,0,0.638920895
2021-05-17 05:00:00+00:00,0.176721682,0,0.025409192,0.65068506
2021-05-17 06:00:00+00:00,0.136799854,0,0.192393945,0.664284467
2021-05-17 07:00:00+00:00,0.120339195,0,0.400318079,0.61725287
2021-05-17 08:00:00+00:00,0.117842937,0,0.568035654,0.600792647
2021-05-17 09:00:00+00:00,0.121761269,0,0.647715948,0.630692103
2021-05-17 10:00:00+00:00,0.127565528,0,0.698055178,0.635290099
2021-05-17 11:00:00+00:00,0.129494178,0,0.740840705,0.632126744
2021-05-17 12:00:00+00:00,0.133436924,0,0.743645158,0.638321424
2021-05-17 13:00:00+00:00,0.138221928,0,0.713979962,0.639019506
2021-05-17 14:00:00+00:00,0.140864666,0,0.66781218,0.63871268
2021-05-17 15:00:00+00:00,0.137422393,0,0.610046081,0.640089605
2021-05-17 16:00:00+00:00,0.132490909,0,0.539695175,0.625485401
2021-05-17 17:00:00+00:00,0.123451889,0,0.398175984,0.656033138
2021-05-17 18:00:00+00:00,0.116610066,0,0.148805132,0.693747153
2021-05-17 19:00:00+00:00,0.118422752,0,0.005890761,0.696408879
2021-05-17 20:00:00+00:00,0.115895977,0,0,0.660114004
2021-05-17 21:00:00+00:00,0.115560294,0,0,0.643132473
2021-05-17 22:00:00+00:00,0.12315893,0,0,0.593711018
2021-05-17 23:00:00+00:00,0.131233625,0,0,0.581728633
2021-05-18 00:00:00+00:00,0.149256734,0,0,0.570681239
2021-05-18 01:00:00+00:00,0.172260154,0,0,0.564657396
2021-05-18 02:00:00+00:00,0.196386584,0,0,0.562519287
2021-05-18 03:00:00+00:00,0.211785265,0,0,0.565675167
2021-05-18 04:00:00+00:00,0.229802271,0,0,0.588526743
2021-05-18 05:00:00+00:00,0.241416892,0,0.033230657,0.631058403
2021-05-18 06:00:00+00:00,0.238261475,0,0.195071564,0.629980059
2021-05-18 07:00:00+00:00,0.236161932,0,0.40502505,0.626094986
2021-05-18 08:00:00+00:00,0.245994384,0,0.586328017,0.627765655
2021-05-18 09:00:00+00:00,0.254648894,0,0.692728126,0.629993471
2021-05-18 10:00:00+00:00,0.253654053,0,0.741136652,0.626661916
2021-05-18 11:00:00+00:00,0.266165862,0,0.755877648,0.591132292
2021-05-18 12:00:00+00:00,0.286965983,0,0.752777247,0.577077978
2021-05-18 13:00:00+00:00,0.322328629,0,0.748140739,0.570618576
2021-05-18 14:00:00+00:00,0.360633077,0,0.708061016,0.566123698
2021-05-18 15:00:00+00:00,0.396239856,0,0.62898671,0.564760954
2021-05-18 16:00:00+00:00,0.426951771,0,0.515004712,0.579792913
2021-05-18 17:00:00+00:00,0.441642466,0,0.329812152,0.650709905
2021-05-18 18:00:00+00:00,0.414433858,0,0.121775277,0.681830729
2021-05-18 19:00:00+00:00,0.379773094,0,0.005284774,0.663684336
2021-05-18 20:00:00+00:00,0.384887677,0,0,0.63099629
2021-05-18 21:00:00+00:00,0.362793652,0,0,0.588171325
2021-05-18 22:00:00+00:00,0.340742351,0,0,0.595137744
2021-05-18 23:00:00+00:00,0.319099972,0,0,0.568967255
2021-05-19 00:00:00+00:00,0.291177275,0,0,0.587330879
2021-05-19 01:00:00+00:00,0.269876682,0,0,0.574081063
2021-05-19 02:00:00+00:00,0.255112747,0,0,0.555685669
2021-05-19 03:00:00+00:00,0.243913151,0,0,0.561869576
2021-05-19 04:00:00+00:00,0.221159968,0,8.45564E-05,0.593234234
2021-05-19 05:00:00+00:00,0.202782866,0,0.033653438,0.617901592
2021-05-19 06:00:00+00:00,0.179846583,0,0.228598168,0.674209873
2021-05-19 07:00:00+00:00,0.188916119,0,0.46775179,0.64223596
2021-05-19 08:00:00+00:00,0.19331051,0,0.597884056,0.638563279
2021-05-19 09:00:00+00:00,0.177325911,0,0.682623639,0.656385806
2021-05-19 10:00:00+00:00,0.170282677,0,0.735400912,0.646352885
2021-05-19 11:00:00+00:00,0.173358751,0,0.760810103,0.614480001
2021-05-19 12:00:00+00:00,0.177722627,0,0.768222879,0.587316257
2021-05-19 13:00:00+00:00,0.184961166,0,0.760077281,0.568244438
2021-05-19 14:00:00+00:00,0.196002075,0,0.72795995,0.561887055
2021-05-19 15:00:00+00:00,0.207683833,0,0.662005975,0.577969874
2021-05-19 16:00:00+00:00,0.207763176,0,0.562398562,0.589456786
2021-05-19 17:00:00+00:00,0.215941627,0,0.380743277,0.581910684
2021-05-19 18:00:00+00:00,0.218590469,0,0.143252597,0.624021297
2021-05-19 19:00:00+00:00,0.211486203,0,0.007680538,0.595283626
2021-05-19 20:00:00+00:00,0.214415797,0,0,0.573550741
2021-05-19 21:00:00+00:00,0.210534084,0,0,0.555498781
2021-05-19 22:00:00+00:00,0.21098573,0,0,0.530139057
2021-05-19 23:00:00+00:00,0.208605435,0,0,0.520123724
2021-05-20 00:00:00+00:00,0.190924112,0,0,0.51562214
2021-05-20 01:00:00+00:00,0.169647932,0,0,0.511666928
2021-05-20 02:00:00+00:00,0.14785297,0,0,0.517013907
2021-05-20 03:00:00+00:00,0.136183419,0,0,0.537011811
2021-05-20 04:00:00+00:00,0.128920466,0,9.86491E-05,0.56787396
2021-05-20 05:00:00+00:00,0.120943424,0,0.038853656,0.582403629
2021-05-20 06:00:00+00:00,0.111635858,0,0.230486593,0.613920766
2021-05-20 07:00:00+00:00,0.106417518,0,0.469372454,0.572965891
2021-05-20 08:00:00+00:00,0.105941459,0,0.612991462,0.564240966
2021-05-20 09:00:00+00:00,0.108272928,0,0.690614217,0.564089256
2021-05-20 10:00:00+00:00,0.10572174,0,0.737134317,0.551247407
2021-05-20 11:00:00+00:00,0.104385112,0,0.752368558,0.54841968
2021-05-20 12:00:00+00:00,0.107613769,0,0.762007985,0.536540963
2021-05-20 13:00:00+00:00,0.111837268,0,0.749535919,0.515952272
2021-05-20 14:00:00+00:00,0.117147158,0,0.704876059,0.500297097
2021-05-20 15:00:00+00:00,0.124263631,0,0.644770567,0.509594559
2021-05-20 16:00:00+00:00,0.125240163,0,0.539061002,0.526997908
2021-05-20 17:00:00+00:00,0.128493233,0,0.357039306,0.556273487
2021-05-20 18:00:00+00:00,0.130147233,0,0.127285534,0.576817215
2021-05-20 19:00:00+00:00,0.138252445,0,0.007553703,0.578451166
2021-05-20 20:00:00+00:00,0.152680697,0,0,0.578345519
2021-05-20 21:00:00+00:00,0.160657739,0,0,0.607460924
2021-05-20 22:00:00+00:00,0.160755392,0,0,0.613157383
2021-05-20 23:00:00+00:00,0.16159765,0,0,0.604739944
2021-05-21 00:00:00+00:00,0.168482197,0,0,0.596712551
2021-05-21 01:00:00+00:00,0.184613277,0,0,0.596641423
2021-05-21 02:00:00+00:00,0.193756053,0,0,0.598595613
2021-05-21 03:00:00+00:00,0.191992193,0,0,0.5958621
2021-05-21 04:00:00+00:00,0.169818825,0,5.63709E-05,0.580943594
2021-05-21 05:00:00+00:00,0.146461412,0,0.033949386,0.606174145
2021-05-21 06:00:00+00:00,0.117495047,0,0.220353921,0.607189057
2021-05-21 07:00:00+00:00,0.096023561,0,0.438114779,0.600278705
2021-05-21 08:00:00+00:00,0.097347982,0,0.584862373,0.592647845
2021-05-21 09:00:00+00:00,0.112282811,0,0.664204441,0.595374762
2021-05-21 10:00:00+00:00,0.14750508,0,0.718419172,0.587717737
2021-05-21 11:00:00+00:00,0.209905442,0,0.736626979,0.537744193
2021-05-21 12:00:00+00:00,0.260398223,0,0.724366304,0.499753473
2021-05-21 13:00:00+00:00,0.287643452,0,0.704847874,0.488249741
2021-05-21 14:00:00+00:00,0.321309374,0,0.668770486,0.487287268
2021-05-21 15:00:00+00:00,0.341737192,0,0.582593444,0.493256583
2021-05-21 16:00:00+00:00,0.330134778,0,0.447881041,0.495028392
2021-05-21 17:00:00+00:00,0.348579016,0,0.269622104,0.526236834
2021-05-21 18:00:00+00:00,0.346125481,0,0.089925708,0.543958661
2021-05-21 19:00:00+00:00,0.347608588,0,0.004876084,0.516372111
2021-05-21 20:00:00+00:00,0.337434351,0,0,0.519559542
2021-05-21 21:00:00+00:00,0.322261493,0,0,0.55389682
2021-05-21 22:00:00+00:00,0.291586197,0,0,0.550838451
2021-05-21 23:00:00+00:00,0.269565412,0,0,0.528870307
2021-05-22 00:00:00+00:00,0.241526752,0,0,0.490307709
2021-05-22 01:00:00+00:00,0.237785416,0,0,0.483802135
2021-05-22 02:00:00+00:00,0.221050108,0,0,0.496173576
2021-05-22 03:00:00+00:00,0.208751914,0,0,0.534686594
2021-05-22 04:00:00+00:00,0.190026923,0,5.63709E-05,0.530610345
2021-05-22 05:00:00+00:00,0.170014131,0,0.027283525,0.506591818
2021-05-22 06:00:00+00:00,0.136989057,0,0.181514358,0.507727328
2021-05-22 07:00:00+00:00,0.1321064,0,0.353642958,0.510415218
2021-05-22 08:00:00+00:00,0.126680547,0,0.494668904,0.533853842
2021-05-22 09:00:00+00:00,0.119020878,0,0.595727868,0.561212499
2021-05-22 10:00:00+00:00,0.118709608,0,0.639894483,0.571595342
2021-05-22 11:00:00+00:00,0.122817144,0,0.665106376,0.545638785
2021-05-22 12:00:00+00:00,0.14796283,0,0.680270153,0.493808013
2021-05-22 13:00:00+00:00,0.171918368,0,0.668474538,0.482714116
2021-05-22 14:00:00+00:00,0.181152693,0,0.590950433,0.487922687
2021-05-22 15:00:00+00:00,0.176874265,0,0.487256128,0.485926283
2021-05-22 16:00:00+00:00,0.187835831,0,0.31896075,0.4954833
2021-05-22 17:00:00+00:00,0.195379536,0,0.168915458,0.544075851
2021-05-22 18:00:00+00:00,0.194677654,0,0.051029774,0.54892065
2021-05-22 19:00:00+00:00,0.178448922,0,0.004396932,0.563376113
2021-05-22 20:00:00+00:00,0.167456839,0,0,0.570372874
2021-05-22 21:00:00+00:00,0.170850286,0,0,0.524604861
2021-05-22 22:00:00+00:00,0.173608988,0,0,0.477727832
2021-05-22 23:00:00+00:00,0.18132969,0,0,0.464731525
2021-05-23 00:00:00+00:00,0.203899774,0,0,0.461991306
2021-05-23 01:00:00+00:00,0.20387536,0,0,0.461035098
2021-05-23 02:00:00+00:00,0.203692261,0,0,0.460004356
2021-05-23 03:00:00+00:00,0.202160327,0,0,0.456659169
2021-05-23 04:00:00+00:00,0.19018561,0,0.000563709,0.456255271
2021-05-23 05:00:00+00:00,0.173468611,0,0.011556038,0.459574073
2021-05-23 06:00:00+00:00,0.154438454,0,0.067588731,0.46594223
2021-05-23 07:00:00+00:00,0.130830805,0,0.164729917,0.468609343
2021-05-23 08:00:00+00:00,0.12143169,0,0.276442985,0.471463563
2021-05-23 09:00:00+00:00,0.118996464,0,0.386464925,0.479202929
2021-05-23 10:00:00+00:00,0.111843371,0,0.426093681,0.48795138
2021-05-23 11:00:00+00:00,0.119149048,0,0.451911562,0.476692802
2021-05-23 12:00:00+00:00,0.155891045,0,0.468146386,0.458992851
2021-05-23 13:00:00+00:00,0.189428798,0,0.443216348,0.455580825
2021-05-23 14:00:00+00:00,0.181994952,0,0.404151301,0.458367656
2021-05-23 15:00:00+00:00,0.188818466,0,0.358589506,0.461169438
2021-05-23 16:00:00+00:00,0.192230222,0,0.301429395,0.462712364
2021-05-23 17:00:00+00:00,0.22520647,0,0.237321567,0.473173699
2021-05-23 18:00:00+00:00,0.224022425,0,0.110317888,0.491133644
2021-05-23 19:00:00+00:00,0.230028094,0,0.006694047,0.515346535
2021-05-23 20:00:00+00:00,0.250846525,0,0,0.482635074
2021-05-23 21:00:00+00:00,0.253800532,0,0,0.465328797
2021-05-23 22:00:00+00:00,0.275534461,0,0,0.449929769
2021-05-23 23:00:00+00:00,0.276974845,0,0,0.440974531
2021-05-24 00:00:00+00:00,0.275516151,0,0,0.444854218
2021-05-24 01:00:00+00:00,0.281051864,0,0,0.449258071
2021-05-24 02:00:00+00:00,0.30414073,0,0,0.45431966
2021-05-24 03:00:00+00:00,0.319496688,0,0,0.466477719
2021-05-24 04:00:00+00:00,0.324965264,0,7.04636E-05,0.505145304
2021-05-24 05:00:00+00:00,0.309011181,0,0.038430874,0.508563047
2021-05-24 06:00:00+00:00,0.26737432,0,0.225342747,0.519972455
2021-05-24 07:00:00+00:00,0.248765292,0,0.456350772,0.517516965
2021-05-24 08:00:00+00:00,0.250553565,0,0.602633305,0.512628962
2021-05-24 09:00:00+00:00,0.237114051,0,0.674337114,0.519115078
2021-05-24 10:00:00+00:00,0.243589675,0,0.708948858,0.513504368
2021-05-24 11:00:00+00:00,0.257493042,0,0.718588285,0.505405518
2021-05-24 12:00:00+00:00,0.264878061,0,0.693869637,0.492195059
2021-05-24 13:00:00+00:00,0.271414719,0,0.669940182,0.487003638
2021-05-24 14:00:00+00:00,0.256046555,0,0.630466447,0.493467547
2021-05-24 15:00:00+00:00,0.238255372,0,0.571699764,0.481315534
2021-05-24 16:00:00+00:00,0.234813098,0,0.484902642,0.483653394
2021-05-24 17:00:00+00:00,0.238322508,0,0.338183233,0.512758135
2021-05-24 18:00:00+00:00,0.243046479,0,0.132697142,0.567226997
2021-05-24 19:00:00+00:00,0.237083534,0,0.00831471,0.539197852
2021-05-24 20:00:00+00:00,0.247263875,0,0,0.561150826
2021-05-24 21:00:00+00:00,0.243321129,0,0,0.555621027
2021-05-24 22:00:00+00:00,0.226683474,0,0,0.563937657
2021-05-24 23:00:00+00:00,0.211583856,0,0,0.541197884
2021-05-25 00:00:00+00:00,0.200426984,0,0,0.522796664
2021-05-25 01:00:00+00:00,0.197814762,0,0,0.508572172
2021-05-25 02:00:00+00:00,0.186071971,0,0,0.507837152
2021-05-25 03:00:00+00:00,0.179938132,0,0,0.505016791
2021-05-25 04:00:00+00:00,0.179022634,0,5.63709E-05,0.513329463
2021-05-25 05:00:00+00:00,0.186712819,0,0.036782024,0.509237603
2021-05-25 06:00:00+00:00,0.179156907,0,0.217986342,0.513740727
2021-05-25 07:00:00+00:00,0.180469121,0,0.429264545,0.520144172
2021-05-25 08:00:00+00:00,0.176929195,0,0.576209437,0.549995916
2021-05-25 09:00:00+00:00,0.160914078,0,0.677832111,0.53512633
2021-05-25 10:00:00+00:00,0.153663332,0,0.716277077,0.486472106
2021-05-25 11:00:00+00:00,0.152454874,0,0.750747894,0.473031774
2021-05-25 12:00:00+00:00,0.158747399,0,0.753495976,0.454507207
2021-05-25 13:00:00+00:00,0.169226803,0,0.743123727,0.444814092
2021-05-25 14:00:00+00:00,0.193682813,0,0.716685767,0.438380635
2021-05-25 15:00:00+00:00,0.217137879,0,0.655889731,0.442843632
2021-05-25 16:00:00+00:00,0.242021121,0,0.552956433,0.454268211
2021-05-25 17:00:00+00:00,0.25881136,0,0.39397635,0.493815818
2021-05-25 18:00:00+00:00,0.267459766,0,0.14466187,0.523350842
2021-05-25 19:00:00+00:00,0.273221302,0,0.007877836,0.512412282
2021-05-25 20:00:00+00:00,0.289932197,0,0,0.51615576
2021-05-25 21:00:00+00:00,0.283731222,0,0,0.507591339
2021-05-25 22:00:00+00:00,0.261850814,0,0,0.462371348
2021-05-25 23:00:00+00:00,0.239048804,0,0,0.439519882
2021-05-26 00:00:00+00:00,0.23417225,0,0,0.434809973
2021-05-26 01:00:00+00:00,0.210570704,0,0,0.437522488
2021-05-26 02:00:00+00:00,0.17070991,0,0,0.440214996
2021-05-26 03:00:00+00:00,0.143348718,0,0,0.457264576
2021-05-26 04:00:00+00:00,0.1335773,0,0.000803286,0.489693507
2021-05-26 05:00:00+00:00,0.122255638,0,0.034682208,0.49546648
2021-05-26 06:00:00+00:00,0.106387002,0,0.198763859,0.520390864
2021-05-26 07:00:00+00:00,0.094052188,0,0.40642023,0.513197432
2021-05-26 08:00:00+00:00,0.089419767,0,0.547389805,0.497578425
2021-05-26 09:00:00+00:00,0.088546992,0,0.658835111,0.491446627
2021-05-26 10:00:00+00:00,0.084994859,0,0.698463867,0.479336279
2021-05-26 11:00:00+00:00,0.079929102,0,0.723154329,0.47245451
2021-05-26 12:00:00+00:00,0.078757264,0,0.728509567,0.462655968
2021-05-26 13:00:00+00:00,0.087576564,0,0.720096207,0.445406087
2021-05-26 14:00:00+00:00,0.103176654,0,0.665895569,0.440670893
2021-05-26 15:00:00+00:00,0.127327499,0,0.581776066,0.441200886
2021-05-26 16:00:00+00:00,0.133272134,0,0.462424738,0.451205994
2021-05-26 17:00:00+00:00,0.121785683,0,0.309645456,0.46195041
2021-05-26 18:00:00+00:00,0.13359561,0,0.118928546,0.46761114
2021-05-26 19:00:00+00:00,0.144679242,0,0.009273016,0.470424796
2021-05-26 20:00:00+00:00,0.140394711,0,0,0.464283983
2021-05-26 21:00:00+00:00,0.142237914,0,0,0.462320449
2021-05-26 22:00:00+00:00,0.136824267,0,0,0.463656698
2021-05-26 23:00:00+00:00,0.130366953,0,0,0.461722737
2021-05-27 00:00:00+00:00,0.12679651,0,0,0.458950307
2021-05-27 01:00:00+00:00,0.113601128,0,0,0.45482008
2021-05-27 02:00:00+00:00,0.10566681,0,0,0.454942986
2021-05-27 03:00:00+00:00,0.10388464,0,0,0.469168798
2021-05-27 04:00:00+00:00,0.092941384,0,0.001071047,0.506107448
2021-05-27 05:00:00+00:00,0.080765257,0,0.043250587,0.516801953
2021-05-27 06:00:00+00:00,0.07219009,0,0.168732252,0.560439662
2021-05-27 07:00:00+00:00,0.060160443,0,0.303768788,0.531607557
2021-05-27 08:00:00+00:00,0.046629378,0,0.389861273,0.509836415
2021-05-27 09:00:00+00:00,0.041807754,0,0.447077756,0.492704494
2021-05-27 10:00:00+00:00,0.043815747,0,0.47234602,0.468302187
2021-05-27 11:00:00+00:00,0.052323778,0,0.47632017,0.467602895
2021-05-27 12:00:00+00:00,0.052018611,0,0.471063581,0.464585422
2021-05-27 13:00:00+00:00,0.053172139,0,0.401234106,0.463613494
2021-05-27 14:00:00+00:00,0.058488132,0,0.332842089,0.467389293
2021-05-27 15:00:00+00:00,0.069638901,0,0.279261531,0.469789706
2021-05-27 16:00:00+00:00,0.077066644,0,0.202878936,0.483464417
2021-05-27 17:00:00+00:00,0.070902289,0,0.097465318,0.511089115
2021-05-27 18:00:00+00:00,0.069907448,0,0.031271767,0.563350499
2021-05-27 19:00:00+00:00,0.08462866,0,0.001522015,0.590141236
2021-05-27 20:00:00+00:00,0.099374285,0,0,0.55150861
2021-05-27 21:00:00+00:00,0.099685554,0,0,0.507437651
2021-05-27 22:00:00+00:00,0.096786477,0,0,0.518932588
2021-05-27 23:00:00+00:00,0.098837193,0,0,0.521402479
2021-05-28 00:00:00+00:00,0.105184647,0,0,0.515749114
2021-05-28 01:00:00+00:00,0.092282225,0,0,0.520358873
2021-05-28 02:00:00+00:00,0.087527737,0,0,0.526228039
2021-05-28 03:00:00+00:00,0.076462415,0,0,0.521330582
2021-05-28 04:00:00+00:00,0.066910717,0,7.04636E-05,0.527964339
2021-05-28 05:00:00+00:00,0.060020066,0,0.015318797,0.552622573
2021-05-28 06:00:00+00:00,0.04374861,0,0.130526862,0.585240151
2021-05-28 07:00:00+00:00,0.0334401,0,0.310265536,0.591110086
2021-05-28 08:00:00+00:00,0.029442424,0,0.46393266,0.561910691
2021-05-28 09:00:00+00:00,0.03360489,0,0.555338105,0.528718378
2021-05-28 10:00:00+00:00,0.035063584,0,0.603788909,0.496531192
2021-05-28 11:00:00+00:00,0.038060315,0,0.638597952,0.479109815
2021-05-28 12:00:00+00:00,0.046586655,0,0.669418751,0.445978405
2021-05-28 13:00:00+00:00,0.055772154,0,0.664965449,0.439334533
2021-05-28 14:00:00+00:00,0.064322908,0,0.632819932,0.440804463
2021-05-28 15:00:00+00:00,0.073722024,0,0.590682671,0.440698377
2021-05-28 16:00:00+00:00,0.086453553,0,0.4973888,0.462524486
2021-05-28 17:00:00+00:00,0.091903819,0,0.34090313,0.495330381
2021-05-28 18:00:00+00:00,0.101913267,0,0.12566487,0.514857218
2021-05-28 19:00:00+00:00,0.111672478,0,0.007765094,0.520627772
2021-05-28 20:00:00+00:00,0.13366885,0,0,0.53774859
2021-05-28 21:00:00+00:00,0.139113013,0,0,0.53537753
2021-05-28 22:00:00+00:00,0.125276783,0,0,0.521064321
2021-05-28 23:00:00+00:00,0.122389911,0,0,0.463736291
2021-05-29 00:00:00+00:00,0.108980913,0,0,0.445608037
2021-05-29 01:00:00+00:00,0.083273722,0,0,0.442453805
2021-05-29 02:00:00+00:00,0.066910717,0,0,0.440079337
2021-05-29 03:00:00+00:00,0.061301764,0,0,0.437759946
2021-05-29 04:00:00+00:00,0.063669853,0,0.000479153,0.436671928
2021-05-29 05:00:00+00:00,0.06700837,0,0.046604657,0.438224198
2021-05-29 06:00:00+00:00,0.067887248,0,0.256318567,0.451989385
2021-05-29 07:00:00+00:00,0.060703638,0,0.471077674,0.473758769
2021-05-29 08:00:00+00:00,0.062351535,0,0.610271565,0.478180761
2021-05-29 09:00:00+00:00,0.057615357,0,0.702184348,0.495103807
2021-05-29 10:00:00+00:00,0.048069762,0,0.740276996,0.508196417
2021-05-29 11:00:00+00:00,0.047270227,0,0.734273493,0.509503534
2021-05-29 12:00:00+00:00,0.056541173,0,0.719349292,0.4834432
2021-05-29 13:00:00+00:00,0.075821566,0,0.70049322,0.480150452
2021-05-29 14:00:00+00:00,0.099490248,0,0.671448104,0.471526886
2021-05-29 15:00:00+00:00,0.137990002,0,0.590569929,0.46392153
2021-05-29 16:00:00+00:00,0.193841499,0,0.483944336,0.460492903
2021-05-29 17:00:00+00:00,0.224760927,0,0.329995358,0.49615082
2021-05-29 18:00:00+00:00,0.269199213,0,0.118829896,0.518514728
2021-05-29 19:00:00+00:00,0.306606472,0,0.009413943,0.517313917
2021-05-29 20:00:00+00:00,0.307454834,0,0,0.518415127
2021-05-29 21:00:00+00:00,0.274789856,0,0,0.502911771
2021-05-29 22:00:00+00:00,0.228374094,0,0,0.448840101
2021-05-29 23:00:00+00:00,0.205108231,0,0,0.427422946
2021-05-30 00:00:00+00:00,0.192810038,0,0,0.417060552
2021-05-30 01:00:00+00:00,0.190197816,0,0,0.414736653
2021-05-30 02:00:00+00:00,0.195593153,0,0,0.415282366
2021-05-30 03:00:00+00:00,0.199938718,0,0,0.416091922
2021-05-30 04:00:00+00:00,0.201830748,0,0.001042862,0.41407375
2021-05-30 05:00:00+00:00,0.185846148,0,0.034654022,0.414444448
2021-05-30 06:00:00+00:00,0.16183568,0,0.180570145,0.420878895
2021-05-30 07:00:00+00:00,0.140767013,0,0.401840093,0.457965407
2021-05-30 08:00:00+00:00,0.124501661,0,0.547178414,0.48634843
2021-05-30 09:00:00+00:00,0.120565018,0,0.638724786,0.498504511
2021-05-30 10:00:00+00:00,0.127296982,0,0.669644235,0.486229261
2021-05-30 11:00:00+00:00,0.12992141,0,0.663823938,0.487810444
2021-05-30 12:00:00+00:00,0.133302651,0,0.650266732,0.495129532
2021-05-30 13:00:00+00:00,0.138423338,0,0.600293912,0.49566601
2021-05-30 14:00:00+00:00,0.152741731,0,0.513539069,0.48532967
2021-05-30 15:00:00+00:00,0.172888796,0,0.420273384,0.490107849
2021-05-30 16:00:00+00:00,0.194250422,0,0.322427562,0.482152133
2021-05-30 17:00:00+00:00,0.209362247,0,0.214815478,0.495001348
2021-05-30 18:00:00+00:00,0.231010729,0,0.095816469,0.520330291
2021-05-30 19:00:00+00:00,0.226054832,0,0.009794447,0.523894576
2021-05-30 20:00:00+00:00,0.213610159,0,0,0.531322608
2021-05-30 21:00:00+00:00,0.209765066,0,0,0.523108987
2021-05-30 22:00:00+00:00,0.189654621,0,0,0.529035428
2021-05-30 23:00:00+00:00,0.193920843,0,0,0.523389649
2021-05-31 00:00:00+00:00,0.207256601,0,0,0.502779521
2021-05-31 01:00:00+00:00,0.197912415,0,0,0.502972345
2021-05-31 02:00:00+00:00,0.185382295,0,0,0.490319362
2021-05-31 03:00:00+00:00,0.167835245,0,0,0.489201771
2021-05-31 04:00:00+00:00,0.149683966,0,0.001071047,0.481352472
2021-05-31 05:00:00+00:00,0.121498826,0,0.024817297,0.512251009
2021-05-31 06:00:00+00:00,0.094723554,0,0.111755346,0.544583747
2021-05-31 07:00:00+00:00,0.075583537,0,0.263125355,0.528668248
2021-05-31 08:00:00+00:00,0.065195683,0,0.438932158,0.542001723
2021-05-31 09:00:00+00:00,0.059312081,0,0.560242375,0.519767318
2021-05-31 10:00:00+00:00,0.080765257,0,0.581466026,0.542729487
2021-05-31 11:00:00+00:00,0.096780373,0,0.579633971,0.539444654
2021-05-31 12:00:00+00:00,0.117025092,0,0.585031486,0.485509412
2021-05-31 13:00:00+00:00,0.136531308,0,0.547699845,0.473514715
2021-05-31 14:00:00+00:00,0.148615885,0,0.496641886,0.463696385
2021-05-31 15:00:00+00:00,0.186004834,0,0.446514046,0.450855964
2021-05-31 16:00:00+00:00,0.223900359,0,0.381123781,0.455873579
2021-05-31 17:00:00+00:00,0.235405121,0,0.281755944,0.493668616
2021-05-31 18:00:00+00:00,0.237620626,0,0.153498011,0.532533863
2021-05-31 19:00:00+00:00,0.245615978,0,0.068067884,0.543307851
2021-05-31 20:00:00+00:00,0.242637557,0,0.029707474,0.535779009
2021-05-31 21:00:00+00:00,0.238121099,0,0.00660949,0.528691444
2021-05-31 22:00:00+00:00,0.211406859,0,0,0.529261232
2021-05-31 23:00:00+00:00,0.201055626,0,0,0.482386622
2021-06-01 00:00:00+00:00,0.174274502,0,0,0.470699191
2021-06-01 01:00:00+00:00,0.176445615,0,0,0.465247006
2021-06-01 02:00:00+00:00,0.146458643,0,0,0.468094191
2021-06-01 03:00:00+00:00,0.142360362,0,0,0.472142297
2021-06-01 04:00:00+00:00,0.13782298,0,0.000151273,0.503060182
2021-06-01 05:00:00+00:00,0.124814599,0,0.020311855,0.535504174
2021-06-01 06:00:00+00:00,0.118441528,0,0.10517608,0.565609756
2021-06-01 07:00:00+00:00,0.110610885,0,0.197205149,0.581396302
2021-06-01 08:00:00+00:00,0.111867203,0,0.270146301,0.560720104
2021-06-01 09:00:00+00:00,0.120326006,0,0.350802382,0.51323349
2021-06-01 10:00:00+00:00,0.143232467,0,0.424871205,0.492123821
2021-06-01 11:00:00+00:00,0.169865192,0,0.514149855,0.467709532
2021-06-01 12:00:00+00:00,0.195357473,0,0.530844907,0.464235942
2021-06-01 13:00:00+00:00,0.20544461,0,0.575085421,0.46479012
2021-06-01 14:00:00+00:00,0.2148487,0,0.572651298,0.461663592
2021-06-01 15:00:00+00:00,0.237316059,0,0.506379917,0.460079331
2021-06-01 16:00:00+00:00,0.239316411,0,0.410307729,0.477990355
2021-06-01 17:00:00+00:00,0.181397704,0,0.309092255,0.532361486
2021-06-01 18:00:00+00:00,0.145909766,0,0.134303033,0.561598038
2021-06-01 19:00:00+00:00,0.133480754,0,0.011524262,0.568531366
2021-06-01 20:00:00+00:00,0.11669732,0,0,0.575504381
2021-06-01 21:00:00+00:00,0.103140061,0,0,0.575189419
2021-06-01 22:00:00+00:00,0.095638744,0,0,0.533682125
2021-06-01 23:00:00+00:00,0.085344253,0,0,0.513591766
2021-06-02 00:00:00+00:00,0.080776378,0,0,0.502432129
2021-06-02 01:00:00+00:00,0.079568849,0,0,0.49705206
2021-06-02 02:00:00+00:00,0.067109344,0,0,0.496803499
2021-06-02 03:00:00+00:00,0.053857017,0,0,0.50037603
2021-06-02 04:00:00+00:00,0.04586781,0,0.000398811,0.509035105
2021-06-02 05:00:00+00:00,0.039336175,0,0.041655118,0.518655444
2021-06-02 06:00:00+00:00,0.027828057,0,0.228394918,0.523411745
2021-06-02 07:00:00+00:00,0.02340045,0,0.427470353,0.518465148
2021-06-02 08:00:00+00:00,0.03115791,0,0.557922797,0.516715655
2021-06-02 09:00:00+00:00,0.04434925,0,0.642566987,0.503263781
2021-06-02 10:00:00+00:00,0.061016811,0,0.704121398,0.485009102
2021-06-02 11:00:00+00:00,0.075293708,0,0.728448867,0.473050903
2021-06-02 12:00:00+00:00,0.091985664,0,0.735173645,0.472322259
2021-06-02 13:00:00+00:00,0.107238342,0,0.725354644,0.473756131
2021-06-02 14:00:00+00:00,0.119716142,0,0.684029576,0.475984936
2021-06-02 15:00:00+00:00,0.130522918,0,0.606894033,0.476376192
2021-06-02 16:00:00+00:00,0.143769146,0,0.542726723,0.478043343
2021-06-02 17:00:00+00:00,0.151825439,0,0.395262929,0.479797013
2021-06-02 18:00:00+00:00,0.160930696,0,0.161408427,0.492348747
2021-06-02 19:00:00+00:00,0.165730319,0,0.012473157,0.508473781
2021-06-02 20:00:00+00:00,0.184544598,0,0,0.509284655
2021-06-02 21:00:00+00:00,0.183251689,0,0,0.501997999
2021-06-02 22:00:00+00:00,0.183465141,0,0,0.495478243
2021-06-02 23:00:00+00:00,0.185465492,0,0,0.484285625
2021-06-03 00:00:00+00:00,0.185544774,0,0,0.48068726
2021-06-03 01:00:00+00:00,0.184379935,0,0,0.476826922
2021-06-03 02:00:00+00:00,0.166803679,0,0,0.480040517
2021-06-03 03:00:00+00:00,0.138567013,0,0,0.491245228
2021-06-03 04:00:00+00:00,0.122814247,0,0.000550084,0.528682319
2021-06-03 05:00:00+00:00,0.115709341,0,0.038712168,0.541659718
2021-06-03 06:00:00+00:00,0.10492696,0,0.227597296,0.54234142
2021-06-03 07:00:00+00:00,0.10537216,0,0.436106673,0.519036036
2021-06-03 08:00:00+00:00,0.111824513,0,0.55617628,0.499747316
2021-06-03 09:00:00+00:00,0.124820697,0,0.631235255,0.484796599
2021-06-03 10:00:00+00:00,0.136054377,0,0.681966761,0.476614749
2021-06-03 11:00:00+00:00,0.154484442,0,0.690011741,0.474560409
2021-06-03 12:00:00+00:00,0.172701055,0,0.686078639,0.470888058
2021-06-03 13:00:00+00:00,0.193918196,0,0.663786481,0.466932737
2021-06-03 14:00:00+00:00,0.217885819,0,0.614182648,0.462860995
2021-06-03 15:00:00+00:00,0.264314702,0,0.523184986,0.467190972
2021-06-03 16:00:00+00:00,0.284751218,0,0.450780166,0.478931392
2021-06-03 17:00:00+00:00,0.309853186,0,0.286676328,0.516120362
2021-06-03 18:00:00+00:00,0.290319269,0,0.120193375,0.53756412
2021-06-03 19:00:00+00:00,0.267986079,0,0.011166707,0.51829442
2021-06-03 20:00:00+00:00,0.273755385,0,0,0.509386564
2021-06-03 21:00:00+00:00,0.243567157,0,0,0.505747963
2021-06-03 22:00:00+00:00,0.228838961,0,0,0.486700769
2021-06-03 23:00:00+00:00,0.194631735,0,0,0.485471705
2021-06-04 00:00:00+00:00,0.156082284,0,0,0.487586399
2021-06-04 01:00:00+00:00,0.147153887,0,0,0.488821509
2021-06-04 02:00:00+00:00,0.121460351,0,0,0.493978631
2021-06-04 03:00:00+00:00,0.103475486,0,0,0.5039667
2021-06-04 04:00:00+00:00,0.090967192,0,0.00033005,0.538054097
2021-06-04 05:00:00+00:00,0.083868385,0,0.021026965,0.531244885
2021-06-04 06:00:00+00:00,0.083892779,0,0.137383504,0.53591192
2021-06-04 07:00:00+00:00,0.085264971,0,0.290815711,0.534092399
2021-06-04 08:00:00+00:00,0.089662085,0,0.404174291,0.532210436
2021-06-04 09:00:00+00:00,0.100993343,0,0.492215251,0.520360962
2021-06-04 10:00:00+00:00,0.106293054,0,0.554003447,0.512410083
2021-06-04 11:00:00+00:00,0.109226496,0,0.590364006,0.511025573
2021-06-04 12:00:00+00:00,0.130480227,0,0.617771947,0.516976529
2021-06-04 13:00:00+00:00,0.160973387,0,0.617180606,0.512257935
2021-06-04 14:00:00+00:00,0.185489886,0,0.563203604,0.495413821
2021-06-04 15:00:00+00:00,0.196778454,0,0.519334397,0.499544818
2021-06-04 16:00:00+00:00,0.201571978,0,0.413181918,0.531137919
2021-06-04 17:00:00+00:00,0.216379456,0,0.320107689,0.523536631
2021-06-04 18:00:00+00:00,0.231693121,0,0.130961272,0.505900881
2021-06-04 19:00:00+00:00,0.234248448,0,0.013820863,0.504585299
2021-06-04 20:00:00+00:00,0.25380676,0,0,0.49488196
2021-06-04 21:00:00+00:00,0.261692291,0,0,0.487017599
2021-06-04 22:00:00+00:00,0.244018456,0,0,0.477902847
2021-06-04 23:00:00+00:00,0.239285918,0,0,0.473436332
2021-06-05 00:00:00+00:00,0.232333477,0,0,0.47487636
2021-06-05 01:00:00+00:00,0.215074349,0,0,0.482143448
2021-06-05 02:00:00+00:00,0.208804956,0,0,0.483696268
2021-06-05 03:00:00+00:00,0.195625812,0,0,0.485620996
2021-06-05 04:00:00+00:00,0.177695835,0,0.000495076,0.492346328
2021-06-05 05:00:00+00:00,0.151038715,0,0.027352932,0.520200458
2021-06-05 06:00:00+00:00,0.117069336,0,0.138566184,0.527998968
2021-06-05 07:00:00+00:00,0.101060428,0,0.248005416,0.541384223
2021-06-05 08:00:00+00:00,0.079361496,0,0.354171647,0.565550721
2021-06-05 09:00:00+00:00,0.069481712,0,0.422533348,0.562535007
2021-06-05 10:00:00+00:00,0.053320338,0,0.494099289,0.517332826
2021-06-05 11:00:00+00:00,0.049295241,0,0.517395351,0.519016028
2021-06-05 12:00:00+00:00,0.045636062,0,0.545490896,0.509806952
2021-06-05 13:00:00+00:00,0.059583633,0,0.514232367,0.479699611
2021-06-05 14:00:00+00:00,0.077653879,0,0.455455881,0.468311751
2021-06-05 15:00:00+00:00,0.090186567,0,0.329349102,0.474607131
2021-06-05 16:00:00+00:00,0.100133436,0,0.214271508,0.51944653
2021-06-05 17:00:00+00:00,0.113074732,0,0.165534057,0.504371807
2021-06-05 18:00:00+00:00,0.124521864,0,0.081701241,0.510587265
2021-06-05 19:00:00+00:00,0.130352156,0,0.011372989,0.516314176
2021-06-05 20:00:00+00:00,0.152105976,0,0,0.519847899
2021-06-05 21:00:00+00:00,0.167675783,0,0,0.545655935
2021-06-05 22:00:00+00:00,0.164303239,0,0,0.530792286
2021-06-05 23:00:00+00:00,0.168078293,0,0,0.529178892
2021-06-06 00:00:00+00:00,0.17883018,0,0,0.522128484
2021-06-06 01:00:00+00:00,0.196961413,0,0,0.506046874
2021-06-06 02:00:00+00:00,0.206828999,0,0,0.472649753
2021-06-06 03:00:00+00:00,0.212970321,0,0,0.465671682
2021-06-06 04:00:00+00:00,0.207444961,0,0.000316298,0.464751643
2021-06-06 05:00:00+00:00,0.205170171,0,0.037928299,0.46584208
2021-06-06 06:00:00+00:00,0.19648572,0,0.219332282,0.480710236
2021-06-06 07:00:00+00:00,0.185788719,0,0.456734827,0.478095782
2021-06-06 08:00:00+00:00,0.156594569,0,0.584560619,0.487135998
2021-06-06 09:00:00+00:00,0.138957326,0,0.664419078,0.504295073
2021-06-06 10:00:00+00:00,0.135334738,0,0.707820713,0.505543815
2021-06-06 11:00:00+00:00,0.135304245,0,0.723484358,0.486395152
2021-06-06 12:00:00+00:00,0.146574517,0,0.729439018,0.480422649
2021-06-06 13:00:00+00:00,0.154283187,0,0.714517987,0.457201474
2021-06-06 14:00:00+00:00,0.169413893,0,0.686587467,0.448934205
2021-06-06 15:00:00+00:00,0.191478743,0,0.637409949,0.453235379
2021-06-06 16:00:00+00:00,0.205048199,0,0.551115506,0.491009199
2021-06-06 17:00:00+00:00,0.204493223,0,0.400983803,0.527836266
2021-06-06 18:00:00+00:00,0.212342162,0,0.169522167,0.534962528
2021-06-06 19:00:00+00:00,0.233412935,0,0.015251082,0.523943607
2021-06-06 20:00:00+00:00,0.252489455,0,0,0.482176428
2021-06-06 21:00:00+00:00,0.257118317,0,0,0.483862599
2021-06-06 22:00:00+00:00,0.250824529,0,0,0.454632203
2021-06-06 23:00:00+00:00,0.248110638,0,0,0.440612298
2021-06-07 00:00:00+00:00,0.246342035,0,0,0.436480203
2021-06-07 01:00:00+00:00,0.228564523,0,0,0.44052644
2021-06-07 02:00:00+00:00,0.201077989,0,0,0.44181168
2021-06-07 03:00:00+00:00,0.176652969,0,0,0.448748746
2021-06-07 04:00:00+00:00,0.158491243,0,0.000632597,0.475652935
2021-06-07 05:00:00+00:00,0.138292575,0,0.05631486,0.491031296
2021-06-07 06:00:00+00:00,0.111226847,0,0.269444943,0.487825725
2021-06-07 07:00:00+00:00,0.095102064,0,0.495405739,0.490215035
2021-06-07 08:00:00+00:00,0.0838013,0,0.62328654,0.484671384
2021-06-07 09:00:00+00:00,0.080599518,0,0.693518527,0.474668584
2021-06-07 10:00:00+00:00,0.086679854,0,0.733550897,0.471514573
2021-06-07 11:00:00+00:00,0.09422996,0,0.742682293,0.469501568
2021-06-07 12:00:00+00:00,0.105274582,0,0.742393499,0.461323346
2021-06-07 13:00:00+00:00,0.122478823,0,0.730896741,0.459056723
2021-06-07 14:00:00+00:00,0.139914811,0,0.699156889,0.458000915
2021-06-07 15:00:00+00:00,0.156149369,0,0.639417756,0.451420476
2021-06-07 16:00:00+00:00,0.159881731,0,0.545917211,0.458147348
2021-06-07 17:00:00+00:00,0.161546658,0,0.388276861,0.491204442
2021-06-07 18:00:00+00:00,0.162278494,0,0.171021146,0.5098617
2021-06-07 19:00:00+00:00,0.166029152,0,0.018042758,0.488828105
2021-06-07 20:00:00+00:00,0.181226943,0,0,0.474188282
2021-06-07 21:00:00+00:00,0.181074477,0,0,0.473175019
2021-06-07 22:00:00+00:00,0.166090139,0,0,0.449457491
2021-06-07 23:00:00+00:00,0.150428852,0,0,0.434310432
2021-06-08 00:00:00+00:00,0.127156473,0,0,0.434606265
2021-06-08 01:00:00+00:00,0.104262209,0,0,0.438923819
2021-06-08 02:00:00+00:00,0.087777608,0,0,0.43752018
2021-06-08 03:00:00+00:00,0.07573281,0,0,0.444906107
2021-06-08 04:00:00+00:00,0.072140716,0,0.00111392,0.475218915
2021-06-08 05:00:00+00:00,0.074805818,0,0.054705864,0.475137673
2021-06-08 06:00:00+00:00,0.057174673,0,0.260629846,0.477537426
2021-06-08 07:00:00+00:00,0.039012948,0,0.475533951,0.46579107
2021-06-08 08:00:00+00:00,0.035384262,0,0.599069087,0.458679649
2021-06-08 09:00:00+00:00,0.038427479,0,0.664776633,0.444753628
2021-06-08 10:00:00+00:00,0.040860833,0,0.709732256,0.432399776
2021-06-08 11:00:00+00:00,0.056015933,0,0.726482316,0.421474628
2021-06-08 12:00:00+00:00,0.073299456,0,0.726647342,0.411754249
2021-06-08 13:00:00+00:00,0.092461357,0,0.710296092,0.409774445
2021-06-08 14:00:00+00:00,0.107573766,0,0.674128062,0.411826916
2021-06-08 15:00:00+00:00,0.122295864,0,0.612766181,0.414116185
2021-06-08 16:00:00+00:00,0.146043936,0,0.504578391,0.440593939
2021-06-08 17:00:00+00:00,0.164553283,0,0.358888618,0.494921206
2021-06-08 18:00:00+00:00,0.173914683,0,0.153212173,0.502333847
2021-06-08 19:00:00+00:00,0.186831585,0,0.016805069,0.473490859
2021-06-08 20:00:00+00:00,0.21386682,0,0,0.454080993
2021-06-08 21:00:00+00:00,0.246476204,0,0,0.443830621
2021-06-08 22:00:00+00:00,0.239938471,0,0,0.430535293
2021-06-08 23:00:00+00:00,0.235547456,0,0,0.404266963
2021-06-09 00:00:00+00:00,0.198278717,0,0,0.400957724
2021-06-09 01:00:00+00:00,0.172731549,0,0,0.398674832
2021-06-09 02:00:00+00:00,0.164193464,0,0,0.398564678
2021-06-09 03:00:00+00:00,0.159467024,0,0,0.409319867
2021-06-09 04:00:00+00:00,0.157893577,0,0.000536332,0.426616909
2021-06-09 05:00:00+00:00,0.144183853,0,0.049039997,0.431411468
2021-06-09 06:00:00+00:00,0.109988825,0,0.242367054,0.450612899
2021-06-09 07:00:00+00:00,0.078074684,0,0.448717351,0.452487607
2021-06-09 08:00:00+00:00,0.051923751,0,0.574342807,0.445119159
2021-06-09 09:00:00+00:00,0.038567748,0,0.653238619,0.436342345
2021-06-09 10:00:00+00:00,0.035292782,0,0.699871998,0.425871995
2021-06-09 11:00:00+00:00,0.042037869,0,0.723388093,0.429357238
2021-06-09 12:00:00+00:00,0.059388477,0,0.718533601,0.426883499
2021-06-09 13:00:00+00:00,0.082557179,0,0.697740422,0.409157494
2021-06-09 14:00:00+00:00,0.103908489,0,0.664350318,0.402423037
2021-06-09 15:00:00+00:00,0.124290116,0,0.611927303,0.40423838
2021-06-09 16:00:00+00:00,0.150599614,0,0.529263415,0.416891473
2021-06-09 17:00:00+00:00,0.185660648,0,0.378540372,0.45264877
2021-06-09 18:00:00+00:00,0.224313776,0,0.163154944,0.47035103
2021-06-09 19:00:00+00:00,0.251409998,0,0.016282489,0.462997533
2021-06-09 20:00:00+00:00,0.277835369,0,0,0.455022689
2021-06-09 21:00:00+00:00,0.276572952,0,0,0.438591928
2021-06-09 22:00:00+00:00,0.245768763,0,0,0.455854451
2021-06-09 23:00:00+00:00,0.235785303,0,0,0.431465226
2021-06-10 00:00:00+00:00,0.233156793,0,0,0.400234797
2021-06-10 01:00:00+00:00,0.220337469,0,0,0.390180768
2021-06-10 02:00:00+00:00,0.203852867,0,0,0.391565169
2021-06-10 03:00:00+00:00,0.191771477,0,0,0.397410369
2021-06-10 04:00:00+00:00,0.183001645,0,0.000508828,0.424024661
2021-06-10 05:00:00+00:00,0.165230232,0,0.049136262,0.424700756
2021-06-10 06:00:00+00:00,0.123454604,0,0.248995567,0.437731583
2021-06-10 07:00:00+00:00,0.083722017,0,0.463432101,0.445065292
2021-06-10 08:00:00+00:00,0.066780018,0,0.589951443,0.445644315
2021-06-10 09:00:00+00:00,0.060156904,0,0.655989039,0.475726151
2021-06-10 10:00:00+00:00,0.06396245,0,0.702196103,0.49023977
2021-06-10 11:00:00+00:00,0.077263566,0,0.729824077,0.447851683
2021-06-10 12:00:00+00:00,0.094077494,0,0.7338947,0.430714595
2021-06-10 13:00:00+00:00,0.109586315,0,0.721572816,0.423114077
2021-06-10 14:00:00+00:00,0.120710219,0,0.687797652,0.419872008
2021-06-10 15:00:00+00:00,0.142665294,0,0.625308099,0.418409334
2021-06-10 16:00:00+00:00,0.161808899,0,0.528507049,0.442560881
2021-06-10 17:00:00+00:00,0.186197328,0,0.363110513,0.485621106
2021-06-10 18:00:00+00:00,0.211299296,0,0.142925601,0.487188107
2021-06-10 19:00:00+00:00,0.234535083,0,0.012995737,0.460994533
2021-06-10 20:00:00+00:00,0.263960982,0,0,0.452842914
2021-06-10 21:00:00+00:00,0.280317512,0,0,0.443790495
2021-06-10 22:00:00+00:00,0.294405352,0,0,0.418818069
2021-06-10 23:00:00+00:00,0.303803343,0,0,0.400601428
2021-06-11 00:00:00+00:00,0.312396316,0,0,0.383224464
2021-06-11 01:00:00+00:00,0.312804924,0,0,0.379981516
2021-06-11 02:00:00+00:00,0.320970992,0,0,0.381554124
2021-06-11 03:00:00+00:00,0.316018903,0,0,0.392254126
2021-06-11 04:00:00+00:00,0.303138593,0,0.00033005,0.419343335
2021-06-11 05:00:00+00:00,0.283775437,0,0.035961748,0.463769931
2021-06-11 06:00:00+00:00,0.245878539,0,0.198552855,0.496227774
2021-06-11 07:00:00+00:00,0.218867698,0,0.399347303,0.454477525
2021-06-11 08:00:00+00:00,0.212945927,0,0.549355237,0.43676911
2021-06-11 09:00:00+00:00,0.220367962,0,0.653018585,0.43210878
2021-06-11 10:00:00+00:00,0.224893146,0,0.699830742,0.440453223
2021-06-11 11:00:00+00:00,0.234955889,0,0.715879445,0.414177748
2021-06-11 12:00:00+00:00,0.260454269,0,0.704960276,0.401729133
2021-06-11 13:00:00+00:00,0.292563565,0,0.66063725,0.396492418
2021-06-11 14:00:00+00:00,0.332686464,0,0.591601696,0.390367656
2021-06-11 15:00:00+00:00,0.358520268,0,0.518660544,0.394410045
2021-06-11 16:00:00+00:00,0.376438048,0,0.419947953,0.405062996
2021-06-11 17:00:00+00:00,0.41400562,0,0.278480075,0.453996453
2021-06-11 18:00:00+00:00,0.376657599,0,0.110553152,0.505690797
2021-06-11 19:00:00+00:00,0.35155563,0,0.014480964,0.505923748
2021-06-11 20:00:00+00:00,0.372169006,0,0,0.479394434
2021-06-11 21:00:00+00:00,0.330820282,0,0,0.482037801
2021-06-11 22:00:00+00:00,0.267992177,0,0,0.479292745
2021-06-11 23:00:00+00:00,0.25973463,0,0,0.41868362
2021-06-12 00:00:00+00:00,0.242640165,0,0,0.416333447
2021-06-12 01:00:00+00:00,0.254880119,0,0,0.4159445
2021-06-12 02:00:00+00:00,0.269962036,0,0,0.428573188
2021-06-12 03:00:00+00:00,0.284196242,0,0,0.394281862
2021-06-12 04:00:00+00:00,0.27444453,0,0.003176736,0.389322292
2021-06-12 05:00:00+00:00,0.249238885,0,0.052725561,0.395809178
2021-06-12 06:00:00+00:00,0.212598305,0,0.231200346,0.431042639
2021-06-12 07:00:00+00:00,0.195967336,0,0.436381715,0.443272265
2021-06-12 08:00:00+00:00,0.19741881,0,0.563547407,0.443861073
2021-06-12 09:00:00+00:00,0.211707905,0,0.650460694,0.440202134
2021-06-12 10:00:00+00:00,0.234961988,0,0.691717001,0.438578956
2021-06-12 11:00:00+00:00,0.242182768,0,0.722095396,0.436353009
2021-06-12 12:00:00+00:00,0.252050354,0,0.701274713,0.39814297
2021-06-12 13:00:00+00:00,0.254733752,0,0.648054076,0.390115577
2021-06-12 14:00:00+00:00,0.262302154,0,0.592523086,0.389516986
2021-06-12 15:00:00+00:00,0.266028418,0,0.5180417,0.391222724
2021-06-12 16:00:00+00:00,0.268772802,0,0.431540975,0.400054945
2021-06-12 17:00:00+00:00,0.27952469,0,0.2786451,0.435334579
2021-06-12 18:00:00+00:00,0.284458483,0,0.136200823,0.444788038
2021-06-12 19:00:00+00:00,0.291130387,0,0.025345125,0.44141141
2021-06-12 20:00:00+00:00,0.302193305,0,0,0.446700562
2021-06-12 21:00:00+00:00,0.293929659,0,0,0.441808272
2021-06-12 22:00:00+00:00,0.286849147,0,0,0.427134809
2021-06-12 23:00:00+00:00,0.252385779,0,0,0.385930933
2021-06-13 00:00:00+00:00,0.214562064,0,0,0.377076066
2021-06-13 01:00:00+00:00,0.182044159,0,0,0.382315528
2021-06-13 02:00:00+00:00,0.142390855,0,0,0.417727632
2021-06-13 03:00:00+00:00,0.105622204,0,0,0.420518861
2021-06-13 04:00:00+00:00,0.093418842,0,0.00451069,0.384523446
2021-06-13 05:00:00+00:00,0.094047001,0,0.049782611,0.393130522
2021-06-13 06:00:00+00:00,0.095144755,0,0.216870656,0.406255562
2021-06-13 07:00:00+00:00,0.08571627,0,0.418063915,0.402339817
2021-06-13 08:00:00+00:00,0.104719607,0,0.543758131,0.402382471
2021-06-13 09:00:00+00:00,0.121301787,0,0.633889411,0.396658089
2021-06-13 10:00:00+00:00,0.138207194,0,0.693270989,0.397855932
2021-06-13 11:00:00+00:00,0.148989575,0,0.710818672,0.398663288
2021-06-13 12:00:00+00:00,0.157338602,0,0.700917158,0.395134402
2021-06-13 13:00:00+00:00,0.157460575,0,0.661077317,0.397314286
2021-06-13 14:00:00+00:00,0.158796175,0,0.601874516,0.396680846
2021-06-13 15:00:00+00:00,0.15150831,0,0.531408743,0.389422442
2021-06-13 16:00:00+00:00,0.142031036,0,0.440741132,0.391121914
2021-06-13 17:00:00+00:00,0.139121989,0,0.309807364,0.432583146
2021-06-13 18:00:00+00:00,0.153270815,0,0.131786398,0.467748118
2021-06-13 19:00:00+00:00,0.153392787,0,0.016805069,0.467339823
2021-06-13 20:00:00+00:00,0.181873398,0,0,0.45032751
2021-06-13 21:00:00+00:00,0.145909766,0,0,0.467872784
2021-06-13 22:00:00+00:00,0.13956109,0,0,0.432325021
2021-06-13 23:00:00+00:00,0.1234729,0,0,0.405962258
2021-06-14 00:00:00+00:00,0.108348293,0,0,0.396912257
2021-06-14 01:00:00+00:00,0.093302968,0,0,0.399944681
2021-06-14 02:00:00+00:00,0.086655459,0,0,0.406376709
2021-06-14 03:00:00+00:00,0.073537302,0,0,0.437074617
2021-06-14 04:00:00+00:00,0.068798665,0,0.004414425,0.446718811
2021-06-14 05:00:00+00:00,0.065609081,0,0.053041859,0.458171093
2021-06-14 06:00:00+00:00,0.052539713,0,0.214752832,0.470010454
2021-06-14 07:00:00+00:00,0.040031419,0,0.432104811,0.466166496
2021-06-14 08:00:00+00:00,0.03677475,0,0.559655562,0.43419654
2021-06-14 09:00:00+00:00,0.036170985,0,0.646513841,0.432198157
2021-06-14 10:00:00+00:00,0.040671776,0,0.687371337,0.439112576
2021-06-14 11:00:00+00:00,0.048252375,0,0.714256697,0.440540071
2021-06-14 12:00:00+00:00,0.055265801,0,0.705634129,0.437408816
2021-06-14 13:00:00+00:00,0.065566391,0,0.674141814,0.432898108
2021-06-14 14:00:00+00:00,0.085844341,0,0.625033057,0.42212236
2021-06-14 15:00:00+00:00,0.125509843,0,0.565170155,0.415383946
2021-06-14 16:00:00+00:00,0.154338075,0,0.461218012,0.429956049
2021-06-14 17:00:00+00:00,0.185868002,0,0.311320095,0.472132073
2021-06-14 18:00:00+00:00,0.237163594,0,0.141041563,0.470763613
2021-06-14 19:00:00+00:00,0.24952552,0,0.018689107,0.478939966
2021-06-14 20:00:00+00:00,0.261905743,0,0,0.472350402
2021-06-14 21:00:00+00:00,0.258155084,0,0,0.469857645
2021-06-14 22:00:00+00:00,0.258819835,0,0,0.462980493
2021-06-14 23:00:00+00:00,0.237206284,0,0,0.454696954
2021-06-15 00:00:00+00:00,0.184501908,0,0,0.441239802
2021-06-15 01:00:00+00:00,0.175494229,0,0,0.431435653
2021-06-15 02:00:00+00:00,0.178714306,0,0,0.418843794
2021-06-15 03:00:00+00:00,0.192399636,0,0,0.419376315
2021-06-15 04:00:00+00:00,0.205292144,0,0.003025463,0.422916855
2021-06-15 05:00:00+00:00,0.20535313,0,0.045216913,0.438055229
2021-06-15 06:00:00+00:00,0.156655555,0,0.206584083,0.451438835
2021-06-15 07:00:00+00:00,0.114343248,0,0.373067035,0.453168869
2021-06-15 08:00:00+00:00,0.098645369,0,0.468946694,0.451548549
2021-06-15 09:00:00+00:00,0.09605955,0,0.540320105,0.443011501
2021-06-15 10:00:00+00:00,0.103926785,0,0.566820407,0.441902486
2021-06-15 11:00:00+00:00,0.119087983,0,0.567122953,0.439497456
2021-06-15 12:00:00+00:00,0.136048278,0,0.549602775,0.432995729
2021-06-15 13:00:00+00:00,0.149404282,0,0.572087462,0.410329283
2021-06-15 14:00:00+00:00,0.163614094,0,0.532151357,0.404018402
2021-06-15 15:00:00+00:00,0.180739052,0,0.411339137,0.428364642
2021-06-15 16:00:00+00:00,0.221288855,0,0.326186118,0.452910084
2021-06-15 17:00:00+00:00,0.231260118,0,0.237347536,0.497351851
2021-06-15 18:00:00+00:00,0.188045213,0,0.109618009,0.50693932
2021-06-15 19:00:00+00:00,0.172798634,0,0.014645989,0.516713127
2021-06-15 20:00:00+00:00,0.19180197,0,0,0.490981496
2021-06-15 21:00:00+00:00,0.215385379,0,0,0.456161387
2021-06-15 22:00:00+00:00,0.225667673,0,0,0.409934509
2021-06-15 23:00:00+00:00,0.223642927,0,0,0.394350131
2021-06-16 00:00:00+00:00,0.171719176,0,0,0.390005203
2021-06-16 01:00:00+00:00,0.141756598,0,0,0.387600393
2021-06-16 02:00:00+00:00,0.114574996,0,0,0.388346187
2021-06-16 03:00:00+00:00,0.094236059,0,0,0.396899505
2021-06-16 04:00:00+00:00,0.075263215,0,0.002915446,0.410075994
2021-06-16 05:00:00+00:00,0.068786468,0,0.033170071,0.456187441
2021-06-16 06:00:00+00:00,0.065017514,0,0.135733251,0.485322414
2021-06-16 07:00:00+00:00,0.063590434,0,0.25908961,0.459631349
2021-06-16 08:00:00+00:00,0.080575123,0,0.343472511,0.436309035
2021-06-16 09:00:00+00:00,0.103353513,0,0.437619404,0.426044592
2021-06-16 10:00:00+00:00,0.133907659,0,0.489808633,0.421175607
2021-06-16 11:00:00+00:00,0.152587768,0,0.582704085,0.406898567
2021-06-16 12:00:00+00:00,0.154142919,0,0.59411833,0.405730626
2021-06-16 13:00:00+00:00,0.16318719,0,0.559298007,0.407655903
2021-06-16 14:00:00+00:00,0.196199084,0,0.54309803,0.407497488
2021-06-16 15:00:00+00:00,0.216257484,0,0.493067881,0.420385071
2021-06-16 16:00:00+00:00,0.230076984,0,0.42064931,0.426630651
2021-06-16 17:00:00+00:00,0.242560883,0,0.298296854,0.446419351
2021-06-16 18:00:00+00:00,0.259002794,0,0.135045646,0.484003974
2021-06-16 19:00:00+00:00,0.259271134,0,0.018592843,0.470894104
2021-06-16 20:00:00+00:00,0.228552326,0,0,0.462833292
2021-06-16 21:00:00+00:00,0.194546355,0,0,0.454205108
2021-06-16 22:00:00+00:00,0.201535387,0,0,0.442979401
2021-06-16 23:00:00+00:00,0.168511295,0,0,0.434085397
2021-06-17 00:00:00+00:00,0.137396076,0,0,0.426969028
2021-06-17 01:00:00+00:00,0.108872775,0,0,0.42310858
2021-06-17 02:00:00+00:00,0.104780593,0,0,0.420933752
2021-06-17 03:00:00+00:00,0.108683717,0,0,0.424006192
2021-06-17 04:00:00+00:00,0.110373038,0,0.00275042,0.435043803
2021-06-17 05:00:00+00:00,0.128577454,0,0.019638002,0.439980397
2021-06-17 06:00:00+00:00,0.105378259,0,0.071758471,0.446803571
2021-06-17 07:00:00+00:00,0.078471095,0,0.149045286,0.447444377
2021-06-17 08:00:00+00:00,0.081849737,0,0.277311146,0.453823197
2021-06-17 09:00:00+00:00,0.095053275,0,0.366067215,0.454760716
2021-06-17 10:00:00+00:00,0.116142344,0,0.414034549,0.455128226
2021-06-17 11:00:00+00:00,0.144055782,0,0.412961885,0.466542141
2021-06-17 12:00:00+00:00,0.186599837,0,0.416674952,0.458090622
2021-06-17 13:00:00+00:00,0.228918243,0,0.420594301,0.453624876
2021-06-17 14:00:00+00:00,0.217995594,0,0.398315896,0.46677652
2021-06-17 15:00:00+00:00,0.210042978,0,0.39428653,0.481667323
2021-06-17 16:00:00+00:00,0.205651963,0,0.358586072,0.500846108
2021-06-17 17:00:00+00:00,0.184593388,0,0.243150924,0.531545225
2021-06-17 18:00:00+00:00,0.159686575,0,0.104158424,0.575582984
2021-06-17 19:00:00+00:00,0.140488082,0,0.012968233,0.558277147
2021-06-17 20:00:00+00:00,0.136359309,0,0,0.546735159
2021-06-17 21:00:00+00:00,0.135316443,0,0,0.537066668
2021-06-17 22:00:00+00:00,0.131748743,0,0,0.534296437
2021-06-17 23:00:00+00:00,0.131059598,0,0,0.534461998
2021-06-18 00:00:00+00:00,0.136719128,0,0,0.530728084
2021-06-18 01:00:00+00:00,0.131956096,0,0,0.526424381
2021-06-18 02:00:00+00:00,0.123625365,0,0,0.526506392
2021-06-18 03:00:00+00:00,0.116550952,0,0,0.524084762
2021-06-18 04:00:00+00:00,0.118831841,0,0.00320424,0.527799548
2021-06-18 05:00:00+00:00,0.12137497,0,0.037556992,0.544539224
2021-06-18 06:00:00+00:00,0.120222329,0,0.133725444,0.552175251
2021-06-18 07:00:00+00:00,0.116855884,0,0.240455511,0.548676156
2021-06-18 08:00:00+00:00,0.126272172,0,0.333598501,0.548160125
2021-06-18 09:00:00+00:00,0.139487907,0,0.430014492,0.544837915
2021-06-18 10:00:00+00:00,0.163376247,0,0.477981825,0.548101201
2021-06-18 11:00:00+00:00,0.178647221,0,0.521961049,0.544299677
2021-06-18 12:00:00+00:00,0.199278893,0,0.499311336,0.527145439
2021-06-18 13:00:00+00:00,0.223277009,0,0.456349768,0.51942883
2021-06-18 14:00:00+00:00,0.253209094,0,0.453640604,0.518956883
2021-06-18 15:00:00+00:00,0.279872312,0,0.362230379,0.520789815
2021-06-18 16:00:00+00:00,0.288831202,0,0.294570035,0.527252405
2021-06-18 17:00:00+00:00,0.282122707,0,0.2201024,0.546504297
2021-06-18 18:00:00+00:00,0.284104763,0,0.098712591,0.567006799
2021-06-18 19:00:00+00:00,0.247195843,0,0.013779607,0.573599112
2021-06-18 20:00:00+00:00,0.21386682,0,0,0.568248176
2021-06-18 21:00:00+00:00,0.185380111,0,0,0.565477505
2021-06-18 22:00:00+00:00,0.144269234,0,0,0.612280768
2021-06-18 23:00:00+00:00,0.11023277,0,0,0.608811246
2021-06-19 00:00:00+00:00,0.090058496,0,0,0.607553489
2021-06-19 01:00:00+00:00,0.080257995,0,0,0.622869737
2021-06-19 02:00:00+00:00,0.073921516,0,0,0.604789854
2021-06-19 03:00:00+00:00,0.081581398,0,0,0.613148258
2021-06-19 04:00:00+00:00,0.081136198,0,0.002722916,0.600957768
2021-06-19 05:00:00+00:00,0.078312531,0,0.020806931,0.588359533
2021-06-19 06:00:00+00:00,0.072213899,0,0.095783394,0.566718662
2021-06-19 07:00:00+00:00,0.064791864,0,0.206680348,0.568463097
2021-06-19 08:00:00+00:00,0.065413925,0,0.305337931,0.57478772
2021-06-19 09:00:00+00:00,0.077891725,0,0.37532238,0.578643661
2021-06-19 10:00:00+00:00,0.086362725,0,0.420016713,0.56104463
2021-06-19 11:00:00+00:00,0.103170554,0,0.45577218,0.553055824
2021-06-19 12:00:00+00:00,0.125741591,0,0.455084574,0.548929774
2021-06-19 13:00:00+00:00,0.150739882,0,0.451921591,0.534768824
2021-06-19 14:00:00+00:00,0.183928637,0,0.446008187,0.526872033
2021-06-19 15:00:00+00:00,0.20620084,0,0.410981582,0.526506612
2021-06-19 16:00:00+00:00,0.228948737,0,0.353002718,0.532707669
2021-06-19 17:00:00+00:00,0.240603222,0,0.264232897,0.56623759
2021-06-19 18:00:00+00:00,0.261173907,0,0.139803874,0.584131025
2021-06-19 19:00:00+00:00,0.261106822,0,0.021343263,0.602087562
2021-06-19 20:00:00+00:00,0.271450102,0,0,0.564824826
2021-06-19 21:00:00+00:00,0.269779077,0,0,0.571053916
2021-06-19 22:00:00+00:00,0.272889379,0,0,0.554175393
2021-06-19 23:00:00+00:00,0.280250427,0,0,0.519069126
2021-06-20 00:00:00+00:00,0.255392404,0,0,0.50483485
2021-06-20 01:00:00+00:00,0.258557594,0,0,0.497451891
2021-06-20 02:00:00+00:00,0.271468398,0,0,0.495570258
2021-06-20 03:00:00+00:00,0.290862047,0,0,0.495147781
2021-06-20 04:00:00+00:00,0.306681898,0,0.003520538,0.498944247
2021-06-20 05:00:00+00:00,0.305700018,0,0.030337138,0.504688857
2021-06-20 06:00:00+00:00,0.317427687,0,0.121651098,0.516024499
2021-06-20 07:00:00+00:00,0.333442694,0,0.245048714,0.547105857
2021-06-20 08:00:00+00:00,0.359794882,0,0.329431614,0.535598388
2021-06-20 09:00:00+00:00,0.40058863,0,0.422368323,0.514295894
2021-06-20 10:00:00+00:00,0.443346138,0,0.456611058,0.509165816
2021-06-20 11:00:00+00:00,0.453195428,0,0.46519237,0.510513499
2021-06-20 12:00:00+00:00,0.452359916,0,0.453324305,0.505492366
2021-06-20 13:00:00+00:00,0.460818718,0,0.444206661,0.504894654
2021-06-20 14:00:00+00:00,0.45398825,0,0.437619404,0.503820707
2021-06-20 15:00:00+00:00,0.452500184,0,0.404311812,0.505470049
2021-06-20 16:00:00+00:00,0.464526686,0,0.358146004,0.513246682
2021-06-20 17:00:00+00:00,0.456391111,0,0.283430832,0.536252386
2021-06-20 18:00:00+00:00,0.440955474,0,0.120867229,0.594055222
2021-06-20 19:00:00+00:00,0.402875617,0,0.016475019,0.599539288
2021-06-20 20:00:00+00:00,0.390044096,0,0,0.5891316
2021-06-20 21:00:00+00:00,0.373693664,0,0,0.569521214
2021-06-20 22:00:00+00:00,0.353848716,0,0,0.535152055
2021-06-20 23:00:00+00:00,0.325764517,0,0,0.521477344
2021-06-21 00:00:00+00:00,0.315195588,0,0,0.519652217
2021-06-21 01:00:00+00:00,0.318470553,0,0,0.519912431
2021-06-21 02:00:00+00:00,0.30938969,0,0,0.519867468
2021-06-21 03:00:00+00:00,0.279640564,0,0,0.519918147
2021-06-21 04:00:00+00:00,0.256935358,0,0.004180639,0.544119605
2021-06-21 05:00:00+00:00,0.240932548,0,0.050896531,0.558663126
2021-06-21 06:00:00+00:00,0.22946712,0,0.193588346,0.548017541
2021-06-21 07:00:00+00:00,0.236169517,0,0.336555203,0.551363717
2021-06-21 08:00:00+00:00,0.245451634,0,0.428433,0.550276798
2021-06-21 09:00:00+00:00,0.242072992,0,0.494484348,0.564518439
2021-06-21 10:00:00+00:00,0.226411706,0,0.544885804,0.543034774
2021-06-21 11:00:00+00:00,0.223240417,0,0.600719339,0.538229552
2021-06-21 12:00:00+00:00,0.239749414,0,0.614842749,0.529960194
2021-06-21 13:00:00+00:00,0.25581321,0,0.615035278,0.526370074
2021-06-21 14:00:00+00:00,0.273816371,0,0.577382022,0.520860283
2021-06-21 15:00:00+00:00,0.293569839,0,0.513118447,0.522917042
2021-06-21 16:00:00+00:00,0.304718138,0,0.446269477,0.541182933
2021-06-21 17:00:00+00:00,0.298589013,0,0.309999894,0.580914351
2021-06-21 18:00:00+00:00,0.289069049,0,0.146473643,0.602800155
2021-06-21 19:00:00+00:00,0.2317846,0,0.020133078,0.624386609
2021-06-21 20:00:00+00:00,0.204389546,0,0,0.621550417
2021-06-21 21:00:00+00:00,0.206182544,0,0,0.588072385
2021-06-21 22:00:00+00:00,0.188026917,0,0,0.56859216
2021-06-21 23:00:00+00:00,0.182099047,0,0,0.542570962
2021-06-22 00:00:00+00:00,0.174878267,0,0,0.506565983
2021-06-22 01:00:00+00:00,0.168761339,0,0,0.497794995
2021-06-22 02:00:00+00:00,0.162577327,0,0,0.500272912
2021-06-22 03:00:00+00:00,0.148501684,0,0,0.518188883
2021-06-22 04:00:00+00:00,0.137859572,0,0.003245496,0.551851715
2021-06-22 05:00:00+00:00,0.121307885,0,0.051116565,0.560156691
2021-06-22 06:00:00+00:00,0.10328033,0,0.220900022,0.584945967
2021-06-22 07:00:00+00:00,0.09766349,0,0.404449333,0.567315934
2021-06-22 08:00:00+00:00,0.095358207,0,0.52995102,0.566793857
2021-06-22 09:00:00+00:00,0.099700433,0,0.608172979,0.570965309
2021-06-22 10:00:00+00:00,0.096840174,0,0.620054796,0.572167329
2021-06-22 11:00:00+00:00,0.108738605,0,0.594489637,0.569340042
2021-06-22 12:00:00+00:00,0.126619794,0,0.580104938,0.549007608
2021-06-22 13:00:00+00:00,0.14807478,0,0.558706666,0.550677178
2021-06-22 14:00:00+00:00,0.179580312,0,0.54931398,0.52991622
2021-06-22 15:00:00+00:00,0.227948561,0,0.480223418,0.528270506
2021-06-22 16:00:00+00:00,0.23998726,0,0.428267975,0.540508707
2021-06-22 17:00:00+00:00,0.267809219,0,0.321854206,0.567583624
2021-06-22 18:00:00+00:00,0.30158954,0,0.144039521,0.578765138
2021-06-22 19:00:00+00:00,0.307926019,0,0.019954301,0.538427324
2021-06-22 20:00:00+00:00,0.309011575,0,0,0.523322259
2021-06-22 21:00:00+00:00,0.285891662,0,0,0.545753446
2021-06-22 22:00:00+00:00,0.260503058,0,0,0.556695744
2021-06-22 23:00:00+00:00,0.243609847,0,0,0.549389409
2021-06-23 00:00:00+00:00,0.220245989,0,0,0.496880783
2021-06-23 01:00:00+00:00,0.219251912,0,0,0.481237261
2021-06-23 02:00:00+00:00,0.234217955,0,0,0.490684234
2021-06-23 03:00:00+00:00,0.243811102,0,0,0.53043357
2021-06-23 04:00:00+00:00,0.244646615,0,0.0042494,0.544279779
2021-06-23 05:00:00+00:00,0.243701327,0,0.039977362,0.561079259
2021-06-23 06:00:00+00:00,0.232351773,0,0.192474426,0.577482316
2021-06-23 07:00:00+00:00,0.220252088,0,0.38624155,0.584251293
2021-06-23 08:00:00+00:00,0.204609097,0,0.521287196,0.578659162
2021-06-23 09:00:00+00:00,0.187227996,0,0.603015941,0.578646849
2021-06-23 10:00:00+00:00,0.16728547,0,0.640614189,0.579013589
2021-06-23 11:00:00+00:00,0.151429028,0,0.646417576,0.582220479
2021-06-23 12:00:00+00:00,0.148831011,0,0.635319629,0.567966305
2021-06-23 13:00:00+00:00,0.15498453,0,0.639225226,0.545867998
2021-06-23 14:00:00+00:00,0.163644587,0,0.622378901,0.535723493
2021-06-23 15:00:00+00:00,0.180604882,0,0.580627518,0.540452861
2021-06-23 16:00:00+00:00,0.215678114,0,0.522084818,0.550821192
2021-06-23 17:00:00+00:00,0.235248623,0,0.395290433,0.564498102
2021-06-23 18:00:00+00:00,0.257185402,0,0.188610085,0.574823778
2021-06-23 19:00:00+00:00,0.265699092,0,0.028356835,0.583697994
2021-06-23 20:00:00+00:00,0.273480946,0,0,0.569538253
2021-06-23 21:00:00+00:00,0.276511966,0,0,0.547836919
2021-06-23 22:00:00+00:00,0.275145873,0,0,0.540427576
2021-06-23 23:00:00+00:00,0.261186104,0,0,0.540282573
2021-06-24 00:00:00+00:00,0.249452337,0,0,0.519945191
2021-06-24 01:00:00+00:00,0.249330364,0,0,0.479103438
2021-06-24 02:00:00+00:00,0.26000297,0,0,0.477651098
2021-06-24 03:00:00+00:00,0.27110248,0,0,0.503944933
2021-06-24 04:00:00+00:00,0.271431806,0,0.004524442,0.522908797
2021-06-24 05:00:00+00:00,0.258417326,0,0.062778348,0.552135675
2021-06-24 06:00:00+00:00,0.224600412,0,0.261056161,0.559315255
2021-06-24 07:00:00+00:00,0.219044559,0,0.477528006,0.546090615
2021-06-24 08:00:00+00:00,0.206944873,0,0.607237836,0.55658493
2021-06-24 09:00:00+00:00,0.18065977,0,0.683672021,0.565006657
2021-06-24 10:00:00+00:00,0.163278669,0,0.72316806,0.559689691
2021-06-24 11:00:00+00:00,0.150813066,0,0.736796393,0.564424885
2021-06-24 12:00:00+00:00,0.137048454,0,0.735063628,0.553950028
2021-06-24 13:00:00+00:00,0.132108562,0,0.721022732,0.53148707
2021-06-24 14:00:00+00:00,0.132883088,0,0.692143317,0.530691696
2021-06-24 15:00:00+00:00,0.135987292,0,0.645028614,0.556211044
2021-06-24 16:00:00+00:00,0.154277089,0,0.559132982,0.558457329
2021-06-24 17:00:00+00:00,0.174518448,0,0.419879192,0.575262635
2021-06-24 18:00:00+00:00,0.192722864,0,0.198415334,0.593252702
2021-06-24 19:00:00+00:00,0.207024155,0,0.026459045,0.599021498
2021-06-24 20:00:00+00:00,0.236712295,0,0,0.570658043
2021-06-24 21:00:00+00:00,0.256685314,0,0,0.526906113
2021-06-24 22:00:00+00:00,0.270584096,0,0,0.480583372
2021-06-24 23:00:00+00:00,0.271572074,0,0,0.482453352
2021-06-25 00:00:00+00:00,0.266345547,0,0,0.500440891
2021-06-25 01:00:00+00:00,0.256532848,0,0,0.479064852
2021-06-25 02:00:00+00:00,0.241603398,0,0,0.471549642
2021-06-25 03:00:00+00:00,0.223899069,0,0,0.456617614
2021-06-25 04:00:00+00:00,0.197077287,0,0.003245496,0.473937632
2021-06-25 05:00:00+00:00,0.16813318,0,0.059464091,0.479078373
2021-06-25 06:00:00+00:00,0.13737778,0,0.257838169,0.490981166
2021-06-25 07:00:00+00:00,0.121771381,0,0.472068421,0.495402938
2021-06-25 08:00:00+00:00,0.117252295,0,0.59843649,0.491185204
2021-06-25 09:00:00+00:00,0.116099654,0,0.667843352,0.481922151
2021-06-25 10:00:00+00:00,0.115434903,0,0.710516125,0.467351146
2021-06-25 11:00:00+00:00,0.120551655,0,0.732216943,0.459894092
2021-06-25 12:00:00+00:00,0.121484746,0,0.733908452,0.453987329
2021-06-25 13:00:00+00:00,0.12333873,0,0.716635811,0.45032828
2021-06-25 14:00:00+00:00,0.129358079,0,0.685542307,0.44591904
2021-06-25 15:00:00+00:00,0.139189074,0,0.629296208,0.450619386
2021-06-25 16:00:00+00:00,0.144275333,0,0.541640307,0.457944189
2021-06-25 17:00:00+00:00,0.151898622,0,0.388565655,0.476507563
2021-06-25 18:00:00+00:00,0.159686575,0,0.175793126,0.489591488
2021-06-25 19:00:00+00:00,0.169017482,0,0.020023061,0.498949304
2021-06-25 20:00:00+00:00,0.196882131,0,0,0.493986656
2021-06-25 21:00:00+00:00,0.213098393,0,0,0.468017787
2021-06-25 22:00:00+00:00,0.205371426,0,0,0.448099694
2021-06-25 23:00:00+00:00,0.18716701,0,0,0.44364824
2021-06-26 00:00:00+00:00,0.172566886,0,0,0.437297013
2021-06-26 01:00:00+00:00,0.161442981,0,0,0.435087447
2021-06-26 02:00:00+00:00,0.141134537,0,0,0.438423069
2021-06-26 03:00:00+00:00,0.118484219,0,0,0.439722931
2021-06-26 04:00:00+00:00,0.114788448,0,0.000316298,0.442302206
2021-06-26 05:00:00+00:00,0.112562447,0,0.039317261,0.44525163
2021-06-26 06:00:00+00:00,0.100993343,0,0.223526673,0.447168112
2021-06-26 07:00:00+00:00,0.087057969,0,0.444385439,0.448754133
2021-06-26 08:00:00+00:00,0.089582803,0,0.579967417,0.446535991
2021-06-26 09:00:00+00:00,0.101054329,0,0.657790565,0.443168927
2021-06-26 10:00:00+00:00,0.13434676,0,0.700477091,0.434194561
2021-06-26 11:00:00+00:00,0.188136693,0,0.714284202,0.425810542
2021-06-26 12:00:00+00:00,0.232961636,0,0.682984416,0.420485001
2021-06-26 13:00:00+00:00,0.265095327,0,0.65233098,0.418494313
2021-06-26 14:00:00+00:00,0.288312819,0,0.614086383,0.415783556
2021-06-26 15:00:00+00:00,0.301241918,0,0.576515639,0.416659732
2021-06-26 16:00:00+00:00,0.300985776,0,0.475960266,0.418160773
2021-06-26 17:00:00+00:00,0.293460064,0,0.341739746,0.419898612
2021-06-26 18:00:00+00:00,0.275950892,0,0.151176862,0.424426251
2021-06-26 19:00:00+00:00,0.255117966,0,0.020504385,0.433251986
2021-06-26 20:00:00+00:00,0.24096914,0,0,0.441106342
2021-06-26 21:00:00+00:00,0.228473043,0,0,0.443807315
2021-06-26 22:00:00+00:00,0.217349139,0,0,0.460254346
2021-06-26 23:00:00+00:00,0.189722337,0,0,0.478134479
2021-06-27 00:00:00+00:00,0.174146431,0,0,0.470585629
2021-06-27 01:00:00+00:00,0.162272395,0,0,0.459839015
2021-06-27 02:00:00+00:00,0.160662356,0,0,0.459668287
2021-06-27 03:00:00+00:00,0.146861153,0,0,0.47442585
2021-06-27 04:00:00+00:00,0.146812363,0,0.001760269,0.465982796
2021-06-27 05:00:00+00:00,0.142720182,0,0.042232707,0.432773112
2021-06-27 06:00:00+00:00,0.120161342,0,0.217200706,0.426040634
2021-06-27 07:00:00+00:00,0.106835832,0,0.427621626,0.428380143
2021-06-27 08:00:00+00:00,0.112220924,0,0.57802837,0.420974318
2021-06-27 09:00:00+00:00,0.14865415,0,0.662947603,0.410991416
2021-06-27 10:00:00+00:00,0.192295959,0,0.714889294,0.401363711
2021-06-27 11:00:00+00:00,0.22710695,0,0.722659232,0.385722278
2021-06-27 12:00:00+00:00,0.237011128,0,0.723291829,0.373717907
2021-06-27 13:00:00+00:00,0.266656577,0,0.70014704,0.370163735
2021-06-27 14:00:00+00:00,0.299424526,0,0.662741322,0.366213251
2021-06-27 15:00:00+00:00,0.335534525,0,0.585358241,0.368563973
2021-06-27 16:00:00+00:00,0.377883424,0,0.483001342,0.399703486
2021-06-27 17:00:00+00:00,0.4167683,0,0.329046555,0.421356229
2021-06-27 18:00:00+00:00,0.429929148,0,0.155371254,0.408324523
2021-06-27 19:00:00+00:00,0.401119211,0,0.021687066,0.436412373
2021-06-27 20:00:00+00:00,0.375437873,0,0,0.42215633
2021-06-27 21:00:00+00:00,0.340797644,0,0,0.422701714
2021-06-27 22:00:00+00:00,0.301882274,0,0,0.449278738
2021-06-27 23:00:00+00:00,0.265967432,0,0,0.4169471
2021-06-28 00:00:00+00:00,0.257032936,0,0,0.405986663
2021-06-28 01:00:00+00:00,0.254983796,0,0,0.403092646
2021-06-28 02:00:00+00:00,0.249123011,0,0,0.401311603
2021-06-28 03:00:00+00:00,0.234022798,0,0,0.400976853
2021-06-28 04:00:00+00:00,0.220569217,0,0.000618845,0.408060901
2021-06-28 05:00:00+00:00,0.203419864,0,0.045629476,0.422595957
2021-06-28 06:00:00+00:00,0.170456759,0,0.256297933,0.445633431
2021-06-28 07:00:00+00:00,0.153252519,0,0.485215431,0.450350706
2021-06-28 08:00:00+00:00,0.144647349,0,0.613206249,0.44543467
2021-06-28 09:00:00+00:00,0.14477542,0,0.673839268,0.438342927
2021-06-28 10:00:00+00:00,0.144055782,0,0.722164156,0.430400293
2021-06-28 11:00:00+00:00,0.150770376,0,0.743163617,0.425407963
2021-06-28 12:00:00+00:00,0.159168192,0,0.741733398,0.421745396
2021-06-28 13:00:00+00:00,0.166077941,0,0.730374161,0.421057758
2021-06-28 14:00:00+00:00,0.169621246,0,0.696268947,0.421643927
2021-06-28 15:00:00+00:00,0.173390201,0,0.646390072,0.422564516
2021-06-28 16:00:00+00:00,0.176689561,0,0.561773385,0.425351567
2021-06-28 17:00:00+00:00,0.181568466,0,0.430715849,0.437559316
2021-06-28 18:00:00+00:00,0.174542842,0,0.210214638,0.46198394
2021-06-28 19:00:00+00:00,0.179958427,0,0.026995377,0.470895314
2021-06-28 20:00:00+00:00,0.17361585,0,0,0.469425054
2021-06-28 21:00:00+00:00,0.164894807,0,0,0.456530656
2021-06-28 22:00:00+00:00,0.169176046,0,0,0.433137984
2021-06-28 23:00:00+00:00,0.162924949,0,0,0.411511185
2021-06-29 00:00:00+00:00,0.151551,0,0,0.403950462
2021-06-29 01:00:00+00:00,0.133425867,0,0,0.402787029
2021-06-29 02:00:00+00:00,0.110738956,0,0,0.401934929
2021-06-29 03:00:00+00:00,0.094998388,0,0,0.405352343
2021-06-29 04:00:00+00:00,0.088668008,0,0.00301171,0.413859928
2021-06-29 05:00:00+00:00,0.081941217,0,0.056424876,0.427373696
2021-06-29 06:00:00+00:00,0.069640277,0,0.262610148,0.453180412
2021-06-29 07:00:00+00:00,0.063389179,0,0.478201859,0.458933927
2021-06-29 08:00:00+00:00,0.055991539,0,0.605917634,0.455663605
2021-06-29 09:00:00+00:00,0.047172917,0,0.678349958,0.450284526
2021-06-29 10:00:00+00:00,0.043471048,0,0.707298134,0.444357316
2021-06-29 11:00:00+00:00,0.042537957,0,0.724034442,0.441985266
2021-06-29 12:00:00+00:00,0.045983684,0,0.735503696,0.430882685
2021-06-29 13:00:00+00:00,0.055656114,0,0.732753275,0.423385504
2021-06-29 14:00:00+00:00,0.069274359,0,0.704685234,0.419498342
2021-06-29 15:00:00+00:00,0.092247905,0,0.660087166,0.415585675
2021-06-29 16:00:00+00:00,0.119405112,0,0.577863345,0.419302219
2021-06-29 17:00:00+00:00,0.146885547,0,0.440864901,0.431436753
2021-06-29 18:00:00+00:00,0.175347862,0,0.212002411,0.440276339
2021-06-29 19:00:00+00:00,0.188520906,0,0.028590621,0.44685502
2021-06-29 20:00:00+00:00,0.195912448,0,0,0.446779275
2021-06-29 21:00:00+00:00,0.196040519,0,0,0.435160003
2021-06-29 22:00:00+00:00,0.184184779,0,0,0.427511114
2021-06-29 23:00:00+00:00,0.159454827,0,0,0.416991623
2021-06-30 00:00:00+00:00,0.136036081,0,0,0.411313743
2021-06-30 01:00:00+00:00,0.121423759,0,0,0.407069185
2021-06-30 02:00:00+00:00,0.116050865,0,0,0.405736783
2021-06-30 03:00:00+00:00,0.118118301,0,0,0.410919629
2021-06-30 04:00:00+00:00,0.111635455,0,0.002709164,0.427302239
2021-06-30 05:00:00+00:00,0.102951004,0,0.046798405,0.441950637
2021-06-30 06:00:00+00:00,0.081416735,0,0.234473347,0.45667423
2021-06-30 07:00:00+00:00,0.063712406,0,0.444908019,0.452959554
2021-06-30 08:00:00+00:00,0.049142775,0,0.574439072,0.451322964
2021-06-30 09:00:00+00:00,0.041342625,0,0.647448984,0.443655496
2021-06-30 10:00:00+00:00,0.045727541,0,0.689599178,0.433068066
2021-06-30 11:00:00+00:00,0.058565161,0,0.712193882,0.432820824
2021-06-30 12:00:00+00:00,0.067389881,0,0.727857527,0.422867714
2021-06-30 13:00:00+00:00,0.073787346,0,0.722920522,0.412310076
2021-06-30 14:00:00+00:00,0.08438067,0,0.698056721,0.406037123
2021-06-30 15:00:00+00:00,0.097944027,0,0.648645417,0.405799555
2021-06-30 16:00:00+00:00,0.111428102,0,0.565252667,0.410604778
2021-06-30 17:00:00+00:00,0.126296566,0,0.431609736,0.421763096
2021-06-30 18:00:00+00:00,0.134377253,0,0.201083242,0.431017134
2021-06-30 19:00:00+00:00,0.139744049,0,0.023969915,0.429047883
2021-06-30 20:00:00+00:00,0.145604834,0,0,0.421317752
2021-06-30 21:00:00+00:00,0.144958379,0,0,0.413949744
2021-06-30 22:00:00+00:00,0.143122691,0,0,0.400641224
2021-06-30 23:00:00+00:00,0.134127209,0,0,0.384003677
2021-07-01 00:00:00+00:00,0.12353648,0,0,0.374198649
2021-07-01 01:00:00+00:00,0.110242576,0,0,0.370234093
2021-07-01 02:00:00+00:00,0.096571108,0,0,0.370391958
2021-07-01 03:00:00+00:00,0.081425923,0,0,0.37705232
2021-07-01 04:00:00+00:00,0.069611826,0,0.000326225,0.385803629
2021-07-01 05:00:00+00:00,0.06293138,0,0.03390022,0.405217783
2021-07-01 06:00:00+00:00,0.048991964,0,0.202721685,0.421651402
2021-07-01 07:00:00+00:00,0.034266971,0,0.409738666,0.42365902
2021-07-01 08:00:00+00:00,0.026636526,0,0.551157226,0.421942838
2021-07-01 09:00:00+00:00,0.025351591,0,0.650655867,0.416323223
2021-07-01 10:00:00+00:00,0.034942932,0,0.708982188,0.40908087
2021-07-01 11:00:00+00:00,0.048121131,0,0.734509299,0.398407911
2021-07-01 12:00:00+00:00,0.053851577,0,0.736806467,0.392547431
2021-07-01 13:00:00+00:00,0.061640355,0,0.726829417,0.390417017
2021-07-01 14:00:00+00:00,0.072857658,0,0.695335107,0.38937616
2021-07-01 15:00:00+00:00,0.08596887,0,0.648644146,0.394426645
2021-07-01 16:00:00+00:00,0.090438739,0,0.565592685,0.408826482
2021-07-01 17:00:00+00:00,0.096236172,0,0.423141079,0.418051828
2021-07-01 18:00:00+00:00,0.101394183,0,0.194878691,0.421384262
2021-07-01 19:00:00+00:00,0.10708809,0,0.024358137,0.418859075
2021-07-01 20:00:00+00:00,0.126173338,0,0,0.411798223
2021-07-01 21:00:00+00:00,0.138480704,0,0,0.404752432
2021-07-01 22:00:00+00:00,0.12798808,0,0,0.379104351
2021-07-01 23:00:00+00:00,0.11531533,0,0,0.359447022
2021-07-02 00:00:00+00:00,0.109006359,0,0,0.355967826
2021-07-02 01:00:00+00:00,0.099207966,0,0,0.356972074
2021-07-02 02:00:00+00:00,0.078953488,0,0,0.361342837
2021-07-02 03:00:00+00:00,0.06647561,0,0,0.366738956
2021-07-02 04:00:00+00:00,0.064807021,0,0.000475745,0.377790967
2021-07-02 05:00:00+00:00,0.059874331,0,0.04618803,0.39119535
2021-07-02 06:00:00+00:00,0.046623055,0,0.236553941,0.409320637
2021-07-02 07:00:00+00:00,0.035022099,0,0.44952453,0.421550593
2021-07-02 08:00:00+00:00,0.035399663,0,0.586267198,0.422550114
2021-07-02 09:00:00+00:00,0.048736195,0,0.662372784,0.410205387
2021-07-02 10:00:00+00:00,0.070397403,0,0.704945153,0.401229812
2021-07-02 11:00:00+00:00,0.092594507,0,0.725945891,0.39597188
2021-07-02 12:00:00+00:00,0.117178791,0,0.726013854,0.384217389
2021-07-02 13:00:00+00:00,0.130277823,0,0.716118361,0.379130515
2021-07-02 14:00:00+00:00,0.143163714,0,0.687641633,0.376137667
2021-07-02 15:00:00+00:00,0.161615629,0,0.635907776,0.377424447
2021-07-02 16:00:00+00:00,0.178660813,0,0.554528218,0.382431728
2021-07-02 17:00:00+00:00,0.202496058,0,0.412633913,0.392195971
2021-07-02 18:00:00+00:00,0.224394766,0,0.192010629,0.400718838
2021-07-02 19:00:00+00:00,0.242767513,0,0.022020191,0.407889294
2021-07-02 20:00:00+00:00,0.248126485,0,0,0.403251061
2021-07-02 21:00:00+00:00,0.230070404,0,0,0.379914016
2021-07-02 22:00:00+00:00,0.206984197,0,0,0.363066165
2021-07-02 23:00:00+00:00,0.208999901,0,0,0.348253196
2021-07-03 00:00:00+00:00,0.214364963,0,0,0.343690818
2021-07-03 01:00:00+00:00,0.198440291,0,0,0.34719431
2021-07-03 02:00:00+00:00,0.176925237,0,0,0.350175724
2021-07-03 03:00:00+00:00,0.15711531,0,0,0.353905901
2021-07-03 04:00:00+00:00,0.124261159,0,0.000625265,0.356335775
2021-07-03 05:00:00+00:00,0.115839048,0,0.038943116,0.362416894
2021-07-03 06:00:00+00:00,0.099902196,0,0.224143797,0.373117666
2021-07-03 07:00:00+00:00,0.083873999,0,0.420572056,0.376479673
2021-07-03 08:00:00+00:00,0.085512139,0,0.557002092,0.376570478
2021-07-03 09:00:00+00:00,0.090134252,0,0.619066408,0.376285639
2021-07-03 10:00:00+00:00,0.097271428,0,0.652586032,0.371005721
2021-07-03 11:00:00+00:00,0.114748984,0,0.690129099,0.363705212
2021-07-03 12:00:00+00:00,0.132427501,0,0.693228237,0.346930028
2021-07-03 13:00:00+00:00,0.158248002,0,0.686241583,0.338580418
2021-07-03 14:00:00+00:00,0.182582606,0,0.657479408,0.337435344
2021-07-03 15:00:00+00:00,0.200888367,0,0.601844444,0.33510364
2021-07-03 16:00:00+00:00,0.214754706,0,0.504493451,0.341395502
2021-07-03 17:00:00+00:00,0.227372649,0,0.355884347,0.364915807
2021-07-03 18:00:00+00:00,0.224571368,0,0.154032596,0.383142563
2021-07-03 19:00:00+00:00,0.210089965,0,0.020429844,0.393255297
2021-07-03 20:00:00+00:00,0.210875541,0,0,0.397882646
2021-07-03 21:00:00+00:00,0.219291563,0,0,0.389057131
2021-07-03 22:00:00+00:00,0.227719764,0,0,0.373251346
2021-07-03 23:00:00+00:00,0.228968161,0,0,0.360823948
2021-07-04 00:00:00+00:00,0.229266558,0,0,0.34343599
2021-07-04 01:00:00+00:00,0.229510148,0,0,0.331233407
2021-07-04 02:00:00+00:00,0.224352137,0,0,0.326692027
2021-07-04 03:00:00+00:00,0.223523933,0,0,0.32852375
2021-07-04 04:00:00+00:00,0.223365599,0,0.000598079,0.343964774
2021-07-04 05:00:00+00:00,0.223889317,0,0.037162471,0.350336668
2021-07-04 06:00:00+00:00,0.210169131,0,0.221642738,0.352262055
2021-07-04 07:00:00+00:00,0.208939004,0,0.44872256,0.356488254
2021-07-04 08:00:00+00:00,0.231556301,0,0.579525213,0.357891674
2021-07-04 09:00:00+00:00,0.265074234,0,0.653401595,0.356721315
2021-07-04 10:00:00+00:00,0.287837684,0,0.692602972,0.35318869
2021-07-04 11:00:00+00:00,0.303750177,0,0.717586374,0.349255685
2021-07-04 12:00:00+00:00,0.31377389,0,0.718456307,0.338677929
2021-07-04 13:00:00+00:00,0.318919721,0,0.71149684,0.331618727
2021-07-04 14:00:00+00:00,0.316703055,0,0.685684282,0.33360106
2021-07-04 15:00:00+00:00,0.314047928,0,0.636641783,0.3366392
2021-07-04 16:00:00+00:00,0.320174208,0,0.555003963,0.341723546
2021-07-04 17:00:00+00:00,0.309919084,0,0.415107787,0.359647872
2021-07-04 18:00:00+00:00,0.292283195,0,0.199106024,0.375524125
2021-07-04 19:00:00+00:00,0.271188333,0,0.022659048,0.386266122
2021-07-04 20:00:00+00:00,0.268782886,0,0,0.387970102
2021-07-04 21:00:00+00:00,0.257736096,0,0,0.375118468
2021-07-04 22:00:00+00:00,0.245099884,0,0,0.363207321
2021-07-04 23:00:00+00:00,0.22500374,0,0,0.356433507
2021-07-05 00:00:00+00:00,0.21466336,0,0,0.35075013
2021-07-05 01:00:00+00:00,0.198123624,0,0,0.349269977
2021-07-05 02:00:00+00:00,0.201655674,0,0,0.347445839
2021-07-05 03:00:00+00:00,0.197118817,0,0,0.340940595
2021-07-05 04:00:00+00:00,0.189579718,0,0.000611672,0.353406799
2021-07-05 05:00:00+00:00,0.190066897,0,0.043455896,0.377933882
2021-07-05 06:00:00+00:00,0.173916905,0,0.237002501,0.4036045
2021-07-05 07:00:00+00:00,0.169678445,0,0.455831547,0.424768256
2021-07-05 08:00:00+00:00,0.190298307,0,0.585329301,0.431256681
2021-07-05 09:00:00+00:00,0.220077139,0,0.66360972,0.426260392
2021-07-05 10:00:00+00:00,0.240897963,0,0.702090684,0.41910115
2021-07-05 11:00:00+00:00,0.266541861,0,0.721038922,0.393547942
2021-07-05 12:00:00+00:00,0.303122934,0,0.718578642,0.368894875
2021-07-05 13:00:00+00:00,0.330045677,0,0.710001641,0.35794763
2021-07-05 14:00:00+00:00,0.369689889,0,0.684379382,0.350642505
2021-07-05 15:00:00+00:00,0.405637629,0,0.633964019,0.347705284
2021-07-05 16:00:00+00:00,0.421269993,0,0.547093006,0.35161916
2021-07-05 17:00:00+00:00,0.434277679,0,0.40549774,0.366818438
2021-07-05 18:00:00+00:00,0.42181807,0,0.182645251,0.378240378
2021-07-05 19:00:00+00:00,0.361310406,0,0.01855405,0.383747201
2021-07-05 20:00:00+00:00,0.341932851,0,0,0.380246787
2021-07-05 21:00:00+00:00,0.323066834,0,0,0.373209241
2021-07-05 22:00:00+00:00,0.317817478,0,0,0.367452209
2021-07-05 23:00:00+00:00,0.284549224,0,0,0.358707165
2021-07-06 00:00:00+00:00,0.246951165,0,0,0.353287741
2021-07-06 01:00:00+00:00,0.216319769,0,0,0.351901361
2021-07-06 02:00:00+00:00,0.20761144,0,0,0.344828197
2021-07-06 03:00:00+00:00,0.200516892,0,0,0.340120266
2021-07-06 04:00:00+00:00,0.187490937,0,0.000489338,0.342188237
2021-07-06 05:00:00+00:00,0.191345743,0,0.027688351,0.358527423
2021-07-06 06:00:00+00:00,0.174471071,0,0.15866771,0.369160696
2021-07-06 07:00:00+00:00,0.167741908,0,0.312061448,0.370692408
2021-07-06 08:00:00+00:00,0.195699907,0,0.426838296,0.377098052
2021-07-06 09:00:00+00:00,0.228426174,0,0.493388207,0.373202755
2021-07-06 10:00:00+00:00,0.249691549,0,0.551850455,0.371612667
2021-07-06 11:00:00+00:00,0.264988977,0,0.587599283,0.371092459
2021-07-06 12:00:00+00:00,0.285505314,0,0.596271433,0.359871148
2021-07-06 13:00:00+00:00,0.300680947,0,0.561827504,0.344766194
2021-07-06 14:00:00+00:00,0.33491138,0,0.494638736,0.340311331
2021-07-06 15:00:00+00:00,0.339095032,0,0.429910248,0.342930183
2021-07-06 16:00:00+00:00,0.334868752,0,0.355721234,0.357626513
2021-07-06 17:00:00+00:00,0.345294388,0,0.244179452,0.384526304
2021-07-06 18:00:00+00:00,0.320369079,0,0.114504993,0.405019792
2021-07-06 19:00:00+00:00,0.284208199,0,0.016786997,0.412190138
2021-07-06 20:00:00+00:00,0.247888985,0,0,0.410424705
2021-07-06 21:00:00+00:00,0.204639647,0,0,0.404223649
2021-07-06 22:00:00+00:00,0.173149598,0,0,0.392869318
2021-07-06 23:00:00+00:00,0.149582301,0,0,0.367410104
2021-07-07 00:00:00+00:00,0.14021019,0,0,0.364044139
2021-07-07 01:00:00+00:00,0.109280397,0,0,0.364801696
2021-07-07 02:00:00+00:00,0.097856043,0,0,0.358360433
2021-07-07 03:00:00+00:00,0.099031363,0,0,0.359207696
2021-07-07 04:00:00+00:00,0.094397071,0,0.000462152,0.370039839
2021-07-07 05:00:00+00:00,0.081986179,0,0.031168085,0.400240514
2021-07-07 06:00:00+00:00,0.069349967,0,0.19432139,0.43339589
2021-07-07 07:00:00+00:00,0.062724329,0,0.406422045,0.430001672
2021-07-07 08:00:00+00:00,0.057974332,0,0.553576729,0.427301799
2021-07-07 09:00:00+00:00,0.062980098,0,0.614961409,0.429266432
2021-07-07 10:00:00+00:00,0.075488426,0,0.643560472,0.41881686
2021-07-07 11:00:00+00:00,0.090767585,0,0.672309055,0.403500832
2021-07-07 12:00:00+00:00,0.115004753,0,0.66872058,0.397923102
2021-07-07 13:00:00+00:00,0.149990314,0,0.666504968,0.395197614
2021-07-07 14:00:00+00:00,0.184756643,0,0.632523191,0.393508475
2021-07-07 15:00:00+00:00,0.203226827,0,0.587313836,0.383945082
2021-07-07 16:00:00+00:00,0.217744769,0,0.504642971,0.386584602
2021-07-07 17:00:00+00:00,0.218956627,0,0.389050561,0.396575639
2021-07-07 18:00:00+00:00,0.216831308,0,0.186641508,0.415839843
2021-07-07 19:00:00+00:00,0.212842528,0,0.027742722,0.429095375
2021-07-07 20:00:00+00:00,0.224559189,0,0,0.425056613
2021-07-07 21:00:00+00:00,0.219151499,0,0,0.410574106
2021-07-07 22:00:00+00:00,0.214176181,0,0,0.37408014
2021-07-07 23:00:00+00:00,0.214748616,0,0,0.351839468
2021-07-08 00:00:00+00:00,0.21349413,0,0,0.341138146
2021-07-08 01:00:00+00:00,0.203330353,0,0,0.33672396
2021-07-08 02:00:00+00:00,0.19283164,0,0,0.331033547
2021-07-08 03:00:00+00:00,0.187356963,0,0,0.336516404
2021-07-08 04:00:00+00:00,0.187241258,0,0,0.343961585
2021-07-08 05:00:00+00:00,0.180475556,0,0.030325337,0.376040925
2021-07-08 06:00:00+00:00,0.153729414,0,0.213024959,0.410048511
2021-07-08 07:00:00+00:00,0.158625566,0,0.421306063,0.41856599
2021-07-08 08:00:00+00:00,0.155050888,0,0.536912066,0.411688728
2021-07-08 09:00:00+00:00,0.137938717,0,0.610081626,0.410323896
2021-07-08 10:00:00+00:00,0.121709558,0,0.656296842,0.407663489
2021-07-08 11:00:00+00:00,0.107380398,0,0.681076353,0.397012627
2021-07-08 12:00:00+00:00,0.111259563,0,0.69570211,0.377578575
2021-07-08 13:00:00+00:00,0.119036162,0,0.695579776,0.359939857
2021-07-08 14:00:00+00:00,0.135898654,0,0.670147814,0.350005436
2021-07-08 15:00:00+00:00,0.155270119,0,0.611563232,0.355729928
2021-07-08 16:00:00+00:00,0.16981242,0,0.531379832,0.362769123
2021-07-08 17:00:00+00:00,0.192697665,0,0.394501237,0.387725388
2021-07-08 18:00:00+00:00,0.204061121,0,0.176582902,0.40295314
2021-07-08 19:00:00+00:00,0.215071373,0,0.019763801,0.411745454
2021-07-08 20:00:00+00:00,0.240709181,0,0,0.399263639
2021-07-08 21:00:00+00:00,0.253777765,0,0,0.382324762
2021-07-08 22:00:00+00:00,0.252779047,0,0,0.358662972
2021-07-08 23:00:00+00:00,0.232439313,0,0,0.34104778
2021-07-09 00:00:00+00:00,0.209895093,0,0,0.333642725
2021-07-09 01:00:00+00:00,0.199305034,0,0,0.334504828
2021-07-09 02:00:00+00:00,0.187545745,0,0,0.332119147
2021-07-09 03:00:00+00:00,0.179056646,0,0,0.332728732
2021-07-09 04:00:00+00:00,0.177619467,0,0.000326225,0.347918996
2021-07-09 05:00:00+00:00,0.172053444,0,0.033886627,0.37927288
2021-07-09 06:00:00+00:00,0.148851532,0,0.19823609,0.394894745
2021-07-09 07:00:00+00:00,0.127811478,0,0.408692027,0.396478127
2021-07-09 08:00:00+00:00,0.117702508,0,0.536327579,0.399459542
2021-07-09 09:00:00+00:00,0.118311482,0,0.608097091,0.398394389
2021-07-09 10:00:00+00:00,0.114474946,0,0.666260299,0.394175886
2021-07-09 11:00:00+00:00,0.116295778,0,0.687084332,0.380966526
2021-07-09 12:00:00+00:00,0.119194495,0,0.693581647,0.369571849
2021-07-09 13:00:00+00:00,0.123585198,0,0.690699993,0.346490071
2021-07-09 14:00:00+00:00,0.134223975,0,0.661897039,0.338100555
2021-07-09 15:00:00+00:00,0.136781666,0,0.606928118,0.340738755
2021-07-09 16:00:00+00:00,0.142993202,0,0.516264738,0.348131938
2021-07-09 17:00:00+00:00,0.15805313,0,0.373323795,0.374720616
2021-07-09 18:00:00+00:00,0.171426201,0,0.165110655,0.388957091
2021-07-09 19:00:00+00:00,0.179933569,0,0.018853089,0.389682546
2021-07-09 20:00:00+00:00,0.19681433,0,0,0.377687409
2021-07-09 21:00:00+00:00,0.199274585,0,0,0.362869933
2021-07-09 22:00:00+00:00,0.187777155,0,0,0.347557532
2021-07-09 23:00:00+00:00,0.181589978,0,0,0.341011392
2021-07-10 00:00:00+00:00,0.181346389,0,0,0.341223455
2021-07-10 01:00:00+00:00,0.181242863,0,0,0.331655005
2021-07-10 02:00:00+00:00,0.179610812,0,0,0.327266653
2021-07-10 03:00:00+00:00,0.170884214,0,0,0.326042646
2021-07-10 04:00:00+00:00,0.165257294,0,0.000244669,0.321330098
2021-07-10 05:00:00+00:00,0.151500569,0,0.03063797,0.323328481
2021-07-10 06:00:00+00:00,0.134638077,0,0.188979454,0.329796238
2021-07-10 07:00:00+00:00,0.111886806,0,0.399965507,0.346345068
2021-07-10 08:00:00+00:00,0.100358927,0,0.543830755,0.349740715
2021-07-10 09:00:00+00:00,0.093075597,0,0.628091968,0.358144083
2021-07-10 10:00:00+00:00,0.097070467,0,0.669400215,0.361177166
2021-07-10 11:00:00+00:00,0.109554435,0,0.678398589,0.367377893
2021-07-10 12:00:00+00:00,0.122629109,0,0.679499599,0.365520335
2021-07-10 13:00:00+00:00,0.136976538,0,0.662196079,0.347637344
2021-07-10 14:00:00+00:00,0.155379734,0,0.630076504,0.33909469
2021-07-10 15:00:00+00:00,0.173776841,0,0.568487932,0.336474849
2021-07-10 16:00:00+00:00,0.186425232,0,0.460779294,0.346087712
2021-07-10 17:00:00+00:00,0.191193499,0,0.318409244,0.373076441
2021-07-10 18:00:00+00:00,0.178161454,0,0.135872734,0.383122775
2021-07-10 19:00:00+00:00,0.170628445,0,0.018418123,0.388478767
2021-07-10 20:00:00+00:00,0.181839658,0,0,0.378673519
2021-07-10 21:00:00+00:00,0.18483581,0,0,0.36299119
2021-07-10 22:00:00+00:00,0.176474596,0,0,0.34746013
2021-07-10 23:00:00+00:00,0.165774922,0,0,0.343661575
2021-07-11 00:00:00+00:00,0.16416114,0,0,0.342073356
2021-07-11 01:00:00+00:00,0.169124279,0,0,0.339516178
2021-07-11 02:00:00+00:00,0.155300568,0,0,0.330054693
2021-07-11 03:00:00+00:00,0.135125257,0,0,0.330001155
2021-07-11 04:00:00+00:00,0.124023659,0,0.000530116,0.331805285
2021-07-11 05:00:00+00:00,0.11155187,0,0.022794976,0.334217241
2021-07-11 06:00:00+00:00,0.103976233,0,0.136674704,0.337245817
2021-07-11 07:00:00+00:00,0.08548778,0,0.29020437,0.351990078
2021-07-11 08:00:00+00:00,0.080061821,0,0.414536893,0.348452506
2021-07-11 09:00:00+00:00,0.096083929,0,0.50844893,0.340026272
2021-07-11 10:00:00+00:00,0.126386479,0,0.555017556,0.343994896
2021-07-11 11:00:00+00:00,0.1738012,0,0.579783475,0.338090002
2021-07-11 12:00:00+00:00,0.205065929,0,0.591609133,0.336970322
2021-07-11 13:00:00+00:00,0.238529054,0,0.568705416,0.326580664
2021-07-11 14:00:00+00:00,0.278891855,0,0.514796726,0.314661381
2021-07-11 15:00:00+00:00,0.304803702,0,0.456076216,0.31327764
2021-07-11 16:00:00+00:00,0.323809783,0,0.339980876,0.323738646
2021-07-11 17:00:00+00:00,0.326994717,0,0.218502822,0.333761454
2021-07-11 18:00:00+00:00,0.299262038,0,0.090282783,0.343399162
2021-07-11 19:00:00+00:00,0.304578382,0,0.012274218,0.352885602
2021-07-11 20:00:00+00:00,0.282180315,0,0,0.352846465
2021-07-11 21:00:00+00:00,0.270975192,0,0,0.342633361
2021-07-11 22:00:00+00:00,0.279805316,0,0,0.327918453
2021-07-11 23:00:00+00:00,0.305692804,0,0,0.319297525
2021-07-12 00:00:00+00:00,0.313402416,0,0,0.324159693
2021-07-12 01:00:00+00:00,0.310290558,0,0,0.325423277
2021-07-12 02:00:00+00:00,0.290913003,0,0,0.311768354
2021-07-12 03:00:00+00:00,0.28654057,0,0,0.316528943
2021-07-12 04:00:00+00:00,0.293525502,0,0.000584487,0.340261861
2021-07-12 05:00:00+00:00,0.309559789,0,0.020769662,0.363814377
2021-07-12 06:00:00+00:00,0.31306748,0,0.153937447,0.376606317
2021-07-12 07:00:00+00:00,0.342097274,0,0.352907543,0.389694969
2021-07-12 08:00:00+00:00,0.372107516,0,0.49912433,0.388433914
2021-07-12 09:00:00+00:00,0.408036986,0,0.597127773,0.372482686
2021-07-12 10:00:00+00:00,0.41546038,0,0.651199576,0.366858674
2021-07-12 11:00:00+00:00,0.432073193,0,0.679825824,0.363250635
2021-07-12 12:00:00+00:00,0.453813567,0,0.692888419,0.352017671
2021-07-12 13:00:00+00:00,0.474543045,0,0.683944415,0.325672168
2021-07-12 14:00:00+00:00,0.480791119,0,0.658920235,0.316579183
2021-07-12 15:00:00+00:00,0.504102646,0,0.612868132,0.315383099
2021-07-12 16:00:00+00:00,0.516476999,0,0.530170081,0.318853941
2021-07-12 17:00:00+00:00,0.512567386,0,0.39581973,0.327367353
2021-07-12 18:00:00+00:00,0.494109382,0,0.182441361,0.356601926
2021-07-12 19:00:00+00:00,0.451992735,0,0.024861068,0.379678757
2021-07-12 20:00:00+00:00,0.397398209,0,0,0.390496829
2021-07-12 21:00:00+00:00,0.365372263,0,0,0.370947895
2021-07-12 22:00:00+00:00,0.345982529,0,0,0.330589853
2021-07-12 23:00:00+00:00,0.331129651,0,0,0.308052799
2021-07-13 00:00:00+00:00,0.3086037,0,0,0.301700143
2021-07-13 01:00:00+00:00,0.281881918,0,0,0.301807329
2021-07-13 02:00:00+00:00,0.260379043,0,0,0.303885634
2021-07-13 03:00:00+00:00,0.23884572,0,0,0.310704411
2021-07-13 04:00:00+00:00,0.234528094,0,0.00240591,0.335319111
2021-07-13 05:00:00+00:00,0.221916241,0,0.036944987,0.365656654
2021-07-13 06:00:00+00:00,0.210631952,0,0.208756848,0.390406683
2021-07-13 07:00:00+00:00,0.225162073,0,0.421999291,0.40183291
2021-07-13 08:00:00+00:00,0.249027767,0,0.554310735,0.399464599
2021-07-13 09:00:00+00:00,0.248424882,0,0.639496252,0.390674372
2021-07-13 10:00:00+00:00,0.239941874,0,0.690468916,0.385053219
2021-07-13 11:00:00+00:00,0.238437708,0,0.718633013,0.380426089
2021-07-13 12:00:00+00:00,0.246476165,0,0.726258523,0.364396039
2021-07-13 13:00:00+00:00,0.252766868,0,0.722139932,0.345952493
2021-07-13 14:00:00+00:00,0.250081292,0,0.692208783,0.347871174
2021-07-13 15:00:00+00:00,0.258503403,0,0.627928855,0.350736828
2021-07-13 16:00:00+00:00,0.269251796,0,0.546535705,0.364702095
2021-07-13 17:00:00+00:00,0.270658526,0,0.406707492,0.368343005
2021-07-13 18:00:00+00:00,0.265768464,0,0.18318896,0.386014373
2021-07-13 19:00:00+00:00,0.243729692,0,0.023311499,0.391302756
2021-07-13 20:00:00+00:00,0.240617835,0,0,0.383837237
2021-07-13 21:00:00+00:00,0.242195078,0,0,0.374385537
2021-07-13 22:00:00+00:00,0.244119436,0,0,0.344355809
2021-07-13 23:00:00+00:00,0.248077767,0,0,0.328394687
2021-07-14 00:00:00+00:00,0.248571036,0,0,0.310799944
2021-07-14 01:00:00+00:00,0.256804366,0,0,0.302664266
2021-07-14 02:00:00+00:00,0.253960457,0,0,0.296608432
2021-07-14 03:00:00+00:00,0.251914304,0,0,0.297310142
2021-07-14 04:00:00+00:00,0.253996995,0,0.001223344,0.321285465
2021-07-14 05:00:00+00:00,0.248181293,0,0.036550799,0.369031523
2021-07-14 06:00:00+00:00,0.239150207,0,0.209069481,0.365906314
2021-07-14 07:00:00+00:00,0.252584175,0,0.415855386,0.374608373
2021-07-14 08:00:00+00:00,0.259782249,0,0.550205737,0.37720172
2021-07-14 09:00:00+00:00,0.253564624,0,0.628091968,0.377946634
2021-07-14 10:00:00+00:00,0.24049604,0,0.679662712,0.37656718
2021-07-14 11:00:00+00:00,0.231197006,0,0.705366527,0.365633128
2021-07-14 12:00:00+00:00,0.230557583,0,0.705461676,0.347505423
2021-07-14 13:00:00+00:00,0.24261527,0,0.689164016,0.324255996
2021-07-14 14:00:00+00:00,0.264440901,0,0.655739541,0.319995827
2021-07-14 15:00:00+00:00,0.286893775,0,0.592084878,0.329395528
2021-07-14 16:00:00+00:00,0.313171006,0,0.47505164,0.328210548
2021-07-14 17:00:00+00:00,0.335514264,0,0.33057472,0.343190507
2021-07-14 18:00:00+00:00,0.356621306,0,0.13895828,0.372333506
2021-07-14 19:00:00+00:00,0.359995022,0,0.014299531,0.382837715
2021-07-14 20:00:00+00:00,0.36427611,0,0,0.37212584
2021-07-14 21:00:00+00:00,0.378392129,0,0,0.353162746
2021-07-14 22:00:00+00:00,0.370402389,0,0,0.328560138
2021-07-14 23:00:00+00:00,0.357747908,0,0,0.319099644
2021-07-15 00:00:00+00:00,0.341269069,0,0,0.314319926
2021-07-15 01:00:00+00:00,0.332432856,0,0,0.317763943
2021-07-15 02:00:00+00:00,0.351883487,0,0,0.318241058
2021-07-15 03:00:00+00:00,0.364050789,0,0,0.317947863
2021-07-15 04:00:00+00:00,0.355293742,0,0.00115538,0.318524248
2021-07-15 05:00:00+00:00,0.333547278,0,0.033614773,0.324834689
2021-07-15 06:00:00+00:00,0.310278379,0,0.187457071,0.336663826
2021-07-15 07:00:00+00:00,0.286747621,0,0.381588163,0.341047011
2021-07-15 08:00:00+00:00,0.243735782,0,0.524637848,0.347341292
2021-07-15 09:00:00+00:00,0.21490086,0,0.625957912,0.364381417
2021-07-15 10:00:00+00:00,0.187095104,0,0.675802382,0.366963221
2021-07-15 11:00:00+00:00,0.169148638,0,0.696259411,0.358286008
2021-07-15 12:00:00+00:00,0.165397358,0,0.708479258,0.35206945
2021-07-15 13:00:00+00:00,0.174081328,0,0.709960863,0.361464424
2021-07-15 14:00:00+00:00,0.188331321,0,0.689395092,0.368048492
2021-07-15 15:00:00+00:00,0.21325663,0,0.637878719,0.366019107
2021-07-15 16:00:00+00:00,0.246805011,0,0.55303302,0.359541236
2021-07-15 17:00:00+00:00,0.290109158,0,0.402412195,0.368722058
2021-07-15 18:00:00+00:00,0.316307222,0,0.176963498,0.376691186
2021-07-15 19:00:00+00:00,0.335970995,0,0.017045259,0.381400766
2021-07-15 20:00:00+00:00,0.362924187,0,0,0.374895411
2021-07-15 21:00:00+00:00,0.37273476,0,0,0.360418291
2021-07-15 22:00:00+00:00,0.38094982,0,0,0.344131874
2021-07-15 23:00:00+00:00,0.369257518,0,0,0.314782529
2021-07-16 00:00:00+00:00,0.354221948,0,0,0.304307671
2021-07-16 01:00:00+00:00,0.34219471,0,0,0.302173739
2021-07-16 02:00:00+00:00,0.318901452,0,0,0.304835795
2021-07-16 03:00:00+00:00,0.294024861,0,0,0.307548201
2021-07-16 04:00:00+00:00,0.271407564,0,0.001291307,0.335090778
2021-07-16 05:00:00+00:00,0.254368469,0,0.037176063,0.374725233
2021-07-16 06:00:00+00:00,0.224565278,0,0.214316267,0.407918976
2021-07-16 07:00:00+00:00,0.201874904,0,0.439968854,0.405546047
2021-07-16 08:00:00+00:00,0.176578122,0,0.579239766,0.42254022
2021-07-16 09:00:00+00:00,0.163095436,0,0.659382387,0.42319191
2021-07-16 10:00:00+00:00,0.157773002,0,0.70247128,0.394934321
2021-07-16 11:00:00+00:00,0.16511114,0,0.717844635,0.383060442
2021-07-16 12:00:00+00:00,0.173033892,0,0.720155396,0.367949331
2021-07-16 13:00:00+00:00,0.178618185,0,0.710028827,0.35689534
2021-07-16 14:00:00+00:00,0.188020744,0,0.685154167,0.359619179
2021-07-16 15:00:00+00:00,0.213658553,0,0.631857149,0.366851308
2021-07-16 16:00:00+00:00,0.240045399,0,0.546753188,0.343829335
2021-07-16 17:00:00+00:00,0.259897954,0,0.40093059,0.366556355
2021-07-16 18:00:00+00:00,0.282758841,0,0.174149807,0.398307102
2021-07-16 19:00:00+00:00,0.295395053,0,0.015985028,0.400603846
2021-07-16 20:00:00+00:00,0.313920044,0,0,0.392216419
2021-07-16 21:00:00+00:00,0.309383187,0,0,0.372253583
2021-07-16 22:00:00+00:00,0.306076458,0,0,0.340342773
2021-07-16 23:00:00+00:00,0.292033516,0,0,0.327399563
2021-07-17 00:00:00+00:00,0.280767495,0,0,0.321839863
2021-07-17 01:00:00+00:00,0.260622633,0,0,0.330793011
2021-07-17 02:00:00+00:00,0.23556335,0,0,0.331310032
2021-07-17 03:00:00+00:00,0.203281635,0,0,0.32932506
2021-07-17 04:00:00+00:00,0.168247356,0,0.000190298,0.322787275
2021-07-17 05:00:00+00:00,0.148638391,0,0.028816546,0.333986709
2021-07-17 06:00:00+00:00,0.125211159,0,0.19532725,0.347637784
2021-07-17 07:00:00+00:00,0.095986493,0,0.420232239,0.358527203
2021-07-17 08:00:00+00:00,0.075001247,0,0.56105272,0.364324691
2021-07-17 09:00:00+00:00,0.057383627,0,0.642377907,0.359958326
2021-07-17 10:00:00+00:00,0.051720168,0,0.689938801,0.357703686
2021-07-17 11:00:00+00:00,0.053918564,0,0.711605581,0.375352518
2021-07-17 12:00:00+00:00,0.06294965,0,0.713739637,0.367426924
2021-07-17 13:00:00+00:00,0.077759899,0,0.701071231,0.342905998
2021-07-17 14:00:00+00:00,0.090450919,0,0.674986819,0.338780608
2021-07-17 15:00:00+00:00,0.111600588,0,0.622165546,0.330121643
2021-07-17 16:00:00+00:00,0.144807944,0,0.536762546,0.324725525
2021-07-17 17:00:00+00:00,0.172126521,0,0.390423424,0.321790612
2021-07-17 18:00:00+00:00,0.195712087,0,0.170425405,0.346263607
2021-07-17 19:00:00+00:00,0.226958546,0,0.016052991,0.35532636
2021-07-17 20:00:00+00:00,0.26774154,0,0,0.349734888
2021-07-17 21:00:00+00:00,0.294463322,0,0,0.331920826
2021-07-17 22:00:00+00:00,0.299944089,0,0,0.302999345
2021-07-17 23:00:00+00:00,0.282838007,0,0,0.292564064
2021-07-18 00:00:00+00:00,0.267321348,0,0,0.288117117
2021-07-18 01:00:00+00:00,0.243382577,0,0,0.285545207
2021-07-18 02:00:00+00:00,0.229491879,0,0,0.285315884
2021-07-18 03:00:00+00:00,0.222768805,0,0,0.28652549
2021-07-18 04:00:00+00:00,0.20785503,0,0,0.289491514
2021-07-18 05:00:00+00:00,0.194762087,0,0.025092144,0.291088308
2021-07-18 06:00:00+00:00,0.185371707,0,0.190297947,0.283899712
2021-07-18 07:00:00+00:00,0.18249735,0,0.412239725,0.294897307
2021-07-18 08:00:00+00:00,0.173514982,0,0.560033266,0.300923018
2021-07-18 09:00:00+00:00,0.177455044,0,0.640080739,0.298330771
2021-07-18 10:00:00+00:00,0.189610167,0,0.688606715,0.295721593
2021-07-18 11:00:00+00:00,0.197197984,0,0.711904621,0.29464149
2021-07-18 12:00:00+00:00,0.215491565,0,0.715166871,0.291286959
2021-07-18 13:00:00+00:00,0.23344412,0,0.68617362,0.275400592
2021-07-18 14:00:00+00:00,0.253960457,0,0.653442373,0.266865303
2021-07-18 15:00:00+00:00,0.271809487,0,0.595374314,0.264206215
2021-07-18 16:00:00+00:00,0.289165248,0,0.516590963,0.272974455
2021-07-18 17:00:00+00:00,0.305199535,0,0.369612985,0.303317275
2021-07-18 18:00:00+00:00,0.307099534,0,0.153597629,0.323143132
2021-07-18 19:00:00+00:00,0.298592166,0,0.013619896,0.345587182
2021-07-18 20:00:00+00:00,0.312397609,0,0,0.345214945
2021-07-18 21:00:00+00:00,0.312421968,0,0,0.330733647
2021-07-18 22:00:00+00:00,0.301990242,0,0,0.328068073
2021-07-18 23:00:00+00:00,0.280298585,0,0,0.324641865
2021-07-19 00:00:00+00:00,0.258862698,0,0,0.295374861
2021-07-19 01:00:00+00:00,0.235721683,0,0,0.294410078
2021-07-19 02:00:00+00:00,0.211320092,0,0,0.307071636
2021-07-19 03:00:00+00:00,0.183849272,0,0,0.338826341
2021-07-19 04:00:00+00:00,0.155178773,0,0.000611672,0.336327977
2021-07-19 05:00:00+00:00,0.130685836,0,0.027022309,0.335274807
2021-07-19 06:00:00+00:00,0.101479439,0,0.188626044,0.33876115
2021-07-19 07:00:00+00:00,0.084604768,0,0.410894046,0.350078542
2021-07-19 08:00:00+00:00,0.068241634,0,0.556716645,0.355907582
2021-07-19 09:00:00+00:00,0.049759271,0,0.643832327,0.356020704
2021-07-19 10:00:00+00:00,0.043943569,0,0.692779677,0.35378992
2021-07-19 11:00:00+00:00,0.047353824,0,0.714895017,0.34834675
2021-07-19 12:00:00+00:00,0.060714715,0,0.718728162,0.345602133
2021-07-19 13:00:00+00:00,0.074708939,0,0.706250053,0.345953263
2021-07-19 14:00:00+00:00,0.083813101,0,0.679567563,0.341056795
2021-07-19 15:00:00+00:00,0.093611494,0,0.623647152,0.338766756
2021-07-19 16:00:00+00:00,0.101424632,0,0.532249766,0.342095893
2021-07-19 17:00:00+00:00,0.119492892,0,0.380337633,0.365917747
2021-07-19 18:00:00+00:00,0.130965964,0,0.159877461,0.387141088
2021-07-19 19:00:00+00:00,0.139071409,0,0.014285939,0.400460272
2021-07-19 20:00:00+00:00,0.162620436,0,0,0.391672685
2021-07-19 21:00:00+00:00,0.177649916,0,0,0.354750635
2021-07-19 22:00:00+00:00,0.174483251,0,0,0.337707101
2021-07-19 23:00:00+00:00,0.161633898,0,0,0.323841324
2021-07-20 00:00:00+00:00,0.146506982,0,0,0.309495135
2021-07-20 01:00:00+00:00,0.128590965,0,0,0.306730071
2021-07-20 02:00:00+00:00,0.103257643,0,0,0.311443059
2021-07-20 03:00:00+00:00,0.088185535,0,0,0.326273398
2021-07-20 04:00:00+00:00,0.070482659,0,0.000638857,0.348375442
2021-07-20 05:00:00+00:00,0.055410551,0,0.021476483,0.364404724
2021-07-20 06:00:00+00:00,0.038389725,0,0.147548873,0.376666781
2021-07-20 07:00:00+00:00,0.024017937,0,0.323397769,0.382895321
2021-07-20 08:00:00+00:00,0.016637172,0,0.484240312,0.372449706
2021-07-20 09:00:00+00:00,0.017909927,0,0.615926492,0.369710806
2021-07-20 10:00:00+00:00,0.025388129,0,0.677827696,0.372497527
2021-07-20 11:00:00+00:00,0.035880752,0,0.70166931,0.377406857
2021-07-20 12:00:00+00:00,0.049199015,0,0.704795633,0.367654048
2021-07-20 13:00:00+00:00,0.064971444,0,0.697142937,0.351701611
2021-07-20 14:00:00+00:00,0.08407496,0,0.66842154,0.343136969
2021-07-20 15:00:00+00:00,0.096973031,0,0.613303099,0.344185192
2021-07-20 16:00:00+00:00,0.113878151,0,0.52344169,0.354333435
2021-07-20 17:00:00+00:00,0.136946089,0,0.364760387,0.379038061
2021-07-20 18:00:00+00:00,0.155172683,0,0.139121392,0.399998329
2021-07-20 19:00:00+00:00,0.165135499,0,0.01113243,0.413843768
2021-07-20 20:00:00+00:00,0.151865954,0,0,0.425056503
2021-07-20 21:00:00+00:00,0.14256692,0,0,0.407530359
2021-07-20 22:00:00+00:00,0.120229751,0,0,0.401589186
2021-07-20 23:00:00+00:00,0.118993533,0,0,0.39012789
2021-07-21 00:00:00+00:00,0.109091615,0,0,0.375502358
2021-07-21 01:00:00+00:00,0.084440345,0,0,0.378611296
2021-07-21 02:00:00+00:00,0.062157983,0,0,0.378151002
2021-07-21 03:00:00+00:00,0.049296451,0,0,0.363657941
2021-07-21 04:00:00+00:00,0.043103185,0,0.000530116,0.363813388
2021-07-21 05:00:00+00:00,0.039948699,0,0.021693966,0.390525082
2021-07-21 06:00:00+00:00,0.030320819,0,0.173973102,0.403114413
2021-07-21 07:00:00+00:00,0.017526274,0,0.398619829,0.398880738
2021-07-21 08:00:00+00:00,0.014524032,0,0.548479462,0.407574992
2021-07-21 09:00:00+00:00,0.020351913,0,0.633651386,0.415437044
2021-07-21 10:00:00+00:00,0.032391331,0,0.680614201,0.408060021
2021-07-21 11:00:00+00:00,0.049984592,0,0.704863597,0.393713832
2021-07-21 12:00:00+00:00,0.073631055,0,0.716471772,0.389345158
2021-07-21 13:00:00+00:00,0.094433609,0,0.711524025,0.374194691
2021-07-21 14:00:00+00:00,0.108068539,0,0.684759978,0.344350423
2021-07-21 15:00:00+00:00,0.112069498,0,0.630253209,0.332543273
2021-07-21 16:00:00+00:00,0.119517251,0,0.536436321,0.341174315
2021-07-21 17:00:00+00:00,0.130192567,0,0.379929852,0.376494294
2021-07-21 18:00:00+00:00,0.146714033,0,0.151789798,0.395444636
2021-07-21 19:00:00+00:00,0.155812106,0,0.011553804,0.402702929
2021-07-21 20:00:00+00:00,0.153729414,0,0,0.39271596
2021-07-21 21:00:00+00:00,0.159721719,0,0,0.373155483
2021-07-21 22:00:00+00:00,0.163625243,0,0,0.341033269
2021-07-21 23:00:00+00:00,0.168984215,0,0,0.331792313
2021-07-22 00:00:00+00:00,0.173703764,0,0,0.327796646
2021-07-22 01:00:00+00:00,0.159800886,0,0,0.328786713
2021-07-22 02:00:00+00:00,0.135795128,0,0,0.324501479
2021-07-22 03:00:00+00:00,0.12354866,0,0,0.324776754
2021-07-22 04:00:00+00:00,0.111052512,0,0.000625265,0.333456276
2021-07-22 05:00:00+00:00,0.097173992,0,0.022849346,0.347424512
2021-07-22 06:00:00+00:00,0.082783935,0,0.18093257,0.360851321
2021-07-22 07:00:00+00:00,0.065434264,0,0.412022241,0.375394732
2021-07-22 08:00:00+00:00,0.067060225,0,0.562751808,0.38059286
2021-07-22 09:00:00+00:00,0.075945156,0,0.650261679,0.375717939
2021-07-22 10:00:00+00:00,0.104493861,0,0.697863351,0.36253958
2021-07-22 11:00:00+00:00,0.156080054,0,0.715520282,0.352194226
2021-07-22 12:00:00+00:00,0.195998305,0,0.718211639,0.343422578
2021-07-22 13:00:00+00:00,0.21019349,0,0.710327867,0.327007098
2021-07-22 14:00:00+00:00,0.216405026,0,0.680750128,0.318492037
2021-07-22 15:00:00+00:00,0.227938995,0,0.626827846,0.317250111
2021-07-22 16:00:00+00:00,0.24167745,0,0.532249766,0.330100426
2021-07-22 17:00:00+00:00,0.246238666,0,0.369395501,0.380852084
2021-07-22 18:00:00+00:00,0.232092198,0,0.141241855,0.403364073
2021-07-22 19:00:00+00:00,0.215966564,0,0.010588721,0.370090189
2021-07-22 20:00:00+00:00,0.213743809,0,0,0.361917133
2021-07-22 21:00:00+00:00,0.223657907,0,0,0.357200518
2021-07-22 22:00:00+00:00,0.216697333,0,0,0.37007095
2021-07-22 23:00:00+00:00,0.2167765,0,0,0.348584757
2021-07-23 00:00:00+00:00,0.207739325,0,0,0.321535675
2021-07-23 01:00:00+00:00,0.199767854,0,0,0.310862606
2021-07-23 02:00:00+00:00,0.198671701,0,0,0.304407272
2021-07-23 03:00:00+00:00,0.211661118,0,0,0.305525082
2021-07-23 04:00:00+00:00,0.213451502,0,0.00029904,0.325839378
2021-07-23 05:00:00+00:00,0.198836124,0,0.017072444,0.355682437
2021-07-23 06:00:00+00:00,0.183124593,0,0.122293617,0.370610617
2021-07-23 07:00:00+00:00,0.16439255,0,0.296429831,0.363152353
2021-07-23 08:00:00+00:00,0.182472991,0,0.469179589,0.354534614
2021-07-23 09:00:00+00:00,0.24825437,0,0.576235777,0.337038811
2021-07-23 10:00:00+00:00,0.33021619,0,0.631707629,0.322229799
2021-07-23 11:00:00+00:00,0.393044045,0,0.657751262,0.315203467
2021-07-23 12:00:00+00:00,0.415716149,0,0.66340583,0.307937588
2021-07-23 13:00:00+00:00,0.418974161,0,0.664126243,0.290053277
2021-07-23 14:00:00+00:00,0.407744679,0,0.616388644,0.289360362
2021-07-23 15:00:00+00:00,0.394115839,0,0.546834744,0.291910945
2021-07-23 16:00:00+00:00,0.384883792,0,0.445188455,0.302637442
2021-07-23 17:00:00+00:00,0.370761684,0,0.29326273,0.32895854
2021-07-23 18:00:00+00:00,0.334058816,0,0.11493996,0.353721541
2021-07-23 19:00:00+00:00,0.301898896,0,0.009011967,0.344482564
2021-07-23 20:00:00+00:00,0.281059803,0,0,0.348619276
2021-07-23 21:00:00+00:00,0.265744105,0,0,0.324610643
2021-07-23 22:00:00+00:00,0.253844752,0,0,0.302458029
2021-07-23 23:00:00+00:00,0.231306621,0,0,0.288385686
2021-07-24 00:00:00+00:00,0.21935855,0,0,0.287189712
2021-07-24 01:00:00+00:00,0.225838034,0,0,0.304202904
2021-07-24 02:00:00+00:00,0.216727782,0,0,0.309270979
2021-07-24 03:00:00+00:00,0.20527298,0,0,0.307838427
2021-07-24 04:00:00+00:00,0.204657916,0,0.000108742,0.308075775
2021-07-24 05:00:00+00:00,0.186522668,0,0.017711302,0.322101176
2021-07-24 06:00:00+00:00,0.165647037,0,0.164498983,0.326583962
2021-07-24 07:00:00+00:00,0.152907299,0,0.399720838,0.333449131
2021-07-24 08:00:00+00:00,0.142828779,0,0.555398152,0.338768076
2021-07-24 09:00:00+00:00,0.145362111,0,0.643791548,0.339897099
2021-07-24 10:00:00+00:00,0.156475888,0,0.694981696,0.340666639
2021-07-24 11:00:00+00:00,0.172893828,0,0.726312894,0.339140752
2021-07-24 12:00:00+00:00,0.189616256,0,0.731573273,0.327299743
2021-07-24 13:00:00+00:00,0.208811119,0,0.720168989,0.301484672
2021-07-24 14:00:00+00:00,0.226075534,0,0.657329888,0.248379543
2021-07-24 15:00:00+00:00,0.237341554,0,0.580816521,0.22423701
2021-07-24 16:00:00+00:00,0.241360783,0,0.498689364,0.26029036
2021-07-24 17:00:00+00:00,0.230959506,0,0.352934729,0.287481807
2021-07-24 18:00:00+00:00,0.212745092,0,0.147943061,0.310168702
2021-07-24 19:00:00+00:00,0.192837729,0,0.012396552,0.336019282
2021-07-24 20:00:00+00:00,0.200389008,0,0,0.333072716
2021-07-24 21:00:00+00:00,0.216472013,0,0,0.324002048
2021-07-24 22:00:00+00:00,0.227220405,0,0,0.324026233
2021-07-24 23:00:00+00:00,0.212970412,0,0,0.322324672
2021-07-25 00:00:00+00:00,0.181596068,0,0,0.28221629
2021-07-25 01:00:00+00:00,0.166651844,0,0,0.271634577
2021-07-25 02:00:00+00:00,0.156335823,0,0,0.269981937
2021-07-25 03:00:00+00:00,0.144747047,0,0,0.268121851
2021-07-25 04:00:00+00:00,0.13434577,0,0.001019453,0.26768882
2021-07-25 05:00:00+00:00,0.11861597,0,0.022794976,0.270435525
2021-07-25 06:00:00+00:00,0.098026556,0,0.153488887,0.276057009
2021-07-25 07:00:00+00:00,0.08149291,0,0.37445199,0.289868038
2021-07-25 08:00:00+00:00,0.069904134,0,0.521946491,0.290690126
2021-07-25 09:00:00+00:00,0.059722087,0,0.599180273,0.293715734
2021-07-25 10:00:00+00:00,0.065787469,0,0.654611346,0.292248333
2021-07-25 11:00:00+00:00,0.070507018,0,0.692562194,0.293024578
2021-07-25 12:00:00+00:00,0.079434578,0,0.69234471,0.29086668
2021-07-25 13:00:00+00:00,0.097277518,0,0.662902899,0.277055871
2021-07-25 14:00:00+00:00,0.113817254,0,0.62484331,0.273591735
2021-07-25 15:00:00+00:00,0.145453457,0,0.529001108,0.278085954
2021-07-25 16:00:00+00:00,0.186157284,0,0.446099167,0.302989891
2021-07-25 17:00:00+00:00,0.237256298,0,0.298917297,0.306323095
2021-07-25 18:00:00+00:00,0.258929685,0,0.118052691,0.306267028
2021-07-25 19:00:00+00:00,0.257255007,0,0.007611918,0.333370528
2021-07-25 20:00:00+00:00,0.258046673,0,0,0.347213658
2021-07-25 21:00:00+00:00,0.25857648,0,0,0.331954136
2021-07-25 22:00:00+00:00,0.251366227,0,0,0.299264771
2021-07-25 23:00:00+00:00,0.254137059,0,0,0.285244537
2021-07-26 00:00:00+00:00,0.248461421,0,0,0.278200175
2021-07-26 01:00:00+00:00,0.236355016,0,0,0.27386734
2021-07-26 02:00:00+00:00,0.225764957,0,0,0.273363292
2021-07-26 03:00:00+00:00,0.216368487,0,0,0.272962692
2021-07-26 04:00:00+00:00,0.192496704,0,0.000271854,0.276600303
2021-07-26 05:00:00+00:00,0.186918501,0,0.008563408,0.291390297
2021-07-26 06:00:00+00:00,0.174605046,0,0.117250721,0.307552049
2021-07-26 07:00:00+00:00,0.166944152,0,0.317267456,0.327019961
2021-07-26 08:00:00+00:00,0.157036144,0,0.475785646,0.334159965
2021-07-26 09:00:00+00:00,0.135557628,0,0.568093744,0.334877176
2021-07-26 10:00:00+00:00,0.110291294,0,0.61341184,0.341830732
2021-07-26 11:00:00+00:00,0.091802841,0,0.614675963,0.347023362
2021-07-26 12:00:00+00:00,0.088356048,0,0.623157814,0.35036734
2021-07-26 13:00:00+00:00,0.091169508,0,0.622858774,0.337621792
2021-07-26 14:00:00+00:00,0.098093543,0,0.602524079,0.32900812
2021-07-26 15:00:00+00:00,0.09652848,0,0.562833365,0.319064575
2021-07-26 16:00:00+00:00,0.090962457,0,0.503120587,0.324901089
2021-07-26 17:00:00+00:00,0.080500282,0,0.389594269,0.349590325
2021-07-26 18:00:00+00:00,0.080573359,0,0.157553108,0.369868781
2021-07-26 19:00:00+00:00,0.086949318,0,0.009270229,0.386056258
2021-07-26 20:00:00+00:00,0.095474955,0,0,0.389584705
2021-07-26 21:00:00+00:00,0.102971426,0,0,0.350544224
2021-07-26 22:00:00+00:00,0.103957964,0,0,0.318798534
2021-07-26 23:00:00+00:00,0.095639378,0,0,0.297264739
2021-07-27 00:00:00+00:00,0.080372398,0,0,0.285835103
2021-07-27 01:00:00+00:00,0.06811375,0,0,0.282120758
2021-07-27 02:00:00+00:00,0.066591315,0,0,0.282508935
2021-07-27 03:00:00+00:00,0.068314711,0,0,0.286289681
2021-07-27 04:00:00+00:00,0.074020798,0,0,0.30755051
2021-07-27 05:00:00+00:00,0.079641629,0,0.017928785,0.326516682
2021-07-27 06:00:00+00:00,0.080725603,0,0.173619691,0.35100045
2021-07-27 07:00:00+00:00,0.075342272,0,0.414496115,0.36866962
2021-07-27 08:00:00+00:00,0.075080413,0,0.562099358,0.367314241
2021-07-27 09:00:00+00:00,0.08760701,0,0.64695865,0.360544715
2021-07-27 10:00:00+00:00,0.111399627,0,0.695307921,0.354466125
2021-07-27 11:00:00+00:00,0.135551538,0,0.715234835,0.342465162
2021-07-27 12:00:00+00:00,0.145477816,0,0.712760962,0.334472288
2021-07-27 13:00:00+00:00,0.154673324,0,0.685888173,0.321792041
2021-07-27 14:00:00+00:00,0.163747038,0,0.635894184,0.303294078
2021-07-27 15:00:00+00:00,0.183453439,0,0.587096353,0.298283169
2021-07-27 16:00:00+00:00,0.210504067,0,0.491716303,0.306074643
2021-07-27 17:00:00+00:00,0.245507897,0,0.346967529,0.31873741
2021-07-27 18:00:00+00:00,0.287782877,0,0.137422303,0.327715074
2021-07-27 19:00:00+00:00,0.285803711,0,0.006388574,0.336567963
2021-07-27 20:00:00+00:00,0.319157221,0,0,0.324952429
2021-07-27 21:00:00+00:00,0.330076126,0,0,0.304519515
2021-07-27 22:00:00+00:00,0.327268755,0,0,0.287124521
2021-07-27 23:00:00+00:00,0.318152414,0,0,0.27911032
2021-07-28 00:00:00+00:00,0.30227646,0,0,0.27618827
2021-07-28 01:00:00+00:00,0.290419734,0,0,0.27563739
2021-07-28 02:00:00+00:00,0.276529036,0,0,0.273760704
2021-07-28 03:00:00+00:00,0.267686732,0,0,0.271022354
2021-07-28 04:00:00+00:00,0.248047319,0,0,0.281084188
2021-07-28 05:00:00+00:00,0.223012394,0,0.014014085,0.30053649
2021-07-28 06:00:00+00:00,0.182083247,0,0.160326021,0.312368265
2021-07-28 07:00:00+00:00,0.142621727,0,0.397899415,0.343556258
2021-07-28 08:00:00+00:00,0.097496749,0,0.554650553,0.364740462
2021-07-28 09:00:00+00:00,0.073405735,0,0.633515459,0.374880021
2021-07-28 10:00:00+00:00,0.072949004,0,0.691393221,0.374298359
2021-07-28 11:00:00+00:00,0.089902842,0,0.720101025,0.36940376
2021-07-28 12:00:00+00:00,0.10944482,0,0.726965344,0.366258543
2021-07-28 13:00:00+00:00,0.128639683,0,0.716689255,0.34899745
2021-07-28 14:00:00+00:00,0.145757944,0,0.686078471,0.333832031
2021-07-28 15:00:00+00:00,0.171365304,0,0.63256397,0.325086438
2021-07-28 16:00:00+00:00,0.206758877,0,0.536966436,0.313935266
2021-07-28 17:00:00+00:00,0.239442515,0,0.383137731,0.310012925
2021-07-28 18:00:00+00:00,0.268959488,0,0.143212798,0.313856883
2021-07-28 19:00:00+00:00,0.28770371,0,0.005573011,0.320243948
2021-07-28 20:00:00+00:00,0.3093162,0,0,0.314392153
2021-07-28 21:00:00+00:00,0.312227096,0,0,0.310008418
2021-07-28 22:00:00+00:00,0.302885434,0,0,0.298807005
2021-07-28 23:00:00+00:00,0.28348352,0,0,0.292870121
2021-07-29 00:00:00+00:00,0.262260773,0,0,0.289290554
2021-07-29 01:00:00+00:00,0.23532585,0,0,0.284566903
2021-07-29 02:00:00+00:00,0.207788043,0,0,0.290492904
2021-07-29 03:00:00+00:00,0.184969784,0,0,0.303702374
2021-07-29 04:00:00+00:00,0.168119472,0,0,0.342436139
2021-07-29 05:00:00+00:00,0.160945757,0,0.010860576,0.365072354
2021-07-29 06:00:00+00:00,0.143596086,0,0.141880712,0.363943
2021-07-29 07:00:00+00:00,0.126307312,0,0.377320051,0.370410317
2021-07-29 08:00:00+00:00,0.123566929,0,0.548805687,0.360183361
2021-07-29 09:00:00+00:00,0.12330507,0,0.646836316,0.35417458
2021-07-29 10:00:00+00:00,0.122215006,0,0.70202272,0.342368639
2021-07-29 11:00:00+00:00,0.141689997,0,0.737227841,0.325549261
2021-07-29 12:00:00+00:00,0.163412102,0,0.744105752,0.315443123
2021-07-29 13:00:00+00:00,0.185292541,0,0.735324861,0.302048744
2021-07-29 14:00:00+00:00,0.195620741,0,0.701981942,0.299202768
2021-07-29 15:00:00+00:00,0.206691889,0,0.646428534,0.293501363
2021-07-29 16:00:00+00:00,0.227945084,0,0.545312361,0.294364786
2021-07-29 17:00:00+00:00,0.231885147,0,0.375145218,0.31933985
2021-07-29 18:00:00+00:00,0.216380667,0,0.139366061,0.369150142
2021-07-29 19:00:00+00:00,0.198501188,0,0.005627382,0.387767273
2021-07-29 20:00:00+00:00,0.204785801,0,0,0.381853145
2021-07-29 21:00:00+00:00,0.196083561,0,0,0.348840794
2021-07-29 22:00:00+00:00,0.204621378,0,0,0.334644335
2021-07-29 23:00:00+00:00,0.194086126,0,0,0.314852887
2021-07-30 00:00:00+00:00,0.186139015,0,0,0.311745268
2021-07-30 01:00:00+00:00,0.173709854,0,0,0.28377076
2021-07-30 02:00:00+00:00,0.165854088,0,0,0.276369771
2021-07-30 03:00:00+00:00,0.171030368,0,0,0.27951136
2021-07-30 04:00:00+00:00,0.170878124,0,0,0.304047567
2021-07-30 05:00:00+00:00,0.161073642,0,0.015318985,0.340588695
2021-07-30 06:00:00+00:00,0.133219168,0,0.159986203,0.357540214
2021-07-30 07:00:00+00:00,0.099159248,0,0.397246965,0.355036793
2021-07-30 08:00:00+00:00,0.083624319,0,0.562017802,0.357442373
2021-07-30 09:00:00+00:00,0.087564382,0,0.654923978,0.362528587
2021-07-30 10:00:00+00:00,0.096863416,0,0.710599721,0.359320928
2021-07-30 11:00:00+00:00,0.110230397,0,0.745179576,0.353826308
2021-07-30 12:00:00+00:00,0.146592238,0,0.746987407,0.343063423
2021-07-30 13:00:00+00:00,0.190554077,0,0.740340571,0.305403385
2021-07-30 14:00:00+00:00,0.238054054,0,0.712992038,0.288133717
2021-07-30 15:00:00+00:00,0.282570059,0,0.659926096,0.290768839
2021-07-30 16:00:00+00:00,0.331568112,0,0.561786726,0.298876704
2021-07-30 17:00:00+00:00,0.373495977,0,0.394949797,0.315508754
2021-07-30 18:00:00+00:00,0.38281328,0,0.14964215,0.333794324
2021-07-30 19:00:00+00:00,0.362321303,0,0.006171091,0.350969889
2021-07-30 20:00:00+00:00,0.352474192,0,0,0.344167822
2021-07-30 21:00:00+00:00,0.34570849,0,0,0.32419839
2021-07-30 22:00:00+00:00,0.357516498,0,0,0.281370897
2021-07-30 23:00:00+00:00,0.332530291,0,0,0.264950909
2021-07-31 00:00:00+00:00,0.30884729,0,0,0.260444268
2021-07-31 01:00:00+00:00,0.29264249,0,0,0.259586232
2021-07-31 02:00:00+00:00,0.291917811,0,0,0.259056349
2021-07-31 03:00:00+00:00,0.283428712,0,0,0.260488022
2021-07-31 04:00:00+00:00,0.295979668,0,0,0.26543429
2021-07-31 05:00:00+00:00,0.301898896,0,0.015373356,0.268756391
2021-07-31 06:00:00+00:00,0.281187687,0,0.144544884,0.267322409
2021-07-31 07:00:00+00:00,0.267339617,0,0.353274547,0.273075924
2021-07-31 08:00:00+00:00,0.278654355,0,0.503147773,0.274491546
2021-07-31 09:00:00+00:00,0.303220369,0,0.603421198,0.274866202
2021-07-31 10:00:00+00:00,0.307111714,0,0.66355535,0.273555677
2021-07-31 11:00:00+00:00,0.326410102,0,0.683278373,0.273625595
2021-07-31 12:00:00+00:00,0.342493107,0,0.668285613,0.270665617
2021-07-31 13:00:00+00:00,0.367984762,0,0.657669706,0.266617951
2021-07-31 14:00:00+00:00,0.401685387,0,0.617679952,0.266456898
2021-07-31 15:00:00+00:00,0.396837953,0,0.557260353,0.268906671
2021-07-31 16:00:00+00:00,0.42627576,0,0.436162895,0.276903722
2021-07-31 17:00:00+00:00,0.434076718,0,0.295804566,0.294533205
2021-07-31 18:00:00+00:00,0.42039916,0,0.110114548,0.291140087
2021-07-31 19:00:00+00:00,0.376096296,0,0.004961339,0.304314487
2021-07-31 20:00:00+00:00,0.349496309,0,0,0.30928626
2021-07-31 21:00:00+00:00,0.341122916,0,0,0.304338123
2021-07-31 22:00:00+00:00,0.30157005,0,0,0.294756151
2021-07-31 23:00:00+00:00,0.268320065,0,0,0.294284753
2021-08-01 00:00:00+00:00,0.242058473,0,0,0.296427041
2021-08-01 01:00:00+00:00,0.223800432,0,0,0.299672187
2021-08-01 02:00:00+00:00,0.208949103,0,0,0.300580573
2021-08-01 03:00:00+00:00,0.19144272,0,0,0.307178602
2021-08-01 04:00:00+00:00,0.174627379,0,0,0.308550801
2021-08-01 05:00:00+00:00,0.159703309,0,0.0170999,0.310176397
2021-08-01 06:00:00+00:00,0.139414575,0,0.154337214,0.311877738
2021-08-01 07:00:00+00:00,0.134437865,0,0.383765292,0.310335362
2021-08-01 08:00:00+00:00,0.120004798,0,0.540054125,0.309891778
2021-08-01 09:00:00+00:00,0.109469447,0,0.630426032,0.307336578
2021-08-01 10:00:00+00:00,0.09987367,0,0.683013533,0.307728603
2021-08-01 11:00:00+00:00,0.095278851,0,0.693913392,0.31421329
2021-08-01 12:00:00+00:00,0.100049462,0,0.677862321,0.315797001
2021-08-01 13:00:00+00:00,0.106262773,0,0.657403513,0.308502539
2021-08-01 14:00:00+00:00,0.114597702,0,0.624438412,0.300248682
2021-08-01 15:00:00+00:00,0.11850148,0,0.533588557,0.306942024
2021-08-01 16:00:00+00:00,0.122174911,0,0.431533489,0.325260134
2021-08-01 17:00:00+00:00,0.13195254,0,0.312790088,0.333590176
2021-08-01 18:00:00+00:00,0.130831114,0,0.115344664,0.368267261
2021-08-01 19:00:00+00:00,0.117495227,0,0.004102383,0.383048129
2021-08-01 20:00:00+00:00,0.109839215,0,0,0.372455752
2021-08-01 21:00:00+00:00,0.116464726,0,0,0.354155671
2021-08-01 22:00:00+00:00,0.111815351,0,0,0.335207967
2021-08-01 23:00:00+00:00,0.106432502,0,0,0.310533353
2021-08-02 00:00:00+00:00,0.101195136,0,0,0.303668074
2021-08-02 01:00:00+00:00,0.097733867,0,0,0.304004033
2021-08-02 02:00:00+00:00,0.089695964,0,0,0.305726702
2021-08-02 03:00:00+00:00,0.085452727,0,0,0.311308059
2021-08-02 04:00:00+00:00,0.078924204,0,0,0.329199625
2021-08-02 05:00:00+00:00,0.076972315,0,0.014152557,0.348422714
2021-08-02 06:00:00+00:00,0.067576577,0,0.138750815,0.358017658
2021-08-02 07:00:00+00:00,0.051785674,0,0.33832045,0.350748481
2021-08-02 08:00:00+00:00,0.04611186,0,0.477535936,0.345983275
2021-08-02 09:00:00+00:00,0.04319615,0,0.565053435,0.343938499
2021-08-02 10:00:00+00:00,0.04768792,0,0.639453929,0.35192038
2021-08-02 11:00:00+00:00,0.053973972,0,0.6683432,0.346189841
2021-08-02 12:00:00+00:00,0.062654422,0,0.664280647,0.325496053
2021-08-02 13:00:00+00:00,0.07029831,0,0.638484758,0.31287737
2021-08-02 14:00:00+00:00,0.086762069,0,0.600501208,0.304429588
2021-08-02 15:00:00+00:00,0.102971233,0,0.542749218,0.30497838
2021-08-02 16:00:00+00:00,0.121574796,0,0.442539558,0.314541883
2021-08-02 17:00:00+00:00,0.143603256,0,0.32392892,0.341455636
2021-08-02 18:00:00+00:00,0.170899392,0,0.123668916,0.361348554
2021-08-02 19:00:00+00:00,0.184350453,0,0.004938791,0.376738128
2021-08-02 20:00:00+00:00,0.187593498,0,0,0.353365134
2021-08-02 21:00:00+00:00,0.185126359,0,0,0.326693126
2021-08-02 22:00:00+00:00,0.16773515,0,0,0.307196741
2021-08-02 23:00:00+00:00,0.152053359,0,0,0.282947573
2021-08-03 00:00:00+00:00,0.132934547,0,0,0.274916112
2021-08-03 01:00:00+00:00,0.109481571,0,0,0.272836267
2021-08-03 02:00:00+00:00,0.099619076,0,0,0.274128873
2021-08-03 03:00:00+00:00,0.084725315,0,0,0.290146941
2021-08-03 04:00:00+00:00,0.073808073,0,0,0.312512718
2021-08-03 05:00:00+00:00,0.061193536,0,0.01273199,0.333588417
2021-08-03 06:00:00+00:00,0.048530505,0,0.146079344,0.344811377
2021-08-03 07:00:00+00:00,0.036952531,0,0.369785327,0.362644128
2021-08-03 08:00:00+00:00,0.036588825,0,0.523007331,0.367025774
2021-08-03 09:00:00+00:00,0.043359818,0,0.60208109,0.345980526
2021-08-03 10:00:00+00:00,0.063618243,0,0.662833528,0.337860129
2021-08-03 11:00:00+00:00,0.090362758,0,0.678897874,0.310176287
2021-08-03 12:00:00+00:00,0.118762136,0,0.68836389,0.299525535
2021-08-03 13:00:00+00:00,0.140420829,0,0.696581932,0.295853954
2021-08-03 14:00:00+00:00,0.15051367,0,0.661001396,0.297844312
2021-08-03 15:00:00+00:00,0.162746316,0,0.586587625,0.29676223
2021-08-03 16:00:00+00:00,0.183386632,0,0.466290894,0.305569166
2021-08-03 17:00:00+00:00,0.192345923,0,0.286396764,0.342192085
2021-08-03 18:00:00+00:00,0.186284157,0,0.084317905,0.361652412
2021-08-03 19:00:00+00:00,0.182628911,0,0.002429566,0.363493589
2021-08-03 20:00:00+00:00,0.193897736,0,0,0.333279832
2021-08-03 21:00:00+00:00,0.198031861,0,0,0.317909936
2021-08-03 22:00:00+00:00,0.195401054,0,0,0.308072807
2021-08-03 23:00:00+00:00,0.190751679,0,0,0.275094205
2021-08-04 00:00:00+00:00,0.190157626,0,0,0.26566768
2021-08-04 01:00:00+00:00,0.192079206,0,0,0.264597911
2021-08-04 02:00:00+00:00,0.180331502,0,0,0.265341396
2021-08-04 03:00:00+00:00,0.170814528,0,0,0.274696683
2021-08-04 04:00:00+00:00,0.169456692,0,0,0.30524585
2021-08-04 05:00:00+00:00,0.182301576,0,0.006770923,0.330745959
2021-08-04 06:00:00+00:00,0.170099239,0,0.101431081,0.358658904
2021-08-04 07:00:00+00:00,0.150277262,0,0.313878746,0.390846639
2021-08-04 08:00:00+00:00,0.123878267,0,0.479447726,0.403482033
2021-08-04 09:00:00+00:00,0.124078305,0,0.610405342,0.386014813
2021-08-04 10:00:00+00:00,0.145349045,0,0.684991705,0.356354464
2021-08-04 11:00:00+00:00,0.168032177,0,0.714239437,0.332326263
2021-08-04 12:00:00+00:00,0.175185061,0,0.714106674,0.316703299
2021-08-04 13:00:00+00:00,0.18276227,0,0.713190608,0.30202269
2021-08-04 14:00:00+00:00,0.196916496,0,0.688244403,0.299344583
2021-08-04 15:00:00+00:00,0.204869534,0,0.635603796,0.302151972
2021-08-04 16:00:00+00:00,0.205997022,0,0.545683284,0.319945477
2021-08-04 17:00:00+00:00,0.203044942,0,0.37886633,0.32570207
2021-08-04 18:00:00+00:00,0.194728198,0,0.134289972,0.369483792
2021-08-04 19:00:00+00:00,0.17610645,0,0.005403462,0.382237255
2021-08-04 20:00:00+00:00,0.168705033,0,0,0.364082397
2021-08-04 21:00:00+00:00,0.152611042,0,0,0.342640177
2021-08-04 22:00:00+00:00,0.141020944,0,0,0.315207095
2021-08-04 23:00:00+00:00,0.136098789,0,0,0.300908067
2021-08-05 00:00:00+00:00,0.133928676,0,0,0.286083225
2021-08-05 01:00:00+00:00,0.132625397,0,0,0.276251702
2021-08-05 02:00:00+00:00,0.128703433,0,0,0.276868653
2021-08-05 03:00:00+00:00,0.135692651,0,0,0.281423555
2021-08-05 04:00:00+00:00,0.145518775,0,0,0.293441668
2021-08-05 05:00:00+00:00,0.149422552,0,0.015108452,0.309442367
2021-08-05 06:00:00+00:00,0.142403026,0,0.157032307,0.322449997
2021-08-05 07:00:00+00:00,0.131322117,0,0.393417176,0.337443699
2021-08-05 08:00:00+00:00,0.133201264,0,0.561760907,0.336096126
2021-08-05 09:00:00+00:00,0.150750079,0,0.653911841,0.325736039
2021-08-05 10:00:00+00:00,0.173045258,0,0.702941289,0.317934122
2021-08-05 11:00:00+00:00,0.194412986,0,0.726705901,0.316808835
2021-08-05 12:00:00+00:00,0.219460206,0,0.729148744,0.307675285
2021-08-05 13:00:00+00:00,0.247950511,0,0.720479307,0.297075322
2021-08-05 14:00:00+00:00,0.263056434,0,0.693608036,0.296483877
2021-08-05 15:00:00+00:00,0.278610927,0,0.637130573,0.294865206
2021-08-05 16:00:00+00:00,0.279417142,0,0.545948811,0.295246128
2021-08-05 17:00:00+00:00,0.268530209,0,0.376529698,0.31811991
2021-08-05 18:00:00+00:00,0.256734011,0,0.127758023,0.380693669
2021-08-05 19:00:00+00:00,0.222824487,0,0.003836856,0.397014496
2021-08-05 20:00:00+00:00,0.209064276,0,0,0.381416047
2021-08-05 21:00:00+00:00,0.229789457,0,0,0.351267261
2021-08-05 22:00:00+00:00,0.236275548,0,0,0.323660153
2021-08-05 23:00:00+00:00,0.234032694,0,0,0.307051958
2021-08-06 00:00:00+00:00,0.214641102,0,0,0.297289914
2021-08-06 01:00:00+00:00,0.204251233,0,0,0.286888053
2021-08-06 02:00:00+00:00,0.183786709,0,0,0.282727154
2021-08-06 03:00:00+00:00,0.1749729,0,0,0.288921395
2021-08-06 04:00:00+00:00,0.157860532,0,0,0.304680898
2021-08-06 05:00:00+00:00,0.137729404,0,0.01338253,0.319109318
2021-08-06 06:00:00+00:00,0.107311458,0,0.157735952,0.327093946
2021-08-06 07:00:00+00:00,0.072644214,0,0.405724324,0.331289694
2021-08-06 08:00:00+00:00,0.058399062,0,0.571558831,0.333506186
2021-08-06 09:00:00+00:00,0.066133876,0,0.661293475,0.33086139
2021-08-06 10:00:00+00:00,0.092041868,0,0.709672383,0.326740618
2021-08-06 11:00:00+00:00,0.117640709,0,0.732135916,0.314037065
2021-08-06 12:00:00+00:00,0.159254738,0,0.741230194,0.296104604
2021-08-06 13:00:00+00:00,0.212076974,0,0.730409994,0.286712378
2021-08-06 14:00:00+00:00,0.259467868,0,0.705131882,0.286349815
2021-08-06 15:00:00+00:00,0.304494672,0,0.651123814,0.285699664
2021-08-06 16:00:00+00:00,0.32304974,0,0.548697009,0.284055269
2021-08-06 17:00:00+00:00,0.338834581,0,0.371803328,0.31120758
2021-08-06 18:00:00+00:00,0.331493781,0,0.125142588,0.327324808
2021-08-06 19:00:00+00:00,0.315017899,0,0.003850133,0.333652949
2021-08-06 20:00:00+00:00,0.300457535,0,0,0.328054661
2021-08-06 21:00:00+00:00,0.281932775,0,0,0.319017193
2021-08-06 22:00:00+00:00,0.270973101,0,0,0.286861669
2021-08-06 23:00:00+00:00,0.251248112,0,0,0.269823632
2021-08-07 00:00:00+00:00,0.233517444,0,0,0.261998737
2021-08-07 01:00:00+00:00,0.224509658,0,0,0.258618372
2021-08-07 02:00:00+00:00,0.209118832,0,0,0.256701669
2021-08-07 03:00:00+00:00,0.203135868,0,0,0.255290554
2021-08-07 04:00:00+00:00,0.211143462,0,0,0.257486709
2021-08-07 05:00:00+00:00,0.212216395,0,0.009930687,0.26037457
2021-08-07 06:00:00+00:00,0.195825378,0,0.128461668,0.267413215
2021-08-07 07:00:00+00:00,0.185999254,0,0.360770706,0.268969993
2021-08-07 08:00:00+00:00,0.206391037,0,0.508137853,0.266592117
2021-08-07 09:00:00+00:00,0.223697381,0,0.636254336,0.263717448
2021-08-07 10:00:00+00:00,0.229837951,0,0.687779732,0.260563437
2021-08-07 11:00:00+00:00,0.245986498,0,0.723904597,0.260444928
2021-08-07 12:00:00+00:00,0.258461614,0,0.736198469,0.254149328
2021-08-07 13:00:00+00:00,0.272118775,0,0.717611622,0.240982512
2021-08-07 14:00:00+00:00,0.273822131,0,0.694617037,0.236836565
2021-08-07 15:00:00+00:00,0.27714398,0,0.63659952,0.235254942
2021-08-07 16:00:00+00:00,0.270512407,0,0.542656284,0.238221296
2021-08-07 17:00:00+00:00,0.289376625,0,0.365563458,0.261983786
2021-08-07 18:00:00+00:00,0.293231909,0,0.117827336,0.277363466
2021-08-07 19:00:00+00:00,0.26990623,0,0,0.261439612
2021-08-07 20:00:00+00:00,0.268918162,0,0,0.268987362
2021-08-07 21:00:00+00:00,0.263201916,0,0,0.288254425
2021-08-07 22:00:00+00:00,0.233875088,0,0,0.292813614
2021-08-07 23:00:00+00:00,0.199911008,0,0,0.265937019
2021-08-08 00:00:00+00:00,0.179531348,0,0,0.253543151
2021-08-08 01:00:00+00:00,0.172681552,0,0,0.250319991
2021-08-08 02:00:00+00:00,0.166789514,0,0,0.247874505
2021-08-08 03:00:00+00:00,0.1513017,0,0,0.247205226
2021-08-08 04:00:00+00:00,0.134074159,0,0,0.247320987
2021-08-08 05:00:00+00:00,0.124732976,0,0.008510121,0.250680685
2021-08-08 06:00:00+00:00,0.108493503,0,0.12672247,0.252837044
2021-08-08 07:00:00+00:00,0.096157807,0,0.358792535,0.264710154
2021-08-08 08:00:00+00:00,0.083852421,0,0.528755977,0.271889075
2021-08-08 09:00:00+00:00,0.062351334,0,0.615782251,0.269908281
2021-08-08 10:00:00+00:00,0.047960699,0,0.657562829,0.267706959
2021-08-08 11:00:00+00:00,0.049876218,0,0.692014878,0.265221128
2021-08-08 12:00:00+00:00,0.064078937,0,0.710349475,0.26381386
2021-08-08 13:00:00+00:00,0.0851557,0,0.702582828,0.255986548
2021-08-08 14:00:00+00:00,0.111184927,0,0.673919254,0.252600905
2021-08-08 15:00:00+00:00,0.139232722,0,0.601470379,0.259691549
2021-08-08 16:00:00+00:00,0.162200757,0,0.497782324,0.291599721
2021-08-08 17:00:00+00:00,0.183132038,0,0.334536699,0.301949803
2021-08-08 18:00:00+00:00,0.19837132,0,0.111906097,0.304896259
2021-08-08 19:00:00+00:00,0.192661135,0,0,0.317967871
2021-08-08 20:00:00+00:00,0.192394418,0,0,0.321207851
2021-08-08 21:00:00+00:00,0.183932191,0,0,0.305538494
2021-08-08 22:00:00+00:00,0.171402519,0,0,0.289944223
2021-08-08 23:00:00+00:00,0.165971176,0,0,0.271765289
2021-08-09 00:00:00+00:00,0.155848025,0,0,0.252062777
2021-08-09 01:00:00+00:00,0.146864487,0,0,0.247327033
2021-08-09 02:00:00+00:00,0.136504927,0,0,0.25052227
2021-08-09 03:00:00+00:00,0.123520623,0,0,0.270468176
2021-08-09 04:00:00+00:00,0.112094192,0,0,0.290161892
2021-08-09 05:00:00+00:00,0.105917252,0,0.008005621,0.298776664
2021-08-09 06:00:00+00:00,0.094648427,0,0.111653847,0.312069244
2021-08-09 07:00:00+00:00,0.087362184,0,0.320702774,0.332980151
2021-08-09 08:00:00+00:00,0.088968552,0,0.474296514,0.338362308
2021-08-09 09:00:00+00:00,0.082106632,0,0.568332685,0.338876031
2021-08-09 10:00:00+00:00,0.085798248,0,0.62617761,0.324785109
2021-08-09 11:00:00+00:00,0.095975954,0,0.663577002,0.315770727
2021-08-09 12:00:00+00:00,0.111712301,0,0.686398995,0.311305311
2021-08-09 13:00:00+00:00,0.116979976,0,0.677968532,0.303095098
2021-08-09 14:00:00+00:00,0.119913872,0,0.653885288,0.301766433
2021-08-09 15:00:00+00:00,0.122908384,0,0.597328167,0.306636627
2021-08-09 16:00:00+00:00,0.131164511,0,0.497928363,0.311334554
2021-08-09 17:00:00+00:00,0.140396582,0,0.324207722,0.323291983
2021-08-09 18:00:00+00:00,0.150422744,0,0.101311594,0.340076292
2021-08-09 19:00:00+00:00,0.16317064,0,0,0.359577514
2021-08-09 20:00:00+00:00,0.168414068,0,0,0.364081737
2021-08-09 21:00:00+00:00,0.171699546,0,0,0.350852149
2021-08-09 22:00:00+00:00,0.160879292,0,0,0.314390943
2021-08-09 23:00:00+00:00,0.149004291,0,0,0.275874188
2021-08-10 00:00:00+00:00,0.128673125,0,0,0.26262921
2021-08-10 01:00:00+00:00,0.110906086,0,0,0.258021429
2021-08-10 02:00:00+00:00,0.09239345,0,0,0.258074417
2021-08-10 03:00:00+00:00,0.066667312,0,0,0.263031129
2021-08-10 04:00:00+00:00,0.053028336,0,0,0.274660405
2021-08-10 05:00:00+00:00,0.048639617,0,0.006677989,0.279308861
2021-08-10 06:00:00+00:00,0.0418565,0,0.083043379,0.291371718
2021-08-10 07:00:00+00:00,0.036576701,0,0.272615945,0.299012143
2021-08-10 08:00:00+00:00,0.033745856,0,0.437149372,0.293203001
2021-08-10 09:00:00+00:00,0.038340675,0,0.529180819,0.287982008
2021-08-10 10:00:00+00:00,0.046099737,0,0.578688215,0.283358177
2021-08-10 11:00:00+00:00,0.055725823,0,0.587317822,0.279287424
2021-08-10 12:00:00+00:00,0.058156591,0,0.580161886,0.278218974
2021-08-10 13:00:00+00:00,0.076572239,0,0.578263372,0.271330059
2021-08-10 14:00:00+00:00,0.092654106,0,0.539629283,0.266344875
2021-08-10 15:00:00+00:00,0.10529289,0,0.487771979,0.268193857
2021-08-10 16:00:00+00:00,0.119162212,0,0.391956781,0.287513908
2021-08-10 17:00:00+00:00,0.13325582,0,0.247603359,0.334958087
2021-08-10 18:00:00+00:00,0.14756159,0,0.073311836,0.353695157
2021-08-10 19:00:00+00:00,0.166074226,0,0,0.327852822
2021-08-10 20:00:00+00:00,0.192867235,0,0,0.3223449
2021-08-10 21:00:00+00:00,0.194928236,0,0,0.328525399
2021-08-10 22:00:00+00:00,0.195425301,0,0,0.291791666
2021-08-10 23:00:00+00:00,0.170056807,0,0,0.261058031
2021-08-11 00:00:00+00:00,0.147513096,0,0,0.246857724
2021-08-11 01:00:00+00:00,0.125678612,0,0,0.241791518
2021-08-11 02:00:00+00:00,0.104032042,0,0,0.241593417
2021-08-11 03:00:00+00:00,0.086440795,0,0,0.245585126
2021-08-11 04:00:00+00:00,0.074014173,0,0,0.258315173
2021-08-11 05:00:00+00:00,0.069401168,0,0.006107107,0.27435193
2021-08-11 06:00:00+00:00,0.060599483,0,0.074652745,0.295884076
2021-08-11 07:00:00+00:00,0.041632215,0,0.248413214,0.299546752
2021-08-11 08:00:00+00:00,0.033436706,0,0.404423245,0.291575756
2021-08-11 09:00:00+00:00,0.029963313,0,0.501937812,0.284946725
2021-08-11 10:00:00+00:00,0.032624429,0,0.58040086,0.284833823
2021-08-11 11:00:00+00:00,0.046772593,0,0.60334234,0.284217532
2021-08-11 12:00:00+00:00,0.066406656,0,0.601231405,0.281262062
2021-08-11 13:00:00+00:00,0.093793718,0,0.597381273,0.28485504
2021-08-11 14:00:00+00:00,0.122629543,0,0.542138507,0.289198869
2021-08-11 15:00:00+00:00,0.142093876,0,0.469583421,0.290654947
2021-08-11 16:00:00+00:00,0.163164578,0,0.353309415,0.301933863
2021-08-11 17:00:00+00:00,0.146349237,0,0.202490425,0.343086619
2021-08-11 18:00:00+00:00,0.141190673,0,0.063009412,0.345848056
2021-08-11 19:00:00+00:00,0.157684741,0,0,0.318947824
2021-08-11 20:00:00+00:00,0.171075184,0,0,0.309649373
2021-08-11 21:00:00+00:00,0.196304257,0,0,0.315169827
2021-08-11 22:00:00+00:00,0.214835078,0,0,0.290037117
2021-08-11 23:00:00+00:00,0.172208734,0,0,0.261662888
2021-08-12 00:00:00+00:00,0.194576654,0,0,0.256037557
2021-08-12 01:00:00+00:00,0.202820656,0,0,0.25169109
2021-08-12 02:00:00+00:00,0.186957013,0,0,0.249781094
2021-08-12 03:00:00+00:00,0.185120297,0,0,0.253282387
2021-08-12 04:00:00+00:00,0.188163304,0,0,0.279391202
2021-08-12 05:00:00+00:00,0.179082778,0,0.004845857,0.302768153
2021-08-12 06:00:00+00:00,0.139166043,0,0.086083656,0.315735438
2021-08-12 07:00:00+00:00,0.101170888,0,0.28987516,0.309295714
2021-08-12 08:00:00+00:00,0.087410678,0,0.458046299,0.292487
2021-08-12 09:00:00+00:00,0.100734441,0,0.548086298,0.281864061
2021-08-12 10:00:00+00:00,0.109863462,0,0.595150851,0.276427817
2021-08-12 11:00:00+00:00,0.129921849,0,0.638604245,0.273638897
2021-08-12 12:00:00+00:00,0.156066249,0,0.648627866,0.26907388
2021-08-12 13:00:00+00:00,0.168802021,0,0.657695592,0.260730867
2021-08-12 14:00:00+00:00,0.161042959,0,0.622553174,0.266989419
2021-08-12 15:00:00+00:00,0.159315356,0,0.574466345,0.284760717
2021-08-12 16:00:00+00:00,0.166577353,0,0.462294722,0.335448284
2021-08-12 17:00:00+00:00,0.159345665,0,0.275935025,0.358592724
2021-08-12 18:00:00+00:00,0.142433335,0,0.074281008,0.366701248
2021-08-12 19:00:00+00:00,0.163364616,0,0,0.354679947
2021-08-12 20:00:00+00:00,0.185617362,0,0,0.325753849
2021-08-12 21:00:00+00:00,0.183623041,0,0,0.307981671
2021-08-12 22:00:00+00:00,0.181743893,0,0,0.287695409
2021-08-12 23:00:00+00:00,0.177840115,0,0,0.255485028
2021-08-13 00:00:00+00:00,0.17319074,0,0,0.240415912
2021-08-13 01:00:00+00:00,0.16790488,0,0,0.230675085
2021-08-13 02:00:00+00:00,0.155611616,0,0,0.2307328
2021-08-13 03:00:00+00:00,0.140475385,0,0,0.234049954
2021-08-13 04:00:00+00:00,0.122477999,0,0,0.249816382
2021-08-13 05:00:00+00:00,0.09915232,0,0.006903686,0.260652154
2021-08-13 06:00:00+00:00,0.082106632,0,0.102280765,0.282026434
2021-08-13 07:00:00+00:00,0.058338444,0,0.313785812,0.298222156
2021-08-13 08:00:00+00:00,0.047609117,0,0.492179717,0.301495555
2021-08-13 09:00:00+00:00,0.053598142,0,0.585552072,0.283916093
2021-08-13 10:00:00+00:00,0.065121561,0,0.645521207,0.275750952
2021-08-13 11:00:00+00:00,0.079330343,0,0.670175332,0.271678111
2021-08-13 12:00:00+00:00,0.095842595,0,0.668183884,0.267295366
2021-08-13 13:00:00+00:00,0.108990568,0,0.642640246,0.256370328
2021-08-13 14:00:00+00:00,0.125023941,0,0.595323443,0.262233996
2021-08-13 15:00:00+00:00,0.136110912,0,0.521839015,0.271631939
2021-08-13 16:00:00+00:00,0.138972066,0,0.39531569,0.300613004
2021-08-13 17:00:00+00:00,0.135777515,0,0.223559944,0.320448536
2021-08-13 18:00:00+00:00,0.125211856,0,0.060832096,0.34111495
2021-08-13 19:00:00+00:00,0.12001086,0,0,0.346698616
2021-08-13 20:00:00+00:00,0.118374183,0,0,0.335723449
2021-08-13 21:00:00+00:00,0.124611741,0,0,0.307520607
2021-08-13 22:00:00+00:00,0.11984113,0,0,0.268183414
2021-08-13 23:00:00+00:00,0.124272282,0,0,0.255309133
2021-08-14 00:00:00+00:00,0.132667829,0,0,0.248959336
2021-08-14 01:00:00+00:00,0.127927527,0,0,0.245322384
2021-08-14 02:00:00+00:00,0.115634264,0,0,0.24327519
2021-08-14 03:00:00+00:00,0.107475126,0,0,0.242791479
2021-08-14 04:00:00+00:00,0.107717597,0,0,0.240518041
2021-08-14 05:00:00+00:00,0.09681854,0,0.005921239,0.242361966
2021-08-14 06:00:00+00:00,0.089204961,0,0.087371459,0.262108232
2021-08-14 07:00:00+00:00,0.072062284,0,0.284909817,0.259112965
2021-08-14 08:00:00+00:00,0.060526742,0,0.46706092,0.260571132
2021-08-14 09:00:00+00:00,0.069825492,0,0.575900188,0.260760329
2021-08-14 10:00:00+00:00,0.102462045,0,0.632085572,0.255518228
2021-08-14 11:00:00+00:00,0.135256203,0,0.649889116,0.256775105
2021-08-14 12:00:00+00:00,0.156642117,0,0.645083089,0.271146249
2021-08-14 13:00:00+00:00,0.172833096,0,0.617362133,0.265089317
2021-08-14 14:00:00+00:00,0.188236045,0,0.574360134,0.262419785
2021-08-14 15:00:00+00:00,0.18818149,0,0.494503073,0.262811371
2021-08-14 16:00:00+00:00,0.199056299,0,0.380950712,0.241534932
2021-08-14 17:00:00+00:00,0.206409222,0,0.214054099,0.25225923
2021-08-14 18:00:00+00:00,0.203335907,0,0.05392841,0.282409115
2021-08-14 19:00:00+00:00,0.163673766,0,0,0.310114504
2021-08-14 20:00:00+00:00,0.137808207,0,0,0.303328928
2021-08-14 21:00:00+00:00,0.138862955,0,0,0.270870425
2021-08-14 22:00:00+00:00,0.1521261,0,0,0.244733576
2021-08-14 23:00:00+00:00,0.153332392,0,0,0.237876542
2021-08-15 00:00:00+00:00,0.131182696,0,0,0.235886954
2021-08-15 01:00:00+00:00,0.13603211,0,0,0.233467962
2021-08-15 02:00:00+00:00,0.151532047,0,0,0.234105471
2021-08-15 03:00:00+00:00,0.164570908,0,0,0.235422152
2021-08-15 04:00:00+00:00,0.166728897,0,0,0.237473084
2021-08-15 05:00:00+00:00,0.16258871,0,0.005177765,0.241228325
2021-08-15 06:00:00+00:00,0.159291109,0,0.086402287,0.264679482
2021-08-15 07:00:00+00:00,0.142766732,0,0.288919265,0.282034789
2021-08-15 08:00:00+00:00,0.117707388,0,0.457873707,0.290869209
2021-08-15 09:00:00+00:00,0.115646388,0,0.556237958,0.283818361
2021-08-15 10:00:00+00:00,0.127230424,0,0.60424513,0.281172356
2021-08-15 11:00:00+00:00,0.145294489,0,0.63432927,0.254077431
2021-08-15 12:00:00+00:00,0.158236361,0,0.614361685,0.236247098
2021-08-15 13:00:00+00:00,0.183671535,0,0.593610798,0.221450289
2021-08-15 14:00:00+00:00,0.216962759,0,0.513952881,0.21717374
2021-08-15 15:00:00+00:00,0.265669055,0,0.472756461,0.221493053
2021-08-15 16:00:00+00:00,0.295686924,0,0.366373313,0.247664531
2021-08-15 17:00:00+00:00,0.320091598,0,0.21376202,0.265046992
2021-08-15 18:00:00+00:00,0.337216089,0,0.060885201,0.285154501
2021-08-15 19:00:00+00:00,0.337307015,0,0,0.274878075
2021-08-15 20:00:00+00:00,0.326741356,0,0,0.268149884
2021-08-15 21:00:00+00:00,0.332772814,0,0,0.256878004
2021-08-15 22:00:00+00:00,0.327208112,0,0,0.248262023
2021-08-15 23:00:00+00:00,0.320255265,0,0,0.234700434
2021-08-16 00:00:00+00:00,0.318267006,0,0,0.218548357
2021-08-16 01:00:00+00:00,0.31649697,0,0,0.217024779
2021-08-16 02:00:00+00:00,0.314636008,0,0,0.218046177
2021-08-16 03:00:00+00:00,0.309895706,0,0,0.219204114
2021-08-16 04:00:00+00:00,0.306082855,0,0,0.223555528
2021-08-16 05:00:00+00:00,0.305561543,0,0.005124659,0.227036704
2021-08-16 06:00:00+00:00,0.298754178,0,0.11052536,0.234879297
2021-08-16 07:00:00+00:00,0.280647681,0,0.351145375,0.247153447
2021-08-16 08:00:00+00:00,0.267966465,0,0.532778702,0.251437911
2021-08-16 09:00:00+00:00,0.26448701,0,0.628421308,0.247343413
2021-08-16 10:00:00+00:00,0.264971952,0,0.685058087,0.246165139
2021-08-16 11:00:00+00:00,0.275798267,0,0.71054862,0.245235865
2021-08-16 12:00:00+00:00,0.30043935,0,0.711000015,0.248547192
2021-08-16 13:00:00+00:00,0.328565948,0,0.678831493,0.234331825
2021-08-16 14:00:00+00:00,0.351358191,0,0.635457757,0.232048822
2021-08-16 15:00:00+00:00,0.377235874,0,0.586972638,0.229400618
2021-08-16 16:00:00+00:00,0.385716285,0,0.495100507,0.229992723
2021-08-16 17:00:00+00:00,0.406138378,0,0.317529734,0.242277977
2021-08-16 18:00:00+00:00,0.416073614,0,0.081463497,0.255827913
2021-08-16 19:00:00+00:00,0.434501385,0,0,0.258835601
2021-08-16 20:00:00+00:00,0.45668139,0,0,0.258861766
2021-08-16 21:00:00+00:00,0.445279206,0,0,0.257689208
2021-08-16 22:00:00+00:00,0.428451742,0,0,0.240338408
2021-08-16 23:00:00+00:00,0.416140293,0,0,0.226828598
2021-08-17 00:00:00+00:00,0.410175515,0,0,0.216681784
2021-08-17 01:00:00+00:00,0.404204674,0,0,0.213346052
2021-08-17 02:00:00+00:00,0.400331205,0,0,0.2140172
2021-08-17 03:00:00+00:00,0.400064487,0,0,0.216825468
2021-08-17 04:00:00+00:00,0.409769376,0,0,0.221317379
2021-08-17 05:00:00+00:00,0.407344669,0,0.005164488,0.22505635
2021-08-17 06:00:00+00:00,0.403301471,0,0.103847371,0.230954537
2021-08-17 07:00:00+00:00,0.394075462,0,0.331084856,0.243010908
2021-08-17 08:00:00+00:00,0.378339115,0,0.499614456,0.247055935
2021-08-17 09:00:00+00:00,0.351940121,0,0.598881497,0.248719239
2021-08-17 10:00:00+00:00,0.32534715,0,0.657111434,0.248280382
2021-08-17 11:00:00+00:00,0.296165804,0,0.682256783,0.252070802
2021-08-17 12:00:00+00:00,0.277974442,0,0.699462893,0.264078692
2021-08-17 13:00:00+00:00,0.270330554,0,0.689412719,0.252270223
2021-08-17 14:00:00+00:00,0.279720231,0,0.669139779,0.251421092
2021-08-17 15:00:00+00:00,0.303464171,0,0.612834908,0.247550749
2021-08-17 16:00:00+00:00,0.329317607,0,0.501141232,0.255968299
2021-08-17 17:00:00+00:00,0.342762606,0,0.301452111,0.261764468
2021-08-17 18:00:00+00:00,0.363057401,0,0.071068138,0.266177665
2021-08-17 19:00:00+00:00,0.381642778,0,0,0.273624276
2021-08-17 20:00:00+00:00,0.397197272,0,0,0.268263116
2021-08-17 21:00:00+00:00,0.396530477,0,0,0.247912982
2021-08-17 22:00:00+00:00,0.384485747,0,0,0.228916468
2021-08-17 23:00:00+00:00,0.373683678,0,0,0.216163665
2021-08-18 00:00:00+00:00,0.369276774,0,0,0.212633679
2021-08-18 01:00:00+00:00,0.361008524,0,0,0.211797849
2021-08-18 02:00:00+00:00,0.354322395,0,0,0.211543022
2021-08-18 03:00:00+00:00,0.352024985,0,0,0.21051118
2021-08-18 04:00:00+00:00,0.349757885,0,0,0.214242895
2021-08-18 05:00:00+00:00,0.333160767,0,0.005045001,0.227966307
2021-08-18 06:00:00+00:00,0.308507561,0,0.105586569,0.243542
2021-08-18 07:00:00+00:00,0.283520958,0,0.341081924,0.254849608
2021-08-18 08:00:00+00:00,0.243634533,0,0.516448829,0.268560928
2021-08-18 09:00:00+00:00,0.205699996,0,0.614255475,0.275585721
2021-08-18 10:00:00+00:00,0.18053154,0,0.672804044,0.278020873
2021-08-18 11:00:00+00:00,0.161224812,0,0.701520723,0.277654132
2021-08-18 12:00:00+00:00,0.154332584,0,0.708185435,0.27941198
2021-08-18 13:00:00+00:00,0.160145818,0,0.702330578,0.270607352
2021-08-18 14:00:00+00:00,0.184186785,0,0.669192885,0.268121301
2021-08-18 15:00:00+00:00,0.22197584,0,0.606435722,0.273702439
2021-08-18 16:00:00+00:00,0.250654059,0,0.501340377,0.285696366
2021-08-18 17:00:00+00:00,0.28081741,0,0.301956611,0.303115875
2021-08-18 18:00:00+00:00,0.293286465,0,0.07189127,0.309540428
2021-08-18 19:00:00+00:00,0.30490081,0,0,0.291193625
2021-08-18 20:00:00+00:00,0.315133072,0,0,0.281553058
2021-08-18 21:00:00+00:00,0.307034552,0,0,0.271325442
2021-08-18 22:00:00+00:00,0.297814605,0,0,0.263490434
2021-08-18 23:00:00+00:00,0.281999455,0,0,0.230787218
2021-08-19 00:00:00+00:00,0.269633451,0,0,0.216668153
2021-08-19 01:00:00+00:00,0.252630195,0,0,0.2143016
2021-08-19 02:00:00+00:00,0.230044051,0,0,0.215351361
2021-08-19 03:00:00+00:00,0.213774269,0,0,0.223324666
2021-08-19 04:00:00+00:00,0.19312183,0,0,0.242997496
2021-08-19 05:00:00+00:00,0.175445717,0,0.001991448,0.245690443
2021-08-19 06:00:00+00:00,0.147331243,0,0.092057999,0.256992995
2021-08-19 07:00:00+00:00,0.114033958,0,0.310692429,0.268070511
2021-08-19 08:00:00+00:00,0.092932947,0,0.465321722,0.267885052
2021-08-19 09:00:00+00:00,0.074838573,0,0.537584729,0.272553297
2021-08-19 10:00:00+00:00,0.069916419,0,0.601138471,0.268839391
2021-08-19 11:00:00+00:00,0.068843486,0,0.669153056,0.26376406
2021-08-19 12:00:00+00:00,0.0757539,0,0.684712902,0.261500736
2021-08-19 13:00:00+00:00,0.085386048,0,0.655704144,0.247642434
2021-08-19 14:00:00+00:00,0.099534211,0,0.6119985,0.247611543
2021-08-19 15:00:00+00:00,0.107687288,0,0.582578176,0.251906891
2021-08-19 16:00:00+00:00,0.116398047,0,0.483204925,0.262936806
2021-08-19 17:00:00+00:00,0.124769347,0,0.287936817,0.286995349
2021-08-19 18:00:00+00:00,0.12790328,0,0.066992308,0.298254916
2021-08-19 19:00:00+00:00,0.135353192,0,0,0.321312948
2021-08-19 20:00:00+00:00,0.143457774,0,0,0.32406537
2021-08-19 21:00:00+00:00,0.148737573,0,0,0.307005346
2021-08-19 22:00:00+00:00,0.145603639,0,0,0.261842081
2021-08-19 23:00:00+00:00,0.129849107,0,0,0.244051545
2021-08-20 00:00:00+00:00,0.112160872,0,0,0.240280363
2021-08-20 01:00:00+00:00,0.093466383,0,0,0.241803941
2021-08-20 02:00:00+00:00,0.084955662,0,0,0.247377163
2021-08-20 03:00:00+00:00,0.078960575,0,0,0.249707877
2021-08-20 04:00:00+00:00,0.073577726,0,0,0.255074424
2021-08-20 05:00:00+00:00,0.065527699,0,0.002363185,0.264831631
2021-08-20 06:00:00+00:00,0.05661084,0,0.102891476,0.273136937
2021-08-20 07:00:00+00:00,0.04449943,0,0.357903021,0.282988688
2021-08-20 08:00:00+00:00,0.040268317,0,0.544023744,0.286052113
2021-08-20 09:00:00+00:00,0.045420819,0,0.642773009,0.284586031
2021-08-20 10:00:00+00:00,0.057023041,0,0.696462445,0.28320218
2021-08-20 11:00:00+00:00,0.078487757,0,0.717531964,0.275727646
2021-08-20 12:00:00+00:00,0.102831813,0,0.725856216,0.268409219
2021-08-20 13:00:00+00:00,0.120089663,0,0.711039844,0.249478775
2021-08-20 14:00:00+00:00,0.130176443,0,0.682973704,0.245288304
2021-08-20 15:00:00+00:00,0.143973024,0,0.629987913,0.243880487
2021-08-20 16:00:00+00:00,0.156605746,0,0.523604765,0.255046171
2021-08-20 17:00:00+00:00,0.159224429,0,0.30899306,0.277429647
2021-08-20 18:00:00+00:00,0.155308528,0,0.067656124,0.296532028
2021-08-20 19:00:00+00:00,0.150380312,0,0,0.284840419
2021-08-20 20:00:00+00:00,0.157399838,0,0,0.270888674
2021-08-20 21:00:00+00:00,0.162812995,0,0,0.255733039
2021-08-20 22:00:00+00:00,0.164589093,0,0,0.246901038
2021-08-20 23:00:00+00:00,0.155848025,0,0,0.240281792
2021-08-21 00:00:00+00:00,0.147137266,0,0,0.236821064
2021-08-21 01:00:00+00:00,0.136971683,0,0,0.234337542
2021-08-21 02:00:00+00:00,0.119901748,0,0,0.228047328
2021-08-21 03:00:00+00:00,0.106990185,0,0,0.230579222
2021-08-21 04:00:00+00:00,0.096709428,0,0,0.234828068
2021-08-21 05:00:00+00:00,0.091732717,0,0.00382358,0.240499022
2021-08-21 06:00:00+00:00,0.075656912,0,0.100143278,0.248137908
2021-08-21 07:00:00+00:00,0.049997453,0,0.347613874,0.269484375
2021-08-21 08:00:00+00:00,0.04233538,0,0.546201061,0.25471362
2021-08-21 09:00:00+00:00,0.043384065,0,0.638776837,0.244180278
2021-08-21 10:00:00+00:00,0.049591314,0,0.690235851,0.241968732
2021-08-21 11:00:00+00:00,0.068382792,0,0.708318198,0.248579073
2021-08-21 12:00:00+00:00,0.081245861,0,0.704707039,0.249633342
2021-08-21 13:00:00+00:00,0.08813809,0,0.695174642,0.222923956
2021-08-21 14:00:00+00:00,0.105111037,0,0.661651935,0.217468034
2021-08-21 15:00:00+00:00,0.114512837,0,0.591008639,0.227039122
2021-08-21 16:00:00+00:00,0.118780321,0,0.476633147,0.242884813
2021-08-21 17:00:00+00:00,0.129606637,0,0.279187723,0.261367935
2021-08-21 18:00:00+00:00,0.140857276,0,0.060433806,0.27426739
2021-08-21 19:00:00+00:00,0.171857152,0,0,0.269221302
2021-08-21 20:00:00+00:00,0.193291559,0,0,0.261352434
2021-08-21 21:00:00+00:00,0.203663242,0,0,0.254342152
2021-08-21 22:00:00+00:00,0.211882998,0,0,0.239713872
2021-08-21 23:00:00+00:00,0.212040604,0,0,0.230035598
2021-08-22 00:00:00+00:00,0.202954015,0,0,0.22415313
2021-08-22 01:00:00+00:00,0.190563764,0,0,0.220036975
2021-08-22 02:00:00+00:00,0.173475643,0,0,0.219440802
2021-08-22 03:00:00+00:00,0.162037089,0,0,0.22001191
2021-08-22 04:00:00+00:00,0.142360594,0,0,0.22101396
2021-08-22 05:00:00+00:00,0.126333283,0,0.003504948,0.225780376
2021-08-22 06:00:00+00:00,0.121441437,0,0.078396667,0.241711816
2021-08-22 07:00:00+00:00,0.109633115,0,0.277103341,0.257095124
2021-08-22 08:00:00+00:00,0.109142112,0,0.425532593,0.246945672
2021-08-22 09:00:00+00:00,0.108814776,0,0.492909914,0.264502378
2021-08-22 10:00:00+00:00,0.101255753,0,0.545948811,0.272794163
2021-08-22 11:00:00+00:00,0.106711343,0,0.621384858,0.273671657
2021-08-22 12:00:00+00:00,0.130243122,0,0.625394307,0.274293225
2021-08-22 13:00:00+00:00,0.150598535,0,0.622579727,0.259435732
2021-08-22 14:00:00+00:00,0.181101346,0,0.58346769,0.237001906
2021-08-22 15:00:00+00:00,0.208021652,0,0.518134921,0.238151488
2021-08-22 16:00:00+00:00,0.249908461,0,0.381707462,0.234452533
2021-08-22 17:00:00+00:00,0.311326283,0,0.192719054,0.236625162
2021-08-22 18:00:00+00:00,0.352994868,0,0.041183143,0.248938558
2021-08-22 19:00:00+00:00,0.378284559,0,0,0.265213872
2021-08-22 20:00:00+00:00,0.392075079,0,0,0.242958249
2021-08-22 21:00:00+00:00,0.395306001,0,0,0.226737463
2021-08-22 22:00:00+00:00,0.383534049,0,0,0.235919714
2021-08-22 23:00:00+00:00,0.371707542,0,0,0.215359826
2021-08-23 00:00:00+00:00,0.374198928,0,0,0.210174891
2021-08-23 01:00:00+00:00,0.358074629,0,0,0.211775972
2021-08-23 02:00:00+00:00,0.335870377,0,0,0.211838745
2021-08-23 03:00:00+00:00,0.321091789,0,0,0.216556679
2021-08-23 04:00:00+00:00,0.302591277,0,0,0.241161595
2021-08-23 05:00:00+00:00,0.306319263,0,0.003000448,0.262815328
2021-08-23 06:00:00+00:00,0.292492373,0,0.079445496,0.271924913
2021-08-23 07:00:00+00:00,0.281920652,0,0.295424662,0.267639899
2021-08-23 08:00:00+00:00,0.278932201,0,0.482448175,0.266635211
2021-08-23 09:00:00+00:00,0.27391912,0,0.565770356,0.260810459
2021-08-23 10:00:00+00:00,0.274785952,0,0.608254578,0.250158168
2021-08-23 11:00:00+00:00,0.26939098,0,0.638683903,0.249971939
2021-08-23 12:00:00+00:00,0.265590252,0,0.664546173,0.245957363
2021-08-23 13:00:00+00:00,0.27385244,0,0.640117745,0.234625899
2021-08-23 14:00:00+00:00,0.284278679,0,0.587490414,0.239915711
2021-08-23 15:00:00+00:00,0.308695476,0,0.500822601,0.263111161
2021-08-23 16:00:00+00:00,0.347121016,0,0.38802699,0.256729703
2021-08-23 17:00:00+00:00,0.379466604,0,0.208398387,0.265236738
2021-08-23 18:00:00+00:00,0.403174174,0,0.043692368,0.270930229
2021-08-23 19:00:00+00:00,0.431937258,0,0,0.278003723
2021-08-23 20:00:00+00:00,0.458681773,0,0,0.260944908
2021-08-23 21:00:00+00:00,0.461991497,0,0,0.243978658
2021-08-23 22:00:00+00:00,0.484286676,0,0,0.224282743
2021-08-23 23:00:00+00:00,0.461561112,0,0,0.215554629
2021-08-24 00:00:00+00:00,0.422917348,0,0,0.214374706
2021-08-24 01:00:00+00:00,0.39808229,0,0,0.213912543
2021-08-24 02:00:00+00:00,0.380915366,0,0,0.213338906
2021-08-24 03:00:00+00:00,0.351849194,0,0,0.212569147
2021-08-24 04:00:00+00:00,0.330075328,0,0,0.214781572
2021-08-24 05:00:00+00:00,0.318024535,0,0.004115659,0.223476266
2021-08-24 06:00:00+00:00,0.306064669,0,0.076418495,0.23811367
2021-08-24 07:00:00+00:00,0.295644492,0,0.278085788,0.249079714
2021-08-24 08:00:00+00:00,0.293850209,0,0.455749496,0.246676113
2021-08-24 09:00:00+00:00,0.273579661,0,0.55031672,0.242149793
2021-08-24 10:00:00+00:00,0.23882149,0,0.606475551,0.242408359
2021-08-24 11:00:00+00:00,0.200486876,0,0.619247371,0.245852596
2021-08-24 12:00:00+00:00,0.174948653,0,0.59111485,0.248996493
2021-08-24 13:00:00+00:00,0.171281284,0,0.562092815,0.244010759
2021-08-24 14:00:00+00:00,0.1831381,0,0.506889879,0.248162533
2021-08-24 15:00:00+00:00,0.204469457,0,0.416889709,0.254916009
2021-08-24 16:00:00+00:00,0.230444128,0,0.289291002,0.257490777
2021-08-24 17:00:00+00:00,0.257218952,0,0.164772401,0.25957315
2021-08-24 18:00:00+00:00,0.281987331,0,0.036695747,0.26100933
2021-08-24 19:00:00+00:00,0.288867437,0,0,0.264280641
2021-08-24 20:00:00+00:00,0.303536912,0,0,0.261106731
2021-08-24 21:00:00+00:00,0.315205814,0,0,0.249406108
2021-08-24 22:00:00+00:00,0.29690534,0,0,0.222575905
2021-08-24 23:00:00+00:00,0.269954724,0,0,0.206782103
2021-08-25 00:00:00+00:00,0.237306048,0,0,0.19670092
2021-08-25 01:00:00+00:00,0.203457142,0,0,0.195926543
2021-08-25 02:00:00+00:00,0.199789773,0,0,0.199595816
2021-08-25 03:00:00+00:00,0.18145899,0,0,0.206785291
2021-08-25 04:00:00+00:00,0.144427657,0,0,0.214525426
2021-08-25 05:00:00+00:00,0.133225511,0,0.003000448,0.226568164
2021-08-25 06:00:00+00:00,0.106571923,0,0.060181556,0.239992885
2021-08-25 07:00:00+00:00,0.083640259,0,0.235203276,0.248261584
2021-08-25 08:00:00+00:00,0.071801628,0,0.39401461,0.244378929
2021-08-25 09:00:00+00:00,0.061811836,0,0.535327755,0.243345657
2021-08-25 10:00:00+00:00,0.057562538,0,0.600474655,0.24502765
2021-08-25 11:00:00+00:00,0.063199981,0,0.627452136,0.247225784
2021-08-25 12:00:00+00:00,0.067243179,0,0.635165678,0.250670571
2021-08-25 13:00:00+00:00,0.073274637,0,0.635656902,0.245142421
2021-08-25 14:00:00+00:00,0.088823069,0,0.603793735,0.244439942
2021-08-25 15:00:00+00:00,0.094575686,0,0.523365791,0.243568494
2021-08-25 16:00:00+00:00,0.092417697,0,0.395435177,0.251301043
2021-08-25 17:00:00+00:00,0.092914762,0,0.211704191,0.260740101
2021-08-25 18:00:00+00:00,0.089314073,0,0.037293182,0.268482874
2021-08-25 19:00:00+00:00,0.104735207,0,0,0.275042976
2021-08-25 20:00:00+00:00,0.115931291,0,0,0.274776935
2021-08-25 21:00:00+00:00,0.128042701,0,0,0.258602871
2021-08-25 22:00:00+00:00,0.118052909,0,0,0.233160696
2021-08-25 23:00:00+00:00,0.099910041,0,0,0.224740399
2021-08-26 00:00:00+00:00,0.08625288,0,0,0.223499132
2021-08-26 01:00:00+00:00,0.07887571,0,0,0.224095305
2021-08-26 02:00:00+00:00,0.065000326,0,0,0.225169142
2021-08-26 03:00:00+00:00,0.055471228,0,0,0.225962537
2021-08-26 04:00:00+00:00,0.047966761,0,0,0.2286457
2021-08-26 05:00:00+00:00,0.041947426,0,0.003770475,0.237738575
2021-08-26 06:00:00+00:00,0.036352416,0,0.075940548,0.244085514
2021-08-26 07:00:00+00:00,0.026950615,0,0.292995095,0.239953089
2021-08-26 08:00:00+00:00,0.022064831,0,0.49664056,0.231404608
2021-08-26 09:00:00+00:00,0.027884127,0,0.613618211,0.225948026
2021-08-26 10:00:00+00:00,0.02875096,0,0.668874253,0.226651164
2021-08-26 11:00:00+00:00,0.032212229,0,0.6844341,0.234860608
2021-08-26 12:00:00+00:00,0.041086656,0,0.68327906,0.239291615
2021-08-26 13:00:00+00:00,0.052531271,0,0.665236542,0.237339074
2021-08-26 14:00:00+00:00,0.068728312,0,0.632948532,0.236896809
2021-08-26 15:00:00+00:00,0.078075557,0,0.56535879,0.241185451
2021-08-26 16:00:00+00:00,0.090247585,0,0.45559018,0.241082772
2021-08-26 17:00:00+00:00,0.095630434,0,0.245917266,0.247140365
2021-08-26 18:00:00+00:00,0.092514685,0,0.038514603,0.257259695
2021-08-26 19:00:00+00:00,0.094921207,0,0,0.263415679
2021-08-26 20:00:00+00:00,0.100716256,0,0,0.255516909
2021-08-26 21:00:00+00:00,0.104323007,0,0,0.246744712
2021-08-26 22:00:00+00:00,0.106377946,0,0,0.236852616
2021-08-26 23:00:00+00:00,0.105492928,0,0,0.228385046
2021-08-27 00:00:00+00:00,0.107760029,0,0,0.224767662
2021-08-27 01:00:00+00:00,0.107305396,0,0,0.223014542
2021-08-27 02:00:00+00:00,0.108269217,0,0,0.222495983
2021-08-27 03:00:00+00:00,0.10663254,0,0,0.221877493
2021-08-27 04:00:00+00:00,0.106365823,0,0,0.22270046
2021-08-27 05:00:00+00:00,0.105996055,0,0.002469395,0.231162643
2021-08-27 06:00:00+00:00,0.095775916,0,0.090491394,0.242311177
2021-08-27 07:00:00+00:00,0.067121944,0,0.344507215,0.250685412
2021-08-27 08:00:00+00:00,0.050785483,0,0.535739321,0.248218929
2021-08-27 09:00:00+00:00,0.053137448,0,0.628739939,0.243993609
2021-08-27 10:00:00+00:00,0.058999177,0,0.679774111,0.241711266
2021-08-27 11:00:00+00:00,0.073911123,0,0.704600829,0.239948911
2021-08-27 12:00:00+00:00,0.088319943,0,0.709552896,0.232659726
2021-08-27 13:00:00+00:00,0.103292507,0,0.694232023,0.216453231
2021-08-27 14:00:00+00:00,0.123714599,0,0.661625383,0.211819726
2021-08-27 15:00:00+00:00,0.144730745,0,0.590663455,0.21241359
2021-08-27 16:00:00+00:00,0.158624315,0,0.463170959,0.221238556
2021-08-27 17:00:00+00:00,0.175712435,0,0.245094134,0.252532966
2021-08-27 18:00:00+00:00,0.18152567,0,0.040784854,0.257484291
2021-08-27 19:00:00+00:00,0.199201782,0,0,0.25898808
2021-08-27 20:00:00+00:00,0.220575572,0,0,0.256586898
2021-08-27 21:00:00+00:00,0.240912799,0,0,0.245847319
2021-08-27 22:00:00+00:00,0.248405143,0,0,0.229946221
2021-08-27 23:00:00+00:00,0.244434686,0,0,0.220210341
2021-08-28 00:00:00+00:00,0.237354542,0,0,0.215463604
2021-08-28 01:00:00+00:00,0.231359455,0,0,0.213770838
2021-08-28 02:00:00+00:00,0.234366091,0,0,0.206606648
2021-08-28 03:00:00+00:00,0.23268092,0,0,0.20543398
2021-08-28 04:00:00+00:00,0.231607987,0,0,0.212106984
2021-08-28 05:00:00+00:00,0.224509658,0,0.002535777,0.21695596
2021-08-28 06:00:00+00:00,0.213149907,0,0.085871235,0.219309321
2021-08-28 07:00:00+00:00,0.179155519,0,0.339342727,0.23185149
2021-08-28 08:00:00+00:00,0.171893522,0,0.546891429,0.228703855
2021-08-28 09:00:00+00:00,0.178088648,0,0.651057432,0.219265347
2021-08-28 10:00:00+00:00,0.172784602,0,0.701228644,0.223343245
2021-08-28 11:00:00+00:00,0.176100388,0,0.722191952,0.214894805
2021-08-28 12:00:00+00:00,0.188854346,0,0.722284886,0.210280318
2021-08-28 13:00:00+00:00,0.204129998,0,0.705583277,0.20626904
2021-08-28 14:00:00+00:00,0.230722969,0,0.658598382,0.216729936
2021-08-28 15:00:00+00:00,0.259680029,0,0.595509311,0.207763925
2021-08-28 16:00:00+00:00,0.287079215,0,0.479314963,0.21730731
2021-08-28 17:00:00+00:00,0.315223999,0,0.259817573,0.219498848
2021-08-28 18:00:00+00:00,0.328862974,0,0.041209696,0.232768121
2021-08-28 19:00:00+00:00,0.335876438,0,0,0.245346459
2021-08-28 20:00:00+00:00,0.340628864,0,0,0.236938474
2021-08-28 21:00:00+00:00,0.332645517,0,0,0.226181636
2021-08-28 22:00:00+00:00,0.311635433,0,0,0.203316648
2021-08-28 23:00:00+00:00,0.293050056,0,0,0.192248916
2021-08-29 00:00:00+00:00,0.272130898,0,0,0.191150014
2021-08-29 01:00:00+00:00,0.246513872,0,0,0.189126895
2021-08-29 02:00:00+00:00,0.221478775,0,0,0.187614751
2021-08-29 03:00:00+00:00,0.210537286,0,0,0.192720093
2021-08-29 04:00:00+00:00,0.196698272,0,0,0.199999384
2021-08-29 05:00:00+00:00,0.171426766,0,0.017909755,0.206597303
2021-08-29 06:00:00+00:00,0.144991401,0,0.094447737,0.212756585
2021-08-29 07:00:00+00:00,0.115531214,0,0.335280173,0.218718975
2021-08-29 08:00:00+00:00,0.103789572,0,0.524892568,0.228835117
2021-08-29 09:00:00+00:00,0.087768322,0,0.611865737,0.236530179
2021-08-29 10:00:00+00:00,0.070292248,0,0.669657556,0.22455472
2021-08-29 11:00:00+00:00,0.064194111,0,0.674848597,0.215107747
2021-08-29 12:00:00+00:00,0.067540206,0,0.654642039,0.216998835
2021-08-29 13:00:00+00:00,0.077614863,0,0.634116849,0.220560372
2021-08-29 14:00:00+00:00,0.088507858,0,0.612317132,0.213080121
2021-08-29 15:00:00+00:00,0.101322433,0,0.551909878,0.214776405
2021-08-29 16:00:00+00:00,0.116664764,0,0.461551248,0.212989096
2021-08-29 17:00:00+00:00,0.136298827,0,0.238734777,0.224461056
2021-08-29 18:00:00+00:00,0.156351152,0,0.059544293,0.246795721
2021-08-29 19:00:00+00:00,0.171014566,0,0.0269111,0.255607934
2021-08-29 20:00:00+00:00,0.187563189,0,0.02359202,0.234811798
2021-08-29 21:00:00+00:00,0.195716266,0,0.011709714,0.232953361
2021-08-29 22:00:00+00:00,0.181174087,0,0,0.210912879
2021-08-29 23:00:00+00:00,0.167832138,0,0,0.203341823
2021-08-30 00:00:00+00:00,0.158169682,0,0,0.202181907
2021-08-30 01:00:00+00:00,0.147016031,0,0,0.201234275
2021-08-30 02:00:00+00:00,0.132795126,0,0,0.200793879
2021-08-30 03:00:00+00:00,0.121986996,0,0,0.202146619
2021-08-30 04:00:00+00:00,0.113882414,0,0,0.211794881
2021-08-30 05:00:00+00:00,0.10508679,0,0.001739198,0.232841338
2021-08-30 06:00:00+00:00,0.097406531,0,0.065332768,0.247769188
2021-08-30 07:00:00+00:00,0.076845018,0,0.290485871,0.255292863
2021-08-30 08:00:00+00:00,0.061660292,0,0.470287066,0.247956736
2021-08-30 09:00:00+00:00,0.053586019,0,0.554299616,0.240198242
2021-08-30 10:00:00+00:00,0.049367029,0,0.625208438,0.238810653
2021-08-30 11:00:00+00:00,0.046857458,0,0.665130331,0.239047231
2021-08-30 12:00:00+00:00,0.052537333,0,0.666444687,0.233207858
2021-08-30 13:00:00+00:00,0.07081356,0,0.625301372,0.21423421
2021-08-30 14:00:00+00:00,0.086586277,0,0.594115298,0.207968182
2021-08-30 15:00:00+00:00,0.091793335,0,0.530973122,0.208821162
2021-08-30 16:00:00+00:00,0.108693541,0,0.42842683,0.216528976
2021-08-30 17:00:00+00:00,0.124963323,0,0.22895013,0.234813117
2021-08-30 18:00:00+00:00,0.130140072,0,0.036337287,0.252316945
2021-08-30 19:00:00+00:00,0.121780896,0,0,0.255589245
2021-08-30 20:00:00+00:00,0.114543146,0,0,0.250803261
2021-08-30 21:00:00+00:00,0.109299718,0,0,0.238119387
2021-08-30 22:00:00+00:00,0.099182629,0,0,0.228736726
2021-08-30 23:00:00+00:00,0.093466383,0,0,0.224208537
2021-08-31 00:00:00+00:00,0.089592914,0,0,0.224382893
2021-08-31 01:00:00+00:00,0.089071602,0,0,0.22340151
2021-08-31 02:00:00+00:00,0.085707321,0,0,0.221102347
2021-08-31 03:00:00+00:00,0.078930266,0,0,0.224249763
2021-08-31 04:00:00+00:00,0.068213062,0,0,0.246526163
2021-08-31 05:00:00+00:00,0.066479397,0,0.00241629,0.263250668
2021-08-31 06:00:00+00:00,0.066485459,0,0.062624399,0.270051305
2021-08-31 07:00:00+00:00,0.059429562,0,0.271567116,0.276640429
2021-08-31 08:00:00+00:00,0.063212105,0,0.436273135,0.270934626
2021-08-31 09:00:00+00:00,0.059405315,0,0.5262202,0.249582443
2021-08-31 10:00:00+00:00,0.065170055,0,0.582737492,0.24322363
2021-08-31 11:00:00+00:00,0.079348528,0,0.61506533,0.241985882
2021-08-31 12:00:00+00:00,0.093405765,0,0.631222611,0.2383818
2021-08-31 13:00:00+00:00,0.106687096,0,0.602373169,0.225378127
2021-08-31 14:00:00+00:00,0.130400728,0,0.564230303,0.22163256
2021-08-31 15:00:00+00:00,0.149677147,0,0.471920053,0.228424403
2021-08-31 16:00:00+00:00,0.174130314,0,0.340564148,0.251712087
2021-08-31 17:00:00+00:00,0.204530075,0,0.150287937,0.278633756
2021-08-31 18:00:00+00:00,0.214289519,0,0.021507638,0.297699639
2021-08-31 19:00:00+00:00,0.231601925,0,0,0.290228073
2021-08-31 20:00:00+00:00,0.222454719,0,0,0.279867437
2021-08-31 21:00:00+00:00,0.227625406,0,0,0.265810595
2021-08-31 22:00:00+00:00,0.238027398,0,0,0.227203804
2021-08-31 23:00:00+00:00,0.24036724,0,0,0.212450968
2021-09-01 00:00:00+00:00,0.233040987,0,0,0.211286435
2021-09-01 01:00:00+00:00,0.213547478,0,0,0.208752453
2021-09-01 02:00:00+00:00,0.198972609,0,0,0.203334787
2021-09-01 03:00:00+00:00,0.16978666,0,0,0.202942432
2021-09-01 04:00:00+00:00,0.153232265,0,0,0.214809825
2021-09-01 05:00:00+00:00,0.150818208,0,0.019573868,0.239034259
2021-09-01 06:00:00+00:00,0.135096662,0,0.069240453,0.256959135
2021-09-01 07:00:00+00:00,0.120775269,0,0.20821362,0.254735827
2021-09-01 08:00:00+00:00,0.087811321,0,0.364325256,0.233528096
2021-09-01 09:00:00+00:00,0.085077402,0,0.40764426,0.231976815
2021-09-01 10:00:00+00:00,0.084383361,0,0.41548158,0.231663283
2021-09-01 11:00:00+00:00,0.085765408,0,0.436376781,0.240599612
2021-09-01 12:00:00+00:00,0.08900628,0,0.435780886,0.26705373
2021-09-01 13:00:00+00:00,0.095089703,0,0.411375083,0.265641736
2021-09-01 14:00:00+00:00,0.12781828,0,0.355542277,0.262721335
2021-09-01 15:00:00+00:00,0.154976421,0,0.343145062,0.276897675
2021-09-01 16:00:00+00:00,0.183172606,0,0.254654597,0.266558147
2021-09-01 17:00:00+00:00,0.221682849,0,0.148818395,0.269017594
2021-09-01 18:00:00+00:00,0.21004106,0,0.051493134,0.295667945
2021-09-01 19:00:00+00:00,0.195586894,0,0.034289893,0.29203594
2021-09-01 20:00:00+00:00,0.173643116,0,0.018602299,0.284508088
2021-09-01 21:00:00+00:00,0.159339829,0,0,0.262619755
2021-09-01 22:00:00+00:00,0.140763661,0,0,0.249979964
2021-09-01 23:00:00+00:00,0.099042721,0,0,0.25673454
2021-09-02 00:00:00+00:00,0.077159295,0,0,0.249367961
2021-09-02 01:00:00+00:00,0.071220715,0,0,0.238145112
2021-09-02 02:00:00+00:00,0.056760514,0,0,0.236765658
2021-09-02 03:00:00+00:00,0.050103752,0,0,0.233332414
2021-09-02 04:00:00+00:00,0.043609939,0,0,0.242286332
2021-09-02 05:00:00+00:00,0.034629647,0,0.000932706,0.255021326
2021-09-02 06:00:00+00:00,0.030652488,0,0.046635291,0.261923322
2021-09-02 07:00:00+00:00,0.023663793,0,0.244925957,0.259499274
2021-09-02 08:00:00+00:00,0.022360202,0,0.429200128,0.261918156
2021-09-02 09:00:00+00:00,0.021527353,0,0.545049963,0.266909057
2021-09-02 10:00:00+00:00,0.024212991,0,0.593978156,0.265154947
2021-09-02 11:00:00+00:00,0.034798631,0,0.602812953,0.267593617
2021-09-02 12:00:00+00:00,0.038902528,0,0.602502051,0.26782217
2021-09-02 13:00:00+00:00,0.045173041,0,0.575220406,0.254368866
2021-09-02 14:00:00+00:00,0.050514142,0,0.531448003,0.25728421
2021-09-02 15:00:00+00:00,0.057394204,0,0.432373918,0.276967484
2021-09-02 16:00:00+00:00,0.0612748,0,0.349829453,0.26827257
2021-09-02 17:00:00+00:00,0.0495968,0,0.19753932,0.277452953
2021-09-02 18:00:00+00:00,0.038751649,0,0.022566299,0.292051111
2021-09-02 19:00:00+00:00,0.034901228,0,0,0.299271367
2021-09-02 20:00:00+00:00,0.036760052,0,0,0.294685573
2021-09-02 21:00:00+00:00,0.030682664,0,0,0.281951789
2021-09-02 22:00:00+00:00,0.028733313,0,0,0.257831023
2021-09-02 23:00:00+00:00,0.029747217,0,0,0.223129204
2021-09-03 00:00:00+00:00,0.03241475,0,0,0.213485558
2021-09-03 01:00:00+00:00,0.029216124,0,0,0.216323289
2021-09-03 02:00:00+00:00,0.030217958,0,0,0.21834311
2021-09-03 03:00:00+00:00,0.02710986,0,0,0.22702604
2021-09-03 04:00:00+00:00,0.023500844,0,0,0.252303643
2021-09-03 05:00:00+00:00,0.024146605,0,0.020234535,0.270031077
2021-09-03 06:00:00+00:00,0.020211692,0,0.090990634,0.28831203
2021-09-03 07:00:00+00:00,0.013047978,0,0.308207456,0.277520892
2021-09-03 08:00:00+00:00,0.0067835,0,0.534064761,0.236916927
2021-09-03 09:00:00+00:00,0.006596411,0,0.642763852,0.221167758
2021-09-03 10:00:00+00:00,0.011786633,0,0.695617182,0.217018073
2021-09-03 11:00:00+00:00,0.020018567,0,0.706472841,0.222435189
2021-09-03 12:00:00+00:00,0.028015131,0,0.698972332,0.220531019
2021-09-03 13:00:00+00:00,0.032100922,0,0.670200948,0.211893382
2021-09-03 14:00:00+00:00,0.042016661,0,0.651546832,0.209612798
2021-09-03 15:00:00+00:00,0.047816433,0,0.584625189,0.215466682
2021-09-03 16:00:00+00:00,0.047188778,0,0.475705876,0.233532824
2021-09-03 17:00:00+00:00,0.036126362,0,0.249537669,0.27022632
2021-09-03 18:00:00+00:00,0.030507645,0,0.065069185,0.305098868
2021-09-03 19:00:00+00:00,0.03159397,0,0.0407152,0.305920296
2021-09-03 20:00:00+00:00,0.038087783,0,0.025727136,0.295942561
2021-09-03 21:00:00+00:00,0.038522314,0,0,0.279271704
2021-09-03 22:00:00+00:00,0.036572963,0,0,0.268025109
2021-09-03 23:00:00+00:00,0.034195117,0,0,0.271544651
2021-09-04 00:00:00+00:00,0.028558294,0,0,0.273470148
2021-09-04 01:00:00+00:00,0.022981822,0,0,0.272255705
2021-09-04 02:00:00+00:00,0.020332395,0,0,0.274988009
2021-09-04 03:00:00+00:00,0.017695037,0,0,0.267792708
2021-09-04 04:00:00+00:00,0.017085488,0,0,0.267222149
2021-09-04 05:00:00+00:00,0.016874258,0,0.001114065,0.267073958
2021-09-04 06:00:00+00:00,0.019801302,0,0.065690989,0.2553652
2021-09-04 07:00:00+00:00,0.017906267,0,0.304813443,0.252982926
2021-09-04 08:00:00+00:00,0.013705808,0,0.514827704,0.239739707
2021-09-04 09:00:00+00:00,0.017025137,0,0.624757448,0.234678557
2021-09-04 10:00:00+00:00,0.029711006,0,0.674592438,0.229288485
2021-09-04 11:00:00+00:00,0.052529879,0,0.690746385,0.225557429
2021-09-04 12:00:00+00:00,0.067859141,0,0.689839587,0.220581479
2021-09-04 13:00:00+00:00,0.076199708,0,0.6731027,0.206994276
2021-09-04 14:00:00+00:00,0.076127286,0,0.64056163,0.203344241
2021-09-04 15:00:00+00:00,0.078637905,0,0.591516849,0.204201948
2021-09-04 16:00:00+00:00,0.079223314,0,0.478180138,0.212703047
2021-09-04 17:00:00+00:00,0.077762809,0,0.257167721,0.224424448
2021-09-04 18:00:00+00:00,0.07883103,0,0.056765513,0.241163904
2021-09-04 19:00:00+00:00,0.078499097,0,0.03287788,0.252269124
2021-09-04 20:00:00+00:00,0.074431411,0,0.010441123,0.246250778
2021-09-04 21:00:00+00:00,0.069784351,0,0,0.24063512
2021-09-04 22:00:00+00:00,0.075125452,0,0,0.227667946
2021-09-04 23:00:00+00:00,0.087503529,0,0,0.218289022
2021-09-05 00:00:00+00:00,0.096676946,0,0,0.204798121
2021-09-05 01:00:00+00:00,0.109827521,0,0,0.199007009
2021-09-05 02:00:00+00:00,0.117057621,0,0,0.19811995
2021-09-05 03:00:00+00:00,0.116128209,0,0,0.20007348
2021-09-05 04:00:00+00:00,0.117552503,0,0,0.200701864
2021-09-05 05:00:00+00:00,0.108867933,0,0.000880889,0.202352305
2021-09-05 06:00:00+00:00,0.101716289,0,0.062361747,0.205598112
2021-09-05 07:00:00+00:00,0.084805821,0,0.297623836,0.215237469
2021-09-05 08:00:00+00:00,0.081027821,0,0.492054137,0.219852506
2021-09-05 09:00:00+00:00,0.090599557,0,0.602579776,0.221173475
2021-09-05 10:00:00+00:00,0.099996274,0,0.664501079,0.217346776
2021-09-05 11:00:00+00:00,0.110262051,0,0.681406372,0.21850878
2021-09-05 12:00:00+00:00,0.117045551,0,0.681354555,0.218073441
2021-09-05 13:00:00+00:00,0.121215834,0,0.672325445,0.210070893
2021-09-05 14:00:00+00:00,0.11785426,0,0.646520584,0.207347164
2021-09-05 15:00:00+00:00,0.114878935,0,0.582954091,0.212553427
2021-09-05 16:00:00+00:00,0.12060025,0,0.452103237,0.235519004
2021-09-05 17:00:00+00:00,0.125530961,0,0.188989517,0.252640042
2021-09-05 18:00:00+00:00,0.139224699,0,0.015985541,0.250044496
2021-09-05 19:00:00+00:00,0.142537992,0,0,0.26484999
2021-09-05 20:00:00+00:00,0.158428522,0,0,0.259721121
2021-09-05 21:00:00+00:00,0.155453197,0,0,0.256247311
2021-09-05 22:00:00+00:00,0.150987192,0,0,0.256721128
2021-09-05 23:00:00+00:00,0.159882992,0,0,0.222898782
2021-09-06 00:00:00+00:00,0.170776424,0,0,0.208044367
2021-09-06 01:00:00+00:00,0.174982918,0,0,0.203517168
2021-09-06 02:00:00+00:00,0.176087349,0,0,0.201083995
2021-09-06 03:00:00+00:00,0.173311183,0,0,0.206677116
2021-09-06 04:00:00+00:00,0.188139528,0,0,0.233019871
2021-09-06 05:00:00+00:00,0.197928529,0,0.000932706,0.254131299
2021-09-06 06:00:00+00:00,0.203541212,0,0.032631749,0.258859567
2021-09-06 07:00:00+00:00,0.193408207,0,0.126835037,0.257140636
2021-09-06 08:00:00+00:00,0.185978947,0,0.220727423,0.252573751
2021-09-06 09:00:00+00:00,0.186141896,0,0.324115272,0.24764925
2021-09-06 10:00:00+00:00,0.186045334,0,0.417593122,0.242008308
2021-09-06 11:00:00+00:00,0.193969476,0,0.451170532,0.244802505
2021-09-06 12:00:00+00:00,0.19374014,0,0.452504819,0.224066612
2021-09-06 13:00:00+00:00,0.204573221,0,0.400623058,0.237187145
2021-09-06 14:00:00+00:00,0.226661842,0,0.375491818,0.225344487
2021-09-06 15:00:00+00:00,0.248744428,0,0.310046959,0.223872468
2021-09-06 16:00:00+00:00,0.248961693,0,0.23609116,0.232314533
2021-09-06 17:00:00+00:00,0.23334878,0,0.117417299,0.264961573
2021-09-06 18:00:00+00:00,0.229015547,0,0.015998496,0.280325862
2021-09-06 19:00:00+00:00,0.23760959,0,0,0.274469889
2021-09-06 20:00:00+00:00,0.251961159,0,0,0.254826082
2021-09-06 21:00:00+00:00,0.278334731,0,0,0.227625511
2021-09-06 22:00:00+00:00,0.316187144,0,0,0.209465046
2021-09-06 23:00:00+00:00,0.343417706,0,0,0.196911334
2021-09-07 00:00:00+00:00,0.340937263,0,0,0.194225092
2021-09-07 01:00:00+00:00,0.340472557,0,0,0.195973705
2021-09-07 02:00:00+00:00,0.336097078,0,0,0.195916759
2021-09-07 03:00:00+00:00,0.337672251,0,0,0.193368815
2021-09-07 04:00:00+00:00,0.325668352,0,0,0.209490881
2021-09-07 05:00:00+00:00,0.312596234,0,0.000790209,0.236030858
2021-09-07 06:00:00+00:00,0.287200355,0,0.031452913,0.246803527
2021-09-07 07:00:00+00:00,0.2592154,0,0.186994563,0.235378069
2021-09-07 08:00:00+00:00,0.252462076,0,0.358703113,0.22799489
2021-09-07 09:00:00+00:00,0.271020138,0,0.469241707,0.222953529
2021-09-07 10:00:00+00:00,0.308775989,0,0.57084187,0.221156325
2021-09-07 11:00:00+00:00,0.344540243,0,0.599172809,0.222265341
2021-09-07 12:00:00+00:00,0.371644067,0,0.606971266,0.219479939
2021-09-07 13:00:00+00:00,0.397528793,0,0.589755071,0.208412316
2021-09-07 14:00:00+00:00,0.410588841,0,0.561216864,0.213360233
2021-09-07 15:00:00+00:00,0.41437891,0,0.503207744,0.225687372
2021-09-07 16:00:00+00:00,0.403479443,0,0.36451957,0.24340766
2021-09-07 17:00:00+00:00,0.368692882,0,0.166604577,0.26476688
2021-09-07 18:00:00+00:00,0.317611437,0,0.018537528,0.276365264
2021-09-07 19:00:00+00:00,0.265685072,0,0,0.297842113
2021-09-07 20:00:00+00:00,0.244224106,0,0,0.29567663
2021-09-07 21:00:00+00:00,0.242184228,0,0,0.272174794
2021-09-07 22:00:00+00:00,0.241556573,0,0,0.224484142
2021-09-07 23:00:00+00:00,0.22762143,0,0,0.207024178
2021-09-08 00:00:00+00:00,0.212533574,0,0,0.202021513
2021-09-08 01:00:00+00:00,0.200970241,0,0,0.196030321
2021-09-08 02:00:00+00:00,0.189527611,0,0,0.193418065
2021-09-08 03:00:00+00:00,0.174343193,0,0,0.193780848
2021-09-08 04:00:00+00:00,0.162647087,0,0,0.206430533
2021-09-08 05:00:00+00:00,0.161494375,0,0.00094566,0.229728112
2021-09-08 06:00:00+00:00,0.157595673,0,0.054705787,0.216663865
2021-09-08 07:00:00+00:00,0.137740054,0,0.267906792,0.210492491
2021-09-08 08:00:00+00:00,0.137721949,0,0.448139238,0.205162992
2021-09-08 09:00:00+00:00,0.139846319,0,0.553288865,0.203691194
2021-09-08 10:00:00+00:00,0.160860685,0,0.59270864,0.203039724
2021-09-08 11:00:00+00:00,0.174331122,0,0.605105854,0.201636524
2021-09-08 12:00:00+00:00,0.177378869,0,0.61689422,0.19943872
2021-09-08 13:00:00+00:00,0.18822402,0,0.596763319,0.199198844
2021-09-08 14:00:00+00:00,0.203040295,0,0.576295608,0.197584131
2021-09-08 15:00:00+00:00,0.214832963,0,0.512405259,0.20757187
2021-09-08 16:00:00+00:00,0.223445111,0,0.36641089,0.23477431
2021-09-08 17:00:00+00:00,0.232250384,0,0.15837863,0.262048098
2021-09-08 18:00:00+00:00,0.225400497,0,0.050379068,0.27951169
2021-09-08 19:00:00+00:00,0.216275362,0,0.037580272,0.285300603
2021-09-08 20:00:00+00:00,0.219727463,0,0.03958818,0.268433514
2021-09-08 21:00:00+00:00,0.222189801,0,0.013096744,0.234056
2021-09-08 22:00:00+00:00,0.22106123,0,0,0.21471803
2021-09-08 23:00:00+00:00,0.21534595,0,0,0.205107695
2021-09-09 00:00:00+00:00,0.21342074,0,0,0.200639861
2021-09-09 01:00:00+00:00,0.198477727,0,0,0.201734805
2021-09-09 02:00:00+00:00,0.18523059,0,0,0.201934446
2021-09-09 03:00:00+00:00,0.167782993,0,0,0.19735085
2021-09-09 04:00:00+00:00,0.161506445,0,0,0.192847947
2021-09-09 05:00:00+00:00,0.15854319,0,0.000453399,0.201397087
2021-09-09 06:00:00+00:00,0.142574203,0,0.049329774,0.215645105
2021-09-09 07:00:00+00:00,0.120437301,0,0.23334486,0.222405507
2021-09-09 08:00:00+00:00,0.118234474,0,0.403149136,0.222619879
2021-09-09 09:00:00+00:00,0.119091464,0,0.491756189,0.215063224
2021-09-09 10:00:00+00:00,0.116122174,0,0.554636106,0.21087715
2021-09-09 11:00:00+00:00,0.116436002,0,0.554610198,0.211718147
2021-09-09 12:00:00+00:00,0.138422025,0,0.543961806,0.205386928
2021-09-09 13:00:00+00:00,0.167101022,0,0.518234671,0.196891436
2021-09-09 14:00:00+00:00,0.182659619,0,0.471353249,0.195910053
2021-09-09 15:00:00+00:00,0.208713329,0,0.398122888,0.204287257
2021-09-09 16:00:00+00:00,0.218997211,0,0.306031143,0.214959556
2021-09-09 17:00:00+00:00,0.225394462,0,0.162264904,0.25478024
2021-09-09 18:00:00+00:00,0.2028351,0,0.047775265,0.278278558
2021-09-09 19:00:00+00:00,0.171458395,0,0,0.25943892
2021-09-09 20:00:00+00:00,0.160027835,0,0,0.245884037
2021-09-09 21:00:00+00:00,0.15049231,0,0,0.232288699
2021-09-09 22:00:00+00:00,0.157360302,0,0,0.209738562
2021-09-09 23:00:00+00:00,0.165320655,0,0,0.200585224
2021-09-10 00:00:00+00:00,0.15325037,0,0,0.196390575
2021-09-10 01:00:00+00:00,0.13609246,0,0,0.195991404
2021-09-10 02:00:00+00:00,0.111052655,0,0,0.195427002
2021-09-10 03:00:00+00:00,0.109869767,0,0,0.197199031
2021-09-10 04:00:00+00:00,0.108704984,0,0,0.221986658
2021-09-10 05:00:00+00:00,0.095669077,0,0.039963853,0.238647291
2021-09-10 06:00:00+00:00,0.077642107,0,0.092985588,0.244586594
2021-09-10 07:00:00+00:00,0.065384732,0,0.334763664,0.226515726
2021-09-10 08:00:00+00:00,0.059928964,0,0.535075193,0.215215373
2021-09-10 09:00:00+00:00,0.058830568,0,0.637491473,0.217118113
2021-09-10 10:00:00+00:00,0.065668384,0,0.680007313,0.218086303
2021-09-10 11:00:00+00:00,0.076326446,0,0.695409914,0.215372469
2021-09-10 12:00:00+00:00,0.083568616,0,0.681082516,0.214861385
2021-09-10 13:00:00+00:00,0.092826525,0,0.676315353,0.211814339
2021-09-10 14:00:00+00:00,0.100141117,0,0.647038754,0.205087797
2021-09-10 15:00:00+00:00,0.099622095,0,0.589327581,0.20865626
2021-09-10 16:00:00+00:00,0.097322706,0,0.452621407,0.222013042
2021-09-10 17:00:00+00:00,0.091710023,0,0.21510528,0.256344383
2021-09-10 18:00:00+00:00,0.088070833,0,0.042204938,0.280140513
2021-09-10 19:00:00+00:00,0.085578319,0,0.020959972,0.277615106
2021-09-10 20:00:00+00:00,0.080641572,0,3.16266E-12,0.264401239
2021-09-10 21:00:00+00:00,0.086380993,0,0,0.243863777
2021-09-10 22:00:00+00:00,0.086423239,0,0,0.226156791
2021-09-10 23:00:00+00:00,0.071069837,0,0,0.217938442
2021-09-11 00:00:00+00:00,0.054720636,0,0,0.213019987
2021-09-11 01:00:00+00:00,0.044334156,0,0,0.204209753
2021-09-11 02:00:00+00:00,0.036989388,0,0,0.199716524
2021-09-11 03:00:00+00:00,0.034521014,0,0,0.19399522
2021-09-11 04:00:00+00:00,0.030592137,0,0,0.195478452
2021-09-11 05:00:00+00:00,0.029560127,0,0.000764301,0.206088198
2021-09-11 06:00:00+00:00,0.032161274,0,0.046842559,0.210506233
2021-09-11 07:00:00+00:00,0.029475635,0,0.241791029,0.21114473
2021-09-11 08:00:00+00:00,0.024092288,0,0.436674729,0.212549469
2021-09-11 09:00:00+00:00,0.032734612,0,0.544479976,0.209717455
2021-09-11 10:00:00+00:00,0.050737442,0,0.580687098,0.202187954
2021-09-11 11:00:00+00:00,0.065463189,0,0.620560272,0.197930533
2021-09-11 12:00:00+00:00,0.074956468,0,0.59054528,0.195336637
2021-09-11 13:00:00+00:00,0.07333905,0,0.574028615,0.186251787
2021-09-11 14:00:00+00:00,0.070037827,0,0.510656436,0.183020492
2021-09-11 15:00:00+00:00,0.071063801,0,0.481742556,0.182514245
2021-09-11 16:00:00+00:00,0.071763878,0,0.36683838,0.193464678
2021-09-11 17:00:00+00:00,0.070236987,0,0.157445924,0.209379737
2021-09-11 18:00:00+00:00,0.065119186,0,0.01049294,0.21994507
2021-09-11 19:00:00+00:00,0.04558343,0,0,0.224145765
2021-09-11 20:00:00+00:00,0.040006959,0,0,0.22133222
2021-09-11 21:00:00+00:00,0.038860282,0,0,0.2122809
2021-09-11 22:00:00+00:00,0.036530717,0,0,0.205390116
2021-09-11 23:00:00+00:00,0.033615743,0,0,0.201156002
2021-09-12 00:00:00+00:00,0.034708104,0,0,0.198661486
2021-09-12 01:00:00+00:00,0.039656921,0,0,0.195232199
2021-09-12 02:00:00+00:00,0.044430718,0,0,0.186768917
2021-09-12 03:00:00+00:00,0.046482667,0,0,0.185166187
2021-09-12 04:00:00+00:00,0.045468763,0,0,0.184166336
2021-09-12 05:00:00+00:00,0.046868916,0,0.000738392,0.194452656
2021-09-12 06:00:00+00:00,0.050127893,0,0.050081121,0.198060036
2021-09-12 07:00:00+00:00,0.051346991,0,0.282985536,0.199619122
2021-09-12 08:00:00+00:00,0.050043401,0,0.498932842,0.2001567
2021-09-12 09:00:00+00:00,0.054322316,0,0.614549501,0.197326005
2021-09-12 10:00:00+00:00,0.063320714,0,0.661495694,0.196949591
2021-09-12 11:00:00+00:00,0.082850434,0,0.673115654,0.194571605
2021-09-12 12:00:00+00:00,0.094419802,0,0.668218948,0.192209009
2021-09-12 13:00:00+00:00,0.098324539,0,0.649733237,0.185141562
2021-09-12 14:00:00+00:00,0.097485655,0,0.616907174,0.182327687
2021-09-12 15:00:00+00:00,0.091957464,0,0.528079899,0.183577968
2021-09-12 16:00:00+00:00,0.092452346,0,0.366436799,0.199941119
2021-09-12 17:00:00+00:00,0.089990008,0,0.128778174,0.226200544
2021-09-12 18:00:00+00:00,0.094190467,0,0.007591189,0.240729224
2021-09-12 19:00:00+00:00,0.102591385,0,0,0.224333752
2021-09-12 20:00:00+00:00,0.112151051,0,0,0.21281573
2021-09-12 21:00:00+00:00,0.119658768,0,0,0.20095933
2021-09-12 22:00:00+00:00,0.138669466,0,0,0.188654508
2021-09-12 23:00:00+00:00,0.169116759,0,0,0.186593023
2021-09-13 00:00:00+00:00,0.18480813,0,0,0.186439335
2021-09-13 01:00:00+00:00,0.189406908,0,0,0.184933236
2021-09-13 02:00:00+00:00,0.187439452,0,0,0.184982597
2021-09-13 03:00:00+00:00,0.197463823,0,0,0.18507725
2021-09-13 04:00:00+00:00,0.206082006,0,0,0.187342004
2021-09-13 05:00:00+00:00,0.230916617,0,0.000738392,0.193619135
2021-09-13 06:00:00+00:00,0.227929222,0,0.021361554,0.19838753
2021-09-13 07:00:00+00:00,0.209721197,0,0.087065497,0.197857207
2021-09-13 08:00:00+00:00,0.219727463,0,0.146901167,0.195420296
2021-09-13 09:00:00+00:00,0.229130215,0,0.220118573,0.191046785
2021-09-13 10:00:00+00:00,0.253204398,0,0.235741396,0.186067537
2021-09-13 11:00:00+00:00,0.268455203,0,0.252970545,0.182054171
2021-09-13 12:00:00+00:00,0.269638091,0,0.247568624,0.179701909
2021-09-13 13:00:00+00:00,0.261907073,0,0.213343502,0.180994405
2021-09-13 14:00:00+00:00,0.241025481,0,0.190880837,0.182925069
2021-09-13 15:00:00+00:00,0.246770936,0,0.158249087,0.191208169
2021-09-13 16:00:00+00:00,0.261164751,0,0.107235261,0.196920788
2021-09-13 17:00:00+00:00,0.261991565,0,0.068217067,0.201191181
2021-09-13 18:00:00+00:00,0.255075292,0,0.034600795,0.210108381
2021-09-13 19:00:00+00:00,0.237211271,0,0.03013158,0.218289901
2021-09-13 20:00:00+00:00,0.222069099,0,0,0.212996351
2021-09-13 21:00:00+00:00,0.215207142,0,0,0.205759605
2021-09-13 22:00:00+00:00,0.208502099,0,0,0.19890444
2021-09-13 23:00:00+00:00,0.214476889,0,0,0.196780072
2021-09-14 00:00:00+00:00,0.211833497,0,0,0.196920018
2021-09-14 01:00:00+00:00,0.198308743,0,0,0.197494095
2021-09-14 02:00:00+00:00,0.193794457,0,0,0.197826755
2021-09-14 03:00:00+00:00,0.179629977,0,0,0.196632541
2021-09-14 04:00:00+00:00,0.18080683,0,0,0.20197655
2021-09-14 05:00:00+00:00,0.197795756,0,0.000349765,0.206372928
2021-09-14 06:00:00+00:00,0.222521734,0,0.012850614,0.206598403
2021-09-14 07:00:00+00:00,0.226504928,0,0.057413225,0.204675104
2021-09-14 08:00:00+00:00,0.209153894,0,0.084474648,0.207251961
2021-09-14 09:00:00+00:00,0.181826769,0,0.135268252,0.207009117
2021-09-14 10:00:00+00:00,0.183926999,0,0.201179463,0.208682974
2021-09-14 11:00:00+00:00,0.190819131,0,0.262595551,0.21500254
2021-09-14 12:00:00+00:00,0.202943732,0,0.265445485,0.214587429
2021-09-14 13:00:00+00:00,0.203776582,0,0.21940609,0.212859593
2021-09-14 14:00:00+00:00,0.179690329,0,0.181320602,0.210194239
2021-09-14 15:00:00+00:00,0.161965116,0,0.132262867,0.202582508
2021-09-14 16:00:00+00:00,0.146659995,0,0.082337197,0.203850048
2021-09-14 17:00:00+00:00,0.131330733,0,0.040326572,0.216061756
2021-09-14 18:00:00+00:00,0.129037379,0,0.004546941,0.2291138
2021-09-14 19:00:00+00:00,0.114945322,0,0,0.232623668
2021-09-14 20:00:00+00:00,0.103134548,0,0,0.223364353
2021-09-14 21:00:00+00:00,0.090671979,0,0,0.217303242
2021-09-14 22:00:00+00:00,0.101112775,0,0,0.221282749
2021-09-14 23:00:00+00:00,0.084021252,0,0,0.208017323
2021-09-15 00:00:00+00:00,0.084528204,0,0,0.201357181
2021-09-15 01:00:00+00:00,0.085113613,0,0,0.200247176
2021-09-15 02:00:00+00:00,0.074461587,0,0,0.210137953
2021-09-15 03:00:00+00:00,0.056826901,0,0,0.233608128
2021-09-15 04:00:00+00:00,0.047363797,0,0,0.237671955
2021-09-15 05:00:00+00:00,0.039675026,0,0.000349765,0.260974481
2021-09-15 06:00:00+00:00,0.03771964,0,0.024250351,0.268985493
2021-09-15 07:00:00+00:00,0.035432321,0,0.158857937,0.263216148
2021-09-15 08:00:00+00:00,0.036198784,0,0.334271402,0.249876407
2021-09-15 09:00:00+00:00,0.04406861,0,0.419756481,0.237363809
2021-09-15 10:00:00+00:00,0.049029497,0,0.497870594,0.244649257
2021-09-15 11:00:00+00:00,0.050514142,0,0.522496618,0.249032662
2021-09-15 12:00:00+00:00,0.05746059,0,0.504464306,0.252878819
2021-09-15 13:00:00+00:00,0.061739506,0,0.469552609,0.259755201
2021-09-15 14:00:00+00:00,0.074214146,0,0.434291147,0.255025503
2021-09-15 15:00:00+00:00,0.069120486,0,0.352161218,0.245239273
2021-09-15 16:00:00+00:00,0.067672051,0,0.265730479,0.251020601
2021-09-15 17:00:00+00:00,0.080267393,0,0.109722476,0.257085889
2021-09-15 18:00:00+00:00,0.081969304,0,0.006658483,0.266990518
2021-09-15 19:00:00+00:00,0.083345316,0,0,0.253467296
2021-09-15 20:00:00+00:00,0.097008878,0,0,0.240022128
2021-09-15 21:00:00+00:00,0.113092533,0,0,0.213047801
2021-09-15 22:00:00+00:00,0.130721184,0,0,0.213498531
2021-09-15 23:00:00+00:00,0.12825281,0,0,0.214953839
2021-09-16 00:00:00+00:00,0.135832949,0,0,0.215038049
2021-09-16 01:00:00+00:00,0.13798146,0,0,0.213620118
2021-09-16 02:00:00+00:00,0.13585709,0,0,0.214410764
2021-09-16 03:00:00+00:00,0.146937611,0,0,0.217581925
2021-09-16 04:00:00+00:00,0.154191852,0,0,0.23464151
2021-09-16 05:00:00+00:00,0.158150906,0,0.000699529,0.247075614
2021-09-16 06:00:00+00:00,0.157106826,0,0.037865265,0.249511755
2021-09-16 07:00:00+00:00,0.144571835,0,0.230637422,0.247572186
2021-09-16 08:00:00+00:00,0.135688106,0,0.406426561,0.250049333
2021-09-16 09:00:00+00:00,0.118940586,0,0.521680501,0.252879588
2021-09-16 10:00:00+00:00,0.103846695,0,0.571709804,0.247817559
2021-09-16 11:00:00+00:00,0.100690315,0,0.610779815,0.245006982
2021-09-16 12:00:00+00:00,0.099471217,0,0.608707135,0.24362434
2021-09-16 13:00:00+00:00,0.099990239,0,0.597916247,0.240714603
2021-09-16 14:00:00+00:00,0.10110674,0,0.562499334,0.238312761
2021-09-16 15:00:00+00:00,0.100358382,0,0.484152046,0.238711273
2021-09-16 16:00:00+00:00,0.097962431,0,0.36830221,0.241603091
2021-09-16 17:00:00+00:00,0.095856166,0,0.142587402,0.248321937
2021-09-16 18:00:00+00:00,0.089036455,0,0.006762117,0.259190579
2021-09-16 19:00:00+00:00,0.092216975,0,0,0.259833584
2021-09-16 20:00:00+00:00,0.094715524,0,0,0.255952138
2021-09-16 21:00:00+00:00,0.086586188,0,0,0.244766337
2021-09-16 22:00:00+00:00,0.074389165,0,0,0.232354549
2021-09-16 23:00:00+00:00,0.063139659,0,0,0.226498686
2021-09-17 00:00:00+00:00,0.050767618,0,0,0.225025018
2021-09-17 01:00:00+00:00,0.042095118,0,0,0.222904058
2021-09-17 02:00:00+00:00,0.036331557,0,0,0.219007112
2021-09-17 03:00:00+00:00,0.03686265,0,0,0.217344797
2021-09-17 04:00:00+00:00,0.043127127,0,0,0.223360505
2021-09-17 05:00:00+00:00,0.053519643,0,8.43375E-13,0.233859218
2021-09-17 06:00:00+00:00,0.058571057,0,0.048099121,0.239336138
2021-09-17 07:00:00+00:00,0.056332019,0,0.290576725,0.237800468
2021-09-17 08:00:00+00:00,0.049681292,0,0.510177129,0.23447309
2021-09-17 09:00:00+00:00,0.04727327,0,0.614355187,0.224449953
2021-09-17 10:00:00+00:00,0.058426213,0,0.661353197,0.220565099
2021-09-17 11:00:00+00:00,0.080858837,0,0.668879615,0.218946758
2021-09-17 12:00:00+00:00,0.102476717,0,0.656106727,0.218270553
2021-09-17 13:00:00+00:00,0.110551738,0,0.638411225,0.219655724
2021-09-17 14:00:00+00:00,0.113400325,0,0.607191488,0.220023783
2021-09-17 15:00:00+00:00,0.108330806,0,0.539311231,0.223239248
2021-09-17 16:00:00+00:00,0.097533936,0,0.404561149,0.222482131
2021-09-17 17:00:00+00:00,0.090146922,0,0.141434474,0.230924965
2021-09-17 18:00:00+00:00,0.090237449,0,0.003847412,0.237991094
2021-09-17 19:00:00+00:00,0.098306434,0,0,0.237498589
2021-09-17 20:00:00+00:00,0.105452043,0,0,0.22854555
2021-09-17 21:00:00+00:00,0.112169156,0,0,0.221510533
2021-09-17 22:00:00+00:00,0.127311328,0,0,0.214372837
2021-09-17 23:00:00+00:00,0.137679703,0,0,0.212671166
2021-09-18 00:00:00+00:00,0.141017137,0,0,0.208764546
2021-09-18 01:00:00+00:00,0.139580773,0,0,0.201901026
2021-09-18 02:00:00+00:00,0.137287419,0,0,0.199478846
2021-09-18 03:00:00+00:00,0.123297959,0,0,0.200343258
2021-09-18 04:00:00+00:00,0.108469614,0,0,0.206458896
2021-09-18 05:00:00+00:00,0.105669308,0,6.11447E-13,0.208973201
2021-09-18 06:00:00+00:00,0.102078398,0,0.038577749,0.213856586
2021-09-18 07:00:00+00:00,0.096489856,0,0.253009408,0.213391785
2021-09-18 08:00:00+00:00,0.099048757,0,0.446921538,0.209118863
2021-09-18 09:00:00+00:00,0.095077633,0,0.545270185,0.208370212
2021-09-18 10:00:00+00:00,0.106435771,0,0.624407683,0.202119685
2021-09-18 11:00:00+00:00,0.138259077,0,0.661443877,0.197673177
2021-09-18 12:00:00+00:00,0.160154573,0,0.667972818,0.196861314
2021-09-18 13:00:00+00:00,0.194536779,0,0.665420831,0.198968642
2021-09-18 14:00:00+00:00,0.223203705,0,0.638255774,0.199710038
2021-09-18 15:00:00+00:00,0.231761537,0,0.561398223,0.208271161
2021-09-18 16:00:00+00:00,0.242196298,0,0.415222495,0.218249336
2021-09-18 17:00:00+00:00,0.229588886,0,0.15578778,0.243807711
2021-09-18 18:00:00+00:00,0.211326545,0,0.004456261,0.243502094
2021-09-18 19:00:00+00:00,0.207065735,0,0,0.233600323
2021-09-18 20:00:00+00:00,0.19754228,0,0,0.230164001
2021-09-18 21:00:00+00:00,0.187264433,0,0,0.226049605
2021-09-18 22:00:00+00:00,0.18290706,0,0,0.223812115
2021-09-18 23:00:00+00:00,0.177861681,0,0,0.217965706
2021-09-19 00:00:00+00:00,0.172417982,0,0,0.213964322
2021-09-19 01:00:00+00:00,0.164180013,0,0,0.213505237
2021-09-19 02:00:00+00:00,0.151119965,0,0,0.211783997
2021-09-19 03:00:00+00:00,0.136864959,0,0,0.211356793
2021-09-19 04:00:00+00:00,0.129725385,0,0,0.21099511
2021-09-19 05:00:00+00:00,0.118493985,0,8.01207E-13,0.21196341
2021-09-19 06:00:00+00:00,0.109133479,0,0.048630245,0.210914638
2021-09-19 07:00:00+00:00,0.095276793,0,0.300616267,0.209125349
2021-09-19 08:00:00+00:00,0.108505825,0,0.528468526,0.207106738
2021-09-19 09:00:00+00:00,0.116442037,0,0.633268389,0.20710311
2021-09-19 10:00:00+00:00,0.115005673,0,0.671237288,0.209177348
2021-09-19 11:00:00+00:00,0.103822554,0,0.68014981,0.208142648
2021-09-19 12:00:00+00:00,0.099724692,0,0.677248059,0.206807278
2021-09-19 13:00:00+00:00,0.108566176,0,0.670874569,0.211092402
2021-09-19 14:00:00+00:00,0.120364879,0,0.65123593,0.217948996
2021-09-19 15:00:00+00:00,0.126285354,0,0.592825228,0.222285569
2021-09-19 16:00:00+00:00,0.136014004,0,0.427762206,0.221415
2021-09-19 17:00:00+00:00,0.137009802,0,0.143662605,0.220431639
2021-09-19 18:00:00+00:00,0.138090093,0,0.003821503,0.221822856
2021-09-19 19:00:00+00:00,0.143304456,0,0,0.223850152
2021-09-19 20:00:00+00:00,0.15705251,0,0,0.228642842
2021-09-19 21:00:00+00:00,0.171313551,0,0,0.227588243
2021-09-19 22:00:00+00:00,0.193178872,0,0,0.221453917
2021-09-19 23:00:00+00:00,0.20410248,0,0,0.219107922
2021-09-20 00:00:00+00:00,0.213553513,0,0,0.211960442
2021-09-20 01:00:00+00:00,0.230892477,0,0,0.206948433
2021-09-20 02:00:00+00:00,0.242329072,0,0,0.208997496
2021-09-20 03:00:00+00:00,0.252238775,0,0,0.211012699
2021-09-20 04:00:00+00:00,0.258346339,0,0,0.2161552
2021-09-20 05:00:00+00:00,0.263705546,0,6.747E-13,0.222126934
2021-09-20 06:00:00+00:00,0.254851992,0,0.036543932,0.21214689
2021-09-20 07:00:00+00:00,0.242612723,0,0.273425302,0.20775469
2021-09-20 08:00:00+00:00,0.261569105,0,0.492935025,0.2035474
2021-09-20 09:00:00+00:00,0.26557644,0,0.581166405,0.19574812
2021-09-20 10:00:00+00:00,0.261363911,0,0.629200755,0.195103686
2021-09-20 11:00:00+00:00,0.247102869,0,0.664345628,0.194522904
2021-09-20 12:00:00+00:00,0.240524564,0,0.667286242,0.193416746
2021-09-20 13:00:00+00:00,0.24989714,0,0.647194205,0.192913358
2021-09-20 14:00:00+00:00,0.291388744,0,0.59338226,0.194275772
2021-09-20 15:00:00+00:00,0.342252924,0,0.519050788,0.198965234
2021-09-20 16:00:00+00:00,0.391517791,0,0.369092419,0.204664111
2021-09-20 17:00:00+00:00,0.392579976,0,0.12739207,0.21810873
2021-09-20 18:00:00+00:00,0.379290592,0,0.003031294,0.229922695
2021-09-20 19:00:00+00:00,0.364721759,0,0,0.236951336
2021-09-20 20:00:00+00:00,0.346845667,0,0,0.226790561
2021-09-20 21:00:00+00:00,0.33956125,0,0,0.210625731
2021-09-20 22:00:00+00:00,0.359923821,0,0,0.205695733
2021-09-20 23:00:00+00:00,0.34865621,0,0,0.206430533
2021-09-21 00:00:00+00:00,0.354009381,0,0,0.204657955
2021-09-21 01:00:00+00:00,0.358837495,0,0,0.202152005
2021-09-21 02:00:00+00:00,0.353520535,0,0,0.203934918
2021-09-21 03:00:00+00:00,0.341347652,0,0,0.203592253
2021-09-21 04:00:00+00:00,0.338354222,0,0,0.20700329
2021-09-21 05:00:00+00:00,0.327551317,0,5.90363E-13,0.218715347
2021-09-21 06:00:00+00:00,0.321866213,0,0.032813109,0.22801149
2021-09-21 07:00:00+00:00,0.299910365,0,0.25993993,0.223727135
2021-09-21 08:00:00+00:00,0.296017698,0,0.498919888,0.218148306
2021-09-21 09:00:00+00:00,0.318239092,0,0.602618639,0.218750636
2021-09-21 10:00:00+00:00,0.310568426,0,0.656650805,0.217585223
2021-09-21 11:00:00+00:00,0.286331295,0,0.66630172,0.213335938
2021-09-21 12:00:00+00:00,0.303990121,0,0.657350335,0.208738931
2021-09-21 13:00:00+00:00,0.287918537,0,0.607748521,0.20656916
2021-09-21 14:00:00+00:00,0.301877821,0,0.541642996,0.210030328
2021-09-21 15:00:00+00:00,0.319307312,0,0.452038466,0.221774265
2021-09-21 16:00:00+00:00,0.318945204,0,0.30581092,0.235437983
2021-09-21 17:00:00+00:00,0.317551086,0,0.111367666,0.255523615
2021-09-21 18:00:00+00:00,0.313519611,0,0.003173791,0.267334942
2021-09-21 19:00:00+00:00,0.313857579,0,0,0.269488882
2021-09-21 20:00:00+00:00,0.316657885,0,0,0.251923381
2021-09-21 21:00:00+00:00,0.293802801,0,0,0.231466391
2021-09-21 22:00:00+00:00,0.273603179,0,0,0.217015874
2021-09-21 23:00:00+00:00,0.241031516,0,0,0.210568895
2021-09-22 00:00:00+00:00,0.218792016,0,0,0.209284094
2021-09-22 01:00:00+00:00,0.203167033,0,0,0.211827531
2021-09-22 02:00:00+00:00,0.190782921,0,0,0.210782277
2021-09-22 03:00:00+00:00,0.184446021,0,0,0.211331288
2021-09-22 04:00:00+00:00,0.191307978,0,0,0.215894436
2021-09-22 05:00:00+00:00,0.190619972,0,1.53916E-12,0.223113043
2021-09-22 06:00:00+00:00,0.181808664,0,0.024677841,0.228308642
2021-09-22 07:00:00+00:00,0.173401711,0,0.189572458,0.233401892
2021-09-22 08:00:00+00:00,0.170245331,0,0.377214733,0.239736079
2021-09-22 09:00:00+00:00,0.186437618,0,0.492274359,0.236551396
2021-09-22 10:00:00+00:00,0.201839301,0,0.537976944,0.233533923
2021-09-22 11:00:00+00:00,0.21472433,0,0.523714318,0.236098577
2021-09-22 12:00:00+00:00,0.223915852,0,0.520022357,0.236196418
2021-09-22 13:00:00+00:00,0.234845495,0,0.486898346,0.234685044
2021-09-22 14:00:00+00:00,0.24267911,0,0.458671041,0.233577017
2021-09-22 15:00:00+00:00,0.253819983,0,0.382823922,0.241223048
2021-09-22 16:00:00+00:00,0.262094163,0,0.259447669,0.247578123
2021-09-22 17:00:00+00:00,0.268099129,0,0.084591236,0.254991643
2021-09-22 18:00:00+00:00,0.271677969,0,0.002033817,0.26092567
2021-09-22 19:00:00+00:00,0.282438628,0,0,0.266060915
2021-09-22 20:00:00+00:00,0.283386145,0,0,0.261879789
2021-09-22 21:00:00+00:00,0.28360341,0,0,0.248126145
2021-09-22 22:00:00+00:00,0.284068116,0,0,0.236830519
2021-09-22 23:00:00+00:00,0.280030606,0,0,0.230234798
2021-09-23 00:00:00+00:00,0.268243973,0,0,0.224046604
2021-09-23 01:00:00+00:00,0.257996301,0,0,0.219798198
2021-09-23 02:00:00+00:00,0.268618152,0,0,0.216451802
2021-09-23 03:00:00+00:00,0.277761392,0,0,0.21643828
2021-09-23 04:00:00+00:00,0.279318459,0,0,0.224545705
2021-09-23 05:00:00+00:00,0.286470103,0,9.48797E-13,0.233746755
2021-09-23 06:00:00+00:00,0.292294015,0,0.023835815,0.23469175
2021-09-23 07:00:00+00:00,0.277344968,0,0.165166655,0.233216873
2021-09-23 08:00:00+00:00,0.279101194,0,0.320060593,0.231738478
2021-09-23 09:00:00+00:00,0.306180878,0,0.427373579,0.2315174
2021-09-23 10:00:00+00:00,0.316144898,0,0.463412295,0.234663167
2021-09-23 11:00:00+00:00,0.316307847,0,0.463023668,0.236053064
2021-09-23 12:00:00+00:00,0.333501967,0,0.447297212,0.23574316
2021-09-23 13:00:00+00:00,0.351335813,0,0.436933814,0.234598525
2021-09-23 14:00:00+00:00,0.363653539,0,0.371268733,0.239721787
2021-09-23 15:00:00+00:00,0.364444142,0,0.28025219,0.249346304
2021-09-23 16:00:00+00:00,0.365940858,0,0.191684,0.253636815
2021-09-23 17:00:00+00:00,0.357328709,0,0.053980349,0.249274847
2021-09-23 18:00:00+00:00,0.353574851,0,0.000997477,0.259484543
2021-09-23 19:00:00+00:00,0.349247654,0,0,0.266074107
2021-09-23 20:00:00+00:00,0.327738406,0,0,0.255016159
2021-09-23 21:00:00+00:00,0.29248714,0,0,0.241356399
2021-09-23 22:00:00+00:00,0.253524261,0,0,0.232231753
2021-09-23 23:00:00+00:00,0.231381323,0,0,0.224834173
2021-09-24 00:00:00+00:00,0.217265125,0,0,0.221610243
2021-09-24 01:00:00+00:00,0.213722497,0,0,0.220142732
2021-09-24 02:00:00+00:00,0.219830061,0,0,0.22228348
2021-09-24 03:00:00+00:00,0.211718829,0,0,0.225604701
2021-09-24 04:00:00+00:00,0.223227846,0,0,0.226863447
2021-09-24 05:00:00+00:00,0.224736632,0,0,0.232473938
2021-09-24 06:00:00+00:00,0.211350686,0,0.009884091,0.23687812
2021-09-24 07:00:00+00:00,0.187041132,0,0.06584644,0.237100187
2021-09-24 08:00:00+00:00,0.165483604,0,0.161099022,0.232749653
2021-09-24 09:00:00+00:00,0.151476038,0,0.273762112,0.227502165
2021-09-24 10:00:00+00:00,0.139369543,0,0.35936378,0.227980049
2021-09-24 11:00:00+00:00,0.147818742,0,0.417554259,0.228793671
2021-09-24 12:00:00+00:00,0.15728788,0,0.423202311,0.22695964
2021-09-24 13:00:00+00:00,0.16234533,0,0.39739745,0.228919656
2021-09-24 14:00:00+00:00,0.175170007,0,0.372667792,0.232001001
2021-09-24 15:00:00+00:00,0.191398505,0,0.306795443,0.233814255
2021-09-24 16:00:00+00:00,0.17613563,0,0.194818928,0.242120551
2021-09-24 17:00:00+00:00,0.147679934,0,0.061662218,0.251068423
2021-09-24 18:00:00+00:00,0.135519122,0,0,0.267933204
2021-09-24 19:00:00+00:00,0.126581076,0,0,0.268403612
2021-09-24 20:00:00+00:00,0.144064883,0,0,0.254040273
2021-09-24 21:00:00+00:00,0.153479706,0,0,0.243129087
2021-09-24 22:00:00+00:00,0.156111028,0,0,0.232110275
2021-09-24 23:00:00+00:00,0.153467635,0,0,0.226863887
2021-09-25 00:00:00+00:00,0.136804607,0,0,0.22448744
2021-09-25 01:00:00+00:00,0.134251742,0,0,0.220817728
2021-09-25 02:00:00+00:00,0.143123401,0,0,0.218077948
2021-09-25 03:00:00+00:00,0.132640359,0,0,0.216263265
2021-09-25 04:00:00+00:00,0.120986499,0,0,0.217181105
2021-09-25 05:00:00+00:00,0.123376415,0,0,0.219489393
2021-09-25 06:00:00+00:00,0.122887569,0,0.011866091,0.219417386
2021-09-25 07:00:00+00:00,0.13247741,0,0.141343794,0.228971325
2021-09-25 08:00:00+00:00,0.134312093,0,0.289760608,0.230531951
2021-09-25 09:00:00+00:00,0.154228063,0,0.409976025,0.226965686
2021-09-25 10:00:00+00:00,0.19033632,0,0.475032255,0.22412048
2021-09-25 11:00:00+00:00,0.220825859,0,0.520281442,0.22235098
2021-09-25 12:00:00+00:00,0.241749698,0,0.521538004,0.219899118
2021-09-25 13:00:00+00:00,0.277175984,0,0.508985338,0.208819403
2021-09-25 14:00:00+00:00,0.281925641,0,0.464720674,0.207942128
2021-09-25 15:00:00+00:00,0.264405622,0,0.387992667,0.209846408
2021-09-25 16:00:00+00:00,0.237102638,0,0.263450531,0.209745048
2021-09-25 17:00:00+00:00,0.198000951,0,0.083619668,0.230478742
2021-09-25 18:00:00+00:00,0.171693765,0,0,0.242499054
2021-09-25 19:00:00+00:00,0.180686127,0,0,0.244974222
2021-09-25 20:00:00+00:00,0.172689564,0,0,0.241535811
2021-09-25 21:00:00+00:00,0.156382609,0,0,0.230576804
2021-09-25 22:00:00+00:00,0.163359234,0,0,0.221756236
2021-09-25 23:00:00+00:00,0.15958727,0,0,0.218913448
2021-09-26 00:00:00+00:00,0.160051976,0,0,0.215281553
2021-09-26 01:00:00+00:00,0.157378408,0,0,0.20730484
2021-09-26 02:00:00+00:00,0.165954345,0,0,0.205265341
2021-09-26 03:00:00+00:00,0.174355263,0,0,0.204788996
2021-09-26 04:00:00+00:00,0.173480167,0,0,0.206228474
2021-09-26 05:00:00+00:00,0.168211488,0,0,0.205733001
2021-09-26 06:00:00+00:00,0.161784061,0,0.031258599,0.203488035
2021-09-26 07:00:00+00:00,0.148621416,0,0.237166363,0.21256409
2021-09-26 08:00:00+00:00,0.137951284,0,0.470200321,0.215889379
2021-09-26 09:00:00+00:00,0.135229435,0,0.587436261,0.217777168
2021-09-26 10:00:00+00:00,0.131095363,0,0.645251067,0.216798095
2021-09-26 11:00:00+00:00,0.126955255,0,0.659513694,0.217201443
2021-09-26 12:00:00+00:00,0.127214766,0,0.652919982,0.217865556
2021-09-26 13:00:00+00:00,0.136442499,0,0.638203957,0.205231591
2021-09-26 14:00:00+00:00,0.13670201,0,0.595195855,0.202572284
2021-09-26 15:00:00+00:00,0.134668167,0,0.540425297,0.204074974
2021-09-26 16:00:00+00:00,0.128114002,0,0.349661048,0.210225241
2021-09-26 17:00:00+00:00,0.122483214,0,0.084241471,0.228945051
2021-09-26 18:00:00+00:00,0.134475042,0,0,0.24785054
2021-09-26 19:00:00+00:00,0.149587039,0,0,0.248922398
2021-09-26 20:00:00+00:00,0.164982687,0,0,0.237945251
2021-09-26 21:00:00+00:00,0.179792926,0,0,0.224851432
2021-09-26 22:00:00+00:00,0.193848773,0,0,0.213859005
2021-09-26 23:00:00+00:00,0.204331815,0,0,0.205874156
2021-09-27 00:00:00+00:00,0.209226316,0,0,0.203932829
2021-09-27 01:00:00+00:00,0.214808822,0,0,0.203957344
2021-09-27 02:00:00+00:00,0.211610197,0,0,0.20204482
2021-09-27 03:00:00+00:00,0.190656183,0,0,0.201815717
2021-09-27 04:00:00+00:00,0.168555491,0,0,0.212227582
2021-09-27 05:00:00+00:00,0.148699873,0,0,0.218590461
2021-09-27 06:00:00+00:00,0.124547233,0,0.023771044,0.222392425
2021-09-27 07:00:00+00:00,0.10066014,0,0.227100913,0.224680924
2021-09-27 08:00:00+00:00,0.083194438,0,0.473970007,0.219907033
2021-09-27 09:00:00+00:00,0.076060899,0,0.603952926,0.219362969
2021-09-27 10:00:00+00:00,0.072331181,0,0.657285563,0.213375734
2021-09-27 11:00:00+00:00,0.063755244,0,0.680421849,0.208872391
2021-09-27 12:00:00+00:00,0.062017123,0,0.687702136,0.20408157
2021-09-27 13:00:00+00:00,0.065185573,0,0.677533052,0.203872145
2021-09-27 14:00:00+00:00,0.074190005,0,0.650173681,0.20616823
2021-09-27 15:00:00+00:00,0.075867775,0,0.580803686,0.214672628
2021-09-27 16:00:00+00:00,0.074896117,0,0.386451111,0.222831502
2021-09-27 17:00:00+00:00,0.073725299,0,0.098141379,0.234678008
2021-09-27 18:00:00+00:00,0.081033857,0,0,0.253787644
2021-09-27 19:00:00+00:00,0.089235615,0,0,0.257341046
2021-09-27 20:00:00+00:00,0.089054561,0,0,0.248297532
2021-09-27 21:00:00+00:00,0.08859589,0,0,0.233432893
2021-09-27 22:00:00+00:00,0.079102611,0,0,0.215608387
2021-09-27 23:00:00+00:00,0.068685955,0,0,0.208703972
2021-09-28 00:00:00+00:00,0.06548733,0,0,0.201683356
2021-09-28 01:00:00+00:00,0.057943402,0,0,0.199168612
2021-09-28 02:00:00+00:00,0.054708566,0,0,0.201069154
2021-09-28 03:00:00+00:00,0.05469046,0,0,0.203631499
2021-09-28 04:00:00+00:00,0.06168519,0,0,0.209028607
2021-09-28 05:00:00+00:00,0.06845662,0,0,0.218048486
2021-09-28 06:00:00+00:00,0.069579156,0,0.027566639,0.219847119
2021-09-28 07:00:00+00:00,0.062234388,0,0.241272859,0.219167066
2021-09-28 08:00:00+00:00,0.048938969,0,0.461197119,0.214474636
2021-09-28 09:00:00+00:00,0.045806731,0,0.546215845,0.210808661
2021-09-28 10:00:00+00:00,0.050339122,0,0.604600639,0.20969272
2021-09-28 11:00:00+00:00,0.061401538,0,0.628047827,0.204172046
2021-09-28 12:00:00+00:00,0.077213611,0,0.634045643,0.201118184
2021-09-28 13:00:00+00:00,0.091311704,0,0.62876031,0.192981957
2021-09-28 14:00:00+00:00,0.101668008,0,0.590571189,0.190158298
2021-09-28 15:00:00+00:00,0.10787817,0,0.511809364,0.193323962
2021-09-28 16:00:00+00:00,0.112615757,0,0.335217062,0.199949804
2021-09-28 17:00:00+00:00,0.114396124,0,0.090044974,0.219181797
2021-09-28 18:00:00+00:00,0.134541429,0,0,0.230412892
2021-09-28 19:00:00+00:00,0.165133565,0,0,0.228382738
2021-09-28 20:00:00+00:00,0.178091016,0,0,0.215852221
2021-09-28 21:00:00+00:00,0.196510271,0,0,0.200422741
2021-09-28 22:00:00+00:00,0.21365611,0,0,0.192293549
2021-09-28 23:00:00+00:00,0.220089572,0,0,0.187771077
2021-09-29 00:00:00+00:00,0.209153894,0,0,0.186685257
2021-09-29 01:00:00+00:00,0.197300874,0,0,0.185502146
2021-09-29 02:00:00+00:00,0.200583992,0,0,0.183643379
2021-09-29 03:00:00+00:00,0.195598964,0,0,0.186528821
2021-09-29 04:00:00+00:00,0.187548084,0,0,0.198700842
2021-09-29 05:00:00+00:00,0.172279174,0,0,0.200969993
2021-09-29 06:00:00+00:00,0.154481539,0,0.024885109,0.200649645
2021-09-29 07:00:00+00:00,0.137655562,0,0.256403421,0.194356244
2021-09-29 08:00:00+00:00,0.131638525,0,0.495992228,0.187703138
2021-09-29 09:00:00+00:00,0.136877029,0,0.610145057,0.17676073
2021-09-29 10:00:00+00:00,0.133473209,0,0.677856908,0.180873038
2021-09-29 11:00:00+00:00,0.120183825,0,0.691407051,0.183543998
2021-09-29 12:00:00+00:00,0.112410562,0,0.694826973,0.18238859
2021-09-29 13:00:00+00:00,0.118777637,0,0.686588071,0.182348134
2021-09-29 14:00:00+00:00,0.140045479,0,0.652311132,0.182826898
2021-09-29 15:00:00+00:00,0.166262137,0,0.575816301,0.188812044
2021-09-29 16:00:00+00:00,0.188821499,0,0.376890876,0.206412174
2021-09-29 17:00:00+00:00,0.203758477,0,0.092221288,0.228399228
2021-09-29 18:00:00+00:00,0.21366818,0,0,0.240195714
2021-09-29 19:00:00+00:00,0.231031285,0,0,0.236804684
2021-09-29 20:00:00+00:00,0.25690394,0,0,0.226176908
2021-09-29 21:00:00+00:00,0.264472009,0,0,0.220576972
2021-09-29 22:00:00+00:00,0.272897068,0,0,0.190184682
2021-09-29 23:00:00+00:00,0.26664466,0,0,0.179671457
2021-09-30 00:00:00+00:00,0.254894238,0,0,0.173285382
2021-09-30 01:00:00+00:00,0.243161921,0,0,0.172710536
2021-09-30 02:00:00+00:00,0.231399429,0,0,0.173002741
2021-09-30 03:00:00+00:00,0.214362222,0,0,0.174421771
2021-09-30 04:00:00+00:00,0.192140828,0,0,0.184688083
2021-09-30 05:00:00+00:00,0.169702168,0,0,0.189832673
2021-09-30 06:00:00+00:00,0.14327428,0,0.021089515,0.191266434
2021-09-30 07:00:00+00:00,0.109724923,0,0.204145986,0.190364204
2021-09-30 08:00:00+00:00,0.092687716,0,0.445509525,0.188104837
2021-09-30 09:00:00+00:00,0.085361054,0,0.564857008,0.181309806
2021-09-30 10:00:00+00:00,0.074527973,0,0.617464207,0.178742184
2021-09-30 11:00:00+00:00,0.065384732,0,0.64916325,0.175303553
2021-09-30 12:00:00+00:00,0.057786488,0,0.650471629,0.172115132
2021-09-30 13:00:00+00:00,0.055975945,0,0.640691172,0.171040966
2021-09-30 14:00:00+00:00,0.056066473,0,0.603097946,0.173910247
2021-09-30 15:00:00+00:00,0.056398405,0,0.494450672,0.179654308
2021-09-30 16:00:00+00:00,0.056688092,0,0.320086501,0.190612875
2021-09-30 17:00:00+00:00,0.058607268,0,0.073709668,0.21450091
2021-09-30 18:00:00+00:00,0.057484731,0,0,0.229540344
2021-09-30 19:00:00+00:00,0.053308413,0,0,0.228508063
2021-09-30 20:00:00+00:00,0.045468763,0,0,0.224272519
2021-09-30 21:00:00+00:00,0.044382437,0,0,0.213487537
2021-09-30 22:00:00+00:00,0.043066776,0,0,0.201469974
2021-09-30 23:00:00+00:00,0.037448058,0,0,0.197763104
2021-10-01 00:00:00+00:00,0.036102574,0,0,0.19581474
2021-10-01 01:00:00+00:00,0.037235299,0,0,0.196371007
2021-10-01 02:00:00+00:00,0.0372835,0,0,0.197298302
2021-10-01 03:00:00+00:00,0.044784786,0,0,0.197649651
2021-10-01 04:00:00+00:00,0.055877048,0,0,0.199675189
2021-10-01 05:00:00+00:00,0.062516741,0,0,0.200921622
2021-10-01 06:00:00+00:00,0.070084303,0,0.016549116,0.198423698
2021-10-01 07:00:00+00:00,0.072898038,0,0.164200633,0.197752
2021-10-01 08:00:00+00:00,0.061974479,0,0.351934413,0.200321601
2021-10-01 09:00:00+00:00,0.049924221,0,0.455416998,0.196319228
2021-10-01 10:00:00+00:00,0.047556345,0,0.528091403,0.191102302
2021-10-01 11:00:00+00:00,0.049225306,0,0.559165279,0.188065701
2021-10-01 12:00:00+00:00,0.053003062,0,0.572310945,0.185423983
2021-10-01 13:00:00+00:00,0.058160572,0,0.549094104,0.181027495
2021-10-01 14:00:00+00:00,0.058708859,0,0.510213803,0.179495013
2021-10-01 15:00:00+00:00,0.063125279,0,0.426253609,0.181547594
2021-10-01 16:00:00+00:00,0.069180534,0,0.267215085,0.193018675
2021-10-01 17:00:00+00:00,0.066005291,0,0.055416765,0.204362562
2021-10-01 18:00:00+00:00,0.072687159,0,0,0.21478564
2021-10-01 19:00:00+00:00,0.076766171,0,0,0.215263194
2021-10-01 20:00:00+00:00,0.083863774,0,0,0.211450787
2021-10-01 21:00:00+00:00,0.082827451,0,0,0.204450399
2021-10-01 22:00:00+00:00,0.080049867,0,0,0.196181701
2021-10-01 23:00:00+00:00,0.082911803,0,0,0.193175111
2021-10-02 00:00:00+00:00,0.090334762,0,0,0.191808629
2021-10-02 01:00:00+00:00,0.09884827,0,0,0.191120881
2021-10-02 02:00:00+00:00,0.118249186,0,0,0.187550549
2021-10-02 03:00:00+00:00,0.14056024,0,0,0.184057391
2021-10-02 04:00:00+00:00,0.156743737,0,0,0.184984466
2021-10-02 05:00:00+00:00,0.177180975,0,0,0.189593566
2021-10-02 06:00:00+00:00,0.191695511,0,0.015929157,0.193633646
2021-10-02 07:00:00+00:00,0.202341915,0,0.191124577,0.196524365
2021-10-02 08:00:00+00:00,0.200184918,0,0.405870867,0.211957474
2021-10-02 09:00:00+00:00,0.222905681,0,0.533569819,0.192245508
2021-10-02 10:00:00+00:00,0.267334984,0,0.577232662,0.182363965
2021-10-02 11:00:00+00:00,0.30934821,0,0.621224464,0.17741198
2021-10-02 12:00:00+00:00,0.338853268,0,0.61393678,0.174547536
2021-10-02 13:00:00+00:00,0.355615177,0,0.563947821,0.172529474
2021-10-02 14:00:00+00:00,0.359139878,0,0.515046955,0.172916003
2021-10-02 15:00:00+00:00,0.379721719,0,0.43204833,0.174020621
2021-10-02 16:00:00+00:00,0.386710869,0,0.254803248,0.176581648
2021-10-02 17:00:00+00:00,0.376263295,0,0.051456617,0.190249323
2021-10-02 18:00:00+00:00,0.376799531,0,0,0.224601772
2021-10-02 19:00:00+00:00,0.394404959,0,0,0.207013294
2021-10-02 20:00:00+00:00,0.406870951,0,0,0.199261506
2021-10-02 21:00:00+00:00,0.419662301,0,0,0.191998815
2021-10-02 22:00:00+00:00,0.431073895,0,0,0.180107896
2021-10-02 23:00:00+00:00,0.413727548,0,0,0.181760097
2021-10-03 00:00:00+00:00,0.377124888,0,0,0.18516102
2021-10-03 01:00:00+00:00,0.376172918,0,0,0.185126611
2021-10-03 02:00:00+00:00,0.38324642,0,0,0.186603246
2021-10-03 03:00:00+00:00,0.388415981,0,0,0.189939968
2021-10-03 04:00:00+00:00,0.371509468,0,0,0.190677736
2021-10-03 05:00:00+00:00,0.351234908,0,0,0.191102412
2021-10-03 06:00:00+00:00,0.32706209,0,0.009906696,0.197857097
2021-10-03 07:00:00+00:00,0.312788559,0,0.092095578,0.207356948
2021-10-03 08:00:00+00:00,0.289633987,0,0.212468888,0.214113722
2021-10-03 09:00:00+00:00,0.276149748,0,0.298921572,0.211397029
2021-10-03 10:00:00+00:00,0.279608172,0,0.369786709,0.209506821
2021-10-03 11:00:00+00:00,0.29398413,0,0.397925267,0.215412594
2021-10-03 12:00:00+00:00,0.324049525,0,0.402543331,0.225431115
2021-10-03 13:00:00+00:00,0.352801442,0,0.34016784,0.227888474
2021-10-03 14:00:00+00:00,0.354542704,0,0.336688477,0.232001441
2021-10-03 15:00:00+00:00,0.346800413,0,0.332095718,0.237624683
2021-10-03 16:00:00+00:00,0.333153495,0,0.225766382,0.240729004
2021-10-03 17:00:00+00:00,0.372015579,0,0.051684357,0.257099741
2021-10-03 18:00:00+00:00,0.390121092,0,0,0.303947637
2021-10-03 19:00:00+00:00,0.406286514,0,0,0.276947366
2021-10-03 20:00:00+00:00,0.381149675,0,0,0.258618042
2021-10-03 21:00:00+00:00,0.363459895,0,0,0.247803268
2021-10-03 22:00:00+00:00,0.346324428,0,0,0.242802253
2021-10-03 23:00:00+00:00,0.331273655,0,0,0.24481119
2021-10-04 00:00:00+00:00,0.326351124,0,0,0.244993131
2021-10-04 01:00:00+00:00,0.321892529,0,0,0.245308532
2021-10-04 02:00:00+00:00,0.311318427,0,0,0.242592278
2021-10-04 03:00:00+00:00,0.329719172,0,0,0.234909089
2021-10-04 04:00:00+00:00,0.333870486,0,0,0.258154669
2021-10-04 05:00:00+00:00,0.341877882,0,0,0.269494049
2021-10-04 06:00:00+00:00,0.338365232,0,0.014259063,0.288052915
2021-10-04 07:00:00+00:00,0.316186731,0,0.12729408,0.248609525
2021-10-04 08:00:00+00:00,0.300521395,0,0.306841868,0.243576189
2021-10-04 09:00:00+00:00,0.299388671,0,0.442372549,0.286661918
2021-10-04 10:00:00+00:00,0.310709889,0,0.558431449,0.28111508
2021-10-04 11:00:00+00:00,0.316710918,0,0.60542183,0.254605115
2021-10-04 12:00:00+00:00,0.323748269,0,0.631940902,0.225281605
2021-10-04 13:00:00+00:00,0.317885818,0,0.648705106,0.222226754
2021-10-04 14:00:00+00:00,0.282608686,0,0.629208021,0.242297215
2021-10-04 15:00:00+00:00,0.276209999,0,0.553851342,0.271647549
2021-10-04 16:00:00+00:00,0.28557305,0,0.346076431,0.255888266
2021-10-04 17:00:00+00:00,0.27300463,0,0.06906852,0.308360175
2021-10-04 18:00:00+00:00,0.27627025,0,0,0.334706668
2021-10-04 19:00:00+00:00,0.278517623,0,0,0.319624579
2021-10-04 20:00:00+00:00,0.271052488,0,0,0.268352053
2021-10-04 21:00:00+00:00,0.270130644,0,0,0.248946363
2021-10-04 22:00:00+00:00,0.286350291,0,0,0.23094981
2021-10-04 23:00:00+00:00,0.298020967,0,0,0.227480728
2021-10-05 00:00:00+00:00,0.312252322,0,0,0.223392496
2021-10-05 01:00:00+00:00,0.313903207,0,0,0.220243212
2021-10-05 02:00:00+00:00,0.310324281,0,0,0.219265457
2021-10-05 03:00:00+00:00,0.307275565,0,0,0.222288977
2021-10-05 04:00:00+00:00,0.310679763,0,0,0.236265237
2021-10-05 05:00:00+00:00,0.314318941,0,0,0.264652438
2021-10-05 06:00:00+00:00,0.295104804,0,0.021989575,0.285541579
2021-10-05 07:00:00+00:00,0.272227389,0,0.22933431,0.245020065
2021-10-05 08:00:00+00:00,0.250585124,0,0.46768966,0.234209358
2021-10-05 09:00:00+00:00,0.24221622,0,0.563454385,0.234731876
2021-10-05 10:00:00+00:00,0.242583753,0,0.623096994,0.234549275
2021-10-05 11:00:00+00:00,0.236347744,0,0.638773106,0.230300319
2021-10-05 12:00:00+00:00,0.23591996,0,0.627246925,0.228467497
2021-10-05 13:00:00+00:00,0.237293689,0,0.589657152,0.229098959
2021-10-05 14:00:00+00:00,0.236323644,0,0.525371174,0.234809269
2021-10-05 15:00:00+00:00,0.227014819,0,0.402859637,0.25863761
2021-10-05 16:00:00+00:00,0.20772838,0,0.231928017,0.286172162
2021-10-05 17:00:00+00:00,0.181452792,0,0.042891058,0.314996351
2021-10-05 18:00:00+00:00,0.178849936,0,0,0.331325642
2021-10-05 19:00:00+00:00,0.181513043,0,0,0.315010093
2021-10-05 20:00:00+00:00,0.180874379,0,0,0.306829561
2021-10-05 21:00:00+00:00,0.178663157,0,0,0.293762016
2021-10-05 22:00:00+00:00,0.175409587,0,0,0.243626759
2021-10-05 23:00:00+00:00,0.165895908,0,0,0.232042446
2021-10-06 00:00:00+00:00,0.166522521,0,0,0.22777755
2021-10-06 01:00:00+00:00,0.171342625,0,0,0.225649005
2021-10-06 02:00:00+00:00,0.168721694,0,0,0.224816693
2021-10-06 03:00:00+00:00,0.166775577,0,0,0.226011567
2021-10-06 04:00:00+00:00,0.171698107,0,0,0.229700848
2021-10-06 05:00:00+00:00,0.184194225,0,0,0.232546164
2021-10-06 06:00:00+00:00,0.189863872,0,0.01742212,0.237698889
2021-10-06 07:00:00+00:00,0.176915869,0,0.224399941,0.235489652
2021-10-06 08:00:00+00:00,0.180699651,0,0.478380794,0.230851749
2021-10-06 09:00:00+00:00,0.179090941,0,0.589859587,0.222488177
2021-10-06 10:00:00+00:00,0.170227976,0,0.619453152,0.21907758
2021-10-06 11:00:00+00:00,0.166956331,0,0.639975068,0.218540112
2021-10-06 12:00:00+00:00,0.160937227,0,0.64361891,0.215783842
2021-10-06 13:00:00+00:00,0.16087095,0,0.628372974,0.214043145
2021-10-06 14:00:00+00:00,0.161063754,0,0.601752683,0.216918253
2021-10-06 15:00:00+00:00,0.16549825,0,0.526054394,0.229179101
2021-10-06 16:00:00+00:00,0.170240026,0,0.323492202,0.248680653
2021-10-06 17:00:00+00:00,0.178446252,0,0.058807562,0.296742552
2021-10-06 18:00:00+00:00,0.199986089,0,0,0.287191141
2021-10-06 19:00:00+00:00,0.216910677,0,0,0.261934975
2021-10-06 20:00:00+00:00,0.226809964,0,0,0.254895341
2021-10-06 21:00:00+00:00,0.231401113,0,0,0.248791466
2021-10-06 22:00:00+00:00,0.233142375,0,0,0.261374531
2021-10-06 23:00:00+00:00,0.225375984,0,0,0.25845468
2021-10-07 00:00:00+00:00,0.206276324,0,0,0.217702963
2021-10-07 01:00:00+00:00,0.179886258,0,0,0.204434568
2021-10-07 02:00:00+00:00,0.160732372,0,0,0.202503135
2021-10-07 03:00:00+00:00,0.154237283,0,0,0.206966462
2021-10-07 04:00:00+00:00,0.154604816,0,0,0.227819215
2021-10-07 05:00:00+00:00,0.156755787,0,0,0.234325559
2021-10-07 06:00:00+00:00,0.148121777,0,0.014043975,0.238396751
2021-10-07 07:00:00+00:00,0.127859267,0,0.20106923,0.238479311
2021-10-07 08:00:00+00:00,0.112928997,0,0.43295929,0.237219796
2021-10-07 09:00:00+00:00,0.111832424,0,0.534480779,0.220173953
2021-10-07 10:00:00+00:00,0.120683338,0,0.583318385,0.211638554
2021-10-07 11:00:00+00:00,0.118122658,0,0.606143007,0.214462763
2021-10-07 12:00:00+00:00,0.119960323,0,0.62948637,0.215297933
2021-10-07 13:00:00+00:00,0.122906611,0,0.636318574,0.222596902
2021-10-07 14:00:00+00:00,0.123611551,0,0.620996724,0.227806792
2021-10-07 15:00:00+00:00,0.128985966,0,0.549916499,0.241875947
2021-10-07 16:00:00+00:00,0.139927601,0,0.332576502,0.259144846
2021-10-07 17:00:00+00:00,0.14801935,0,0.055872245,0.268225519
2021-10-07 18:00:00+00:00,0.173318867,0,0,0.283120829
2021-10-07 19:00:00+00:00,0.198106249,0,0,0.285511567
2021-10-07 20:00:00+00:00,0.211409734,0,0,0.276478167
2021-10-07 21:00:00+00:00,0.199582406,0,0,0.27517039
2021-10-07 22:00:00+00:00,0.197160304,0,0,0.220053355
2021-10-07 23:00:00+00:00,0.194503222,0,0,0.202260181
2021-10-08 00:00:00+00:00,0.186387373,0,0,0.19858662
2021-10-08 01:00:00+00:00,0.17858483,0,0,0.197244874
2021-10-08 02:00:00+00:00,0.166896079,0,0,0.195223734
2021-10-08 03:00:00+00:00,0.162226604,0,0,0.195027612
2021-10-08 04:00:00+00:00,0.162853218,0,0,0.196336818
2021-10-08 05:00:00+00:00,0.163112298,0,0,0.202738394
2021-10-08 06:00:00+00:00,0.161262584,0,0.013803582,0.206694375
2021-10-08 07:00:00+00:00,0.150013667,0,0.210571054,0.202429479
2021-10-08 08:00:00+00:00,0.135390679,0,0.46956219,0.197807737
2021-10-08 09:00:00+00:00,0.127895418,0,0.58340695,0.191201903
2021-10-08 10:00:00+00:00,0.115031767,0,0.629840632,0.18930312
2021-10-08 11:00:00+00:00,0.091485562,0,0.646731359,0.187119387
2021-10-08 12:00:00+00:00,0.080905435,0,0.645908964,0.186586866
2021-10-08 13:00:00+00:00,0.081248868,0,0.639975068,0.1929758
2021-10-08 14:00:00+00:00,0.082917828,0,0.606636444,0.195000568
2021-10-08 15:00:00+00:00,0.088979108,0,0.534708519,0.209769784
2021-10-08 16:00:00+00:00,0.090816773,0,0.315217644,0.22757648
2021-10-08 17:00:00+00:00,0.093329252,0,0.054303369,0.241059796
2021-10-08 18:00:00+00:00,0.109289819,0,0,0.251681965
2021-10-08 19:00:00+00:00,0.129980113,0,0,0.248395923
2021-10-08 20:00:00+00:00,0.142994392,0,0,0.238529331
2021-10-08 21:00:00+00:00,0.147995249,0,0,0.224628156
2021-10-08 22:00:00+00:00,0.14525984,0,0,0.203923594
2021-10-08 23:00:00+00:00,0.140120405,0,0,0.19841996
2021-10-09 00:00:00+00:00,0.134800216,0,0,0.198080923
2021-10-09 01:00:00+00:00,0.130679028,0,0,0.197729134
2021-10-09 02:00:00+00:00,0.127100101,0,0,0.19609914
2021-10-09 03:00:00+00:00,0.123804355,0,0,0.195177342
2021-10-09 04:00:00+00:00,0.124906954,0,0,0.198870141
2021-10-09 05:00:00+00:00,0.13103451,0,0.015283893,0.205257755
2021-10-09 06:00:00+00:00,0.139776973,0,0.040170828,0.212454706
2021-10-09 07:00:00+00:00,0.139102158,0,0.205193857,0.212083348
2021-10-09 08:00:00+00:00,0.130293419,0,0.429859494,0.205054267
2021-10-09 09:00:00+00:00,0.126834995,0,0.543577732,0.202054054
2021-10-09 10:00:00+00:00,0.124292391,0,0.597741926,0.201311119
2021-10-09 11:00:00+00:00,0.123075315,0,0.61195038,0.199747525
2021-10-09 12:00:00+00:00,0.131136938,0,0.616328051,0.197731772
2021-10-09 13:00:00+00:00,0.147416837,0,0.605396525,0.194825443
2021-10-09 14:00:00+00:00,0.168360186,0,0.575474002,0.193757212
2021-10-09 15:00:00+00:00,0.195105735,0,0.474471255,0.197211674
2021-10-09 16:00:00+00:00,0.229786378,0,0.253221719,0.204234708
2021-10-09 17:00:00+00:00,0.263605429,0,0.034363455,0.21221395
2021-10-09 18:00:00+00:00,0.301852949,0,0,0.219953975
2021-10-09 19:00:00+00:00,0.328616573,0,0,0.220499688
2021-10-09 20:00:00+00:00,0.349336992,0,0,0.213896272
2021-10-09 21:00:00+00:00,0.360405155,0,0,0.203326542
2021-10-09 22:00:00+00:00,0.356826228,0,0,0.18208781
2021-10-09 23:00:00+00:00,0.351608466,0,0,0.175271782
2021-10-10 00:00:00+00:00,0.343486592,0,0,0.174169912
2021-10-10 01:00:00+00:00,0.342359893,0,0,0.170403457
2021-10-10 02:00:00+00:00,0.336376939,0,0,0.167666206
2021-10-10 03:00:00+00:00,0.326224597,0,0,0.167214377
2021-10-10 04:00:00+00:00,0.324899068,0,0,0.169907654
2021-10-10 05:00:00+00:00,0.317554436,0,0,0.182857459
2021-10-10 06:00:00+00:00,0.311926965,0,0.010551959,0.185981459
2021-10-10 07:00:00+00:00,0.296713514,0,0.177902998,0.183820593
2021-10-10 08:00:00+00:00,0.286271965,0,0.415562475,0.171413642
2021-10-10 09:00:00+00:00,0.259893949,0,0.546867312,0.16547214
2021-10-10 10:00:00+00:00,0.235190919,0,0.581610334,0.166579617
2021-10-10 11:00:00+00:00,0.218031351,0,0.591871292,0.163153519
2021-10-10 12:00:00+00:00,0.214343972,0,0.601993075,0.161788026
2021-10-10 13:00:00+00:00,0.210632493,0,0.575727047,0.16144734
2021-10-10 14:00:00+00:00,0.211156679,0,0.535062782,0.163797183
2021-10-10 15:00:00+00:00,0.215223641,0,0.455783912,0.192213737
2021-10-10 16:00:00+00:00,0.27461334,0,0.255625643,0.214895574
2021-10-10 17:00:00+00:00,0.296749665,0,0.037336729,0.215511425
2021-10-10 18:00:00+00:00,0.330219257,0,0,0.245149787
2021-10-10 19:00:00+00:00,0.349403269,0,0,0.222035908
2021-10-10 20:00:00+00:00,0.359423059,0,0,0.211003355
2021-10-10 21:00:00+00:00,0.357766148,0,0,0.19539754
2021-10-10 22:00:00+00:00,0.357681796,0,0,0.174677148
2021-10-10 23:00:00+00:00,0.325338903,0,0,0.164634112
2021-10-11 00:00:00+00:00,0.312216171,0,0,0.161251438
2021-10-11 01:00:00+00:00,0.302238557,0,0,0.158371932
2021-10-11 02:00:00+00:00,0.294279362,0,0,0.15900933
2021-10-11 03:00:00+00:00,0.274818194,0,0,0.162541295
2021-10-11 04:00:00+00:00,0.268594236,0,0,0.168057352
2021-10-11 05:00:00+00:00,0.271335669,0,0,0.183039181
2021-10-11 06:00:00+00:00,0.27088981,0,0.010627873,0.188714092
2021-10-11 07:00:00+00:00,0.25480874,0,0.167148603,0.189181752
2021-10-11 08:00:00+00:00,0.234100371,0,0.402467418,0.190561646
2021-10-11 09:00:00+00:00,0.220917388,0,0.550625024,0.185942432
2021-10-11 10:00:00+00:00,0.208969557,0,0.578358711,0.175716136
2021-10-11 11:00:00+00:00,0.204733891,0,0.589568586,0.173802182
2021-10-11 12:00:00+00:00,0.201317643,0,0.566022787,0.171987389
2021-10-11 13:00:00+00:00,0.199016043,0,0.562998904,0.170376304
2021-10-11 14:00:00+00:00,0.195901052,0,0.509606496,0.171741906
2021-10-11 15:00:00+00:00,0.1958167,0,0.417245221,0.19466318
2021-10-11 16:00:00+00:00,0.200956135,0,0.241429842,0.234126798
2021-10-11 17:00:00+00:00,0.217597542,0,0.033439842,0.22228282
2021-10-11 18:00:00+00:00,0.246331383,0,0,0.222959795
2021-10-11 19:00:00+00:00,0.2634548,0,0,0.21966155
2021-10-11 20:00:00+00:00,0.274053003,0,0,0.209412278
2021-10-11 21:00:00+00:00,0.265876902,0,0,0.192500335
2021-10-11 22:00:00+00:00,0.251103286,0,0,0.169453186
2021-10-11 23:00:00+00:00,0.239324158,0,0,0.164467122
2021-10-12 00:00:00+00:00,0.234263049,0,0,0.164708757
2021-10-12 01:00:00+00:00,0.21985094,0,0,0.163622608
2021-10-12 02:00:00+00:00,0.209704623,0,0,0.161378522
2021-10-12 03:00:00+00:00,0.201028437,0,0,0.161733719
2021-10-12 04:00:00+00:00,0.193719955,0,0,0.172121618
2021-10-12 05:00:00+00:00,0.195587745,0,0,0.17851462
2021-10-12 06:00:00+00:00,0.192623381,0,0.011614747,0.184126979
2021-10-12 07:00:00+00:00,0.191689486,0,0.177662605,0.184083555
2021-10-12 08:00:00+00:00,0.172656103,0,0.419307535,0.1824894
2021-10-12 09:00:00+00:00,0.160702247,0,0.547095052,0.178211532
2021-10-12 10:00:00+00:00,0.169426634,0,0.609938675,0.167720514
2021-10-12 11:00:00+00:00,0.172583801,0,0.629967155,0.165996087
2021-10-12 12:00:00+00:00,0.173318867,0,0.63425626,0.16308514
2021-10-12 13:00:00+00:00,0.18698386,0,0.628841106,0.160034576
2021-10-12 14:00:00+00:00,0.199003993,0,0.584583608,0.16116415
2021-10-12 15:00:00+00:00,0.217633693,0,0.497650139,0.162240516
2021-10-12 16:00:00+00:00,0.245349287,0,0.262280716,0.179948601
2021-10-12 17:00:00+00:00,0.258972104,0,0.032794579,0.197716711
2021-10-12 18:00:00+00:00,0.302768769,0,0,0.204324304
2021-10-12 19:00:00+00:00,0.306606776,0,0,0.202413649
2021-10-12 20:00:00+00:00,0.32523045,0,0,0.193125531
2021-10-12 21:00:00+00:00,0.332171399,0,0,0.175402604
2021-10-12 22:00:00+00:00,0.328833478,0,0,0.159808332
2021-10-12 23:00:00+00:00,0.324435133,0,0,0.15832576
2021-10-13 00:00:00+00:00,0.317861717,0,0,0.15530202
2021-10-13 01:00:00+00:00,0.314343042,0,0,0.154403309
2021-10-13 02:00:00+00:00,0.315234761,0,0,0.156495026
2021-10-13 03:00:00+00:00,0.316240958,0,0,0.158597737
2021-10-13 04:00:00+00:00,0.316698867,0,0,0.170542084
2021-10-13 05:00:00+00:00,0.316156606,0,0,0.211139233
2021-10-13 06:00:00+00:00,0.318819713,0,0.0119184,0.214754309
2021-10-13 07:00:00+00:00,0.305811459,0,0.210242096,0.197310065
2021-10-13 08:00:00+00:00,0.282506259,0,0.492994119,0.166543559
2021-10-13 09:00:00+00:00,0.262653458,0,0.615821962,0.158181306
2021-10-13 10:00:00+00:00,0.240661737,0,0.647288057,0.156646845
2021-10-13 11:00:00+00:00,0.212421956,0,0.653854564,0.155497593
2021-10-13 12:00:00+00:00,0.19044831,0,0.647300709,0.165847785
2021-10-13 13:00:00+00:00,0.178536629,0,0.645693876,0.171255117
2021-10-13 14:00:00+00:00,0.175252934,0,0.611659379,0.176848238
2021-10-13 15:00:00+00:00,0.188652821,0,0.522309335,0.201533736
2021-10-13 16:00:00+00:00,0.200413873,0,0.279702836,0.241897714
2021-10-13 17:00:00+00:00,0.209867301,0,0.033895323,0.284763135
2021-10-13 18:00:00+00:00,0.216175611,0,0,0.288249697
2021-10-13 19:00:00+00:00,0.224249285,0,0,0.263600698
2021-10-13 20:00:00+00:00,0.225695316,0,0,0.237183078
2021-10-13 21:00:00+00:00,0.235178869,0,0,0.207983024
2021-10-13 22:00:00+00:00,0.213464303,0,0,0.228537855
2021-10-13 23:00:00+00:00,0.185706533,0,0,0.23196868
2021-10-14 00:00:00+00:00,0.160738397,0,0,0.22832931
2021-10-14 01:00:00+00:00,0.136812609,0,0,0.22584106
2021-10-14 02:00:00+00:00,0.115513777,0,0,0.218840012
2021-10-14 03:00:00+00:00,0.100384678,0,0,0.204030341
2021-10-14 04:00:00+00:00,0.093877538,0,0,0.223019159
2021-10-14 05:00:00+00:00,0.089997355,0,0,0.239056466
2021-10-14 06:00:00+00:00,0.089503295,0,0.008742691,0.24706484
2021-10-14 07:00:00+00:00,0.086376253,0,0.165187507,0.214242565
2021-10-14 08:00:00+00:00,0.082484019,0,0.405061125,0.191818633
2021-10-14 09:00:00+00:00,0.080031791,0,0.525814002,0.207595506
2021-10-14 10:00:00+00:00,0.083484191,0,0.567110879,0.220063469
2021-10-14 11:00:00+00:00,0.089870827,0,0.573905126,0.193403554
2021-10-14 12:00:00+00:00,0.095413946,0,0.570311893,0.162088477
2021-10-14 13:00:00+00:00,0.098480737,0,0.558494711,0.162997522
2021-10-14 14:00:00+00:00,0.10422871,0,0.510947632,0.20772182
2021-10-14 15:00:00+00:00,0.109151241,0,0.396166607,0.226944579
2021-10-14 16:00:00+00:00,0.109735679,0,0.195856511,0.249381373
2021-10-14 17:00:00+00:00,0.116592276,0,0.022520968,0.27842554
2021-10-14 18:00:00+00:00,0.125714321,0,0,0.287356372
2021-10-14 19:00:00+00:00,0.135631684,0,0,0.265996713
2021-10-14 20:00:00+00:00,0.137324745,0,0,0.247578233
2021-10-14 21:00:00+00:00,0.125961352,0,0,0.221674994
2021-10-14 22:00:00+00:00,0.124768376,0,0,0.1696636
2021-10-14 23:00:00+00:00,0.122020917,0,0,0.155262664
2021-10-15 00:00:00+00:00,0.112778369,0,0,0.148921002
2021-10-15 01:00:00+00:00,0.106162777,0,0,0.14698583
2021-10-15 02:00:00+00:00,0.106849642,0,0,0.148060437
2021-10-15 03:00:00+00:00,0.10700027,0,0,0.153308035
2021-10-15 04:00:00+00:00,0.105409636,0,0,0.160113729
2021-10-15 05:00:00+00:00,0.103162263,0,0,0.173041657
2021-10-15 06:00:00+00:00,0.099372456,0,0.004605412,0.188052618
2021-10-15 07:00:00+00:00,0.08438796,0,0.147765387,0.193783267
2021-10-15 08:00:00+00:00,0.06970472,0,0.381338194,0.200518494
2021-10-15 09:00:00+00:00,0.058214799,0,0.520373543,0.19200805
2021-10-15 10:00:00+00:00,0.05034598,0,0.588467842,0.174882065
2021-10-15 11:00:00+00:00,0.050448407,0,0.621945641,0.162168838
2021-10-15 12:00:00+00:00,0.059703005,0,0.636343878,0.159124432
2021-10-15 13:00:00+00:00,0.072669084,0,0.632674732,0.156375088
2021-10-15 14:00:00+00:00,0.083743271,0,0.601600856,0.159259431
2021-10-15 15:00:00+00:00,0.092407407,0,0.504153385,0.164889159
2021-10-15 16:00:00+00:00,0.087894585,0,0.249438703,0.180171548
2021-10-15 17:00:00+00:00,0.090358863,0,0.025519547,0.196699051
2021-10-15 18:00:00+00:00,0.097257636,0,0,0.202589214
2021-10-15 19:00:00+00:00,0.100800412,0,0,0.199333733
2021-10-15 20:00:00+00:00,0.103258665,0,0,0.193789093
2021-10-15 21:00:00+00:00,0.106662863,0,0,0.174566884
2021-10-15 22:00:00+00:00,0.117694874,0,0,0.159905514
2021-10-15 23:00:00+00:00,0.117761151,0,0,0.151836786
2021-10-16 00:00:00+00:00,0.112856695,0,0,0.147402261
2021-10-16 01:00:00+00:00,0.110169488,0,0,0.146238168
2021-10-16 02:00:00+00:00,0.099233878,0,0,0.145763582
2021-10-16 03:00:00+00:00,0.08860555,0,0,0.146193755
2021-10-16 04:00:00+00:00,0.079790786,0,0,0.145838997
2021-10-16 05:00:00+00:00,0.068077935,0,0,0.14760498
2021-10-16 06:00:00+00:00,0.05639521,0,0.008008861,0.15807544
2021-10-16 07:00:00+00:00,0.040235813,0,0.147512343,0.161453497
2021-10-16 08:00:00+00:00,0.022021847,0,0.345279341,0.156885512
2021-10-16 09:00:00+00:00,0.015972618,0,0.463020987,0.150461509
2021-10-16 10:00:00+00:00,0.01839472,0,0.499826323,0.149928768
2021-10-16 11:00:00+00:00,0.022196576,0,0.513060555,0.14807275
2021-10-16 12:00:00+00:00,0.029993093,0,0.492247637,0.147427216
2021-10-16 13:00:00+00:00,0.04569458,0,0.434388992,0.149679987
2021-10-16 14:00:00+00:00,0.069632418,0,0.334853904,0.15573736
2021-10-16 15:00:00+00:00,0.087978937,0,0.193553806,0.171809076
2021-10-16 16:00:00+00:00,0.098004752,0,0.068486518,0.183085683
2021-10-16 17:00:00+00:00,0.102891132,0,0.006579159,0.197947793
2021-10-16 18:00:00+00:00,0.113266404,0,0,0.206514633
2021-10-16 19:00:00+00:00,0.117863578,0,0,0.200397456
2021-10-16 20:00:00+00:00,0.119725343,0,0,0.190750073
2021-10-16 21:00:00+00:00,0.122936737,0,0,0.169817508
2021-10-16 22:00:00+00:00,0.122460751,0,0,0.151766648
2021-10-16 23:00:00+00:00,0.126563864,0,0,0.147877287
2021-10-17 00:00:00+00:00,0.132787823,0,0,0.149259929
2021-10-17 01:00:00+00:00,0.133257783,0,0,0.149788162
2021-10-17 02:00:00+00:00,0.144006614,0,0,0.149539161
2021-10-17 03:00:00+00:00,0.136951187,0,0,0.148245016
2021-10-17 04:00:00+00:00,0.125063607,0,0,0.148609118
2021-10-17 05:00:00+00:00,0.110711749,0,0,0.15099436
2021-10-17 06:00:00+00:00,0.094100468,0,0.001948443,0.153758545
2021-10-17 07:00:00+00:00,0.080387274,0,0.082201534,0.158682606
2021-10-17 08:00:00+00:00,0.071265228,0,0.271124624,0.159071333
2021-10-17 09:00:00+00:00,0.059630704,0,0.383691509,0.158014206
2021-10-17 10:00:00+00:00,0.05547939,0,0.446003739,0.157583704
2021-10-17 11:00:00+00:00,0.05103887,0,0.459326537,0.156273948
2021-10-17 12:00:00+00:00,0.048984301,0,0.46008567,0.152895452
2021-10-17 13:00:00+00:00,0.052008915,0,0.448711316,0.152370956
2021-10-17 14:00:00+00:00,0.052424649,0,0.394294077,0.152391184
2021-10-17 15:00:00+00:00,0.050749663,0,0.285244512,0.153570887
2021-10-17 16:00:00+00:00,0.044652233,0,0.13302554,0.162291195
2021-10-17 17:00:00+00:00,0.044194323,0,0.01287997,0.177902727
2021-10-17 18:00:00+00:00,0.05034598,0,0,0.201580568
2021-10-17 19:00:00+00:00,0.054750349,0,0,0.181166892
2021-10-17 20:00:00+00:00,0.060383845,0,0,0.168622304
2021-10-17 21:00:00+00:00,0.06786103,0,0,0.160110321
2021-10-17 22:00:00+00:00,0.075573196,0,0,0.147439199
2021-10-17 23:00:00+00:00,0.076585418,0,0,0.142715438
2021-10-18 00:00:00+00:00,0.08064033,0,0,0.141564427
2021-10-18 01:00:00+00:00,0.084550638,0,0,0.145205886
2021-10-18 02:00:00+00:00,0.087858434,0,0,0.146779154
2021-10-18 03:00:00+00:00,0.094510177,0,0,0.146781573
2021-10-18 04:00:00+00:00,0.105319259,0,0,0.147766583
2021-10-18 05:00:00+00:00,0.109145216,0,0,0.157101313
2021-10-18 06:00:00+00:00,0.110904554,0,0.005060892,0.161687437
2021-10-18 07:00:00+00:00,0.104385364,0,0.119652134,0.158951835
2021-10-18 08:00:00+00:00,0.099854467,0,0.322619198,0.152019496
2021-10-18 09:00:00+00:00,0.094907836,0,0.457922139,0.144616529
2021-10-18 10:00:00+00:00,0.092437533,0,0.522461161,0.141901045
2021-10-18 11:00:00+00:00,0.088466972,0,0.557393967,0.141228028
2021-10-18 12:00:00+00:00,0.085858091,0,0.567895317,0.141157121
2021-10-18 13:00:00+00:00,0.086514831,0,0.545804525,0.140845677
2021-10-18 14:00:00+00:00,0.088918857,0,0.495967393,0.142137954
2021-10-18 15:00:00+00:00,0.087557178,0,0.37115315,0.150554733
2021-10-18 16:00:00+00:00,0.094781308,0,0.154584939,0.176545809
2021-10-18 17:00:00+00:00,0.109687478,0,0.011285789,0.223721529
2021-10-18 18:00:00+00:00,0.117893704,0,0,0.21446881
2021-10-18 19:00:00+00:00,0.136806584,0,0,0.196888467
2021-10-18 20:00:00+00:00,0.166209215,0,0,0.177330849
2021-10-18 21:00:00+00:00,0.194605649,0,0,0.162613962
2021-10-18 22:00:00+00:00,0.214217444,0,0,0.154761364
2021-10-18 23:00:00+00:00,0.227822186,0,0,0.144667209
2021-10-19 00:00:00+00:00,0.233540034,0,0,0.139507009
2021-10-19 01:00:00+00:00,0.237667247,0,0,0.138917432
2021-10-19 02:00:00+00:00,0.245186609,0,0,0.138621819
2021-10-19 03:00:00+00:00,0.240914792,0,0,0.144229121
2021-10-19 04:00:00+00:00,0.238986751,0,0,0.161686667
2021-10-19 05:00:00+00:00,0.239336208,0,0,0.153057495
2021-10-19 06:00:00+00:00,0.241294375,0,0.004175236,0.155291797
2021-10-19 07:00:00+00:00,0.238878298,0,0.144703548,0.161269357
2021-10-19 08:00:00+00:00,0.233094174,0,0.388183051,0.162186318
2021-10-19 09:00:00+00:00,0.23684783,0,0.51819736,0.15448444
2021-10-19 10:00:00+00:00,0.253236181,0,0.580408372,0.151502256
2021-10-19 11:00:00+00:00,0.271335669,0,0.609192194,0.149927009
2021-10-19 12:00:00+00:00,0.282578561,0,0.612443817,0.149869953
2021-10-19 13:00:00+00:00,0.301226336,0,0.60973624,0.149492439
2021-10-19 14:00:00+00:00,0.307456319,0,0.573044774,0.151028879
2021-10-19 15:00:00+00:00,0.312915086,0,0.479747235,0.175664247
2021-10-19 16:00:00+00:00,0.312469227,0,0.225930861,0.201536264
2021-10-19 17:00:00+00:00,0.311896839,0,0.017978818,0.191872831
2021-10-19 18:00:00+00:00,0.326736733,0,0,0.193523053
2021-10-19 19:00:00+00:00,0.344492788,0,0,0.192121832
2021-10-19 20:00:00+00:00,0.357350414,0,0,0.182132883
2021-10-19 21:00:00+00:00,0.374594334,0,0,0.16532274
2021-10-19 22:00:00+00:00,0.393091481,0,0,0.157950115
2021-10-19 23:00:00+00:00,0.396212498,0,0,0.147989749
2021-10-20 00:00:00+00:00,0.382782485,0,0,0.141665237
2021-10-20 01:00:00+00:00,0.350469717,0,0,0.140118243
2021-10-20 02:00:00+00:00,0.314638273,0,0,0.14077455
2021-10-20 03:00:00+00:00,0.285301919,0,0,0.142674322
2021-10-20 04:00:00+00:00,0.256700631,0,0,0.151910441
2021-10-20 05:00:00+00:00,0.238637293,0,0,0.194300947
2021-10-20 06:00:00+00:00,0.231599942,0,0.005035587,0.178799899
2021-10-20 07:00:00+00:00,0.225610964,0,0.13818765,0.171219609
2021-10-20 08:00:00+00:00,0.213729409,0,0.391953415,0.160409452
2021-10-20 09:00:00+00:00,0.241426928,0,0.541224417,0.153337277
2021-10-20 10:00:00+00:00,0.294363713,0,0.582356815,0.148848335
2021-10-20 11:00:00+00:00,0.348017489,0,0.600968245,0.150147867
2021-10-20 12:00:00+00:00,0.375046219,0,0.602271424,0.147558148
2021-10-20 13:00:00+00:00,0.390301846,0,0.575727047,0.145054287
2021-10-20 14:00:00+00:00,0.406172036,0,0.529015016,0.150638173
2021-10-20 15:00:00+00:00,0.412516497,0,0.399114577,0.183621832
2021-10-20 16:00:00+00:00,0.405798478,0,0.176422687,0.203908863
2021-10-20 17:00:00+00:00,0.386662668,0,0.014942283,0.191494437
2021-10-20 18:00:00+00:00,0.368081169,0,0,0.192586084
2021-10-20 19:00:00+00:00,0.337334935,0,0,0.194476731
2021-10-20 20:00:00+00:00,0.292863456,0,0,0.186060611
2021-10-20 21:00:00+00:00,0.248566706,0,0,0.169534758
2021-10-20 22:00:00+00:00,0.225147029,0,0,0.161786377
2021-10-20 23:00:00+00:00,0.21306062,0,0,0.154545893
2021-10-21 00:00:00+00:00,0.199751109,0,0,0.146119769
2021-10-21 01:00:00+00:00,0.180006761,0,0,0.142086944
2021-10-21 02:00:00+00:00,0.174517868,0,0,0.13990684
2021-10-21 03:00:00+00:00,0.169535086,0,0,0.141106001
2021-10-21 04:00:00+00:00,0.171800535,0,0,0.147828806
2021-10-21 05:00:00+00:00,0.179313871,0,0,0.153885189
2021-10-21 06:00:00+00:00,0.178608931,0,0.003580581,0.160795101
2021-10-21 07:00:00+00:00,0.157243822,0,0.117868169,0.160701107
2021-10-21 08:00:00+00:00,0.136137795,0,0.340205797,0.1596608
2021-10-21 09:00:00+00:00,0.130546475,0,0.479291754,0.155874118
2021-10-21 10:00:00+00:00,0.131173088,0,0.519677671,0.152277402
2021-10-21 11:00:00+00:00,0.124985281,0,0.511150068,0.148482035
2021-10-21 12:00:00+00:00,0.126720518,0,0.519158929,0.147376317
2021-10-21 13:00:00+00:00,0.134860467,0,0.509340799,0.147972819
2021-10-21 14:00:00+00:00,0.146820349,0,0.485402781,0.148951783
2021-10-21 15:00:00+00:00,0.150085969,0,0.400367147,0.152878192
2021-10-21 16:00:00+00:00,0.15550256,0,0.193110977,0.168207522
2021-10-21 17:00:00+00:00,0.159063411,0,0.016574421,0.185816448
2021-10-21 18:00:00+00:00,0.176771266,0,0,0.193826911
2021-10-21 19:00:00+00:00,0.203046855,0,0,0.188258635
2021-10-21 20:00:00+00:00,0.221537976,0,0,0.17430678
2021-10-21 21:00:00+00:00,0.234130496,0,0,0.160308093
2021-10-21 22:00:00+00:00,0.229937007,0,0,0.150683136
2021-10-21 23:00:00+00:00,0.235070417,0,0,0.146359426
2021-10-22 00:00:00+00:00,0.237631097,0,0,0.143266318
2021-10-22 01:00:00+00:00,0.2307745,0,0,0.142801296
2021-10-22 02:00:00+00:00,0.228665704,0,0,0.140868214
2021-10-22 03:00:00+00:00,0.211054252,0,0,0.141009369
2021-10-22 04:00:00+00:00,0.203227609,0,0,0.144426343
2021-10-22 05:00:00+00:00,0.206197997,0,0,0.156201062
2021-10-22 06:00:00+00:00,0.201450196,0,0.002302706,0.16806175
2021-10-22 07:00:00+00:00,0.196105906,0,0.121296923,0.167523952
2021-10-22 08:00:00+00:00,0.192840286,0,0.365586169,0.158138872
2021-10-22 09:00:00+00:00,0.198118299,0,0.489223755,0.152257064
2021-10-22 10:00:00+00:00,0.205818414,0,0.518007577,0.149879738
2021-10-22 11:00:00+00:00,0.220706509,0,0.52160081,0.148263375
2021-10-22 12:00:00+00:00,0.236209166,0,0.515262043,0.145448181
2021-10-22 13:00:00+00:00,0.251259939,0,0.516792962,0.147105109
2021-10-22 14:00:00+00:00,0.275137526,0,0.457605833,0.150945
2021-10-22 15:00:00+00:00,0.307076736,0,0.373696248,0.15670621
2021-10-22 16:00:00+00:00,0.321512946,0,0.172285408,0.164564634
2021-10-22 17:00:00+00:00,0.306383846,0,0.012563664,0.182203021
2021-10-22 18:00:00+00:00,0.307763601,0,0,0.193422683
2021-10-22 19:00:00+00:00,0.307317741,0,0,0.189386999
2021-10-22 20:00:00+00:00,0.303817141,0,0,0.178151947
2021-10-22 21:00:00+00:00,0.29655686,0,0,0.163938559
2021-10-22 22:00:00+00:00,0.277595779,0,0,0.150687424
2021-10-22 23:00:00+00:00,0.265461168,0,0,0.144859814
2021-10-23 00:00:00+00:00,0.253935096,0,0,0.14241169
2021-10-23 01:00:00+00:00,0.246560338,0,0,0.141460429
2021-10-23 02:00:00+00:00,0.227912563,0,0,0.13950492
2021-10-23 03:00:00+00:00,0.196605992,0,0,0.140438591
2021-10-23 04:00:00+00:00,0.1655344,0,0,0.143091413
2021-10-23 05:00:00+00:00,0.142681085,0,0,0.149269603
2021-10-23 06:00:00+00:00,0.135529257,0,0.002619011,0.156012635
2021-10-23 07:00:00+00:00,0.111555268,0,0.152143059,0.157642519
2021-10-23 08:00:00+00:00,0.081188616,0,0.443498598,0.152187695
2021-10-23 09:00:00+00:00,0.06552328,0,0.573943083,0.147255499
2021-10-23 10:00:00+00:00,0.055389013,0,0.601550247,0.146325676
2021-10-23 11:00:00+00:00,0.048785471,0,0.612962558,0.14414843
2021-10-23 12:00:00+00:00,0.044465454,0,0.608078798,0.142505683
2021-10-23 13:00:00+00:00,0.039548948,0,0.605421829,0.14074113
2021-10-23 14:00:00+00:00,0.038723506,0,0.572424815,0.141007391
2021-10-23 15:00:00+00:00,0.038711455,0,0.478165706,0.144040474
2021-10-23 16:00:00+00:00,0.042091553,0,0.197564562,0.159432137
2021-10-23 17:00:00+00:00,0.048158858,0,0.010564612,0.175794299
2021-10-23 18:00:00+00:00,0.057859316,0,0,0.185052845
2021-10-23 19:00:00+00:00,0.060203091,0,0,0.178661052
2021-10-23 20:00:00+00:00,0.065402778,0,0,0.16926344
2021-10-23 21:00:00+00:00,0.066487301,0,0,0.158031026
2021-10-23 22:00:00+00:00,0.078459233,0,0,0.153379931
2021-10-23 23:00:00+00:00,0.08791266,0,0,0.15067632
2021-10-24 00:00:00+00:00,0.096841902,0,0,0.147110386
2021-10-24 01:00:00+00:00,0.103788876,0,0,0.145356276
2021-10-24 02:00:00+00:00,0.107982366,0,0,0.145759075
2021-10-24 03:00:00+00:00,0.106976169,0,0,0.145769739
2021-10-24 04:00:00+00:00,0.106301355,0,0,0.145223696
2021-10-24 05:00:00+00:00,0.106560435,0,0,0.149511018
2021-10-24 06:00:00+00:00,0.10419256,0,0.003023883,0.149588412
2021-10-24 07:00:00+00:00,0.098083079,0,0.154268633,0.14666867
2021-10-24 08:00:00+00:00,0.081080164,0,0.454683168,0.144619937
2021-10-24 09:00:00+00:00,0.075452693,0,0.594629478,0.14421395
2021-10-24 10:00:00+00:00,0.080495726,0,0.632472296,0.14246171
2021-10-24 11:00:00+00:00,0.081682677,0,0.635584744,0.140485533
2021-10-24 12:00:00+00:00,0.0734403,0,0.629170064,0.139364534
2021-10-24 13:00:00+00:00,0.068837101,0,0.622122772,0.138582902
2021-10-24 14:00:00+00:00,0.070192755,0,0.595236785,0.139129165
2021-10-24 15:00:00+00:00,0.071373681,0,0.481860157,0.142740283
2021-10-24 16:00:00+00:00,0.0652642,0,0.204738376,0.147702271
2021-10-24 17:00:00+00:00,0.059781332,0,0.012247358,0.165680356
2021-10-24 18:00:00+00:00,0.053786329,0,0,0.202132107
2021-10-24 19:00:00+00:00,0.045616253,0,0,0.175801775
2021-10-24 20:00:00+00:00,0.041663769,0,0,0.156807019
2021-10-24 21:00:00+00:00,0.043633986,0,0,0.150188982
2021-10-24 22:00:00+00:00,0.044911313,0,0,0.147052451
2021-10-24 23:00:00+00:00,0.045887384,0,0,0.142435655
2021-10-25 00:00:00+00:00,0.047923878,0,0,0.137807207
2021-10-25 01:00:00+00:00,0.045772907,0,0,0.137424416
2021-10-25 02:00:00+00:00,0.047761199,0,0,0.13541471
2021-10-25 03:00:00+00:00,0.050677362,0,0,0.133576061
2021-10-25 04:00:00+00:00,0.048339612,0,0,0.137998492
2021-10-25 05:00:00+00:00,0.041977075,0,0,0.151506214
2021-10-25 06:00:00+00:00,0.039814054,0,0.002530446,0.156474468
2021-10-25 07:00:00+00:00,0.033710598,0,0.145816944,0.152408663
2021-10-25 08:00:00+00:00,0.029956942,0,0.417270526,0.144257704
2021-10-25 09:00:00+00:00,0.029902716,0,0.549018191,0.1386869
2021-10-25 10:00:00+00:00,0.029818365,0,0.58749362,0.14027336
2021-10-25 11:00:00+00:00,0.033011683,0,0.585190915,0.138326206
2021-10-25 12:00:00+00:00,0.033915452,0,0.581724204,0.137063612
2021-10-25 13:00:00+00:00,0.033638296,0,0.56399843,0.136247241
2021-10-25 14:00:00+00:00,0.040488868,0,0.510833762,0.139222609
2021-10-25 15:00:00+00:00,0.044134072,0,0.362511677,0.144843214
2021-10-25 16:00:00+00:00,0.051677533,0,0.125725204,0.171804568
2021-10-25 17:00:00+00:00,0.067698352,0,0.005946548,0.224430494
2021-10-25 18:00:00+00:00,0.090364888,0,0,0.200614686
2021-10-25 19:00:00+00:00,0.107205124,0,0,0.180055567
2021-10-25 20:00:00+00:00,0.130431997,0,0,0.167165786
2021-10-25 21:00:00+00:00,0.149212325,0,0,0.160189364
2021-10-25 22:00:00+00:00,0.163769037,0,0,0.160978251
2021-10-25 23:00:00+00:00,0.167962527,0,0,0.157880087
2021-10-26 00:00:00+00:00,0.154628916,0,0,0.156243827
2021-10-26 01:00:00+00:00,0.151218693,0,0,0.155442956
2021-10-26 02:00:00+00:00,0.159340567,0,0,0.150036284
2021-10-26 03:00:00+00:00,0.155623063,0,0,0.154653189
2021-10-26 04:00:00+00:00,0.159985256,0,0,0.179061653
2021-10-26 05:00:00+00:00,0.165437998,0,0,0.194365588
2021-10-26 06:00:00+00:00,0.160678146,0,0.000873004,0.217601494
2021-10-26 07:00:00+00:00,0.141355557,0,0.089172913,0.227899027
2021-10-26 08:00:00+00:00,0.113694188,0,0.335473863,0.203603906
2021-10-26 09:00:00+00:00,0.109470573,0,0.495069085,0.170663891
2021-10-26 10:00:00+00:00,0.106759265,0,0.53902293,0.166292029
2021-10-26 11:00:00+00:00,0.096082736,0,0.555002695,0.163995395
2021-10-26 12:00:00+00:00,0.089406893,0,0.545424958,0.157743329
2021-10-26 13:00:00+00:00,0.079646183,0,0.531393635,0.153687307
2021-10-26 14:00:00+00:00,0.075681648,0,0.493753253,0.158671942
2021-10-26 15:00:00+00:00,0.080224596,0,0.37688461,0.202335595
2021-10-26 16:00:00+00:00,0.082002009,0,0.151219446,0.227403334
2021-10-26 17:00:00+00:00,0.079230449,0,0.00783173,0.256985959
2021-10-26 18:00:00+00:00,0.078157976,0,0,0.254176372
2021-10-26 19:00:00+00:00,0.072644983,0,0,0.240834651
2021-10-26 20:00:00+00:00,0.064342355,0,0,0.237317087
2021-10-26 21:00:00+00:00,0.061076735,0,0,0.245792792
2021-10-26 22:00:00+00:00,0.058540156,0,0,0.217204521
2021-10-26 23:00:00+00:00,0.053720052,0,0,0.178194712
2021-10-27 00:00:00+00:00,0.053569424,0,0,0.158637423
2021-10-27 01:00:00+00:00,0.051526905,0,0,0.152846421
2021-10-27 02:00:00+00:00,0.052539127,0,0,0.154726955
2021-10-27 03:00:00+00:00,0.056690441,0,0,0.159311539
2021-10-27 04:00:00+00:00,0.06132979,0,0,0.17960099
2021-10-27 05:00:00+00:00,0.064631561,0,0,0.222776865
2021-10-27 06:00:00+00:00,0.061420167,0,0.001239918,0.2365271
2021-10-27 07:00:00+00:00,0.059968111,0,0.112832582,0.209667875
2021-10-27 08:00:00+00:00,0.052026991,0,0.371279672,0.190551312
2021-10-27 09:00:00+00:00,0.050147151,0,0.501888636,0.160970556
2021-10-27 10:00:00+00:00,0.053491097,0,0.557065009,0.1561882
2021-10-27 11:00:00+00:00,0.061594896,0,0.581951944,0.151205873
2021-10-27 12:00:00+00:00,0.068511744,0,0.578561146,0.150838693
2021-10-27 13:00:00+00:00,0.070765143,0,0.564099648,0.154027224
2021-10-27 14:00:00+00:00,0.070861545,0,0.5422619,0.154653959
2021-10-27 15:00:00+00:00,0.06831894,0,0.432896029,0.166189131
2021-10-27 16:00:00+00:00,0.067867056,0,0.167730605,0.214593365
2021-10-27 17:00:00+00:00,0.072657033,0,0.006996683,0.216542058
2021-10-27 18:00:00+00:00,0.084960347,0,0,0.229490984
2021-10-27 19:00:00+00:00,0.091262632,0,0,0.238942354
2021-10-27 20:00:00+00:00,0.09999907,0,0,0.198130613
2021-10-27 21:00:00+00:00,0.108078768,0,0,0.175507041
2021-10-27 22:00:00+00:00,0.127931569,0,0,0.169088205
2021-10-27 23:00:00+00:00,0.143464352,0,0,0.167889922
2021-10-28 00:00:00+00:00,0.157249848,0,0,0.16879633
2021-10-28 01:00:00+00:00,0.169806217,0,0,0.16894683
2021-10-28 02:00:00+00:00,0.174734773,0,0,0.168953975
2021-10-28 03:00:00+00:00,0.178717383,0,0,0.179363532
2021-10-28 04:00:00+00:00,0.183441084,0,0,0.233560197
2021-10-28 05:00:00+00:00,0.189146882,0,0,0.25140746
2021-10-28 06:00:00+00:00,0.191912416,0,0.001151353,0.253481038
2021-10-28 07:00:00+00:00,0.193394598,0,0.093171017,0.251635023
2021-10-28 08:00:00+00:00,0.187514072,0,0.338206744,0.233356159
2021-10-28 09:00:00+00:00,0.184826864,0,0.486060697,0.183432195
2021-10-28 10:00:00+00:00,0.195443142,0,0.540870155,0.171091205
2021-10-28 11:00:00+00:00,0.219284578,0,0.556116091,0.164425787
2021-10-28 12:00:00+00:00,0.253404885,0,0.543894038,0.161042123
2021-10-28 13:00:00+00:00,0.273095007,0,0.530216978,0.160082838
2021-10-28 14:00:00+00:00,0.289471308,0,0.487756096,0.161051468
2021-10-28 15:00:00+00:00,0.2995875,0,0.350643886,0.168314158
2021-10-28 16:00:00+00:00,0.308281762,0,0.10158475,0.206273327
2021-10-28 17:00:00+00:00,0.322091358,0,0.002758186,0.260752194
2021-10-28 18:00:00+00:00,0.339473856,0,0,0.274157236
2021-10-28 19:00:00+00:00,0.344920573,0,0,0.269747337
2021-10-28 20:00:00+00:00,0.354928312,0,0,0.248920639
2021-10-28 21:00:00+00:00,0.351367461,0,0,0.206354459
2021-10-28 22:00:00+00:00,0.336690246,0,0,0.224217662
2021-10-28 23:00:00+00:00,0.319012517,0,0,0.230209294
2021-10-29 00:00:00+00:00,0.289314655,0,0,0.223413603
2021-10-29 01:00:00+00:00,0.262575132,0,0,0.214813893
2021-10-29 02:00:00+00:00,0.254236353,0,0,0.210502055
2021-10-29 03:00:00+00:00,0.240468932,0,0,0.219981788
2021-10-29 04:00:00+00:00,0.22124877,0,0,0.221513171
2021-10-29 05:00:00+00:00,0.22404443,0,0,0.229940615
2021-10-29 06:00:00+00:00,0.24337907,0,0.000366915,0.231526195
2021-10-29 07:00:00+00:00,0.255103971,0,0.027480642,0.235988313
2021-10-29 08:00:00+00:00,0.261683412,0,0.094107282,0.255547471
2021-10-29 09:00:00+00:00,0.284747607,0,0.175537031,0.259943408
2021-10-29 10:00:00+00:00,0.327044014,0,0.235053118,0.242157819
2021-10-29 11:00:00+00:00,0.359790592,0,0.263179024,0.221695882
2021-10-29 12:00:00+00:00,0.369846532,0,0.241151493,0.236588774
2021-10-29 13:00:00+00:00,0.372352986,0,0.216656776,0.223436689
2021-10-29 14:00:00+00:00,0.38395136,0,0.146285076,0.233081984
2021-10-29 15:00:00+00:00,0.372943449,0,0.088046864,0.239048551
2021-10-29 16:00:00+00:00,0.373130228,0,0.024406151,0.249667642
2021-10-29 17:00:00+00:00,0.358760294,0,0.001353789,0.253288653
2021-10-29 18:00:00+00:00,0.365056555,0,0,0.229236486
2021-10-29 19:00:00+00:00,0.394188054,0,0,0.219369785
2021-10-29 20:00:00+00:00,0.414089056,0,0,0.223739998
2021-10-29 21:00:00+00:00,0.437038773,0,0,0.2197285
2021-10-29 22:00:00+00:00,0.458403882,0,0,0.193561639
2021-10-29 23:00:00+00:00,0.497416593,0,0,0.19337629
2021-10-30 00:00:00+00:00,0.521613512,0,0,0.198197343
2021-10-30 01:00:00+00:00,0.529012371,0,0,0.203698669
2021-10-30 02:00:00+00:00,0.522264226,0,0,0.206952061
2021-10-30 03:00:00+00:00,0.528590612,0,0,0.205042065
2021-10-30 04:00:00+00:00,0.526174535,0,0,0.203051267
2021-10-30 05:00:00+00:00,0.518106887,0,0,0.203707244
2021-10-30 06:00:00+00:00,0.496651402,0,0.000101218,0.210995989
2021-10-30 07:00:00+00:00,0.477967476,0,0.010969483,0.221840775
2021-10-30 08:00:00+00:00,0.44808886,0,0.053227929,0.223267061
2021-10-30 09:00:00+00:00,0.405021237,0,0.102571624,0.221411922
2021-10-30 10:00:00+00:00,0.380089252,0,0.145766335,0.217671302
2021-10-30 11:00:00+00:00,0.369569376,0,0.197273561,0.210384096
2021-10-30 12:00:00+00:00,0.376691079,0,0.192883237,0.212132269
2021-10-30 13:00:00+00:00,0.364550444,0,0.150308485,0.237052806
2021-10-30 14:00:00+00:00,0.354030568,0,0.110858834,0.214990337
2021-10-30 15:00:00+00:00,0.344462663,0,0.070447613,0.217667564
2021-10-30 16:00:00+00:00,0.31774724,0,0.022154054,0.224562635
2021-10-30 17:00:00+00:00,0.315343213,0,0.00056935,0.230077703
2021-10-30 18:00:00+00:00,0.312680106,0,0,0.232447114
2021-10-30 19:00:00+00:00,0.306022338,0,0,0.225666154
2021-10-30 20:00:00+00:00,0.311360603,0,0,0.214515861
2021-10-30 21:00:00+00:00,0.329201011,0,0,0.207486781
2021-10-30 22:00:00+00:00,0.346999242,0,0,0.196325604
2021-10-30 23:00:00+00:00,0.361989764,0,0,0.193075978
2021-10-31 00:00:00+00:00,0.373115165,0,0,0.188267952
2021-10-31 01:00:00+00:00,0.38584325,0,0,0.184193792
2021-10-31 02:00:00+00:00,0.388879915,0,0,0.187414616
2021-10-31 03:00:00+00:00,0.392157586,0,0,0.193014057
2021-10-31 04:00:00+00:00,0.425603078,0,0,0.202498078
2021-10-31 05:00:00+00:00,0.438442628,0,0,0.21251506
2021-10-31 06:00:00+00:00,0.454162191,0,0.00034161,0.215343226
2021-10-31 07:00:00+00:00,0.470514391,0,0.028265081,0.221178092
2021-10-31 08:00:00+00:00,0.499790494,0,0.116046248,0.227688173
2021-10-31 09:00:00+00:00,0.504773276,0,0.227259345,0.231051829
2021-10-31 10:00:00+00:00,0.499187981,0,0.274300334,0.232539348
2021-10-31 11:00:00+00:00,0.524415197,0,0.285851819,0.234632165
2021-10-31 12:00:00+00:00,0.553052637,0,0.274743162,0.233011846
2021-10-31 13:00:00+00:00,0.552703179,0,0.261711365,0.237042032
2021-10-31 14:00:00+00:00,0.523487327,0,0.205345683,0.244405972
2021-10-31 15:00:00+00:00,0.496506799,0,0.117222905,0.246844642
2021-10-31 16:00:00+00:00,0.473310051,0,0.03847543,0.247620008
2021-10-31 17:00:00+00:00,0.489595976,0,0.001480311,0.248933281
2021-10-31 18:00:00+00:00,0.482275444,0,0,0.251786952
2021-10-31 19:00:00+00:00,0.488812709,0,0,0.255537137
2021-10-31 20:00:00+00:00,0.487999316,0,0,0.258599023
2021-10-31 21:00:00+00:00,0.481028242,0,0,0.256443214
2021-10-31 22:00:00+00:00,0.47698538,0,0,0.251768044
2021-10-31 23:00:00+00:00,0.398447821,0,0,0.241329465
2021-11-01 00:00:00+00:00,0.382884912,0,0,0.239205646
2021-11-01 01:00:00+00:00,0.373558012,0,0,0.237934258
2021-11-01 02:00:00+00:00,0.370521347,0,0,0.241466553
2021-11-01 03:00:00+00:00,0.34644493,0,0,0.244010979
2021-11-01 04:00:00+00:00,0.344203582,0,0,0.243334774
2021-11-01 05:00:00+00:00,0.35783845,0,0,0.243333455
2021-11-01 06:00:00+00:00,0.380848418,0,0.000325618,0.249426776
2021-11-01 07:00:00+00:00,0.41542061,0,0.039074203,0.256244123
2021-11-01 08:00:00+00:00,0.416029148,0,0.157949951,0.260050484
2021-11-01 09:00:00+00:00,0.438129322,0,0.240506728,0.264107385
2021-11-01 10:00:00+00:00,0.473936665,0,0.317740898,0.263893563
2021-11-01 11:00:00+00:00,0.500694264,0,0.365118369,0.264838227
2021-11-01 12:00:00+00:00,0.524601976,0,0.386283562,0.267062085
2021-11-01 13:00:00+00:00,0.546165914,0,0.379069863,0.266170849
2021-11-01 14:00:00+00:00,0.505195035,0,0.343264368,0.26648669
2021-11-01 15:00:00+00:00,0.462464819,0,0.245416051,0.275588469
2021-11-01 16:00:00+00:00,0.464989348,0,0.083683918,0.317794615
2021-11-01 17:00:00+00:00,0.475069389,0,0.002291852,0.330910311
2021-11-01 18:00:00+00:00,0.482769504,0,0,0.297765929
2021-11-01 19:00:00+00:00,0.502248747,0,0,0.289141264
2021-11-01 20:00:00+00:00,0.518341867,0,0,0.283607507
2021-11-01 21:00:00+00:00,0.523402976,0,0,0.278952895
2021-11-01 22:00:00+00:00,0.523005317,0,0,0.275799213
2021-11-01 23:00:00+00:00,0.509225847,0,0,0.276670771
2021-11-02 00:00:00+00:00,0.494355828,0,0,0.271299278
2021-11-02 01:00:00+00:00,0.475882781,0,0,0.263905985
2021-11-02 02:00:00+00:00,0.484998802,0,0,0.267010526
2021-11-02 03:00:00+00:00,0.475358595,0,0,0.267301522
2021-11-02 04:00:00+00:00,0.448082835,0,0,0.26551751
2021-11-02 05:00:00+00:00,0.435972325,0,0,0.267362975
2021-11-02 06:00:00+00:00,0.422927921,0,0,0.271369526
2021-11-02 07:00:00+00:00,0.40728066,0,0.053939933,0.268279826
2021-11-02 08:00:00+00:00,0.394121778,0,0.200781289,0.271282458
2021-11-02 09:00:00+00:00,0.395869065,0,0.302624692,0.272770747
2021-11-02 10:00:00+00:00,0.412016412,0,0.335023718,0.269365646
2021-11-02 11:00:00+00:00,0.441340716,0,0.335224099,0.269023751
2021-11-02 12:00:00+00:00,0.455186463,0,0.328185733,0.27141328
2021-11-02 13:00:00+00:00,0.440822554,0,0.261922397,0.275105858
2021-11-02 14:00:00+00:00,0.427892627,0,0.188733409,0.279518616
2021-11-02 15:00:00+00:00,0.414402363,0,0.095017941,0.284556789
2021-11-02 16:00:00+00:00,0.409431631,0,0.031046458,0.297549359
2021-11-02 17:00:00+00:00,0.435779521,0,0.000626189,0.314180859
2021-11-02 18:00:00+00:00,0.44855882,0,0,0.329368704
2021-11-02 19:00:00+00:00,0.441985404,0,0,0.354902234
2021-11-02 20:00:00+00:00,0.426561074,0,0,0.327587551
2021-11-02 21:00:00+00:00,0.402496708,0,0,0.312971693
2021-11-02 22:00:00+00:00,0.362164492,0,0,0.304244129
2021-11-02 23:00:00+00:00,0.350307038,0,0,0.297390504
2021-11-03 00:00:00+00:00,0.338202554,0,0,0.294720642
2021-11-03 01:00:00+00:00,0.332779937,0,0,0.285453742
2021-11-03 02:00:00+00:00,0.323814545,0,0,0.281737307
2021-11-03 03:00:00+00:00,0.319892186,0,0,0.281456975
2021-11-03 04:00:00+00:00,0.336105809,0,0,0.288833338
2021-11-03 05:00:00+00:00,0.337732593,0,0,0.31536551
2021-11-03 06:00:00+00:00,0.346938991,0,0,0.328178337
2021-11-03 07:00:00+00:00,0.355018689,0,0.077108932,0.325546073
2021-11-03 08:00:00+00:00,0.337907322,0,0.31092796,0.33224821
2021-11-03 09:00:00+00:00,0.3590013,0,0.463091923,0.321758731
2021-11-03 10:00:00+00:00,0.406660072,0,0.500149797,0.290333939
2021-11-03 11:00:00+00:00,0.4429434,0,0.496292472,0.286320243
2021-11-03 12:00:00+00:00,0.457819444,0,0.46364297,0.286077068
2021-11-03 13:00:00+00:00,0.485107254,0,0.437418168,0.294961288
2021-11-03 14:00:00+00:00,0.484528842,0,0.410892796,0.302129766
2021-11-03 15:00:00+00:00,0.466622158,0,0.308473299,0.306561762
2021-11-03 16:00:00+00:00,0.41685459,0,0.113791092,0.319119652
2021-11-03 17:00:00+00:00,0.37395567,0,0.003293755,0.360661795
2021-11-03 18:00:00+00:00,0.349746701,0,0,0.346620233
2021-11-03 19:00:00+00:00,0.324429108,0,0,0.384929433
2021-11-03 20:00:00+00:00,0.298701806,0,0,0.373386675
2021-11-03 21:00:00+00:00,0.274763968,0,0,0.320856831
2021-11-03 22:00:00+00:00,0.26366568,0,0,0.304832717
2021-11-03 23:00:00+00:00,0.247096575,0,0,0.309215572
2021-11-04 00:00:00+00:00,0.233630411,0,0,0.290471027
2021-11-04 01:00:00+00:00,0.21889897,0,0,0.28524014
2021-11-04 02:00:00+00:00,0.21423552,0,0,0.285548175
2021-11-04 03:00:00+00:00,0.220423328,0,0,0.288798599
2021-11-04 04:00:00+00:00,0.214241545,0,0,0.306942244
2021-11-04 05:00:00+00:00,0.199606506,0,0,0.320498336
2021-11-04 06:00:00+00:00,0.20445071,0,0,0.330606343
2021-11-04 07:00:00+00:00,0.20050425,0,0.091649044,0.307323495
2021-11-04 08:00:00+00:00,0.169854418,0,0.383691139,0.312668495
2021-11-04 09:00:00+00:00,0.181362415,0,0.552762209,0.310769602
2021-11-04 10:00:00+00:00,0.215079038,0,0.576432159,0.292548343
2021-11-04 11:00:00+00:00,0.242415049,0,0.56067724,0.291197472
2021-11-04 12:00:00+00:00,0.265437068,0,0.538685477,0.290625155
2021-11-04 13:00:00+00:00,0.282578561,0,0.477193703,0.289015059
2021-11-04 14:00:00+00:00,0.292688727,0,0.432070513,0.297284527
2021-11-04 15:00:00+00:00,0.296568911,0,0.335875336,0.32429986
2021-11-04 16:00:00+00:00,0.288573564,0,0.112676475,0.33009372
2021-11-04 17:00:00+00:00,0.291929561,0,0.002354471,0.315495012
2021-11-04 18:00:00+00:00,0.31193299,0,0,0.327654501
2021-11-04 19:00:00+00:00,0.334244044,0,0,0.357133238
2021-11-04 20:00:00+00:00,0.355181368,0,0,0.3681847
2021-11-04 21:00:00+00:00,0.352542361,0,0,0.36633022
2021-11-04 22:00:00+00:00,0.352891819,0,0,0.35596101
2021-11-04 23:00:00+00:00,0.350451641,0,0,0.335048893
2021-11-05 00:00:00+00:00,0.342823828,0,0,0.290527423
2021-11-05 01:00:00+00:00,0.343323913,0,0,0.277878838
2021-11-05 02:00:00+00:00,0.339232851,0,0,0.274464502
2021-11-05 03:00:00+00:00,0.334316345,0,0,0.271150757
2021-11-05 04:00:00+00:00,0.330514489,0,0,0.278023401
2021-11-05 05:00:00+00:00,0.334250069,0,0,0.305384037
2021-11-05 06:00:00+00:00,0.331424283,0,0,0.337877829
2021-11-05 07:00:00+00:00,0.33125558,0,0.097209603,0.320268464
2021-11-05 08:00:00+00:00,0.311679935,0,0.399233154,0.309924318
2021-11-05 09:00:00+00:00,0.301027506,0,0.567139512,0.302167363
2021-11-05 10:00:00+00:00,0.315987902,0,0.60497386,0.311467574
2021-11-05 11:00:00+00:00,0.334370571,0,0.595656166,0.337857931
2021-11-05 12:00:00+00:00,0.342432194,0,0.575417733,0.322873793
2021-11-05 13:00:00+00:00,0.35973034,0,0.56114062,0.321738174
2021-11-05 14:00:00+00:00,0.379703644,0,0.501502366,0.346207321
2021-11-05 15:00:00+00:00,0.3904826,0,0.358981715,0.329628589
2021-11-05 16:00:00+00:00,0.380679715,0,0.132727052,0.335016572
2021-11-05 17:00:00+00:00,0.374142449,0,0.00556056,0.322618966
2021-11-05 18:00:00+00:00,0.392247963,0,0,0.327232903
2021-11-05 19:00:00+00:00,0.38956678,0,0,0.330031497
2021-11-05 20:00:00+00:00,0.371340764,0,0,0.328046306
2021-11-05 21:00:00+00:00,0.370075487,0,0,0.346261298
2021-11-05 22:00:00+00:00,0.369274145,0,0,0.343513274
2021-11-05 23:00:00+00:00,0.365815721,0,0,0.334522308
2021-11-06 00:00:00+00:00,0.348728454,0,0,0.323829231
2021-11-06 01:00:00+00:00,0.346607609,0,0,0.315763581
2021-11-06 02:00:00+00:00,0.358193932,0,0,0.30435967
2021-11-06 03:00:00+00:00,0.364707097,0,0,0.315735658
2021-11-06 04:00:00+00:00,0.374052072,0,0,0.303252193
2021-11-06 05:00:00+00:00,0.400134857,0,0,0.285042698
2021-11-06 06:00:00+00:00,0.416234002,0,0,0.286421162
2021-11-06 07:00:00+00:00,0.423855791,0,0.084447869,0.292254489
2021-11-06 08:00:00+00:00,0.416209902,0,0.367848554,0.296120544
2021-11-06 09:00:00+00:00,0.411522351,0,0.541966708,0.300362354
2021-11-06 10:00:00+00:00,0.427838401,0,0.573226071,0.320644219
2021-11-06 11:00:00+00:00,0.430049623,0,0.58064015,0.326600122
2021-11-06 12:00:00+00:00,0.434725124,0,0.599513491,0.324103517
2021-11-06 13:00:00+00:00,0.430802765,0,0.614967839,0.315474784
2021-11-06 14:00:00+00:00,0.422253106,0,0.586676614,0.306538566
2021-11-06 15:00:00+00:00,0.424831862,0,0.442815919,0.319118113
2021-11-06 16:00:00+00:00,0.410714984,0,0.141756699,0.330086904
2021-11-06 17:00:00+00:00,0.411076492,0,0.002667566,0.346016475
2021-11-06 18:00:00+00:00,0.431718584,0,0,0.341644063
2021-11-06 19:00:00+00:00,0.431122096,0,0,0.305868407
2021-11-06 20:00:00+00:00,0.429531462,0,0,0.296409781
2021-11-06 21:00:00+00:00,0.428724095,0,0,0.300516152
2021-11-06 22:00:00+00:00,0.43642421,0,0,0.290278642
2021-11-06 23:00:00+00:00,0.427796225,0,0,0.259937472
2021-11-07 00:00:00+00:00,0.428163758,0,0,0.25154081
2021-11-07 01:00:00+00:00,0.434839601,0,0,0.248009614
2021-11-07 02:00:00+00:00,0.440075438,0,0,0.246199878
2021-11-07 03:00:00+00:00,0.432399424,0,0,0.243778028
2021-11-07 04:00:00+00:00,0.41800539,0,0,0.241360796
2021-11-07 05:00:00+00:00,0.408829118,0,0,0.2409204
2021-11-07 06:00:00+00:00,0.415414585,0,0,0.239889767
2021-11-07 07:00:00+00:00,0.429820669,0,0.094491943,0.240156467
2021-11-07 08:00:00+00:00,0.408618239,0,0.377291486,0.245617007
2021-11-07 09:00:00+00:00,0.390054816,0,0.529467973,0.275981814
2021-11-07 10:00:00+00:00,0.401767667,0,0.568178986,0.272809773
2021-11-07 11:00:00+00:00,0.406973379,0,0.589557084,0.286765476
2021-11-07 12:00:00+00:00,0.408166354,0,0.582969574,0.280611361
2021-11-07 13:00:00+00:00,0.416475007,0,0.588179468,0.270417276
2021-11-07 14:00:00+00:00,0.421030005,0,0.557345914,0.272810873
2021-11-07 15:00:00+00:00,0.425789857,0,0.405031665,0.285151203
2021-11-07 16:00:00+00:00,0.440671926,0,0.122294741,0.30612994
2021-11-07 17:00:00+00:00,0.470050456,0,0.002141567,0.307755647
2021-11-07 18:00:00+00:00,0.484372189,0,0,0.312180827
2021-11-07 19:00:00+00:00,0.484064907,0,0,0.322192531
2021-11-07 20:00:00+00:00,0.482287494,0,0,0.310103621
2021-11-07 21:00:00+00:00,0.46324206,0,0,0.296326781
2021-11-07 22:00:00+00:00,0.438653508,0,0,0.284864605
2021-11-07 23:00:00+00:00,0.418137943,0,0,0.290020187
2021-11-08 00:00:00+00:00,0.414366212,0,0,0.284978936
2021-11-08 01:00:00+00:00,0.41590262,0,0,0.243844758
2021-11-08 02:00:00+00:00,0.418210245,0,0,0.231661304
2021-11-08 03:00:00+00:00,0.408907445,0,0,0.239565131
2021-11-08 04:00:00+00:00,0.41172118,0,0,0.275463144
2021-11-08 05:00:00+00:00,0.415920695,0,0,0.280945891
2021-11-08 06:00:00+00:00,0.422994197,0,0,0.290778843
2021-11-08 07:00:00+00:00,0.418999536,0,0.079012547,0.289106304
2021-11-08 08:00:00+00:00,0.401303732,0,0.353245823,0.26755459
2021-11-08 09:00:00+00:00,0.382945163,0,0.523519176,0.272455016
2021-11-08 10:00:00+00:00,0.381740137,0,0.575229876,0.251012356
2021-11-08 11:00:00+00:00,0.3905067,0,0.594591644,0.261659151
2021-11-08 12:00:00+00:00,0.393934999,0,0.603596244,0.266532862
2021-11-08 13:00:00+00:00,0.394278431,0,0.599864157,0.277296736
2021-11-08 14:00:00+00:00,0.394639939,0,0.560276479,0.298813821
2021-11-08 15:00:00+00:00,0.405298393,0,0.410980462,0.296040732
2021-11-08 16:00:00+00:00,0.411829633,0,0.124348641,0.329861099
2021-11-08 17:00:00+00:00,0.419535773,0,0.001715758,0.344261706
2021-11-08 18:00:00+00:00,0.437249653,0,0,0.351991177
2021-11-08 19:00:00+00:00,0.441274439,0,0,0.358573925
2021-11-08 20:00:00+00:00,0.438171498,0,0,0.362226378
2021-11-08 21:00:00+00:00,0.432296997,0,0,0.356196159
2021-11-08 22:00:00+00:00,0.416993168,0,0,0.330975942
2021-11-08 23:00:00+00:00,0.400116781,0,0,0.27391824
2021-11-09 00:00:00+00:00,0.382324575,0,0,0.257376006
2021-11-09 01:00:00+00:00,0.365574716,0,0,0.248998142
2021-11-09 02:00:00+00:00,0.355783881,0,0,0.244734566
2021-11-09 03:00:00+00:00,0.348168117,0,0,0.242592278
2021-11-09 04:00:00+00:00,0.331448384,0,0,0.243455591
2021-11-09 05:00:00+00:00,0.334726054,0,0,0.249241537
2021-11-09 06:00:00+00:00,0.345625513,0,0,0.259136161
2021-11-09 07:00:00+00:00,0.344414462,0,0.075869077,0.26611874
2021-11-09 08:00:00+00:00,0.336569744,0,0.357679242,0.260413157
2021-11-09 09:00:00+00:00,0.315132334,0,0.54266804,0.254915789
2021-11-09 10:00:00+00:00,0.29981043,0,0.589945321,0.2497535
2021-11-09 11:00:00+00:00,0.275517109,0,0.597910447,0.244863299
2021-11-09 12:00:00+00:00,0.248205198,0,0.588454991,0.244474241
2021-11-09 13:00:00+00:00,0.22706302,0,0.58090315,0.244237333
2021-11-09 14:00:00+00:00,0.204275981,0,0.545197844,0.255367838
2021-11-09 15:00:00+00:00,0.181741998,0,0.395388352,0.264080561
2021-11-09 16:00:00+00:00,0.175234858,0,0.118825653,0.278388273
2021-11-09 17:00:00+00:00,0.190092827,0,0.002103996,0.307201029
2021-11-09 18:00:00+00:00,0.205113474,0,0,0.302860058
2021-11-09 19:00:00+00:00,0.213590831,0,0,0.296851386
2021-11-09 20:00:00+00:00,0.215229666,0,0,0.287398367
2021-11-09 21:00:00+00:00,0.218766417,0,0,0.27824239
2021-11-09 22:00:00+00:00,0.216229838,0,0,0.255433469
2021-11-09 23:00:00+00:00,0.209053909,0,0,0.238704457
2021-11-10 00:00:00+00:00,0.195274438,0,0,0.232666322
2021-11-10 01:00:00+00:00,0.170740112,0,0,0.229131169
2021-11-10 02:00:00+00:00,0.159786427,0,0,0.224660587
2021-11-10 03:00:00+00:00,0.156032771,0,0,0.224449183
2021-11-10 04:00:00+00:00,0.147386711,0,0,0.227153893
2021-11-10 05:00:00+00:00,0.134788166,0,0,0.240617091
2021-11-10 06:00:00+00:00,0.116164491,0,0,0.278869235
2021-11-10 07:00:00+00:00,0.108789733,0,0.060702776,0.256019528
2021-11-10 08:00:00+00:00,0.098336134,0,0.302461883,0.244840652
2021-11-10 09:00:00+00:00,0.078778565,0,0.476342086,0.241129494
2021-11-10 10:00:00+00:00,0.064438757,0,0.54703884,0.238186777
2021-11-10 11:00:00+00:00,0.054882902,0,0.56587461,0.240958987
2021-11-10 12:00:00+00:00,0.059763257,0,0.569493983,0.233970581
2021-11-10 13:00:00+00:00,0.076723996,0,0.561791857,0.226527379
2021-11-10 14:00:00+00:00,0.100908864,0,0.521264895,0.22595693
2021-11-10 15:00:00+00:00,0.127208553,0,0.380485051,0.236239183
2021-11-10 16:00:00+00:00,0.154954273,0,0.110096576,0.254335446
2021-11-10 17:00:00+00:00,0.189827721,0,5.72784E-12,0.288190773
2021-11-10 18:00:00+00:00,0.209963703,0,0,0.281286137
2021-11-10 19:00:00+00:00,0.205227952,0,0,0.28438738
2021-11-10 20:00:00+00:00,0.190273581,0,0,0.293307659
2021-11-10 21:00:00+00:00,0.175054104,0,0,0.26029036
2021-11-10 22:00:00+00:00,0.158575376,0,0,0.240680743
2021-11-10 23:00:00+00:00,0.154038454,0,0,0.224911346
2021-11-11 00:00:00+00:00,0.152399619,0,0,0.217795198
2021-11-11 01:00:00+00:00,0.153447991,0,0,0.210801955
2021-11-11 02:00:00+00:00,0.136192021,0,0,0.207666633
2021-11-11 03:00:00+00:00,0.137270519,0,0,0.205826005
2021-11-11 04:00:00+00:00,0.132486566,0,0,0.206097762
2021-11-11 05:00:00+00:00,0.121804012,0,0,0.20631939
2021-11-11 06:00:00+00:00,0.112404811,0,0,0.213111233
2021-11-11 07:00:00+00:00,0.104548042,0,0.047152043,0.219431788
2021-11-11 08:00:00+00:00,0.084056578,0,0.290326337,0.218823962
2021-11-11 09:00:00+00:00,0.068505719,0,0.465922298,0.21406755
2021-11-11 10:00:00+00:00,0.058937814,0,0.528203071,0.211240703
2021-11-11 11:00:00+00:00,0.048677019,0,0.533287727,0.212374124
2021-11-11 12:00:00+00:00,0.04407382,0,0.526524884,0.213776774
2021-11-11 13:00:00+00:00,0.045772907,0,0.513124436,0.21460106
2021-11-11 14:00:00+00:00,0.048779446,0,0.470668812,0.217252673
2021-11-11 15:00:00+00:00,0.049713341,0,0.331980439,0.226388422
2021-11-11 16:00:00+00:00,0.05550349,0,0.089482429,0.265914592
2021-11-11 17:00:00+00:00,0.069608318,0,5.13671E-12,0.299815102
2021-11-11 18:00:00+00:00,0.076031106,0,0,0.280524294
2021-11-11 19:00:00+00:00,0.076820398,0,0,0.275863415
2021-11-11 20:00:00+00:00,0.082881678,0,0,0.260806831
2021-11-11 21:00:00+00:00,0.08510495,0,0,0.233644407
2021-11-11 22:00:00+00:00,0.084189131,0,0,0.216567783
2021-11-11 23:00:00+00:00,0.080742757,0,0,0.210732477
2021-11-12 00:00:00+00:00,0.07997154,0,0,0.208885803
2021-11-12 01:00:00+00:00,0.083231135,0,0,0.206262994
2021-11-12 02:00:00+00:00,0.08277925,0,0,0.20541705
2021-11-12 03:00:00+00:00,0.087508977,0,0,0.204310123
2021-11-12 04:00:00+00:00,0.091943472,0,0,0.202780939
2021-11-12 05:00:00+00:00,0.100710035,0,0,0.204522296
2021-11-12 06:00:00+00:00,0.112844645,0,0,0.220547839
2021-11-12 07:00:00+00:00,0.12612403,0,0.04651333,0.229469217
2021-11-12 08:00:00+00:00,0.118134709,0,0.266856768,0.223492976
2021-11-12 09:00:00+00:00,0.098745843,0,0.441851587,0.220808933
2021-11-12 10:00:00+00:00,0.104114233,0,0.493123955,0.221191724
2021-11-12 11:00:00+00:00,0.102529624,0,0.509592729,0.219354174
2021-11-12 12:00:00+00:00,0.098486762,0,0.506248879,0.218484155
2021-11-12 13:00:00+00:00,0.10349967,0,0.498158515,0.215073008
2021-11-12 14:00:00+00:00,0.105903696,0,0.467976198,0.215795275
2021-11-12 15:00:00+00:00,0.110663548,0,0.330778156,0.225789391
2021-11-12 16:00:00+00:00,0.133064979,0,0.095143179,0.239274905
2021-11-12 17:00:00+00:00,0.162955645,0,5.07556E-12,0.256059654
2021-11-12 18:00:00+00:00,0.185658332,0,0,0.263248469
2021-11-12 19:00:00+00:00,0.193219869,0,0,0.259698035
2021-11-12 20:00:00+00:00,0.204836318,0,0,0.244732257
2021-11-12 21:00:00+00:00,0.199733034,0,0,0.222339876
2021-11-12 22:00:00+00:00,0.191876265,0,0,0.211655155
2021-11-12 23:00:00+00:00,0.188833575,0,0,0.204361462
2021-11-13 00:00:00+00:00,0.179964585,0,0,0.201844519
2021-11-13 01:00:00+00:00,0.175686743,0,0,0.20119316
2021-11-13 02:00:00+00:00,0.16131681,0,0,0.196796562
2021-11-13 03:00:00+00:00,0.157020893,0,0,0.193872863
2021-11-13 04:00:00+00:00,0.161636142,0,0,0.192248696
2021-11-13 05:00:00+00:00,0.17390933,0,0,0.193449836
2021-11-13 06:00:00+00:00,0.168215583,0,0,0.197553239
2021-11-13 07:00:00+00:00,0.160105759,0,0.047114472,0.197767501
2021-11-13 08:00:00+00:00,0.151935684,0,0.293043998,0.196603958
2021-11-13 09:00:00+00:00,0.154990424,0,0.47552804,0.194824893
2021-11-13 10:00:00+00:00,0.165383772,0,0.510506965,0.191952203
2021-11-13 11:00:00+00:00,0.170300277,0,0.537646003,0.190013514
2021-11-13 12:00:00+00:00,0.173330917,0,0.549205455,0.189475386
2021-11-13 13:00:00+00:00,0.187502021,0,0.545874129,0.189224077
2021-11-13 14:00:00+00:00,0.198570184,0,0.500350177,0.191175189
2021-11-13 15:00:00+00:00,0.206173897,0,0.350240115,0.203474953
2021-11-13 16:00:00+00:00,0.20376987,0,0.093627802,0.220601377
2021-11-13 17:00:00+00:00,0.224375812,0,4.6475E-12,0.255826483
2021-11-13 18:00:00+00:00,0.242119818,0,0,0.239198501
2021-11-13 19:00:00+00:00,0.246445861,0,0,0.230724665
2021-11-13 20:00:00+00:00,0.248771561,0,0,0.225366474
2021-11-13 21:00:00+00:00,0.249163194,0,0,0.210521294
2021-11-13 22:00:00+00:00,0.256700631,0,0,0.201623552
2021-11-13 23:00:00+00:00,0.258743149,0,0,0.202719266
2021-11-14 00:00:00+00:00,0.259550517,0,0,0.192249026
2021-11-14 01:00:00+00:00,0.257646576,0,0,0.185842722
2021-11-14 02:00:00+00:00,0.265009284,0,0,0.185604385
2021-11-14 03:00:00+00:00,0.278951433,0,0,0.186238155
2021-11-14 04:00:00+00:00,0.287476991,0,0,0.185806993
2021-11-14 05:00:00+00:00,0.302051778,0,0,0.182402662
2021-11-14 06:00:00+00:00,0.315240786,0,0,0.182053841
2021-11-14 07:00:00+00:00,0.322772198,0,0.053363839,0.181958748
2021-11-14 08:00:00+00:00,0.32149487,0,0.307797014,0.183804542
2021-11-14 09:00:00+00:00,0.322579393,0,0.48499602,0.180893815
2021-11-14 10:00:00+00:00,0.319000467,0,0.537069909,0.17789745
2021-11-14 11:00:00+00:00,0.324272455,0,0.554866205,0.177703306
2021-11-14 12:00:00+00:00,0.323862746,0,0.558310245,0.178145791
2021-11-14 13:00:00+00:00,0.326489702,0,0.555542489,0.17996806
2021-11-14 14:00:00+00:00,0.336702296,0,0.522567368,0.18679728
2021-11-14 15:00:00+00:00,0.355753755,0,0.373622018,0.2264081
2021-11-14 16:00:00+00:00,0.369316321,0,0.097685507,0.253031627
2021-11-14 17:00:00+00:00,0.388470207,0,4.60673E-12,0.26196125
2021-11-14 18:00:00+00:00,0.405250192,0,0,0.233992128
2021-11-14 19:00:00+00:00,0.395194251,0,0,0.221967859
2021-11-14 20:00:00+00:00,0.382185997,0,0,0.209964587
2021-11-14 21:00:00+00:00,0.375504129,0,0,0.200464406
2021-11-14 22:00:00+00:00,0.369623602,0,0,0.196270747
2021-11-14 23:00:00+00:00,0.370503271,0,0,0.187798451
2021-11-15 00:00:00+00:00,0.375461953,0,0,0.188926595
2021-11-15 01:00:00+00:00,0.372985625,0,0,0.18661325
2021-11-15 02:00:00+00:00,0.379818121,0,0,0.186704496
2021-11-15 03:00:00+00:00,0.39794171,0,0,0.187828133
2021-11-15 04:00:00+00:00,0.407925349,0,0,0.188225875
2021-11-15 05:00:00+00:00,0.411148793,0,0,0.199998285
2021-11-15 06:00:00+00:00,0.417083545,0,0,0.238523175
2021-11-15 07:00:00+00:00,0.417324551,0,0.055605596,0.214778934
2021-11-15 08:00:00+00:00,0.400225234,0,0.322850601,0.207123888
2021-11-15 09:00:00+00:00,0.398230916,0,0.518760138,0.201556822
2021-11-15 10:00:00+00:00,0.415938771,0,0.56140362,0.200947786
2021-11-15 11:00:00+00:00,0.413522694,0,0.553839255,0.202028439
2021-11-15 12:00:00+00:00,0.408027776,0,0.548954979,0.205894714
2021-11-15 13:00:00+00:00,0.406943253,0,0.547978124,0.206449662
2021-11-15 14:00:00+00:00,0.404075291,0,0.500074654,0.214237508
2021-11-15 15:00:00+00:00,0.394308557,0,0.348674642,0.24097009
2021-11-15 16:00:00+00:00,0.370105613,0,0.091824377,0.246519127
2021-11-15 17:00:00+00:00,0.379221633,0,5.60553E-12,0.268344137
2021-11-15 18:00:00+00:00,0.394579688,0,0,0.266626746
2021-11-15 19:00:00+00:00,0.402954617,0,0,0.261964108
2021-11-15 20:00:00+00:00,0.3940073,0,0,0.255779542
2021-11-15 21:00:00+00:00,0.384397219,0,0,0.242677477
2021-11-15 22:00:00+00:00,0.370617749,0,0,0.230859664
2021-11-15 23:00:00+00:00,0.355446473,0,0,0.220428231
2021-11-16 00:00:00+00:00,0.359043476,0,0,0.21306484
2021-11-16 01:00:00+00:00,0.352253155,0,0,0.207813945
2021-11-16 02:00:00+00:00,0.336949327,0,0,0.208147815
2021-11-16 03:00:00+00:00,0.34108859,0,0,0.211682418
2021-11-16 04:00:00+00:00,0.347475227,0,0,0.216190818
2021-11-16 05:00:00+00:00,0.342287591,0,0,0.232157437
2021-11-16 06:00:00+00:00,0.339636534,0,0,0.225078226
2021-11-16 07:00:00+00:00,0.329833649,0,0.054152838,0.22756021
2021-11-16 08:00:00+00:00,0.31261383,0,0.313031956,0.22537219
2021-11-16 09:00:00+00:00,0.307064686,0,0.506273927,0.223012344
2021-11-16 10:00:00+00:00,0.31100512,0,0.550420262,0.221992594
2021-11-16 11:00:00+00:00,0.309884446,0,0.541127615,0.222831282
2021-11-16 12:00:00+00:00,0.299744154,0,0.544659322,0.220739345
2021-11-16 13:00:00+00:00,0.29677979,0,0.545748891,0.215869701
2021-11-16 14:00:00+00:00,0.294086557,0,0.513913434,0.217938882
2021-11-16 15:00:00+00:00,0.285892382,0,0.361173377,0.230391675
2021-11-16 16:00:00+00:00,0.281536213,0,0.093978467,0.252099275
2021-11-16 17:00:00+00:00,0.303148352,0,4.70865E-12,0.284969372
2021-11-16 18:00:00+00:00,0.323465087,0,0,0.300955889
2021-11-16 19:00:00+00:00,0.331165203,0,0,0.288836966
2021-11-16 20:00:00+00:00,0.333822285,0,0,0.256680562
2021-11-16 21:00:00+00:00,0.338805066,0,0,0.236823703
2021-11-16 22:00:00+00:00,0.339606409,0,0,0.222691336
2021-11-16 23:00:00+00:00,0.348198243,0,0,0.216074508
2021-11-17 00:00:00+00:00,0.359724315,0,0,0.213623746
2021-11-17 01:00:00+00:00,0.363309267,0,0,0.211272913
2021-11-17 02:00:00+00:00,0.36718945,0,0,0.206227155
2021-11-17 03:00:00+00:00,0.362779056,0,0,0.207042317
2021-11-17 04:00:00+00:00,0.360531682,0,0,0.212167778
2021-11-17 05:00:00+00:00,0.365345761,0,0,0.238950489
2021-11-17 06:00:00+00:00,0.382270349,0,0,0.262627671
2021-11-17 07:00:00+00:00,0.400285485,0,0.040815009,0.238438416
2021-11-17 08:00:00+00:00,0.424283575,0,0.277138794,0.257854769
2021-11-17 09:00:00+00:00,0.449342087,0,0.477707178,0.248213652
2021-11-17 10:00:00+00:00,0.453294572,0,0.532987156,0.23414021
2021-11-17 11:00:00+00:00,0.445106421,0,0.555968298,0.232115992
2021-11-17 12:00:00+00:00,0.431206448,0,0.537558337,0.229842224
2021-11-17 13:00:00+00:00,0.429700166,0,0.529480497,0.217417134
2021-11-17 14:00:00+00:00,0.442136033,0,0.478834318,0.217399655
2021-11-17 15:00:00+00:00,0.441750424,0,0.332018011,0.237553336
2021-11-17 16:00:00+00:00,0.438358277,0,0.083496061,0.265977255
2021-11-17 17:00:00+00:00,0.436020527,0,3.8933E-12,0.291891706
2021-11-17 18:00:00+00:00,0.440117614,0,0,0.281924965
2021-11-17 19:00:00+00:00,0.433248967,0,0,0.274991637
2021-11-17 20:00:00+00:00,0.432248796,0,0,0.259184642
2021-11-17 21:00:00+00:00,0.437948568,0,0,0.271465498
2021-11-17 22:00:00+00:00,0.431242599,0,0,0.264559764
2021-11-17 23:00:00+00:00,0.423982318,0,0,0.252085204
2021-11-18 00:00:00+00:00,0.41379985,0,0,0.270223132
2021-11-18 01:00:00+00:00,0.398080288,0,0,0.274881483
2021-11-18 02:00:00+00:00,0.393573491,0,0,0.275399602
2021-11-18 03:00:00+00:00,0.399152761,0,0,0.264795572
2021-11-18 04:00:00+00:00,0.400490339,0,0,0.245205414
2021-11-18 05:00:00+00:00,0.393718094,0,0,0.253900217
2021-11-18 06:00:00+00:00,0.377727401,0,0,0.265948452
2021-11-18 07:00:00+00:00,0.364743248,0,0.032737169,0.269276599
2021-11-18 08:00:00+00:00,0.346378654,0,0.247357238,0.266175906
2021-11-18 09:00:00+00:00,0.344275884,0,0.429703518,0.218948517
2021-11-18 10:00:00+00:00,0.347342675,0,0.473474139,0.211701107
2021-11-18 11:00:00+00:00,0.319428251,0,0.467638056,0.246309043
2021-11-18 12:00:00+00:00,0.284874135,0,0.447387099,0.274794415
2021-11-18 13:00:00+00:00,0.265943179,0,0.434738078,0.244670144
2021-11-18 14:00:00+00:00,0.253224131,0,0.386922275,0.241552631
2021-11-18 15:00:00+00:00,0.247265278,0,0.264827915,0.266127315
2021-11-18 16:00:00+00:00,0.241842662,0,0.072174561,0.253972883
2021-11-18 17:00:00+00:00,0.25595954,0,2.95565E-12,0.26322945
2021-11-18 18:00:00+00:00,0.267383185,0,0,0.266478994
2021-11-18 19:00:00+00:00,0.271992409,0,0,0.266648623
2021-11-18 20:00:00+00:00,0.266455315,0,0,0.28345206
2021-11-18 21:00:00+00:00,0.258929928,0,0,0.263522095
2021-11-18 22:00:00+00:00,0.243300743,0,0,0.228286985
2021-11-18 23:00:00+00:00,0.227099171,0,0,0.206796284
2021-11-19 00:00:00+00:00,0.218549512,0,0,0.200454842
2021-11-19 01:00:00+00:00,0.221194544,0,0,0.196261733
2021-11-19 02:00:00+00:00,0.225080752,0,0,0.194901077
2021-11-19 03:00:00+00:00,0.223857651,0,0,0.193540752
2021-11-19 04:00:00+00:00,0.231816847,0,0,0.192313667
2021-11-19 05:00:00+00:00,0.238522816,0,0,0.196549101
2021-11-19 06:00:00+00:00,0.237890177,0,0,0.203314889
2021-11-19 07:00:00+00:00,0.23543795,0,0.026988752,0.207041877
2021-11-19 08:00:00+00:00,0.2319735,0,0.202947903,0.200212437
2021-11-19 09:00:00+00:00,0.229183865,0,0.385519611,0.198179864
2021-11-19 10:00:00+00:00,0.227581181,0,0.462002354,0.192983056
2021-11-19 11:00:00+00:00,0.223713048,0,0.44748729,0.191231805
2021-11-19 12:00:00+00:00,0.226556909,0,0.444832248,0.189533542
2021-11-19 13:00:00+00:00,0.223405766,0,0.398431632,0.190232833
2021-11-19 14:00:00+00:00,0.222640575,0,0.329701111,0.194252686
2021-11-19 15:00:00+00:00,0.220827011,0,0.207268608,0.212652038
2021-11-19 16:00:00+00:00,0.221604253,0,0.040990342,0.224944107
2021-11-19 17:00:00+00:00,0.242210195,0,1.56955E-12,0.239488177
2021-11-19 18:00:00+00:00,0.251386467,0,0,0.246321355
2021-11-19 19:00:00+00:00,0.254862966,0,0,0.243019703
2021-11-19 20:00:00+00:00,0.258152687,0,0,0.233943648
2021-11-19 21:00:00+00:00,0.26388861,0,0,0.225387801
2021-11-19 22:00:00+00:00,0.263159569,0,0,0.213203907
2021-11-19 23:00:00+00:00,0.266593893,0,0,0.198301231
2021-11-20 00:00:00+00:00,0.264268193,0,0,0.193415207
2021-11-20 01:00:00+00:00,0.259195034,0,0,0.190762496
2021-11-20 02:00:00+00:00,0.249410224,0,0,0.187027922
2021-11-20 03:00:00+00:00,0.232714591,0,0,0.18531185
2021-11-20 04:00:00+00:00,0.221206594,0,0,0.185883397
2021-11-20 05:00:00+00:00,0.200666929,0,0,0.187478322
2021-11-20 06:00:00+00:00,0.185260673,0,0,0.185534686
2021-11-20 07:00:00+00:00,0.170035172,0,0.006074035,0.183509259
2021-11-20 08:00:00+00:00,0.152267066,0,0.049894751,0.179274045
2021-11-20 09:00:00+00:00,0.139831199,0,0.103358781,0.180298412
2021-11-20 10:00:00+00:00,0.119171031,0,0.148331686,0.18008459
2021-11-20 11:00:00+00:00,0.091925397,0,0.15569567,0.18006777
2021-11-20 12:00:00+00:00,0.072440129,0,0.15960309,0.191820832
2021-11-20 13:00:00+00:00,0.062125107,0,0.150823918,0.183947896
2021-11-20 14:00:00+00:00,0.053171765,0,0.103458971,0.182393098
2021-11-20 15:00:00+00:00,0.049400035,0,0.049005563,0.185309981
2021-11-20 16:00:00+00:00,0.044332901,0,0.011509357,0.198794506
2021-11-20 17:00:00+00:00,0.043350805,0,0,0.213196761
2021-11-20 18:00:00+00:00,0.043802689,0,0,0.219731468
2021-11-20 19:00:00+00:00,0.045007715,0,0,0.22203338
2021-11-20 20:00:00+00:00,0.042760342,0,0,0.217995388
2021-11-20 21:00:00+00:00,0.039729702,0,0,0.20274565
2021-11-20 22:00:00+00:00,0.035222905,0,0,0.19796967
2021-11-20 23:00:00+00:00,0.031240295,0,0,0.189233751
2021-11-21 00:00:00+00:00,0.026709398,0,0,0.17991826
2021-11-21 01:00:00+00:00,0.024413824,0,0,0.176939373
2021-11-21 02:00:00+00:00,0.025998433,0,0,0.173820651
2021-11-21 03:00:00+00:00,0.030716109,0,0,0.172205718
2021-11-21 04:00:00+00:00,0.041483015,0,0,0.17021591
2021-11-21 05:00:00+00:00,0.050454432,0,0,0.168736526
2021-11-21 06:00:00+00:00,0.060172966,0,0,0.167230427
2021-11-21 07:00:00+00:00,0.066535502,0,0.013901399,0.168156623
2021-11-21 08:00:00+00:00,0.078368856,0,0.100929167,0.173096625
2021-11-21 09:00:00+00:00,0.079091871,0,0.215559353,0.174342399
2021-11-21 10:00:00+00:00,0.089702124,0,0.323426695,0.171641316
2021-11-21 11:00:00+00:00,0.114115947,0,0.347534978,0.172468461
2021-11-21 12:00:00+00:00,0.138162238,0,0.353120585,0.173408178
2021-11-21 13:00:00+00:00,0.164696907,0,0.335925431,0.174556001
2021-11-21 14:00:00+00:00,0.180747852,0,0.28288721,0.176047477
2021-11-21 15:00:00+00:00,0.179458474,0,0.17648515,0.185413539
2021-11-21 16:00:00+00:00,0.184139999,0,0.037734158,0.205808086
2021-11-21 17:00:00+00:00,0.204866444,0,0,0.217482325
2021-11-21 18:00:00+00:00,0.237884152,0,0,0.22278456
2021-11-21 19:00:00+00:00,0.253910996,0,0,0.227189402
2021-11-21 20:00:00+00:00,0.246566363,0,0,0.216845257
2021-11-21 21:00:00+00:00,0.24711465,0,0,0.193842082
2021-11-21 22:00:00+00:00,0.244457568,0,0,0.182179935
2021-11-21 23:00:00+00:00,0.226785864,0,0,0.181592337
2021-11-22 00:00:00+00:00,0.207149968,0,0,0.181668302
2021-11-22 01:00:00+00:00,0.205975068,0,0,0.180748482
2021-11-22 02:00:00+00:00,0.196461389,0,0,0.182279645
2021-11-22 03:00:00+00:00,0.190803792,0,0,0.184055742
2021-11-22 04:00:00+00:00,0.214898284,0,0,0.186675803
2021-11-22 05:00:00+00:00,0.240179726,0,0,0.190366623
2021-11-22 06:00:00+00:00,0.257212767,0,0,0.194385926
2021-11-22 07:00:00+00:00,0.251760025,0,0.009129838,0.200554662
2021-11-22 08:00:00+00:00,0.233588235,0,0.081304399,0.204068378
2021-11-22 09:00:00+00:00,0.218061477,0,0.196160013,0.201549456
2021-11-22 10:00:00+00:00,0.196262559,0,0.254683651,0.202959912
2021-11-22 11:00:00+00:00,0.191430406,0,0.262210444,0.205809185
2021-11-22 12:00:00+00:00,0.198793114,0,0.248546997,0.20707046
2021-11-22 13:00:00+00:00,0.208330893,0,0.252216465,0.209266835
2021-11-22 14:00:00+00:00,0.213572756,0,0.218214395,0.210860111
2021-11-22 15:00:00+00:00,0.224026355,0,0.142695983,0.217634144
2021-11-22 16:00:00+00:00,0.252645719,0,0.032499217,0.238542963
2021-11-22 17:00:00+00:00,0.268835241,0,0,0.255917399
2021-11-22 18:00:00+00:00,0.289676163,0,0,0.268146586
2021-11-22 19:00:00+00:00,0.317144727,0,0,0.272369377
2021-11-22 20:00:00+00:00,0.335762376,0,0,0.256665501
2021-11-22 21:00:00+00:00,0.357543218,0,0,0.230179831
2021-11-22 22:00:00+00:00,0.360501557,0,0,0.223093365
2021-11-22 23:00:00+00:00,0.363098388,0,0,0.221275604
2021-11-23 00:00:00+00:00,0.373112152,0,0,0.219714538
2021-11-23 01:00:00+00:00,0.396182372,0,0,0.217258609
2021-11-23 02:00:00+00:00,0.393531315,0,0,0.217911068
2021-11-23 03:00:00+00:00,0.365833796,0,0,0.219337244
2021-11-23 04:00:00+00:00,0.361754784,0,0,0.223554869
2021-11-23 05:00:00+00:00,0.360802813,0,0,0.230026253
2021-11-23 06:00:00+00:00,0.34968645,0,0,0.232474377
2021-11-23 07:00:00+00:00,0.355193418,0,0.016042966,0.23300448
2021-11-23 08:00:00+00:00,0.348951384,0,0.138600706,0.228083057
2021-11-23 09:00:00+00:00,0.344528939,0,0.238916208,0.226188232
2021-11-23 10:00:00+00:00,0.333539104,0,0.272267042,0.227052864
2021-11-23 11:00:00+00:00,0.328164688,0,0.300345363,0.232330474
2021-11-23 12:00:00+00:00,0.327447698,0,0.327371687,0.234150873
2021-11-23 13:00:00+00:00,0.340377625,0,0.29728956,0.234847746
2021-11-23 14:00:00+00:00,0.329351639,0,0.239504826,0.23522493
2021-11-23 15:00:00+00:00,0.315096183,0,0.146966593,0.24315778
2021-11-23 16:00:00+00:00,0.308016656,0,0.024859709,0.261449286
2021-11-23 17:00:00+00:00,0.287199835,0,0,0.279289183
2021-11-23 18:00:00+00:00,0.26529849,0,0,0.302014115
2021-11-23 19:00:00+00:00,0.244807025,0,0,0.341372856
2021-11-23 20:00:00+00:00,0.223532294,0,0,0.306276482
2021-11-23 21:00:00+00:00,0.210240859,0,0,0.280182179
2021-11-23 22:00:00+00:00,0.197612188,0,0,0.273347351
2021-11-23 23:00:00+00:00,0.182579491,0,0,0.266067841
2021-11-24 00:00:00+00:00,0.169721865,0,0,0.262689454
2021-11-24 01:00:00+00:00,0.16925793,0,0,0.259653732
2021-11-24 02:00:00+00:00,0.157533029,0,0,0.255423355
2021-11-24 03:00:00+00:00,0.132450416,0,0,0.251954822
2021-11-24 04:00:00+00:00,0.123478998,0,0,0.260447786
2021-11-24 05:00:00+00:00,0.13963237,0,0,0.308466701
2021-11-24 06:00:00+00:00,0.155900219,0,0.021340526,0.323753157
2021-11-24 07:00:00+00:00,0.166727376,0,0.047214662,0.345063676
2021-11-24 08:00:00+00:00,0.174409416,0,0.178701859,0.303482725
2021-11-24 09:00:00+00:00,0.194045312,0,0.308085061,0.314594541
2021-11-24 10:00:00+00:00,0.221760906,0,0.375074776,0.325449001
2021-11-24 11:00:00+00:00,0.250440521,0,0.370516119,0.295828889
2021-11-24 12:00:00+00:00,0.288965198,0,0.329676063,0.329514367
2021-11-24 13:00:00+00:00,0.330387961,0,0.279994216,0.289952358
2021-11-24 14:00:00+00:00,0.372786795,0,0.195483728,0.280743063
2021-11-24 15:00:00+00:00,0.391790053,0,0.145000359,0.283153259
2021-11-24 16:00:00+00:00,0.406828775,0,0.058673923,0.307256326
2021-11-24 17:00:00+00:00,0.413908302,0,0.00473399,0.344692758
2021-11-24 18:00:00+00:00,0.427043084,0,0,0.367411203
2021-11-24 19:00:00+00:00,0.431628207,0,0,0.385397313
2021-11-24 20:00:00+00:00,0.422301307,0,0,0.373274322
2021-11-24 21:00:00+00:00,0.399249163,0,0,0.318255459
2021-11-24 22:00:00+00:00,0.382023318,0,0,0.312206881
2021-11-24 23:00:00+00:00,0.379974774,0,0,0.32411484
2021-11-25 00:00:00+00:00,0.377462296,0,0,0.311521222
2021-11-25 01:00:00+00:00,0.368659582,0,0,0.307509504
2021-11-25 02:00:00+00:00,0.355199443,0,0,0.307645603
2021-11-25 03:00:00+00:00,0.340299299,0,0,0.308446033
2021-11-25 04:00:00+00:00,0.333231822,0,0,0.318444326
2021-11-25 05:00:00+00:00,0.341733279,0,0,0.36001835
2021-11-25 06:00:00+00:00,0.32870695,0,0,0.372868335
2021-11-25 07:00:00+00:00,0.323977223,0,0.014126827,0.332652108
2021-11-25 08:00:00+00:00,0.326254722,0,0.132526671,0.336591049
2021-11-25 09:00:00+00:00,0.32823699,0,0.275498178,0.357915859
2021-11-25 10:00:00+00:00,0.342100812,0,0.325355358,0.372570524
2021-11-25 11:00:00+00:00,0.370346618,0,0.321134843,0.356759901
2021-11-25 12:00:00+00:00,0.391536997,0,0.317352661,0.330623053
2021-11-25 13:00:00+00:00,0.394742366,0,0.301685408,0.329629798
2021-11-25 14:00:00+00:00,0.406057559,0,0.248546997,0.343318141
2021-11-25 15:00:00+00:00,0.402388255,0,0.141631462,0.382789564
2021-11-25 16:00:00+00:00,0.396079945,0,0.025598612,0.393034659
2021-11-25 17:00:00+00:00,0.401243481,0,0,0.386897034
2021-11-25 18:00:00+00:00,0.384565923,0,0,0.404139329
2021-11-25 19:00:00+00:00,0.380938795,0,0,0.424209571
2021-11-25 20:00:00+00:00,0.384692451,0,0,0.455361506
2021-11-25 21:00:00+00:00,0.399478118,0,0,0.416024972
2021-11-25 22:00:00+00:00,0.402460557,0,0,0.398447048
2021-11-25 23:00:00+00:00,0.403231773,0,0,0.39193147
2021-11-26 00:00:00+00:00,0.40400299,0,0,0.377143345
2021-11-26 01:00:00+00:00,0.395115924,0,0,0.340181279
2021-11-26 02:00:00+00:00,0.385132285,0,0,0.331451077
2021-11-26 03:00:00+00:00,0.376932084,0,0,0.330523013
2021-11-26 04:00:00+00:00,0.378119035,0,0,0.337880577
2021-11-26 05:00:00+00:00,0.368828285,0,0,0.378809398
2021-11-26 06:00:00+00:00,0.356856354,0,0,0.410802769
2021-11-26 07:00:00+00:00,0.348216318,0,0.015930252,0.417552177
2021-11-26 08:00:00+00:00,0.337750669,0,0.165802363,0.388564516
2021-11-26 09:00:00+00:00,0.339720886,0,0.371580641,0.369068461
2021-11-26 10:00:00+00:00,0.359188079,0,0.457180698,0.360124766
2021-11-26 11:00:00+00:00,0.372352986,0,0.484232069,0.335902751
2021-11-26 12:00:00+00:00,0.369075316,0,0.494914856,0.329187533
2021-11-26 13:00:00+00:00,0.388994393,0,0.484845734,0.33608909
2021-11-26 14:00:00+00:00,0.417125721,0,0.432809416,0.343652451
2021-11-26 15:00:00+00:00,0.419897281,0,0.297765464,0.378556659
2021-11-26 16:00:00+00:00,0.4009844,0,0.087704052,0.413429316
2021-11-26 17:00:00+00:00,0.392163611,0,0.029117795,0.405266374
2021-11-26 18:00:00+00:00,0.389157071,0,0.029117795,0.408073763
2021-11-26 19:00:00+00:00,0.397935685,0,0.003168517,0.426115609
2021-11-26 20:00:00+00:00,0.396110071,0,0,0.462957187
2021-11-26 21:00:00+00:00,0.392320264,0,0,0.423011618
2021-11-26 22:00:00+00:00,0.412582774,0,0,0.393178563
2021-11-26 23:00:00+00:00,0.421361387,0,0,0.383071875
2021-11-27 00:00:00+00:00,0.442756621,0,0,0.377614413
2021-11-27 01:00:00+00:00,0.469797401,0,0,0.385654998
2021-11-27 02:00:00+00:00,0.488565678,0,0,0.388497236
2021-11-27 03:00:00+00:00,0.518010485,0,0,0.384828183
2021-11-27 04:00:00+00:00,0.532892554,0,0,0.375128362
2021-11-27 05:00:00+00:00,0.551088444,0,0,0.361310626
2021-11-27 06:00:00+00:00,0.549317056,0,0,0.361890969
2021-11-27 07:00:00+00:00,0.555510889,0,0.019937862,0.371564956
2021-11-27 08:00:00+00:00,0.570531536,0,0.194043493,0.391844842
2021-11-27 09:00:00+00:00,0.575936077,0,0.356001055,0.396316084
2021-11-27 10:00:00+00:00,0.587679054,0,0.424831766,0.383310102
2021-11-27 11:00:00+00:00,0.601603128,0,0.423328912,0.40335264
2021-11-27 12:00:00+00:00,0.614978915,0,0.403278336,0.401435938
2021-11-27 13:00:00+00:00,0.636585028,0,0.375237586,0.392684519
2021-11-27 14:00:00+00:00,0.610743249,0,0.336739477,0.393536509
2021-11-27 15:00:00+00:00,0.57557457,0,0.232366269,0.388235043
2021-11-27 16:00:00+00:00,0.551220997,0,0.047101948,0.420952001
2021-11-27 17:00:00+00:00,0.545141642,0,0,0.444655017
2021-11-27 18:00:00+00:00,0.546617799,0,0,0.424571144
2021-11-27 19:00:00+00:00,0.549292956,0,0,0.43194267
2021-11-27 20:00:00+00:00,0.540038357,0,0,0.434423114
2021-11-27 21:00:00+00:00,0.526746922,0,0,0.413785393
2021-11-27 22:00:00+00:00,0.528855718,0,0,0.395868322
2021-11-27 23:00:00+00:00,0.536296752,0,0,0.383257664
2021-11-28 00:00:00+00:00,0.527692868,0,0,0.369734882
2021-11-28 01:00:00+00:00,0.508942665,0,0,0.329522612
2021-11-28 02:00:00+00:00,0.485498888,0,0,0.327631305
2021-11-28 03:00:00+00:00,0.468923757,0,0,0.322615998
2021-11-28 04:00:00+00:00,0.458421957,0,0,0.320785044
2021-11-28 05:00:00+00:00,0.454903281,0,0,0.330671754
2021-11-28 06:00:00+00:00,0.457355509,0,0,0.377556258
2021-11-28 07:00:00+00:00,0.461265818,0,0.020977336,0.37888888
2021-11-28 08:00:00+00:00,0.44479914,0,0.217174921,0.333563242
2021-11-28 09:00:00+00:00,0.430182176,0,0.435965409,0.348756474
2021-11-28 10:00:00+00:00,0.45436102,0,0.50737602,0.341517419
2021-11-28 11:00:00+00:00,0.47020711,0,0.511158202,0.323667628
2021-11-28 12:00:00+00:00,0.505954201,0,0.49281086,0.331993492
2021-11-28 13:00:00+00:00,0.527735044,0,0.471320049,0.371372681
2021-11-28 14:00:00+00:00,0.563952095,0,0.408776276,0.342119089
2021-11-28 15:00:00+00:00,0.553643099,0,0.258265453,0.375070976
2021-11-28 16:00:00+00:00,0.563964146,0,0.060427253,0.385048381
2021-11-28 17:00:00+00:00,0.566325996,0,0,0.396668313
2021-11-28 18:00:00+00:00,0.58236489,0,0,0.391055404
2021-11-28 19:00:00+00:00,0.597536166,0,0,0.397385084
2021-11-28 20:00:00+00:00,0.593451128,0,0,0.411343865
2021-11-28 21:00:00+00:00,0.578882366,0,0,0.40074841
2021-11-28 22:00:00+00:00,0.587775456,0,0,0.379898186
2021-11-28 23:00:00+00:00,0.584799042,0,0,0.358472346
2021-11-29 00:00:00+00:00,0.585588334,0,0,0.333389217
2021-11-29 01:00:00+00:00,0.561090159,0,0,0.341400999
2021-11-29 02:00:00+00:00,0.554679421,0,0,0.342147782
2021-11-29 03:00:00+00:00,0.546979306,0,0,0.340106414
2021-11-29 04:00:00+00:00,0.535055576,0,0,0.337454582
2021-11-29 05:00:00+00:00,0.531223593,0,0,0.368450631
2021-11-29 06:00:00+00:00,0.511961255,0,0,0.388262417
2021-11-29 07:00:00+00:00,0.486511109,0,0.013074829,0.400916609
2021-11-29 08:00:00+00:00,0.461868331,0,0.161130992,0.377065622
2021-11-29 09:00:00+00:00,0.451065274,0,0.342600607,0.370213205
2021-11-29 10:00:00+00:00,0.450071128,0,0.418857922,0.391750078
2021-11-29 11:00:00+00:00,0.468381496,0,0.447675146,0.350158025
2021-11-29 12:00:00+00:00,0.470707195,0,0.445182913,0.338157501
2021-11-29 13:00:00+00:00,0.447365845,0,0.437255359,0.339709662
2021-11-29 14:00:00+00:00,0.456668644,0,0.410191464,0.356713179
2021-11-29 15:00:00+00:00,0.455626297,0,0.249060472,0.381306442
2021-11-29 16:00:00+00:00,0.429091628,0,0.053814695,0.403212474
2021-11-29 17:00:00+00:00,0.404442824,0,0,0.41394018
2021-11-29 18:00:00+00:00,0.376666979,0,0,0.423872512
2021-11-29 19:00:00+00:00,0.342034536,0,0,0.444007285
2021-11-29 20:00:00+00:00,0.320024739,0,0,0.437121229
2021-11-29 21:00:00+00:00,0.292851406,0,0,0.410531342
2021-11-29 22:00:00+00:00,0.265678073,0,0,0.390184836
2021-11-29 23:00:00+00:00,0.238366162,0,0,0.341501369
2021-11-30 00:00:00+00:00,0.225056652,0,0,0.326800862
2021-11-30 01:00:00+00:00,0.220351026,0,0,0.324593164
2021-11-30 02:00:00+00:00,0.195075609,0,0,0.322171204
2021-11-30 03:00:00+00:00,0.186152392,0,0,0.319627987
2021-11-30 04:00:00+00:00,0.171993339,0,0,0.318325487
2021-11-30 05:00:00+00:00,0.15758123,0,0,0.319525089
2021-11-30 06:00:00+00:00,0.150079944,0,0,0.331306624
2021-11-30 07:00:00+00:00,0.140011953,0,0.017107488,0.335699483
2021-11-30 08:00:00+00:00,0.118158809,0,0.179841524,0.33269905
2021-11-30 09:00:00+00:00,0.096034535,0,0.369727121,0.328547716
2021-11-30 10:00:00+00:00,0.096377967,0,0.465546585,0.331213509
2021-11-30 11:00:00+00:00,0.097293787,0,0.505209405,0.326310006
2021-11-30 12:00:00+00:00,0.09114213,0,0.515854621,0.322758802
2021-11-30 13:00:00+00:00,0.080351123,0,0.515591621,0.32752126
2021-11-30 14:00:00+00:00,0.0710905,0,0.494501571,0.33797556
2021-11-30 15:00:00+00:00,0.060311544,0,0.319531799,0.355857452
2021-11-30 16:00:00+00:00,0.053358544,0,0.062618915,0.371752833
2021-11-30 17:00:00+00:00,0.061715399,0,0,0.385037938
2021-11-30 18:00:00+00:00,0.072307576,0,0,0.393364462
2021-11-30 19:00:00+00:00,0.078525509,0,0,0.389684195
2021-11-30 20:00:00+00:00,0.090190159,0,0,0.379164705
2021-11-30 21:00:00+00:00,0.10935007,0,0,0.367740456
2021-11-30 22:00:00+00:00,0.131805727,0,0,0.355753674
2021-11-30 23:00:00+00:00,0.151598276,0,0,0.348026951
2021-12-01 00:00:00+00:00,0.174536414,0,0,0.345142718
2021-12-01 01:00:00+00:00,0.200397899,0,0,0.338475321
2021-12-01 02:00:00+00:00,0.222934079,0,0,0.32745442
2021-12-01 03:00:00+00:00,0.244741341,0,0,0.319116134
2021-12-01 04:00:00+00:00,0.279699227,0,0,0.318369131
2021-12-01 05:00:00+00:00,0.319958325,0,0,0.324300739
2021-12-01 06:00:00+00:00,0.352482471,0,0,0.337485144
2021-12-01 07:00:00+00:00,0.353747533,0,0.01776473,0.350245532
2021-12-01 08:00:00+00:00,0.337554737,0,0.183506937,0.356272014
2021-12-01 09:00:00+00:00,0.327108938,0,0.372972616,0.346582196
2021-12-01 10:00:00+00:00,0.339048716,0,0.43866743,0.347005223
2021-12-01 11:00:00+00:00,0.3650849,0,0.459776984,0.357953127
2021-12-01 12:00:00+00:00,0.388211442,0,0.457807255,0.363112008
2021-12-01 13:00:00+00:00,0.411693406,0,0.4137423,0.364884586
2021-12-01 14:00:00+00:00,0.426422344,0,0.32792899,0.36153841
2021-12-01 15:00:00+00:00,0.421542819,0,0.16529623,0.363985105
2021-12-01 16:00:00+00:00,0.397205432,0,0.034662284,0.378434522
2021-12-01 17:00:00+00:00,0.38559698,0,0,0.389436624
2021-12-01 18:00:00+00:00,0.405187372,0,0,0.398630968
2021-12-01 19:00:00+00:00,0.424380173,0,0,0.40410525
2021-12-01 20:00:00+00:00,0.426217525,0,0,0.398378229
2021-12-01 21:00:00+00:00,0.421169324,0,0,0.381880189
2021-12-01 22:00:00+00:00,0.438488628,0,0,0.376591696
2021-12-01 23:00:00+00:00,0.452066962,0,0,0.372152004
2021-12-02 00:00:00+00:00,0.445711531,0,0,0.368166891
2021-12-02 01:00:00+00:00,0.451488648,0,0,0.363434225
2021-12-02 02:00:00+00:00,0.457880224,0,0,0.364018745
2021-12-02 03:00:00+00:00,0.468458554,0,0,0.363962019
2021-12-02 04:00:00+00:00,0.489404369,0,0,0.363674981
2021-12-02 05:00:00+00:00,0.504000777,0,0,0.365956664
2021-12-02 06:00:00+00:00,0.501139327,0,0,0.378819292
2021-12-02 07:00:00+00:00,0.496826067,0,0.006318,0.385307386
2021-12-02 08:00:00+00:00,0.501356195,0,0.133037264,0.381516856
2021-12-02 09:00:00+00:00,0.50105499,0,0.320855308,0.371416764
2021-12-02 10:00:00+00:00,0.531326121,0,0.408873723,0.362731086
2021-12-02 11:00:00+00:00,0.562404482,0,0.433662583,0.359277174
2021-12-02 12:00:00+00:00,0.583759936,0,0.47743022,0.359721638
2021-12-02 13:00:00+00:00,0.586946688,0,0.471174161,0.361867773
2021-12-02 14:00:00+00:00,0.577597276,0,0.431445089,0.357126092
2021-12-02 15:00:00+00:00,0.549850246,0,0.279875024,0.362986023
2021-12-02 16:00:00+00:00,0.516832122,0,0.060689967,0.394526466
2021-12-02 17:00:00+00:00,0.481530863,0,0,0.41200369
2021-12-02 18:00:00+00:00,0.451753709,0,0,0.422902124
2021-12-02 19:00:00+00:00,0.440518752,0,0,0.422817034
2021-12-02 20:00:00+00:00,0.430940424,0,0,0.411890238
2021-12-02 21:00:00+00:00,0.459651311,0,0,0.392497411
2021-12-02 22:00:00+00:00,0.471097112,0,0,0.393815631
2021-12-02 23:00:00+00:00,0.462440472,0,0,0.40948224
2021-12-03 00:00:00+00:00,0.462247701,0,0,0.376121397
2021-12-03 01:00:00+00:00,0.458422394,0,0,0.352482253
2021-12-03 02:00:00+00:00,0.470121207,0,0,0.343208866
2021-12-03 03:00:00+00:00,0.458826009,0,0,0.342113042
2021-12-03 04:00:00+00:00,0.452229613,0,0,0.348825513
2021-12-03 05:00:00+00:00,0.463319992,0,0,0.371038371
2021-12-03 06:00:00+00:00,0.464332041,0,0,0.422514166
2021-12-03 07:00:00+00:00,0.461970592,0,0.015249918,0.408807464
2021-12-03 08:00:00+00:00,0.448609126,0,0.20623935,0.400373864
2021-12-03 09:00:00+00:00,0.429283795,0,0.439385948,0.391169186
2021-12-03 10:00:00+00:00,0.429199457,0,0.512575645,0.366985648
2021-12-03 11:00:00+00:00,0.433229584,0,0.528804234,0.369206208
2021-12-03 12:00:00+00:00,0.43611513,0,0.53079874,0.377376626
2021-12-03 13:00:00+00:00,0.439982606,0,0.523700281,0.377758317
2021-12-03 14:00:00+00:00,0.428422347,0,0.48206342,0.385711394
2021-12-03 15:00:00+00:00,0.403054838,0,0.342088744,0.432852155
2021-12-03 16:00:00+00:00,0.386349993,0,0.116932558,0.480316892
2021-12-03 17:00:00+00:00,0.390295783,0,0.049949367,0.48993822
2021-12-03 18:00:00+00:00,0.409548824,0,0.019895507,0.489368541
2021-12-03 19:00:00+00:00,0.407060869,0,0,0.514763664
2021-12-03 20:00:00+00:00,0.409434366,0,0,0.50119372
2021-12-03 21:00:00+00:00,0.4179645,0,0,0.466436714
2021-12-03 22:00:00+00:00,0.425331981,0,0,0.468448289
2021-12-03 23:00:00+00:00,0.433747657,0,0,0.467952266
2021-12-04 00:00:00+00:00,0.424277763,0,0,0.463202011
2021-12-04 01:00:00+00:00,0.445536832,0,0,0.443860633
2021-12-04 02:00:00+00:00,0.452747686,0,0,0.426827213
2021-12-04 03:00:00+00:00,0.469952532,0,0,0.426546331
2021-12-04 04:00:00+00:00,0.487470631,0,0,0.432317765
2021-12-04 05:00:00+00:00,0.496000765,0,0,0.440090111
2021-12-04 06:00:00+00:00,0.482012792,0,0,0.464595756
2021-12-04 07:00:00+00:00,0.479000739,0,0.013416459,0.495194283
2021-12-04 08:00:00+00:00,0.467247709,0,0.166646548,0.486784979
2021-12-04 09:00:00+00:00,0.462253725,0,0.337492708,0.481621261
2021-12-04 10:00:00+00:00,0.468024818,0,0.366667004,0.481955021
2021-12-04 11:00:00+00:00,0.471097112,0,0.366320133,0.505345384
2021-12-04 12:00:00+00:00,0.468169397,0,0.380157792,0.499594068
2021-12-04 13:00:00+00:00,0.472597114,0,0.344392956,0.499400804
2021-12-04 14:00:00+00:00,0.490651359,0,0.299324554,0.488414533
2021-12-04 15:00:00+00:00,0.499211613,0,0.179121502,0.524525049
2021-12-04 16:00:00+00:00,0.474759768,0,0.029335342,0.540743966
2021-12-04 17:00:00+00:00,0.487814005,0,0,0.546132499
2021-12-04 18:00:00+00:00,0.500693543,0,0,0.547847253
2021-12-04 19:00:00+00:00,0.501446556,0,0,0.544619146
2021-12-04 20:00:00+00:00,0.480964597,0,0,0.529981411
2021-12-04 21:00:00+00:00,0.481862189,0,0,0.516892319
2021-12-04 22:00:00+00:00,0.506253793,0,0,0.510236575
2021-12-04 23:00:00+00:00,0.523000807,0,0,0.503458694
2021-12-05 00:00:00+00:00,0.527428524,0,0,0.486831701
2021-12-05 01:00:00+00:00,0.534735764,0,0,0.466688903
2021-12-05 02:00:00+00:00,0.553049046,0,0,0.432302704
2021-12-05 03:00:00+00:00,0.572193654,0,0,0.419115331
2021-12-05 04:00:00+00:00,0.576506913,0,0,0.413044327
2021-12-05 05:00:00+00:00,0.588025003,0,0,0.412679455
2021-12-05 06:00:00+00:00,0.589711753,0,0,0.424249257
2021-12-05 07:00:00+00:00,0.600079239,0,0.009588495,0.454892307
2021-12-05 08:00:00+00:00,0.595061159,0,0.145561771,0.469979452
2021-12-05 09:00:00+00:00,0.591958744,0,0.346994485,0.449398787
2021-12-05 10:00:00+00:00,0.61542866,0,0.433749301,0.437101111
2021-12-05 11:00:00+00:00,0.625452772,0,0.445542901,0.444910834
2021-12-05 12:00:00+00:00,0.637049175,0,0.452232548,0.442453476
2021-12-05 13:00:00+00:00,0.644458825,0,0.443870489,0.436959186
2021-12-05 14:00:00+00:00,0.654079322,0,0.385348463,0.437821949
2021-12-05 15:00:00+00:00,0.638651587,0,0.237147998,0.482719613
2021-12-05 16:00:00+00:00,0.603747919,0,0.049119355,0.505019759
2021-12-05 17:00:00+00:00,0.593055131,0,0,0.509131627
2021-12-05 18:00:00+00:00,0.569217745,0,0,0.517668125
2021-12-05 19:00:00+00:00,0.534500824,0,0,0.518363788
2021-12-05 20:00:00+00:00,0.524139363,0,0,0.506214853
2021-12-05 21:00:00+00:00,0.519482729,0,0,0.49708658
2021-12-05 22:00:00+00:00,0.508657411,0,0,0.492872803
2021-12-05 23:00:00+00:00,0.491157384,0,0,0.484500656
2021-12-06 00:00:00+00:00,0.479235679,0,0,0.475722193
2021-12-06 01:00:00+00:00,0.46936217,0,0,0.427850041
2021-12-06 02:00:00+00:00,0.450627201,0,0,0.416497359
2021-12-06 03:00:00+00:00,0.440922367,0,0,0.427771218
2021-12-06 04:00:00+00:00,0.445711531,0,0,0.424712739
2021-12-06 05:00:00+00:00,0.444175384,0,0,0.450413589
2021-12-06 06:00:00+00:00,0.459006732,0,0,0.468779741
2021-12-06 07:00:00+00:00,0.449741657,0,0.011632553,0.468793812
2021-12-06 08:00:00+00:00,0.436259709,0,0.180595702,0.471630114
2021-12-06 09:00:00+00:00,0.433301873,0,0.397476546,0.476687965
2021-12-06 10:00:00+00:00,0.441645259,0,0.475894079,0.473358609
2021-12-06 11:00:00+00:00,0.463482642,0,0.496805421,0.445205568
2021-12-06 12:00:00+00:00,0.467560962,0,0.500707715,0.449115816
2021-12-06 13:00:00+00:00,0.447332015,0,0.485024209,0.459087944
2021-12-06 14:00:00+00:00,0.417350041,0,0.418127735,0.498592348
2021-12-06 15:00:00+00:00,0.396386153,0,0.237383375,0.526091501
2021-12-06 16:00:00+00:00,0.375856001,0,0.078144992,0.528715849
2021-12-06 17:00:00+00:00,0.375374073,0,0.018074436,0.536460052
2021-12-06 18:00:00+00:00,0.371783706,0,0,0.543442191
2021-12-06 19:00:00+00:00,0.373422263,0,0,0.544446769
2021-12-06 20:00:00+00:00,0.368175267,0,0,0.532206589
2021-12-06 21:00:00+00:00,0.354115004,0,0,0.519060661
2021-12-06 22:00:00+00:00,0.344181254,0,0,0.506300382
2021-12-06 23:00:00+00:00,0.341801732,0,0,0.477235657
2021-12-07 00:00:00+00:00,0.343247517,0,0,0.468573064
2021-12-07 01:00:00+00:00,0.336006542,0,0,0.476443581
2021-12-07 02:00:00+00:00,0.343621012,0,0,0.468765779
2021-12-07 03:00:00+00:00,0.355452355,0,0,0.470245053
2021-12-07 04:00:00+00:00,0.373229491,0,0,0.481754611
2021-12-07 05:00:00+00:00,0.382440349,0,0,0.510903656
2021-12-07 06:00:00+00:00,0.379500585,0,0,0.555869589
2021-12-07 07:00:00+00:00,0.391428314,0,0.0082134,0.573413983
2021-12-07 08:00:00+00:00,0.396289768,0,0.102066675,0.582033261
2021-12-07 09:00:00+00:00,0.409584969,0,0.237209939,0.581423346
2021-12-07 10:00:00+00:00,0.425554873,0,0.296289436,0.56931036
2021-12-07 11:00:00+00:00,0.434639225,0,0.317374213,0.545744872
2021-12-07 12:00:00+00:00,0.454277809,0,0.302235789,0.53085253
2021-12-07 13:00:00+00:00,0.458572996,0,0.270645788,0.520922176
2021-12-07 14:00:00+00:00,0.489235694,0,0.232044045,0.505206867
2021-12-07 15:00:00+00:00,0.515018867,0,0.147246571,0.511335367
2021-12-07 16:00:00+00:00,0.531187566,0,0.02626306,0.537461442
2021-12-07 17:00:00+00:00,0.534717692,0,0,0.575885742
2021-12-07 18:00:00+00:00,0.533500823,0,0,0.593798306
2021-12-07 19:00:00+00:00,0.543067103,0,0,0.599254009
2021-12-07 20:00:00+00:00,0.565428583,0,0,0.571930971
2021-12-07 21:00:00+00:00,0.582043066,0,0,0.550528437
2021-12-07 22:00:00+00:00,0.571952689,0,0,0.554322265
2021-12-07 23:00:00+00:00,0.584531022,0,0,0.544152805
2021-12-08 00:00:00+00:00,0.615217816,0,0,0.509269594
2021-12-08 01:00:00+00:00,0.634296159,0,0,0.49955713
2021-12-08 02:00:00+00:00,0.620458788,0,0,0.491176629
2021-12-08 03:00:00+00:00,0.626862413,0,0,0.488120019
2021-12-08 04:00:00+00:00,0.626308195,0,0,0.489518931
2021-12-08 05:00:00+00:00,0.632982904,0,0,0.500631077
2021-12-08 06:00:00+00:00,0.619151557,0,0,0.555066629
2021-12-08 07:00:00+00:00,0.622982888,0,0.007593989,0.549842448
2021-12-08 08:00:00+00:00,0.616362396,0,0.124737146,0.515983054
2021-12-08 09:00:00+00:00,0.622091321,0,0.289215753,0.505641327
2021-12-08 10:00:00+00:00,0.658687763,0,0.366530733,0.496823397
2021-12-08 11:00:00+00:00,0.693603479,0,0.37898091,0.503493543
2021-12-08 12:00:00+00:00,0.717717974,0,0.344392956,0.503653057
2021-12-08 13:00:00+00:00,0.704820364,0,0.329836779,0.499963997
2021-12-08 14:00:00+00:00,0.68565166,0,0.277992012,0.510040123
2021-12-08 15:00:00+00:00,0.65682029,0,0.174946666,0.558498225
2021-12-08 16:00:00+00:00,0.608175637,0,0.031453731,0.588857205
2021-12-08 17:00:00+00:00,0.585928614,0,0,0.592627507
2021-12-08 18:00:00+00:00,0.563302074,0,0,0.61762148
2021-12-08 19:00:00+00:00,0.579916557,0,0,0.621200497
2021-12-08 20:00:00+00:00,0.583916563,0,0,0.610068673
2021-12-08 21:00:00+00:00,0.588940667,0,0,0.563424485
2021-12-08 22:00:00+00:00,0.590199705,0,0,0.556092205
2021-12-08 23:00:00+00:00,0.57595872,0,0,0.539754669
2021-12-09 00:00:00+00:00,0.554729771,0,0,0.544133676
2021-12-09 01:00:00+00:00,0.537320106,0,0,0.552099616
2021-12-09 02:00:00+00:00,0.537675528,0,0,0.547377394
2021-12-09 03:00:00+00:00,0.555976761,0,0,0.528701448
2021-12-09 04:00:00+00:00,0.560470744,0,0,0.521009794
2021-12-09 05:00:00+00:00,0.556741822,0,0,0.532721081
2021-12-09 06:00:00+00:00,0.520326104,0,0,0.556390237
2021-12-09 07:00:00+00:00,0.503205595,0,0.006962189,0.558837481
2021-12-09 08:00:00+00:00,0.497073056,0,0.120277382,0.550883854
2021-12-09 09:00:00+00:00,0.503994753,0,0.275774517,0.541858589
2021-12-09 10:00:00+00:00,0.523332132,0,0.34239845,0.532852232
2021-12-09 11:00:00+00:00,0.547476748,0,0.356335215,0.5412213
2021-12-09 12:00:00+00:00,0.567796056,0,0.350029603,0.551088552
2021-12-09 13:00:00+00:00,0.590790068,0,0.305382401,0.566362365
2021-12-09 14:00:00+00:00,0.599729841,0,0.233877504,0.551332935
2021-12-09 15:00:00+00:00,0.604362378,0,0.148188077,0.590136728
2021-12-09 16:00:00+00:00,0.608073227,0,0.026126789,0.596951438
2021-12-09 17:00:00+00:00,0.623374455,0,0,0.579051736
2021-12-09 18:00:00+00:00,0.633133507,0,0,0.595637724
2021-12-09 19:00:00+00:00,0.642555208,0,0,0.61683622
2021-12-09 20:00:00+00:00,0.63698291,0,0,0.622244321
2021-12-09 21:00:00+00:00,0.631085311,0,0,0.586956553
2021-12-09 22:00:00+00:00,0.654591371,0,0,0.551451554
2021-12-09 23:00:00+00:00,0.676922731,0,0,0.513172477
2021-12-10 00:00:00+00:00,0.690964921,0,0,0.500533785
2021-12-10 01:00:00+00:00,0.678982975,0,0,0.49017205
2021-12-10 02:00:00+00:00,0.678151648,0,0,0.484196579
2021-12-10 03:00:00+00:00,0.66810344,0,0,0.479470509
2021-12-10 04:00:00+00:00,0.652525103,0,0,0.481665344
2021-12-10 05:00:00+00:00,0.642862437,0,0,0.48753462
2021-12-10 06:00:00+00:00,0.64449497,0,0,0.500611399
2021-12-10 07:00:00+00:00,0.641013037,0,0.002576753,0.50316429
2021-12-10 08:00:00+00:00,0.619934691,0,0.052166861,0.510356953
2021-12-10 09:00:00+00:00,0.590669586,0,0.135168041,0.511052836
2021-12-10 10:00:00+00:00,0.578374386,0,0.205087244,0.501328499
2021-12-10 11:00:00+00:00,0.592934649,0,0.24879294,0.496977415
2021-12-10 12:00:00+00:00,0.617868423,0,0.244878257,0.491542819
2021-12-10 13:00:00+00:00,0.631332299,0,0.220684033,0.493070465
2021-12-10 14:00:00+00:00,0.63526604,0,0.187062361,0.498799134
2021-12-10 15:00:00+00:00,0.620723849,0,0.115334475,0.515116003
2021-12-10 16:00:00+00:00,0.593440674,0,0.020143271,0.529554867
2021-12-10 17:00:00+00:00,0.582862345,0,0,0.548923288
2021-12-10 18:00:00+00:00,0.579796075,0,0,0.608027525
2021-12-10 19:00:00+00:00,0.572241846,0,0,0.620671054
2021-12-10 20:00:00+00:00,0.577537035,0,0,0.597013331
2021-12-10 21:00:00+00:00,0.582874393,0,0,0.531842377
2021-12-10 22:00:00+00:00,0.570892447,0,0,0.514197723
2021-12-10 23:00:00+00:00,0.56995871,0,0,0.503406365
2021-12-11 00:00:00+00:00,0.572241846,0,0,0.496856597
2021-12-11 01:00:00+00:00,0.555121338,0,0,0.494436177
2021-12-11 02:00:00+00:00,0.539350229,0,0,0.493296489
2021-12-11 03:00:00+00:00,0.517681521,0,0,0.490376088
2021-12-11 04:00:00+00:00,0.496006789,0,0,0.483690991
2021-12-11 05:00:00+00:00,0.472615187,0,0,0.476875952
2021-12-11 06:00:00+00:00,0.455651305,0,0,0.475716367
2021-12-11 07:00:00+00:00,0.436458504,0,0.005636647,0.475280808
2021-12-11 08:00:00+00:00,0.407669303,0,0.125653876,0.478824536
2021-12-11 09:00:00+00:00,0.387596983,0,0.335448649,0.483093829
2021-12-11 10:00:00+00:00,0.375723471,0,0.444973042,0.482350344
2021-12-11 11:00:00+00:00,0.374024673,0,0.491998785,0.48389283
2021-12-11 12:00:00+00:00,0.371759609,0,0.503643727,0.483172762
2021-12-11 13:00:00+00:00,0.357886094,0,0.499183962,0.480360316
2021-12-11 14:00:00+00:00,0.329500508,0,0.457039184,0.493386196
2021-12-11 15:00:00+00:00,0.300229379,0,0.290863389,0.531061734
2021-12-11 16:00:00+00:00,0.280289589,0,0.090979204,0.547091015
2021-12-11 17:00:00+00:00,0.297910098,0,0.032828825,0.557077875
2021-12-11 18:00:00+00:00,0.296867928,0,0.02078746,0.566361266
2021-12-11 19:00:00+00:00,0.288729361,0,0,0.55247768
2021-12-11 20:00:00+00:00,0.285645019,0,0,0.541100373
2021-12-11 21:00:00+00:00,0.272193191,0,0,0.534674721
2021-12-11 22:00:00+00:00,0.264687155,0,0,0.522461914
2021-12-11 23:00:00+00:00,0.257289553,0,0,0.520213211
2021-12-12 00:00:00+00:00,0.260259438,0,0,0.48234001
2021-12-12 01:00:00+00:00,0.249560626,0,0,0.474098685
2021-12-12 02:00:00+00:00,0.229313607,0,0,0.473695337
2021-12-12 03:00:00+00:00,0.20591598,0,0,0.471214892
2021-12-12 04:00:00+00:00,0.205668992,0,0,0.470159414
2021-12-12 05:00:00+00:00,0.202723204,0,0,0.468434437
2021-12-12 06:00:00+00:00,0.199940067,0,0,0.464570361
2021-12-12 07:00:00+00:00,0.190048486,0,0.007755036,0.464569592
2021-12-12 08:00:00+00:00,0.165813509,0,0.16382203,0.464543427
2021-12-12 09:00:00+00:00,0.136488162,0,0.398529546,0.467242751
2021-12-12 10:00:00+00:00,0.124241155,0,0.48613915,0.467750977
2021-12-12 11:00:00+00:00,0.116325481,0,0.509404257,0.468631
2021-12-12 12:00:00+00:00,0.10639173,0,0.512711916,0.468458183
2021-12-12 13:00:00+00:00,0.098765213,0,0.51008561,0.477345811
2021-12-12 14:00:00+00:00,0.090030259,0,0.469699961,0.48701606
2021-12-12 15:00:00+00:00,0.084024226,0,0.300253671,0.518125011
2021-12-12 16:00:00+00:00,0.084186877,0,0.090186357,0.525186413
2021-12-12 17:00:00+00:00,0.093644723,0,0.030598942,0.533551303
2021-12-12 18:00:00+00:00,0.099337503,0,0.009514165,0.546364131
2021-12-12 19:00:00+00:00,0.108042335,0,0,0.535392371
2021-12-12 20:00:00+00:00,0.115801383,0,0,0.520551148
2021-12-12 21:00:00+00:00,0.129421886,0,0,0.517410879
2021-12-12 22:00:00+00:00,0.143753234,0,0,0.483444079
2021-12-12 23:00:00+00:00,0.157717111,0,0,0.4667099
2021-12-13 00:00:00+00:00,0.164144831,0,0,0.463983753
2021-12-13 01:00:00+00:00,0.164879772,0,0,0.463523458
2021-12-13 02:00:00+00:00,0.169578575,0,0,0.46220172
2021-12-13 03:00:00+00:00,0.171747253,0,0,0.463963964
2021-12-13 04:00:00+00:00,0.176367742,0,0,0.464307839
2021-12-13 05:00:00+00:00,0.178337624,0,0,0.463927246
2021-12-13 06:00:00+00:00,0.178885818,0,0,0.466204203
2021-12-13 07:00:00+00:00,0.177427984,0,0.005599483,0.472611606
2021-12-13 08:00:00+00:00,0.174349666,0,0.132975323,0.471782482
2021-12-13 09:00:00+00:00,0.163638807,0,0.328511237,0.463664614
2021-12-13 10:00:00+00:00,0.16075326,0,0.410199264,0.452539606
2021-12-13 11:00:00+00:00,0.162199045,0,0.434777524,0.460919008
2021-12-13 12:00:00+00:00,0.152253247,0,0.44632336,0.471529304
2021-12-13 13:00:00+00:00,0.138753226,0,0.442891819,0.476055843
2021-12-13 14:00:00+00:00,0.121367657,0,0.408514464,0.484982278
2021-12-13 15:00:00+00:00,0.106457996,0,0.268391129,0.525898566
2021-12-13 16:00:00+00:00,0.094259182,0,0.08552838,0.582617781
2021-12-13 17:00:00+00:00,0.088349534,0,0.014159754,0.581327154
2021-12-13 18:00:00+00:00,0.090476043,0,0,0.618485782
2021-12-13 19:00:00+00:00,0.094542314,0,0,0.626095425
2021-12-13 20:00:00+00:00,0.098186898,0,0,0.588155495
2021-12-13 21:00:00+00:00,0.104698957,0,0,0.528032168
2021-12-13 22:00:00+00:00,0.108957999,0,0,0.506346664
2021-12-13 23:00:00+00:00,0.10794595,0,0,0.498936442
2021-12-14 00:00:00+00:00,0.103451967,0,0,0.48923772
2021-12-14 01:00:00+00:00,0.099903769,0,0,0.486174184
2021-12-14 02:00:00+00:00,0.09518087,0,0,0.484185695
2021-12-14 03:00:00+00:00,0.091012189,0,0,0.485452906
2021-12-14 04:00:00+00:00,0.088602546,0,0,0.503392733
2021-12-14 05:00:00+00:00,0.090229055,0,0,0.572769329
2021-12-14 06:00:00+00:00,0.090084476,0,0,0.590055597
2021-12-14 07:00:00+00:00,0.083819406,0,0.005178283,0.587966188
2021-12-14 08:00:00+00:00,0.082542296,0,0.12281697,0.571463311
2021-12-14 09:00:00+00:00,0.082265187,0,0.316494649,0.50351542
2021-12-14 10:00:00+00:00,0.079397713,0,0.407833111,0.48730079
2021-12-14 11:00:00+00:00,0.076945902,0,0.442173301,0.491781377
2021-12-14 12:00:00+00:00,0.082283259,0,0.450572525,0.497940438
2021-12-14 13:00:00+00:00,0.082861574,0,0.445121701,0.500370643
2021-12-14 14:00:00+00:00,0.082807357,0,0.407263252,0.503424504
2021-12-14 15:00:00+00:00,0.080638679,0,0.256820517,0.533692569
2021-12-14 16:00:00+00:00,0.083361574,0,0.051460732,0.58754613
2021-12-14 17:00:00+00:00,0.090096524,0,0,0.604168616
2021-12-14 18:00:00+00:00,0.092500143,0,0,0.607879444
2021-12-14 19:00:00+00:00,0.099090514,0,0,0.599634161
2021-12-14 20:00:00+00:00,0.10956041,0,0,0.547242395
2021-12-14 21:00:00+00:00,0.114180899,0,0,0.519602087
2021-12-14 22:00:00+00:00,0.116048372,0,0,0.505366162
2021-12-14 23:00:00+00:00,0.120186932,0,0,0.518597838
2021-12-15 00:00:00+00:00,0.122674888,0,0,0.515362805
2021-12-15 01:00:00+00:00,0.12663875,0,0,0.490967644
2021-12-15 02:00:00+00:00,0.131391769,0,0,0.486169237
2021-12-15 03:00:00+00:00,0.134506232,0,0,0.491211588
2021-12-15 04:00:00+00:00,0.138042382,0,0,0.522601421
2021-12-15 05:00:00+00:00,0.143355643,0,0,0.531654719
2021-12-15 06:00:00+00:00,0.147927939,0,0,0.544639813
2021-12-15 07:00:00+00:00,0.161512297,0,0.003604977,0.547705767
2021-12-15 08:00:00+00:00,0.163656879,0,0.114801781,0.538212952
2021-12-15 09:00:00+00:00,0.151542402,0,0.307711389,0.535431068
2021-12-15 10:00:00+00:00,0.142891787,0,0.392769016,0.525453553
2021-12-15 11:00:00+00:00,0.137048404,0,0.422426453,0.52448921
2021-12-15 12:00:00+00:00,0.133855628,0,0.434294383,0.522347033
2021-12-15 13:00:00+00:00,0.13272912,0,0.435669477,0.520354806
2021-12-15 14:00:00+00:00,0.136464066,0,0.409294923,0.54063733
2021-12-15 15:00:00+00:00,0.144271307,0,0.275006447,0.559153652
2021-12-15 16:00:00+00:00,0.164572543,0,0.094720451,0.596172334
2021-12-15 17:00:00+00:00,0.192114754,0,0.025606483,0.599376256
2021-12-15 18:00:00+00:00,0.204994292,0,0,0.609101032
2021-12-15 19:00:00+00:00,0.211217193,0,0,0.615672787
2021-12-15 20:00:00+00:00,0.221114799,0,0,0.621220944
2021-12-15 21:00:00+00:00,0.22450637,0,0,0.599215202
2021-12-15 22:00:00+00:00,0.229753366,0,0,0.56904245
2021-12-15 23:00:00+00:00,0.232518431,0,0,0.554436707
2021-12-16 00:00:00+00:00,0.229946138,0,0,0.563607745
2021-12-16 01:00:00+00:00,0.231072646,0,0,0.566405569
2021-12-16 02:00:00+00:00,0.234578675,0,0,0.561457323
2021-12-16 03:00:00+00:00,0.232428069,0,0,0.551741231
2021-12-16 04:00:00+00:00,0.226572639,0,0,0.555468989
2021-12-16 05:00:00+00:00,0.223620827,0,0,0.562509063
2021-12-16 06:00:00+00:00,0.216681057,0,0.012474953,0.56209615
2021-12-16 07:00:00+00:00,0.21844612,0,0.072657003,0.55982458
2021-12-16 08:00:00+00:00,0.221391908,0,0.119930511,0.567381565
2021-12-16 09:00:00+00:00,0.223837695,0,0.214688127,0.559609329
2021-12-16 10:00:00+00:00,0.217428046,0,0.372439922,0.560605772
2021-12-16 11:00:00+00:00,0.207114777,0,0.394305158,0.553013169
2021-12-16 12:00:00+00:00,0.197428015,0,0.400078076,0.556326475
2021-12-16 13:00:00+00:00,0.193855721,0,0.381520498,0.568756951
2021-12-16 14:00:00+00:00,0.19119909,0,0.349211979,0.567402123
2021-12-16 15:00:00+00:00,0.192181019,0,0.219457597,0.57958052
2021-12-16 16:00:00+00:00,0.201307539,0,0.037610684,0.594978669
2021-12-16 17:00:00+00:00,0.211885869,0,0,0.612321444
2021-12-16 18:00:00+00:00,0.229873848,0,0,0.598645963
2021-12-16 19:00:00+00:00,0.234891929,0,0,0.602101414
2021-12-16 20:00:00+00:00,0.233150962,0,0,0.591396134
2021-12-16 21:00:00+00:00,0.237367836,0,0,0.580562452
2021-12-16 22:00:00+00:00,0.237253378,0,0,0.582647243
2021-12-16 23:00:00+00:00,0.22518107,0,0,0.582534781
2021-12-17 00:00:00+00:00,0.21444009,0,0,0.594273001
2021-12-17 01:00:00+00:00,0.203349711,0,0,0.591176926
2021-12-17 02:00:00+00:00,0.202843686,0,0,0.551236303
2021-12-17 03:00:00+00:00,0.199247295,0,0,0.541220971
2021-12-17 04:00:00+00:00,0.19574729,0,0,0.552455033
2021-12-17 05:00:00+00:00,0.192385839,0,0,0.591482323
2021-12-17 06:00:00+00:00,0.196500303,0,0,0.609714135
2021-12-17 07:00:00+00:00,0.192030417,0,0.002328988,0.617057298
2021-12-17 08:00:00+00:00,0.185187033,0,0.094014322,0.611946018
2021-12-17 09:00:00+00:00,0.17476533,0,0.272479247,0.605669327
2021-12-17 10:00:00+00:00,0.169735202,0,0.359791533,0.600977886
2021-12-17 11:00:00+00:00,0.167265318,0,0.387045652,0.606217019
2021-12-17 12:00:00+00:00,0.161777358,0,0.389349863,0.607380672
2021-12-17 13:00:00+00:00,0.154536383,0,0.384642334,0.604212479
2021-12-17 14:00:00+00:00,0.13886166,0,0.346796273,0.612902665
2021-12-17 15:00:00+00:00,0.129271284,0,0.212470632,0.625159556
2021-12-17 16:00:00+00:00,0.129476103,0,0.039877731,0.628975591
2021-12-17 17:00:00+00:00,0.133795387,0,0,0.639511791
2021-12-17 18:00:00+00:00,0.137783345,0,0,0.642864783
2021-12-17 19:00:00+00:00,0.146771311,0,0,0.64342193
2021-12-17 20:00:00+00:00,0.153024332,0,0,0.636117134
2021-12-17 21:00:00+00:00,0.158168919,0,0,0.625684711
2021-12-17 22:00:00+00:00,0.160909887,0,0,0.614351488
2021-12-17 23:00:00+00:00,0.157885786,0,0,0.577065116
2021-12-18 00:00:00+00:00,0.150180954,0,0,0.569307831
2021-12-18 01:00:00+00:00,0.14068094,0,0,0.559957491
2021-12-18 02:00:00+00:00,0.133674905,0,0,0.54972229
2021-12-18 03:00:00+00:00,0.123903806,0,0,0.53661275
2021-12-18 04:00:00+00:00,0.121596573,0,0,0.505817112
2021-12-18 05:00:00+00:00,0.122638743,0,0,0.507718753
2021-12-18 06:00:00+00:00,0.120337535,0,0,0.548824897
2021-12-18 07:00:00+00:00,0.117066446,0,0.001833459,0.563723505
2021-12-18 08:00:00+00:00,0.115024274,0,0.064455991,0.575051562
2021-12-18 09:00:00+00:00,0.109903784,0,0.197802961,0.586552545
2021-12-18 10:00:00+00:00,0.104632691,0,0.297367212,0.574548283
2021-12-18 11:00:00+00:00,0.106584502,0,0.328077649,0.571077332
2021-12-18 12:00:00+00:00,0.102903773,0,0.326640614,0.585954943
2021-12-18 13:00:00+00:00,0.096126654,0,0.300885471,0.593230716
2021-12-18 14:00:00+00:00,0.093771229,0,0.254627799,0.576383634
2021-12-18 15:00:00+00:00,0.098126657,0,0.154877724,0.580173505
2021-12-18 16:00:00+00:00,0.104807391,0,0.032481954,0.588075573
2021-12-18 17:00:00+00:00,0.116066444,0,0,0.625738469
2021-12-18 18:00:00+00:00,0.138482141,0,0,0.634859377
2021-12-18 19:00:00+00:00,0.155686987,0,0,0.627866135
2021-12-18 20:00:00+00:00,0.169012309,0,0,0.590065161
2021-12-18 21:00:00+00:00,0.177572563,0,0,0.560855543
2021-12-18 22:00:00+00:00,0.184867755,0,0,0.553792053
2021-12-18 23:00:00+00:00,0.189193063,0,0,0.545003146
2021-12-19 00:00:00+00:00,0.192235236,0,0,0.540207048
2021-12-19 01:00:00+00:00,0.195229217,0,0,0.532836621
2021-12-19 02:00:00+00:00,0.197277413,0,0,0.496187538
2021-12-19 03:00:00+00:00,0.204319592,0,0,0.481930286
2021-12-19 04:00:00+00:00,0.205789474,0,0,0.495073025
2021-12-19 05:00:00+00:00,0.202777421,0,0,0.541841659
2021-12-19 06:00:00+00:00,0.200946093,0,0,0.549041358
2021-12-19 07:00:00+00:00,0.200801514,0,0.002167941,0.561722704
2021-12-19 08:00:00+00:00,0.201560552,0,0.080226215,0.555220647
2021-12-19 09:00:00+00:00,0.19827139,0,0.244110187,0.560199236
2021-12-19 10:00:00+00:00,0.189741256,0,0.333454143,0.586783846
2021-12-19 11:00:00+00:00,0.180211121,0,0.351231262,0.588165829
2021-12-19 12:00:00+00:00,0.171506289,0,0.356942239,0.578280658
2021-12-19 13:00:00+00:00,0.163367722,0,0.345074309,0.576731906
2021-12-19 14:00:00+00:00,0.154367708,0,0.309495295,0.560814318
2021-12-19 15:00:00+00:00,0.149223122,0,0.207552503,0.555872447
2021-12-19 16:00:00+00:00,0.14889782,0,0.040720131,0.575812306
2021-12-19 17:00:00+00:00,0.15724723,0,0,0.608644585
2021-12-19 18:00:00+00:00,0.174572558,0,0,0.618370351
2021-12-19 19:00:00+00:00,0.180777387,0,0,0.61563332
2021-12-19 20:00:00+00:00,0.190897885,0,0,0.601779636
2021-12-19 21:00:00+00:00,0.193837648,0,0,0.565932852
2021-12-19 22:00:00+00:00,0.193313551,0,0,0.539378584
2021-12-19 23:00:00+00:00,0.187602699,0,0,0.538122476
2021-12-20 00:00:00+00:00,0.186187034,0,0,0.530610784
2021-12-20 01:00:00+00:00,0.189072581,0,0,0.524928617
2021-12-20 02:00:00+00:00,0.186229203,0,0,0.466298087
2021-12-20 03:00:00+00:00,0.183271367,0,0,0.453622237
2021-12-20 04:00:00+00:00,0.175680994,0,0,0.469638107
2021-12-20 05:00:00+00:00,0.174494245,0,0,0.505605049
2021-12-20 06:00:00+00:00,0.176789429,0,0,0.549482084
2021-12-20 07:00:00+00:00,0.180415941,0,0.002143165,0.571610293
2021-12-20 08:00:00+00:00,0.186608722,0,0.056886779,0.586255173
2021-12-20 09:00:00+00:00,0.18524125,0,0.164614877,0.583251991
2021-12-20 10:00:00+00:00,0.178765336,0,0.21634815,0.580888956
2021-12-20 11:00:00+00:00,0.169735202,0,0.262742093,0.584712137
2021-12-20 12:00:00+00:00,0.158885787,0,0.26058654,0.586082686
2021-12-20 13:00:00+00:00,0.157470122,0,0.239043398,0.579065148
2021-12-20 14:00:00+00:00,0.1532412,0,0.184448443,0.576076368
2021-12-20 15:00:00+00:00,0.149217098,0,0.101769357,0.580378862
2021-12-20 16:00:00+00:00,0.154409877,0,0.017219648,0.588069966
2021-12-20 17:00:00+00:00,0.170662914,0,0,0.590199391
2021-12-20 18:00:00+00:00,0.195199096,0,0,0.591725167
2021-12-20 19:00:00+00:00,0.21548226,0,0,0.594015865
2021-12-20 20:00:00+00:00,0.220271424,0,0,0.588718468
2021-12-20 21:00:00+00:00,0.233277468,0,0,0.578491512
2021-12-20 22:00:00+00:00,0.231572646,0,0,0.560295098
2021-12-20 23:00:00+00:00,0.246982309,0,0,0.494704086
2021-12-21 00:00:00+00:00,0.252271473,0,0,0.471846574
2021-12-21 01:00:00+00:00,0.251795569,0,0,0.470690836
2021-12-21 02:00:00+00:00,0.23451241,0,0,0.479615512
2021-12-21 03:00:00+00:00,0.224566611,0,0,0.50536946
2021-12-21 04:00:00+00:00,0.225964204,0,0,0.478067089
2021-12-21 05:00:00+00:00,0.213608763,0,0,0.488075166
2021-12-21 06:00:00+00:00,0.203506338,0,0,0.520444292
2021-12-21 07:00:00+00:00,0.19257861,0,0.002626306,0.552884546
2021-12-21 08:00:00+00:00,0.18695812,0,0.034538401,0.585461008
2021-12-21 09:00:00+00:00,0.195807531,0,0.112720558,0.578797019
2021-12-21 10:00:00+00:00,0.193060539,0,0.187756102,0.568159899
2021-12-21 11:00:00+00:00,0.189018364,0,0.231102539,0.514489488
2021-12-21 12:00:00+00:00,0.19072921,0,0.252682846,0.500901735
2021-12-21 13:00:00+00:00,0.195897892,0,0.245906481,0.491566455
2021-12-21 14:00:00+00:00,0.189301497,0,0.211975103,0.49772013
2021-12-21 15:00:00+00:00,0.168126765,0,0.108855428,0.516043298
2021-12-21 16:00:00+00:00,0.163126758,0,0.021481201,0.529858835
2021-12-21 17:00:00+00:00,0.174891836,0,0,0.567954212
2021-12-21 18:00:00+00:00,0.180753291,0,0,0.589038816
2021-12-21 19:00:00+00:00,0.176108705,0,0,0.60145632
2021-12-21 20:00:00+00:00,0.171711108,0,0,0.572686108
2021-12-21 21:00:00+00:00,0.175066535,0,0,0.53537687
2021-12-21 22:00:00+00:00,0.184626791,0,0,0.535481747
2021-12-21 23:00:00+00:00,0.200693081,0,0,0.507248454
2021-12-22 00:00:00+00:00,0.209072612,0,0,0.476684337
2021-12-22 01:00:00+00:00,0.211530447,0,0,0.471313174
2021-12-22 02:00:00+00:00,0.209265383,0,0,0.469145602
2021-12-22 03:00:00+00:00,0.21490997,0,0,0.466589522
2021-12-22 04:00:00+00:00,0.214096716,0,0,0.479118719
2021-12-22 05:00:00+00:00,0.214934066,0,0,0.489225517
2021-12-22 06:00:00+00:00,0.235018435,0,0,0.503441874
2021-12-22 07:00:00+00:00,0.232819636,0,0.001796294,0.52039845
2021-12-22 08:00:00+00:00,0.21174129,0,0.049701602,0.541871781
2021-12-22 09:00:00+00:00,0.178946059,0,0.160365713,0.524827478
2021-12-22 10:00:00+00:00,0.169271345,0,0.255656022,0.484442171
2021-12-22 11:00:00+00:00,0.187626795,0,0.302211013,0.475300926
2021-12-22 12:00:00+00:00,0.206729234,0,0.293725071,0.490514055
2021-12-22 13:00:00+00:00,0.202090673,0,0.27098027,0.529648201
2021-12-22 14:00:00+00:00,0.199813561,0,0.238386822,0.491815566
2021-12-22 15:00:00+00:00,0.197168979,0,0.143715924,0.516037251
2021-12-22 16:00:00+00:00,0.195175,0,0.031998813,0.550100243
2021-12-22 17:00:00+00:00,0.206470198,0,0,0.574585221
2021-12-22 18:00:00+00:00,0.217247323,0,0,0.575159847
2021-12-22 19:00:00+00:00,0.224042514,0,0,0.572703368
2021-12-22 20:00:00+00:00,0.23521723,0,0,0.549502751
2021-12-22 21:00:00+00:00,0.256470275,0,0,0.511794782
2021-12-22 22:00:00+00:00,0.273018493,0,0,0.537545981
2021-12-22 23:00:00+00:00,0.280861879,0,0,0.487408525
2021-12-23 00:00:00+00:00,0.284289595,0,0,0.469627003
2021-12-23 01:00:00+00:00,0.282572725,0,0,0.465120032
2021-12-23 02:00:00+00:00,0.275560666,0,0,0.469168358
2021-12-23 03:00:00+00:00,0.251295568,0,0,0.475500566
2021-12-23 04:00:00+00:00,0.234566627,0,0,0.484017496
2021-12-23 05:00:00+00:00,0.200181032,0,0,0.50967701
2021-12-23 06:00:00+00:00,0.190102703,0,0,0.578365637
2021-12-23 07:00:00+00:00,0.188277399,0,0.002068835,0.599461894
2021-12-23 08:00:00+00:00,0.187211132,0,0.031763437,0.602705942
2021-12-23 09:00:00+00:00,0.193132828,0,0.089158133,0.599406268
2021-12-23 10:00:00+00:00,0.20507863,0,0.128701382,0.596144851
2021-12-23 11:00:00+00:00,0.210861771,0,0.147345677,0.602822692
2021-12-23 12:00:00+00:00,0.224614804,0,0.14908003,0.611113817
2021-12-23 13:00:00+00:00,0.227783484,0,0.124266393,0.623759214
2021-12-23 14:00:00+00:00,0.242313627,0,0.088823651,0.6287765
2021-12-23 15:00:00+00:00,0.232482286,0,0.039382202,0.63412018
2021-12-23 16:00:00+00:00,0.227500351,0,0.007333836,0.639380969
2021-12-23 17:00:00+00:00,0.240048563,0,0,0.651134471
2021-12-23 18:00:00+00:00,0.251560629,0,0,0.649957846
2021-12-23 19:00:00+00:00,0.26290402,0,0,0.63846126
2021-12-23 20:00:00+00:00,0.291560691,0,0,0.619070742
2021-12-23 21:00:00+00:00,0.320145072,0,0,0.609268902
2021-12-23 22:00:00+00:00,0.318422178,0,0,0.603127429
2021-12-23 23:00:00+00:00,0.322560738,0,0,0.601885613
2021-12-24 00:00:00+00:00,0.315777595,0,0,0.587282398
2021-12-24 01:00:00+00:00,0.307560715,0,0,0.530197212
2021-12-24 02:00:00+00:00,0.298879979,0,0,0.509972293
2021-12-24 03:00:00+00:00,0.29254262,0,0,0.507902893
2021-12-24 04:00:00+00:00,0.280705252,0,0,0.507020231
2021-12-24 05:00:00+00:00,0.271072707,0,0,0.516188851
2021-12-24 06:00:00+00:00,0.26906668,0,0,0.540965154
2021-12-24 07:00:00+00:00,0.274048615,0,0.003010341,0.589353118
2021-12-24 08:00:00+00:00,0.2672474,0,0.024417213,0.616558416
2021-12-24 09:00:00+00:00,0.256765456,0,0.069832485,0.659705269
2021-12-24 10:00:00+00:00,0.250819664,0,0.131748888,0.665787706
2021-12-24 11:00:00+00:00,0.251235327,0,0.185204125,0.666552189
2021-12-24 12:00:00+00:00,0.240976275,0,0.186170408,0.668922589
2021-12-24 13:00:00+00:00,0.253060631,0,0.188524173,0.676366122
2021-12-24 14:00:00+00:00,0.262373899,0,0.184299784,0.684388787
2021-12-24 15:00:00+00:00,0.274379941,0,0.124947746,0.693245304
2021-12-24 16:00:00+00:00,0.275271509,0,0.033014648,0.688554853
2021-12-24 17:00:00+00:00,0.285584778,0,0,0.707988135
2021-12-24 18:00:00+00:00,0.301777574,0,0,0.689923863
2021-12-24 19:00:00+00:00,0.328470386,0,0,0.629367506
2021-12-24 20:00:00+00:00,0.358669228,0,0,0.601315164
2021-12-24 21:00:00+00:00,0.38250059,0,0,0.593438601
2021-12-24 22:00:00+00:00,0.39462109,0,0,0.590364182
2021-12-24 23:00:00+00:00,0.399633146,0,0,0.57599007
2021-12-25 00:00:00+00:00,0.399765677,0,0,0.571437696
2021-12-25 01:00:00+00:00,0.387000597,0,0,0.579778511
2021-12-25 02:00:00+00:00,0.351169216,0,0,0.56455153
2021-12-25 03:00:00+00:00,0.322241461,0,0,0.55643575
2021-12-25 04:00:00+00:00,0.310313732,0,0,0.554034897
2021-12-25 05:00:00+00:00,0.276614884,0,0,0.551666585
2021-12-25 06:00:00+00:00,0.270614875,0,0,0.549513305
2021-12-25 07:00:00+00:00,0.246301585,0,0.002155553,0.549996026
2021-12-25 08:00:00+00:00,0.242163024,0,0.026758589,0.552518795
2021-12-25 09:00:00+00:00,0.246717248,0,0.079780239,0.559592289
2021-12-25 10:00:00+00:00,0.242150976,0,0.137992559,0.578826261
2021-12-25 11:00:00+00:00,0.236524461,0,0.174587407,0.620073891
2021-12-25 12:00:00+00:00,0.232512407,0,0.180570925,0.586044649
2021-12-25 13:00:00+00:00,0.220608774,0,0.168839266,0.572389176
2021-12-25 14:00:00+00:00,0.202747301,0,0.134635347,0.568938892
2021-12-25 15:00:00+00:00,0.164699049,0,0.074973603,0.570093751
2021-12-25 16:00:00+00:00,0.141699014,0,0.018631907,0.580475384
2021-12-25 17:00:00+00:00,0.133283338,0,0,0.609863755
2021-12-25 18:00:00+00:00,0.131433938,0,0,0.619199365
2021-12-25 19:00:00+00:00,0.130578515,0,0,0.620030907
2021-12-25 20:00:00+00:00,0.135825511,0,0,0.637366426
2021-12-25 21:00:00+00:00,0.149253242,0,0,0.612525152
2021-12-25 22:00:00+00:00,0.170506287,0,0,0.593093958
2021-12-25 23:00:00+00:00,0.181313533,0,0,0.559017554
2021-12-26 00:00:00+00:00,0.211879845,0,0,0.547588578
2021-12-26 01:00:00+00:00,0.233855782,0,0,0.544364318
2021-12-26 02:00:00+00:00,0.231584694,0,0,0.538607176
2021-12-26 03:00:00+00:00,0.233235299,0,0,0.532026077
2021-12-26 04:00:00+00:00,0.252855812,0,0,0.529239136
2021-12-26 05:00:00+00:00,0.26178956,0,0,0.530524046
2021-12-26 06:00:00+00:00,0.258759435,0,0,0.53183699
2021-12-26 07:00:00+00:00,0.259373894,0,0.002502424,0.533784474
2021-12-26 08:00:00+00:00,0.274783556,0,0.042392543,0.543496278
2021-12-26 09:00:00+00:00,0.283970317,0,0.102376381,0.549663915
2021-12-26 10:00:00+00:00,0.315584824,0,0.144632653,0.556900661
2021-12-26 11:00:00+00:00,0.34919331,0,0.168727772,0.56830809
2021-12-26 12:00:00+00:00,0.360958388,0,0.165853701,0.577996478
2021-12-26 13:00:00+00:00,0.373494552,0,0.139280935,0.583051691
2021-12-26 14:00:00+00:00,0.395675309,0,0.092775498,0.581360574
2021-12-26 15:00:00+00:00,0.412030756,0,0.04760799,0.583308058
2021-12-26 16:00:00+00:00,0.427669334,0,0.011037918,0.587518866
2021-12-26 17:00:00+00:00,0.441952489,0,0,0.596132098
2021-12-26 18:00:00+00:00,0.476030855,0,0,0.619328208
2021-12-26 19:00:00+00:00,0.503283909,0,0,0.684479043
2021-12-26 20:00:00+00:00,0.505247767,0,0,0.69133146
2021-12-26 21:00:00+00:00,0.522338155,0,0,0.683571207
2021-12-26 22:00:00+00:00,0.544796021,0,0,0.67495017
2021-12-26 23:00:00+00:00,0.552591214,0,0,0.627247865
2021-12-27 00:00:00+00:00,0.52240442,0,0,0.571989016
2021-12-27 01:00:00+00:00,0.49175377,0,0,0.559203232
2021-12-27 02:00:00+00:00,0.472181451,0,0,0.558664335
2021-12-27 03:00:00+00:00,0.476651337,0,0,0.560889293
2021-12-27 04:00:00+00:00,0.507458614,0,0,0.570699158
2021-12-27 05:00:00+00:00,0.554139409,0,0,0.592106089
2021-12-27 06:00:00+00:00,0.584868372,0,0,0.637767356
2021-12-27 07:00:00+00:00,0.573416547,0,0.001821071,0.644177397
2021-12-27 08:00:00+00:00,0.612681668,0,0.063985238,0.649557575
2021-12-27 09:00:00+00:00,0.601657554,0,0.222752868,0.642456268
2021-12-27 10:00:00+00:00,0.627850366,0,0.291742953,0.64464044
2021-12-27 11:00:00+00:00,0.651687752,0,0.344516838,0.65115261
2021-12-27 12:00:00+00:00,0.641217856,0,0.368079263,0.677764484
2021-12-27 13:00:00+00:00,0.648862446,0,0.351986944,0.681887126
2021-12-27 14:00:00+00:00,0.630531093,0,0.315565531,0.680032096
2021-12-27 15:00:00+00:00,0.590904526,0,0.208729385,0.682386117
2021-12-27 16:00:00+00:00,0.570091241,0,0.05034579,0.685872569
2021-12-27 17:00:00+00:00,0.553296034,0,0,0.724281808
2021-12-27 18:00:00+00:00,0.566332199,0,0,0.728736121
2021-12-27 19:00:00+00:00,0.591133442,0,0,0.703908039
2021-12-27 20:00:00+00:00,0.609856362,0,0,0.699536397
2021-12-27 21:00:00+00:00,0.596482848,0,0,0.690070735
2021-12-27 22:00:00+00:00,0.594753929,0,0,0.672815358
2021-12-27 23:00:00+00:00,0.618428665,0,0,0.644150353
2021-12-28 00:00:00+00:00,0.618019025,0,0,0.638196979
2021-12-28 01:00:00+00:00,0.612717812,0,0,0.622286536
2021-12-28 02:00:00+00:00,0.606765996,0,0,0.615195013
2021-12-28 03:00:00+00:00,0.597181644,0,0,0.618594947
2021-12-28 04:00:00+00:00,0.584868372,0,0,0.614187246
2021-12-28 05:00:00+00:00,0.573109318,0,0,0.61197746
2021-12-28 06:00:00+00:00,0.564073159,0,0,0.627709369
2021-12-28 07:00:00+00:00,0.551796032,0,0.001969729,0.66663398
2021-12-28 08:00:00+00:00,0.550085186,0,0.060516532,0.67536649
2021-12-28 09:00:00+00:00,0.529555034,0,0.17407949,0.683437307
2021-12-28 10:00:00+00:00,0.521910443,0,0.287704389,0.673384487
2021-12-28 11:00:00+00:00,0.532494797,0,0.332314426,0.67753813
2021-12-28 12:00:00+00:00,0.569868349,0,0.328052873,0.701173206
2021-12-28 13:00:00+00:00,0.577922578,0,0.31332326,0.708351138
2021-12-28 14:00:00+00:00,0.575157513,0,0.321561437,0.686392997
2021-12-28 15:00:00+00:00,0.55716351,0,0.20721802,0.687364156
2021-12-28 16:00:00+00:00,0.562597253,0,0.041364319,0.699202636
2021-12-28 17:00:00+00:00,0.555404471,0,0,0.736355548
2021-12-28 18:00:00+00:00,0.540952641,0,0,0.755150113
2021-12-28 19:00:00+00:00,0.533018894,0,0,0.755880956
2021-12-28 20:00:00+00:00,0.514193564,0,0,0.748975111
2021-12-28 21:00:00+00:00,0.510910426,0,0,0.720498644
2021-12-28 22:00:00+00:00,0.502494751,0,0,0.687462657
2021-12-28 23:00:00+00:00,0.49320558,0,0,0.665148109
2021-12-29 00:00:00+00:00,0.481103152,0,0,0.653751784
2021-12-29 01:00:00+00:00,0.465813971,0,0,0.641759505
2021-12-29 02:00:00+00:00,0.444880204,0,0,0.654646428
2021-12-29 03:00:00+00:00,0.417060884,0,0,0.664972764
2021-12-29 04:00:00+00:00,0.388283731,0,0,0.670771902
2021-12-29 05:00:00+00:00,0.375976483,0,0,0.662120742
2021-12-29 06:00:00+00:00,0.376060821,0,0,0.675966291
2021-12-29 07:00:00+00:00,0.3639102,0,0.002700635,0.708303097
2021-12-29 08:00:00+00:00,0.339163174,0,0.078900674,0.72731753
2021-12-29 09:00:00+00:00,0.31763302,0,0.232390916,0.731671033
2021-12-29 10:00:00+00:00,0.297952267,0,0.326826437,0.733027841
2021-12-29 11:00:00+00:00,0.281084771,0,0.374397263,0.734636947
2021-12-29 12:00:00+00:00,0.269831741,0,0.405367852,0.727256517
2021-12-29 13:00:00+00:00,0.257958229,0,0.396448323,0.703741159
2021-12-29 14:00:00+00:00,0.256000395,0,0.360287062,0.671736574
2021-12-29 15:00:00+00:00,0.239771454,0,0.245658716,0.681668906
2021-12-29 16:00:00+00:00,0.242602784,0,0.083236556,0.709371877
2021-12-29 17:00:00+00:00,0.254590754,0,0.021778519,0.729381874
2021-12-29 18:00:00+00:00,0.247018453,0,0,0.741875453
2021-12-29 19:00:00+00:00,0.234114819,0,0,0.74480201
2021-12-29 20:00:00+00:00,0.227584688,0,0,0.741134936
2021-12-29 21:00:00+00:00,0.219741303,0,0,0.725123794
2021-12-29 22:00:00+00:00,0.210922012,0,0,0.68545295
2021-12-29 23:00:00+00:00,0.204283448,0,0,0.660929935
2021-12-30 00:00:00+00:00,0.183946067,0,0,0.674439635
2021-12-30 01:00:00+00:00,0.167054474,0,0,0.670795647
2021-12-30 02:00:00+00:00,0.153180959,0,0,0.656894582
2021-12-30 03:00:00+00:00,0.142729136,0,0,0.651308167
2021-12-30 04:00:00+00:00,0.132174903,0,0,0.660508997
2021-12-30 05:00:00+00:00,0.127572486,0,0,0.653445947
2021-12-30 06:00:00+00:00,0.122608623,0,0,0.666381901
2021-12-30 07:00:00+00:00,0.125855616,0,0.003852741,0.704825659
2021-12-30 08:00:00+00:00,0.128331523,0,0.101595922,0.712027666
2021-12-30 09:00:00+00:00,0.122144767,0,0.291891612,0.670221681
2021-12-30 10:00:00+00:00,0.11164475,0,0.393475146,0.667163532
2021-12-30 11:00:00+00:00,0.103451967,0,0.445456183,0.674095102
2021-12-30 12:00:00+00:00,0.105970043,0,0.496062127,0.663904534
2021-12-30 13:00:00+00:00,0.107470045,0,0.506517798,0.644129686
2021-12-30 14:00:00+00:00,0.107915829,0,0.488802621,0.666660144
2021-12-30 15:00:00+00:00,0.103391726,0,0.353485921,0.700998081
2021-12-30 16:00:00+00:00,0.114524273,0,0.111233969,0.704307979
2021-12-30 17:00:00+00:00,0.136548403,0,0.012586448,0.727871599
2021-12-30 18:00:00+00:00,0.153048429,0,0,0.738925149
2021-12-30 19:00:00+00:00,0.158355666,0,0,0.74433512
2021-12-30 20:00:00+00:00,0.168006283,0,0,0.72175761
2021-12-30 21:00:00+00:00,0.180891845,0,0,0.687831926
2021-12-30 22:00:00+00:00,0.193307527,0,0,0.66175763
2021-12-30 23:00:00+00:00,0.20110272,0,0,0.64661167
2021-12-31 00:00:00+00:00,0.205753329,0,0,0.624205547
2021-12-31 01:00:00+00:00,0.207403934,0,0,0.618881545
2021-12-31 02:00:00+00:00,0.197409943,0,0,0.628579498
2021-12-31 03:00:00+00:00,0.192518369,0,0,0.634422389
2021-12-31 04:00:00+00:00,0.189638847,0,0,0.638530079
2021-12-31 05:00:00+00:00,0.184921972,0,0,0.633525546
2021-12-31 06:00:00+00:00,0.182024377,0,0,0.62533534
2021-12-31 07:00:00+00:00,0.184518357,0,0.004397824,0.630191353
2021-12-31 08:00:00+00:00,0.184807514,0,0.124650429,0.619895578
2021-12-31 09:00:00+00:00,0.171536409,0,0.367224474,0.590656387
2021-12-31 10:00:00+00:00,0.15495807,0,0.475757808,0.586931158
2021-12-31 11:00:00+00:00,0.143319498,0,0.506777951,0.586270344
2021-12-31 12:00:00+00:00,0.140566482,0,0.519438728,0.584400803
2021-12-31 13:00:00+00:00,0.142108653,0,0.51548688,0.610564805
2021-12-31 14:00:00+00:00,0.142289376,0,0.482100585,0.620637304
2021-12-31 15:00:00+00:00,0.140584554,0,0.345929097,0.634140078
2021-12-31 16:00:00+00:00,0.146470105,0,0.103144451,0.665057414
2021-12-31 17:00:00+00:00,0.15758458,0,0.011124636,0.670695937
2021-12-31 18:00:00+00:00,0.174464124,0,0,0.685631044
2021-12-31 19:00:00+00:00,0.193512347,0,0,0.678171461
2021-12-31 20:00:00+00:00,0.211837676,0,0,0.662913587
2021-12-31 21:00:00+00:00,0.216771419,0,0,0.622261031
2021-12-31 22:00:00+00:00,0.223530465,0,0,0.59805034
2021-12-31 23:00:00+00:00,0.228946136,0,0,0.554191993
