2022-01-01 00:00:00+00:00,20827
2022-01-01 01:00:00+00:00,17396
2022-01-01 02:00:00+00:00,18533
2022-01-01 03:00:00+00:00,22105
2022-01-01 04:00:00+00:00,21096
2022-01-01 05:00:00+00:00,25189
2022-01-01 06:00:00+00:00,19473
2022-01-01 07:00:00+00:00,17684
2022-01-01 08:00:00+00:00,21531
2022-01-01 09:00:00+00:00,24673
2022-01-01 10:00:00+00:00,23642
2022-01-01 11:00:00+00:00,28062
2022-01-01 12:00:00+00:00,21173
2022-01-01 13:00:00+00:00,20516
2022-01-01 14:00:00+00:00,30212
2022-01-01 15:00:00+00:00,30485
2022-01-01 16:00:00+00:00,29274
2022-01-01 17:00:00+00:00,31729
2022-01-01 18:00:00+00:00,22985
2022-01-01 19:00:00+00:00,21935
2022-01-01 20:00:00+00:00,30459
2022-01-01 21:00:00+00:00,31527
2022-01-01 22:00:00+00:00,30488
2022-01-01 23:00:00+00:00,32032
2022-01-02 00:00:00+00:00,23719
2022-01-02 01:00:00+00:00,22317
2022-01-02 02:00:00+00:00,30892
2022-01-02 03:00:00+00:00,31771
2022-01-02 04:00:00+00:00,29788
2022-01-02 05:00:00+00:00,30267
2022-01-02 06:00:00+00:00,22677
2022-01-02 07:00:00+00:00,20108
2022-01-02 08:00:00+00:00,23300
2022-01-02 09:00:00+00:00,25111
2022-01-02 10:00:00+00:00,24388
2022-01-02 11:00:00+00:00,29309
2022-01-02 12:00:00+00:00,22480
2022-01-02 13:00:00+00:00,21258
2022-01-02 14:00:00+00:00,29656
2022-01-02 15:00:00+00:00,30397
2022-01-02 16:00:00+00:00,29408
2022-01-02 17:00:00+00:00,32597
2022-01-02 18:00:00+00:00,23912
2022-01-02 19:00:00+00:00,21638
2022-01-02 20:00:00+00:00,26939
2022-01-02 21:00:00+00:00,29376
2022-01-02 22:00:00+00:00,27852
2022-01-02 23:00:00+00:00,31606
2022-01-03 00:00:00+00:00,23142
2022-01-03 01:00:00+00:00,20384
2022-01-03 02:00:00+00:00,24018
2022-01-03 03:00:00+00:00,28513
2022-01-03 04:00:00+00:00,26563
2022-01-03 05:00:00+00:00,31201
2022-01-03 06:00:00+00:00,22429
2022-01-03 07:00:00+00:00,22053
2022-01-03 08:00:00+00:00,33103
2022-01-03 09:00:00+00:00,33911
2022-01-03 10:00:00+00:00,32044
2022-01-03 11:00:00+00:00,34066
2022-01-03 12:00:00+00:00,24788
2022-01-03 13:00:00+00:00,24035
2022-01-03 14:00:00+00:00,33469
2022-01-03 15:00:00+00:00,33181
2022-01-03 16:00:00+00:00,31697
2022-01-03 17:00:00+00:00,34045
2022-01-03 18:00:00+00:00,24986
2022-01-03 19:00:00+00:00,24007
2022-01-03 20:00:00+00:00,33884
2022-01-03 21:00:00+00:00,33364
2022-01-03 22:00:00+00:00,31902
2022-01-03 23:00:00+00:00,34267
2022-01-04 00:00:00+00:00,25102
2022-01-04 01:00:00+00:00,24121
2022-01-04 02:00:00+00:00,34505
2022-01-04 03:00:00+00:00,34313
2022-01-04 04:00:00+00:00,32886
2022-01-04 05:00:00+00:00,34979
2022-01-04 06:00:00+00:00,25678
2022-01-04 07:00:00+00:00,24554
2022-01-04 08:00:00+00:00,35235
2022-01-04 09:00:00+00:00,34804
2022-01-04 10:00:00+00:00,32980
2022-01-04 11:00:00+00:00,34654
2022-01-04 12:00:00+00:00,25801
2022-01-04 13:00:00+00:00,23109
2022-01-04 14:00:00+00:00,29216
2022-01-04 15:00:00+00:00,30378
2022-01-04 16:00:00+00:00,28395
2022-01-04 17:00:00+00:00,32464
2022-01-04 18:00:00+00:00,24031
2022-01-04 19:00:00+00:00,21513
2022-01-04 20:00:00+00:00,25557
2022-01-04 21:00:00+00:00,28600
2022-01-04 22:00:00+00:00,26841
2022-01-04 23:00:00+00:00,32252
2022-01-05 00:00:00+00:00,23671
2022-01-05 01:00:00+00:00,23511
2022-01-05 02:00:00+00:00,34758
2022-01-05 03:00:00+00:00,34828
2022-01-05 04:00:00+00:00,33495
2022-01-05 05:00:00+00:00,35863
2022-01-05 06:00:00+00:00,26008
2022-01-05 07:00:00+00:00,25001
2022-01-05 08:00:00+00:00,36089
2022-01-05 09:00:00+00:00,35381
2022-01-05 10:00:00+00:00,33672
2022-01-05 11:00:00+00:00,36150
2022-01-05 12:00:00+00:00,26000
2022-01-05 13:00:00+00:00,24927
2022-01-05 14:00:00+00:00,35994
2022-01-05 15:00:00+00:00,35575
2022-01-05 16:00:00+00:00,33743
2022-01-05 17:00:00+00:00,36444
2022-01-05 18:00:00+00:00,26303
2022-01-05 19:00:00+00:00,25019
2022-01-05 20:00:00+00:00,35869
2022-01-05 21:00:00+00:00,34942
2022-01-05 22:00:00+00:00,33823
2022-01-05 23:00:00+00:00,36496
2022-01-06 00:00:00+00:00,26251
2022-01-06 01:00:00+00:00,24999
2022-01-06 02:00:00+00:00,36097
2022-01-06 03:00:00+00:00,34647
2022-01-06 04:00:00+00:00,33320
2022-01-06 05:00:00+00:00,35791
2022-01-06 06:00:00+00:00,26365
2022-01-06 07:00:00+00:00,23626
2022-01-06 08:00:00+00:00,29454
2022-01-06 09:00:00+00:00,31485
2022-01-06 10:00:00+00:00,29191
2022-01-06 11:00:00+00:00,32892
2022-01-06 12:00:00+00:00,24316
2022-01-06 13:00:00+00:00,21924
2022-01-06 14:00:00+00:00,25835
2022-01-06 15:00:00+00:00,29615
2022-01-06 16:00:00+00:00,27751
2022-01-06 17:00:00+00:00,32650
2022-01-06 18:00:00+00:00,24475
2022-01-06 19:00:00+00:00,23986
2022-01-06 20:00:00+00:00,35846
2022-01-06 21:00:00+00:00,36145
2022-01-06 22:00:00+00:00,34416
2022-01-06 23:00:00+00:00,36032
2022-01-07 00:00:00+00:00,25899
2022-01-07 01:00:00+00:00,24791
2022-01-07 02:00:00+00:00,35656
2022-01-07 03:00:00+00:00,35343
2022-01-07 04:00:00+00:00,33695
2022-01-07 05:00:00+00:00,35786
2022-01-07 06:00:00+00:00,25748
2022-01-07 07:00:00+00:00,24748
2022-01-07 08:00:00+00:00,35660
2022-01-07 09:00:00+00:00,35213
2022-01-07 10:00:00+00:00,33535
2022-01-07 11:00:00+00:00,35741
2022-01-07 12:00:00+00:00,25797
2022-01-07 13:00:00+00:00,24733
2022-01-07 14:00:00+00:00,35329
2022-01-07 15:00:00+00:00,34386
2022-01-07 16:00:00+00:00,32859
2022-01-07 17:00:00+00:00,35573
2022-01-07 18:00:00+00:00,25938
2022-01-07 19:00:00+00:00,25113
2022-01-07 20:00:00+00:00,35256
2022-01-07 21:00:00+00:00,33837
2022-01-07 22:00:00+00:00,31684
2022-01-07 23:00:00+00:00,34308
2022-01-08 00:00:00+00:00,25701
2022-01-08 01:00:00+00:00,23341
2022-01-08 02:00:00+00:00,28963
2022-01-08 03:00:00+00:00,29794
2022-01-08 04:00:00+00:00,27428
2022-01-08 05:00:00+00:00,31708
2022-01-08 06:00:00+00:00,23819
2022-01-08 07:00:00+00:00,21376
2022-01-08 08:00:00+00:00,25220
2022-01-08 09:00:00+00:00,27018
2022-01-08 10:00:00+00:00,25418
2022-01-08 11:00:00+00:00,31306
2022-01-08 12:00:00+00:00,23575
2022-01-08 13:00:00+00:00,23377
2022-01-08 14:00:00+00:00,34079
2022-01-08 15:00:00+00:00,33079
2022-01-08 16:00:00+00:00,31394
2022-01-08 17:00:00+00:00,34473
2022-01-08 18:00:00+00:00,24933
2022-01-08 19:00:00+00:00,24114
2022-01-08 20:00:00+00:00,34049
2022-01-08 21:00:00+00:00,33344
2022-01-08 22:00:00+00:00,31661
2022-01-08 23:00:00+00:00,34920
2022-01-09 00:00:00+00:00,25098
2022-01-09 01:00:00+00:00,24469
2022-01-09 02:00:00+00:00,34073
2022-01-09 03:00:00+00:00,32722
2022-01-09 04:00:00+00:00,31106
2022-01-09 05:00:00+00:00,34185
2022-01-09 06:00:00+00:00,25281
2022-01-09 07:00:00+00:00,24395
2022-01-09 08:00:00+00:00,33652
2022-01-09 09:00:00+00:00,32339
2022-01-09 10:00:00+00:00,31194
2022-01-09 11:00:00+00:00,33740
2022-01-09 12:00:00+00:00,24954
2022-01-09 13:00:00+00:00,24087
2022-01-09 14:00:00+00:00,33269
2022-01-09 15:00:00+00:00,32774
2022-01-09 16:00:00+00:00,31211
2022-01-09 17:00:00+00:00,32734
2022-01-09 18:00:00+00:00,25091
2022-01-09 19:00:00+00:00,22528
2022-01-09 20:00:00+00:00,28216
2022-01-09 21:00:00+00:00,29027
2022-01-09 22:00:00+00:00,26490
2022-01-09 23:00:00+00:00,30358
2022-01-10 00:00:00+00:00,23138
2022-01-10 01:00:00+00:00,21113
2022-01-10 02:00:00+00:00,24630
2022-01-10 03:00:00+00:00,26795
2022-01-10 04:00:00+00:00,24731
2022-01-10 05:00:00+00:00,30562
2022-01-10 06:00:00+00:00,23109
2022-01-10 07:00:00+00:00,22708
2022-01-10 08:00:00+00:00,33240
2022-01-10 09:00:00+00:00,32205
2022-01-10 10:00:00+00:00,30359
2022-01-10 11:00:00+00:00,33725
2022-01-10 12:00:00+00:00,24850
2022-01-10 13:00:00+00:00,24279
2022-01-10 14:00:00+00:00,33473
2022-01-10 15:00:00+00:00,32075
2022-01-10 16:00:00+00:00,30408
2022-01-10 17:00:00+00:00,33746
2022-01-10 18:00:00+00:00,24996
2022-01-10 19:00:00+00:00,24114
2022-01-10 20:00:00+00:00,33565
2022-01-10 21:00:00+00:00,32239
2022-01-10 22:00:00+00:00,30552
2022-01-10 23:00:00+00:00,33915
2022-01-11 00:00:00+00:00,25044
2022-01-11 01:00:00+00:00,24409
2022-01-11 02:00:00+00:00,33573
2022-01-11 03:00:00+00:00,32367
2022-01-11 04:00:00+00:00,31065
2022-01-11 05:00:00+00:00,33958
2022-01-11 06:00:00+00:00,25317
2022-01-11 07:00:00+00:00,24498
2022-01-11 08:00:00+00:00,33261
2022-01-11 09:00:00+00:00,31787
2022-01-11 10:00:00+00:00,30005
2022-01-11 11:00:00+00:00,33036
2022-01-11 12:00:00+00:00,25060
2022-01-11 13:00:00+00:00,22408
2022-01-11 14:00:00+00:00,27891
2022-01-11 15:00:00+00:00,29265
2022-01-11 16:00:00+00:00,26653
2022-01-11 17:00:00+00:00,30489
2022-01-11 18:00:00+00:00,22957
2022-01-11 19:00:00+00:00,20492
2022-01-11 20:00:00+00:00,24028
2022-01-11 21:00:00+00:00,26896
2022-01-11 22:00:00+00:00,25217
2022-01-11 23:00:00+00:00,30133
2022-01-12 00:00:00+00:00,22585
2022-01-12 01:00:00+00:00,22310
2022-01-12 02:00:00+00:00,32436
2022-01-12 03:00:00+00:00,32350
2022-01-12 04:00:00+00:00,30873
2022-01-12 05:00:00+00:00,33955
2022-01-12 06:00:00+00:00,25181
2022-01-12 07:00:00+00:00,24320
2022-01-12 08:00:00+00:00,33236
2022-01-12 09:00:00+00:00,32108
2022-01-12 10:00:00+00:00,30659
2022-01-12 11:00:00+00:00,33994
2022-01-12 12:00:00+00:00,25153
2022-01-12 13:00:00+00:00,24273
2022-01-12 14:00:00+00:00,33162
2022-01-12 15:00:00+00:00,32384
2022-01-12 16:00:00+00:00,30533
2022-01-12 17:00:00+00:00,33648
2022-01-12 18:00:00+00:00,25078
2022-01-12 19:00:00+00:00,24423
2022-01-12 20:00:00+00:00,32789
2022-01-12 21:00:00+00:00,31745
2022-01-12 22:00:00+00:00,29889
2022-01-12 23:00:00+00:00,33107
2022-01-13 00:00:00+00:00,25042
2022-01-13 01:00:00+00:00,24125
2022-01-13 02:00:00+00:00,32250
2022-01-13 03:00:00+00:00,31263
2022-01-13 04:00:00+00:00,29369
2022-01-13 05:00:00+00:00,31915
2022-01-13 06:00:00+00:00,24708
2022-01-13 07:00:00+00:00,22215
2022-01-13 08:00:00+00:00,27392
2022-01-13 09:00:00+00:00,29428
2022-01-13 10:00:00+00:00,26714
2022-01-13 11:00:00+00:00,30096
2022-01-13 12:00:00+00:00,23103
2022-01-13 13:00:00+00:00,21003
2022-01-13 14:00:00+00:00,24491
2022-01-13 15:00:00+00:00,26384
2022-01-13 16:00:00+00:00,24264
2022-01-13 17:00:00+00:00,29963
2022-01-13 18:00:00+00:00,22838
2022-01-13 19:00:00+00:00,22837
2022-01-13 20:00:00+00:00,32570
2022-01-13 21:00:00+00:00,31268
2022-01-13 22:00:00+00:00,29457
2022-01-13 23:00:00+00:00,32987
2022-01-14 00:00:00+00:00,24526
2022-01-14 01:00:00+00:00,23999
2022-01-14 02:00:00+00:00,32538
2022-01-14 03:00:00+00:00,31142
2022-01-14 04:00:00+00:00,29504
2022-01-14 05:00:00+00:00,32934
2022-01-14 06:00:00+00:00,24555
2022-01-14 07:00:00+00:00,23722
2022-01-14 08:00:00+00:00,32387
2022-01-14 09:00:00+00:00,31363
2022-01-14 10:00:00+00:00,29590
2022-01-14 11:00:00+00:00,32700
2022-01-14 12:00:00+00:00,24508
2022-01-14 13:00:00+00:00,23680
2022-01-14 14:00:00+00:00,32138
2022-01-14 15:00:00+00:00,31417
2022-01-14 16:00:00+00:00,30373
2022-01-14 17:00:00+00:00,32751
2022-01-14 18:00:00+00:00,24389
2022-01-14 19:00:00+00:00,23590
2022-01-14 20:00:00+00:00,32368
2022-01-14 21:00:00+00:00,32599
2022-01-14 22:00:00+00:00,30194
2022-01-14 23:00:00+00:00,32018
2022-01-15 00:00:00+00:00,24674
2022-01-15 01:00:00+00:00,22328
2022-01-15 02:00:00+00:00,27752
2022-01-15 03:00:00+00:00,29446
2022-01-15 04:00:00+00:00,26654
2022-01-15 05:00:00+00:00,29791
2022-01-15 06:00:00+00:00,23025
2022-01-15 07:00:00+00:00,20793
2022-01-15 08:00:00+00:00,24271
2022-01-15 09:00:00+00:00,26673
2022-01-15 10:00:00+00:00,24113
2022-01-15 11:00:00+00:00,29008
2022-01-15 12:00:00+00:00,22865
2022-01-15 13:00:00+00:00,22103
2022-01-15 14:00:00+00:00,30462
2022-01-15 15:00:00+00:00,30709
2022-01-15 16:00:00+00:00,28548
2022-01-15 17:00:00+00:00,31763
2022-01-15 18:00:00+00:00,23865
2022-01-15 19:00:00+00:00,23275
2022-01-15 20:00:00+00:00,31770
2022-01-15 21:00:00+00:00,31211
2022-01-15 22:00:00+00:00,29424
2022-01-15 23:00:00+00:00,32678
2022-01-16 00:00:00+00:00,24134
2022-01-16 01:00:00+00:00,23245
2022-01-16 02:00:00+00:00,31968
2022-01-16 03:00:00+00:00,31915
2022-01-16 04:00:00+00:00,30107
2022-01-16 05:00:00+00:00,32750
2022-01-16 06:00:00+00:00,24224
2022-01-16 07:00:00+00:00,23353
2022-01-16 08:00:00+00:00,32101
2022-01-16 09:00:00+00:00,32294
2022-01-16 10:00:00+00:00,31293
2022-01-16 11:00:00+00:00,32779
2022-01-16 12:00:00+00:00,24465
2022-01-16 13:00:00+00:00,23843
2022-01-16 14:00:00+00:00,32497
2022-01-16 15:00:00+00:00,32369
2022-01-16 16:00:00+00:00,30003
2022-01-16 17:00:00+00:00,31815
2022-01-16 18:00:00+00:00,24401
2022-01-16 19:00:00+00:00,21802
2022-01-16 20:00:00+00:00,26909
2022-01-16 21:00:00+00:00,28202
2022-01-16 22:00:00+00:00,25541
2022-01-16 23:00:00+00:00,29251
2022-01-17 00:00:00+00:00,22097
2022-01-17 01:00:00+00:00,20179
2022-01-17 02:00:00+00:00,23279
2022-01-17 03:00:00+00:00,26641
2022-01-17 04:00:00+00:00,24560
2022-01-17 05:00:00+00:00,29345
2022-01-17 06:00:00+00:00,22063
2022-01-17 07:00:00+00:00,21998
2022-01-17 08:00:00+00:00,32423
2022-01-17 09:00:00+00:00,33010
2022-01-17 10:00:00+00:00,31064
2022-01-17 11:00:00+00:00,33184
2022-01-17 12:00:00+00:00,24001
2022-01-17 13:00:00+00:00,23049
2022-01-17 14:00:00+00:00,32190
2022-01-17 15:00:00+00:00,32350
2022-01-17 16:00:00+00:00,29992
2022-01-17 17:00:00+00:00,32876
2022-01-17 18:00:00+00:00,23664
2022-01-17 19:00:00+00:00,22971
2022-01-17 20:00:00+00:00,31935
2022-01-17 21:00:00+00:00,31687
2022-01-17 22:00:00+00:00,29547
2022-01-17 23:00:00+00:00,32305
2022-01-18 00:00:00+00:00,23721
2022-01-18 01:00:00+00:00,22794
2022-01-18 02:00:00+00:00,31673
2022-01-18 03:00:00+00:00,31141
2022-01-18 04:00:00+00:00,29439
2022-01-18 05:00:00+00:00,32365
2022-01-18 06:00:00+00:00,23846
2022-01-18 07:00:00+00:00,22964
2022-01-18 08:00:00+00:00,31697
2022-01-18 09:00:00+00:00,32170
2022-01-18 10:00:00+00:00,30194
2022-01-18 11:00:00+00:00,31634
2022-01-18 12:00:00+00:00,23481
2022-01-18 13:00:00+00:00,21338
2022-01-18 14:00:00+00:00,26426
2022-01-18 15:00:00+00:00,27801
2022-01-18 16:00:00+00:00,25081
2022-01-18 17:00:00+00:00,28596
2022-01-18 18:00:00+00:00,21631
2022-01-18 19:00:00+00:00,19573
2022-01-18 20:00:00+00:00,22671
2022-01-18 21:00:00+00:00,25417
2022-01-18 22:00:00+00:00,23196
2022-01-18 23:00:00+00:00,28465
2022-01-19 00:00:00+00:00,21683
2022-01-19 01:00:00+00:00,21551
2022-01-19 02:00:00+00:00,32014
2022-01-19 03:00:00+00:00,33346
2022-01-19 04:00:00+00:00,31005
2022-01-19 05:00:00+00:00,32353
2022-01-19 06:00:00+00:00,23451
2022-01-19 07:00:00+00:00,22735
2022-01-19 08:00:00+00:00,31632
2022-01-19 09:00:00+00:00,32305
2022-01-19 10:00:00+00:00,30313
2022-01-19 11:00:00+00:00,32015
2022-01-19 12:00:00+00:00,23519
2022-01-19 13:00:00+00:00,22705
2022-01-19 14:00:00+00:00,31402
2022-01-19 15:00:00+00:00,32765
2022-01-19 16:00:00+00:00,30476
2022-01-19 17:00:00+00:00,31975
2022-01-19 18:00:00+00:00,23350
2022-01-19 19:00:00+00:00,22177
2022-01-19 20:00:00+00:00,31227
2022-01-19 21:00:00+00:00,32041
2022-01-19 22:00:00+00:00,29819
2022-01-19 23:00:00+00:00,31829
2022-01-20 00:00:00+00:00,23337
2022-01-20 01:00:00+00:00,22340
2022-01-20 02:00:00+00:00,30580
2022-01-20 03:00:00+00:00,30861
2022-01-20 04:00:00+00:00,28891
2022-01-20 05:00:00+00:00,30676
2022-01-20 06:00:00+00:00,22835
2022-01-20 07:00:00+00:00,20636
2022-01-20 08:00:00+00:00,25360
2022-01-20 09:00:00+00:00,27298
2022-01-20 10:00:00+00:00,24488
2022-01-20 11:00:00+00:00,27695
2022-01-20 12:00:00+00:00,21321
2022-01-20 13:00:00+00:00,19130
2022-01-20 14:00:00+00:00,22510
2022-01-20 15:00:00+00:00,25795
2022-01-20 16:00:00+00:00,23578
2022-01-20 17:00:00+00:00,27951
2022-01-20 18:00:00+00:00,21057
2022-01-20 19:00:00+00:00,20757
2022-01-20 20:00:00+00:00,30397
2022-01-20 21:00:00+00:00,31360
2022-01-20 22:00:00+00:00,29259
2022-01-20 23:00:00+00:00,31518
2022-01-21 00:00:00+00:00,22698
2022-01-21 01:00:00+00:00,22083
2022-01-21 02:00:00+00:00,30901
2022-01-21 03:00:00+00:00,31388
2022-01-21 04:00:00+00:00,29504
2022-01-21 05:00:00+00:00,31918
2022-01-21 06:00:00+00:00,23142
2022-01-21 07:00:00+00:00,22050
2022-01-21 08:00:00+00:00,30958
2022-01-21 09:00:00+00:00,31726
2022-01-21 10:00:00+00:00,29899
2022-01-21 11:00:00+00:00,32052
2022-01-21 12:00:00+00:00,23096
2022-01-21 13:00:00+00:00,22344
2022-01-21 14:00:00+00:00,31284
2022-01-21 15:00:00+00:00,31983
2022-01-21 16:00:00+00:00,30369
2022-01-21 17:00:00+00:00,32323
2022-01-21 18:00:00+00:00,23295
2022-01-21 19:00:00+00:00,22369
2022-01-21 20:00:00+00:00,30911
2022-01-21 21:00:00+00:00,31478
2022-01-21 22:00:00+00:00,29245
2022-01-21 23:00:00+00:00,30964
2022-01-22 00:00:00+00:00,22948
2022-01-22 01:00:00+00:00,20682
2022-01-22 02:00:00+00:00,26005
2022-01-22 03:00:00+00:00,28206
2022-01-22 04:00:00+00:00,25367
2022-01-22 05:00:00+00:00,28506
2022-01-22 06:00:00+00:00,21245
2022-01-22 07:00:00+00:00,19591
2022-01-22 08:00:00+00:00,23269
2022-01-22 09:00:00+00:00,25194
2022-01-22 10:00:00+00:00,22441
2022-01-22 11:00:00+00:00,26596
2022-01-22 12:00:00+00:00,20079
2022-01-22 13:00:00+00:00,23428
2022-01-22 14:00:00+00:00,30740
2022-01-22 15:00:00+00:00,29912
2022-01-22 16:00:00+00:00,27482
2022-01-22 17:00:00+00:00,28593
2022-01-22 18:00:00+00:00,21743
2022-01-22 19:00:00+00:00,24359
2022-01-22 20:00:00+00:00,30974
2022-01-22 21:00:00+00:00,30293
2022-01-22 22:00:00+00:00,27965
2022-01-22 23:00:00+00:00,28997
2022-01-23 00:00:00+00:00,22192
2022-01-23 01:00:00+00:00,24623
2022-01-23 02:00:00+00:00,31298
2022-01-23 03:00:00+00:00,30493
2022-01-23 04:00:00+00:00,28600
2022-01-23 05:00:00+00:00,28935
2022-01-23 06:00:00+00:00,22214
2022-01-23 07:00:00+00:00,24717
2022-01-23 08:00:00+00:00,31135
2022-01-23 09:00:00+00:00,30308
2022-01-23 10:00:00+00:00,28317
2022-01-23 11:00:00+00:00,29333
2022-01-23 12:00:00+00:00,22369
2022-01-23 13:00:00+00:00,24949
2022-01-23 14:00:00+00:00,31757
2022-01-23 15:00:00+00:00,30377
2022-01-23 16:00:00+00:00,28217
2022-01-23 17:00:00+00:00,29592
2022-01-23 18:00:00+00:00,22862
2022-01-23 19:00:00+00:00,22102
2022-01-23 20:00:00+00:00,27813
2022-01-23 21:00:00+00:00,26866
2022-01-23 22:00:00+00:00,24794
2022-01-23 23:00:00+00:00,27757
2022-01-24 00:00:00+00:00,21209
2022-01-24 01:00:00+00:00,20531
2022-01-24 02:00:00+00:00,24676
2022-01-24 03:00:00+00:00,26083
2022-01-24 04:00:00+00:00,24133
2022-01-24 05:00:00+00:00,28210
2022-01-24 06:00:00+00:00,21468
2022-01-24 07:00:00+00:00,25306
2022-01-24 08:00:00+00:00,33717
2022-01-24 09:00:00+00:00,32884
2022-01-24 10:00:00+00:00,30882
2022-01-24 11:00:00+00:00,31437
2022-01-24 12:00:00+00:00,23494
2022-01-24 13:00:00+00:00,26629
2022-01-24 14:00:00+00:00,34794
2022-01-24 15:00:00+00:00,33602
2022-01-24 16:00:00+00:00,30972
2022-01-24 17:00:00+00:00,31591
2022-01-24 18:00:00+00:00,23834
2022-01-24 19:00:00+00:00,26221
2022-01-24 20:00:00+00:00,33743
2022-01-24 21:00:00+00:00,31884
2022-01-24 22:00:00+00:00,29231
2022-01-24 23:00:00+00:00,30655
2022-01-25 00:00:00+00:00,23036
2022-01-25 01:00:00+00:00,26052
2022-01-25 02:00:00+00:00,31879
2022-01-25 03:00:00+00:00,30026
2022-01-25 04:00:00+00:00,28205
2022-01-25 05:00:00+00:00,29663
2022-01-25 06:00:00+00:00,22899
2022-01-25 07:00:00+00:00,25536
2022-01-25 08:00:00+00:00,31005
2022-01-25 09:00:00+00:00,30032
2022-01-25 10:00:00+00:00,28023
2022-01-25 11:00:00+00:00,28544
2022-01-25 12:00:00+00:00,22334
2022-01-25 13:00:00+00:00,21931
2022-01-25 14:00:00+00:00,26924
2022-01-25 15:00:00+00:00,26120
2022-01-25 16:00:00+00:00,23798
2022-01-25 17:00:00+00:00,26433
2022-01-25 18:00:00+00:00,20346
2022-01-25 19:00:00+00:00,19821
2022-01-25 20:00:00+00:00,23827
2022-01-25 21:00:00+00:00,24107
2022-01-25 22:00:00+00:00,22170
2022-01-25 23:00:00+00:00,25694
2022-01-26 00:00:00+00:00,20539
2022-01-26 01:00:00+00:00,23397
2022-01-26 02:00:00+00:00,29114
2022-01-26 03:00:00+00:00,29230
2022-01-26 04:00:00+00:00,27309
2022-01-26 05:00:00+00:00,28246
2022-01-26 06:00:00+00:00,21975
2022-01-26 07:00:00+00:00,24073
2022-01-26 08:00:00+00:00,30112
2022-01-26 09:00:00+00:00,29669
2022-01-26 10:00:00+00:00,27817
2022-01-26 11:00:00+00:00,28390
2022-01-26 12:00:00+00:00,22208
2022-01-26 13:00:00+00:00,24111
2022-01-26 14:00:00+00:00,29918
2022-01-26 15:00:00+00:00,29521
2022-01-26 16:00:00+00:00,26902
2022-01-26 17:00:00+00:00,26995
2022-01-26 18:00:00+00:00,20681
2022-01-26 19:00:00+00:00,20533
2022-01-26 20:00:00+00:00,24492
2022-01-26 21:00:00+00:00,24398
2022-01-26 22:00:00+00:00,22388
2022-01-26 23:00:00+00:00,24450
2022-01-27 00:00:00+00:00,19283
2022-01-27 01:00:00+00:00,18669
2022-01-27 02:00:00+00:00,21978
2022-01-27 03:00:00+00:00,22254
2022-01-27 04:00:00+00:00,20602
2022-01-27 05:00:00+00:00,23335
2022-01-27 06:00:00+00:00,18802
2022-01-27 07:00:00+00:00,18932
2022-01-27 08:00:00+00:00,22937
2022-01-27 09:00:00+00:00,23112
2022-01-27 10:00:00+00:00,21814
2022-01-27 11:00:00+00:00,23812
2022-01-27 12:00:00+00:00,18602
2022-01-27 13:00:00+00:00,18065
2022-01-27 14:00:00+00:00,21170
2022-01-27 15:00:00+00:00,21793
2022-01-27 16:00:00+00:00,20379
2022-01-27 17:00:00+00:00,23465
2022-01-27 18:00:00+00:00,18178
2022-01-27 19:00:00+00:00,19537
2022-01-27 20:00:00+00:00,24123
2022-01-27 21:00:00+00:00,24500
2022-01-27 22:00:00+00:00,23285
2022-01-27 23:00:00+00:00,25406
2022-01-28 00:00:00+00:00,19787
2022-01-28 01:00:00+00:00,22660
2022-01-28 02:00:00+00:00,28351
2022-01-28 03:00:00+00:00,28432
2022-01-28 04:00:00+00:00,26764
2022-01-28 05:00:00+00:00,27260
2022-01-28 06:00:00+00:00,21301
2022-01-28 07:00:00+00:00,23738
2022-01-28 08:00:00+00:00,30385
2022-01-28 09:00:00+00:00,30390
2022-01-28 10:00:00+00:00,28294
2022-01-28 11:00:00+00:00,28654
2022-01-28 12:00:00+00:00,22130
2022-01-28 13:00:00+00:00,24586
2022-01-28 14:00:00+00:00,30487
2022-01-28 15:00:00+00:00,29818
2022-01-28 16:00:00+00:00,27702
2022-01-28 17:00:00+00:00,28708
2022-01-28 18:00:00+00:00,22016
2022-01-28 19:00:00+00:00,24456
2022-01-28 20:00:00+00:00,30367
2022-01-28 21:00:00+00:00,30221
2022-01-28 22:00:00+00:00,28037
2022-01-28 23:00:00+00:00,28494
2022-01-29 00:00:00+00:00,21820
2022-01-29 01:00:00+00:00,20855
2022-01-29 02:00:00+00:00,26257
2022-01-29 03:00:00+00:00,26752
2022-01-29 04:00:00+00:00,24231
2022-01-29 05:00:00+00:00,26157
2022-01-29 06:00:00+00:00,20162
2022-01-29 07:00:00+00:00,19639
2022-01-29 08:00:00+00:00,23261
2022-01-29 09:00:00+00:00,23709
2022-01-29 10:00:00+00:00,21859
2022-01-29 11:00:00+00:00,26051
2022-01-29 12:00:00+00:00,20298
2022-01-29 13:00:00+00:00,23580
2022-01-29 14:00:00+00:00,28805
2022-01-29 15:00:00+00:00,28139
2022-01-29 16:00:00+00:00,26254
2022-01-29 17:00:00+00:00,27972
2022-01-29 18:00:00+00:00,21774
2022-01-29 19:00:00+00:00,24446
2022-01-29 20:00:00+00:00,29305
2022-01-29 21:00:00+00:00,28935
2022-01-29 22:00:00+00:00,27284
2022-01-29 23:00:00+00:00,28313
2022-01-30 00:00:00+00:00,22228
2022-01-30 01:00:00+00:00,24431
2022-01-30 02:00:00+00:00,29973
2022-01-30 03:00:00+00:00,29815
2022-01-30 04:00:00+00:00,28126
2022-01-30 05:00:00+00:00,28370
2022-01-30 06:00:00+00:00,21990
2022-01-30 07:00:00+00:00,24535
2022-01-30 08:00:00+00:00,30198
2022-01-30 09:00:00+00:00,29583
2022-01-30 10:00:00+00:00,27772
2022-01-30 11:00:00+00:00,28358
2022-01-30 12:00:00+00:00,22005
2022-01-30 13:00:00+00:00,24471
2022-01-30 14:00:00+00:00,29195
2022-01-30 15:00:00+00:00,28694
2022-01-30 16:00:00+00:00,26947
2022-01-30 17:00:00+00:00,27164
2022-01-30 18:00:00+00:00,21154
2022-01-30 19:00:00+00:00,20526
2022-01-30 20:00:00+00:00,25317
2022-01-30 21:00:00+00:00,24764
2022-01-30 22:00:00+00:00,22932
2022-01-30 23:00:00+00:00,24575
2022-01-31 00:00:00+00:00,18964
2022-01-31 01:00:00+00:00,18003
2022-01-31 02:00:00+00:00,21684
2022-01-31 03:00:00+00:00,21943
2022-01-31 04:00:00+00:00,20845
2022-01-31 05:00:00+00:00,23523
2022-01-31 06:00:00+00:00,18605
2022-01-31 07:00:00+00:00,20774
2022-01-31 08:00:00+00:00,26195
2022-01-31 09:00:00+00:00,26976
2022-01-31 10:00:00+00:00,25338
2022-01-31 11:00:00+00:00,26497
2022-01-31 12:00:00+00:00,20943
2022-01-31 13:00:00+00:00,23674
2022-01-31 14:00:00+00:00,29083
2022-01-31 15:00:00+00:00,29374
2022-01-31 16:00:00+00:00,27983
2022-01-31 17:00:00+00:00,28049
2022-01-31 18:00:00+00:00,21785
2022-01-31 19:00:00+00:00,24287
2022-01-31 20:00:00+00:00,29612
2022-01-31 21:00:00+00:00,29487
2022-01-31 22:00:00+00:00,27454
2022-01-31 23:00:00+00:00,27955
2022-02-01 00:00:00+00:00,21828
2022-02-01 01:00:00+00:00,24176
2022-02-01 02:00:00+00:00,29143
2022-02-01 03:00:00+00:00,28908
2022-02-01 04:00:00+00:00,27059
2022-02-01 05:00:00+00:00,28025
2022-02-01 06:00:00+00:00,21779
2022-02-01 07:00:00+00:00,23881
2022-02-01 08:00:00+00:00,28499
2022-02-01 09:00:00+00:00,28320
2022-02-01 10:00:00+00:00,26424
2022-02-01 11:00:00+00:00,26857
2022-02-01 12:00:00+00:00,21001
2022-02-01 13:00:00+00:00,20482
2022-02-01 14:00:00+00:00,25472
2022-02-01 15:00:00+00:00,25335
2022-02-01 16:00:00+00:00,23185
2022-02-01 17:00:00+00:00,24782
2022-02-01 18:00:00+00:00,19095
2022-02-01 19:00:00+00:00,18577
2022-02-01 20:00:00+00:00,22276
2022-02-01 21:00:00+00:00,23493
2022-02-01 22:00:00+00:00,21933
2022-02-01 23:00:00+00:00,25065
2022-02-02 00:00:00+00:00,19700
2022-02-02 01:00:00+00:00,23138
2022-02-02 02:00:00+00:00,28260
2022-02-02 03:00:00+00:00,28695
2022-02-02 04:00:00+00:00,27406
2022-02-02 05:00:00+00:00,27724
2022-02-02 06:00:00+00:00,21673
2022-02-02 07:00:00+00:00,24045
2022-02-02 08:00:00+00:00,29033
2022-02-02 09:00:00+00:00,29175
2022-02-02 10:00:00+00:00,27860
2022-02-02 11:00:00+00:00,28203
2022-02-02 12:00:00+00:00,22072
2022-02-02 13:00:00+00:00,24192
2022-02-02 14:00:00+00:00,27721
2022-02-02 15:00:00+00:00,29457
2022-02-02 16:00:00+00:00,28002
2022-02-02 17:00:00+00:00,27944
2022-02-02 18:00:00+00:00,22234
2022-02-02 19:00:00+00:00,24406
2022-02-02 20:00:00+00:00,28621
2022-02-02 21:00:00+00:00,29381
2022-02-02 22:00:00+00:00,28132
2022-02-02 23:00:00+00:00,28121
2022-02-03 00:00:00+00:00,22496
2022-02-03 01:00:00+00:00,24392
2022-02-03 02:00:00+00:00,29001
2022-02-03 03:00:00+00:00,29471
2022-02-03 04:00:00+00:00,27993
2022-02-03 05:00:00+00:00,27587
2022-02-03 06:00:00+00:00,22220
2022-02-03 07:00:00+00:00,21243
2022-02-03 08:00:00+00:00,25562
2022-02-03 09:00:00+00:00,25488
2022-02-03 10:00:00+00:00,24298
2022-02-03 11:00:00+00:00,25409
2022-02-03 12:00:00+00:00,20064
2022-02-03 13:00:00+00:00,19331
2022-02-03 14:00:00+00:00,22644
2022-02-03 15:00:00+00:00,23830
2022-02-03 16:00:00+00:00,22558
2022-02-03 17:00:00+00:00,25473
2022-02-03 18:00:00+00:00,20401
2022-02-03 19:00:00+00:00,22787
2022-02-03 20:00:00+00:00,28068
2022-02-03 21:00:00+00:00,28915
2022-02-03 22:00:00+00:00,27757
2022-02-03 23:00:00+00:00,27960
2022-02-04 00:00:00+00:00,22268
2022-02-04 01:00:00+00:00,24411
2022-02-04 02:00:00+00:00,29191
2022-02-04 03:00:00+00:00,29648
2022-02-04 04:00:00+00:00,28637
2022-02-04 05:00:00+00:00,28355
2022-02-04 06:00:00+00:00,22717
2022-02-04 07:00:00+00:00,24502
2022-02-04 08:00:00+00:00,29752
2022-02-04 09:00:00+00:00,30960
2022-02-04 10:00:00+00:00,29529
2022-02-04 11:00:00+00:00,28490
2022-02-04 12:00:00+00:00,22978
2022-02-04 13:00:00+00:00,24852
2022-02-04 14:00:00+00:00,30196
2022-02-04 15:00:00+00:00,31426
2022-02-04 16:00:00+00:00,30056
2022-02-04 17:00:00+00:00,29123
2022-02-04 18:00:00+00:00,23292
2022-02-04 19:00:00+00:00,24995
2022-02-04 20:00:00+00:00,30167
2022-02-04 21:00:00+00:00,31469
2022-02-04 22:00:00+00:00,29932
2022-02-04 23:00:00+00:00,28537
2022-02-05 00:00:00+00:00,22963
2022-02-05 01:00:00+00:00,21716
2022-02-05 02:00:00+00:00,26997
2022-02-05 03:00:00+00:00,27874
2022-02-05 04:00:00+00:00,26290
2022-02-05 05:00:00+00:00,26537
2022-02-05 06:00:00+00:00,20753
2022-02-05 07:00:00+00:00,19834
2022-02-05 08:00:00+00:00,23750
2022-02-05 09:00:00+00:00,25308
2022-02-05 10:00:00+00:00,23840
2022-02-05 11:00:00+00:00,26108
2022-02-05 12:00:00+00:00,20962
2022-02-05 13:00:00+00:00,20684
2022-02-05 14:00:00+00:00,20732
2022-02-05 15:00:00+00:00,21251
2022-02-05 16:00:00+00:00,23521
2022-02-05 17:00:00+00:00,25917
2022-02-05 18:00:00+00:00,27832
2022-02-05 19:00:00+00:00,28854
2022-02-05 20:00:00+00:00,29485
2022-02-05 21:00:00+00:00,29856
2022-02-05 22:00:00+00:00,30492
2022-02-05 23:00:00+00:00,30898
2022-02-06 00:00:00+00:00,30433
2022-02-06 01:00:00+00:00,29809
2022-02-06 02:00:00+00:00,29758
2022-02-06 03:00:00+00:00,29923
2022-02-06 04:00:00+00:00,29492
2022-02-06 05:00:00+00:00,29175
2022-02-06 06:00:00+00:00,29192
2022-02-06 07:00:00+00:00,29524
2022-02-06 08:00:00+00:00,28279
2022-02-06 09:00:00+00:00,25787
2022-02-06 10:00:00+00:00,24749
2022-02-06 11:00:00+00:00,23446
2022-02-06 12:00:00+00:00,22771
2022-02-06 13:00:00+00:00,22519
2022-02-06 14:00:00+00:00,22402
2022-02-06 15:00:00+00:00,22591
2022-02-06 16:00:00+00:00,24551
2022-02-06 17:00:00+00:00,26864
2022-02-06 18:00:00+00:00,28346
2022-02-06 19:00:00+00:00,29206
2022-02-06 20:00:00+00:00,29336
2022-02-06 21:00:00+00:00,29624
2022-02-06 22:00:00+00:00,30248
2022-02-06 23:00:00+00:00,30516
2022-02-07 00:00:00+00:00,29968
2022-02-07 01:00:00+00:00,29276
2022-02-07 02:00:00+00:00,29116
2022-02-07 03:00:00+00:00,28904
2022-02-07 04:00:00+00:00,28464
2022-02-07 05:00:00+00:00,28248
2022-02-07 06:00:00+00:00,28456
2022-02-07 07:00:00+00:00,28560
2022-02-07 08:00:00+00:00,28316
2022-02-07 09:00:00+00:00,26004
2022-02-07 10:00:00+00:00,24452
2022-02-07 11:00:00+00:00,23400
2022-02-07 12:00:00+00:00,22440
2022-02-07 13:00:00+00:00,22068
2022-02-07 14:00:00+00:00,21824
2022-02-07 15:00:00+00:00,21864
2022-02-07 16:00:00+00:00,23328
2022-02-07 17:00:00+00:00,25580
2022-02-07 18:00:00+00:00,27268
2022-02-07 19:00:00+00:00,27868
2022-02-07 20:00:00+00:00,28352
2022-02-07 21:00:00+00:00,28716
2022-02-07 22:00:00+00:00,28964
2022-02-07 23:00:00+00:00,29396
2022-02-08 00:00:00+00:00,28852
2022-02-08 01:00:00+00:00,28144
2022-02-08 02:00:00+00:00,27708
2022-02-08 03:00:00+00:00,27380
2022-02-08 04:00:00+00:00,27216
2022-02-08 05:00:00+00:00,27316
2022-02-08 06:00:00+00:00,27684
2022-02-08 07:00:00+00:00,28632
2022-02-08 08:00:00+00:00,28560
2022-02-08 09:00:00+00:00,26332
2022-02-08 10:00:00+00:00,24504
2022-02-08 11:00:00+00:00,23276
2022-02-08 12:00:00+00:00,22476
2022-02-08 13:00:00+00:00,21824
2022-02-08 14:00:00+00:00,21600
2022-02-08 15:00:00+00:00,21864
2022-02-08 16:00:00+00:00,23352
2022-02-08 17:00:00+00:00,25320
2022-02-08 18:00:00+00:00,27320
2022-02-08 19:00:00+00:00,28080
2022-02-08 20:00:00+00:00,28492
2022-02-08 21:00:00+00:00,28816
2022-02-08 22:00:00+00:00,29272
2022-02-08 23:00:00+00:00,29692
2022-02-09 00:00:00+00:00,29188
2022-02-09 01:00:00+00:00,28680
2022-02-09 02:00:00+00:00,28276
2022-02-09 03:00:00+00:00,28260
2022-02-09 04:00:00+00:00,28216
2022-02-09 05:00:00+00:00,28248
2022-02-09 06:00:00+00:00,28308
2022-02-09 07:00:00+00:00,28488
2022-02-09 08:00:00+00:00,28648
2022-02-09 09:00:00+00:00,26488
2022-02-09 10:00:00+00:00,24968
2022-02-09 11:00:00+00:00,23744
2022-02-09 12:00:00+00:00,22644
2022-02-09 13:00:00+00:00,22372
2022-02-09 14:00:00+00:00,22140
2022-02-09 15:00:00+00:00,22064
2022-02-09 16:00:00+00:00,23440
2022-02-09 17:00:00+00:00,25408
2022-02-09 18:00:00+00:00,27228
2022-02-09 19:00:00+00:00,28220
2022-02-09 20:00:00+00:00,28764
2022-02-09 21:00:00+00:00,29320
2022-02-09 22:00:00+00:00,29800
2022-02-09 23:00:00+00:00,30252
2022-02-10 00:00:00+00:00,29924
2022-02-10 01:00:00+00:00,29344
2022-02-10 02:00:00+00:00,28980
2022-02-10 03:00:00+00:00,28888
2022-02-10 04:00:00+00:00,28580
2022-02-10 05:00:00+00:00,28620
2022-02-10 06:00:00+00:00,28392
2022-02-10 07:00:00+00:00,28052
2022-02-10 08:00:00+00:00,28064
2022-02-10 09:00:00+00:00,26088
2022-02-10 10:00:00+00:00,24516
2022-02-10 11:00:00+00:00,23476
2022-02-10 12:00:00+00:00,22432
2022-02-10 13:00:00+00:00,21640
2022-02-10 14:00:00+00:00,21196
2022-02-10 15:00:00+00:00,21192
2022-02-10 16:00:00+00:00,21220
2022-02-10 17:00:00+00:00,21056
2022-02-10 18:00:00+00:00,22536
2022-02-10 19:00:00+00:00,24272
2022-02-10 20:00:00+00:00,25928
2022-02-10 21:00:00+00:00,26736
2022-02-10 22:00:00+00:00,26880
2022-02-10 23:00:00+00:00,27316
2022-02-11 00:00:00+00:00,27452
2022-02-11 01:00:00+00:00,26316
2022-02-11 02:00:00+00:00,25528
2022-02-11 03:00:00+00:00,25348
2022-02-11 04:00:00+00:00,25520
2022-02-11 05:00:00+00:00,25848
2022-02-11 06:00:00+00:00,26104
2022-02-11 07:00:00+00:00,26356
2022-02-11 08:00:00+00:00,26348
2022-02-11 09:00:00+00:00,24908
2022-02-11 10:00:00+00:00,23452
2022-02-11 11:00:00+00:00,22124
2022-02-11 12:00:00+00:00,20980
2022-02-11 13:00:00+00:00,20212
2022-02-11 14:00:00+00:00,19728
2022-02-11 15:00:00+00:00,19416
2022-02-11 16:00:00+00:00,19768
2022-02-11 17:00:00+00:00,19064
2022-02-11 18:00:00+00:00,19956
2022-02-11 19:00:00+00:00,21060
2022-02-11 20:00:00+00:00,22556
2022-02-11 21:00:00+00:00,23444
2022-02-11 22:00:00+00:00,24004
2022-02-11 23:00:00+00:00,24320
2022-02-12 00:00:00+00:00,25096
2022-02-12 01:00:00+00:00,24096
2022-02-12 02:00:00+00:00,23384
2022-02-12 03:00:00+00:00,23200
2022-02-12 04:00:00+00:00,23244
2022-02-12 05:00:00+00:00,23864
2022-02-12 06:00:00+00:00,24324
2022-02-12 07:00:00+00:00,25112
2022-02-12 08:00:00+00:00,26316
2022-02-12 09:00:00+00:00,24968
2022-02-12 10:00:00+00:00,23060
2022-02-12 11:00:00+00:00,21828
2022-02-12 12:00:00+00:00,21176
2022-02-12 13:00:00+00:00,20876
2022-02-12 14:00:00+00:00,20524
2022-02-12 15:00:00+00:00,20908
2022-02-12 16:00:00+00:00,22836
2022-02-12 17:00:00+00:00,24876
2022-02-12 18:00:00+00:00,27204
2022-02-12 19:00:00+00:00,28148
2022-02-12 20:00:00+00:00,28664
2022-02-12 21:00:00+00:00,29140
2022-02-12 22:00:00+00:00,29528
2022-02-12 23:00:00+00:00,29836
2022-02-13 00:00:00+00:00,29780
2022-02-13 01:00:00+00:00,29208
2022-02-13 02:00:00+00:00,28632
2022-02-13 03:00:00+00:00,28984
2022-02-13 04:00:00+00:00,28528
2022-02-13 05:00:00+00:00,28312
2022-02-13 06:00:00+00:00,28504
2022-02-13 07:00:00+00:00,28992
2022-02-13 08:00:00+00:00,28776
2022-02-13 09:00:00+00:00,26836
2022-02-13 10:00:00+00:00,25428
2022-02-13 11:00:00+00:00,24304
2022-02-13 12:00:00+00:00,23136
2022-02-13 13:00:00+00:00,22688
2022-02-13 14:00:00+00:00,22712
2022-02-13 15:00:00+00:00,22868
2022-02-13 16:00:00+00:00,24212
2022-02-13 17:00:00+00:00,25828
2022-02-13 18:00:00+00:00,27844
2022-02-13 19:00:00+00:00,28560
2022-02-13 20:00:00+00:00,29244
2022-02-13 21:00:00+00:00,29796
2022-02-13 22:00:00+00:00,30220
2022-02-13 23:00:00+00:00,30572
2022-02-14 00:00:00+00:00,30352
2022-02-14 01:00:00+00:00,29820
2022-02-14 02:00:00+00:00,29424
2022-02-14 03:00:00+00:00,29488
2022-02-14 04:00:00+00:00,29584
2022-02-14 05:00:00+00:00,30124
2022-02-14 06:00:00+00:00,29708
2022-02-14 07:00:00+00:00,29624
2022-02-14 08:00:00+00:00,29568
2022-02-14 09:00:00+00:00,27364
2022-02-14 10:00:00+00:00,25644
2022-02-14 11:00:00+00:00,24404
2022-02-14 12:00:00+00:00,23232
2022-02-14 13:00:00+00:00,22716
2022-02-14 14:00:00+00:00,22716
2022-02-14 15:00:00+00:00,22748
2022-02-14 16:00:00+00:00,24156
2022-02-14 17:00:00+00:00,26036
2022-02-14 18:00:00+00:00,27932
2022-02-14 19:00:00+00:00,28748
2022-02-14 20:00:00+00:00,29440
2022-02-14 21:00:00+00:00,30036
2022-02-14 22:00:00+00:00,30404
2022-02-14 23:00:00+00:00,30624
2022-02-15 00:00:00+00:00,30672
2022-02-15 01:00:00+00:00,30220
2022-02-15 02:00:00+00:00,29984
2022-02-15 03:00:00+00:00,29788
2022-02-15 04:00:00+00:00,29680
2022-02-15 05:00:00+00:00,29424
2022-02-15 06:00:00+00:00,29664
2022-02-15 07:00:00+00:00,29760
2022-02-15 08:00:00+00:00,29484
2022-02-15 09:00:00+00:00,27440
2022-02-15 10:00:00+00:00,25980
2022-02-15 11:00:00+00:00,24764
2022-02-15 12:00:00+00:00,23600
2022-02-15 13:00:00+00:00,23092
2022-02-15 14:00:00+00:00,22796
2022-02-15 15:00:00+00:00,23012
2022-02-15 16:00:00+00:00,24352
2022-02-15 17:00:00+00:00,26472
2022-02-15 18:00:00+00:00,27892
2022-02-15 19:00:00+00:00,29028
2022-02-15 20:00:00+00:00,29604
2022-02-15 21:00:00+00:00,29988
2022-02-15 22:00:00+00:00,30660
2022-02-15 23:00:00+00:00,31028
2022-02-16 00:00:00+00:00,31204
2022-02-16 01:00:00+00:00,30712
2022-02-16 02:00:00+00:00,30464
2022-02-16 03:00:00+00:00,30284
2022-02-16 04:00:00+00:00,29776
2022-02-16 05:00:00+00:00,29316
2022-02-16 06:00:00+00:00,29532
2022-02-16 07:00:00+00:00,30008
2022-02-16 08:00:00+00:00,29544
2022-02-16 09:00:00+00:00,27512
2022-02-16 10:00:00+00:00,25920
2022-02-16 11:00:00+00:00,24796
2022-02-16 12:00:00+00:00,23872
2022-02-16 13:00:00+00:00,23460
2022-02-16 14:00:00+00:00,23316
2022-02-16 15:00:00+00:00,23552
2022-02-16 16:00:00+00:00,24712
2022-02-16 17:00:00+00:00,26628
2022-02-16 18:00:00+00:00,28508
2022-02-16 19:00:00+00:00,29604
2022-02-16 20:00:00+00:00,30104
2022-02-16 21:00:00+00:00,30484
2022-02-16 22:00:00+00:00,31040
2022-02-16 23:00:00+00:00,31124
2022-02-17 00:00:00+00:00,31088
2022-02-17 01:00:00+00:00,30124
2022-02-17 02:00:00+00:00,29560
2022-02-17 03:00:00+00:00,29696
2022-02-17 04:00:00+00:00,29448
2022-02-17 05:00:00+00:00,29260
2022-02-17 06:00:00+00:00,28936
2022-02-17 07:00:00+00:00,28632
2022-02-17 08:00:00+00:00,28572
2022-02-17 09:00:00+00:00,26700
2022-02-17 10:00:00+00:00,25668
2022-02-17 11:00:00+00:00,24568
2022-02-17 12:00:00+00:00,23260
2022-02-17 13:00:00+00:00,22616
2022-02-17 14:00:00+00:00,22080
2022-02-17 15:00:00+00:00,21892
2022-02-17 16:00:00+00:00,21804
2022-02-17 17:00:00+00:00,21788
2022-02-17 18:00:00+00:00,23044
2022-02-17 19:00:00+00:00,24800
2022-02-17 20:00:00+00:00,26172
2022-02-17 21:00:00+00:00,26808
2022-02-17 22:00:00+00:00,26924
2022-02-17 23:00:00+00:00,27312
2022-02-18 00:00:00+00:00,27396
2022-02-18 01:00:00+00:00,25908
2022-02-18 02:00:00+00:00,25016
2022-02-18 03:00:00+00:00,24816
2022-02-18 04:00:00+00:00,25016
2022-02-18 05:00:00+00:00,25300
2022-02-18 06:00:00+00:00,25616
2022-02-18 07:00:00+00:00,25608
2022-02-18 08:00:00+00:00,26588
2022-02-18 09:00:00+00:00,24596
2022-02-18 10:00:00+00:00,23076
2022-02-18 11:00:00+00:00,22112
2022-02-18 12:00:00+00:00,21164
2022-02-18 13:00:00+00:00,20440
2022-02-18 14:00:00+00:00,19960
2022-02-18 15:00:00+00:00,19940
2022-02-18 16:00:00+00:00,20040
2022-02-18 17:00:00+00:00,19432
2022-02-18 18:00:00+00:00,20108
2022-02-18 19:00:00+00:00,21344
2022-02-18 20:00:00+00:00,23040
2022-02-18 21:00:00+00:00,23728
2022-02-18 22:00:00+00:00,24212
2022-02-18 23:00:00+00:00,24600
2022-02-19 00:00:00+00:00,25304
2022-02-19 01:00:00+00:00,24400
2022-02-19 02:00:00+00:00,23504
2022-02-19 03:00:00+00:00,23348
2022-02-19 04:00:00+00:00,23756
2022-02-19 05:00:00+00:00,24136
2022-02-19 06:00:00+00:00,24936
2022-02-19 07:00:00+00:00,25420
2022-02-19 08:00:00+00:00,26852
2022-02-19 09:00:00+00:00,25236
2022-02-19 10:00:00+00:00,23472
2022-02-19 11:00:00+00:00,22324
2022-02-19 12:00:00+00:00,21444
2022-02-19 13:00:00+00:00,20876
2022-02-19 14:00:00+00:00,20520
2022-02-19 15:00:00+00:00,20736
2022-02-19 16:00:00+00:00,22420
2022-02-19 17:00:00+00:00,24200
2022-02-19 18:00:00+00:00,25876
2022-02-19 19:00:00+00:00,27076
2022-02-19 20:00:00+00:00,27916
2022-02-19 21:00:00+00:00,28404
2022-02-19 22:00:00+00:00,28832
2022-02-19 23:00:00+00:00,29532
2022-02-20 00:00:00+00:00,29644
2022-02-20 01:00:00+00:00,28812
2022-02-20 02:00:00+00:00,28584
2022-02-20 03:00:00+00:00,28656
2022-02-20 04:00:00+00:00,28504
2022-02-20 05:00:00+00:00,28404
2022-02-20 06:00:00+00:00,28400
2022-02-20 07:00:00+00:00,28968
2022-02-20 08:00:00+00:00,28900
2022-02-20 09:00:00+00:00,26928
2022-02-20 10:00:00+00:00,25264
2022-02-20 11:00:00+00:00,24044
2022-02-20 12:00:00+00:00,23048
2022-02-20 13:00:00+00:00,22568
2022-02-20 14:00:00+00:00,22140
2022-02-20 15:00:00+00:00,22448
2022-02-20 16:00:00+00:00,23584
2022-02-20 17:00:00+00:00,25928
2022-02-20 18:00:00+00:00,27908
2022-02-20 19:00:00+00:00,29248
2022-02-20 20:00:00+00:00,30096
2022-02-20 21:00:00+00:00,30928
2022-02-20 22:00:00+00:00,31536
2022-02-20 23:00:00+00:00,31952
2022-02-21 00:00:00+00:00,31808
2022-02-21 01:00:00+00:00,31124
2022-02-21 02:00:00+00:00,30864
2022-02-21 03:00:00+00:00,31180
2022-02-21 04:00:00+00:00,30992
2022-02-21 05:00:00+00:00,30696
2022-02-21 06:00:00+00:00,30440
2022-02-21 07:00:00+00:00,30360
2022-02-21 08:00:00+00:00,30124
2022-02-21 09:00:00+00:00,27792
2022-02-21 10:00:00+00:00,25860
2022-02-21 11:00:00+00:00,24992
2022-02-21 12:00:00+00:00,24000
2022-02-21 13:00:00+00:00,23492
2022-02-21 14:00:00+00:00,23140
2022-02-21 15:00:00+00:00,23364
2022-02-21 16:00:00+00:00,24632
2022-02-21 17:00:00+00:00,26780
2022-02-21 18:00:00+00:00,28444
2022-02-21 19:00:00+00:00,29392
2022-02-21 20:00:00+00:00,30220
2022-02-21 21:00:00+00:00,30784
2022-02-21 22:00:00+00:00,31480
2022-02-21 23:00:00+00:00,32160
2022-02-22 00:00:00+00:00,32100
2022-02-22 01:00:00+00:00,31524
2022-02-22 02:00:00+00:00,31412
2022-02-22 03:00:00+00:00,31148
2022-02-22 04:00:00+00:00,30704
2022-02-22 05:00:00+00:00,30380
2022-02-22 06:00:00+00:00,30328
2022-02-22 07:00:00+00:00,30276
2022-02-22 08:00:00+00:00,29964
2022-02-22 09:00:00+00:00,28052
2022-02-22 10:00:00+00:00,26648
2022-02-22 11:00:00+00:00,25376
2022-02-22 12:00:00+00:00,24352
2022-02-22 13:00:00+00:00,23872
2022-02-22 14:00:00+00:00,23504
2022-02-22 15:00:00+00:00,23796
2022-02-22 16:00:00+00:00,24904
2022-02-22 17:00:00+00:00,26668
2022-02-22 18:00:00+00:00,28464
2022-02-22 19:00:00+00:00,29504
2022-02-22 20:00:00+00:00,30328
2022-02-22 21:00:00+00:00,30908
2022-02-22 22:00:00+00:00,31488
2022-02-22 23:00:00+00:00,32080
2022-02-23 00:00:00+00:00,31932
2022-02-23 01:00:00+00:00,31388
2022-02-23 02:00:00+00:00,31168
2022-02-23 03:00:00+00:00,31108
2022-02-23 04:00:00+00:00,31112
2022-02-23 05:00:00+00:00,30996
2022-02-23 06:00:00+00:00,30812
2022-02-23 07:00:00+00:00,30464
2022-02-23 08:00:00+00:00,30372
2022-02-23 09:00:00+00:00,28236
2022-02-23 10:00:00+00:00,26604
2022-02-23 11:00:00+00:00,25396
2022-02-23 12:00:00+00:00,24096
2022-02-23 13:00:00+00:00,23548
2022-02-23 14:00:00+00:00,23324
2022-02-23 15:00:00+00:00,23532
2022-02-23 16:00:00+00:00,24776
2022-02-23 17:00:00+00:00,26628
2022-02-23 18:00:00+00:00,28396
2022-02-23 19:00:00+00:00,29548
2022-02-23 20:00:00+00:00,30608
2022-02-23 21:00:00+00:00,31180
2022-02-23 22:00:00+00:00,32008
2022-02-23 23:00:00+00:00,32664
2022-02-24 00:00:00+00:00,32584
2022-02-24 01:00:00+00:00,32128
2022-02-24 02:00:00+00:00,31824
2022-02-24 03:00:00+00:00,31832
2022-02-24 04:00:00+00:00,31568
2022-02-24 05:00:00+00:00,31412
2022-02-24 06:00:00+00:00,31156
2022-02-24 07:00:00+00:00,30568
2022-02-24 08:00:00+00:00,30148
2022-02-24 09:00:00+00:00,28196
2022-02-24 10:00:00+00:00,26856
2022-02-24 11:00:00+00:00,25732
2022-02-24 12:00:00+00:00,24452
2022-02-24 13:00:00+00:00,23432
2022-02-24 14:00:00+00:00,23000
2022-02-24 15:00:00+00:00,22756
2022-02-24 16:00:00+00:00,22560
2022-02-24 17:00:00+00:00,22604
2022-02-24 18:00:00+00:00,23732
2022-02-24 19:00:00+00:00,25576
2022-02-24 20:00:00+00:00,27108
2022-02-24 21:00:00+00:00,28096
2022-02-24 22:00:00+00:00,28832
2022-02-24 23:00:00+00:00,29512
2022-02-25 00:00:00+00:00,29652
2022-02-25 01:00:00+00:00,28936
2022-02-25 02:00:00+00:00,28268
2022-02-25 03:00:00+00:00,28196
2022-02-25 04:00:00+00:00,28236
2022-02-25 05:00:00+00:00,27920
2022-02-25 06:00:00+00:00,27812
2022-02-25 07:00:00+00:00,27968
2022-02-25 08:00:00+00:00,28156
2022-02-25 09:00:00+00:00,26648
2022-02-25 10:00:00+00:00,25028
2022-02-25 11:00:00+00:00,23588
2022-02-25 12:00:00+00:00,22444
2022-02-25 13:00:00+00:00,21328
2022-02-25 14:00:00+00:00,20796
2022-02-25 15:00:00+00:00,20732
2022-02-25 16:00:00+00:00,20852
2022-02-25 17:00:00+00:00,20348
2022-02-25 18:00:00+00:00,20864
2022-02-25 19:00:00+00:00,22212
2022-02-25 20:00:00+00:00,23832
2022-02-25 21:00:00+00:00,24864
2022-02-25 22:00:00+00:00,25956
2022-02-25 23:00:00+00:00,26516
2022-02-26 00:00:00+00:00,27416
2022-02-26 01:00:00+00:00,26948
2022-02-26 02:00:00+00:00,26432
2022-02-26 03:00:00+00:00,26296
2022-02-26 04:00:00+00:00,26316
2022-02-26 05:00:00+00:00,26656
2022-02-26 06:00:00+00:00,26980
2022-02-26 07:00:00+00:00,27688
2022-02-26 08:00:00+00:00,29088
2022-02-26 09:00:00+00:00,27548
2022-02-26 10:00:00+00:00,25636
2022-02-26 11:00:00+00:00,24068
2022-02-26 12:00:00+00:00,22856
2022-02-26 13:00:00+00:00,22140
2022-02-26 14:00:00+00:00,21672
2022-02-26 15:00:00+00:00,21712
2022-02-26 16:00:00+00:00,23384
2022-02-26 17:00:00+00:00,26040
2022-02-26 18:00:00+00:00,28356
2022-02-26 19:00:00+00:00,29920
2022-02-26 20:00:00+00:00,31176
2022-02-26 21:00:00+00:00,32004
2022-02-26 22:00:00+00:00,33016
2022-02-26 23:00:00+00:00,33776
2022-02-27 00:00:00+00:00,34032
2022-02-27 01:00:00+00:00,34012
2022-02-27 02:00:00+00:00,34076
2022-02-27 03:00:00+00:00,34348
2022-02-27 04:00:00+00:00,33916
2022-02-27 05:00:00+00:00,33540
2022-02-27 06:00:00+00:00,33236
2022-02-27 07:00:00+00:00,32952
2022-02-27 08:00:00+00:00,32692
2022-02-27 09:00:00+00:00,30680
2022-02-27 10:00:00+00:00,28684
2022-02-27 11:00:00+00:00,27388
2022-02-27 12:00:00+00:00,26204
2022-02-27 13:00:00+00:00,25568
2022-02-27 14:00:00+00:00,25100
2022-02-27 15:00:00+00:00,25080
2022-02-27 16:00:00+00:00,26492
2022-02-27 17:00:00+00:00,28328
2022-02-27 18:00:00+00:00,30228
2022-02-27 19:00:00+00:00,31704
2022-02-27 20:00:00+00:00,33216
2022-02-27 21:00:00+00:00,33804
2022-02-27 22:00:00+00:00,34852
2022-02-27 23:00:00+00:00,35492
2022-02-28 00:00:00+00:00,35852
2022-02-28 01:00:00+00:00,35688
2022-02-28 02:00:00+00:00,35660
2022-02-28 03:00:00+00:00,35432
2022-02-28 04:00:00+00:00,35024
2022-02-28 05:00:00+00:00,34572
2022-02-28 06:00:00+00:00,33996
2022-02-28 07:00:00+00:00,33560
2022-02-28 08:00:00+00:00,33200
2022-02-28 09:00:00+00:00,31848
2022-02-28 10:00:00+00:00,29564
2022-02-28 11:00:00+00:00,28096
2022-02-28 12:00:00+00:00,26600
2022-02-28 13:00:00+00:00,25948
2022-02-28 14:00:00+00:00,25420
2022-02-28 15:00:00+00:00,25556
2022-02-28 16:00:00+00:00,26724
2022-02-28 17:00:00+00:00,28740
2022-02-28 18:00:00+00:00,30940
2022-02-28 19:00:00+00:00,32420
2022-02-28 20:00:00+00:00,33984
2022-02-28 21:00:00+00:00,34868
2022-02-28 22:00:00+00:00,35856
2022-02-28 23:00:00+00:00,36792
2022-03-01 00:00:00+00:00,37208
2022-03-01 01:00:00+00:00,37332
2022-03-01 02:00:00+00:00,37164
2022-03-01 03:00:00+00:00,37108
2022-03-01 04:00:00+00:00,36380
2022-03-01 05:00:00+00:00,35612
2022-03-01 06:00:00+00:00,34660
2022-03-01 07:00:00+00:00,34164
2022-03-01 08:00:00+00:00,33464
2022-03-01 09:00:00+00:00,31284
2022-03-01 10:00:00+00:00,29432
2022-03-01 11:00:00+00:00,27904
2022-03-01 12:00:00+00:00,26536
2022-03-01 13:00:00+00:00,25904
2022-03-01 14:00:00+00:00,25376
2022-03-01 15:00:00+00:00,25456
2022-03-01 16:00:00+00:00,26608
2022-03-01 17:00:00+00:00,28412
2022-03-01 18:00:00+00:00,30568
2022-03-01 19:00:00+00:00,32180
2022-03-01 20:00:00+00:00,33508
2022-03-01 21:00:00+00:00,34588
2022-03-01 22:00:00+00:00,35772
2022-03-01 23:00:00+00:00,36744
2022-03-02 00:00:00+00:00,37124
2022-03-02 01:00:00+00:00,36984
2022-03-02 02:00:00+00:00,36848
2022-03-02 03:00:00+00:00,36572
2022-03-02 04:00:00+00:00,35932
2022-03-02 05:00:00+00:00,35144
2022-03-02 06:00:00+00:00,34416
2022-03-02 07:00:00+00:00,33632
2022-03-02 08:00:00+00:00,32944
2022-03-02 09:00:00+00:00,31028
2022-03-02 10:00:00+00:00,29192
2022-03-02 11:00:00+00:00,27280
2022-03-02 12:00:00+00:00,25752
2022-03-02 13:00:00+00:00,25236
2022-03-02 14:00:00+00:00,25116
2022-03-02 15:00:00+00:00,25216
2022-03-02 16:00:00+00:00,26312
2022-03-02 17:00:00+00:00,27944
2022-03-02 18:00:00+00:00,30080
2022-03-02 19:00:00+00:00,31932
2022-03-02 20:00:00+00:00,33636
2022-03-02 21:00:00+00:00,34712
2022-03-02 22:00:00+00:00,36232
2022-03-02 23:00:00+00:00,37204
2022-03-03 00:00:00+00:00,37444
2022-03-03 01:00:00+00:00,37180
2022-03-03 02:00:00+00:00,36936
2022-03-03 03:00:00+00:00,36624
2022-03-03 04:00:00+00:00,35964
2022-03-03 05:00:00+00:00,35148
2022-03-03 06:00:00+00:00,34268
2022-03-03 07:00:00+00:00,33096
2022-03-03 08:00:00+00:00,32428
2022-03-03 09:00:00+00:00,31036
2022-03-03 10:00:00+00:00,29268
2022-03-03 11:00:00+00:00,27784
2022-03-03 12:00:00+00:00,26016
2022-03-03 13:00:00+00:00,24788
2022-03-03 14:00:00+00:00,24196
2022-03-03 15:00:00+00:00,24012
2022-03-03 16:00:00+00:00,23736
2022-03-03 17:00:00+00:00,23688
2022-03-03 18:00:00+00:00,24940
2022-03-03 19:00:00+00:00,27088
2022-03-03 20:00:00+00:00,29064
2022-03-03 21:00:00+00:00,30308
2022-03-03 22:00:00+00:00,30992
2022-03-03 23:00:00+00:00,31700
2022-03-04 00:00:00+00:00,31988
2022-03-04 01:00:00+00:00,31392
2022-03-04 02:00:00+00:00,30956
2022-03-04 03:00:00+00:00,30596
2022-03-04 04:00:00+00:00,30460
2022-03-04 05:00:00+00:00,30020
2022-03-04 06:00:00+00:00,29756
2022-03-04 07:00:00+00:00,29492
2022-03-04 08:00:00+00:00,29664
2022-03-04 09:00:00+00:00,28368
2022-03-04 10:00:00+00:00,26420
2022-03-04 11:00:00+00:00,24696
2022-03-04 12:00:00+00:00,23372
2022-03-04 13:00:00+00:00,22512
2022-03-04 14:00:00+00:00,22068
2022-03-04 15:00:00+00:00,21824
2022-03-04 16:00:00+00:00,21772
2022-03-04 17:00:00+00:00,21120
2022-03-04 18:00:00+00:00,21780
2022-03-04 19:00:00+00:00,22904
2022-03-04 20:00:00+00:00,23908
2022-03-04 21:00:00+00:00,24844
2022-03-04 22:00:00+00:00,25400
2022-03-04 23:00:00+00:00,26084
2022-03-05 00:00:00+00:00,26720
2022-03-05 01:00:00+00:00,26140
2022-03-05 02:00:00+00:00,25596
2022-03-05 03:00:00+00:00,25524
2022-03-05 04:00:00+00:00,25780
2022-03-05 05:00:00+00:00,26200
2022-03-05 06:00:00+00:00,26688
2022-03-05 07:00:00+00:00,27132
2022-03-05 08:00:00+00:00,28428
2022-03-05 09:00:00+00:00,27316
2022-03-05 10:00:00+00:00,25672
2022-03-05 11:00:00+00:00,24140
2022-03-05 12:00:00+00:00,23132
2022-03-05 13:00:00+00:00,22660
2022-03-05 14:00:00+00:00,22492
2022-03-05 15:00:00+00:00,22840
2022-03-05 16:00:00+00:00,24444
2022-03-05 17:00:00+00:00,26876
2022-03-05 18:00:00+00:00,29264
2022-03-05 19:00:00+00:00,30888
2022-03-05 20:00:00+00:00,32132
2022-03-05 21:00:00+00:00,32744
2022-03-05 22:00:00+00:00,33348
2022-03-05 23:00:00+00:00,33780
2022-03-06 00:00:00+00:00,33760
2022-03-06 01:00:00+00:00,33088
2022-03-06 02:00:00+00:00,32732
2022-03-06 03:00:00+00:00,32716
2022-03-06 04:00:00+00:00,32132
2022-03-06 05:00:00+00:00,31524
2022-03-06 06:00:00+00:00,31408
2022-03-06 07:00:00+00:00,31092
2022-03-06 08:00:00+00:00,30772
2022-03-06 09:00:00+00:00,28852
2022-03-06 10:00:00+00:00,27040
2022-03-06 11:00:00+00:00,26040
2022-03-06 12:00:00+00:00,25000
2022-03-06 13:00:00+00:00,24476
2022-03-06 14:00:00+00:00,23956
2022-03-06 15:00:00+00:00,24268
2022-03-06 16:00:00+00:00,25884
2022-03-06 17:00:00+00:00,27604
2022-03-06 18:00:00+00:00,29828
2022-03-06 19:00:00+00:00,30964
2022-03-06 20:00:00+00:00,32120
2022-03-06 21:00:00+00:00,32656
2022-03-06 22:00:00+00:00,33260
2022-03-06 23:00:00+00:00,33696
2022-03-07 00:00:00+00:00,33696
2022-03-07 01:00:00+00:00,32996
2022-03-07 02:00:00+00:00,32492
2022-03-07 03:00:00+00:00,32168
2022-03-07 04:00:00+00:00,31668
2022-03-07 05:00:00+00:00,31568
2022-03-07 06:00:00+00:00,31168
2022-03-07 07:00:00+00:00,30852
2022-03-07 08:00:00+00:00,30220
2022-03-07 09:00:00+00:00,28440
2022-03-07 10:00:00+00:00,26900
2022-03-07 11:00:00+00:00,25912
2022-03-07 12:00:00+00:00,24544
2022-03-07 13:00:00+00:00,23996
2022-03-07 14:00:00+00:00,23616
2022-03-07 15:00:00+00:00,24060
2022-03-07 16:00:00+00:00,25120
2022-03-07 17:00:00+00:00,26948
2022-03-07 18:00:00+00:00,29120
2022-03-07 19:00:00+00:00,30312
2022-03-07 20:00:00+00:00,31012
2022-03-07 21:00:00+00:00,31552
2022-03-07 22:00:00+00:00,31920
2022-03-07 23:00:00+00:00,32140
2022-03-08 00:00:00+00:00,31888
2022-03-08 01:00:00+00:00,31272
2022-03-08 02:00:00+00:00,30912
2022-03-08 03:00:00+00:00,30852
2022-03-08 04:00:00+00:00,30568
2022-03-08 05:00:00+00:00,30444
2022-03-08 06:00:00+00:00,30164
2022-03-08 07:00:00+00:00,29984
2022-03-08 08:00:00+00:00,29784
2022-03-08 09:00:00+00:00,28224
2022-03-08 10:00:00+00:00,26664
2022-03-08 11:00:00+00:00,25484
2022-03-08 12:00:00+00:00,24484
2022-03-08 13:00:00+00:00,23660
2022-03-08 14:00:00+00:00,23472
2022-03-08 15:00:00+00:00,23428
2022-03-08 16:00:00+00:00,24612
2022-03-08 17:00:00+00:00,26316
2022-03-08 18:00:00+00:00,28044
2022-03-08 19:00:00+00:00,29380
2022-03-08 20:00:00+00:00,30176
2022-03-08 21:00:00+00:00,30640
2022-03-08 22:00:00+00:00,30836
2022-03-08 23:00:00+00:00,31248
2022-03-09 00:00:00+00:00,30808
2022-03-09 01:00:00+00:00,30032
2022-03-09 02:00:00+00:00,29328
2022-03-09 03:00:00+00:00,29580
2022-03-09 04:00:00+00:00,29116
2022-03-09 05:00:00+00:00,28752
2022-03-09 06:00:00+00:00,28752
2022-03-09 07:00:00+00:00,28392
2022-03-09 08:00:00+00:00,27800
2022-03-09 09:00:00+00:00,26364
2022-03-09 10:00:00+00:00,25108
2022-03-09 11:00:00+00:00,24188
2022-03-09 12:00:00+00:00,23268
2022-03-09 13:00:00+00:00,22524
2022-03-09 14:00:00+00:00,22312
2022-03-09 15:00:00+00:00,22268
2022-03-09 16:00:00+00:00,22812
2022-03-09 17:00:00+00:00,23564
2022-03-09 18:00:00+00:00,24592
2022-03-09 19:00:00+00:00,25416
2022-03-09 20:00:00+00:00,26360
2022-03-09 21:00:00+00:00,26856
2022-03-09 22:00:00+00:00,27372
2022-03-09 23:00:00+00:00,27872
2022-03-10 00:00:00+00:00,28088
2022-03-10 01:00:00+00:00,27376
2022-03-10 02:00:00+00:00,26972
2022-03-10 03:00:00+00:00,26708
2022-03-10 04:00:00+00:00,26628
2022-03-10 05:00:00+00:00,26912
2022-03-10 06:00:00+00:00,27104
2022-03-10 07:00:00+00:00,26996
2022-03-10 08:00:00+00:00,27208
2022-03-10 09:00:00+00:00,25628
2022-03-10 10:00:00+00:00,24640
2022-03-10 11:00:00+00:00,23860
2022-03-10 12:00:00+00:00,22636
2022-03-10 13:00:00+00:00,21644
2022-03-10 14:00:00+00:00,21420
2022-03-10 15:00:00+00:00,21388
2022-03-10 16:00:00+00:00,21380
2022-03-10 17:00:00+00:00,21344
2022-03-10 18:00:00+00:00,22476
2022-03-10 19:00:00+00:00,24232
2022-03-10 20:00:00+00:00,25896
2022-03-10 21:00:00+00:00,26632
2022-03-10 22:00:00+00:00,26980
2022-03-10 23:00:00+00:00,27416
2022-03-11 00:00:00+00:00,27408
2022-03-11 01:00:00+00:00,26484
2022-03-11 02:00:00+00:00,25720
2022-03-11 03:00:00+00:00,25472
2022-03-11 04:00:00+00:00,25688
2022-03-11 05:00:00+00:00,25908
2022-03-11 06:00:00+00:00,26024
2022-03-11 07:00:00+00:00,25812
2022-03-11 08:00:00+00:00,26052
2022-03-11 09:00:00+00:00,24752
2022-03-11 10:00:00+00:00,23176
2022-03-11 11:00:00+00:00,22048
2022-03-11 12:00:00+00:00,21040
2022-03-11 13:00:00+00:00,20280
2022-03-11 14:00:00+00:00,19848
2022-03-11 15:00:00+00:00,19776
2022-03-11 16:00:00+00:00,20068
2022-03-11 17:00:00+00:00,19460
2022-03-11 18:00:00+00:00,19988
2022-03-11 19:00:00+00:00,21492
2022-03-11 20:00:00+00:00,23016
2022-03-11 21:00:00+00:00,24084
2022-03-11 22:00:00+00:00,24540
2022-03-11 23:00:00+00:00,24852
2022-03-12 00:00:00+00:00,25728
2022-03-12 01:00:00+00:00,24856
2022-03-12 02:00:00+00:00,24240
2022-03-12 03:00:00+00:00,23792
2022-03-12 04:00:00+00:00,24008
2022-03-12 05:00:00+00:00,24096
2022-03-12 06:00:00+00:00,24680
2022-03-12 07:00:00+00:00,25072
2022-03-12 08:00:00+00:00,26048
2022-03-12 09:00:00+00:00,24908
2022-03-12 10:00:00+00:00,23184
2022-03-12 11:00:00+00:00,22020
2022-03-12 12:00:00+00:00,20980
2022-03-12 13:00:00+00:00,20312
2022-03-12 14:00:00+00:00,20100
2022-03-12 15:00:00+00:00,20492
2022-03-12 16:00:00+00:00,22172
2022-03-12 17:00:00+00:00,24544
2022-03-12 18:00:00+00:00,26584
2022-03-12 19:00:00+00:00,28284
2022-03-12 20:00:00+00:00,29452
2022-03-12 21:00:00+00:00,30308
2022-03-12 22:00:00+00:00,30608
2022-03-12 23:00:00+00:00,31116
2022-03-13 00:00:00+00:00,31036
2022-03-13 01:00:00+00:00,30060
2022-03-13 02:00:00+00:00,29656
2022-03-13 03:00:00+00:00,29604
2022-03-13 04:00:00+00:00,29296
2022-03-13 05:00:00+00:00,29196
2022-03-13 06:00:00+00:00,29020
2022-03-13 07:00:00+00:00,29056
2022-03-13 08:00:00+00:00,28648
2022-03-13 09:00:00+00:00,26724
2022-03-13 10:00:00+00:00,25204
2022-03-13 11:00:00+00:00,24252
2022-03-13 12:00:00+00:00,23080
2022-03-13 13:00:00+00:00,22600
2022-03-13 14:00:00+00:00,22444
2022-03-13 15:00:00+00:00,22740
2022-03-13 16:00:00+00:00,24136
2022-03-13 17:00:00+00:00,25840
2022-03-13 18:00:00+00:00,27616
2022-03-13 19:00:00+00:00,29172
2022-03-13 20:00:00+00:00,30112
2022-03-13 21:00:00+00:00,30764
2022-03-13 22:00:00+00:00,31244
2022-03-13 23:00:00+00:00,31548
2022-03-14 00:00:00+00:00,31452
2022-03-14 01:00:00+00:00,30604
2022-03-14 02:00:00+00:00,30476
2022-03-14 03:00:00+00:00,30532
2022-03-14 04:00:00+00:00,30276
2022-03-14 05:00:00+00:00,30292
2022-03-14 06:00:00+00:00,30276
2022-03-14 07:00:00+00:00,30040
2022-03-14 08:00:00+00:00,29676
2022-03-14 09:00:00+00:00,27640
2022-03-14 10:00:00+00:00,26060
2022-03-14 11:00:00+00:00,24884
2022-03-14 12:00:00+00:00,23656
2022-03-14 13:00:00+00:00,23180
2022-03-14 14:00:00+00:00,22932
2022-03-14 15:00:00+00:00,23128
2022-03-14 16:00:00+00:00,24452
2022-03-14 17:00:00+00:00,26240
2022-03-14 18:00:00+00:00,27512
2022-03-14 19:00:00+00:00,29188
2022-03-14 20:00:00+00:00,30356
2022-03-14 21:00:00+00:00,30916
2022-03-14 22:00:00+00:00,31736
2022-03-14 23:00:00+00:00,32320
2022-03-15 00:00:00+00:00,32352
2022-03-15 01:00:00+00:00,31524
2022-03-15 02:00:00+00:00,31008
2022-03-15 03:00:00+00:00,30900
2022-03-15 04:00:00+00:00,30676
2022-03-15 05:00:00+00:00,30364
2022-03-15 06:00:00+00:00,30028
2022-03-15 07:00:00+00:00,29568
2022-03-15 08:00:00+00:00,29200
2022-03-15 09:00:00+00:00,27540
2022-03-15 10:00:00+00:00,26180
2022-03-15 11:00:00+00:00,24960
2022-03-15 12:00:00+00:00,23976
2022-03-15 13:00:00+00:00,23240
2022-03-15 14:00:00+00:00,22880
2022-03-15 15:00:00+00:00,23024
2022-03-15 16:00:00+00:00,24284
2022-03-15 17:00:00+00:00,25976
2022-03-15 18:00:00+00:00,27724
2022-03-15 19:00:00+00:00,29152
2022-03-15 20:00:00+00:00,30160
2022-03-15 21:00:00+00:00,30844
2022-03-15 22:00:00+00:00,31440
2022-03-15 23:00:00+00:00,32008
2022-03-16 00:00:00+00:00,31856
2022-03-16 01:00:00+00:00,31076
2022-03-16 02:00:00+00:00,30724
2022-03-16 03:00:00+00:00,30660
2022-03-16 04:00:00+00:00,30164
2022-03-16 05:00:00+00:00,29920
2022-03-16 06:00:00+00:00,29576
2022-03-16 07:00:00+00:00,29384
2022-03-16 08:00:00+00:00,29016
2022-03-16 09:00:00+00:00,27384
2022-03-16 10:00:00+00:00,26056
2022-03-16 11:00:00+00:00,24784
2022-03-16 12:00:00+00:00,23664
2022-03-16 13:00:00+00:00,23004
2022-03-16 14:00:00+00:00,22720
2022-03-16 15:00:00+00:00,22916
2022-03-16 16:00:00+00:00,24084
2022-03-16 17:00:00+00:00,25884
2022-03-16 18:00:00+00:00,27340
2022-03-16 19:00:00+00:00,28720
2022-03-16 20:00:00+00:00,29900
2022-03-16 21:00:00+00:00,30608
2022-03-16 22:00:00+00:00,31120
2022-03-16 23:00:00+00:00,31488
2022-03-17 00:00:00+00:00,31344
2022-03-17 01:00:00+00:00,30704
2022-03-17 02:00:00+00:00,30240
2022-03-17 03:00:00+00:00,30048
2022-03-17 04:00:00+00:00,29948
2022-03-17 05:00:00+00:00,29900
2022-03-17 06:00:00+00:00,29644
2022-03-17 07:00:00+00:00,28828
2022-03-17 08:00:00+00:00,28304
2022-03-17 09:00:00+00:00,26760
2022-03-17 10:00:00+00:00,25832
2022-03-17 11:00:00+00:00,24824
2022-03-17 12:00:00+00:00,23664
2022-03-17 13:00:00+00:00,23048
2022-03-17 14:00:00+00:00,22372
2022-03-17 15:00:00+00:00,22432
2022-03-17 16:00:00+00:00,22352
2022-03-17 17:00:00+00:00,22300
2022-03-17 18:00:00+00:00,23468
2022-03-17 19:00:00+00:00,25360
2022-03-17 20:00:00+00:00,27184
2022-03-17 21:00:00+00:00,27848
2022-03-17 22:00:00+00:00,28392
2022-03-17 23:00:00+00:00,28488
2022-03-18 00:00:00+00:00,28812
2022-03-18 01:00:00+00:00,27860
2022-03-18 02:00:00+00:00,27320
2022-03-18 03:00:00+00:00,26932
2022-03-18 04:00:00+00:00,26908
2022-03-18 05:00:00+00:00,27320
2022-03-18 06:00:00+00:00,27520
2022-03-18 07:00:00+00:00,27684
2022-03-18 08:00:00+00:00,27848
2022-03-18 09:00:00+00:00,26552
2022-03-18 10:00:00+00:00,24892
2022-03-18 11:00:00+00:00,23492
2022-03-18 12:00:00+00:00,22252
2022-03-18 13:00:00+00:00,21304
2022-03-18 14:00:00+00:00,20864
2022-03-18 15:00:00+00:00,20612
2022-03-18 16:00:00+00:00,20752
2022-03-18 17:00:00+00:00,20496
2022-03-18 18:00:00+00:00,20912
2022-03-18 19:00:00+00:00,22244
2022-03-18 20:00:00+00:00,23876
2022-03-18 21:00:00+00:00,24816
2022-03-18 22:00:00+00:00,25572
2022-03-18 23:00:00+00:00,26104
2022-03-19 00:00:00+00:00,26804
2022-03-19 01:00:00+00:00,26272
2022-03-19 02:00:00+00:00,25544
2022-03-19 03:00:00+00:00,25320
2022-03-19 04:00:00+00:00,25420
2022-03-19 05:00:00+00:00,25780
2022-03-19 06:00:00+00:00,26028
2022-03-19 07:00:00+00:00,26412
2022-03-19 08:00:00+00:00,27288
2022-03-19 09:00:00+00:00,26692
2022-03-19 10:00:00+00:00,24960
2022-03-19 11:00:00+00:00,23444
2022-03-19 12:00:00+00:00,22456
2022-03-19 13:00:00+00:00,21980
2022-03-19 14:00:00+00:00,21480
2022-03-19 15:00:00+00:00,21776
2022-03-19 16:00:00+00:00,23388
2022-03-19 17:00:00+00:00,25636
2022-03-19 18:00:00+00:00,27368
2022-03-19 19:00:00+00:00,28804
2022-03-19 20:00:00+00:00,30236
2022-03-19 21:00:00+00:00,31044
2022-03-19 22:00:00+00:00,31928
2022-03-19 23:00:00+00:00,32580
2022-03-20 00:00:00+00:00,32588
2022-03-20 01:00:00+00:00,32244
2022-03-20 02:00:00+00:00,31936
2022-03-20 03:00:00+00:00,31788
2022-03-20 04:00:00+00:00,31452
2022-03-20 05:00:00+00:00,31272
2022-03-20 06:00:00+00:00,31268
2022-03-20 07:00:00+00:00,30988
2022-03-20 08:00:00+00:00,31012
2022-03-20 09:00:00+00:00,29176
2022-03-20 10:00:00+00:00,27544
2022-03-20 11:00:00+00:00,25904
2022-03-20 12:00:00+00:00,24460
2022-03-20 13:00:00+00:00,23848
2022-03-20 14:00:00+00:00,23572
2022-03-20 15:00:00+00:00,23624
2022-03-20 16:00:00+00:00,25120
2022-03-20 17:00:00+00:00,27060
2022-03-20 18:00:00+00:00,28688
2022-03-20 19:00:00+00:00,30136
2022-03-20 20:00:00+00:00,31544
2022-03-20 21:00:00+00:00,32388
2022-03-20 22:00:00+00:00,33444
2022-03-20 23:00:00+00:00,34092
2022-03-21 00:00:00+00:00,34224
2022-03-21 01:00:00+00:00,33752
2022-03-21 02:00:00+00:00,33272
2022-03-21 03:00:00+00:00,33220
2022-03-21 04:00:00+00:00,32596
2022-03-21 05:00:00+00:00,32048
2022-03-21 06:00:00+00:00,31752
2022-03-21 07:00:00+00:00,31340
2022-03-21 08:00:00+00:00,31012
2022-03-21 09:00:00+00:00,29084
2022-03-21 10:00:00+00:00,27672
2022-03-21 11:00:00+00:00,26296
2022-03-21 12:00:00+00:00,25024
2022-03-21 13:00:00+00:00,24488
2022-03-21 14:00:00+00:00,24108
2022-03-21 15:00:00+00:00,24272
2022-03-21 16:00:00+00:00,25612
2022-03-21 17:00:00+00:00,27504
2022-03-21 18:00:00+00:00,29364
2022-03-21 19:00:00+00:00,30768
2022-03-21 20:00:00+00:00,31880
2022-03-21 21:00:00+00:00,32636
2022-03-21 22:00:00+00:00,33176
2022-03-21 23:00:00+00:00,33972
2022-03-22 00:00:00+00:00,33768
2022-03-22 01:00:00+00:00,33132
2022-03-22 02:00:00+00:00,32264
2022-03-22 03:00:00+00:00,31936
2022-03-22 04:00:00+00:00,31484
2022-03-22 05:00:00+00:00,30964
2022-03-22 06:00:00+00:00,30632
2022-03-22 07:00:00+00:00,30288
2022-03-22 08:00:00+00:00,29964
2022-03-22 09:00:00+00:00,28340
2022-03-22 10:00:00+00:00,26968
2022-03-22 11:00:00+00:00,25720
2022-03-22 12:00:00+00:00,24496
2022-03-22 13:00:00+00:00,23864
2022-03-22 14:00:00+00:00,23584
2022-03-22 15:00:00+00:00,23764
2022-03-22 16:00:00+00:00,25072
2022-03-22 17:00:00+00:00,26864
2022-03-22 18:00:00+00:00,28252
2022-03-22 19:00:00+00:00,29740
2022-03-22 20:00:00+00:00,30752
2022-03-22 21:00:00+00:00,31408
2022-03-22 22:00:00+00:00,31920
2022-03-22 23:00:00+00:00,32764
2022-03-23 00:00:00+00:00,32836
2022-03-23 01:00:00+00:00,32536
2022-03-23 02:00:00+00:00,32168
2022-03-23 03:00:00+00:00,32128
2022-03-23 04:00:00+00:00,31700
2022-03-23 05:00:00+00:00,31432
2022-03-23 06:00:00+00:00,31180
2022-03-23 07:00:00+00:00,30776
2022-03-23 08:00:00+00:00,30512
2022-03-23 09:00:00+00:00,29020
2022-03-23 10:00:00+00:00,27464
2022-03-23 11:00:00+00:00,26008
2022-03-23 12:00:00+00:00,24784
2022-03-23 13:00:00+00:00,24188
2022-03-23 14:00:00+00:00,23892
2022-03-23 15:00:00+00:00,23972
2022-03-23 16:00:00+00:00,25288
2022-03-23 17:00:00+00:00,27012
2022-03-23 18:00:00+00:00,28664
2022-03-23 19:00:00+00:00,30056
2022-03-23 20:00:00+00:00,31268
2022-03-23 21:00:00+00:00,32056
2022-03-23 22:00:00+00:00,32868
2022-03-23 23:00:00+00:00,33628
2022-03-24 00:00:00+00:00,33652
2022-03-24 01:00:00+00:00,33024
2022-03-24 02:00:00+00:00,32676
2022-03-24 03:00:00+00:00,32464
2022-03-24 04:00:00+00:00,32036
2022-03-24 05:00:00+00:00,31788
2022-03-24 06:00:00+00:00,31628
2022-03-24 07:00:00+00:00,30800
2022-03-24 08:00:00+00:00,30056
2022-03-24 09:00:00+00:00,28276
2022-03-24 10:00:00+00:00,26944
2022-03-24 11:00:00+00:00,26048
2022-03-24 12:00:00+00:00,24576
2022-03-24 13:00:00+00:00,23788
2022-03-24 14:00:00+00:00,23068
2022-03-24 15:00:00+00:00,22796
2022-03-24 16:00:00+00:00,22640
2022-03-24 17:00:00+00:00,22760
2022-03-24 18:00:00+00:00,23708
2022-03-24 19:00:00+00:00,25688
2022-03-24 20:00:00+00:00,27372
2022-03-24 21:00:00+00:00,28444
2022-03-24 22:00:00+00:00,29040
2022-03-24 23:00:00+00:00,29712
2022-03-25 00:00:00+00:00,30068
2022-03-25 01:00:00+00:00,29608
2022-03-25 02:00:00+00:00,29048
2022-03-25 03:00:00+00:00,28908
2022-03-25 04:00:00+00:00,28852
2022-03-25 05:00:00+00:00,29072
2022-03-25 06:00:00+00:00,29052
2022-03-25 07:00:00+00:00,28616
2022-03-25 08:00:00+00:00,28588
2022-03-25 09:00:00+00:00,27404
2022-03-25 10:00:00+00:00,25648
2022-03-25 11:00:00+00:00,24108
2022-03-25 12:00:00+00:00,22868
2022-03-25 13:00:00+00:00,22120
2022-03-25 14:00:00+00:00,21624
2022-03-25 15:00:00+00:00,21392
2022-03-25 16:00:00+00:00,21296
2022-03-25 17:00:00+00:00,20920
2022-03-25 18:00:00+00:00,21432
2022-03-25 19:00:00+00:00,22756
2022-03-25 20:00:00+00:00,24616
2022-03-25 21:00:00+00:00,25804
2022-03-25 22:00:00+00:00,26544
2022-03-25 23:00:00+00:00,27440
2022-03-26 00:00:00+00:00,28516
2022-03-26 01:00:00+00:00,28292
2022-03-26 02:00:00+00:00,27804
2022-03-26 03:00:00+00:00,27636
2022-03-26 04:00:00+00:00,27724
2022-03-26 05:00:00+00:00,27968
2022-03-26 06:00:00+00:00,28216
2022-03-26 07:00:00+00:00,28532
2022-03-26 08:00:00+00:00,29748
2022-03-26 09:00:00+00:00,28772
2022-03-26 10:00:00+00:00,27012
2022-03-26 11:00:00+00:00,25492
2022-03-26 12:00:00+00:00,24208
2022-03-26 13:00:00+00:00,23712
2022-03-26 14:00:00+00:00,23144
2022-03-26 15:00:00+00:00,23408
2022-03-26 16:00:00+00:00,24952
2022-03-26 17:00:00+00:00,26964
2022-03-26 18:00:00+00:00,29012
2022-03-26 19:00:00+00:00,31052
2022-03-26 20:00:00+00:00,32652
2022-03-26 21:00:00+00:00,33848
2022-03-26 22:00:00+00:00,34724
2022-03-26 23:00:00+00:00,35524
2022-03-27 00:00:00+00:00,35812
2022-03-27 01:00:00+00:00,35388
2022-03-27 02:00:00+00:00,35308
2022-03-27 03:00:00+00:00,35276
2022-03-27 04:00:00+00:00,34576
2022-03-27 05:00:00+00:00,34120
2022-03-27 06:00:00+00:00,33460
2022-03-27 07:00:00+00:00,32720
2022-03-27 08:00:00+00:00,32688
2022-03-27 09:00:00+00:00,31044
2022-03-27 10:00:00+00:00,29276
2022-03-27 11:00:00+00:00,27732
2022-03-27 12:00:00+00:00,26368
2022-03-27 13:00:00+00:00,25640
2022-03-27 14:00:00+00:00,25060
2022-03-27 15:00:00+00:00,24936
2022-03-27 16:00:00+00:00,26296
2022-03-27 17:00:00+00:00,28108
2022-03-27 18:00:00+00:00,29664
2022-03-27 19:00:00+00:00,31888
2022-03-27 20:00:00+00:00,33492
2022-03-27 21:00:00+00:00,34452
2022-03-27 22:00:00+00:00,35420
2022-03-27 23:00:00+00:00,36216
2022-03-28 00:00:00+00:00,36812
2022-03-28 01:00:00+00:00,36624
2022-03-28 02:00:00+00:00,36296
2022-03-28 03:00:00+00:00,36096
2022-03-28 04:00:00+00:00,35808
2022-03-28 05:00:00+00:00,35176
2022-03-28 06:00:00+00:00,34712
2022-03-28 07:00:00+00:00,33864
2022-03-28 08:00:00+00:00,33544
2022-03-28 09:00:00+00:00,31836
2022-03-28 10:00:00+00:00,29864
2022-03-28 11:00:00+00:00,28280
2022-03-28 12:00:00+00:00,26836
2022-03-28 13:00:00+00:00,26216
2022-03-28 14:00:00+00:00,25748
2022-03-28 15:00:00+00:00,25588
2022-03-28 16:00:00+00:00,26872
2022-03-28 17:00:00+00:00,28636
2022-03-28 18:00:00+00:00,30220
2022-03-28 19:00:00+00:00,32204
2022-03-28 20:00:00+00:00,34132
2022-03-28 21:00:00+00:00,35372
2022-03-28 22:00:00+00:00,36276
2022-03-28 23:00:00+00:00,37376
2022-03-29 00:00:00+00:00,37748
2022-03-29 01:00:00+00:00,37544
2022-03-29 02:00:00+00:00,37280
2022-03-29 03:00:00+00:00,36980
2022-03-29 04:00:00+00:00,36156
2022-03-29 05:00:00+00:00,35636
2022-03-29 06:00:00+00:00,35168
2022-03-29 07:00:00+00:00,34396
2022-03-29 08:00:00+00:00,34140
2022-03-29 09:00:00+00:00,32364
2022-03-29 10:00:00+00:00,30664
2022-03-29 11:00:00+00:00,29072
2022-03-29 12:00:00+00:00,27416
2022-03-29 13:00:00+00:00,26584
2022-03-29 14:00:00+00:00,26052
2022-03-29 15:00:00+00:00,25916
2022-03-29 16:00:00+00:00,27228
2022-03-29 17:00:00+00:00,28904
2022-03-29 18:00:00+00:00,30484
2022-03-29 19:00:00+00:00,32196
2022-03-29 20:00:00+00:00,33932
2022-03-29 21:00:00+00:00,35076
2022-03-29 22:00:00+00:00,36292
2022-03-29 23:00:00+00:00,37368
2022-03-30 00:00:00+00:00,37784
2022-03-30 01:00:00+00:00,37520
2022-03-30 02:00:00+00:00,37312
2022-03-30 03:00:00+00:00,37124
2022-03-30 04:00:00+00:00,36372
2022-03-30 05:00:00+00:00,35808
2022-03-30 06:00:00+00:00,35232
2022-03-30 07:00:00+00:00,34312
2022-03-30 08:00:00+00:00,34308
2022-03-30 09:00:00+00:00,32372
2022-03-30 10:00:00+00:00,30804
2022-03-30 11:00:00+00:00,29164
2022-03-30 12:00:00+00:00,27540
2022-03-30 13:00:00+00:00,26632
2022-03-30 14:00:00+00:00,26008
2022-03-30 15:00:00+00:00,25916
2022-03-30 16:00:00+00:00,26928
2022-03-30 17:00:00+00:00,28512
2022-03-30 18:00:00+00:00,30016
2022-03-30 19:00:00+00:00,31804
2022-03-30 20:00:00+00:00,33724
2022-03-30 21:00:00+00:00,34812
2022-03-30 22:00:00+00:00,36124
2022-03-30 23:00:00+00:00,37216
2022-03-31 00:00:00+00:00,37644
2022-03-31 01:00:00+00:00,37320
2022-03-31 02:00:00+00:00,37040
2022-03-31 03:00:00+00:00,36720
2022-03-31 04:00:00+00:00,36148
2022-03-31 05:00:00+00:00,35632
2022-03-31 06:00:00+00:00,34932
2022-03-31 07:00:00+00:00,33876
2022-03-31 08:00:00+00:00,33300
2022-03-31 09:00:00+00:00,31528
2022-03-31 10:00:00+00:00,29908
2022-03-31 11:00:00+00:00,28692
2022-03-31 12:00:00+00:00,27324
2022-03-31 13:00:00+00:00,26260
2022-03-31 14:00:00+00:00,25644
2022-03-31 15:00:00+00:00,24964
2022-03-31 16:00:00+00:00,24924
2022-03-31 17:00:00+00:00,24892
2022-03-31 18:00:00+00:00,25692
2022-03-31 19:00:00+00:00,27372
2022-03-31 20:00:00+00:00,29100
2022-03-31 21:00:00+00:00,30372
2022-03-31 22:00:00+00:00,31024
2022-03-31 23:00:00+00:00,32100
2022-04-01 00:00:00+00:00,32756
2022-04-01 01:00:00+00:00,32340
2022-04-01 02:00:00+00:00,32012
2022-04-01 03:00:00+00:00,31804
2022-04-01 04:00:00+00:00,31596
2022-04-01 05:00:00+00:00,31448
2022-04-01 06:00:00+00:00,31488
2022-04-01 07:00:00+00:00,31260
2022-04-01 08:00:00+00:00,31372
2022-04-01 09:00:00+00:00,29612
2022-04-01 10:00:00+00:00,28024
2022-04-01 11:00:00+00:00,26372
2022-04-01 12:00:00+00:00,25312
2022-04-01 13:00:00+00:00,24212
2022-04-01 14:00:00+00:00,23580
2022-04-01 15:00:00+00:00,23028
2022-04-01 16:00:00+00:00,23040
2022-04-01 17:00:00+00:00,22568
2022-04-01 18:00:00+00:00,22652
2022-04-01 19:00:00+00:00,23824
2022-04-01 20:00:00+00:00,25476
2022-04-01 21:00:00+00:00,26820
2022-04-01 22:00:00+00:00,27764
2022-04-01 23:00:00+00:00,28956
2022-04-02 00:00:00+00:00,30120
2022-04-02 01:00:00+00:00,29952
2022-04-02 02:00:00+00:00,29704
2022-04-02 03:00:00+00:00,29524
2022-04-02 04:00:00+00:00,29452
2022-04-02 05:00:00+00:00,29672
2022-04-02 06:00:00+00:00,29952
2022-04-02 07:00:00+00:00,30316
2022-04-02 08:00:00+00:00,31664
2022-04-02 09:00:00+00:00,30636
2022-04-02 10:00:00+00:00,28896
2022-04-02 11:00:00+00:00,27172
2022-04-02 12:00:00+00:00,25640
2022-04-02 13:00:00+00:00,24804
2022-04-02 14:00:00+00:00,24488
2022-04-02 15:00:00+00:00,24444
2022-04-02 16:00:00+00:00,26240
2022-04-02 17:00:00+00:00,28288
2022-04-02 18:00:00+00:00,30344
2022-04-02 19:00:00+00:00,32272
2022-04-02 20:00:00+00:00,33972
2022-04-02 21:00:00+00:00,35132
2022-04-02 22:00:00+00:00,36148
2022-04-02 23:00:00+00:00,37052
2022-04-03 00:00:00+00:00,37292
2022-04-03 01:00:00+00:00,37124
2022-04-03 02:00:00+00:00,37268
2022-04-03 03:00:00+00:00,37008
2022-04-03 04:00:00+00:00,35948
2022-04-03 05:00:00+00:00,35384
2022-04-03 06:00:00+00:00,34900
2022-04-03 07:00:00+00:00,34296
2022-04-03 08:00:00+00:00,34316
2022-04-03 09:00:00+00:00,32332
2022-04-03 10:00:00+00:00,30300
2022-04-03 11:00:00+00:00,28696
2022-04-03 12:00:00+00:00,27040
2022-04-03 13:00:00+00:00,26188
2022-04-03 14:00:00+00:00,25540
2022-04-03 15:00:00+00:00,25728
2022-04-03 16:00:00+00:00,26964
2022-04-03 17:00:00+00:00,28724
2022-04-03 18:00:00+00:00,30304
2022-04-03 19:00:00+00:00,32208
2022-04-03 20:00:00+00:00,33544
2022-04-03 21:00:00+00:00,34528
2022-04-03 22:00:00+00:00,35288
2022-04-03 23:00:00+00:00,36132
2022-04-04 00:00:00+00:00,36420
2022-04-04 01:00:00+00:00,36080
2022-04-04 02:00:00+00:00,36032
2022-04-04 03:00:00+00:00,35848
2022-04-04 04:00:00+00:00,35292
2022-04-04 05:00:00+00:00,34568
2022-04-04 06:00:00+00:00,33952
2022-04-04 07:00:00+00:00,33284
2022-04-04 08:00:00+00:00,33132
2022-04-04 09:00:00+00:00,31188
2022-04-04 10:00:00+00:00,29576
2022-04-04 11:00:00+00:00,28196
2022-04-04 12:00:00+00:00,26680
2022-04-04 13:00:00+00:00,25812
2022-04-04 14:00:00+00:00,25196
2022-04-04 15:00:00+00:00,25284
2022-04-04 16:00:00+00:00,26480
2022-04-04 17:00:00+00:00,28284
2022-04-04 18:00:00+00:00,29836
2022-04-04 19:00:00+00:00,31308
2022-04-04 20:00:00+00:00,32332
2022-04-04 21:00:00+00:00,33252
2022-04-04 22:00:00+00:00,35424
2022-04-04 23:00:00+00:00,36592
2022-04-05 00:00:00+00:00,36864
2022-04-05 01:00:00+00:00,36776
2022-04-05 02:00:00+00:00,36576
2022-04-05 03:00:00+00:00,36288
2022-04-05 04:00:00+00:00,35824
2022-04-05 05:00:00+00:00,35240
2022-04-05 06:00:00+00:00,34632
2022-04-05 07:00:00+00:00,33936
2022-04-05 08:00:00+00:00,33768
2022-04-05 09:00:00+00:00,31452
2022-04-05 10:00:00+00:00,29856
2022-04-05 11:00:00+00:00,28392
2022-04-05 12:00:00+00:00,26668
2022-04-05 13:00:00+00:00,25808
2022-04-05 14:00:00+00:00,25620
2022-04-05 15:00:00+00:00,25616
2022-04-05 16:00:00+00:00,26832
2022-04-05 17:00:00+00:00,28656
2022-04-05 18:00:00+00:00,30112
2022-04-05 19:00:00+00:00,32152
2022-04-05 20:00:00+00:00,33704
2022-04-05 21:00:00+00:00,34808
2022-04-05 22:00:00+00:00,35904
2022-04-05 23:00:00+00:00,36900
2022-04-06 00:00:00+00:00,37240
2022-04-06 01:00:00+00:00,37156
2022-04-06 02:00:00+00:00,36904
2022-04-06 03:00:00+00:00,36920
2022-04-06 04:00:00+00:00,36200
2022-04-06 05:00:00+00:00,35692
2022-04-06 06:00:00+00:00,35052
2022-04-06 07:00:00+00:00,34356
2022-04-06 08:00:00+00:00,34064
2022-04-06 09:00:00+00:00,32124
2022-04-06 10:00:00+00:00,30472
2022-04-06 11:00:00+00:00,29140
2022-04-06 12:00:00+00:00,27428
2022-04-06 13:00:00+00:00,26596
2022-04-06 14:00:00+00:00,26176
2022-04-06 15:00:00+00:00,26100
2022-04-06 16:00:00+00:00,27396
2022-04-06 17:00:00+00:00,29076
2022-04-06 18:00:00+00:00,30484
2022-04-06 19:00:00+00:00,32344
2022-04-06 20:00:00+00:00,33892
2022-04-06 21:00:00+00:00,35188
2022-04-06 22:00:00+00:00,36360
2022-04-06 23:00:00+00:00,37368
2022-04-07 00:00:00+00:00,37400
2022-04-07 01:00:00+00:00,36772
2022-04-07 02:00:00+00:00,36476
2022-04-07 03:00:00+00:00,36068
2022-04-07 04:00:00+00:00,35644
2022-04-07 05:00:00+00:00,34972
2022-04-07 06:00:00+00:00,34316
2022-04-07 07:00:00+00:00,33116
2022-04-07 08:00:00+00:00,32636
2022-04-07 09:00:00+00:00,30884
2022-04-07 10:00:00+00:00,29380
2022-04-07 11:00:00+00:00,28056
2022-04-07 12:00:00+00:00,26224
2022-04-07 13:00:00+00:00,25188
2022-04-07 14:00:00+00:00,24236
2022-04-07 15:00:00+00:00,23868
2022-04-07 16:00:00+00:00,23720
2022-04-07 17:00:00+00:00,23916
2022-04-07 18:00:00+00:00,24692
2022-04-07 19:00:00+00:00,26372
2022-04-07 20:00:00+00:00,28296
2022-04-07 21:00:00+00:00,29480
2022-04-07 22:00:00+00:00,30448
2022-04-07 23:00:00+00:00,31364
2022-04-08 00:00:00+00:00,31760
2022-04-08 01:00:00+00:00,31524
2022-04-08 02:00:00+00:00,31264
2022-04-08 03:00:00+00:00,30892
2022-04-08 04:00:00+00:00,30720
2022-04-08 05:00:00+00:00,30768
2022-04-08 06:00:00+00:00,30788
2022-04-08 07:00:00+00:00,30584
2022-04-08 08:00:00+00:00,30808
2022-04-08 09:00:00+00:00,29216
2022-04-08 10:00:00+00:00,27660
2022-04-08 11:00:00+00:00,26144
2022-04-08 12:00:00+00:00,24772
2022-04-08 13:00:00+00:00,23744
2022-04-08 14:00:00+00:00,22912
2022-04-08 15:00:00+00:00,22672
2022-04-08 16:00:00+00:00,22504
2022-04-08 17:00:00+00:00,21948
2022-04-08 18:00:00+00:00,22344
2022-04-08 19:00:00+00:00,23672
2022-04-08 20:00:00+00:00,25232
2022-04-08 21:00:00+00:00,26316
2022-04-08 22:00:00+00:00,27368
2022-04-08 23:00:00+00:00,28220
2022-04-09 00:00:00+00:00,29304
2022-04-09 01:00:00+00:00,29460
2022-04-09 02:00:00+00:00,29280
2022-04-09 03:00:00+00:00,29036
2022-04-09 04:00:00+00:00,28996
2022-04-09 05:00:00+00:00,29216
2022-04-09 06:00:00+00:00,29520
2022-04-09 07:00:00+00:00,29856
2022-04-09 08:00:00+00:00,31076
2022-04-09 09:00:00+00:00,30108
2022-04-09 10:00:00+00:00,28540
2022-04-09 11:00:00+00:00,26420
2022-04-09 12:00:00+00:00,25096
2022-04-09 13:00:00+00:00,24248
2022-04-09 14:00:00+00:00,23564
2022-04-09 15:00:00+00:00,23444
2022-04-09 16:00:00+00:00,24668
2022-04-09 17:00:00+00:00,26208
2022-04-09 18:00:00+00:00,27576
2022-04-09 19:00:00+00:00,29388
2022-04-09 20:00:00+00:00,31160
2022-04-09 21:00:00+00:00,32688
2022-04-09 22:00:00+00:00,33732
2022-04-09 23:00:00+00:00,34688
2022-04-10 00:00:00+00:00,35316
2022-04-10 01:00:00+00:00,35056
2022-04-10 02:00:00+00:00,34708
2022-04-10 03:00:00+00:00,34508
2022-04-10 04:00:00+00:00,34136
2022-04-10 05:00:00+00:00,33636
2022-04-10 06:00:00+00:00,33328
2022-04-10 07:00:00+00:00,32856
2022-04-10 08:00:00+00:00,32988
2022-04-10 09:00:00+00:00,31572
2022-04-10 10:00:00+00:00,29768
2022-04-10 11:00:00+00:00,28196
2022-04-10 12:00:00+00:00,26764
2022-04-10 13:00:00+00:00,25784
2022-04-10 14:00:00+00:00,25196
2022-04-10 15:00:00+00:00,25124
2022-04-10 16:00:00+00:00,26272
2022-04-10 17:00:00+00:00,28120
2022-04-10 18:00:00+00:00,29928
2022-04-10 19:00:00+00:00,31864
2022-04-10 20:00:00+00:00,33176
2022-04-10 21:00:00+00:00,34296
2022-04-10 22:00:00+00:00,35316
2022-04-10 23:00:00+00:00,36372
2022-04-11 00:00:00+00:00,36456
2022-04-11 01:00:00+00:00,36184
2022-04-11 02:00:00+00:00,36064
2022-04-11 03:00:00+00:00,35780
2022-04-11 04:00:00+00:00,35260
2022-04-11 05:00:00+00:00,34828
2022-04-11 06:00:00+00:00,34312
2022-04-11 07:00:00+00:00,33664
2022-04-11 08:00:00+00:00,33436
2022-04-11 09:00:00+00:00,31444
2022-04-11 10:00:00+00:00,29768
2022-04-11 11:00:00+00:00,28388
2022-04-11 12:00:00+00:00,26812
2022-04-11 13:00:00+00:00,25952
2022-04-11 14:00:00+00:00,25376
2022-04-11 15:00:00+00:00,25352
2022-04-11 16:00:00+00:00,26656
2022-04-11 17:00:00+00:00,28500
2022-04-11 18:00:00+00:00,29676
2022-04-11 19:00:00+00:00,31240
2022-04-11 20:00:00+00:00,32744
2022-04-11 21:00:00+00:00,33900
2022-04-11 22:00:00+00:00,34592
2022-04-11 23:00:00+00:00,35380
2022-04-12 00:00:00+00:00,35476
2022-04-12 01:00:00+00:00,34892
2022-04-12 02:00:00+00:00,34872
2022-04-12 03:00:00+00:00,34616
2022-04-12 04:00:00+00:00,34140
2022-04-12 05:00:00+00:00,33768
2022-04-12 06:00:00+00:00,33148
2022-04-12 07:00:00+00:00,32404
2022-04-12 08:00:00+00:00,32156
2022-04-12 09:00:00+00:00,30368
2022-04-12 10:00:00+00:00,28960
2022-04-12 11:00:00+00:00,27584
2022-04-12 12:00:00+00:00,26232
2022-04-12 13:00:00+00:00,25404
2022-04-12 14:00:00+00:00,25100
2022-04-12 15:00:00+00:00,25140
2022-04-12 16:00:00+00:00,26576
2022-04-12 17:00:00+00:00,28400
2022-04-12 18:00:00+00:00,29744
2022-04-12 19:00:00+00:00,31360
2022-04-12 20:00:00+00:00,32976
2022-04-12 21:00:00+00:00,33540
2022-04-12 22:00:00+00:00,34560
2022-04-12 23:00:00+00:00,35432
2022-04-13 00:00:00+00:00,35648
2022-04-13 01:00:00+00:00,35312
2022-04-13 02:00:00+00:00,35128
2022-04-13 03:00:00+00:00,34736
2022-04-13 04:00:00+00:00,34224
2022-04-13 05:00:00+00:00,33808
2022-04-13 06:00:00+00:00,33336
2022-04-13 07:00:00+00:00,32740
2022-04-13 08:00:00+00:00,32524
2022-04-13 09:00:00+00:00,30912
2022-04-13 10:00:00+00:00,29428
2022-04-13 11:00:00+00:00,27996
2022-04-13 12:00:00+00:00,26580
2022-04-13 13:00:00+00:00,25748
2022-04-13 14:00:00+00:00,25308
2022-04-13 15:00:00+00:00,25252
2022-04-13 16:00:00+00:00,26388
2022-04-13 17:00:00+00:00,28344
2022-04-13 18:00:00+00:00,29692
2022-04-13 19:00:00+00:00,31468
2022-04-13 20:00:00+00:00,33036
2022-04-13 21:00:00+00:00,33768
2022-04-13 22:00:00+00:00,34536
2022-04-13 23:00:00+00:00,35296
2022-04-14 00:00:00+00:00,35240
2022-04-14 01:00:00+00:00,34696
2022-04-14 02:00:00+00:00,34268
2022-04-14 03:00:00+00:00,33960
2022-04-14 04:00:00+00:00,33420
2022-04-14 05:00:00+00:00,32796
2022-04-14 06:00:00+00:00,32276
2022-04-14 07:00:00+00:00,31544
2022-04-14 08:00:00+00:00,31044
2022-04-14 09:00:00+00:00,29280
2022-04-14 10:00:00+00:00,27956
2022-04-14 11:00:00+00:00,26876
2022-04-14 12:00:00+00:00,25484
2022-04-14 13:00:00+00:00,24504
2022-04-14 14:00:00+00:00,23832
2022-04-14 15:00:00+00:00,23392
2022-04-14 16:00:00+00:00,23528
2022-04-14 17:00:00+00:00,23628
2022-04-14 18:00:00+00:00,23996
2022-04-14 19:00:00+00:00,25816
2022-04-14 20:00:00+00:00,27568
2022-04-14 21:00:00+00:00,28592
2022-04-14 22:00:00+00:00,29420
2022-04-14 23:00:00+00:00,30224
2022-04-15 00:00:00+00:00,30704
2022-04-15 01:00:00+00:00,30560
2022-04-15 02:00:00+00:00,30076
2022-04-15 03:00:00+00:00,29640
2022-04-15 04:00:00+00:00,29712
2022-04-15 05:00:00+00:00,29364
2022-04-15 06:00:00+00:00,29100
2022-04-15 07:00:00+00:00,29016
2022-04-15 08:00:00+00:00,29380
2022-04-15 09:00:00+00:00,27840
2022-04-15 10:00:00+00:00,26404
2022-04-15 11:00:00+00:00,25116
2022-04-15 12:00:00+00:00,23980
2022-04-15 13:00:00+00:00,22772
2022-04-15 14:00:00+00:00,22108
2022-04-15 15:00:00+00:00,21788
2022-04-15 16:00:00+00:00,21880
2022-04-15 17:00:00+00:00,21616
2022-04-15 18:00:00+00:00,21556
2022-04-15 19:00:00+00:00,22824
2022-04-15 20:00:00+00:00,24392
2022-04-15 21:00:00+00:00,25652
2022-04-15 22:00:00+00:00,26596
2022-04-15 23:00:00+00:00,27536
2022-04-16 00:00:00+00:00,28632
2022-04-16 01:00:00+00:00,28660
2022-04-16 02:00:00+00:00,28312
2022-04-16 03:00:00+00:00,28148
2022-04-16 04:00:00+00:00,28192
2022-04-16 05:00:00+00:00,28460
2022-04-16 06:00:00+00:00,28652
2022-04-16 07:00:00+00:00,28980
2022-04-16 08:00:00+00:00,30300
2022-04-16 09:00:00+00:00,28956
2022-04-16 10:00:00+00:00,27020
2022-04-16 11:00:00+00:00,25292
2022-04-16 12:00:00+00:00,23956
2022-04-16 13:00:00+00:00,23160
2022-04-16 14:00:00+00:00,22704
2022-04-16 15:00:00+00:00,22908
2022-04-16 16:00:00+00:00,24432
2022-04-16 17:00:00+00:00,26528
2022-04-16 18:00:00+00:00,28076
2022-04-16 19:00:00+00:00,30124
2022-04-16 20:00:00+00:00,31796
2022-04-16 21:00:00+00:00,33088
2022-04-16 22:00:00+00:00,34180
2022-04-16 23:00:00+00:00,35248
2022-04-17 00:00:00+00:00,35612
2022-04-17 01:00:00+00:00,35432
2022-04-17 02:00:00+00:00,35028
2022-04-17 03:00:00+00:00,34588
2022-04-17 04:00:00+00:00,34200
2022-04-17 05:00:00+00:00,33568
2022-04-17 06:00:00+00:00,32976
2022-04-17 07:00:00+00:00,32896
2022-04-17 08:00:00+00:00,32848
2022-04-17 09:00:00+00:00,30876
2022-04-17 10:00:00+00:00,29084
2022-04-17 11:00:00+00:00,27404
2022-04-17 12:00:00+00:00,25852
2022-04-17 13:00:00+00:00,24980
2022-04-17 14:00:00+00:00,24576
2022-04-17 15:00:00+00:00,24656
2022-04-17 16:00:00+00:00,25836
2022-04-17 17:00:00+00:00,27604
2022-04-17 18:00:00+00:00,28700
2022-04-17 19:00:00+00:00,30704
2022-04-17 20:00:00+00:00,32284
2022-04-17 21:00:00+00:00,33588
2022-04-17 22:00:00+00:00,34652
2022-04-17 23:00:00+00:00,35616
2022-04-18 00:00:00+00:00,35968
2022-04-18 01:00:00+00:00,35620
2022-04-18 02:00:00+00:00,35556
2022-04-18 03:00:00+00:00,35204
2022-04-18 04:00:00+00:00,34636
2022-04-18 05:00:00+00:00,33836
2022-04-18 06:00:00+00:00,33228
2022-04-18 07:00:00+00:00,33008
2022-04-18 08:00:00+00:00,32800
2022-04-18 09:00:00+00:00,30924
2022-04-18 10:00:00+00:00,29260
2022-04-18 11:00:00+00:00,27728
2022-04-18 12:00:00+00:00,26072
2022-04-18 13:00:00+00:00,25228
2022-04-18 14:00:00+00:00,24608
2022-04-18 15:00:00+00:00,24672
2022-04-18 16:00:00+00:00,25764
2022-04-18 17:00:00+00:00,27524
2022-04-18 18:00:00+00:00,28460
2022-04-18 19:00:00+00:00,30440
2022-04-18 20:00:00+00:00,32000
2022-04-18 21:00:00+00:00,33080
2022-04-18 22:00:00+00:00,34068
2022-04-18 23:00:00+00:00,35288
2022-04-19 00:00:00+00:00,35668
2022-04-19 01:00:00+00:00,35412
2022-04-19 02:00:00+00:00,35236
2022-04-19 03:00:00+00:00,34828
2022-04-19 04:00:00+00:00,34240
2022-04-19 05:00:00+00:00,33292
2022-04-19 06:00:00+00:00,32760
2022-04-19 07:00:00+00:00,32156
2022-04-19 08:00:00+00:00,31996
2022-04-19 09:00:00+00:00,30320
2022-04-19 10:00:00+00:00,28392
2022-04-19 11:00:00+00:00,26984
2022-04-19 12:00:00+00:00,25468
2022-04-19 13:00:00+00:00,24732
2022-04-19 14:00:00+00:00,24136
2022-04-19 15:00:00+00:00,24216
2022-04-19 16:00:00+00:00,25384
2022-04-19 17:00:00+00:00,27088
2022-04-19 18:00:00+00:00,28000
2022-04-19 19:00:00+00:00,29764
2022-04-19 20:00:00+00:00,31632
2022-04-19 21:00:00+00:00,32696
2022-04-19 22:00:00+00:00,33480
2022-04-19 23:00:00+00:00,34568
2022-04-20 00:00:00+00:00,35048
2022-04-20 01:00:00+00:00,34708
2022-04-20 02:00:00+00:00,34304
2022-04-20 03:00:00+00:00,34300
2022-04-20 04:00:00+00:00,33776
2022-04-20 05:00:00+00:00,32960
2022-04-20 06:00:00+00:00,32272
2022-04-20 07:00:00+00:00,32036
2022-04-20 08:00:00+00:00,32056
2022-04-20 09:00:00+00:00,29912
2022-04-20 10:00:00+00:00,28096
2022-04-20 11:00:00+00:00,26836
2022-04-20 12:00:00+00:00,25432
2022-04-20 13:00:00+00:00,24552
2022-04-20 14:00:00+00:00,24028
2022-04-20 15:00:00+00:00,23868
2022-04-20 16:00:00+00:00,24928
2022-04-20 17:00:00+00:00,26660
2022-04-20 18:00:00+00:00,27716
2022-04-20 19:00:00+00:00,29132
2022-04-20 20:00:00+00:00,30956
2022-04-20 21:00:00+00:00,31964
2022-04-20 22:00:00+00:00,33056
2022-04-20 23:00:00+00:00,33836
2022-04-21 00:00:00+00:00,34320
2022-04-21 01:00:00+00:00,33964
2022-04-21 02:00:00+00:00,33548
2022-04-21 03:00:00+00:00,33124
2022-04-21 04:00:00+00:00,32308
2022-04-21 05:00:00+00:00,31668
2022-04-21 06:00:00+00:00,31148
2022-04-21 07:00:00+00:00,30448
2022-04-21 08:00:00+00:00,30064
2022-04-21 09:00:00+00:00,28344
2022-04-21 10:00:00+00:00,26672
2022-04-21 11:00:00+00:00,25544
2022-04-21 12:00:00+00:00,24180
2022-04-21 13:00:00+00:00,23180
2022-04-21 14:00:00+00:00,22660
2022-04-21 15:00:00+00:00,22448
2022-04-21 16:00:00+00:00,22632
2022-04-21 17:00:00+00:00,22776
2022-04-21 18:00:00+00:00,23124
2022-04-21 19:00:00+00:00,24844
2022-04-21 20:00:00+00:00,26764
2022-04-21 21:00:00+00:00,27840
2022-04-21 22:00:00+00:00,28408
2022-04-21 23:00:00+00:00,29228
2022-04-22 00:00:00+00:00,29744
2022-04-22 01:00:00+00:00,29672
2022-04-22 02:00:00+00:00,29520
2022-04-22 03:00:00+00:00,29328
2022-04-22 04:00:00+00:00,29304
2022-04-22 05:00:00+00:00,29392
2022-04-22 06:00:00+00:00,28860
2022-04-22 07:00:00+00:00,28968
2022-04-22 08:00:00+00:00,29232
2022-04-22 09:00:00+00:00,27532
2022-04-22 10:00:00+00:00,25968
2022-04-22 11:00:00+00:00,24632
2022-04-22 12:00:00+00:00,23164
2022-04-22 13:00:00+00:00,22124
2022-04-22 14:00:00+00:00,21440
2022-04-22 15:00:00+00:00,20992
2022-04-22 16:00:00+00:00,21108
2022-04-22 17:00:00+00:00,21112
2022-04-22 18:00:00+00:00,20976
2022-04-22 19:00:00+00:00,22392
2022-04-22 20:00:00+00:00,23904
2022-04-22 21:00:00+00:00,24784
2022-04-22 22:00:00+00:00,25424
2022-04-22 23:00:00+00:00,26276
2022-04-23 00:00:00+00:00,27356
2022-04-23 01:00:00+00:00,27280
2022-04-23 02:00:00+00:00,26972
2022-04-23 03:00:00+00:00,26924
2022-04-23 04:00:00+00:00,27040
2022-04-23 05:00:00+00:00,27104
2022-04-23 06:00:00+00:00,27164
2022-04-23 07:00:00+00:00,27480
2022-04-23 08:00:00+00:00,28416
2022-04-23 09:00:00+00:00,27040
2022-04-23 10:00:00+00:00,25336
2022-04-23 11:00:00+00:00,23760
2022-04-23 12:00:00+00:00,22588
2022-04-23 13:00:00+00:00,21788
2022-04-23 14:00:00+00:00,21500
2022-04-23 15:00:00+00:00,21712
2022-04-23 16:00:00+00:00,22972
2022-04-23 17:00:00+00:00,24860
2022-04-23 18:00:00+00:00,26196
2022-04-23 19:00:00+00:00,27812
2022-04-23 20:00:00+00:00,29176
2022-04-23 21:00:00+00:00,30012
2022-04-23 22:00:00+00:00,30784
2022-04-23 23:00:00+00:00,31744
2022-04-24 00:00:00+00:00,32568
2022-04-24 01:00:00+00:00,32164
2022-04-24 02:00:00+00:00,31976
2022-04-24 03:00:00+00:00,31680
2022-04-24 04:00:00+00:00,31644
2022-04-24 05:00:00+00:00,31192
2022-04-24 06:00:00+00:00,30600
2022-04-24 07:00:00+00:00,30460
2022-04-24 08:00:00+00:00,30488
2022-04-24 09:00:00+00:00,28592
2022-04-24 10:00:00+00:00,26924
2022-04-24 11:00:00+00:00,25376
2022-04-24 12:00:00+00:00,23988
2022-04-24 13:00:00+00:00,22944
2022-04-24 14:00:00+00:00,22540
2022-04-24 15:00:00+00:00,22560
2022-04-24 16:00:00+00:00,23700
2022-04-24 17:00:00+00:00,25440
2022-04-24 18:00:00+00:00,26444
2022-04-24 19:00:00+00:00,28032
2022-04-24 20:00:00+00:00,29468
2022-04-24 21:00:00+00:00,30540
2022-04-24 22:00:00+00:00,31400
2022-04-24 23:00:00+00:00,32280
2022-04-25 00:00:00+00:00,32836
2022-04-25 01:00:00+00:00,32532
2022-04-25 02:00:00+00:00,32256
2022-04-25 03:00:00+00:00,32084
2022-04-25 04:00:00+00:00,31684
2022-04-25 05:00:00+00:00,31212
2022-04-25 06:00:00+00:00,30612
2022-04-25 07:00:00+00:00,30372
2022-04-25 08:00:00+00:00,30868
2022-04-25 09:00:00+00:00,28692
2022-04-25 10:00:00+00:00,27056
2022-04-25 11:00:00+00:00,25836
2022-04-25 12:00:00+00:00,24388
2022-04-25 13:00:00+00:00,23816
2022-04-25 14:00:00+00:00,23320
2022-04-25 15:00:00+00:00,23336
2022-04-25 16:00:00+00:00,24332
2022-04-25 17:00:00+00:00,26040
2022-04-25 18:00:00+00:00,26780
2022-04-25 19:00:00+00:00,28420
2022-04-25 20:00:00+00:00,29860
2022-04-25 21:00:00+00:00,31028
2022-04-25 22:00:00+00:00,32060
2022-04-25 23:00:00+00:00,33188
2022-04-26 00:00:00+00:00,33700
2022-04-26 01:00:00+00:00,33380
2022-04-26 02:00:00+00:00,33208
2022-04-26 03:00:00+00:00,32984
2022-04-26 04:00:00+00:00,32472
2022-04-26 05:00:00+00:00,31936
2022-04-26 06:00:00+00:00,31544
2022-04-26 07:00:00+00:00,31512
2022-04-26 08:00:00+00:00,31432
2022-04-26 09:00:00+00:00,29320
2022-04-26 10:00:00+00:00,27872
2022-04-26 11:00:00+00:00,26496
2022-04-26 12:00:00+00:00,25036
2022-04-26 13:00:00+00:00,24192
2022-04-26 14:00:00+00:00,23628
2022-04-26 15:00:00+00:00,23512
2022-04-26 16:00:00+00:00,24504
2022-04-26 17:00:00+00:00,26060
2022-04-26 18:00:00+00:00,26764
2022-04-26 19:00:00+00:00,28480
2022-04-26 20:00:00+00:00,30056
2022-04-26 21:00:00+00:00,30864
2022-04-26 22:00:00+00:00,31844
2022-04-26 23:00:00+00:00,32724
2022-04-27 00:00:00+00:00,33308
2022-04-27 01:00:00+00:00,33056
2022-04-27 02:00:00+00:00,33008
2022-04-27 03:00:00+00:00,32796
2022-04-27 04:00:00+00:00,32508
2022-04-27 05:00:00+00:00,32140
2022-04-27 06:00:00+00:00,31620
2022-04-27 07:00:00+00:00,31588
2022-04-27 08:00:00+00:00,31568
2022-04-27 09:00:00+00:00,29708
2022-04-27 10:00:00+00:00,27964
2022-04-27 11:00:00+00:00,26388
2022-04-27 12:00:00+00:00,25024
2022-04-27 13:00:00+00:00,24140
2022-04-27 14:00:00+00:00,23500
2022-04-27 15:00:00+00:00,23568
2022-04-27 16:00:00+00:00,24604
2022-04-27 17:00:00+00:00,26116
2022-04-27 18:00:00+00:00,26740
2022-04-27 19:00:00+00:00,28052
2022-04-27 20:00:00+00:00,29584
2022-04-27 21:00:00+00:00,30652
2022-04-27 22:00:00+00:00,31680
2022-04-27 23:00:00+00:00,32924
2022-04-28 00:00:00+00:00,33496
2022-04-28 01:00:00+00:00,33256
2022-04-28 02:00:00+00:00,33044
2022-04-28 03:00:00+00:00,32988
2022-04-28 04:00:00+00:00,32560
2022-04-28 05:00:00+00:00,32068
2022-04-28 06:00:00+00:00,31556
2022-04-28 07:00:00+00:00,31568
2022-04-28 08:00:00+00:00,31468
2022-04-28 09:00:00+00:00,29600
2022-04-28 10:00:00+00:00,28008
2022-04-28 11:00:00+00:00,26772
2022-04-28 12:00:00+00:00,25436
2022-04-28 13:00:00+00:00,24408
2022-04-28 14:00:00+00:00,23560
2022-04-28 15:00:00+00:00,23324
2022-04-28 16:00:00+00:00,23312
2022-04-28 17:00:00+00:00,23488
2022-04-28 18:00:00+00:00,23836
2022-04-28 19:00:00+00:00,25152
2022-04-28 20:00:00+00:00,27136
2022-04-28 21:00:00+00:00,28268
2022-04-28 22:00:00+00:00,29084
2022-04-28 23:00:00+00:00,29748
2022-04-29 00:00:00+00:00,30300
2022-04-29 01:00:00+00:00,30204
2022-04-29 02:00:00+00:00,29380
2022-04-29 03:00:00+00:00,28936
2022-04-29 04:00:00+00:00,28880
2022-04-29 05:00:00+00:00,28660
2022-04-29 06:00:00+00:00,28544
2022-04-29 07:00:00+00:00,28900
2022-04-29 08:00:00+00:00,28992
2022-04-29 09:00:00+00:00,27160
2022-04-29 10:00:00+00:00,25548
2022-04-29 11:00:00+00:00,24136
2022-04-29 12:00:00+00:00,22868
2022-04-29 13:00:00+00:00,22056
2022-04-29 14:00:00+00:00,21504
2022-04-29 15:00:00+00:00,21056
2022-04-29 16:00:00+00:00,21044
2022-04-29 17:00:00+00:00,20948
2022-04-29 18:00:00+00:00,20876
2022-04-29 19:00:00+00:00,21708
2022-04-29 20:00:00+00:00,23264
2022-04-29 21:00:00+00:00,24396
2022-04-29 22:00:00+00:00,25004
2022-04-29 23:00:00+00:00,25768
2022-04-30 00:00:00+00:00,26508
2022-04-30 01:00:00+00:00,26496
2022-04-30 02:00:00+00:00,26044
2022-04-30 03:00:00+00:00,25952
2022-04-30 04:00:00+00:00,26100
2022-04-30 05:00:00+00:00,26452
2022-04-30 06:00:00+00:00,26260
2022-04-30 07:00:00+00:00,26776
2022-04-30 08:00:00+00:00,27660
2022-04-30 09:00:00+00:00,26112
2022-04-30 10:00:00+00:00,24476
2022-04-30 11:00:00+00:00,23172
2022-04-30 12:00:00+00:00,21980
2022-04-30 13:00:00+00:00,21168
2022-04-30 14:00:00+00:00,20640
2022-04-30 15:00:00+00:00,20380
2022-04-30 16:00:00+00:00,20644
2022-04-30 17:00:00+00:00,20860
2022-04-30 18:00:00+00:00,20604
2022-04-30 19:00:00+00:00,21720
2022-04-30 20:00:00+00:00,23028
2022-04-30 21:00:00+00:00,23900
2022-04-30 22:00:00+00:00,24316
2022-04-30 23:00:00+00:00,25100
2022-05-01 00:00:00+00:00,25920
2022-05-01 01:00:00+00:00,25668
2022-05-01 02:00:00+00:00,25456
2022-05-01 03:00:00+00:00,25500
2022-05-01 04:00:00+00:00,25744
2022-05-01 05:00:00+00:00,26020
2022-05-01 06:00:00+00:00,26108
2022-05-01 07:00:00+00:00,26844
2022-05-01 08:00:00+00:00,27532
2022-05-01 09:00:00+00:00,25988
2022-05-01 10:00:00+00:00,24592
2022-05-01 11:00:00+00:00,23264
2022-05-01 12:00:00+00:00,22028
2022-05-01 13:00:00+00:00,21460
2022-05-01 14:00:00+00:00,20932
2022-05-01 15:00:00+00:00,20916
2022-05-01 16:00:00+00:00,22220
2022-05-01 17:00:00+00:00,23884
2022-05-01 18:00:00+00:00,24376
2022-05-01 19:00:00+00:00,26056
2022-05-01 20:00:00+00:00,27300
2022-05-01 21:00:00+00:00,28416
2022-05-01 22:00:00+00:00,28912
2022-05-01 23:00:00+00:00,29624
2022-05-02 00:00:00+00:00,30020
2022-05-02 01:00:00+00:00,29300
2022-05-02 02:00:00+00:00,29240
2022-05-02 03:00:00+00:00,29220
2022-05-02 04:00:00+00:00,28928
2022-05-02 05:00:00+00:00,28784
2022-05-02 06:00:00+00:00,28320
2022-05-02 07:00:00+00:00,28924
2022-05-02 08:00:00+00:00,28880
2022-05-02 09:00:00+00:00,26824
2022-05-02 10:00:00+00:00,25356
2022-05-02 11:00:00+00:00,24140
2022-05-02 12:00:00+00:00,22956
2022-05-02 13:00:00+00:00,22296
2022-05-02 14:00:00+00:00,21864
2022-05-02 15:00:00+00:00,21868
2022-05-02 16:00:00+00:00,22836
2022-05-02 17:00:00+00:00,24476
2022-05-02 18:00:00+00:00,24768
2022-05-02 19:00:00+00:00,26080
2022-05-02 20:00:00+00:00,27076
2022-05-02 21:00:00+00:00,27928
2022-05-02 22:00:00+00:00,28460
2022-05-02 23:00:00+00:00,28972
2022-05-03 00:00:00+00:00,29292
2022-05-03 01:00:00+00:00,28708
2022-05-03 02:00:00+00:00,28268
2022-05-03 03:00:00+00:00,28248
2022-05-03 04:00:00+00:00,28080
2022-05-03 05:00:00+00:00,27900
2022-05-03 06:00:00+00:00,27724
2022-05-03 07:00:00+00:00,28320
2022-05-03 08:00:00+00:00,28128
2022-05-03 09:00:00+00:00,26036
2022-05-03 10:00:00+00:00,24856
2022-05-03 11:00:00+00:00,23656
2022-05-03 12:00:00+00:00,22596
2022-05-03 13:00:00+00:00,21980
2022-05-03 14:00:00+00:00,21736
2022-05-03 15:00:00+00:00,21752
2022-05-03 16:00:00+00:00,22748
2022-05-03 17:00:00+00:00,24348
2022-05-03 18:00:00+00:00,24496
2022-05-03 19:00:00+00:00,25744
2022-05-03 20:00:00+00:00,26608
2022-05-03 21:00:00+00:00,27244
2022-05-03 22:00:00+00:00,27668
2022-05-03 23:00:00+00:00,28192
2022-05-04 00:00:00+00:00,28588
2022-05-04 01:00:00+00:00,27856
2022-05-04 02:00:00+00:00,27672
2022-05-04 03:00:00+00:00,27408
2022-05-04 04:00:00+00:00,27388
2022-05-04 05:00:00+00:00,27424
2022-05-04 06:00:00+00:00,27252
2022-05-04 07:00:00+00:00,28032
2022-05-04 08:00:00+00:00,27928
2022-05-04 09:00:00+00:00,25988
2022-05-04 10:00:00+00:00,24660
2022-05-04 11:00:00+00:00,23724
2022-05-04 12:00:00+00:00,22520
2022-05-04 13:00:00+00:00,21880
2022-05-04 14:00:00+00:00,21488
2022-05-04 15:00:00+00:00,21572
2022-05-04 16:00:00+00:00,22436
2022-05-04 17:00:00+00:00,23932
2022-05-04 18:00:00+00:00,24220
2022-05-04 19:00:00+00:00,25580
2022-05-04 20:00:00+00:00,26812
2022-05-04 21:00:00+00:00,27444
2022-05-04 22:00:00+00:00,27880
2022-05-04 23:00:00+00:00,28432
2022-05-05 00:00:00+00:00,28856
2022-05-05 01:00:00+00:00,28076
2022-05-05 02:00:00+00:00,27696
2022-05-05 03:00:00+00:00,27776
2022-05-05 04:00:00+00:00,27884
2022-05-05 05:00:00+00:00,28100
2022-05-05 06:00:00+00:00,28016
2022-05-05 07:00:00+00:00,28440
2022-05-05 08:00:00+00:00,27968
2022-05-05 09:00:00+00:00,25924
2022-05-05 10:00:00+00:00,24692
2022-05-05 11:00:00+00:00,23860
2022-05-05 12:00:00+00:00,22548
2022-05-05 13:00:00+00:00,21780
2022-05-05 14:00:00+00:00,21276
2022-05-05 15:00:00+00:00,21156
2022-05-05 16:00:00+00:00,21352
2022-05-05 17:00:00+00:00,21684
2022-05-05 18:00:00+00:00,21768
2022-05-05 19:00:00+00:00,23336
2022-05-05 20:00:00+00:00,25020
2022-05-05 21:00:00+00:00,25656
2022-05-05 22:00:00+00:00,26096
2022-05-05 23:00:00+00:00,26824
2022-05-06 00:00:00+00:00,27320
2022-05-06 01:00:00+00:00,26812
2022-05-06 02:00:00+00:00,26444
2022-05-06 03:00:00+00:00,26340
2022-05-06 04:00:00+00:00,26820
2022-05-06 05:00:00+00:00,26900
2022-05-06 06:00:00+00:00,26872
2022-05-06 07:00:00+00:00,27772
2022-05-06 08:00:00+00:00,27392
2022-05-06 09:00:00+00:00,25432
2022-05-06 10:00:00+00:00,24188
2022-05-06 11:00:00+00:00,22812
2022-05-06 12:00:00+00:00,21788
2022-05-06 13:00:00+00:00,21008
2022-05-06 14:00:00+00:00,20448
2022-05-06 15:00:00+00:00,20072
2022-05-06 16:00:00+00:00,20252
2022-05-06 17:00:00+00:00,20296
2022-05-06 18:00:00+00:00,19904
2022-05-06 19:00:00+00:00,21184
2022-05-06 20:00:00+00:00,22384
2022-05-06 21:00:00+00:00,23428
2022-05-06 22:00:00+00:00,24272
2022-05-06 23:00:00+00:00,25028
2022-05-07 00:00:00+00:00,26180
2022-05-07 01:00:00+00:00,25844
2022-05-07 02:00:00+00:00,25456
2022-05-07 03:00:00+00:00,25344
2022-05-07 04:00:00+00:00,25584
2022-05-07 05:00:00+00:00,25832
2022-05-07 06:00:00+00:00,26008
2022-05-07 07:00:00+00:00,27060
2022-05-07 08:00:00+00:00,27660
2022-05-07 09:00:00+00:00,26244
2022-05-07 10:00:00+00:00,24788
2022-05-07 11:00:00+00:00,23400
2022-05-07 12:00:00+00:00,22196
2022-05-07 13:00:00+00:00,21684
2022-05-07 14:00:00+00:00,21288
2022-05-07 15:00:00+00:00,21520
2022-05-07 16:00:00+00:00,22984
2022-05-07 17:00:00+00:00,25076
2022-05-07 18:00:00+00:00,25728
2022-05-07 19:00:00+00:00,27512
2022-05-07 20:00:00+00:00,28668
2022-05-07 21:00:00+00:00,29560
2022-05-07 22:00:00+00:00,30264
2022-05-07 23:00:00+00:00,31188
2022-05-08 00:00:00+00:00,31564
2022-05-08 01:00:00+00:00,31172
2022-05-08 02:00:00+00:00,30848
2022-05-08 03:00:00+00:00,30760
2022-05-08 04:00:00+00:00,30612
2022-05-08 05:00:00+00:00,30420
2022-05-08 06:00:00+00:00,30116
2022-05-08 07:00:00+00:00,31016
2022-05-08 08:00:00+00:00,30332
2022-05-08 09:00:00+00:00,28220
2022-05-08 10:00:00+00:00,26620
2022-05-08 11:00:00+00:00,25352
2022-05-08 12:00:00+00:00,24236
2022-05-08 13:00:00+00:00,23548
2022-05-08 14:00:00+00:00,23184
2022-05-08 15:00:00+00:00,23120
2022-05-08 16:00:00+00:00,24164
2022-05-08 17:00:00+00:00,26072
2022-05-08 18:00:00+00:00,26696
2022-05-08 19:00:00+00:00,28284
2022-05-08 20:00:00+00:00,29644
2022-05-08 21:00:00+00:00,30588
2022-05-08 22:00:00+00:00,31488
2022-05-08 23:00:00+00:00,32424
2022-05-09 00:00:00+00:00,32724
2022-05-09 01:00:00+00:00,32208
2022-05-09 02:00:00+00:00,31988
2022-05-09 03:00:00+00:00,31836
2022-05-09 04:00:00+00:00,31720
2022-05-09 05:00:00+00:00,31408
2022-05-09 06:00:00+00:00,30868
2022-05-09 07:00:00+00:00,31504
2022-05-09 08:00:00+00:00,30776
2022-05-09 09:00:00+00:00,28660
2022-05-09 10:00:00+00:00,27016
2022-05-09 11:00:00+00:00,25852
2022-05-09 12:00:00+00:00,24576
2022-05-09 13:00:00+00:00,23812
2022-05-09 14:00:00+00:00,23376
2022-05-09 15:00:00+00:00,23476
2022-05-09 16:00:00+00:00,24596
2022-05-09 17:00:00+00:00,26684
2022-05-09 18:00:00+00:00,27276
2022-05-09 19:00:00+00:00,28576
2022-05-09 20:00:00+00:00,30480
2022-05-09 21:00:00+00:00,31512
2022-05-09 22:00:00+00:00,32364
2022-05-09 23:00:00+00:00,33004
2022-05-10 00:00:00+00:00,33300
2022-05-10 01:00:00+00:00,32916
2022-05-10 02:00:00+00:00,32544
2022-05-10 03:00:00+00:00,32532
2022-05-10 04:00:00+00:00,32052
2022-05-10 05:00:00+00:00,31664
2022-05-10 06:00:00+00:00,31236
2022-05-10 07:00:00+00:00,32116
2022-05-10 08:00:00+00:00,30676
2022-05-10 09:00:00+00:00,28360
2022-05-10 10:00:00+00:00,26868
2022-05-10 11:00:00+00:00,25584
2022-05-10 12:00:00+00:00,24400
2022-05-10 13:00:00+00:00,23680
2022-05-10 14:00:00+00:00,23232
2022-05-10 15:00:00+00:00,23364
2022-05-10 16:00:00+00:00,24552
2022-05-10 17:00:00+00:00,26528
2022-05-10 18:00:00+00:00,27244
2022-05-10 19:00:00+00:00,28692
2022-05-10 20:00:00+00:00,29984
2022-05-10 21:00:00+00:00,30900
2022-05-10 22:00:00+00:00,31612
2022-05-10 23:00:00+00:00,32460
2022-05-11 00:00:00+00:00,32740
2022-05-11 01:00:00+00:00,32308
2022-05-11 02:00:00+00:00,32232
2022-05-11 03:00:00+00:00,32184
2022-05-11 04:00:00+00:00,32016
2022-05-11 05:00:00+00:00,31612
2022-05-11 06:00:00+00:00,31068
2022-05-11 07:00:00+00:00,31592
2022-05-11 08:00:00+00:00,30496
2022-05-11 09:00:00+00:00,28252
2022-05-11 10:00:00+00:00,26772
2022-05-11 11:00:00+00:00,25604
2022-05-11 12:00:00+00:00,24548
2022-05-11 13:00:00+00:00,23512
2022-05-11 14:00:00+00:00,23152
2022-05-11 15:00:00+00:00,23068
2022-05-11 16:00:00+00:00,24316
2022-05-11 17:00:00+00:00,26320
2022-05-11 18:00:00+00:00,26836
2022-05-11 19:00:00+00:00,28288
2022-05-11 20:00:00+00:00,29348
2022-05-11 21:00:00+00:00,30384
2022-05-11 22:00:00+00:00,31212
2022-05-11 23:00:00+00:00,31860
2022-05-12 00:00:00+00:00,32112
2022-05-12 01:00:00+00:00,31684
2022-05-12 02:00:00+00:00,31288
2022-05-12 03:00:00+00:00,31008
2022-05-12 04:00:00+00:00,30412
2022-05-12 05:00:00+00:00,30056
2022-05-12 06:00:00+00:00,29604
2022-05-12 07:00:00+00:00,30228
2022-05-12 08:00:00+00:00,29404
2022-05-12 09:00:00+00:00,27248
2022-05-12 10:00:00+00:00,25976
2022-05-12 11:00:00+00:00,24904
2022-05-12 12:00:00+00:00,23816
2022-05-12 13:00:00+00:00,23044
2022-05-12 14:00:00+00:00,22484
2022-05-12 15:00:00+00:00,22112
2022-05-12 16:00:00+00:00,22224
2022-05-12 17:00:00+00:00,22616
2022-05-12 18:00:00+00:00,22620
2022-05-12 19:00:00+00:00,24032
2022-05-12 20:00:00+00:00,25652
2022-05-12 21:00:00+00:00,26736
2022-05-12 22:00:00+00:00,27364
2022-05-12 23:00:00+00:00,28164
2022-05-13 00:00:00+00:00,28584
2022-05-13 01:00:00+00:00,28116
2022-05-13 02:00:00+00:00,27680
2022-05-13 03:00:00+00:00,27368
2022-05-13 04:00:00+00:00,27532
2022-05-13 05:00:00+00:00,27532
2022-05-13 06:00:00+00:00,27256
2022-05-13 07:00:00+00:00,28396
2022-05-13 08:00:00+00:00,27712
2022-05-13 09:00:00+00:00,25896
2022-05-13 10:00:00+00:00,24248
2022-05-13 11:00:00+00:00,23128
2022-05-13 12:00:00+00:00,21988
2022-05-13 13:00:00+00:00,21020
2022-05-13 14:00:00+00:00,20488
2022-05-13 15:00:00+00:00,20224
2022-05-13 16:00:00+00:00,20252
2022-05-13 17:00:00+00:00,20664
2022-05-13 18:00:00+00:00,20412
2022-05-13 19:00:00+00:00,21624
2022-05-13 20:00:00+00:00,22936
2022-05-13 21:00:00+00:00,24300
2022-05-13 22:00:00+00:00,24940
2022-05-13 23:00:00+00:00,25816
2022-05-14 00:00:00+00:00,26736
2022-05-14 01:00:00+00:00,26524
2022-05-14 02:00:00+00:00,25852
2022-05-14 03:00:00+00:00,25928
2022-05-14 04:00:00+00:00,25956
2022-05-14 05:00:00+00:00,26160
2022-05-14 06:00:00+00:00,26544
2022-05-14 07:00:00+00:00,27928
2022-05-14 08:00:00+00:00,28024
2022-05-14 09:00:00+00:00,26520
2022-05-14 10:00:00+00:00,25032
2022-05-14 11:00:00+00:00,23664
2022-05-14 12:00:00+00:00,22608
2022-05-14 13:00:00+00:00,21856
2022-05-14 14:00:00+00:00,21448
2022-05-14 15:00:00+00:00,21604
2022-05-14 16:00:00+00:00,23132
2022-05-14 17:00:00+00:00,25716
2022-05-14 18:00:00+00:00,27120
2022-05-14 19:00:00+00:00,28808
2022-05-14 20:00:00+00:00,30320
2022-05-14 21:00:00+00:00,31276
2022-05-14 22:00:00+00:00,32236
2022-05-14 23:00:00+00:00,33072
2022-05-15 00:00:00+00:00,33252
2022-05-15 01:00:00+00:00,32756
2022-05-15 02:00:00+00:00,32272
2022-05-15 03:00:00+00:00,32388
2022-05-15 04:00:00+00:00,32032
2022-05-15 05:00:00+00:00,31416
2022-05-15 06:00:00+00:00,30836
2022-05-15 07:00:00+00:00,32176
2022-05-15 08:00:00+00:00,30804
2022-05-15 09:00:00+00:00,28580
2022-05-15 10:00:00+00:00,27048
2022-05-15 11:00:00+00:00,25768
2022-05-15 12:00:00+00:00,24528
2022-05-15 13:00:00+00:00,23800
2022-05-15 14:00:00+00:00,23392
2022-05-15 15:00:00+00:00,23420
2022-05-15 16:00:00+00:00,24616
2022-05-15 17:00:00+00:00,27132
2022-05-15 18:00:00+00:00,28052
2022-05-15 19:00:00+00:00,29440
2022-05-15 20:00:00+00:00,30676
2022-05-15 21:00:00+00:00,31824
2022-05-15 22:00:00+00:00,32660
2022-05-15 23:00:00+00:00,33656
2022-05-16 00:00:00+00:00,34056
2022-05-16 01:00:00+00:00,33632
2022-05-16 02:00:00+00:00,33124
2022-05-16 03:00:00+00:00,32936
2022-05-16 04:00:00+00:00,32568
2022-05-16 05:00:00+00:00,31864
2022-05-16 06:00:00+00:00,31472
2022-05-16 07:00:00+00:00,32584
2022-05-16 08:00:00+00:00,30864
2022-05-16 09:00:00+00:00,28684
2022-05-16 10:00:00+00:00,26928
2022-05-16 11:00:00+00:00,25796
2022-05-16 12:00:00+00:00,24836
2022-05-16 13:00:00+00:00,23928
2022-05-16 14:00:00+00:00,23564
2022-05-16 15:00:00+00:00,23664
2022-05-16 16:00:00+00:00,24804
2022-05-16 17:00:00+00:00,27240
2022-05-16 18:00:00+00:00,28236
2022-05-16 19:00:00+00:00,29428
2022-05-16 20:00:00+00:00,30600
2022-05-16 21:00:00+00:00,31308
2022-05-16 22:00:00+00:00,31924
2022-05-16 23:00:00+00:00,32668
2022-05-17 00:00:00+00:00,32932
2022-05-17 01:00:00+00:00,32384
2022-05-17 02:00:00+00:00,32052
2022-05-17 03:00:00+00:00,31928
2022-05-17 04:00:00+00:00,31680
2022-05-17 05:00:00+00:00,30972
2022-05-17 06:00:00+00:00,30704
2022-05-17 07:00:00+00:00,31688
2022-05-17 08:00:00+00:00,30120
2022-05-17 09:00:00+00:00,27960
2022-05-17 10:00:00+00:00,26248
2022-05-17 11:00:00+00:00,24940
2022-05-17 12:00:00+00:00,23828
2022-05-17 13:00:00+00:00,23240
2022-05-17 14:00:00+00:00,22844
2022-05-17 15:00:00+00:00,22900
2022-05-17 16:00:00+00:00,24192
2022-05-17 17:00:00+00:00,26680
2022-05-17 18:00:00+00:00,27736
2022-05-17 19:00:00+00:00,28896
2022-05-17 20:00:00+00:00,30120
2022-05-17 21:00:00+00:00,30752
2022-05-17 22:00:00+00:00,31380
2022-05-17 23:00:00+00:00,32388
2022-05-18 00:00:00+00:00,32496
2022-05-18 01:00:00+00:00,31856
2022-05-18 02:00:00+00:00,31680
2022-05-18 03:00:00+00:00,31664
2022-05-18 04:00:00+00:00,31400
2022-05-18 05:00:00+00:00,30992
2022-05-18 06:00:00+00:00,30720
2022-05-18 07:00:00+00:00,31872
2022-05-18 08:00:00+00:00,30124
2022-05-18 09:00:00+00:00,27904
2022-05-18 10:00:00+00:00,26724
2022-05-18 11:00:00+00:00,25396
2022-05-18 12:00:00+00:00,24420
2022-05-18 13:00:00+00:00,23748
2022-05-18 14:00:00+00:00,23524
2022-05-18 15:00:00+00:00,23612
2022-05-18 16:00:00+00:00,24760
2022-05-18 17:00:00+00:00,27124
2022-05-18 18:00:00+00:00,28080
2022-05-18 19:00:00+00:00,29488
2022-05-18 20:00:00+00:00,30624
2022-05-18 21:00:00+00:00,31272
2022-05-18 22:00:00+00:00,31944
2022-05-18 23:00:00+00:00,32536
2022-05-19 00:00:00+00:00,32668
2022-05-19 01:00:00+00:00,31932
2022-05-19 02:00:00+00:00,31508
2022-05-19 03:00:00+00:00,31248
2022-05-19 04:00:00+00:00,30572
2022-05-19 05:00:00+00:00,30216
2022-05-19 06:00:00+00:00,29624
2022-05-19 07:00:00+00:00,30812
2022-05-19 08:00:00+00:00,28960
2022-05-19 09:00:00+00:00,26912
2022-05-19 10:00:00+00:00,25704
2022-05-19 11:00:00+00:00,24484
2022-05-19 12:00:00+00:00,23308
2022-05-19 13:00:00+00:00,22536
2022-05-19 14:00:00+00:00,22168
2022-05-19 15:00:00+00:00,21708
2022-05-19 16:00:00+00:00,21748
2022-05-19 17:00:00+00:00,22476
2022-05-19 18:00:00+00:00,22540
2022-05-19 19:00:00+00:00,24072
2022-05-19 20:00:00+00:00,25356
2022-05-19 21:00:00+00:00,26164
2022-05-19 22:00:00+00:00,26572
2022-05-19 23:00:00+00:00,26860
2022-05-20 00:00:00+00:00,27272
2022-05-20 01:00:00+00:00,26496
2022-05-20 02:00:00+00:00,25900
2022-05-20 03:00:00+00:00,25884
2022-05-20 04:00:00+00:00,25912
2022-05-20 05:00:00+00:00,25972
2022-05-20 06:00:00+00:00,26164
2022-05-20 07:00:00+00:00,27812
2022-05-20 08:00:00+00:00,26704
2022-05-20 09:00:00+00:00,24892
2022-05-20 10:00:00+00:00,23476
2022-05-20 11:00:00+00:00,22212
2022-05-20 12:00:00+00:00,21228
2022-05-20 13:00:00+00:00,20484
2022-05-20 14:00:00+00:00,20052
2022-05-20 15:00:00+00:00,19916
2022-05-20 16:00:00+00:00,20020
2022-05-20 17:00:00+00:00,20544
2022-05-20 18:00:00+00:00,20060
2022-05-20 19:00:00+00:00,21004
2022-05-20 20:00:00+00:00,21948
2022-05-20 21:00:00+00:00,22368
2022-05-20 22:00:00+00:00,23468
2022-05-20 23:00:00+00:00,24032
2022-05-21 00:00:00+00:00,25064
2022-05-21 01:00:00+00:00,24304
2022-05-21 02:00:00+00:00,23748
2022-05-21 03:00:00+00:00,23884
2022-05-21 04:00:00+00:00,24244
2022-05-21 05:00:00+00:00,24736
2022-05-21 06:00:00+00:00,25464
2022-05-21 07:00:00+00:00,27600
2022-05-21 08:00:00+00:00,27292
2022-05-21 09:00:00+00:00,25536
2022-05-21 10:00:00+00:00,23936
2022-05-21 11:00:00+00:00,22632
2022-05-21 12:00:00+00:00,21504
2022-05-21 13:00:00+00:00,21040
2022-05-21 14:00:00+00:00,20908
2022-05-21 15:00:00+00:00,21052
2022-05-21 16:00:00+00:00,22944
2022-05-21 17:00:00+00:00,26020
2022-05-21 18:00:00+00:00,27424
2022-05-21 19:00:00+00:00,28800
2022-05-21 20:00:00+00:00,29656
2022-05-21 21:00:00+00:00,30288
2022-05-21 22:00:00+00:00,31280
2022-05-21 23:00:00+00:00,31920
2022-05-22 00:00:00+00:00,31944
2022-05-22 01:00:00+00:00,31060
2022-05-22 02:00:00+00:00,30708
2022-05-22 03:00:00+00:00,30708
2022-05-22 04:00:00+00:00,30700
2022-05-22 05:00:00+00:00,30580
2022-05-22 06:00:00+00:00,30252
2022-05-22 07:00:00+00:00,32076
2022-05-22 08:00:00+00:00,30180
2022-05-22 09:00:00+00:00,27640
2022-05-22 10:00:00+00:00,25792
2022-05-22 11:00:00+00:00,24728
2022-05-22 12:00:00+00:00,23448
2022-05-22 13:00:00+00:00,22928
2022-05-22 14:00:00+00:00,22616
2022-05-22 15:00:00+00:00,22800
2022-05-22 16:00:00+00:00,23948
2022-05-22 17:00:00+00:00,26500
2022-05-22 18:00:00+00:00,27676
2022-05-22 19:00:00+00:00,28708
2022-05-22 20:00:00+00:00,29764
2022-05-22 21:00:00+00:00,30400
2022-05-22 22:00:00+00:00,31120
2022-05-22 23:00:00+00:00,31916
2022-05-23 00:00:00+00:00,31904
2022-05-23 01:00:00+00:00,31212
2022-05-23 02:00:00+00:00,31052
2022-05-23 03:00:00+00:00,31188
2022-05-23 04:00:00+00:00,31136
2022-05-23 05:00:00+00:00,30800
2022-05-23 06:00:00+00:00,30632
2022-05-23 07:00:00+00:00,32104
2022-05-23 08:00:00+00:00,29968
2022-05-23 09:00:00+00:00,27508
2022-05-23 10:00:00+00:00,25840
2022-05-23 11:00:00+00:00,24628
2022-05-23 12:00:00+00:00,23588
2022-05-23 13:00:00+00:00,22996
2022-05-23 14:00:00+00:00,22672
2022-05-23 15:00:00+00:00,22888
2022-05-23 16:00:00+00:00,24376
2022-05-23 17:00:00+00:00,27052
2022-05-23 18:00:00+00:00,28268
2022-05-23 19:00:00+00:00,29124
2022-05-23 20:00:00+00:00,30540
2022-05-23 21:00:00+00:00,31208
2022-05-23 22:00:00+00:00,31780
2022-05-23 23:00:00+00:00,32204
2022-05-24 00:00:00+00:00,32160
2022-05-24 01:00:00+00:00,31512
2022-05-24 02:00:00+00:00,31128
2022-05-24 03:00:00+00:00,31272
2022-05-24 04:00:00+00:00,30940
2022-05-24 05:00:00+00:00,30820
2022-05-24 06:00:00+00:00,30688
2022-05-24 07:00:00+00:00,32152
2022-05-24 08:00:00+00:00,29796
2022-05-24 09:00:00+00:00,27376
2022-05-24 10:00:00+00:00,25876
2022-05-24 11:00:00+00:00,24740
2022-05-24 12:00:00+00:00,23796
2022-05-24 13:00:00+00:00,23152
2022-05-24 14:00:00+00:00,22900
2022-05-24 15:00:00+00:00,22968
2022-05-24 16:00:00+00:00,24052
2022-05-24 17:00:00+00:00,26620
2022-05-24 18:00:00+00:00,27684
2022-05-24 19:00:00+00:00,28772
2022-05-24 20:00:00+00:00,29496
2022-05-24 21:00:00+00:00,30112
2022-05-24 22:00:00+00:00,30312
2022-05-24 23:00:00+00:00,30864
2022-05-25 00:00:00+00:00,30956
2022-05-25 01:00:00+00:00,30340
2022-05-25 02:00:00+00:00,30188
2022-05-25 03:00:00+00:00,30072
2022-05-25 04:00:00+00:00,30012
2022-05-25 05:00:00+00:00,30096
2022-05-25 06:00:00+00:00,30108
2022-05-25 07:00:00+00:00,31412
2022-05-25 08:00:00+00:00,29384
2022-05-25 09:00:00+00:00,27164
2022-05-25 10:00:00+00:00,25660
2022-05-25 11:00:00+00:00,24520
2022-05-25 12:00:00+00:00,23644
2022-05-25 13:00:00+00:00,23052
2022-05-25 14:00:00+00:00,22712
2022-05-25 15:00:00+00:00,22972
2022-05-25 16:00:00+00:00,24256
2022-05-25 17:00:00+00:00,26820
2022-05-25 18:00:00+00:00,28012
2022-05-25 19:00:00+00:00,29208
2022-05-25 20:00:00+00:00,30052
2022-05-25 21:00:00+00:00,31088
2022-05-25 22:00:00+00:00,31580
2022-05-25 23:00:00+00:00,31984
2022-05-26 00:00:00+00:00,31780
2022-05-26 01:00:00+00:00,31144
2022-05-26 02:00:00+00:00,30816
2022-05-26 03:00:00+00:00,30776
2022-05-26 04:00:00+00:00,30768
2022-05-26 05:00:00+00:00,30292
2022-05-26 06:00:00+00:00,29936
2022-05-26 07:00:00+00:00,31084
2022-05-26 08:00:00+00:00,28956
2022-05-26 09:00:00+00:00,27016
2022-05-26 10:00:00+00:00,25436
2022-05-26 11:00:00+00:00,24392
2022-05-26 12:00:00+00:00,23292
2022-05-26 13:00:00+00:00,22600
2022-05-26 14:00:00+00:00,22024
2022-05-26 15:00:00+00:00,21780
2022-05-26 16:00:00+00:00,21864
2022-05-26 17:00:00+00:00,22676
2022-05-26 18:00:00+00:00,22824
2022-05-26 19:00:00+00:00,24404
2022-05-26 20:00:00+00:00,25872
2022-05-26 21:00:00+00:00,26772
2022-05-26 22:00:00+00:00,27292
2022-05-26 23:00:00+00:00,27844
2022-05-27 00:00:00+00:00,28064
2022-05-27 01:00:00+00:00,27444
2022-05-27 02:00:00+00:00,26988
2022-05-27 03:00:00+00:00,27104
2022-05-27 04:00:00+00:00,27240
2022-05-27 05:00:00+00:00,27348
2022-05-27 06:00:00+00:00,27208
2022-05-27 07:00:00+00:00,28756
2022-05-27 08:00:00+00:00,27252
2022-05-27 09:00:00+00:00,25460
2022-05-27 10:00:00+00:00,23984
2022-05-27 11:00:00+00:00,22860
2022-05-27 12:00:00+00:00,21784
2022-05-27 13:00:00+00:00,20952
2022-05-27 14:00:00+00:00,20516
2022-05-27 15:00:00+00:00,20208
2022-05-27 16:00:00+00:00,20388
2022-05-27 17:00:00+00:00,20768
2022-05-27 18:00:00+00:00,20380
2022-05-27 19:00:00+00:00,21680
2022-05-27 20:00:00+00:00,23060
2022-05-27 21:00:00+00:00,24084
2022-05-27 22:00:00+00:00,24840
2022-05-27 23:00:00+00:00,25804
2022-05-28 00:00:00+00:00,26728
2022-05-28 01:00:00+00:00,26124
2022-05-28 02:00:00+00:00,25908
2022-05-28 03:00:00+00:00,25868
2022-05-28 04:00:00+00:00,26120
2022-05-28 05:00:00+00:00,26208
2022-05-28 06:00:00+00:00,26484
2022-05-28 07:00:00+00:00,28384
2022-05-28 08:00:00+00:00,27656
2022-05-28 09:00:00+00:00,26148
2022-05-28 10:00:00+00:00,24680
2022-05-28 11:00:00+00:00,23548
2022-05-28 12:00:00+00:00,22620
2022-05-28 13:00:00+00:00,22056
2022-05-28 14:00:00+00:00,21652
2022-05-28 15:00:00+00:00,21944
2022-05-28 16:00:00+00:00,23884
2022-05-28 17:00:00+00:00,27260
2022-05-28 18:00:00+00:00,28848
2022-05-28 19:00:00+00:00,30284
2022-05-28 20:00:00+00:00,31432
2022-05-28 21:00:00+00:00,32064
2022-05-28 22:00:00+00:00,32788
2022-05-28 23:00:00+00:00,33172
2022-05-29 00:00:00+00:00,33828
2022-05-29 01:00:00+00:00,32952
2022-05-29 02:00:00+00:00,33056
2022-05-29 03:00:00+00:00,33004
2022-05-29 04:00:00+00:00,32376
2022-05-29 05:00:00+00:00,31944
2022-05-29 06:00:00+00:00,32104
2022-05-29 07:00:00+00:00,33364
2022-05-29 08:00:00+00:00,30608
2022-05-29 09:00:00+00:00,28128
2022-05-29 10:00:00+00:00,26412
2022-05-29 11:00:00+00:00,25304
2022-05-29 12:00:00+00:00,24492
2022-05-29 13:00:00+00:00,23956
2022-05-29 14:00:00+00:00,23604
2022-05-29 15:00:00+00:00,23796
2022-05-29 16:00:00+00:00,25636
2022-05-29 17:00:00+00:00,28516
2022-05-29 18:00:00+00:00,30384
2022-05-29 19:00:00+00:00,31648
2022-05-29 20:00:00+00:00,32576
2022-05-29 21:00:00+00:00,32780
2022-05-29 22:00:00+00:00,32812
2022-05-29 23:00:00+00:00,33236
2022-05-30 00:00:00+00:00,32748
2022-05-30 01:00:00+00:00,31864
2022-05-30 02:00:00+00:00,31312
2022-05-30 03:00:00+00:00,30924
2022-05-30 04:00:00+00:00,30396
2022-05-30 05:00:00+00:00,30188
2022-05-30 06:00:00+00:00,30652
2022-05-30 07:00:00+00:00,31984
2022-05-30 08:00:00+00:00,29324
2022-05-30 09:00:00+00:00,26996
2022-05-30 10:00:00+00:00,25244
2022-05-30 11:00:00+00:00,24256
2022-05-30 12:00:00+00:00,23404
2022-05-30 13:00:00+00:00,22752
2022-05-30 14:00:00+00:00,22624
2022-05-30 15:00:00+00:00,22864
2022-05-30 16:00:00+00:00,24532
2022-05-30 17:00:00+00:00,27468
2022-05-30 18:00:00+00:00,29196
2022-05-30 19:00:00+00:00,30268
2022-05-30 20:00:00+00:00,30740
2022-05-30 21:00:00+00:00,30996
2022-05-30 22:00:00+00:00,31252
2022-05-30 23:00:00+00:00,31416
2022-05-31 00:00:00+00:00,31052
2022-05-31 01:00:00+00:00,30328
2022-05-31 02:00:00+00:00,29828
2022-05-31 03:00:00+00:00,29920
2022-05-31 04:00:00+00:00,29868
2022-05-31 05:00:00+00:00,29828
2022-05-31 06:00:00+00:00,30092
2022-05-31 07:00:00+00:00,31632
2022-05-31 08:00:00+00:00,29108
2022-05-31 09:00:00+00:00,26720
2022-05-31 10:00:00+00:00,25192
2022-05-31 11:00:00+00:00,24012
2022-05-31 12:00:00+00:00,23012
2022-05-31 13:00:00+00:00,22576
2022-05-31 14:00:00+00:00,22140
2022-05-31 15:00:00+00:00,22352
2022-05-31 16:00:00+00:00,23876
2022-05-31 17:00:00+00:00,26816
2022-05-31 18:00:00+00:00,28348
2022-05-31 19:00:00+00:00,29172
2022-05-31 20:00:00+00:00,30148
2022-05-31 21:00:00+00:00,30468
2022-05-31 22:00:00+00:00,30736
2022-05-31 23:00:00+00:00,31060
2022-06-01 00:00:00+00:00,31080
2022-06-01 01:00:00+00:00,30612
2022-06-01 02:00:00+00:00,30328
2022-06-01 03:00:00+00:00,30312
2022-06-01 04:00:00+00:00,29948
2022-06-01 05:00:00+00:00,29848
2022-06-01 06:00:00+00:00,30492
2022-06-01 07:00:00+00:00,31932
2022-06-01 08:00:00+00:00,29220
2022-06-01 09:00:00+00:00,26632
2022-06-01 10:00:00+00:00,25040
2022-06-01 11:00:00+00:00,24140
2022-06-01 12:00:00+00:00,23432
2022-06-01 13:00:00+00:00,22840
2022-06-01 14:00:00+00:00,22516
2022-06-01 15:00:00+00:00,22700
2022-06-01 16:00:00+00:00,24292
2022-06-01 17:00:00+00:00,27288
2022-06-01 18:00:00+00:00,28568
2022-06-01 19:00:00+00:00,29612
2022-06-01 20:00:00+00:00,30164
2022-06-01 21:00:00+00:00,30656
2022-06-01 22:00:00+00:00,30784
2022-06-01 23:00:00+00:00,31136
2022-06-02 00:00:00+00:00,30692
2022-06-02 01:00:00+00:00,29920
2022-06-02 02:00:00+00:00,29500
2022-06-02 03:00:00+00:00,29380
2022-06-02 04:00:00+00:00,29524
2022-06-02 05:00:00+00:00,29284
2022-06-02 06:00:00+00:00,29532
2022-06-02 07:00:00+00:00,30788
2022-06-02 08:00:00+00:00,28364
2022-06-02 09:00:00+00:00,26140
2022-06-02 10:00:00+00:00,24704
2022-06-02 11:00:00+00:00,23932
2022-06-02 12:00:00+00:00,22812
2022-06-02 13:00:00+00:00,22080
2022-06-02 14:00:00+00:00,21612
2022-06-02 15:00:00+00:00,21332
2022-06-02 16:00:00+00:00,21444
2022-06-02 17:00:00+00:00,22364
2022-06-02 18:00:00+00:00,22480
2022-06-02 19:00:00+00:00,23856
2022-06-02 20:00:00+00:00,24788
2022-06-02 21:00:00+00:00,25380
2022-06-02 22:00:00+00:00,25748
2022-06-02 23:00:00+00:00,25948
2022-06-03 00:00:00+00:00,25964
2022-06-03 01:00:00+00:00,25056
2022-06-03 02:00:00+00:00,24560
2022-06-03 03:00:00+00:00,24636
2022-06-03 04:00:00+00:00,24852
2022-06-03 05:00:00+00:00,24992
2022-06-03 06:00:00+00:00,25568
2022-06-03 07:00:00+00:00,27224
2022-06-03 08:00:00+00:00,25732
2022-06-03 09:00:00+00:00,23872
2022-06-03 10:00:00+00:00,22664
2022-06-03 11:00:00+00:00,21420
2022-06-03 12:00:00+00:00,20444
2022-06-03 13:00:00+00:00,19984
2022-06-03 14:00:00+00:00,19532
2022-06-03 15:00:00+00:00,19200
2022-06-03 16:00:00+00:00,19472
2022-06-03 17:00:00+00:00,19984
2022-06-03 18:00:00+00:00,19772
2022-06-03 19:00:00+00:00,20752
2022-06-03 20:00:00+00:00,22008
2022-06-03 21:00:00+00:00,22756
2022-06-03 22:00:00+00:00,23108
2022-06-03 23:00:00+00:00,23924
2022-06-04 00:00:00+00:00,24508
2022-06-04 01:00:00+00:00,23592
2022-06-04 02:00:00+00:00,22836
2022-06-04 03:00:00+00:00,22896
2022-06-04 04:00:00+00:00,23328
2022-06-04 05:00:00+00:00,23528
2022-06-04 06:00:00+00:00,24712
2022-06-04 07:00:00+00:00,26792
2022-06-04 08:00:00+00:00,25664
2022-06-04 09:00:00+00:00,24232
2022-06-04 10:00:00+00:00,22788
2022-06-04 11:00:00+00:00,21676
2022-06-04 12:00:00+00:00,20816
2022-06-04 13:00:00+00:00,20588
2022-06-04 14:00:00+00:00,20384
2022-06-04 15:00:00+00:00,20732
2022-06-04 16:00:00+00:00,22612
2022-06-04 17:00:00+00:00,26004
2022-06-04 18:00:00+00:00,27984
2022-06-04 19:00:00+00:00,28680
2022-06-04 20:00:00+00:00,29356
2022-06-04 21:00:00+00:00,29640
2022-06-04 22:00:00+00:00,30048
2022-06-04 23:00:00+00:00,30520
2022-06-05 00:00:00+00:00,30368
2022-06-05 01:00:00+00:00,29876
2022-06-05 02:00:00+00:00,29508
2022-06-05 03:00:00+00:00,29644
2022-06-05 04:00:00+00:00,29404
2022-06-05 05:00:00+00:00,29088
2022-06-05 06:00:00+00:00,29692
2022-06-05 07:00:00+00:00,30964
2022-06-05 08:00:00+00:00,28424
2022-06-05 09:00:00+00:00,26036
2022-06-05 10:00:00+00:00,24552
2022-06-05 11:00:00+00:00,23544
2022-06-05 12:00:00+00:00,22680
2022-06-05 13:00:00+00:00,22320
2022-06-05 14:00:00+00:00,22076
2022-06-05 15:00:00+00:00,22220
2022-06-05 16:00:00+00:00,23760
2022-06-05 17:00:00+00:00,26820
2022-06-05 18:00:00+00:00,28468
2022-06-05 19:00:00+00:00,29200
2022-06-05 20:00:00+00:00,29740
2022-06-05 21:00:00+00:00,29968
2022-06-05 22:00:00+00:00,30652
2022-06-05 23:00:00+00:00,30860
2022-06-06 00:00:00+00:00,30620
2022-06-06 01:00:00+00:00,30180
2022-06-06 02:00:00+00:00,30036
2022-06-06 03:00:00+00:00,30052
2022-06-06 04:00:00+00:00,29816
2022-06-06 05:00:00+00:00,29684
2022-06-06 06:00:00+00:00,30104
2022-06-06 07:00:00+00:00,31204
2022-06-06 08:00:00+00:00,28340
2022-06-06 09:00:00+00:00,26140
2022-06-06 10:00:00+00:00,24364
2022-06-06 11:00:00+00:00,23380
2022-06-06 12:00:00+00:00,22652
2022-06-06 13:00:00+00:00,22116
2022-06-06 14:00:00+00:00,21892
2022-06-06 15:00:00+00:00,22308
2022-06-06 16:00:00+00:00,23840
2022-06-06 17:00:00+00:00,26848
2022-06-06 18:00:00+00:00,28360
2022-06-06 19:00:00+00:00,28908
2022-06-06 20:00:00+00:00,29696
2022-06-06 21:00:00+00:00,29668
2022-06-06 22:00:00+00:00,30364
2022-06-06 23:00:00+00:00,30636
2022-06-07 00:00:00+00:00,30608
2022-06-07 01:00:00+00:00,29588
2022-06-07 02:00:00+00:00,29456
2022-06-07 03:00:00+00:00,29588
2022-06-07 04:00:00+00:00,29180
2022-06-07 05:00:00+00:00,29000
2022-06-07 06:00:00+00:00,29840
2022-06-07 07:00:00+00:00,31048
2022-06-07 08:00:00+00:00,28288
2022-06-07 09:00:00+00:00,26028
2022-06-07 10:00:00+00:00,24360
2022-06-07 11:00:00+00:00,23296
2022-06-07 12:00:00+00:00,22484
2022-06-07 13:00:00+00:00,21992
2022-06-07 14:00:00+00:00,21776
2022-06-07 15:00:00+00:00,22040
2022-06-07 16:00:00+00:00,23496
2022-06-07 17:00:00+00:00,26672
2022-06-07 18:00:00+00:00,28248
2022-06-07 19:00:00+00:00,28880
2022-06-07 20:00:00+00:00,29456
2022-06-07 21:00:00+00:00,29792
2022-06-07 22:00:00+00:00,30304
2022-06-07 23:00:00+00:00,30556
2022-06-08 00:00:00+00:00,30212
2022-06-08 01:00:00+00:00,29804
2022-06-08 02:00:00+00:00,29632
2022-06-08 03:00:00+00:00,29744
2022-06-08 04:00:00+00:00,29748
2022-06-08 05:00:00+00:00,29316
2022-06-08 06:00:00+00:00,30004
2022-06-08 07:00:00+00:00,30976
2022-06-08 08:00:00+00:00,28260
2022-06-08 09:00:00+00:00,25972
2022-06-08 10:00:00+00:00,24224
2022-06-08 11:00:00+00:00,23248
2022-06-08 12:00:00+00:00,22488
2022-06-08 13:00:00+00:00,22044
2022-06-08 14:00:00+00:00,21708
2022-06-08 15:00:00+00:00,21908
2022-06-08 16:00:00+00:00,23548
2022-06-08 17:00:00+00:00,26368
2022-06-08 18:00:00+00:00,28204
2022-06-08 19:00:00+00:00,28856
2022-06-08 20:00:00+00:00,29272
2022-06-08 21:00:00+00:00,29728
2022-06-08 22:00:00+00:00,30472
2022-06-08 23:00:00+00:00,30736
2022-06-09 00:00:00+00:00,30456
2022-06-09 01:00:00+00:00,29788
2022-06-09 02:00:00+00:00,29256
2022-06-09 03:00:00+00:00,29124
2022-06-09 04:00:00+00:00,28960
2022-06-09 05:00:00+00:00,28600
2022-06-09 06:00:00+00:00,29164
2022-06-09 07:00:00+00:00,29864
2022-06-09 08:00:00+00:00,27364
2022-06-09 09:00:00+00:00,25328
2022-06-09 10:00:00+00:00,24012
2022-06-09 11:00:00+00:00,23024
2022-06-09 12:00:00+00:00,21844
2022-06-09 13:00:00+00:00,21236
2022-06-09 14:00:00+00:00,20692
2022-06-09 15:00:00+00:00,20544
2022-06-09 16:00:00+00:00,20728
2022-06-09 17:00:00+00:00,21488
2022-06-09 18:00:00+00:00,22096
2022-06-09 19:00:00+00:00,23416
2022-06-09 20:00:00+00:00,24832
2022-06-09 21:00:00+00:00,25188
2022-06-09 22:00:00+00:00,25504
2022-06-09 23:00:00+00:00,25764
2022-06-10 00:00:00+00:00,25776
2022-06-10 01:00:00+00:00,24488
2022-06-10 02:00:00+00:00,23804
2022-06-10 03:00:00+00:00,23564
2022-06-10 04:00:00+00:00,23788
2022-06-10 05:00:00+00:00,24008
2022-06-10 06:00:00+00:00,25084
2022-06-10 07:00:00+00:00,26356
2022-06-10 08:00:00+00:00,24668
2022-06-10 09:00:00+00:00,22924
2022-06-10 10:00:00+00:00,21568
2022-06-10 11:00:00+00:00,20428
2022-06-10 12:00:00+00:00,19552
2022-06-10 13:00:00+00:00,18904
2022-06-10 14:00:00+00:00,18616
2022-06-10 15:00:00+00:00,18484
2022-06-10 16:00:00+00:00,18848
2022-06-10 17:00:00+00:00,19228
2022-06-10 18:00:00+00:00,19412
2022-06-10 19:00:00+00:00,20132
2022-06-10 20:00:00+00:00,21440
2022-06-10 21:00:00+00:00,22196
2022-06-10 22:00:00+00:00,22392
2022-06-10 23:00:00+00:00,22616
2022-06-11 00:00:00+00:00,23304
2022-06-11 01:00:00+00:00,22224
2022-06-11 02:00:00+00:00,21496
2022-06-11 03:00:00+00:00,21100
2022-06-11 04:00:00+00:00,21676
2022-06-11 05:00:00+00:00,22008
2022-06-11 06:00:00+00:00,23956
2022-06-11 07:00:00+00:00,25560
2022-06-11 08:00:00+00:00,24364
2022-06-11 09:00:00+00:00,22704
2022-06-11 10:00:00+00:00,21368
2022-06-11 11:00:00+00:00,20456
2022-06-11 12:00:00+00:00,19784
2022-06-11 13:00:00+00:00,19360
2022-06-11 14:00:00+00:00,19196
2022-06-11 15:00:00+00:00,19580
2022-06-11 16:00:00+00:00,21260
2022-06-11 17:00:00+00:00,24532
2022-06-11 18:00:00+00:00,26520
2022-06-11 19:00:00+00:00,27176
2022-06-11 20:00:00+00:00,27552
2022-06-11 21:00:00+00:00,27688
2022-06-11 22:00:00+00:00,27788
2022-06-11 23:00:00+00:00,28036
2022-06-12 00:00:00+00:00,27772
2022-06-12 01:00:00+00:00,26904
2022-06-12 02:00:00+00:00,26588
2022-06-12 03:00:00+00:00,26856
2022-06-12 04:00:00+00:00,27044
2022-06-12 05:00:00+00:00,26948
2022-06-12 06:00:00+00:00,28388
2022-06-12 07:00:00+00:00,29436
2022-06-12 08:00:00+00:00,26788
2022-06-12 09:00:00+00:00,24464
2022-06-12 10:00:00+00:00,23024
2022-06-12 11:00:00+00:00,22100
2022-06-12 12:00:00+00:00,21280
2022-06-12 13:00:00+00:00,20828
2022-06-12 14:00:00+00:00,20688
2022-06-12 15:00:00+00:00,20968
2022-06-12 16:00:00+00:00,22456
2022-06-12 17:00:00+00:00,25368
2022-06-12 18:00:00+00:00,27508
2022-06-12 19:00:00+00:00,28244
2022-06-12 20:00:00+00:00,28216
2022-06-12 21:00:00+00:00,28228
2022-06-12 22:00:00+00:00,28436
2022-06-12 23:00:00+00:00,28644
2022-06-13 00:00:00+00:00,28336
2022-06-13 01:00:00+00:00,27732
2022-06-13 02:00:00+00:00,27412
2022-06-13 03:00:00+00:00,27648
2022-06-13 04:00:00+00:00,27648
2022-06-13 05:00:00+00:00,27756
2022-06-13 06:00:00+00:00,28856
2022-06-13 07:00:00+00:00,30092
2022-06-13 08:00:00+00:00,27136
2022-06-13 09:00:00+00:00,24724
2022-06-13 10:00:00+00:00,23164
2022-06-13 11:00:00+00:00,22132
2022-06-13 12:00:00+00:00,21252
2022-06-13 13:00:00+00:00,20956
2022-06-13 14:00:00+00:00,20756
2022-06-13 15:00:00+00:00,21116
2022-06-13 16:00:00+00:00,22600
2022-06-13 17:00:00+00:00,25836
2022-06-13 18:00:00+00:00,27656
2022-06-13 19:00:00+00:00,28104
2022-06-13 20:00:00+00:00,28120
2022-06-13 21:00:00+00:00,28332
2022-06-13 22:00:00+00:00,28696
2022-06-13 23:00:00+00:00,28964
2022-06-14 00:00:00+00:00,28776
2022-06-14 01:00:00+00:00,28052
2022-06-14 02:00:00+00:00,27644
2022-06-14 03:00:00+00:00,27696
2022-06-14 04:00:00+00:00,27528
2022-06-14 05:00:00+00:00,27736
2022-06-14 06:00:00+00:00,29280
2022-06-14 07:00:00+00:00,29872
2022-06-14 08:00:00+00:00,27168
2022-06-14 09:00:00+00:00,24652
2022-06-14 10:00:00+00:00,23208
2022-06-14 11:00:00+00:00,22304
2022-06-14 12:00:00+00:00,21480
2022-06-14 13:00:00+00:00,20972
2022-06-14 14:00:00+00:00,20900
2022-06-14 15:00:00+00:00,21060
2022-06-14 16:00:00+00:00,22560
2022-06-14 17:00:00+00:00,25660
2022-06-14 18:00:00+00:00,27508
2022-06-14 19:00:00+00:00,28196
2022-06-14 20:00:00+00:00,28468
2022-06-14 21:00:00+00:00,28660
2022-06-14 22:00:00+00:00,29012
2022-06-14 23:00:00+00:00,29136
2022-06-15 00:00:00+00:00,28540
2022-06-15 01:00:00+00:00,27960
2022-06-15 02:00:00+00:00,27356
2022-06-15 03:00:00+00:00,27688
2022-06-15 04:00:00+00:00,27532
2022-06-15 05:00:00+00:00,27628
2022-06-15 06:00:00+00:00,29192
2022-06-15 07:00:00+00:00,29456
2022-06-15 08:00:00+00:00,26612
2022-06-15 09:00:00+00:00,24312
2022-06-15 10:00:00+00:00,22856
2022-06-15 11:00:00+00:00,22040
2022-06-15 12:00:00+00:00,21036
2022-06-15 13:00:00+00:00,20640
2022-06-15 14:00:00+00:00,20540
2022-06-15 15:00:00+00:00,20896
2022-06-15 16:00:00+00:00,22336
2022-06-15 17:00:00+00:00,25504
2022-06-15 18:00:00+00:00,27424
2022-06-15 19:00:00+00:00,27784
2022-06-15 20:00:00+00:00,27876
2022-06-15 21:00:00+00:00,27836
2022-06-15 22:00:00+00:00,28260
2022-06-15 23:00:00+00:00,28220
2022-06-16 00:00:00+00:00,27780
2022-06-16 01:00:00+00:00,26956
2022-06-16 02:00:00+00:00,26388
2022-06-16 03:00:00+00:00,26232
2022-06-16 04:00:00+00:00,26244
2022-06-16 05:00:00+00:00,26236
2022-06-16 06:00:00+00:00,27708
2022-06-16 07:00:00+00:00,28392
2022-06-16 08:00:00+00:00,26160
2022-06-16 09:00:00+00:00,23832
2022-06-16 10:00:00+00:00,22552
2022-06-16 11:00:00+00:00,21484
2022-06-16 12:00:00+00:00,20660
2022-06-16 13:00:00+00:00,20164
2022-06-16 14:00:00+00:00,19816
2022-06-16 15:00:00+00:00,19704
2022-06-16 16:00:00+00:00,20116
2022-06-16 17:00:00+00:00,20972
2022-06-16 18:00:00+00:00,21692
2022-06-16 19:00:00+00:00,22968
2022-06-16 20:00:00+00:00,24164
2022-06-16 21:00:00+00:00,24300
2022-06-16 22:00:00+00:00,24380
2022-06-16 23:00:00+00:00,24672
2022-06-17 00:00:00+00:00,24520
2022-06-17 01:00:00+00:00,23536
2022-06-17 02:00:00+00:00,22708
2022-06-17 03:00:00+00:00,22848
2022-06-17 04:00:00+00:00,23216
2022-06-17 05:00:00+00:00,23256
2022-06-17 06:00:00+00:00,24948
2022-06-17 07:00:00+00:00,25844
2022-06-17 08:00:00+00:00,24200
2022-06-17 09:00:00+00:00,22524
2022-06-17 10:00:00+00:00,21312
2022-06-17 11:00:00+00:00,19652
2022-06-17 12:00:00+00:00,19164
2022-06-17 13:00:00+00:00,18420
2022-06-17 14:00:00+00:00,18252
2022-06-17 15:00:00+00:00,18044
2022-06-17 16:00:00+00:00,18456
2022-06-17 17:00:00+00:00,18924
2022-06-17 18:00:00+00:00,19092
2022-06-17 19:00:00+00:00,19920
2022-06-17 20:00:00+00:00,21384
2022-06-17 21:00:00+00:00,21912
2022-06-17 22:00:00+00:00,22304
2022-06-17 23:00:00+00:00,22524
2022-06-18 00:00:00+00:00,23072
2022-06-18 01:00:00+00:00,22060
2022-06-18 02:00:00+00:00,21308
2022-06-18 03:00:00+00:00,21188
2022-06-18 04:00:00+00:00,21752
2022-06-18 05:00:00+00:00,22324
2022-06-18 06:00:00+00:00,24348
2022-06-18 07:00:00+00:00,25716
2022-06-18 08:00:00+00:00,24324
2022-06-18 09:00:00+00:00,22932
2022-06-18 10:00:00+00:00,21564
2022-06-18 11:00:00+00:00,20380
2022-06-18 12:00:00+00:00,19508
2022-06-18 13:00:00+00:00,19188
2022-06-18 14:00:00+00:00,19120
2022-06-18 15:00:00+00:00,19636
2022-06-18 16:00:00+00:00,21476
2022-06-18 17:00:00+00:00,24444
2022-06-18 18:00:00+00:00,27548
2022-06-18 19:00:00+00:00,27876
2022-06-18 20:00:00+00:00,27924
2022-06-18 21:00:00+00:00,27936
2022-06-18 22:00:00+00:00,28268
2022-06-18 23:00:00+00:00,28768
2022-06-19 00:00:00+00:00,28440
2022-06-19 01:00:00+00:00,27848
2022-06-19 02:00:00+00:00,27632
2022-06-19 03:00:00+00:00,27648
2022-06-19 04:00:00+00:00,27664
2022-06-19 05:00:00+00:00,27828
2022-06-19 06:00:00+00:00,29660
2022-06-19 07:00:00+00:00,30352
2022-06-19 08:00:00+00:00,27392
2022-06-19 09:00:00+00:00,24760
2022-06-19 10:00:00+00:00,23248
2022-06-19 11:00:00+00:00,22192
2022-06-19 12:00:00+00:00,21432
2022-06-19 13:00:00+00:00,20892
2022-06-19 14:00:00+00:00,20904
2022-06-19 15:00:00+00:00,21148
2022-06-19 16:00:00+00:00,22668
2022-06-19 17:00:00+00:00,25584
2022-06-19 18:00:00+00:00,27812
2022-06-19 19:00:00+00:00,28388
2022-06-19 20:00:00+00:00,28592
2022-06-19 21:00:00+00:00,28708
2022-06-19 22:00:00+00:00,28948
2022-06-19 23:00:00+00:00,29336
2022-06-20 00:00:00+00:00,28836
2022-06-20 01:00:00+00:00,28368
2022-06-20 02:00:00+00:00,28172
2022-06-20 03:00:00+00:00,28196
2022-06-20 04:00:00+00:00,28248
2022-06-20 05:00:00+00:00,28240
2022-06-20 06:00:00+00:00,30024
2022-06-20 07:00:00+00:00,30328
2022-06-20 08:00:00+00:00,27500
2022-06-20 09:00:00+00:00,25092
2022-06-20 10:00:00+00:00,23432
2022-06-20 11:00:00+00:00,22196
2022-06-20 12:00:00+00:00,21452
2022-06-20 13:00:00+00:00,20984
2022-06-20 14:00:00+00:00,20876
2022-06-20 15:00:00+00:00,21220
2022-06-20 16:00:00+00:00,22668
2022-06-20 17:00:00+00:00,25832
2022-06-20 18:00:00+00:00,27972
2022-06-20 19:00:00+00:00,28232
2022-06-20 20:00:00+00:00,28664
2022-06-20 21:00:00+00:00,28764
2022-06-20 22:00:00+00:00,29040
2022-06-20 23:00:00+00:00,28972
2022-06-21 00:00:00+00:00,28796
2022-06-21 01:00:00+00:00,28460
2022-06-21 02:00:00+00:00,28172
2022-06-21 03:00:00+00:00,28080
2022-06-21 04:00:00+00:00,28068
2022-06-21 05:00:00+00:00,27984
2022-06-21 06:00:00+00:00,29908
2022-06-21 07:00:00+00:00,30320
2022-06-21 08:00:00+00:00,27468
2022-06-21 09:00:00+00:00,24924
2022-06-21 10:00:00+00:00,23440
2022-06-21 11:00:00+00:00,22560
2022-06-21 12:00:00+00:00,21788
2022-06-21 13:00:00+00:00,21460
2022-06-21 14:00:00+00:00,21396
2022-06-21 15:00:00+00:00,21636
2022-06-21 16:00:00+00:00,23164
2022-06-21 17:00:00+00:00,26196
2022-06-21 18:00:00+00:00,28236
2022-06-21 19:00:00+00:00,28736
2022-06-21 20:00:00+00:00,28788
2022-06-21 21:00:00+00:00,31060
2022-06-21 22:00:00+00:00,29324
2022-06-21 23:00:00+00:00,29712
2022-06-22 00:00:00+00:00,29420
2022-06-22 01:00:00+00:00,28664
2022-06-22 02:00:00+00:00,28248
2022-06-22 03:00:00+00:00,28476
2022-06-22 04:00:00+00:00,28156
2022-06-22 05:00:00+00:00,28284
2022-06-22 06:00:00+00:00,30104
2022-06-22 07:00:00+00:00,30192
2022-06-22 08:00:00+00:00,27328
2022-06-22 09:00:00+00:00,25064
2022-06-22 10:00:00+00:00,23712
2022-06-22 11:00:00+00:00,22764
2022-06-22 12:00:00+00:00,21948
2022-06-22 13:00:00+00:00,21356
2022-06-22 14:00:00+00:00,21004
2022-06-22 15:00:00+00:00,21360
2022-06-22 16:00:00+00:00,22568
2022-06-22 17:00:00+00:00,25960
2022-06-22 18:00:00+00:00,28220
2022-06-22 19:00:00+00:00,28344
2022-06-22 20:00:00+00:00,28716
2022-06-22 21:00:00+00:00,29000
2022-06-22 22:00:00+00:00,29200
2022-06-22 23:00:00+00:00,29508
2022-06-23 00:00:00+00:00,29016
2022-06-23 01:00:00+00:00,28224
2022-06-23 02:00:00+00:00,27720
2022-06-23 03:00:00+00:00,27700
2022-06-23 04:00:00+00:00,27624
2022-06-23 05:00:00+00:00,27484
2022-06-23 06:00:00+00:00,29036
2022-06-23 07:00:00+00:00,29192
2022-06-23 08:00:00+00:00,26716
2022-06-23 09:00:00+00:00,24644
2022-06-23 10:00:00+00:00,23276
2022-06-23 11:00:00+00:00,22300
2022-06-23 12:00:00+00:00,21312
2022-06-23 13:00:00+00:00,20800
2022-06-23 14:00:00+00:00,20332
2022-06-23 15:00:00+00:00,20256
2022-06-23 16:00:00+00:00,20144
2022-06-23 17:00:00+00:00,21236
2022-06-23 18:00:00+00:00,22236
2022-06-23 19:00:00+00:00,23344
2022-06-23 20:00:00+00:00,24664
2022-06-23 21:00:00+00:00,25068
2022-06-23 22:00:00+00:00,25084
2022-06-23 23:00:00+00:00,25320
2022-06-24 00:00:00+00:00,25324
2022-06-24 01:00:00+00:00,24080
2022-06-24 02:00:00+00:00,23292
2022-06-24 03:00:00+00:00,23448
2022-06-24 04:00:00+00:00,23448
2022-06-24 05:00:00+00:00,23596
2022-06-24 06:00:00+00:00,25384
2022-06-24 07:00:00+00:00,25764
2022-06-24 08:00:00+00:00,24172
2022-06-24 09:00:00+00:00,22420
2022-06-24 10:00:00+00:00,21096
2022-06-24 11:00:00+00:00,20136
2022-06-24 12:00:00+00:00,19252
2022-06-24 13:00:00+00:00,18724
2022-06-24 14:00:00+00:00,18172
2022-06-24 15:00:00+00:00,18296
2022-06-24 16:00:00+00:00,18468
2022-06-24 17:00:00+00:00,18976
2022-06-24 18:00:00+00:00,19344
2022-06-24 19:00:00+00:00,19936
2022-06-24 20:00:00+00:00,21328
2022-06-24 21:00:00+00:00,22172
2022-06-24 22:00:00+00:00,22452
2022-06-24 23:00:00+00:00,22968
2022-06-25 00:00:00+00:00,23332
2022-06-25 01:00:00+00:00,21980
2022-06-25 02:00:00+00:00,21472
2022-06-25 03:00:00+00:00,21412
2022-06-25 04:00:00+00:00,21612
2022-06-25 05:00:00+00:00,22116
2022-06-25 06:00:00+00:00,24724
2022-06-25 07:00:00+00:00,25464
2022-06-25 08:00:00+00:00,24132
2022-06-25 09:00:00+00:00,22484
2022-06-25 10:00:00+00:00,21108
2022-06-25 11:00:00+00:00,20156
2022-06-25 12:00:00+00:00,19336
2022-06-25 13:00:00+00:00,19028
2022-06-25 14:00:00+00:00,18964
2022-06-25 15:00:00+00:00,19276
2022-06-25 16:00:00+00:00,21384
2022-06-25 17:00:00+00:00,24792
2022-06-25 18:00:00+00:00,27236
2022-06-25 19:00:00+00:00,27696
2022-06-25 20:00:00+00:00,28388
2022-06-25 21:00:00+00:00,28468
2022-06-25 22:00:00+00:00,28964
2022-06-25 23:00:00+00:00,29148
2022-06-26 00:00:00+00:00,28504
2022-06-26 01:00:00+00:00,27888
2022-06-26 02:00:00+00:00,27556
2022-06-26 03:00:00+00:00,27652
2022-06-26 04:00:00+00:00,27468
2022-06-26 05:00:00+00:00,27500
2022-06-26 06:00:00+00:00,29752
2022-06-26 07:00:00+00:00,29760
2022-06-26 08:00:00+00:00,27068
2022-06-26 09:00:00+00:00,24596
2022-06-26 10:00:00+00:00,23056
2022-06-26 11:00:00+00:00,22016
2022-06-26 12:00:00+00:00,21092
2022-06-26 13:00:00+00:00,20680
2022-06-26 14:00:00+00:00,20424
2022-06-26 15:00:00+00:00,20752
2022-06-26 16:00:00+00:00,22184
2022-06-26 17:00:00+00:00,25408
2022-06-26 18:00:00+00:00,27744
2022-06-26 19:00:00+00:00,28224
2022-06-26 20:00:00+00:00,28704
2022-06-26 21:00:00+00:00,28664
2022-06-26 22:00:00+00:00,28776
2022-06-26 23:00:00+00:00,29028
2022-06-27 00:00:00+00:00,28548
2022-06-27 01:00:00+00:00,27932
2022-06-27 02:00:00+00:00,27332
2022-06-27 03:00:00+00:00,27356
2022-06-27 04:00:00+00:00,27216
2022-06-27 05:00:00+00:00,27316
2022-06-27 06:00:00+00:00,29008
2022-06-27 07:00:00+00:00,28908
2022-06-27 08:00:00+00:00,26352
2022-06-27 09:00:00+00:00,24092
2022-06-27 10:00:00+00:00,22640
2022-06-27 11:00:00+00:00,21508
2022-06-27 12:00:00+00:00,20328
2022-06-27 13:00:00+00:00,19912
2022-06-27 14:00:00+00:00,19520
2022-06-27 15:00:00+00:00,19480
2022-06-27 16:00:00+00:00,19344
2022-06-27 17:00:00+00:00,20104
2022-06-27 18:00:00+00:00,20544
2022-06-27 19:00:00+00:00,21224
2022-06-27 20:00:00+00:00,22628
2022-06-27 21:00:00+00:00,23180
2022-06-27 22:00:00+00:00,23052
2022-06-27 23:00:00+00:00,23408
2022-06-28 00:00:00+00:00,23572
2022-06-28 01:00:00+00:00,22584
2022-06-28 02:00:00+00:00,21884
2022-06-28 03:00:00+00:00,21796
2022-06-28 04:00:00+00:00,21988
2022-06-28 05:00:00+00:00,22400
2022-06-28 06:00:00+00:00,24816
2022-06-28 07:00:00+00:00,25388
2022-06-28 08:00:00+00:00,24072
2022-06-28 09:00:00+00:00,22436
2022-06-28 10:00:00+00:00,21224
2022-06-28 11:00:00+00:00,20212
2022-06-28 12:00:00+00:00,19516
2022-06-28 13:00:00+00:00,19124
2022-06-28 14:00:00+00:00,19068
2022-06-28 15:00:00+00:00,19712
2022-06-28 16:00:00+00:00,21328
2022-06-28 17:00:00+00:00,24800
2022-06-28 18:00:00+00:00,27156
2022-06-28 19:00:00+00:00,27380
2022-06-28 20:00:00+00:00,27600
2022-06-28 21:00:00+00:00,27880
2022-06-28 22:00:00+00:00,27980
2022-06-28 23:00:00+00:00,28152
2022-06-29 00:00:00+00:00,27644
2022-06-29 01:00:00+00:00,27384
2022-06-29 02:00:00+00:00,27320
2022-06-29 03:00:00+00:00,27476
2022-06-29 04:00:00+00:00,27472
2022-06-29 05:00:00+00:00,27784
2022-06-29 06:00:00+00:00,29776
2022-06-29 07:00:00+00:00,29724
2022-06-29 08:00:00+00:00,27040
2022-06-29 09:00:00+00:00,24612
2022-06-29 10:00:00+00:00,22968
2022-06-29 11:00:00+00:00,21832
2022-06-29 12:00:00+00:00,21088
2022-06-29 13:00:00+00:00,20632
2022-06-29 14:00:00+00:00,20356
2022-06-29 15:00:00+00:00,20624
2022-06-29 16:00:00+00:00,22264
2022-06-29 17:00:00+00:00,25092
2022-06-29 18:00:00+00:00,27584
2022-06-29 19:00:00+00:00,27624
2022-06-29 20:00:00+00:00,27508
2022-06-29 21:00:00+00:00,28340
2022-06-29 22:00:00+00:00,28536
2022-06-29 23:00:00+00:00,28728
2022-06-30 00:00:00+00:00,28320
2022-06-30 01:00:00+00:00,27728
2022-06-30 02:00:00+00:00,27400
2022-06-30 03:00:00+00:00,27868
2022-06-30 04:00:00+00:00,27572
2022-06-30 05:00:00+00:00,27556
2022-06-30 06:00:00+00:00,29172
2022-06-30 07:00:00+00:00,29008
2022-06-30 08:00:00+00:00,26656
2022-06-30 09:00:00+00:00,24388
2022-06-30 10:00:00+00:00,22876
2022-06-30 11:00:00+00:00,21860
2022-06-30 12:00:00+00:00,20968
2022-06-30 13:00:00+00:00,20260
2022-06-30 14:00:00+00:00,19824
2022-06-30 15:00:00+00:00,19812
2022-06-30 16:00:00+00:00,19920
2022-06-30 17:00:00+00:00,20904
2022-06-30 18:00:00+00:00,21900
2022-06-30 19:00:00+00:00,22700
2022-06-30 20:00:00+00:00,23552
2022-06-30 21:00:00+00:00,23388
2022-06-30 22:00:00+00:00,23364
2022-06-30 23:00:00+00:00,23724
2022-07-01 00:00:00+00:00,23908
2022-07-01 01:00:00+00:00,22632
2022-07-01 02:00:00+00:00,22072
2022-07-01 03:00:00+00:00,22116
2022-07-01 04:00:00+00:00,23088
2022-07-01 05:00:00+00:00,23568
2022-07-01 06:00:00+00:00,25224
2022-07-01 07:00:00+00:00,25736
2022-07-01 08:00:00+00:00,24044
2022-07-01 09:00:00+00:00,22308
2022-07-01 10:00:00+00:00,20932
2022-07-01 11:00:00+00:00,19820
2022-07-01 12:00:00+00:00,18980
2022-07-01 13:00:00+00:00,18304
2022-07-01 14:00:00+00:00,18000
2022-07-01 15:00:00+00:00,17968
2022-07-01 16:00:00+00:00,18208
2022-07-01 17:00:00+00:00,18644
2022-07-01 18:00:00+00:00,19232
2022-07-01 19:00:00+00:00,19940
2022-07-01 20:00:00+00:00,21132
2022-07-01 21:00:00+00:00,21724
2022-07-01 22:00:00+00:00,22148
2022-07-01 23:00:00+00:00,22564
2022-07-02 00:00:00+00:00,23336
2022-07-02 01:00:00+00:00,22460
2022-07-02 02:00:00+00:00,21704
2022-07-02 03:00:00+00:00,21484
2022-07-02 04:00:00+00:00,21716
2022-07-02 05:00:00+00:00,22536
2022-07-02 06:00:00+00:00,25256
2022-07-02 07:00:00+00:00,25568
2022-07-02 08:00:00+00:00,24196
2022-07-02 09:00:00+00:00,22436
2022-07-02 10:00:00+00:00,21028
2022-07-02 11:00:00+00:00,20156
2022-07-02 12:00:00+00:00,19456
2022-07-02 13:00:00+00:00,18888
2022-07-02 14:00:00+00:00,18792
2022-07-02 15:00:00+00:00,19120
2022-07-02 16:00:00+00:00,21212
2022-07-02 17:00:00+00:00,24876
2022-07-02 18:00:00+00:00,27460
2022-07-02 19:00:00+00:00,27836
2022-07-02 20:00:00+00:00,28196
2022-07-02 21:00:00+00:00,28512
2022-07-02 22:00:00+00:00,28860
2022-07-02 23:00:00+00:00,28936
2022-07-03 00:00:00+00:00,28604
2022-07-03 01:00:00+00:00,27988
2022-07-03 02:00:00+00:00,27584
2022-07-03 03:00:00+00:00,27764
2022-07-03 04:00:00+00:00,27528
2022-07-03 05:00:00+00:00,27708
2022-07-03 06:00:00+00:00,29932
2022-07-03 07:00:00+00:00,29900
2022-07-03 08:00:00+00:00,26844
2022-07-03 09:00:00+00:00,24504
2022-07-03 10:00:00+00:00,22988
2022-07-03 11:00:00+00:00,22144
2022-07-03 12:00:00+00:00,21408
2022-07-03 13:00:00+00:00,20896
2022-07-03 14:00:00+00:00,20684
2022-07-03 15:00:00+00:00,21184
2022-07-03 16:00:00+00:00,22608
2022-07-03 17:00:00+00:00,25736
2022-07-03 18:00:00+00:00,28216
2022-07-03 19:00:00+00:00,28472
2022-07-03 20:00:00+00:00,28328
2022-07-03 21:00:00+00:00,28448
2022-07-03 22:00:00+00:00,28664
2022-07-03 23:00:00+00:00,29428
2022-07-04 00:00:00+00:00,28856
2022-07-04 01:00:00+00:00,28444
2022-07-04 02:00:00+00:00,28100
2022-07-04 03:00:00+00:00,28240
2022-07-04 04:00:00+00:00,28252
2022-07-04 05:00:00+00:00,28512
2022-07-04 06:00:00+00:00,30476
2022-07-04 07:00:00+00:00,30376
2022-07-04 08:00:00+00:00,27480
2022-07-04 09:00:00+00:00,25048
2022-07-04 10:00:00+00:00,23608
2022-07-04 11:00:00+00:00,22604
2022-07-04 12:00:00+00:00,21788
2022-07-04 13:00:00+00:00,21292
2022-07-04 14:00:00+00:00,21200
2022-07-04 15:00:00+00:00,21600
2022-07-04 16:00:00+00:00,23312
2022-07-04 17:00:00+00:00,26464
2022-07-04 18:00:00+00:00,28800
2022-07-04 19:00:00+00:00,29284
2022-07-04 20:00:00+00:00,29572
2022-07-04 21:00:00+00:00,29636
2022-07-04 22:00:00+00:00,29764
2022-07-04 23:00:00+00:00,30188
2022-07-05 00:00:00+00:00,29740
2022-07-05 01:00:00+00:00,29104
2022-07-05 02:00:00+00:00,28884
2022-07-05 03:00:00+00:00,28676
2022-07-05 04:00:00+00:00,28576
2022-07-05 05:00:00+00:00,28800
2022-07-05 06:00:00+00:00,30956
2022-07-05 07:00:00+00:00,30760
2022-07-05 08:00:00+00:00,27816
2022-07-05 09:00:00+00:00,25380
2022-07-05 10:00:00+00:00,23816
2022-07-05 11:00:00+00:00,22644
2022-07-05 12:00:00+00:00,21772
2022-07-05 13:00:00+00:00,21224
2022-07-05 14:00:00+00:00,21080
2022-07-05 15:00:00+00:00,21552
2022-07-05 16:00:00+00:00,23100
2022-07-05 17:00:00+00:00,26164
2022-07-05 18:00:00+00:00,28836
2022-07-05 19:00:00+00:00,29364
2022-07-05 20:00:00+00:00,29680
2022-07-05 21:00:00+00:00,29904
2022-07-05 22:00:00+00:00,30372
2022-07-05 23:00:00+00:00,30660
2022-07-06 00:00:00+00:00,30164
2022-07-06 01:00:00+00:00,29648
2022-07-06 02:00:00+00:00,29144
2022-07-06 03:00:00+00:00,28776
2022-07-06 04:00:00+00:00,28848
2022-07-06 05:00:00+00:00,29044
2022-07-06 06:00:00+00:00,31016
2022-07-06 07:00:00+00:00,30716
2022-07-06 08:00:00+00:00,27668
2022-07-06 09:00:00+00:00,25356
2022-07-06 10:00:00+00:00,23832
2022-07-06 11:00:00+00:00,22912
2022-07-06 12:00:00+00:00,22104
2022-07-06 13:00:00+00:00,21452
2022-07-06 14:00:00+00:00,21184
2022-07-06 15:00:00+00:00,21716
2022-07-06 16:00:00+00:00,23180
2022-07-06 17:00:00+00:00,26276
2022-07-06 18:00:00+00:00,28916
2022-07-06 19:00:00+00:00,29176
2022-07-06 20:00:00+00:00,29460
2022-07-06 21:00:00+00:00,29408
2022-07-06 22:00:00+00:00,29456
2022-07-06 23:00:00+00:00,29772
2022-07-07 00:00:00+00:00,29084
2022-07-07 01:00:00+00:00,28544
2022-07-07 02:00:00+00:00,28008
2022-07-07 03:00:00+00:00,27796
2022-07-07 04:00:00+00:00,27548
2022-07-07 05:00:00+00:00,27732
2022-07-07 06:00:00+00:00,29592
2022-07-07 07:00:00+00:00,29188
2022-07-07 08:00:00+00:00,26512
2022-07-07 09:00:00+00:00,24428
2022-07-07 10:00:00+00:00,22876
2022-07-07 11:00:00+00:00,21952
2022-07-07 12:00:00+00:00,20984
2022-07-07 13:00:00+00:00,20336
2022-07-07 14:00:00+00:00,19992
2022-07-07 15:00:00+00:00,19724
2022-07-07 16:00:00+00:00,20068
2022-07-07 17:00:00+00:00,21024
2022-07-07 18:00:00+00:00,22192
2022-07-07 19:00:00+00:00,23308
2022-07-07 20:00:00+00:00,24520
2022-07-07 21:00:00+00:00,24900
2022-07-07 22:00:00+00:00,24952
2022-07-07 23:00:00+00:00,24696
2022-07-08 00:00:00+00:00,24964
2022-07-08 01:00:00+00:00,24208
2022-07-08 02:00:00+00:00,23412
2022-07-08 03:00:00+00:00,23056
2022-07-08 04:00:00+00:00,23432
2022-07-08 05:00:00+00:00,23800
2022-07-08 06:00:00+00:00,25808
2022-07-08 07:00:00+00:00,25860
2022-07-08 08:00:00+00:00,24280
2022-07-08 09:00:00+00:00,22336
2022-07-08 10:00:00+00:00,21192
2022-07-08 11:00:00+00:00,20036
2022-07-08 12:00:00+00:00,19184
2022-07-08 13:00:00+00:00,18776
2022-07-08 14:00:00+00:00,18388
2022-07-08 15:00:00+00:00,18284
2022-07-08 16:00:00+00:00,18608
2022-07-08 17:00:00+00:00,19160
2022-07-08 18:00:00+00:00,19828
2022-07-08 19:00:00+00:00,20532
2022-07-08 20:00:00+00:00,21936
2022-07-08 21:00:00+00:00,22788
2022-07-08 22:00:00+00:00,23320
2022-07-08 23:00:00+00:00,23372
2022-07-09 00:00:00+00:00,23808
2022-07-09 01:00:00+00:00,22980
2022-07-09 02:00:00+00:00,21756
2022-07-09 03:00:00+00:00,21564
2022-07-09 04:00:00+00:00,21876
2022-07-09 05:00:00+00:00,22824
2022-07-09 06:00:00+00:00,25488
2022-07-09 07:00:00+00:00,25872
2022-07-09 08:00:00+00:00,24548
2022-07-09 09:00:00+00:00,22616
2022-07-09 10:00:00+00:00,21072
2022-07-09 11:00:00+00:00,20316
2022-07-09 12:00:00+00:00,19600
2022-07-09 13:00:00+00:00,19140
2022-07-09 14:00:00+00:00,19180
2022-07-09 15:00:00+00:00,19612
2022-07-09 16:00:00+00:00,21400
2022-07-09 17:00:00+00:00,24696
2022-07-09 18:00:00+00:00,27516
2022-07-09 19:00:00+00:00,27928
2022-07-09 20:00:00+00:00,28020
2022-07-09 21:00:00+00:00,28136
2022-07-09 22:00:00+00:00,28096
2022-07-09 23:00:00+00:00,28152
2022-07-10 00:00:00+00:00,27924
2022-07-10 01:00:00+00:00,27472
2022-07-10 02:00:00+00:00,27336
2022-07-10 03:00:00+00:00,27380
2022-07-10 04:00:00+00:00,27424
2022-07-10 05:00:00+00:00,27984
2022-07-10 06:00:00+00:00,30428
2022-07-10 07:00:00+00:00,29984
2022-07-10 08:00:00+00:00,27132
2022-07-10 09:00:00+00:00,24544
2022-07-10 10:00:00+00:00,22956
2022-07-10 11:00:00+00:00,22040
2022-07-10 12:00:00+00:00,21168
2022-07-10 13:00:00+00:00,20632
2022-07-10 14:00:00+00:00,20440
2022-07-10 15:00:00+00:00,20708
2022-07-10 16:00:00+00:00,22300
2022-07-10 17:00:00+00:00,25356
2022-07-10 18:00:00+00:00,27948
2022-07-10 19:00:00+00:00,28240
2022-07-10 20:00:00+00:00,28524
2022-07-10 21:00:00+00:00,28632
2022-07-10 22:00:00+00:00,28636
2022-07-10 23:00:00+00:00,29212
2022-07-11 00:00:00+00:00,28636
2022-07-11 01:00:00+00:00,28096
2022-07-11 02:00:00+00:00,27748
2022-07-11 03:00:00+00:00,27916
2022-07-11 04:00:00+00:00,27940
2022-07-11 05:00:00+00:00,28524
2022-07-11 06:00:00+00:00,30536
2022-07-11 07:00:00+00:00,30316
2022-07-11 08:00:00+00:00,27672
2022-07-11 09:00:00+00:00,24896
2022-07-11 10:00:00+00:00,23336
2022-07-11 11:00:00+00:00,22252
2022-07-11 12:00:00+00:00,21512
2022-07-11 13:00:00+00:00,21056
2022-07-11 14:00:00+00:00,20816
2022-07-11 15:00:00+00:00,21072
2022-07-11 16:00:00+00:00,22580
2022-07-11 17:00:00+00:00,25732
2022-07-11 18:00:00+00:00,28492
2022-07-11 19:00:00+00:00,28748
2022-07-11 20:00:00+00:00,28912
2022-07-11 21:00:00+00:00,28776
2022-07-11 22:00:00+00:00,28812
2022-07-11 23:00:00+00:00,29216
2022-07-12 00:00:00+00:00,28528
2022-07-12 01:00:00+00:00,28216
2022-07-12 02:00:00+00:00,28020
2022-07-12 03:00:00+00:00,28064
2022-07-12 04:00:00+00:00,27776
2022-07-12 05:00:00+00:00,28704
2022-07-12 06:00:00+00:00,30704
2022-07-12 07:00:00+00:00,30308
2022-07-12 08:00:00+00:00,27344
2022-07-12 09:00:00+00:00,24808
2022-07-12 10:00:00+00:00,23316
2022-07-12 11:00:00+00:00,22196
2022-07-12 12:00:00+00:00,21436
2022-07-12 13:00:00+00:00,21008
2022-07-12 14:00:00+00:00,20640
2022-07-12 15:00:00+00:00,20928
2022-07-12 16:00:00+00:00,22476
2022-07-12 17:00:00+00:00,25628
2022-07-12 18:00:00+00:00,28316
2022-07-12 19:00:00+00:00,28604
2022-07-12 20:00:00+00:00,28540
2022-07-12 21:00:00+00:00,28380
2022-07-12 22:00:00+00:00,28392
2022-07-12 23:00:00+00:00,28688
2022-07-13 00:00:00+00:00,28408
2022-07-13 01:00:00+00:00,28040
2022-07-13 02:00:00+00:00,27776
2022-07-13 03:00:00+00:00,27932
2022-07-13 04:00:00+00:00,27756
2022-07-13 05:00:00+00:00,28384
2022-07-13 06:00:00+00:00,30296
2022-07-13 07:00:00+00:00,30064
2022-07-13 08:00:00+00:00,27228
2022-07-13 09:00:00+00:00,24860
2022-07-13 10:00:00+00:00,23124
2022-07-13 11:00:00+00:00,22052
2022-07-13 12:00:00+00:00,21276
2022-07-13 13:00:00+00:00,20832
2022-07-13 14:00:00+00:00,20528
2022-07-13 15:00:00+00:00,20836
2022-07-13 16:00:00+00:00,22516
2022-07-13 17:00:00+00:00,25552
2022-07-13 18:00:00+00:00,28184
2022-07-13 19:00:00+00:00,28048
2022-07-13 20:00:00+00:00,28140
2022-07-13 21:00:00+00:00,28268
2022-07-13 22:00:00+00:00,28176
2022-07-13 23:00:00+00:00,28432
2022-07-14 00:00:00+00:00,27976
2022-07-14 01:00:00+00:00,27472
2022-07-14 02:00:00+00:00,27212
2022-07-14 03:00:00+00:00,27108
2022-07-14 04:00:00+00:00,26976
2022-07-14 05:00:00+00:00,27500
2022-07-14 06:00:00+00:00,28940
2022-07-14 07:00:00+00:00,28632
2022-07-14 08:00:00+00:00,26040
2022-07-14 09:00:00+00:00,24116
2022-07-14 10:00:00+00:00,22584
2022-07-14 11:00:00+00:00,21468
2022-07-14 12:00:00+00:00,20420
2022-07-14 13:00:00+00:00,19908
2022-07-14 14:00:00+00:00,19524
2022-07-14 15:00:00+00:00,19368
2022-07-14 16:00:00+00:00,19656
2022-07-14 17:00:00+00:00,20660
2022-07-14 18:00:00+00:00,22112
2022-07-14 19:00:00+00:00,22944
2022-07-14 20:00:00+00:00,24216
2022-07-14 21:00:00+00:00,24100
2022-07-14 22:00:00+00:00,24060
2022-07-14 23:00:00+00:00,24320
2022-07-15 00:00:00+00:00,24392
2022-07-15 01:00:00+00:00,23268
2022-07-15 02:00:00+00:00,22688
2022-07-15 03:00:00+00:00,22660
2022-07-15 04:00:00+00:00,22688
2022-07-15 05:00:00+00:00,23572
2022-07-15 06:00:00+00:00,25224
2022-07-15 07:00:00+00:00,25352
2022-07-15 08:00:00+00:00,23844
2022-07-15 09:00:00+00:00,22092
2022-07-15 10:00:00+00:00,21000
2022-07-15 11:00:00+00:00,19668
2022-07-15 12:00:00+00:00,18808
2022-07-15 13:00:00+00:00,18420
2022-07-15 14:00:00+00:00,17948
2022-07-15 15:00:00+00:00,17828
2022-07-15 16:00:00+00:00,17796
2022-07-15 17:00:00+00:00,18092
2022-07-15 18:00:00+00:00,18864
2022-07-15 19:00:00+00:00,19124
2022-07-15 20:00:00+00:00,20720
2022-07-15 21:00:00+00:00,21576
2022-07-15 22:00:00+00:00,21832
2022-07-15 23:00:00+00:00,22000
2022-07-16 00:00:00+00:00,22380
2022-07-16 01:00:00+00:00,22644
2022-07-16 02:00:00+00:00,21796
2022-07-16 03:00:00+00:00,20884
2022-07-16 04:00:00+00:00,21020
2022-07-16 05:00:00+00:00,21924
2022-07-16 06:00:00+00:00,23760
2022-07-16 07:00:00+00:00,24332
2022-07-16 08:00:00+00:00,24252
2022-07-16 09:00:00+00:00,22712
2022-07-16 10:00:00+00:00,21116
2022-07-16 11:00:00+00:00,19924
2022-07-16 12:00:00+00:00,18860
2022-07-16 13:00:00+00:00,18256
2022-07-16 14:00:00+00:00,17844
2022-07-16 15:00:00+00:00,17696
2022-07-16 16:00:00+00:00,18188
2022-07-16 17:00:00+00:00,19544
2022-07-16 18:00:00+00:00,21672
2022-07-16 19:00:00+00:00,23052
2022-07-16 20:00:00+00:00,24400
2022-07-16 21:00:00+00:00,25180
2022-07-16 22:00:00+00:00,25300
2022-07-16 23:00:00+00:00,25428
2022-07-17 00:00:00+00:00,26120
2022-07-17 01:00:00+00:00,26680
2022-07-17 02:00:00+00:00,25580
2022-07-17 03:00:00+00:00,25056
2022-07-17 04:00:00+00:00,25104
2022-07-17 05:00:00+00:00,25780
2022-07-17 06:00:00+00:00,26688
2022-07-17 07:00:00+00:00,26592
2022-07-17 08:00:00+00:00,26116
2022-07-17 09:00:00+00:00,24100
2022-07-17 10:00:00+00:00,22224
2022-07-17 11:00:00+00:00,21064
2022-07-17 12:00:00+00:00,20092
2022-07-17 13:00:00+00:00,19220
2022-07-17 14:00:00+00:00,18764
2022-07-17 15:00:00+00:00,18540
2022-07-17 16:00:00+00:00,18484
2022-07-17 17:00:00+00:00,18604
2022-07-17 18:00:00+00:00,19284
2022-07-17 19:00:00+00:00,19312
2022-07-17 20:00:00+00:00,20396
2022-07-17 21:00:00+00:00,21304
2022-07-17 22:00:00+00:00,21572
2022-07-17 23:00:00+00:00,21584
2022-07-18 00:00:00+00:00,22068
2022-07-18 01:00:00+00:00,22544
2022-07-18 02:00:00+00:00,21640
2022-07-18 03:00:00+00:00,21176
2022-07-18 04:00:00+00:00,21084
2022-07-18 05:00:00+00:00,22252
2022-07-18 06:00:00+00:00,24284
2022-07-18 07:00:00+00:00,24948
2022-07-18 08:00:00+00:00,24984
2022-07-18 09:00:00+00:00,23556
2022-07-18 10:00:00+00:00,21988
2022-07-18 11:00:00+00:00,20824
2022-07-18 12:00:00+00:00,19804
2022-07-18 13:00:00+00:00,19196
2022-07-18 14:00:00+00:00,18800
2022-07-18 15:00:00+00:00,18784
2022-07-18 16:00:00+00:00,19208
2022-07-18 17:00:00+00:00,21232
2022-07-18 18:00:00+00:00,24696
2022-07-18 19:00:00+00:00,26548
2022-07-18 20:00:00+00:00,26888
2022-07-18 21:00:00+00:00,26632
2022-07-18 22:00:00+00:00,26520
2022-07-18 23:00:00+00:00,27136
2022-07-19 00:00:00+00:00,27468
2022-07-19 01:00:00+00:00,27432
2022-07-19 02:00:00+00:00,27312
2022-07-19 03:00:00+00:00,27456
2022-07-19 04:00:00+00:00,27280
2022-07-19 05:00:00+00:00,27788
2022-07-19 06:00:00+00:00,29260
2022-07-19 07:00:00+00:00,29640
2022-07-19 08:00:00+00:00,29312
2022-07-19 09:00:00+00:00,26700
2022-07-19 10:00:00+00:00,24328
2022-07-19 11:00:00+00:00,22820
2022-07-19 12:00:00+00:00,21788
2022-07-19 13:00:00+00:00,21092
2022-07-19 14:00:00+00:00,20708
2022-07-19 15:00:00+00:00,20432
2022-07-19 16:00:00+00:00,20804
2022-07-19 17:00:00+00:00,22320
2022-07-19 18:00:00+00:00,25556
2022-07-19 19:00:00+00:00,27192
2022-07-19 20:00:00+00:00,27888
2022-07-19 21:00:00+00:00,27968
2022-07-19 22:00:00+00:00,28028
2022-07-19 23:00:00+00:00,28252
2022-07-20 00:00:00+00:00,28664
2022-07-20 01:00:00+00:00,28268
2022-07-20 02:00:00+00:00,27828
2022-07-20 03:00:00+00:00,27412
2022-07-20 04:00:00+00:00,27408
2022-07-20 05:00:00+00:00,28252
2022-07-20 06:00:00+00:00,29408
2022-07-20 07:00:00+00:00,29664
2022-07-20 08:00:00+00:00,29208
2022-07-20 09:00:00+00:00,26768
2022-07-20 10:00:00+00:00,24340
2022-07-20 11:00:00+00:00,23036
2022-07-20 12:00:00+00:00,22020
2022-07-20 13:00:00+00:00,21132
2022-07-20 14:00:00+00:00,20664
2022-07-20 15:00:00+00:00,20480
2022-07-20 16:00:00+00:00,20804
2022-07-20 17:00:00+00:00,22604
2022-07-20 18:00:00+00:00,25716
2022-07-20 19:00:00+00:00,27288
2022-07-20 20:00:00+00:00,27920
2022-07-20 21:00:00+00:00,27908
2022-07-20 22:00:00+00:00,27952
2022-07-20 23:00:00+00:00,28168
2022-07-21 00:00:00+00:00,28412
2022-07-21 01:00:00+00:00,28004
2022-07-21 02:00:00+00:00,27456
2022-07-21 03:00:00+00:00,27216
2022-07-21 04:00:00+00:00,27196
2022-07-21 05:00:00+00:00,27944
2022-07-21 06:00:00+00:00,29092
2022-07-21 07:00:00+00:00,29132
2022-07-21 08:00:00+00:00,28688
2022-07-21 09:00:00+00:00,26436
2022-07-21 10:00:00+00:00,24256
2022-07-21 11:00:00+00:00,22780
2022-07-21 12:00:00+00:00,21612
2022-07-21 13:00:00+00:00,20508
2022-07-21 14:00:00+00:00,20052
2022-07-21 15:00:00+00:00,19748
2022-07-21 16:00:00+00:00,19652
2022-07-21 17:00:00+00:00,19828
2022-07-21 18:00:00+00:00,20656
2022-07-21 19:00:00+00:00,21168
2022-07-21 20:00:00+00:00,22668
2022-07-21 21:00:00+00:00,23588
2022-07-21 22:00:00+00:00,23828
2022-07-21 23:00:00+00:00,23640
2022-07-22 00:00:00+00:00,24004
2022-07-22 01:00:00+00:00,23992
2022-07-22 02:00:00+00:00,23120
2022-07-22 03:00:00+00:00,22556
2022-07-22 04:00:00+00:00,22272
2022-07-22 05:00:00+00:00,23484
2022-07-22 06:00:00+00:00,24892
2022-07-22 07:00:00+00:00,25244
2022-07-22 08:00:00+00:00,25356
2022-07-22 09:00:00+00:00,23824
2022-07-22 10:00:00+00:00,22164
2022-07-22 11:00:00+00:00,20820
2022-07-22 12:00:00+00:00,19532
2022-07-22 13:00:00+00:00,18620
2022-07-22 14:00:00+00:00,18220
2022-07-22 15:00:00+00:00,17824
2022-07-22 16:00:00+00:00,17752
2022-07-22 17:00:00+00:00,18052
2022-07-22 18:00:00+00:00,18548
2022-07-22 19:00:00+00:00,18360
2022-07-22 20:00:00+00:00,19480
2022-07-22 21:00:00+00:00,20764
2022-07-22 22:00:00+00:00,21464
2022-07-22 23:00:00+00:00,21612
2022-07-23 00:00:00+00:00,21924
2022-07-23 01:00:00+00:00,22516
2022-07-23 02:00:00+00:00,21768
2022-07-23 03:00:00+00:00,21072
2022-07-23 04:00:00+00:00,21072
2022-07-23 05:00:00+00:00,22344
2022-07-23 06:00:00+00:00,24116
2022-07-23 07:00:00+00:00,25032
2022-07-23 08:00:00+00:00,25144
2022-07-23 09:00:00+00:00,24000
2022-07-23 10:00:00+00:00,22260
2022-07-23 11:00:00+00:00,20736
2022-07-23 12:00:00+00:00,19580
2022-07-23 13:00:00+00:00,18900
2022-07-23 14:00:00+00:00,18592
2022-07-23 15:00:00+00:00,18516
2022-07-23 16:00:00+00:00,19056
2022-07-23 17:00:00+00:00,21240
2022-07-23 18:00:00+00:00,24904
2022-07-23 19:00:00+00:00,26708
2022-07-23 20:00:00+00:00,26992
2022-07-23 21:00:00+00:00,27044
2022-07-23 22:00:00+00:00,27172
2022-07-23 23:00:00+00:00,27288
2022-07-24 00:00:00+00:00,27612
2022-07-24 01:00:00+00:00,27640
2022-07-24 02:00:00+00:00,27288
2022-07-24 03:00:00+00:00,27180
2022-07-24 04:00:00+00:00,27332
2022-07-24 05:00:00+00:00,28320
2022-07-24 06:00:00+00:00,29824
2022-07-24 07:00:00+00:00,30184
2022-07-24 08:00:00+00:00,29988
2022-07-24 09:00:00+00:00,27420
2022-07-24 10:00:00+00:00,24900
2022-07-24 11:00:00+00:00,23264
2022-07-24 12:00:00+00:00,22160
2022-07-24 13:00:00+00:00,21200
2022-07-24 14:00:00+00:00,20688
2022-07-24 15:00:00+00:00,20684
2022-07-24 16:00:00+00:00,20948
2022-07-24 17:00:00+00:00,22560
2022-07-24 18:00:00+00:00,25976
2022-07-24 19:00:00+00:00,27684
2022-07-24 20:00:00+00:00,28128
2022-07-24 21:00:00+00:00,28372
2022-07-24 22:00:00+00:00,28388
2022-07-24 23:00:00+00:00,28720
2022-07-25 00:00:00+00:00,29216
2022-07-25 01:00:00+00:00,28992
2022-07-25 02:00:00+00:00,28584
2022-07-25 03:00:00+00:00,28212
2022-07-25 04:00:00+00:00,28208
2022-07-25 05:00:00+00:00,29036
2022-07-25 06:00:00+00:00,30056
2022-07-25 07:00:00+00:00,30416
2022-07-25 08:00:00+00:00,30248
2022-07-25 09:00:00+00:00,27404
2022-07-25 10:00:00+00:00,24968
2022-07-25 11:00:00+00:00,23408
2022-07-25 12:00:00+00:00,22212
2022-07-25 13:00:00+00:00,21232
2022-07-25 14:00:00+00:00,20888
2022-07-25 15:00:00+00:00,20664
2022-07-25 16:00:00+00:00,20936
2022-07-25 17:00:00+00:00,22444
2022-07-25 18:00:00+00:00,25588
2022-07-25 19:00:00+00:00,27064
2022-07-25 20:00:00+00:00,27948
2022-07-25 21:00:00+00:00,28024
2022-07-25 22:00:00+00:00,28564
2022-07-25 23:00:00+00:00,28576
2022-07-26 00:00:00+00:00,28708
2022-07-26 01:00:00+00:00,28288
2022-07-26 02:00:00+00:00,27788
2022-07-26 03:00:00+00:00,27388
2022-07-26 04:00:00+00:00,27364
2022-07-26 05:00:00+00:00,28460
2022-07-26 06:00:00+00:00,29508
2022-07-26 07:00:00+00:00,29952
2022-07-26 08:00:00+00:00,29716
2022-07-26 09:00:00+00:00,27168
2022-07-26 10:00:00+00:00,24916
2022-07-26 11:00:00+00:00,23456
2022-07-26 12:00:00+00:00,22164
2022-07-26 13:00:00+00:00,21428
2022-07-26 14:00:00+00:00,20936
2022-07-26 15:00:00+00:00,20940
2022-07-26 16:00:00+00:00,21284
2022-07-26 17:00:00+00:00,22808
2022-07-26 18:00:00+00:00,26100
2022-07-26 19:00:00+00:00,28028
2022-07-26 20:00:00+00:00,28360
2022-07-26 21:00:00+00:00,28252
2022-07-26 22:00:00+00:00,27972
2022-07-26 23:00:00+00:00,28040
2022-07-27 00:00:00+00:00,28260
2022-07-27 01:00:00+00:00,28104
2022-07-27 02:00:00+00:00,27756
2022-07-27 03:00:00+00:00,27796
2022-07-27 04:00:00+00:00,27152
2022-07-27 05:00:00+00:00,27368
2022-07-27 06:00:00+00:00,29368
2022-07-27 07:00:00+00:00,30276
2022-07-27 08:00:00+00:00,29972
2022-07-27 09:00:00+00:00,27708
2022-07-27 10:00:00+00:00,25400
2022-07-27 11:00:00+00:00,23788
2022-07-27 12:00:00+00:00,22432
2022-07-27 13:00:00+00:00,21644
2022-07-27 14:00:00+00:00,21108
2022-07-27 15:00:00+00:00,21060
2022-07-27 16:00:00+00:00,21428
2022-07-27 17:00:00+00:00,22808
2022-07-27 18:00:00+00:00,26056
2022-07-27 19:00:00+00:00,28036
2022-07-27 20:00:00+00:00,28424
2022-07-27 21:00:00+00:00,28524
2022-07-27 22:00:00+00:00,28608
2022-07-27 23:00:00+00:00,28776
2022-07-28 00:00:00+00:00,28924
2022-07-28 01:00:00+00:00,28760
2022-07-28 02:00:00+00:00,28108
2022-07-28 03:00:00+00:00,27896
2022-07-28 04:00:00+00:00,27640
2022-07-28 05:00:00+00:00,28560
2022-07-28 06:00:00+00:00,29380
2022-07-28 07:00:00+00:00,29600
2022-07-28 08:00:00+00:00,29324
2022-07-28 09:00:00+00:00,26960
2022-07-28 10:00:00+00:00,24948
2022-07-28 11:00:00+00:00,23524
2022-07-28 12:00:00+00:00,22160
2022-07-28 13:00:00+00:00,21176
2022-07-28 14:00:00+00:00,20408
2022-07-28 15:00:00+00:00,20160
2022-07-28 16:00:00+00:00,19904
2022-07-28 17:00:00+00:00,20236
2022-07-28 18:00:00+00:00,21120
2022-07-28 19:00:00+00:00,21720
2022-07-28 20:00:00+00:00,23548
2022-07-28 21:00:00+00:00,24808
2022-07-28 22:00:00+00:00,24960
2022-07-28 23:00:00+00:00,24772
2022-07-29 00:00:00+00:00,25224
2022-07-29 01:00:00+00:00,25308
2022-07-29 02:00:00+00:00,24220
2022-07-29 03:00:00+00:00,23600
2022-07-29 04:00:00+00:00,23256
2022-07-29 05:00:00+00:00,24592
2022-07-29 06:00:00+00:00,25624
2022-07-29 07:00:00+00:00,25928
2022-07-29 08:00:00+00:00,25804
2022-07-29 09:00:00+00:00,24356
2022-07-29 10:00:00+00:00,22604
2022-07-29 11:00:00+00:00,21348
2022-07-29 12:00:00+00:00,20072
2022-07-29 13:00:00+00:00,19060
2022-07-29 14:00:00+00:00,18208
2022-07-29 15:00:00+00:00,18028
2022-07-29 16:00:00+00:00,18044
2022-07-29 17:00:00+00:00,18308
2022-07-29 18:00:00+00:00,18876
2022-07-29 19:00:00+00:00,18956
2022-07-29 20:00:00+00:00,20128
2022-07-29 21:00:00+00:00,21688
2022-07-29 22:00:00+00:00,22148
2022-07-29 23:00:00+00:00,22120
2022-07-30 00:00:00+00:00,22352
2022-07-30 01:00:00+00:00,22908
2022-07-30 02:00:00+00:00,22096
2022-07-30 03:00:00+00:00,21576
2022-07-30 04:00:00+00:00,21652
2022-07-30 05:00:00+00:00,23264
2022-07-30 06:00:00+00:00,24612
2022-07-30 07:00:00+00:00,25280
2022-07-30 08:00:00+00:00,25604
2022-07-30 09:00:00+00:00,24280
2022-07-30 10:00:00+00:00,22632
2022-07-30 11:00:00+00:00,21076
2022-07-30 12:00:00+00:00,20148
2022-07-30 13:00:00+00:00,19196
2022-07-30 14:00:00+00:00,19004
2022-07-30 15:00:00+00:00,18976
2022-07-30 16:00:00+00:00,19396
2022-07-30 17:00:00+00:00,21340
2022-07-30 18:00:00+00:00,25236
2022-07-30 19:00:00+00:00,27504
2022-07-30 20:00:00+00:00,28024
2022-07-30 21:00:00+00:00,28184
2022-07-30 22:00:00+00:00,28200
2022-07-30 23:00:00+00:00,28496
2022-07-31 00:00:00+00:00,28852
2022-07-31 01:00:00+00:00,28892
2022-07-31 02:00:00+00:00,28672
2022-07-31 03:00:00+00:00,28268
2022-07-31 04:00:00+00:00,28272
2022-07-31 05:00:00+00:00,29340
2022-07-31 06:00:00+00:00,30240
2022-07-31 07:00:00+00:00,30752
2022-07-31 08:00:00+00:00,30400
2022-07-31 09:00:00+00:00,27648
2022-07-31 10:00:00+00:00,25204
2022-07-31 11:00:00+00:00,23652
2022-07-31 12:00:00+00:00,22324
2022-07-31 13:00:00+00:00,21292
2022-07-31 14:00:00+00:00,20952
2022-07-31 15:00:00+00:00,20648
2022-07-31 16:00:00+00:00,21104
2022-07-31 17:00:00+00:00,22952
2022-07-31 18:00:00+00:00,26284
2022-07-31 19:00:00+00:00,28024
2022-07-31 20:00:00+00:00,28740
2022-07-31 21:00:00+00:00,29036
2022-07-31 22:00:00+00:00,29184
2022-07-31 23:00:00+00:00,29312
2022-08-01 00:00:00+00:00,29608
2022-08-01 01:00:00+00:00,29300
2022-08-01 02:00:00+00:00,28884
2022-08-01 03:00:00+00:00,28448
2022-08-01 04:00:00+00:00,28480
2022-08-01 05:00:00+00:00,29800
2022-08-01 06:00:00+00:00,30492
2022-08-01 07:00:00+00:00,30992
2022-08-01 08:00:00+00:00,30200
2022-08-01 09:00:00+00:00,27796
2022-08-01 10:00:00+00:00,25196
2022-08-01 11:00:00+00:00,23724
2022-08-01 12:00:00+00:00,22412
2022-08-01 13:00:00+00:00,21572
2022-08-01 14:00:00+00:00,21072
2022-08-01 15:00:00+00:00,20960
2022-08-01 16:00:00+00:00,21444
2022-08-01 17:00:00+00:00,23000
2022-08-01 18:00:00+00:00,26416
2022-08-01 19:00:00+00:00,28368
2022-08-01 20:00:00+00:00,28988
2022-08-01 21:00:00+00:00,29260
2022-08-01 22:00:00+00:00,29132
2022-08-01 23:00:00+00:00,29752
2022-08-02 00:00:00+00:00,29992
2022-08-02 01:00:00+00:00,29988
2022-08-02 02:00:00+00:00,29384
2022-08-02 03:00:00+00:00,28952
2022-08-02 04:00:00+00:00,28884
2022-08-02 05:00:00+00:00,29948
2022-08-02 06:00:00+00:00,30624
2022-08-02 07:00:00+00:00,31164
2022-08-02 08:00:00+00:00,30892
2022-08-02 09:00:00+00:00,28132
2022-08-02 10:00:00+00:00,25500
2022-08-02 11:00:00+00:00,24032
2022-08-02 12:00:00+00:00,22700
2022-08-02 13:00:00+00:00,21804
2022-08-02 14:00:00+00:00,21284
2022-08-02 15:00:00+00:00,21152
2022-08-02 16:00:00+00:00,21640
2022-08-02 17:00:00+00:00,23416
2022-08-02 18:00:00+00:00,26812
2022-08-02 19:00:00+00:00,28796
2022-08-02 20:00:00+00:00,29192
2022-08-02 21:00:00+00:00,29180
2022-08-02 22:00:00+00:00,29108
2022-08-02 23:00:00+00:00,29248
2022-08-03 00:00:00+00:00,29476
2022-08-03 01:00:00+00:00,29236
2022-08-03 02:00:00+00:00,28656
2022-08-03 03:00:00+00:00,28608
2022-08-03 04:00:00+00:00,28788
2022-08-03 05:00:00+00:00,29900
2022-08-03 06:00:00+00:00,30720
2022-08-03 07:00:00+00:00,31052
2022-08-03 08:00:00+00:00,30724
2022-08-03 09:00:00+00:00,28148
2022-08-03 10:00:00+00:00,25708
2022-08-03 11:00:00+00:00,24076
2022-08-03 12:00:00+00:00,22892
2022-08-03 13:00:00+00:00,21944
2022-08-03 14:00:00+00:00,21572
2022-08-03 15:00:00+00:00,21244
2022-08-03 16:00:00+00:00,21588
2022-08-03 17:00:00+00:00,23000
2022-08-03 18:00:00+00:00,26288
2022-08-03 19:00:00+00:00,28276
2022-08-03 20:00:00+00:00,29092
2022-08-03 21:00:00+00:00,29520
2022-08-03 22:00:00+00:00,29612
2022-08-03 23:00:00+00:00,29632
2022-08-04 00:00:00+00:00,29944
2022-08-04 01:00:00+00:00,29256
2022-08-04 02:00:00+00:00,28552
2022-08-04 03:00:00+00:00,28072
2022-08-04 04:00:00+00:00,28076
2022-08-04 05:00:00+00:00,29084
2022-08-04 06:00:00+00:00,29824
2022-08-04 07:00:00+00:00,29968
2022-08-04 08:00:00+00:00,29592
2022-08-04 09:00:00+00:00,27272
2022-08-04 10:00:00+00:00,25040
2022-08-04 11:00:00+00:00,23816
2022-08-04 12:00:00+00:00,22644
2022-08-04 13:00:00+00:00,21428
2022-08-04 14:00:00+00:00,20676
2022-08-04 15:00:00+00:00,20240
2022-08-04 16:00:00+00:00,20264
2022-08-04 17:00:00+00:00,20432
2022-08-04 18:00:00+00:00,21600
2022-08-04 19:00:00+00:00,22444
2022-08-04 20:00:00+00:00,24008
2022-08-04 21:00:00+00:00,25504
2022-08-04 22:00:00+00:00,25568
2022-08-04 23:00:00+00:00,25340
2022-08-05 00:00:00+00:00,25756
2022-08-05 01:00:00+00:00,26124
2022-08-05 02:00:00+00:00,25120
2022-08-05 03:00:00+00:00,24584
2022-08-05 04:00:00+00:00,24448
2022-08-05 05:00:00+00:00,25936
2022-08-05 06:00:00+00:00,26760
2022-08-05 07:00:00+00:00,27088
2022-08-05 08:00:00+00:00,27180
2022-08-05 09:00:00+00:00,25660
2022-08-05 10:00:00+00:00,23320
2022-08-05 11:00:00+00:00,22128
2022-08-05 12:00:00+00:00,20796
2022-08-05 13:00:00+00:00,19696
2022-08-05 14:00:00+00:00,19036
2022-08-05 15:00:00+00:00,18584
2022-08-05 16:00:00+00:00,18424
2022-08-05 17:00:00+00:00,18768
2022-08-05 18:00:00+00:00,19292
2022-08-05 19:00:00+00:00,19512
2022-08-05 20:00:00+00:00,20972
2022-08-05 21:00:00+00:00,22388
2022-08-05 22:00:00+00:00,22872
2022-08-05 23:00:00+00:00,22988
2022-08-06 00:00:00+00:00,23456
2022-08-06 01:00:00+00:00,24236
2022-08-06 02:00:00+00:00,23188
2022-08-06 03:00:00+00:00,22480
2022-08-06 04:00:00+00:00,22452
2022-08-06 05:00:00+00:00,24368
2022-08-06 06:00:00+00:00,25552
2022-08-06 07:00:00+00:00,26504
2022-08-06 08:00:00+00:00,26992
2022-08-06 09:00:00+00:00,25580
2022-08-06 10:00:00+00:00,23684
2022-08-06 11:00:00+00:00,22112
2022-08-06 12:00:00+00:00,20816
2022-08-06 13:00:00+00:00,19908
2022-08-06 14:00:00+00:00,19484
2022-08-06 15:00:00+00:00,19532
2022-08-06 16:00:00+00:00,19956
2022-08-06 17:00:00+00:00,22100
2022-08-06 18:00:00+00:00,25988
2022-08-06 19:00:00+00:00,28588
2022-08-06 20:00:00+00:00,29468
2022-08-06 21:00:00+00:00,30008
2022-08-06 22:00:00+00:00,30296
2022-08-06 23:00:00+00:00,30520
2022-08-07 00:00:00+00:00,31332
2022-08-07 01:00:00+00:00,31128
2022-08-07 02:00:00+00:00,30400
2022-08-07 03:00:00+00:00,29924
2022-08-07 04:00:00+00:00,30024
2022-08-07 05:00:00+00:00,31200
2022-08-07 06:00:00+00:00,31804
2022-08-07 07:00:00+00:00,32224
2022-08-07 08:00:00+00:00,32164
2022-08-07 09:00:00+00:00,29252
2022-08-07 10:00:00+00:00,26408
2022-08-07 11:00:00+00:00,24340
2022-08-07 12:00:00+00:00,23068
2022-08-07 13:00:00+00:00,21932
2022-08-07 14:00:00+00:00,21612
2022-08-07 15:00:00+00:00,21264
2022-08-07 16:00:00+00:00,21728
2022-08-07 17:00:00+00:00,23420
2022-08-07 18:00:00+00:00,27100
2022-08-07 19:00:00+00:00,29884
2022-08-07 20:00:00+00:00,30672
2022-08-07 21:00:00+00:00,31068
2022-08-07 22:00:00+00:00,31268
2022-08-07 23:00:00+00:00,31256
2022-08-08 00:00:00+00:00,31684
2022-08-08 01:00:00+00:00,31472
2022-08-08 02:00:00+00:00,31068
2022-08-08 03:00:00+00:00,30880
2022-08-08 04:00:00+00:00,30732
2022-08-08 05:00:00+00:00,32236
2022-08-08 06:00:00+00:00,32772
2022-08-08 07:00:00+00:00,33100
2022-08-08 08:00:00+00:00,32784
2022-08-08 09:00:00+00:00,29720
2022-08-08 10:00:00+00:00,26868
2022-08-08 11:00:00+00:00,24944
2022-08-08 12:00:00+00:00,23480
2022-08-08 13:00:00+00:00,22584
2022-08-08 14:00:00+00:00,22012
2022-08-08 15:00:00+00:00,21788
2022-08-08 16:00:00+00:00,22248
2022-08-08 17:00:00+00:00,24132
2022-08-08 18:00:00+00:00,27752
2022-08-08 19:00:00+00:00,30056
2022-08-08 20:00:00+00:00,30664
2022-08-08 21:00:00+00:00,30708
2022-08-08 22:00:00+00:00,30596
2022-08-08 23:00:00+00:00,30548
2022-08-09 00:00:00+00:00,30432
2022-08-09 01:00:00+00:00,29900
2022-08-09 02:00:00+00:00,29448
2022-08-09 03:00:00+00:00,29232
2022-08-09 04:00:00+00:00,29304
2022-08-09 05:00:00+00:00,30804
2022-08-09 06:00:00+00:00,31268
2022-08-09 07:00:00+00:00,31828
2022-08-09 08:00:00+00:00,31636
2022-08-09 09:00:00+00:00,28880
2022-08-09 10:00:00+00:00,26244
2022-08-09 11:00:00+00:00,24372
2022-08-09 12:00:00+00:00,23008
2022-08-09 13:00:00+00:00,22096
2022-08-09 14:00:00+00:00,21628
2022-08-09 15:00:00+00:00,21416
2022-08-09 16:00:00+00:00,21908
2022-08-09 17:00:00+00:00,23656
2022-08-09 18:00:00+00:00,27064
2022-08-09 19:00:00+00:00,29520
2022-08-09 20:00:00+00:00,30032
2022-08-09 21:00:00+00:00,30488
2022-08-09 22:00:00+00:00,30420
2022-08-09 23:00:00+00:00,30584
2022-08-10 00:00:00+00:00,30788
2022-08-10 01:00:00+00:00,30336
2022-08-10 02:00:00+00:00,29784
2022-08-10 03:00:00+00:00,29472
2022-08-10 04:00:00+00:00,29704
2022-08-10 05:00:00+00:00,30948
2022-08-10 06:00:00+00:00,31348
2022-08-10 07:00:00+00:00,31712
2022-08-10 08:00:00+00:00,31528
2022-08-10 09:00:00+00:00,28792
2022-08-10 10:00:00+00:00,26208
2022-08-10 11:00:00+00:00,24464
2022-08-10 12:00:00+00:00,23040
2022-08-10 13:00:00+00:00,22044
2022-08-10 14:00:00+00:00,21488
2022-08-10 15:00:00+00:00,21288
2022-08-10 16:00:00+00:00,21684
2022-08-10 17:00:00+00:00,23312
2022-08-10 18:00:00+00:00,26708
2022-08-10 19:00:00+00:00,29208
2022-08-10 20:00:00+00:00,29452
2022-08-10 21:00:00+00:00,29624
2022-08-10 22:00:00+00:00,29448
2022-08-10 23:00:00+00:00,29188
2022-08-11 00:00:00+00:00,29316
2022-08-11 01:00:00+00:00,29084
2022-08-11 02:00:00+00:00,28592
2022-08-11 03:00:00+00:00,28424
2022-08-11 04:00:00+00:00,28352
2022-08-11 05:00:00+00:00,29712
2022-08-11 06:00:00+00:00,30352
2022-08-11 07:00:00+00:00,30544
2022-08-11 08:00:00+00:00,30332
2022-08-11 09:00:00+00:00,28120
2022-08-11 10:00:00+00:00,25880
2022-08-11 11:00:00+00:00,24300
2022-08-11 12:00:00+00:00,23064
2022-08-11 13:00:00+00:00,22004
2022-08-11 14:00:00+00:00,21068
2022-08-11 15:00:00+00:00,20596
2022-08-11 16:00:00+00:00,20560
2022-08-11 17:00:00+00:00,21040
2022-08-11 18:00:00+00:00,22100
2022-08-11 19:00:00+00:00,23312
2022-08-11 20:00:00+00:00,24712
2022-08-11 21:00:00+00:00,26060
2022-08-11 22:00:00+00:00,26224
2022-08-11 23:00:00+00:00,25844
2022-08-12 00:00:00+00:00,25692
2022-08-12 01:00:00+00:00,25888
2022-08-12 02:00:00+00:00,24992
2022-08-12 03:00:00+00:00,24460
2022-08-12 04:00:00+00:00,24164
2022-08-12 05:00:00+00:00,26032
2022-08-12 06:00:00+00:00,26948
2022-08-12 07:00:00+00:00,27384
2022-08-12 08:00:00+00:00,27592
2022-08-12 09:00:00+00:00,26180
2022-08-12 10:00:00+00:00,24428
2022-08-12 11:00:00+00:00,22740
2022-08-12 12:00:00+00:00,21248
2022-08-12 13:00:00+00:00,20184
2022-08-12 14:00:00+00:00,19528
2022-08-12 15:00:00+00:00,19128
2022-08-12 16:00:00+00:00,18908
2022-08-12 17:00:00+00:00,19212
2022-08-12 18:00:00+00:00,20012
2022-08-12 19:00:00+00:00,20436
2022-08-12 20:00:00+00:00,21660
2022-08-12 21:00:00+00:00,23284
2022-08-12 22:00:00+00:00,23956
2022-08-12 23:00:00+00:00,24064
2022-08-13 00:00:00+00:00,24156
2022-08-13 01:00:00+00:00,24916
2022-08-13 02:00:00+00:00,24252
2022-08-13 03:00:00+00:00,23320
2022-08-13 04:00:00+00:00,23464
2022-08-13 05:00:00+00:00,25424
2022-08-13 06:00:00+00:00,26872
2022-08-13 07:00:00+00:00,27860
2022-08-13 08:00:00+00:00,28092
2022-08-13 09:00:00+00:00,26372
2022-08-13 10:00:00+00:00,24396
2022-08-13 11:00:00+00:00,22452
2022-08-13 12:00:00+00:00,21232
2022-08-13 13:00:00+00:00,20112
2022-08-13 14:00:00+00:00,19416
2022-08-13 15:00:00+00:00,19448
2022-08-13 16:00:00+00:00,19856
2022-08-13 17:00:00+00:00,22032
2022-08-13 18:00:00+00:00,26244
2022-08-13 19:00:00+00:00,29572
2022-08-13 20:00:00+00:00,30224
2022-08-13 21:00:00+00:00,30544
2022-08-13 22:00:00+00:00,30424
2022-08-13 23:00:00+00:00,30100
2022-08-14 00:00:00+00:00,30380
2022-08-14 01:00:00+00:00,30128
2022-08-14 02:00:00+00:00,29708
2022-08-14 03:00:00+00:00,29664
2022-08-14 04:00:00+00:00,29852
2022-08-14 05:00:00+00:00,31348
2022-08-14 06:00:00+00:00,32280
2022-08-14 07:00:00+00:00,32944
2022-08-14 08:00:00+00:00,32748
2022-08-14 09:00:00+00:00,29932
2022-08-14 10:00:00+00:00,27004
2022-08-14 11:00:00+00:00,24960
2022-08-14 12:00:00+00:00,23420
2022-08-14 13:00:00+00:00,22304
2022-08-14 14:00:00+00:00,21820
2022-08-14 15:00:00+00:00,21552
2022-08-14 16:00:00+00:00,21876
2022-08-14 17:00:00+00:00,23892
2022-08-14 18:00:00+00:00,27572
2022-08-14 19:00:00+00:00,30432
2022-08-14 20:00:00+00:00,31020
2022-08-14 21:00:00+00:00,31024
2022-08-14 22:00:00+00:00,30812
2022-08-14 23:00:00+00:00,30612
2022-08-15 00:00:00+00:00,30752
2022-08-15 01:00:00+00:00,30556
2022-08-15 02:00:00+00:00,30184
2022-08-15 03:00:00+00:00,30144
2022-08-15 04:00:00+00:00,30348
2022-08-15 05:00:00+00:00,31752
2022-08-15 06:00:00+00:00,32408
2022-08-15 07:00:00+00:00,33156
2022-08-15 08:00:00+00:00,33068
2022-08-15 09:00:00+00:00,30296
2022-08-15 10:00:00+00:00,27416
2022-08-15 11:00:00+00:00,25308
2022-08-15 12:00:00+00:00,23824
2022-08-15 13:00:00+00:00,22676
2022-08-15 14:00:00+00:00,21992
2022-08-15 15:00:00+00:00,21804
2022-08-15 16:00:00+00:00,22280
2022-08-15 17:00:00+00:00,24140
2022-08-15 18:00:00+00:00,28048
2022-08-15 19:00:00+00:00,31252
2022-08-15 20:00:00+00:00,31580
2022-08-15 21:00:00+00:00,31756
2022-08-15 22:00:00+00:00,31348
2022-08-15 23:00:00+00:00,31040
2022-08-16 00:00:00+00:00,31352
2022-08-16 01:00:00+00:00,31204
2022-08-16 02:00:00+00:00,30772
2022-08-16 03:00:00+00:00,30764
2022-08-16 04:00:00+00:00,30956
2022-08-16 05:00:00+00:00,32256
2022-08-16 06:00:00+00:00,33016
2022-08-16 07:00:00+00:00,33552
2022-08-16 08:00:00+00:00,33364
2022-08-16 09:00:00+00:00,30352
2022-08-16 10:00:00+00:00,27372
2022-08-16 11:00:00+00:00,25524
2022-08-16 12:00:00+00:00,24176
2022-08-16 13:00:00+00:00,22964
2022-08-16 14:00:00+00:00,22196
2022-08-16 15:00:00+00:00,22048
2022-08-16 16:00:00+00:00,22604
2022-08-16 17:00:00+00:00,24440
2022-08-16 18:00:00+00:00,28044
2022-08-16 19:00:00+00:00,31056
2022-08-16 20:00:00+00:00,31712
2022-08-16 21:00:00+00:00,32008
2022-08-16 22:00:00+00:00,31772
2022-08-16 23:00:00+00:00,31424
2022-08-17 00:00:00+00:00,31552
2022-08-17 01:00:00+00:00,31128
2022-08-17 02:00:00+00:00,30924
2022-08-17 03:00:00+00:00,30740
2022-08-17 04:00:00+00:00,31180
2022-08-17 05:00:00+00:00,32712
2022-08-17 06:00:00+00:00,33568
2022-08-17 07:00:00+00:00,33964
2022-08-17 08:00:00+00:00,33488
2022-08-17 09:00:00+00:00,30396
2022-08-17 10:00:00+00:00,27656
2022-08-17 11:00:00+00:00,25380
2022-08-17 12:00:00+00:00,24092
2022-08-17 13:00:00+00:00,22832
2022-08-17 14:00:00+00:00,22272
2022-08-17 15:00:00+00:00,22012
2022-08-17 16:00:00+00:00,22320
2022-08-17 17:00:00+00:00,24296
2022-08-17 18:00:00+00:00,28352
2022-08-17 19:00:00+00:00,31448
2022-08-17 20:00:00+00:00,32304
2022-08-17 21:00:00+00:00,32620
2022-08-17 22:00:00+00:00,32416
2022-08-17 23:00:00+00:00,32024
2022-08-18 00:00:00+00:00,31888
2022-08-18 01:00:00+00:00,31292
2022-08-18 02:00:00+00:00,30780
2022-08-18 03:00:00+00:00,30744
2022-08-18 04:00:00+00:00,30856
2022-08-18 05:00:00+00:00,32232
2022-08-18 06:00:00+00:00,32740
2022-08-18 07:00:00+00:00,33124
2022-08-18 08:00:00+00:00,32840
2022-08-18 09:00:00+00:00,30288
2022-08-18 10:00:00+00:00,27900
2022-08-18 11:00:00+00:00,25964
2022-08-18 12:00:00+00:00,24336
2022-08-18 13:00:00+00:00,23088
2022-08-18 14:00:00+00:00,22252
2022-08-18 15:00:00+00:00,21688
2022-08-18 16:00:00+00:00,21588
2022-08-18 17:00:00+00:00,21940
2022-08-18 18:00:00+00:00,23072
2022-08-18 19:00:00+00:00,24520
2022-08-18 20:00:00+00:00,26376
2022-08-18 21:00:00+00:00,27976
2022-08-18 22:00:00+00:00,28440
2022-08-18 23:00:00+00:00,28036
2022-08-19 00:00:00+00:00,28144
2022-08-19 01:00:00+00:00,28380
2022-08-19 02:00:00+00:00,27524
2022-08-19 03:00:00+00:00,27204
2022-08-19 04:00:00+00:00,27080
2022-08-19 05:00:00+00:00,28628
2022-08-19 06:00:00+00:00,29256
2022-08-19 07:00:00+00:00,29716
2022-08-19 08:00:00+00:00,29780
2022-08-19 09:00:00+00:00,27968
2022-08-19 10:00:00+00:00,26020
2022-08-19 11:00:00+00:00,24256
2022-08-19 12:00:00+00:00,22560
2022-08-19 13:00:00+00:00,21120
2022-08-19 14:00:00+00:00,20300
2022-08-19 15:00:00+00:00,19844
2022-08-19 16:00:00+00:00,19872
2022-08-19 17:00:00+00:00,20188
2022-08-19 18:00:00+00:00,20668
2022-08-19 19:00:00+00:00,21288
2022-08-19 20:00:00+00:00,22936
2022-08-19 21:00:00+00:00,24896
2022-08-19 22:00:00+00:00,25944
2022-08-19 23:00:00+00:00,26180
2022-08-20 00:00:00+00:00,26432
2022-08-20 01:00:00+00:00,26996
2022-08-20 02:00:00+00:00,26024
2022-08-20 03:00:00+00:00,25080
2022-08-20 04:00:00+00:00,24996
2022-08-20 05:00:00+00:00,26784
2022-08-20 06:00:00+00:00,27944
2022-08-20 07:00:00+00:00,28908
2022-08-20 08:00:00+00:00,29304
2022-08-20 09:00:00+00:00,27948
2022-08-20 10:00:00+00:00,25748
2022-08-20 11:00:00+00:00,23640
2022-08-20 12:00:00+00:00,21912
2022-08-20 13:00:00+00:00,20788
2022-08-20 14:00:00+00:00,20232
2022-08-20 15:00:00+00:00,20200
2022-08-20 16:00:00+00:00,20816
2022-08-20 17:00:00+00:00,22776
2022-08-20 18:00:00+00:00,26148
2022-08-20 19:00:00+00:00,29424
2022-08-20 20:00:00+00:00,30808
2022-08-20 21:00:00+00:00,31520
2022-08-20 22:00:00+00:00,31396
2022-08-20 23:00:00+00:00,31492
2022-08-21 00:00:00+00:00,31776
2022-08-21 01:00:00+00:00,31784
2022-08-21 02:00:00+00:00,31184
2022-08-21 03:00:00+00:00,30752
2022-08-21 04:00:00+00:00,30944
2022-08-21 05:00:00+00:00,31880
2022-08-21 06:00:00+00:00,31976
2022-08-21 07:00:00+00:00,32196
2022-08-21 08:00:00+00:00,32072
2022-08-21 09:00:00+00:00,29644
2022-08-21 10:00:00+00:00,27232
2022-08-21 11:00:00+00:00,25108
2022-08-21 12:00:00+00:00,23400
2022-08-21 13:00:00+00:00,22144
2022-08-21 14:00:00+00:00,21404
2022-08-21 15:00:00+00:00,21024
2022-08-21 16:00:00+00:00,21068
2022-08-21 17:00:00+00:00,21688
2022-08-21 18:00:00+00:00,22892
2022-08-21 19:00:00+00:00,23792
2022-08-21 20:00:00+00:00,25112
2022-08-21 21:00:00+00:00,26864
2022-08-21 22:00:00+00:00,27624
2022-08-21 23:00:00+00:00,27740
2022-08-22 00:00:00+00:00,28104
2022-08-22 01:00:00+00:00,28512
2022-08-22 02:00:00+00:00,27296
2022-08-22 03:00:00+00:00,26576
2022-08-22 04:00:00+00:00,26304
2022-08-22 05:00:00+00:00,27420
2022-08-22 06:00:00+00:00,28524
2022-08-22 07:00:00+00:00,29444
2022-08-22 08:00:00+00:00,29644
2022-08-22 09:00:00+00:00,28024
2022-08-22 10:00:00+00:00,25884
2022-08-22 11:00:00+00:00,23824
2022-08-22 12:00:00+00:00,22116
2022-08-22 13:00:00+00:00,21140
2022-08-22 14:00:00+00:00,20636
2022-08-22 15:00:00+00:00,20464
2022-08-22 16:00:00+00:00,20836
2022-08-22 17:00:00+00:00,22568
2022-08-22 18:00:00+00:00,26064
2022-08-22 19:00:00+00:00,29284
2022-08-22 20:00:00+00:00,30236
2022-08-22 21:00:00+00:00,30844
2022-08-22 22:00:00+00:00,30680
2022-08-22 23:00:00+00:00,30572
2022-08-23 00:00:00+00:00,30420
2022-08-23 01:00:00+00:00,30600
2022-08-23 02:00:00+00:00,30136
2022-08-23 03:00:00+00:00,29896
2022-08-23 04:00:00+00:00,29904
2022-08-23 05:00:00+00:00,31284
2022-08-23 06:00:00+00:00,31308
2022-08-23 07:00:00+00:00,31424
2022-08-23 08:00:00+00:00,31300
2022-08-23 09:00:00+00:00,28852
2022-08-23 10:00:00+00:00,26584
2022-08-23 11:00:00+00:00,24744
2022-08-23 12:00:00+00:00,23056
2022-08-23 13:00:00+00:00,21820
2022-08-23 14:00:00+00:00,20928
2022-08-23 15:00:00+00:00,20704
2022-08-23 16:00:00+00:00,20620
2022-08-23 17:00:00+00:00,20812
2022-08-23 18:00:00+00:00,21696
2022-08-23 19:00:00+00:00,22600
2022-08-23 20:00:00+00:00,23808
2022-08-23 21:00:00+00:00,25760
2022-08-23 22:00:00+00:00,26920
2022-08-23 23:00:00+00:00,27312
2022-08-24 00:00:00+00:00,27884
2022-08-24 01:00:00+00:00,28648
2022-08-24 02:00:00+00:00,27396
2022-08-24 03:00:00+00:00,26352
2022-08-24 04:00:00+00:00,26096
2022-08-24 05:00:00+00:00,27284
2022-08-24 06:00:00+00:00,27864
2022-08-24 07:00:00+00:00,28504
2022-08-24 08:00:00+00:00,28796
2022-08-24 09:00:00+00:00,27464
2022-08-24 10:00:00+00:00,25488
2022-08-24 11:00:00+00:00,23540
2022-08-24 12:00:00+00:00,21716
2022-08-24 13:00:00+00:00,20628
2022-08-24 14:00:00+00:00,20004
2022-08-24 15:00:00+00:00,19700
2022-08-24 16:00:00+00:00,20220
2022-08-24 17:00:00+00:00,21620
2022-08-24 18:00:00+00:00,24460
2022-08-24 19:00:00+00:00,27152
2022-08-24 20:00:00+00:00,28396
2022-08-24 21:00:00+00:00,29172
2022-08-24 22:00:00+00:00,29528
2022-08-24 23:00:00+00:00,29620
2022-08-25 00:00:00+00:00,29936
2022-08-25 01:00:00+00:00,30092
2022-08-25 02:00:00+00:00,29300
2022-08-25 03:00:00+00:00,28892
2022-08-25 04:00:00+00:00,28656
2022-08-25 05:00:00+00:00,29776
2022-08-25 06:00:00+00:00,30232
2022-08-25 07:00:00+00:00,30620
2022-08-25 08:00:00+00:00,30344
2022-08-25 09:00:00+00:00,27960
2022-08-25 10:00:00+00:00,25748
2022-08-25 11:00:00+00:00,24348
2022-08-25 12:00:00+00:00,22792
2022-08-25 13:00:00+00:00,21572
2022-08-25 14:00:00+00:00,20660
2022-08-25 15:00:00+00:00,20256
2022-08-25 16:00:00+00:00,20116
2022-08-25 17:00:00+00:00,20532
2022-08-25 18:00:00+00:00,21680
2022-08-25 19:00:00+00:00,22856
2022-08-25 20:00:00+00:00,24240
2022-08-25 21:00:00+00:00,26080
2022-08-25 22:00:00+00:00,26440
2022-08-25 23:00:00+00:00,26400
2022-08-26 00:00:00+00:00,26560
2022-08-26 01:00:00+00:00,26796
2022-08-26 02:00:00+00:00,26104
2022-08-26 03:00:00+00:00,25616
2022-08-26 04:00:00+00:00,25712
2022-08-26 05:00:00+00:00,27208
2022-08-26 06:00:00+00:00,27732
2022-08-26 07:00:00+00:00,28296
2022-08-26 08:00:00+00:00,28528
2022-08-26 09:00:00+00:00,26852
2022-08-26 10:00:00+00:00,24852
2022-08-26 11:00:00+00:00,23292
2022-08-26 12:00:00+00:00,21660
2022-08-26 13:00:00+00:00,20548
2022-08-26 14:00:00+00:00,19736
2022-08-26 15:00:00+00:00,19456
2022-08-26 16:00:00+00:00,19612
2022-08-26 17:00:00+00:00,20040
2022-08-26 18:00:00+00:00,20492
2022-08-26 19:00:00+00:00,21104
2022-08-26 20:00:00+00:00,22204
2022-08-26 21:00:00+00:00,24196
2022-08-26 22:00:00+00:00,25744
2022-08-26 23:00:00+00:00,26228
2022-08-27 00:00:00+00:00,26956
2022-08-27 01:00:00+00:00,27580
2022-08-27 02:00:00+00:00,26452
2022-08-27 03:00:00+00:00,25492
2022-08-27 04:00:00+00:00,25092
2022-08-27 05:00:00+00:00,26616
2022-08-27 06:00:00+00:00,27724
2022-08-27 07:00:00+00:00,28464
2022-08-27 08:00:00+00:00,28952
2022-08-27 09:00:00+00:00,27412
2022-08-27 10:00:00+00:00,24928
2022-08-27 11:00:00+00:00,22884
2022-08-27 12:00:00+00:00,21404
2022-08-27 13:00:00+00:00,20432
2022-08-27 14:00:00+00:00,20036
2022-08-27 15:00:00+00:00,19900
2022-08-27 16:00:00+00:00,20632
2022-08-27 17:00:00+00:00,22900
2022-08-27 18:00:00+00:00,27224
2022-08-27 19:00:00+00:00,30556
2022-08-27 20:00:00+00:00,31704
2022-08-27 21:00:00+00:00,32480
2022-08-27 22:00:00+00:00,32696
2022-08-27 23:00:00+00:00,32888
2022-08-28 00:00:00+00:00,33324
2022-08-28 01:00:00+00:00,32840
2022-08-28 02:00:00+00:00,32792
2022-08-28 03:00:00+00:00,32516
2022-08-28 04:00:00+00:00,32300
2022-08-28 05:00:00+00:00,33392
2022-08-28 06:00:00+00:00,33732
2022-08-28 07:00:00+00:00,33892
2022-08-28 08:00:00+00:00,33892
2022-08-28 09:00:00+00:00,30484
2022-08-28 10:00:00+00:00,27592
2022-08-28 11:00:00+00:00,25576
2022-08-28 12:00:00+00:00,23768
2022-08-28 13:00:00+00:00,22684
2022-08-28 14:00:00+00:00,22060
2022-08-28 15:00:00+00:00,22068
2022-08-28 16:00:00+00:00,22296
2022-08-28 17:00:00+00:00,24152
2022-08-28 18:00:00+00:00,28056
2022-08-28 19:00:00+00:00,30892
2022-08-28 20:00:00+00:00,31660
2022-08-28 21:00:00+00:00,32128
2022-08-28 22:00:00+00:00,32528
2022-08-28 23:00:00+00:00,32756
2022-08-29 00:00:00+00:00,32964
2022-08-29 01:00:00+00:00,32600
2022-08-29 02:00:00+00:00,32092
2022-08-29 03:00:00+00:00,31616
2022-08-29 04:00:00+00:00,31548
2022-08-29 05:00:00+00:00,32572
2022-08-29 06:00:00+00:00,32980
2022-08-29 07:00:00+00:00,33440
2022-08-29 08:00:00+00:00,33272
2022-08-29 09:00:00+00:00,30192
2022-08-29 10:00:00+00:00,27656
2022-08-29 11:00:00+00:00,25500
2022-08-29 12:00:00+00:00,24044
2022-08-29 13:00:00+00:00,22996
2022-08-29 14:00:00+00:00,22288
2022-08-29 15:00:00+00:00,21880
2022-08-29 16:00:00+00:00,22316
2022-08-29 17:00:00+00:00,24052
2022-08-29 18:00:00+00:00,27612
2022-08-29 19:00:00+00:00,30620
2022-08-29 20:00:00+00:00,31232
2022-08-29 21:00:00+00:00,31340
2022-08-29 22:00:00+00:00,31236
2022-08-29 23:00:00+00:00,31104
2022-08-30 00:00:00+00:00,31360
2022-08-30 01:00:00+00:00,31064
2022-08-30 02:00:00+00:00,30964
2022-08-30 03:00:00+00:00,30624
2022-08-30 04:00:00+00:00,30760
2022-08-30 05:00:00+00:00,32012
2022-08-30 06:00:00+00:00,32640
2022-08-30 07:00:00+00:00,32996
2022-08-30 08:00:00+00:00,32688
2022-08-30 09:00:00+00:00,29856
2022-08-30 10:00:00+00:00,27068
2022-08-30 11:00:00+00:00,25132
2022-08-30 12:00:00+00:00,23444
2022-08-30 13:00:00+00:00,22240
2022-08-30 14:00:00+00:00,21756
2022-08-30 15:00:00+00:00,21612
2022-08-30 16:00:00+00:00,22092
2022-08-30 17:00:00+00:00,23804
2022-08-30 18:00:00+00:00,27328
2022-08-30 19:00:00+00:00,30452
2022-08-30 20:00:00+00:00,31004
2022-08-30 21:00:00+00:00,31152
2022-08-30 22:00:00+00:00,31036
2022-08-30 23:00:00+00:00,30784
2022-08-31 00:00:00+00:00,30912
2022-08-31 01:00:00+00:00,30420
2022-08-31 02:00:00+00:00,30056
2022-08-31 03:00:00+00:00,30044
2022-08-31 04:00:00+00:00,30168
2022-08-31 05:00:00+00:00,31572
2022-08-31 06:00:00+00:00,31972
2022-08-31 07:00:00+00:00,32464
2022-08-31 08:00:00+00:00,32452
2022-08-31 09:00:00+00:00,29840
2022-08-31 10:00:00+00:00,27048
2022-08-31 11:00:00+00:00,25172
2022-08-31 12:00:00+00:00,23760
2022-08-31 13:00:00+00:00,22576
2022-08-31 14:00:00+00:00,22000
2022-08-31 15:00:00+00:00,21624
2022-08-31 16:00:00+00:00,22136
2022-08-31 17:00:00+00:00,23920
2022-08-31 18:00:00+00:00,27620
2022-08-31 19:00:00+00:00,30940
2022-08-31 20:00:00+00:00,31576
2022-08-31 21:00:00+00:00,31708
2022-08-31 22:00:00+00:00,31468
2022-08-31 23:00:00+00:00,31272
2022-09-01 00:00:00+00:00,31420
2022-09-01 01:00:00+00:00,30808
2022-09-01 02:00:00+00:00,30140
2022-09-01 03:00:00+00:00,29880
2022-09-01 04:00:00+00:00,30104
2022-09-01 05:00:00+00:00,31404
2022-09-01 06:00:00+00:00,31824
2022-09-01 07:00:00+00:00,31928
2022-09-01 08:00:00+00:00,31556
2022-09-01 09:00:00+00:00,29268
2022-09-01 10:00:00+00:00,26992
2022-09-01 11:00:00+00:00,25140
2022-09-01 12:00:00+00:00,23664
2022-09-01 13:00:00+00:00,22196
2022-09-01 14:00:00+00:00,21412
2022-09-01 15:00:00+00:00,20904
2022-09-01 16:00:00+00:00,20752
2022-09-01 17:00:00+00:00,20896
2022-09-01 18:00:00+00:00,22152
2022-09-01 19:00:00+00:00,23572
2022-09-01 20:00:00+00:00,25152
2022-09-01 21:00:00+00:00,26752
2022-09-01 22:00:00+00:00,27008
2022-09-01 23:00:00+00:00,26836
2022-09-02 00:00:00+00:00,26840
2022-09-02 01:00:00+00:00,26912
2022-09-02 02:00:00+00:00,25856
2022-09-02 03:00:00+00:00,25332
2022-09-02 04:00:00+00:00,25564
2022-09-02 05:00:00+00:00,27116
2022-09-02 06:00:00+00:00,27844
2022-09-02 07:00:00+00:00,28384
2022-09-02 08:00:00+00:00,28572
2022-09-02 09:00:00+00:00,27032
2022-09-02 10:00:00+00:00,25116
2022-09-02 11:00:00+00:00,23432
2022-09-02 12:00:00+00:00,21812
2022-09-02 13:00:00+00:00,20580
2022-09-02 14:00:00+00:00,19736
2022-09-02 15:00:00+00:00,19372
2022-09-02 16:00:00+00:00,19348
2022-09-02 17:00:00+00:00,19744
2022-09-02 18:00:00+00:00,20404
2022-09-02 19:00:00+00:00,21020
2022-09-02 20:00:00+00:00,22204
2022-09-02 21:00:00+00:00,24032
2022-09-02 22:00:00+00:00,24676
2022-09-02 23:00:00+00:00,24564
2022-09-03 00:00:00+00:00,24828
2022-09-03 01:00:00+00:00,25544
2022-09-03 02:00:00+00:00,24836
2022-09-03 03:00:00+00:00,24468
2022-09-03 04:00:00+00:00,24412
2022-09-03 05:00:00+00:00,25964
2022-09-03 06:00:00+00:00,26940
2022-09-03 07:00:00+00:00,28328
2022-09-03 08:00:00+00:00,28720
2022-09-03 09:00:00+00:00,27448
2022-09-03 10:00:00+00:00,25304
2022-09-03 11:00:00+00:00,23240
2022-09-03 12:00:00+00:00,21580
2022-09-03 13:00:00+00:00,20540
2022-09-03 14:00:00+00:00,20056
2022-09-03 15:00:00+00:00,19996
2022-09-03 16:00:00+00:00,20548
2022-09-03 17:00:00+00:00,22920
2022-09-03 18:00:00+00:00,27176
2022-09-03 19:00:00+00:00,30764
2022-09-03 20:00:00+00:00,31552
2022-09-03 21:00:00+00:00,31744
2022-09-03 22:00:00+00:00,31008
2022-09-03 23:00:00+00:00,31276
2022-09-04 00:00:00+00:00,31452
2022-09-04 01:00:00+00:00,30840
2022-09-04 02:00:00+00:00,30472
2022-09-04 03:00:00+00:00,30332
2022-09-04 04:00:00+00:00,30828
2022-09-04 05:00:00+00:00,32608
2022-09-04 06:00:00+00:00,33324
2022-09-04 07:00:00+00:00,33788
2022-09-04 08:00:00+00:00,33496
2022-09-04 09:00:00+00:00,30708
2022-09-04 10:00:00+00:00,27608
2022-09-04 11:00:00+00:00,25392
2022-09-04 12:00:00+00:00,23832
2022-09-04 13:00:00+00:00,22568
2022-09-04 14:00:00+00:00,21896
2022-09-04 15:00:00+00:00,21668
2022-09-04 16:00:00+00:00,22084
2022-09-04 17:00:00+00:00,24032
2022-09-04 18:00:00+00:00,27940
2022-09-04 19:00:00+00:00,31368
2022-09-04 20:00:00+00:00,31928
2022-09-04 21:00:00+00:00,32300
2022-09-04 22:00:00+00:00,31884
2022-09-04 23:00:00+00:00,31440
2022-09-05 00:00:00+00:00,31604
2022-09-05 01:00:00+00:00,31208
2022-09-05 02:00:00+00:00,31048
2022-09-05 03:00:00+00:00,30872
2022-09-05 04:00:00+00:00,31068
2022-09-05 05:00:00+00:00,32368
2022-09-05 06:00:00+00:00,32864
2022-09-05 07:00:00+00:00,33380
2022-09-05 08:00:00+00:00,33164
2022-09-05 09:00:00+00:00,30308
2022-09-05 10:00:00+00:00,27424
2022-09-05 11:00:00+00:00,25128
2022-09-05 12:00:00+00:00,23556
2022-09-05 13:00:00+00:00,22256
2022-09-05 14:00:00+00:00,21492
2022-09-05 15:00:00+00:00,21256
2022-09-05 16:00:00+00:00,21556
2022-09-05 17:00:00+00:00,23692
2022-09-05 18:00:00+00:00,27648
2022-09-05 19:00:00+00:00,31116
2022-09-05 20:00:00+00:00,31476
2022-09-05 21:00:00+00:00,31776
2022-09-05 22:00:00+00:00,31252
2022-09-05 23:00:00+00:00,30764
2022-09-06 00:00:00+00:00,30564
2022-09-06 01:00:00+00:00,30080
2022-09-06 02:00:00+00:00,29764
2022-09-06 03:00:00+00:00,29680
2022-09-06 04:00:00+00:00,30012
2022-09-06 05:00:00+00:00,31384
2022-09-06 06:00:00+00:00,31888
2022-09-06 07:00:00+00:00,32328
2022-09-06 08:00:00+00:00,32260
2022-09-06 09:00:00+00:00,29660
2022-09-06 10:00:00+00:00,26904
2022-09-06 11:00:00+00:00,24808
2022-09-06 12:00:00+00:00,23180
2022-09-06 13:00:00+00:00,21880
2022-09-06 14:00:00+00:00,21152
2022-09-06 15:00:00+00:00,21128
2022-09-06 16:00:00+00:00,21472
2022-09-06 17:00:00+00:00,23064
2022-09-06 18:00:00+00:00,26700
2022-09-06 19:00:00+00:00,29928
2022-09-06 20:00:00+00:00,30592
2022-09-06 21:00:00+00:00,30836
2022-09-06 22:00:00+00:00,30472
2022-09-06 23:00:00+00:00,29764
2022-09-07 00:00:00+00:00,29776
2022-09-07 01:00:00+00:00,29480
2022-09-07 02:00:00+00:00,28788
2022-09-07 03:00:00+00:00,28704
2022-09-07 04:00:00+00:00,28892
2022-09-07 05:00:00+00:00,30644
2022-09-07 06:00:00+00:00,30860
2022-09-07 07:00:00+00:00,31132
2022-09-07 08:00:00+00:00,31548
2022-09-07 09:00:00+00:00,29108
2022-09-07 10:00:00+00:00,26592
2022-09-07 11:00:00+00:00,24692
2022-09-07 12:00:00+00:00,23072
2022-09-07 13:00:00+00:00,21784
2022-09-07 14:00:00+00:00,20988
2022-09-07 15:00:00+00:00,20684
2022-09-07 16:00:00+00:00,20960
2022-09-07 17:00:00+00:00,22584
2022-09-07 18:00:00+00:00,25280
2022-09-07 19:00:00+00:00,28072
2022-09-07 20:00:00+00:00,28932
2022-09-07 21:00:00+00:00,29316
2022-09-07 22:00:00+00:00,28860
2022-09-07 23:00:00+00:00,28376
2022-09-08 00:00:00+00:00,28280
2022-09-08 01:00:00+00:00,27848
2022-09-08 02:00:00+00:00,27044
2022-09-08 03:00:00+00:00,26860
2022-09-08 04:00:00+00:00,27040
2022-09-08 05:00:00+00:00,28644
2022-09-08 06:00:00+00:00,29088
2022-09-08 07:00:00+00:00,29072
2022-09-08 08:00:00+00:00,28748
2022-09-08 09:00:00+00:00,26640
2022-09-08 10:00:00+00:00,24524
2022-09-08 11:00:00+00:00,22816
2022-09-08 12:00:00+00:00,21180
2022-09-08 13:00:00+00:00,19648
2022-09-08 14:00:00+00:00,18844
2022-09-08 15:00:00+00:00,18356
2022-09-08 16:00:00+00:00,18220
2022-09-08 17:00:00+00:00,18412
2022-09-08 18:00:00+00:00,19460
2022-09-08 19:00:00+00:00,20656
2022-09-08 20:00:00+00:00,22284
2022-09-08 21:00:00+00:00,23612
2022-09-08 22:00:00+00:00,23732
2022-09-08 23:00:00+00:00,23488
2022-09-09 00:00:00+00:00,23328
2022-09-09 01:00:00+00:00,23232
2022-09-09 02:00:00+00:00,22700
2022-09-09 03:00:00+00:00,22564
2022-09-09 04:00:00+00:00,22988
2022-09-09 05:00:00+00:00,25360
2022-09-09 06:00:00+00:00,26296
2022-09-09 07:00:00+00:00,25596
2022-09-09 08:00:00+00:00,24688
2022-09-09 09:00:00+00:00,21996
2022-09-09 10:00:00+00:00,20480
2022-09-09 11:00:00+00:00,19928
2022-09-09 12:00:00+00:00,19184
2022-09-09 13:00:00+00:00,18184
2022-09-09 14:00:00+00:00,17108
2022-09-09 15:00:00+00:00,16512
2022-09-09 16:00:00+00:00,16144
2022-09-09 17:00:00+00:00,16192
2022-09-09 18:00:00+00:00,16536
2022-09-09 19:00:00+00:00,16936
2022-09-09 20:00:00+00:00,17352
2022-09-09 21:00:00+00:00,18828
2022-09-09 22:00:00+00:00,19760
2022-09-09 23:00:00+00:00,20060
2022-09-10 00:00:00+00:00,20224
2022-09-10 01:00:00+00:00,20144
2022-09-10 02:00:00+00:00,18908
2022-09-10 03:00:00+00:00,18520
2022-09-10 04:00:00+00:00,19700
2022-09-10 05:00:00+00:00,21112
2022-09-10 06:00:00+00:00,22188
2022-09-10 07:00:00+00:00,22840
2022-09-10 08:00:00+00:00,23384
2022-09-10 09:00:00+00:00,22900
2022-09-10 10:00:00+00:00,21384
2022-09-10 11:00:00+00:00,19656
2022-09-10 12:00:00+00:00,18224
2022-09-10 13:00:00+00:00,17100
2022-09-10 14:00:00+00:00,16532
2022-09-10 15:00:00+00:00,16320
2022-09-10 16:00:00+00:00,16548
2022-09-10 17:00:00+00:00,17448
2022-09-10 18:00:00+00:00,18768
2022-09-10 19:00:00+00:00,19852
2022-09-10 20:00:00+00:00,20808
2022-09-10 21:00:00+00:00,22140
2022-09-10 22:00:00+00:00,22472
2022-09-10 23:00:00+00:00,22376
2022-09-11 00:00:00+00:00,22468
2022-09-11 01:00:00+00:00,22868
2022-09-11 02:00:00+00:00,22120
2022-09-11 03:00:00+00:00,21744
2022-09-11 04:00:00+00:00,22088
2022-09-11 05:00:00+00:00,23708
2022-09-11 06:00:00+00:00,24844
2022-09-11 07:00:00+00:00,25424
2022-09-11 08:00:00+00:00,25824
2022-09-11 09:00:00+00:00,24624
2022-09-11 10:00:00+00:00,22588
2022-09-11 11:00:00+00:00,21076
2022-09-11 12:00:00+00:00,19524
2022-09-11 13:00:00+00:00,18532
2022-09-11 14:00:00+00:00,17896
2022-09-11 15:00:00+00:00,17684
2022-09-11 16:00:00+00:00,17976
2022-09-11 17:00:00+00:00,19764
2022-09-11 18:00:00+00:00,22384
2022-09-11 19:00:00+00:00,24812
2022-09-11 20:00:00+00:00,26372
2022-09-11 21:00:00+00:00,26868
2022-09-11 22:00:00+00:00,26176
2022-09-11 23:00:00+00:00,25564
2022-09-12 00:00:00+00:00,25536
2022-09-12 01:00:00+00:00,25472
2022-09-12 02:00:00+00:00,24808
2022-09-12 03:00:00+00:00,25028
2022-09-12 04:00:00+00:00,26088
2022-09-12 05:00:00+00:00,27388
2022-09-12 06:00:00+00:00,28164
2022-09-12 07:00:00+00:00,28480
2022-09-12 08:00:00+00:00,28780
2022-09-12 09:00:00+00:00,26856
2022-09-12 10:00:00+00:00,24416
2022-09-12 11:00:00+00:00,22428
2022-09-12 12:00:00+00:00,20816
2022-09-12 13:00:00+00:00,19700
2022-09-12 14:00:00+00:00,19120
2022-09-12 15:00:00+00:00,18876
2022-09-12 16:00:00+00:00,19220
2022-09-12 17:00:00+00:00,20652
2022-09-12 18:00:00+00:00,23164
2022-09-12 19:00:00+00:00,25592
2022-09-12 20:00:00+00:00,26892
2022-09-12 21:00:00+00:00,27324
2022-09-12 22:00:00+00:00,26804
2022-09-12 23:00:00+00:00,26260
2022-09-13 00:00:00+00:00,26264
2022-09-13 01:00:00+00:00,26388
2022-09-13 02:00:00+00:00,25632
2022-09-13 03:00:00+00:00,25580
2022-09-13 04:00:00+00:00,26124
2022-09-13 05:00:00+00:00,28124
2022-09-13 06:00:00+00:00,28988
2022-09-13 07:00:00+00:00,29252
2022-09-13 08:00:00+00:00,29200
2022-09-13 09:00:00+00:00,27148
2022-09-13 10:00:00+00:00,24808
2022-09-13 11:00:00+00:00,22908
2022-09-13 12:00:00+00:00,21200
2022-09-13 13:00:00+00:00,19980
2022-09-13 14:00:00+00:00,19156
2022-09-13 15:00:00+00:00,18940
2022-09-13 16:00:00+00:00,19228
2022-09-13 17:00:00+00:00,20556
2022-09-13 18:00:00+00:00,22960
2022-09-13 19:00:00+00:00,25260
2022-09-13 20:00:00+00:00,26812
2022-09-13 21:00:00+00:00,27728
2022-09-13 22:00:00+00:00,27592
2022-09-13 23:00:00+00:00,27280
2022-09-14 00:00:00+00:00,27212
2022-09-14 01:00:00+00:00,27652
2022-09-14 02:00:00+00:00,26680
2022-09-14 03:00:00+00:00,26620
2022-09-14 04:00:00+00:00,27068
2022-09-14 05:00:00+00:00,28392
2022-09-14 06:00:00+00:00,29156
2022-09-14 07:00:00+00:00,29460
2022-09-14 08:00:00+00:00,29472
2022-09-14 09:00:00+00:00,27588
2022-09-14 10:00:00+00:00,25164
2022-09-14 11:00:00+00:00,23248
2022-09-14 12:00:00+00:00,21480
2022-09-14 13:00:00+00:00,20140
2022-09-14 14:00:00+00:00,19292
2022-09-14 15:00:00+00:00,18960
2022-09-14 16:00:00+00:00,19208
2022-09-14 17:00:00+00:00,20492
2022-09-14 18:00:00+00:00,22804
2022-09-14 19:00:00+00:00,25180
2022-09-14 20:00:00+00:00,26468
2022-09-14 21:00:00+00:00,27356
2022-09-14 22:00:00+00:00,26920
2022-09-14 23:00:00+00:00,26680
2022-09-15 00:00:00+00:00,26612
2022-09-15 01:00:00+00:00,26636
2022-09-15 02:00:00+00:00,25636
2022-09-15 03:00:00+00:00,25220
2022-09-15 04:00:00+00:00,25580
2022-09-15 05:00:00+00:00,27320
2022-09-15 06:00:00+00:00,28132
2022-09-15 07:00:00+00:00,28208
2022-09-15 08:00:00+00:00,28032
2022-09-15 09:00:00+00:00,26340
2022-09-15 10:00:00+00:00,24128
2022-09-15 11:00:00+00:00,22484
2022-09-15 12:00:00+00:00,20692
2022-09-15 13:00:00+00:00,19180
2022-09-15 14:00:00+00:00,18292
2022-09-15 15:00:00+00:00,17880
2022-09-15 16:00:00+00:00,17764
2022-09-15 17:00:00+00:00,18232
2022-09-15 18:00:00+00:00,19228
2022-09-15 19:00:00+00:00,20452
2022-09-15 20:00:00+00:00,21880
2022-09-15 21:00:00+00:00,23316
2022-09-15 22:00:00+00:00,23344
2022-09-15 23:00:00+00:00,22956
2022-09-16 00:00:00+00:00,22748
2022-09-16 01:00:00+00:00,22932
2022-09-16 02:00:00+00:00,22296
2022-09-16 03:00:00+00:00,22304
2022-09-16 04:00:00+00:00,22716
2022-09-16 05:00:00+00:00,25164
2022-09-16 06:00:00+00:00,26716
2022-09-16 07:00:00+00:00,26652
2022-09-16 08:00:00+00:00,25756
2022-09-16 09:00:00+00:00,23096
2022-09-16 10:00:00+00:00,21236
2022-09-16 11:00:00+00:00,21517
2022-09-16 12:00:00+00:00,31292
2022-09-16 13:00:00+00:00,30796
2022-09-16 14:00:00+00:00,30587
2022-09-16 15:00:00+00:00,30425
2022-09-16 16:00:00+00:00,29693
2022-09-16 17:00:00+00:00,29480
2022-09-16 18:00:00+00:00,30664
2022-09-16 19:00:00+00:00,30831
2022-09-16 20:00:00+00:00,28365
2022-09-16 21:00:00+00:00,26160
2022-09-16 22:00:00+00:00,25439
2022-09-16 23:00:00+00:00,24215
2022-09-17 00:00:00+00:00,23405
2022-09-17 01:00:00+00:00,22963
2022-09-17 02:00:00+00:00,22917
2022-09-17 03:00:00+00:00,23139
2022-09-17 04:00:00+00:00,25211
2022-09-17 05:00:00+00:00,28139
2022-09-17 06:00:00+00:00,28994
2022-09-17 07:00:00+00:00,29917
2022-09-17 08:00:00+00:00,30285
2022-09-17 09:00:00+00:00,30709
2022-09-17 10:00:00+00:00,31330
2022-09-17 11:00:00+00:00,31583
2022-09-17 12:00:00+00:00,31319
2022-09-17 13:00:00+00:00,30428
2022-09-17 14:00:00+00:00,30041
2022-09-17 15:00:00+00:00,29912
2022-09-17 16:00:00+00:00,29474
2022-09-17 17:00:00+00:00,29252
2022-09-17 18:00:00+00:00,30306
2022-09-17 19:00:00+00:00,30248
2022-09-17 20:00:00+00:00,27991
2022-09-17 21:00:00+00:00,26045
2022-09-17 22:00:00+00:00,25120
2022-09-17 23:00:00+00:00,23872
2022-09-18 00:00:00+00:00,22807
2022-09-18 01:00:00+00:00,22252
2022-09-18 02:00:00+00:00,21869
2022-09-18 03:00:00+00:00,21692
2022-09-18 04:00:00+00:00,22073
2022-09-18 05:00:00+00:00,22873
2022-09-18 06:00:00+00:00,23635
2022-09-18 07:00:00+00:00,25274
2022-09-18 08:00:00+00:00,26561
2022-09-18 09:00:00+00:00,27048
2022-09-18 10:00:00+00:00,27465
2022-09-18 11:00:00+00:00,27752
2022-09-18 12:00:00+00:00,27206
2022-09-18 13:00:00+00:00,25959
2022-09-18 14:00:00+00:00,25300
2022-09-18 15:00:00+00:00,25104
2022-09-18 16:00:00+00:00,25182
2022-09-18 17:00:00+00:00,25360
2022-09-18 18:00:00+00:00,27018
2022-09-18 19:00:00+00:00,27568
2022-09-18 20:00:00+00:00,25744
2022-09-18 21:00:00+00:00,24225
2022-09-18 22:00:00+00:00,22961
2022-09-18 23:00:00+00:00,21702
2022-09-19 00:00:00+00:00,20730
2022-09-19 01:00:00+00:00,20267
2022-09-19 02:00:00+00:00,19957
2022-09-19 03:00:00+00:00,19832
2022-09-19 04:00:00+00:00,20019
2022-09-19 05:00:00+00:00,20322
2022-09-19 06:00:00+00:00,20499
2022-09-19 07:00:00+00:00,21901
2022-09-19 08:00:00+00:00,23195
2022-09-19 09:00:00+00:00,23954
2022-09-19 10:00:00+00:00,24293
2022-09-19 11:00:00+00:00,24877
2022-09-19 12:00:00+00:00,24917
2022-09-19 13:00:00+00:00,23894
2022-09-19 14:00:00+00:00,23323
2022-09-19 15:00:00+00:00,23149
2022-09-19 16:00:00+00:00,23407
2022-09-19 17:00:00+00:00,23883
2022-09-19 18:00:00+00:00,26188
2022-09-19 19:00:00+00:00,27048
2022-09-19 20:00:00+00:00,25829
2022-09-19 21:00:00+00:00,24220
2022-09-19 22:00:00+00:00,22837
2022-09-19 23:00:00+00:00,21785
2022-09-20 00:00:00+00:00,21046
2022-09-20 01:00:00+00:00,20658
2022-09-20 02:00:00+00:00,20801
2022-09-20 03:00:00+00:00,21440
2022-09-20 04:00:00+00:00,23917
2022-09-20 05:00:00+00:00,27157
2022-09-20 06:00:00+00:00,28236
2022-09-20 07:00:00+00:00,29030
2022-09-20 08:00:00+00:00,29379
2022-09-20 09:00:00+00:00,29842
2022-09-20 10:00:00+00:00,30448
2022-09-20 11:00:00+00:00,30703
2022-09-20 12:00:00+00:00,30457
2022-09-20 13:00:00+00:00,29627
2022-09-20 14:00:00+00:00,29239
2022-09-20 15:00:00+00:00,29371
2022-09-20 16:00:00+00:00,28871
2022-09-20 17:00:00+00:00,28818
2022-09-20 18:00:00+00:00,30487
2022-09-20 19:00:00+00:00,30346
2022-09-20 20:00:00+00:00,27669
2022-09-20 21:00:00+00:00,25401
2022-09-20 22:00:00+00:00,24409
2022-09-20 23:00:00+00:00,23427
2022-09-21 00:00:00+00:00,22517
2022-09-21 01:00:00+00:00,22107
2022-09-21 02:00:00+00:00,22088
2022-09-21 03:00:00+00:00,22602
2022-09-21 04:00:00+00:00,24580
2022-09-21 05:00:00+00:00,27545
2022-09-21 06:00:00+00:00,28593
2022-09-21 07:00:00+00:00,29168
2022-09-21 08:00:00+00:00,29182
2022-09-21 09:00:00+00:00,29528
2022-09-21 10:00:00+00:00,30152
2022-09-21 11:00:00+00:00,30250
2022-09-21 12:00:00+00:00,29709
2022-09-21 13:00:00+00:00,28860
2022-09-21 14:00:00+00:00,28548
2022-09-21 15:00:00+00:00,28498
2022-09-21 16:00:00+00:00,27973
2022-09-21 17:00:00+00:00,28228
2022-09-21 18:00:00+00:00,30166
2022-09-21 19:00:00+00:00,30171
2022-09-21 20:00:00+00:00,27612
2022-09-21 21:00:00+00:00,25404
2022-09-21 22:00:00+00:00,24496
2022-09-21 23:00:00+00:00,23440
2022-09-22 00:00:00+00:00,22674
2022-09-22 01:00:00+00:00,22418
2022-09-22 02:00:00+00:00,22437
2022-09-22 03:00:00+00:00,22906
2022-09-22 04:00:00+00:00,25057
2022-09-22 05:00:00+00:00,28075
2022-09-22 06:00:00+00:00,29028
2022-09-22 07:00:00+00:00,29557
2022-09-22 08:00:00+00:00,29934
2022-09-22 09:00:00+00:00,30094
2022-09-22 10:00:00+00:00,30413
2022-09-22 11:00:00+00:00,30512
2022-09-22 12:00:00+00:00,30091
2022-09-22 13:00:00+00:00,29219
2022-09-22 14:00:00+00:00,28701
2022-09-22 15:00:00+00:00,28665
2022-09-22 16:00:00+00:00,28286
2022-09-22 17:00:00+00:00,28569
2022-09-22 18:00:00+00:00,30491
2022-09-22 19:00:00+00:00,30254
2022-09-22 20:00:00+00:00,27637
2022-09-22 21:00:00+00:00,25369
2022-09-22 22:00:00+00:00,24657
2022-09-22 23:00:00+00:00,23550
2022-09-23 00:00:00+00:00,22724
2022-09-23 01:00:00+00:00,22414
2022-09-23 02:00:00+00:00,22230
2022-09-23 03:00:00+00:00,22803
2022-09-23 04:00:00+00:00,24903
2022-09-23 05:00:00+00:00,27892
2022-09-23 06:00:00+00:00,28933
2022-09-23 07:00:00+00:00,29681
2022-09-23 08:00:00+00:00,29979
2022-09-23 09:00:00+00:00,30123
2022-09-23 10:00:00+00:00,30592
2022-09-23 11:00:00+00:00,30697
2022-09-23 12:00:00+00:00,30072
2022-09-23 13:00:00+00:00,29320
2022-09-23 14:00:00+00:00,28905
2022-09-23 15:00:00+00:00,28894
2022-09-23 16:00:00+00:00,28493
2022-09-23 17:00:00+00:00,28676
2022-09-23 18:00:00+00:00,30654
2022-09-23 19:00:00+00:00,30273
2022-09-23 20:00:00+00:00,27785
2022-09-23 21:00:00+00:00,25582
2022-09-23 22:00:00+00:00,24867
2022-09-23 23:00:00+00:00,23815
2022-09-24 00:00:00+00:00,23048
2022-09-24 01:00:00+00:00,22616
2022-09-24 02:00:00+00:00,22421
2022-09-24 03:00:00+00:00,22774
2022-09-24 04:00:00+00:00,24833
2022-09-24 05:00:00+00:00,27629
2022-09-24 06:00:00+00:00,28607
2022-09-24 07:00:00+00:00,29460
2022-09-24 08:00:00+00:00,30018
2022-09-24 09:00:00+00:00,30409
2022-09-24 10:00:00+00:00,30807
2022-09-24 11:00:00+00:00,30745
2022-09-24 12:00:00+00:00,30088
2022-09-24 13:00:00+00:00,29121
2022-09-24 14:00:00+00:00,28592
2022-09-24 15:00:00+00:00,28292
2022-09-24 16:00:00+00:00,27927
2022-09-24 17:00:00+00:00,28060
2022-09-24 18:00:00+00:00,29879
2022-09-24 19:00:00+00:00,29597
2022-09-24 20:00:00+00:00,27278
2022-09-24 21:00:00+00:00,25342
2022-09-24 22:00:00+00:00,24657
2022-09-24 23:00:00+00:00,23440
2022-09-25 00:00:00+00:00,22461
2022-09-25 01:00:00+00:00,21761
2022-09-25 02:00:00+00:00,21438
2022-09-25 03:00:00+00:00,21337
2022-09-25 04:00:00+00:00,21846
2022-09-25 05:00:00+00:00,22825
2022-09-25 06:00:00+00:00,23440
2022-09-25 07:00:00+00:00,25211
2022-09-25 08:00:00+00:00,26614
2022-09-25 09:00:00+00:00,27055
2022-09-25 10:00:00+00:00,27291
2022-09-25 11:00:00+00:00,27706
2022-09-25 12:00:00+00:00,27104
2022-09-25 13:00:00+00:00,25777
2022-09-25 14:00:00+00:00,24971
2022-09-25 15:00:00+00:00,24924
2022-09-25 16:00:00+00:00,24884
2022-09-25 17:00:00+00:00,25312
2022-09-25 18:00:00+00:00,27205
2022-09-25 19:00:00+00:00,27292
2022-09-25 20:00:00+00:00,25213
2022-09-25 21:00:00+00:00,23774
2022-09-25 22:00:00+00:00,22533
2022-09-25 23:00:00+00:00,21290
2022-09-26 00:00:00+00:00,20252
2022-09-26 01:00:00+00:00,19870
2022-09-26 02:00:00+00:00,19596
2022-09-26 03:00:00+00:00,19542
2022-09-26 04:00:00+00:00,19764
2022-09-26 05:00:00+00:00,20235
2022-09-26 06:00:00+00:00,20366
2022-09-26 07:00:00+00:00,21884
2022-09-26 08:00:00+00:00,23232
2022-09-26 09:00:00+00:00,23922
2022-09-26 10:00:00+00:00,24379
2022-09-26 11:00:00+00:00,24965
2022-09-26 12:00:00+00:00,25023
2022-09-26 13:00:00+00:00,23846
2022-09-26 14:00:00+00:00,23260
2022-09-26 15:00:00+00:00,23037
2022-09-26 16:00:00+00:00,23255
2022-09-26 17:00:00+00:00,23867
2022-09-26 18:00:00+00:00,26471
2022-09-26 19:00:00+00:00,26990
2022-09-26 20:00:00+00:00,25312
2022-09-26 21:00:00+00:00,23737
2022-09-26 22:00:00+00:00,22596
2022-09-26 23:00:00+00:00,21444
2022-09-27 00:00:00+00:00,20845
2022-09-27 01:00:00+00:00,20564
2022-09-27 02:00:00+00:00,20651
2022-09-27 03:00:00+00:00,21245
2022-09-27 04:00:00+00:00,23776
2022-09-27 05:00:00+00:00,27261
2022-09-27 06:00:00+00:00,28328
2022-09-27 07:00:00+00:00,28904
2022-09-27 08:00:00+00:00,29253
2022-09-27 09:00:00+00:00,29832
2022-09-27 10:00:00+00:00,30608
2022-09-27 11:00:00+00:00,30929
2022-09-27 12:00:00+00:00,30500
2022-09-27 13:00:00+00:00,29721
2022-09-27 14:00:00+00:00,29614
2022-09-27 15:00:00+00:00,29549
2022-09-27 16:00:00+00:00,29018
2022-09-27 17:00:00+00:00,29092
2022-09-27 18:00:00+00:00,31038
2022-09-27 19:00:00+00:00,30567
2022-09-27 20:00:00+00:00,27915
2022-09-27 21:00:00+00:00,25507
2022-09-27 22:00:00+00:00,24710
2022-09-27 23:00:00+00:00,23673
2022-09-28 00:00:00+00:00,22914
2022-09-28 01:00:00+00:00,22558
2022-09-28 02:00:00+00:00,22432
2022-09-28 03:00:00+00:00,22892
2022-09-28 04:00:00+00:00,25163
2022-09-28 05:00:00+00:00,28051
2022-09-28 06:00:00+00:00,29027
2022-09-28 07:00:00+00:00,29826
2022-09-28 08:00:00+00:00,30271
2022-09-28 09:00:00+00:00,30763
2022-09-28 10:00:00+00:00,31217
2022-09-28 11:00:00+00:00,31342
2022-09-28 12:00:00+00:00,30757
2022-09-28 13:00:00+00:00,30098
2022-09-28 14:00:00+00:00,29819
2022-09-28 15:00:00+00:00,29827
2022-09-28 16:00:00+00:00,29248
2022-09-28 17:00:00+00:00,29537
2022-09-28 18:00:00+00:00,31512
2022-09-28 19:00:00+00:00,30770
2022-09-28 20:00:00+00:00,28058
2022-09-28 21:00:00+00:00,25907
2022-09-28 22:00:00+00:00,25073
2022-09-28 23:00:00+00:00,23925
2022-09-29 00:00:00+00:00,23234
2022-09-29 01:00:00+00:00,22833
2022-09-29 02:00:00+00:00,22662
2022-09-29 03:00:00+00:00,23119
2022-09-29 04:00:00+00:00,25341
2022-09-29 05:00:00+00:00,28458
2022-09-29 06:00:00+00:00,29414
2022-09-29 07:00:00+00:00,29957
2022-09-29 08:00:00+00:00,29950
2022-09-29 09:00:00+00:00,30570
2022-09-29 10:00:00+00:00,31282
2022-09-29 11:00:00+00:00,31344
2022-09-29 12:00:00+00:00,30728
2022-09-29 13:00:00+00:00,30031
2022-09-29 14:00:00+00:00,29780
2022-09-29 15:00:00+00:00,29574
2022-09-29 16:00:00+00:00,29011
2022-09-29 17:00:00+00:00,29254
2022-09-29 18:00:00+00:00,31298
2022-09-29 19:00:00+00:00,30690
2022-09-29 20:00:00+00:00,27876
2022-09-29 21:00:00+00:00,25672
2022-09-29 22:00:00+00:00,24754
2022-09-29 23:00:00+00:00,23631
2022-09-30 00:00:00+00:00,23009
2022-09-30 01:00:00+00:00,22527
2022-09-30 02:00:00+00:00,22377
2022-09-30 03:00:00+00:00,22828
2022-09-30 04:00:00+00:00,24937
2022-09-30 05:00:00+00:00,27917
2022-09-30 06:00:00+00:00,28844
2022-09-30 07:00:00+00:00,29543
2022-09-30 08:00:00+00:00,29811
2022-09-30 09:00:00+00:00,30263
2022-09-30 10:00:00+00:00,30693
2022-09-30 11:00:00+00:00,30830
2022-09-30 12:00:00+00:00,30433
2022-09-30 13:00:00+00:00,29897
2022-09-30 14:00:00+00:00,29666
2022-09-30 15:00:00+00:00,29514
2022-09-30 16:00:00+00:00,28996
2022-09-30 17:00:00+00:00,29156
2022-09-30 18:00:00+00:00,31127
2022-09-30 19:00:00+00:00,30673
2022-09-30 20:00:00+00:00,28015
2022-09-30 21:00:00+00:00,25808
2022-09-30 22:00:00+00:00,25142
2022-09-30 23:00:00+00:00,24050
2022-10-01 00:00:00+00:00,23134
2022-10-01 01:00:00+00:00,22778
2022-10-01 02:00:00+00:00,22538
2022-10-01 03:00:00+00:00,22817
2022-10-01 04:00:00+00:00,24903
2022-10-01 05:00:00+00:00,27996
2022-10-01 06:00:00+00:00,28943
2022-10-01 07:00:00+00:00,29571
2022-10-01 08:00:00+00:00,29909
2022-10-01 09:00:00+00:00,30242
2022-10-01 10:00:00+00:00,30782
2022-10-01 11:00:00+00:00,30915
2022-10-01 12:00:00+00:00,30257
2022-10-01 13:00:00+00:00,29344
2022-10-01 14:00:00+00:00,28945
2022-10-01 15:00:00+00:00,28754
2022-10-01 16:00:00+00:00,28326
2022-10-01 17:00:00+00:00,28446
2022-10-01 18:00:00+00:00,30123
2022-10-01 19:00:00+00:00,29474
2022-10-01 20:00:00+00:00,27177
2022-10-01 21:00:00+00:00,25311
2022-10-01 22:00:00+00:00,24610
2022-10-01 23:00:00+00:00,23381
2022-10-02 00:00:00+00:00,22308
2022-10-02 01:00:00+00:00,21731
2022-10-02 02:00:00+00:00,21325
2022-10-02 03:00:00+00:00,21097
2022-10-02 04:00:00+00:00,21520
2022-10-02 05:00:00+00:00,22517
2022-10-02 06:00:00+00:00,23350
2022-10-02 07:00:00+00:00,25082
2022-10-02 08:00:00+00:00,26245
2022-10-02 09:00:00+00:00,26510
2022-10-02 10:00:00+00:00,26762
2022-10-02 11:00:00+00:00,27056
2022-10-02 12:00:00+00:00,26540
2022-10-02 13:00:00+00:00,25427
2022-10-02 14:00:00+00:00,24649
2022-10-02 15:00:00+00:00,24422
2022-10-02 16:00:00+00:00,24499
2022-10-02 17:00:00+00:00,25175
2022-10-02 18:00:00+00:00,27205
2022-10-02 19:00:00+00:00,27127
2022-10-02 20:00:00+00:00,25293
2022-10-02 21:00:00+00:00,23694
2022-10-02 22:00:00+00:00,22556
2022-10-02 23:00:00+00:00,21361
2022-10-03 00:00:00+00:00,20355
2022-10-03 01:00:00+00:00,19862
2022-10-03 02:00:00+00:00,19667
2022-10-03 03:00:00+00:00,19655
2022-10-03 04:00:00+00:00,19894
2022-10-03 05:00:00+00:00,20500
2022-10-03 06:00:00+00:00,20723
2022-10-03 07:00:00+00:00,22012
2022-10-03 08:00:00+00:00,23580
2022-10-03 09:00:00+00:00,24544
2022-10-03 10:00:00+00:00,25022
2022-10-03 11:00:00+00:00,25405
2022-10-03 12:00:00+00:00,25111
2022-10-03 13:00:00+00:00,23401
2022-10-03 14:00:00+00:00,22626
2022-10-03 15:00:00+00:00,22556
2022-10-03 16:00:00+00:00,22620
2022-10-03 17:00:00+00:00,23541
2022-10-03 18:00:00+00:00,26036
2022-10-03 19:00:00+00:00,26236
2022-10-03 20:00:00+00:00,24796
2022-10-03 21:00:00+00:00,23031
2022-10-03 22:00:00+00:00,21905
2022-10-03 23:00:00+00:00,20880
2022-10-04 00:00:00+00:00,20322
2022-10-04 01:00:00+00:00,20038
2022-10-04 02:00:00+00:00,20195
2022-10-04 03:00:00+00:00,20757
2022-10-04 04:00:00+00:00,23182
2022-10-04 05:00:00+00:00,26474
2022-10-04 06:00:00+00:00,27670
2022-10-04 07:00:00+00:00,28331
2022-10-04 08:00:00+00:00,28758
2022-10-04 09:00:00+00:00,28932
2022-10-04 10:00:00+00:00,29104
2022-10-04 11:00:00+00:00,29098
2022-10-04 12:00:00+00:00,28639
2022-10-04 13:00:00+00:00,27796
2022-10-04 14:00:00+00:00,27474
2022-10-04 15:00:00+00:00,27326
2022-10-04 16:00:00+00:00,26876
2022-10-04 17:00:00+00:00,27497
2022-10-04 18:00:00+00:00,29854
2022-10-04 19:00:00+00:00,29333
2022-10-04 20:00:00+00:00,26774
2022-10-04 21:00:00+00:00,24647
2022-10-04 22:00:00+00:00,23875
2022-10-04 23:00:00+00:00,22878
2022-10-05 00:00:00+00:00,22084
2022-10-05 01:00:00+00:00,21588
2022-10-05 02:00:00+00:00,21446
2022-10-05 03:00:00+00:00,21889
2022-10-05 04:00:00+00:00,24114
2022-10-05 05:00:00+00:00,27323
2022-10-05 06:00:00+00:00,28367
2022-10-05 07:00:00+00:00,28842
2022-10-05 08:00:00+00:00,28859
2022-10-05 09:00:00+00:00,29204
2022-10-05 10:00:00+00:00,29665
2022-10-05 11:00:00+00:00,29880
2022-10-05 12:00:00+00:00,29334
2022-10-05 13:00:00+00:00,28622
2022-10-05 14:00:00+00:00,28349
2022-10-05 15:00:00+00:00,28241
2022-10-05 16:00:00+00:00,27904
2022-10-05 17:00:00+00:00,28600
2022-10-05 18:00:00+00:00,30851
2022-10-05 19:00:00+00:00,30143
2022-10-05 20:00:00+00:00,27481
2022-10-05 21:00:00+00:00,25206
2022-10-05 22:00:00+00:00,24430
2022-10-05 23:00:00+00:00,23314
2022-10-06 00:00:00+00:00,22597
2022-10-06 01:00:00+00:00,22253
2022-10-06 02:00:00+00:00,22313
2022-10-06 03:00:00+00:00,22761
2022-10-06 04:00:00+00:00,25048
2022-10-06 05:00:00+00:00,28211
2022-10-06 06:00:00+00:00,29369
2022-10-06 07:00:00+00:00,29635
2022-10-06 08:00:00+00:00,29902
2022-10-06 09:00:00+00:00,30244
2022-10-06 10:00:00+00:00,30625
2022-10-06 11:00:00+00:00,30622
2022-10-06 12:00:00+00:00,30171
2022-10-06 13:00:00+00:00,29316
2022-10-06 14:00:00+00:00,28965
2022-10-06 15:00:00+00:00,28920
2022-10-06 16:00:00+00:00,28373
2022-10-06 17:00:00+00:00,28707
2022-10-06 18:00:00+00:00,31005
2022-10-06 19:00:00+00:00,30324
2022-10-06 20:00:00+00:00,27872
2022-10-06 21:00:00+00:00,25529
2022-10-06 22:00:00+00:00,24645
2022-10-06 23:00:00+00:00,23482
2022-10-07 00:00:00+00:00,22663
2022-10-07 01:00:00+00:00,22327
2022-10-07 02:00:00+00:00,22302
2022-10-07 03:00:00+00:00,22693
2022-10-07 04:00:00+00:00,24775
2022-10-07 05:00:00+00:00,27799
2022-10-07 06:00:00+00:00,28754
2022-10-07 07:00:00+00:00,29216
2022-10-07 08:00:00+00:00,29442
2022-10-07 09:00:00+00:00,29518
2022-10-07 10:00:00+00:00,29975
2022-10-07 11:00:00+00:00,29998
2022-10-07 12:00:00+00:00,29629
2022-10-07 13:00:00+00:00,28804
2022-10-07 14:00:00+00:00,28567
2022-10-07 15:00:00+00:00,28521
2022-10-07 16:00:00+00:00,28125
2022-10-07 17:00:00+00:00,28485
2022-10-07 18:00:00+00:00,30541
2022-10-07 19:00:00+00:00,29985
2022-10-07 20:00:00+00:00,27420
2022-10-07 21:00:00+00:00,25318
2022-10-07 22:00:00+00:00,24640
2022-10-07 23:00:00+00:00,23627
2022-10-08 00:00:00+00:00,22718
2022-10-08 01:00:00+00:00,22332
2022-10-08 02:00:00+00:00,22076
2022-10-08 03:00:00+00:00,22631
2022-10-08 04:00:00+00:00,24550
2022-10-08 05:00:00+00:00,27668
2022-10-08 06:00:00+00:00,28603
2022-10-08 07:00:00+00:00,28996
2022-10-08 08:00:00+00:00,29171
2022-10-08 09:00:00+00:00,29608
2022-10-08 10:00:00+00:00,29944
2022-10-08 11:00:00+00:00,29975
2022-10-08 12:00:00+00:00,29462
2022-10-08 13:00:00+00:00,28688
2022-10-08 14:00:00+00:00,28320
2022-10-08 15:00:00+00:00,28143
2022-10-08 16:00:00+00:00,27675
2022-10-08 17:00:00+00:00,28203
2022-10-08 18:00:00+00:00,29935
2022-10-08 19:00:00+00:00,29190
2022-10-08 20:00:00+00:00,26967
2022-10-08 21:00:00+00:00,25027
2022-10-08 22:00:00+00:00,24153
2022-10-08 23:00:00+00:00,23156
2022-10-09 00:00:00+00:00,22049
2022-10-09 01:00:00+00:00,21474
2022-10-09 02:00:00+00:00,21257
2022-10-09 03:00:00+00:00,21062
2022-10-09 04:00:00+00:00,21260
2022-10-09 05:00:00+00:00,22298
2022-10-09 06:00:00+00:00,23156
2022-10-09 07:00:00+00:00,24812
2022-10-09 08:00:00+00:00,25979
2022-10-09 09:00:00+00:00,26231
2022-10-09 10:00:00+00:00,26348
2022-10-09 11:00:00+00:00,26422
2022-10-09 12:00:00+00:00,25929
2022-10-09 13:00:00+00:00,24766
2022-10-09 14:00:00+00:00,24095
2022-10-09 15:00:00+00:00,23979
2022-10-09 16:00:00+00:00,23833
2022-10-09 17:00:00+00:00,24759
2022-10-09 18:00:00+00:00,26829
2022-10-09 19:00:00+00:00,26633
2022-10-09 20:00:00+00:00,24833
2022-10-09 21:00:00+00:00,23429
2022-10-09 22:00:00+00:00,22194
2022-10-09 23:00:00+00:00,20980
2022-10-10 00:00:00+00:00,20111
2022-10-10 01:00:00+00:00,19611
2022-10-10 02:00:00+00:00,19154
2022-10-10 03:00:00+00:00,19100
2022-10-10 04:00:00+00:00,19419
2022-10-10 05:00:00+00:00,20023
2022-10-10 06:00:00+00:00,20315
2022-10-10 07:00:00+00:00,21664
2022-10-10 08:00:00+00:00,23052
2022-10-10 09:00:00+00:00,23620
2022-10-10 10:00:00+00:00,23681
2022-10-10 11:00:00+00:00,24151
2022-10-10 12:00:00+00:00,24007
2022-10-10 13:00:00+00:00,22836
2022-10-10 14:00:00+00:00,22204
2022-10-10 15:00:00+00:00,22074
2022-10-10 16:00:00+00:00,22244
2022-10-10 17:00:00+00:00,23195
2022-10-10 18:00:00+00:00,25660
2022-10-10 19:00:00+00:00,25593
2022-10-10 20:00:00+00:00,24266
2022-10-10 21:00:00+00:00,22695
2022-10-10 22:00:00+00:00,21360
2022-10-10 23:00:00+00:00,20437
2022-10-11 00:00:00+00:00,19703
2022-10-11 01:00:00+00:00,19393
2022-10-11 02:00:00+00:00,19321
2022-10-11 03:00:00+00:00,19789
2022-10-11 04:00:00+00:00,21464
2022-10-11 05:00:00+00:00,23698
2022-10-11 06:00:00+00:00,24711
2022-10-11 07:00:00+00:00,25638
2022-10-11 08:00:00+00:00,26300
2022-10-11 09:00:00+00:00,26376
2022-10-11 10:00:00+00:00,26658
2022-10-11 11:00:00+00:00,27028
2022-10-11 12:00:00+00:00,26814
2022-10-11 13:00:00+00:00,25781
2022-10-11 14:00:00+00:00,25333
2022-10-11 15:00:00+00:00,25466
2022-10-11 16:00:00+00:00,25129
2022-10-11 17:00:00+00:00,25906
2022-10-11 18:00:00+00:00,27664
2022-10-11 19:00:00+00:00,27052
2022-10-11 20:00:00+00:00,25017
2022-10-11 21:00:00+00:00,23178
2022-10-11 22:00:00+00:00,22406
2022-10-11 23:00:00+00:00,21353
2022-10-12 00:00:00+00:00,20457
2022-10-12 01:00:00+00:00,20009
2022-10-12 02:00:00+00:00,19737
2022-10-12 03:00:00+00:00,19682
2022-10-12 04:00:00+00:00,20069
2022-10-12 05:00:00+00:00,20725
2022-10-12 06:00:00+00:00,20955
2022-10-12 07:00:00+00:00,22097
2022-10-12 08:00:00+00:00,23229
2022-10-12 09:00:00+00:00,23792
2022-10-12 10:00:00+00:00,24116
2022-10-12 11:00:00+00:00,24481
2022-10-12 12:00:00+00:00,24354
2022-10-12 13:00:00+00:00,23119
2022-10-12 14:00:00+00:00,22621
2022-10-12 15:00:00+00:00,22488
2022-10-12 16:00:00+00:00,22633
2022-10-12 17:00:00+00:00,23932
2022-10-12 18:00:00+00:00,26437
2022-10-12 19:00:00+00:00,26349
2022-10-12 20:00:00+00:00,24955
2022-10-12 21:00:00+00:00,23214
2022-10-12 22:00:00+00:00,22402
2022-10-12 23:00:00+00:00,21471
2022-10-13 00:00:00+00:00,20658
2022-10-13 01:00:00+00:00,20129
2022-10-13 02:00:00+00:00,20128
2022-10-13 03:00:00+00:00,20850
2022-10-13 04:00:00+00:00,23473
2022-10-13 05:00:00+00:00,26966
2022-10-13 06:00:00+00:00,28401
2022-10-13 07:00:00+00:00,28830
2022-10-13 08:00:00+00:00,29001
2022-10-13 09:00:00+00:00,29127
2022-10-13 10:00:00+00:00,29531
2022-10-13 11:00:00+00:00,29621
2022-10-13 12:00:00+00:00,29063
2022-10-13 13:00:00+00:00,28446
2022-10-13 14:00:00+00:00,28211
2022-10-13 15:00:00+00:00,28063
2022-10-13 16:00:00+00:00,27613
2022-10-13 17:00:00+00:00,28583
2022-10-13 18:00:00+00:00,30788
2022-10-13 19:00:00+00:00,29973
2022-10-13 20:00:00+00:00,27197
2022-10-13 21:00:00+00:00,24947
2022-10-13 22:00:00+00:00,23974
2022-10-13 23:00:00+00:00,22897
2022-10-14 00:00:00+00:00,22024
2022-10-14 01:00:00+00:00,21736
2022-10-14 02:00:00+00:00,21731
2022-10-14 03:00:00+00:00,22110
2022-10-14 04:00:00+00:00,24350
2022-10-14 05:00:00+00:00,27665
2022-10-14 06:00:00+00:00,28921
2022-10-14 07:00:00+00:00,28976
2022-10-14 08:00:00+00:00,28615
2022-10-14 09:00:00+00:00,28408
2022-10-14 10:00:00+00:00,28824
2022-10-14 11:00:00+00:00,29013
2022-10-14 12:00:00+00:00,28583
2022-10-14 13:00:00+00:00,27813
2022-10-14 14:00:00+00:00,27795
2022-10-14 15:00:00+00:00,27659
2022-10-14 16:00:00+00:00,27758
2022-10-14 17:00:00+00:00,28857
2022-10-14 18:00:00+00:00,30811
2022-10-14 19:00:00+00:00,30019
2022-10-14 20:00:00+00:00,27413
2022-10-14 21:00:00+00:00,25261
2022-10-14 22:00:00+00:00,24326
2022-10-14 23:00:00+00:00,23178
2022-10-15 00:00:00+00:00,22403
2022-10-15 01:00:00+00:00,22033
2022-10-15 02:00:00+00:00,21854
2022-10-15 03:00:00+00:00,22251
2022-10-15 04:00:00+00:00,24566
2022-10-15 05:00:00+00:00,27816
2022-10-15 06:00:00+00:00,29063
2022-10-15 07:00:00+00:00,29489
2022-10-15 08:00:00+00:00,29688
2022-10-15 09:00:00+00:00,29907
2022-10-15 10:00:00+00:00,30236
2022-10-15 11:00:00+00:00,30209
2022-10-15 12:00:00+00:00,29692
2022-10-15 13:00:00+00:00,28803
2022-10-15 14:00:00+00:00,28371
2022-10-15 15:00:00+00:00,28131
2022-10-15 16:00:00+00:00,27804
2022-10-15 17:00:00+00:00,28588
2022-10-15 18:00:00+00:00,30091
2022-10-15 19:00:00+00:00,29168
2022-10-15 20:00:00+00:00,26944
2022-10-15 21:00:00+00:00,24843
2022-10-15 22:00:00+00:00,24033
2022-10-15 23:00:00+00:00,22899
2022-10-16 00:00:00+00:00,21869
2022-10-16 01:00:00+00:00,21331
2022-10-16 02:00:00+00:00,21006
2022-10-16 03:00:00+00:00,20852
2022-10-16 04:00:00+00:00,21416
2022-10-16 05:00:00+00:00,22606
2022-10-16 06:00:00+00:00,23647
2022-10-16 07:00:00+00:00,25244
2022-10-16 08:00:00+00:00,26532
2022-10-16 09:00:00+00:00,26818
2022-10-16 10:00:00+00:00,26860
2022-10-16 11:00:00+00:00,27025
2022-10-16 12:00:00+00:00,26630
2022-10-16 13:00:00+00:00,25274
2022-10-16 14:00:00+00:00,24342
2022-10-16 15:00:00+00:00,24083
2022-10-16 16:00:00+00:00,24064
2022-10-16 17:00:00+00:00,25224
2022-10-16 18:00:00+00:00,26957
2022-10-16 19:00:00+00:00,26588
2022-10-16 20:00:00+00:00,24920
2022-10-16 21:00:00+00:00,23319
2022-10-16 22:00:00+00:00,22218
2022-10-16 23:00:00+00:00,21114
2022-10-17 00:00:00+00:00,20173
2022-10-17 01:00:00+00:00,19613
2022-10-17 02:00:00+00:00,19410
2022-10-17 03:00:00+00:00,19289
2022-10-17 04:00:00+00:00,19538
2022-10-17 05:00:00+00:00,20109
2022-10-17 06:00:00+00:00,20535
2022-10-17 07:00:00+00:00,21944
2022-10-17 08:00:00+00:00,23526
2022-10-17 09:00:00+00:00,24186
2022-10-17 10:00:00+00:00,24533
2022-10-17 11:00:00+00:00,25100
2022-10-17 12:00:00+00:00,24938
2022-10-17 13:00:00+00:00,23438
2022-10-17 14:00:00+00:00,22809
2022-10-17 15:00:00+00:00,22645
2022-10-17 16:00:00+00:00,22761
2022-10-17 17:00:00+00:00,24310
2022-10-17 18:00:00+00:00,26652
2022-10-17 19:00:00+00:00,26563
2022-10-17 20:00:00+00:00,25145
2022-10-17 21:00:00+00:00,23505
2022-10-17 22:00:00+00:00,22280
2022-10-17 23:00:00+00:00,21349
2022-10-18 00:00:00+00:00,20516
2022-10-18 01:00:00+00:00,20313
2022-10-18 02:00:00+00:00,20383
2022-10-18 03:00:00+00:00,20938
2022-10-18 04:00:00+00:00,23733
2022-10-18 05:00:00+00:00,27304
2022-10-18 06:00:00+00:00,28765
2022-10-18 07:00:00+00:00,29171
2022-10-18 08:00:00+00:00,29578
2022-10-18 09:00:00+00:00,29805
2022-10-18 10:00:00+00:00,30221
2022-10-18 11:00:00+00:00,30385
2022-10-18 12:00:00+00:00,29886
2022-10-18 13:00:00+00:00,29140
2022-10-18 14:00:00+00:00,28782
2022-10-18 15:00:00+00:00,28585
2022-10-18 16:00:00+00:00,28125
2022-10-18 17:00:00+00:00,29350
2022-10-18 18:00:00+00:00,31184
2022-10-18 19:00:00+00:00,30089
2022-10-18 20:00:00+00:00,27545
2022-10-18 21:00:00+00:00,25200
2022-10-18 22:00:00+00:00,24562
2022-10-18 23:00:00+00:00,23442
2022-10-19 00:00:00+00:00,22542
2022-10-19 01:00:00+00:00,22254
2022-10-19 02:00:00+00:00,22182
2022-10-19 03:00:00+00:00,22683
2022-10-19 04:00:00+00:00,25016
2022-10-19 05:00:00+00:00,28200
2022-10-19 06:00:00+00:00,29424
2022-10-19 07:00:00+00:00,29666
2022-10-19 08:00:00+00:00,29919
2022-10-19 09:00:00+00:00,30051
2022-10-19 10:00:00+00:00,30277
2022-10-19 11:00:00+00:00,30295
2022-10-19 12:00:00+00:00,29849
2022-10-19 13:00:00+00:00,29156
2022-10-19 14:00:00+00:00,28885
2022-10-19 15:00:00+00:00,28818
2022-10-19 16:00:00+00:00,28312
2022-10-19 17:00:00+00:00,29321
2022-10-19 18:00:00+00:00,31067
2022-10-19 19:00:00+00:00,30118
2022-10-19 20:00:00+00:00,27662
2022-10-19 21:00:00+00:00,25473
2022-10-19 22:00:00+00:00,24587
2022-10-19 23:00:00+00:00,23461
2022-10-20 00:00:00+00:00,22675
2022-10-20 01:00:00+00:00,22255
2022-10-20 02:00:00+00:00,22157
2022-10-20 03:00:00+00:00,22600
2022-10-20 04:00:00+00:00,24847
2022-10-20 05:00:00+00:00,28044
2022-10-20 06:00:00+00:00,29310
2022-10-20 07:00:00+00:00,29521
2022-10-20 08:00:00+00:00,29810
2022-10-20 09:00:00+00:00,30177
2022-10-20 10:00:00+00:00,30427
2022-10-20 11:00:00+00:00,30410
2022-10-20 12:00:00+00:00,29901
2022-10-20 13:00:00+00:00,29134
2022-10-20 14:00:00+00:00,28873
2022-10-20 15:00:00+00:00,28615
2022-10-20 16:00:00+00:00,28315
2022-10-20 17:00:00+00:00,29525
2022-10-20 18:00:00+00:00,31112
2022-10-20 19:00:00+00:00,30113
2022-10-20 20:00:00+00:00,27460
2022-10-20 21:00:00+00:00,25195
2022-10-20 22:00:00+00:00,24425
2022-10-20 23:00:00+00:00,23209
2022-10-21 00:00:00+00:00,22477
2022-10-21 01:00:00+00:00,22113
2022-10-21 02:00:00+00:00,22080
2022-10-21 03:00:00+00:00,22413
2022-10-21 04:00:00+00:00,24521
2022-10-21 05:00:00+00:00,27810
2022-10-21 06:00:00+00:00,29385
2022-10-21 07:00:00+00:00,29596
2022-10-21 08:00:00+00:00,29839
2022-10-21 09:00:00+00:00,30087
2022-10-21 10:00:00+00:00,30389
2022-10-21 11:00:00+00:00,30350
2022-10-21 12:00:00+00:00,29705
2022-10-21 13:00:00+00:00,28917
2022-10-21 14:00:00+00:00,28537
2022-10-21 15:00:00+00:00,28344
2022-10-21 16:00:00+00:00,28099
2022-10-21 17:00:00+00:00,29254
2022-10-21 18:00:00+00:00,30759
2022-10-21 19:00:00+00:00,29770
2022-10-21 20:00:00+00:00,27138
2022-10-21 21:00:00+00:00,25138
2022-10-21 22:00:00+00:00,24252
2022-10-21 23:00:00+00:00,23081
2022-10-22 00:00:00+00:00,22296
2022-10-22 01:00:00+00:00,22122
2022-10-22 02:00:00+00:00,22057
2022-10-22 03:00:00+00:00,22407
2022-10-22 04:00:00+00:00,24804
2022-10-22 05:00:00+00:00,27937
2022-10-22 06:00:00+00:00,29230
2022-10-22 07:00:00+00:00,29553
2022-10-22 08:00:00+00:00,29806
2022-10-22 09:00:00+00:00,29904
2022-10-22 10:00:00+00:00,30151
2022-10-22 11:00:00+00:00,30009
2022-10-22 12:00:00+00:00,29392
2022-10-22 13:00:00+00:00,28413
2022-10-22 14:00:00+00:00,27847
2022-10-22 15:00:00+00:00,27543
2022-10-22 16:00:00+00:00,27204
2022-10-22 17:00:00+00:00,28416
2022-10-22 18:00:00+00:00,29782
2022-10-22 19:00:00+00:00,28788
2022-10-22 20:00:00+00:00,26349
2022-10-22 21:00:00+00:00,24609
2022-10-22 22:00:00+00:00,23860
2022-10-22 23:00:00+00:00,22709
2022-10-23 00:00:00+00:00,21801
2022-10-23 01:00:00+00:00,21163
2022-10-23 02:00:00+00:00,20830
2022-10-23 03:00:00+00:00,20777
2022-10-23 04:00:00+00:00,21199
2022-10-23 05:00:00+00:00,22336
2022-10-23 06:00:00+00:00,23492
2022-10-23 07:00:00+00:00,25074
2022-10-23 08:00:00+00:00,26234
2022-10-23 09:00:00+00:00,26547
2022-10-23 10:00:00+00:00,26697
2022-10-23 11:00:00+00:00,26720
2022-10-23 12:00:00+00:00,26305
2022-10-23 13:00:00+00:00,24987
2022-10-23 14:00:00+00:00,24259
2022-10-23 15:00:00+00:00,24053
2022-10-23 16:00:00+00:00,23809
2022-10-23 17:00:00+00:00,25233
2022-10-23 18:00:00+00:00,26935
2022-10-23 19:00:00+00:00,26700
2022-10-23 20:00:00+00:00,24906
2022-10-23 21:00:00+00:00,23292
2022-10-23 22:00:00+00:00,22070
2022-10-23 23:00:00+00:00,20881
2022-10-24 00:00:00+00:00,19908
2022-10-24 01:00:00+00:00,19484
2022-10-24 02:00:00+00:00,19084
2022-10-24 03:00:00+00:00,18999
2022-10-24 04:00:00+00:00,19357
2022-10-24 05:00:00+00:00,19912
2022-10-24 06:00:00+00:00,20440
2022-10-24 07:00:00+00:00,21853
2022-10-24 08:00:00+00:00,23350
2022-10-24 09:00:00+00:00,24099
2022-10-24 10:00:00+00:00,24296
2022-10-24 11:00:00+00:00,24683
2022-10-24 12:00:00+00:00,24588
2022-10-24 13:00:00+00:00,23339
2022-10-24 14:00:00+00:00,22669
2022-10-24 15:00:00+00:00,22444
2022-10-24 16:00:00+00:00,22564
2022-10-24 17:00:00+00:00,24452
2022-10-24 18:00:00+00:00,26560
2022-10-24 19:00:00+00:00,26524
2022-10-24 20:00:00+00:00,24911
2022-10-24 21:00:00+00:00,23241
2022-10-24 22:00:00+00:00,21934
2022-10-24 23:00:00+00:00,20902
2022-10-25 00:00:00+00:00,20288
2022-10-25 01:00:00+00:00,20007
2022-10-25 02:00:00+00:00,20052
2022-10-25 03:00:00+00:00,20776
2022-10-25 04:00:00+00:00,23513
2022-10-25 05:00:00+00:00,27163
2022-10-25 06:00:00+00:00,29044
2022-10-25 07:00:00+00:00,29408
2022-10-25 08:00:00+00:00,29653
2022-10-25 09:00:00+00:00,29579
2022-10-25 10:00:00+00:00,29898
2022-10-25 11:00:00+00:00,29933
2022-10-25 12:00:00+00:00,29474
2022-10-25 13:00:00+00:00,28678
2022-10-25 14:00:00+00:00,28206
2022-10-25 15:00:00+00:00,28047
2022-10-25 16:00:00+00:00,27885
2022-10-25 17:00:00+00:00,29529
2022-10-25 18:00:00+00:00,31227
2022-10-25 19:00:00+00:00,30214
2022-10-25 20:00:00+00:00,27514
2022-10-25 21:00:00+00:00,25145
2022-10-25 22:00:00+00:00,24302
2022-10-25 23:00:00+00:00,23084
2022-10-26 00:00:00+00:00,22315
2022-10-26 01:00:00+00:00,21932
2022-10-26 02:00:00+00:00,21861
2022-10-26 03:00:00+00:00,22388
2022-10-26 04:00:00+00:00,24601
2022-10-26 05:00:00+00:00,27973
2022-10-26 06:00:00+00:00,29741
2022-10-26 07:00:00+00:00,29964
2022-10-26 08:00:00+00:00,30171
2022-10-26 09:00:00+00:00,30297
2022-10-26 10:00:00+00:00,30606
2022-10-26 11:00:00+00:00,30692
2022-10-26 12:00:00+00:00,30091
2022-10-26 13:00:00+00:00,29073
2022-10-26 14:00:00+00:00,28595
2022-10-26 15:00:00+00:00,28265
2022-10-26 16:00:00+00:00,27843
2022-10-26 17:00:00+00:00,29712
2022-10-26 18:00:00+00:00,31305
2022-10-26 19:00:00+00:00,30445
2022-10-26 20:00:00+00:00,27803
2022-10-26 21:00:00+00:00,25491
2022-10-26 22:00:00+00:00,24442
2022-10-26 23:00:00+00:00,23297
2022-10-27 00:00:00+00:00,22433
2022-10-27 01:00:00+00:00,22018
2022-10-27 02:00:00+00:00,22019
2022-10-27 03:00:00+00:00,22450
2022-10-27 04:00:00+00:00,24801
2022-10-27 05:00:00+00:00,28132
2022-10-27 06:00:00+00:00,29713
2022-10-27 07:00:00+00:00,29936
2022-10-27 08:00:00+00:00,30133
2022-10-27 09:00:00+00:00,30124
2022-10-27 10:00:00+00:00,30213
2022-10-27 11:00:00+00:00,30065
2022-10-27 12:00:00+00:00,29535
2022-10-27 13:00:00+00:00,28738
2022-10-27 14:00:00+00:00,28410
2022-10-27 15:00:00+00:00,28250
2022-10-27 16:00:00+00:00,27940
2022-10-27 17:00:00+00:00,29694
2022-10-27 18:00:00+00:00,31273
2022-10-27 19:00:00+00:00,30336
2022-10-27 20:00:00+00:00,27674
2022-10-27 21:00:00+00:00,25261
2022-10-27 22:00:00+00:00,24246
2022-10-27 23:00:00+00:00,22955
2022-10-28 00:00:00+00:00,22220
2022-10-28 01:00:00+00:00,21840
2022-10-28 02:00:00+00:00,21743
2022-10-28 03:00:00+00:00,22181
2022-10-28 04:00:00+00:00,24496
2022-10-28 05:00:00+00:00,28041
2022-10-28 06:00:00+00:00,29876
2022-10-28 07:00:00+00:00,30021
2022-10-28 08:00:00+00:00,30009
2022-10-28 09:00:00+00:00,29861
2022-10-28 10:00:00+00:00,30017
2022-10-28 11:00:00+00:00,29714
2022-10-28 12:00:00+00:00,29180
2022-10-28 13:00:00+00:00,28530
2022-10-28 14:00:00+00:00,28548
2022-10-28 15:00:00+00:00,28314
2022-10-28 16:00:00+00:00,28342
2022-10-28 17:00:00+00:00,30318
2022-10-28 18:00:00+00:00,31690
2022-10-28 19:00:00+00:00,30841
2022-10-28 20:00:00+00:00,28088
2022-10-28 21:00:00+00:00,25830
2022-10-28 22:00:00+00:00,24805
2022-10-28 23:00:00+00:00,23423
2022-10-29 00:00:00+00:00,22628
2022-10-29 01:00:00+00:00,22137
2022-10-29 02:00:00+00:00,22155
2022-10-29 03:00:00+00:00,22592
2022-10-29 04:00:00+00:00,24687
2022-10-29 05:00:00+00:00,28077
2022-10-29 06:00:00+00:00,29815
2022-10-29 07:00:00+00:00,30024
2022-10-29 08:00:00+00:00,30398
2022-10-29 09:00:00+00:00,30593
2022-10-29 10:00:00+00:00,30825
2022-10-29 11:00:00+00:00,30720
2022-10-29 12:00:00+00:00,30049
2022-10-29 13:00:00+00:00,29145
2022-10-29 14:00:00+00:00,28647
2022-10-29 15:00:00+00:00,28416
2022-10-29 16:00:00+00:00,28246
2022-10-29 17:00:00+00:00,29807
2022-10-29 18:00:00+00:00,30521
2022-10-29 19:00:00+00:00,29744
2022-10-29 20:00:00+00:00,27461
2022-10-29 21:00:00+00:00,25384
2022-10-29 22:00:00+00:00,24433
2022-10-29 23:00:00+00:00,23306
2022-10-30 00:00:00+00:00,22310
2022-10-30 01:00:00+00:00,21823
2022-10-30 02:00:00+00:00,21332
2022-10-30 03:00:00+00:00,21297
2022-10-30 04:00:00+00:00,21875
2022-10-30 05:00:00+00:00,23068
2022-10-30 06:00:00+00:00,24414
2022-10-30 07:00:00+00:00,25871
2022-10-30 08:00:00+00:00,27254
2022-10-30 09:00:00+00:00,27573
2022-10-30 10:00:00+00:00,27787
2022-10-30 11:00:00+00:00,27957
2022-10-30 12:00:00+00:00,27239
2022-10-30 13:00:00+00:00,25685
2022-10-30 14:00:00+00:00,24866
2022-10-30 15:00:00+00:00,24515
2022-10-30 16:00:00+00:00,24538
2022-10-30 17:00:00+00:00,26036
2022-10-30 18:00:00+00:00,27253
2022-10-30 19:00:00+00:00,27082
2022-10-30 20:00:00+00:00,25366
2022-10-30 21:00:00+00:00,23787
2022-10-30 22:00:00+00:00,22484
2022-10-30 23:00:00+00:00,21176
2022-10-31 00:00:00+00:00,20279
2022-10-31 01:00:00+00:00,19788
2022-10-31 02:00:00+00:00,19433
2022-10-31 03:00:00+00:00,19130
2022-10-31 04:00:00+00:00,19292
2022-10-31 05:00:00+00:00,19749
2022-10-31 06:00:00+00:00,20364
2022-10-31 07:00:00+00:00,21301
2022-10-31 08:00:00+00:00,22991
2022-10-31 09:00:00+00:00,24081
2022-10-31 10:00:00+00:00,24486
2022-10-31 11:00:00+00:00,24718
2022-10-31 12:00:00+00:00,25278
2022-10-31 13:00:00+00:00,24902
2022-10-31 14:00:00+00:00,23692
2022-10-31 15:00:00+00:00,23045
2022-10-31 16:00:00+00:00,23160
2022-10-31 17:00:00+00:00,24554
2022-10-31 18:00:00+00:00,25330
2022-10-31 19:00:00+00:00,25562
2022-10-31 20:00:00+00:00,25252
2022-10-31 21:00:00+00:00,24066
2022-10-31 22:00:00+00:00,22691
2022-10-31 23:00:00+00:00,21716
2022-11-01 00:00:00+00:00,20535
2022-11-01 01:00:00+00:00,19679
2022-11-01 02:00:00+00:00,19154
2022-11-01 03:00:00+00:00,19134
2022-11-01 04:00:00+00:00,19245
2022-11-01 05:00:00+00:00,19692
2022-11-01 06:00:00+00:00,20113
2022-11-01 07:00:00+00:00,20941
2022-11-01 08:00:00+00:00,22724
2022-11-01 09:00:00+00:00,23893
2022-11-01 10:00:00+00:00,24341
2022-11-01 11:00:00+00:00,24510
2022-11-01 12:00:00+00:00,25043
2022-11-01 13:00:00+00:00,24942
2022-11-01 14:00:00+00:00,23603
2022-11-01 15:00:00+00:00,23044
2022-11-01 16:00:00+00:00,22994
2022-11-01 17:00:00+00:00,24866
2022-11-01 18:00:00+00:00,26212
2022-11-01 19:00:00+00:00,26564
2022-11-01 20:00:00+00:00,26042
2022-11-01 21:00:00+00:00,24446
2022-11-01 22:00:00+00:00,22775
2022-11-01 23:00:00+00:00,21638
2022-11-02 00:00:00+00:00,20496
2022-11-02 01:00:00+00:00,19975
2022-11-02 02:00:00+00:00,19870
2022-11-02 03:00:00+00:00,20032
2022-11-02 04:00:00+00:00,20811
2022-11-02 05:00:00+00:00,23560
2022-11-02 06:00:00+00:00,26788
2022-11-02 07:00:00+00:00,28477
2022-11-02 08:00:00+00:00,29075
2022-11-02 09:00:00+00:00,29269
2022-11-02 10:00:00+00:00,29448
2022-11-02 11:00:00+00:00,29785
2022-11-02 12:00:00+00:00,30057
2022-11-02 13:00:00+00:00,29667
2022-11-02 14:00:00+00:00,29123
2022-11-02 15:00:00+00:00,28722
2022-11-02 16:00:00+00:00,28850
2022-11-02 17:00:00+00:00,30160
2022-11-02 18:00:00+00:00,31148
2022-11-02 19:00:00+00:00,31300
2022-11-02 20:00:00+00:00,30086
2022-11-02 21:00:00+00:00,27391
2022-11-02 22:00:00+00:00,25252
2022-11-02 23:00:00+00:00,24214
2022-11-03 00:00:00+00:00,23000
2022-11-03 01:00:00+00:00,22212
2022-11-03 02:00:00+00:00,21910
2022-11-03 03:00:00+00:00,21902
2022-11-03 04:00:00+00:00,22337
2022-11-03 05:00:00+00:00,24554
2022-11-03 06:00:00+00:00,27822
2022-11-03 07:00:00+00:00,29220
2022-11-03 08:00:00+00:00,29870
2022-11-03 09:00:00+00:00,30132
2022-11-03 10:00:00+00:00,30264
2022-11-03 11:00:00+00:00,30662
2022-11-03 12:00:00+00:00,30753
2022-11-03 13:00:00+00:00,30457
2022-11-03 14:00:00+00:00,29665
2022-11-03 15:00:00+00:00,29373
2022-11-03 16:00:00+00:00,29397
2022-11-03 17:00:00+00:00,30634
2022-11-03 18:00:00+00:00,31786
2022-11-03 19:00:00+00:00,32061
2022-11-03 20:00:00+00:00,30898
2022-11-03 21:00:00+00:00,28033
2022-11-03 22:00:00+00:00,25787
2022-11-03 23:00:00+00:00,24575
2022-11-04 00:00:00+00:00,23517
2022-11-04 01:00:00+00:00,22704
2022-11-04 02:00:00+00:00,22243
2022-11-04 03:00:00+00:00,22120
2022-11-04 04:00:00+00:00,22660
2022-11-04 05:00:00+00:00,25045
2022-11-04 06:00:00+00:00,28262
2022-11-04 07:00:00+00:00,29698
2022-11-04 08:00:00+00:00,30428
2022-11-04 09:00:00+00:00,30479
2022-11-04 10:00:00+00:00,30423
2022-11-04 11:00:00+00:00,30567
2022-11-04 12:00:00+00:00,30739
2022-11-04 13:00:00+00:00,30367
2022-11-04 14:00:00+00:00,29716
2022-11-04 15:00:00+00:00,29542
2022-11-04 16:00:00+00:00,29545
2022-11-04 17:00:00+00:00,31042
2022-11-04 18:00:00+00:00,32183
2022-11-04 19:00:00+00:00,32544
2022-11-04 20:00:00+00:00,31365
2022-11-04 21:00:00+00:00,28504
2022-11-04 22:00:00+00:00,25970
2022-11-04 23:00:00+00:00,24946
2022-11-05 00:00:00+00:00,23719
2022-11-05 01:00:00+00:00,22795
2022-11-05 02:00:00+00:00,22488
2022-11-05 03:00:00+00:00,22427
2022-11-05 04:00:00+00:00,23046
2022-11-05 05:00:00+00:00,25509
2022-11-05 06:00:00+00:00,28976
2022-11-05 07:00:00+00:00,30422
2022-11-05 08:00:00+00:00,31232
2022-11-05 09:00:00+00:00,31088
2022-11-05 10:00:00+00:00,31177
2022-11-05 11:00:00+00:00,31295
2022-11-05 12:00:00+00:00,31144
2022-11-05 13:00:00+00:00,30669
2022-11-05 14:00:00+00:00,29885
2022-11-05 15:00:00+00:00,29550
2022-11-05 16:00:00+00:00,29685
2022-11-05 17:00:00+00:00,31051
2022-11-05 18:00:00+00:00,31923
2022-11-05 19:00:00+00:00,31940
2022-11-05 20:00:00+00:00,31026
2022-11-05 21:00:00+00:00,28625
2022-11-05 22:00:00+00:00,26255
2022-11-05 23:00:00+00:00,25341
2022-11-06 00:00:00+00:00,23865
2022-11-06 01:00:00+00:00,22781
2022-11-06 02:00:00+00:00,22232
2022-11-06 03:00:00+00:00,21921
2022-11-06 04:00:00+00:00,21786
2022-11-06 05:00:00+00:00,22474
2022-11-06 06:00:00+00:00,23417
2022-11-06 07:00:00+00:00,24849
2022-11-06 08:00:00+00:00,26986
2022-11-06 09:00:00+00:00,27958
2022-11-06 10:00:00+00:00,28026
2022-11-06 11:00:00+00:00,27934
2022-11-06 12:00:00+00:00,28076
2022-11-06 13:00:00+00:00,27748
2022-11-06 14:00:00+00:00,26653
2022-11-06 15:00:00+00:00,25922
2022-11-06 16:00:00+00:00,25869
2022-11-06 17:00:00+00:00,27743
2022-11-06 18:00:00+00:00,28889
2022-11-06 19:00:00+00:00,29458
2022-11-06 20:00:00+00:00,29284
2022-11-06 21:00:00+00:00,27384
2022-11-06 22:00:00+00:00,25422
2022-11-06 23:00:00+00:00,23764
2022-11-07 00:00:00+00:00,22298
2022-11-07 01:00:00+00:00,21268
2022-11-07 02:00:00+00:00,20666
2022-11-07 03:00:00+00:00,20471
2022-11-07 04:00:00+00:00,20398
2022-11-07 05:00:00+00:00,21017
2022-11-07 06:00:00+00:00,21325
2022-11-07 07:00:00+00:00,21922
2022-11-07 08:00:00+00:00,23941
2022-11-07 09:00:00+00:00,25294
2022-11-07 10:00:00+00:00,25866
2022-11-07 11:00:00+00:00,25975
2022-11-07 12:00:00+00:00,26346
2022-11-07 13:00:00+00:00,26306
2022-11-07 14:00:00+00:00,25189
2022-11-07 15:00:00+00:00,24482
2022-11-07 16:00:00+00:00,24431
2022-11-07 17:00:00+00:00,26738
2022-11-07 18:00:00+00:00,28300
2022-11-07 19:00:00+00:00,29262
2022-11-07 20:00:00+00:00,29043
2022-11-07 21:00:00+00:00,27462
2022-11-07 22:00:00+00:00,25256
2022-11-07 23:00:00+00:00,23510
2022-11-08 00:00:00+00:00,22110
2022-11-08 01:00:00+00:00,21454
2022-11-08 02:00:00+00:00,21138
2022-11-08 03:00:00+00:00,21124
2022-11-08 04:00:00+00:00,22066
2022-11-08 05:00:00+00:00,25099
2022-11-08 06:00:00+00:00,28943
2022-11-08 07:00:00+00:00,30645
2022-11-08 08:00:00+00:00,31280
2022-11-08 09:00:00+00:00,31404
2022-11-08 10:00:00+00:00,31413
2022-11-08 11:00:00+00:00,31460
2022-11-08 12:00:00+00:00,31436
2022-11-08 13:00:00+00:00,31165
2022-11-08 14:00:00+00:00,30586
2022-11-08 15:00:00+00:00,30172
2022-11-08 16:00:00+00:00,30134
2022-11-08 17:00:00+00:00,31879
2022-11-08 18:00:00+00:00,32981
2022-11-08 19:00:00+00:00,33471
2022-11-08 20:00:00+00:00,32430
2022-11-08 21:00:00+00:00,29677
2022-11-08 22:00:00+00:00,26993
2022-11-08 23:00:00+00:00,25814
2022-11-09 00:00:00+00:00,24430
2022-11-09 01:00:00+00:00,23482
2022-11-09 02:00:00+00:00,23002
2022-11-09 03:00:00+00:00,22958
2022-11-09 04:00:00+00:00,23608
2022-11-09 05:00:00+00:00,25970
2022-11-09 06:00:00+00:00,29335
2022-11-09 07:00:00+00:00,30801
2022-11-09 08:00:00+00:00,31200
2022-11-09 09:00:00+00:00,31181
2022-11-09 10:00:00+00:00,31019
2022-11-09 11:00:00+00:00,31027
2022-11-09 12:00:00+00:00,31063
2022-11-09 13:00:00+00:00,30653
2022-11-09 14:00:00+00:00,30212
2022-11-09 15:00:00+00:00,30070
2022-11-09 16:00:00+00:00,30288
2022-11-09 17:00:00+00:00,31881
2022-11-09 18:00:00+00:00,32860
2022-11-09 19:00:00+00:00,33387
2022-11-09 20:00:00+00:00,32390
2022-11-09 21:00:00+00:00,29748
2022-11-09 22:00:00+00:00,27067
2022-11-09 23:00:00+00:00,25778
2022-11-10 00:00:00+00:00,24334
2022-11-10 01:00:00+00:00,23392
2022-11-10 02:00:00+00:00,23020
2022-11-10 03:00:00+00:00,22962
2022-11-10 04:00:00+00:00,23594
2022-11-10 05:00:00+00:00,26327
2022-11-10 06:00:00+00:00,30047
2022-11-10 07:00:00+00:00,31507
2022-11-10 08:00:00+00:00,31981
2022-11-10 09:00:00+00:00,32188
2022-11-10 10:00:00+00:00,32119
2022-11-10 11:00:00+00:00,32140
2022-11-10 12:00:00+00:00,32246
2022-11-10 13:00:00+00:00,31764
2022-11-10 14:00:00+00:00,31132
2022-11-10 15:00:00+00:00,30658
2022-11-10 16:00:00+00:00,30753
2022-11-10 17:00:00+00:00,32254
2022-11-10 18:00:00+00:00,33201
2022-11-10 19:00:00+00:00,33634
2022-11-10 20:00:00+00:00,32548
2022-11-10 21:00:00+00:00,29838
2022-11-10 22:00:00+00:00,27102
2022-11-10 23:00:00+00:00,25848
2022-11-11 00:00:00+00:00,24460
2022-11-11 01:00:00+00:00,23558
2022-11-11 02:00:00+00:00,23113
2022-11-11 03:00:00+00:00,23196
2022-11-11 04:00:00+00:00,23770
2022-11-11 05:00:00+00:00,26380
2022-11-11 06:00:00+00:00,30095
2022-11-11 07:00:00+00:00,31345
2022-11-11 08:00:00+00:00,32036
2022-11-11 09:00:00+00:00,32168
2022-11-11 10:00:00+00:00,32024
2022-11-11 11:00:00+00:00,32080
2022-11-11 12:00:00+00:00,32115
2022-11-11 13:00:00+00:00,31708
2022-11-11 14:00:00+00:00,31099
2022-11-11 15:00:00+00:00,30834
2022-11-11 16:00:00+00:00,30903
2022-11-11 17:00:00+00:00,32433
2022-11-11 18:00:00+00:00,33215
2022-11-11 19:00:00+00:00,33544
2022-11-11 20:00:00+00:00,32536
2022-11-11 21:00:00+00:00,29775
2022-11-11 22:00:00+00:00,27344
2022-11-11 23:00:00+00:00,26087
2022-11-12 00:00:00+00:00,24691
2022-11-12 01:00:00+00:00,23700
2022-11-12 02:00:00+00:00,23307
2022-11-12 03:00:00+00:00,23286
2022-11-12 04:00:00+00:00,23991
2022-11-12 05:00:00+00:00,26525
2022-11-12 06:00:00+00:00,30093
2022-11-12 07:00:00+00:00,31299
2022-11-12 08:00:00+00:00,31918
2022-11-12 09:00:00+00:00,32169
2022-11-12 10:00:00+00:00,32080
2022-11-12 11:00:00+00:00,32046
2022-11-12 12:00:00+00:00,31840
2022-11-12 13:00:00+00:00,31225
2022-11-12 14:00:00+00:00,30569
2022-11-12 15:00:00+00:00,30284
2022-11-12 16:00:00+00:00,30363
2022-11-12 17:00:00+00:00,31632
2022-11-12 18:00:00+00:00,32215
2022-11-12 19:00:00+00:00,32366
2022-11-12 20:00:00+00:00,31574
2022-11-12 21:00:00+00:00,29338
2022-11-12 22:00:00+00:00,26958
2022-11-12 23:00:00+00:00,25863
2022-11-13 00:00:00+00:00,24265
2022-11-13 01:00:00+00:00,23071
2022-11-13 02:00:00+00:00,22451
2022-11-13 03:00:00+00:00,22126
2022-11-13 04:00:00+00:00,22022
2022-11-13 05:00:00+00:00,22570
2022-11-13 06:00:00+00:00,23692
2022-11-13 07:00:00+00:00,24816
2022-11-13 08:00:00+00:00,26909
2022-11-13 09:00:00+00:00,27967
2022-11-13 10:00:00+00:00,27878
2022-11-13 11:00:00+00:00,27706
2022-11-13 12:00:00+00:00,27725
2022-11-13 13:00:00+00:00,27261
2022-11-13 14:00:00+00:00,26171
2022-11-13 15:00:00+00:00,25580
2022-11-13 16:00:00+00:00,25755
2022-11-13 17:00:00+00:00,27704
2022-11-13 18:00:00+00:00,28544
2022-11-13 19:00:00+00:00,29217
2022-11-13 20:00:00+00:00,28890
2022-11-13 21:00:00+00:00,27018
2022-11-13 22:00:00+00:00,25183
2022-11-13 23:00:00+00:00,23827
2022-11-14 00:00:00+00:00,22362
2022-11-14 01:00:00+00:00,21159
2022-11-14 02:00:00+00:00,20619
2022-11-14 03:00:00+00:00,20385
2022-11-14 04:00:00+00:00,20497
2022-11-14 05:00:00+00:00,20868
2022-11-14 06:00:00+00:00,21154
2022-11-14 07:00:00+00:00,21608
2022-11-14 08:00:00+00:00,23453
2022-11-14 09:00:00+00:00,24720
2022-11-14 10:00:00+00:00,25104
2022-11-14 11:00:00+00:00,25277
2022-11-14 12:00:00+00:00,25781
2022-11-14 13:00:00+00:00,25784
2022-11-14 14:00:00+00:00,24701
2022-11-14 15:00:00+00:00,24131
2022-11-14 16:00:00+00:00,24317
2022-11-14 17:00:00+00:00,26799
2022-11-14 18:00:00+00:00,28059
2022-11-14 19:00:00+00:00,29291
2022-11-14 20:00:00+00:00,29036
2022-11-14 21:00:00+00:00,27401
2022-11-14 22:00:00+00:00,25105
2022-11-14 23:00:00+00:00,23656
2022-11-15 00:00:00+00:00,22223
2022-11-15 01:00:00+00:00,21624
2022-11-15 02:00:00+00:00,21336
2022-11-15 03:00:00+00:00,21341
2022-11-15 04:00:00+00:00,22023
2022-11-15 05:00:00+00:00,25090
2022-11-15 06:00:00+00:00,29295
2022-11-15 07:00:00+00:00,30884
2022-11-15 08:00:00+00:00,31421
2022-11-15 09:00:00+00:00,31607
2022-11-15 10:00:00+00:00,31506
2022-11-15 11:00:00+00:00,31643
2022-11-15 12:00:00+00:00,31680
2022-11-15 13:00:00+00:00,31426
2022-11-15 14:00:00+00:00,30937
2022-11-15 15:00:00+00:00,30605
2022-11-15 16:00:00+00:00,30597
2022-11-15 17:00:00+00:00,31873
2022-11-15 18:00:00+00:00,33227
2022-11-15 19:00:00+00:00,33688
2022-11-15 20:00:00+00:00,32675
2022-11-15 21:00:00+00:00,29854
2022-11-15 22:00:00+00:00,27174
2022-11-15 23:00:00+00:00,26032
2022-11-16 00:00:00+00:00,24579
2022-11-16 01:00:00+00:00,23663
2022-11-16 02:00:00+00:00,23314
2022-11-16 03:00:00+00:00,23110
2022-11-16 04:00:00+00:00,23731
2022-11-16 05:00:00+00:00,26452
2022-11-16 06:00:00+00:00,30073
2022-11-16 07:00:00+00:00,31620
2022-11-16 08:00:00+00:00,32245
2022-11-16 09:00:00+00:00,32448
2022-11-16 10:00:00+00:00,32363
2022-11-16 11:00:00+00:00,32346
2022-11-16 12:00:00+00:00,32409
2022-11-16 13:00:00+00:00,31930
2022-11-16 14:00:00+00:00,31343
2022-11-16 15:00:00+00:00,31009
2022-11-16 16:00:00+00:00,31375
2022-11-16 17:00:00+00:00,33073
2022-11-16 18:00:00+00:00,33831
2022-11-16 19:00:00+00:00,34314
2022-11-16 20:00:00+00:00,33036
2022-11-16 21:00:00+00:00,30190
2022-11-16 22:00:00+00:00,27380
2022-11-16 23:00:00+00:00,26139
2022-11-17 00:00:00+00:00,24748
2022-11-17 01:00:00+00:00,23646
2022-11-17 02:00:00+00:00,23027
2022-11-17 03:00:00+00:00,23131
2022-11-17 04:00:00+00:00,23836
2022-11-17 05:00:00+00:00,26402
2022-11-17 06:00:00+00:00,30496
2022-11-17 07:00:00+00:00,32042
2022-11-17 08:00:00+00:00,32236
2022-11-17 09:00:00+00:00,32272
2022-11-17 10:00:00+00:00,32085
2022-11-17 11:00:00+00:00,32179
2022-11-17 12:00:00+00:00,32214
2022-11-17 13:00:00+00:00,31661
2022-11-17 14:00:00+00:00,31507
2022-11-17 15:00:00+00:00,30940
2022-11-17 16:00:00+00:00,31261
2022-11-17 17:00:00+00:00,33206
2022-11-17 18:00:00+00:00,34066
2022-11-17 19:00:00+00:00,34426
2022-11-17 20:00:00+00:00,33250
2022-11-17 21:00:00+00:00,30398
2022-11-17 22:00:00+00:00,27631
2022-11-17 23:00:00+00:00,26154
2022-11-18 00:00:00+00:00,24727
2022-11-18 01:00:00+00:00,23630
2022-11-18 02:00:00+00:00,23455
2022-11-18 03:00:00+00:00,23348
2022-11-18 04:00:00+00:00,24094
2022-11-18 05:00:00+00:00,26754
2022-11-18 06:00:00+00:00,30594
2022-11-18 07:00:00+00:00,32049
2022-11-18 08:00:00+00:00,32681
2022-11-18 09:00:00+00:00,32972
2022-11-18 10:00:00+00:00,32905
2022-11-18 11:00:00+00:00,32831
2022-11-18 12:00:00+00:00,32915
2022-11-18 13:00:00+00:00,32319
2022-11-18 14:00:00+00:00,31618
2022-11-18 15:00:00+00:00,31288
2022-11-18 16:00:00+00:00,31766
2022-11-18 17:00:00+00:00,33309
2022-11-18 18:00:00+00:00,34067
2022-11-18 19:00:00+00:00,34410
2022-11-18 20:00:00+00:00,33167
2022-11-18 21:00:00+00:00,30437
2022-11-18 22:00:00+00:00,27687
2022-11-18 23:00:00+00:00,26436
2022-11-19 00:00:00+00:00,25013
2022-11-19 01:00:00+00:00,24006
2022-11-19 02:00:00+00:00,23603
2022-11-19 03:00:00+00:00,23496
2022-11-19 04:00:00+00:00,24268
2022-11-19 05:00:00+00:00,27017
2022-11-19 06:00:00+00:00,31040
2022-11-19 07:00:00+00:00,32375
2022-11-19 08:00:00+00:00,33199
2022-11-19 09:00:00+00:00,33296
2022-11-19 10:00:00+00:00,33006
2022-11-19 11:00:00+00:00,32890
2022-11-19 12:00:00+00:00,32868
2022-11-19 13:00:00+00:00,32098
2022-11-19 14:00:00+00:00,31292
2022-11-19 15:00:00+00:00,31018
2022-11-19 16:00:00+00:00,31356
2022-11-19 17:00:00+00:00,32864
2022-11-19 18:00:00+00:00,33261
2022-11-19 19:00:00+00:00,33342
2022-11-19 20:00:00+00:00,32258
2022-11-19 21:00:00+00:00,29790
2022-11-19 22:00:00+00:00,27551
2022-11-19 23:00:00+00:00,26302
2022-11-20 00:00:00+00:00,24702
2022-11-20 01:00:00+00:00,23492
2022-11-20 02:00:00+00:00,22770
2022-11-20 03:00:00+00:00,22527
2022-11-20 04:00:00+00:00,22416
2022-11-20 05:00:00+00:00,22970
2022-11-20 06:00:00+00:00,24214
2022-11-20 07:00:00+00:00,25417
2022-11-20 08:00:00+00:00,27769
2022-11-20 09:00:00+00:00,29271
2022-11-20 10:00:00+00:00,29669
2022-11-20 11:00:00+00:00,29803
2022-11-20 12:00:00+00:00,30072
2022-11-20 13:00:00+00:00,29671
2022-11-20 14:00:00+00:00,28509
2022-11-20 15:00:00+00:00,27635
2022-11-20 16:00:00+00:00,27784
2022-11-20 17:00:00+00:00,29239
2022-11-20 18:00:00+00:00,29689
2022-11-20 19:00:00+00:00,29961
2022-11-20 20:00:00+00:00,29664
2022-11-20 21:00:00+00:00,27789
2022-11-20 22:00:00+00:00,25824
2022-11-20 23:00:00+00:00,24365
2022-11-21 00:00:00+00:00,22666
2022-11-21 01:00:00+00:00,21597
2022-11-21 02:00:00+00:00,20985
2022-11-21 03:00:00+00:00,20635
2022-11-21 04:00:00+00:00,20582
2022-11-21 05:00:00+00:00,20951
2022-11-21 06:00:00+00:00,21523
2022-11-21 07:00:00+00:00,22060
2022-11-21 08:00:00+00:00,24003
2022-11-21 09:00:00+00:00,25680
2022-11-21 10:00:00+00:00,26356
2022-11-21 11:00:00+00:00,26534
2022-11-21 12:00:00+00:00,27145
2022-11-21 13:00:00+00:00,27093
2022-11-21 14:00:00+00:00,25804
2022-11-21 15:00:00+00:00,25187
2022-11-21 16:00:00+00:00,25563
2022-11-21 17:00:00+00:00,27541
2022-11-21 18:00:00+00:00,28494
2022-11-21 19:00:00+00:00,29469
2022-11-21 20:00:00+00:00,29143
2022-11-21 21:00:00+00:00,27488
2022-11-21 22:00:00+00:00,25373
2022-11-21 23:00:00+00:00,23914
2022-11-22 00:00:00+00:00,22531
2022-11-22 01:00:00+00:00,21749
2022-11-22 02:00:00+00:00,21365
2022-11-22 03:00:00+00:00,21401
2022-11-22 04:00:00+00:00,22304
2022-11-22 05:00:00+00:00,25232
2022-11-22 06:00:00+00:00,29190
2022-11-22 07:00:00+00:00,31315
2022-11-22 08:00:00+00:00,32401
2022-11-22 09:00:00+00:00,32894
2022-11-22 10:00:00+00:00,33092
2022-11-22 11:00:00+00:00,33306
2022-11-22 12:00:00+00:00,33420
2022-11-22 13:00:00+00:00,33199
2022-11-22 14:00:00+00:00,32698
2022-11-22 15:00:00+00:00,32519
2022-11-22 16:00:00+00:00,32946
2022-11-22 17:00:00+00:00,34037
2022-11-22 18:00:00+00:00,34511
2022-11-22 19:00:00+00:00,34712
2022-11-22 20:00:00+00:00,33260
2022-11-22 21:00:00+00:00,30241
2022-11-22 22:00:00+00:00,27534
2022-11-22 23:00:00+00:00,26209
2022-11-23 00:00:00+00:00,24785
2022-11-23 01:00:00+00:00,23657
2022-11-23 02:00:00+00:00,23111
2022-11-23 03:00:00+00:00,23183
2022-11-23 04:00:00+00:00,23882
2022-11-23 05:00:00+00:00,26785
2022-11-23 06:00:00+00:00,30850
2022-11-23 07:00:00+00:00,32444
2022-11-23 08:00:00+00:00,32903
2022-11-23 09:00:00+00:00,33131
2022-11-23 10:00:00+00:00,33049
2022-11-23 11:00:00+00:00,33546
2022-11-23 12:00:00+00:00,34307
2022-11-23 13:00:00+00:00,33989
2022-11-23 14:00:00+00:00,33441
2022-11-23 15:00:00+00:00,33173
2022-11-23 16:00:00+00:00,33620
2022-11-23 17:00:00+00:00,34832
2022-11-23 18:00:00+00:00,35213
2022-11-23 19:00:00+00:00,35557
2022-11-23 20:00:00+00:00,34105
2022-11-23 21:00:00+00:00,31148
2022-11-23 22:00:00+00:00,28294
2022-11-23 23:00:00+00:00,26762
2022-11-24 00:00:00+00:00,25195
2022-11-24 01:00:00+00:00,24053
2022-11-24 02:00:00+00:00,23603
2022-11-24 03:00:00+00:00,23663
2022-11-24 04:00:00+00:00,24315
2022-11-24 05:00:00+00:00,27088
2022-11-24 06:00:00+00:00,31255
2022-11-24 07:00:00+00:00,33264
2022-11-24 08:00:00+00:00,34242
2022-11-24 09:00:00+00:00,34759
2022-11-24 10:00:00+00:00,34787
2022-11-24 11:00:00+00:00,34795
2022-11-24 12:00:00+00:00,34875
2022-11-24 13:00:00+00:00,34375
2022-11-24 14:00:00+00:00,33672
2022-11-24 15:00:00+00:00,33463
2022-11-24 16:00:00+00:00,33749
2022-11-24 17:00:00+00:00,34891
2022-11-24 18:00:00+00:00,35397
2022-11-24 19:00:00+00:00,35779
2022-11-24 20:00:00+00:00,34623
2022-11-24 21:00:00+00:00,31705
2022-11-24 22:00:00+00:00,28741
2022-11-24 23:00:00+00:00,27143
2022-11-25 00:00:00+00:00,25317
2022-11-25 01:00:00+00:00,24165
2022-11-25 02:00:00+00:00,23681
2022-11-25 03:00:00+00:00,23734
2022-11-25 04:00:00+00:00,24544
2022-11-25 05:00:00+00:00,27294
2022-11-25 06:00:00+00:00,31311
2022-11-25 07:00:00+00:00,33165
2022-11-25 08:00:00+00:00,33865
2022-11-25 09:00:00+00:00,34341
2022-11-25 10:00:00+00:00,34263
2022-11-25 11:00:00+00:00,34330
2022-11-25 12:00:00+00:00,34369
2022-11-25 13:00:00+00:00,34054
2022-11-25 14:00:00+00:00,33466
2022-11-25 15:00:00+00:00,33313
2022-11-25 16:00:00+00:00,33798
2022-11-25 17:00:00+00:00,35123
2022-11-25 18:00:00+00:00,35729
2022-11-25 19:00:00+00:00,35815
2022-11-25 20:00:00+00:00,34742
2022-11-25 21:00:00+00:00,31941
2022-11-25 22:00:00+00:00,28843
2022-11-25 23:00:00+00:00,27309
2022-11-26 00:00:00+00:00,25597
2022-11-26 01:00:00+00:00,24439
2022-11-26 02:00:00+00:00,24005
2022-11-26 03:00:00+00:00,23847
2022-11-26 04:00:00+00:00,24644
2022-11-26 05:00:00+00:00,27349
2022-11-26 06:00:00+00:00,31659
2022-11-26 07:00:00+00:00,33567
2022-11-26 08:00:00+00:00,34434
2022-11-26 09:00:00+00:00,34543
2022-11-26 10:00:00+00:00,34377
2022-11-26 11:00:00+00:00,33931
2022-11-26 12:00:00+00:00,33906
2022-11-26 13:00:00+00:00,33543
2022-11-26 14:00:00+00:00,32941
2022-11-26 15:00:00+00:00,32673
2022-11-26 16:00:00+00:00,32878
2022-11-26 17:00:00+00:00,34357
2022-11-26 18:00:00+00:00,34715
2022-11-26 19:00:00+00:00,34883
2022-11-26 20:00:00+00:00,33910
2022-11-26 21:00:00+00:00,31454
2022-11-26 22:00:00+00:00,29085
2022-11-26 23:00:00+00:00,27476
2022-11-27 00:00:00+00:00,25499
2022-11-27 01:00:00+00:00,24226
2022-11-27 02:00:00+00:00,23529
2022-11-27 03:00:00+00:00,23092
2022-11-27 04:00:00+00:00,23025
2022-11-27 05:00:00+00:00,23654
2022-11-27 06:00:00+00:00,24985
2022-11-27 07:00:00+00:00,26338
2022-11-27 08:00:00+00:00,28834
2022-11-27 09:00:00+00:00,30303
2022-11-27 10:00:00+00:00,30625
2022-11-27 11:00:00+00:00,30584
2022-11-27 12:00:00+00:00,30983
2022-11-27 13:00:00+00:00,30722
2022-11-27 14:00:00+00:00,29801
2022-11-27 15:00:00+00:00,29273
2022-11-27 16:00:00+00:00,29604
2022-11-27 17:00:00+00:00,31300
2022-11-27 18:00:00+00:00,31778
2022-11-27 19:00:00+00:00,32332
2022-11-27 20:00:00+00:00,32063
2022-11-27 21:00:00+00:00,30039
2022-11-27 22:00:00+00:00,27831
2022-11-27 23:00:00+00:00,25899
2022-11-28 00:00:00+00:00,23996
2022-11-28 01:00:00+00:00,22756
2022-11-28 02:00:00+00:00,21909
2022-11-28 03:00:00+00:00,21472
2022-11-28 04:00:00+00:00,21512
2022-11-28 05:00:00+00:00,21908
2022-11-28 06:00:00+00:00,22689
2022-11-28 07:00:00+00:00,23514
2022-11-28 08:00:00+00:00,25747
2022-11-28 09:00:00+00:00,27683
2022-11-28 10:00:00+00:00,28633
2022-11-28 11:00:00+00:00,28991
2022-11-28 12:00:00+00:00,29754
2022-11-28 13:00:00+00:00,29815
2022-11-28 14:00:00+00:00,28699
2022-11-28 15:00:00+00:00,27925
2022-11-28 16:00:00+00:00,28503
2022-11-28 17:00:00+00:00,30769
2022-11-28 18:00:00+00:00,31952
2022-11-28 19:00:00+00:00,32809
2022-11-28 20:00:00+00:00,32397
2022-11-28 21:00:00+00:00,30290
2022-11-28 22:00:00+00:00,27582
2022-11-28 23:00:00+00:00,25392
2022-11-29 00:00:00+00:00,23666
2022-11-29 01:00:00+00:00,22713
2022-11-29 02:00:00+00:00,22341
2022-11-29 03:00:00+00:00,22320
2022-11-29 04:00:00+00:00,23136
2022-11-29 05:00:00+00:00,26377
2022-11-29 06:00:00+00:00,30947
2022-11-29 07:00:00+00:00,33270
2022-11-29 08:00:00+00:00,34130
2022-11-29 09:00:00+00:00,34749
2022-11-29 10:00:00+00:00,34560
2022-11-29 11:00:00+00:00,34569
2022-11-29 12:00:00+00:00,34659
2022-11-29 13:00:00+00:00,34232
2022-11-29 14:00:00+00:00,33840
2022-11-29 15:00:00+00:00,33597
2022-11-29 16:00:00+00:00,33977
2022-11-29 17:00:00+00:00,35424
2022-11-29 18:00:00+00:00,35981
2022-11-29 19:00:00+00:00,36360
2022-11-29 20:00:00+00:00,35277
2022-11-29 21:00:00+00:00,32446
2022-11-29 22:00:00+00:00,29405
2022-11-29 23:00:00+00:00,27589
2022-11-30 00:00:00+00:00,25778
2022-11-30 01:00:00+00:00,24651
2022-11-30 02:00:00+00:00,24276
2022-11-30 03:00:00+00:00,24218
2022-11-30 04:00:00+00:00,24847
2022-11-30 05:00:00+00:00,27807
2022-11-30 06:00:00+00:00,32121
2022-11-30 07:00:00+00:00,34155
2022-11-30 08:00:00+00:00,34822
2022-11-30 09:00:00+00:00,35004
2022-11-30 10:00:00+00:00,34592
2022-11-30 11:00:00+00:00,34353
2022-11-30 12:00:00+00:00,34201
2022-11-30 13:00:00+00:00,33627
2022-11-30 14:00:00+00:00,33101
2022-11-30 15:00:00+00:00,32800
2022-11-30 16:00:00+00:00,33319
2022-11-30 17:00:00+00:00,35066
2022-11-30 18:00:00+00:00,35818
2022-11-30 19:00:00+00:00,36211
2022-11-30 20:00:00+00:00,35257
2022-11-30 21:00:00+00:00,32339
2022-11-30 22:00:00+00:00,29194
2022-11-30 23:00:00+00:00,27442
2022-12-01 00:00:00+00:00,25712
2022-12-01 01:00:00+00:00,24585
2022-12-01 02:00:00+00:00,23970
2022-12-01 03:00:00+00:00,23843
2022-12-01 04:00:00+00:00,24645
2022-12-01 05:00:00+00:00,27447
2022-12-01 06:00:00+00:00,32104
2022-12-01 07:00:00+00:00,34098
2022-12-01 08:00:00+00:00,34744
2022-12-01 09:00:00+00:00,35080
2022-12-01 10:00:00+00:00,34668
2022-12-01 11:00:00+00:00,34583
2022-12-01 12:00:00+00:00,34722
2022-12-01 13:00:00+00:00,34333
2022-12-01 14:00:00+00:00,33984
2022-12-01 15:00:00+00:00,33930
2022-12-01 16:00:00+00:00,34518
2022-12-01 17:00:00+00:00,35743
2022-12-01 18:00:00+00:00,36269
2022-12-01 19:00:00+00:00,36406
2022-12-01 20:00:00+00:00,35252
2022-12-01 21:00:00+00:00,32271
2022-12-01 22:00:00+00:00,29283
2022-12-01 23:00:00+00:00,27696
2022-12-02 00:00:00+00:00,25918
2022-12-02 01:00:00+00:00,24814
2022-12-02 02:00:00+00:00,24333
2022-12-02 03:00:00+00:00,24221
2022-12-02 04:00:00+00:00,24898
2022-12-02 05:00:00+00:00,27595
2022-12-02 06:00:00+00:00,31877
2022-12-02 07:00:00+00:00,33663
2022-12-02 08:00:00+00:00,34513
2022-12-02 09:00:00+00:00,34505
2022-12-02 10:00:00+00:00,34368
2022-12-02 11:00:00+00:00,34526
2022-12-02 12:00:00+00:00,34652
2022-12-02 13:00:00+00:00,34235
2022-12-02 14:00:00+00:00,33880
2022-12-02 15:00:00+00:00,33585
2022-12-02 16:00:00+00:00,34234
2022-12-02 17:00:00+00:00,35775
2022-12-02 18:00:00+00:00,36440
2022-12-02 19:00:00+00:00,36825
2022-12-02 20:00:00+00:00,35590
2022-12-02 21:00:00+00:00,32790
2022-12-02 22:00:00+00:00,29717
2022-12-02 23:00:00+00:00,28003
2022-12-03 00:00:00+00:00,26314
2022-12-03 01:00:00+00:00,25132
2022-12-03 02:00:00+00:00,24645
2022-12-03 03:00:00+00:00,24639
2022-12-03 04:00:00+00:00,25294
2022-12-03 05:00:00+00:00,27954
2022-12-03 06:00:00+00:00,32362
2022-12-03 07:00:00+00:00,34255
2022-12-03 08:00:00+00:00,34811
2022-12-03 09:00:00+00:00,34834
2022-12-03 10:00:00+00:00,34295
2022-12-03 11:00:00+00:00,34092
2022-12-03 12:00:00+00:00,33961
2022-12-03 13:00:00+00:00,33389
2022-12-03 14:00:00+00:00,32692
2022-12-03 15:00:00+00:00,32541
2022-12-03 16:00:00+00:00,33163
2022-12-03 17:00:00+00:00,34790
2022-12-03 18:00:00+00:00,34980
2022-12-03 19:00:00+00:00,35132
2022-12-03 20:00:00+00:00,34086
2022-12-03 21:00:00+00:00,31685
2022-12-03 22:00:00+00:00,29363
2022-12-03 23:00:00+00:00,28026
2022-12-04 00:00:00+00:00,25987
2022-12-04 01:00:00+00:00,24564
2022-12-04 02:00:00+00:00,23743
2022-12-04 03:00:00+00:00,23406
2022-12-04 04:00:00+00:00,23416
2022-12-04 05:00:00+00:00,24087
2022-12-04 06:00:00+00:00,25471
2022-12-04 07:00:00+00:00,26784
2022-12-04 08:00:00+00:00,29106
2022-12-04 09:00:00+00:00,30407
2022-12-04 10:00:00+00:00,30337
2022-12-04 11:00:00+00:00,30155
2022-12-04 12:00:00+00:00,30302
2022-12-04 13:00:00+00:00,29978
2022-12-04 14:00:00+00:00,29209
2022-12-04 15:00:00+00:00,28644
2022-12-04 16:00:00+00:00,29025
2022-12-04 17:00:00+00:00,30808
2022-12-04 18:00:00+00:00,31229
2022-12-04 19:00:00+00:00,31757
2022-12-04 20:00:00+00:00,31547
2022-12-04 21:00:00+00:00,29561
2022-12-04 22:00:00+00:00,27336
2022-12-04 23:00:00+00:00,25398
2022-12-05 00:00:00+00:00,23524
2022-12-05 01:00:00+00:00,22393
2022-12-05 02:00:00+00:00,21701
2022-12-05 03:00:00+00:00,21451
2022-12-05 04:00:00+00:00,21412
2022-12-05 05:00:00+00:00,21907
2022-12-05 06:00:00+00:00,22838
2022-12-05 07:00:00+00:00,23524
2022-12-05 08:00:00+00:00,25468
2022-12-05 09:00:00+00:00,27184
2022-12-05 10:00:00+00:00,27804
2022-12-05 11:00:00+00:00,27776
2022-12-05 12:00:00+00:00,28214
2022-12-05 13:00:00+00:00,28293
2022-12-05 14:00:00+00:00,27196
2022-12-05 15:00:00+00:00,26691
2022-12-05 16:00:00+00:00,27089
2022-12-05 17:00:00+00:00,29083
2022-12-05 18:00:00+00:00,29771
2022-12-05 19:00:00+00:00,30276
2022-12-05 20:00:00+00:00,30475
2022-12-05 21:00:00+00:00,29093
2022-12-05 22:00:00+00:00,27125
2022-12-05 23:00:00+00:00,25331
2022-12-06 00:00:00+00:00,23561
2022-12-06 01:00:00+00:00,22267
2022-12-06 02:00:00+00:00,21618
2022-12-06 03:00:00+00:00,21311
2022-12-06 04:00:00+00:00,21550
2022-12-06 05:00:00+00:00,22398
2022-12-06 06:00:00+00:00,23633
2022-12-06 07:00:00+00:00,24501
2022-12-06 08:00:00+00:00,26125
2022-12-06 09:00:00+00:00,27511
2022-12-06 10:00:00+00:00,27979
2022-12-06 11:00:00+00:00,27930
2022-12-06 12:00:00+00:00,28308
2022-12-06 13:00:00+00:00,28396
2022-12-06 14:00:00+00:00,27554
2022-12-06 15:00:00+00:00,26979
2022-12-06 16:00:00+00:00,27420
2022-12-06 17:00:00+00:00,29517
2022-12-06 18:00:00+00:00,30332
2022-12-06 19:00:00+00:00,31061
2022-12-06 20:00:00+00:00,31242
2022-12-06 21:00:00+00:00,29824
2022-12-06 22:00:00+00:00,27384
2022-12-06 23:00:00+00:00,25636
2022-12-07 00:00:00+00:00,23755
2022-12-07 01:00:00+00:00,22386
2022-12-07 02:00:00+00:00,21836
2022-12-07 03:00:00+00:00,21572
2022-12-07 04:00:00+00:00,21972
2022-12-07 05:00:00+00:00,23916
2022-12-07 06:00:00+00:00,26569
2022-12-07 07:00:00+00:00,28180
2022-12-07 08:00:00+00:00,29769
2022-12-07 09:00:00+00:00,30718
2022-12-07 10:00:00+00:00,30663
2022-12-07 11:00:00+00:00,30645
2022-12-07 12:00:00+00:00,31008
2022-12-07 13:00:00+00:00,30813
2022-12-07 14:00:00+00:00,30041
2022-12-07 15:00:00+00:00,29752
2022-12-07 16:00:00+00:00,30271
2022-12-07 17:00:00+00:00,31605
2022-12-07 18:00:00+00:00,32050
2022-12-07 19:00:00+00:00,32245
2022-12-07 20:00:00+00:00,31569
2022-12-07 21:00:00+00:00,29489
2022-12-07 22:00:00+00:00,27010
2022-12-07 23:00:00+00:00,25656
2022-12-08 00:00:00+00:00,23884
2022-12-08 01:00:00+00:00,22606
2022-12-08 02:00:00+00:00,21919
2022-12-08 03:00:00+00:00,21580
2022-12-08 04:00:00+00:00,21681
2022-12-08 05:00:00+00:00,22588
2022-12-08 06:00:00+00:00,23732
2022-12-08 07:00:00+00:00,24371
2022-12-08 08:00:00+00:00,26161
2022-12-08 09:00:00+00:00,27785
2022-12-08 10:00:00+00:00,28595
2022-12-08 11:00:00+00:00,28854
2022-12-08 12:00:00+00:00,29703
2022-12-08 13:00:00+00:00,29627
2022-12-08 14:00:00+00:00,28421
2022-12-08 15:00:00+00:00,27792
2022-12-08 16:00:00+00:00,28242
2022-12-08 17:00:00+00:00,30358
2022-12-08 18:00:00+00:00,31156
2022-12-08 19:00:00+00:00,32116
2022-12-08 20:00:00+00:00,31795
2022-12-08 21:00:00+00:00,29806
2022-12-08 22:00:00+00:00,27271
2022-12-08 23:00:00+00:00,25466
2022-12-09 00:00:00+00:00,23764
2022-12-09 01:00:00+00:00,22779
2022-12-09 02:00:00+00:00,22370
2022-12-09 03:00:00+00:00,22319
2022-12-09 04:00:00+00:00,23153
2022-12-09 05:00:00+00:00,26348
2022-12-09 06:00:00+00:00,31011
2022-12-09 07:00:00+00:00,33422
2022-12-09 08:00:00+00:00,34348
2022-12-09 09:00:00+00:00,34874
2022-12-09 10:00:00+00:00,34708
2022-12-09 11:00:00+00:00,34695
2022-12-09 12:00:00+00:00,34711
2022-12-09 13:00:00+00:00,34145
2022-12-09 14:00:00+00:00,33889
2022-12-09 15:00:00+00:00,33712
2022-12-09 16:00:00+00:00,34208
2022-12-09 17:00:00+00:00,35535
2022-12-09 18:00:00+00:00,35841
2022-12-09 19:00:00+00:00,36009
2022-12-09 20:00:00+00:00,34887
2022-12-09 21:00:00+00:00,32007
2022-12-09 22:00:00+00:00,28899
2022-12-09 23:00:00+00:00,27110
2022-12-10 00:00:00+00:00,25238
2022-12-10 01:00:00+00:00,24135
2022-12-10 02:00:00+00:00,23589
2022-12-10 03:00:00+00:00,23402
2022-12-10 04:00:00+00:00,24089
2022-12-10 05:00:00+00:00,26901
2022-12-10 06:00:00+00:00,31157
2022-12-10 07:00:00+00:00,33193
2022-12-10 08:00:00+00:00,33776
2022-12-10 09:00:00+00:00,34286
2022-12-10 10:00:00+00:00,34044
2022-12-10 11:00:00+00:00,34103
2022-12-10 12:00:00+00:00,34081
2022-12-10 13:00:00+00:00,33614
2022-12-10 14:00:00+00:00,33052
2022-12-10 15:00:00+00:00,32747
2022-12-10 16:00:00+00:00,33089
2022-12-10 17:00:00+00:00,34318
2022-12-10 18:00:00+00:00,34587
2022-12-10 19:00:00+00:00,34662
2022-12-10 20:00:00+00:00,33617
2022-12-10 21:00:00+00:00,31133
2022-12-10 22:00:00+00:00,28629
2022-12-10 23:00:00+00:00,27302
2022-12-11 00:00:00+00:00,25543
2022-12-11 01:00:00+00:00,24286
2022-12-11 02:00:00+00:00,23489
2022-12-11 03:00:00+00:00,23060
2022-12-11 04:00:00+00:00,23034
2022-12-11 05:00:00+00:00,23719
2022-12-11 06:00:00+00:00,25050
2022-12-11 07:00:00+00:00,26314
2022-12-11 08:00:00+00:00,28451
2022-12-11 09:00:00+00:00,29909
2022-12-11 10:00:00+00:00,29952
2022-12-11 11:00:00+00:00,29829
2022-12-11 12:00:00+00:00,29894
2022-12-11 13:00:00+00:00,29523
2022-12-11 14:00:00+00:00,28515
2022-12-11 15:00:00+00:00,27729
2022-12-11 16:00:00+00:00,28050
2022-12-11 17:00:00+00:00,29922
2022-12-11 18:00:00+00:00,30601
2022-12-11 19:00:00+00:00,31028
2022-12-11 20:00:00+00:00,30747
2022-12-11 21:00:00+00:00,29067
2022-12-11 22:00:00+00:00,27172
2022-12-11 23:00:00+00:00,25580
2022-12-12 00:00:00+00:00,23884
2022-12-12 01:00:00+00:00,22648
2022-12-12 02:00:00+00:00,21817
2022-12-12 03:00:00+00:00,21423
2022-12-12 04:00:00+00:00,21293
2022-12-12 05:00:00+00:00,21715
2022-12-12 06:00:00+00:00,22483
2022-12-12 07:00:00+00:00,23049
2022-12-12 08:00:00+00:00,24742
2022-12-12 09:00:00+00:00,26375
2022-12-12 10:00:00+00:00,26787
2022-12-12 11:00:00+00:00,26814
2022-12-12 12:00:00+00:00,27279
2022-12-12 13:00:00+00:00,27409
2022-12-12 14:00:00+00:00,26353
2022-12-12 15:00:00+00:00,25747
2022-12-12 16:00:00+00:00,26057
2022-12-12 17:00:00+00:00,28443
2022-12-12 18:00:00+00:00,29530
2022-12-12 19:00:00+00:00,30645
2022-12-12 20:00:00+00:00,30379
2022-12-12 21:00:00+00:00,28787
2022-12-12 22:00:00+00:00,26420
2022-12-12 23:00:00+00:00,24726
2022-12-13 00:00:00+00:00,23199
2022-12-13 01:00:00+00:00,22335
2022-12-13 02:00:00+00:00,22076
2022-12-13 03:00:00+00:00,22187
2022-12-13 04:00:00+00:00,22966
2022-12-13 05:00:00+00:00,26280
2022-12-13 06:00:00+00:00,30783
2022-12-13 07:00:00+00:00,33145
2022-12-13 08:00:00+00:00,33716
2022-12-13 09:00:00+00:00,34002
2022-12-13 10:00:00+00:00,33786
2022-12-13 11:00:00+00:00,33605
2022-12-13 12:00:00+00:00,33340
2022-12-13 13:00:00+00:00,32742
2022-12-13 14:00:00+00:00,32237
2022-12-13 15:00:00+00:00,32151
2022-12-13 16:00:00+00:00,32700
2022-12-13 17:00:00+00:00,34242
2022-12-13 18:00:00+00:00,34982
2022-12-13 19:00:00+00:00,35360
2022-12-13 20:00:00+00:00,34448
2022-12-13 21:00:00+00:00,31571
2022-12-13 22:00:00+00:00,28521
2022-12-13 23:00:00+00:00,26978
2022-12-14 00:00:00+00:00,25390
2022-12-14 01:00:00+00:00,24296
2022-12-14 02:00:00+00:00,23811
2022-12-14 03:00:00+00:00,23815
2022-12-14 04:00:00+00:00,24512
2022-12-14 05:00:00+00:00,27366
2022-12-14 06:00:00+00:00,31769
2022-12-14 07:00:00+00:00,34104
2022-12-14 08:00:00+00:00,34519
2022-12-14 09:00:00+00:00,34596
2022-12-14 10:00:00+00:00,34326
2022-12-14 11:00:00+00:00,34056
2022-12-14 12:00:00+00:00,33735
2022-12-14 13:00:00+00:00,33246
2022-12-14 14:00:00+00:00,32774
2022-12-14 15:00:00+00:00,32550
2022-12-14 16:00:00+00:00,33097
2022-12-14 17:00:00+00:00,34730
2022-12-14 18:00:00+00:00,35477
2022-12-14 19:00:00+00:00,35874
2022-12-14 20:00:00+00:00,34761
2022-12-14 21:00:00+00:00,31900
2022-12-14 22:00:00+00:00,28881
2022-12-14 23:00:00+00:00,27366
2022-12-15 00:00:00+00:00,25581
2022-12-15 01:00:00+00:00,24566
2022-12-15 02:00:00+00:00,24090
2022-12-15 03:00:00+00:00,23988
2022-12-15 04:00:00+00:00,24774
2022-12-15 05:00:00+00:00,27562
2022-12-15 06:00:00+00:00,31945
2022-12-15 07:00:00+00:00,34074
2022-12-15 08:00:00+00:00,34515
2022-12-15 09:00:00+00:00,34624
2022-12-15 10:00:00+00:00,34189
2022-12-15 11:00:00+00:00,34037
2022-12-15 12:00:00+00:00,33909
2022-12-15 13:00:00+00:00,33354
2022-12-15 14:00:00+00:00,32831
2022-12-15 15:00:00+00:00,32570
2022-12-15 16:00:00+00:00,33162
2022-12-15 17:00:00+00:00,34835
2022-12-15 18:00:00+00:00,35465
2022-12-15 19:00:00+00:00,35716
2022-12-15 20:00:00+00:00,34687
2022-12-15 21:00:00+00:00,31819
2022-12-15 22:00:00+00:00,28917
2022-12-15 23:00:00+00:00,27227
2022-12-16 00:00:00+00:00,25463
2022-12-16 01:00:00+00:00,24426
2022-12-16 02:00:00+00:00,23892
2022-12-16 03:00:00+00:00,23876
2022-12-16 04:00:00+00:00,24790
2022-12-16 05:00:00+00:00,27377
2022-12-16 06:00:00+00:00,31645
2022-12-16 07:00:00+00:00,33607
2022-12-16 08:00:00+00:00,34314
2022-12-16 09:00:00+00:00,33723
2022-12-16 10:00:00+00:00,34602
2022-12-16 11:00:00+00:00,34425
2022-12-16 12:00:00+00:00,34382
2022-12-16 13:00:00+00:00,33853
2022-12-16 14:00:00+00:00,33411
2022-12-16 15:00:00+00:00,33185
2022-12-16 16:00:00+00:00,33621
2022-12-16 17:00:00+00:00,35151
2022-12-16 18:00:00+00:00,35750
2022-12-16 19:00:00+00:00,35812
2022-12-16 20:00:00+00:00,34857
2022-12-16 21:00:00+00:00,31992
2022-12-16 22:00:00+00:00,29074
2022-12-16 23:00:00+00:00,27463
2022-12-17 00:00:00+00:00,25763
2022-12-17 01:00:00+00:00,24665
2022-12-17 02:00:00+00:00,24148
2022-12-17 03:00:00+00:00,24043
2022-12-17 04:00:00+00:00,24644
2022-12-17 05:00:00+00:00,27332
2022-12-17 06:00:00+00:00,31600
2022-12-17 07:00:00+00:00,33903
2022-12-17 08:00:00+00:00,34613
2022-12-17 09:00:00+00:00,35014
2022-12-17 10:00:00+00:00,34699
2022-12-17 11:00:00+00:00,34469
2022-12-17 12:00:00+00:00,34184
2022-12-17 13:00:00+00:00,33515
2022-12-17 14:00:00+00:00,32733
2022-12-17 15:00:00+00:00,32354
2022-12-17 16:00:00+00:00,32882
2022-12-17 17:00:00+00:00,34249
2022-12-17 18:00:00+00:00,34598
2022-12-17 19:00:00+00:00,34622
2022-12-17 20:00:00+00:00,33671
2022-12-17 21:00:00+00:00,31259
2022-12-17 22:00:00+00:00,28810
2022-12-17 23:00:00+00:00,27466
2022-12-18 00:00:00+00:00,25677
2022-12-18 01:00:00+00:00,24238
2022-12-18 02:00:00+00:00,23349
2022-12-18 03:00:00+00:00,23023
2022-12-18 04:00:00+00:00,23034
2022-12-18 05:00:00+00:00,23671
2022-12-18 06:00:00+00:00,25244
2022-12-18 07:00:00+00:00,26779
2022-12-18 08:00:00+00:00,28996
2022-12-18 09:00:00+00:00,30595
2022-12-18 10:00:00+00:00,30692
2022-12-18 11:00:00+00:00,30477
2022-12-18 12:00:00+00:00,30646
2022-12-18 13:00:00+00:00,30320
2022-12-18 14:00:00+00:00,29447
2022-12-18 15:00:00+00:00,28755
2022-12-18 16:00:00+00:00,29076
2022-12-18 17:00:00+00:00,30625
2022-12-18 18:00:00+00:00,31060
2022-12-18 19:00:00+00:00,31408
2022-12-18 20:00:00+00:00,31049
2022-12-18 21:00:00+00:00,29351
2022-12-18 22:00:00+00:00,27239
2022-12-18 23:00:00+00:00,25380
2022-12-19 00:00:00+00:00,23684
2022-12-19 01:00:00+00:00,22305
2022-12-19 02:00:00+00:00,21637
2022-12-19 03:00:00+00:00,21196
2022-12-19 04:00:00+00:00,21229
2022-12-19 05:00:00+00:00,21709
2022-12-19 06:00:00+00:00,22448
2022-12-19 07:00:00+00:00,23176
2022-12-19 08:00:00+00:00,25105
2022-12-19 09:00:00+00:00,27053
2022-12-19 10:00:00+00:00,27550
2022-12-19 11:00:00+00:00,27831
2022-12-19 12:00:00+00:00,28277
2022-12-19 13:00:00+00:00,28424
2022-12-19 14:00:00+00:00,27277
2022-12-19 15:00:00+00:00,26761
2022-12-19 16:00:00+00:00,27084
2022-12-19 17:00:00+00:00,29236
2022-12-19 18:00:00+00:00,30367
2022-12-19 19:00:00+00:00,31079
2022-12-19 20:00:00+00:00,30941
2022-12-19 21:00:00+00:00,29192
2022-12-19 22:00:00+00:00,26799
2022-12-19 23:00:00+00:00,24976
2022-12-20 00:00:00+00:00,23517
2022-12-20 01:00:00+00:00,22560
2022-12-20 02:00:00+00:00,22123
2022-12-20 03:00:00+00:00,22189
2022-12-20 04:00:00+00:00,23082
2022-12-20 05:00:00+00:00,26246
2022-12-20 06:00:00+00:00,30697
2022-12-20 07:00:00+00:00,33373
2022-12-20 08:00:00+00:00,34384
2022-12-20 09:00:00+00:00,34895
2022-12-20 10:00:00+00:00,34635
2022-12-20 11:00:00+00:00,34614
2022-12-20 12:00:00+00:00,34572
2022-12-20 13:00:00+00:00,33940
2022-12-20 14:00:00+00:00,33268
2022-12-20 15:00:00+00:00,33075
2022-12-20 16:00:00+00:00,33560
2022-12-20 17:00:00+00:00,34815
2022-12-20 18:00:00+00:00,35389
2022-12-20 19:00:00+00:00,35699
2022-12-20 20:00:00+00:00,34652
2022-12-20 21:00:00+00:00,31668
2022-12-20 22:00:00+00:00,28746
2022-12-20 23:00:00+00:00,26865
2022-12-21 00:00:00+00:00,25201
2022-12-21 01:00:00+00:00,23891
2022-12-21 02:00:00+00:00,23413
2022-12-21 03:00:00+00:00,23421
2022-12-21 04:00:00+00:00,24061
2022-12-21 05:00:00+00:00,26707
2022-12-21 06:00:00+00:00,30766
2022-12-21 07:00:00+00:00,33175
2022-12-21 08:00:00+00:00,34030
2022-12-21 09:00:00+00:00,34470
2022-12-21 10:00:00+00:00,34115
2022-12-21 11:00:00+00:00,33906
2022-12-21 12:00:00+00:00,33958
2022-12-21 13:00:00+00:00,33463
2022-12-21 14:00:00+00:00,32833
2022-12-21 15:00:00+00:00,32573
2022-12-21 16:00:00+00:00,32859
2022-12-21 17:00:00+00:00,34072
2022-12-21 18:00:00+00:00,34662
2022-12-21 19:00:00+00:00,34977
2022-12-21 20:00:00+00:00,34124
2022-12-21 21:00:00+00:00,31299
2022-12-21 22:00:00+00:00,28448
2022-12-21 23:00:00+00:00,26653
2022-12-22 00:00:00+00:00,24743
2022-12-22 01:00:00+00:00,23616
2022-12-22 02:00:00+00:00,23056
2022-12-22 03:00:00+00:00,23042
2022-12-22 04:00:00+00:00,23627
2022-12-22 05:00:00+00:00,26125
2022-12-22 06:00:00+00:00,29942
2022-12-22 07:00:00+00:00,32290
2022-12-22 08:00:00+00:00,33393
2022-12-22 09:00:00+00:00,33976
2022-12-22 10:00:00+00:00,33800
2022-12-22 11:00:00+00:00,33685
2022-12-22 12:00:00+00:00,33567
2022-12-22 13:00:00+00:00,32925
2022-12-22 14:00:00+00:00,32218
2022-12-22 15:00:00+00:00,31979
2022-12-22 16:00:00+00:00,32373
2022-12-22 17:00:00+00:00,33673
2022-12-22 18:00:00+00:00,33991
2022-12-22 19:00:00+00:00,33974
2022-12-22 20:00:00+00:00,33026
2022-12-22 21:00:00+00:00,30319
2022-12-22 22:00:00+00:00,27535
2022-12-22 23:00:00+00:00,25818
2022-12-23 00:00:00+00:00,23990
2022-12-23 01:00:00+00:00,22922
2022-12-23 02:00:00+00:00,22331
2022-12-23 03:00:00+00:00,22227
2022-12-23 04:00:00+00:00,22659
2022-12-23 05:00:00+00:00,24912
2022-12-23 06:00:00+00:00,28161
2022-12-23 07:00:00+00:00,30218
2022-12-23 08:00:00+00:00,31670
2022-12-23 09:00:00+00:00,32553
2022-12-23 10:00:00+00:00,32461
2022-12-23 11:00:00+00:00,32442
2022-12-23 12:00:00+00:00,32581
2022-12-23 13:00:00+00:00,32193
2022-12-23 14:00:00+00:00,31251
2022-12-23 15:00:00+00:00,30765
2022-12-23 16:00:00+00:00,30943
2022-12-23 17:00:00+00:00,31865
2022-12-23 18:00:00+00:00,31968
2022-12-23 19:00:00+00:00,31976
2022-12-23 20:00:00+00:00,31223
2022-12-23 21:00:00+00:00,28788
2022-12-23 22:00:00+00:00,26408
2022-12-23 23:00:00+00:00,24675
2022-12-24 00:00:00+00:00,22885
2022-12-24 01:00:00+00:00,21489
2022-12-24 02:00:00+00:00,20596
2022-12-24 03:00:00+00:00,20177
2022-12-24 04:00:00+00:00,20386
2022-12-24 05:00:00+00:00,21298
2022-12-24 06:00:00+00:00,23321
2022-12-24 07:00:00+00:00,24837
2022-12-24 08:00:00+00:00,26786
2022-12-24 09:00:00+00:00,28011
2022-12-24 10:00:00+00:00,28254
2022-12-24 11:00:00+00:00,28187
2022-12-24 12:00:00+00:00,28006
2022-12-24 13:00:00+00:00,27523
2022-12-24 14:00:00+00:00,26371
2022-12-24 15:00:00+00:00,25781
2022-12-24 16:00:00+00:00,25963
2022-12-24 17:00:00+00:00,27623
2022-12-24 18:00:00+00:00,27777
2022-12-24 19:00:00+00:00,27139
2022-12-24 20:00:00+00:00,25565
2022-12-24 21:00:00+00:00,22939
2022-12-24 22:00:00+00:00,21844
2022-12-24 23:00:00+00:00,21431
2022-12-25 00:00:00+00:00,20349
2022-12-25 01:00:00+00:00,19010
2022-12-25 02:00:00+00:00,17998
2022-12-25 03:00:00+00:00,17552
2022-12-25 04:00:00+00:00,17458
2022-12-25 05:00:00+00:00,17630
2022-12-25 06:00:00+00:00,18023
2022-12-25 07:00:00+00:00,18292
2022-12-25 08:00:00+00:00,19708
2022-12-25 09:00:00+00:00,21750
2022-12-25 10:00:00+00:00,23124
2022-12-25 11:00:00+00:00,23813
2022-12-25 12:00:00+00:00,24346
2022-12-25 13:00:00+00:00,23998
2022-12-25 14:00:00+00:00,22244
2022-12-25 15:00:00+00:00,21691
2022-12-25 16:00:00+00:00,21951
2022-12-25 17:00:00+00:00,23650
2022-12-25 18:00:00+00:00,24246
2022-12-25 19:00:00+00:00,24787
2022-12-25 20:00:00+00:00,25045
2022-12-25 21:00:00+00:00,24193
2022-12-25 22:00:00+00:00,22617
2022-12-25 23:00:00+00:00,21243
2022-12-26 00:00:00+00:00,19489
2022-12-26 01:00:00+00:00,18460
2022-12-26 02:00:00+00:00,17895
2022-12-26 03:00:00+00:00,17636
2022-12-26 04:00:00+00:00,17720
2022-12-26 05:00:00+00:00,18418
2022-12-26 06:00:00+00:00,19271
2022-12-26 07:00:00+00:00,19802
2022-12-26 08:00:00+00:00,21392
2022-12-26 09:00:00+00:00,23482
2022-12-26 10:00:00+00:00,24604
2022-12-26 11:00:00+00:00,25108
2022-12-26 12:00:00+00:00,25985
2022-12-26 13:00:00+00:00,26019
2022-12-26 14:00:00+00:00,24749
2022-12-26 15:00:00+00:00,23980
2022-12-26 16:00:00+00:00,24189
2022-12-26 17:00:00+00:00,25933
2022-12-26 18:00:00+00:00,26534
2022-12-26 19:00:00+00:00,27234
2022-12-26 20:00:00+00:00,27201
2022-12-26 21:00:00+00:00,25644
2022-12-26 22:00:00+00:00,23561
2022-12-26 23:00:00+00:00,22148
2022-12-27 00:00:00+00:00,20517
2022-12-27 01:00:00+00:00,19537
2022-12-27 02:00:00+00:00,19018
2022-12-27 03:00:00+00:00,18869
2022-12-27 04:00:00+00:00,19476
2022-12-27 05:00:00+00:00,21567
2022-12-27 06:00:00+00:00,24204
2022-12-27 07:00:00+00:00,26105
2022-12-27 08:00:00+00:00,27631
2022-12-27 09:00:00+00:00,28548
2022-12-27 10:00:00+00:00,28570
2022-12-27 11:00:00+00:00,28675
2022-12-27 12:00:00+00:00,28974
2022-12-27 13:00:00+00:00,28817
2022-12-27 14:00:00+00:00,27863
2022-12-27 15:00:00+00:00,27422
2022-12-27 16:00:00+00:00,27672
2022-12-27 17:00:00+00:00,29052
2022-12-27 18:00:00+00:00,29589
2022-12-27 19:00:00+00:00,29745
2022-12-27 20:00:00+00:00,29261
2022-12-27 21:00:00+00:00,26911
2022-12-27 22:00:00+00:00,24483
2022-12-27 23:00:00+00:00,23282
2022-12-28 00:00:00+00:00,21838
2022-12-28 01:00:00+00:00,20754
2022-12-28 02:00:00+00:00,20203
2022-12-28 03:00:00+00:00,20025
2022-12-28 04:00:00+00:00,20542
2022-12-28 05:00:00+00:00,22361
2022-12-28 06:00:00+00:00,24858
2022-12-28 07:00:00+00:00,26466
2022-12-28 08:00:00+00:00,27751
2022-12-28 09:00:00+00:00,28583
2022-12-28 10:00:00+00:00,28473
2022-12-28 11:00:00+00:00,28417
2022-12-28 12:00:00+00:00,28747
2022-12-28 13:00:00+00:00,28478
2022-12-28 14:00:00+00:00,27494
2022-12-28 15:00:00+00:00,26997
2022-12-28 16:00:00+00:00,27237
2022-12-28 17:00:00+00:00,28803
2022-12-28 18:00:00+00:00,29476
2022-12-28 19:00:00+00:00,29894
2022-12-28 20:00:00+00:00,29349
2022-12-28 21:00:00+00:00,27002
2022-12-28 22:00:00+00:00,24572
2022-12-28 23:00:00+00:00,23335
2022-12-29 00:00:00+00:00,21666
2022-12-29 01:00:00+00:00,20654
2022-12-29 02:00:00+00:00,20120
2022-12-29 03:00:00+00:00,19953
2022-12-29 04:00:00+00:00,20427
2022-12-29 05:00:00+00:00,22288
2022-12-29 06:00:00+00:00,24807
2022-12-29 07:00:00+00:00,26541
2022-12-29 08:00:00+00:00,27658
2022-12-29 09:00:00+00:00,28060
2022-12-29 10:00:00+00:00,27799
2022-12-29 11:00:00+00:00,27633
2022-12-29 12:00:00+00:00,27732
2022-12-29 13:00:00+00:00,27361
2022-12-29 14:00:00+00:00,26385
2022-12-29 15:00:00+00:00,26258
2022-12-29 16:00:00+00:00,27015
2022-12-29 17:00:00+00:00,28910
2022-12-29 18:00:00+00:00,29644
2022-12-29 19:00:00+00:00,29918
2022-12-29 20:00:00+00:00,29396
2022-12-29 21:00:00+00:00,27117
2022-12-29 22:00:00+00:00,24776
2022-12-29 23:00:00+00:00,23339
2022-12-30 00:00:00+00:00,21738
2022-12-30 01:00:00+00:00,20485
2022-12-30 02:00:00+00:00,20003
2022-12-30 03:00:00+00:00,19895
2022-12-30 04:00:00+00:00,20386
2022-12-30 05:00:00+00:00,22219
2022-12-30 06:00:00+00:00,24796
2022-12-30 07:00:00+00:00,26573
2022-12-30 08:00:00+00:00,27691
2022-12-30 09:00:00+00:00,28039
2022-12-30 10:00:00+00:00,27595
2022-12-30 11:00:00+00:00,27391
2022-12-30 12:00:00+00:00,27829
2022-12-30 13:00:00+00:00,27456
2022-12-30 14:00:00+00:00,26365
2022-12-30 15:00:00+00:00,26151
2022-12-30 16:00:00+00:00,26889
2022-12-30 17:00:00+00:00,29029
2022-12-30 18:00:00+00:00,29672
2022-12-30 19:00:00+00:00,29922
2022-12-30 20:00:00+00:00,29467
2022-12-30 21:00:00+00:00,27331
2022-12-30 22:00:00+00:00,24796
2022-12-30 23:00:00+00:00,23348
2022-12-31 00:00:00+00:00,21692
2022-12-31 01:00:00+00:00,20353
2022-12-31 02:00:00+00:00,19798
2022-12-31 03:00:00+00:00,19581
2022-12-31 04:00:00+00:00,19753
2022-12-31 05:00:00+00:00,20823
2022-12-31 06:00:00+00:00,22616
2022-12-31 07:00:00+00:00,23896
2022-12-31 08:00:00+00:00,25445
2022-12-31 09:00:00+00:00,26380
2022-12-31 10:00:00+00:00,26016
2022-12-31 11:00:00+00:00,25646
2022-12-31 12:00:00+00:00,25419
2022-12-31 13:00:00+00:00,25131
2022-12-31 14:00:00+00:00,24311
2022-12-31 15:00:00+00:00,23886
2022-12-31 16:00:00+00:00,24461
2022-12-31 17:00:00+00:00,26959
2022-12-31 18:00:00+00:00,27863
2022-12-31 19:00:00+00:00,27661
2022-12-31 20:00:00+00:00,26551
2022-12-31 21:00:00+00:00,23743
2022-12-31 22:00:00+00:00,22220
2022-12-31 23:00:00+00:00,24623
2023-01-01 00:00:00+00:00,19624
2023-01-01 01:00:00+00:00,18460
2023-01-01 02:00:00+00:00,17384
2023-01-01 03:00:00+00:00,16704
2023-01-01 04:00:00+00:00,16264
2023-01-01 05:00:00+00:00,16224
2023-01-01 06:00:00+00:00,16404
2023-01-01 07:00:00+00:00,16608
2023-01-01 08:00:00+00:00,16552
2023-01-01 09:00:00+00:00,17664
2023-01-01 10:00:00+00:00,19036
2023-01-01 11:00:00+00:00,19480
2023-01-01 12:00:00+00:00,20000
2023-01-01 13:00:00+00:00,20772
2023-01-01 14:00:00+00:00,20104
2023-01-01 15:00:00+00:00,19492
2023-01-01 16:00:00+00:00,19748
2023-01-01 17:00:00+00:00,21872
2023-01-01 18:00:00+00:00,23316
2023-01-01 19:00:00+00:00,24140
2023-01-01 20:00:00+00:00,24700
2023-01-01 21:00:00+00:00,23968
2023-01-01 22:00:00+00:00,22252
2023-01-01 23:00:00+00:00,20588
2023-01-02 00:00:00+00:00,19008
2023-01-02 01:00:00+00:00,17976
2023-01-02 02:00:00+00:00,17300
2023-01-02 03:00:00+00:00,17208
2023-01-02 04:00:00+00:00,17504
2023-01-02 05:00:00+00:00,19268
2023-01-02 06:00:00+00:00,21752
2023-01-02 07:00:00+00:00,23980
2023-01-02 08:00:00+00:00,25228
2023-01-02 09:00:00+00:00,26516
2023-01-02 10:00:00+00:00,27204
2023-01-02 11:00:00+00:00,27220
2023-01-02 12:00:00+00:00,27452
2023-01-02 13:00:00+00:00,27868
2023-01-02 14:00:00+00:00,27116
2023-01-02 15:00:00+00:00,26816
2023-01-02 16:00:00+00:00,26736
2023-01-02 17:00:00+00:00,27660
2023-01-02 18:00:00+00:00,28476
2023-01-02 19:00:00+00:00,29192
2023-01-02 20:00:00+00:00,29416
2023-01-02 21:00:00+00:00,27700
2023-01-02 22:00:00+00:00,25272
2023-01-02 23:00:00+00:00,23232
2023-01-03 00:00:00+00:00,21720
2023-01-03 01:00:00+00:00,20348
2023-01-03 02:00:00+00:00,19800
2023-01-03 03:00:00+00:00,19568
2023-01-03 04:00:00+00:00,19840
2023-01-03 05:00:00+00:00,21840
2023-01-03 06:00:00+00:00,24920
2023-01-03 07:00:00+00:00,27528
2023-01-03 08:00:00+00:00,29304
2023-01-03 09:00:00+00:00,29696
2023-01-03 10:00:00+00:00,29468
2023-01-03 11:00:00+00:00,29060
2023-01-03 12:00:00+00:00,28900
2023-01-03 13:00:00+00:00,28532
2023-01-03 14:00:00+00:00,27796
2023-01-03 15:00:00+00:00,27712
2023-01-03 16:00:00+00:00,28148
2023-01-03 17:00:00+00:00,29564
2023-01-03 18:00:00+00:00,30876
2023-01-03 19:00:00+00:00,31240
2023-01-03 20:00:00+00:00,31600
2023-01-03 21:00:00+00:00,29360
2023-01-03 22:00:00+00:00,26820
2023-01-03 23:00:00+00:00,24464
2023-01-04 00:00:00+00:00,22760
2023-01-04 01:00:00+00:00,21448
2023-01-04 02:00:00+00:00,20768
2023-01-04 03:00:00+00:00,20456
2023-01-04 04:00:00+00:00,20764
2023-01-04 05:00:00+00:00,22540
2023-01-04 06:00:00+00:00,25500
2023-01-04 07:00:00+00:00,28128
2023-01-04 08:00:00+00:00,29772
2023-01-04 09:00:00+00:00,30400
2023-01-04 10:00:00+00:00,29860
2023-01-04 11:00:00+00:00,29444
2023-01-04 12:00:00+00:00,29124
2023-01-04 13:00:00+00:00,29068
2023-01-04 14:00:00+00:00,28204
2023-01-04 15:00:00+00:00,27800
2023-01-04 16:00:00+00:00,28420
2023-01-04 17:00:00+00:00,29832
2023-01-04 18:00:00+00:00,30912
2023-01-04 19:00:00+00:00,31400
2023-01-04 20:00:00+00:00,31772
2023-01-04 21:00:00+00:00,29520
2023-01-04 22:00:00+00:00,27048
2023-01-04 23:00:00+00:00,24976
2023-01-05 00:00:00+00:00,23284
2023-01-05 01:00:00+00:00,21732
2023-01-05 02:00:00+00:00,21080
2023-01-05 03:00:00+00:00,20740
2023-01-05 04:00:00+00:00,21160
2023-01-05 05:00:00+00:00,22592
2023-01-05 06:00:00+00:00,25552
2023-01-05 07:00:00+00:00,28248
2023-01-05 08:00:00+00:00,29772
2023-01-05 09:00:00+00:00,30232
2023-01-05 10:00:00+00:00,29804
2023-01-05 11:00:00+00:00,28960
2023-01-05 12:00:00+00:00,28560
2023-01-05 13:00:00+00:00,28292
2023-01-05 14:00:00+00:00,27376
2023-01-05 15:00:00+00:00,27080
2023-01-05 16:00:00+00:00,27464
2023-01-05 17:00:00+00:00,28244
2023-01-05 18:00:00+00:00,28624
2023-01-05 19:00:00+00:00,28636
2023-01-05 20:00:00+00:00,28940
2023-01-05 21:00:00+00:00,27568
2023-01-05 22:00:00+00:00,25692
2023-01-05 23:00:00+00:00,23700
2023-01-06 00:00:00+00:00,22252
2023-01-06 01:00:00+00:00,20696
2023-01-06 02:00:00+00:00,19800
2023-01-06 03:00:00+00:00,19120
2023-01-06 04:00:00+00:00,19036
2023-01-06 05:00:00+00:00,19156
2023-01-06 06:00:00+00:00,20168
2023-01-06 07:00:00+00:00,20724
2023-01-06 08:00:00+00:00,21548
2023-01-06 09:00:00+00:00,22880
2023-01-06 10:00:00+00:00,23384
2023-01-06 11:00:00+00:00,23264
2023-01-06 12:00:00+00:00,23124
2023-01-06 13:00:00+00:00,23236
2023-01-06 14:00:00+00:00,22136
2023-01-06 15:00:00+00:00,21764
2023-01-06 16:00:00+00:00,22320
2023-01-06 17:00:00+00:00,24088
2023-01-06 18:00:00+00:00,25908
2023-01-06 19:00:00+00:00,26536
2023-01-06 20:00:00+00:00,27016
2023-01-06 21:00:00+00:00,26436
2023-01-06 22:00:00+00:00,24772
2023-01-06 23:00:00+00:00,22928
2023-01-07 00:00:00+00:00,21516
2023-01-07 01:00:00+00:00,20360
2023-01-07 02:00:00+00:00,19544
2023-01-07 03:00:00+00:00,19200
2023-01-07 04:00:00+00:00,19156
2023-01-07 05:00:00+00:00,19872
2023-01-07 06:00:00+00:00,21232
2023-01-07 07:00:00+00:00,22500
2023-01-07 08:00:00+00:00,23944
2023-01-07 09:00:00+00:00,25736
2023-01-07 10:00:00+00:00,26256
2023-01-07 11:00:00+00:00,26132
2023-01-07 12:00:00+00:00,26528
2023-01-07 13:00:00+00:00,27268
2023-01-07 14:00:00+00:00,26492
2023-01-07 15:00:00+00:00,25952
2023-01-07 16:00:00+00:00,26264
2023-01-07 17:00:00+00:00,27636
2023-01-07 18:00:00+00:00,28996
2023-01-07 19:00:00+00:00,29316
2023-01-07 20:00:00+00:00,29788
2023-01-07 21:00:00+00:00,28048
2023-01-07 22:00:00+00:00,25708
2023-01-07 23:00:00+00:00,24076
2023-01-08 00:00:00+00:00,22232
2023-01-08 01:00:00+00:00,20780
2023-01-08 02:00:00+00:00,19664
2023-01-08 03:00:00+00:00,19160
2023-01-08 04:00:00+00:00,19196
2023-01-08 05:00:00+00:00,19460
2023-01-08 06:00:00+00:00,20072
2023-01-08 07:00:00+00:00,20756
2023-01-08 08:00:00+00:00,21768
2023-01-08 09:00:00+00:00,24204
2023-01-08 10:00:00+00:00,25504
2023-01-08 11:00:00+00:00,26316
2023-01-08 12:00:00+00:00,27072
2023-01-08 13:00:00+00:00,27812
2023-01-08 14:00:00+00:00,26404
2023-01-08 15:00:00+00:00,25464
2023-01-08 16:00:00+00:00,25300
2023-01-08 17:00:00+00:00,26656
2023-01-08 18:00:00+00:00,28344
2023-01-08 19:00:00+00:00,29088
2023-01-08 20:00:00+00:00,29264
2023-01-08 21:00:00+00:00,27640
2023-01-08 22:00:00+00:00,25176
2023-01-08 23:00:00+00:00,22952
2023-01-09 00:00:00+00:00,21376
2023-01-09 01:00:00+00:00,20108
2023-01-09 02:00:00+00:00,19656
2023-01-09 03:00:00+00:00,19604
2023-01-09 04:00:00+00:00,20196
2023-01-09 05:00:00+00:00,22476
2023-01-09 06:00:00+00:00,26836
2023-01-09 07:00:00+00:00,30392
2023-01-09 08:00:00+00:00,30936
2023-01-09 09:00:00+00:00,31176
2023-01-09 10:00:00+00:00,30708
2023-01-09 11:00:00+00:00,30248
2023-01-09 12:00:00+00:00,30396
2023-01-09 13:00:00+00:00,29964
2023-01-09 14:00:00+00:00,29540
2023-01-09 15:00:00+00:00,29592
2023-01-09 16:00:00+00:00,29744
2023-01-09 17:00:00+00:00,30972
2023-01-09 18:00:00+00:00,32564
2023-01-09 19:00:00+00:00,33340
2023-01-09 20:00:00+00:00,33368
2023-01-09 21:00:00+00:00,30496
2023-01-09 22:00:00+00:00,27448
2023-01-09 23:00:00+00:00,25276
2023-01-10 00:00:00+00:00,23452
2023-01-10 01:00:00+00:00,22380
2023-01-10 02:00:00+00:00,21808
2023-01-10 03:00:00+00:00,21668
2023-01-10 04:00:00+00:00,22096
2023-01-10 05:00:00+00:00,24164
2023-01-10 06:00:00+00:00,28160
2023-01-10 07:00:00+00:00,31852
2023-01-10 08:00:00+00:00,32500
2023-01-10 09:00:00+00:00,32388
2023-01-10 10:00:00+00:00,31944
2023-01-10 11:00:00+00:00,31236
2023-01-10 12:00:00+00:00,30896
2023-01-10 13:00:00+00:00,30148
2023-01-10 14:00:00+00:00,29684
2023-01-10 15:00:00+00:00,29836
2023-01-10 16:00:00+00:00,30204
2023-01-10 17:00:00+00:00,31308
2023-01-10 18:00:00+00:00,33280
2023-01-10 19:00:00+00:00,34048
2023-01-10 20:00:00+00:00,33988
2023-01-10 21:00:00+00:00,31072
2023-01-10 22:00:00+00:00,28104
2023-01-10 23:00:00+00:00,25628
2023-01-11 00:00:00+00:00,24044
2023-01-11 01:00:00+00:00,22808
2023-01-11 02:00:00+00:00,22136
2023-01-11 03:00:00+00:00,21916
2023-01-11 04:00:00+00:00,22248
2023-01-11 05:00:00+00:00,24388
2023-01-11 06:00:00+00:00,28520
2023-01-11 07:00:00+00:00,31776
2023-01-11 08:00:00+00:00,32344
2023-01-11 09:00:00+00:00,32652
2023-01-11 10:00:00+00:00,32344
2023-01-11 11:00:00+00:00,32104
2023-01-11 12:00:00+00:00,32196
2023-01-11 13:00:00+00:00,31704
2023-01-11 14:00:00+00:00,31212
2023-01-11 15:00:00+00:00,30896
2023-01-11 16:00:00+00:00,30848
2023-01-11 17:00:00+00:00,31616
2023-01-11 18:00:00+00:00,33200
2023-01-11 19:00:00+00:00,33904
2023-01-11 20:00:00+00:00,34060
2023-01-11 21:00:00+00:00,30936
2023-01-11 22:00:00+00:00,27948
2023-01-11 23:00:00+00:00,25984
2023-01-12 00:00:00+00:00,24400
2023-01-12 01:00:00+00:00,23156
2023-01-12 02:00:00+00:00,22260
2023-01-12 03:00:00+00:00,22220
2023-01-12 04:00:00+00:00,22640
2023-01-12 05:00:00+00:00,24572
2023-01-12 06:00:00+00:00,28608
2023-01-12 07:00:00+00:00,32256
2023-01-12 08:00:00+00:00,32484
2023-01-12 09:00:00+00:00,32468
2023-01-12 10:00:00+00:00,32060
2023-01-12 11:00:00+00:00,31436
2023-01-12 12:00:00+00:00,31132
2023-01-12 13:00:00+00:00,30412
2023-01-12 14:00:00+00:00,29980
2023-01-12 15:00:00+00:00,30136
2023-01-12 16:00:00+00:00,30788
2023-01-12 17:00:00+00:00,32652
2023-01-12 18:00:00+00:00,33764
2023-01-12 19:00:00+00:00,34592
2023-01-12 20:00:00+00:00,34464
2023-01-12 21:00:00+00:00,31620
2023-01-12 22:00:00+00:00,28400
2023-01-12 23:00:00+00:00,26320
2023-01-13 00:00:00+00:00,24640
2023-01-13 01:00:00+00:00,23248
2023-01-13 02:00:00+00:00,22652
2023-01-13 03:00:00+00:00,22488
2023-01-13 04:00:00+00:00,22928
2023-01-13 05:00:00+00:00,24728
2023-01-13 06:00:00+00:00,28848
2023-01-13 07:00:00+00:00,32292
2023-01-13 08:00:00+00:00,32676
2023-01-13 09:00:00+00:00,32956
2023-01-13 10:00:00+00:00,32640
2023-01-13 11:00:00+00:00,31732
2023-01-13 12:00:00+00:00,31412
2023-01-13 13:00:00+00:00,30588
2023-01-13 14:00:00+00:00,29864
2023-01-13 15:00:00+00:00,29660
2023-01-13 16:00:00+00:00,29948
2023-01-13 17:00:00+00:00,31240
2023-01-13 18:00:00+00:00,33000
2023-01-13 19:00:00+00:00,33352
2023-01-13 20:00:00+00:00,33368
2023-01-13 21:00:00+00:00,31032
2023-01-13 22:00:00+00:00,28432
2023-01-13 23:00:00+00:00,26696
2023-01-14 00:00:00+00:00,25040
2023-01-14 01:00:00+00:00,23628
2023-01-14 02:00:00+00:00,22812
2023-01-14 03:00:00+00:00,22204
2023-01-14 04:00:00+00:00,22100
2023-01-14 05:00:00+00:00,22268
2023-01-14 06:00:00+00:00,23460
2023-01-14 07:00:00+00:00,25004
2023-01-14 08:00:00+00:00,26980
2023-01-14 09:00:00+00:00,28120
2023-01-14 10:00:00+00:00,28104
2023-01-14 11:00:00+00:00,27600
2023-01-14 12:00:00+00:00,27320
2023-01-14 13:00:00+00:00,27268
2023-01-14 14:00:00+00:00,26240
2023-01-14 15:00:00+00:00,25632
2023-01-14 16:00:00+00:00,26076
2023-01-14 17:00:00+00:00,27512
2023-01-14 18:00:00+00:00,29444
2023-01-14 19:00:00+00:00,29956
2023-01-14 20:00:00+00:00,30164
2023-01-14 21:00:00+00:00,28340
2023-01-14 22:00:00+00:00,26300
2023-01-14 23:00:00+00:00,24380
2023-01-15 00:00:00+00:00,22596
2023-01-15 01:00:00+00:00,21140
2023-01-15 02:00:00+00:00,20300
2023-01-15 03:00:00+00:00,19888
2023-01-15 04:00:00+00:00,19704
2023-01-15 05:00:00+00:00,19884
2023-01-15 06:00:00+00:00,20368
2023-01-15 07:00:00+00:00,21372
2023-01-15 08:00:00+00:00,22604
2023-01-15 09:00:00+00:00,24536
2023-01-15 10:00:00+00:00,25484
2023-01-15 11:00:00+00:00,25456
2023-01-15 12:00:00+00:00,25476
2023-01-15 13:00:00+00:00,26308
2023-01-15 14:00:00+00:00,25336
2023-01-15 15:00:00+00:00,24740
2023-01-15 16:00:00+00:00,24820
2023-01-15 17:00:00+00:00,26204
2023-01-15 18:00:00+00:00,28492
2023-01-15 19:00:00+00:00,29888
2023-01-15 20:00:00+00:00,30192
2023-01-15 21:00:00+00:00,28432
2023-01-15 22:00:00+00:00,26212
2023-01-15 23:00:00+00:00,24036
2023-01-16 00:00:00+00:00,22360
2023-01-16 01:00:00+00:00,21376
2023-01-16 02:00:00+00:00,21088
2023-01-16 03:00:00+00:00,20916
2023-01-16 04:00:00+00:00,21452
2023-01-16 05:00:00+00:00,23856
2023-01-16 06:00:00+00:00,28684
2023-01-16 07:00:00+00:00,32500
2023-01-16 08:00:00+00:00,33324
2023-01-16 09:00:00+00:00,34172
2023-01-16 10:00:00+00:00,33992
2023-01-16 11:00:00+00:00,33660
2023-01-16 12:00:00+00:00,33764
2023-01-16 13:00:00+00:00,33420
2023-01-16 14:00:00+00:00,33196
2023-01-16 15:00:00+00:00,32764
2023-01-16 16:00:00+00:00,32956
2023-01-16 17:00:00+00:00,33612
2023-01-16 18:00:00+00:00,34964
2023-01-16 19:00:00+00:00,35620
2023-01-16 20:00:00+00:00,35388
2023-01-16 21:00:00+00:00,32032
2023-01-16 22:00:00+00:00,28884
2023-01-16 23:00:00+00:00,26364
2023-01-17 00:00:00+00:00,24740
2023-01-17 01:00:00+00:00,23684
2023-01-17 02:00:00+00:00,22944
2023-01-17 03:00:00+00:00,22776
2023-01-17 04:00:00+00:00,23232
2023-01-17 05:00:00+00:00,24980
2023-01-17 06:00:00+00:00,29256
2023-01-17 07:00:00+00:00,32248
2023-01-17 08:00:00+00:00,33096
2023-01-17 09:00:00+00:00,33336
2023-01-17 10:00:00+00:00,32976
2023-01-17 11:00:00+00:00,32768
2023-01-17 12:00:00+00:00,32720
2023-01-17 13:00:00+00:00,32100
2023-01-17 14:00:00+00:00,31556
2023-01-17 15:00:00+00:00,31832
2023-01-17 16:00:00+00:00,32068
2023-01-17 17:00:00+00:00,33100
2023-01-17 18:00:00+00:00,35096
2023-01-17 19:00:00+00:00,35856
2023-01-17 20:00:00+00:00,35668
2023-01-17 21:00:00+00:00,32532
2023-01-17 22:00:00+00:00,29188
2023-01-17 23:00:00+00:00,26952
2023-01-18 00:00:00+00:00,25152
2023-01-18 01:00:00+00:00,23744
2023-01-18 02:00:00+00:00,23172
2023-01-18 03:00:00+00:00,23092
2023-01-18 04:00:00+00:00,23420
2023-01-18 05:00:00+00:00,25464
2023-01-18 06:00:00+00:00,29724
2023-01-18 07:00:00+00:00,33600
2023-01-18 08:00:00+00:00,34176
2023-01-18 09:00:00+00:00,34320
2023-01-18 10:00:00+00:00,33740
2023-01-18 11:00:00+00:00,33408
2023-01-18 12:00:00+00:00,33704
2023-01-18 13:00:00+00:00,33080
2023-01-18 14:00:00+00:00,32508
2023-01-18 15:00:00+00:00,32364
2023-01-18 16:00:00+00:00,32360
2023-01-18 17:00:00+00:00,33748
2023-01-18 18:00:00+00:00,35968
2023-01-18 19:00:00+00:00,36764
2023-01-18 20:00:00+00:00,36376
2023-01-18 21:00:00+00:00,33204
2023-01-18 22:00:00+00:00,30024
2023-01-18 23:00:00+00:00,27560
2023-01-19 00:00:00+00:00,25656
2023-01-19 01:00:00+00:00,24300
2023-01-19 02:00:00+00:00,23824
2023-01-19 03:00:00+00:00,23768
2023-01-19 04:00:00+00:00,23940
2023-01-19 05:00:00+00:00,25876
2023-01-19 06:00:00+00:00,30048
2023-01-19 07:00:00+00:00,33812
2023-01-19 08:00:00+00:00,34432
2023-01-19 09:00:00+00:00,34340
2023-01-19 10:00:00+00:00,33560
2023-01-19 11:00:00+00:00,33012
2023-01-19 12:00:00+00:00,33004
2023-01-19 13:00:00+00:00,32792
2023-01-19 14:00:00+00:00,32588
2023-01-19 15:00:00+00:00,33032
2023-01-19 16:00:00+00:00,33336
2023-01-19 17:00:00+00:00,34440
2023-01-19 18:00:00+00:00,35928
2023-01-19 19:00:00+00:00,36888
2023-01-19 20:00:00+00:00,36600
2023-01-19 21:00:00+00:00,33612
2023-01-19 22:00:00+00:00,30144
2023-01-19 23:00:00+00:00,27648
2023-01-20 00:00:00+00:00,25828
2023-01-20 01:00:00+00:00,24368
2023-01-20 02:00:00+00:00,23684
2023-01-20 03:00:00+00:00,23504
2023-01-20 04:00:00+00:00,23952
2023-01-20 05:00:00+00:00,25692
2023-01-20 06:00:00+00:00,29924
2023-01-20 07:00:00+00:00,33084
2023-01-20 08:00:00+00:00,33488
2023-01-20 09:00:00+00:00,33328
2023-01-20 10:00:00+00:00,32916
2023-01-20 11:00:00+00:00,32136
2023-01-20 12:00:00+00:00,32180
2023-01-20 13:00:00+00:00,31348
2023-01-20 14:00:00+00:00,31112
2023-01-20 15:00:00+00:00,30900
2023-01-20 16:00:00+00:00,31148
2023-01-20 17:00:00+00:00,32052
2023-01-20 18:00:00+00:00,33664
2023-01-20 19:00:00+00:00,34020
2023-01-20 20:00:00+00:00,33696
2023-01-20 21:00:00+00:00,31072
2023-01-20 22:00:00+00:00,28624
2023-01-20 23:00:00+00:00,26924
2023-01-21 00:00:00+00:00,25176
2023-01-21 01:00:00+00:00,23720
2023-01-21 02:00:00+00:00,22716
2023-01-21 03:00:00+00:00,22148
2023-01-21 04:00:00+00:00,22148
2023-01-21 05:00:00+00:00,22360
2023-01-21 06:00:00+00:00,23512
2023-01-21 07:00:00+00:00,25016
2023-01-21 08:00:00+00:00,27056
2023-01-21 09:00:00+00:00,28596
2023-01-21 10:00:00+00:00,28536
2023-01-21 11:00:00+00:00,28072
2023-01-21 12:00:00+00:00,27908
2023-01-21 13:00:00+00:00,28172
2023-01-21 14:00:00+00:00,27160
2023-01-21 15:00:00+00:00,26812
2023-01-21 16:00:00+00:00,26756
2023-01-21 17:00:00+00:00,27688
2023-01-21 18:00:00+00:00,30244
2023-01-21 19:00:00+00:00,30980
2023-01-21 20:00:00+00:00,31080
2023-01-21 21:00:00+00:00,29516
2023-01-21 22:00:00+00:00,27340
2023-01-21 23:00:00+00:00,25472
2023-01-22 00:00:00+00:00,23520
2023-01-22 01:00:00+00:00,22112
2023-01-22 02:00:00+00:00,21204
2023-01-22 03:00:00+00:00,20652
2023-01-22 04:00:00+00:00,20604
2023-01-22 05:00:00+00:00,20844
2023-01-22 06:00:00+00:00,21640
2023-01-22 07:00:00+00:00,22436
2023-01-22 08:00:00+00:00,23752
2023-01-22 09:00:00+00:00,25456
2023-01-22 10:00:00+00:00,25808
2023-01-22 11:00:00+00:00,25704
2023-01-22 12:00:00+00:00,25776
2023-01-22 13:00:00+00:00,26388
2023-01-22 14:00:00+00:00,25672
2023-01-22 15:00:00+00:00,25264
2023-01-22 16:00:00+00:00,25772
2023-01-22 17:00:00+00:00,27332
2023-01-22 18:00:00+00:00,30264
2023-01-22 19:00:00+00:00,31524
2023-01-22 20:00:00+00:00,32152
2023-01-22 21:00:00+00:00,30956
2023-01-22 22:00:00+00:00,28212
2023-01-22 23:00:00+00:00,25580
2023-01-23 00:00:00+00:00,23672
2023-01-23 01:00:00+00:00,22492
2023-01-23 02:00:00+00:00,21828
2023-01-23 03:00:00+00:00,21660
2023-01-23 04:00:00+00:00,22124
2023-01-23 05:00:00+00:00,24896
2023-01-23 06:00:00+00:00,29532
2023-01-23 07:00:00+00:00,33680
2023-01-23 08:00:00+00:00,34804
2023-01-23 09:00:00+00:00,34816
2023-01-23 10:00:00+00:00,34184
2023-01-23 11:00:00+00:00,33544
2023-01-23 12:00:00+00:00,33412
2023-01-23 13:00:00+00:00,33128
2023-01-23 14:00:00+00:00,32736
2023-01-23 15:00:00+00:00,32872
2023-01-23 16:00:00+00:00,33328
2023-01-23 17:00:00+00:00,34464
2023-01-23 18:00:00+00:00,37104
2023-01-23 19:00:00+00:00,38140
2023-01-23 20:00:00+00:00,37780
2023-01-23 21:00:00+00:00,34296
2023-01-23 22:00:00+00:00,30700
2023-01-23 23:00:00+00:00,28056
2023-01-24 00:00:00+00:00,26024
2023-01-24 01:00:00+00:00,24680
2023-01-24 02:00:00+00:00,23780
2023-01-24 03:00:00+00:00,23632
2023-01-24 04:00:00+00:00,24148
2023-01-24 05:00:00+00:00,26144
2023-01-24 06:00:00+00:00,30652
2023-01-24 07:00:00+00:00,34888
2023-01-24 08:00:00+00:00,35912
2023-01-24 09:00:00+00:00,36360
2023-01-24 10:00:00+00:00,35964
2023-01-24 11:00:00+00:00,35772
2023-01-24 12:00:00+00:00,35848
2023-01-24 13:00:00+00:00,35464
2023-01-24 14:00:00+00:00,34856
2023-01-24 15:00:00+00:00,34760
2023-01-24 16:00:00+00:00,34888
2023-01-24 17:00:00+00:00,35876
2023-01-24 18:00:00+00:00,38336
2023-01-24 19:00:00+00:00,38804
2023-01-24 20:00:00+00:00,38564
2023-01-24 21:00:00+00:00,34980
2023-01-24 22:00:00+00:00,31168
2023-01-24 23:00:00+00:00,28316
2023-01-25 00:00:00+00:00,26232
2023-01-25 01:00:00+00:00,24760
2023-01-25 02:00:00+00:00,24072
2023-01-25 03:00:00+00:00,23916
2023-01-25 04:00:00+00:00,24208
2023-01-25 05:00:00+00:00,26320
2023-01-25 06:00:00+00:00,31016
2023-01-25 07:00:00+00:00,34988
2023-01-25 08:00:00+00:00,35896
2023-01-25 09:00:00+00:00,36068
2023-01-25 10:00:00+00:00,35212
2023-01-25 11:00:00+00:00,34460
2023-01-25 12:00:00+00:00,34180
2023-01-25 13:00:00+00:00,33548
2023-01-25 14:00:00+00:00,33316
2023-01-25 15:00:00+00:00,33336
2023-01-25 16:00:00+00:00,33764
2023-01-25 17:00:00+00:00,34532
2023-01-25 18:00:00+00:00,37316
2023-01-25 19:00:00+00:00,38344
2023-01-25 20:00:00+00:00,38072
2023-01-25 21:00:00+00:00,34756
2023-01-25 22:00:00+00:00,31268
2023-01-25 23:00:00+00:00,28292
2023-01-26 00:00:00+00:00,26252
2023-01-26 01:00:00+00:00,24888
2023-01-26 02:00:00+00:00,24236
2023-01-26 03:00:00+00:00,23988
2023-01-26 04:00:00+00:00,24384
2023-01-26 05:00:00+00:00,26488
2023-01-26 06:00:00+00:00,31032
2023-01-26 07:00:00+00:00,34964
2023-01-26 08:00:00+00:00,35792
2023-01-26 09:00:00+00:00,35680
2023-01-26 10:00:00+00:00,35132
2023-01-26 11:00:00+00:00,34672
2023-01-26 12:00:00+00:00,34548
2023-01-26 13:00:00+00:00,34388
2023-01-26 14:00:00+00:00,33804
2023-01-26 15:00:00+00:00,34024
2023-01-26 16:00:00+00:00,34448
2023-01-26 17:00:00+00:00,35396
2023-01-26 18:00:00+00:00,37508
2023-01-26 19:00:00+00:00,38484
2023-01-26 20:00:00+00:00,38276
2023-01-26 21:00:00+00:00,35104
2023-01-26 22:00:00+00:00,31620
2023-01-26 23:00:00+00:00,28840
2023-01-27 00:00:00+00:00,26600
2023-01-27 01:00:00+00:00,25056
2023-01-27 02:00:00+00:00,24316
2023-01-27 03:00:00+00:00,24180
2023-01-27 04:00:00+00:00,24384
2023-01-27 05:00:00+00:00,26532
2023-01-27 06:00:00+00:00,31244
2023-01-27 07:00:00+00:00,35036
2023-01-27 08:00:00+00:00,35508
2023-01-27 09:00:00+00:00,35196
2023-01-27 10:00:00+00:00,34484
2023-01-27 11:00:00+00:00,33540
2023-01-27 12:00:00+00:00,33316
2023-01-27 13:00:00+00:00,32872
2023-01-27 14:00:00+00:00,32760
2023-01-27 15:00:00+00:00,32944
2023-01-27 16:00:00+00:00,33248
2023-01-27 17:00:00+00:00,33836
2023-01-27 18:00:00+00:00,36352
2023-01-27 19:00:00+00:00,36940
2023-01-27 20:00:00+00:00,36764
2023-01-27 21:00:00+00:00,33968
2023-01-27 22:00:00+00:00,31084
2023-01-27 23:00:00+00:00,28660
2023-01-28 00:00:00+00:00,26492
2023-01-28 01:00:00+00:00,24660
2023-01-28 02:00:00+00:00,23500
2023-01-28 03:00:00+00:00,23100
2023-01-28 04:00:00+00:00,22860
2023-01-28 05:00:00+00:00,23220
2023-01-28 06:00:00+00:00,24640
2023-01-28 07:00:00+00:00,26272
2023-01-28 08:00:00+00:00,28472
2023-01-28 09:00:00+00:00,30284
2023-01-28 10:00:00+00:00,30240
2023-01-28 11:00:00+00:00,29456
2023-01-28 12:00:00+00:00,29300
2023-01-28 13:00:00+00:00,29428
2023-01-28 14:00:00+00:00,28624
2023-01-28 15:00:00+00:00,28504
2023-01-28 16:00:00+00:00,28404
2023-01-28 17:00:00+00:00,29384
2023-01-28 18:00:00+00:00,32152
2023-01-28 19:00:00+00:00,33080
2023-01-28 20:00:00+00:00,33328
2023-01-28 21:00:00+00:00,31812
2023-01-28 22:00:00+00:00,29232
2023-01-28 23:00:00+00:00,26828
2023-01-29 00:00:00+00:00,24592
2023-01-29 01:00:00+00:00,22856
2023-01-29 02:00:00+00:00,21860
2023-01-29 03:00:00+00:00,21320
2023-01-29 04:00:00+00:00,21264
2023-01-29 05:00:00+00:00,21584
2023-01-29 06:00:00+00:00,22364
2023-01-29 07:00:00+00:00,23040
2023-01-29 08:00:00+00:00,24500
2023-01-29 09:00:00+00:00,26636
2023-01-29 10:00:00+00:00,27272
2023-01-29 11:00:00+00:00,27076
2023-01-29 12:00:00+00:00,27368
2023-01-29 13:00:00+00:00,27988
2023-01-29 14:00:00+00:00,27324
2023-01-29 15:00:00+00:00,26716
2023-01-29 16:00:00+00:00,26928
2023-01-29 17:00:00+00:00,28172
2023-01-29 18:00:00+00:00,31360
2023-01-29 19:00:00+00:00,32992
2023-01-29 20:00:00+00:00,33716
2023-01-29 21:00:00+00:00,32024
2023-01-29 22:00:00+00:00,29136
2023-01-29 23:00:00+00:00,26200
2023-01-30 00:00:00+00:00,24076
2023-01-30 01:00:00+00:00,22920
2023-01-30 02:00:00+00:00,22380
2023-01-30 03:00:00+00:00,22204
2023-01-30 04:00:00+00:00,22732
2023-01-30 05:00:00+00:00,25356
2023-01-30 06:00:00+00:00,30276
2023-01-30 07:00:00+00:00,34248
2023-01-30 08:00:00+00:00,35504
2023-01-30 09:00:00+00:00,35264
2023-01-30 10:00:00+00:00,34788
2023-01-30 11:00:00+00:00,33948
2023-01-30 12:00:00+00:00,33688
2023-01-30 13:00:00+00:00,33076
2023-01-30 14:00:00+00:00,32600
2023-01-30 15:00:00+00:00,32312
2023-01-30 16:00:00+00:00,33204
2023-01-30 17:00:00+00:00,34240
2023-01-30 18:00:00+00:00,36428
2023-01-30 19:00:00+00:00,37712
2023-01-30 20:00:00+00:00,37980
2023-01-30 21:00:00+00:00,34680
2023-01-30 22:00:00+00:00,31144
2023-01-30 23:00:00+00:00,28280
2023-01-31 00:00:00+00:00,26040
2023-01-31 01:00:00+00:00,24744
2023-01-31 02:00:00+00:00,23992
2023-01-31 03:00:00+00:00,23828
2023-01-31 04:00:00+00:00,24176
2023-01-31 05:00:00+00:00,26340
2023-01-31 06:00:00+00:00,30836
2023-01-31 07:00:00+00:00,34944
2023-01-31 08:00:00+00:00,35776
2023-01-31 09:00:00+00:00,35416
2023-01-31 10:00:00+00:00,34556
2023-01-31 11:00:00+00:00,33464
2023-01-31 12:00:00+00:00,33196
2023-01-31 13:00:00+00:00,32440
2023-01-31 14:00:00+00:00,31908
2023-01-31 15:00:00+00:00,32028
2023-01-31 16:00:00+00:00,32404
2023-01-31 17:00:00+00:00,33360
2023-01-31 18:00:00+00:00,36376
2023-01-31 19:00:00+00:00,37956
2023-01-31 20:00:00+00:00,38012
2023-01-31 21:00:00+00:00,34972
2023-01-31 22:00:00+00:00,31156
2023-01-31 23:00:00+00:00,28472
2023-02-01 00:00:00+00:00,26384
2023-02-01 01:00:00+00:00,24800
2023-02-01 02:00:00+00:00,24288
2023-02-01 03:00:00+00:00,23792
2023-02-01 04:00:00+00:00,24364
2023-02-01 05:00:00+00:00,26472
2023-02-01 06:00:00+00:00,31068
2023-02-01 07:00:00+00:00,35136
2023-02-01 08:00:00+00:00,35656
2023-02-01 09:00:00+00:00,35324
2023-02-01 10:00:00+00:00,33916
2023-02-01 11:00:00+00:00,33052
2023-02-01 12:00:00+00:00,32668
2023-02-01 13:00:00+00:00,32152
2023-02-01 14:00:00+00:00,31832
2023-02-01 15:00:00+00:00,31928
2023-02-01 16:00:00+00:00,32312
2023-02-01 17:00:00+00:00,33416
2023-02-01 18:00:00+00:00,36260
2023-02-01 19:00:00+00:00,37572
2023-02-01 20:00:00+00:00,37676
2023-02-01 21:00:00+00:00,34640
2023-02-01 22:00:00+00:00,31240
2023-02-01 23:00:00+00:00,28476
2023-02-02 00:00:00+00:00,26264
2023-02-02 01:00:00+00:00,24764
2023-02-02 02:00:00+00:00,23956
2023-02-02 03:00:00+00:00,23980
2023-02-02 04:00:00+00:00,24164
2023-02-02 05:00:00+00:00,26256
2023-02-02 06:00:00+00:00,30952
2023-02-02 07:00:00+00:00,34860
2023-02-02 08:00:00+00:00,35536
2023-02-02 09:00:00+00:00,35176
2023-02-02 10:00:00+00:00,33800
2023-02-02 11:00:00+00:00,32780
2023-02-02 12:00:00+00:00,32376
2023-02-02 13:00:00+00:00,32004
2023-02-02 14:00:00+00:00,31632
2023-02-02 15:00:00+00:00,31452
2023-02-02 16:00:00+00:00,31764
2023-02-02 17:00:00+00:00,32708
2023-02-02 18:00:00+00:00,35592
2023-02-02 19:00:00+00:00,36920
2023-02-02 20:00:00+00:00,37048
2023-02-02 21:00:00+00:00,34420
2023-02-02 22:00:00+00:00,30940
2023-02-02 23:00:00+00:00,28132
2023-02-03 00:00:00+00:00,25856
2023-02-03 01:00:00+00:00,24616
2023-02-03 02:00:00+00:00,23904
2023-02-03 03:00:00+00:00,23836
2023-02-03 04:00:00+00:00,23976
2023-02-03 05:00:00+00:00,26148
2023-02-03 06:00:00+00:00,30816
2023-02-03 07:00:00+00:00,34376
2023-02-03 08:00:00+00:00,34976
2023-02-03 09:00:00+00:00,34680
2023-02-03 10:00:00+00:00,33648
2023-02-03 11:00:00+00:00,32588
2023-02-03 12:00:00+00:00,31956
2023-02-03 13:00:00+00:00,31104
2023-02-03 14:00:00+00:00,30696
2023-02-03 15:00:00+00:00,30456
2023-02-03 16:00:00+00:00,30760
2023-02-03 17:00:00+00:00,31444
2023-02-03 18:00:00+00:00,34040
2023-02-03 19:00:00+00:00,34924
2023-02-03 20:00:00+00:00,34956
2023-02-03 21:00:00+00:00,32580
2023-02-03 22:00:00+00:00,29984
2023-02-03 23:00:00+00:00,27936
2023-02-04 00:00:00+00:00,25928
2023-02-04 01:00:00+00:00,24096
2023-02-04 02:00:00+00:00,23200
2023-02-04 03:00:00+00:00,22672
2023-02-04 04:00:00+00:00,22264
2023-02-04 05:00:00+00:00,22676
2023-02-04 06:00:00+00:00,23916
2023-02-04 07:00:00+00:00,25464
2023-02-04 08:00:00+00:00,27332
2023-02-04 09:00:00+00:00,28552
2023-02-04 10:00:00+00:00,28480
2023-02-04 11:00:00+00:00,27564
2023-02-04 12:00:00+00:00,27216
2023-02-04 13:00:00+00:00,26912
2023-02-04 14:00:00+00:00,26092
2023-02-04 15:00:00+00:00,25540
2023-02-04 16:00:00+00:00,25652
2023-02-04 17:00:00+00:00,26932
2023-02-04 18:00:00+00:00,29664
2023-02-04 19:00:00+00:00,30856
2023-02-04 20:00:00+00:00,31312
2023-02-04 21:00:00+00:00,29916
2023-02-04 22:00:00+00:00,27492
2023-02-04 23:00:00+00:00,25368
2023-02-05 00:00:00+00:00,23388
2023-02-05 01:00:00+00:00,21856
2023-02-05 02:00:00+00:00,20972
2023-02-05 03:00:00+00:00,20380
2023-02-05 04:00:00+00:00,20336
2023-02-05 05:00:00+00:00,20640
2023-02-05 06:00:00+00:00,21528
2023-02-05 07:00:00+00:00,21948
2023-02-05 08:00:00+00:00,23364
2023-02-05 09:00:00+00:00,24688
2023-02-05 10:00:00+00:00,25048
2023-02-05 11:00:00+00:00,24652
2023-02-05 12:00:00+00:00,24536
2023-02-05 13:00:00+00:00,25076
2023-02-05 14:00:00+00:00,24344
2023-02-05 15:00:00+00:00,23768
2023-02-05 16:00:00+00:00,24048
2023-02-05 17:00:00+00:00,25564
2023-02-05 18:00:00+00:00,28928
2023-02-05 19:00:00+00:00,30576
2023-02-05 20:00:00+00:00,31268
2023-02-05 21:00:00+00:00,29652
2023-02-05 22:00:00+00:00,27176
2023-02-05 23:00:00+00:00,24596
2023-02-06 00:00:00+00:00,22644
2023-02-06 01:00:00+00:00,21788
2023-02-06 02:00:00+00:00,21312
2023-02-06 03:00:00+00:00,21024
2023-02-06 04:00:00+00:00,21740
2023-02-06 05:00:00+00:00,24268
2023-02-06 06:00:00+00:00,29120
2023-02-06 07:00:00+00:00,32884
2023-02-06 08:00:00+00:00,33824
2023-02-06 09:00:00+00:00,33872
2023-02-06 10:00:00+00:00,33548
2023-02-06 11:00:00+00:00,33296
2023-02-06 12:00:00+00:00,33580
2023-02-06 13:00:00+00:00,32952
2023-02-06 14:00:00+00:00,32416
2023-02-06 15:00:00+00:00,32456
2023-02-06 16:00:00+00:00,32672
2023-02-06 17:00:00+00:00,33592
2023-02-06 18:00:00+00:00,35956
2023-02-06 19:00:00+00:00,37128
2023-02-06 20:00:00+00:00,36996
2023-02-06 21:00:00+00:00,33536
2023-02-06 22:00:00+00:00,30040
2023-02-06 23:00:00+00:00,27464
2023-02-07 00:00:00+00:00,25616
2023-02-07 01:00:00+00:00,24196
2023-02-07 02:00:00+00:00,23668
2023-02-07 03:00:00+00:00,23464
2023-02-07 04:00:00+00:00,23760
2023-02-07 05:00:00+00:00,25716
2023-02-07 06:00:00+00:00,30520
2023-02-07 07:00:00+00:00,34200
2023-02-07 08:00:00+00:00,35172
2023-02-07 09:00:00+00:00,35908
2023-02-07 10:00:00+00:00,35820
2023-02-07 11:00:00+00:00,35400
2023-02-07 12:00:00+00:00,35732
2023-02-07 13:00:00+00:00,35264
2023-02-07 14:00:00+00:00,34760
2023-02-07 15:00:00+00:00,34448
2023-02-07 16:00:00+00:00,34244
2023-02-07 17:00:00+00:00,34652
2023-02-07 18:00:00+00:00,36628
2023-02-07 19:00:00+00:00,37588
2023-02-07 20:00:00+00:00,37408
2023-02-07 21:00:00+00:00,33944
2023-02-07 22:00:00+00:00,30400
2023-02-07 23:00:00+00:00,27756
2023-02-08 00:00:00+00:00,25564
2023-02-08 01:00:00+00:00,24212
2023-02-08 02:00:00+00:00,23704
2023-02-08 03:00:00+00:00,23488
2023-02-08 04:00:00+00:00,23880
2023-02-08 05:00:00+00:00,26000
2023-02-08 06:00:00+00:00,30592
2023-02-08 07:00:00+00:00,34000
2023-02-08 08:00:00+00:00,35000
2023-02-08 09:00:00+00:00,35372
2023-02-08 10:00:00+00:00,35120
2023-02-08 11:00:00+00:00,34672
2023-02-08 12:00:00+00:00,35148
2023-02-08 13:00:00+00:00,34704
2023-02-08 14:00:00+00:00,34536
2023-02-08 15:00:00+00:00,34288
2023-02-08 16:00:00+00:00,34016
2023-02-08 17:00:00+00:00,34292
2023-02-08 18:00:00+00:00,36284
2023-02-08 19:00:00+00:00,37488
2023-02-08 20:00:00+00:00,37352
2023-02-08 21:00:00+00:00,34028
2023-02-08 22:00:00+00:00,30428
2023-02-08 23:00:00+00:00,27824
2023-02-09 00:00:00+00:00,26180
2023-02-09 01:00:00+00:00,24716
2023-02-09 02:00:00+00:00,24084
2023-02-09 03:00:00+00:00,23880
2023-02-09 04:00:00+00:00,24172
2023-02-09 05:00:00+00:00,26284
2023-02-09 06:00:00+00:00,30732
2023-02-09 07:00:00+00:00,34164
2023-02-09 08:00:00+00:00,34804
2023-02-09 09:00:00+00:00,34952
2023-02-09 10:00:00+00:00,34372
2023-02-09 11:00:00+00:00,33904
2023-02-09 12:00:00+00:00,33740
2023-02-09 13:00:00+00:00,32880
2023-02-09 14:00:00+00:00,32620
2023-02-09 15:00:00+00:00,32536
2023-02-09 16:00:00+00:00,32648
2023-02-09 17:00:00+00:00,33048
2023-02-09 18:00:00+00:00,35636
2023-02-09 19:00:00+00:00,36936
2023-02-09 20:00:00+00:00,36712
2023-02-09 21:00:00+00:00,33652
2023-02-09 22:00:00+00:00,30412
2023-02-09 23:00:00+00:00,27960
2023-02-10 00:00:00+00:00,26208
2023-02-10 01:00:00+00:00,24720
2023-02-10 02:00:00+00:00,24212
2023-02-10 03:00:00+00:00,23944
2023-02-10 04:00:00+00:00,24568
2023-02-10 05:00:00+00:00,26636
2023-02-10 06:00:00+00:00,31084
2023-02-10 07:00:00+00:00,34596
2023-02-10 08:00:00+00:00,35184
2023-02-10 09:00:00+00:00,35288
2023-02-10 10:00:00+00:00,34588
2023-02-10 11:00:00+00:00,33928
2023-02-10 12:00:00+00:00,33556
2023-02-10 13:00:00+00:00,32752
2023-02-10 14:00:00+00:00,32044
2023-02-10 15:00:00+00:00,32120
2023-02-10 16:00:00+00:00,32160
2023-02-10 17:00:00+00:00,32592
2023-02-10 18:00:00+00:00,34964
2023-02-10 19:00:00+00:00,36000
2023-02-10 20:00:00+00:00,35872
2023-02-10 21:00:00+00:00,32972
2023-02-10 22:00:00+00:00,30184
2023-02-10 23:00:00+00:00,27936
2023-02-11 00:00:00+00:00,25868
2023-02-11 01:00:00+00:00,24220
2023-02-11 02:00:00+00:00,23052
2023-02-11 03:00:00+00:00,22656
2023-02-11 04:00:00+00:00,22640
2023-02-11 05:00:00+00:00,22944
2023-02-11 06:00:00+00:00,24216
2023-02-11 07:00:00+00:00,25688
2023-02-11 08:00:00+00:00,27912
2023-02-11 09:00:00+00:00,29624
2023-02-11 10:00:00+00:00,29916
2023-02-11 11:00:00+00:00,29388
2023-02-11 12:00:00+00:00,28804
2023-02-11 13:00:00+00:00,28792
2023-02-11 14:00:00+00:00,27864
2023-02-11 15:00:00+00:00,27204
2023-02-11 16:00:00+00:00,27176
2023-02-11 17:00:00+00:00,27788
2023-02-11 18:00:00+00:00,30360
2023-02-11 19:00:00+00:00,31780
2023-02-11 20:00:00+00:00,32212
2023-02-11 21:00:00+00:00,30424
2023-02-11 22:00:00+00:00,28064
2023-02-11 23:00:00+00:00,25936
2023-02-12 00:00:00+00:00,24040
2023-02-12 01:00:00+00:00,22336
2023-02-12 02:00:00+00:00,21636
2023-02-12 03:00:00+00:00,21204
2023-02-12 04:00:00+00:00,20940
2023-02-12 05:00:00+00:00,21212
2023-02-12 06:00:00+00:00,22024
2023-02-12 07:00:00+00:00,22612
2023-02-12 08:00:00+00:00,23996
2023-02-12 09:00:00+00:00,26028
2023-02-12 10:00:00+00:00,26576
2023-02-12 11:00:00+00:00,26456
2023-02-12 12:00:00+00:00,26412
2023-02-12 13:00:00+00:00,26892
2023-02-12 14:00:00+00:00,25924
2023-02-12 15:00:00+00:00,25260
2023-02-12 16:00:00+00:00,25256
2023-02-12 17:00:00+00:00,26204
2023-02-12 18:00:00+00:00,29436
2023-02-12 19:00:00+00:00,31228
2023-02-12 20:00:00+00:00,31968
2023-02-12 21:00:00+00:00,30396
2023-02-12 22:00:00+00:00,27936
2023-02-12 23:00:00+00:00,25396
2023-02-13 00:00:00+00:00,23332
2023-02-13 01:00:00+00:00,22256
2023-02-13 02:00:00+00:00,21800
2023-02-13 03:00:00+00:00,21644
2023-02-13 04:00:00+00:00,22224
2023-02-13 05:00:00+00:00,24864
2023-02-13 06:00:00+00:00,29860
2023-02-13 07:00:00+00:00,33428
2023-02-13 08:00:00+00:00,34436
2023-02-13 09:00:00+00:00,34332
2023-02-13 10:00:00+00:00,33868
2023-02-13 11:00:00+00:00,33120
2023-02-13 12:00:00+00:00,32840
2023-02-13 13:00:00+00:00,31964
2023-02-13 14:00:00+00:00,31624
2023-02-13 15:00:00+00:00,31288
2023-02-13 16:00:00+00:00,31420
2023-02-13 17:00:00+00:00,31996
2023-02-13 18:00:00+00:00,34548
2023-02-13 19:00:00+00:00,35932
2023-02-13 20:00:00+00:00,36012
2023-02-13 21:00:00+00:00,33016
2023-02-13 22:00:00+00:00,29660
2023-02-13 23:00:00+00:00,27028
2023-02-14 00:00:00+00:00,25032
2023-02-14 01:00:00+00:00,24156
2023-02-14 02:00:00+00:00,23284
2023-02-14 03:00:00+00:00,23192
2023-02-14 04:00:00+00:00,23664
2023-02-14 05:00:00+00:00,25732
2023-02-14 06:00:00+00:00,29992
2023-02-14 07:00:00+00:00,33380
2023-02-14 08:00:00+00:00,34208
2023-02-14 09:00:00+00:00,34420
2023-02-14 10:00:00+00:00,33904
2023-02-14 11:00:00+00:00,33384
2023-02-14 12:00:00+00:00,33184
2023-02-14 13:00:00+00:00,32272
2023-02-14 14:00:00+00:00,32168
2023-02-14 15:00:00+00:00,31836
2023-02-14 16:00:00+00:00,31764
2023-02-14 17:00:00+00:00,32424
2023-02-14 18:00:00+00:00,34524
2023-02-14 19:00:00+00:00,36012
2023-02-14 20:00:00+00:00,36024
2023-02-14 21:00:00+00:00,32984
2023-02-14 22:00:00+00:00,29572
2023-02-14 23:00:00+00:00,27020
2023-02-15 00:00:00+00:00,25032
2023-02-15 01:00:00+00:00,23844
2023-02-15 02:00:00+00:00,23260
2023-02-15 03:00:00+00:00,23048
2023-02-15 04:00:00+00:00,23604
2023-02-15 05:00:00+00:00,25648
2023-02-15 06:00:00+00:00,29940
2023-02-15 07:00:00+00:00,33048
2023-02-15 08:00:00+00:00,33904
2023-02-15 09:00:00+00:00,33740
2023-02-15 10:00:00+00:00,33272
2023-02-15 11:00:00+00:00,32292
2023-02-15 12:00:00+00:00,31960
2023-02-15 13:00:00+00:00,31372
2023-02-15 14:00:00+00:00,30968
2023-02-15 15:00:00+00:00,31084
2023-02-15 16:00:00+00:00,31236
2023-02-15 17:00:00+00:00,31676
2023-02-15 18:00:00+00:00,34000
2023-02-15 19:00:00+00:00,35444
2023-02-15 20:00:00+00:00,35564
2023-02-15 21:00:00+00:00,32736
2023-02-15 22:00:00+00:00,29448
2023-02-15 23:00:00+00:00,27096
2023-02-16 00:00:00+00:00,25184
2023-02-16 01:00:00+00:00,23808
2023-02-16 02:00:00+00:00,23520
2023-02-16 03:00:00+00:00,23376
2023-02-16 04:00:00+00:00,23752
2023-02-16 05:00:00+00:00,25900
2023-02-16 06:00:00+00:00,29908
2023-02-16 07:00:00+00:00,33328
2023-02-16 08:00:00+00:00,33168
2023-02-16 09:00:00+00:00,33068
2023-02-16 10:00:00+00:00,32376
2023-02-16 11:00:00+00:00,31644
2023-02-16 12:00:00+00:00,31304
2023-02-16 13:00:00+00:00,30660
2023-02-16 14:00:00+00:00,30248
2023-02-16 15:00:00+00:00,30420
2023-02-16 16:00:00+00:00,30544
2023-02-16 17:00:00+00:00,30840
2023-02-16 18:00:00+00:00,33584
2023-02-16 19:00:00+00:00,35000
2023-02-16 20:00:00+00:00,35024
2023-02-16 21:00:00+00:00,32556
2023-02-16 22:00:00+00:00,29420
2023-02-16 23:00:00+00:00,26984
2023-02-17 00:00:00+00:00,25112
2023-02-17 01:00:00+00:00,23780
2023-02-17 02:00:00+00:00,23336
2023-02-17 03:00:00+00:00,23016
2023-02-17 04:00:00+00:00,23280
2023-02-17 05:00:00+00:00,25344
2023-02-17 06:00:00+00:00,29844
2023-02-17 07:00:00+00:00,32628
2023-02-17 08:00:00+00:00,33424
2023-02-17 09:00:00+00:00,33276
2023-02-17 10:00:00+00:00,32324
2023-02-17 11:00:00+00:00,31452
2023-02-17 12:00:00+00:00,31164
2023-02-17 13:00:00+00:00,30396
2023-02-17 14:00:00+00:00,29672
2023-02-17 15:00:00+00:00,29424
2023-02-17 16:00:00+00:00,29732
2023-02-17 17:00:00+00:00,30196
2023-02-17 18:00:00+00:00,32676
2023-02-17 19:00:00+00:00,33540
2023-02-17 20:00:00+00:00,33428
2023-02-17 21:00:00+00:00,30840
2023-02-17 22:00:00+00:00,28436
2023-02-17 23:00:00+00:00,26452
2023-02-18 00:00:00+00:00,24728
2023-02-18 01:00:00+00:00,23296
2023-02-18 02:00:00+00:00,22412
2023-02-18 03:00:00+00:00,21956
2023-02-18 04:00:00+00:00,21748
2023-02-18 05:00:00+00:00,22092
2023-02-18 06:00:00+00:00,23276
2023-02-18 07:00:00+00:00,24308
2023-02-18 08:00:00+00:00,26344
2023-02-18 09:00:00+00:00,27896
2023-02-18 10:00:00+00:00,27996
2023-02-18 11:00:00+00:00,27576
2023-02-18 12:00:00+00:00,27260
2023-02-18 13:00:00+00:00,27280
2023-02-18 14:00:00+00:00,26192
2023-02-18 15:00:00+00:00,25540
2023-02-18 16:00:00+00:00,25260
2023-02-18 17:00:00+00:00,25972
2023-02-18 18:00:00+00:00,27936
2023-02-18 19:00:00+00:00,29252
2023-02-18 20:00:00+00:00,29776
2023-02-18 21:00:00+00:00,28200
2023-02-18 22:00:00+00:00,26048
2023-02-18 23:00:00+00:00,24380
2023-02-19 00:00:00+00:00,22652
2023-02-19 01:00:00+00:00,21272
2023-02-19 02:00:00+00:00,20396
2023-02-19 03:00:00+00:00,20072
2023-02-19 04:00:00+00:00,19852
2023-02-19 05:00:00+00:00,20204
2023-02-19 06:00:00+00:00,20828
2023-02-19 07:00:00+00:00,21332
2023-02-19 08:00:00+00:00,22712
2023-02-19 09:00:00+00:00,24228
2023-02-19 10:00:00+00:00,24576
2023-02-19 11:00:00+00:00,24604
2023-02-19 12:00:00+00:00,24256
2023-02-19 13:00:00+00:00,24688
2023-02-19 14:00:00+00:00,23788
2023-02-19 15:00:00+00:00,23124
2023-02-19 16:00:00+00:00,23240
2023-02-19 17:00:00+00:00,23984
2023-02-19 18:00:00+00:00,26692
2023-02-19 19:00:00+00:00,28504
2023-02-19 20:00:00+00:00,29248
2023-02-19 21:00:00+00:00,27908
2023-02-19 22:00:00+00:00,25820
2023-02-19 23:00:00+00:00,23664
2023-02-20 00:00:00+00:00,22044
2023-02-20 01:00:00+00:00,21068
2023-02-20 02:00:00+00:00,20620
2023-02-20 03:00:00+00:00,20640
2023-02-20 04:00:00+00:00,21104
2023-02-20 05:00:00+00:00,23464
2023-02-20 06:00:00+00:00,27708
2023-02-20 07:00:00+00:00,30176
2023-02-20 08:00:00+00:00,31248
2023-02-20 09:00:00+00:00,31332
2023-02-20 10:00:00+00:00,30888
2023-02-20 11:00:00+00:00,30156
2023-02-20 12:00:00+00:00,29876
2023-02-20 13:00:00+00:00,29332
2023-02-20 14:00:00+00:00,28928
2023-02-20 15:00:00+00:00,28740
2023-02-20 16:00:00+00:00,28908
2023-02-20 17:00:00+00:00,29156
2023-02-20 18:00:00+00:00,31220
2023-02-20 19:00:00+00:00,32868
2023-02-20 20:00:00+00:00,32968
2023-02-20 21:00:00+00:00,30552
2023-02-20 22:00:00+00:00,27460
2023-02-20 23:00:00+00:00,25484
2023-02-21 00:00:00+00:00,24004
2023-02-21 01:00:00+00:00,22520
2023-02-21 02:00:00+00:00,22320
2023-02-21 03:00:00+00:00,22132
2023-02-21 04:00:00+00:00,22452
2023-02-21 05:00:00+00:00,24236
2023-02-21 06:00:00+00:00,28188
2023-02-21 07:00:00+00:00,30488
2023-02-21 08:00:00+00:00,31288
2023-02-21 09:00:00+00:00,31736
2023-02-21 10:00:00+00:00,31356
2023-02-21 11:00:00+00:00,30572
2023-02-21 12:00:00+00:00,30324
2023-02-21 13:00:00+00:00,29720
2023-02-21 14:00:00+00:00,29192
2023-02-21 15:00:00+00:00,28836
2023-02-21 16:00:00+00:00,28996
2023-02-21 17:00:00+00:00,29424
2023-02-21 18:00:00+00:00,31660
2023-02-21 19:00:00+00:00,33384
2023-02-21 20:00:00+00:00,33356
2023-02-21 21:00:00+00:00,30652
2023-02-21 22:00:00+00:00,27668
2023-02-21 23:00:00+00:00,25464
2023-02-22 00:00:00+00:00,24096
2023-02-22 01:00:00+00:00,22872
2023-02-22 02:00:00+00:00,22344
2023-02-22 03:00:00+00:00,22180
2023-02-22 04:00:00+00:00,22700
2023-02-22 05:00:00+00:00,24432
2023-02-22 06:00:00+00:00,28676
2023-02-22 07:00:00+00:00,30996
2023-02-22 08:00:00+00:00,31636
2023-02-22 09:00:00+00:00,31248
2023-02-22 10:00:00+00:00,30456
2023-02-22 11:00:00+00:00,29776
2023-02-22 12:00:00+00:00,29732
2023-02-22 13:00:00+00:00,29264
2023-02-22 14:00:00+00:00,29184
2023-02-22 15:00:00+00:00,29084
2023-02-22 16:00:00+00:00,29236
2023-02-22 17:00:00+00:00,29640
2023-02-22 18:00:00+00:00,31664
2023-02-22 19:00:00+00:00,33484
2023-02-22 20:00:00+00:00,33672
2023-02-22 21:00:00+00:00,30836
2023-02-22 22:00:00+00:00,27832
2023-02-22 23:00:00+00:00,25824
2023-02-23 00:00:00+00:00,24052
2023-02-23 01:00:00+00:00,23104
2023-02-23 02:00:00+00:00,22608
2023-02-23 03:00:00+00:00,22392
2023-02-23 04:00:00+00:00,22672
2023-02-23 05:00:00+00:00,24596
2023-02-23 06:00:00+00:00,28440
2023-02-23 07:00:00+00:00,30860
2023-02-23 08:00:00+00:00,31772
2023-02-23 09:00:00+00:00,32044
2023-02-23 10:00:00+00:00,31904
2023-02-23 11:00:00+00:00,31780
2023-02-23 12:00:00+00:00,31932
2023-02-23 13:00:00+00:00,31656
2023-02-23 14:00:00+00:00,30960
2023-02-23 15:00:00+00:00,30376
2023-02-23 16:00:00+00:00,30464
2023-02-23 17:00:00+00:00,30520
2023-02-23 18:00:00+00:00,32504
2023-02-23 19:00:00+00:00,34036
2023-02-23 20:00:00+00:00,34268
2023-02-23 21:00:00+00:00,31484
2023-02-23 22:00:00+00:00,28636
2023-02-23 23:00:00+00:00,26512
2023-02-24 00:00:00+00:00,24872
2023-02-24 01:00:00+00:00,23428
2023-02-24 02:00:00+00:00,22908
2023-02-24 03:00:00+00:00,22908
2023-02-24 04:00:00+00:00,23388
2023-02-24 05:00:00+00:00,25192
2023-02-24 06:00:00+00:00,29212
2023-02-24 07:00:00+00:00,31880
2023-02-24 08:00:00+00:00,32832
2023-02-24 09:00:00+00:00,32808
2023-02-24 10:00:00+00:00,32132
2023-02-24 11:00:00+00:00,31360
2023-02-24 12:00:00+00:00,31012
2023-02-24 13:00:00+00:00,30308
2023-02-24 14:00:00+00:00,29684
2023-02-24 15:00:00+00:00,29508
2023-02-24 16:00:00+00:00,29524
2023-02-24 17:00:00+00:00,29844
2023-02-24 18:00:00+00:00,31980
2023-02-24 19:00:00+00:00,33416
2023-02-24 20:00:00+00:00,32996
2023-02-24 21:00:00+00:00,30744
2023-02-24 22:00:00+00:00,28076
2023-02-24 23:00:00+00:00,26604
2023-02-25 00:00:00+00:00,25120
2023-02-25 01:00:00+00:00,23576
2023-02-25 02:00:00+00:00,22616
2023-02-25 03:00:00+00:00,22076
2023-02-25 04:00:00+00:00,22060
2023-02-25 05:00:00+00:00,22388
2023-02-25 06:00:00+00:00,23416
2023-02-25 07:00:00+00:00,24268
2023-02-25 08:00:00+00:00,26312
2023-02-25 09:00:00+00:00,27988
2023-02-25 10:00:00+00:00,28016
2023-02-25 11:00:00+00:00,27572
2023-02-25 12:00:00+00:00,27612
2023-02-25 13:00:00+00:00,27944
2023-02-25 14:00:00+00:00,27176
2023-02-25 15:00:00+00:00,26452
2023-02-25 16:00:00+00:00,26308
2023-02-25 17:00:00+00:00,26724
2023-02-25 18:00:00+00:00,28444
2023-02-25 19:00:00+00:00,30132
2023-02-25 20:00:00+00:00,30716
2023-02-25 21:00:00+00:00,29360
2023-02-25 22:00:00+00:00,27124
2023-02-25 23:00:00+00:00,25056
2023-02-26 00:00:00+00:00,23120
2023-02-26 01:00:00+00:00,21572
2023-02-26 02:00:00+00:00,20884
2023-02-26 03:00:00+00:00,20256
2023-02-26 04:00:00+00:00,20436
2023-02-26 05:00:00+00:00,20772
2023-02-26 06:00:00+00:00,21360
2023-02-26 07:00:00+00:00,21496
2023-02-26 08:00:00+00:00,23132
2023-02-26 09:00:00+00:00,24952
2023-02-26 10:00:00+00:00,25860
2023-02-26 11:00:00+00:00,25812
2023-02-26 12:00:00+00:00,25848
2023-02-26 13:00:00+00:00,26152
2023-02-26 14:00:00+00:00,25232
2023-02-26 15:00:00+00:00,24292
2023-02-26 16:00:00+00:00,24180
2023-02-26 17:00:00+00:00,25116
2023-02-26 18:00:00+00:00,27504
2023-02-26 19:00:00+00:00,29692
2023-02-26 20:00:00+00:00,30736
2023-02-26 21:00:00+00:00,29424
2023-02-26 22:00:00+00:00,27220
2023-02-26 23:00:00+00:00,24772
2023-02-27 00:00:00+00:00,22904
2023-02-27 01:00:00+00:00,21924
2023-02-27 02:00:00+00:00,21364
2023-02-27 03:00:00+00:00,21288
2023-02-27 04:00:00+00:00,21780
2023-02-27 05:00:00+00:00,24288
2023-02-27 06:00:00+00:00,28620
2023-02-27 07:00:00+00:00,31688
2023-02-27 08:00:00+00:00,33216
2023-02-27 09:00:00+00:00,33628
2023-02-27 10:00:00+00:00,33328
2023-02-27 11:00:00+00:00,32876
2023-02-27 12:00:00+00:00,32752
2023-02-27 13:00:00+00:00,32500
2023-02-27 14:00:00+00:00,32344
2023-02-27 15:00:00+00:00,32444
2023-02-27 16:00:00+00:00,32632
2023-02-27 17:00:00+00:00,32568
2023-02-27 18:00:00+00:00,34464
2023-02-27 19:00:00+00:00,36360
2023-02-27 20:00:00+00:00,36136
2023-02-27 21:00:00+00:00,33364
2023-02-27 22:00:00+00:00,29988
2023-02-27 23:00:00+00:00,27492
2023-02-28 00:00:00+00:00,25636
2023-02-28 01:00:00+00:00,24200
2023-02-28 02:00:00+00:00,23788
2023-02-28 03:00:00+00:00,23576
2023-02-28 04:00:00+00:00,23796
2023-02-28 05:00:00+00:00,25744
2023-02-28 06:00:00+00:00,29568
2023-02-28 07:00:00+00:00,32012
2023-02-28 08:00:00+00:00,32976
2023-02-28 09:00:00+00:00,33404
2023-02-28 10:00:00+00:00,33100
2023-02-28 11:00:00+00:00,32752
2023-02-28 12:00:00+00:00,32352
2023-02-28 13:00:00+00:00,31708
2023-02-28 14:00:00+00:00,31100
2023-02-28 15:00:00+00:00,30688
2023-02-28 16:00:00+00:00,31072
2023-02-28 17:00:00+00:00,31296
2023-02-28 18:00:00+00:00,33528
2023-02-28 19:00:00+00:00,36028
2023-02-28 20:00:00+00:00,36124
2023-02-28 21:00:00+00:00,33520
2023-02-28 22:00:00+00:00,30176
2023-02-28 23:00:00+00:00,27664
2023-03-01 00:00:00+00:00,25600
2023-03-01 01:00:00+00:00,24548
2023-03-01 02:00:00+00:00,24028
2023-03-01 03:00:00+00:00,23776
2023-03-01 04:00:00+00:00,24364
2023-03-01 05:00:00+00:00,26332
2023-03-01 06:00:00+00:00,30736
2023-03-01 07:00:00+00:00,33764
2023-03-01 08:00:00+00:00,34400
2023-03-01 09:00:00+00:00,34248
2023-03-01 10:00:00+00:00,33472
2023-03-01 11:00:00+00:00,32952
2023-03-01 12:00:00+00:00,33064
2023-03-01 13:00:00+00:00,32484
2023-03-01 14:00:00+00:00,32260
2023-03-01 15:00:00+00:00,32232
2023-03-01 16:00:00+00:00,32420
2023-03-01 17:00:00+00:00,32624
2023-03-01 18:00:00+00:00,34612
2023-03-01 19:00:00+00:00,36964
2023-03-01 20:00:00+00:00,37060
2023-03-01 21:00:00+00:00,34272
2023-03-01 22:00:00+00:00,30708
2023-03-01 23:00:00+00:00,28092
2023-03-02 00:00:00+00:00,26020
2023-03-02 01:00:00+00:00,24548
2023-03-02 02:00:00+00:00,23996
2023-03-02 03:00:00+00:00,23692
2023-03-02 04:00:00+00:00,24208
2023-03-02 05:00:00+00:00,26156
2023-03-02 06:00:00+00:00,31000
2023-03-02 07:00:00+00:00,34004
2023-03-02 08:00:00+00:00,34296
2023-03-02 09:00:00+00:00,34188
2023-03-02 10:00:00+00:00,33616
2023-03-02 11:00:00+00:00,33268
2023-03-02 12:00:00+00:00,33012
2023-03-02 13:00:00+00:00,32548
2023-03-02 14:00:00+00:00,32104
2023-03-02 15:00:00+00:00,31904
2023-03-02 16:00:00+00:00,32120
2023-03-02 17:00:00+00:00,32336
2023-03-02 18:00:00+00:00,34584
2023-03-02 19:00:00+00:00,37072
2023-03-02 20:00:00+00:00,37080
2023-03-02 21:00:00+00:00,34264
2023-03-02 22:00:00+00:00,31024
2023-03-02 23:00:00+00:00,28152
2023-03-03 00:00:00+00:00,26288
2023-03-03 01:00:00+00:00,24720
2023-03-03 02:00:00+00:00,24076
2023-03-03 03:00:00+00:00,23904
2023-03-03 04:00:00+00:00,24192
2023-03-03 05:00:00+00:00,26324
2023-03-03 06:00:00+00:00,30696
2023-03-03 07:00:00+00:00,33704
2023-03-03 08:00:00+00:00,33924
2023-03-03 09:00:00+00:00,33376
2023-03-03 10:00:00+00:00,32888
2023-03-03 11:00:00+00:00,32408
2023-03-03 12:00:00+00:00,32012
2023-03-03 13:00:00+00:00,31548
2023-03-03 14:00:00+00:00,31032
2023-03-03 15:00:00+00:00,30676
2023-03-03 16:00:00+00:00,30968
2023-03-03 17:00:00+00:00,31016
2023-03-03 18:00:00+00:00,32812
2023-03-03 19:00:00+00:00,34940
2023-03-03 20:00:00+00:00,34820
2023-03-03 21:00:00+00:00,32516
2023-03-03 22:00:00+00:00,29936
2023-03-03 23:00:00+00:00,27584
2023-03-04 00:00:00+00:00,25608
2023-03-04 01:00:00+00:00,23860
2023-03-04 02:00:00+00:00,23064
2023-03-04 03:00:00+00:00,22352
2023-03-04 04:00:00+00:00,22388
2023-03-04 05:00:00+00:00,22688
2023-03-04 06:00:00+00:00,23888
2023-03-04 07:00:00+00:00,24836
2023-03-04 08:00:00+00:00,26796
2023-03-04 09:00:00+00:00,28608
2023-03-04 10:00:00+00:00,28608
2023-03-04 11:00:00+00:00,27324
2023-03-04 12:00:00+00:00,27196
2023-03-04 13:00:00+00:00,27324
2023-03-04 14:00:00+00:00,26372
2023-03-04 15:00:00+00:00,25996
2023-03-04 16:00:00+00:00,25964
2023-03-04 17:00:00+00:00,26436
2023-03-04 18:00:00+00:00,28460
2023-03-04 19:00:00+00:00,30660
2023-03-04 20:00:00+00:00,31320
2023-03-04 21:00:00+00:00,29804
2023-03-04 22:00:00+00:00,27544
2023-03-04 23:00:00+00:00,25652
2023-03-05 00:00:00+00:00,23588
2023-03-05 01:00:00+00:00,22148
2023-03-05 02:00:00+00:00,21236
2023-03-05 03:00:00+00:00,20836
2023-03-05 04:00:00+00:00,20716
2023-03-05 05:00:00+00:00,21076
2023-03-05 06:00:00+00:00,21652
2023-03-05 07:00:00+00:00,21904
2023-03-05 08:00:00+00:00,23468
2023-03-05 09:00:00+00:00,25096
2023-03-05 10:00:00+00:00,25920
2023-03-05 11:00:00+00:00,25816
2023-03-05 12:00:00+00:00,26140
2023-03-05 13:00:00+00:00,27008
2023-03-05 14:00:00+00:00,26216
2023-03-05 15:00:00+00:00,25752
2023-03-05 16:00:00+00:00,25660
2023-03-05 17:00:00+00:00,26380
2023-03-05 18:00:00+00:00,28428
2023-03-05 19:00:00+00:00,30808
2023-03-05 20:00:00+00:00,31532
2023-03-05 21:00:00+00:00,29880
2023-03-05 22:00:00+00:00,27176
2023-03-05 23:00:00+00:00,24736
2023-03-06 00:00:00+00:00,22956
2023-03-06 01:00:00+00:00,21804
2023-03-06 02:00:00+00:00,21324
2023-03-06 03:00:00+00:00,21024
2023-03-06 04:00:00+00:00,21844
2023-03-06 05:00:00+00:00,24324
2023-03-06 06:00:00+00:00,28652
2023-03-06 07:00:00+00:00,31572
2023-03-06 08:00:00+00:00,32520
2023-03-06 09:00:00+00:00,32304
2023-03-06 10:00:00+00:00,32268
2023-03-06 11:00:00+00:00,31388
2023-03-06 12:00:00+00:00,31396
2023-03-06 13:00:00+00:00,31292
2023-03-06 14:00:00+00:00,31072
2023-03-06 15:00:00+00:00,31036
2023-03-06 16:00:00+00:00,30876
2023-03-06 17:00:00+00:00,30992
2023-03-06 18:00:00+00:00,32580
2023-03-06 19:00:00+00:00,34932
2023-03-06 20:00:00+00:00,34888
2023-03-06 21:00:00+00:00,32096
2023-03-06 22:00:00+00:00,28820
2023-03-06 23:00:00+00:00,26340
2023-03-07 00:00:00+00:00,24636
2023-03-07 01:00:00+00:00,23200
2023-03-07 02:00:00+00:00,22728
2023-03-07 03:00:00+00:00,22288
2023-03-07 04:00:00+00:00,22728
2023-03-07 05:00:00+00:00,24776
2023-03-07 06:00:00+00:00,28992
2023-03-07 07:00:00+00:00,31516
2023-03-07 08:00:00+00:00,31880
2023-03-07 09:00:00+00:00,31804
2023-03-07 10:00:00+00:00,31388
2023-03-07 11:00:00+00:00,31016
2023-03-07 12:00:00+00:00,30796
2023-03-07 13:00:00+00:00,30440
2023-03-07 14:00:00+00:00,29508
2023-03-07 15:00:00+00:00,29516
2023-03-07 16:00:00+00:00,29788
2023-03-07 17:00:00+00:00,29920
2023-03-07 18:00:00+00:00,31460
2023-03-07 19:00:00+00:00,34160
2023-03-07 20:00:00+00:00,34336
2023-03-07 21:00:00+00:00,31552
2023-03-07 22:00:00+00:00,28460
2023-03-07 23:00:00+00:00,26232
2023-03-08 00:00:00+00:00,24576
2023-03-08 01:00:00+00:00,23528
2023-03-08 02:00:00+00:00,22832
2023-03-08 03:00:00+00:00,22636
2023-03-08 04:00:00+00:00,22956
2023-03-08 05:00:00+00:00,24800
2023-03-08 06:00:00+00:00,28808
2023-03-08 07:00:00+00:00,30848
2023-03-08 08:00:00+00:00,31100
2023-03-08 09:00:00+00:00,31052
2023-03-08 10:00:00+00:00,30840
2023-03-08 11:00:00+00:00,30520
2023-03-08 12:00:00+00:00,30076
2023-03-08 13:00:00+00:00,29816
2023-03-08 14:00:00+00:00,29556
2023-03-08 15:00:00+00:00,29308
2023-03-08 16:00:00+00:00,29172
2023-03-08 17:00:00+00:00,29284
2023-03-08 18:00:00+00:00,30800
2023-03-08 19:00:00+00:00,33132
2023-03-08 20:00:00+00:00,33084
2023-03-08 21:00:00+00:00,30628
2023-03-08 22:00:00+00:00,27764
2023-03-08 23:00:00+00:00,25548
2023-03-09 00:00:00+00:00,23892
2023-03-09 01:00:00+00:00,23016
2023-03-09 02:00:00+00:00,22352
2023-03-09 03:00:00+00:00,22252
2023-03-09 04:00:00+00:00,22656
2023-03-09 05:00:00+00:00,24288
2023-03-09 06:00:00+00:00,28036
2023-03-09 07:00:00+00:00,30028
2023-03-09 08:00:00+00:00,30488
2023-03-09 09:00:00+00:00,30848
2023-03-09 10:00:00+00:00,30772
2023-03-09 11:00:00+00:00,30836
2023-03-09 12:00:00+00:00,31012
2023-03-09 13:00:00+00:00,30376
2023-03-09 14:00:00+00:00,29432
2023-03-09 15:00:00+00:00,28672
2023-03-09 16:00:00+00:00,28752
2023-03-09 17:00:00+00:00,29084
2023-03-09 18:00:00+00:00,30304
2023-03-09 19:00:00+00:00,32636
2023-03-09 20:00:00+00:00,32700
2023-03-09 21:00:00+00:00,30116
2023-03-09 22:00:00+00:00,27552
2023-03-09 23:00:00+00:00,25616
2023-03-10 00:00:00+00:00,24172
2023-03-10 01:00:00+00:00,23036
2023-03-10 02:00:00+00:00,22536
2023-03-10 03:00:00+00:00,22296
2023-03-10 04:00:00+00:00,22612
2023-03-10 05:00:00+00:00,24316
2023-03-10 06:00:00+00:00,27832
2023-03-10 07:00:00+00:00,29764
2023-03-10 08:00:00+00:00,29664
2023-03-10 09:00:00+00:00,29264
2023-03-10 10:00:00+00:00,28744
2023-03-10 11:00:00+00:00,28512
2023-03-10 12:00:00+00:00,28352
2023-03-10 13:00:00+00:00,27680
2023-03-10 14:00:00+00:00,27364
2023-03-10 15:00:00+00:00,27144
2023-03-10 16:00:00+00:00,27260
2023-03-10 17:00:00+00:00,27280
2023-03-10 18:00:00+00:00,28744
2023-03-10 19:00:00+00:00,30724
2023-03-10 20:00:00+00:00,30744
2023-03-10 21:00:00+00:00,28484
2023-03-10 22:00:00+00:00,26124
2023-03-10 23:00:00+00:00,24792
2023-03-11 00:00:00+00:00,23220
2023-03-11 01:00:00+00:00,22036
2023-03-11 02:00:00+00:00,21304
2023-03-11 03:00:00+00:00,20620
2023-03-11 04:00:00+00:00,20652
2023-03-11 05:00:00+00:00,20952
2023-03-11 06:00:00+00:00,21820
2023-03-11 07:00:00+00:00,22368
2023-03-11 08:00:00+00:00,24172
2023-03-11 09:00:00+00:00,25496
2023-03-11 10:00:00+00:00,25560
2023-03-11 11:00:00+00:00,25188
2023-03-11 12:00:00+00:00,25024
2023-03-11 13:00:00+00:00,25108
2023-03-11 14:00:00+00:00,24072
2023-03-11 15:00:00+00:00,23092
2023-03-11 16:00:00+00:00,23160
2023-03-11 17:00:00+00:00,23536
2023-03-11 18:00:00+00:00,24764
2023-03-11 19:00:00+00:00,27200
2023-03-11 20:00:00+00:00,27220
2023-03-11 21:00:00+00:00,25676
2023-03-11 22:00:00+00:00,23884
2023-03-11 23:00:00+00:00,22376
2023-03-12 00:00:00+00:00,21076
2023-03-12 01:00:00+00:00,19980
2023-03-12 02:00:00+00:00,19336
2023-03-12 03:00:00+00:00,18944
2023-03-12 04:00:00+00:00,18852
2023-03-12 05:00:00+00:00,19184
2023-03-12 06:00:00+00:00,19512
2023-03-12 07:00:00+00:00,19764
2023-03-12 08:00:00+00:00,20860
2023-03-12 09:00:00+00:00,22108
2023-03-12 10:00:00+00:00,22388
2023-03-12 11:00:00+00:00,22132
2023-03-12 12:00:00+00:00,22304
2023-03-12 13:00:00+00:00,22672
2023-03-12 14:00:00+00:00,21600
2023-03-12 15:00:00+00:00,21068
2023-03-12 16:00:00+00:00,21092
2023-03-12 17:00:00+00:00,21888
2023-03-12 18:00:00+00:00,23644
2023-03-12 19:00:00+00:00,26468
2023-03-12 20:00:00+00:00,27092
2023-03-12 21:00:00+00:00,25900
2023-03-12 22:00:00+00:00,23952
2023-03-12 23:00:00+00:00,22196
2023-03-13 00:00:00+00:00,21052
2023-03-13 01:00:00+00:00,20212
2023-03-13 02:00:00+00:00,19832
2023-03-13 03:00:00+00:00,19844
2023-03-13 04:00:00+00:00,20208
2023-03-13 05:00:00+00:00,22380
2023-03-13 06:00:00+00:00,26088
2023-03-13 07:00:00+00:00,27912
2023-03-13 08:00:00+00:00,28232
2023-03-13 09:00:00+00:00,27916
2023-03-13 10:00:00+00:00,27536
2023-03-13 11:00:00+00:00,27172
2023-03-13 12:00:00+00:00,27476
2023-03-13 13:00:00+00:00,27408
2023-03-13 14:00:00+00:00,27080
2023-03-13 15:00:00+00:00,26892
2023-03-13 16:00:00+00:00,27148
2023-03-13 17:00:00+00:00,27572
2023-03-13 18:00:00+00:00,28680
2023-03-13 19:00:00+00:00,31584
2023-03-13 20:00:00+00:00,31396
2023-03-13 21:00:00+00:00,28828
2023-03-13 22:00:00+00:00,26248
2023-03-13 23:00:00+00:00,24232
2023-03-14 00:00:00+00:00,23040
2023-03-14 01:00:00+00:00,21832
2023-03-14 02:00:00+00:00,21672
2023-03-14 03:00:00+00:00,21376
2023-03-14 04:00:00+00:00,21824
2023-03-14 05:00:00+00:00,23540
2023-03-14 06:00:00+00:00,26640
2023-03-14 07:00:00+00:00,28448
2023-03-14 08:00:00+00:00,28564
2023-03-14 09:00:00+00:00,28132
2023-03-14 10:00:00+00:00,27936
2023-03-14 11:00:00+00:00,27864
2023-03-14 12:00:00+00:00,27744
2023-03-14 13:00:00+00:00,27556
2023-03-14 14:00:00+00:00,27320
2023-03-14 15:00:00+00:00,26776
2023-03-14 16:00:00+00:00,27144
2023-03-14 17:00:00+00:00,27328
2023-03-14 18:00:00+00:00,28144
2023-03-14 19:00:00+00:00,30972
2023-03-14 20:00:00+00:00,31000
2023-03-14 21:00:00+00:00,28608
2023-03-14 22:00:00+00:00,26084
2023-03-14 23:00:00+00:00,24304
2023-03-15 00:00:00+00:00,22936
2023-03-15 01:00:00+00:00,21980
2023-03-15 02:00:00+00:00,21688
2023-03-15 03:00:00+00:00,21536
2023-03-15 04:00:00+00:00,21912
2023-03-15 05:00:00+00:00,23692
2023-03-15 06:00:00+00:00,27120
2023-03-15 07:00:00+00:00,28708
2023-03-15 08:00:00+00:00,28716
2023-03-15 09:00:00+00:00,28108
2023-03-15 10:00:00+00:00,27772
2023-03-15 11:00:00+00:00,27768
2023-03-15 12:00:00+00:00,27888
2023-03-15 13:00:00+00:00,27536
2023-03-15 14:00:00+00:00,27116
2023-03-15 15:00:00+00:00,26856
2023-03-15 16:00:00+00:00,27080
2023-03-15 17:00:00+00:00,27268
2023-03-15 18:00:00+00:00,28324
2023-03-15 19:00:00+00:00,31028
2023-03-15 20:00:00+00:00,31012
2023-03-15 21:00:00+00:00,28732
2023-03-15 22:00:00+00:00,26088
2023-03-15 23:00:00+00:00,24196
2023-03-16 00:00:00+00:00,22980
2023-03-16 01:00:00+00:00,21924
2023-03-16 02:00:00+00:00,21420
2023-03-16 03:00:00+00:00,21392
2023-03-16 04:00:00+00:00,21736
2023-03-16 05:00:00+00:00,23552
2023-03-16 06:00:00+00:00,26868
2023-03-16 07:00:00+00:00,28668
2023-03-16 08:00:00+00:00,28708
2023-03-16 09:00:00+00:00,28196
2023-03-16 10:00:00+00:00,27972
2023-03-16 11:00:00+00:00,27768
2023-03-16 12:00:00+00:00,28004
2023-03-16 13:00:00+00:00,27412
2023-03-16 14:00:00+00:00,27464
2023-03-16 15:00:00+00:00,27132
2023-03-16 16:00:00+00:00,27248
2023-03-16 17:00:00+00:00,27440
2023-03-16 18:00:00+00:00,28428
2023-03-16 19:00:00+00:00,31048
2023-03-16 20:00:00+00:00,31216
2023-03-16 21:00:00+00:00,28644
2023-03-16 22:00:00+00:00,26264
2023-03-16 23:00:00+00:00,24756
2023-03-17 00:00:00+00:00,23320
2023-03-17 01:00:00+00:00,22384
2023-03-17 02:00:00+00:00,21820
2023-03-17 03:00:00+00:00,21668
2023-03-17 04:00:00+00:00,22108
2023-03-17 05:00:00+00:00,23708
2023-03-17 06:00:00+00:00,26808
2023-03-17 07:00:00+00:00,28504
2023-03-17 08:00:00+00:00,28820
2023-03-17 09:00:00+00:00,28732
2023-03-17 10:00:00+00:00,28244
2023-03-17 11:00:00+00:00,28008
2023-03-17 12:00:00+00:00,27760
2023-03-17 13:00:00+00:00,27376
2023-03-17 14:00:00+00:00,27024
2023-03-17 15:00:00+00:00,26508
2023-03-17 16:00:00+00:00,26816
2023-03-17 17:00:00+00:00,26864
2023-03-17 18:00:00+00:00,27916
2023-03-17 19:00:00+00:00,30168
2023-03-17 20:00:00+00:00,30092
2023-03-17 21:00:00+00:00,27984
2023-03-17 22:00:00+00:00,25780
2023-03-17 23:00:00+00:00,24384
2023-03-18 00:00:00+00:00,23108
2023-03-18 01:00:00+00:00,21972
2023-03-18 02:00:00+00:00,21308
2023-03-18 03:00:00+00:00,20724
2023-03-18 04:00:00+00:00,20708
2023-03-18 05:00:00+00:00,21080
2023-03-18 06:00:00+00:00,21744
2023-03-18 07:00:00+00:00,22404
2023-03-18 08:00:00+00:00,23956
2023-03-18 09:00:00+00:00,25252
2023-03-18 10:00:00+00:00,25284
2023-03-18 11:00:00+00:00,24960
2023-03-18 12:00:00+00:00,25124
2023-03-18 13:00:00+00:00,24848
2023-03-18 14:00:00+00:00,23828
2023-03-18 15:00:00+00:00,23056
2023-03-18 16:00:00+00:00,23216
2023-03-18 17:00:00+00:00,23680
2023-03-18 18:00:00+00:00,24576
2023-03-18 19:00:00+00:00,27212
2023-03-18 20:00:00+00:00,27600
2023-03-18 21:00:00+00:00,26080
2023-03-18 22:00:00+00:00,24276
2023-03-18 23:00:00+00:00,22496
2023-03-19 00:00:00+00:00,21008
2023-03-19 01:00:00+00:00,19884
2023-03-19 02:00:00+00:00,19180
2023-03-19 03:00:00+00:00,18844
2023-03-19 04:00:00+00:00,18756
2023-03-19 05:00:00+00:00,19224
2023-03-19 06:00:00+00:00,19460
2023-03-19 07:00:00+00:00,19536
2023-03-19 08:00:00+00:00,20860
2023-03-19 09:00:00+00:00,21936
2023-03-19 10:00:00+00:00,22344
2023-03-19 11:00:00+00:00,22304
2023-03-19 12:00:00+00:00,21996
2023-03-19 13:00:00+00:00,22168
2023-03-19 14:00:00+00:00,21304
2023-03-19 15:00:00+00:00,20760
2023-03-19 16:00:00+00:00,20836
2023-03-19 17:00:00+00:00,21704
2023-03-19 18:00:00+00:00,22844
2023-03-19 19:00:00+00:00,25940
2023-03-19 20:00:00+00:00,26660
2023-03-19 21:00:00+00:00,25456
2023-03-19 22:00:00+00:00,23832
2023-03-19 23:00:00+00:00,22392
2023-03-20 00:00:00+00:00,20952
2023-03-20 01:00:00+00:00,19860
2023-03-20 02:00:00+00:00,19588
2023-03-20 03:00:00+00:00,19544
2023-03-20 04:00:00+00:00,19932
2023-03-20 05:00:00+00:00,22144
2023-03-20 06:00:00+00:00,25488
2023-03-20 07:00:00+00:00,27076
2023-03-20 08:00:00+00:00,27140
2023-03-20 09:00:00+00:00,26848
2023-03-20 10:00:00+00:00,26704
2023-03-20 11:00:00+00:00,26428
2023-03-20 12:00:00+00:00,26436
2023-03-20 13:00:00+00:00,26504
2023-03-20 14:00:00+00:00,25992
2023-03-20 15:00:00+00:00,25748
2023-03-20 16:00:00+00:00,25916
2023-03-20 17:00:00+00:00,26144
2023-03-20 18:00:00+00:00,27428
2023-03-20 19:00:00+00:00,30360
2023-03-20 20:00:00+00:00,30504
2023-03-20 21:00:00+00:00,28284
2023-03-20 22:00:00+00:00,25628
2023-03-20 23:00:00+00:00,23872
2023-03-21 00:00:00+00:00,22512
2023-03-21 01:00:00+00:00,21632
2023-03-21 02:00:00+00:00,21188
2023-03-21 03:00:00+00:00,21060
2023-03-21 04:00:00+00:00,21524
2023-03-21 05:00:00+00:00,23468
2023-03-21 06:00:00+00:00,26872
2023-03-21 07:00:00+00:00,28856
2023-03-21 08:00:00+00:00,28732
2023-03-21 09:00:00+00:00,28088
2023-03-21 10:00:00+00:00,27532
2023-03-21 11:00:00+00:00,27192
2023-03-21 12:00:00+00:00,27332
2023-03-21 13:00:00+00:00,27148
2023-03-21 14:00:00+00:00,26708
2023-03-21 15:00:00+00:00,26468
2023-03-21 16:00:00+00:00,26712
2023-03-21 17:00:00+00:00,26792
2023-03-21 18:00:00+00:00,27868
2023-03-21 19:00:00+00:00,31016
2023-03-21 20:00:00+00:00,31376
2023-03-21 21:00:00+00:00,28692
2023-03-21 22:00:00+00:00,26020
2023-03-21 23:00:00+00:00,23928
2023-03-22 00:00:00+00:00,22660
2023-03-22 01:00:00+00:00,21680
2023-03-22 02:00:00+00:00,21340
2023-03-22 03:00:00+00:00,21228
2023-03-22 04:00:00+00:00,21552
2023-03-22 05:00:00+00:00,23540
2023-03-22 06:00:00+00:00,26716
2023-03-22 07:00:00+00:00,28300
2023-03-22 08:00:00+00:00,28112
2023-03-22 09:00:00+00:00,27624
2023-03-22 10:00:00+00:00,27252
2023-03-22 11:00:00+00:00,26876
2023-03-22 12:00:00+00:00,27052
2023-03-22 13:00:00+00:00,26672
2023-03-22 14:00:00+00:00,26444
2023-03-22 15:00:00+00:00,26296
2023-03-22 16:00:00+00:00,26760
2023-03-22 17:00:00+00:00,26752
2023-03-22 18:00:00+00:00,27764
2023-03-22 19:00:00+00:00,30584
2023-03-22 20:00:00+00:00,30832
2023-03-22 21:00:00+00:00,28220
2023-03-22 22:00:00+00:00,25496
2023-03-22 23:00:00+00:00,23660
2023-03-23 00:00:00+00:00,22328
2023-03-23 01:00:00+00:00,21584
2023-03-23 02:00:00+00:00,21188
2023-03-23 03:00:00+00:00,21220
2023-03-23 04:00:00+00:00,21872
2023-03-23 05:00:00+00:00,23372
2023-03-23 06:00:00+00:00,26372
2023-03-23 07:00:00+00:00,27800
2023-03-23 08:00:00+00:00,27696
2023-03-23 09:00:00+00:00,27352
2023-03-23 10:00:00+00:00,26880
2023-03-23 11:00:00+00:00,26764
2023-03-23 12:00:00+00:00,27024
2023-03-23 13:00:00+00:00,26720
2023-03-23 14:00:00+00:00,26272
2023-03-23 15:00:00+00:00,26456
2023-03-23 16:00:00+00:00,26812
2023-03-23 17:00:00+00:00,27092
2023-03-23 18:00:00+00:00,28456
2023-03-23 19:00:00+00:00,30908
2023-03-23 20:00:00+00:00,31092
2023-03-23 21:00:00+00:00,28480
2023-03-23 22:00:00+00:00,25800
2023-03-23 23:00:00+00:00,23976
2023-03-24 00:00:00+00:00,23112
2023-03-24 01:00:00+00:00,22192
2023-03-24 02:00:00+00:00,21632
2023-03-24 03:00:00+00:00,21576
2023-03-24 04:00:00+00:00,21876
2023-03-24 05:00:00+00:00,23580
2023-03-24 06:00:00+00:00,26348
2023-03-24 07:00:00+00:00,27932
2023-03-24 08:00:00+00:00,28064
2023-03-24 09:00:00+00:00,27980
2023-03-24 10:00:00+00:00,27992
2023-03-24 11:00:00+00:00,27916
2023-03-24 12:00:00+00:00,27912
2023-03-24 13:00:00+00:00,27588
2023-03-24 14:00:00+00:00,26904
2023-03-24 15:00:00+00:00,26552
2023-03-24 16:00:00+00:00,26472
2023-03-24 17:00:00+00:00,26640
2023-03-24 18:00:00+00:00,27500
2023-03-24 19:00:00+00:00,29908
2023-03-24 20:00:00+00:00,30044
2023-03-24 21:00:00+00:00,27636
2023-03-24 22:00:00+00:00,25524
2023-03-24 23:00:00+00:00,23952
2023-03-25 00:00:00+00:00,23040
2023-03-25 01:00:00+00:00,22004
2023-03-25 02:00:00+00:00,21216
2023-03-25 03:00:00+00:00,20912
2023-03-25 04:00:00+00:00,20780
2023-03-25 05:00:00+00:00,21028
2023-03-25 06:00:00+00:00,21364
2023-03-25 07:00:00+00:00,21944
2023-03-25 08:00:00+00:00,23604
2023-03-25 09:00:00+00:00,24176
2023-03-25 10:00:00+00:00,23816
2023-03-25 11:00:00+00:00,23480
2023-03-25 12:00:00+00:00,23396
2023-03-25 13:00:00+00:00,23452
2023-03-25 14:00:00+00:00,22628
2023-03-25 15:00:00+00:00,22188
2023-03-25 16:00:00+00:00,22136
2023-03-25 17:00:00+00:00,23076
2023-03-25 18:00:00+00:00,24288
2023-03-25 19:00:00+00:00,26652
2023-03-25 20:00:00+00:00,27040
2023-03-25 21:00:00+00:00,25348
2023-03-25 22:00:00+00:00,23552
2023-03-25 23:00:00+00:00,22032
2023-03-26 00:00:00+00:00,20856
2023-03-26 01:00:00+00:00,19960
2023-03-26 02:00:00+00:00,19240
2023-03-26 03:00:00+00:00,19100
2023-03-26 04:00:00+00:00,19252
2023-03-26 05:00:00+00:00,19512
2023-03-26 06:00:00+00:00,19608
2023-03-26 07:00:00+00:00,20060
2023-03-26 08:00:00+00:00,21260
2023-03-26 09:00:00+00:00,21876
2023-03-26 10:00:00+00:00,21672
2023-03-26 11:00:00+00:00,21556
2023-03-26 12:00:00+00:00,21960
2023-03-26 13:00:00+00:00,20964
2023-03-26 14:00:00+00:00,20080
2023-03-26 15:00:00+00:00,19844
2023-03-26 16:00:00+00:00,20516
2023-03-26 17:00:00+00:00,21700
2023-03-26 18:00:00+00:00,23404
2023-03-26 19:00:00+00:00,26732
2023-03-26 20:00:00+00:00,26320
2023-03-26 21:00:00+00:00,24388
2023-03-26 22:00:00+00:00,22572
2023-03-26 23:00:00+00:00,21180
2023-03-27 00:00:00+00:00,20440
2023-03-27 01:00:00+00:00,19944
2023-03-27 02:00:00+00:00,19660
2023-03-27 03:00:00+00:00,20376
2023-03-27 04:00:00+00:00,22348
2023-03-27 05:00:00+00:00,25996
2023-03-27 06:00:00+00:00,28232
2023-03-27 07:00:00+00:00,28316
2023-03-27 08:00:00+00:00,28104
2023-03-27 09:00:00+00:00,27524
2023-03-27 10:00:00+00:00,26916
2023-03-27 11:00:00+00:00,26784
2023-03-27 12:00:00+00:00,26440
2023-03-27 13:00:00+00:00,25760
2023-03-27 14:00:00+00:00,25176
2023-03-27 15:00:00+00:00,25240
2023-03-27 16:00:00+00:00,25368
2023-03-27 17:00:00+00:00,26200
2023-03-27 18:00:00+00:00,27484
2023-03-27 19:00:00+00:00,30292
2023-03-27 20:00:00+00:00,28384
2023-03-27 21:00:00+00:00,25820
2023-03-27 22:00:00+00:00,24148
2023-03-27 23:00:00+00:00,22876
2023-03-28 00:00:00+00:00,21824
2023-03-28 01:00:00+00:00,21188
2023-03-28 02:00:00+00:00,20988
2023-03-28 03:00:00+00:00,21428
2023-03-28 04:00:00+00:00,23116
2023-03-28 05:00:00+00:00,26436
2023-03-28 06:00:00+00:00,28628
2023-03-28 07:00:00+00:00,28728
2023-03-28 08:00:00+00:00,28016
2023-03-28 09:00:00+00:00,27308
2023-03-28 10:00:00+00:00,27396
2023-03-28 11:00:00+00:00,27376
2023-03-28 12:00:00+00:00,26884
2023-03-28 13:00:00+00:00,26184
2023-03-28 14:00:00+00:00,25572
2023-03-28 15:00:00+00:00,25616
2023-03-28 16:00:00+00:00,25644
2023-03-28 17:00:00+00:00,26224
2023-03-28 18:00:00+00:00,27792
2023-03-28 19:00:00+00:00,30492
2023-03-28 20:00:00+00:00,28488
2023-03-28 21:00:00+00:00,25984
2023-03-28 22:00:00+00:00,24052
2023-03-28 23:00:00+00:00,22720
2023-03-29 00:00:00+00:00,21892
2023-03-29 01:00:00+00:00,21332
2023-03-29 02:00:00+00:00,21024
2023-03-29 03:00:00+00:00,21512
2023-03-29 04:00:00+00:00,23176
2023-03-29 05:00:00+00:00,26620
2023-03-29 06:00:00+00:00,28608
2023-03-29 07:00:00+00:00,28160
2023-03-29 08:00:00+00:00,28396
2023-03-29 09:00:00+00:00,27360
2023-03-29 10:00:00+00:00,26976
2023-03-29 11:00:00+00:00,26948
2023-03-29 12:00:00+00:00,26372
2023-03-29 13:00:00+00:00,25832
2023-03-29 14:00:00+00:00,25028
2023-03-29 15:00:00+00:00,24900
2023-03-29 16:00:00+00:00,25136
2023-03-29 17:00:00+00:00,26208
2023-03-29 18:00:00+00:00,27516
2023-03-29 19:00:00+00:00,30240
2023-03-29 20:00:00+00:00,28272
2023-03-29 21:00:00+00:00,25664
2023-03-29 22:00:00+00:00,23568
2023-03-29 23:00:00+00:00,22528
2023-03-30 00:00:00+00:00,21792
2023-03-30 01:00:00+00:00,21332
2023-03-30 02:00:00+00:00,20932
2023-03-30 03:00:00+00:00,21316
2023-03-30 04:00:00+00:00,23152
2023-03-30 05:00:00+00:00,26392
2023-03-30 06:00:00+00:00,28072
2023-03-30 07:00:00+00:00,27784
2023-03-30 08:00:00+00:00,26912
2023-03-30 09:00:00+00:00,26228
2023-03-30 10:00:00+00:00,26108
2023-03-30 11:00:00+00:00,26132
2023-03-30 12:00:00+00:00,25644
2023-03-30 13:00:00+00:00,25080
2023-03-30 14:00:00+00:00,24868
2023-03-30 15:00:00+00:00,24824
2023-03-30 16:00:00+00:00,25068
2023-03-30 17:00:00+00:00,26084
2023-03-30 18:00:00+00:00,27476
2023-03-30 19:00:00+00:00,29772
2023-03-30 20:00:00+00:00,27960
2023-03-30 21:00:00+00:00,25420
2023-03-30 22:00:00+00:00,23820
2023-03-30 23:00:00+00:00,22640
2023-03-31 00:00:00+00:00,21596
2023-03-31 01:00:00+00:00,21160
2023-03-31 02:00:00+00:00,20928
2023-03-31 03:00:00+00:00,21420
2023-03-31 04:00:00+00:00,22904
2023-03-31 05:00:00+00:00,25988
2023-03-31 06:00:00+00:00,27672
2023-03-31 07:00:00+00:00,27828
2023-03-31 08:00:00+00:00,27516
2023-03-31 09:00:00+00:00,26764
2023-03-31 10:00:00+00:00,26628
2023-03-31 11:00:00+00:00,26548
2023-03-31 12:00:00+00:00,25996
2023-03-31 13:00:00+00:00,25584
2023-03-31 14:00:00+00:00,24836
2023-03-31 15:00:00+00:00,24588
2023-03-31 16:00:00+00:00,24868
2023-03-31 17:00:00+00:00,25628
2023-03-31 18:00:00+00:00,26716
2023-03-31 19:00:00+00:00,28712
2023-03-31 20:00:00+00:00,26884
2023-03-31 21:00:00+00:00,24808
2023-03-31 22:00:00+00:00,23276
2023-03-31 23:00:00+00:00,22024
2023-04-01 00:00:00+00:00,21100
2023-04-01 01:00:00+00:00,20244
2023-04-01 02:00:00+00:00,19788
2023-04-01 03:00:00+00:00,19792
2023-04-01 04:00:00+00:00,19956
2023-04-01 05:00:00+00:00,20920
2023-04-01 06:00:00+00:00,21472
2023-04-01 07:00:00+00:00,23112
2023-04-01 08:00:00+00:00,24188
2023-04-01 09:00:00+00:00,24096
2023-04-01 10:00:00+00:00,23336
2023-04-01 11:00:00+00:00,23480
2023-04-01 12:00:00+00:00,23100
2023-04-01 13:00:00+00:00,21908
2023-04-01 14:00:00+00:00,21012
2023-04-01 15:00:00+00:00,21048
2023-04-01 16:00:00+00:00,21580
2023-04-01 17:00:00+00:00,22504
2023-04-01 18:00:00+00:00,23708
2023-04-01 19:00:00+00:00,26272
2023-04-01 20:00:00+00:00,25296
2023-04-01 21:00:00+00:00,23424
2023-04-01 22:00:00+00:00,21884
2023-04-01 23:00:00+00:00,20320
2023-04-02 00:00:00+00:00,19060
2023-04-02 01:00:00+00:00,18660
2023-04-02 02:00:00+00:00,18128
2023-04-02 03:00:00+00:00,18188
2023-04-02 04:00:00+00:00,18224
2023-04-02 05:00:00+00:00,19036
2023-04-02 06:00:00+00:00,19196
2023-04-02 07:00:00+00:00,20112
2023-04-02 08:00:00+00:00,21276
2023-04-02 09:00:00+00:00,21172
2023-04-02 10:00:00+00:00,20888
2023-04-02 11:00:00+00:00,20632
2023-04-02 12:00:00+00:00,20828
2023-04-02 13:00:00+00:00,19892
2023-04-02 14:00:00+00:00,19100
2023-04-02 15:00:00+00:00,19212
2023-04-02 16:00:00+00:00,19512
2023-04-02 17:00:00+00:00,20552
2023-04-02 18:00:00+00:00,22420
2023-04-02 19:00:00+00:00,25384
2023-04-02 20:00:00+00:00,24940
2023-04-02 21:00:00+00:00,23248
2023-04-02 22:00:00+00:00,21544
2023-04-02 23:00:00+00:00,20420
2023-04-03 00:00:00+00:00,19596
2023-04-03 01:00:00+00:00,19064
2023-04-03 02:00:00+00:00,19000
2023-04-03 03:00:00+00:00,19412
2023-04-03 04:00:00+00:00,21252
2023-04-03 05:00:00+00:00,24280
2023-04-03 06:00:00+00:00,25836
2023-04-03 07:00:00+00:00,26704
2023-04-03 08:00:00+00:00,26264
2023-04-03 09:00:00+00:00,26024
2023-04-03 10:00:00+00:00,25580
2023-04-03 11:00:00+00:00,25336
2023-04-03 12:00:00+00:00,25260
2023-04-03 13:00:00+00:00,24364
2023-04-03 14:00:00+00:00,23772
2023-04-03 15:00:00+00:00,23796
2023-04-03 16:00:00+00:00,24420
2023-04-03 17:00:00+00:00,25276
2023-04-03 18:00:00+00:00,26692
2023-04-03 19:00:00+00:00,29108
2023-04-03 20:00:00+00:00,27272
2023-04-03 21:00:00+00:00,24736
2023-04-03 22:00:00+00:00,23120
2023-04-03 23:00:00+00:00,22016
2023-04-04 00:00:00+00:00,20936
2023-04-04 01:00:00+00:00,20512
2023-04-04 02:00:00+00:00,20340
2023-04-04 03:00:00+00:00,20640
2023-04-04 04:00:00+00:00,22160
2023-04-04 05:00:00+00:00,24952
2023-04-04 06:00:00+00:00,26448
2023-04-04 07:00:00+00:00,27312
2023-04-04 08:00:00+00:00,26956
2023-04-04 09:00:00+00:00,26608
2023-04-04 10:00:00+00:00,25860
2023-04-04 11:00:00+00:00,25600
2023-04-04 12:00:00+00:00,25048
2023-04-04 13:00:00+00:00,24316
2023-04-04 14:00:00+00:00,24200
2023-04-04 15:00:00+00:00,24252
2023-04-04 16:00:00+00:00,24732
2023-04-04 17:00:00+00:00,25308
2023-04-04 18:00:00+00:00,26840
2023-04-04 19:00:00+00:00,29324
2023-04-04 20:00:00+00:00,27748
2023-04-04 21:00:00+00:00,25216
2023-04-04 22:00:00+00:00,23508
2023-04-04 23:00:00+00:00,22080
2023-04-05 00:00:00+00:00,20876
2023-04-05 01:00:00+00:00,20340
2023-04-05 02:00:00+00:00,20136
2023-04-05 03:00:00+00:00,20520
2023-04-05 04:00:00+00:00,21956
2023-04-05 05:00:00+00:00,24684
2023-04-05 06:00:00+00:00,26032
2023-04-05 07:00:00+00:00,27076
2023-04-05 08:00:00+00:00,26776
2023-04-05 09:00:00+00:00,26320
2023-04-05 10:00:00+00:00,25716
2023-04-05 11:00:00+00:00,25640
2023-04-05 12:00:00+00:00,24952
2023-04-05 13:00:00+00:00,24032
2023-04-05 14:00:00+00:00,23664
2023-04-05 15:00:00+00:00,23560
2023-04-05 16:00:00+00:00,24004
2023-04-05 17:00:00+00:00,24572
2023-04-05 18:00:00+00:00,25732
2023-04-05 19:00:00+00:00,27728
2023-04-05 20:00:00+00:00,26216
2023-04-05 21:00:00+00:00,24048
2023-04-05 22:00:00+00:00,22236
2023-04-05 23:00:00+00:00,20776
2023-04-06 00:00:00+00:00,19652
2023-04-06 01:00:00+00:00,19080
2023-04-06 02:00:00+00:00,18652
2023-04-06 03:00:00+00:00,18688
2023-04-06 04:00:00+00:00,19220
2023-04-06 05:00:00+00:00,20640
2023-04-06 06:00:00+00:00,20988
2023-04-06 07:00:00+00:00,21932
2023-04-06 08:00:00+00:00,22420
2023-04-06 09:00:00+00:00,22328
2023-04-06 10:00:00+00:00,22376
2023-04-06 11:00:00+00:00,22148
2023-04-06 12:00:00+00:00,22092
2023-04-06 13:00:00+00:00,21032
2023-04-06 14:00:00+00:00,20460
2023-04-06 15:00:00+00:00,20120
2023-04-06 16:00:00+00:00,20588
2023-04-06 17:00:00+00:00,21472
2023-04-06 18:00:00+00:00,22580
2023-04-06 19:00:00+00:00,24696
2023-04-06 20:00:00+00:00,23740
2023-04-06 21:00:00+00:00,22072
2023-04-06 22:00:00+00:00,20656
2023-04-06 23:00:00+00:00,19464
2023-04-07 00:00:00+00:00,18364
2023-04-07 01:00:00+00:00,17736
2023-04-07 02:00:00+00:00,17440
2023-04-07 03:00:00+00:00,17516
2023-04-07 04:00:00+00:00,17616
2023-04-07 05:00:00+00:00,18572
2023-04-07 06:00:00+00:00,18296
2023-04-07 07:00:00+00:00,19164
2023-04-07 08:00:00+00:00,19996
2023-04-07 09:00:00+00:00,20104
2023-04-07 10:00:00+00:00,19684
2023-04-07 11:00:00+00:00,19328
2023-04-07 12:00:00+00:00,19596
2023-04-07 13:00:00+00:00,18644
2023-04-07 14:00:00+00:00,17928
2023-04-07 15:00:00+00:00,17900
2023-04-07 16:00:00+00:00,18416
2023-04-07 17:00:00+00:00,19420
2023-04-07 18:00:00+00:00,20524
2023-04-07 19:00:00+00:00,22880
2023-04-07 20:00:00+00:00,22756
2023-04-07 21:00:00+00:00,21336
2023-04-07 22:00:00+00:00,20132
2023-04-07 23:00:00+00:00,19140
2023-04-08 00:00:00+00:00,17960
2023-04-08 01:00:00+00:00,17336
2023-04-08 02:00:00+00:00,17020
2023-04-08 03:00:00+00:00,17060
2023-04-08 04:00:00+00:00,17516
2023-04-08 05:00:00+00:00,18532
2023-04-08 06:00:00+00:00,18732
2023-04-08 07:00:00+00:00,20176
2023-04-08 08:00:00+00:00,21104
2023-04-08 09:00:00+00:00,21316
2023-04-08 10:00:00+00:00,20952
2023-04-08 11:00:00+00:00,20572
2023-04-08 12:00:00+00:00,20776
2023-04-08 13:00:00+00:00,19904
2023-04-08 14:00:00+00:00,19252
2023-04-08 15:00:00+00:00,19236
2023-04-08 16:00:00+00:00,19696
2023-04-08 17:00:00+00:00,20504
2023-04-08 18:00:00+00:00,21780
2023-04-08 19:00:00+00:00,24176
2023-04-08 20:00:00+00:00,23556
2023-04-08 21:00:00+00:00,21724
2023-04-08 22:00:00+00:00,20048
2023-04-08 23:00:00+00:00,18616
2023-04-09 00:00:00+00:00,17596
2023-04-09 01:00:00+00:00,16968
2023-04-09 02:00:00+00:00,16548
2023-04-09 03:00:00+00:00,16816
2023-04-09 04:00:00+00:00,17020
2023-04-09 05:00:00+00:00,17548
2023-04-09 06:00:00+00:00,17528
2023-04-09 07:00:00+00:00,18504
2023-04-09 08:00:00+00:00,19628
2023-04-09 09:00:00+00:00,19888
2023-04-09 10:00:00+00:00,19684
2023-04-09 11:00:00+00:00,19528
2023-04-09 12:00:00+00:00,19564
2023-04-09 13:00:00+00:00,18756
2023-04-09 14:00:00+00:00,17984
2023-04-09 15:00:00+00:00,17948
2023-04-09 16:00:00+00:00,18652
2023-04-09 17:00:00+00:00,19772
2023-04-09 18:00:00+00:00,21024
2023-04-09 19:00:00+00:00,23820
2023-04-09 20:00:00+00:00,23284
2023-04-09 21:00:00+00:00,21492
2023-04-09 22:00:00+00:00,19792
2023-04-09 23:00:00+00:00,18476
2023-04-10 00:00:00+00:00,17752
2023-04-10 01:00:00+00:00,17240
2023-04-10 02:00:00+00:00,17032
2023-04-10 03:00:00+00:00,17244
2023-04-10 04:00:00+00:00,18192
2023-04-10 05:00:00+00:00,20372
2023-04-10 06:00:00+00:00,21096
2023-04-10 07:00:00+00:00,22256
2023-04-10 08:00:00+00:00,22848
2023-04-10 09:00:00+00:00,22576
2023-04-10 10:00:00+00:00,22228
2023-04-10 11:00:00+00:00,22304
2023-04-10 12:00:00+00:00,22348
2023-04-10 13:00:00+00:00,21304
2023-04-10 14:00:00+00:00,20768
2023-04-10 15:00:00+00:00,20972
2023-04-10 16:00:00+00:00,21412
2023-04-10 17:00:00+00:00,22060
2023-04-10 18:00:00+00:00,23340
2023-04-10 19:00:00+00:00,25860
2023-04-10 20:00:00+00:00,25984
2023-04-10 21:00:00+00:00,23452
2023-04-10 22:00:00+00:00,21464
2023-04-10 23:00:00+00:00,20384
2023-04-11 00:00:00+00:00,19324
2023-04-11 01:00:00+00:00,18756
2023-04-11 02:00:00+00:00,18688
2023-04-11 03:00:00+00:00,18892
2023-04-11 04:00:00+00:00,19700
2023-04-11 05:00:00+00:00,22912
2023-04-11 06:00:00+00:00,25456
2023-04-11 07:00:00+00:00,26288
2023-04-11 08:00:00+00:00,26304
2023-04-11 09:00:00+00:00,26200
2023-04-11 10:00:00+00:00,25788
2023-04-11 11:00:00+00:00,25784
2023-04-11 12:00:00+00:00,25592
2023-04-11 13:00:00+00:00,24856
2023-04-11 14:00:00+00:00,24316
2023-04-11 15:00:00+00:00,24360
2023-04-11 16:00:00+00:00,24632
2023-04-11 17:00:00+00:00,24976
2023-04-11 18:00:00+00:00,25872
2023-04-11 19:00:00+00:00,28188
2023-04-11 20:00:00+00:00,27928
2023-04-11 21:00:00+00:00,24872
2023-04-11 22:00:00+00:00,22532
2023-04-11 23:00:00+00:00,21624
2023-04-12 00:00:00+00:00,20732
2023-04-12 01:00:00+00:00,20036
2023-04-12 02:00:00+00:00,19776
2023-04-12 03:00:00+00:00,19900
2023-04-12 04:00:00+00:00,20692
2023-04-12 05:00:00+00:00,23700
2023-04-12 06:00:00+00:00,26188
2023-04-12 07:00:00+00:00,27036
2023-04-12 08:00:00+00:00,26916
2023-04-12 09:00:00+00:00,26680
2023-04-12 10:00:00+00:00,26656
2023-04-12 11:00:00+00:00,26940
2023-04-12 12:00:00+00:00,26828
2023-04-12 13:00:00+00:00,26048
2023-04-12 14:00:00+00:00,25476
2023-04-12 15:00:00+00:00,25640
2023-04-12 16:00:00+00:00,25908
2023-04-12 17:00:00+00:00,26256
2023-04-12 18:00:00+00:00,27276
2023-04-12 19:00:00+00:00,29220
2023-04-12 20:00:00+00:00,28520
2023-04-12 21:00:00+00:00,25536
2023-04-12 22:00:00+00:00,23392
2023-04-12 23:00:00+00:00,22472
2023-04-13 00:00:00+00:00,21372
2023-04-13 01:00:00+00:00,20640
2023-04-13 02:00:00+00:00,20396
2023-04-13 03:00:00+00:00,20408
2023-04-13 04:00:00+00:00,21276
2023-04-13 05:00:00+00:00,24056
2023-04-13 06:00:00+00:00,26336
2023-04-13 07:00:00+00:00,27148
2023-04-13 08:00:00+00:00,26852
2023-04-13 09:00:00+00:00,26676
2023-04-13 10:00:00+00:00,26048
2023-04-13 11:00:00+00:00,26124
2023-04-13 12:00:00+00:00,25616
2023-04-13 13:00:00+00:00,25148
2023-04-13 14:00:00+00:00,24836
2023-04-13 15:00:00+00:00,24536
2023-04-13 16:00:00+00:00,25040
2023-04-13 17:00:00+00:00,25344
2023-04-13 18:00:00+00:00,26456
2023-04-13 19:00:00+00:00,28812
2023-04-13 20:00:00+00:00,28168
2023-04-13 21:00:00+00:00,25640
2023-04-13 22:00:00+00:00,23280
2023-04-13 23:00:00+00:00,22312
2023-04-14 00:00:00+00:00,21344
2023-04-14 01:00:00+00:00,20476
2023-04-14 02:00:00+00:00,20268
2023-04-14 03:00:00+00:00,20320
2023-04-14 04:00:00+00:00,21284
2023-04-14 05:00:00+00:00,24120
2023-04-14 06:00:00+00:00,26356
2023-04-14 07:00:00+00:00,27388
2023-04-14 08:00:00+00:00,27812
2023-04-14 09:00:00+00:00,27168
2023-04-14 10:00:00+00:00,26836
2023-04-14 11:00:00+00:00,27000
2023-04-14 12:00:00+00:00,26472
2023-04-14 13:00:00+00:00,25752
2023-04-14 14:00:00+00:00,24828
2023-04-14 15:00:00+00:00,24960
2023-04-14 16:00:00+00:00,25420
2023-04-14 17:00:00+00:00,25900
2023-04-14 18:00:00+00:00,26592
2023-04-14 19:00:00+00:00,28040
2023-04-14 20:00:00+00:00,28108
2023-04-14 21:00:00+00:00,25488
2023-04-14 22:00:00+00:00,23492
2023-04-14 23:00:00+00:00,22432
2023-04-15 00:00:00+00:00,21428
2023-04-15 01:00:00+00:00,20724
2023-04-15 02:00:00+00:00,20148
2023-04-15 03:00:00+00:00,19820
2023-04-15 04:00:00+00:00,19824
2023-04-15 05:00:00+00:00,20496
2023-04-15 06:00:00+00:00,21036
2023-04-15 07:00:00+00:00,22428
2023-04-15 08:00:00+00:00,23728
2023-04-15 09:00:00+00:00,23728
2023-04-15 10:00:00+00:00,23556
2023-04-15 11:00:00+00:00,23360
2023-04-15 12:00:00+00:00,23576
2023-04-15 13:00:00+00:00,22648
2023-04-15 14:00:00+00:00,21584
2023-04-15 15:00:00+00:00,21040
2023-04-15 16:00:00+00:00,21336
2023-04-15 17:00:00+00:00,21992
2023-04-15 18:00:00+00:00,23076
2023-04-15 19:00:00+00:00,24956
2023-04-15 20:00:00+00:00,25524
2023-04-15 21:00:00+00:00,23512
2023-04-15 22:00:00+00:00,21728
2023-04-15 23:00:00+00:00,20516
2023-04-16 00:00:00+00:00,19576
2023-04-16 01:00:00+00:00,18656
2023-04-16 02:00:00+00:00,18100
2023-04-16 03:00:00+00:00,17860
2023-04-16 04:00:00+00:00,17956
2023-04-16 05:00:00+00:00,18260
2023-04-16 06:00:00+00:00,18340
2023-04-16 07:00:00+00:00,19184
2023-04-16 08:00:00+00:00,20364
2023-04-16 09:00:00+00:00,20916
2023-04-16 10:00:00+00:00,20772
2023-04-16 11:00:00+00:00,20536
2023-04-16 12:00:00+00:00,21096
2023-04-16 13:00:00+00:00,20204
2023-04-16 14:00:00+00:00,19208
2023-04-16 15:00:00+00:00,18860
2023-04-16 16:00:00+00:00,19336
2023-04-16 17:00:00+00:00,20292
2023-04-16 18:00:00+00:00,21920
2023-04-16 19:00:00+00:00,24128
2023-04-16 20:00:00+00:00,25008
2023-04-16 21:00:00+00:00,23356
2023-04-16 22:00:00+00:00,21736
2023-04-16 23:00:00+00:00,20412
2023-04-17 00:00:00+00:00,19316
2023-04-17 01:00:00+00:00,18652
2023-04-17 02:00:00+00:00,18560
2023-04-17 03:00:00+00:00,18924
2023-04-17 04:00:00+00:00,19888
2023-04-17 05:00:00+00:00,23152
2023-04-17 06:00:00+00:00,25244
2023-04-17 07:00:00+00:00,26240
2023-04-17 08:00:00+00:00,26272
2023-04-17 09:00:00+00:00,25720
2023-04-17 10:00:00+00:00,25856
2023-04-17 11:00:00+00:00,25696
2023-04-17 12:00:00+00:00,25684
2023-04-17 13:00:00+00:00,25056
2023-04-17 14:00:00+00:00,24484
2023-04-17 15:00:00+00:00,24280
2023-04-17 16:00:00+00:00,24552
2023-04-17 17:00:00+00:00,24960
2023-04-17 18:00:00+00:00,25932
2023-04-17 19:00:00+00:00,28016
2023-04-17 20:00:00+00:00,27968
2023-04-17 21:00:00+00:00,25396
2023-04-17 22:00:00+00:00,23008
2023-04-17 23:00:00+00:00,21940
2023-04-18 00:00:00+00:00,20972
2023-04-18 01:00:00+00:00,20340
2023-04-18 02:00:00+00:00,19992
2023-04-18 03:00:00+00:00,19940
2023-04-18 04:00:00+00:00,21000
2023-04-18 05:00:00+00:00,24004
2023-04-18 06:00:00+00:00,26260
2023-04-18 07:00:00+00:00,27152
2023-04-18 08:00:00+00:00,27212
2023-04-18 09:00:00+00:00,26840
2023-04-18 10:00:00+00:00,26772
2023-04-18 11:00:00+00:00,26668
2023-04-18 12:00:00+00:00,26356
2023-04-18 13:00:00+00:00,25572
2023-04-18 14:00:00+00:00,24984
2023-04-18 15:00:00+00:00,24904
2023-04-18 16:00:00+00:00,25152
2023-04-18 17:00:00+00:00,25440
2023-04-18 18:00:00+00:00,26452
2023-04-18 19:00:00+00:00,28544
2023-04-18 20:00:00+00:00,28284
2023-04-18 21:00:00+00:00,25272
2023-04-18 22:00:00+00:00,23208
2023-04-18 23:00:00+00:00,22084
2023-04-19 00:00:00+00:00,21076
2023-04-19 01:00:00+00:00,20532
2023-04-19 02:00:00+00:00,20252
2023-04-19 03:00:00+00:00,20328
2023-04-19 04:00:00+00:00,21208
2023-04-19 05:00:00+00:00,24380
2023-04-19 06:00:00+00:00,26500
2023-04-19 07:00:00+00:00,27024
2023-04-19 08:00:00+00:00,26908
2023-04-19 09:00:00+00:00,26448
2023-04-19 10:00:00+00:00,26272
2023-04-19 11:00:00+00:00,26404
2023-04-19 12:00:00+00:00,25948
2023-04-19 13:00:00+00:00,25448
2023-04-19 14:00:00+00:00,25064
2023-04-19 15:00:00+00:00,24964
2023-04-19 16:00:00+00:00,25188
2023-04-19 17:00:00+00:00,25408
2023-04-19 18:00:00+00:00,26480
2023-04-19 19:00:00+00:00,28340
2023-04-19 20:00:00+00:00,28280
2023-04-19 21:00:00+00:00,25520
2023-04-19 22:00:00+00:00,23124
2023-04-19 23:00:00+00:00,22124
2023-04-20 00:00:00+00:00,21256
2023-04-20 01:00:00+00:00,20488
2023-04-20 02:00:00+00:00,20380
2023-04-20 03:00:00+00:00,20520
2023-04-20 04:00:00+00:00,21460
2023-04-20 05:00:00+00:00,24344
2023-04-20 06:00:00+00:00,26476
2023-04-20 07:00:00+00:00,27060
2023-04-20 08:00:00+00:00,26680
2023-04-20 09:00:00+00:00,26392
2023-04-20 10:00:00+00:00,26128
2023-04-20 11:00:00+00:00,26120
2023-04-20 12:00:00+00:00,25948
2023-04-20 13:00:00+00:00,25416
2023-04-20 14:00:00+00:00,25012
2023-04-20 15:00:00+00:00,24912
2023-04-20 16:00:00+00:00,25556
2023-04-20 17:00:00+00:00,25864
2023-04-20 18:00:00+00:00,27116
2023-04-20 19:00:00+00:00,28448
2023-04-20 20:00:00+00:00,28292
2023-04-20 21:00:00+00:00,25444
2023-04-20 22:00:00+00:00,23188
2023-04-20 23:00:00+00:00,22092
2023-04-21 00:00:00+00:00,21248
2023-04-21 01:00:00+00:00,20584
2023-04-21 02:00:00+00:00,20316
2023-04-21 03:00:00+00:00,20480
2023-04-21 04:00:00+00:00,21180
2023-04-21 05:00:00+00:00,24024
2023-04-21 06:00:00+00:00,25840
2023-04-21 07:00:00+00:00,26580
2023-04-21 08:00:00+00:00,26612
2023-04-21 09:00:00+00:00,26188
2023-04-21 10:00:00+00:00,25956
2023-04-21 11:00:00+00:00,26144
2023-04-21 12:00:00+00:00,25816
2023-04-21 13:00:00+00:00,25416
2023-04-21 14:00:00+00:00,24652
2023-04-21 15:00:00+00:00,24580
2023-04-21 16:00:00+00:00,25116
2023-04-21 17:00:00+00:00,25556
2023-04-21 18:00:00+00:00,25896
2023-04-21 19:00:00+00:00,27268
2023-04-21 20:00:00+00:00,27148
2023-04-21 21:00:00+00:00,24800
2023-04-21 22:00:00+00:00,22980
2023-04-21 23:00:00+00:00,22268
2023-04-22 00:00:00+00:00,21244
2023-04-22 01:00:00+00:00,20128
2023-04-22 02:00:00+00:00,19720
2023-04-22 03:00:00+00:00,19468
2023-04-22 04:00:00+00:00,19544
2023-04-22 05:00:00+00:00,20164
2023-04-22 06:00:00+00:00,20476
2023-04-22 07:00:00+00:00,22236
2023-04-22 08:00:00+00:00,23700
2023-04-22 09:00:00+00:00,23904
2023-04-22 10:00:00+00:00,23616
2023-04-22 11:00:00+00:00,23264
2023-04-22 12:00:00+00:00,23200
2023-04-22 13:00:00+00:00,22340
2023-04-22 14:00:00+00:00,21404
2023-04-22 15:00:00+00:00,21100
2023-04-22 16:00:00+00:00,21064
2023-04-22 17:00:00+00:00,21712
2023-04-22 18:00:00+00:00,22652
2023-04-22 19:00:00+00:00,24144
2023-04-22 20:00:00+00:00,24972
2023-04-22 21:00:00+00:00,23148
2023-04-22 22:00:00+00:00,21452
2023-04-22 23:00:00+00:00,20040
2023-04-23 00:00:00+00:00,18964
2023-04-23 01:00:00+00:00,18104
2023-04-23 02:00:00+00:00,17912
2023-04-23 03:00:00+00:00,17752
2023-04-23 04:00:00+00:00,17864
2023-04-23 05:00:00+00:00,18272
2023-04-23 06:00:00+00:00,17988
2023-04-23 07:00:00+00:00,19256
2023-04-23 08:00:00+00:00,20272
2023-04-23 09:00:00+00:00,20824
2023-04-23 10:00:00+00:00,20940
2023-04-23 11:00:00+00:00,20560
2023-04-23 12:00:00+00:00,21172
2023-04-23 13:00:00+00:00,20332
2023-04-23 14:00:00+00:00,19252
2023-04-23 15:00:00+00:00,18804
2023-04-23 16:00:00+00:00,19480
2023-04-23 17:00:00+00:00,20488
2023-04-23 18:00:00+00:00,21616
2023-04-23 19:00:00+00:00,23744
2023-04-23 20:00:00+00:00,24688
2023-04-23 21:00:00+00:00,23328
2023-04-23 22:00:00+00:00,21312
2023-04-23 23:00:00+00:00,20180
2023-04-24 00:00:00+00:00,19136
2023-04-24 01:00:00+00:00,18624
2023-04-24 02:00:00+00:00,18504
2023-04-24 03:00:00+00:00,18692
2023-04-24 04:00:00+00:00,19700
2023-04-24 05:00:00+00:00,23156
2023-04-24 06:00:00+00:00,25040
2023-04-24 07:00:00+00:00,25892
2023-04-24 08:00:00+00:00,25908
2023-04-24 09:00:00+00:00,26080
2023-04-24 10:00:00+00:00,26028
2023-04-24 11:00:00+00:00,26096
2023-04-24 12:00:00+00:00,25976
2023-04-24 13:00:00+00:00,25260
2023-04-24 14:00:00+00:00,24976
2023-04-24 15:00:00+00:00,24844
2023-04-24 16:00:00+00:00,25236
2023-04-24 17:00:00+00:00,25524
2023-04-24 18:00:00+00:00,26388
2023-04-24 19:00:00+00:00,28108
2023-04-24 20:00:00+00:00,28164
2023-04-24 21:00:00+00:00,25304
2023-04-24 22:00:00+00:00,23024
2023-04-24 23:00:00+00:00,22168
2023-04-25 00:00:00+00:00,21304
2023-04-25 01:00:00+00:00,20616
2023-04-25 02:00:00+00:00,20564
2023-04-25 03:00:00+00:00,20468
2023-04-25 04:00:00+00:00,21072
2023-04-25 05:00:00+00:00,24160
2023-04-25 06:00:00+00:00,26296
2023-04-25 07:00:00+00:00,26968
2023-04-25 08:00:00+00:00,26788
2023-04-25 09:00:00+00:00,26356
2023-04-25 10:00:00+00:00,26524
2023-04-25 11:00:00+00:00,26792
2023-04-25 12:00:00+00:00,26608
2023-04-25 13:00:00+00:00,25876
2023-04-25 14:00:00+00:00,25604
2023-04-25 15:00:00+00:00,25652
2023-04-25 16:00:00+00:00,26136
2023-04-25 17:00:00+00:00,26356
2023-04-25 18:00:00+00:00,27264
2023-04-25 19:00:00+00:00,28440
2023-04-25 20:00:00+00:00,28392
2023-04-25 21:00:00+00:00,25704
2023-04-25 22:00:00+00:00,23488
2023-04-25 23:00:00+00:00,22540
2023-04-26 00:00:00+00:00,21748
2023-04-26 01:00:00+00:00,21012
2023-04-26 02:00:00+00:00,20692
2023-04-26 03:00:00+00:00,20792
2023-04-26 04:00:00+00:00,21332
2023-04-26 05:00:00+00:00,23992
2023-04-26 06:00:00+00:00,26196
2023-04-26 07:00:00+00:00,27180
2023-04-26 08:00:00+00:00,27180
2023-04-26 09:00:00+00:00,26972
2023-04-26 10:00:00+00:00,26780
2023-04-26 11:00:00+00:00,27248
2023-04-26 12:00:00+00:00,26700
2023-04-26 13:00:00+00:00,26184
2023-04-26 14:00:00+00:00,26112
2023-04-26 15:00:00+00:00,25928
2023-04-26 16:00:00+00:00,26284
2023-04-26 17:00:00+00:00,26304
2023-04-26 18:00:00+00:00,27240
2023-04-26 19:00:00+00:00,28584
2023-04-26 20:00:00+00:00,28744
2023-04-26 21:00:00+00:00,25908
2023-04-26 22:00:00+00:00,23760
2023-04-26 23:00:00+00:00,22832
2023-04-27 00:00:00+00:00,21904
2023-04-27 01:00:00+00:00,21180
2023-04-27 02:00:00+00:00,20932
2023-04-27 03:00:00+00:00,20800
2023-04-27 04:00:00+00:00,21664
2023-04-27 05:00:00+00:00,24548
2023-04-27 06:00:00+00:00,26412
2023-04-27 07:00:00+00:00,27368
2023-04-27 08:00:00+00:00,27436
2023-04-27 09:00:00+00:00,27204
2023-04-27 10:00:00+00:00,27440
2023-04-27 11:00:00+00:00,27480
2023-04-27 12:00:00+00:00,27400
2023-04-27 13:00:00+00:00,26900
2023-04-27 14:00:00+00:00,26520
2023-04-27 15:00:00+00:00,26592
2023-04-27 16:00:00+00:00,26900
2023-04-27 17:00:00+00:00,27284
2023-04-27 18:00:00+00:00,27984
2023-04-27 19:00:00+00:00,29308
2023-04-27 20:00:00+00:00,28848
2023-04-27 21:00:00+00:00,26160
2023-04-27 22:00:00+00:00,24032
2023-04-27 23:00:00+00:00,23176
2023-04-28 00:00:00+00:00,21844
2023-04-28 01:00:00+00:00,21360
2023-04-28 02:00:00+00:00,20980
2023-04-28 03:00:00+00:00,20976
2023-04-28 04:00:00+00:00,21516
2023-04-28 05:00:00+00:00,24044
2023-04-28 06:00:00+00:00,25724
2023-04-28 07:00:00+00:00,26484
2023-04-28 08:00:00+00:00,27332
2023-04-28 09:00:00+00:00,27412
2023-04-28 10:00:00+00:00,27100
2023-04-28 11:00:00+00:00,27272
2023-04-28 12:00:00+00:00,27216
2023-04-28 13:00:00+00:00,26844
2023-04-28 14:00:00+00:00,26272
2023-04-28 15:00:00+00:00,26140
2023-04-28 16:00:00+00:00,26448
2023-04-28 17:00:00+00:00,26408
2023-04-28 18:00:00+00:00,26808
2023-04-28 19:00:00+00:00,27548
2023-04-28 20:00:00+00:00,27556
2023-04-28 21:00:00+00:00,25244
2023-04-28 22:00:00+00:00,23476
2023-04-28 23:00:00+00:00,22612
2023-04-29 00:00:00+00:00,21132
2023-04-29 01:00:00+00:00,20224
2023-04-29 02:00:00+00:00,19660
2023-04-29 03:00:00+00:00,19536
2023-04-29 04:00:00+00:00,19372
2023-04-29 05:00:00+00:00,20164
2023-04-29 06:00:00+00:00,20356
2023-04-29 07:00:00+00:00,22000
2023-04-29 08:00:00+00:00,23120
2023-04-29 09:00:00+00:00,23796
2023-04-29 10:00:00+00:00,24144
2023-04-29 11:00:00+00:00,24136
2023-04-29 12:00:00+00:00,24232
2023-04-29 13:00:00+00:00,23380
2023-04-29 14:00:00+00:00,22684
2023-04-29 15:00:00+00:00,22576
2023-04-29 16:00:00+00:00,22408
2023-04-29 17:00:00+00:00,22764
2023-04-29 18:00:00+00:00,23228
2023-04-29 19:00:00+00:00,24088
2023-04-29 20:00:00+00:00,25060
2023-04-29 21:00:00+00:00,23004
2023-04-29 22:00:00+00:00,21532
2023-04-29 23:00:00+00:00,20436
2023-04-30 00:00:00+00:00,19228
2023-04-30 01:00:00+00:00,18480
2023-04-30 02:00:00+00:00,18004
2023-04-30 03:00:00+00:00,17984
2023-04-30 04:00:00+00:00,18004
2023-04-30 05:00:00+00:00,18232
2023-04-30 06:00:00+00:00,17980
2023-04-30 07:00:00+00:00,19336
2023-04-30 08:00:00+00:00,20644
2023-04-30 09:00:00+00:00,21268
2023-04-30 10:00:00+00:00,21108
2023-04-30 11:00:00+00:00,21148
2023-04-30 12:00:00+00:00,21600
2023-04-30 13:00:00+00:00,20888
2023-04-30 14:00:00+00:00,20020
2023-04-30 15:00:00+00:00,19700
2023-04-30 16:00:00+00:00,19956
2023-04-30 17:00:00+00:00,20576
2023-04-30 18:00:00+00:00,21428
2023-04-30 19:00:00+00:00,22256
2023-04-30 20:00:00+00:00,23948
2023-04-30 21:00:00+00:00,22420
2023-04-30 22:00:00+00:00,20756
2023-04-30 23:00:00+00:00,19420
2023-05-01 00:00:00+00:00,18316
2023-05-01 01:00:00+00:00,17608
2023-05-01 02:00:00+00:00,17212
2023-05-01 03:00:00+00:00,17048
2023-05-01 04:00:00+00:00,17140
2023-05-01 05:00:00+00:00,17644
2023-05-01 06:00:00+00:00,17496
2023-05-01 07:00:00+00:00,18584
2023-05-01 08:00:00+00:00,19388
2023-05-01 09:00:00+00:00,19820
2023-05-01 10:00:00+00:00,19704
2023-05-01 11:00:00+00:00,19868
2023-05-01 12:00:00+00:00,20360
2023-05-01 13:00:00+00:00,19656
2023-05-01 14:00:00+00:00,18772
2023-05-01 15:00:00+00:00,18568
2023-05-01 16:00:00+00:00,19004
2023-05-01 17:00:00+00:00,19932
2023-05-01 18:00:00+00:00,21052
2023-05-01 19:00:00+00:00,22624
2023-05-01 20:00:00+00:00,24136
2023-05-01 21:00:00+00:00,22644
2023-05-01 22:00:00+00:00,20716
2023-05-01 23:00:00+00:00,19668
2023-05-02 00:00:00+00:00,18760
2023-05-02 01:00:00+00:00,18228
2023-05-02 02:00:00+00:00,18012
2023-05-02 03:00:00+00:00,18068
2023-05-02 04:00:00+00:00,19184
2023-05-02 05:00:00+00:00,21916
2023-05-02 06:00:00+00:00,23796
2023-05-02 07:00:00+00:00,24948
2023-05-02 08:00:00+00:00,25396
2023-05-02 09:00:00+00:00,25444
2023-05-02 10:00:00+00:00,25444
2023-05-02 11:00:00+00:00,25672
2023-05-02 12:00:00+00:00,26032
2023-05-02 13:00:00+00:00,25564
2023-05-02 14:00:00+00:00,25220
2023-05-02 15:00:00+00:00,25428
2023-05-02 16:00:00+00:00,25640
2023-05-02 17:00:00+00:00,25924
2023-05-02 18:00:00+00:00,26564
2023-05-02 19:00:00+00:00,27600
2023-05-02 20:00:00+00:00,27716
2023-05-02 21:00:00+00:00,25312
2023-05-02 22:00:00+00:00,23060
2023-05-02 23:00:00+00:00,21944
2023-05-03 00:00:00+00:00,21200
2023-05-03 01:00:00+00:00,20260
2023-05-03 02:00:00+00:00,20184
2023-05-03 03:00:00+00:00,20272
2023-05-03 04:00:00+00:00,20928
2023-05-03 05:00:00+00:00,23680
2023-05-03 06:00:00+00:00,25700
2023-05-03 07:00:00+00:00,26552
2023-05-03 08:00:00+00:00,26724
2023-05-03 09:00:00+00:00,26480
2023-05-03 10:00:00+00:00,26584
2023-05-03 11:00:00+00:00,27064
2023-05-03 12:00:00+00:00,27072
2023-05-03 13:00:00+00:00,26636
2023-05-03 14:00:00+00:00,25996
2023-05-03 15:00:00+00:00,25860
2023-05-03 16:00:00+00:00,26320
2023-05-03 17:00:00+00:00,26196
2023-05-03 18:00:00+00:00,27160
2023-05-03 19:00:00+00:00,28216
2023-05-03 20:00:00+00:00,28388
2023-05-03 21:00:00+00:00,25980
2023-05-03 22:00:00+00:00,23500
2023-05-03 23:00:00+00:00,22532
2023-05-04 00:00:00+00:00,21636
2023-05-04 01:00:00+00:00,20984
2023-05-04 02:00:00+00:00,20756
2023-05-04 03:00:00+00:00,20944
2023-05-04 04:00:00+00:00,21548
2023-05-04 05:00:00+00:00,24052
2023-05-04 06:00:00+00:00,25888
2023-05-04 07:00:00+00:00,26480
2023-05-04 08:00:00+00:00,26184
2023-05-04 09:00:00+00:00,26428
2023-05-04 10:00:00+00:00,26408
2023-05-04 11:00:00+00:00,26960
2023-05-04 12:00:00+00:00,26648
2023-05-04 13:00:00+00:00,26228
2023-05-04 14:00:00+00:00,25672
2023-05-04 15:00:00+00:00,25972
2023-05-04 16:00:00+00:00,26348
2023-05-04 17:00:00+00:00,26784
2023-05-04 18:00:00+00:00,27092
2023-05-04 19:00:00+00:00,27912
2023-05-04 20:00:00+00:00,28500
2023-05-04 21:00:00+00:00,25704
2023-05-04 22:00:00+00:00,23284
2023-05-04 23:00:00+00:00,22444
2023-05-05 00:00:00+00:00,21580
2023-05-05 01:00:00+00:00,20672
2023-05-05 02:00:00+00:00,20672
2023-05-05 03:00:00+00:00,20616
2023-05-05 04:00:00+00:00,21644
2023-05-05 05:00:00+00:00,24196
2023-05-05 06:00:00+00:00,26136
2023-05-05 07:00:00+00:00,26856
2023-05-05 08:00:00+00:00,26952
2023-05-05 09:00:00+00:00,27056
2023-05-05 10:00:00+00:00,26824
2023-05-05 11:00:00+00:00,27216
2023-05-05 12:00:00+00:00,27004
2023-05-05 13:00:00+00:00,26440
2023-05-05 14:00:00+00:00,25972
2023-05-05 15:00:00+00:00,25776
2023-05-05 16:00:00+00:00,26256
2023-05-05 17:00:00+00:00,26312
2023-05-05 18:00:00+00:00,26788
2023-05-05 19:00:00+00:00,27180
2023-05-05 20:00:00+00:00,27376
2023-05-05 21:00:00+00:00,25156
2023-05-05 22:00:00+00:00,23272
2023-05-05 23:00:00+00:00,22456
2023-05-06 00:00:00+00:00,21304
2023-05-06 01:00:00+00:00,20388
2023-05-06 02:00:00+00:00,19804
2023-05-06 03:00:00+00:00,19616
2023-05-06 04:00:00+00:00,19392
2023-05-06 05:00:00+00:00,20156
2023-05-06 06:00:00+00:00,20732
2023-05-06 07:00:00+00:00,22028
2023-05-06 08:00:00+00:00,23196
2023-05-06 09:00:00+00:00,23384
2023-05-06 10:00:00+00:00,23240
2023-05-06 11:00:00+00:00,23200
2023-05-06 12:00:00+00:00,23132
2023-05-06 13:00:00+00:00,22424
2023-05-06 14:00:00+00:00,21904
2023-05-06 15:00:00+00:00,21400
2023-05-06 16:00:00+00:00,21808
2023-05-06 17:00:00+00:00,22688
2023-05-06 18:00:00+00:00,23180
2023-05-06 19:00:00+00:00,23844
2023-05-06 20:00:00+00:00,25400
2023-05-06 21:00:00+00:00,23460
2023-05-06 22:00:00+00:00,21864
2023-05-06 23:00:00+00:00,20360
2023-05-07 00:00:00+00:00,19192
2023-05-07 01:00:00+00:00,18496
2023-05-07 02:00:00+00:00,18248
2023-05-07 03:00:00+00:00,18020
2023-05-07 04:00:00+00:00,17984
2023-05-07 05:00:00+00:00,18264
2023-05-07 06:00:00+00:00,18380
2023-05-07 07:00:00+00:00,19536
2023-05-07 08:00:00+00:00,21020
2023-05-07 09:00:00+00:00,21580
2023-05-07 10:00:00+00:00,21480
2023-05-07 11:00:00+00:00,21748
2023-05-07 12:00:00+00:00,22140
2023-05-07 13:00:00+00:00,21184
2023-05-07 14:00:00+00:00,20244
2023-05-07 15:00:00+00:00,20424
2023-05-07 16:00:00+00:00,20556
2023-05-07 17:00:00+00:00,21328
2023-05-07 18:00:00+00:00,22296
2023-05-07 19:00:00+00:00,23332
2023-05-07 20:00:00+00:00,25052
2023-05-07 21:00:00+00:00,23608
2023-05-07 22:00:00+00:00,21952
2023-05-07 23:00:00+00:00,20640
2023-05-08 00:00:00+00:00,19504
2023-05-08 01:00:00+00:00,19012
2023-05-08 02:00:00+00:00,18964
2023-05-08 03:00:00+00:00,19056
2023-05-08 04:00:00+00:00,19996
2023-05-08 05:00:00+00:00,22996
2023-05-08 06:00:00+00:00,25252
2023-05-08 07:00:00+00:00,26156
2023-05-08 08:00:00+00:00,26440
2023-05-08 09:00:00+00:00,26172
2023-05-08 10:00:00+00:00,26380
2023-05-08 11:00:00+00:00,26820
2023-05-08 12:00:00+00:00,26768
2023-05-08 13:00:00+00:00,26496
2023-05-08 14:00:00+00:00,26072
2023-05-08 15:00:00+00:00,26144
2023-05-08 16:00:00+00:00,26388
2023-05-08 17:00:00+00:00,26600
2023-05-08 18:00:00+00:00,27376
2023-05-08 19:00:00+00:00,28288
2023-05-08 20:00:00+00:00,28628
2023-05-08 21:00:00+00:00,25740
2023-05-08 22:00:00+00:00,23708
2023-05-08 23:00:00+00:00,22648
2023-05-09 00:00:00+00:00,21652
2023-05-09 01:00:00+00:00,21028
2023-05-09 02:00:00+00:00,20800
2023-05-09 03:00:00+00:00,20788
2023-05-09 04:00:00+00:00,21484
2023-05-09 05:00:00+00:00,23808
2023-05-09 06:00:00+00:00,25944
2023-05-09 07:00:00+00:00,26932
2023-05-09 08:00:00+00:00,27312
2023-05-09 09:00:00+00:00,27564
2023-05-09 10:00:00+00:00,27180
2023-05-09 11:00:00+00:00,27800
2023-05-09 12:00:00+00:00,27468
2023-05-09 13:00:00+00:00,27200
2023-05-09 14:00:00+00:00,27064
2023-05-09 15:00:00+00:00,26740
2023-05-09 16:00:00+00:00,27044
2023-05-09 17:00:00+00:00,27160
2023-05-09 18:00:00+00:00,27800
2023-05-09 19:00:00+00:00,28532
2023-05-09 20:00:00+00:00,28376
2023-05-09 21:00:00+00:00,25588
2023-05-09 22:00:00+00:00,23608
2023-05-09 23:00:00+00:00,22620
2023-05-10 00:00:00+00:00,21512
2023-05-10 01:00:00+00:00,20944
2023-05-10 02:00:00+00:00,20568
2023-05-10 03:00:00+00:00,20716
2023-05-10 04:00:00+00:00,21328
2023-05-10 05:00:00+00:00,23924
2023-05-10 06:00:00+00:00,25944
2023-05-10 07:00:00+00:00,26620
2023-05-10 08:00:00+00:00,26792
2023-05-10 09:00:00+00:00,26832
2023-05-10 10:00:00+00:00,26780
2023-05-10 11:00:00+00:00,27000
2023-05-10 12:00:00+00:00,26780
2023-05-10 13:00:00+00:00,26324
2023-05-10 14:00:00+00:00,25776
2023-05-10 15:00:00+00:00,25880
2023-05-10 16:00:00+00:00,26356
2023-05-10 17:00:00+00:00,26540
2023-05-10 18:00:00+00:00,27708
2023-05-10 19:00:00+00:00,28676
2023-05-10 20:00:00+00:00,28680
2023-05-10 21:00:00+00:00,25492
2023-05-10 22:00:00+00:00,23132
2023-05-10 23:00:00+00:00,22544
2023-05-11 00:00:00+00:00,21388
2023-05-11 01:00:00+00:00,20736
2023-05-11 02:00:00+00:00,20364
2023-05-11 03:00:00+00:00,20448
2023-05-11 04:00:00+00:00,20980
2023-05-11 05:00:00+00:00,23592
2023-05-11 06:00:00+00:00,25780
2023-05-11 07:00:00+00:00,26304
2023-05-11 08:00:00+00:00,26564
2023-05-11 09:00:00+00:00,26556
2023-05-11 10:00:00+00:00,26592
2023-05-11 11:00:00+00:00,26716
2023-05-11 12:00:00+00:00,26316
2023-05-11 13:00:00+00:00,25864
2023-05-11 14:00:00+00:00,25364
2023-05-11 15:00:00+00:00,25264
2023-05-11 16:00:00+00:00,25748
2023-05-11 17:00:00+00:00,26416
2023-05-11 18:00:00+00:00,27416
2023-05-11 19:00:00+00:00,28544
2023-05-11 20:00:00+00:00,28176
2023-05-11 21:00:00+00:00,25480
2023-05-11 22:00:00+00:00,23212
2023-05-11 23:00:00+00:00,22376
2023-05-12 00:00:00+00:00,21412
2023-05-12 01:00:00+00:00,20696
2023-05-12 02:00:00+00:00,20488
2023-05-12 03:00:00+00:00,20500
2023-05-12 04:00:00+00:00,21380
2023-05-12 05:00:00+00:00,23768
2023-05-12 06:00:00+00:00,25644
2023-05-12 07:00:00+00:00,25928
2023-05-12 08:00:00+00:00,26300
2023-05-12 09:00:00+00:00,25932
2023-05-12 10:00:00+00:00,25828
2023-05-12 11:00:00+00:00,26164
2023-05-12 12:00:00+00:00,25956
2023-05-12 13:00:00+00:00,25548
2023-05-12 14:00:00+00:00,25140
2023-05-12 15:00:00+00:00,25204
2023-05-12 16:00:00+00:00,25172
2023-05-12 17:00:00+00:00,25260
2023-05-12 18:00:00+00:00,26124
2023-05-12 19:00:00+00:00,26820
2023-05-12 20:00:00+00:00,27304
2023-05-12 21:00:00+00:00,24964
2023-05-12 22:00:00+00:00,22796
2023-05-12 23:00:00+00:00,22104
2023-05-13 00:00:00+00:00,20820
2023-05-13 01:00:00+00:00,20116
2023-05-13 02:00:00+00:00,19708
2023-05-13 03:00:00+00:00,19468
2023-05-13 04:00:00+00:00,19348
2023-05-13 05:00:00+00:00,19652
2023-05-13 06:00:00+00:00,20600
2023-05-13 07:00:00+00:00,21744
2023-05-13 08:00:00+00:00,22740
2023-05-13 09:00:00+00:00,22944
2023-05-13 10:00:00+00:00,22736
2023-05-13 11:00:00+00:00,22720
2023-05-13 12:00:00+00:00,23008
2023-05-13 13:00:00+00:00,22264
2023-05-13 14:00:00+00:00,21228
2023-05-13 15:00:00+00:00,20756
2023-05-13 16:00:00+00:00,20848
2023-05-13 17:00:00+00:00,21616
2023-05-13 18:00:00+00:00,22444
2023-05-13 19:00:00+00:00,23512
2023-05-13 20:00:00+00:00,24604
2023-05-13 21:00:00+00:00,22796
2023-05-13 22:00:00+00:00,21136
2023-05-13 23:00:00+00:00,20164
2023-05-14 00:00:00+00:00,19028
2023-05-14 01:00:00+00:00,18344
2023-05-14 02:00:00+00:00,18008
2023-05-14 03:00:00+00:00,17688
2023-05-14 04:00:00+00:00,17748
2023-05-14 05:00:00+00:00,17832
2023-05-14 06:00:00+00:00,17800
2023-05-14 07:00:00+00:00,18652
2023-05-14 08:00:00+00:00,19424
2023-05-14 09:00:00+00:00,19988
2023-05-14 10:00:00+00:00,20420
2023-05-14 11:00:00+00:00,21056
2023-05-14 12:00:00+00:00,21944
2023-05-14 13:00:00+00:00,20952
2023-05-14 14:00:00+00:00,19848
2023-05-14 15:00:00+00:00,19368
2023-05-14 16:00:00+00:00,19512
2023-05-14 17:00:00+00:00,20348
2023-05-14 18:00:00+00:00,21168
2023-05-14 19:00:00+00:00,22856
2023-05-14 20:00:00+00:00,24320
2023-05-14 21:00:00+00:00,23188
2023-05-14 22:00:00+00:00,21208
2023-05-14 23:00:00+00:00,20236
2023-05-15 00:00:00+00:00,19248
2023-05-15 01:00:00+00:00,18764
2023-05-15 02:00:00+00:00,18544
2023-05-15 03:00:00+00:00,18768
2023-05-15 04:00:00+00:00,19520
2023-05-15 05:00:00+00:00,22216
2023-05-15 06:00:00+00:00,24280
2023-05-15 07:00:00+00:00,25104
2023-05-15 08:00:00+00:00,25472
2023-05-15 09:00:00+00:00,25376
2023-05-15 10:00:00+00:00,25352
2023-05-15 11:00:00+00:00,25292
2023-05-15 12:00:00+00:00,25600
2023-05-15 13:00:00+00:00,25136
2023-05-15 14:00:00+00:00,24736
2023-05-15 15:00:00+00:00,24776
2023-05-15 16:00:00+00:00,24864
2023-05-15 17:00:00+00:00,24992
2023-05-15 18:00:00+00:00,25876
2023-05-15 19:00:00+00:00,27080
2023-05-15 20:00:00+00:00,27536
2023-05-15 21:00:00+00:00,24964
2023-05-15 22:00:00+00:00,22756
2023-05-15 23:00:00+00:00,21900
2023-05-16 00:00:00+00:00,21072
2023-05-16 01:00:00+00:00,20312
2023-05-16 02:00:00+00:00,20056
2023-05-16 03:00:00+00:00,20052
2023-05-16 04:00:00+00:00,20892
2023-05-16 05:00:00+00:00,23388
2023-05-16 06:00:00+00:00,25652
2023-05-16 07:00:00+00:00,26384
2023-05-16 08:00:00+00:00,26484
2023-05-16 09:00:00+00:00,26308
2023-05-16 10:00:00+00:00,26224
2023-05-16 11:00:00+00:00,26260
2023-05-16 12:00:00+00:00,26064
2023-05-16 13:00:00+00:00,25808
2023-05-16 14:00:00+00:00,25168
2023-05-16 15:00:00+00:00,25008
2023-05-16 16:00:00+00:00,25356
2023-05-16 17:00:00+00:00,25916
2023-05-16 18:00:00+00:00,26556
2023-05-16 19:00:00+00:00,28000
2023-05-16 20:00:00+00:00,28568
2023-05-16 21:00:00+00:00,25700
2023-05-16 22:00:00+00:00,23368
2023-05-16 23:00:00+00:00,22332
2023-05-17 00:00:00+00:00,21356
2023-05-17 01:00:00+00:00,20556
2023-05-17 02:00:00+00:00,20340
2023-05-17 03:00:00+00:00,20400
2023-05-17 04:00:00+00:00,20976
2023-05-17 05:00:00+00:00,23288
2023-05-17 06:00:00+00:00,25520
2023-05-17 07:00:00+00:00,26168
2023-05-17 08:00:00+00:00,26000
2023-05-17 09:00:00+00:00,25936
2023-05-17 10:00:00+00:00,25460
2023-05-17 11:00:00+00:00,25816
2023-05-17 12:00:00+00:00,25684
2023-05-17 13:00:00+00:00,25052
2023-05-17 14:00:00+00:00,24500
2023-05-17 15:00:00+00:00,24504
2023-05-17 16:00:00+00:00,24772
2023-05-17 17:00:00+00:00,25132
2023-05-17 18:00:00+00:00,26404
2023-05-17 19:00:00+00:00,27924
2023-05-17 20:00:00+00:00,27888
2023-05-17 21:00:00+00:00,25288
2023-05-17 22:00:00+00:00,23228
2023-05-17 23:00:00+00:00,22216
2023-05-18 00:00:00+00:00,21080
2023-05-18 01:00:00+00:00,20632
2023-05-18 02:00:00+00:00,20192
2023-05-18 03:00:00+00:00,20432
2023-05-18 04:00:00+00:00,21092
2023-05-18 05:00:00+00:00,23592
2023-05-18 06:00:00+00:00,25476
2023-05-18 07:00:00+00:00,25868
2023-05-18 08:00:00+00:00,26316
2023-05-18 09:00:00+00:00,26044
2023-05-18 10:00:00+00:00,25692
2023-05-18 11:00:00+00:00,26168
2023-05-18 12:00:00+00:00,26184
2023-05-18 13:00:00+00:00,25444
2023-05-18 14:00:00+00:00,25016
2023-05-18 15:00:00+00:00,25140
2023-05-18 16:00:00+00:00,25320
2023-05-18 17:00:00+00:00,25664
2023-05-18 18:00:00+00:00,26308
2023-05-18 19:00:00+00:00,27388
2023-05-18 20:00:00+00:00,27820
2023-05-18 21:00:00+00:00,25348
2023-05-18 22:00:00+00:00,23100
2023-05-18 23:00:00+00:00,22160
2023-05-19 00:00:00+00:00,21016
2023-05-19 01:00:00+00:00,20444
2023-05-19 02:00:00+00:00,20212
2023-05-19 03:00:00+00:00,20344
2023-05-19 04:00:00+00:00,21028
2023-05-19 05:00:00+00:00,23532
2023-05-19 06:00:00+00:00,25636
2023-05-19 07:00:00+00:00,26516
2023-05-19 08:00:00+00:00,26400
2023-05-19 09:00:00+00:00,26320
2023-05-19 10:00:00+00:00,25988
2023-05-19 11:00:00+00:00,26096
2023-05-19 12:00:00+00:00,26104
2023-05-19 13:00:00+00:00,25520
2023-05-19 14:00:00+00:00,24996
2023-05-19 15:00:00+00:00,24756
2023-05-19 16:00:00+00:00,24924
2023-05-19 17:00:00+00:00,25180
2023-05-19 18:00:00+00:00,25536
2023-05-19 19:00:00+00:00,26316
2023-05-19 20:00:00+00:00,27028
2023-05-19 21:00:00+00:00,24728
2023-05-19 22:00:00+00:00,22816
2023-05-19 23:00:00+00:00,21824
2023-05-20 00:00:00+00:00,20740
2023-05-20 01:00:00+00:00,19964
2023-05-20 02:00:00+00:00,19564
2023-05-20 03:00:00+00:00,19180
2023-05-20 04:00:00+00:00,19044
2023-05-20 05:00:00+00:00,19448
2023-05-20 06:00:00+00:00,20088
2023-05-20 07:00:00+00:00,21292
2023-05-20 08:00:00+00:00,22428
2023-05-20 09:00:00+00:00,22928
2023-05-20 10:00:00+00:00,22868
2023-05-20 11:00:00+00:00,23040
2023-05-20 12:00:00+00:00,23236
2023-05-20 13:00:00+00:00,22556
2023-05-20 14:00:00+00:00,21500
2023-05-20 15:00:00+00:00,21236
2023-05-20 16:00:00+00:00,21392
2023-05-20 17:00:00+00:00,21980
2023-05-20 18:00:00+00:00,23004
2023-05-20 19:00:00+00:00,23956
2023-05-20 20:00:00+00:00,25088
2023-05-20 21:00:00+00:00,22812
2023-05-20 22:00:00+00:00,21244
2023-05-20 23:00:00+00:00,19908
2023-05-21 00:00:00+00:00,18816
2023-05-21 01:00:00+00:00,18084
2023-05-21 02:00:00+00:00,17632
2023-05-21 03:00:00+00:00,17344
2023-05-21 04:00:00+00:00,17492
2023-05-21 05:00:00+00:00,17508
2023-05-21 06:00:00+00:00,17336
2023-05-21 07:00:00+00:00,18460
2023-05-21 08:00:00+00:00,19708
2023-05-21 09:00:00+00:00,20588
2023-05-21 10:00:00+00:00,20904
2023-05-21 11:00:00+00:00,21272
2023-05-21 12:00:00+00:00,22052
2023-05-21 13:00:00+00:00,21320
2023-05-21 14:00:00+00:00,20124
2023-05-21 15:00:00+00:00,19512
2023-05-21 16:00:00+00:00,19788
2023-05-21 17:00:00+00:00,20592
2023-05-21 18:00:00+00:00,21508
2023-05-21 19:00:00+00:00,23072
2023-05-21 20:00:00+00:00,24764
2023-05-21 21:00:00+00:00,23144
2023-05-21 22:00:00+00:00,21440
2023-05-21 23:00:00+00:00,19960
2023-05-22 00:00:00+00:00,19016
2023-05-22 01:00:00+00:00,18636
2023-05-22 02:00:00+00:00,18376
2023-05-22 03:00:00+00:00,18484
2023-05-22 04:00:00+00:00,19588
2023-05-22 05:00:00+00:00,22184
2023-05-22 06:00:00+00:00,25108
2023-05-22 07:00:00+00:00,26192
2023-05-22 08:00:00+00:00,26540
2023-05-22 09:00:00+00:00,26672
2023-05-22 10:00:00+00:00,26716
2023-05-22 11:00:00+00:00,26868
2023-05-22 12:00:00+00:00,26792
2023-05-22 13:00:00+00:00,26400
2023-05-22 14:00:00+00:00,25844
2023-05-22 15:00:00+00:00,25544
2023-05-22 16:00:00+00:00,25704
2023-05-22 17:00:00+00:00,25980
2023-05-22 18:00:00+00:00,26888
2023-05-22 19:00:00+00:00,28056
2023-05-22 20:00:00+00:00,28040
2023-05-22 21:00:00+00:00,25344
2023-05-22 22:00:00+00:00,23176
2023-05-22 23:00:00+00:00,21936
2023-05-23 00:00:00+00:00,21016
2023-05-23 01:00:00+00:00,20444
2023-05-23 02:00:00+00:00,19916
2023-05-23 03:00:00+00:00,20184
2023-05-23 04:00:00+00:00,20796
2023-05-23 05:00:00+00:00,23276
2023-05-23 06:00:00+00:00,25448
2023-05-23 07:00:00+00:00,26740
2023-05-23 08:00:00+00:00,26908
2023-05-23 09:00:00+00:00,26888
2023-05-23 10:00:00+00:00,27048
2023-05-23 11:00:00+00:00,27236
2023-05-23 12:00:00+00:00,27304
2023-05-23 13:00:00+00:00,26552
2023-05-23 14:00:00+00:00,25976
2023-05-23 15:00:00+00:00,25528
2023-05-23 16:00:00+00:00,25968
2023-05-23 17:00:00+00:00,26132
2023-05-23 18:00:00+00:00,26904
2023-05-23 19:00:00+00:00,27644
2023-05-23 20:00:00+00:00,27884
2023-05-23 21:00:00+00:00,25244
2023-05-23 22:00:00+00:00,23020
2023-05-23 23:00:00+00:00,21828
2023-05-24 00:00:00+00:00,20820
2023-05-24 01:00:00+00:00,19944
2023-05-24 02:00:00+00:00,19852
2023-05-24 03:00:00+00:00,20028
2023-05-24 04:00:00+00:00,20712
2023-05-24 05:00:00+00:00,23140
2023-05-24 06:00:00+00:00,25444
2023-05-24 07:00:00+00:00,26428
2023-05-24 08:00:00+00:00,26676
2023-05-24 09:00:00+00:00,26616
2023-05-24 10:00:00+00:00,26540
2023-05-24 11:00:00+00:00,27140
2023-05-24 12:00:00+00:00,27128
2023-05-24 13:00:00+00:00,26264
2023-05-24 14:00:00+00:00,25712
2023-05-24 15:00:00+00:00,25496
2023-05-24 16:00:00+00:00,25784
2023-05-24 17:00:00+00:00,25856
2023-05-24 18:00:00+00:00,26708
2023-05-24 19:00:00+00:00,27624
2023-05-24 20:00:00+00:00,28204
2023-05-24 21:00:00+00:00,25372
2023-05-24 22:00:00+00:00,23084
2023-05-24 23:00:00+00:00,21772
2023-05-25 00:00:00+00:00,20968
2023-05-25 01:00:00+00:00,20276
2023-05-25 02:00:00+00:00,19992
2023-05-25 03:00:00+00:00,19984
2023-05-25 04:00:00+00:00,20624
2023-05-25 05:00:00+00:00,22968
2023-05-25 06:00:00+00:00,25312
2023-05-25 07:00:00+00:00,26116
2023-05-25 08:00:00+00:00,26536
2023-05-25 09:00:00+00:00,26636
2023-05-25 10:00:00+00:00,26696
2023-05-25 11:00:00+00:00,27072
2023-05-25 12:00:00+00:00,26920
2023-05-25 13:00:00+00:00,26736
2023-05-25 14:00:00+00:00,25940
2023-05-25 15:00:00+00:00,25980
2023-05-25 16:00:00+00:00,26244
2023-05-25 17:00:00+00:00,26232
2023-05-25 18:00:00+00:00,26732
2023-05-25 19:00:00+00:00,27240
2023-05-25 20:00:00+00:00,27316
2023-05-25 21:00:00+00:00,25048
2023-05-25 22:00:00+00:00,22708
2023-05-25 23:00:00+00:00,21524
2023-05-26 00:00:00+00:00,20636
2023-05-26 01:00:00+00:00,19972
2023-05-26 02:00:00+00:00,19532
2023-05-26 03:00:00+00:00,19744
2023-05-26 04:00:00+00:00,20500
2023-05-26 05:00:00+00:00,22772
2023-05-26 06:00:00+00:00,25324
2023-05-26 07:00:00+00:00,26364
2023-05-26 08:00:00+00:00,26864
2023-05-26 09:00:00+00:00,26744
2023-05-26 10:00:00+00:00,26664
2023-05-26 11:00:00+00:00,26596
2023-05-26 12:00:00+00:00,26232
2023-05-26 13:00:00+00:00,25764
2023-05-26 14:00:00+00:00,24752
2023-05-26 15:00:00+00:00,24516
2023-05-26 16:00:00+00:00,25012
2023-05-26 17:00:00+00:00,24968
2023-05-26 18:00:00+00:00,25240
2023-05-26 19:00:00+00:00,25860
2023-05-26 20:00:00+00:00,26316
2023-05-26 21:00:00+00:00,24344
2023-05-26 22:00:00+00:00,22452
2023-05-26 23:00:00+00:00,21232
2023-05-27 00:00:00+00:00,20140
2023-05-27 01:00:00+00:00,19348
2023-05-27 02:00:00+00:00,18876
2023-05-27 03:00:00+00:00,18672
2023-05-27 04:00:00+00:00,18612
2023-05-27 05:00:00+00:00,18532
2023-05-27 06:00:00+00:00,19388
2023-05-27 07:00:00+00:00,20744
2023-05-27 08:00:00+00:00,22364
2023-05-27 09:00:00+00:00,22980
2023-05-27 10:00:00+00:00,23040
2023-05-27 11:00:00+00:00,22948
2023-05-27 12:00:00+00:00,23288
2023-05-27 13:00:00+00:00,22184
2023-05-27 14:00:00+00:00,21244
2023-05-27 15:00:00+00:00,20768
2023-05-27 16:00:00+00:00,20864
2023-05-27 17:00:00+00:00,21224
2023-05-27 18:00:00+00:00,21628
2023-05-27 19:00:00+00:00,22492
2023-05-27 20:00:00+00:00,24012
2023-05-27 21:00:00+00:00,22300
2023-05-27 22:00:00+00:00,20720
2023-05-27 23:00:00+00:00,19412
2023-05-28 00:00:00+00:00,18336
2023-05-28 01:00:00+00:00,17548
2023-05-28 02:00:00+00:00,17152
2023-05-28 03:00:00+00:00,16936
2023-05-28 04:00:00+00:00,17048
2023-05-28 05:00:00+00:00,16660
2023-05-28 06:00:00+00:00,17204
2023-05-28 07:00:00+00:00,18304
2023-05-28 08:00:00+00:00,19632
2023-05-28 09:00:00+00:00,20380
2023-05-28 10:00:00+00:00,20472
2023-05-28 11:00:00+00:00,20692
2023-05-28 12:00:00+00:00,21028
2023-05-28 13:00:00+00:00,20248
2023-05-28 14:00:00+00:00,19368
2023-05-28 15:00:00+00:00,18896
2023-05-28 16:00:00+00:00,19372
2023-05-28 17:00:00+00:00,20008
2023-05-28 18:00:00+00:00,21144
2023-05-28 19:00:00+00:00,22204
2023-05-28 20:00:00+00:00,23612
2023-05-28 21:00:00+00:00,22556
2023-05-28 22:00:00+00:00,20708
2023-05-28 23:00:00+00:00,19216
2023-05-29 00:00:00+00:00,18204
2023-05-29 01:00:00+00:00,17680
2023-05-29 02:00:00+00:00,17604
2023-05-29 03:00:00+00:00,17824
2023-05-29 04:00:00+00:00,18872
2023-05-29 05:00:00+00:00,21392
2023-05-29 06:00:00+00:00,23916
2023-05-29 07:00:00+00:00,25324
2023-05-29 08:00:00+00:00,25612
2023-05-29 09:00:00+00:00,25556
2023-05-29 10:00:00+00:00,25732
2023-05-29 11:00:00+00:00,26080
2023-05-29 12:00:00+00:00,26052
2023-05-29 13:00:00+00:00,25516
2023-05-29 14:00:00+00:00,25152
2023-05-29 15:00:00+00:00,24880
2023-05-29 16:00:00+00:00,25160
2023-05-29 17:00:00+00:00,25452
2023-05-29 18:00:00+00:00,26320
2023-05-29 19:00:00+00:00,27140
2023-05-29 20:00:00+00:00,27404
2023-05-29 21:00:00+00:00,24836
2023-05-29 22:00:00+00:00,22484
2023-05-29 23:00:00+00:00,21476
2023-05-30 00:00:00+00:00,20436
2023-05-30 01:00:00+00:00,19836
2023-05-30 02:00:00+00:00,19384
2023-05-30 03:00:00+00:00,19520
2023-05-30 04:00:00+00:00,20388
2023-05-30 05:00:00+00:00,22540
2023-05-30 06:00:00+00:00,25160
2023-05-30 07:00:00+00:00,26196
2023-05-30 08:00:00+00:00,26480
2023-05-30 09:00:00+00:00,26552
2023-05-30 10:00:00+00:00,26312
2023-05-30 11:00:00+00:00,26860
2023-05-30 12:00:00+00:00,26860
2023-05-30 13:00:00+00:00,26268
2023-05-30 14:00:00+00:00,25696
2023-05-30 15:00:00+00:00,25580
2023-05-30 16:00:00+00:00,25872
2023-05-30 17:00:00+00:00,26244
2023-05-30 18:00:00+00:00,26828
2023-05-30 19:00:00+00:00,27440
2023-05-30 20:00:00+00:00,27484
2023-05-30 21:00:00+00:00,25328
2023-05-30 22:00:00+00:00,22968
2023-05-30 23:00:00+00:00,21868
2023-05-31 00:00:00+00:00,20652
2023-05-31 01:00:00+00:00,19964
2023-05-31 02:00:00+00:00,19684
2023-05-31 03:00:00+00:00,19800
2023-05-31 04:00:00+00:00,20596
2023-05-31 05:00:00+00:00,22720
2023-05-31 06:00:00+00:00,24868
2023-05-31 07:00:00+00:00,25868
2023-05-31 08:00:00+00:00,26480
2023-05-31 09:00:00+00:00,26668
2023-05-31 10:00:00+00:00,26868
2023-05-31 11:00:00+00:00,27076
2023-05-31 12:00:00+00:00,27172
2023-05-31 13:00:00+00:00,26284
2023-05-31 14:00:00+00:00,26088
2023-05-31 15:00:00+00:00,25768
2023-05-31 16:00:00+00:00,25524
2023-05-31 17:00:00+00:00,25988
2023-05-31 18:00:00+00:00,26744
2023-05-31 19:00:00+00:00,27436
2023-05-31 20:00:00+00:00,27720
2023-05-31 21:00:00+00:00,25340
2023-05-31 22:00:00+00:00,23132
2023-05-31 23:00:00+00:00,21988
2023-06-01 00:00:00+00:00,20932
2023-06-01 01:00:00+00:00,20400
2023-06-01 02:00:00+00:00,20000
2023-06-01 03:00:00+00:00,20048
2023-06-01 04:00:00+00:00,20656
2023-06-01 05:00:00+00:00,22804
2023-06-01 06:00:00+00:00,25472
2023-06-01 07:00:00+00:00,26972
2023-06-01 08:00:00+00:00,27204
2023-06-01 09:00:00+00:00,27644
2023-06-01 10:00:00+00:00,27724
2023-06-01 11:00:00+00:00,27936
2023-06-01 12:00:00+00:00,27916
2023-06-01 13:00:00+00:00,27524
2023-06-01 14:00:00+00:00,27060
2023-06-01 15:00:00+00:00,26584
2023-06-01 16:00:00+00:00,26568
2023-06-01 17:00:00+00:00,26840
2023-06-01 18:00:00+00:00,27520
2023-06-01 19:00:00+00:00,28340
2023-06-01 20:00:00+00:00,28240
2023-06-01 21:00:00+00:00,26092
2023-06-01 22:00:00+00:00,23892
2023-06-01 23:00:00+00:00,22460
2023-06-02 00:00:00+00:00,21624
2023-06-02 01:00:00+00:00,20812
2023-06-02 02:00:00+00:00,20736
2023-06-02 03:00:00+00:00,20852
2023-06-02 04:00:00+00:00,21632
2023-06-02 05:00:00+00:00,23524
2023-06-02 06:00:00+00:00,25760
2023-06-02 07:00:00+00:00,26988
2023-06-02 08:00:00+00:00,27284
2023-06-02 09:00:00+00:00,27288
2023-06-02 10:00:00+00:00,27356
2023-06-02 11:00:00+00:00,27564
2023-06-02 12:00:00+00:00,27424
2023-06-02 13:00:00+00:00,26816
2023-06-02 14:00:00+00:00,26396
2023-06-02 15:00:00+00:00,25956
2023-06-02 16:00:00+00:00,26208
2023-06-02 17:00:00+00:00,26456
2023-06-02 18:00:00+00:00,27028
2023-06-02 19:00:00+00:00,27328
2023-06-02 20:00:00+00:00,27552
2023-06-02 21:00:00+00:00,25668
2023-06-02 22:00:00+00:00,23592
2023-06-02 23:00:00+00:00,22172
2023-06-03 00:00:00+00:00,20920
2023-06-03 01:00:00+00:00,20284
2023-06-03 02:00:00+00:00,19848
2023-06-03 03:00:00+00:00,19724
2023-06-03 04:00:00+00:00,19592
2023-06-03 05:00:00+00:00,19496
2023-06-03 06:00:00+00:00,20496
2023-06-03 07:00:00+00:00,21668
2023-06-03 08:00:00+00:00,22760
2023-06-03 09:00:00+00:00,23180
2023-06-03 10:00:00+00:00,23148
2023-06-03 11:00:00+00:00,23332
2023-06-03 12:00:00+00:00,23768
2023-06-03 13:00:00+00:00,22888
2023-06-03 14:00:00+00:00,22012
2023-06-03 15:00:00+00:00,21540
2023-06-03 16:00:00+00:00,21848
2023-06-03 17:00:00+00:00,22272
2023-06-03 18:00:00+00:00,22940
2023-06-03 19:00:00+00:00,23772
2023-06-03 20:00:00+00:00,24580
2023-06-03 21:00:00+00:00,23276
2023-06-03 22:00:00+00:00,21600
2023-06-03 23:00:00+00:00,20404
2023-06-04 00:00:00+00:00,19360
2023-06-04 01:00:00+00:00,18544
2023-06-04 02:00:00+00:00,18176
2023-06-04 03:00:00+00:00,17924
2023-06-04 04:00:00+00:00,18020
2023-06-04 05:00:00+00:00,17668
2023-06-04 06:00:00+00:00,18044
2023-06-04 07:00:00+00:00,18920
2023-06-04 08:00:00+00:00,20300
2023-06-04 09:00:00+00:00,20812
2023-06-04 10:00:00+00:00,20864
2023-06-04 11:00:00+00:00,21008
2023-06-04 12:00:00+00:00,21800
2023-06-04 13:00:00+00:00,21036
2023-06-04 14:00:00+00:00,20500
2023-06-04 15:00:00+00:00,20144
2023-06-04 16:00:00+00:00,20540
2023-06-04 17:00:00+00:00,21156
2023-06-04 18:00:00+00:00,21924
2023-06-04 19:00:00+00:00,23152
2023-06-04 20:00:00+00:00,24496
2023-06-04 21:00:00+00:00,23608
2023-06-04 22:00:00+00:00,21756
2023-06-04 23:00:00+00:00,20296
2023-06-05 00:00:00+00:00,19436
2023-06-05 01:00:00+00:00,18948
2023-06-05 02:00:00+00:00,18736
2023-06-05 03:00:00+00:00,18908
2023-06-05 04:00:00+00:00,19960
2023-06-05 05:00:00+00:00,22332
2023-06-05 06:00:00+00:00,24608
2023-06-05 07:00:00+00:00,26004
2023-06-05 08:00:00+00:00,26032
2023-06-05 09:00:00+00:00,26276
2023-06-05 10:00:00+00:00,26580
2023-06-05 11:00:00+00:00,26916
2023-06-05 12:00:00+00:00,27212
2023-06-05 13:00:00+00:00,26740
2023-06-05 14:00:00+00:00,26264
2023-06-05 15:00:00+00:00,26436
2023-06-05 16:00:00+00:00,26704
2023-06-05 17:00:00+00:00,27012
2023-06-05 18:00:00+00:00,27816
2023-06-05 19:00:00+00:00,28532
2023-06-05 20:00:00+00:00,28268
2023-06-05 21:00:00+00:00,25928
2023-06-05 22:00:00+00:00,23932
2023-06-05 23:00:00+00:00,22592
2023-06-06 00:00:00+00:00,21480
2023-06-06 01:00:00+00:00,21020
2023-06-06 02:00:00+00:00,20776
2023-06-06 03:00:00+00:00,20792
2023-06-06 04:00:00+00:00,21608
2023-06-06 05:00:00+00:00,23648
2023-06-06 06:00:00+00:00,25824
2023-06-06 07:00:00+00:00,27040
2023-06-06 08:00:00+00:00,27284
2023-06-06 09:00:00+00:00,27348
2023-06-06 10:00:00+00:00,27364
2023-06-06 11:00:00+00:00,27496
2023-06-06 12:00:00+00:00,27572
2023-06-06 13:00:00+00:00,27020
2023-06-06 14:00:00+00:00,26604
2023-06-06 15:00:00+00:00,26796
2023-06-06 16:00:00+00:00,27300
2023-06-06 17:00:00+00:00,27536
2023-06-06 18:00:00+00:00,28288
2023-06-06 19:00:00+00:00,29104
2023-06-06 20:00:00+00:00,28932
2023-06-06 21:00:00+00:00,26744
2023-06-06 22:00:00+00:00,24204
2023-06-06 23:00:00+00:00,23228
2023-06-07 00:00:00+00:00,22068
2023-06-07 01:00:00+00:00,21568
2023-06-07 02:00:00+00:00,21172
2023-06-07 03:00:00+00:00,21360
2023-06-07 04:00:00+00:00,22264
2023-06-07 05:00:00+00:00,24376
2023-06-07 06:00:00+00:00,26744
2023-06-07 07:00:00+00:00,28144
2023-06-07 08:00:00+00:00,28624
2023-06-07 09:00:00+00:00,28900
2023-06-07 10:00:00+00:00,29228
2023-06-07 11:00:00+00:00,29712
2023-06-07 12:00:00+00:00,29716
2023-06-07 13:00:00+00:00,28596
2023-06-07 14:00:00+00:00,28288
2023-06-07 15:00:00+00:00,27564
2023-06-07 16:00:00+00:00,27544
2023-06-07 17:00:00+00:00,27596
2023-06-07 18:00:00+00:00,28148
2023-06-07 19:00:00+00:00,28880
2023-06-07 20:00:00+00:00,28680
2023-06-07 21:00:00+00:00,26544
2023-06-07 22:00:00+00:00,24012
2023-06-07 23:00:00+00:00,22876
2023-06-08 00:00:00+00:00,21908
2023-06-08 01:00:00+00:00,21264
2023-06-08 02:00:00+00:00,20956
2023-06-08 03:00:00+00:00,21052
2023-06-08 04:00:00+00:00,21744
2023-06-08 05:00:00+00:00,23628
2023-06-08 06:00:00+00:00,26496
2023-06-08 07:00:00+00:00,27716
2023-06-08 08:00:00+00:00,28184
2023-06-08 09:00:00+00:00,28496
2023-06-08 10:00:00+00:00,28680
2023-06-08 11:00:00+00:00,28936
2023-06-08 12:00:00+00:00,29056
2023-06-08 13:00:00+00:00,28332
2023-06-08 14:00:00+00:00,27684
2023-06-08 15:00:00+00:00,27512
2023-06-08 16:00:00+00:00,27548
2023-06-08 17:00:00+00:00,27672
2023-06-08 18:00:00+00:00,28272
2023-06-08 19:00:00+00:00,29164
2023-06-08 20:00:00+00:00,28856
2023-06-08 21:00:00+00:00,27012
2023-06-08 22:00:00+00:00,24560
2023-06-08 23:00:00+00:00,23044
2023-06-09 00:00:00+00:00,22084
2023-06-09 01:00:00+00:00,21356
2023-06-09 02:00:00+00:00,20976
2023-06-09 03:00:00+00:00,20912
2023-06-09 04:00:00+00:00,21696
2023-06-09 05:00:00+00:00,23420
2023-06-09 06:00:00+00:00,26052
2023-06-09 07:00:00+00:00,27292
2023-06-09 08:00:00+00:00,27852
2023-06-09 09:00:00+00:00,27944
2023-06-09 10:00:00+00:00,28152
2023-06-09 11:00:00+00:00,28352
2023-06-09 12:00:00+00:00,28016
2023-06-09 13:00:00+00:00,27344
2023-06-09 14:00:00+00:00,26716
2023-06-09 15:00:00+00:00,26552
2023-06-09 16:00:00+00:00,26608
2023-06-09 17:00:00+00:00,27016
2023-06-09 18:00:00+00:00,27408
2023-06-09 19:00:00+00:00,27572
2023-06-09 20:00:00+00:00,27828
2023-06-09 21:00:00+00:00,26108
2023-06-09 22:00:00+00:00,23936
2023-06-09 23:00:00+00:00,22800
2023-06-10 00:00:00+00:00,21544
2023-06-10 01:00:00+00:00,20708
2023-06-10 02:00:00+00:00,20096
2023-06-10 03:00:00+00:00,19984
2023-06-10 04:00:00+00:00,19768
2023-06-10 05:00:00+00:00,19804
2023-06-10 06:00:00+00:00,20720
2023-06-10 07:00:00+00:00,21904
2023-06-10 08:00:00+00:00,23304
2023-06-10 09:00:00+00:00,23904
2023-06-10 10:00:00+00:00,24028
2023-06-10 11:00:00+00:00,24388
2023-06-10 12:00:00+00:00,24620
2023-06-10 13:00:00+00:00,23772
2023-06-10 14:00:00+00:00,22796
2023-06-10 15:00:00+00:00,22500
2023-06-10 16:00:00+00:00,22708
2023-06-10 17:00:00+00:00,23188
2023-06-10 18:00:00+00:00,23824
2023-06-10 19:00:00+00:00,24476
2023-06-10 20:00:00+00:00,25116
2023-06-10 21:00:00+00:00,23884
2023-06-10 22:00:00+00:00,22360
2023-06-10 23:00:00+00:00,20916
2023-06-11 00:00:00+00:00,19860
2023-06-11 01:00:00+00:00,18984
2023-06-11 02:00:00+00:00,18544
2023-06-11 03:00:00+00:00,18360
2023-06-11 04:00:00+00:00,18348
2023-06-11 05:00:00+00:00,17952
2023-06-11 06:00:00+00:00,18312
2023-06-11 07:00:00+00:00,19472
2023-06-11 08:00:00+00:00,20652
2023-06-11 09:00:00+00:00,21552
2023-06-11 10:00:00+00:00,21864
2023-06-11 11:00:00+00:00,22488
2023-06-11 12:00:00+00:00,22896
2023-06-11 13:00:00+00:00,22420
2023-06-11 14:00:00+00:00,21460
2023-06-11 15:00:00+00:00,21260
2023-06-11 16:00:00+00:00,21672
2023-06-11 17:00:00+00:00,22524
2023-06-11 18:00:00+00:00,23248
2023-06-11 19:00:00+00:00,23820
2023-06-11 20:00:00+00:00,24876
2023-06-11 21:00:00+00:00,24008
2023-06-11 22:00:00+00:00,22200
2023-06-11 23:00:00+00:00,20768
2023-06-12 00:00:00+00:00,19916
2023-06-12 01:00:00+00:00,19492
2023-06-12 02:00:00+00:00,19224
2023-06-12 03:00:00+00:00,19356
2023-06-12 04:00:00+00:00,20300
2023-06-12 05:00:00+00:00,23092
2023-06-12 06:00:00+00:00,25624
2023-06-12 07:00:00+00:00,26972
2023-06-12 08:00:00+00:00,27640
2023-06-12 09:00:00+00:00,27916
2023-06-12 10:00:00+00:00,28232
2023-06-12 11:00:00+00:00,28600
2023-06-12 12:00:00+00:00,28528
2023-06-12 13:00:00+00:00,28208
2023-06-12 14:00:00+00:00,27864
2023-06-12 15:00:00+00:00,27676
2023-06-12 16:00:00+00:00,27984
2023-06-12 17:00:00+00:00,27388
2023-06-12 18:00:00+00:00,28236
2023-06-12 19:00:00+00:00,28732
2023-06-12 20:00:00+00:00,28592
2023-06-12 21:00:00+00:00,26512
2023-06-12 22:00:00+00:00,24284
2023-06-12 23:00:00+00:00,23068
2023-06-13 00:00:00+00:00,22040
2023-06-13 01:00:00+00:00,21504
2023-06-13 02:00:00+00:00,21224
2023-06-13 03:00:00+00:00,21140
2023-06-13 04:00:00+00:00,21880
2023-06-13 05:00:00+00:00,23904
2023-06-13 06:00:00+00:00,26320
2023-06-13 07:00:00+00:00,27672
2023-06-13 08:00:00+00:00,28340
2023-06-13 09:00:00+00:00,28248
2023-06-13 10:00:00+00:00,28772
2023-06-13 11:00:00+00:00,29380
2023-06-13 12:00:00+00:00,29280
2023-06-13 13:00:00+00:00,28560
2023-06-13 14:00:00+00:00,27932
2023-06-13 15:00:00+00:00,27576
2023-06-13 16:00:00+00:00,27468
2023-06-13 17:00:00+00:00,27448
2023-06-13 18:00:00+00:00,28056
2023-06-13 19:00:00+00:00,28444
2023-06-13 20:00:00+00:00,28108
2023-06-13 21:00:00+00:00,26292
2023-06-13 22:00:00+00:00,23960
2023-06-13 23:00:00+00:00,22900
2023-06-14 00:00:00+00:00,21836
2023-06-14 01:00:00+00:00,21272
2023-06-14 02:00:00+00:00,20888
2023-06-14 03:00:00+00:00,20800
2023-06-14 04:00:00+00:00,21772
2023-06-14 05:00:00+00:00,23836
2023-06-14 06:00:00+00:00,26548
2023-06-14 07:00:00+00:00,27776
2023-06-14 08:00:00+00:00,28292
2023-06-14 09:00:00+00:00,28308
2023-06-14 10:00:00+00:00,28328
2023-06-14 11:00:00+00:00,29188
2023-06-14 12:00:00+00:00,29236
2023-06-14 13:00:00+00:00,28628
2023-06-14 14:00:00+00:00,27860
2023-06-14 15:00:00+00:00,28140
2023-06-14 16:00:00+00:00,28392
2023-06-14 17:00:00+00:00,28368
2023-06-14 18:00:00+00:00,28828
2023-06-14 19:00:00+00:00,29396
2023-06-14 20:00:00+00:00,29304
2023-06-14 21:00:00+00:00,27540
2023-06-14 22:00:00+00:00,25036
2023-06-14 23:00:00+00:00,23828
2023-06-15 00:00:00+00:00,22556
2023-06-15 01:00:00+00:00,21788
2023-06-15 02:00:00+00:00,21404
2023-06-15 03:00:00+00:00,21420
2023-06-15 04:00:00+00:00,22088
2023-06-15 05:00:00+00:00,24156
2023-06-15 06:00:00+00:00,26580
2023-06-15 07:00:00+00:00,27716
2023-06-15 08:00:00+00:00,28308
2023-06-15 09:00:00+00:00,28652
2023-06-15 10:00:00+00:00,28636
2023-06-15 11:00:00+00:00,29296
2023-06-15 12:00:00+00:00,29520
2023-06-15 13:00:00+00:00,28920
2023-06-15 14:00:00+00:00,28576
2023-06-15 15:00:00+00:00,28764
2023-06-15 16:00:00+00:00,29284
2023-06-15 17:00:00+00:00,29272
2023-06-15 18:00:00+00:00,29700
2023-06-15 19:00:00+00:00,30016
2023-06-15 20:00:00+00:00,29732
2023-06-15 21:00:00+00:00,27884
2023-06-15 22:00:00+00:00,25424
2023-06-15 23:00:00+00:00,24128
2023-06-16 00:00:00+00:00,22840
2023-06-16 01:00:00+00:00,21992
2023-06-16 02:00:00+00:00,21852
2023-06-16 03:00:00+00:00,21796
2023-06-16 04:00:00+00:00,22408
2023-06-16 05:00:00+00:00,24416
2023-06-16 06:00:00+00:00,26900
2023-06-16 07:00:00+00:00,28052
2023-06-16 08:00:00+00:00,28808
2023-06-16 09:00:00+00:00,29148
2023-06-16 10:00:00+00:00,29560
2023-06-16 11:00:00+00:00,30008
2023-06-16 12:00:00+00:00,30304
2023-06-16 13:00:00+00:00,29752
2023-06-16 14:00:00+00:00,29440
2023-06-16 15:00:00+00:00,29476
2023-06-16 16:00:00+00:00,29816
2023-06-16 17:00:00+00:00,29704
2023-06-16 18:00:00+00:00,29816
2023-06-16 19:00:00+00:00,29660
2023-06-16 20:00:00+00:00,29232
2023-06-16 21:00:00+00:00,27516
2023-06-16 22:00:00+00:00,25512
2023-06-16 23:00:00+00:00,24532
2023-06-17 00:00:00+00:00,22992
2023-06-17 01:00:00+00:00,22036
2023-06-17 02:00:00+00:00,21616
2023-06-17 03:00:00+00:00,21172
2023-06-17 04:00:00+00:00,21104
2023-06-17 05:00:00+00:00,21112
2023-06-17 06:00:00+00:00,21936
2023-06-17 07:00:00+00:00,23340
2023-06-17 08:00:00+00:00,24868
2023-06-17 09:00:00+00:00,25688
2023-06-17 10:00:00+00:00,25976
2023-06-17 11:00:00+00:00,26320
2023-06-17 12:00:00+00:00,26812
2023-06-17 13:00:00+00:00,26232
2023-06-17 14:00:00+00:00,25460
2023-06-17 15:00:00+00:00,25380
2023-06-17 16:00:00+00:00,25828
2023-06-17 17:00:00+00:00,26040
2023-06-17 18:00:00+00:00,26308
2023-06-17 19:00:00+00:00,26360
2023-06-17 20:00:00+00:00,26692
2023-06-17 21:00:00+00:00,25520
2023-06-17 22:00:00+00:00,23740
2023-06-17 23:00:00+00:00,22236
2023-06-18 00:00:00+00:00,21156
2023-06-18 01:00:00+00:00,20160
2023-06-18 02:00:00+00:00,19824
2023-06-18 03:00:00+00:00,19600
2023-06-18 04:00:00+00:00,19444
2023-06-18 05:00:00+00:00,19024
2023-06-18 06:00:00+00:00,19496
2023-06-18 07:00:00+00:00,20588
2023-06-18 08:00:00+00:00,21724
2023-06-18 09:00:00+00:00,22924
2023-06-18 10:00:00+00:00,23236
2023-06-18 11:00:00+00:00,23728
2023-06-18 12:00:00+00:00,24404
2023-06-18 13:00:00+00:00,23580
2023-06-18 14:00:00+00:00,22784
2023-06-18 15:00:00+00:00,22628
2023-06-18 16:00:00+00:00,22848
2023-06-18 17:00:00+00:00,23192
2023-06-18 18:00:00+00:00,23892
2023-06-18 19:00:00+00:00,24880
2023-06-18 20:00:00+00:00,26116
2023-06-18 21:00:00+00:00,25408
2023-06-18 22:00:00+00:00,23840
2023-06-18 23:00:00+00:00,22200
2023-06-19 00:00:00+00:00,21120
2023-06-19 01:00:00+00:00,20544
2023-06-19 02:00:00+00:00,20188
2023-06-19 03:00:00+00:00,20352
2023-06-19 04:00:00+00:00,21188
2023-06-19 05:00:00+00:00,23540
2023-06-19 06:00:00+00:00,26076
2023-06-19 07:00:00+00:00,28056
2023-06-19 08:00:00+00:00,29052
2023-06-19 09:00:00+00:00,29600
2023-06-19 10:00:00+00:00,29632
2023-06-19 11:00:00+00:00,29884
2023-06-19 12:00:00+00:00,30000
2023-06-19 13:00:00+00:00,29748
2023-06-19 14:00:00+00:00,28936
2023-06-19 15:00:00+00:00,28928
2023-06-19 16:00:00+00:00,29272
2023-06-19 17:00:00+00:00,29128
2023-06-19 18:00:00+00:00,29416
2023-06-19 19:00:00+00:00,29700
2023-06-19 20:00:00+00:00,29556
2023-06-19 21:00:00+00:00,27716
2023-06-19 22:00:00+00:00,25300
2023-06-19 23:00:00+00:00,24236
2023-06-20 00:00:00+00:00,23152
2023-06-20 01:00:00+00:00,22456
2023-06-20 02:00:00+00:00,21952
2023-06-20 03:00:00+00:00,22176
2023-06-20 04:00:00+00:00,22812
2023-06-20 05:00:00+00:00,24888
2023-06-20 06:00:00+00:00,27076
2023-06-20 07:00:00+00:00,28672
2023-06-20 08:00:00+00:00,29304
2023-06-20 09:00:00+00:00,29504
2023-06-20 10:00:00+00:00,29952
2023-06-20 11:00:00+00:00,30316
2023-06-20 12:00:00+00:00,30556
2023-06-20 13:00:00+00:00,29996
2023-06-20 14:00:00+00:00,29372
2023-06-20 15:00:00+00:00,29652
2023-06-20 16:00:00+00:00,30048
2023-06-20 17:00:00+00:00,29900
2023-06-20 18:00:00+00:00,29968
2023-06-20 19:00:00+00:00,29992
2023-06-20 20:00:00+00:00,29788
2023-06-20 21:00:00+00:00,27940
2023-06-20 22:00:00+00:00,25644
2023-06-20 23:00:00+00:00,24552
2023-06-21 00:00:00+00:00,23456
2023-06-21 01:00:00+00:00,22732
2023-06-21 02:00:00+00:00,22360
2023-06-21 03:00:00+00:00,22372
2023-06-21 04:00:00+00:00,23028
2023-06-21 05:00:00+00:00,25016
2023-06-21 06:00:00+00:00,27576
2023-06-21 07:00:00+00:00,29020
2023-06-21 08:00:00+00:00,29500
2023-06-21 09:00:00+00:00,30088
2023-06-21 10:00:00+00:00,30480
2023-06-21 11:00:00+00:00,30976
2023-06-21 12:00:00+00:00,31152
2023-06-21 13:00:00+00:00,30868
2023-06-21 14:00:00+00:00,30404
2023-06-21 15:00:00+00:00,30136
2023-06-21 16:00:00+00:00,30452
2023-06-21 17:00:00+00:00,30288
2023-06-21 18:00:00+00:00,29848
2023-06-21 19:00:00+00:00,29772
2023-06-21 20:00:00+00:00,29472
2023-06-21 21:00:00+00:00,27672
2023-06-21 22:00:00+00:00,25364
2023-06-21 23:00:00+00:00,24148
2023-06-22 00:00:00+00:00,22980
2023-06-22 01:00:00+00:00,22216
2023-06-22 02:00:00+00:00,21892
2023-06-22 03:00:00+00:00,21968
2023-06-22 04:00:00+00:00,22512
2023-06-22 05:00:00+00:00,24540
2023-06-22 06:00:00+00:00,27072
2023-06-22 07:00:00+00:00,28376
2023-06-22 08:00:00+00:00,28912
2023-06-22 09:00:00+00:00,29328
2023-06-22 10:00:00+00:00,29756
2023-06-22 11:00:00+00:00,30404
2023-06-22 12:00:00+00:00,30476
2023-06-22 13:00:00+00:00,30304
2023-06-22 14:00:00+00:00,29880
2023-06-22 15:00:00+00:00,29892
2023-06-22 16:00:00+00:00,30208
2023-06-22 17:00:00+00:00,30104
2023-06-22 18:00:00+00:00,30260
2023-06-22 19:00:00+00:00,30260
2023-06-22 20:00:00+00:00,30040
2023-06-22 21:00:00+00:00,28892
2023-06-22 22:00:00+00:00,26448
2023-06-22 23:00:00+00:00,24972
2023-06-23 00:00:00+00:00,23752
2023-06-23 01:00:00+00:00,22720
2023-06-23 02:00:00+00:00,22428
2023-06-23 03:00:00+00:00,22188
2023-06-23 04:00:00+00:00,22740
2023-06-23 05:00:00+00:00,24448
2023-06-23 06:00:00+00:00,26888
2023-06-23 07:00:00+00:00,28380
2023-06-23 08:00:00+00:00,29492
2023-06-23 09:00:00+00:00,30028
2023-06-23 10:00:00+00:00,30176
2023-06-23 11:00:00+00:00,30676
2023-06-23 12:00:00+00:00,30756
2023-06-23 13:00:00+00:00,30048
2023-06-23 14:00:00+00:00,29228
2023-06-23 15:00:00+00:00,29168
2023-06-23 16:00:00+00:00,29676
2023-06-23 17:00:00+00:00,29768
2023-06-23 18:00:00+00:00,29756
2023-06-23 19:00:00+00:00,29240
2023-06-23 20:00:00+00:00,28492
2023-06-23 21:00:00+00:00,27048
2023-06-23 22:00:00+00:00,25260
2023-06-23 23:00:00+00:00,24284
2023-06-24 00:00:00+00:00,23200
2023-06-24 01:00:00+00:00,21988
2023-06-24 02:00:00+00:00,21424
2023-06-24 03:00:00+00:00,20916
2023-06-24 04:00:00+00:00,20888
2023-06-24 05:00:00+00:00,20720
2023-06-24 06:00:00+00:00,21280
2023-06-24 07:00:00+00:00,22352
2023-06-24 08:00:00+00:00,23700
2023-06-24 09:00:00+00:00,24584
2023-06-24 10:00:00+00:00,24992
2023-06-24 11:00:00+00:00,25560
2023-06-24 12:00:00+00:00,26228
2023-06-24 13:00:00+00:00,25896
2023-06-24 14:00:00+00:00,25280
2023-06-24 15:00:00+00:00,25136
2023-06-24 16:00:00+00:00,25700
2023-06-24 17:00:00+00:00,26240
2023-06-24 18:00:00+00:00,26876
2023-06-24 19:00:00+00:00,26880
2023-06-24 20:00:00+00:00,27224
2023-06-24 21:00:00+00:00,26344
2023-06-24 22:00:00+00:00,24708
2023-06-24 23:00:00+00:00,23272
2023-06-25 00:00:00+00:00,22024
2023-06-25 01:00:00+00:00,20984
2023-06-25 02:00:00+00:00,20492
2023-06-25 03:00:00+00:00,20184
2023-06-25 04:00:00+00:00,20112
2023-06-25 05:00:00+00:00,19660
2023-06-25 06:00:00+00:00,20012
2023-06-25 07:00:00+00:00,20792
2023-06-25 08:00:00+00:00,22076
2023-06-25 09:00:00+00:00,22776
2023-06-25 10:00:00+00:00,23632
2023-06-25 11:00:00+00:00,24376
2023-06-25 12:00:00+00:00,25456
2023-06-25 13:00:00+00:00,25484
2023-06-25 14:00:00+00:00,24852
2023-06-25 15:00:00+00:00,24968
2023-06-25 16:00:00+00:00,25636
2023-06-25 17:00:00+00:00,26424
2023-06-25 18:00:00+00:00,27316
2023-06-25 19:00:00+00:00,27776
2023-06-25 20:00:00+00:00,28952
2023-06-25 21:00:00+00:00,28596
2023-06-25 22:00:00+00:00,26340
2023-06-25 23:00:00+00:00,24436
2023-06-26 00:00:00+00:00,23160
2023-06-26 01:00:00+00:00,22276
2023-06-26 02:00:00+00:00,21804
2023-06-26 03:00:00+00:00,21900
2023-06-26 04:00:00+00:00,22676
2023-06-26 05:00:00+00:00,25108
2023-06-26 06:00:00+00:00,27588
2023-06-26 07:00:00+00:00,29424
2023-06-26 08:00:00+00:00,30808
2023-06-26 09:00:00+00:00,31736
2023-06-26 10:00:00+00:00,32240
2023-06-26 11:00:00+00:00,32904
2023-06-26 12:00:00+00:00,33644
2023-06-26 13:00:00+00:00,33708
2023-06-26 14:00:00+00:00,33348
2023-06-26 15:00:00+00:00,33532
2023-06-26 16:00:00+00:00,33772
2023-06-26 17:00:00+00:00,33776
2023-06-26 18:00:00+00:00,33736
2023-06-26 19:00:00+00:00,33512
2023-06-26 20:00:00+00:00,33292
2023-06-26 21:00:00+00:00,31580
2023-06-26 22:00:00+00:00,28784
2023-06-26 23:00:00+00:00,27188
2023-06-27 00:00:00+00:00,25564
2023-06-27 01:00:00+00:00,24624
2023-06-27 02:00:00+00:00,23960
2023-06-27 03:00:00+00:00,23836
2023-06-27 04:00:00+00:00,24308
2023-06-27 05:00:00+00:00,26308
2023-06-27 06:00:00+00:00,28684
2023-06-27 07:00:00+00:00,30452
2023-06-27 08:00:00+00:00,31436
2023-06-27 09:00:00+00:00,31936
2023-06-27 10:00:00+00:00,32500
2023-06-27 11:00:00+00:00,33220
2023-06-27 12:00:00+00:00,33744
2023-06-27 13:00:00+00:00,33720
2023-06-27 14:00:00+00:00,33744
2023-06-27 15:00:00+00:00,33616
2023-06-27 16:00:00+00:00,33656
2023-06-27 17:00:00+00:00,33648
2023-06-27 18:00:00+00:00,33748
2023-06-27 19:00:00+00:00,33676
2023-06-27 20:00:00+00:00,33468
2023-06-27 21:00:00+00:00,31652
2023-06-27 22:00:00+00:00,29200
2023-06-27 23:00:00+00:00,27744
2023-06-28 00:00:00+00:00,26036
2023-06-28 01:00:00+00:00,25168
2023-06-28 02:00:00+00:00,24628
2023-06-28 03:00:00+00:00,24296
2023-06-28 04:00:00+00:00,24796
2023-06-28 05:00:00+00:00,26740
2023-06-28 06:00:00+00:00,28640
2023-06-28 07:00:00+00:00,30356
2023-06-28 08:00:00+00:00,31356
2023-06-28 09:00:00+00:00,32144
2023-06-28 10:00:00+00:00,32548
2023-06-28 11:00:00+00:00,33500
2023-06-28 12:00:00+00:00,34048
2023-06-28 13:00:00+00:00,34212
2023-06-28 14:00:00+00:00,33892
2023-06-28 15:00:00+00:00,33708
2023-06-28 16:00:00+00:00,33752
2023-06-28 17:00:00+00:00,33648
2023-06-28 18:00:00+00:00,33364
2023-06-28 19:00:00+00:00,32956
2023-06-28 20:00:00+00:00,32732
2023-06-28 21:00:00+00:00,31204
2023-06-28 22:00:00+00:00,28824
2023-06-28 23:00:00+00:00,27384
2023-06-29 00:00:00+00:00,25752
2023-06-29 01:00:00+00:00,24888
2023-06-29 02:00:00+00:00,24280
2023-06-29 03:00:00+00:00,24108
2023-06-29 04:00:00+00:00,24508
2023-06-29 05:00:00+00:00,26448
2023-06-29 06:00:00+00:00,28508
2023-06-29 07:00:00+00:00,29944
2023-06-29 08:00:00+00:00,31060
2023-06-29 09:00:00+00:00,31908
2023-06-29 10:00:00+00:00,32492
2023-06-29 11:00:00+00:00,33616
2023-06-29 12:00:00+00:00,34016
2023-06-29 13:00:00+00:00,33900
2023-06-29 14:00:00+00:00,33596
2023-06-29 15:00:00+00:00,33432
2023-06-29 16:00:00+00:00,33780
2023-06-29 17:00:00+00:00,33356
2023-06-29 18:00:00+00:00,33100
2023-06-29 19:00:00+00:00,32804
2023-06-29 20:00:00+00:00,32500
2023-06-29 21:00:00+00:00,30980
2023-06-29 22:00:00+00:00,28484
2023-06-29 23:00:00+00:00,26792
2023-06-30 00:00:00+00:00,25424
2023-06-30 01:00:00+00:00,24284
2023-06-30 02:00:00+00:00,23764
2023-06-30 03:00:00+00:00,23420
2023-06-30 04:00:00+00:00,24028
2023-06-30 05:00:00+00:00,25980
2023-06-30 06:00:00+00:00,28044
2023-06-30 07:00:00+00:00,29132
2023-06-30 08:00:00+00:00,30076
2023-06-30 09:00:00+00:00,30272
2023-06-30 10:00:00+00:00,30588
2023-06-30 11:00:00+00:00,31068
2023-06-30 12:00:00+00:00,31276
2023-06-30 13:00:00+00:00,30756
2023-06-30 14:00:00+00:00,30048
2023-06-30 15:00:00+00:00,30008
2023-06-30 16:00:00+00:00,30376
2023-06-30 17:00:00+00:00,30388
2023-06-30 18:00:00+00:00,30492
2023-06-30 19:00:00+00:00,30268
2023-06-30 20:00:00+00:00,30020
2023-06-30 21:00:00+00:00,28524
2023-06-30 22:00:00+00:00,26780
2023-06-30 23:00:00+00:00,25676
2023-07-01 00:00:00+00:00,24224
2023-07-01 01:00:00+00:00,23228
2023-07-01 02:00:00+00:00,22608
2023-07-01 03:00:00+00:00,22272
2023-07-01 04:00:00+00:00,21860
2023-07-01 05:00:00+00:00,21932
2023-07-01 06:00:00+00:00,22608
2023-07-01 07:00:00+00:00,23512
2023-07-01 08:00:00+00:00,24824
2023-07-01 09:00:00+00:00,25432
2023-07-01 10:00:00+00:00,25844
2023-07-01 11:00:00+00:00,26280
2023-07-01 12:00:00+00:00,26596
2023-07-01 13:00:00+00:00,26096
2023-07-01 14:00:00+00:00,25484
2023-07-01 15:00:00+00:00,25600
2023-07-01 16:00:00+00:00,26148
2023-07-01 17:00:00+00:00,26860
2023-07-01 18:00:00+00:00,27596
2023-07-01 19:00:00+00:00,27940
2023-07-01 20:00:00+00:00,27988
2023-07-01 21:00:00+00:00,26544
2023-07-01 22:00:00+00:00,24984
2023-07-01 23:00:00+00:00,23456
2023-07-02 00:00:00+00:00,22304
2023-07-02 01:00:00+00:00,21524
2023-07-02 02:00:00+00:00,20976
2023-07-02 03:00:00+00:00,20588
2023-07-02 04:00:00+00:00,20660
2023-07-02 05:00:00+00:00,20136
2023-07-02 06:00:00+00:00,20540
2023-07-02 07:00:00+00:00,21200
2023-07-02 08:00:00+00:00,22320
2023-07-02 09:00:00+00:00,22908
2023-07-02 10:00:00+00:00,23728
2023-07-02 11:00:00+00:00,24464
2023-07-02 12:00:00+00:00,25608
2023-07-02 13:00:00+00:00,25296
2023-07-02 14:00:00+00:00,24656
2023-07-02 15:00:00+00:00,24640
2023-07-02 16:00:00+00:00,25252
2023-07-02 17:00:00+00:00,26048
2023-07-02 18:00:00+00:00,26824
2023-07-02 19:00:00+00:00,27496
2023-07-02 20:00:00+00:00,28776
2023-07-02 21:00:00+00:00,27872
2023-07-02 22:00:00+00:00,26084
2023-07-02 23:00:00+00:00,24296
2023-07-03 00:00:00+00:00,22952
2023-07-03 01:00:00+00:00,22396
2023-07-03 02:00:00+00:00,21928
2023-07-03 03:00:00+00:00,22324
2023-07-03 04:00:00+00:00,23868
2023-07-03 05:00:00+00:00,26172
2023-07-03 06:00:00+00:00,28136
2023-07-03 07:00:00+00:00,28948
2023-07-03 08:00:00+00:00,30172
2023-07-03 09:00:00+00:00,30892
2023-07-03 10:00:00+00:00,31348
2023-07-03 11:00:00+00:00,32364
2023-07-03 12:00:00+00:00,33156
2023-07-03 13:00:00+00:00,33184
2023-07-03 14:00:00+00:00,32600
2023-07-03 15:00:00+00:00,32364
2023-07-03 16:00:00+00:00,32272
2023-07-03 17:00:00+00:00,31908
2023-07-03 18:00:00+00:00,31928
2023-07-03 19:00:00+00:00,32016
2023-07-03 20:00:00+00:00,31604
2023-07-03 21:00:00+00:00,30296
2023-07-03 22:00:00+00:00,28008
2023-07-03 23:00:00+00:00,26652
2023-07-04 00:00:00+00:00,25176
2023-07-04 01:00:00+00:00,24252
2023-07-04 02:00:00+00:00,23696
2023-07-04 03:00:00+00:00,23580
2023-07-04 04:00:00+00:00,24160
2023-07-04 05:00:00+00:00,26340
2023-07-04 06:00:00+00:00,28396
2023-07-04 07:00:00+00:00,29500
2023-07-04 08:00:00+00:00,30644
2023-07-04 09:00:00+00:00,31064
2023-07-04 10:00:00+00:00,31548
2023-07-04 11:00:00+00:00,32408
2023-07-04 12:00:00+00:00,32792
2023-07-04 13:00:00+00:00,32308
2023-07-04 14:00:00+00:00,31780
2023-07-04 15:00:00+00:00,31696
2023-07-04 16:00:00+00:00,31736
2023-07-04 17:00:00+00:00,31684
2023-07-04 18:00:00+00:00,31868
2023-07-04 19:00:00+00:00,31872
2023-07-04 20:00:00+00:00,31820
2023-07-04 21:00:00+00:00,30620
2023-07-04 22:00:00+00:00,28284
2023-07-04 23:00:00+00:00,27068
2023-07-05 00:00:00+00:00,25444
2023-07-05 01:00:00+00:00,24452
2023-07-05 02:00:00+00:00,24140
2023-07-05 03:00:00+00:00,23908
2023-07-05 04:00:00+00:00,24428
2023-07-05 05:00:00+00:00,26408
2023-07-05 06:00:00+00:00,28580
2023-07-05 07:00:00+00:00,29604
2023-07-05 08:00:00+00:00,30996
2023-07-05 09:00:00+00:00,31320
2023-07-05 10:00:00+00:00,31916
2023-07-05 11:00:00+00:00,32484
2023-07-05 12:00:00+00:00,32892
2023-07-05 13:00:00+00:00,32532
2023-07-05 14:00:00+00:00,32160
2023-07-05 15:00:00+00:00,31968
2023-07-05 16:00:00+00:00,32052
2023-07-05 17:00:00+00:00,31516
2023-07-05 18:00:00+00:00,31796
2023-07-05 19:00:00+00:00,31768
2023-07-05 20:00:00+00:00,31512
2023-07-05 21:00:00+00:00,30268
2023-07-05 22:00:00+00:00,28088
2023-07-05 23:00:00+00:00,26904
2023-07-06 00:00:00+00:00,25664
2023-07-06 01:00:00+00:00,24772
2023-07-06 02:00:00+00:00,24240
2023-07-06 03:00:00+00:00,24064
2023-07-06 04:00:00+00:00,24716
2023-07-06 05:00:00+00:00,26920
2023-07-06 06:00:00+00:00,28832
2023-07-06 07:00:00+00:00,30080
2023-07-06 08:00:00+00:00,30812
2023-07-06 09:00:00+00:00,31588
2023-07-06 10:00:00+00:00,31948
2023-07-06 11:00:00+00:00,32588
2023-07-06 12:00:00+00:00,32712
2023-07-06 13:00:00+00:00,32928
2023-07-06 14:00:00+00:00,32356
2023-07-06 15:00:00+00:00,32372
2023-07-06 16:00:00+00:00,32384
2023-07-06 17:00:00+00:00,32120
2023-07-06 18:00:00+00:00,32116
2023-07-06 19:00:00+00:00,31704
2023-07-06 20:00:00+00:00,31448
2023-07-06 21:00:00+00:00,30336
2023-07-06 22:00:00+00:00,28332
2023-07-06 23:00:00+00:00,27052
2023-07-07 00:00:00+00:00,25668
2023-07-07 01:00:00+00:00,24732
2023-07-07 02:00:00+00:00,24136
2023-07-07 03:00:00+00:00,24120
2023-07-07 04:00:00+00:00,24720
2023-07-07 05:00:00+00:00,26732
2023-07-07 06:00:00+00:00,28708
2023-07-07 07:00:00+00:00,29820
2023-07-07 08:00:00+00:00,30824
2023-07-07 09:00:00+00:00,31276
2023-07-07 10:00:00+00:00,31656
2023-07-07 11:00:00+00:00,32128
2023-07-07 12:00:00+00:00,32452
2023-07-07 13:00:00+00:00,32524
2023-07-07 14:00:00+00:00,32016
2023-07-07 15:00:00+00:00,31368
2023-07-07 16:00:00+00:00,31424
2023-07-07 17:00:00+00:00,31432
2023-07-07 18:00:00+00:00,31276
2023-07-07 19:00:00+00:00,30972
2023-07-07 20:00:00+00:00,30376
2023-07-07 21:00:00+00:00,29256
2023-07-07 22:00:00+00:00,27208
2023-07-07 23:00:00+00:00,26120
2023-07-08 00:00:00+00:00,24580
2023-07-08 01:00:00+00:00,23376
2023-07-08 02:00:00+00:00,22756
2023-07-08 03:00:00+00:00,22300
2023-07-08 04:00:00+00:00,22056
2023-07-08 05:00:00+00:00,22064
2023-07-08 06:00:00+00:00,22760
2023-07-08 07:00:00+00:00,24112
2023-07-08 08:00:00+00:00,25356
2023-07-08 09:00:00+00:00,26108
2023-07-08 10:00:00+00:00,26404
2023-07-08 11:00:00+00:00,26856
2023-07-08 12:00:00+00:00,27548
2023-07-08 13:00:00+00:00,27052
2023-07-08 14:00:00+00:00,26472
2023-07-08 15:00:00+00:00,26428
2023-07-08 16:00:00+00:00,26936
2023-07-08 17:00:00+00:00,27440
2023-07-08 18:00:00+00:00,28124
2023-07-08 19:00:00+00:00,28092
2023-07-08 20:00:00+00:00,28344
2023-07-08 21:00:00+00:00,27248
2023-07-08 22:00:00+00:00,25420
2023-07-08 23:00:00+00:00,24132
2023-07-09 00:00:00+00:00,22752
2023-07-09 01:00:00+00:00,21844
2023-07-09 02:00:00+00:00,21152
2023-07-09 03:00:00+00:00,20732
2023-07-09 04:00:00+00:00,20692
2023-07-09 05:00:00+00:00,20508
2023-07-09 06:00:00+00:00,20640
2023-07-09 07:00:00+00:00,21336
2023-07-09 08:00:00+00:00,22420
2023-07-09 09:00:00+00:00,23384
2023-07-09 10:00:00+00:00,23932
2023-07-09 11:00:00+00:00,24476
2023-07-09 12:00:00+00:00,25664
2023-07-09 13:00:00+00:00,25528
2023-07-09 14:00:00+00:00,25180
2023-07-09 15:00:00+00:00,25136
2023-07-09 16:00:00+00:00,25676
2023-07-09 17:00:00+00:00,26420
2023-07-09 18:00:00+00:00,27336
2023-07-09 19:00:00+00:00,28032
2023-07-09 20:00:00+00:00,29112
2023-07-09 21:00:00+00:00,29176
2023-07-09 22:00:00+00:00,27268
2023-07-09 23:00:00+00:00,25400
2023-07-10 00:00:00+00:00,23940
2023-07-10 01:00:00+00:00,22932
2023-07-10 02:00:00+00:00,22460
2023-07-10 03:00:00+00:00,22444
2023-07-10 04:00:00+00:00,23392
2023-07-10 05:00:00+00:00,25872
2023-07-10 06:00:00+00:00,28348
2023-07-10 07:00:00+00:00,30268
2023-07-10 08:00:00+00:00,31624
2023-07-10 09:00:00+00:00,32200
2023-07-10 10:00:00+00:00,32808
2023-07-10 11:00:00+00:00,33828
2023-07-10 12:00:00+00:00,34520
2023-07-10 13:00:00+00:00,34440
2023-07-10 14:00:00+00:00,33972
2023-07-10 15:00:00+00:00,34072
2023-07-10 16:00:00+00:00,34400
2023-07-10 17:00:00+00:00,34416
2023-07-10 18:00:00+00:00,34616
2023-07-10 19:00:00+00:00,34424
2023-07-10 20:00:00+00:00,34380
2023-07-10 21:00:00+00:00,32892
2023-07-10 22:00:00+00:00,30336
2023-07-10 23:00:00+00:00,28700
2023-07-11 00:00:00+00:00,26972
2023-07-11 01:00:00+00:00,25764
2023-07-11 02:00:00+00:00,25096
2023-07-11 03:00:00+00:00,24940
2023-07-11 04:00:00+00:00,25532
2023-07-11 05:00:00+00:00,27596
2023-07-11 06:00:00+00:00,29908
2023-07-11 07:00:00+00:00,31560
2023-07-11 08:00:00+00:00,32700
2023-07-11 09:00:00+00:00,33876
2023-07-11 10:00:00+00:00,34500
2023-07-11 11:00:00+00:00,35536
2023-07-11 12:00:00+00:00,35944
2023-07-11 13:00:00+00:00,36068
2023-07-11 14:00:00+00:00,36032
2023-07-11 15:00:00+00:00,35960
2023-07-11 16:00:00+00:00,36212
2023-07-11 17:00:00+00:00,35992
2023-07-11 18:00:00+00:00,35612
2023-07-11 19:00:00+00:00,35388
2023-07-11 20:00:00+00:00,34980
2023-07-11 21:00:00+00:00,33224
2023-07-11 22:00:00+00:00,30736
2023-07-11 23:00:00+00:00,29272
2023-07-12 00:00:00+00:00,27720
2023-07-12 01:00:00+00:00,26568
2023-07-12 02:00:00+00:00,25960
2023-07-12 03:00:00+00:00,25548
2023-07-12 04:00:00+00:00,26000
2023-07-12 05:00:00+00:00,27948
2023-07-12 06:00:00+00:00,30056
2023-07-12 07:00:00+00:00,31432
2023-07-12 08:00:00+00:00,32612
2023-07-12 09:00:00+00:00,33420
2023-07-12 10:00:00+00:00,34008
2023-07-12 11:00:00+00:00,34904
2023-07-12 12:00:00+00:00,35644
2023-07-12 13:00:00+00:00,35684
2023-07-12 14:00:00+00:00,35040
2023-07-12 15:00:00+00:00,34784
2023-07-12 16:00:00+00:00,35040
2023-07-12 17:00:00+00:00,34788
2023-07-12 18:00:00+00:00,34544
2023-07-12 19:00:00+00:00,34304
2023-07-12 20:00:00+00:00,33880
2023-07-12 21:00:00+00:00,32712
2023-07-12 22:00:00+00:00,30260
2023-07-12 23:00:00+00:00,28828
2023-07-13 00:00:00+00:00,27104
2023-07-13 01:00:00+00:00,26040
2023-07-13 02:00:00+00:00,25400
2023-07-13 03:00:00+00:00,25148
2023-07-13 04:00:00+00:00,25560
2023-07-13 05:00:00+00:00,27560
2023-07-13 06:00:00+00:00,29408
2023-07-13 07:00:00+00:00,30984
2023-07-13 08:00:00+00:00,32100
2023-07-13 09:00:00+00:00,32860
2023-07-13 10:00:00+00:00,33292
2023-07-13 11:00:00+00:00,34076
2023-07-13 12:00:00+00:00,34468
2023-07-13 13:00:00+00:00,34448
2023-07-13 14:00:00+00:00,34240
2023-07-13 15:00:00+00:00,34064
2023-07-13 16:00:00+00:00,34124
2023-07-13 17:00:00+00:00,33996
2023-07-13 18:00:00+00:00,34036
2023-07-13 19:00:00+00:00,33736
2023-07-13 20:00:00+00:00,33672
2023-07-13 21:00:00+00:00,32432
2023-07-13 22:00:00+00:00,30204
2023-07-13 23:00:00+00:00,28676
2023-07-14 00:00:00+00:00,27008
2023-07-14 01:00:00+00:00,25868
2023-07-14 02:00:00+00:00,25316
2023-07-14 03:00:00+00:00,25168
2023-07-14 04:00:00+00:00,25728
2023-07-14 05:00:00+00:00,27684
2023-07-14 06:00:00+00:00,29668
2023-07-14 07:00:00+00:00,31272
2023-07-14 08:00:00+00:00,32616
2023-07-14 09:00:00+00:00,33460
2023-07-14 10:00:00+00:00,33984
2023-07-14 11:00:00+00:00,34704
2023-07-14 12:00:00+00:00,35100
2023-07-14 13:00:00+00:00,34756
2023-07-14 14:00:00+00:00,34288
2023-07-14 15:00:00+00:00,33988
2023-07-14 16:00:00+00:00,34088
2023-07-14 17:00:00+00:00,34304
2023-07-14 18:00:00+00:00,34104
2023-07-14 19:00:00+00:00,33456
2023-07-14 20:00:00+00:00,32748
2023-07-14 21:00:00+00:00,31276
2023-07-14 22:00:00+00:00,29180
2023-07-14 23:00:00+00:00,27932
2023-07-15 00:00:00+00:00,26248
2023-07-15 01:00:00+00:00,25016
2023-07-15 02:00:00+00:00,24428
2023-07-15 03:00:00+00:00,23748
2023-07-15 04:00:00+00:00,23504
2023-07-15 05:00:00+00:00,23516
2023-07-15 06:00:00+00:00,24056
2023-07-15 07:00:00+00:00,25172
2023-07-15 08:00:00+00:00,26508
2023-07-15 09:00:00+00:00,27616
2023-07-15 10:00:00+00:00,28040
2023-07-15 11:00:00+00:00,28516
2023-07-15 12:00:00+00:00,28952
2023-07-15 13:00:00+00:00,28788
2023-07-15 14:00:00+00:00,28252
2023-07-15 15:00:00+00:00,27900
2023-07-15 16:00:00+00:00,28400
2023-07-15 17:00:00+00:00,28832
2023-07-15 18:00:00+00:00,29216
2023-07-15 19:00:00+00:00,29224
2023-07-15 20:00:00+00:00,29448
2023-07-15 21:00:00+00:00,28336
2023-07-15 22:00:00+00:00,26568
2023-07-15 23:00:00+00:00,25208
2023-07-16 00:00:00+00:00,23852
2023-07-16 01:00:00+00:00,22628
2023-07-16 02:00:00+00:00,21856
2023-07-16 03:00:00+00:00,21512
2023-07-16 04:00:00+00:00,21308
2023-07-16 05:00:00+00:00,21088
2023-07-16 06:00:00+00:00,21100
2023-07-16 07:00:00+00:00,21800
2023-07-16 08:00:00+00:00,22748
2023-07-16 09:00:00+00:00,23576
2023-07-16 10:00:00+00:00,24136
2023-07-16 11:00:00+00:00,24668
2023-07-16 12:00:00+00:00,25876
2023-07-16 13:00:00+00:00,25968
2023-07-16 14:00:00+00:00,25504
2023-07-16 15:00:00+00:00,25472
2023-07-16 16:00:00+00:00,25928
2023-07-16 17:00:00+00:00,26620
2023-07-16 18:00:00+00:00,27280
2023-07-16 19:00:00+00:00,27948
2023-07-16 20:00:00+00:00,29376
2023-07-16 21:00:00+00:00,29192
2023-07-16 22:00:00+00:00,27072
2023-07-16 23:00:00+00:00,25384
2023-07-17 00:00:00+00:00,23968
2023-07-17 01:00:00+00:00,23116
2023-07-17 02:00:00+00:00,22592
2023-07-17 03:00:00+00:00,22584
2023-07-17 04:00:00+00:00,23448
2023-07-17 05:00:00+00:00,26048
2023-07-17 06:00:00+00:00,28252
2023-07-17 07:00:00+00:00,30108
2023-07-17 08:00:00+00:00,31460
2023-07-17 09:00:00+00:00,32156
2023-07-17 10:00:00+00:00,32884
2023-07-17 11:00:00+00:00,33944
2023-07-17 12:00:00+00:00,34568
2023-07-17 13:00:00+00:00,34596
2023-07-17 14:00:00+00:00,34452
2023-07-17 15:00:00+00:00,34320
2023-07-17 16:00:00+00:00,34648
2023-07-17 17:00:00+00:00,34676
2023-07-17 18:00:00+00:00,34768
2023-07-17 19:00:00+00:00,34308
2023-07-17 20:00:00+00:00,34392
2023-07-17 21:00:00+00:00,33036
2023-07-17 22:00:00+00:00,30372
2023-07-17 23:00:00+00:00,28796
2023-07-18 00:00:00+00:00,27176
2023-07-18 01:00:00+00:00,25968
2023-07-18 02:00:00+00:00,25684
2023-07-18 03:00:00+00:00,25656
2023-07-18 04:00:00+00:00,25944
2023-07-18 05:00:00+00:00,28668
2023-07-18 06:00:00+00:00,30388
2023-07-18 07:00:00+00:00,31536
2023-07-18 08:00:00+00:00,33136
2023-07-18 09:00:00+00:00,33992
2023-07-18 10:00:00+00:00,35032
2023-07-18 11:00:00+00:00,35992
2023-07-18 12:00:00+00:00,36620
2023-07-18 13:00:00+00:00,36724
2023-07-18 14:00:00+00:00,36616
2023-07-18 15:00:00+00:00,36468
2023-07-18 16:00:00+00:00,36344
2023-07-18 17:00:00+00:00,35988
2023-07-18 18:00:00+00:00,35616
2023-07-18 19:00:00+00:00,35648
2023-07-18 20:00:00+00:00,35700
2023-07-18 21:00:00+00:00,34032
2023-07-18 22:00:00+00:00,31344
2023-07-18 23:00:00+00:00,29788
2023-07-19 00:00:00+00:00,27940
2023-07-19 01:00:00+00:00,26700
2023-07-19 02:00:00+00:00,26020
2023-07-19 03:00:00+00:00,25848
2023-07-19 04:00:00+00:00,26420
2023-07-19 05:00:00+00:00,28344
2023-07-19 06:00:00+00:00,30456
2023-07-19 07:00:00+00:00,32040
2023-07-19 08:00:00+00:00,33560
2023-07-19 09:00:00+00:00,34460
2023-07-19 10:00:00+00:00,35216
2023-07-19 11:00:00+00:00,36412
2023-07-19 12:00:00+00:00,36960
2023-07-19 13:00:00+00:00,36972
2023-07-19 14:00:00+00:00,36640
2023-07-19 15:00:00+00:00,36524
2023-07-19 16:00:00+00:00,36564
2023-07-19 17:00:00+00:00,36140
2023-07-19 18:00:00+00:00,35908
2023-07-19 19:00:00+00:00,35468
2023-07-19 20:00:00+00:00,35816
2023-07-19 21:00:00+00:00,34144
2023-07-19 22:00:00+00:00,31720
2023-07-19 23:00:00+00:00,30104
2023-07-20 00:00:00+00:00,28484
2023-07-20 01:00:00+00:00,27332
2023-07-20 02:00:00+00:00,26120
2023-07-20 03:00:00+00:00,25876
2023-07-20 04:00:00+00:00,26180
2023-07-20 05:00:00+00:00,28272
2023-07-20 06:00:00+00:00,30160
2023-07-20 07:00:00+00:00,31804
2023-07-20 08:00:00+00:00,32484
2023-07-20 09:00:00+00:00,33848
2023-07-20 10:00:00+00:00,34340
2023-07-20 11:00:00+00:00,35128
2023-07-20 12:00:00+00:00,35544
2023-07-20 13:00:00+00:00,35760
2023-07-20 14:00:00+00:00,35092
2023-07-20 15:00:00+00:00,35024
2023-07-20 16:00:00+00:00,34720
2023-07-20 17:00:00+00:00,34472
2023-07-20 18:00:00+00:00,34328
2023-07-20 19:00:00+00:00,34092
2023-07-20 20:00:00+00:00,34056
2023-07-20 21:00:00+00:00,32468
2023-07-20 22:00:00+00:00,30340
2023-07-20 23:00:00+00:00,28804
2023-07-21 00:00:00+00:00,27200
2023-07-21 01:00:00+00:00,26228
2023-07-21 02:00:00+00:00,25584
2023-07-21 03:00:00+00:00,25284
2023-07-21 04:00:00+00:00,25720
2023-07-21 05:00:00+00:00,27784
2023-07-21 06:00:00+00:00,29400
2023-07-21 07:00:00+00:00,30396
2023-07-21 08:00:00+00:00,31472
2023-07-21 09:00:00+00:00,32056
2023-07-21 10:00:00+00:00,32508
2023-07-21 11:00:00+00:00,33100
2023-07-21 12:00:00+00:00,33140
2023-07-21 13:00:00+00:00,32868
2023-07-21 14:00:00+00:00,32408
2023-07-21 15:00:00+00:00,32236
2023-07-21 16:00:00+00:00,32436
2023-07-21 17:00:00+00:00,32096
2023-07-21 18:00:00+00:00,32028
2023-07-21 19:00:00+00:00,31596
2023-07-21 20:00:00+00:00,31364
2023-07-21 21:00:00+00:00,29712
2023-07-21 22:00:00+00:00,27944
2023-07-21 23:00:00+00:00,27012
2023-07-22 00:00:00+00:00,25536
2023-07-22 01:00:00+00:00,24328
2023-07-22 02:00:00+00:00,23572
2023-07-22 03:00:00+00:00,23128
2023-07-22 04:00:00+00:00,22800
2023-07-22 05:00:00+00:00,22892
2023-07-22 06:00:00+00:00,23228
2023-07-22 07:00:00+00:00,24288
2023-07-22 08:00:00+00:00,25960
2023-07-22 09:00:00+00:00,26528
2023-07-22 10:00:00+00:00,27060
2023-07-22 11:00:00+00:00,27452
2023-07-22 12:00:00+00:00,28064
2023-07-22 13:00:00+00:00,27880
2023-07-22 14:00:00+00:00,27212
2023-07-22 15:00:00+00:00,26976
2023-07-22 16:00:00+00:00,27404
2023-07-22 17:00:00+00:00,27828
2023-07-22 18:00:00+00:00,28408
2023-07-22 19:00:00+00:00,28684
2023-07-22 20:00:00+00:00,29200
2023-07-22 21:00:00+00:00,27932
2023-07-22 22:00:00+00:00,26244
2023-07-22 23:00:00+00:00,24804
2023-07-23 00:00:00+00:00,23468
2023-07-23 01:00:00+00:00,22296
2023-07-23 02:00:00+00:00,21776
2023-07-23 03:00:00+00:00,21420
2023-07-23 04:00:00+00:00,21140
2023-07-23 05:00:00+00:00,21104
2023-07-23 06:00:00+00:00,21256
2023-07-23 07:00:00+00:00,22016
2023-07-23 08:00:00+00:00,23036
2023-07-23 09:00:00+00:00,23700
2023-07-23 10:00:00+00:00,24324
2023-07-23 11:00:00+00:00,25040
2023-07-23 12:00:00+00:00,26184
2023-07-23 13:00:00+00:00,26408
2023-07-23 14:00:00+00:00,26168
2023-07-23 15:00:00+00:00,26052
2023-07-23 16:00:00+00:00,26672
2023-07-23 17:00:00+00:00,27164
2023-07-23 18:00:00+00:00,27732
2023-07-23 19:00:00+00:00,28464
2023-07-23 20:00:00+00:00,29788
2023-07-23 21:00:00+00:00,29336
2023-07-23 22:00:00+00:00,27452
2023-07-23 23:00:00+00:00,25640
2023-07-24 00:00:00+00:00,24148
2023-07-24 01:00:00+00:00,23004
2023-07-24 02:00:00+00:00,22472
2023-07-24 03:00:00+00:00,22340
2023-07-24 04:00:00+00:00,23172
2023-07-24 05:00:00+00:00,25448
2023-07-24 06:00:00+00:00,27568
2023-07-24 07:00:00+00:00,29356
2023-07-24 08:00:00+00:00,30428
2023-07-24 09:00:00+00:00,31188
2023-07-24 10:00:00+00:00,31820
2023-07-24 11:00:00+00:00,32508
2023-07-24 12:00:00+00:00,33108
2023-07-24 13:00:00+00:00,32808
2023-07-24 14:00:00+00:00,32236
2023-07-24 15:00:00+00:00,32080
2023-07-24 16:00:00+00:00,32236
2023-07-24 17:00:00+00:00,31896
2023-07-24 18:00:00+00:00,31928
2023-07-24 19:00:00+00:00,31696
2023-07-24 20:00:00+00:00,31664
2023-07-24 21:00:00+00:00,29912
2023-07-24 22:00:00+00:00,27460
2023-07-24 23:00:00+00:00,26456
2023-07-25 00:00:00+00:00,24892
2023-07-25 01:00:00+00:00,23972
2023-07-25 02:00:00+00:00,23428
2023-07-25 03:00:00+00:00,23352
2023-07-25 04:00:00+00:00,23700
2023-07-25 05:00:00+00:00,25472
2023-07-25 06:00:00+00:00,26660
2023-07-25 07:00:00+00:00,27664
2023-07-25 08:00:00+00:00,28512
2023-07-25 09:00:00+00:00,29000
2023-07-25 10:00:00+00:00,29060
2023-07-25 11:00:00+00:00,29676
2023-07-25 12:00:00+00:00,30168
2023-07-25 13:00:00+00:00,29864
2023-07-25 14:00:00+00:00,29484
2023-07-25 15:00:00+00:00,29368
2023-07-25 16:00:00+00:00,29600
2023-07-25 17:00:00+00:00,29660
2023-07-25 18:00:00+00:00,30048
2023-07-25 19:00:00+00:00,29912
2023-07-25 20:00:00+00:00,30344
2023-07-25 21:00:00+00:00,28992
2023-07-25 22:00:00+00:00,26912
2023-07-25 23:00:00+00:00,26004
2023-07-26 00:00:00+00:00,24540
2023-07-26 01:00:00+00:00,23576
2023-07-26 02:00:00+00:00,23172
2023-07-26 03:00:00+00:00,23012
2023-07-26 04:00:00+00:00,23596
2023-07-26 05:00:00+00:00,26072
2023-07-26 06:00:00+00:00,27692
2023-07-26 07:00:00+00:00,28760
2023-07-26 08:00:00+00:00,29572
2023-07-26 09:00:00+00:00,30104
2023-07-26 10:00:00+00:00,30164
2023-07-26 11:00:00+00:00,30828
2023-07-26 12:00:00+00:00,31156
2023-07-26 13:00:00+00:00,30776
2023-07-26 14:00:00+00:00,30456
2023-07-26 15:00:00+00:00,30432
2023-07-26 16:00:00+00:00,30680
2023-07-26 17:00:00+00:00,31052
2023-07-26 18:00:00+00:00,31384
2023-07-26 19:00:00+00:00,31160
2023-07-26 20:00:00+00:00,30964
2023-07-26 21:00:00+00:00,29828
2023-07-26 22:00:00+00:00,27624
2023-07-26 23:00:00+00:00,26160
2023-07-27 00:00:00+00:00,24872
2023-07-27 01:00:00+00:00,24016
2023-07-27 02:00:00+00:00,23664
2023-07-27 03:00:00+00:00,23644
2023-07-27 04:00:00+00:00,25040
2023-07-27 05:00:00+00:00,26996
2023-07-27 06:00:00+00:00,28188
2023-07-27 07:00:00+00:00,29528
2023-07-27 08:00:00+00:00,30272
2023-07-27 09:00:00+00:00,30676
2023-07-27 10:00:00+00:00,31220
2023-07-27 11:00:00+00:00,31796
2023-07-27 12:00:00+00:00,32156
2023-07-27 13:00:00+00:00,32012
2023-07-27 14:00:00+00:00,31656
2023-07-27 15:00:00+00:00,31384
2023-07-27 16:00:00+00:00,31632
2023-07-27 17:00:00+00:00,31532
2023-07-27 18:00:00+00:00,31492
2023-07-27 19:00:00+00:00,31272
2023-07-27 20:00:00+00:00,31408
2023-07-27 21:00:00+00:00,29724
2023-07-27 22:00:00+00:00,27368
2023-07-27 23:00:00+00:00,26408
2023-07-28 00:00:00+00:00,25040
2023-07-28 01:00:00+00:00,24204
2023-07-28 02:00:00+00:00,23764
2023-07-28 03:00:00+00:00,23528
2023-07-28 04:00:00+00:00,23952
2023-07-28 05:00:00+00:00,26156
2023-07-28 06:00:00+00:00,27716
2023-07-28 07:00:00+00:00,28704
2023-07-28 08:00:00+00:00,29780
2023-07-28 09:00:00+00:00,30376
2023-07-28 10:00:00+00:00,30568
2023-07-28 11:00:00+00:00,31212
2023-07-28 12:00:00+00:00,31484
2023-07-28 13:00:00+00:00,31180
2023-07-28 14:00:00+00:00,30612
2023-07-28 15:00:00+00:00,30624
2023-07-28 16:00:00+00:00,30992
2023-07-28 17:00:00+00:00,30888
2023-07-28 18:00:00+00:00,31364
2023-07-28 19:00:00+00:00,30968
2023-07-28 20:00:00+00:00,30784
2023-07-28 21:00:00+00:00,29156
2023-07-28 22:00:00+00:00,27228
2023-07-28 23:00:00+00:00,26468
2023-07-29 00:00:00+00:00,24976
2023-07-29 01:00:00+00:00,23712
2023-07-29 02:00:00+00:00,22948
2023-07-29 03:00:00+00:00,22556
2023-07-29 04:00:00+00:00,22324
2023-07-29 05:00:00+00:00,22596
2023-07-29 06:00:00+00:00,23016
2023-07-29 07:00:00+00:00,24228
2023-07-29 08:00:00+00:00,25624
2023-07-29 09:00:00+00:00,26388
2023-07-29 10:00:00+00:00,27020
2023-07-29 11:00:00+00:00,27668
2023-07-29 12:00:00+00:00,28204
2023-07-29 13:00:00+00:00,28120
2023-07-29 14:00:00+00:00,27644
2023-07-29 15:00:00+00:00,27332
2023-07-29 16:00:00+00:00,27836
2023-07-29 17:00:00+00:00,28400
2023-07-29 18:00:00+00:00,28780
2023-07-29 19:00:00+00:00,28848
2023-07-29 20:00:00+00:00,29312
2023-07-29 21:00:00+00:00,28092
2023-07-29 22:00:00+00:00,26484
2023-07-29 23:00:00+00:00,24988
2023-07-30 00:00:00+00:00,23556
2023-07-30 01:00:00+00:00,22600
2023-07-30 02:00:00+00:00,21936
2023-07-30 03:00:00+00:00,21592
2023-07-30 04:00:00+00:00,21280
2023-07-30 05:00:00+00:00,21296
2023-07-30 06:00:00+00:00,20956
2023-07-30 07:00:00+00:00,21852
2023-07-30 08:00:00+00:00,22860
2023-07-30 09:00:00+00:00,23984
2023-07-30 10:00:00+00:00,24692
2023-07-30 11:00:00+00:00,25500
2023-07-30 12:00:00+00:00,26332
2023-07-30 13:00:00+00:00,26380
2023-07-30 14:00:00+00:00,26100
2023-07-30 15:00:00+00:00,25932
2023-07-30 16:00:00+00:00,26192
2023-07-30 17:00:00+00:00,26764
2023-07-30 18:00:00+00:00,27424
2023-07-30 19:00:00+00:00,27764
2023-07-30 20:00:00+00:00,29376
2023-07-30 21:00:00+00:00,28740
2023-07-30 22:00:00+00:00,26816
2023-07-30 23:00:00+00:00,25152
2023-07-31 00:00:00+00:00,23692
2023-07-31 01:00:00+00:00,22744
2023-07-31 02:00:00+00:00,22144
2023-07-31 03:00:00+00:00,21976
2023-07-31 04:00:00+00:00,22564
2023-07-31 05:00:00+00:00,25056
2023-07-31 06:00:00+00:00,26848
2023-07-31 07:00:00+00:00,28292
2023-07-31 08:00:00+00:00,29368
2023-07-31 09:00:00+00:00,29960
2023-07-31 10:00:00+00:00,30504
2023-07-31 11:00:00+00:00,31352
2023-07-31 12:00:00+00:00,31784
2023-07-31 13:00:00+00:00,31676
2023-07-31 14:00:00+00:00,31308
2023-07-31 15:00:00+00:00,31200
2023-07-31 16:00:00+00:00,31484
2023-07-31 17:00:00+00:00,31644
2023-07-31 18:00:00+00:00,31704
2023-07-31 19:00:00+00:00,31408
2023-07-31 20:00:00+00:00,31680
2023-07-31 21:00:00+00:00,30020
2023-07-31 22:00:00+00:00,27524
2023-07-31 23:00:00+00:00,26236
2023-08-01 00:00:00+00:00,24768
2023-08-01 01:00:00+00:00,23856
2023-08-01 02:00:00+00:00,23216
2023-08-01 03:00:00+00:00,23136
2023-08-01 04:00:00+00:00,23672
2023-08-01 05:00:00+00:00,25748
2023-08-01 06:00:00+00:00,27232
2023-08-01 07:00:00+00:00,28604
2023-08-01 08:00:00+00:00,29972
2023-08-01 09:00:00+00:00,30656
2023-08-01 10:00:00+00:00,31056
2023-08-01 11:00:00+00:00,31844
2023-08-01 12:00:00+00:00,32448
2023-08-01 13:00:00+00:00,32116
2023-08-01 14:00:00+00:00,31152
2023-08-01 15:00:00+00:00,31716
2023-08-01 16:00:00+00:00,31888
2023-08-01 17:00:00+00:00,31860
2023-08-01 18:00:00+00:00,32036
2023-08-01 19:00:00+00:00,32192
2023-08-01 20:00:00+00:00,32500
2023-08-01 21:00:00+00:00,30656
2023-08-01 22:00:00+00:00,28412
2023-08-01 23:00:00+00:00,26860
2023-08-02 00:00:00+00:00,25284
2023-08-02 01:00:00+00:00,24228
2023-08-02 02:00:00+00:00,23712
2023-08-02 03:00:00+00:00,23464
2023-08-02 04:00:00+00:00,24116
2023-08-02 05:00:00+00:00,26280
2023-08-02 06:00:00+00:00,27712
2023-08-02 07:00:00+00:00,29116
2023-08-02 08:00:00+00:00,30252
2023-08-02 09:00:00+00:00,31144
2023-08-02 10:00:00+00:00,31648
2023-08-02 11:00:00+00:00,32596
2023-08-02 12:00:00+00:00,33344
2023-08-02 13:00:00+00:00,33152
2023-08-02 14:00:00+00:00,32616
2023-08-02 15:00:00+00:00,32604
2023-08-02 16:00:00+00:00,32756
2023-08-02 17:00:00+00:00,32816
2023-08-02 18:00:00+00:00,33080
2023-08-02 19:00:00+00:00,32684
2023-08-02 20:00:00+00:00,32892
2023-08-02 21:00:00+00:00,30968
2023-08-02 22:00:00+00:00,28724
2023-08-02 23:00:00+00:00,27160
2023-08-03 00:00:00+00:00,25744
2023-08-03 01:00:00+00:00,24688
2023-08-03 02:00:00+00:00,24112
2023-08-03 03:00:00+00:00,23848
2023-08-03 04:00:00+00:00,24228
2023-08-03 05:00:00+00:00,26252
2023-08-03 06:00:00+00:00,27736
2023-08-03 07:00:00+00:00,29084
2023-08-03 08:00:00+00:00,29972
2023-08-03 09:00:00+00:00,30344
2023-08-03 10:00:00+00:00,30556
2023-08-03 11:00:00+00:00,30856
2023-08-03 12:00:00+00:00,31348
2023-08-03 13:00:00+00:00,30664
2023-08-03 14:00:00+00:00,30196
2023-08-03 15:00:00+00:00,29980
2023-08-03 16:00:00+00:00,30608
2023-08-03 17:00:00+00:00,30752
2023-08-03 18:00:00+00:00,30752
2023-08-03 19:00:00+00:00,30408
2023-08-03 20:00:00+00:00,30624
2023-08-03 21:00:00+00:00,28780
2023-08-03 22:00:00+00:00,26680
2023-08-03 23:00:00+00:00,25508
2023-08-04 00:00:00+00:00,24152
2023-08-04 01:00:00+00:00,23300
2023-08-04 02:00:00+00:00,22732
2023-08-04 03:00:00+00:00,22528
2023-08-04 04:00:00+00:00,22988
2023-08-04 05:00:00+00:00,24992
2023-08-04 06:00:00+00:00,26092
2023-08-04 07:00:00+00:00,27028
2023-08-04 08:00:00+00:00,27924
2023-08-04 09:00:00+00:00,28188
2023-08-04 10:00:00+00:00,28192
2023-08-04 11:00:00+00:00,28512
2023-08-04 12:00:00+00:00,28800
2023-08-04 13:00:00+00:00,28284
2023-08-04 14:00:00+00:00,27640
2023-08-04 15:00:00+00:00,27532
2023-08-04 16:00:00+00:00,27924
2023-08-04 17:00:00+00:00,28264
2023-08-04 18:00:00+00:00,28660
2023-08-04 19:00:00+00:00,28172
2023-08-04 20:00:00+00:00,28480
2023-08-04 21:00:00+00:00,26704
2023-08-04 22:00:00+00:00,24736
2023-08-04 23:00:00+00:00,23844
2023-08-05 00:00:00+00:00,22544
2023-08-05 01:00:00+00:00,21608
2023-08-05 02:00:00+00:00,21080
2023-08-05 03:00:00+00:00,20592
2023-08-05 04:00:00+00:00,20548
2023-08-05 05:00:00+00:00,20924
2023-08-05 06:00:00+00:00,20984
2023-08-05 07:00:00+00:00,22092
2023-08-05 08:00:00+00:00,23328
2023-08-05 09:00:00+00:00,24024
2023-08-05 10:00:00+00:00,23872
2023-08-05 11:00:00+00:00,24372
2023-08-05 12:00:00+00:00,24944
2023-08-05 13:00:00+00:00,24620
2023-08-05 14:00:00+00:00,24208
2023-08-05 15:00:00+00:00,24252
2023-08-05 16:00:00+00:00,24080
2023-08-05 17:00:00+00:00,24676
2023-08-05 18:00:00+00:00,25904
2023-08-05 19:00:00+00:00,26788
2023-08-05 20:00:00+00:00,27380
2023-08-05 21:00:00+00:00,25796
2023-08-05 22:00:00+00:00,24172
2023-08-05 23:00:00+00:00,22768
2023-08-06 00:00:00+00:00,21676
2023-08-06 01:00:00+00:00,20944
2023-08-06 02:00:00+00:00,20224
2023-08-06 03:00:00+00:00,19776
2023-08-06 04:00:00+00:00,19804
2023-08-06 05:00:00+00:00,19976
2023-08-06 06:00:00+00:00,19636
2023-08-06 07:00:00+00:00,20376
2023-08-06 08:00:00+00:00,21352
2023-08-06 09:00:00+00:00,21980
2023-08-06 10:00:00+00:00,22372
2023-08-06 11:00:00+00:00,22900
2023-08-06 12:00:00+00:00,24024
2023-08-06 13:00:00+00:00,24000
2023-08-06 14:00:00+00:00,23480
2023-08-06 15:00:00+00:00,23456
2023-08-06 16:00:00+00:00,23988
2023-08-06 17:00:00+00:00,24492
2023-08-06 18:00:00+00:00,25536
2023-08-06 19:00:00+00:00,26160
2023-08-06 20:00:00+00:00,27504
2023-08-06 21:00:00+00:00,26616
2023-08-06 22:00:00+00:00,24812
2023-08-06 23:00:00+00:00,23536
2023-08-07 00:00:00+00:00,22164
2023-08-07 01:00:00+00:00,21432
2023-08-07 02:00:00+00:00,20728
2023-08-07 03:00:00+00:00,20392
2023-08-07 04:00:00+00:00,21160
2023-08-07 05:00:00+00:00,23280
2023-08-07 06:00:00+00:00,24360
2023-08-07 07:00:00+00:00,25712
2023-08-07 08:00:00+00:00,26732
2023-08-07 09:00:00+00:00,27124
2023-08-07 10:00:00+00:00,27540
2023-08-07 11:00:00+00:00,28340
2023-08-07 12:00:00+00:00,29104
2023-08-07 13:00:00+00:00,29032
2023-08-07 14:00:00+00:00,28528
2023-08-07 15:00:00+00:00,28644
2023-08-07 16:00:00+00:00,29160
2023-08-07 17:00:00+00:00,29340
2023-08-07 18:00:00+00:00,29456
2023-08-07 19:00:00+00:00,29600
2023-08-07 20:00:00+00:00,30160
2023-08-07 21:00:00+00:00,28360
2023-08-07 22:00:00+00:00,26308
2023-08-07 23:00:00+00:00,25092
2023-08-08 00:00:00+00:00,23660
2023-08-08 01:00:00+00:00,22820
2023-08-08 02:00:00+00:00,22272
2023-08-08 03:00:00+00:00,22148
2023-08-08 04:00:00+00:00,22644
2023-08-08 05:00:00+00:00,24528
2023-08-08 06:00:00+00:00,25828
2023-08-08 07:00:00+00:00,26896
2023-08-08 08:00:00+00:00,28044
2023-08-08 09:00:00+00:00,28596
2023-08-08 10:00:00+00:00,29204
2023-08-08 11:00:00+00:00,30080
2023-08-08 12:00:00+00:00,30864
2023-08-08 13:00:00+00:00,30692
2023-08-08 14:00:00+00:00,30280
2023-08-08 15:00:00+00:00,30244
2023-08-08 16:00:00+00:00,30608
2023-08-08 17:00:00+00:00,30832
2023-08-08 18:00:00+00:00,30720
2023-08-08 19:00:00+00:00,30464
2023-08-08 20:00:00+00:00,30988
2023-08-08 21:00:00+00:00,29092
2023-08-08 22:00:00+00:00,26860
2023-08-08 23:00:00+00:00,25464
2023-08-09 00:00:00+00:00,24312
2023-08-09 01:00:00+00:00,23436
2023-08-09 02:00:00+00:00,22920
2023-08-09 03:00:00+00:00,22644
2023-08-09 04:00:00+00:00,23044
2023-08-09 05:00:00+00:00,24936
2023-08-09 06:00:00+00:00,26056
2023-08-09 07:00:00+00:00,27256
2023-08-09 08:00:00+00:00,28540
2023-08-09 09:00:00+00:00,29300
2023-08-09 10:00:00+00:00,30120
2023-08-09 11:00:00+00:00,31072
2023-08-09 12:00:00+00:00,32052
2023-08-09 13:00:00+00:00,31992
2023-08-09 14:00:00+00:00,31524
2023-08-09 15:00:00+00:00,31520
2023-08-09 16:00:00+00:00,31848
2023-08-09 17:00:00+00:00,31708
2023-08-09 18:00:00+00:00,31560
2023-08-09 19:00:00+00:00,31508
2023-08-09 20:00:00+00:00,32060
2023-08-09 21:00:00+00:00,30132
2023-08-09 22:00:00+00:00,27932
2023-08-09 23:00:00+00:00,26636
2023-08-10 00:00:00+00:00,24916
2023-08-10 01:00:00+00:00,23788
2023-08-10 02:00:00+00:00,23356
2023-08-10 03:00:00+00:00,23016
2023-08-10 04:00:00+00:00,23260
2023-08-10 05:00:00+00:00,25164
2023-08-10 06:00:00+00:00,26288
2023-08-10 07:00:00+00:00,27576
2023-08-10 08:00:00+00:00,29068
2023-08-10 09:00:00+00:00,29864
2023-08-10 10:00:00+00:00,30480
2023-08-10 11:00:00+00:00,31620
2023-08-10 12:00:00+00:00,32448
2023-08-10 13:00:00+00:00,32412
2023-08-10 14:00:00+00:00,32228
2023-08-10 15:00:00+00:00,32132
2023-08-10 16:00:00+00:00,32412
2023-08-10 17:00:00+00:00,32224
2023-08-10 18:00:00+00:00,32104
2023-08-10 19:00:00+00:00,31844
2023-08-10 20:00:00+00:00,32460
2023-08-10 21:00:00+00:00,30284
2023-08-10 22:00:00+00:00,28108
2023-08-10 23:00:00+00:00,26648
2023-08-11 00:00:00+00:00,25000
2023-08-11 01:00:00+00:00,23908
2023-08-11 02:00:00+00:00,23288
2023-08-11 03:00:00+00:00,22964
2023-08-11 04:00:00+00:00,23256
2023-08-11 05:00:00+00:00,25100
2023-08-11 06:00:00+00:00,26080
2023-08-11 07:00:00+00:00,27576
2023-08-11 08:00:00+00:00,28696
2023-08-11 09:00:00+00:00,29664
2023-08-11 10:00:00+00:00,30224
2023-08-11 11:00:00+00:00,31084
2023-08-11 12:00:00+00:00,31620
2023-08-11 13:00:00+00:00,31560
2023-08-11 14:00:00+00:00,31276
2023-08-11 15:00:00+00:00,31300
2023-08-11 16:00:00+00:00,31676
2023-08-11 17:00:00+00:00,31748
2023-08-11 18:00:00+00:00,31704
2023-08-11 19:00:00+00:00,31344
2023-08-11 20:00:00+00:00,31568
2023-08-11 21:00:00+00:00,29488
2023-08-11 22:00:00+00:00,27592
2023-08-11 23:00:00+00:00,26308
2023-08-12 00:00:00+00:00,24720
2023-08-12 01:00:00+00:00,23524
2023-08-12 02:00:00+00:00,22700
2023-08-12 03:00:00+00:00,22180
2023-08-12 04:00:00+00:00,21944
2023-08-12 05:00:00+00:00,22472
2023-08-12 06:00:00+00:00,22484
2023-08-12 07:00:00+00:00,23612
2023-08-12 08:00:00+00:00,24952
2023-08-12 09:00:00+00:00,26020
2023-08-12 10:00:00+00:00,26612
2023-08-12 11:00:00+00:00,27320
2023-08-12 12:00:00+00:00,28252
2023-08-12 13:00:00+00:00,28184
2023-08-12 14:00:00+00:00,27928
2023-08-12 15:00:00+00:00,27840
2023-08-12 16:00:00+00:00,27996
2023-08-12 17:00:00+00:00,28636
2023-08-12 18:00:00+00:00,28872
2023-08-12 19:00:00+00:00,28972
2023-08-12 20:00:00+00:00,29768
2023-08-12 21:00:00+00:00,27900
2023-08-12 22:00:00+00:00,26204
2023-08-12 23:00:00+00:00,24760
2023-08-13 00:00:00+00:00,23428
2023-08-13 01:00:00+00:00,22304
2023-08-13 02:00:00+00:00,21556
2023-08-13 03:00:00+00:00,21212
2023-08-13 04:00:00+00:00,20836
2023-08-13 05:00:00+00:00,21016
2023-08-13 06:00:00+00:00,20396
2023-08-13 07:00:00+00:00,21168
2023-08-13 08:00:00+00:00,22280
2023-08-13 09:00:00+00:00,23204
2023-08-13 10:00:00+00:00,23820
2023-08-13 11:00:00+00:00,24540
2023-08-13 12:00:00+00:00,25752
2023-08-13 13:00:00+00:00,26016
2023-08-13 14:00:00+00:00,25708
2023-08-13 15:00:00+00:00,25492
2023-08-13 16:00:00+00:00,25984
2023-08-13 17:00:00+00:00,26672
2023-08-13 18:00:00+00:00,27028
2023-08-13 19:00:00+00:00,27312
2023-08-13 20:00:00+00:00,28732
2023-08-13 21:00:00+00:00,27292
2023-08-13 22:00:00+00:00,25444
2023-08-13 23:00:00+00:00,24028
2023-08-14 00:00:00+00:00,22556
2023-08-14 01:00:00+00:00,21532
2023-08-14 02:00:00+00:00,21020
2023-08-14 03:00:00+00:00,20796
2023-08-14 04:00:00+00:00,21180
2023-08-14 05:00:00+00:00,22708
2023-08-14 06:00:00+00:00,23520
2023-08-14 07:00:00+00:00,24684
2023-08-14 08:00:00+00:00,26052
2023-08-14 09:00:00+00:00,26680
2023-08-14 10:00:00+00:00,27224
2023-08-14 11:00:00+00:00,27940
2023-08-14 12:00:00+00:00,28932
2023-08-14 13:00:00+00:00,28992
2023-08-14 14:00:00+00:00,28764
2023-08-14 15:00:00+00:00,28684
2023-08-14 16:00:00+00:00,29200
2023-08-14 17:00:00+00:00,29324
2023-08-14 18:00:00+00:00,29264
2023-08-14 19:00:00+00:00,29140
2023-08-14 20:00:00+00:00,29548
2023-08-14 21:00:00+00:00,27340
2023-08-14 22:00:00+00:00,25556
2023-08-14 23:00:00+00:00,24228
2023-08-15 00:00:00+00:00,22992
2023-08-15 01:00:00+00:00,22000
2023-08-15 02:00:00+00:00,21340
2023-08-15 03:00:00+00:00,20960
2023-08-15 04:00:00+00:00,20836
2023-08-15 05:00:00+00:00,21288
2023-08-15 06:00:00+00:00,20956
2023-08-15 07:00:00+00:00,21584
2023-08-15 08:00:00+00:00,22536
2023-08-15 09:00:00+00:00,23392
2023-08-15 10:00:00+00:00,23944
2023-08-15 11:00:00+00:00,24748
2023-08-15 12:00:00+00:00,25608
2023-08-15 13:00:00+00:00,25860
2023-08-15 14:00:00+00:00,25692
2023-08-15 15:00:00+00:00,25648
2023-08-15 16:00:00+00:00,26184
2023-08-15 17:00:00+00:00,26416
2023-08-15 18:00:00+00:00,26684
2023-08-15 19:00:00+00:00,27216
2023-08-15 20:00:00+00:00,28388
2023-08-15 21:00:00+00:00,27164
2023-08-15 22:00:00+00:00,25504
2023-08-15 23:00:00+00:00,24176
2023-08-16 00:00:00+00:00,22808
2023-08-16 01:00:00+00:00,22000
2023-08-16 02:00:00+00:00,21464
2023-08-16 03:00:00+00:00,21216
2023-08-16 04:00:00+00:00,21596
2023-08-16 05:00:00+00:00,23328
2023-08-16 06:00:00+00:00,24420
2023-08-16 07:00:00+00:00,25840
2023-08-16 08:00:00+00:00,27076
2023-08-16 09:00:00+00:00,28068
2023-08-16 10:00:00+00:00,28520
2023-08-16 11:00:00+00:00,29220
2023-08-16 12:00:00+00:00,30064
2023-08-16 13:00:00+00:00,29884
2023-08-16 14:00:00+00:00,29596
2023-08-16 15:00:00+00:00,29624
2023-08-16 16:00:00+00:00,30048
2023-08-16 17:00:00+00:00,30180
2023-08-16 18:00:00+00:00,29892
2023-08-16 19:00:00+00:00,29988
2023-08-16 20:00:00+00:00,30492
2023-08-16 21:00:00+00:00,28368
2023-08-16 22:00:00+00:00,26328
2023-08-16 23:00:00+00:00,25116
2023-08-17 00:00:00+00:00,23676
2023-08-17 01:00:00+00:00,22628
2023-08-17 02:00:00+00:00,22228
2023-08-17 03:00:00+00:00,21992
2023-08-17 04:00:00+00:00,22176
2023-08-17 05:00:00+00:00,23892
2023-08-17 06:00:00+00:00,24944
2023-08-17 07:00:00+00:00,26164
2023-08-17 08:00:00+00:00,27440
2023-08-17 09:00:00+00:00,28140
2023-08-17 10:00:00+00:00,28568
2023-08-17 11:00:00+00:00,29496
2023-08-17 12:00:00+00:00,30104
2023-08-17 13:00:00+00:00,30004
2023-08-17 14:00:00+00:00,29692
2023-08-17 15:00:00+00:00,29724
2023-08-17 16:00:00+00:00,30176
2023-08-17 17:00:00+00:00,30304
2023-08-17 18:00:00+00:00,30384
2023-08-17 19:00:00+00:00,30380
2023-08-17 20:00:00+00:00,30772
2023-08-17 21:00:00+00:00,28376
2023-08-17 22:00:00+00:00,26208
2023-08-17 23:00:00+00:00,25020
2023-08-18 00:00:00+00:00,23640
2023-08-18 01:00:00+00:00,22712
2023-08-18 02:00:00+00:00,22128
2023-08-18 03:00:00+00:00,21872
2023-08-18 04:00:00+00:00,22244
2023-08-18 05:00:00+00:00,24008
2023-08-18 06:00:00+00:00,24904
2023-08-18 07:00:00+00:00,26168
2023-08-18 08:00:00+00:00,27340
2023-08-18 09:00:00+00:00,28144
2023-08-18 10:00:00+00:00,28476
2023-08-18 11:00:00+00:00,29220
2023-08-18 12:00:00+00:00,30020
2023-08-18 13:00:00+00:00,29968
2023-08-18 14:00:00+00:00,29532
2023-08-18 15:00:00+00:00,29716
2023-08-18 16:00:00+00:00,30140
2023-08-18 17:00:00+00:00,30232
2023-08-18 18:00:00+00:00,30380
2023-08-18 19:00:00+00:00,30516
2023-08-18 20:00:00+00:00,30716
2023-08-18 21:00:00+00:00,28368
2023-08-18 22:00:00+00:00,26464
2023-08-18 23:00:00+00:00,25288
2023-08-19 00:00:00+00:00,23800
2023-08-19 01:00:00+00:00,22912
2023-08-19 02:00:00+00:00,22316
2023-08-19 03:00:00+00:00,21828
2023-08-19 04:00:00+00:00,21420
2023-08-19 05:00:00+00:00,22064
2023-08-19 06:00:00+00:00,22036
2023-08-19 07:00:00+00:00,22992
2023-08-19 08:00:00+00:00,24440
2023-08-19 09:00:00+00:00,25244
2023-08-19 10:00:00+00:00,25812
2023-08-19 11:00:00+00:00,26600
2023-08-19 12:00:00+00:00,27468
2023-08-19 13:00:00+00:00,27492
2023-08-19 14:00:00+00:00,27236
2023-08-19 15:00:00+00:00,27292
2023-08-19 16:00:00+00:00,27788
2023-08-19 17:00:00+00:00,28428
2023-08-19 18:00:00+00:00,28672
2023-08-19 19:00:00+00:00,29136
2023-08-19 20:00:00+00:00,29660
2023-08-19 21:00:00+00:00,27856
2023-08-19 22:00:00+00:00,26048
2023-08-19 23:00:00+00:00,24536
2023-08-20 00:00:00+00:00,23416
2023-08-20 01:00:00+00:00,22380
2023-08-20 02:00:00+00:00,21776
2023-08-20 03:00:00+00:00,21220
2023-08-20 04:00:00+00:00,21164
2023-08-20 05:00:00+00:00,21132
2023-08-20 06:00:00+00:00,20656
2023-08-20 07:00:00+00:00,21460
2023-08-20 08:00:00+00:00,22724
2023-08-20 09:00:00+00:00,23768
2023-08-20 10:00:00+00:00,24668
2023-08-20 11:00:00+00:00,25628
2023-08-20 12:00:00+00:00,26688
2023-08-20 13:00:00+00:00,27060
2023-08-20 14:00:00+00:00,26804
2023-08-20 15:00:00+00:00,26728
2023-08-20 16:00:00+00:00,27144
2023-08-20 17:00:00+00:00,27684
2023-08-20 18:00:00+00:00,28312
2023-08-20 19:00:00+00:00,28884
2023-08-20 20:00:00+00:00,30380
2023-08-20 21:00:00+00:00,29160
2023-08-20 22:00:00+00:00,27100
2023-08-20 23:00:00+00:00,25640
2023-08-21 00:00:00+00:00,24188
2023-08-21 01:00:00+00:00,23052
2023-08-21 02:00:00+00:00,22344
2023-08-21 03:00:00+00:00,22160
2023-08-21 04:00:00+00:00,22708
2023-08-21 05:00:00+00:00,25080
2023-08-21 06:00:00+00:00,26660
2023-08-21 07:00:00+00:00,28132
2023-08-21 08:00:00+00:00,29492
2023-08-21 09:00:00+00:00,30752
2023-08-21 10:00:00+00:00,31732
2023-08-21 11:00:00+00:00,32696
2023-08-21 12:00:00+00:00,33808
2023-08-21 13:00:00+00:00,33884
2023-08-21 14:00:00+00:00,33660
2023-08-21 15:00:00+00:00,33628
2023-08-21 16:00:00+00:00,34048
2023-08-21 17:00:00+00:00,34180
2023-08-21 18:00:00+00:00,34060
2023-08-21 19:00:00+00:00,34084
2023-08-21 20:00:00+00:00,34504
2023-08-21 21:00:00+00:00,32356
2023-08-21 22:00:00+00:00,29524
2023-08-21 23:00:00+00:00,27900
2023-08-22 00:00:00+00:00,26284
2023-08-22 01:00:00+00:00,25144
2023-08-22 02:00:00+00:00,24520
2023-08-22 03:00:00+00:00,24084
2023-08-22 04:00:00+00:00,24540
2023-08-22 05:00:00+00:00,26520
2023-08-22 06:00:00+00:00,27720
2023-08-22 07:00:00+00:00,29120
2023-08-22 08:00:00+00:00,30496
2023-08-22 09:00:00+00:00,31544
2023-08-22 10:00:00+00:00,32244
2023-08-22 11:00:00+00:00,33096
2023-08-22 12:00:00+00:00,34024
2023-08-22 13:00:00+00:00,34068
2023-08-22 14:00:00+00:00,33904
2023-08-22 15:00:00+00:00,34012
2023-08-22 16:00:00+00:00,34372
2023-08-22 17:00:00+00:00,34372
2023-08-22 18:00:00+00:00,34216
2023-08-22 19:00:00+00:00,34400
2023-08-22 20:00:00+00:00,34528
2023-08-22 21:00:00+00:00,32324
2023-08-22 22:00:00+00:00,29856
2023-08-22 23:00:00+00:00,28268
2023-08-23 00:00:00+00:00,26492
2023-08-23 01:00:00+00:00,25560
2023-08-23 02:00:00+00:00,24876
2023-08-23 03:00:00+00:00,24588
2023-08-23 04:00:00+00:00,24932
2023-08-23 05:00:00+00:00,27020
2023-08-23 06:00:00+00:00,28204
2023-08-23 07:00:00+00:00,29420
2023-08-23 08:00:00+00:00,30920
2023-08-23 09:00:00+00:00,32272
2023-08-23 10:00:00+00:00,33244
2023-08-23 11:00:00+00:00,34088
2023-08-23 12:00:00+00:00,34940
2023-08-23 13:00:00+00:00,34956
2023-08-23 14:00:00+00:00,34868
2023-08-23 15:00:00+00:00,34792
2023-08-23 16:00:00+00:00,35032
2023-08-23 17:00:00+00:00,35172
2023-08-23 18:00:00+00:00,34872
2023-08-23 19:00:00+00:00,34868
2023-08-23 20:00:00+00:00,34996
2023-08-23 21:00:00+00:00,32632
2023-08-23 22:00:00+00:00,30124
2023-08-23 23:00:00+00:00,28656
2023-08-24 00:00:00+00:00,27028
2023-08-24 01:00:00+00:00,25772
2023-08-24 02:00:00+00:00,25052
2023-08-24 03:00:00+00:00,24808
2023-08-24 04:00:00+00:00,24992
2023-08-24 05:00:00+00:00,26948
2023-08-24 06:00:00+00:00,28120
2023-08-24 07:00:00+00:00,29468
2023-08-24 08:00:00+00:00,30816
2023-08-24 09:00:00+00:00,32328
2023-08-24 10:00:00+00:00,33144
2023-08-24 11:00:00+00:00,34192
2023-08-24 12:00:00+00:00,35144
2023-08-24 13:00:00+00:00,35268
2023-08-24 14:00:00+00:00,35284
2023-08-24 15:00:00+00:00,35132
2023-08-24 16:00:00+00:00,35276
2023-08-24 17:00:00+00:00,35144
2023-08-24 18:00:00+00:00,34872
2023-08-24 19:00:00+00:00,34652
2023-08-24 20:00:00+00:00,34860
2023-08-24 21:00:00+00:00,32620
2023-08-24 22:00:00+00:00,30316
2023-08-24 23:00:00+00:00,28784
2023-08-25 00:00:00+00:00,27108
2023-08-25 01:00:00+00:00,25896
2023-08-25 02:00:00+00:00,25148
2023-08-25 03:00:00+00:00,24768
2023-08-25 04:00:00+00:00,25028
2023-08-25 05:00:00+00:00,26856
2023-08-25 06:00:00+00:00,28048
2023-08-25 07:00:00+00:00,29440
2023-08-25 08:00:00+00:00,30996
2023-08-25 09:00:00+00:00,32256
2023-08-25 10:00:00+00:00,33056
2023-08-25 11:00:00+00:00,33988
2023-08-25 12:00:00+00:00,34848
2023-08-25 13:00:00+00:00,34756
2023-08-25 14:00:00+00:00,34396
2023-08-25 15:00:00+00:00,34336
2023-08-25 16:00:00+00:00,34500
2023-08-25 17:00:00+00:00,34236
2023-08-25 18:00:00+00:00,34032
2023-08-25 19:00:00+00:00,33920
2023-08-25 20:00:00+00:00,33488
2023-08-25 21:00:00+00:00,31456
2023-08-25 22:00:00+00:00,29484
2023-08-25 23:00:00+00:00,28168
2023-08-26 00:00:00+00:00,26704
2023-08-26 01:00:00+00:00,25492
2023-08-26 02:00:00+00:00,24752
2023-08-26 03:00:00+00:00,24068
2023-08-26 04:00:00+00:00,23660
2023-08-26 05:00:00+00:00,23972
2023-08-26 06:00:00+00:00,24036
2023-08-26 07:00:00+00:00,24844
2023-08-26 08:00:00+00:00,26192
2023-08-26 09:00:00+00:00,27416
2023-08-26 10:00:00+00:00,28004
2023-08-26 11:00:00+00:00,28720
2023-08-26 12:00:00+00:00,30072
2023-08-26 13:00:00+00:00,30108
2023-08-26 14:00:00+00:00,29496
2023-08-26 15:00:00+00:00,29088
2023-08-26 16:00:00+00:00,28996
2023-08-26 17:00:00+00:00,28604
2023-08-26 18:00:00+00:00,28308
2023-08-26 19:00:00+00:00,28716
2023-08-26 20:00:00+00:00,28892
2023-08-26 21:00:00+00:00,26968
2023-08-26 22:00:00+00:00,25196
2023-08-26 23:00:00+00:00,23804
2023-08-27 00:00:00+00:00,22488
2023-08-27 01:00:00+00:00,21684
2023-08-27 02:00:00+00:00,21092
2023-08-27 03:00:00+00:00,20772
2023-08-27 04:00:00+00:00,20620
2023-08-27 05:00:00+00:00,20752
2023-08-27 06:00:00+00:00,20232
2023-08-27 07:00:00+00:00,20752
2023-08-27 08:00:00+00:00,21740
2023-08-27 09:00:00+00:00,21772
2023-08-27 10:00:00+00:00,21868
2023-08-27 11:00:00+00:00,22156
2023-08-27 12:00:00+00:00,23168
2023-08-27 13:00:00+00:00,22812
2023-08-27 14:00:00+00:00,22096
2023-08-27 15:00:00+00:00,21916
2023-08-27 16:00:00+00:00,22424
2023-08-27 17:00:00+00:00,23144
2023-08-27 18:00:00+00:00,23684
2023-08-27 19:00:00+00:00,24960
2023-08-27 20:00:00+00:00,25908
2023-08-27 21:00:00+00:00,24880
2023-08-27 22:00:00+00:00,23260
2023-08-27 23:00:00+00:00,22028
2023-08-28 00:00:00+00:00,20972
2023-08-28 01:00:00+00:00,20388
2023-08-28 02:00:00+00:00,19988
2023-08-28 03:00:00+00:00,19968
2023-08-28 04:00:00+00:00,20856
2023-08-28 05:00:00+00:00,23492
2023-08-28 06:00:00+00:00,25224
2023-08-28 07:00:00+00:00,26280
2023-08-28 08:00:00+00:00,27136
2023-08-28 09:00:00+00:00,27128
2023-08-28 10:00:00+00:00,27336
2023-08-28 11:00:00+00:00,27792
2023-08-28 12:00:00+00:00,28196
2023-08-28 13:00:00+00:00,27892
2023-08-28 14:00:00+00:00,27416
2023-08-28 15:00:00+00:00,27652
2023-08-28 16:00:00+00:00,27940
2023-08-28 17:00:00+00:00,28608
2023-08-28 18:00:00+00:00,28744
2023-08-28 19:00:00+00:00,29676
2023-08-28 20:00:00+00:00,29516
2023-08-28 21:00:00+00:00,27080
2023-08-28 22:00:00+00:00,25224
2023-08-28 23:00:00+00:00,24196
2023-08-29 00:00:00+00:00,22824
2023-08-29 01:00:00+00:00,22316
2023-08-29 02:00:00+00:00,21880
2023-08-29 03:00:00+00:00,21772
2023-08-29 04:00:00+00:00,22340
2023-08-29 05:00:00+00:00,24436
2023-08-29 06:00:00+00:00,25868
2023-08-29 07:00:00+00:00,26828
2023-08-29 08:00:00+00:00,27276
2023-08-29 09:00:00+00:00,28024
2023-08-29 10:00:00+00:00,27824
2023-08-29 11:00:00+00:00,28468
2023-08-29 12:00:00+00:00,28876
2023-08-29 13:00:00+00:00,28332
2023-08-29 14:00:00+00:00,27956
2023-08-29 15:00:00+00:00,28196
2023-08-29 16:00:00+00:00,28536
2023-08-29 17:00:00+00:00,29100
2023-08-29 18:00:00+00:00,29140
2023-08-29 19:00:00+00:00,29996
2023-08-29 20:00:00+00:00,29984
2023-08-29 21:00:00+00:00,27496
2023-08-29 22:00:00+00:00,25436
2023-08-29 23:00:00+00:00,24400
2023-08-30 00:00:00+00:00,23188
2023-08-30 01:00:00+00:00,22448
2023-08-30 02:00:00+00:00,22044
2023-08-30 03:00:00+00:00,21884
2023-08-30 04:00:00+00:00,22568
2023-08-30 05:00:00+00:00,25092
2023-08-30 06:00:00+00:00,26392
2023-08-30 07:00:00+00:00,27324
2023-08-30 08:00:00+00:00,28132
2023-08-30 09:00:00+00:00,28580
2023-08-30 10:00:00+00:00,28972
2023-08-30 11:00:00+00:00,29316
2023-08-30 12:00:00+00:00,29652
2023-08-30 13:00:00+00:00,28928
2023-08-30 14:00:00+00:00,28288
2023-08-30 15:00:00+00:00,28076
2023-08-30 16:00:00+00:00,28532
2023-08-30 17:00:00+00:00,28960
2023-08-30 18:00:00+00:00,29092
2023-08-30 19:00:00+00:00,30088
2023-08-30 20:00:00+00:00,29768
2023-08-30 21:00:00+00:00,27484
2023-08-30 22:00:00+00:00,25516
2023-08-30 23:00:00+00:00,24360
2023-08-31 00:00:00+00:00,23232
2023-08-31 01:00:00+00:00,22388
2023-08-31 02:00:00+00:00,22068
2023-08-31 03:00:00+00:00,21880
2023-08-31 04:00:00+00:00,22580
2023-08-31 05:00:00+00:00,24944
2023-08-31 06:00:00+00:00,26284
2023-08-31 07:00:00+00:00,27000
2023-08-31 08:00:00+00:00,27716
2023-08-31 09:00:00+00:00,28356
2023-08-31 10:00:00+00:00,28608
2023-08-31 11:00:00+00:00,29236
2023-08-31 12:00:00+00:00,29636
2023-08-31 13:00:00+00:00,29024
2023-08-31 14:00:00+00:00,28552
2023-08-31 15:00:00+00:00,28556
2023-08-31 16:00:00+00:00,29240
2023-08-31 17:00:00+00:00,29704
2023-08-31 18:00:00+00:00,30176
2023-08-31 19:00:00+00:00,30832
2023-08-31 20:00:00+00:00,30420
2023-08-31 21:00:00+00:00,28068
2023-08-31 22:00:00+00:00,25972
2023-08-31 23:00:00+00:00,24972
2023-09-01 00:00:00+00:00,23708
2023-09-01 01:00:00+00:00,22796
2023-09-01 02:00:00+00:00,22440
2023-09-01 03:00:00+00:00,22320
2023-09-01 04:00:00+00:00,23012
2023-09-01 05:00:00+00:00,25452
2023-09-01 06:00:00+00:00,26736
2023-09-01 07:00:00+00:00,27740
2023-09-01 08:00:00+00:00,28596
2023-09-01 09:00:00+00:00,29024
2023-09-01 10:00:00+00:00,29592
2023-09-01 11:00:00+00:00,30176
2023-09-01 12:00:00+00:00,30636
2023-09-01 13:00:00+00:00,29920
2023-09-01 14:00:00+00:00,29520
2023-09-01 15:00:00+00:00,29448
2023-09-01 16:00:00+00:00,29840
2023-09-01 17:00:00+00:00,29916
2023-09-01 18:00:00+00:00,29760
2023-09-01 19:00:00+00:00,30432
2023-09-01 20:00:00+00:00,29356
2023-09-01 21:00:00+00:00,26968
2023-09-01 22:00:00+00:00,25192
2023-09-01 23:00:00+00:00,24288
2023-09-02 00:00:00+00:00,23160
2023-09-02 01:00:00+00:00,22100
2023-09-02 02:00:00+00:00,21532
2023-09-02 03:00:00+00:00,21260
2023-09-02 04:00:00+00:00,20984
2023-09-02 05:00:00+00:00,21588
2023-09-02 06:00:00+00:00,22024
2023-09-02 07:00:00+00:00,23112
2023-09-02 08:00:00+00:00,24548
2023-09-02 09:00:00+00:00,25400
2023-09-02 10:00:00+00:00,25736
2023-09-02 11:00:00+00:00,26072
2023-09-02 12:00:00+00:00,26464
2023-09-02 13:00:00+00:00,25532
2023-09-02 14:00:00+00:00,24400
2023-09-02 15:00:00+00:00,23932
2023-09-02 16:00:00+00:00,23980
2023-09-02 17:00:00+00:00,23844
2023-09-02 18:00:00+00:00,24464
2023-09-02 19:00:00+00:00,26012
2023-09-02 20:00:00+00:00,25764
2023-09-02 21:00:00+00:00,23796
2023-09-02 22:00:00+00:00,22148
2023-09-02 23:00:00+00:00,20940
2023-09-03 00:00:00+00:00,20056
2023-09-03 01:00:00+00:00,19372
2023-09-03 02:00:00+00:00,18956
2023-09-03 03:00:00+00:00,18516
2023-09-03 04:00:00+00:00,18604
2023-09-03 05:00:00+00:00,19188
2023-09-03 06:00:00+00:00,19076
2023-09-03 07:00:00+00:00,19800
2023-09-03 08:00:00+00:00,21524
2023-09-03 09:00:00+00:00,22488
2023-09-03 10:00:00+00:00,23036
2023-09-03 11:00:00+00:00,23852
2023-09-03 12:00:00+00:00,24628
2023-09-03 13:00:00+00:00,23752
2023-09-03 14:00:00+00:00,22584
2023-09-03 15:00:00+00:00,22084
2023-09-03 16:00:00+00:00,22348
2023-09-03 17:00:00+00:00,22880
2023-09-03 18:00:00+00:00,23412
2023-09-03 19:00:00+00:00,25396
2023-09-03 20:00:00+00:00,25732
2023-09-03 21:00:00+00:00,24188
2023-09-03 22:00:00+00:00,22632
2023-09-03 23:00:00+00:00,21228
2023-09-04 00:00:00+00:00,20284
2023-09-04 01:00:00+00:00,19696
2023-09-04 02:00:00+00:00,19616
2023-09-04 03:00:00+00:00,19848
2023-09-04 04:00:00+00:00,20680
2023-09-04 05:00:00+00:00,23944
2023-09-04 06:00:00+00:00,25952
2023-09-04 07:00:00+00:00,27736
2023-09-04 08:00:00+00:00,28744
2023-09-04 09:00:00+00:00,29180
2023-09-04 10:00:00+00:00,29544
2023-09-04 11:00:00+00:00,30120
2023-09-04 12:00:00+00:00,30184
2023-09-04 13:00:00+00:00,29500
2023-09-04 14:00:00+00:00,28912
2023-09-04 15:00:00+00:00,28852
2023-09-04 16:00:00+00:00,29148
2023-09-04 17:00:00+00:00,29176
2023-09-04 18:00:00+00:00,29432
2023-09-04 19:00:00+00:00,30764
2023-09-04 20:00:00+00:00,29864
2023-09-04 21:00:00+00:00,26440
2023-09-04 22:00:00+00:00,24304
2023-09-04 23:00:00+00:00,23288
2023-09-05 00:00:00+00:00,22508
2023-09-05 01:00:00+00:00,21784
2023-09-05 02:00:00+00:00,21572
2023-09-05 03:00:00+00:00,21492
2023-09-05 04:00:00+00:00,22252
2023-09-05 05:00:00+00:00,24680
2023-09-05 06:00:00+00:00,26752
2023-09-05 07:00:00+00:00,28200
2023-09-05 08:00:00+00:00,28836
2023-09-05 09:00:00+00:00,29500
2023-09-05 10:00:00+00:00,29804
2023-09-05 11:00:00+00:00,30324
2023-09-05 12:00:00+00:00,30436
2023-09-05 13:00:00+00:00,29672
2023-09-05 14:00:00+00:00,29116
2023-09-05 15:00:00+00:00,29232
2023-09-05 16:00:00+00:00,29372
2023-09-05 17:00:00+00:00,29740
2023-09-05 18:00:00+00:00,29928
2023-09-05 19:00:00+00:00,31332
2023-09-05 20:00:00+00:00,30452
2023-09-05 21:00:00+00:00,27832
2023-09-05 22:00:00+00:00,25636
2023-09-05 23:00:00+00:00,24604
2023-09-06 00:00:00+00:00,23556
2023-09-06 01:00:00+00:00,22300
2023-09-06 02:00:00+00:00,21948
2023-09-06 03:00:00+00:00,21932
2023-09-06 04:00:00+00:00,22608
2023-09-06 05:00:00+00:00,25344
2023-09-06 06:00:00+00:00,27300
2023-09-06 07:00:00+00:00,28616
2023-09-06 08:00:00+00:00,29336
2023-09-06 09:00:00+00:00,29792
2023-09-06 10:00:00+00:00,30224
2023-09-06 11:00:00+00:00,30748
2023-09-06 12:00:00+00:00,30836
2023-09-06 13:00:00+00:00,30048
2023-09-06 14:00:00+00:00,29556
2023-09-06 15:00:00+00:00,29888
2023-09-06 16:00:00+00:00,30208
2023-09-06 17:00:00+00:00,30180
2023-09-06 18:00:00+00:00,30404
2023-09-06 19:00:00+00:00,31668
2023-09-06 20:00:00+00:00,30416
2023-09-06 21:00:00+00:00,27800
2023-09-06 22:00:00+00:00,25724
2023-09-06 23:00:00+00:00,24960
2023-09-07 00:00:00+00:00,23620
2023-09-07 01:00:00+00:00,22964
2023-09-07 02:00:00+00:00,22496
2023-09-07 03:00:00+00:00,22384
2023-09-07 04:00:00+00:00,23040
2023-09-07 05:00:00+00:00,25592
2023-09-07 06:00:00+00:00,27676
2023-09-07 07:00:00+00:00,28744
2023-09-07 08:00:00+00:00,29732
2023-09-07 09:00:00+00:00,29888
2023-09-07 10:00:00+00:00,30280
2023-09-07 11:00:00+00:00,30948
2023-09-07 12:00:00+00:00,31320
2023-09-07 13:00:00+00:00,30492
2023-09-07 14:00:00+00:00,30000
2023-09-07 15:00:00+00:00,29948
2023-09-07 16:00:00+00:00,30296
2023-09-07 17:00:00+00:00,30744
2023-09-07 18:00:00+00:00,30464
2023-09-07 19:00:00+00:00,31768
2023-09-07 20:00:00+00:00,30628
2023-09-07 21:00:00+00:00,27896
2023-09-07 22:00:00+00:00,25748
2023-09-07 23:00:00+00:00,24580
2023-09-08 00:00:00+00:00,23276
2023-09-08 01:00:00+00:00,22804
2023-09-08 02:00:00+00:00,22264
2023-09-08 03:00:00+00:00,22320
2023-09-08 04:00:00+00:00,22720
2023-09-08 05:00:00+00:00,25184
2023-09-08 06:00:00+00:00,26924
2023-09-08 07:00:00+00:00,27872
2023-09-08 08:00:00+00:00,28512
2023-09-08 09:00:00+00:00,28880
2023-09-08 10:00:00+00:00,29304
2023-09-08 11:00:00+00:00,29600
2023-09-08 12:00:00+00:00,29756
2023-09-08 13:00:00+00:00,28944
2023-09-08 14:00:00+00:00,28344
2023-09-08 15:00:00+00:00,28544
2023-09-08 16:00:00+00:00,28936
2023-09-08 17:00:00+00:00,29224
2023-09-08 18:00:00+00:00,29304
2023-09-08 19:00:00+00:00,30556
2023-09-08 20:00:00+00:00,29176
2023-09-08 21:00:00+00:00,26528
2023-09-08 22:00:00+00:00,24956
2023-09-08 23:00:00+00:00,23912
2023-09-09 00:00:00+00:00,22796
2023-09-09 01:00:00+00:00,21908
2023-09-09 02:00:00+00:00,21388
2023-09-09 03:00:00+00:00,21076
2023-09-09 04:00:00+00:00,20892
2023-09-09 05:00:00+00:00,21716
2023-09-09 06:00:00+00:00,22204
2023-09-09 07:00:00+00:00,23192
2023-09-09 08:00:00+00:00,24680
2023-09-09 09:00:00+00:00,25324
2023-09-09 10:00:00+00:00,25088
2023-09-09 11:00:00+00:00,25340
2023-09-09 12:00:00+00:00,25904
2023-09-09 13:00:00+00:00,25372
2023-09-09 14:00:00+00:00,24708
2023-09-09 15:00:00+00:00,24460
2023-09-09 16:00:00+00:00,24968
2023-09-09 17:00:00+00:00,25388
2023-09-09 18:00:00+00:00,25812
2023-09-09 19:00:00+00:00,27292
2023-09-09 20:00:00+00:00,26912
2023-09-09 21:00:00+00:00,24928
2023-09-09 22:00:00+00:00,23396
2023-09-09 23:00:00+00:00,22004
2023-09-10 00:00:00+00:00,21080
2023-09-10 01:00:00+00:00,20320
2023-09-10 02:00:00+00:00,19848
2023-09-10 03:00:00+00:00,19476
2023-09-10 04:00:00+00:00,19280
2023-09-10 05:00:00+00:00,19804
2023-09-10 06:00:00+00:00,19996
2023-09-10 07:00:00+00:00,20436
2023-09-10 08:00:00+00:00,21380
2023-09-10 09:00:00+00:00,22208
2023-09-10 10:00:00+00:00,22528
2023-09-10 11:00:00+00:00,22916
2023-09-10 12:00:00+00:00,23756
2023-09-10 13:00:00+00:00,23480
2023-09-10 14:00:00+00:00,22836
2023-09-10 15:00:00+00:00,22848
2023-09-10 16:00:00+00:00,23376
2023-09-10 17:00:00+00:00,24032
2023-09-10 18:00:00+00:00,24628
2023-09-10 19:00:00+00:00,26652
2023-09-10 20:00:00+00:00,26500
2023-09-10 21:00:00+00:00,25072
2023-09-10 22:00:00+00:00,23400
2023-09-10 23:00:00+00:00,22100
2023-09-11 00:00:00+00:00,21048
2023-09-11 01:00:00+00:00,20576
2023-09-11 02:00:00+00:00,20392
2023-09-11 03:00:00+00:00,20336
2023-09-11 04:00:00+00:00,21152
2023-09-11 05:00:00+00:00,23744
2023-09-11 06:00:00+00:00,25904
2023-09-11 07:00:00+00:00,26892
2023-09-11 08:00:00+00:00,27564
2023-09-11 09:00:00+00:00,27828
2023-09-11 10:00:00+00:00,27676
2023-09-11 11:00:00+00:00,28204
2023-09-11 12:00:00+00:00,28708
2023-09-11 13:00:00+00:00,28156
2023-09-11 14:00:00+00:00,27640
2023-09-11 15:00:00+00:00,27668
2023-09-11 16:00:00+00:00,28124
2023-09-11 17:00:00+00:00,28260
2023-09-11 18:00:00+00:00,28564
2023-09-11 19:00:00+00:00,30500
2023-09-11 20:00:00+00:00,29220
2023-09-11 21:00:00+00:00,26860
2023-09-11 22:00:00+00:00,24644
2023-09-11 23:00:00+00:00,23616
2023-09-12 00:00:00+00:00,22544
2023-09-12 01:00:00+00:00,21948
2023-09-12 02:00:00+00:00,21644
2023-09-12 03:00:00+00:00,21724
2023-09-12 04:00:00+00:00,22376
2023-09-12 05:00:00+00:00,25248
2023-09-12 06:00:00+00:00,27560
2023-09-12 07:00:00+00:00,28768
2023-09-12 08:00:00+00:00,29248
2023-09-12 09:00:00+00:00,29568
2023-09-12 10:00:00+00:00,29596
2023-09-12 11:00:00+00:00,30292
2023-09-12 12:00:00+00:00,30120
2023-09-12 13:00:00+00:00,29580
2023-09-12 14:00:00+00:00,29404
2023-09-12 15:00:00+00:00,29472
2023-09-12 16:00:00+00:00,29724
2023-09-12 17:00:00+00:00,29516
2023-09-12 18:00:00+00:00,29780
2023-09-12 19:00:00+00:00,31780
2023-09-12 20:00:00+00:00,30080
2023-09-12 21:00:00+00:00,27268
2023-09-12 22:00:00+00:00,24912
2023-09-12 23:00:00+00:00,23948
2023-09-13 00:00:00+00:00,23020
2023-09-13 01:00:00+00:00,22424
2023-09-13 02:00:00+00:00,22128
2023-09-13 03:00:00+00:00,22200
2023-09-13 04:00:00+00:00,22668
2023-09-13 05:00:00+00:00,25668
2023-09-13 06:00:00+00:00,28176
2023-09-13 07:00:00+00:00,28964
2023-09-13 08:00:00+00:00,28996
2023-09-13 09:00:00+00:00,29412
2023-09-13 10:00:00+00:00,29484
2023-09-13 11:00:00+00:00,29724
2023-09-13 12:00:00+00:00,29548
2023-09-13 13:00:00+00:00,28916
2023-09-13 14:00:00+00:00,28692
2023-09-13 15:00:00+00:00,28816
2023-09-13 16:00:00+00:00,29544
2023-09-13 17:00:00+00:00,29732
2023-09-13 18:00:00+00:00,30124
2023-09-13 19:00:00+00:00,31888
2023-09-13 20:00:00+00:00,30024
2023-09-13 21:00:00+00:00,27172
2023-09-13 22:00:00+00:00,24960
2023-09-13 23:00:00+00:00,23848
2023-09-14 00:00:00+00:00,22888
2023-09-14 01:00:00+00:00,22312
2023-09-14 02:00:00+00:00,22044
2023-09-14 03:00:00+00:00,21916
2023-09-14 04:00:00+00:00,22588
2023-09-14 05:00:00+00:00,25512
2023-09-14 06:00:00+00:00,28092
2023-09-14 07:00:00+00:00,28784
2023-09-14 08:00:00+00:00,29520
2023-09-14 09:00:00+00:00,29744
2023-09-14 10:00:00+00:00,29836
2023-09-14 11:00:00+00:00,30620
2023-09-14 12:00:00+00:00,30604
2023-09-14 13:00:00+00:00,30036
2023-09-14 14:00:00+00:00,29600
2023-09-14 15:00:00+00:00,29832
2023-09-14 16:00:00+00:00,30016
2023-09-14 17:00:00+00:00,30240
2023-09-14 18:00:00+00:00,30680
2023-09-14 19:00:00+00:00,32088
2023-09-14 20:00:00+00:00,30340
2023-09-14 21:00:00+00:00,27820
2023-09-14 22:00:00+00:00,25592
2023-09-14 23:00:00+00:00,24604
2023-09-15 00:00:00+00:00,23672
2023-09-15 01:00:00+00:00,22796
2023-09-15 02:00:00+00:00,22636
2023-09-15 03:00:00+00:00,22420
2023-09-15 04:00:00+00:00,23172
2023-09-15 05:00:00+00:00,25820
2023-09-15 06:00:00+00:00,28140
2023-09-15 07:00:00+00:00,29108
2023-09-15 08:00:00+00:00,29768
2023-09-15 09:00:00+00:00,29892
2023-09-15 10:00:00+00:00,30164
2023-09-15 11:00:00+00:00,30424
2023-09-15 12:00:00+00:00,30260
2023-09-15 13:00:00+00:00,29476
2023-09-15 14:00:00+00:00,28672
2023-09-15 15:00:00+00:00,28448
2023-09-15 16:00:00+00:00,28636
2023-09-15 17:00:00+00:00,28484
2023-09-15 18:00:00+00:00,28708
2023-09-15 19:00:00+00:00,30368
2023-09-15 20:00:00+00:00,28604
2023-09-15 21:00:00+00:00,26160
2023-09-15 22:00:00+00:00,24240
2023-09-15 23:00:00+00:00,23320
2023-09-16 00:00:00+00:00,22108
2023-09-16 01:00:00+00:00,21268
2023-09-16 02:00:00+00:00,20804
2023-09-16 03:00:00+00:00,20544
2023-09-16 04:00:00+00:00,20376
2023-09-16 05:00:00+00:00,20988
2023-09-16 06:00:00+00:00,21676
2023-09-16 07:00:00+00:00,22744
2023-09-16 08:00:00+00:00,23944
2023-09-16 09:00:00+00:00,24912
2023-09-16 10:00:00+00:00,24868
2023-09-16 11:00:00+00:00,24924
2023-09-16 12:00:00+00:00,25324
2023-09-16 13:00:00+00:00,24464
2023-09-16 14:00:00+00:00,23724
2023-09-16 15:00:00+00:00,23300
2023-09-16 16:00:00+00:00,23652
2023-09-16 17:00:00+00:00,24172
2023-09-16 18:00:00+00:00,25044
2023-09-16 19:00:00+00:00,26948
2023-09-16 20:00:00+00:00,26232
2023-09-16 21:00:00+00:00,24216
2023-09-16 22:00:00+00:00,22640
2023-09-16 23:00:00+00:00,21648
2023-09-17 00:00:00+00:00,20396
2023-09-17 01:00:00+00:00,19668
2023-09-17 02:00:00+00:00,19256
2023-09-17 03:00:00+00:00,18900
2023-09-17 04:00:00+00:00,18700
2023-09-17 05:00:00+00:00,19192
2023-09-17 06:00:00+00:00,19492
2023-09-17 07:00:00+00:00,19992
2023-09-17 08:00:00+00:00,20988
2023-09-17 09:00:00+00:00,22040
2023-09-17 10:00:00+00:00,22648
2023-09-17 11:00:00+00:00,23380
2023-09-17 12:00:00+00:00,24196
2023-09-17 13:00:00+00:00,23088
2023-09-17 14:00:00+00:00,22148
2023-09-17 15:00:00+00:00,21780
2023-09-17 16:00:00+00:00,22144
2023-09-17 17:00:00+00:00,22868
2023-09-17 18:00:00+00:00,23896
2023-09-17 19:00:00+00:00,26600
2023-09-17 20:00:00+00:00,25908
2023-09-17 21:00:00+00:00,24056
2023-09-17 22:00:00+00:00,22144
2023-09-17 23:00:00+00:00,21004
2023-09-18 00:00:00+00:00,19996
2023-09-18 01:00:00+00:00,19412
2023-09-18 02:00:00+00:00,19376
2023-09-18 03:00:00+00:00,19504
2023-09-18 04:00:00+00:00,20388
2023-09-18 05:00:00+00:00,23868
2023-09-18 06:00:00+00:00,26836
2023-09-18 07:00:00+00:00,27664
2023-09-18 08:00:00+00:00,27860
2023-09-18 09:00:00+00:00,27896
2023-09-18 10:00:00+00:00,27828
2023-09-18 11:00:00+00:00,28068
2023-09-18 12:00:00+00:00,28144
2023-09-18 13:00:00+00:00,27828
2023-09-18 14:00:00+00:00,27284
2023-09-18 15:00:00+00:00,27300
2023-09-18 16:00:00+00:00,27924
2023-09-18 17:00:00+00:00,27928
2023-09-18 18:00:00+00:00,28616
2023-09-18 19:00:00+00:00,30968
2023-09-18 20:00:00+00:00,29132
2023-09-18 21:00:00+00:00,26352
2023-09-18 22:00:00+00:00,23968
2023-09-18 23:00:00+00:00,22620
2023-09-19 00:00:00+00:00,21864
2023-09-19 01:00:00+00:00,21500
2023-09-19 02:00:00+00:00,21112
2023-09-19 03:00:00+00:00,21156
2023-09-19 04:00:00+00:00,21744
2023-09-19 05:00:00+00:00,24760
2023-09-19 06:00:00+00:00,27640
2023-09-19 07:00:00+00:00,28176
2023-09-19 08:00:00+00:00,28440
2023-09-19 09:00:00+00:00,28632
2023-09-19 10:00:00+00:00,28444
2023-09-19 11:00:00+00:00,28884
2023-09-19 12:00:00+00:00,28956
2023-09-19 13:00:00+00:00,28176
2023-09-19 14:00:00+00:00,27692
2023-09-19 15:00:00+00:00,27732
2023-09-19 16:00:00+00:00,28144
2023-09-19 17:00:00+00:00,27864
2023-09-19 18:00:00+00:00,28868
2023-09-19 19:00:00+00:00,31208
2023-09-19 20:00:00+00:00,29200
2023-09-19 21:00:00+00:00,26288
2023-09-19 22:00:00+00:00,24092
2023-09-19 23:00:00+00:00,22892
2023-09-20 00:00:00+00:00,21940
2023-09-20 01:00:00+00:00,21388
2023-09-20 02:00:00+00:00,21044
2023-09-20 03:00:00+00:00,21036
2023-09-20 04:00:00+00:00,21820
2023-09-20 05:00:00+00:00,24800
2023-09-20 06:00:00+00:00,27504
2023-09-20 07:00:00+00:00,27880
2023-09-20 08:00:00+00:00,27824
2023-09-20 09:00:00+00:00,27756
2023-09-20 10:00:00+00:00,27732
2023-09-20 11:00:00+00:00,28056
2023-09-20 12:00:00+00:00,27996
2023-09-20 13:00:00+00:00,27272
2023-09-20 14:00:00+00:00,26956
2023-09-20 15:00:00+00:00,26988
2023-09-20 16:00:00+00:00,27844
2023-09-20 17:00:00+00:00,28504
2023-09-20 18:00:00+00:00,29292
2023-09-20 19:00:00+00:00,31140
2023-09-20 20:00:00+00:00,28840
2023-09-20 21:00:00+00:00,25812
2023-09-20 22:00:00+00:00,23808
2023-09-20 23:00:00+00:00,22680
2023-09-21 00:00:00+00:00,21812
2023-09-21 01:00:00+00:00,21172
2023-09-21 02:00:00+00:00,20816
2023-09-21 03:00:00+00:00,20776
2023-09-21 04:00:00+00:00,21632
2023-09-21 05:00:00+00:00,24428
2023-09-21 06:00:00+00:00,27248
2023-09-21 07:00:00+00:00,27768
2023-09-21 08:00:00+00:00,27824
2023-09-21 09:00:00+00:00,27904
2023-09-21 10:00:00+00:00,27756
2023-09-21 11:00:00+00:00,28340
2023-09-21 12:00:00+00:00,28368
2023-09-21 13:00:00+00:00,27728
2023-09-21 14:00:00+00:00,27112
2023-09-21 15:00:00+00:00,27360
2023-09-21 16:00:00+00:00,27892
2023-09-21 17:00:00+00:00,28012
2023-09-21 18:00:00+00:00,28644
2023-09-21 19:00:00+00:00,30620
2023-09-21 20:00:00+00:00,28516
2023-09-21 21:00:00+00:00,25772
2023-09-21 22:00:00+00:00,23844
2023-09-21 23:00:00+00:00,22788
2023-09-22 00:00:00+00:00,21840
2023-09-22 01:00:00+00:00,21232
2023-09-22 02:00:00+00:00,20984
2023-09-22 03:00:00+00:00,21104
2023-09-22 04:00:00+00:00,21832
2023-09-22 05:00:00+00:00,24816
2023-09-22 06:00:00+00:00,27504
2023-09-22 07:00:00+00:00,27720
2023-09-22 08:00:00+00:00,27616
2023-09-22 09:00:00+00:00,27076
2023-09-22 10:00:00+00:00,26792
2023-09-22 11:00:00+00:00,26728
2023-09-22 12:00:00+00:00,26340
2023-09-22 13:00:00+00:00,25596
2023-09-22 14:00:00+00:00,25120
2023-09-22 15:00:00+00:00,25224
2023-09-22 16:00:00+00:00,25964
2023-09-22 17:00:00+00:00,26484
2023-09-22 18:00:00+00:00,27520
2023-09-22 19:00:00+00:00,29296
2023-09-22 20:00:00+00:00,27608
2023-09-22 21:00:00+00:00,25008
2023-09-22 22:00:00+00:00,23064
2023-09-22 23:00:00+00:00,22148
2023-09-23 00:00:00+00:00,21016
2023-09-23 01:00:00+00:00,20352
2023-09-23 02:00:00+00:00,19960
2023-09-23 03:00:00+00:00,19664
2023-09-23 04:00:00+00:00,19524
2023-09-23 05:00:00+00:00,20224
2023-09-23 06:00:00+00:00,21184
2023-09-23 07:00:00+00:00,22000
2023-09-23 08:00:00+00:00,22760
2023-09-23 09:00:00+00:00,22756
2023-09-23 10:00:00+00:00,22512
2023-09-23 11:00:00+00:00,22592
2023-09-23 12:00:00+00:00,22744
2023-09-23 13:00:00+00:00,21972
2023-09-23 14:00:00+00:00,21096
2023-09-23 15:00:00+00:00,21092
2023-09-23 16:00:00+00:00,22032
2023-09-23 17:00:00+00:00,22952
2023-09-23 18:00:00+00:00,23860
2023-09-23 19:00:00+00:00,25740
2023-09-23 20:00:00+00:00,25004
2023-09-23 21:00:00+00:00,22980
2023-09-23 22:00:00+00:00,21508
2023-09-23 23:00:00+00:00,20216
2023-09-24 00:00:00+00:00,19260
2023-09-24 01:00:00+00:00,18684
2023-09-24 02:00:00+00:00,18136
2023-09-24 03:00:00+00:00,17984
2023-09-24 04:00:00+00:00,18084
2023-09-24 05:00:00+00:00,18604
2023-09-24 06:00:00+00:00,18840
2023-09-24 07:00:00+00:00,19236
2023-09-24 08:00:00+00:00,20104
2023-09-24 09:00:00+00:00,20768
2023-09-24 10:00:00+00:00,20740
2023-09-24 11:00:00+00:00,20908
2023-09-24 12:00:00+00:00,21372
2023-09-24 13:00:00+00:00,20576
2023-09-24 14:00:00+00:00,19996
2023-09-24 15:00:00+00:00,20036
2023-09-24 16:00:00+00:00,20916
2023-09-24 17:00:00+00:00,22052
2023-09-24 18:00:00+00:00,23356
2023-09-24 19:00:00+00:00,25952
2023-09-24 20:00:00+00:00,25080
2023-09-24 21:00:00+00:00,23348
2023-09-24 22:00:00+00:00,21556
2023-09-24 23:00:00+00:00,20352
2023-09-25 00:00:00+00:00,19524
2023-09-25 01:00:00+00:00,19148
2023-09-25 02:00:00+00:00,18824
2023-09-25 03:00:00+00:00,19156
2023-09-25 04:00:00+00:00,20148
2023-09-25 05:00:00+00:00,24460
2023-09-25 06:00:00+00:00,26016
2023-09-25 07:00:00+00:00,26268
2023-09-25 08:00:00+00:00,26456
2023-09-25 09:00:00+00:00,26432
2023-09-25 10:00:00+00:00,26580
2023-09-25 11:00:00+00:00,26776
2023-09-25 12:00:00+00:00,26844
2023-09-25 13:00:00+00:00,26308
2023-09-25 14:00:00+00:00,25832
2023-09-25 15:00:00+00:00,26248
2023-09-25 16:00:00+00:00,26992
2023-09-25 17:00:00+00:00,27752
2023-09-25 18:00:00+00:00,28816
2023-09-25 19:00:00+00:00,30636
2023-09-25 20:00:00+00:00,28704
2023-09-25 21:00:00+00:00,25808
2023-09-25 22:00:00+00:00,23588
2023-09-25 23:00:00+00:00,22468
2023-09-26 00:00:00+00:00,21496
2023-09-26 01:00:00+00:00,21080
2023-09-26 02:00:00+00:00,20772
2023-09-26 03:00:00+00:00,20968
2023-09-26 04:00:00+00:00,21696
2023-09-26 05:00:00+00:00,24840
2023-09-26 06:00:00+00:00,27336
2023-09-26 07:00:00+00:00,27756
2023-09-26 08:00:00+00:00,27556
2023-09-26 09:00:00+00:00,27424
2023-09-26 10:00:00+00:00,27388
2023-09-26 11:00:00+00:00,27644
2023-09-26 12:00:00+00:00,27724
2023-09-26 13:00:00+00:00,27188
2023-09-26 14:00:00+00:00,26944
2023-09-26 15:00:00+00:00,27452
2023-09-26 16:00:00+00:00,28384
2023-09-26 17:00:00+00:00,29076
2023-09-26 18:00:00+00:00,29832
2023-09-26 19:00:00+00:00,31576
2023-09-26 20:00:00+00:00,29332
2023-09-26 21:00:00+00:00,26352
2023-09-26 22:00:00+00:00,24156
2023-09-26 23:00:00+00:00,23064
2023-09-27 00:00:00+00:00,22048
2023-09-27 01:00:00+00:00,21448
2023-09-27 02:00:00+00:00,21092
2023-09-27 03:00:00+00:00,21108
2023-09-27 04:00:00+00:00,21848
2023-09-27 05:00:00+00:00,24888
2023-09-27 06:00:00+00:00,27648
2023-09-27 07:00:00+00:00,28260
2023-09-27 08:00:00+00:00,28128
2023-09-27 09:00:00+00:00,28128
2023-09-27 10:00:00+00:00,28228
2023-09-27 11:00:00+00:00,28300
2023-09-27 12:00:00+00:00,28284
2023-09-27 13:00:00+00:00,27748
2023-09-27 14:00:00+00:00,27640
2023-09-27 15:00:00+00:00,28172
2023-09-27 16:00:00+00:00,28828
2023-09-27 17:00:00+00:00,29112
2023-09-27 18:00:00+00:00,30000
2023-09-27 19:00:00+00:00,31564
2023-09-27 20:00:00+00:00,29368
2023-09-27 21:00:00+00:00,26244
2023-09-27 22:00:00+00:00,24036
2023-09-27 23:00:00+00:00,22964
2023-09-28 00:00:00+00:00,21992
2023-09-28 01:00:00+00:00,21544
2023-09-28 02:00:00+00:00,21268
2023-09-28 03:00:00+00:00,21316
2023-09-28 04:00:00+00:00,21968
2023-09-28 05:00:00+00:00,24976
2023-09-28 06:00:00+00:00,27992
2023-09-28 07:00:00+00:00,28312
2023-09-28 08:00:00+00:00,28144
2023-09-28 09:00:00+00:00,28148
2023-09-28 10:00:00+00:00,28412
2023-09-28 11:00:00+00:00,28556
2023-09-28 12:00:00+00:00,28580
2023-09-28 13:00:00+00:00,28348
2023-09-28 14:00:00+00:00,27892
2023-09-28 15:00:00+00:00,28224
2023-09-28 16:00:00+00:00,29112
2023-09-28 17:00:00+00:00,29636
2023-09-28 18:00:00+00:00,30684
2023-09-28 19:00:00+00:00,31760
2023-09-28 20:00:00+00:00,29536
2023-09-28 21:00:00+00:00,26772
2023-09-28 22:00:00+00:00,24496
2023-09-28 23:00:00+00:00,23576
2023-09-29 00:00:00+00:00,22412
2023-09-29 01:00:00+00:00,21712
2023-09-29 02:00:00+00:00,21408
2023-09-29 03:00:00+00:00,21456
2023-09-29 04:00:00+00:00,22152
2023-09-29 05:00:00+00:00,25076
2023-09-29 06:00:00+00:00,27756
2023-09-29 07:00:00+00:00,28092
2023-09-29 08:00:00+00:00,28664
2023-09-29 09:00:00+00:00,28264
2023-09-29 10:00:00+00:00,28548
2023-09-29 11:00:00+00:00,28636
2023-09-29 12:00:00+00:00,28608
2023-09-29 13:00:00+00:00,28244
2023-09-29 14:00:00+00:00,27824
2023-09-29 15:00:00+00:00,28012
2023-09-29 16:00:00+00:00,28704
2023-09-29 17:00:00+00:00,29024
2023-09-29 18:00:00+00:00,29668
2023-09-29 19:00:00+00:00,30720
2023-09-29 20:00:00+00:00,28608
2023-09-29 21:00:00+00:00,25988
2023-09-29 22:00:00+00:00,24224
2023-09-29 23:00:00+00:00,23144
2023-09-30 00:00:00+00:00,21968
2023-09-30 01:00:00+00:00,21272
2023-09-30 02:00:00+00:00,20820
2023-09-30 03:00:00+00:00,20356
2023-09-30 04:00:00+00:00,20248
2023-09-30 05:00:00+00:00,21044
2023-09-30 06:00:00+00:00,22032
2023-09-30 07:00:00+00:00,22696
2023-09-30 08:00:00+00:00,24040
2023-09-30 09:00:00+00:00,24496
2023-09-30 10:00:00+00:00,24584
2023-09-30 11:00:00+00:00,24600
2023-09-30 12:00:00+00:00,24944
2023-09-30 13:00:00+00:00,24388
2023-09-30 14:00:00+00:00,23752
2023-09-30 15:00:00+00:00,23676
2023-09-30 16:00:00+00:00,24448
2023-09-30 17:00:00+00:00,25280
2023-09-30 18:00:00+00:00,26136
2023-09-30 19:00:00+00:00,27428
2023-09-30 20:00:00+00:00,26276
2023-09-30 21:00:00+00:00,24100
2023-09-30 22:00:00+00:00,22572
2023-09-30 23:00:00+00:00,21404
2023-10-01 00:00:00+00:00,20392
2023-10-01 01:00:00+00:00,19628
2023-10-01 02:00:00+00:00,19300
2023-10-01 03:00:00+00:00,19012
2023-10-01 04:00:00+00:00,18852
2023-10-01 05:00:00+00:00,19320
2023-10-01 06:00:00+00:00,19812
2023-10-01 07:00:00+00:00,20108
2023-10-01 08:00:00+00:00,21028
2023-10-01 09:00:00+00:00,21796
2023-10-01 10:00:00+00:00,22020
2023-10-01 11:00:00+00:00,22216
2023-10-01 12:00:00+00:00,23120
2023-10-01 13:00:00+00:00,22508
2023-10-01 14:00:00+00:00,22072
2023-10-01 15:00:00+00:00,22208
2023-10-01 16:00:00+00:00,22996
2023-10-01 17:00:00+00:00,23792
2023-10-01 18:00:00+00:00,24936
2023-10-01 19:00:00+00:00,26764
2023-10-01 20:00:00+00:00,25784
2023-10-01 21:00:00+00:00,24056
2023-10-01 22:00:00+00:00,22460
2023-10-01 23:00:00+00:00,21308
2023-10-02 00:00:00+00:00,20276
2023-10-02 01:00:00+00:00,19868
2023-10-02 02:00:00+00:00,19656
2023-10-02 03:00:00+00:00,19848
2023-10-02 04:00:00+00:00,20820
2023-10-02 05:00:00+00:00,24212
2023-10-02 06:00:00+00:00,27316
2023-10-02 07:00:00+00:00,27832
2023-10-02 08:00:00+00:00,27924
2023-10-02 09:00:00+00:00,27964
2023-10-02 10:00:00+00:00,28036
2023-10-02 11:00:00+00:00,28544
2023-10-02 12:00:00+00:00,28608
2023-10-02 13:00:00+00:00,28192
2023-10-02 14:00:00+00:00,28264
2023-10-02 15:00:00+00:00,28716
2023-10-02 16:00:00+00:00,29404
2023-10-02 17:00:00+00:00,29628
2023-10-02 18:00:00+00:00,30660
2023-10-02 19:00:00+00:00,31944
2023-10-02 20:00:00+00:00,29520
2023-10-02 21:00:00+00:00,26528
2023-10-02 22:00:00+00:00,24276
2023-10-02 23:00:00+00:00,23144
2023-10-03 00:00:00+00:00,22192
2023-10-03 01:00:00+00:00,21656
2023-10-03 02:00:00+00:00,21300
2023-10-03 03:00:00+00:00,21388
2023-10-03 04:00:00+00:00,21960
2023-10-03 05:00:00+00:00,24904
2023-10-03 06:00:00+00:00,27804
2023-10-03 07:00:00+00:00,28276
2023-10-03 08:00:00+00:00,28440
2023-10-03 09:00:00+00:00,28368
2023-10-03 10:00:00+00:00,28552
2023-10-03 11:00:00+00:00,29020
2023-10-03 12:00:00+00:00,28840
2023-10-03 13:00:00+00:00,28696
2023-10-03 14:00:00+00:00,28468
2023-10-03 15:00:00+00:00,29008
2023-10-03 16:00:00+00:00,30044
2023-10-03 17:00:00+00:00,29736
2023-10-03 18:00:00+00:00,30940
2023-10-03 19:00:00+00:00,32152
2023-10-03 20:00:00+00:00,29492
2023-10-03 21:00:00+00:00,26584
2023-10-03 22:00:00+00:00,24404
2023-10-03 23:00:00+00:00,23256
2023-10-04 00:00:00+00:00,22260
2023-10-04 01:00:00+00:00,21680
2023-10-04 02:00:00+00:00,21384
2023-10-04 03:00:00+00:00,21424
2023-10-04 04:00:00+00:00,22012
2023-10-04 05:00:00+00:00,25032
2023-10-04 06:00:00+00:00,28132
2023-10-04 07:00:00+00:00,28616
2023-10-04 08:00:00+00:00,28636
2023-10-04 09:00:00+00:00,28696
2023-10-04 10:00:00+00:00,28844
2023-10-04 11:00:00+00:00,29180
2023-10-04 12:00:00+00:00,29380
2023-10-04 13:00:00+00:00,28796
2023-10-04 14:00:00+00:00,28516
2023-10-04 15:00:00+00:00,28740
2023-10-04 16:00:00+00:00,29484
2023-10-04 17:00:00+00:00,29704
2023-10-04 18:00:00+00:00,30852
2023-10-04 19:00:00+00:00,31836
2023-10-04 20:00:00+00:00,29560
2023-10-04 21:00:00+00:00,26876
2023-10-04 22:00:00+00:00,24528
2023-10-04 23:00:00+00:00,23468
2023-10-05 00:00:00+00:00,22352
2023-10-05 01:00:00+00:00,21796
2023-10-05 02:00:00+00:00,21560
2023-10-05 03:00:00+00:00,21600
2023-10-05 04:00:00+00:00,22148
2023-10-05 05:00:00+00:00,25096
2023-10-05 06:00:00+00:00,28248
2023-10-05 07:00:00+00:00,28704
2023-10-05 08:00:00+00:00,28496
2023-10-05 09:00:00+00:00,28520
2023-10-05 10:00:00+00:00,28360
2023-10-05 11:00:00+00:00,28616
2023-10-05 12:00:00+00:00,28592
2023-10-05 13:00:00+00:00,28216
2023-10-05 14:00:00+00:00,28212
2023-10-05 15:00:00+00:00,28612
2023-10-05 16:00:00+00:00,29116
2023-10-05 17:00:00+00:00,29748
2023-10-05 18:00:00+00:00,30960
2023-10-05 19:00:00+00:00,32052
2023-10-05 20:00:00+00:00,29708
2023-10-05 21:00:00+00:00,26896
2023-10-05 22:00:00+00:00,24752
2023-10-05 23:00:00+00:00,23636
2023-10-06 00:00:00+00:00,22736
2023-10-06 01:00:00+00:00,21956
2023-10-06 02:00:00+00:00,21812
2023-10-06 03:00:00+00:00,21784
2023-10-06 04:00:00+00:00,22460
2023-10-06 05:00:00+00:00,25520
2023-10-06 06:00:00+00:00,28732
2023-10-06 07:00:00+00:00,29128
2023-10-06 08:00:00+00:00,28852
2023-10-06 09:00:00+00:00,28680
2023-10-06 10:00:00+00:00,28712
2023-10-06 11:00:00+00:00,29080
2023-10-06 12:00:00+00:00,28984
2023-10-06 13:00:00+00:00,28656
2023-10-06 14:00:00+00:00,28300
2023-10-06 15:00:00+00:00,28696
2023-10-06 16:00:00+00:00,29416
2023-10-06 17:00:00+00:00,29896
2023-10-06 18:00:00+00:00,30780
2023-10-06 19:00:00+00:00,31092
2023-10-06 20:00:00+00:00,28924
2023-10-06 21:00:00+00:00,26704
2023-10-06 22:00:00+00:00,24580
2023-10-06 23:00:00+00:00,23656
2023-10-07 00:00:00+00:00,22456
2023-10-07 01:00:00+00:00,21832
2023-10-07 02:00:00+00:00,21256
2023-10-07 03:00:00+00:00,20824
2023-10-07 04:00:00+00:00,20608
2023-10-07 05:00:00+00:00,21304
2023-10-07 06:00:00+00:00,22560
2023-10-07 07:00:00+00:00,23200
2023-10-07 08:00:00+00:00,24188
2023-10-07 09:00:00+00:00,24492
2023-10-07 10:00:00+00:00,24220
2023-10-07 11:00:00+00:00,24616
2023-10-07 12:00:00+00:00,24932
2023-10-07 13:00:00+00:00,24052
2023-10-07 14:00:00+00:00,23564
2023-10-07 15:00:00+00:00,23788
2023-10-07 16:00:00+00:00,24500
2023-10-07 17:00:00+00:00,25340
2023-10-07 18:00:00+00:00,26420
2023-10-07 19:00:00+00:00,27420
2023-10-07 20:00:00+00:00,26080
2023-10-07 21:00:00+00:00,24240
2023-10-07 22:00:00+00:00,22700
2023-10-07 23:00:00+00:00,21560
2023-10-08 00:00:00+00:00,20660
2023-10-08 01:00:00+00:00,19884
2023-10-08 02:00:00+00:00,19384
2023-10-08 03:00:00+00:00,18956
2023-10-08 04:00:00+00:00,19148
2023-10-08 05:00:00+00:00,19640
2023-10-08 06:00:00+00:00,20340
2023-10-08 07:00:00+00:00,20424
2023-10-08 08:00:00+00:00,21184
2023-10-08 09:00:00+00:00,21624
2023-10-08 10:00:00+00:00,21644
2023-10-08 11:00:00+00:00,21936
2023-10-08 12:00:00+00:00,22640
2023-10-08 13:00:00+00:00,22172
2023-10-08 14:00:00+00:00,21596
2023-10-08 15:00:00+00:00,22120
2023-10-08 16:00:00+00:00,22728
2023-10-08 17:00:00+00:00,23528
2023-10-08 18:00:00+00:00,25380
2023-10-08 19:00:00+00:00,26672
2023-10-08 20:00:00+00:00,25788
2023-10-08 21:00:00+00:00,24268
2023-10-08 22:00:00+00:00,22756
2023-10-08 23:00:00+00:00,21564
2023-10-09 00:00:00+00:00,20572
2023-10-09 01:00:00+00:00,19812
2023-10-09 02:00:00+00:00,19876
2023-10-09 03:00:00+00:00,20052
2023-10-09 04:00:00+00:00,20688
2023-10-09 05:00:00+00:00,24012
2023-10-09 06:00:00+00:00,26880
2023-10-09 07:00:00+00:00,27272
2023-10-09 08:00:00+00:00,27180
2023-10-09 09:00:00+00:00,26940
2023-10-09 10:00:00+00:00,27128
2023-10-09 11:00:00+00:00,27364
2023-10-09 12:00:00+00:00,27404
2023-10-09 13:00:00+00:00,26904
2023-10-09 14:00:00+00:00,26656
2023-10-09 15:00:00+00:00,27544
2023-10-09 16:00:00+00:00,28144
2023-10-09 17:00:00+00:00,28348
2023-10-09 18:00:00+00:00,29696
2023-10-09 19:00:00+00:00,30604
2023-10-09 20:00:00+00:00,28308
2023-10-09 21:00:00+00:00,25656
2023-10-09 22:00:00+00:00,23512
2023-10-09 23:00:00+00:00,22596
2023-10-10 00:00:00+00:00,21676
2023-10-10 01:00:00+00:00,21188
2023-10-10 02:00:00+00:00,21016
2023-10-10 03:00:00+00:00,21068
2023-10-10 04:00:00+00:00,21852
2023-10-10 05:00:00+00:00,24760
2023-10-10 06:00:00+00:00,28048
2023-10-10 07:00:00+00:00,28220
2023-10-10 08:00:00+00:00,27788
2023-10-10 09:00:00+00:00,27804
2023-10-10 10:00:00+00:00,27828
2023-10-10 11:00:00+00:00,28208
2023-10-10 12:00:00+00:00,28176
2023-10-10 13:00:00+00:00,27752
2023-10-10 14:00:00+00:00,27508
2023-10-10 15:00:00+00:00,27664
2023-10-10 16:00:00+00:00,28576
2023-10-10 17:00:00+00:00,28704
2023-10-10 18:00:00+00:00,30264
2023-10-10 19:00:00+00:00,31240
2023-10-10 20:00:00+00:00,28996
2023-10-10 21:00:00+00:00,26264
2023-10-10 22:00:00+00:00,24012
2023-10-10 23:00:00+00:00,23080
2023-10-11 00:00:00+00:00,21960
2023-10-11 01:00:00+00:00,21468
2023-10-11 02:00:00+00:00,21356
2023-10-11 03:00:00+00:00,21276
2023-10-11 04:00:00+00:00,22168
2023-10-11 05:00:00+00:00,24996
2023-10-11 06:00:00+00:00,27956
2023-10-11 07:00:00+00:00,28236
2023-10-11 08:00:00+00:00,27952
2023-10-11 09:00:00+00:00,27540
2023-10-11 10:00:00+00:00,27288
2023-10-11 11:00:00+00:00,27360
2023-10-11 12:00:00+00:00,27428
2023-10-11 13:00:00+00:00,26988
2023-10-11 14:00:00+00:00,27080
2023-10-11 15:00:00+00:00,27256
2023-10-11 16:00:00+00:00,28216
2023-10-11 17:00:00+00:00,28660
2023-10-11 18:00:00+00:00,29904
2023-10-11 19:00:00+00:00,30068
2023-10-11 20:00:00+00:00,28012
2023-10-11 21:00:00+00:00,25352
2023-10-11 22:00:00+00:00,23484
2023-10-11 23:00:00+00:00,22448
2023-10-12 00:00:00+00:00,21280
2023-10-12 01:00:00+00:00,20632
2023-10-12 02:00:00+00:00,20236
2023-10-12 03:00:00+00:00,19988
2023-10-12 04:00:00+00:00,19552
2023-10-12 05:00:00+00:00,20052
2023-10-12 06:00:00+00:00,21004
2023-10-12 07:00:00+00:00,21136
2023-10-12 08:00:00+00:00,21768
2023-10-12 09:00:00+00:00,22036
2023-10-12 10:00:00+00:00,22188
2023-10-12 11:00:00+00:00,21896
2023-10-12 12:00:00+00:00,22468
2023-10-12 13:00:00+00:00,21724
2023-10-12 14:00:00+00:00,21124
2023-10-12 15:00:00+00:00,21232
2023-10-12 16:00:00+00:00,21968
2023-10-12 17:00:00+00:00,22996
2023-10-12 18:00:00+00:00,24772
2023-10-12 19:00:00+00:00,25924
2023-10-12 20:00:00+00:00,25092
2023-10-12 21:00:00+00:00,23228
2023-10-12 22:00:00+00:00,21652
2023-10-12 23:00:00+00:00,20484
2023-10-13 00:00:00+00:00,19616
2023-10-13 01:00:00+00:00,19016
2023-10-13 02:00:00+00:00,18668
2023-10-13 03:00:00+00:00,18696
2023-10-13 04:00:00+00:00,19472
2023-10-13 05:00:00+00:00,21592
2023-10-13 06:00:00+00:00,23696
2023-10-13 07:00:00+00:00,24328
2023-10-13 08:00:00+00:00,24756
2023-10-13 09:00:00+00:00,24448
2023-10-13 10:00:00+00:00,24596
2023-10-13 11:00:00+00:00,24916
2023-10-13 12:00:00+00:00,25452
2023-10-13 13:00:00+00:00,25024
2023-10-13 14:00:00+00:00,24384
2023-10-13 15:00:00+00:00,24668
2023-10-13 16:00:00+00:00,25472
2023-10-13 17:00:00+00:00,25932
2023-10-13 18:00:00+00:00,27336
2023-10-13 19:00:00+00:00,27864
2023-10-13 20:00:00+00:00,26148
2023-10-13 21:00:00+00:00,23908
2023-10-13 22:00:00+00:00,22108
2023-10-13 23:00:00+00:00,21196
2023-10-14 00:00:00+00:00,20032
2023-10-14 01:00:00+00:00,19320
2023-10-14 02:00:00+00:00,19232
2023-10-14 03:00:00+00:00,18972
2023-10-14 04:00:00+00:00,18900
2023-10-14 05:00:00+00:00,19868
2023-10-14 06:00:00+00:00,21216
2023-10-14 07:00:00+00:00,21852
2023-10-14 08:00:00+00:00,23216
2023-10-14 09:00:00+00:00,23456
2023-10-14 10:00:00+00:00,23152
2023-10-14 11:00:00+00:00,23324
2023-10-14 12:00:00+00:00,23784
2023-10-14 13:00:00+00:00,22876
2023-10-14 14:00:00+00:00,21912
2023-10-14 15:00:00+00:00,21780
2023-10-14 16:00:00+00:00,22392
2023-10-14 17:00:00+00:00,23148
2023-10-14 18:00:00+00:00,25048
2023-10-14 19:00:00+00:00,25892
2023-10-14 20:00:00+00:00,24724
2023-10-14 21:00:00+00:00,22740
2023-10-14 22:00:00+00:00,21328
2023-10-14 23:00:00+00:00,20028
2023-10-15 00:00:00+00:00,19128
2023-10-15 01:00:00+00:00,18408
2023-10-15 02:00:00+00:00,17992
2023-10-15 03:00:00+00:00,17884
2023-10-15 04:00:00+00:00,17868
2023-10-15 05:00:00+00:00,18248
2023-10-15 06:00:00+00:00,18960
2023-10-15 07:00:00+00:00,19128
2023-10-15 08:00:00+00:00,20128
2023-10-15 09:00:00+00:00,20728
2023-10-15 10:00:00+00:00,20968
2023-10-15 11:00:00+00:00,20956
2023-10-15 12:00:00+00:00,21768
2023-10-15 13:00:00+00:00,21484
2023-10-15 14:00:00+00:00,20472
2023-10-15 15:00:00+00:00,20416
2023-10-15 16:00:00+00:00,20840
2023-10-15 17:00:00+00:00,21836
2023-10-15 18:00:00+00:00,24332
2023-10-15 19:00:00+00:00,25512
2023-10-15 20:00:00+00:00,24560
2023-10-15 21:00:00+00:00,22900
2023-10-15 22:00:00+00:00,21168
2023-10-15 23:00:00+00:00,20136
2023-10-16 00:00:00+00:00,19416
2023-10-16 01:00:00+00:00,19028
2023-10-16 02:00:00+00:00,18792
2023-10-16 03:00:00+00:00,19088
2023-10-16 04:00:00+00:00,20204
2023-10-16 05:00:00+00:00,23508
2023-10-16 06:00:00+00:00,27200
2023-10-16 07:00:00+00:00,27996
2023-10-16 08:00:00+00:00,28200
2023-10-16 09:00:00+00:00,28104
2023-10-16 10:00:00+00:00,27644
2023-10-16 11:00:00+00:00,27724
2023-10-16 12:00:00+00:00,27600
2023-10-16 13:00:00+00:00,27160
2023-10-16 14:00:00+00:00,26656
2023-10-16 15:00:00+00:00,26436
2023-10-16 16:00:00+00:00,26832
2023-10-16 17:00:00+00:00,27980
2023-10-16 18:00:00+00:00,30184
2023-10-16 19:00:00+00:00,30636
2023-10-16 20:00:00+00:00,28512
2023-10-16 21:00:00+00:00,25724
2023-10-16 22:00:00+00:00,23512
2023-10-16 23:00:00+00:00,22408
2023-10-17 00:00:00+00:00,21480
2023-10-17 01:00:00+00:00,20896
2023-10-17 02:00:00+00:00,20704
2023-10-17 03:00:00+00:00,20756
2023-10-17 04:00:00+00:00,21600
2023-10-17 05:00:00+00:00,24632
2023-10-17 06:00:00+00:00,27684
2023-10-17 07:00:00+00:00,28628
2023-10-17 08:00:00+00:00,28616
2023-10-17 09:00:00+00:00,28496
2023-10-17 10:00:00+00:00,28444
2023-10-17 11:00:00+00:00,28500
2023-10-17 12:00:00+00:00,28632
2023-10-17 13:00:00+00:00,28160
2023-10-17 14:00:00+00:00,27692
2023-10-17 15:00:00+00:00,27776
2023-10-17 16:00:00+00:00,28216
2023-10-17 17:00:00+00:00,28524
2023-10-17 18:00:00+00:00,30852
2023-10-17 19:00:00+00:00,31316
2023-10-17 20:00:00+00:00,29060
2023-10-17 21:00:00+00:00,26252
2023-10-17 22:00:00+00:00,24564
2023-10-17 23:00:00+00:00,22988
2023-10-18 00:00:00+00:00,22148
2023-10-18 01:00:00+00:00,21660
2023-10-18 02:00:00+00:00,21460
2023-10-18 03:00:00+00:00,21392
2023-10-18 04:00:00+00:00,22076
2023-10-18 05:00:00+00:00,24952
2023-10-18 06:00:00+00:00,28040
2023-10-18 07:00:00+00:00,29220
2023-10-18 08:00:00+00:00,29204
2023-10-18 09:00:00+00:00,28508
2023-10-18 10:00:00+00:00,28204
2023-10-18 11:00:00+00:00,28224
2023-10-18 12:00:00+00:00,27992
2023-10-18 13:00:00+00:00,27720
2023-10-18 14:00:00+00:00,27284
2023-10-18 15:00:00+00:00,27192
2023-10-18 16:00:00+00:00,28100
2023-10-18 17:00:00+00:00,28472
2023-10-18 18:00:00+00:00,30972
2023-10-18 19:00:00+00:00,31204
2023-10-18 20:00:00+00:00,28776
2023-10-18 21:00:00+00:00,25788
2023-10-18 22:00:00+00:00,23976
2023-10-18 23:00:00+00:00,22868
2023-10-19 00:00:00+00:00,21928
2023-10-19 01:00:00+00:00,21492
2023-10-19 02:00:00+00:00,21288
2023-10-19 03:00:00+00:00,21204
2023-10-19 04:00:00+00:00,21928
2023-10-19 05:00:00+00:00,24828
2023-10-19 06:00:00+00:00,28140
2023-10-19 07:00:00+00:00,29104
2023-10-19 08:00:00+00:00,29800
2023-10-19 09:00:00+00:00,29944
2023-10-19 10:00:00+00:00,30072
2023-10-19 11:00:00+00:00,30212
2023-10-19 12:00:00+00:00,30268
2023-10-19 13:00:00+00:00,29468
2023-10-19 14:00:00+00:00,28720
2023-10-19 15:00:00+00:00,28452
2023-10-19 16:00:00+00:00,28492
2023-10-19 17:00:00+00:00,28596
2023-10-19 18:00:00+00:00,30340
2023-10-19 19:00:00+00:00,30508
2023-10-19 20:00:00+00:00,28508
2023-10-19 21:00:00+00:00,25692
2023-10-19 22:00:00+00:00,23640
2023-10-19 23:00:00+00:00,22444
2023-10-20 00:00:00+00:00,21780
2023-10-20 01:00:00+00:00,20964
2023-10-20 02:00:00+00:00,20788
2023-10-20 03:00:00+00:00,20760
2023-10-20 04:00:00+00:00,21564
2023-10-20 05:00:00+00:00,24604
2023-10-20 06:00:00+00:00,27768
2023-10-20 07:00:00+00:00,28324
2023-10-20 08:00:00+00:00,28336
2023-10-20 09:00:00+00:00,27952
2023-10-20 10:00:00+00:00,27436
2023-10-20 11:00:00+00:00,27784
2023-10-20 12:00:00+00:00,27448
2023-10-20 13:00:00+00:00,26720
2023-10-20 14:00:00+00:00,25832
2023-10-20 15:00:00+00:00,25700
2023-10-20 16:00:00+00:00,26500
2023-10-20 17:00:00+00:00,27364
2023-10-20 18:00:00+00:00,29352
2023-10-20 19:00:00+00:00,29468
2023-10-20 20:00:00+00:00,27524
2023-10-20 21:00:00+00:00,24924
2023-10-20 22:00:00+00:00,22976
2023-10-20 23:00:00+00:00,21912
2023-10-21 00:00:00+00:00,20728
2023-10-21 01:00:00+00:00,20320
2023-10-21 02:00:00+00:00,19920
2023-10-21 03:00:00+00:00,19396
2023-10-21 04:00:00+00:00,19528
2023-10-21 05:00:00+00:00,20404
2023-10-21 06:00:00+00:00,21420
2023-10-21 07:00:00+00:00,22420
2023-10-21 08:00:00+00:00,23356
2023-10-21 09:00:00+00:00,23132
2023-10-21 10:00:00+00:00,22576
2023-10-21 11:00:00+00:00,22380
2023-10-21 12:00:00+00:00,22688
2023-10-21 13:00:00+00:00,21824
2023-10-21 14:00:00+00:00,20964
2023-10-21 15:00:00+00:00,21360
2023-10-21 16:00:00+00:00,21948
2023-10-21 17:00:00+00:00,22896
2023-10-21 18:00:00+00:00,24964
2023-10-21 19:00:00+00:00,25576
2023-10-21 20:00:00+00:00,24536
2023-10-21 21:00:00+00:00,22712
2023-10-21 22:00:00+00:00,21196
2023-10-21 23:00:00+00:00,19980
2023-10-22 00:00:00+00:00,19004
2023-10-22 01:00:00+00:00,18180
2023-10-22 02:00:00+00:00,17828
2023-10-22 03:00:00+00:00,17548
2023-10-22 04:00:00+00:00,17656
2023-10-22 05:00:00+00:00,18200
2023-10-22 06:00:00+00:00,19100
2023-10-22 07:00:00+00:00,19648
2023-10-22 08:00:00+00:00,21096
2023-10-22 09:00:00+00:00,21848
2023-10-22 10:00:00+00:00,21988
2023-10-22 11:00:00+00:00,22200
2023-10-22 12:00:00+00:00,23156
2023-10-22 13:00:00+00:00,22464
2023-10-22 14:00:00+00:00,21604
2023-10-22 15:00:00+00:00,21624
2023-10-22 16:00:00+00:00,22060
2023-10-22 17:00:00+00:00,22804
2023-10-22 18:00:00+00:00,24924
2023-10-22 19:00:00+00:00,25864
2023-10-22 20:00:00+00:00,24916
2023-10-22 21:00:00+00:00,23336
2023-10-22 22:00:00+00:00,21700
2023-10-22 23:00:00+00:00,20272
2023-10-23 00:00:00+00:00,19344
2023-10-23 01:00:00+00:00,18796
2023-10-23 02:00:00+00:00,18816
2023-10-23 03:00:00+00:00,18876
2023-10-23 04:00:00+00:00,20088
2023-10-23 05:00:00+00:00,23440
2023-10-23 06:00:00+00:00,26948
2023-10-23 07:00:00+00:00,28148
2023-10-23 08:00:00+00:00,28408
2023-10-23 09:00:00+00:00,28188
2023-10-23 10:00:00+00:00,27724
2023-10-23 11:00:00+00:00,27832
2023-10-23 12:00:00+00:00,28096
2023-10-23 13:00:00+00:00,27544
2023-10-23 14:00:00+00:00,26860
2023-10-23 15:00:00+00:00,27000
2023-10-23 16:00:00+00:00,27472
2023-10-23 17:00:00+00:00,28260
2023-10-23 18:00:00+00:00,30224
2023-10-23 19:00:00+00:00,30812
2023-10-23 20:00:00+00:00,28656
2023-10-23 21:00:00+00:00,25648
2023-10-23 22:00:00+00:00,23096
2023-10-23 23:00:00+00:00,21828
2023-10-24 00:00:00+00:00,20828
2023-10-24 01:00:00+00:00,20068
2023-10-24 02:00:00+00:00,19824
2023-10-24 03:00:00+00:00,20016
2023-10-24 04:00:00+00:00,20864
2023-10-24 05:00:00+00:00,24128
2023-10-24 06:00:00+00:00,27764
2023-10-24 07:00:00+00:00,28548
2023-10-24 08:00:00+00:00,28012
2023-10-24 09:00:00+00:00,27336
2023-10-24 10:00:00+00:00,26668
2023-10-24 11:00:00+00:00,26952
2023-10-24 12:00:00+00:00,27152
2023-10-24 13:00:00+00:00,26864
2023-10-24 14:00:00+00:00,26648
2023-10-24 15:00:00+00:00,26708
2023-10-24 16:00:00+00:00,27496
2023-10-24 17:00:00+00:00,28156
2023-10-24 18:00:00+00:00,30732
2023-10-24 19:00:00+00:00,31212
2023-10-24 20:00:00+00:00,29080
2023-10-24 21:00:00+00:00,25940
2023-10-24 22:00:00+00:00,23424
2023-10-24 23:00:00+00:00,22056
2023-10-25 00:00:00+00:00,21236
2023-10-25 01:00:00+00:00,20632
2023-10-25 02:00:00+00:00,20232
2023-10-25 03:00:00+00:00,20324
2023-10-25 04:00:00+00:00,21368
2023-10-25 05:00:00+00:00,24668
2023-10-25 06:00:00+00:00,28156
2023-10-25 07:00:00+00:00,29088
2023-10-25 08:00:00+00:00,28600
2023-10-25 09:00:00+00:00,28304
2023-10-25 10:00:00+00:00,28332
2023-10-25 11:00:00+00:00,28444
2023-10-25 12:00:00+00:00,28808
2023-10-25 13:00:00+00:00,28388
2023-10-25 14:00:00+00:00,27624
2023-10-25 15:00:00+00:00,27476
2023-10-25 16:00:00+00:00,27768
2023-10-25 17:00:00+00:00,28568
2023-10-25 18:00:00+00:00,30848
2023-10-25 19:00:00+00:00,31324
2023-10-25 20:00:00+00:00,28840
2023-10-25 21:00:00+00:00,26168
2023-10-25 22:00:00+00:00,23636
2023-10-25 23:00:00+00:00,22508
2023-10-26 00:00:00+00:00,21500
2023-10-26 01:00:00+00:00,20896
2023-10-26 02:00:00+00:00,20648
2023-10-26 03:00:00+00:00,20816
2023-10-26 04:00:00+00:00,21564
2023-10-26 05:00:00+00:00,24852
2023-10-26 06:00:00+00:00,28356
2023-10-26 07:00:00+00:00,29428
2023-10-26 08:00:00+00:00,29448
2023-10-26 09:00:00+00:00,29564
2023-10-26 10:00:00+00:00,29648
2023-10-26 11:00:00+00:00,29864
2023-10-26 12:00:00+00:00,29536
2023-10-26 13:00:00+00:00,28888
2023-10-26 14:00:00+00:00,28452
2023-10-26 15:00:00+00:00,28596
2023-10-26 16:00:00+00:00,28696
2023-10-26 17:00:00+00:00,28944
2023-10-26 18:00:00+00:00,31188
2023-10-26 19:00:00+00:00,31556
2023-10-26 20:00:00+00:00,29356
2023-10-26 21:00:00+00:00,26548
2023-10-26 22:00:00+00:00,24096
2023-10-26 23:00:00+00:00,22912
2023-10-27 00:00:00+00:00,22048
2023-10-27 01:00:00+00:00,21496
2023-10-27 02:00:00+00:00,21172
2023-10-27 03:00:00+00:00,21192
2023-10-27 04:00:00+00:00,21980
2023-10-27 05:00:00+00:00,25220
2023-10-27 06:00:00+00:00,28916
2023-10-27 07:00:00+00:00,29736
2023-10-27 08:00:00+00:00,29828
2023-10-27 09:00:00+00:00,29072
2023-10-27 10:00:00+00:00,28624
2023-10-27 11:00:00+00:00,27964
2023-10-27 12:00:00+00:00,27740
2023-10-27 13:00:00+00:00,27084
2023-10-27 14:00:00+00:00,26032
2023-10-27 15:00:00+00:00,26572
2023-10-27 16:00:00+00:00,27212
2023-10-27 17:00:00+00:00,27612
2023-10-27 18:00:00+00:00,29836
2023-10-27 19:00:00+00:00,30188
2023-10-27 20:00:00+00:00,28404
2023-10-27 21:00:00+00:00,25940
2023-10-27 22:00:00+00:00,23924
2023-10-27 23:00:00+00:00,22836
2023-10-28 00:00:00+00:00,21740
2023-10-28 01:00:00+00:00,20812
2023-10-28 02:00:00+00:00,20260
2023-10-28 03:00:00+00:00,19932
2023-10-28 04:00:00+00:00,19980
2023-10-28 05:00:00+00:00,20796
2023-10-28 06:00:00+00:00,22464
2023-10-28 07:00:00+00:00,23444
2023-10-28 08:00:00+00:00,24368
2023-10-28 09:00:00+00:00,24356
2023-10-28 10:00:00+00:00,24152
2023-10-28 11:00:00+00:00,23748
2023-10-28 12:00:00+00:00,24152
2023-10-28 13:00:00+00:00,23520
2023-10-28 14:00:00+00:00,22376
2023-10-28 15:00:00+00:00,22484
2023-10-28 16:00:00+00:00,23352
2023-10-28 17:00:00+00:00,24464
2023-10-28 18:00:00+00:00,26380
2023-10-28 19:00:00+00:00,27040
2023-10-28 20:00:00+00:00,25976
2023-10-28 21:00:00+00:00,24120
2023-10-28 22:00:00+00:00,22400
2023-10-28 23:00:00+00:00,21036
2023-10-29 00:00:00+00:00,19468
2023-10-29 01:00:00+00:00,18652
2023-10-29 02:00:00+00:00,18456
2023-10-29 03:00:00+00:00,18196
2023-10-29 04:00:00+00:00,17952
2023-10-29 05:00:00+00:00,18192
2023-10-29 06:00:00+00:00,18856
2023-10-29 07:00:00+00:00,19324
2023-10-29 08:00:00+00:00,20640
2023-10-29 09:00:00+00:00,21476
2023-10-29 10:00:00+00:00,21820
2023-10-29 11:00:00+00:00,21896
2023-10-29 12:00:00+00:00,22304
2023-10-29 13:00:00+00:00,23324
2023-10-29 14:00:00+00:00,22776
2023-10-29 15:00:00+00:00,22184
2023-10-29 16:00:00+00:00,22584
2023-10-29 17:00:00+00:00,23624
2023-10-29 18:00:00+00:00,25388
2023-10-29 19:00:00+00:00,26084
2023-10-29 20:00:00+00:00,26492
2023-10-29 21:00:00+00:00,25236
2023-10-29 22:00:00+00:00,23516
2023-10-29 23:00:00+00:00,21788
2023-10-30 00:00:00+00:00,20604
2023-10-30 01:00:00+00:00,19756
2023-10-30 02:00:00+00:00,19440
2023-10-30 03:00:00+00:00,19124
2023-10-30 04:00:00+00:00,19268
2023-10-30 05:00:00+00:00,20524
2023-10-30 06:00:00+00:00,24072
2023-10-30 07:00:00+00:00,27116
2023-10-30 08:00:00+00:00,28364
2023-10-30 09:00:00+00:00,28276
2023-10-30 10:00:00+00:00,27444
2023-10-30 11:00:00+00:00,26928
2023-10-30 12:00:00+00:00,27192
2023-10-30 13:00:00+00:00,27408
2023-10-30 14:00:00+00:00,27256
2023-10-30 15:00:00+00:00,26956
2023-10-30 16:00:00+00:00,27332
2023-10-30 17:00:00+00:00,28548
2023-10-30 18:00:00+00:00,30260
2023-10-30 19:00:00+00:00,30548
2023-10-30 20:00:00+00:00,30592
2023-10-30 21:00:00+00:00,28512
2023-10-30 22:00:00+00:00,25600
2023-10-30 23:00:00+00:00,23292
2023-10-31 00:00:00+00:00,22484
2023-10-31 01:00:00+00:00,21440
2023-10-31 02:00:00+00:00,20828
2023-10-31 03:00:00+00:00,20528
2023-10-31 04:00:00+00:00,20660
2023-10-31 05:00:00+00:00,21744
2023-10-31 06:00:00+00:00,25068
2023-10-31 07:00:00+00:00,27700
2023-10-31 08:00:00+00:00,28464
2023-10-31 09:00:00+00:00,28592
2023-10-31 10:00:00+00:00,28300
2023-10-31 11:00:00+00:00,28464
2023-10-31 12:00:00+00:00,28544
2023-10-31 13:00:00+00:00,28756
2023-10-31 14:00:00+00:00,28684
2023-10-31 15:00:00+00:00,28368
2023-10-31 16:00:00+00:00,28532
2023-10-31 17:00:00+00:00,29224
2023-10-31 18:00:00+00:00,30236
2023-10-31 19:00:00+00:00,30032
2023-10-31 20:00:00+00:00,29688
2023-10-31 21:00:00+00:00,27956
2023-10-31 22:00:00+00:00,25400
2023-10-31 23:00:00+00:00,23596
2023-11-01 00:00:00+00:00,22584
2023-11-01 01:00:00+00:00,21520
2023-11-01 02:00:00+00:00,20764
2023-11-01 03:00:00+00:00,20204
2023-11-01 04:00:00+00:00,19896
2023-11-01 05:00:00+00:00,19504
2023-11-01 06:00:00+00:00,20344
2023-11-01 07:00:00+00:00,20760
2023-11-01 08:00:00+00:00,21412
2023-11-01 09:00:00+00:00,22536
2023-11-01 10:00:00+00:00,23224
2023-11-01 11:00:00+00:00,23428
2023-11-01 12:00:00+00:00,23252
2023-11-01 13:00:00+00:00,24048
2023-11-01 14:00:00+00:00,23584
2023-11-01 15:00:00+00:00,22924
2023-11-01 16:00:00+00:00,23028
2023-11-01 17:00:00+00:00,24076
2023-11-01 18:00:00+00:00,25940
2023-11-01 19:00:00+00:00,26752
2023-11-01 20:00:00+00:00,27204
2023-11-01 21:00:00+00:00,25928
2023-11-01 22:00:00+00:00,24012
2023-11-01 23:00:00+00:00,22324
2023-11-02 00:00:00+00:00,21152
2023-11-02 01:00:00+00:00,20184
2023-11-02 02:00:00+00:00,19692
2023-11-02 03:00:00+00:00,19368
2023-11-02 04:00:00+00:00,19512
2023-11-02 05:00:00+00:00,20748
2023-11-02 06:00:00+00:00,24396
2023-11-02 07:00:00+00:00,27500
2023-11-02 08:00:00+00:00,28672
2023-11-02 09:00:00+00:00,28812
2023-11-02 10:00:00+00:00,28648
2023-11-02 11:00:00+00:00,28652
2023-11-02 12:00:00+00:00,28728
2023-11-02 13:00:00+00:00,28780
2023-11-02 14:00:00+00:00,28348
2023-11-02 15:00:00+00:00,28312
2023-11-02 16:00:00+00:00,28528
2023-11-02 17:00:00+00:00,29420
2023-11-02 18:00:00+00:00,30852
2023-11-02 19:00:00+00:00,31336
2023-11-02 20:00:00+00:00,31372
2023-11-02 21:00:00+00:00,29084
2023-11-02 22:00:00+00:00,26140
2023-11-02 23:00:00+00:00,23660
2023-11-03 00:00:00+00:00,22820
2023-11-03 01:00:00+00:00,21844
2023-11-03 02:00:00+00:00,21196
2023-11-03 03:00:00+00:00,20912
2023-11-03 04:00:00+00:00,21036
2023-11-03 05:00:00+00:00,21992
2023-11-03 06:00:00+00:00,25336
2023-11-03 07:00:00+00:00,28168
2023-11-03 08:00:00+00:00,28844
2023-11-03 09:00:00+00:00,28532
2023-11-03 10:00:00+00:00,28180
2023-11-03 11:00:00+00:00,28196
2023-11-03 12:00:00+00:00,28692
2023-11-03 13:00:00+00:00,28528
2023-11-03 14:00:00+00:00,28208
2023-11-03 15:00:00+00:00,28160
2023-11-03 16:00:00+00:00,28216
2023-11-03 17:00:00+00:00,29208
2023-11-03 18:00:00+00:00,30632
2023-11-03 19:00:00+00:00,31096
2023-11-03 20:00:00+00:00,30972
2023-11-03 21:00:00+00:00,28852
2023-11-03 22:00:00+00:00,26424
2023-11-03 23:00:00+00:00,24196
2023-11-04 00:00:00+00:00,23032
2023-11-04 01:00:00+00:00,22020
2023-11-04 02:00:00+00:00,21080
2023-11-04 03:00:00+00:00,20808
2023-11-04 04:00:00+00:00,20336
2023-11-04 05:00:00+00:00,20272
2023-11-04 06:00:00+00:00,21324
2023-11-04 07:00:00+00:00,22200
2023-11-04 08:00:00+00:00,23764
2023-11-04 09:00:00+00:00,25120
2023-11-04 10:00:00+00:00,25404
2023-11-04 11:00:00+00:00,25520
2023-11-04 12:00:00+00:00,25648
2023-11-04 13:00:00+00:00,25928
2023-11-04 14:00:00+00:00,25148
2023-11-04 15:00:00+00:00,24348
2023-11-04 16:00:00+00:00,24392
2023-11-04 17:00:00+00:00,25092
2023-11-04 18:00:00+00:00,26724
2023-11-04 19:00:00+00:00,27044
2023-11-04 20:00:00+00:00,27380
2023-11-04 21:00:00+00:00,26348
2023-11-04 22:00:00+00:00,24272
2023-11-04 23:00:00+00:00,22288
2023-11-05 00:00:00+00:00,21072
2023-11-05 01:00:00+00:00,20040
2023-11-05 02:00:00+00:00,19068
2023-11-05 03:00:00+00:00,18676
2023-11-05 04:00:00+00:00,18528
2023-11-05 05:00:00+00:00,18524
2023-11-05 06:00:00+00:00,19120
2023-11-05 07:00:00+00:00,19272
2023-11-05 08:00:00+00:00,19948
2023-11-05 09:00:00+00:00,20768
2023-11-05 10:00:00+00:00,21324
2023-11-05 11:00:00+00:00,21352
2023-11-05 12:00:00+00:00,21456
2023-11-05 13:00:00+00:00,22500
2023-11-05 14:00:00+00:00,22128
2023-11-05 15:00:00+00:00,21748
2023-11-05 16:00:00+00:00,22428
2023-11-05 17:00:00+00:00,23952
2023-11-05 18:00:00+00:00,25688
2023-11-05 19:00:00+00:00,26628
2023-11-05 20:00:00+00:00,27572
2023-11-05 21:00:00+00:00,26356
2023-11-05 22:00:00+00:00,24332
2023-11-05 23:00:00+00:00,22624
2023-11-06 00:00:00+00:00,21164
2023-11-06 01:00:00+00:00,20308
2023-11-06 02:00:00+00:00,19864
2023-11-06 03:00:00+00:00,19528
2023-11-06 04:00:00+00:00,19760
2023-11-06 05:00:00+00:00,21164
2023-11-06 06:00:00+00:00,24832
2023-11-06 07:00:00+00:00,28036
2023-11-06 08:00:00+00:00,28524
2023-11-06 09:00:00+00:00,28104
2023-11-06 10:00:00+00:00,27436
2023-11-06 11:00:00+00:00,27040
2023-11-06 12:00:00+00:00,27348
2023-11-06 13:00:00+00:00,27544
2023-11-06 14:00:00+00:00,27592
2023-11-06 15:00:00+00:00,27624
2023-11-06 16:00:00+00:00,28324
2023-11-06 17:00:00+00:00,29456
2023-11-06 18:00:00+00:00,31208
2023-11-06 19:00:00+00:00,31688
2023-11-06 20:00:00+00:00,31980
2023-11-06 21:00:00+00:00,29792
2023-11-06 22:00:00+00:00,27040
2023-11-06 23:00:00+00:00,24552
2023-11-07 00:00:00+00:00,23116
2023-11-07 01:00:00+00:00,22196
2023-11-07 02:00:00+00:00,21260
2023-11-07 03:00:00+00:00,21116
2023-11-07 04:00:00+00:00,21340
2023-11-07 05:00:00+00:00,22400
2023-11-07 06:00:00+00:00,25912
2023-11-07 07:00:00+00:00,29000
2023-11-07 08:00:00+00:00,29408
2023-11-07 09:00:00+00:00,28840
2023-11-07 10:00:00+00:00,27792
2023-11-07 11:00:00+00:00,27644
2023-11-07 12:00:00+00:00,27564
2023-11-07 13:00:00+00:00,28224
2023-11-07 14:00:00+00:00,28256
2023-11-07 15:00:00+00:00,28124
2023-11-07 16:00:00+00:00,28836
2023-11-07 17:00:00+00:00,30200
2023-11-07 18:00:00+00:00,31656
2023-11-07 19:00:00+00:00,32356
2023-11-07 20:00:00+00:00,32680
2023-11-07 21:00:00+00:00,30720
2023-11-07 22:00:00+00:00,27684
2023-11-07 23:00:00+00:00,24976
2023-11-08 00:00:00+00:00,23600
2023-11-08 01:00:00+00:00,22380
2023-11-08 02:00:00+00:00,21916
2023-11-08 03:00:00+00:00,21516
2023-11-08 04:00:00+00:00,21644
2023-11-08 05:00:00+00:00,22660
2023-11-08 06:00:00+00:00,26388
2023-11-08 07:00:00+00:00,29500
2023-11-08 08:00:00+00:00,30052
2023-11-08 09:00:00+00:00,30076
2023-11-08 10:00:00+00:00,29200
2023-11-08 11:00:00+00:00,28676
2023-11-08 12:00:00+00:00,28692
2023-11-08 13:00:00+00:00,29156
2023-11-08 14:00:00+00:00,28928
2023-11-08 15:00:00+00:00,29056
2023-11-08 16:00:00+00:00,29548
2023-11-08 17:00:00+00:00,30848
2023-11-08 18:00:00+00:00,32264
2023-11-08 19:00:00+00:00,32732
2023-11-08 20:00:00+00:00,33004
2023-11-08 21:00:00+00:00,30840
2023-11-08 22:00:00+00:00,27900
2023-11-08 23:00:00+00:00,25296
2023-11-09 00:00:00+00:00,24024
2023-11-09 01:00:00+00:00,22836
2023-11-09 02:00:00+00:00,22092
2023-11-09 03:00:00+00:00,21784
2023-11-09 04:00:00+00:00,21804
2023-11-09 05:00:00+00:00,22792
2023-11-09 06:00:00+00:00,25972
2023-11-09 07:00:00+00:00,28900
2023-11-09 08:00:00+00:00,29356
2023-11-09 09:00:00+00:00,29284
2023-11-09 10:00:00+00:00,28896
2023-11-09 11:00:00+00:00,28560
2023-11-09 12:00:00+00:00,28476
2023-11-09 13:00:00+00:00,28272
2023-11-09 14:00:00+00:00,27920
2023-11-09 15:00:00+00:00,28016
2023-11-09 16:00:00+00:00,28752
2023-11-09 17:00:00+00:00,30012
2023-11-09 18:00:00+00:00,31760
2023-11-09 19:00:00+00:00,32500
2023-11-09 20:00:00+00:00,32452
2023-11-09 21:00:00+00:00,30284
2023-11-09 22:00:00+00:00,27708
2023-11-09 23:00:00+00:00,24872
2023-11-10 00:00:00+00:00,23892
2023-11-10 01:00:00+00:00,22704
2023-11-10 02:00:00+00:00,21820
2023-11-10 03:00:00+00:00,21592
2023-11-10 04:00:00+00:00,21568
2023-11-10 05:00:00+00:00,22724
2023-11-10 06:00:00+00:00,26300
2023-11-10 07:00:00+00:00,29324
2023-11-10 08:00:00+00:00,29812
2023-11-10 09:00:00+00:00,28956
2023-11-10 10:00:00+00:00,28484
2023-11-10 11:00:00+00:00,28304
2023-11-10 12:00:00+00:00,28368
2023-11-10 13:00:00+00:00,28784
2023-11-10 14:00:00+00:00,28460
2023-11-10 15:00:00+00:00,28292
2023-11-10 16:00:00+00:00,28616
2023-11-10 17:00:00+00:00,30024
2023-11-10 18:00:00+00:00,31092
2023-11-10 19:00:00+00:00,31536
2023-11-10 20:00:00+00:00,31424
2023-11-10 21:00:00+00:00,29344
2023-11-10 22:00:00+00:00,26932
2023-11-10 23:00:00+00:00,24716
2023-11-11 00:00:00+00:00,23640
2023-11-11 01:00:00+00:00,22340
2023-11-11 02:00:00+00:00,21452
2023-11-11 03:00:00+00:00,21000
2023-11-11 04:00:00+00:00,20756
2023-11-11 05:00:00+00:00,20432
2023-11-11 06:00:00+00:00,21528
2023-11-11 07:00:00+00:00,22612
2023-11-11 08:00:00+00:00,24156
2023-11-11 09:00:00+00:00,25292
2023-11-11 10:00:00+00:00,25520
2023-11-11 11:00:00+00:00,25188
2023-11-11 12:00:00+00:00,25184
2023-11-11 13:00:00+00:00,25504
2023-11-11 14:00:00+00:00,24892
2023-11-11 15:00:00+00:00,24216
2023-11-11 16:00:00+00:00,24452
2023-11-11 17:00:00+00:00,25364
2023-11-11 18:00:00+00:00,26980
2023-11-11 19:00:00+00:00,27332
2023-11-11 20:00:00+00:00,27652
2023-11-11 21:00:00+00:00,26512
2023-11-11 22:00:00+00:00,24408
2023-11-11 23:00:00+00:00,22472
2023-11-12 00:00:00+00:00,21260
2023-11-12 01:00:00+00:00,19956
2023-11-12 02:00:00+00:00,19152
2023-11-12 03:00:00+00:00,18728
2023-11-12 04:00:00+00:00,18568
2023-11-12 05:00:00+00:00,18660
2023-11-12 06:00:00+00:00,19304
2023-11-12 07:00:00+00:00,19712
2023-11-12 08:00:00+00:00,20484
2023-11-12 09:00:00+00:00,21396
2023-11-12 10:00:00+00:00,21988
2023-11-12 11:00:00+00:00,21748
2023-11-12 12:00:00+00:00,21664
2023-11-12 13:00:00+00:00,22772
2023-11-12 14:00:00+00:00,22456
2023-11-12 15:00:00+00:00,22076
2023-11-12 16:00:00+00:00,22192
2023-11-12 17:00:00+00:00,23892
2023-11-12 18:00:00+00:00,25652
2023-11-12 19:00:00+00:00,26616
2023-11-12 20:00:00+00:00,27280
2023-11-12 21:00:00+00:00,26188
2023-11-12 22:00:00+00:00,24200
2023-11-12 23:00:00+00:00,22364
2023-11-13 00:00:00+00:00,21156
2023-11-13 01:00:00+00:00,20136
2023-11-13 02:00:00+00:00,19644
2023-11-13 03:00:00+00:00,19416
2023-11-13 04:00:00+00:00,19556
2023-11-13 05:00:00+00:00,21024
2023-11-13 06:00:00+00:00,24960
2023-11-13 07:00:00+00:00,27992
2023-11-13 08:00:00+00:00,28440
2023-11-13 09:00:00+00:00,28220
2023-11-13 10:00:00+00:00,27668
2023-11-13 11:00:00+00:00,27412
2023-11-13 12:00:00+00:00,27724
2023-11-13 13:00:00+00:00,27804
2023-11-13 14:00:00+00:00,27936
2023-11-13 15:00:00+00:00,27888
2023-11-13 16:00:00+00:00,28308
2023-11-13 17:00:00+00:00,29808
2023-11-13 18:00:00+00:00,31036
2023-11-13 19:00:00+00:00,31472
2023-11-13 20:00:00+00:00,31696
2023-11-13 21:00:00+00:00,29668
2023-11-13 22:00:00+00:00,26740
2023-11-13 23:00:00+00:00,24224
2023-11-14 00:00:00+00:00,22808
2023-11-14 01:00:00+00:00,21880
2023-11-14 02:00:00+00:00,21400
2023-11-14 03:00:00+00:00,21068
2023-11-14 04:00:00+00:00,21184
2023-11-14 05:00:00+00:00,22096
2023-11-14 06:00:00+00:00,25332
2023-11-14 07:00:00+00:00,28628
2023-11-14 08:00:00+00:00,28932
2023-11-14 09:00:00+00:00,28352
2023-11-14 10:00:00+00:00,27832
2023-11-14 11:00:00+00:00,27460
2023-11-14 12:00:00+00:00,27700
2023-11-14 13:00:00+00:00,27876
2023-11-14 14:00:00+00:00,27512
2023-11-14 15:00:00+00:00,27576
2023-11-14 16:00:00+00:00,28168
2023-11-14 17:00:00+00:00,29368
2023-11-14 18:00:00+00:00,30552
2023-11-14 19:00:00+00:00,31092
2023-11-14 20:00:00+00:00,31428
2023-11-14 21:00:00+00:00,29124
2023-11-14 22:00:00+00:00,26416
2023-11-14 23:00:00+00:00,24104
2023-11-15 00:00:00+00:00,22992
2023-11-15 01:00:00+00:00,21984
2023-11-15 02:00:00+00:00,21460
2023-11-15 03:00:00+00:00,21188
2023-11-15 04:00:00+00:00,21244
2023-11-15 05:00:00+00:00,22004
2023-11-15 06:00:00+00:00,25384
2023-11-15 07:00:00+00:00,28420
2023-11-15 08:00:00+00:00,28864
2023-11-15 09:00:00+00:00,28676
2023-11-15 10:00:00+00:00,28396
2023-11-15 11:00:00+00:00,28256
2023-11-15 12:00:00+00:00,28448
2023-11-15 13:00:00+00:00,28468
2023-11-15 14:00:00+00:00,28188
2023-11-15 15:00:00+00:00,28240
2023-11-15 16:00:00+00:00,28796
2023-11-15 17:00:00+00:00,30140
2023-11-15 18:00:00+00:00,31480
2023-11-15 19:00:00+00:00,32024
2023-11-15 20:00:00+00:00,31860
2023-11-15 21:00:00+00:00,29592
2023-11-15 22:00:00+00:00,27000
2023-11-15 23:00:00+00:00,24928
2023-11-16 00:00:00+00:00,23828
2023-11-16 01:00:00+00:00,22644
2023-11-16 02:00:00+00:00,22032
2023-11-16 03:00:00+00:00,21736
2023-11-16 04:00:00+00:00,21764
2023-11-16 05:00:00+00:00,22700
2023-11-16 06:00:00+00:00,25832
2023-11-16 07:00:00+00:00,28784
2023-11-16 08:00:00+00:00,29160
2023-11-16 09:00:00+00:00,29452
2023-11-16 10:00:00+00:00,28772
2023-11-16 11:00:00+00:00,28580
2023-11-16 12:00:00+00:00,28872
2023-11-16 13:00:00+00:00,28908
2023-11-16 14:00:00+00:00,28456
2023-11-16 15:00:00+00:00,28200
2023-11-16 16:00:00+00:00,28316
2023-11-16 17:00:00+00:00,29460
2023-11-16 18:00:00+00:00,30944
2023-11-16 19:00:00+00:00,31448
2023-11-16 20:00:00+00:00,31432
2023-11-16 21:00:00+00:00,29444
2023-11-16 22:00:00+00:00,26824
2023-11-16 23:00:00+00:00,24508
2023-11-17 00:00:00+00:00,23180
2023-11-17 01:00:00+00:00,22236
2023-11-17 02:00:00+00:00,21640
2023-11-17 03:00:00+00:00,21352
2023-11-17 04:00:00+00:00,21344
2023-11-17 05:00:00+00:00,22196
2023-11-17 06:00:00+00:00,25560
2023-11-17 07:00:00+00:00,28664
2023-11-17 08:00:00+00:00,29304
2023-11-17 09:00:00+00:00,28908
2023-11-17 10:00:00+00:00,28568
2023-11-17 11:00:00+00:00,27892
2023-11-17 12:00:00+00:00,28020
2023-11-17 13:00:00+00:00,27784
2023-11-17 14:00:00+00:00,27340
2023-11-17 15:00:00+00:00,27300
2023-11-17 16:00:00+00:00,27920
2023-11-17 17:00:00+00:00,29480
2023-11-17 18:00:00+00:00,30476
2023-11-17 19:00:00+00:00,30548
2023-11-17 20:00:00+00:00,30348
2023-11-17 21:00:00+00:00,28436
2023-11-17 22:00:00+00:00,26224
2023-11-17 23:00:00+00:00,24120
2023-11-18 00:00:00+00:00,23188
2023-11-18 01:00:00+00:00,21968
2023-11-18 02:00:00+00:00,21312
2023-11-18 03:00:00+00:00,20584
2023-11-18 04:00:00+00:00,20212
2023-11-18 05:00:00+00:00,20376
2023-11-18 06:00:00+00:00,21336
2023-11-18 07:00:00+00:00,22516
2023-11-18 08:00:00+00:00,23492
2023-11-18 09:00:00+00:00,24500
2023-11-18 10:00:00+00:00,24288
2023-11-18 11:00:00+00:00,24020
2023-11-18 12:00:00+00:00,24268
2023-11-18 13:00:00+00:00,24256
2023-11-18 14:00:00+00:00,23944
2023-11-18 15:00:00+00:00,23820
2023-11-18 16:00:00+00:00,23776
2023-11-18 17:00:00+00:00,24924
2023-11-18 18:00:00+00:00,26168
2023-11-18 19:00:00+00:00,26500
2023-11-18 20:00:00+00:00,26816
2023-11-18 21:00:00+00:00,25896
2023-11-18 22:00:00+00:00,23852
2023-11-18 23:00:00+00:00,22204
2023-11-19 00:00:00+00:00,20632
2023-11-19 01:00:00+00:00,19700
2023-11-19 02:00:00+00:00,18836
2023-11-19 03:00:00+00:00,18588
2023-11-19 04:00:00+00:00,18332
2023-11-19 05:00:00+00:00,18528
2023-11-19 06:00:00+00:00,19052
2023-11-19 07:00:00+00:00,19636
2023-11-19 08:00:00+00:00,20208
2023-11-19 09:00:00+00:00,21376
2023-11-19 10:00:00+00:00,21744
2023-11-19 11:00:00+00:00,21620
2023-11-19 12:00:00+00:00,21688
2023-11-19 13:00:00+00:00,22448
2023-11-19 14:00:00+00:00,22016
2023-11-19 15:00:00+00:00,21548
2023-11-19 16:00:00+00:00,21940
2023-11-19 17:00:00+00:00,23408
2023-11-19 18:00:00+00:00,25400
2023-11-19 19:00:00+00:00,26232
2023-11-19 20:00:00+00:00,26944
2023-11-19 21:00:00+00:00,25880
2023-11-19 22:00:00+00:00,24016
2023-11-19 23:00:00+00:00,22092
2023-11-20 00:00:00+00:00,20952
2023-11-20 01:00:00+00:00,19948
2023-11-20 02:00:00+00:00,19420
2023-11-20 03:00:00+00:00,19272
2023-11-20 04:00:00+00:00,19572
2023-11-20 05:00:00+00:00,20772
2023-11-20 06:00:00+00:00,24672
2023-11-20 07:00:00+00:00,28324
2023-11-20 08:00:00+00:00,28800
2023-11-20 09:00:00+00:00,28540
2023-11-20 10:00:00+00:00,28044
2023-11-20 11:00:00+00:00,27868
2023-11-20 12:00:00+00:00,27868
2023-11-20 13:00:00+00:00,28028
2023-11-20 14:00:00+00:00,27752
2023-11-20 15:00:00+00:00,27824
2023-11-20 16:00:00+00:00,28324
2023-11-20 17:00:00+00:00,29720
2023-11-20 18:00:00+00:00,31132
2023-11-20 19:00:00+00:00,31644
2023-11-20 20:00:00+00:00,31856
2023-11-20 21:00:00+00:00,29464
2023-11-20 22:00:00+00:00,26484
2023-11-20 23:00:00+00:00,24184
2023-11-21 00:00:00+00:00,22968
2023-11-21 01:00:00+00:00,21792
2023-11-21 02:00:00+00:00,21000
2023-11-21 03:00:00+00:00,20688
2023-11-21 04:00:00+00:00,20864
2023-11-21 05:00:00+00:00,21756
2023-11-21 06:00:00+00:00,25288
2023-11-21 07:00:00+00:00,28772
2023-11-21 08:00:00+00:00,29416
2023-11-21 09:00:00+00:00,29124
2023-11-21 10:00:00+00:00,28304
2023-11-21 11:00:00+00:00,28108
2023-11-21 12:00:00+00:00,28084
2023-11-21 13:00:00+00:00,28124
2023-11-21 14:00:00+00:00,28028
2023-11-21 15:00:00+00:00,28108
2023-11-21 16:00:00+00:00,28492
2023-11-21 17:00:00+00:00,30188
2023-11-21 18:00:00+00:00,31680
2023-11-21 19:00:00+00:00,32292
2023-11-21 20:00:00+00:00,32380
2023-11-21 21:00:00+00:00,30272
2023-11-21 22:00:00+00:00,27400
2023-11-21 23:00:00+00:00,24772
2023-11-22 00:00:00+00:00,23392
2023-11-22 01:00:00+00:00,22296
2023-11-22 02:00:00+00:00,21616
2023-11-22 03:00:00+00:00,21344
2023-11-22 04:00:00+00:00,21496
2023-11-22 05:00:00+00:00,22200
2023-11-22 06:00:00+00:00,25932
2023-11-22 07:00:00+00:00,29428
2023-11-22 08:00:00+00:00,30072
2023-11-22 09:00:00+00:00,29488
2023-11-22 10:00:00+00:00,28896
2023-11-22 11:00:00+00:00,28424
2023-11-22 12:00:00+00:00,28480
2023-11-22 13:00:00+00:00,28480
2023-11-22 14:00:00+00:00,28428
2023-11-22 15:00:00+00:00,28296
2023-11-22 16:00:00+00:00,28976
2023-11-22 17:00:00+00:00,30396
2023-11-22 18:00:00+00:00,31928
2023-11-22 19:00:00+00:00,32536
2023-11-22 20:00:00+00:00,33004
2023-11-22 21:00:00+00:00,30708
2023-11-22 22:00:00+00:00,27576
2023-11-22 23:00:00+00:00,24828
2023-11-23 00:00:00+00:00,23764
2023-11-23 01:00:00+00:00,22512
2023-11-23 02:00:00+00:00,21936
2023-11-23 03:00:00+00:00,21616
2023-11-23 04:00:00+00:00,21992
2023-11-23 05:00:00+00:00,22856
2023-11-23 06:00:00+00:00,26664
2023-11-23 07:00:00+00:00,30084
2023-11-23 08:00:00+00:00,30660
2023-11-23 09:00:00+00:00,29960
2023-11-23 10:00:00+00:00,29184
2023-11-23 11:00:00+00:00,28536
2023-11-23 12:00:00+00:00,28364
2023-11-23 13:00:00+00:00,28244
2023-11-23 14:00:00+00:00,28312
2023-11-23 15:00:00+00:00,28504
2023-11-23 16:00:00+00:00,29388
2023-11-23 17:00:00+00:00,31252
2023-11-23 18:00:00+00:00,32736
2023-11-23 19:00:00+00:00,33352
2023-11-23 20:00:00+00:00,33496
2023-11-23 21:00:00+00:00,31264
2023-11-23 22:00:00+00:00,28280
2023-11-23 23:00:00+00:00,25792
2023-11-24 00:00:00+00:00,24320
2023-11-24 01:00:00+00:00,23084
2023-11-24 02:00:00+00:00,22448
2023-11-24 03:00:00+00:00,22208
2023-11-24 04:00:00+00:00,22436
2023-11-24 05:00:00+00:00,23168
2023-11-24 06:00:00+00:00,26592
2023-11-24 07:00:00+00:00,30408
2023-11-24 08:00:00+00:00,31020
2023-11-24 09:00:00+00:00,30356
2023-11-24 10:00:00+00:00,29688
2023-11-24 11:00:00+00:00,29184
2023-11-24 12:00:00+00:00,28972
2023-11-24 13:00:00+00:00,28696
2023-11-24 14:00:00+00:00,28584
2023-11-24 15:00:00+00:00,28708
2023-11-24 16:00:00+00:00,29060
2023-11-24 17:00:00+00:00,30428
2023-11-24 18:00:00+00:00,31828
2023-11-24 19:00:00+00:00,32136
2023-11-24 20:00:00+00:00,32160
2023-11-24 21:00:00+00:00,30348
2023-11-24 22:00:00+00:00,28032
2023-11-24 23:00:00+00:00,25644
2023-11-25 00:00:00+00:00,24224
2023-11-25 01:00:00+00:00,22776
2023-11-25 02:00:00+00:00,21872
2023-11-25 03:00:00+00:00,21256
2023-11-25 04:00:00+00:00,20980
2023-11-25 05:00:00+00:00,20892
2023-11-25 06:00:00+00:00,21932
2023-11-25 07:00:00+00:00,23420
2023-11-25 08:00:00+00:00,24668
2023-11-25 09:00:00+00:00,26072
2023-11-25 10:00:00+00:00,26040
2023-11-25 11:00:00+00:00,25672
2023-11-25 12:00:00+00:00,25332
2023-11-25 13:00:00+00:00,25544
2023-11-25 14:00:00+00:00,25300
2023-11-25 15:00:00+00:00,24664
2023-11-25 16:00:00+00:00,24852
2023-11-25 17:00:00+00:00,26328
2023-11-25 18:00:00+00:00,27836
2023-11-25 19:00:00+00:00,28296
2023-11-25 20:00:00+00:00,28616
2023-11-25 21:00:00+00:00,27508
2023-11-25 22:00:00+00:00,25620
2023-11-25 23:00:00+00:00,23396
2023-11-26 00:00:00+00:00,22048
2023-11-26 01:00:00+00:00,20668
2023-11-26 02:00:00+00:00,20040
2023-11-26 03:00:00+00:00,19512
2023-11-26 04:00:00+00:00,19316
2023-11-26 05:00:00+00:00,19580
2023-11-26 06:00:00+00:00,20176
2023-11-26 07:00:00+00:00,20880
2023-11-26 08:00:00+00:00,21764
2023-11-26 09:00:00+00:00,23144
2023-11-26 10:00:00+00:00,23692
2023-11-26 11:00:00+00:00,23648
2023-11-26 12:00:00+00:00,23676
2023-11-26 13:00:00+00:00,24476
2023-11-26 14:00:00+00:00,24208
2023-11-26 15:00:00+00:00,23636
2023-11-26 16:00:00+00:00,24040
2023-11-26 17:00:00+00:00,25820
2023-11-26 18:00:00+00:00,27500
2023-11-26 19:00:00+00:00,28300
2023-11-26 20:00:00+00:00,29120
2023-11-26 21:00:00+00:00,27928
2023-11-26 22:00:00+00:00,25708
2023-11-26 23:00:00+00:00,23328
2023-11-27 00:00:00+00:00,21692
2023-11-27 01:00:00+00:00,20576
2023-11-27 02:00:00+00:00,20020
2023-11-27 03:00:00+00:00,19880
2023-11-27 04:00:00+00:00,20156
2023-11-27 05:00:00+00:00,21508
2023-11-27 06:00:00+00:00,25596
2023-11-27 07:00:00+00:00,29908
2023-11-27 08:00:00+00:00,30832
2023-11-27 09:00:00+00:00,31324
2023-11-27 10:00:00+00:00,31100
2023-11-27 11:00:00+00:00,30944
2023-11-27 12:00:00+00:00,31064
2023-11-27 13:00:00+00:00,31112
2023-11-27 14:00:00+00:00,30424
2023-11-27 15:00:00+00:00,30356
2023-11-27 16:00:00+00:00,30564
2023-11-27 17:00:00+00:00,32132
2023-11-27 18:00:00+00:00,33308
2023-11-27 19:00:00+00:00,34084
2023-11-27 20:00:00+00:00,34268
2023-11-27 21:00:00+00:00,31664
2023-11-27 22:00:00+00:00,28888
2023-11-27 23:00:00+00:00,25912
2023-11-28 00:00:00+00:00,24152
2023-11-28 01:00:00+00:00,22748
2023-11-28 02:00:00+00:00,22272
2023-11-28 03:00:00+00:00,21940
2023-11-28 04:00:00+00:00,21840
2023-11-28 05:00:00+00:00,23216
2023-11-28 06:00:00+00:00,26752
2023-11-28 07:00:00+00:00,30332
2023-11-28 08:00:00+00:00,31200
2023-11-28 09:00:00+00:00,31680
2023-11-28 10:00:00+00:00,31424
2023-11-28 11:00:00+00:00,31032
2023-11-28 12:00:00+00:00,31192
2023-11-28 13:00:00+00:00,31012
2023-11-28 14:00:00+00:00,30820
2023-11-28 15:00:00+00:00,30788
2023-11-28 16:00:00+00:00,30956
2023-11-28 17:00:00+00:00,32200
2023-11-28 18:00:00+00:00,33016
2023-11-28 19:00:00+00:00,33832
2023-11-28 20:00:00+00:00,34176
2023-11-28 21:00:00+00:00,31808
2023-11-28 22:00:00+00:00,28776
2023-11-28 23:00:00+00:00,25920
2023-11-29 00:00:00+00:00,24304
2023-11-29 01:00:00+00:00,23012
2023-11-29 02:00:00+00:00,22320
2023-11-29 03:00:00+00:00,22072
2023-11-29 04:00:00+00:00,22080
2023-11-29 05:00:00+00:00,22964
2023-11-29 06:00:00+00:00,26624
2023-11-29 07:00:00+00:00,30616
2023-11-29 08:00:00+00:00,31192
2023-11-29 09:00:00+00:00,31344
2023-11-29 10:00:00+00:00,31196
2023-11-29 11:00:00+00:00,31060
2023-11-29 12:00:00+00:00,31276
2023-11-29 13:00:00+00:00,31184
2023-11-29 14:00:00+00:00,30908
2023-11-29 15:00:00+00:00,30564
2023-11-29 16:00:00+00:00,30540
2023-11-29 17:00:00+00:00,32016
2023-11-29 18:00:00+00:00,32732
2023-11-29 19:00:00+00:00,33460
2023-11-29 20:00:00+00:00,33660
2023-11-29 21:00:00+00:00,31488
2023-11-29 22:00:00+00:00,28384
2023-11-29 23:00:00+00:00,25504
2023-11-30 00:00:00+00:00,23812
2023-11-30 01:00:00+00:00,22688
2023-11-30 02:00:00+00:00,21888
2023-11-30 03:00:00+00:00,21604
2023-11-30 04:00:00+00:00,21712
2023-11-30 05:00:00+00:00,22672
2023-11-30 06:00:00+00:00,26220
2023-11-30 07:00:00+00:00,29812
2023-11-30 08:00:00+00:00,30536
2023-11-30 09:00:00+00:00,30832
2023-11-30 10:00:00+00:00,30620
2023-11-30 11:00:00+00:00,30672
2023-11-30 12:00:00+00:00,31216
2023-11-30 13:00:00+00:00,31252
2023-11-30 14:00:00+00:00,31212
2023-11-30 15:00:00+00:00,30732
2023-11-30 16:00:00+00:00,30776
2023-11-30 17:00:00+00:00,31904
2023-11-30 18:00:00+00:00,32508
2023-11-30 19:00:00+00:00,32772
2023-11-30 20:00:00+00:00,33004
2023-11-30 21:00:00+00:00,30868
2023-11-30 22:00:00+00:00,27948
2023-11-30 23:00:00+00:00,25520
2023-12-01 00:00:00+00:00,24288
2023-12-01 01:00:00+00:00,23048
2023-12-01 02:00:00+00:00,22148
2023-12-01 03:00:00+00:00,21832
2023-12-01 04:00:00+00:00,21988
2023-12-01 05:00:00+00:00,22916
2023-12-01 06:00:00+00:00,26648
2023-12-01 07:00:00+00:00,30088
2023-12-01 08:00:00+00:00,30684
2023-12-01 09:00:00+00:00,31220
2023-12-01 10:00:00+00:00,31132
2023-12-01 11:00:00+00:00,30620
2023-12-01 12:00:00+00:00,30692
2023-12-01 13:00:00+00:00,30080
2023-12-01 14:00:00+00:00,29780
2023-12-01 15:00:00+00:00,29680
2023-12-01 16:00:00+00:00,29720
2023-12-01 17:00:00+00:00,31196
2023-12-01 18:00:00+00:00,32052
2023-12-01 19:00:00+00:00,32204
2023-12-01 20:00:00+00:00,32072
2023-12-01 21:00:00+00:00,30324
2023-12-01 22:00:00+00:00,27804
2023-12-01 23:00:00+00:00,25596
2023-12-02 00:00:00+00:00,24244
2023-12-02 01:00:00+00:00,22692
2023-12-02 02:00:00+00:00,21784
2023-12-02 03:00:00+00:00,21364
2023-12-02 04:00:00+00:00,21020
2023-12-02 05:00:00+00:00,21032
2023-12-02 06:00:00+00:00,22220
2023-12-02 07:00:00+00:00,23608
2023-12-02 08:00:00+00:00,24924
2023-12-02 09:00:00+00:00,26000
2023-12-02 10:00:00+00:00,26240
2023-12-02 11:00:00+00:00,26056
2023-12-02 12:00:00+00:00,25972
2023-12-02 13:00:00+00:00,26120
2023-12-02 14:00:00+00:00,25816
2023-12-02 15:00:00+00:00,25468
2023-12-02 16:00:00+00:00,25616
2023-12-02 17:00:00+00:00,27068
2023-12-02 18:00:00+00:00,28408
2023-12-02 19:00:00+00:00,28892
2023-12-02 20:00:00+00:00,29252
2023-12-02 21:00:00+00:00,28300
2023-12-02 22:00:00+00:00,26260
2023-12-02 23:00:00+00:00,24064
2023-12-03 00:00:00+00:00,22604
2023-12-03 01:00:00+00:00,21196
2023-12-03 02:00:00+00:00,20388
2023-12-03 03:00:00+00:00,19804
2023-12-03 04:00:00+00:00,19584
2023-12-03 05:00:00+00:00,19916
2023-12-03 06:00:00+00:00,20624
2023-12-03 07:00:00+00:00,21560
2023-12-03 08:00:00+00:00,22264
2023-12-03 09:00:00+00:00,23836
2023-12-03 10:00:00+00:00,24340
2023-12-03 11:00:00+00:00,24328
2023-12-03 12:00:00+00:00,24276
2023-12-03 13:00:00+00:00,25084
2023-12-03 14:00:00+00:00,25208
2023-12-03 15:00:00+00:00,25156
2023-12-03 16:00:00+00:00,25488
2023-12-03 17:00:00+00:00,27272
2023-12-03 18:00:00+00:00,28892
2023-12-03 19:00:00+00:00,29904
2023-12-03 20:00:00+00:00,30920
2023-12-03 21:00:00+00:00,29536
2023-12-03 22:00:00+00:00,27192
2023-12-03 23:00:00+00:00,24608
2023-12-04 00:00:00+00:00,22632
2023-12-04 01:00:00+00:00,21428
2023-12-04 02:00:00+00:00,20748
2023-12-04 03:00:00+00:00,20520
2023-12-04 04:00:00+00:00,20596
2023-12-04 05:00:00+00:00,22052
2023-12-04 06:00:00+00:00,25972
2023-12-04 07:00:00+00:00,30632
2023-12-04 08:00:00+00:00,31924
2023-12-04 09:00:00+00:00,32892
2023-12-04 10:00:00+00:00,32736
2023-12-04 11:00:00+00:00,32456
2023-12-04 12:00:00+00:00,32680
2023-12-04 13:00:00+00:00,32268
2023-12-04 14:00:00+00:00,31852
2023-12-04 15:00:00+00:00,31348
2023-12-04 16:00:00+00:00,31612
2023-12-04 17:00:00+00:00,33200
2023-12-04 18:00:00+00:00,34024
2023-12-04 19:00:00+00:00,34372
2023-12-04 20:00:00+00:00,34716
2023-12-04 21:00:00+00:00,32600
2023-12-04 22:00:00+00:00,29252
2023-12-04 23:00:00+00:00,26052
2023-12-05 00:00:00+00:00,24584
2023-12-05 01:00:00+00:00,23120
2023-12-05 02:00:00+00:00,22428
2023-12-05 03:00:00+00:00,22040
2023-12-05 04:00:00+00:00,22160
2023-12-05 05:00:00+00:00,23192
2023-12-05 06:00:00+00:00,26832
2023-12-05 07:00:00+00:00,31332
2023-12-05 08:00:00+00:00,32380
2023-12-05 09:00:00+00:00,32616
2023-12-05 10:00:00+00:00,32148
2023-12-05 11:00:00+00:00,31596
2023-12-05 12:00:00+00:00,31632
2023-12-05 13:00:00+00:00,31844
2023-12-05 14:00:00+00:00,32036
2023-12-05 15:00:00+00:00,32168
2023-12-05 16:00:00+00:00,32456
2023-12-05 17:00:00+00:00,33504
2023-12-05 18:00:00+00:00,33916
2023-12-05 19:00:00+00:00,34120
2023-12-05 20:00:00+00:00,34264
2023-12-05 21:00:00+00:00,32540
2023-12-05 22:00:00+00:00,29496
2023-12-05 23:00:00+00:00,26452
2023-12-06 00:00:00+00:00,24984
2023-12-06 01:00:00+00:00,23272
2023-12-06 02:00:00+00:00,22348
2023-12-06 03:00:00+00:00,21884
2023-12-06 04:00:00+00:00,21644
2023-12-06 05:00:00+00:00,21608
2023-12-06 06:00:00+00:00,22820
2023-12-06 07:00:00+00:00,24128
2023-12-06 08:00:00+00:00,24936
2023-12-06 09:00:00+00:00,26560
2023-12-06 10:00:00+00:00,27256
2023-12-06 11:00:00+00:00,27336
2023-12-06 12:00:00+00:00,27792
2023-12-06 13:00:00+00:00,28700
2023-12-06 14:00:00+00:00,28360
2023-12-06 15:00:00+00:00,27728
2023-12-06 16:00:00+00:00,27500
2023-12-06 17:00:00+00:00,28876
2023-12-06 18:00:00+00:00,29916
2023-12-06 19:00:00+00:00,30336
2023-12-06 20:00:00+00:00,30988
2023-12-06 21:00:00+00:00,30136
2023-12-06 22:00:00+00:00,27884
2023-12-06 23:00:00+00:00,25368
2023-12-07 00:00:00+00:00,23928
2023-12-07 01:00:00+00:00,22232
2023-12-07 02:00:00+00:00,21268
2023-12-07 03:00:00+00:00,20864
2023-12-07 04:00:00+00:00,20976
2023-12-07 05:00:00+00:00,21596
2023-12-07 06:00:00+00:00,24140
2023-12-07 07:00:00+00:00,26792
2023-12-07 08:00:00+00:00,28236
2023-12-07 09:00:00+00:00,29812
2023-12-07 10:00:00+00:00,29880
2023-12-07 11:00:00+00:00,29376
2023-12-07 12:00:00+00:00,29576
2023-12-07 13:00:00+00:00,30320
2023-12-07 14:00:00+00:00,30032
2023-12-07 15:00:00+00:00,29516
2023-12-07 16:00:00+00:00,29600
2023-12-07 17:00:00+00:00,30924
2023-12-07 18:00:00+00:00,31432
2023-12-07 19:00:00+00:00,31552
2023-12-07 20:00:00+00:00,31600
2023-12-07 21:00:00+00:00,30084
2023-12-07 22:00:00+00:00,27612
2023-12-07 23:00:00+00:00,25108
2023-12-08 00:00:00+00:00,23680
2023-12-08 01:00:00+00:00,22264
2023-12-08 02:00:00+00:00,21112
2023-12-08 03:00:00+00:00,20452
2023-12-08 04:00:00+00:00,20380
2023-12-08 05:00:00+00:00,20504
2023-12-08 06:00:00+00:00,21536
2023-12-08 07:00:00+00:00,22796
2023-12-08 08:00:00+00:00,23732
2023-12-08 09:00:00+00:00,25360
2023-12-08 10:00:00+00:00,25760
2023-12-08 11:00:00+00:00,25604
2023-12-08 12:00:00+00:00,25528
2023-12-08 13:00:00+00:00,26284
2023-12-08 14:00:00+00:00,25812
2023-12-08 15:00:00+00:00,25268
2023-12-08 16:00:00+00:00,25228
2023-12-08 17:00:00+00:00,26704
2023-12-08 18:00:00+00:00,28020
2023-12-08 19:00:00+00:00,28560
2023-12-08 20:00:00+00:00,29064
2023-12-08 21:00:00+00:00,28504
2023-12-08 22:00:00+00:00,26620
2023-12-08 23:00:00+00:00,24504
2023-12-09 00:00:00+00:00,22824
2023-12-09 01:00:00+00:00,21324
2023-12-09 02:00:00+00:00,20372
2023-12-09 03:00:00+00:00,19816
2023-12-09 04:00:00+00:00,19640
2023-12-09 05:00:00+00:00,19984
2023-12-09 06:00:00+00:00,21128
2023-12-09 07:00:00+00:00,22580
2023-12-09 08:00:00+00:00,23776
2023-12-09 09:00:00+00:00,25712
2023-12-09 10:00:00+00:00,26228
2023-12-09 11:00:00+00:00,25676
2023-12-09 12:00:00+00:00,25588
2023-12-09 13:00:00+00:00,26288
2023-12-09 14:00:00+00:00,26012
2023-12-09 15:00:00+00:00,25636
2023-12-09 16:00:00+00:00,25608
2023-12-09 17:00:00+00:00,27100
2023-12-09 18:00:00+00:00,28268
2023-12-09 19:00:00+00:00,28524
2023-12-09 20:00:00+00:00,28864
2023-12-09 21:00:00+00:00,27876
2023-12-09 22:00:00+00:00,25936
2023-12-09 23:00:00+00:00,23992
2023-12-10 00:00:00+00:00,22220
2023-12-10 01:00:00+00:00,20792
2023-12-10 02:00:00+00:00,19812
2023-12-10 03:00:00+00:00,19284
2023-12-10 04:00:00+00:00,18728
2023-12-10 05:00:00+00:00,19112
2023-12-10 06:00:00+00:00,19792
2023-12-10 07:00:00+00:00,20776
2023-12-10 08:00:00+00:00,21324
2023-12-10 09:00:00+00:00,22628
2023-12-10 10:00:00+00:00,23696
2023-12-10 11:00:00+00:00,23920
2023-12-10 12:00:00+00:00,24112
2023-12-10 13:00:00+00:00,24952
2023-12-10 14:00:00+00:00,24636
2023-12-10 15:00:00+00:00,24124
2023-12-10 16:00:00+00:00,24280
2023-12-10 17:00:00+00:00,25808
2023-12-10 18:00:00+00:00,27568
2023-12-10 19:00:00+00:00,28316
2023-12-10 20:00:00+00:00,29004
2023-12-10 21:00:00+00:00,27844
2023-12-10 22:00:00+00:00,25724
2023-12-10 23:00:00+00:00,23204
2023-12-11 00:00:00+00:00,21592
2023-12-11 01:00:00+00:00,20508
2023-12-11 02:00:00+00:00,19772
2023-12-11 03:00:00+00:00,19508
2023-12-11 04:00:00+00:00,19892
2023-12-11 05:00:00+00:00,21160
2023-12-11 06:00:00+00:00,25176
2023-12-11 07:00:00+00:00,29876
2023-12-11 08:00:00+00:00,31112
2023-12-11 09:00:00+00:00,31240
2023-12-11 10:00:00+00:00,30672
2023-12-11 11:00:00+00:00,30132
2023-12-11 12:00:00+00:00,29980
2023-12-11 13:00:00+00:00,30008
2023-12-11 14:00:00+00:00,30044
2023-12-11 15:00:00+00:00,30132
2023-12-11 16:00:00+00:00,30416
2023-12-11 17:00:00+00:00,32000
2023-12-11 18:00:00+00:00,32644
2023-12-11 19:00:00+00:00,33196
2023-12-11 20:00:00+00:00,33540
2023-12-11 21:00:00+00:00,31508
2023-12-11 22:00:00+00:00,28672
2023-12-11 23:00:00+00:00,25632
2023-12-12 00:00:00+00:00,24056
2023-12-12 01:00:00+00:00,22748
2023-12-12 02:00:00+00:00,22144
2023-12-12 03:00:00+00:00,21596
2023-12-12 04:00:00+00:00,21532
2023-12-12 05:00:00+00:00,22780
2023-12-12 06:00:00+00:00,26532
2023-12-12 07:00:00+00:00,30548
2023-12-12 08:00:00+00:00,31440
2023-12-12 09:00:00+00:00,31500
2023-12-12 10:00:00+00:00,31116
2023-12-12 11:00:00+00:00,30568
2023-12-12 12:00:00+00:00,30560
2023-12-12 13:00:00+00:00,30588
2023-12-12 14:00:00+00:00,30396
2023-12-12 15:00:00+00:00,30456
2023-12-12 16:00:00+00:00,30812
2023-12-12 17:00:00+00:00,32256
2023-12-12 18:00:00+00:00,32972
2023-12-12 19:00:00+00:00,33512
2023-12-12 20:00:00+00:00,33688
2023-12-12 21:00:00+00:00,31392
2023-12-12 22:00:00+00:00,28352
2023-12-12 23:00:00+00:00,25484
2023-12-13 00:00:00+00:00,24384
2023-12-13 01:00:00+00:00,22876
2023-12-13 02:00:00+00:00,21928
2023-12-13 03:00:00+00:00,21680
2023-12-13 04:00:00+00:00,21704
2023-12-13 05:00:00+00:00,22816
2023-12-13 06:00:00+00:00,26452
2023-12-13 07:00:00+00:00,30164
2023-12-13 08:00:00+00:00,31140
2023-12-13 09:00:00+00:00,31752
2023-12-13 10:00:00+00:00,31536
2023-12-13 11:00:00+00:00,31176
2023-12-13 12:00:00+00:00,31324
2023-12-13 13:00:00+00:00,30964
2023-12-13 14:00:00+00:00,30780
2023-12-13 15:00:00+00:00,30556
2023-12-13 16:00:00+00:00,30680
2023-12-13 17:00:00+00:00,32260
2023-12-13 18:00:00+00:00,33384
2023-12-13 19:00:00+00:00,33932
2023-12-13 20:00:00+00:00,34280
2023-12-13 21:00:00+00:00,32156
2023-12-13 22:00:00+00:00,28936
2023-12-13 23:00:00+00:00,26168
2023-12-14 00:00:00+00:00,24720
2023-12-14 01:00:00+00:00,23384
2023-12-14 02:00:00+00:00,22640
2023-12-14 03:00:00+00:00,22228
2023-12-14 04:00:00+00:00,22452
2023-12-14 05:00:00+00:00,23628
2023-12-14 06:00:00+00:00,27296
2023-12-14 07:00:00+00:00,31348
2023-12-14 08:00:00+00:00,32188
2023-12-14 09:00:00+00:00,31572
2023-12-14 10:00:00+00:00,30924
2023-12-14 11:00:00+00:00,30236
2023-12-14 12:00:00+00:00,29996
2023-12-14 13:00:00+00:00,29744
2023-12-14 14:00:00+00:00,29860
2023-12-14 15:00:00+00:00,30056
2023-12-14 16:00:00+00:00,30364
2023-12-14 17:00:00+00:00,32404
2023-12-14 18:00:00+00:00,33708
2023-12-14 19:00:00+00:00,34264
2023-12-14 20:00:00+00:00,34668
2023-12-14 21:00:00+00:00,32452
2023-12-14 22:00:00+00:00,29352
2023-12-14 23:00:00+00:00,26584
2023-12-15 00:00:00+00:00,25160
2023-12-15 01:00:00+00:00,23576
2023-12-15 02:00:00+00:00,22820
2023-12-15 03:00:00+00:00,22644
2023-12-15 04:00:00+00:00,22700
2023-12-15 05:00:00+00:00,23764
2023-12-15 06:00:00+00:00,27544
2023-12-15 07:00:00+00:00,31996
2023-12-15 08:00:00+00:00,32776
2023-12-15 09:00:00+00:00,32652
2023-12-15 10:00:00+00:00,31488
2023-12-15 11:00:00+00:00,30740
2023-12-15 12:00:00+00:00,30376
2023-12-15 13:00:00+00:00,29700
2023-12-15 14:00:00+00:00,29576
2023-12-15 15:00:00+00:00,29616
2023-12-15 16:00:00+00:00,30264
2023-12-15 17:00:00+00:00,32020
2023-12-15 18:00:00+00:00,33420
2023-12-15 19:00:00+00:00,33748
2023-12-15 20:00:00+00:00,33612
2023-12-15 21:00:00+00:00,31596
2023-12-15 22:00:00+00:00,29036
2023-12-15 23:00:00+00:00,26404
2023-12-16 00:00:00+00:00,25072
2023-12-16 01:00:00+00:00,23564
2023-12-16 02:00:00+00:00,22532
2023-12-16 03:00:00+00:00,21896
2023-12-16 04:00:00+00:00,21624
2023-12-16 05:00:00+00:00,21612
2023-12-16 06:00:00+00:00,22724
2023-12-16 07:00:00+00:00,24352
2023-12-16 08:00:00+00:00,25984
2023-12-16 09:00:00+00:00,27292
2023-12-16 10:00:00+00:00,27524
2023-12-16 11:00:00+00:00,26800
2023-12-16 12:00:00+00:00,26444
2023-12-16 13:00:00+00:00,26716
2023-12-16 14:00:00+00:00,26468
2023-12-16 15:00:00+00:00,26392
2023-12-16 16:00:00+00:00,26404
2023-12-16 17:00:00+00:00,27844
2023-12-16 18:00:00+00:00,29596
2023-12-16 19:00:00+00:00,30020
2023-12-16 20:00:00+00:00,30460
2023-12-16 21:00:00+00:00,29448
2023-12-16 22:00:00+00:00,27344
2023-12-16 23:00:00+00:00,25304
2023-12-17 00:00:00+00:00,23760
2023-12-17 01:00:00+00:00,22276
2023-12-17 02:00:00+00:00,21140
2023-12-17 03:00:00+00:00,20480
2023-12-17 04:00:00+00:00,20360
2023-12-17 05:00:00+00:00,20508
2023-12-17 06:00:00+00:00,20968
2023-12-17 07:00:00+00:00,22276
2023-12-17 08:00:00+00:00,23320
2023-12-17 09:00:00+00:00,24908
2023-12-17 10:00:00+00:00,25448
2023-12-17 11:00:00+00:00,25392
2023-12-17 12:00:00+00:00,25132
2023-12-17 13:00:00+00:00,25668
2023-12-17 14:00:00+00:00,25372
2023-12-17 15:00:00+00:00,25480
2023-12-17 16:00:00+00:00,25452
2023-12-17 17:00:00+00:00,27244
2023-12-17 18:00:00+00:00,29284
2023-12-17 19:00:00+00:00,30520
2023-12-17 20:00:00+00:00,31488
2023-12-17 21:00:00+00:00,30328
2023-12-17 22:00:00+00:00,27820
2023-12-17 23:00:00+00:00,25368
2023-12-18 00:00:00+00:00,23420
2023-12-18 01:00:00+00:00,22028
2023-12-18 02:00:00+00:00,21472
2023-12-18 03:00:00+00:00,21248
2023-12-18 04:00:00+00:00,21416
2023-12-18 05:00:00+00:00,22848
2023-12-18 06:00:00+00:00,27260
2023-12-18 07:00:00+00:00,32116
2023-12-18 08:00:00+00:00,33844
2023-12-18 09:00:00+00:00,33884
2023-12-18 10:00:00+00:00,32804
2023-12-18 11:00:00+00:00,32004
2023-12-18 12:00:00+00:00,31748
2023-12-18 13:00:00+00:00,31284
2023-12-18 14:00:00+00:00,31220
2023-12-18 15:00:00+00:00,31712
2023-12-18 16:00:00+00:00,31824
2023-12-18 17:00:00+00:00,33708
2023-12-18 18:00:00+00:00,35108
2023-12-18 19:00:00+00:00,35848
2023-12-18 20:00:00+00:00,36248
2023-12-18 21:00:00+00:00,34208
2023-12-18 22:00:00+00:00,30632
2023-12-18 23:00:00+00:00,27156
2023-12-19 00:00:00+00:00,25320
2023-12-19 01:00:00+00:00,23640
2023-12-19 02:00:00+00:00,22832
2023-12-19 03:00:00+00:00,22304
2023-12-19 04:00:00+00:00,22512
2023-12-19 05:00:00+00:00,23676
2023-12-19 06:00:00+00:00,27516
2023-12-19 07:00:00+00:00,32560
2023-12-19 08:00:00+00:00,34024
2023-12-19 09:00:00+00:00,33940
2023-12-19 10:00:00+00:00,32624
2023-12-19 11:00:00+00:00,31960
2023-12-19 12:00:00+00:00,31596
2023-12-19 13:00:00+00:00,31284
2023-12-19 14:00:00+00:00,31112
2023-12-19 15:00:00+00:00,31352
2023-12-19 16:00:00+00:00,31992
2023-12-19 17:00:00+00:00,33904
2023-12-19 18:00:00+00:00,35224
2023-12-19 19:00:00+00:00,36064
2023-12-19 20:00:00+00:00,36564
2023-12-19 21:00:00+00:00,34412
2023-12-19 22:00:00+00:00,31064
2023-12-19 23:00:00+00:00,27468
2023-12-20 00:00:00+00:00,25492
2023-12-20 01:00:00+00:00,23720
2023-12-20 02:00:00+00:00,22800
2023-12-20 03:00:00+00:00,22492
2023-12-20 04:00:00+00:00,22684
2023-12-20 05:00:00+00:00,23700
2023-12-20 06:00:00+00:00,27544
2023-12-20 07:00:00+00:00,32260
2023-12-20 08:00:00+00:00,33696
2023-12-20 09:00:00+00:00,34196
2023-12-20 10:00:00+00:00,33748
2023-12-20 11:00:00+00:00,32688
2023-12-20 12:00:00+00:00,32208
2023-12-20 13:00:00+00:00,32192
2023-12-20 14:00:00+00:00,32240
2023-12-20 15:00:00+00:00,32204
2023-12-20 16:00:00+00:00,32544
2023-12-20 17:00:00+00:00,34260
2023-12-20 18:00:00+00:00,35304
2023-12-20 19:00:00+00:00,35888
2023-12-20 20:00:00+00:00,36084
2023-12-20 21:00:00+00:00,34024
2023-12-20 22:00:00+00:00,30612
2023-12-20 23:00:00+00:00,27264
2023-12-21 00:00:00+00:00,25092
2023-12-21 01:00:00+00:00,23564
2023-12-21 02:00:00+00:00,22632
2023-12-21 03:00:00+00:00,22272
2023-12-21 04:00:00+00:00,22388
2023-12-21 05:00:00+00:00,23396
2023-12-21 06:00:00+00:00,27192
2023-12-21 07:00:00+00:00,31712
2023-12-21 08:00:00+00:00,33284
2023-12-21 09:00:00+00:00,32992
2023-12-21 10:00:00+00:00,32028
2023-12-21 11:00:00+00:00,31144
2023-12-21 12:00:00+00:00,30792
2023-12-21 13:00:00+00:00,30524
2023-12-21 14:00:00+00:00,30332
2023-12-21 15:00:00+00:00,30424
2023-12-21 16:00:00+00:00,31052
2023-12-21 17:00:00+00:00,32948
2023-12-21 18:00:00+00:00,34112
2023-12-21 19:00:00+00:00,34644
2023-12-21 20:00:00+00:00,35048
2023-12-21 21:00:00+00:00,33248
2023-12-21 22:00:00+00:00,30076
2023-12-21 23:00:00+00:00,26860
2023-12-22 00:00:00+00:00,25048
2023-12-22 01:00:00+00:00,23260
2023-12-22 02:00:00+00:00,22376
2023-12-22 03:00:00+00:00,21780
2023-12-22 04:00:00+00:00,21832
2023-12-22 05:00:00+00:00,22884
2023-12-22 06:00:00+00:00,26284
2023-12-22 07:00:00+00:00,30380
2023-12-22 08:00:00+00:00,32072
2023-12-22 09:00:00+00:00,31940
2023-12-22 10:00:00+00:00,30988
2023-12-22 11:00:00+00:00,29744
2023-12-22 12:00:00+00:00,29160
2023-12-22 13:00:00+00:00,28492
2023-12-22 14:00:00+00:00,28124
2023-12-22 15:00:00+00:00,28128
2023-12-22 16:00:00+00:00,28536
2023-12-22 17:00:00+00:00,30360
2023-12-22 18:00:00+00:00,31928
2023-12-22 19:00:00+00:00,32068
2023-12-22 20:00:00+00:00,32196
2023-12-22 21:00:00+00:00,30768
2023-12-22 22:00:00+00:00,28216
2023-12-22 23:00:00+00:00,25556
2023-12-23 00:00:00+00:00,23788
2023-12-23 01:00:00+00:00,22032
2023-12-23 02:00:00+00:00,20852
2023-12-23 03:00:00+00:00,20176
2023-12-23 04:00:00+00:00,19932
2023-12-23 05:00:00+00:00,20168
2023-12-23 06:00:00+00:00,21284
2023-12-23 07:00:00+00:00,22944
2023-12-23 08:00:00+00:00,24684
2023-12-23 09:00:00+00:00,26188
2023-12-23 10:00:00+00:00,26152
2023-12-23 11:00:00+00:00,25356
2023-12-23 12:00:00+00:00,24988
2023-12-23 13:00:00+00:00,25448
2023-12-23 14:00:00+00:00,25064
2023-12-23 15:00:00+00:00,24972
2023-12-23 16:00:00+00:00,25476
2023-12-23 17:00:00+00:00,27284
2023-12-23 18:00:00+00:00,28964
2023-12-23 19:00:00+00:00,29440
2023-12-23 20:00:00+00:00,29884
2023-12-23 21:00:00+00:00,29028
2023-12-23 22:00:00+00:00,26876
2023-12-23 23:00:00+00:00,24464
2023-12-24 00:00:00+00:00,22232
2023-12-24 01:00:00+00:00,20488
2023-12-24 02:00:00+00:00,19288
2023-12-24 03:00:00+00:00,18764
2023-12-24 04:00:00+00:00,18564
2023-12-24 05:00:00+00:00,18708
2023-12-24 06:00:00+00:00,19424
2023-12-24 07:00:00+00:00,20692
2023-12-24 08:00:00+00:00,22260
2023-12-24 09:00:00+00:00,24220
2023-12-24 10:00:00+00:00,24888
2023-12-24 11:00:00+00:00,24600
2023-12-24 12:00:00+00:00,24092
2023-12-24 13:00:00+00:00,24320
2023-12-24 14:00:00+00:00,23844
2023-12-24 15:00:00+00:00,23576
2023-12-24 16:00:00+00:00,24232
2023-12-24 17:00:00+00:00,26356
2023-12-24 18:00:00+00:00,28380
2023-12-24 19:00:00+00:00,28208
2023-12-24 20:00:00+00:00,27308
2023-12-24 21:00:00+00:00,24744
2023-12-24 22:00:00+00:00,22800
2023-12-24 23:00:00+00:00,21968
2023-12-25 00:00:00+00:00,21380
2023-12-25 01:00:00+00:00,20168
2023-12-25 02:00:00+00:00,18936
2023-12-25 03:00:00+00:00,18108
2023-12-25 04:00:00+00:00,17600
2023-12-25 05:00:00+00:00,17668
2023-12-25 06:00:00+00:00,18072
2023-12-25 07:00:00+00:00,18772
2023-12-25 08:00:00+00:00,19096
2023-12-25 09:00:00+00:00,20580
2023-12-25 10:00:00+00:00,21556
2023-12-25 11:00:00+00:00,21988
2023-12-25 12:00:00+00:00,21972
2023-12-25 13:00:00+00:00,21964
2023-12-25 14:00:00+00:00,20816
2023-12-25 15:00:00+00:00,20168
2023-12-25 16:00:00+00:00,21060
2023-12-25 17:00:00+00:00,23160
2023-12-25 18:00:00+00:00,25284
2023-12-25 19:00:00+00:00,26292
2023-12-25 20:00:00+00:00,27232
2023-12-25 21:00:00+00:00,26900
2023-12-25 22:00:00+00:00,24948
2023-12-25 23:00:00+00:00,22512
2023-12-26 00:00:00+00:00,20808
2023-12-26 01:00:00+00:00,19280
2023-12-26 02:00:00+00:00,18420
2023-12-26 03:00:00+00:00,18168
2023-12-26 04:00:00+00:00,18272
2023-12-26 05:00:00+00:00,19112
2023-12-26 06:00:00+00:00,21540
2023-12-26 07:00:00+00:00,24556
2023-12-26 08:00:00+00:00,26704
2023-12-26 09:00:00+00:00,28436
2023-12-26 10:00:00+00:00,28636
2023-12-26 11:00:00+00:00,28048
2023-12-26 12:00:00+00:00,27512
2023-12-26 13:00:00+00:00,27740
2023-12-26 14:00:00+00:00,27112
2023-12-26 15:00:00+00:00,26860
2023-12-26 16:00:00+00:00,27340
2023-12-26 17:00:00+00:00,29296
2023-12-26 18:00:00+00:00,30876
2023-12-26 19:00:00+00:00,31472
2023-12-26 20:00:00+00:00,31968
2023-12-26 21:00:00+00:00,30840
2023-12-26 22:00:00+00:00,27904
2023-12-26 23:00:00+00:00,24876
2023-12-27 00:00:00+00:00,22740
2023-12-27 01:00:00+00:00,21184
2023-12-27 02:00:00+00:00,20220
2023-12-27 03:00:00+00:00,19824
2023-12-27 04:00:00+00:00,19752
2023-12-27 05:00:00+00:00,20812
2023-12-27 06:00:00+00:00,23596
2023-12-27 07:00:00+00:00,27000
2023-12-27 08:00:00+00:00,29440
2023-12-27 09:00:00+00:00,30792
2023-12-27 10:00:00+00:00,30228
2023-12-27 11:00:00+00:00,29440
2023-12-27 12:00:00+00:00,28904
2023-12-27 13:00:00+00:00,29108
2023-12-27 14:00:00+00:00,28560
2023-12-27 15:00:00+00:00,28460
2023-12-27 16:00:00+00:00,29276
2023-12-27 17:00:00+00:00,31092
2023-12-27 18:00:00+00:00,32556
2023-12-27 19:00:00+00:00,32892
2023-12-27 20:00:00+00:00,33332
2023-12-27 21:00:00+00:00,31580
2023-12-27 22:00:00+00:00,28572
2023-12-27 23:00:00+00:00,25140
2023-12-28 00:00:00+00:00,23164
2023-12-28 01:00:00+00:00,21464
2023-12-28 02:00:00+00:00,20492
2023-12-28 03:00:00+00:00,20040
2023-12-28 04:00:00+00:00,20016
2023-12-28 05:00:00+00:00,20884
2023-12-28 06:00:00+00:00,23604
2023-12-28 07:00:00+00:00,26856
2023-12-28 08:00:00+00:00,29184
2023-12-28 09:00:00+00:00,30888
2023-12-28 10:00:00+00:00,31296
2023-12-28 11:00:00+00:00,30860
2023-12-28 12:00:00+00:00,30352
2023-12-28 13:00:00+00:00,30564
2023-12-28 14:00:00+00:00,30240
2023-12-28 15:00:00+00:00,29968
2023-12-28 16:00:00+00:00,30188
2023-12-28 17:00:00+00:00,31604
2023-12-28 18:00:00+00:00,32556
2023-12-28 19:00:00+00:00,32856
2023-12-28 20:00:00+00:00,33220
2023-12-28 21:00:00+00:00,31428
2023-12-28 22:00:00+00:00,28568
2023-12-28 23:00:00+00:00,25260
2023-12-29 00:00:00+00:00,23196
2023-12-29 01:00:00+00:00,21516
2023-12-29 02:00:00+00:00,20408
2023-12-29 03:00:00+00:00,20064
2023-12-29 04:00:00+00:00,20044
2023-12-29 05:00:00+00:00,20812
2023-12-29 06:00:00+00:00,23324
2023-12-29 07:00:00+00:00,26424
2023-12-29 08:00:00+00:00,28592
2023-12-29 09:00:00+00:00,30600
2023-12-29 10:00:00+00:00,30948
2023-12-29 11:00:00+00:00,30448
2023-12-29 12:00:00+00:00,30380
2023-12-29 13:00:00+00:00,30812
2023-12-29 14:00:00+00:00,30100
2023-12-29 15:00:00+00:00,29636
2023-12-29 16:00:00+00:00,29460
2023-12-29 17:00:00+00:00,30268
2023-12-29 18:00:00+00:00,31488
2023-12-29 19:00:00+00:00,31604
2023-12-29 20:00:00+00:00,31844
2023-12-29 21:00:00+00:00,30376
2023-12-29 22:00:00+00:00,27860
2023-12-29 23:00:00+00:00,25128
2023-12-30 00:00:00+00:00,23124
2023-12-30 01:00:00+00:00,21312
2023-12-30 02:00:00+00:00,20088
2023-12-30 03:00:00+00:00,19540
2023-12-30 04:00:00+00:00,19296
2023-12-30 05:00:00+00:00,19612
2023-12-30 06:00:00+00:00,20708
2023-12-30 07:00:00+00:00,22244
2023-12-30 08:00:00+00:00,23856
2023-12-30 09:00:00+00:00,25620
2023-12-30 10:00:00+00:00,26008
2023-12-30 11:00:00+00:00,25332
2023-12-30 12:00:00+00:00,24624
2023-12-30 13:00:00+00:00,25024
2023-12-30 14:00:00+00:00,24876
2023-12-30 15:00:00+00:00,24788
2023-12-30 16:00:00+00:00,25224
2023-12-30 17:00:00+00:00,26968
2023-12-30 18:00:00+00:00,28684
2023-12-30 19:00:00+00:00,29300
2023-12-30 20:00:00+00:00,29828
2023-12-30 21:00:00+00:00,29008
2023-12-30 22:00:00+00:00,26820
2023-12-30 23:00:00+00:00,24552
2023-12-31 00:00:00+00:00,22412
2023-12-31 01:00:00+00:00,20408
2023-12-31 02:00:00+00:00,19176
2023-12-31 03:00:00+00:00,18380
2023-12-31 04:00:00+00:00,18036
2023-12-31 05:00:00+00:00,18008
2023-12-31 06:00:00+00:00,18728
2023-12-31 07:00:00+00:00,19904
2023-12-31 08:00:00+00:00,21120
2023-12-31 09:00:00+00:00,23456
2023-12-31 10:00:00+00:00,24924
2023-12-31 11:00:00+00:00,25140
2023-12-31 12:00:00+00:00,25044
2023-12-31 13:00:00+00:00,25672
2023-12-31 14:00:00+00:00,25440
2023-12-31 15:00:00+00:00,24696
2023-12-31 16:00:00+00:00,25020
2023-12-31 17:00:00+00:00,26688
2023-12-31 18:00:00+00:00,28960
2023-12-31 19:00:00+00:00,29052
2023-12-31 20:00:00+00:00,28472
2023-12-31 21:00:00+00:00,26340
2023-12-31 22:00:00+00:00,23800
2023-12-31 23:00:00+00:00,20100
