 ,WTON,WTOF,PHOT,HROR
2023-01-01 00:00:00+00:00,0.195766902,0,0,0.488106937
2023-01-01 01:00:00+00:00,0.189830776,0,0,0.480764104
2023-01-01 02:00:00+00:00,0.183433425,0,0,0.471513693
2023-01-01 03:00:00+00:00,0.157727293,0,0,0.463936151
2023-01-01 04:00:00+00:00,0.151059471,0,0,0.462475676
2023-01-01 05:00:00+00:00,0.155056748,0,0,0.462548452
2023-01-01 06:00:00+00:00,0.164853492,0,0,0.459674553
2023-01-01 07:00:00+00:00,0.147073583,0,0.00190812,0.444815191
2023-01-01 08:00:00+00:00,0.142521129,0,0.043294746,0.434350228
2023-01-01 09:00:00+00:00,0.176065226,0,0.135991134,0.439243178
2023-01-01 10:00:00+00:00,0.19718474,0,0.215225939,0.475866042
2023-01-01 11:00:00+00:00,0.208775133,0,0.248993747,0.464624009
2023-01-01 12:00:00+00:00,0.207619226,0,0.283977468,0.453856837
2023-01-01 13:00:00+00:00,0.20630673,0,0.281176767,0.456499105
2023-01-01 14:00:00+00:00,0.197392575,0,0.242718354,0.466533456
2023-01-01 15:00:00+00:00,0.203974985,0,0.139597891,0.484489223
2023-01-01 16:00:00+00:00,0.259358903,0,0.031568232,0.494044866
2023-01-01 17:00:00+00:00,0.348984447,0,0,0.490539927
2023-01-01 18:00:00+00:00,0.359766275,0,0,0.506715054
2023-01-01 19:00:00+00:00,0.361984137,0,0,0.507954507
2023-01-01 20:00:00+00:00,0.356267235,0,0,0.510276335
2023-01-01 21:00:00+00:00,0.369480454,0,0,0.49363003
2023-01-01 22:00:00+00:00,0.367538757,0,0,0.479834666
2023-01-01 23:00:00+00:00,0.374989521,0,0,0.489238929
2023-01-02 00:00:00+00:00,0.369486149,0,0,0.517760909
2023-01-02 01:00:00+00:00,0.317265318,0,0,0.517978304
2023-01-02 02:00:00+00:00,0.279755262,0,0,0.515144513
2023-01-02 03:00:00+00:00,0.251543715,0,0,0.526254093
2023-01-02 04:00:00+00:00,0.210546007,0,0,0.528325748
2023-01-02 05:00:00+00:00,0.182801377,0,0,0.525126132
2023-01-02 06:00:00+00:00,0.156056067,0,0,0.521622567
2023-01-02 07:00:00+00:00,0.139722466,0,0.002231453,0.541727767
2023-01-02 08:00:00+00:00,0.114451935,0,0.045863195,0.558236068
2023-01-02 09:00:00+00:00,0.089429097,0,0.128449733,0.577123931
2023-01-02 10:00:00+00:00,0.067623442,0,0.209105382,0.587938265
2023-01-02 11:00:00+00:00,0.059751312,0,0.25064229,0.594890025
2023-01-02 12:00:00+00:00,0.05463514,0,0.277925221,0.599938129
2023-01-02 13:00:00+00:00,0.051013676,0,0.254417544,0.61843961
2023-01-02 14:00:00+00:00,0.049251344,0,0.194140984,0.624288254
2023-01-02 15:00:00+00:00,0.05262796,0,0.135098553,0.627941989
2023-01-02 16:00:00+00:00,0.056591072,0,0.037042123,0.636792185
2023-01-02 17:00:00+00:00,0.070413563,0,0,0.641577601
2023-01-02 18:00:00+00:00,0.084668808,0,0,0.642840158
2023-01-02 19:00:00+00:00,0.095365224,0,0,0.641214836
2023-01-02 20:00:00+00:00,0.103169024,0,0,0.635757832
2023-01-02 21:00:00+00:00,0.104487214,0,0,0.627978158
2023-01-02 22:00:00+00:00,0.101959022,0,0,0.613300682
2023-01-02 23:00:00+00:00,0.110431882,0,0,0.591407348
2023-01-03 00:00:00+00:00,0.1191866,0,0,0.579755315
2023-01-03 01:00:00+00:00,0.119132506,0,0,0.57938
2023-01-03 02:00:00+00:00,0.114258334,0,0,0.57746535
2023-01-03 03:00:00+00:00,0.120416532,0,0,0.575716883
2023-01-03 04:00:00+00:00,0.12265717,0,0,0.57506349
2023-01-03 05:00:00+00:00,0.123087077,0,0,0.576990617
2023-01-03 06:00:00+00:00,0.130438194,0,0,0.583999434
2023-01-03 07:00:00+00:00,0.129333533,0,0.001985538,0.590599551
2023-01-03 08:00:00+00:00,0.113145133,0,0.077804853,0.595042431
2023-01-03 09:00:00+00:00,0.097343933,0,0.248196799,0.605653936
2023-01-03 10:00:00+00:00,0.08465742,0,0.352637917,0.606233344
2023-01-03 11:00:00+00:00,0.083074453,0,0.380927279,0.610031222
2023-01-03 12:00:00+00:00,0.083285135,0,0.395021867,0.614198899
2023-01-03 13:00:00+00:00,0.082860923,0,0.40753622,0.615529597
2023-01-03 14:00:00+00:00,0.082021039,0,0.418452125,0.618271191
2023-01-03 15:00:00+00:00,0.076201643,0,0.305271908,0.627261827
2023-01-03 16:00:00+00:00,0.076452184,0,0.081753159,0.632871053
2023-01-03 17:00:00+00:00,0.089172862,0,0.002500138,0.637278369
2023-01-03 18:00:00+00:00,0.09473887,0,0,0.640059923
2023-01-03 19:00:00+00:00,0.096854238,0,0,0.640668573
2023-01-03 20:00:00+00:00,0.097241438,0,0,0.637459687
2023-01-03 21:00:00+00:00,0.096862779,0,0,0.626669831
2023-01-03 22:00:00+00:00,0.102602458,0,0,0.61865585
2023-01-03 23:00:00+00:00,0.111986378,0,0,0.609711093
2023-01-04 00:00:00+00:00,0.119106883,0,0,0.593160688
2023-01-04 01:00:00+00:00,0.123152559,0,0,0.583361431
2023-01-04 02:00:00+00:00,0.126711388,0,0,0.583138796
2023-01-04 03:00:00+00:00,0.131967066,0,0,0.582974188
2023-01-04 04:00:00+00:00,0.137883264,0,0,0.581201169
2023-01-04 05:00:00+00:00,0.133803422,0,0,0.609488367
2023-01-04 06:00:00+00:00,0.128055202,0,0,0.621345829
2023-01-04 07:00:00+00:00,0.11949693,0,0.003183236,0.627122265
2023-01-04 08:00:00+00:00,0.110699506,0,0.098115632,0.627265601
2023-01-04 09:00:00+00:00,0.100384596,0,0.285234368,0.629257682
2023-01-04 10:00:00+00:00,0.086932223,0,0.372220058,0.624427284
2023-01-04 11:00:00+00:00,0.079880048,0,0.402499512,0.615269915
2023-01-04 12:00:00+00:00,0.075891313,0,0.42752822,0.61496525
2023-01-04 13:00:00+00:00,0.075282041,0,0.448886415,0.616334041
2023-01-04 14:00:00+00:00,0.075996654,0,0.449355475,0.6173753
2023-01-04 15:00:00+00:00,0.075116912,0,0.329681273,0.624996853
2023-01-04 16:00:00+00:00,0.068212784,0,0.087636909,0.646003734
2023-01-04 17:00:00+00:00,0.065639039,0,0.002208683,0.653623747
2023-01-04 18:00:00+00:00,0.063979201,0,0,0.653824011
2023-01-04 19:00:00+00:00,0.068998573,0,0,0.652052971
2023-01-04 20:00:00+00:00,0.073832886,0,0,0.634333965
2023-01-04 21:00:00+00:00,0.08393996,0,0,0.624780503
2023-01-04 22:00:00+00:00,0.092657667,0,0,0.608171044
2023-01-04 23:00:00+00:00,0.096455649,0,0,0.580792031
2023-01-05 00:00:00+00:00,0.095168777,0,0,0.565413963
2023-01-05 01:00:00+00:00,0.099388124,0,0,0.565467611
2023-01-05 02:00:00+00:00,0.099037935,0,0,0.56709427
2023-01-05 03:00:00+00:00,0.094192234,0,0,0.564221397
2023-01-05 04:00:00+00:00,0.08959138,0,0,0.558496521
2023-01-05 05:00:00+00:00,0.08188438,0,0,0.568339568
2023-01-05 06:00:00+00:00,0.079270777,0,0,0.591992527
2023-01-05 07:00:00+00:00,0.079279318,0,0.003693283,0.607111828
2023-01-05 08:00:00+00:00,0.07481797,0,0.100183141,0.602138425
2023-01-05 09:00:00+00:00,0.065929439,0,0.294488068,0.564293844
2023-01-05 10:00:00+00:00,0.061439621,0,0.392749427,0.531419405
2023-01-05 11:00:00+00:00,0.057479356,0,0.42352982,0.549641012
2023-01-05 12:00:00+00:00,0.055728412,0,0.434987649,0.579069216
2023-01-05 13:00:00+00:00,0.051526147,0,0.439937832,0.590708771
2023-01-05 14:00:00+00:00,0.045809244,0,0.417067713,0.590922978
2023-01-05 15:00:00+00:00,0.04036566,0,0.304684443,0.591760126
2023-01-05 16:00:00+00:00,0.03481104,0,0.088962119,0.607133705
2023-01-05 17:00:00+00:00,0.038187657,0,0.004617742,0.630941104
2023-01-05 18:00:00+00:00,0.04057919,0,0,0.6435378
2023-01-05 19:00:00+00:00,0.044772914,0,0,0.635741159
2023-01-05 20:00:00+00:00,0.047927459,0,0,0.62190206
2023-01-05 21:00:00+00:00,0.05183363,0,0,0.612731058
2023-01-05 22:00:00+00:00,0.061322891,0,0,0.601946956
2023-01-05 23:00:00+00:00,0.071108247,0,0,0.584268369
2023-01-06 00:00:00+00:00,0.075919783,0,0,0.571726383
2023-01-06 01:00:00+00:00,0.077531221,0,0,0.569035909
2023-01-06 02:00:00+00:00,0.07520517,0,0,0.559445161
2023-01-06 03:00:00+00:00,0.081551274,0,0,0.55077348
2023-01-06 04:00:00+00:00,0.087091659,0,0,0.564746278
2023-01-06 05:00:00+00:00,0.096709038,0,0,0.571650235
2023-01-06 06:00:00+00:00,0.094437081,0,0,0.576028767
2023-01-06 07:00:00+00:00,0.094596517,0,0.003920982,0.587982019
2023-01-06 08:00:00+00:00,0.097790922,0,0.098142956,0.589846795
2023-01-06 09:00:00+00:00,0.090305993,0,0.275142735,0.58789627
2023-01-06 10:00:00+00:00,0.081944169,0,0.359742136,0.577984386
2023-01-06 11:00:00+00:00,0.081981181,0,0.394630224,0.566477283
2023-01-06 12:00:00+00:00,0.086775635,0,0.403829276,0.566009696
2023-01-06 13:00:00+00:00,0.095308283,0,0.401438433,0.570040378
2023-01-06 14:00:00+00:00,0.105002532,0,0.380890847,0.560939643
2023-01-06 15:00:00+00:00,0.119998013,0,0.277164705,0.548722329
2023-01-06 16:00:00+00:00,0.140701856,0,0.079426072,0.589902624
2023-01-06 17:00:00+00:00,0.164204361,0,0.002195021,0.61304012
2023-01-06 18:00:00+00:00,0.181346528,0,0,0.618585163
2023-01-06 19:00:00+00:00,0.203186349,0,0,0.619032979
2023-01-06 20:00:00+00:00,0.22230153,0,0,0.61440444
2023-01-06 21:00:00+00:00,0.241929183,0,0,0.601462036
2023-01-06 22:00:00+00:00,0.254071907,0,0,0.590007721
2023-01-06 23:00:00+00:00,0.272478169,0,0,0.557463268
2023-01-07 00:00:00+00:00,0.290215372,0,0,0.530171377
2023-01-07 01:00:00+00:00,0.308029446,0,0,0.527987645
2023-01-07 02:00:00+00:00,0.314688726,0,0,0.516376288
2023-01-07 03:00:00+00:00,0.323733845,0,0,0.508336363
2023-01-07 04:00:00+00:00,0.337120736,0,0,0.508139086
2023-01-07 05:00:00+00:00,0.351879911,0,0,0.511017767
2023-01-07 06:00:00+00:00,0.373281284,0,0,0.507564295
2023-01-07 07:00:00+00:00,0.392883313,0,0.003720607,0.504018369
2023-01-07 08:00:00+00:00,0.407132863,0,0.07240838,0.498790046
2023-01-07 09:00:00+00:00,0.433009819,0,0.189555119,0.511834578
2023-01-07 10:00:00+00:00,0.436990013,0,0.265101196,0.510603096
2023-01-07 11:00:00+00:00,0.442405127,0,0.295799616,0.508951298
2023-01-07 12:00:00+00:00,0.472225266,0,0.290111688,0.523691968
2023-01-07 13:00:00+00:00,0.494998923,0,0.269942083,0.52559097
2023-01-07 14:00:00+00:00,0.499426106,0,0.2196934,0.523820334
2023-01-07 15:00:00+00:00,0.518322064,0,0.126905932,0.519766988
2023-01-07 16:00:00+00:00,0.525658945,0,0.026900396,0.546383259
2023-01-07 17:00:00+00:00,0.524636849,0,0,0.566869235
2023-01-07 18:00:00+00:00,0.525425486,0,0,0.580547721
2023-01-07 19:00:00+00:00,0.541306404,0,0,0.598429832
2023-01-07 20:00:00+00:00,0.529038409,0,0,0.579169183
2023-01-07 21:00:00+00:00,0.516787497,0,0,0.559795997
2023-01-07 22:00:00+00:00,0.508818567,0,0,0.539096053
2023-01-07 23:00:00+00:00,0.511332524,0,0,0.519087521
2023-01-08 00:00:00+00:00,0.488368113,0,0,0.514575457
2023-01-08 01:00:00+00:00,0.473503597,0,0,0.513690432
2023-01-08 02:00:00+00:00,0.451794741,0,0,0.507136065
2023-01-08 03:00:00+00:00,0.427600399,0,0,0.503492773
2023-01-08 04:00:00+00:00,0.434310927,0,0,0.494521211
2023-01-08 05:00:00+00:00,0.435873965,0,0,0.492745023
2023-01-08 06:00:00+00:00,0.43964917,0,0,0.494739705
2023-01-08 07:00:00+00:00,0.447979677,0,0.002245115,0.505627915
2023-01-08 08:00:00+00:00,0.486602934,0,0.022168805,0.499923651
2023-01-08 09:00:00+00:00,0.51956623,0,0.056428442,0.520450449
2023-01-08 10:00:00+00:00,0.532716814,0,0.101253328,0.526594889
2023-01-08 11:00:00+00:00,0.558366005,0,0.134615831,0.513907167
2023-01-08 12:00:00+00:00,0.598350159,0,0.161520781,0.50870926
2023-01-08 13:00:00+00:00,0.595104507,0,0.150809805,0.525693704
2023-01-08 14:00:00+00:00,0.59572232,0,0.111563553,0.526890502
2023-01-08 15:00:00+00:00,0.585196728,0,0.072217112,0.535449976
2023-01-08 16:00:00+00:00,0.584174632,0,0.018821625,0.561456278
2023-01-08 17:00:00+00:00,0.595844743,0,0,0.573820739
2023-01-08 18:00:00+00:00,0.61358764,0,0,0.582457827
2023-01-08 19:00:00+00:00,0.619125178,0,0,0.628530137
2023-01-08 20:00:00+00:00,0.616938634,0,0,0.625496321
2023-01-08 21:00:00+00:00,0.59785477,0,0,0.583675018
2023-01-08 22:00:00+00:00,0.568478773,0,0,0.568852429
2023-01-08 23:00:00+00:00,0.516462931,0,0,0.566774618
2023-01-09 00:00:00+00:00,0.499739283,0,0,0.562053166
2023-01-09 01:00:00+00:00,0.479115158,0,0,0.554401803
2023-01-09 02:00:00+00:00,0.459302447,0,0,0.549357675
2023-01-09 03:00:00+00:00,0.445673556,0,0,0.552881468
2023-01-09 04:00:00+00:00,0.444870684,0,0,0.5515262
2023-01-09 05:00:00+00:00,0.491753271,0,0,0.556522121
2023-01-09 06:00:00+00:00,0.505182868,0,0,0.592161276
2023-01-09 07:00:00+00:00,0.483012788,0,0.003583987,0.631432234
2023-01-09 08:00:00+00:00,0.460296072,0,0.063632848,0.63990411
2023-01-09 09:00:00+00:00,0.429115037,0,0.23550484,0.613654505
2023-01-09 10:00:00+00:00,0.420516907,0,0.328524561,0.605110587
2023-01-09 11:00:00+00:00,0.418478409,0,0.364874478,0.617149276
2023-01-09 12:00:00+00:00,0.428921437,0,0.379187657,0.623050249
2023-01-09 13:00:00+00:00,0.421934744,0,0.384848261,0.626413685
2023-01-09 14:00:00+00:00,0.418942481,0,0.353129748,0.617714484
2023-01-09 15:00:00+00:00,0.404046647,0,0.28657324,0.646118285
2023-01-09 16:00:00+00:00,0.387317304,0,0.104828207,0.669207923
2023-01-09 17:00:00+00:00,0.357781872,0,0.022842795,0.68843737
2023-01-09 18:00:00+00:00,0.354539067,0,0.010701867,0.697750736
2023-01-09 19:00:00+00:00,0.355376104,0,0,0.697650476
2023-01-09 20:00:00+00:00,0.364310188,0,0,0.693688888
2023-01-09 21:00:00+00:00,0.375527616,0,0,0.685103469
2023-01-09 22:00:00+00:00,0.363883128,0,0,0.67246082
2023-01-09 23:00:00+00:00,0.33856135,0,0,0.653440524
2023-01-10 00:00:00+00:00,0.331936234,0,0,0.644877788
2023-01-10 01:00:00+00:00,0.312579052,0,0,0.641418764
2023-01-10 02:00:00+00:00,0.300385081,0,0,0.638440886
2023-01-10 03:00:00+00:00,0.311673686,0,0,0.637425021
2023-01-10 04:00:00+00:00,0.32515453,0,0,0.634630879
2023-01-10 05:00:00+00:00,0.335224592,0,0,0.634293766
2023-01-10 06:00:00+00:00,0.325826437,0,0,0.642845215
2023-01-10 07:00:00+00:00,0.311539874,0,0.004203329,0.654317725
2023-01-10 08:00:00+00:00,0.294349308,0,0.09349789,0.652160633
2023-01-10 09:00:00+00:00,0.276945211,0,0.238337419,0.635266024
2023-01-10 10:00:00+00:00,0.263922745,0,0.310654719,0.623880307
2023-01-10 11:00:00+00:00,0.250256842,0,0.338766476,0.628541534
2023-01-10 12:00:00+00:00,0.24830091,0,0.347983744,0.630176292
2023-01-10 13:00:00+00:00,0.254689719,0,0.351403787,0.614140194
2023-01-10 14:00:00+00:00,0.26621463,0,0.339290184,0.610552346
2023-01-10 15:00:00+00:00,0.263458673,0,0.2467122,0.622660312
2023-01-10 16:00:00+00:00,0.268207575,0,0.092682726,0.651043171
2023-01-10 17:00:00+00:00,0.277619965,0,0.024577863,0.666491725
2023-01-10 18:00:00+00:00,0.294850391,0,0.008133419,0.674451618
2023-01-10 19:00:00+00:00,0.308439423,0,0,0.674898555
2023-01-10 20:00:00+00:00,0.322056925,0,0,0.667553652
2023-01-10 21:00:00+00:00,0.335802546,0,0,0.648114909
2023-01-10 22:00:00+00:00,0.322210667,0,0,0.618687182
2023-01-10 23:00:00+00:00,0.313125688,0,0,0.6002484
2023-01-11 00:00:00+00:00,0.305683466,0,0,0.590244134
2023-01-11 01:00:00+00:00,0.281110464,0,0,0.578063208
2023-01-11 02:00:00+00:00,0.258154595,0,0,0.579375309
2023-01-11 03:00:00+00:00,0.245977706,0,0,0.582790268
2023-01-11 04:00:00+00:00,0.236545386,0,0,0.589154192
2023-01-11 05:00:00+00:00,0.221490117,0,0,0.594076293
2023-01-11 06:00:00+00:00,0.221088681,0,0,0.61914099
2023-01-11 07:00:00+00:00,0.238726237,0,0.003615865,0.636079756
2023-01-11 08:00:00+00:00,0.258388054,0,0.060768391,0.637898581
2023-01-11 09:00:00+00:00,0.29079902,0,0.16844284,0.635064624
2023-01-11 10:00:00+00:00,0.309734836,0,0.225932361,0.632714562
2023-01-11 11:00:00+00:00,0.310588955,0,0.263534624,0.622448103
2023-01-11 12:00:00+00:00,0.304635746,0,0.290407697,0.606715241
2023-01-11 13:00:00+00:00,0.304550334,0,0.28522526,0.606580406
2023-01-11 14:00:00+00:00,0.319002027,0,0.267332649,0.589032513
2023-01-11 15:00:00+00:00,0.322993609,0,0.213076458,0.606620477
2023-01-11 16:00:00+00:00,0.309253683,0,0.080673865,0.647958308
2023-01-11 17:00:00+00:00,0.303889816,0,0.005191544,0.666892252
2023-01-11 18:00:00+00:00,0.299624915,0,0,0.672838554
2023-01-11 19:00:00+00:00,0.29690597,0,0,0.675857731
2023-01-11 20:00:00+00:00,0.288088616,0,0,0.675632091
2023-01-11 21:00:00+00:00,0.276313163,0,0,0.657333989
2023-01-11 22:00:00+00:00,0.260725493,0,0,0.621349622
2023-01-11 23:00:00+00:00,0.256819322,0,0,0.622891504
2023-01-12 00:00:00+00:00,0.258060642,0,0,0.610478947
2023-01-12 01:00:00+00:00,0.249152182,0,0,0.605771236
2023-01-12 02:00:00+00:00,0.224522239,0,0,0.606562432
2023-01-12 03:00:00+00:00,0.207277578,0,0,0.596717937
2023-01-12 04:00:00+00:00,0.204049009,0,0,0.589759544
2023-01-12 05:00:00+00:00,0.20037345,0,0,0.61257312
2023-01-12 06:00:00+00:00,0.198201141,0,0,0.628534974
2023-01-12 07:00:00+00:00,0.196848786,0,0.00520976,0.630947864
2023-01-12 08:00:00+00:00,0.190941131,0,0.101002859,0.595938504
2023-01-12 09:00:00+00:00,0.184771545,0,0.300822663,0.583414694
2023-01-12 10:00:00+00:00,0.174468024,0,0.391542621,0.582792027
2023-01-12 11:00:00+00:00,0.17111703,0,0.427086483,0.6115312
2023-01-12 12:00:00+00:00,0.174593294,0,0.454451386,0.621324722
2023-01-12 13:00:00+00:00,0.175216801,0,0.466077712,0.622610842
2023-01-12 14:00:00+00:00,0.172554797,0,0.446254211,0.626196162
2023-01-12 15:00:00+00:00,0.173471552,0,0.336758168,0.639238825
2023-01-12 16:00:00+00:00,0.183031989,0,0.126277482,0.65809094
2023-01-12 17:00:00+00:00,0.204305244,0,0.047652911,0.671001994
2023-01-12 18:00:00+00:00,0.22876721,0,0.027474198,0.677165123
2023-01-12 19:00:00+00:00,0.248733663,0,0.004485676,0.677743102
2023-01-12 20:00:00+00:00,0.261704883,0,0,0.672937861
2023-01-12 21:00:00+00:00,0.272930852,0,0,0.653914486
2023-01-12 22:00:00+00:00,0.269804777,0,0,0.62278179
2023-01-12 23:00:00+00:00,0.271749321,0,0,0.62017122
2023-01-13 00:00:00+00:00,0.286132684,0,0,0.606378073
2023-01-13 01:00:00+00:00,0.294975661,0,0,0.603026455
2023-01-13 02:00:00+00:00,0.303385886,0,0,0.602949886
2023-01-13 03:00:00+00:00,0.316849647,0,0,0.601435213
2023-01-13 04:00:00+00:00,0.299881151,0,0,0.606451179
2023-01-13 05:00:00+00:00,0.2855832,0,0,0.631154009
2023-01-13 06:00:00+00:00,0.266254489,0,0,0.651922149
2023-01-13 07:00:00+00:00,0.246285189,0,0.004472014,0.658289976
2023-01-13 08:00:00+00:00,0.216408109,0,0.075896733,0.650906651
2023-01-13 09:00:00+00:00,0.195709961,0,0.243884174,0.637448657
2023-01-13 10:00:00+00:00,0.185235616,0,0.343443419,0.62813344
2023-01-13 11:00:00+00:00,0.181488881,0,0.369888417,0.616639291
2023-01-13 12:00:00+00:00,0.175455955,0,0.40708993,0.641079672
2023-01-13 13:00:00+00:00,0.181039045,0,0.439072575,0.655552451
2023-01-13 14:00:00+00:00,0.181938717,0,0.434167931,0.656408709
2023-01-13 15:00:00+00:00,0.17235835,0,0.345087408,0.6602047
2023-01-13 16:00:00+00:00,0.159731625,0,0.129301329,0.686031534
2023-01-13 17:00:00+00:00,0.157337245,0,0.028612695,0.694696105
2023-01-13 18:00:00+00:00,0.163597937,0,0.024801009,0.698035795
2023-01-13 19:00:00+00:00,0.171367572,0,0.024942182,0.697482222
2023-01-13 20:00:00+00:00,0.175766284,0,6.62641E-12,0.697556409
2023-01-13 21:00:00+00:00,0.171134113,0,0,0.693138448
2023-01-13 22:00:00+00:00,0.18056928,0,0,0.689186919
2023-01-13 23:00:00+00:00,0.191954685,0,0,0.688907412
2023-01-14 00:00:00+00:00,0.190946825,0,0,0.685979755
2023-01-14 01:00:00+00:00,0.199815426,0,0,0.676106512
2023-01-14 02:00:00+00:00,0.197731376,0,0,0.650116627
2023-01-14 03:00:00+00:00,0.203667502,0,0,0.639391633
2023-01-14 04:00:00+00:00,0.211625044,0,0,0.637867561
2023-01-14 05:00:00+00:00,0.21272401,0,0,0.647164052
2023-01-14 06:00:00+00:00,0.215249355,0,0,0.658531612
2023-01-14 07:00:00+00:00,0.220704328,0,0.005788116,0.659301975
2023-01-14 08:00:00+00:00,0.226694548,0,0.111176464,0.650182075
2023-01-14 09:00:00+00:00,0.226147912,0,0.297607549,0.64383946
2023-01-14 10:00:00+00:00,0.225208381,0,0.37948822,0.631897971
2023-01-14 11:00:00+00:00,0.229530223,0,0.409835983,0.616911635
2023-01-14 12:00:00+00:00,0.247415473,0,0.424167378,0.613368567
2023-01-14 13:00:00+00:00,0.264127733,0,0.432323567,0.603292001
2023-01-14 14:00:00+00:00,0.274456878,0,0.415610438,0.614014686
2023-01-14 15:00:00+00:00,0.272119439,0,0.308423266,0.635637931
2023-01-14 16:00:00+00:00,0.276999305,0,0.104732573,0.635636722
2023-01-14 17:00:00+00:00,0.313470183,0,0.017906274,0.665982033
2023-01-14 18:00:00+00:00,0.34582136,0,0.004631404,0.675943645
2023-01-14 19:00:00+00:00,0.353608078,0,0,0.657144682
2023-01-14 20:00:00+00:00,0.358305732,0,0,0.647194944
2023-01-14 21:00:00+00:00,0.356939142,0,0,0.649621997
2023-01-14 22:00:00+00:00,0.356557635,0,0,0.631455925
2023-01-14 23:00:00+00:00,0.358749874,0,0,0.60048223
2023-01-15 00:00:00+00:00,0.35922818,0,0,0.593401333
2023-01-15 01:00:00+00:00,0.367968664,0,0,0.591371619
2023-01-15 02:00:00+00:00,0.344693923,0,0,0.589264694
2023-01-15 03:00:00+00:00,0.297748701,0,0,0.596725523
2023-01-15 04:00:00+00:00,0.305005865,0,0,0.599888439
2023-01-15 05:00:00+00:00,0.308086387,0,0,0.592779033
2023-01-15 06:00:00+00:00,0.362172044,0,0,0.586874652
2023-01-15 07:00:00+00:00,0.391075428,0,0.005337272,0.590562229
2023-01-15 08:00:00+00:00,0.400658642,0,0.068865379,0.608091103
2023-01-15 09:00:00+00:00,0.404263024,0,0.181312405,0.610184653
2023-01-15 10:00:00+00:00,0.392393618,0,0.270502223,0.604451586
2023-01-15 11:00:00+00:00,0.399616617,0,0.304001345,0.600969861
2023-01-15 12:00:00+00:00,0.420710507,0,0.320222644,0.590533921
2023-01-15 13:00:00+00:00,0.44132609,0,0.331384464,0.58971678
2023-01-15 14:00:00+00:00,0.435224834,0,0.299101256,0.600116882
2023-01-15 15:00:00+00:00,0.440201501,0,0.226592689,0.630964739
2023-01-15 16:00:00+00:00,0.43773025,0,0.123399363,0.656938116
2023-01-15 17:00:00+00:00,0.452942108,0,0.031454382,0.670287642
2023-01-15 18:00:00+00:00,0.461881886,0,0.021453829,0.692589876
2023-01-15 19:00:00+00:00,0.469677144,0,0,0.693088208
2023-01-15 20:00:00+00:00,0.493911345,0,0,0.688254916
2023-01-15 21:00:00+00:00,0.51798611,0,0,0.670799165
2023-01-15 22:00:00+00:00,0.505399244,0,0,0.631351873
2023-01-15 23:00:00+00:00,0.516346202,0,0,0.603342644
2023-01-16 00:00:00+00:00,0.509684074,0,0,0.586319594
2023-01-16 01:00:00+00:00,0.483095352,0,0,0.593453277
2023-01-16 02:00:00+00:00,0.489074185,0,0,0.584700447
2023-01-16 03:00:00+00:00,0.486944582,0,0,0.588613261
2023-01-16 04:00:00+00:00,0.482861893,0,0,0.589819184
2023-01-16 05:00:00+00:00,0.533123944,0,0,0.599290214
2023-01-16 06:00:00+00:00,0.589108592,0,0,0.615259654
2023-01-16 07:00:00+00:00,0.622390759,0,0.005073141,0.665052686
2023-01-16 08:00:00+00:00,0.616981339,0,0.059889472,0.685824858
2023-01-16 09:00:00+00:00,0.624340997,0,0.149630323,0.687281595
2023-01-16 10:00:00+00:00,0.619187813,0,0.232002824,0.677421545
2023-01-16 11:00:00+00:00,0.628025097,0,0.267947437,0.675901173
2023-01-16 12:00:00+00:00,0.625132481,0,0.263561948,0.691974465
2023-01-16 13:00:00+00:00,0.599432043,0,0.226815834,0.679793484
2023-01-16 14:00:00+00:00,0.592991986,0,0.170747157,0.661456923
2023-01-16 15:00:00+00:00,0.594031164,0,0.11193698,0.64679449
2023-01-16 16:00:00+00:00,0.597621311,0,0.039824609,0.657989306
2023-01-16 17:00:00+00:00,0.594651824,0,0.001853472,0.716761102
2023-01-16 18:00:00+00:00,0.594196294,0,0,0.736022338
2023-01-16 19:00:00+00:00,0.580003685,0,0,0.72112362
2023-01-16 20:00:00+00:00,0.576678315,0,0,0.712176004
2023-01-16 21:00:00+00:00,0.573498145,0,0,0.670166604
2023-01-16 22:00:00+00:00,0.545668104,0,0,0.630393027
2023-01-16 23:00:00+00:00,0.525804145,0,0,0.616664796
2023-01-17 00:00:00+00:00,0.484738108,0,0,0.611429108
2023-01-17 01:00:00+00:00,0.474742069,0,0,0.599440952
2023-01-17 02:00:00+00:00,0.495471536,0,0,0.596300554
2023-01-17 03:00:00+00:00,0.499636789,0,0,0.602143958
2023-01-17 04:00:00+00:00,0.507833483,0,0,0.596561831
2023-01-17 05:00:00+00:00,0.541938452,0,0,0.606858778
2023-01-17 06:00:00+00:00,0.594537941,0,0,0.640561553
2023-01-17 07:00:00+00:00,0.587519931,0,0.003051171,0.664706669
2023-01-17 08:00:00+00:00,0.596311662,0,0.054342717,0.651933912
2023-01-17 09:00:00+00:00,0.590557747,0,0.156087875,0.643519331
2023-01-17 10:00:00+00:00,0.600029926,0,0.227171045,0.646549337
2023-01-17 11:00:00+00:00,0.584430868,0,0.272883958,0.66422382
2023-01-17 12:00:00+00:00,0.576553044,0,0.295581025,0.668884992
2023-01-17 13:00:00+00:00,0.559934737,0,0.309475237,0.668622084
2023-01-17 14:00:00+00:00,0.561793869,0,0.280033716,0.656311088
2023-01-17 15:00:00+00:00,0.577407163,0,0.198594782,0.663190182
2023-01-17 16:00:00+00:00,0.581398745,0,0.069170496,0.677213219
2023-01-17 17:00:00+00:00,0.586412423,0,0.00318779,0.6742253
2023-01-17 18:00:00+00:00,0.586275764,0,0,0.677533732
2023-01-17 19:00:00+00:00,0.577802905,0,0,0.680114492
2023-01-17 20:00:00+00:00,0.579849943,0,0,0.671878023
2023-01-17 21:00:00+00:00,0.580587332,0,0,0.662685034
2023-01-17 22:00:00+00:00,0.567940678,0,0,0.648293552
2023-01-17 23:00:00+00:00,0.566850253,0,0,0.626086191
2023-01-18 00:00:00+00:00,0.523964943,0,0,0.609240648
2023-01-18 01:00:00+00:00,0.50513162,0,0,0.59882521
2023-01-18 02:00:00+00:00,0.496425302,0,0,0.594495655
2023-01-18 03:00:00+00:00,0.476663837,0,0,0.599215532
2023-01-18 04:00:00+00:00,0.489837198,0,0,0.593835024
2023-01-18 05:00:00+00:00,0.519853783,0,0,0.591028917
2023-01-18 06:00:00+00:00,0.547205518,0,0,0.619144837
2023-01-18 07:00:00+00:00,0.518592535,0,0.004298963,0.646978465
2023-01-18 08:00:00+00:00,0.483377212,0,0.105096892,0.654018301
2023-01-18 09:00:00+00:00,0.460461201,0,0.294059994,0.628110848
2023-01-18 10:00:00+00:00,0.459698188,0,0.377812353,0.615888807
2023-01-18 11:00:00+00:00,0.47998636,0,0.403510497,0.624796956
2023-01-18 12:00:00+00:00,0.510495487,0,0.414403632,0.6224466
2023-01-18 13:00:00+00:00,0.519241665,0,0.414239688,0.634744276
2023-01-18 14:00:00+00:00,0.525898098,0,0.383960234,0.637555073
2023-01-18 15:00:00+00:00,0.526965747,0,0.304033223,0.647190803
2023-01-18 16:00:00+00:00,0.525408404,0,0.121664294,0.661396386
2023-01-18 17:00:00+00:00,0.525918028,0,0.008219945,0.675375432
2023-01-18 18:00:00+00:00,0.532534602,0,0.000400751,0.708434578
2023-01-18 19:00:00+00:00,0.54393709,0,0,0.711188979
2023-01-18 20:00:00+00:00,0.530906082,0,0,0.710770826
2023-01-18 21:00:00+00:00,0.487548159,0,0,0.692298111
2023-01-18 22:00:00+00:00,0.455641123,0,0,0.660358223
2023-01-18 23:00:00+00:00,0.430638216,0,0,0.652481604
2023-01-19 00:00:00+00:00,0.433499514,0,0,0.637381707
2023-01-19 01:00:00+00:00,0.443096964,0,0,0.643835832
2023-01-19 02:00:00+00:00,0.449397514,0,0,0.652320514
2023-01-19 03:00:00+00:00,0.451478717,0,0,0.648627422
2023-01-19 04:00:00+00:00,0.451105752,0,0,0.637660335
2023-01-19 05:00:00+00:00,0.456441148,0,0,0.638627371
2023-01-19 06:00:00+00:00,0.455467453,0,0,0.662698446
2023-01-19 07:00:00+00:00,0.445280661,0,0.00658051,0.679226939
2023-01-19 08:00:00+00:00,0.454977758,0,0.156392992,0.646045289
2023-01-19 09:00:00+00:00,0.456005548,0,0.384146948,0.611146907
2023-01-19 10:00:00+00:00,0.48640364,0,0.486229101,0.625239973
2023-01-19 11:00:00+00:00,0.528255467,0,0.495327965,0.647787709
2023-01-19 12:00:00+00:00,0.548199143,0,0.478683146,0.67703628
2023-01-19 13:00:00+00:00,0.569742869,0,0.423821275,0.693956358
2023-01-19 14:00:00+00:00,0.597228416,0,0.337837462,0.696565609
2023-01-19 15:00:00+00:00,0.606845795,0,0.210904207,0.685008706
2023-01-19 16:00:00+00:00,0.612816086,0,0.073109694,0.688177174
2023-01-19 17:00:00+00:00,0.626738225,0,0.003474691,0.66645497
2023-01-19 18:00:00+00:00,0.647450608,0,0,0.656095141
2023-01-19 19:00:00+00:00,0.640597727,0,0,0.683449345
2023-01-19 20:00:00+00:00,0.609755493,0,0,0.678482391
2023-01-19 21:00:00+00:00,0.598031288,0,0,0.656293792
2023-01-19 22:00:00+00:00,0.574958689,0,0,0.644273205
2023-01-19 23:00:00+00:00,0.556760262,0,0,0.665071192
2023-01-20 00:00:00+00:00,0.542411064,0,0,0.676215072
2023-01-20 01:00:00+00:00,0.52595504,0,0,0.684515102
2023-01-20 02:00:00+00:00,0.512949656,0,0,0.682076945
2023-01-20 03:00:00+00:00,0.4989478,0,0,0.671678859
2023-01-20 04:00:00+00:00,0.48257434,0,0,0.665426023
2023-01-20 05:00:00+00:00,0.466135398,0,0,0.65939126
2023-01-20 06:00:00+00:00,0.444890613,0,0,0.66299285
2023-01-20 07:00:00+00:00,0.421849332,0,0.00379347,0.679685254
2023-01-20 08:00:00+00:00,0.392900395,0,0.102838115,0.700977121
2023-01-20 09:00:00+00:00,0.355672199,0,0.298021962,0.711498553
2023-01-20 10:00:00+00:00,0.350089108,0,0.39572318,0.712534353
2023-01-20 11:00:00+00:00,0.351720475,0,0.418547759,0.719609533
2023-01-20 12:00:00+00:00,0.343945146,0,0.428316059,0.722989752
2023-01-20 13:00:00+00:00,0.340730812,0,0.388755582,0.717159503
2023-01-20 14:00:00+00:00,0.333001036,0,0.346367078,0.717707379
2023-01-20 15:00:00+00:00,0.314517902,0,0.254859281,0.724449678
2023-01-20 16:00:00+00:00,0.293580601,0,0.093297514,0.737240958
2023-01-20 17:00:00+00:00,0.284868588,0,0.005268962,0.743985346
2023-01-20 18:00:00+00:00,0.288962664,0,0,0.743106056
2023-01-20 19:00:00+00:00,0.30327485,0,0,0.739049485
2023-01-20 20:00:00+00:00,0.314458114,0,0,0.735241365
2023-01-20 21:00:00+00:00,0.329957525,0,0,0.727338858
2023-01-20 22:00:00+00:00,0.332639459,0,0,0.7143016
2023-01-20 23:00:00+00:00,0.31922125,0,0,0.693743122
2023-01-21 00:00:00+00:00,0.320172169,0,0,0.653737163
2023-01-21 01:00:00+00:00,0.325667001,0,0,0.642099312
2023-01-21 02:00:00+00:00,0.323503233,0,0,0.664882215
2023-01-21 03:00:00+00:00,0.334416026,0,0,0.66813557
2023-01-21 04:00:00+00:00,0.35118238,0,0,0.658788418
2023-01-21 05:00:00+00:00,0.365283883,0,0,0.670189141
2023-01-21 06:00:00+00:00,0.361719361,0,0,0.679219683
2023-01-21 07:00:00+00:00,0.374368862,0,0.005451121,0.66422796
2023-01-21 08:00:00+00:00,0.369671208,0,0.11952392,0.639539385
2023-01-21 09:00:00+00:00,0.354490667,0,0.309971621,0.635292628
2023-01-21 10:00:00+00:00,0.352583135,0,0.404261904,0.634514019
2023-01-21 11:00:00+00:00,0.338962786,0,0.44003802,0.650110618
2023-01-21 12:00:00+00:00,0.364110893,0,0.439168208,0.66143915
2023-01-21 13:00:00+00:00,0.395485528,0,0.433717087,0.66035432
2023-01-21 14:00:00+00:00,0.405262343,0,0.406707395,0.662204219
2023-01-21 15:00:00+00:00,0.404163376,0,0.316397296,0.64793044
2023-01-21 16:00:00+00:00,0.418583751,0,0.130039074,0.665495776
2023-01-21 17:00:00+00:00,0.421800932,0,0.006357365,0.699063496
2023-01-21 18:00:00+00:00,0.437183614,0,0,0.732103954
2023-01-21 19:00:00+00:00,0.445881391,0,0,0.736426401
2023-01-21 20:00:00+00:00,0.454445357,0,0,0.731585834
2023-01-21 21:00:00+00:00,0.471006723,0,0,0.705171952
2023-01-21 22:00:00+00:00,0.484621378,0,0,0.684372847
2023-01-21 23:00:00+00:00,0.478645393,0,0,0.666833327
2023-01-22 00:00:00+00:00,0.471035193,0,0,0.653816425
2023-01-22 01:00:00+00:00,0.475314329,0,0,0.655483357
2023-01-22 02:00:00+00:00,0.460338777,0,0,0.646628233
2023-01-22 03:00:00+00:00,0.456472466,0,0,0.63964811
2023-01-22 04:00:00+00:00,0.450473704,0,0,0.641432341
2023-01-22 05:00:00+00:00,0.453895874,0,0,0.634270496
2023-01-22 06:00:00+00:00,0.437089661,0,0,0.651986681
2023-01-22 07:00:00+00:00,0.432559983,0,0.008493184,0.646981818
2023-01-22 08:00:00+00:00,0.404149141,0,0.18135339,0.631407481
2023-01-22 09:00:00+00:00,0.33733996,0,0.426426155,0.622751887
2023-01-22 10:00:00+00:00,0.316046775,0,0.489731116,0.64357089
2023-01-22 11:00:00+00:00,0.297227688,0,0.510483631,0.662701524
2023-01-22 12:00:00+00:00,0.301375859,0,0.511585696,0.667394944
2023-01-22 13:00:00+00:00,0.311682227,0,0.516563203,0.663967142
2023-01-22 14:00:00+00:00,0.320038357,0,0.487435907,0.63548919
2023-01-22 15:00:00+00:00,0.336662359,0,0.406251996,0.637953474
2023-01-22 16:00:00+00:00,0.392547359,0,0.183835313,0.678976454
2023-01-22 17:00:00+00:00,0.431839676,0,0.021745284,0.720690442
2023-01-22 18:00:00+00:00,0.456962161,0,0.008743653,0.738127797
2023-01-22 19:00:00+00:00,0.469090649,0,0,0.740218305
2023-01-22 20:00:00+00:00,0.468916978,0,0,0.740712789
2023-01-22 21:00:00+00:00,0.473600397,0,0,0.728437979
2023-01-22 22:00:00+00:00,0.474517151,0,0,0.683821747
2023-01-22 23:00:00+00:00,0.473458044,0,0,0.655256196
2023-01-23 00:00:00+00:00,0.480447584,0,0,0.643234712
2023-01-23 01:00:00+00:00,0.455669594,0,0,0.650184365
2023-01-23 02:00:00+00:00,0.436625589,0,0,0.645442959
2023-01-23 03:00:00+00:00,0.432972807,0,0,0.644777088
2023-01-23 04:00:00+00:00,0.437001402,0,0,0.653599085
2023-01-23 05:00:00+00:00,0.465702644,0,0,0.656711102
2023-01-23 06:00:00+00:00,0.478801981,0,0,0.659063473
2023-01-23 07:00:00+00:00,0.480464666,0,0.007687129,0.682007558
2023-01-23 08:00:00+00:00,0.458636234,0,0.168597675,0.667048395
2023-01-23 09:00:00+00:00,0.438057662,0,0.416480249,0.656718577
2023-01-23 10:00:00+00:00,0.420767448,0,0.504413168,0.655261949
2023-01-23 11:00:00+00:00,0.385879538,0,0.52856751,0.681826405
2023-01-23 12:00:00+00:00,0.411930164,0,0.511235039,0.693806738
2023-01-23 13:00:00+00:00,0.416630666,0,0.502746409,0.69511402
2023-01-23 14:00:00+00:00,0.4078247,0,0.480554834,0.69459918
2023-01-23 15:00:00+00:00,0.397333272,0,0.392708442,0.696303672
2023-01-23 16:00:00+00:00,0.421205896,0,0.181175785,0.692839317
2023-01-23 17:00:00+00:00,0.458149386,0,0.026340256,0.727437652
2023-01-23 18:00:00+00:00,0.46887712,0,0.018097541,0.744158126
2023-01-23 19:00:00+00:00,0.459718118,0,0.008720883,0.754647714
2023-01-23 20:00:00+00:00,0.433109466,0,0,0.754407948
2023-01-23 21:00:00+00:00,0.422803098,0,0,0.739245937
2023-01-23 22:00:00+00:00,0.418780198,0,0,0.694906574
2023-01-23 23:00:00+00:00,0.418905469,0,0,0.677146215
2023-01-24 00:00:00+00:00,0.411047575,0,0,0.664989254
2023-01-24 01:00:00+00:00,0.413265437,0,0,0.665365559
2023-01-24 02:00:00+00:00,0.412832683,0,0,0.662752131
2023-01-24 03:00:00+00:00,0.404934931,0,0,0.669831855
2023-01-24 04:00:00+00:00,0.387522293,0,0,0.660137255
2023-01-24 05:00:00+00:00,0.360441029,0,0,0.672265357
2023-01-24 06:00:00+00:00,0.343438369,0,0,0.712349884
2023-01-24 07:00:00+00:00,0.332682164,0,0.005938398,0.721058539
2023-01-24 08:00:00+00:00,0.304889135,0,0.127885039,0.717852089
2023-01-24 09:00:00+00:00,0.282909808,0,0.323323909,0.685015852
2023-01-24 10:00:00+00:00,0.277958766,0,0.4326469,0.667088667
2023-01-24 11:00:00+00:00,0.287843768,0,0.459629268,0.692235595
2023-01-24 12:00:00+00:00,0.299095362,0,0.453030542,0.694393786
2023-01-24 13:00:00+00:00,0.321370783,0,0.427769581,0.692387817
2023-01-24 14:00:00+00:00,0.338831821,0,0.398250643,0.681576342
2023-01-24 15:00:00+00:00,0.341829778,0,0.331093009,0.678370881
2023-01-24 16:00:00+00:00,0.316690211,0,0.163538197,0.719116551
2023-01-24 17:00:00+00:00,0.290801867,0,0.04222456,0.734488939
2023-01-24 18:00:00+00:00,0.286784661,0,0.03283424,0.74074456
2023-01-24 19:00:00+00:00,0.286841602,0,0.029559924,0.747310928
2023-01-24 20:00:00+00:00,0.286269343,0,0.02890415,0.744524976
2023-01-24 21:00:00+00:00,0.28060084,0,0.017082002,0.738449904
2023-01-24 22:00:00+00:00,0.280560981,0,0,0.727016146
2023-01-24 23:00:00+00:00,0.279661309,0,0,0.707450851
2023-01-25 00:00:00+00:00,0.272016945,0,0,0.68765812
2023-01-25 01:00:00+00:00,0.272224781,0,0,0.654083125
2023-01-25 02:00:00+00:00,0.266579055,0,0,0.64858158
2023-01-25 03:00:00+00:00,0.264492157,0,0,0.653085473
2023-01-25 04:00:00+00:00,0.27358283,0,0,0.646255318
2023-01-25 05:00:00+00:00,0.287610309,0,0,0.668823282
2023-01-25 06:00:00+00:00,0.297389971,0,0,0.696833885
2023-01-25 07:00:00+00:00,0.30125913,0,0.004872765,0.702592237
2023-01-25 08:00:00+00:00,0.280748887,0,0.144661924,0.692008178
2023-01-25 09:00:00+00:00,0.258348195,0,0.402308244,0.644041629
2023-01-25 10:00:00+00:00,0.261599541,0,0.498975708,0.63406076
2023-01-25 11:00:00+00:00,0.273972877,0,0.521763855,0.645139138
2023-01-25 12:00:00+00:00,0.273357912,0,0.518903952,0.650181012
2023-01-25 13:00:00+00:00,0.2736113,0,0.524769486,0.656073374
2023-01-25 14:00:00+00:00,0.286480025,0,0.499107774,0.656682409
2023-01-25 15:00:00+00:00,0.312431005,0,0.415173255,0.665433938
2023-01-25 16:00:00+00:00,0.31967678,0,0.208408622,0.693222163
2023-01-25 17:00:00+00:00,0.341787072,0,0.037934705,0.72695123
2023-01-25 18:00:00+00:00,0.376831571,0,0.028562601,0.741180559
2023-01-25 19:00:00+00:00,0.42063933,0,0.021859134,0.738646796
2023-01-25 20:00:00+00:00,0.429607579,0,0,0.734890749
2023-01-25 21:00:00+00:00,0.425653008,0,0,0.714313967
2023-01-25 22:00:00+00:00,0.433257514,0,0,0.689905834
2023-01-25 23:00:00+00:00,0.418643539,0,0,0.662843596
2023-01-26 00:00:00+00:00,0.413777908,0,0,0.647320195
2023-01-26 01:00:00+00:00,0.41144047,0,0,0.647551607
2023-01-26 02:00:00+00:00,0.406927875,0,0,0.652020174
2023-01-26 03:00:00+00:00,0.42537969,0,0,0.64928197
2023-01-26 04:00:00+00:00,0.433952197,0,0,0.647607343
2023-01-26 05:00:00+00:00,0.423113428,0,0,0.654886598
2023-01-26 06:00:00+00:00,0.418039962,0,0,0.672741922
2023-01-26 07:00:00+00:00,0.412542283,0,0.009308348,0.685573823
2023-01-26 08:00:00+00:00,0.395659199,0,0.127575368,0.678961741
2023-01-26 09:00:00+00:00,0.400675724,0,0.275516162,0.651366212
2023-01-26 10:00:00+00:00,0.410136515,0,0.372916818,0.652701418
2023-01-26 11:00:00+00:00,0.421968909,0,0.376628316,0.662185677
2023-01-26 12:00:00+00:00,0.445394544,0,0.375403294,0.660678736
2023-01-26 13:00:00+00:00,0.469204532,0,0.382694226,0.64666922
2023-01-26 14:00:00+00:00,0.479063911,0,0.35967838,0.641849834
2023-01-26 15:00:00+00:00,0.466420104,0,0.294870603,0.649520967
2023-01-26 16:00:00+00:00,0.471265805,0,0.154753557,0.665753792
2023-01-26 17:00:00+00:00,0.464686243,0,0.031900673,0.716236972
2023-01-26 18:00:00+00:00,0.477580591,0,0.00783741,0.734541744
2023-01-26 19:00:00+00:00,0.4910472,0,0,0.735509275
2023-01-26 20:00:00+00:00,0.496909302,0,0,0.733308796
2023-01-26 21:00:00+00:00,0.491149694,0,0,0.719691067
2023-01-26 22:00:00+00:00,0.478243957,0,0,0.685360496
2023-01-26 23:00:00+00:00,0.473526374,0,0,0.651645335
2023-01-27 00:00:00+00:00,0.471126299,0,0,0.643123898
2023-01-27 01:00:00+00:00,0.466477045,0,0,0.645829873
2023-01-27 02:00:00+00:00,0.45676856,0,0,0.644684743
2023-01-27 03:00:00+00:00,0.440164489,0,0,0.643310676
2023-01-27 04:00:00+00:00,0.441864185,0,0,0.6345044
2023-01-27 05:00:00+00:00,0.452475189,0,0,0.636793046
2023-01-27 06:00:00+00:00,0.45360832,0,0,0.65694757
2023-01-27 07:00:00+00:00,0.462966617,0,0.013689282,0.696003003
2023-01-27 08:00:00+00:00,0.457514491,0,0.177632784,0.66277496
2023-01-27 09:00:00+00:00,0.461400732,0,0.419709025,0.646966977
2023-01-27 10:00:00+00:00,0.467163188,0,0.518029586,0.623437547
2023-01-27 11:00:00+00:00,0.481404197,0,0.544729607,0.633179913
2023-01-27 12:00:00+00:00,0.492840849,0,0.539583603,0.644235003
2023-01-27 13:00:00+00:00,0.507067623,0,0.540503508,0.643693357
2023-01-27 14:00:00+00:00,0.514347564,0,0.492859705,0.647778584
2023-01-27 15:00:00+00:00,0.522752094,0,0.390941495,0.663884086
2023-01-27 16:00:00+00:00,0.524303743,0,0.194828635,0.682978222
2023-01-27 17:00:00+00:00,0.517940557,0,0.029537154,0.698558239
2023-01-27 18:00:00+00:00,0.501561403,0,0.020433736,0.724726712
2023-01-27 19:00:00+00:00,0.485674792,0,0.003092157,0.731980003
2023-01-27 20:00:00+00:00,0.499221118,0,0,0.732685946
2023-01-27 21:00:00+00:00,0.488188748,0,0,0.720560647
2023-01-27 22:00:00+00:00,0.452056671,0,0,0.689980809
2023-01-27 23:00:00+00:00,0.445508426,0,0,0.634338472
2023-01-28 00:00:00+00:00,0.431552123,0,0,0.60526411
2023-01-28 01:00:00+00:00,0.430011862,0,0,0.613076087
2023-01-28 02:00:00+00:00,0.416291865,0,0,0.632318249
2023-01-28 03:00:00+00:00,0.403377587,0,0,0.64292074
2023-01-28 04:00:00+00:00,0.39465988,0,0,0.637791706
2023-01-28 05:00:00+00:00,0.402235915,0,0,0.616323927
2023-01-28 06:00:00+00:00,0.411511646,0,0,0.620001445
2023-01-28 07:00:00+00:00,0.416992243,0,0.013288532,0.626556269
2023-01-28 08:00:00+00:00,0.421129025,0,0.20046647,0.625881493
2023-01-28 09:00:00+00:00,0.410834045,0,0.459570066,0.612806583
2023-01-28 10:00:00+00:00,0.420989519,0,0.552653543,0.601040494
2023-01-28 11:00:00+00:00,0.42853993,0,0.577518307,0.602010278
2023-01-28 12:00:00+00:00,0.442923293,0,0.576748684,0.604771495
2023-01-28 13:00:00+00:00,0.44548565,0,0.578338025,0.598762383
2023-01-28 14:00:00+00:00,0.452822531,0,0.559657574,0.601546796
2023-01-28 15:00:00+00:00,0.451054505,0,0.489699239,0.611065116
2023-01-28 16:00:00+00:00,0.447450123,0,0.235131413,0.639729571
2023-01-28 17:00:00+00:00,0.432537207,0,0.032315086,0.668424258
2023-01-28 18:00:00+00:00,0.436782178,0,0.018671343,0.6898125
2023-01-28 19:00:00+00:00,0.442832187,0,0.005911074,0.700318853
2023-01-28 20:00:00+00:00,0.431708711,0,0,0.701347782
2023-01-28 21:00:00+00:00,0.422871428,0,0,0.692176524
2023-01-28 22:00:00+00:00,0.417843514,0,0,0.670390705
2023-01-28 23:00:00+00:00,0.405706485,0,0,0.635006836
2023-01-29 00:00:00+00:00,0.386668174,0,0,0.607982782
2023-01-29 01:00:00+00:00,0.377033713,0,0,0.611063082
2023-01-29 02:00:00+00:00,0.368495371,0,0,0.612826005
2023-01-29 03:00:00+00:00,0.358348438,0,0,0.610168493
2023-01-29 04:00:00+00:00,0.370798645,0,0,0.602649051
2023-01-29 05:00:00+00:00,0.382218214,0,0,0.594283922
2023-01-29 06:00:00+00:00,0.379667246,0,0,0.588125043
2023-01-29 07:00:00+00:00,0.372475565,0,0.012691959,0.597224294
2023-01-29 08:00:00+00:00,0.350974545,0,0.200762479,0.596242985
2023-01-29 09:00:00+00:00,0.32173236,0,0.465863675,0.588751668
2023-01-29 10:00:00+00:00,0.313868772,0,0.539114542,0.579253136
2023-01-29 11:00:00+00:00,0.295061073,0,0.561479168,0.589901469
2023-01-29 12:00:00+00:00,0.297165053,0,0.558746777,0.598860884
2023-01-29 13:00:00+00:00,0.281731124,0,0.556788562,0.598855992
2023-01-29 14:00:00+00:00,0.282647878,0,0.533850134,0.590592479
2023-01-29 15:00:00+00:00,0.284618046,0,0.445379845,0.609190079
2023-01-29 16:00:00+00:00,0.280304746,0,0.216150399,0.641520728
2023-01-29 17:00:00+00:00,0.278138131,0,0.029354995,0.66261944
2023-01-29 18:00:00+00:00,0.302238519,0,0.01394886,0.683839556
2023-01-29 19:00:00+00:00,0.308886411,0,0,0.693133061
2023-01-29 20:00:00+00:00,0.295012673,0,0,0.69599549
2023-01-29 21:00:00+00:00,0.287775439,0,0,0.688286613
2023-01-29 22:00:00+00:00,0.268737128,0,0,0.675058785
2023-01-29 23:00:00+00:00,0.253437012,0,0,0.652178259
2023-01-30 00:00:00+00:00,0.237652894,0,0,0.634371929
2023-01-30 01:00:00+00:00,0.22357132,0,0,0.632179457
2023-01-30 02:00:00+00:00,0.227810597,0,0,0.629946053
2023-01-30 03:00:00+00:00,0.215289214,0,0,0.629368605
2023-01-30 04:00:00+00:00,0.205039787,0,0,0.629252735
2023-01-30 05:00:00+00:00,0.213976718,0,0,0.630080209
2023-01-30 06:00:00+00:00,0.215912721,0,0,0.641331531
2023-01-30 07:00:00+00:00,0.211824338,0,0.013434259,0.650710565
2023-01-30 08:00:00+00:00,0.191598802,0,0.187000333,0.650086469
2023-01-30 09:00:00+00:00,0.175157013,0,0.446135807,0.635297905
2023-01-30 10:00:00+00:00,0.186958089,0,0.536045156,0.629743041
2023-01-30 11:00:00+00:00,0.19340384,0,0.54384158,0.632016846
2023-01-30 12:00:00+00:00,0.185457687,0,0.537871304,0.630752017
2023-01-30 13:00:00+00:00,0.1859303,0,0.540758531,0.632180336
2023-01-30 14:00:00+00:00,0.198562718,0,0.526390705,0.636631223
2023-01-30 15:00:00+00:00,0.211126808,0,0.467134237,0.640172715
2023-01-30 16:00:00+00:00,0.206429154,0,0.237699861,0.647314259
2023-01-30 17:00:00+00:00,0.220009644,0,0.047475306,0.656349675
2023-01-30 18:00:00+00:00,0.252426304,0,0.013557217,0.67251095
2023-01-30 19:00:00+00:00,0.267686562,0,0,0.675449106
2023-01-30 20:00:00+00:00,0.266305737,0,0,0.676383528
2023-01-30 21:00:00+00:00,0.281605853,0,0,0.659634361
2023-01-30 22:00:00+00:00,0.294013354,0,0,0.645481766
2023-01-30 23:00:00+00:00,0.311406062,0,0,0.611743556
2023-01-31 00:00:00+00:00,0.322555161,0,0,0.571319297
2023-01-31 01:00:00+00:00,0.31967678,0,0,0.564122731
2023-01-31 02:00:00+00:00,0.329316936,0,0,0.550839807
2023-01-31 03:00:00+00:00,0.328394488,0,0,0.557100631
2023-01-31 04:00:00+00:00,0.338826127,0,0,0.561519875
2023-01-31 05:00:00+00:00,0.345274724,0,0,0.559185973
2023-01-31 06:00:00+00:00,0.354954739,0,0,0.599755968
2023-01-31 07:00:00+00:00,0.351467086,0,0.017127542,0.629024291
2023-01-31 08:00:00+00:00,0.333795366,0,0.224179076,0.605862555
2023-01-31 09:00:00+00:00,0.304684146,0,0.477704039,0.578717427
2023-01-31 10:00:00+00:00,0.288601087,0,0.552002323,0.569966172
2023-01-31 11:00:00+00:00,0.272782805,0,0.560340672,0.567564312
2023-01-31 12:00:00+00:00,0.25251741,0,0.563979307,0.569890043
2023-01-31 13:00:00+00:00,0.241678641,0,0.563847241,0.572280836
2023-01-31 14:00:00+00:00,0.235141784,0,0.555873211,0.570708832
2023-01-31 15:00:00+00:00,0.239224473,0,0.487886752,0.563488796
2023-01-31 16:00:00+00:00,0.24267796,0,0.24673497,0.611655572
2023-01-31 17:00:00+00:00,0.265101429,0,0.032132926,0.650892066
2023-01-31 18:00:00+00:00,0.29845762,0,0.012764823,0.668943037
2023-01-31 19:00:00+00:00,0.298096043,0,0,0.667801371
2023-01-31 20:00:00+00:00,0.293102294,0,0,0.670519969
2023-01-31 21:00:00+00:00,0.292803352,0,0,0.656224313
2023-01-31 22:00:00+00:00,0.303035697,0,0,0.627159038
2023-01-31 23:00:00+00:00,0.309179659,0,0,0.579743259
2023-02-01 00:00:00+00:00,0.314493025,0,0,0.534730237
2023-02-01 01:00:00+00:00,0.315763664,0,0,0.522885326
2023-02-01 02:00:00+00:00,0.322507388,0,0,0.515091195
2023-02-01 03:00:00+00:00,0.325657101,0,0,0.511772026
2023-02-01 04:00:00+00:00,0.323152612,0,0,0.501906368
2023-02-01 05:00:00+00:00,0.32897944,0,0,0.518511576
2023-02-01 06:00:00+00:00,0.338952115,0,0,0.570333187
2023-02-01 07:00:00+00:00,0.335745804,0,0.017717418,0.556232536
2023-02-01 08:00:00+00:00,0.320970736,0,0.209440856,0.570470385
2023-02-01 09:00:00+00:00,0.322408341,0,0.441245185,0.553233697
2023-02-01 10:00:00+00:00,0.31183572,0,0.516214827,0.514817917
2023-02-01 11:00:00+00:00,0.286244657,0,0.528050998,0.516005077
2023-02-01 12:00:00+00:00,0.270671548,0,0.526707456,0.549875538
2023-02-01 13:00:00+00:00,0.273838241,0,0.529260186,0.557973784
2023-02-01 14:00:00+00:00,0.282319543,0,0.521610664,0.552403731
2023-02-01 15:00:00+00:00,0.287461527,0,0.455404384,0.547927724
2023-02-01 16:00:00+00:00,0.273580717,0,0.245443447,0.582746569
2023-02-01 17:00:00+00:00,0.264567388,0,0.043998832,0.607721798
2023-02-01 18:00:00+00:00,0.27714643,0,0.020733886,0.644934734
2023-02-01 19:00:00+00:00,0.284968358,0,0.003982952,0.668806993
2023-02-01 20:00:00+00:00,0.294595782,0,0,0.643675181
2023-02-01 21:00:00+00:00,0.310386795,0,0,0.593568433
2023-02-01 22:00:00+00:00,0.32365351,0,0,0.5553164
2023-02-01 23:00:00+00:00,0.318132315,0,0,0.526786211
2023-02-02 00:00:00+00:00,0.298424678,0,0,0.502566468
2023-02-02 01:00:00+00:00,0.269267903,0,0,0.496669215
2023-02-02 02:00:00+00:00,0.258947146,0,0,0.494945575
2023-02-02 03:00:00+00:00,0.250570551,0,0,0.490313755
2023-02-02 04:00:00+00:00,0.228703677,0,0,0.494302387
2023-02-02 05:00:00+00:00,0.205373728,0,0,0.537228675
2023-02-02 06:00:00+00:00,0.188827124,0,0,0.602488492
2023-02-02 07:00:00+00:00,0.189067668,0,0.017401035,0.623664726
2023-02-02 08:00:00+00:00,0.176652762,0,0.225359661,0.592076444
2023-02-02 09:00:00+00:00,0.134483965,0,0.481889496,0.557416033
2023-02-02 10:00:00+00:00,0.109096657,0,0.554267402,0.518158321
2023-02-02 11:00:00+00:00,0.095447901,0,0.558813775,0.510565535
2023-02-02 12:00:00+00:00,0.085537484,0,0.555485258,0.508307011
2023-02-02 13:00:00+00:00,0.076572264,0,0.558497392,0.506063144
2023-02-02 14:00:00+00:00,0.075219557,0,0.551107912,0.513646953
2023-02-02 15:00:00+00:00,0.077605189,0,0.486799926,0.550826469
2023-02-02 16:00:00+00:00,0.083166002,0,0.25969366,0.580975749
2023-02-02 17:00:00+00:00,0.104826292,0,0.046980629,0.61744815
2023-02-02 18:00:00+00:00,0.131959667,0,0.011450445,0.658994324
2023-02-02 19:00:00+00:00,0.145232042,0,0,0.65870058
2023-02-02 20:00:00+00:00,0.146194218,0,0,0.640260003
2023-02-02 21:00:00+00:00,0.140257024,0,0,0.603603994
2023-02-02 22:00:00+00:00,0.129704212,0,0,0.550261352
2023-02-02 23:00:00+00:00,0.114068845,0,0,0.518008737
2023-02-03 00:00:00+00:00,0.113262315,0,0,0.498018821
2023-02-03 01:00:00+00:00,0.106249747,0,0,0.492511834
2023-02-03 02:00:00+00:00,0.104243326,0,0,0.489246808
2023-02-03 03:00:00+00:00,0.10409051,0,0,0.48760058
2023-02-03 04:00:00+00:00,0.102667055,0,0,0.488399637
2023-02-03 05:00:00+00:00,0.104447081,0,0,0.510090839
2023-02-03 06:00:00+00:00,0.09998711,0,0,0.565861725
2023-02-03 07:00:00+00:00,0.088856993,0,0.020270148,0.606503508
2023-02-03 08:00:00+00:00,0.072466035,0,0.243779188,0.594885115
2023-02-03 09:00:00+00:00,0.055044981,0,0.497522257,0.56157891
2023-02-03 10:00:00+00:00,0.044178048,0,0.565002736,0.518765323
2023-02-03 11:00:00+00:00,0.042935708,0,0.574186495,0.507237498
2023-02-03 12:00:00+00:00,0.043473395,0,0.56941042,0.504056186
2023-02-03 13:00:00+00:00,0.046393883,0,0.570268554,0.4996835
2023-02-03 14:00:00+00:00,0.051247214,0,0.570428912,0.49723085
2023-02-03 15:00:00+00:00,0.056281661,0,0.508604311,0.515987781
2023-02-03 16:00:00+00:00,0.063945113,0,0.266524054,0.57260844
2023-02-03 17:00:00+00:00,0.08204535,0,0.049151966,0.616425726
2023-02-03 18:00:00+00:00,0.108131651,0,0.019901757,0.651683153
2023-02-03 19:00:00+00:00,0.135774413,0,0,0.635343033
2023-02-03 20:00:00+00:00,0.1551085,0,0,0.62093911
2023-02-03 21:00:00+00:00,0.151624855,0,0,0.619435174
2023-02-03 22:00:00+00:00,0.14286622,0,0,0.611889567
2023-02-03 23:00:00+00:00,0.136759229,0,0,0.599095777
2023-02-04 00:00:00+00:00,0.135748944,0,0,0.581006036
2023-02-04 01:00:00+00:00,0.144547198,0,0,0.533267234
2023-02-04 02:00:00+00:00,0.155043411,0,0,0.517444592
2023-02-04 03:00:00+00:00,0.173921879,0,0,0.507062556
2023-02-04 04:00:00+00:00,0.180968406,0,0,0.506460336
2023-02-04 05:00:00+00:00,0.197931011,0,0,0.504657673
2023-02-04 06:00:00+00:00,0.228296167,0,0,0.502056703
2023-02-04 07:00:00+00:00,0.240595045,0,0.022428483,0.500995014
2023-02-04 08:00:00+00:00,0.243524023,0,0.25432816,0.518348801
2023-02-04 09:00:00+00:00,0.224659706,0,0.516873596,0.528891524
2023-02-04 10:00:00+00:00,0.213999357,0,0.582252081,0.532759338
2023-02-04 11:00:00+00:00,0.222636305,0,0.583101546,0.544107952
2023-02-04 12:00:00+00:00,0.231236465,0,0.578997242,0.536127611
2023-02-04 13:00:00+00:00,0.242094908,0,0.568435269,0.485875438
2023-02-04 14:00:00+00:00,0.261760097,0,0.56657598,0.484902869
2023-02-04 15:00:00+00:00,0.282489339,0,0.508066895,0.530644094
2023-02-04 16:00:00+00:00,0.305007097,0,0.283812405,0.556147447
2023-02-04 17:00:00+00:00,0.341708468,0,0.044137521,0.555425748
2023-02-04 18:00:00+00:00,0.378053267,0,0.007363477,0.53542667
2023-02-04 19:00:00+00:00,0.403027405,0,0,0.533926234
2023-02-04 20:00:00+00:00,0.414327319,0,0,0.537372432
2023-02-04 21:00:00+00:00,0.424925409,0,0,0.544314958
2023-02-04 22:00:00+00:00,0.436137594,0,0,0.541908774
2023-02-04 23:00:00+00:00,0.434102874,0,0,0.499715802
2023-02-05 00:00:00+00:00,0.433290684,0,0,0.48369352
2023-02-05 01:00:00+00:00,0.436672451,0,0,0.480332118
2023-02-05 02:00:00+00:00,0.435798003,0,0,0.478470328
2023-02-05 03:00:00+00:00,0.423185002,0,0,0.474267215
2023-02-05 04:00:00+00:00,0.425839477,0,0,0.472907604
2023-02-05 05:00:00+00:00,0.418826908,0,0,0.471598929
2023-02-05 06:00:00+00:00,0.412309578,0,0,0.466156821
2023-02-05 07:00:00+00:00,0.41183415,0,0.024105743,0.46144955
2023-02-05 08:00:00+00:00,0.385391278,0,0.262285395,0.453084293
2023-02-05 09:00:00+00:00,0.328645508,0,0.499156178,0.4479061
2023-02-05 10:00:00+00:00,0.309959476,0,0.529294858,0.445570879
2023-02-05 11:00:00+00:00,0.309150116,0,0.525545942,0.447878397
2023-02-05 12:00:00+00:00,0.309636864,0,0.53940176,0.448295817
2023-02-05 13:00:00+00:00,0.315344834,0,0.542318547,0.445776346
2023-02-05 14:00:00+00:00,0.285576793,0,0.539016034,0.443849786
2023-02-05 15:00:00+00:00,0.286901201,0,0.479302095,0.45072943
2023-02-05 16:00:00+00:00,0.35142079,0,0.27508805,0.465408554
2023-02-05 17:00:00+00:00,0.428457162,0,0.052103424,0.508371908
2023-02-05 18:00:00+00:00,0.418934446,0,0.019130304,0.522910226
2023-02-05 19:00:00+00:00,0.405888465,0,0.006353653,0.527998419
2023-02-05 20:00:00+00:00,0.422565247,0,0,0.540472026
2023-02-05 21:00:00+00:00,0.444324584,0,0,0.520733089
2023-02-05 22:00:00+00:00,0.450884363,0,0,0.536541293
2023-02-05 23:00:00+00:00,0.455678265,0,0,0.479246829
2023-02-06 00:00:00+00:00,0.455601857,0,0,0.451929141
2023-02-06 01:00:00+00:00,0.44775446,0,0,0.448705487
2023-02-06 02:00:00+00:00,0.451464499,0,0,0.447808186
2023-02-06 03:00:00+00:00,0.449449588,0,0,0.448127068
2023-02-06 04:00:00+00:00,0.434731119,0,0,0.446897729
2023-02-06 05:00:00+00:00,0.426773354,0,0,0.465228647
2023-02-06 06:00:00+00:00,0.423917954,0,0,0.518049267
2023-02-06 07:00:00+00:00,0.433270875,0,0.016352206,0.52508148
2023-02-06 08:00:00+00:00,0.396665721,0,0.226698869,0.533026917
2023-02-06 09:00:00+00:00,0.371668944,0,0.452301235,0.514766083
2023-02-06 10:00:00+00:00,0.329259603,0,0.508179579,0.530130867
2023-02-06 11:00:00+00:00,0.295614557,0,0.504842394,0.531687443
2023-02-06 12:00:00+00:00,0.289034968,0,0.494956525,0.514396594
2023-02-06 13:00:00+00:00,0.334500634,0,0.484767277,0.489617103
2023-02-06 14:00:00+00:00,0.38000592,0,0.465936019,0.507806004
2023-02-06 15:00:00+00:00,0.387720311,0,0.399820752,0.517787843
2023-02-06 16:00:00+00:00,0.383345238,0,0.228605832,0.520684444
2023-02-06 17:00:00+00:00,0.363736648,0,0.04656023,0.558220787
2023-02-06 18:00:00+00:00,0.36243205,0,0.018618891,0.602473101
2023-02-06 19:00:00+00:00,0.365610062,0,0.006132619,0.611823717
2023-02-06 20:00:00+00:00,0.351466069,0,0,0.591773905
2023-02-06 21:00:00+00:00,0.346762724,0,0,0.561586715
2023-02-06 22:00:00+00:00,0.342367842,0,0,0.53868314
2023-02-06 23:00:00+00:00,0.325821237,0,0,0.483711293
2023-02-07 00:00:00+00:00,0.304098689,0,0,0.449291271
2023-02-07 01:00:00+00:00,0.276945505,0,0,0.436665002
2023-02-07 02:00:00+00:00,0.250318687,0,0,0.433328024
2023-02-07 03:00:00+00:00,0.239151781,0,0,0.430206589
2023-02-07 04:00:00+00:00,0.236610503,0,0,0.431487762
2023-02-07 05:00:00+00:00,0.233726803,0,0,0.449123218
2023-02-07 06:00:00+00:00,0.226247297,0,0,0.518030578
2023-02-07 07:00:00+00:00,0.218292362,0,0.008767695,0.547113277
2023-02-07 08:00:00+00:00,0.205144504,0,0.103491737,0.524243471
2023-02-07 09:00:00+00:00,0.203389947,0,0.238032296,0.476604745
2023-02-07 10:00:00+00:00,0.217983899,0,0.309443718,0.471605818
2023-02-07 11:00:00+00:00,0.244389982,0,0.339339694,0.465172324
2023-02-07 12:00:00+00:00,0.252899584,0,0.324023316,0.472683393
2023-02-07 13:00:00+00:00,0.254951283,0,0.289966694,0.469782395
2023-02-07 14:00:00+00:00,0.265068286,0,0.253426686,0.468425313
2023-02-07 15:00:00+00:00,0.27997919,0,0.169355632,0.498633134
2023-02-07 16:00:00+00:00,0.276059736,0,0.090840773,0.569633786
2023-02-07 17:00:00+00:00,0.28040651,0,0.0287648,0.605578228
2023-02-07 18:00:00+00:00,0.303193112,0,0.019702393,0.645946788
2023-02-07 19:00:00+00:00,0.317303146,0,0,0.651148818
2023-02-07 20:00:00+00:00,0.328518161,0,0,0.613944475
2023-02-07 21:00:00+00:00,0.340327462,0,0,0.566642807
2023-02-07 22:00:00+00:00,0.347934315,0,0,0.508510114
2023-02-07 23:00:00+00:00,0.359426664,0,0,0.479406967
2023-02-08 00:00:00+00:00,0.357253277,0,0,0.453929503
2023-02-08 01:00:00+00:00,0.341479243,0,0,0.44360652
2023-02-08 02:00:00+00:00,0.313542168,0,0,0.43752564
2023-02-08 03:00:00+00:00,0.302550717,0,0,0.434388155
2023-02-08 04:00:00+00:00,0.287535105,0,0,0.433070704
2023-02-08 05:00:00+00:00,0.280049939,0,0,0.4368568
2023-02-08 06:00:00+00:00,0.270340446,0,0,0.456099384
2023-02-08 07:00:00+00:00,0.267663332,0,0.007844551,0.497661151
2023-02-08 08:00:00+00:00,0.247485926,0,0.095122771,0.499046046
2023-02-08 09:00:00+00:00,0.225669991,0,0.214541982,0.468740494
2023-02-08 10:00:00+00:00,0.22163734,0,0.268123302,0.46439716
2023-02-08 11:00:00+00:00,0.207813128,0,0.302942709,0.461539879
2023-02-08 12:00:00+00:00,0.18327197,0,0.317422624,0.460662641
2023-02-08 13:00:00+00:00,0.166790453,0,0.294044994,0.470811709
2023-02-08 14:00:00+00:00,0.165978263,0,0.24518774,0.490025765
2023-02-08 15:00:00+00:00,0.165267951,0,0.163712755,0.531031502
2023-02-08 16:00:00+00:00,0.169920357,0,0.100518609,0.508886638
2023-02-08 17:00:00+00:00,0.177759265,0,0.03290811,0.546143383
2023-02-08 18:00:00+00:00,0.209728991,0,0.01921265,0.578379269
2023-02-08 19:00:00+00:00,0.223142863,0,0.006969082,0.598460944
2023-02-08 20:00:00+00:00,0.224311624,0,0,0.587873514
2023-02-08 21:00:00+00:00,0.217686756,0,0,0.563122825
2023-02-08 22:00:00+00:00,0.210982651,0,0,0.535744765
2023-02-08 23:00:00+00:00,0.205486925,0,0,0.477605182
2023-02-09 00:00:00+00:00,0.196561324,0,0,0.443311072
2023-02-09 01:00:00+00:00,0.188812974,0,0,0.430653142
2023-02-09 02:00:00+00:00,0.187955505,0,0,0.424095459
2023-02-09 03:00:00+00:00,0.192333408,0,0,0.424330498
2023-02-09 04:00:00+00:00,0.188861083,0,0,0.4266395
2023-02-09 05:00:00+00:00,0.190219449,0,0,0.440312947
2023-02-09 06:00:00+00:00,0.200936397,0,0,0.468917818
2023-02-09 07:00:00+00:00,0.210880773,0,0.01402051,0.487161558
2023-02-09 08:00:00+00:00,0.213147548,0,0.160847977,0.4650743
2023-02-09 09:00:00+00:00,0.194936944,0,0.341073297,0.432853914
2023-02-09 10:00:00+00:00,0.179878883,0,0.41062543,0.424128219
2023-02-09 11:00:00+00:00,0.171103268,0,0.444664716,0.425133714
2023-02-09 12:00:00+00:00,0.156628172,0,0.443217158,0.428695434
2023-02-09 13:00:00+00:00,0.155213207,0,0.464986872,0.433730309
2023-02-09 14:00:00+00:00,0.161337177,0,0.465680313,0.442246286
2023-02-09 15:00:00+00:00,0.165822617,0,0.440326376,0.468634847
2023-02-09 16:00:00+00:00,0.167379079,0,0.279664761,0.506995221
2023-02-09 17:00:00+00:00,0.182595616,0,0.059791951,0.542304628
2023-02-09 18:00:00+00:00,0.220584605,0,0.021726374,0.54643163
2023-02-09 19:00:00+00:00,0.248119831,0,0.003848598,0.547969115
2023-02-09 20:00:00+00:00,0.252987312,0,0,0.547501986
2023-02-09 21:00:00+00:00,0.249676293,0,0,0.529407665
2023-02-09 22:00:00+00:00,0.241039344,0,0,0.472834443
2023-02-09 23:00:00+00:00,0.221906183,0,0,0.442196706
2023-02-10 00:00:00+00:00,0.208028203,0,0,0.420537549
2023-02-10 01:00:00+00:00,0.185838717,0,0,0.409606136
2023-02-10 02:00:00+00:00,0.172150342,0,0,0.405503942
2023-02-10 03:00:00+00:00,0.170415595,0,0,0.406900766
2023-02-10 04:00:00+00:00,0.176265061,0,0,0.408362835
2023-02-10 05:00:00+00:00,0.179080842,0,0,0.427598328
2023-02-10 06:00:00+00:00,0.181341957,0,0,0.457169813
2023-02-10 07:00:00+00:00,0.176582014,0,0.020989593,0.497525602
2023-02-10 08:00:00+00:00,0.163567162,0,0.204651779,0.48380448
2023-02-10 09:00:00+00:00,0.148608149,0,0.395378396,0.437261395
2023-02-10 10:00:00+00:00,0.149870298,0,0.471184501,0.42138855
2023-02-10 11:00:00+00:00,0.151189046,0,0.484624254,0.408306311
2023-02-10 12:00:00+00:00,0.146380994,0,0.492871868,0.397461818
2023-02-10 13:00:00+00:00,0.147292231,0,0.48972538,0.400333298
2023-02-10 14:00:00+00:00,0.147221483,0,0.475925904,0.40316403
2023-02-10 15:00:00+00:00,0.15550752,0,0.404068079,0.417108373
2023-02-10 16:00:00+00:00,0.162661585,0,0.217060039,0.448751109
2023-02-10 17:00:00+00:00,0.177640408,0,0.046703252,0.476636699
2023-02-10 18:00:00+00:00,0.204578518,0,0.019620047,0.502752257
2023-02-10 19:00:00+00:00,0.22775565,0,0.005989597,0.52474893
2023-02-10 20:00:00+00:00,0.247268022,0,0,0.51734239
2023-02-10 21:00:00+00:00,0.251232755,0,0,0.503910853
2023-02-10 22:00:00+00:00,0.235591728,0,0,0.462987144
2023-02-10 23:00:00+00:00,0.227800929,0,0,0.435451292
2023-02-11 00:00:00+00:00,0.226142589,0,0,0.419680063
2023-02-11 01:00:00+00:00,0.217907491,0,0,0.409424085
2023-02-11 02:00:00+00:00,0.212290079,0,0,0.404294483
2023-02-11 03:00:00+00:00,0.21755658,0,0,0.39822652
2023-02-11 04:00:00+00:00,0.228035813,0,0,0.394270484
2023-02-11 05:00:00+00:00,0.229532846,0,0,0.392320966
2023-02-11 06:00:00+00:00,0.231168546,0,0,0.390977351
2023-02-11 07:00:00+00:00,0.224761583,0,0.022614845,0.394962904
2023-02-11 08:00:00+00:00,0.215734104,0,0.196443171,0.394255881
2023-02-11 09:00:00+00:00,0.204935089,0,0.396470566,0.391823624
2023-02-11 10:00:00+00:00,0.204980368,0,0.4909259,0.408104875
2023-02-11 11:00:00+00:00,0.207227333,0,0.503875911,0.390510314
2023-02-11 12:00:00+00:00,0.212782487,0,0.494449447,0.384439896
2023-02-11 13:00:00+00:00,0.213184337,0,0.481898164,0.383377382
2023-02-11 14:00:00+00:00,0.211327902,0,0.464089732,0.383829505
2023-02-11 15:00:00+00:00,0.213379602,0,0.396232195,0.392777413
2023-02-11 16:00:00+00:00,0.214520064,0,0.238504703,0.400918643
2023-02-11 17:00:00+00:00,0.221705258,0,0.047843096,0.418808102
2023-02-11 18:00:00+00:00,0.234722939,0,0.017704416,0.4415109
2023-02-11 19:00:00+00:00,0.244106989,0,0.008685349,0.457559585
2023-02-11 20:00:00+00:00,0.246651097,0,0,0.471783948
2023-02-11 21:00:00+00:00,0.242556187,0,0,0.442648169
2023-02-11 22:00:00+00:00,0.243869275,0,0,0.424403549
2023-02-11 23:00:00+00:00,0.248431123,0,0,0.402080702
2023-02-12 00:00:00+00:00,0.253601407,0,0,0.388590241
2023-02-12 01:00:00+00:00,0.248193409,0,0,0.385820669
2023-02-12 02:00:00+00:00,0.235557769,0,0,0.383559543
2023-02-12 03:00:00+00:00,0.23793774,0,0,0.378082293
2023-02-12 04:00:00+00:00,0.236429387,0,0,0.374820711
2023-02-12 05:00:00+00:00,0.22978471,0,0,0.372025763
2023-02-12 06:00:00+00:00,0.22324191,0,8.23461E-05,0.374822965
2023-02-12 07:00:00+00:00,0.21755092,0,0.020976591,0.383053461
2023-02-12 08:00:00+00:00,0.207204693,0,0.16994939,0.42063092
2023-02-12 09:00:00+00:00,0.191340102,0,0.336063185,0.432724412
2023-02-12 10:00:00+00:00,0.184935969,0,0.442398031,0.421449343
2023-02-12 11:00:00+00:00,0.183238011,0,0.465662977,0.394264786
2023-02-12 12:00:00+00:00,0.182340922,0,0.463803688,0.417605825
2023-02-12 13:00:00+00:00,0.187163124,0,0.457597391,0.425218162
2023-02-12 14:00:00+00:00,0.181990011,0,0.424420572,0.425831209
2023-02-12 15:00:00+00:00,0.179205359,0,0.35595194,0.421624249
2023-02-12 16:00:00+00:00,0.169671323,0,0.210658712,0.403448118
2023-02-12 17:00:00+00:00,0.166617828,0,0.046352198,0.423569277
2023-02-12 18:00:00+00:00,0.183713439,0,0.015615425,0.489082493
2023-02-12 19:00:00+00:00,0.198663963,0,0,0.502382054
2023-02-12 20:00:00+00:00,0.221877884,0,0,0.451443196
2023-02-12 21:00:00+00:00,0.234513524,0,0,0.418079202
2023-02-12 22:00:00+00:00,0.235359673,0,0,0.409587941
2023-02-12 23:00:00+00:00,0.234997442,0,0,0.394477142
2023-02-13 00:00:00+00:00,0.229031949,0,0,0.384005656
2023-02-13 01:00:00+00:00,0.222073149,0,0,0.378931644
2023-02-13 02:00:00+00:00,0.219962021,0,0,0.371985088
2023-02-13 03:00:00+00:00,0.213124908,0,0,0.367716161
2023-02-13 04:00:00+00:00,0.211958977,0,0,0.37025531
2023-02-13 05:00:00+00:00,0.209754461,0,0,0.379937982
2023-02-13 06:00:00+00:00,0.206400993,0,0.000104016,0.400550089
2023-02-13 07:00:00+00:00,0.206638707,0,0.023932383,0.42359229
2023-02-13 08:00:00+00:00,0.203605022,0,0.208036638,0.429900533
2023-02-13 09:00:00+00:00,0.189480838,0,0.403348634,0.4066433
2023-02-13 10:00:00+00:00,0.196046277,0,0.491194608,0.412009132
2023-02-13 11:00:00+00:00,0.200534547,0,0.513965477,0.392035761
2023-02-13 12:00:00+00:00,0.199677078,0,0.518784892,0.383996641
2023-02-13 13:00:00+00:00,0.202481539,0,0.528064,0.384763322
2023-02-13 14:00:00+00:00,0.20488415,0,0.519434993,0.386640118
2023-02-13 15:00:00+00:00,0.212711738,0,0.441418545,0.394693786
2023-02-13 16:00:00+00:00,0.206599088,0,0.247939834,0.417292678
2023-02-13 17:00:00+00:00,0.205039796,0,0.055340927,0.454776913
2023-02-13 18:00:00+00:00,0.22447293,0,0.020534522,0.539700361
2023-02-13 19:00:00+00:00,0.238803699,0,0.006730712,0.558133298
2023-02-13 20:00:00+00:00,0.248934851,0,0,0.52775715
2023-02-13 21:00:00+00:00,0.267374679,0,0,0.452358434
2023-02-13 22:00:00+00:00,0.281781856,0,0,0.42818512
2023-02-13 23:00:00+00:00,0.29221581,0,0,0.406667998
2023-02-14 00:00:00+00:00,0.29957929,0,0,0.384656466
2023-02-14 01:00:00+00:00,0.298003019,0,0,0.375118963
2023-02-14 02:00:00+00:00,0.294465605,0,0,0.374122464
2023-02-14 03:00:00+00:00,0.30405907,0,0,0.371175569
2023-02-14 04:00:00+00:00,0.315254276,0,0,0.369135631
2023-02-14 05:00:00+00:00,0.311238604,0,0,0.376162623
2023-02-14 06:00:00+00:00,0.316621133,0,5.63421E-05,0.398725621
2023-02-14 07:00:00+00:00,0.323693129,0,0.015619759,0.436720574
2023-02-14 08:00:00+00:00,0.317175799,0,0.127168414,0.411602284
2023-02-14 09:00:00+00:00,0.305680621,0,0.271061758,0.385610915
2023-02-14 10:00:00+00:00,0.29306479,0,0.339517388,0.37908077
2023-02-14 11:00:00+00:00,0.291796981,0,0.391880853,0.365091519
2023-02-14 12:00:00+00:00,0.307505926,0,0.421347762,0.357640034
2023-02-14 13:00:00+00:00,0.320322682,0,0.425083675,0.363116955
2023-02-14 14:00:00+00:00,0.322145157,0,0.380491084,0.377768284
2023-02-14 15:00:00+00:00,0.305827777,0,0.328773387,0.381031387
2023-02-14 16:00:00+00:00,0.291182886,0,0.195606708,0.395798899
2023-02-14 17:00:00+00:00,0.28120738,0,0.061720584,0.433146376
2023-02-14 18:00:00+00:00,0.286875731,0,0.009998553,0.499983895
2023-02-14 19:00:00+00:00,0.30936236,0,0,0.50320623
2023-02-14 20:00:00+00:00,0.324587387,0,0,0.483854683
2023-02-14 21:00:00+00:00,0.338612524,0,0,0.433340703
2023-02-14 22:00:00+00:00,0.330329317,0,0,0.413660618
2023-02-14 23:00:00+00:00,0.321338627,0,0,0.38521801
2023-02-15 00:00:00+00:00,0.317317295,0,0,0.373153504
2023-02-15 01:00:00+00:00,0.295631537,0,0,0.37159942
2023-02-15 02:00:00+00:00,0.264629646,0,0,0.370902822
2023-02-15 03:00:00+00:00,0.237015183,0,0,0.367915361
2023-02-15 04:00:00+00:00,0.219197939,0,0,0.371517464
2023-02-15 05:00:00+00:00,0.21019027,0,0,0.37778624
2023-02-15 06:00:00+00:00,0.194336999,0,0.000320716,0.409818748
2023-02-15 07:00:00+00:00,0.173353063,0,0.018068472,0.465848841
2023-02-15 08:00:00+00:00,0.151285263,0,0.162334541,0.465395894
2023-02-15 09:00:00+00:00,0.131226715,0,0.344037757,0.433019035
2023-02-15 10:00:00+00:00,0.125747969,0,0.441778268,0.406064991
2023-02-15 11:00:00+00:00,0.12000887,0,0.482400909,0.393304474
2023-02-15 12:00:00+00:00,0.115050831,0,0.496590446,0.389758511
2023-02-15 13:00:00+00:00,0.114541444,0,0.490839219,0.392309313
2023-02-15 14:00:00+00:00,0.120843699,0,0.469797619,0.39519842
2023-02-15 15:00:00+00:00,0.119909822,0,0.394650283,0.414431366
2023-02-15 16:00:00+00:00,0.120178666,0,0.235553244,0.494824959
2023-02-15 17:00:00+00:00,0.116525225,0,0.064320988,0.527780383
2023-02-15 18:00:00+00:00,0.120362611,0,0.01199653,0.541629046
2023-02-15 19:00:00+00:00,0.119312707,0,0,0.525179981
2023-02-15 20:00:00+00:00,0.113539648,0,0,0.504587901
2023-02-15 21:00:00+00:00,0.100994566,0,0,0.447279586
2023-02-15 22:00:00+00:00,0.09795805,0,0,0.426480865
2023-02-15 23:00:00+00:00,0.096019547,0,0,0.43837719
2023-02-16 00:00:00+00:00,0.083194302,0,0,0.439545277
2023-02-16 01:00:00+00:00,0.071891559,0,0,0.431370133
2023-02-16 02:00:00+00:00,0.06487899,0,0,0.393331298
2023-02-16 03:00:00+00:00,0.056058097,0,0,0.377161265
2023-02-16 04:00:00+00:00,0.048912522,0,0,0.386007997
2023-02-16 05:00:00+00:00,0.044772333,0,0,0.44339158
2023-02-16 06:00:00+00:00,0.041840525,0,0.007948568,0.500457601
2023-02-16 07:00:00+00:00,0.043646021,0,0.047947112,0.516110742
2023-02-16 08:00:00+00:00,0.043150783,0,0.260907181,0.490671774
2023-02-16 09:00:00+00:00,0.039638839,0,0.488013447,0.469980222
2023-02-16 10:00:00+00:00,0.044840251,0,0.566051565,0.477687322
2023-02-16 11:00:00+00:00,0.057424953,0,0.578282131,0.460371316
2023-02-16 12:00:00+00:00,0.072910334,0,0.588900447,0.416893012
2023-02-16 13:00:00+00:00,0.083485785,0,0.593195447,0.404393057
2023-02-16 14:00:00+00:00,0.087490136,0,0.570935991,0.4091085
2023-02-16 15:00:00+00:00,0.094986623,0,0.521523984,0.435963512
2023-02-16 16:00:00+00:00,0.107854317,0,0.323702599,0.466156986
2023-02-16 17:00:00+00:00,0.116788409,0,0.081349299,0.519318163
2023-02-16 18:00:00+00:00,0.137749705,0,0.030771445,0.554969997
2023-02-16 19:00:00+00:00,0.155377343,0,0.014250213,0.561626786
2023-02-16 20:00:00+00:00,0.162172007,0,0,0.534616382
2023-02-16 21:00:00+00:00,0.154950024,0,0,0.497041836
2023-02-16 22:00:00+00:00,0.157058322,0,0,0.432517955
2023-02-16 23:00:00+00:00,0.153028501,0,0,0.406678699
2023-02-17 00:00:00+00:00,0.147442218,0,0,0.390718676
2023-02-17 01:00:00+00:00,0.148905292,0,0,0.385281827
2023-02-17 02:00:00+00:00,0.150730597,0,0,0.384447591
2023-02-17 03:00:00+00:00,0.15589805,0,0,0.379557829
2023-02-17 04:00:00+00:00,0.166614998,0,0,0.374833299
2023-02-17 05:00:00+00:00,0.176613143,0,0,0.383297973
2023-02-17 06:00:00+00:00,0.180957086,0,8.66801E-05,0.411559226
2023-02-17 07:00:00+00:00,0.182694664,0,0.039807848,0.470453214
2023-02-17 08:00:00+00:00,0.174875565,0,0.249123018,0.466229671
2023-02-17 09:00:00+00:00,0.161467354,0,0.432551168,0.461549041
2023-02-17 10:00:00+00:00,0.162251245,0,0.48597213,0.453670718
2023-02-17 11:00:00+00:00,0.17100139,0,0.508283595,0.410342621
2023-02-17 12:00:00+00:00,0.175034042,0,0.504907404,0.395062835
2023-02-17 13:00:00+00:00,0.182776732,0,0.49131596,0.398149951
2023-02-17 14:00:00+00:00,0.192565462,0,0.44874735,0.407268642
2023-02-17 15:00:00+00:00,0.199297867,0,0.356545699,0.435057874
2023-02-17 16:00:00+00:00,0.200602465,0,0.198124766,0.43282742
2023-02-17 17:00:00+00:00,0.212168392,0,0.061343526,0.474896588
2023-02-17 18:00:00+00:00,0.250027204,0,0.029739951,0.501669295
2023-02-17 19:00:00+00:00,0.269055658,0,0.004503033,0.506624688
2023-02-17 20:00:00+00:00,0.267069047,0,0,0.498916251
2023-02-17 21:00:00+00:00,0.253819311,0,0,0.489126356
2023-02-17 22:00:00+00:00,0.23427298,0,0,0.476878756
2023-02-17 23:00:00+00:00,0.222806101,0,0,0.465177931
2023-02-18 00:00:00+00:00,0.214242731,0,0,0.454588009
2023-02-18 01:00:00+00:00,0.2020429,0,0,0.455305604
2023-02-18 02:00:00+00:00,0.195819882,0,0,0.451331942
2023-02-18 03:00:00+00:00,0.185125574,0,0,0.444364571
2023-02-18 04:00:00+00:00,0.17550381,0,0,0.439841
2023-02-18 05:00:00+00:00,0.170667459,0,0,0.424932937
2023-02-18 06:00:00+00:00,0.169900547,0,0.000143022,0.398572373
2023-02-18 07:00:00+00:00,0.165565094,0,0.025462287,0.427123541
2023-02-18 08:00:00+00:00,0.15752526,0,0.159214057,0.455826784
2023-02-18 09:00:00+00:00,0.146358354,0,0.297750569,0.450375442
2023-02-18 10:00:00+00:00,0.140022139,0,0.373166613,0.434443287
2023-02-18 11:00:00+00:00,0.132471884,0,0.431077606,0.426469451
2023-02-18 12:00:00+00:00,0.125561194,0,0.449978208,0.429624818
2023-02-18 13:00:00+00:00,0.119275918,0,0.465238244,0.421442967
2023-02-18 14:00:00+00:00,0.11143418,0,0.437266567,0.426512178
2023-02-18 15:00:00+00:00,0.110927622,0,0.364745639,0.424921724
2023-02-18 16:00:00+00:00,0.114142423,0,0.1968419,0.433165687
2023-02-18 17:00:00+00:00,0.120450339,0,0.060931795,0.432270677
2023-02-18 18:00:00+00:00,0.138029868,0,0.028392076,0.424908312
2023-02-18 19:00:00+00:00,0.147535605,0,0.012399592,0.445190452
2023-02-18 20:00:00+00:00,0.157304526,0,0,0.457122981
2023-02-18 21:00:00+00:00,0.150988121,0,0,0.45886192
2023-02-18 22:00:00+00:00,0.146658327,0,0,0.446826107
2023-02-18 23:00:00+00:00,0.143477485,0,0,0.430638447
2023-02-19 00:00:00+00:00,0.140783391,0,0,0.393434709
2023-02-19 01:00:00+00:00,0.133015231,0,0,0.412321455
2023-02-19 02:00:00+00:00,0.130731477,0,0,0.416426341
2023-02-19 03:00:00+00:00,0.129871178,0,0,0.409357684
2023-02-19 04:00:00+00:00,0.128529791,0,0,0.408328865
2023-02-19 05:00:00+00:00,0.130680538,0,0,0.40294057
2023-02-19 06:00:00+00:00,0.140322112,0,0.00010835,0.365891583
2023-02-19 07:00:00+00:00,0.149833509,0,0.029345557,0.35701286
2023-02-19 08:00:00+00:00,0.150657019,0,0.171435955,0.362398242
2023-02-19 09:00:00+00:00,0.137749705,0,0.326064633,0.384881391
2023-02-19 10:00:00+00:00,0.137605379,0,0.42273031,0.362598945
2023-02-19 11:00:00+00:00,0.152397426,0,0.463426629,0.371698343
2023-02-19 12:00:00+00:00,0.168887432,0,0.483822463,0.378511476
2023-02-19 13:00:00+00:00,0.1583799,0,0.459573698,0.401478977
2023-02-19 14:00:00+00:00,0.177498911,0,0.40199209,0.405183374
2023-02-19 15:00:00+00:00,0.188094172,0,0.325210833,0.388432045
2023-02-19 16:00:00+00:00,0.195270876,0,0.162039829,0.402689517
2023-02-19 17:00:00+00:00,0.209451658,0,0.054872854,0.434449938
2023-02-19 18:00:00+00:00,0.231762832,0,0.02625541,0.451491164
2023-02-19 19:00:00+00:00,0.233500409,0,0.01229991,0.446786311
2023-02-19 20:00:00+00:00,0.230489363,0,0,0.443935242
2023-02-19 21:00:00+00:00,0.229413989,0,0,0.42609692
2023-02-19 22:00:00+00:00,0.21714058,0,0,0.38702989
2023-02-19 23:00:00+00:00,0.205107715,0,0,0.364745776
2023-02-20 00:00:00+00:00,0.197407473,0,0,0.349809973
2023-02-20 01:00:00+00:00,0.194020046,0,0,0.346486444
2023-02-20 02:00:00+00:00,0.190352456,0,0,0.343189664
2023-02-20 03:00:00+00:00,0.19508693,0,0,0.347405603
2023-02-20 04:00:00+00:00,0.19592459,0,0,0.370692903
2023-02-20 05:00:00+00:00,0.20000535,0,0,0.384850097
2023-02-20 06:00:00+00:00,0.198276262,0,0.000333718,0.411491287
2023-02-20 07:00:00+00:00,0.196507555,0,0.029865638,0.420673978
2023-02-20 08:00:00+00:00,0.189868538,0,0.159157715,0.431753656
2023-02-20 09:00:00+00:00,0.171723023,0,0.307354727,0.42885319
2023-02-20 10:00:00+00:00,0.167625283,0,0.404185097,0.408619971
2023-02-20 11:00:00+00:00,0.177668707,0,0.454689273,0.383405818
2023-02-20 12:00:00+00:00,0.189132756,0,0.474864072,0.371645098
2023-02-20 13:00:00+00:00,0.19428606,0,0.445791558,0.369644131
2023-02-20 14:00:00+00:00,0.202283444,0,0.38319117,0.367416627
2023-02-20 15:00:00+00:00,0.200661894,0,0.290690473,0.374319246
2023-02-20 16:00:00+00:00,0.191456129,0,0.154108597,0.400501827
2023-02-20 17:00:00+00:00,0.195338794,0,0.064016183,0.443164273
2023-02-20 18:00:00+00:00,0.210945862,0,0.035826015,0.468327801
2023-02-20 19:00:00+00:00,0.217188689,0,0.035843206,0.468857409
2023-02-20 20:00:00+00:00,0.217590539,0,9.82432E-12,0.433147365
2023-02-20 21:00:00+00:00,0.221993911,0,0,0.4086131
2023-02-20 22:00:00+00:00,0.222398591,0,0,0.400783039
2023-02-20 23:00:00+00:00,0.220106347,0,0,0.395468052
2023-02-21 00:00:00+00:00,0.203395607,0,0,0.38840786
2023-02-21 01:00:00+00:00,0.202959797,0,0,0.381877165
2023-02-21 02:00:00+00:00,0.184822772,0,0,0.377510819
2023-02-21 03:00:00+00:00,0.140876778,0,0,0.378047774
2023-02-21 04:00:00+00:00,0.118506176,0,0,0.386326091
2023-02-21 05:00:00+00:00,0.108083542,0,0,0.424598628
2023-02-21 06:00:00+00:00,0.099907872,0,0.000121352,0.417703996
2023-02-21 07:00:00+00:00,0.094963983,0,0.024248765,0.41775627
2023-02-21 08:00:00+00:00,0.086471361,0,0.148582739,0.420085134
2023-02-21 09:00:00+00:00,0.075876101,0,0.323628921,0.418577093
2023-02-21 10:00:00+00:00,0.067943805,0,0.442424035,0.436296063
2023-02-21 11:00:00+00:00,0.070748267,0,0.480710647,0.411975913
2023-02-21 12:00:00+00:00,0.067790989,0,0.501700239,0.401121307
2023-02-21 13:00:00+00:00,0.069655913,0,0.483917811,0.397777164
2023-02-21 14:00:00+00:00,0.074882795,0,0.4308219,0.396107356
2023-02-21 15:00:00+00:00,0.073198987,0,0.338598579,0.411726326
2023-02-21 16:00:00+00:00,0.072137763,0,0.193734417,0.459420715
2023-02-21 17:00:00+00:00,0.076875066,0,0.068750342,0.488239005
2023-02-21 18:00:00+00:00,0.071390661,0,0.030034664,0.476826922
2023-02-21 19:00:00+00:00,0.067940975,0,0.009656166,0.459227946
2023-02-21 20:00:00+00:00,0.068874853,0,0,0.453644994
2023-02-21 21:00:00+00:00,0.073402742,0,0,0.436897183
2023-02-21 22:00:00+00:00,0.063814936,0,0,0.420234791
2023-02-21 23:00:00+00:00,0.06532046,0,0,0.407236395
2023-02-22 00:00:00+00:00,0.079637079,0,0,0.393348301
2023-02-22 01:00:00+00:00,0.08448192,0,0,0.387749904
2023-02-22 02:00:00+00:00,0.07591855,0,0,0.385821585
2023-02-22 03:00:00+00:00,0.079617269,0,0,0.385805608
2023-02-22 04:00:00+00:00,0.07185194,0,0,0.388926749
2023-02-22 05:00:00+00:00,0.06736367,0,0,0.395967043
2023-02-22 06:00:00+00:00,0.067001438,0,0.000429067,0.406837663
2023-02-22 07:00:00+00:00,0.067247642,0,0.03426032,0.411110695
2023-02-22 08:00:00+00:00,0.060600135,0,0.215148743,0.412366839
2023-02-22 09:00:00+00:00,0.045635462,0,0.409806303,0.4109005
2023-02-22 10:00:00+00:00,0.053397962,0,0.501570219,0.410643859
2023-02-22 11:00:00+00:00,0.071566117,0,0.528787779,0.409257827
2023-02-22 12:00:00+00:00,0.091981236,0,0.543107336,0.404652612
2023-02-22 13:00:00+00:00,0.101000225,0,0.519721038,0.400474069
2023-02-22 14:00:00+00:00,0.108267487,0,0.479670485,0.400125376
2023-02-22 15:00:00+00:00,0.105873366,0,0.399235662,0.406544139
2023-02-22 16:00:00+00:00,0.111649255,0,0.234829465,0.416712995
2023-02-22 17:00:00+00:00,0.113545308,0,0.074791947,0.436207493
2023-02-22 18:00:00+00:00,0.114046206,0,0.026433105,0.453323216
2023-02-22 19:00:00+00:00,0.109928657,0,0,0.460741024
2023-02-22 20:00:00+00:00,0.114957443,0,0,0.457808567
2023-02-22 21:00:00+00:00,0.120713522,0,0,0.428577805
2023-02-22 22:00:00+00:00,0.119210829,0,0,0.419290786
2023-02-22 23:00:00+00:00,0.11957872,0,0,0.412155142
2023-02-23 00:00:00+00:00,0.125368758,0,0,0.406120013
2023-02-23 01:00:00+00:00,0.132494524,0,0,0.398619535
2023-02-23 02:00:00+00:00,0.146146109,0,0,0.392270873
2023-02-23 03:00:00+00:00,0.172891784,0,0,0.388929607
2023-02-23 04:00:00+00:00,0.187064077,0,0,0.393562233
2023-02-23 05:00:00+00:00,0.193519149,0,0,0.403467082
2023-02-23 06:00:00+00:00,0.212015575,0,0.000251372,0.41270452
2023-02-23 07:00:00+00:00,0.226688766,0,0.026853503,0.423873667
2023-02-23 08:00:00+00:00,0.219149831,0,0.178847105,0.4320592
2023-02-23 09:00:00+00:00,0.20815555,0,0.334437933,0.430610597
2023-02-23 10:00:00+00:00,0.205469946,0,0.3981955,0.427977234
2023-02-23 11:00:00+00:00,0.21508322,0,0.441106497,0.42209048
2023-02-23 12:00:00+00:00,0.223440006,0,0.454957981,0.419638508
2023-02-23 13:00:00+00:00,0.234855946,0,0.463799354,0.417234687
2023-02-23 14:00:00+00:00,0.252885434,0,0.447494822,0.417760466
2023-02-23 15:00:00+00:00,0.28283176,0,0.39823884,0.42638066
2023-02-23 16:00:00+00:00,0.292999701,0,0.283639045,0.441050331
2023-02-23 17:00:00+00:00,0.273235465,0,0.094000263,0.46820266
2023-02-23 18:00:00+00:00,0.236169034,0,0.018956944,0.486117019
2023-02-23 19:00:00+00:00,0.225197392,0,0,0.491946498
2023-02-23 20:00:00+00:00,0.216877396,0,0,0.484278589
2023-02-23 21:00:00+00:00,0.19509825,0,0,0.459827911
2023-02-23 22:00:00+00:00,0.174816137,0,0,0.445303024
2023-02-23 23:00:00+00:00,0.170908003,0,0,0.435852332
2023-02-24 00:00:00+00:00,0.161489993,0,0,0.434032079
2023-02-24 01:00:00+00:00,0.154086895,0,0,0.442352116
2023-02-24 02:00:00+00:00,0.141567281,0,0,0.446098123
2023-02-24 03:00:00+00:00,0.123232161,0,0,0.448920463
2023-02-24 04:00:00+00:00,0.107183624,0,0,0.453374721
2023-02-24 05:00:00+00:00,0.094066895,0,0,0.460629441
2023-02-24 06:00:00+00:00,0.08490358,0,0.022985288,0.484089503
2023-02-24 07:00:00+00:00,0.071464239,0,0.093987921,0.496498872
2023-02-24 08:00:00+00:00,0.054181852,0,0.318887165,0.49036788
2023-02-24 09:00:00+00:00,0.043575272,0,0.501843872,0.479653549
2023-02-24 10:00:00+00:00,0.045024197,0,0.539834155,0.480856998
2023-02-24 11:00:00+00:00,0.053850751,0,0.590895378,0.465977848
2023-02-24 12:00:00+00:00,0.06245374,0,0.586739959,0.460515
2023-02-24 13:00:00+00:00,0.072033055,0,0.608415487,0.456812747
2023-02-24 14:00:00+00:00,0.077990059,0,0.602558147,0.455820115
2023-02-24 15:00:00+00:00,0.089315442,0,0.564955508,0.455357109
2023-02-24 16:00:00+00:00,0.097791084,0,0.384934436,0.460844747
2023-02-24 17:00:00+00:00,0.103982972,0,0.123179022,0.484620595
2023-02-24 18:00:00+00:00,0.115735674,0,0.033854291,0.512387877
2023-02-24 19:00:00+00:00,0.128722226,0,0.032274188,0.521455412
2023-02-24 20:00:00+00:00,0.13551972,0,0.01540575,0.510695001
2023-02-24 21:00:00+00:00,0.153087929,0,0,0.489313684
2023-02-24 22:00:00+00:00,0.15592069,0,0,0.478870158
2023-02-24 23:00:00+00:00,0.150467413,0,0,0.458294256
2023-02-25 00:00:00+00:00,0.145393348,0,0,0.43035599
2023-02-25 01:00:00+00:00,0.135383883,0,0,0.419673852
2023-02-25 02:00:00+00:00,0.12489333,0,0,0.406813991
2023-02-25 03:00:00+00:00,0.116228082,0,0,0.398333156
2023-02-25 04:00:00+00:00,0.110245609,0,0,0.400310487
2023-02-25 05:00:00+00:00,0.103813176,0,0,0.41178001
2023-02-25 06:00:00+00:00,0.093764093,0,0.000377059,0.424389423
2023-02-25 07:00:00+00:00,0.090158761,0,0.051344973,0.435859899
2023-02-25 08:00:00+00:00,0.077480672,0,0.228172432,0.440743999
2023-02-25 09:00:00+00:00,0.066970309,0,0.369014635,0.441356552
2023-02-25 10:00:00+00:00,0.076563774,0,0.436248076,0.436624326
2023-02-25 11:00:00+00:00,0.099503192,0,0.459929086,0.417994919
2023-02-25 12:00:00+00:00,0.123144433,0,0.471622235,0.407810911
2023-02-25 13:00:00+00:00,0.134438686,0,0.448435301,0.404657394
2023-02-25 14:00:00+00:00,0.144450981,0,0.385886922,0.405340653
2023-02-25 15:00:00+00:00,0.150164611,0,0.31610942,0.416488564
2023-02-25 16:00:00+00:00,0.151446569,0,0.212856053,0.431904742
2023-02-25 17:00:00+00:00,0.157822403,0,0.071108042,0.451382768
2023-02-25 18:00:00+00:00,0.194795447,0,0.025202247,0.464379516
2023-02-25 19:00:00+00:00,0.231327022,0,0.008334294,0.457574151
2023-02-25 20:00:00+00:00,0.264309864,0,0,0.448348549
2023-02-25 21:00:00+00:00,0.285135324,0,0,0.438085901
2023-02-25 22:00:00+00:00,0.301922473,0,0,0.431140755
2023-02-25 23:00:00+00:00,0.298594474,0,0,0.418709821
2023-02-26 00:00:00+00:00,0.307002198,0,0,0.405811318
2023-02-26 01:00:00+00:00,0.312333788,0,0,0.405219707
2023-02-26 02:00:00+00:00,0.322906409,0,0,0.405344757
2023-02-26 03:00:00+00:00,0.343927133,0,0,0.406233135
2023-02-26 04:00:00+00:00,0.362383941,0,0,0.407052475
2023-02-26 05:00:00+00:00,0.385263931,0,0,0.406620543
2023-02-26 06:00:00+00:00,0.400941747,0,0.000381393,0.407970645
2023-02-26 07:00:00+00:00,0.42691202,0,0.046724922,0.408216678
2023-02-26 08:00:00+00:00,0.44282755,0,0.224518864,0.393253611
2023-02-26 09:00:00+00:00,0.456849857,0,0.407405264,0.375718818
2023-02-26 10:00:00+00:00,0.49183912,0,0.476411312,0.372273811
2023-02-26 11:00:00+00:00,0.522993826,0,0.493573977,0.371964786
2023-02-26 12:00:00+00:00,0.549595174,0,0.486964618,0.368491416
2023-02-26 13:00:00+00:00,0.548664127,0,0.481820152,0.368686714
2023-02-26 14:00:00+00:00,0.532165631,0,0.430063449,0.367188477
2023-02-26 15:00:00+00:00,0.520039379,0,0.411275531,0.368309915
2023-02-26 16:00:00+00:00,0.539888512,0,0.330038916,0.380277733
2023-02-26 17:00:00+00:00,0.593113848,0,0.112740507,0.403415449
2023-02-26 18:00:00+00:00,0.605724019,0,0.023637671,0.416641483
2023-02-26 19:00:00+00:00,0.627760689,0,0,0.414184124
2023-02-26 20:00:00+00:00,0.630751926,0,0,0.407986512
2023-02-26 21:00:00+00:00,0.630681178,0,0,0.401606446
2023-02-26 22:00:00+00:00,0.625123194,0,0,0.397156366
2023-02-26 23:00:00+00:00,0.61425626,0,0,0.379945311
2023-02-27 00:00:00+00:00,0.605831557,0,0,0.369067251
2023-02-27 01:00:00+00:00,0.592460134,0,0,0.368606957
2023-02-27 02:00:00+00:00,0.563824066,0,0,0.369649829
2023-02-27 03:00:00+00:00,0.551245024,0,0,0.368302549
2023-02-27 04:00:00+00:00,0.551921377,0,0,0.366527827
2023-02-27 05:00:00+00:00,0.567904826,0,0,0.373510791
2023-02-27 06:00:00+00:00,0.555682355,0,0.000736781,0.386579874
2023-02-27 07:00:00+00:00,0.54122141,0,0.086836151,0.395171175
2023-02-27 08:00:00+00:00,0.538844268,0,0.382792442,0.391702074
2023-02-27 09:00:00+00:00,0.550973351,0,0.551870697,0.388686103
2023-02-27 10:00:00+00:00,0.541804375,0,0.605837744,0.382941438
2023-02-27 11:00:00+00:00,0.530309197,0,0.610158748,0.377057084
2023-02-27 12:00:00+00:00,0.543295749,0,0.595869529,0.380334734
2023-02-27 13:00:00+00:00,0.549289542,0,0.585303222,0.383038675
2023-02-27 14:00:00+00:00,0.577396413,0,0.569423422,0.383385187
2023-02-27 15:00:00+00:00,0.572831735,0,0.520518495,0.388084543
2023-02-27 16:00:00+00:00,0.593968487,0,0.364377249,0.401983245
2023-02-27 17:00:00+00:00,0.59915009,0,0.124737036,0.414266135
2023-02-27 18:00:00+00:00,0.554926764,0,0.028058357,0.43174259
2023-02-27 19:00:00+00:00,0.517699026,0,0.024842524,0.434253981
2023-02-27 20:00:00+00:00,0.5183301,0,0.003878936,0.425658576
2023-02-27 21:00:00+00:00,0.520090317,0,0,0.41009974
2023-02-27 22:00:00+00:00,0.514891735,0,0,0.401642285
2023-02-27 23:00:00+00:00,0.506444392,0,0,0.382763986
2023-02-28 00:00:00+00:00,0.495854791,0,0,0.36927052
2023-02-28 01:00:00+00:00,0.490571311,0,0,0.368008421
2023-02-28 02:00:00+00:00,0.491103338,0,0,0.366866809
2023-02-28 03:00:00+00:00,0.49221833,0,0,0.36407668
2023-02-28 04:00:00+00:00,0.485545354,0,0,0.36252419
2023-02-28 05:00:00+00:00,0.484218116,0,0,0.366069347
2023-02-28 06:00:00+00:00,0.476834827,0,0.000533083,0.381468595
2023-02-28 07:00:00+00:00,0.462622915,0,0.09571653,0.390355398
2023-02-28 08:00:00+00:00,0.442057809,0,0.385423183,0.393848135
2023-02-28 09:00:00+00:00,0.448838323,0,0.552776504,0.381571603
2023-02-28 10:00:00+00:00,0.475518909,0,0.608334131,0.370338145
2023-02-28 11:00:00+00:00,0.47346721,0,0.635478013,0.367932181
2023-02-28 12:00:00+00:00,0.437215798,0,0.646295693,0.367861384
2023-02-28 13:00:00+00:00,0.42691485,0,0.643136202,0.368464592
2023-02-28 14:00:00+00:00,0.413339673,0,0.624955046,0.369335711
2023-02-28 15:00:00+00:00,0.42813738,0,0.573653413,0.371146876
2023-02-28 16:00:00+00:00,0.421877574,0,0.412012312,0.375833535
2023-02-28 17:00:00+00:00,0.410778586,0,0.136733566,0.413600044
2023-02-28 18:00:00+00:00,0.395018702,0,0.030368382,0.440930558
2023-02-28 19:00:00+00:00,0.392814186,0,0.013777806,0.440483455
2023-02-28 20:00:00+00:00,0.383571632,0,0,0.433860508
2023-02-28 21:00:00+00:00,0.361138772,0,0,0.407147678
2023-02-28 22:00:00+00:00,0.347640003,0,0,0.391460622
2023-02-28 23:00:00+00:00,0.331625425,0,0,0.37456997
2023-03-01 00:00:00+00:00,0.318736987,0,0,0.36020216
2023-03-01 01:00:00+00:00,0.293598177,0,0,0.358884434
2023-03-01 02:00:00+00:00,0.279950186,0,0,0.356078273
2023-03-01 03:00:00+00:00,0.271552724,0,0,0.35632797
2023-03-01 04:00:00+00:00,0.262740746,0,0,0.36169655
2023-03-01 05:00:00+00:00,0.25373702,0,0,0.41129641
2023-03-01 06:00:00+00:00,0.239869082,0,0.001138608,0.455943607
2023-03-01 07:00:00+00:00,0.215767971,0,0.1055366,0.461995263
2023-03-01 08:00:00+00:00,0.199833095,0,0.410133445,0.444136458
2023-03-01 09:00:00+00:00,0.206194638,0,0.584498262,0.42995462
2023-03-01 10:00:00+00:00,0.186179465,0,0.622447599,0.42455229
2023-03-01 11:00:00+00:00,0.177632551,0,0.609253392,0.391143132
2023-03-01 12:00:00+00:00,0.1697201,0,0.60620431,0.383784139
2023-03-01 13:00:00+00:00,0.17681198,0,0.595607153,0.386797544
2023-03-01 14:00:00+00:00,0.200836956,0,0.570540718,0.382207683
2023-03-01 15:00:00+00:00,0.241405891,0,0.514757452,0.388776469
2023-03-01 16:00:00+00:00,0.287087183,0,0.366840752,0.42471131
2023-03-01 17:00:00+00:00,0.303752396,0,0.136816338,0.461152142
2023-03-01 18:00:00+00:00,0.314927393,0,0.031099934,0.498453721
2023-03-01 19:00:00+00:00,0.339959049,0,0.03818523,0.493963515
2023-03-01 20:00:00+00:00,0.333679282,0,0.038939852,0.499325206
2023-03-01 21:00:00+00:00,0.327774552,0,0.034845174,0.460517968
2023-03-01 22:00:00+00:00,0.324782709,0,0.016085512,0.448005866
2023-03-01 23:00:00+00:00,0.320665753,0,0,0.414187862
2023-03-02 00:00:00+00:00,0.319893119,0,0,0.392022825
2023-03-02 01:00:00+00:00,0.318339391,0,0,0.379704976
2023-03-02 02:00:00+00:00,0.325857065,0,0,0.371415372
2023-03-02 03:00:00+00:00,0.326781971,0,0,0.363951575
2023-03-02 04:00:00+00:00,0.330487231,0,0,0.363172307
2023-03-02 05:00:00+00:00,0.328555645,0,0,0.383054689
2023-03-02 06:00:00+00:00,0.306837293,0,0.026047113,0.43524894
2023-03-02 07:00:00+00:00,0.290623254,0,0.141628839,0.445629968
2023-03-02 08:00:00+00:00,0.27330948,0,0.427016313,0.414982649
2023-03-02 09:00:00+00:00,0.273859347,0,0.592167399,0.368202839
2023-03-02 10:00:00+00:00,0.278450035,0,0.631437975,0.348388634
2023-03-02 11:00:00+00:00,0.273546346,0,0.630054329,0.351696004
2023-03-02 12:00:00+00:00,0.265236299,0,0.620403161,0.355699916
2023-03-02 13:00:00+00:00,0.263059388,0,0.62513464,0.356656124
2023-03-02 14:00:00+00:00,0.265143244,0,0.623310719,0.357289821
2023-03-02 15:00:00+00:00,0.273081074,0,0.577273054,0.361776088
2023-03-02 16:00:00+00:00,0.2817436,0,0.434721986,0.384262682
2023-03-02 17:00:00+00:00,0.294920679,0,0.162768797,0.471574963
2023-03-02 18:00:00+00:00,0.302359398,0,0.046288815,0.530356507
2023-03-02 19:00:00+00:00,0.30655249,0,0.045232879,0.551333485
2023-03-02 20:00:00+00:00,0.296279838,0,0.04377135,0.545058919
2023-03-02 21:00:00+00:00,0.280770758,0,0.040823863,0.516786343
2023-03-02 22:00:00+00:00,0.271939041,0,0.036781234,0.478973716
2023-03-02 23:00:00+00:00,0.277843771,0,7.63492E-12,0.455712452
2023-03-03 00:00:00+00:00,0.268112528,0,0,0.440315036
2023-03-03 01:00:00+00:00,0.262661791,0,0,0.432811589
2023-03-03 02:00:00+00:00,0.272187187,0,0,0.414233814
2023-03-03 03:00:00+00:00,0.294655615,0,0,0.408792183
2023-03-03 04:00:00+00:00,0.298984058,0,0,0.410000744
2023-03-03 05:00:00+00:00,0.301569845,0,9.96671E-12,0.429992364
2023-03-03 06:00:00+00:00,0.289952134,0,0.040299099,0.459900028
2023-03-03 07:00:00+00:00,0.27162322,0,0.155129546,0.455947785
2023-03-03 08:00:00+00:00,0.249710299,0,0.455521978,0.432427296
2023-03-03 09:00:00+00:00,0.246583104,0,0.615275875,0.378658238
2023-03-03 10:00:00+00:00,0.248551348,0,0.664564899,0.363217325
2023-03-03 11:00:00+00:00,0.24632368,0,0.674111837,0.359647616
2023-03-03 12:00:00+00:00,0.234153281,0,0.673347638,0.361339759
2023-03-03 13:00:00+00:00,0.227935549,0,0.68236675,0.357060407
2023-03-03 14:00:00+00:00,0.225431538,0,0.669739401,0.356752243
2023-03-03 15:00:00+00:00,0.221506331,0,0.617749469,0.372906812
2023-03-03 16:00:00+00:00,0.2206773,0,0.46701981,0.434733733
2023-03-03 17:00:00+00:00,0.221108734,0,0.157886831,0.48477366
2023-03-03 18:00:00+00:00,0.219388636,0,0.04415778,0.525177618
2023-03-03 19:00:00+00:00,0.237060529,0,0.042898031,0.535222907
2023-03-03 20:00:00+00:00,0.24614039,0,0.041630168,0.531158403
2023-03-03 21:00:00+00:00,0.246709997,0,0.039793632,0.514934722
2023-03-03 22:00:00+00:00,0.241353173,0,0.024962831,0.48881986
2023-03-03 23:00:00+00:00,0.245554703,0,0,0.451955159
2023-03-04 00:00:00+00:00,0.222883152,0,0,0.428554609
2023-03-04 01:00:00+00:00,0.194875829,0,0,0.428587809
2023-03-04 02:00:00+00:00,0.185006414,0,0,0.433168069
2023-03-04 03:00:00+00:00,0.170106417,0,0,0.433414798
2023-03-04 04:00:00+00:00,0.164356778,0,0,0.42300854
2023-03-04 05:00:00+00:00,0.157163384,0,0,0.432440672
2023-03-04 06:00:00+00:00,0.154103866,0,0.001492557,0.431872532
2023-03-04 07:00:00+00:00,0.144352884,0,0.113182758,0.442144231
2023-03-04 08:00:00+00:00,0.134742893,0,0.398218572,0.433181225
2023-03-04 09:00:00+00:00,0.146338046,0,0.574033302,0.402962704
2023-03-04 10:00:00+00:00,0.157930379,0,0.64176982,0.392714476
2023-03-04 11:00:00+00:00,0.138498911,0,0.644051301,0.417277232
2023-03-04 12:00:00+00:00,0.116532413,0,0.630016997,0.423924951
2023-03-04 13:00:00+00:00,0.108022157,0,0.618861197,0.407521564
2023-03-04 14:00:00+00:00,0.108010878,0,0.609125458,0.396470138
2023-03-04 15:00:00+00:00,0.11488845,0,0.544975342,0.403995975
2023-03-04 16:00:00+00:00,0.119890834,0,0.365454806,0.448201658
2023-03-04 17:00:00+00:00,0.117558832,0,0.120498128,0.480362075
2023-03-04 18:00:00+00:00,0.123384607,0,0.048910574,0.518883117
2023-03-04 19:00:00+00:00,0.116935649,0,0.050755591,0.528742618
2023-03-04 20:00:00+00:00,0.102813926,0,0.045648815,0.524503575
2023-03-04 21:00:00+00:00,0.098414987,0,0.041032955,0.493097179
2023-03-04 22:00:00+00:00,0.089473297,0,0.038897741,0.471906213
2023-03-04 23:00:00+00:00,0.105265261,0,6.94084E-12,0.442888595
2023-03-05 00:00:00+00:00,0.092522217,0,0,0.436811434
2023-03-05 01:00:00+00:00,0.076514992,0,0,0.444180596
2023-03-05 02:00:00+00:00,0.05888375,0,0,0.435608168
2023-03-05 03:00:00+00:00,0.06207862,0,0,0.425412031
2023-03-05 04:00:00+00:00,0.076005775,0,0,0.415287918
2023-03-05 05:00:00+00:00,0.083433215,0,0,0.415890962
2023-03-05 06:00:00+00:00,0.087536071,0,0.004874266,0.417702127
2023-03-05 07:00:00+00:00,0.083765955,0,0.082824141,0.424783867
2023-03-05 08:00:00+00:00,0.064856156,0,0.217184156,0.430919842
2023-03-05 09:00:00+00:00,0.051780591,0,0.295432542,0.426668358
2023-03-05 10:00:00+00:00,0.053996979,0,0.339514158,0.406098301
2023-03-05 11:00:00+00:00,0.064185036,0,0.366371662,0.393364901
2023-03-05 12:00:00+00:00,0.084933366,0,0.329010819,0.399995801
2023-03-05 13:00:00+00:00,0.098412167,0,0.304430531,0.405282809
2023-03-05 14:00:00+00:00,0.106832188,0,0.246020364,0.406312068
2023-03-05 15:00:00+00:00,0.120494278,0,0.157895513,0.426953967
2023-03-05 16:00:00+00:00,0.124461783,0,0.103310355,0.440706787
2023-03-05 17:00:00+00:00,0.124997551,0,0.058018627,0.450679556
2023-03-05 18:00:00+00:00,0.117369903,0,0.043515715,0.506792667
2023-03-05 19:00:00+00:00,0.113678742,0,0.045928549,0.528979746
2023-03-05 20:00:00+00:00,0.126985533,0,0.046063139,0.518155646
2023-03-05 21:00:00+00:00,0.143033202,0,0.043900117,0.465636833
2023-03-05 22:00:00+00:00,0.149631611,0,0.028819085,0.44480865
2023-03-05 23:00:00+00:00,0.158804527,0,0,0.434133584
2023-03-06 00:00:00+00:00,0.175396424,0,0,0.430436901
2023-03-06 01:00:00+00:00,0.185048712,0,0,0.412826602
2023-03-06 02:00:00+00:00,0.200726982,0,0,0.401965344
2023-03-06 03:00:00+00:00,0.208605595,0,0,0.402122697
2023-03-06 04:00:00+00:00,0.201039984,0,0,0.407507932
2023-03-06 05:00:00+00:00,0.20211152,0,0,0.415166129
2023-03-06 06:00:00+00:00,0.199232471,0,0.018771425,0.439960718
2023-03-06 07:00:00+00:00,0.192202628,0,0.07574818,0.458917766
2023-03-06 08:00:00+00:00,0.203518617,0,0.170909037,0.454539272
2023-03-06 09:00:00+00:00,0.217733394,0,0.272960526,0.471525346
2023-03-06 10:00:00+00:00,0.232839239,0,0.347209069,0.467443986
2023-03-06 11:00:00+00:00,0.237565279,0,0.379233521,0.439440656
2023-03-06 12:00:00+00:00,0.238374571,0,0.393933675,0.428798882
2023-03-06 13:00:00+00:00,0.244992718,0,0.37105979,0.447981295
2023-03-06 14:00:00+00:00,0.26301709,0,0.317019637,0.433924306
2023-03-06 15:00:00+00:00,0.268380412,0,0.238355312,0.432140991
2023-03-06 16:00:00+00:00,0.252659844,0,0.159811552,0.450287604
2023-03-06 17:00:00+00:00,0.192450773,0,0.071453764,0.48795072
2023-03-06 18:00:00+00:00,0.171172314,0,0.041898215,0.533048465
2023-03-06 19:00:00+00:00,0.181168622,0,0.041922857,0.544323148
2023-03-06 20:00:00+00:00,0.196421097,0,0.040938872,0.539248862
2023-03-06 21:00:00+00:00,0.202399143,0,0.031753789,0.516576588
2023-03-06 22:00:00+00:00,0.204793181,0,0,0.48403569
2023-03-06 23:00:00+00:00,0.214358054,0,0,0.477855576
2023-03-07 00:00:00+00:00,0.22590809,0,0,0.466679448
2023-03-07 01:00:00+00:00,0.237613216,0,0,0.452855666
2023-03-07 02:00:00+00:00,0.2658905,0,0,0.438922134
2023-03-07 03:00:00+00:00,0.308478435,0,0,0.430075988
2023-03-07 04:00:00+00:00,0.356085674,0,0,0.421768208
2023-03-07 05:00:00+00:00,0.411901445,0,0,0.433454301
2023-03-07 06:00:00+00:00,0.461115988,0,0.001428591,0.470605527
2023-03-07 07:00:00+00:00,0.489322776,0,0.053028431,0.482702683
2023-03-07 08:00:00+00:00,0.503901312,0,0.188296774,0.471384887
2023-03-07 09:00:00+00:00,0.531341106,0,0.271671029,0.458670524
2023-03-07 10:00:00+00:00,0.545189305,0,0.348362891,0.432117465
2023-03-07 11:00:00+00:00,0.570336574,0,0.42160055,0.441001868
2023-03-07 12:00:00+00:00,0.575773212,0,0.451123335,0.452338756
2023-03-07 13:00:00+00:00,0.584571091,0,0.444197868,0.445320009
2023-03-07 14:00:00+00:00,0.589387365,0,0.427937522,0.435447371
2023-03-07 15:00:00+00:00,0.601146068,0,0.373100964,0.454665952
2023-03-07 16:00:00+00:00,0.595839143,0,0.246434016,0.449903439
2023-03-07 17:00:00+00:00,0.575228984,0,0.090431919,0.481315277
2023-03-07 18:00:00+00:00,0.526347182,0,0.03173177,0.519443232
2023-03-07 19:00:00+00:00,0.52248065,0,0.004895588,0.532269526
2023-03-07 20:00:00+00:00,0.528466453,0,0,0.519070079
2023-03-07 21:00:00+00:00,0.528149055,0,0,0.499122121
2023-03-07 22:00:00+00:00,0.532688986,0,0,0.478272501
2023-03-07 23:00:00+00:00,0.528301326,0,0,0.463864987
2023-03-08 00:00:00+00:00,0.519579583,0,0,0.412258407
2023-03-08 01:00:00+00:00,0.511765826,0,0,0.397016255
2023-03-08 02:00:00+00:00,0.511590996,0,0,0.394710532
2023-03-08 03:00:00+00:00,0.502491396,0,0,0.394141366
2023-03-08 04:00:00+00:00,0.513655114,0,0,0.400462306
2023-03-08 05:00:00+00:00,0.518242982,0,0.015994744,0.438224528
2023-03-08 06:00:00+00:00,0.525047239,0,0.036633397,0.460357904
2023-03-08 07:00:00+00:00,0.526677102,0,0.084135454,0.480925322
2023-03-08 08:00:00+00:00,0.527573809,0,0.205830971,0.490098651
2023-03-08 09:00:00+00:00,0.544876303,0,0.276809312,0.477927802
2023-03-08 10:00:00+00:00,0.56197013,0,0.340539779,0.513041051
2023-03-08 11:00:00+00:00,0.578982182,0,0.399257024,0.495496089
2023-03-08 12:00:00+00:00,0.592943174,0,0.39414688,0.493230749
2023-03-08 13:00:00+00:00,0.598041432,0,0.394383279,0.492244419
2023-03-08 14:00:00+00:00,0.603616242,0,0.387176303,0.507766831
2023-03-08 15:00:00+00:00,0.611483575,0,0.322426505,0.55514864
2023-03-08 16:00:00+00:00,0.596067549,0,0.223649751,0.56580401
2023-03-08 17:00:00+00:00,0.584726181,0,0.102401534,0.583654937
2023-03-08 18:00:00+00:00,0.559108,0,0.043249502,0.594690751
2023-03-08 19:00:00+00:00,0.544907322,0,0.041189222,0.613887676
2023-03-08 20:00:00+00:00,0.542978556,0,0.040696491,0.617948277
2023-03-08 21:00:00+00:00,0.533585693,0,0.037050522,0.595041991
2023-03-08 22:00:00+00:00,0.528298506,0,0.006290299,0.588573794
2023-03-08 23:00:00+00:00,0.522966202,0,0,0.584138464
2023-03-09 00:00:00+00:00,0.506253053,0,0,0.585505752
2023-03-09 01:00:00+00:00,0.490033374,0,0,0.575365314
2023-03-09 02:00:00+00:00,0.486336573,0,0,0.562452703
2023-03-09 03:00:00+00:00,0.472948007,0,0,0.56197995
2023-03-09 04:00:00+00:00,0.460884762,0,0,0.569428154
2023-03-09 05:00:00+00:00,0.469767235,0,0,0.57170916
2023-03-09 06:00:00+00:00,0.48099863,0,0.001181253,0.577952615
2023-03-09 07:00:00+00:00,0.490498646,0,0.029591016,0.57698415
2023-03-09 08:00:00+00:00,0.491849346,0,0.113016444,0.594849166
2023-03-09 09:00:00+00:00,0.522187928,0,0.176957602,0.60593075
2023-03-09 10:00:00+00:00,0.570519863,0,0.25721028,0.594019218
2023-03-09 11:00:00+00:00,0.605804432,0,0.315245175,0.584661421
2023-03-09 12:00:00+00:00,0.644799901,0,0.343650675,0.57879471
2023-03-09 13:00:00+00:00,0.613976308,0,0.37437177,0.574548228
2023-03-09 14:00:00+00:00,0.585580591,0,0.352008996,0.580091494
2023-03-09 15:00:00+00:00,0.591352789,0,0.307893264,0.59529484
2023-03-09 16:00:00+00:00,0.619221197,0,0.241154627,0.597513036
2023-03-09 17:00:00+00:00,0.676235397,0,0.120248951,0.604051976
2023-03-09 18:00:00+00:00,0.700418284,0,0.038081535,0.623846722
2023-03-09 19:00:00+00:00,0.697079602,0,0.033902358,0.635076882
2023-03-09 20:00:00+00:00,0.697556154,0,0.005763512,0.646003001
2023-03-09 21:00:00+00:00,0.691166412,0,0,0.641060544
2023-03-09 22:00:00+00:00,0.685244763,0,0,0.603260285
2023-03-09 23:00:00+00:00,0.674272794,0,0,0.566395932
2023-03-10 00:00:00+00:00,0.626857304,0,0,0.585482555
2023-03-10 01:00:00+00:00,0.584162215,0,0,0.582216576
2023-03-10 02:00:00+00:00,0.567776166,0,0,0.573476169
2023-03-10 03:00:00+00:00,0.563726886,0,0,0.571301488
2023-03-10 04:00:00+00:00,0.577279003,0,0,0.570739614
2023-03-10 05:00:00+00:00,0.608954185,0,0,0.540561366
2023-03-10 06:00:00+00:00,0.606478372,0,0.00248191,0.538780982
2023-03-10 07:00:00+00:00,0.596304415,0,0.10049602,0.544667077
2023-03-10 08:00:00+00:00,0.553908228,0,0.305803684,0.537190821
2023-03-10 09:00:00+00:00,0.500641585,0,0.461217287,0.524220311
2023-03-10 10:00:00+00:00,0.459824505,0,0.542885762,0.514282867
2023-03-10 11:00:00+00:00,0.443156473,0,0.580093085,0.509584299
2023-03-10 12:00:00+00:00,0.446627687,0,0.559116257,0.503408344
2023-03-10 13:00:00+00:00,0.429793285,0,0.548335729,0.498074668
2023-03-10 14:00:00+00:00,0.410147509,0,0.529465539,0.499125858
2023-03-10 15:00:00+00:00,0.423048245,0,0.485801839,0.506084581
2023-03-10 16:00:00+00:00,0.451004067,0,0.378150072,0.552079553
2023-03-10 17:00:00+00:00,0.519492168,0,0.158407246,0.551431436
2023-03-10 18:00:00+00:00,0.559897553,0,0.036618829,0.59302239
2023-03-10 19:00:00+00:00,0.581190111,0,0.009432963,0.595973188
2023-03-10 20:00:00+00:00,0.587856196,0,0,0.576977059
2023-03-10 21:00:00+00:00,0.582777677,0,0,0.567468853
2023-03-10 22:00:00+00:00,0.572744711,0,0,0.552123087
2023-03-10 23:00:00+00:00,0.567795905,0,0,0.535842954
2023-03-11 00:00:00+00:00,0.554869791,0,0,0.52447272
2023-03-11 01:00:00+00:00,0.532570553,0,0,0.527692362
2023-03-11 02:00:00+00:00,0.521601403,0,0,0.535060077
2023-03-11 03:00:00+00:00,0.516615938,0,0,0.571257404
2023-03-11 04:00:00+00:00,0.531121159,0,0,0.576336033
2023-03-11 05:00:00+00:00,0.548699997,0,0,0.578881229
2023-03-11 06:00:00+00:00,0.547879425,0,0.003407295,0.551556431
2023-03-11 07:00:00+00:00,0.537784424,0,0.100214567,0.5786192
2023-03-11 08:00:00+00:00,0.520885165,0,0.265218917,0.571613554
2023-03-11 09:00:00+00:00,0.489565282,0,0.362264997,0.590187408
2023-03-11 10:00:00+00:00,0.450975869,0,0.423152809,0.542227473
2023-03-11 11:00:00+00:00,0.436603181,0,0.447046521,0.534733572
2023-03-11 12:00:00+00:00,0.432136566,0,0.455626593,0.540293456
2023-03-11 13:00:00+00:00,0.394962709,0,0.472125749,0.543737803
2023-03-11 14:00:00+00:00,0.352510126,0,0.443976117,0.546491361
2023-03-11 15:00:00+00:00,0.330287023,0,0.420436355,0.561238004
2023-03-11 16:00:00+00:00,0.368856697,0,0.314247294,0.61301991
2023-03-11 17:00:00+00:00,0.465785631,0,0.116466384,0.601396369
2023-03-11 18:00:00+00:00,0.515967377,0,0.028584606,0.609683133
2023-03-11 19:00:00+00:00,0.512479244,0,0.009714416,0.639123174
2023-03-11 20:00:00+00:00,0.498332142,0,0,0.630481066
2023-03-11 21:00:00+00:00,0.482538258,0,0,0.622234427
2023-03-11 22:00:00+00:00,0.459708892,0,0,0.619458645
2023-03-11 23:00:00+00:00,0.440646821,0,0,0.649079728
2023-03-12 00:00:00+00:00,0.433766429,0,0,0.617969531
2023-03-12 01:00:00+00:00,0.420541413,0,0,0.605708024
2023-03-12 02:00:00+00:00,0.403941057,0,0,0.607134456
2023-03-12 03:00:00+00:00,0.389514792,0,0,0.60830269
2023-03-12 04:00:00+00:00,0.361832493,0,0,0.613956165
2023-03-12 05:00:00+00:00,0.329739975,0,0,0.643382573
2023-03-12 06:00:00+00:00,0.290707849,0,0.006128014,0.649464351
2023-03-12 07:00:00+00:00,0.26285354,0,0.154185441,0.643929935
2023-03-12 08:00:00+00:00,0.22202236,0,0.398440324,0.651270313
2023-03-12 09:00:00+00:00,0.185279938,0,0.530454891,0.649506456
2023-03-12 10:00:00+00:00,0.175447181,0,0.590029253,0.604984767
2023-03-12 11:00:00+00:00,0.166908727,0,0.645313578,0.594557951
2023-03-12 12:00:00+00:00,0.158987816,0,0.644742142,0.592205909
2023-03-12 13:00:00+00:00,0.149188897,0,0.643586476,0.597607415
2023-03-12 14:00:00+00:00,0.143932729,0,0.609185161,0.648831057
2023-03-12 15:00:00+00:00,0.13699312,0,0.544544633,0.652913646
2023-03-12 16:00:00+00:00,0.136618082,0,0.401442496,0.658947163
2023-03-12 17:00:00+00:00,0.16179073,0,0.158321957,0.686659368
2023-03-12 18:00:00+00:00,0.173487397,0,0.033463136,0.691175353
2023-03-12 19:00:00+00:00,0.193057037,0,0.033125498,0.687930866
2023-03-12 20:00:00+00:00,0.216487028,0,0.03449537,0.688562805
2023-03-12 21:00:00+00:00,0.237083087,0,0,0.703393657
2023-03-12 22:00:00+00:00,0.249981003,0,0,0.691493393
2023-03-12 23:00:00+00:00,0.253883651,0,0,0.647825233
2023-03-13 00:00:00+00:00,0.256570952,0,0,0.638250297
2023-03-13 01:00:00+00:00,0.244657158,0,0,0.637035194
2023-03-13 02:00:00+00:00,0.242858105,0,0,0.636629574
2023-03-13 03:00:00+00:00,0.244586663,0,0,0.638241502
2023-03-13 04:00:00+00:00,0.251156873,0,0,0.638934032
2023-03-13 05:00:00+00:00,0.288545037,0,0,0.645067351
2023-03-13 06:00:00+00:00,0.304465813,0,0.005599222,0.645715156
2023-03-13 07:00:00+00:00,0.318556518,0,0.155417867,0.647691498
2023-03-13 08:00:00+00:00,0.298005576,0,0.412431983,0.642197776
2023-03-13 09:00:00+00:00,0.306639904,0,0.54681332,0.6440225
2023-03-13 10:00:00+00:00,0.328676898,0,0.539086137,0.643427426
2023-03-13 11:00:00+00:00,0.34552258,0,0.540429439,0.646815597
2023-03-13 12:00:00+00:00,0.375610196,0,0.530911187,0.634392047
2023-03-13 13:00:00+00:00,0.387490152,0,0.513154019,0.630726567
2023-03-13 14:00:00+00:00,0.392608149,0,0.476539454,0.624080625
2023-03-13 15:00:00+00:00,0.427269534,0,0.433106035,0.629768985
2023-03-13 16:00:00+00:00,0.476921151,0,0.334806206,0.641315371
2023-03-13 17:00:00+00:00,0.591530438,0,0.156744111,0.643623622
2023-03-13 18:00:00+00:00,0.660280783,0,0.033245649,0.680408071
2023-03-13 19:00:00+00:00,0.681220862,0,0.0087208,0.706475496
2023-03-13 20:00:00+00:00,0.67079312,0,0,0.706468552
2023-03-13 21:00:00+00:00,0.645282092,0,0,0.674889046
2023-03-13 22:00:00+00:00,0.612151876,0,0,0.636317764
2023-03-13 23:00:00+00:00,0.564178059,0,0,0.652845413
2023-03-14 00:00:00+00:00,0.535353728,0,0,0.657436997
2023-03-14 01:00:00+00:00,0.441498411,0,0,0.657681765
2023-03-14 02:00:00+00:00,0.394627149,0,0,0.653683258
2023-03-14 03:00:00+00:00,0.376997554,0,0,0.648353247
2023-03-14 04:00:00+00:00,0.412863008,0,0,0.65434224
2023-03-14 05:00:00+00:00,0.437880565,0,0,0.665232319
2023-03-14 06:00:00+00:00,0.427692509,0,0.008793295,0.662164496
2023-03-14 07:00:00+00:00,0.384630842,0,0.165238895,0.659277845
2023-03-14 08:00:00+00:00,0.343362588,0,0.445225601,0.636111161
2023-03-14 09:00:00+00:00,0.332407537,0,0.606225633,0.621600217
2023-03-14 10:00:00+00:00,0.303227907,0,0.667949277,0.639735507
2023-03-14 11:00:00+00:00,0.32628568,0,0.661151744,0.642349302
2023-03-14 12:00:00+00:00,0.344983992,0,0.655829711,0.633447603
2023-03-14 13:00:00+00:00,0.353866465,0,0.64936907,0.615919149
2023-03-14 14:00:00+00:00,0.334618286,0,0.59884387,0.610428817
2023-03-14 15:00:00+00:00,0.33590695,0,0.538506172,0.611763088
2023-03-14 16:00:00+00:00,0.334979225,0,0.413834987,0.621585156
2023-03-14 17:00:00+00:00,0.356948542,0,0.183651697,0.646770671
2023-03-14 18:00:00+00:00,0.303789053,0,0.037873634,0.687764536
2023-03-14 19:00:00+00:00,0.282846155,0,0.03894434,0.697157861
2023-03-14 20:00:00+00:00,0.265859482,0,0.03819433,0.696217667
2023-03-14 21:00:00+00:00,0.239254359,0,0.037683452,0.691686657
2023-03-14 22:00:00+00:00,0.211639735,0,0,0.681062619
2023-03-14 23:00:00+00:00,0.187490687,0,0,0.655809422
2023-03-15 00:00:00+00:00,0.182423447,0,0,0.638750497
2023-03-15 01:00:00+00:00,0.181174261,0,0,0.629309186
2023-03-15 02:00:00+00:00,0.175771461,0,0,0.627281102
2023-03-15 03:00:00+00:00,0.164531608,0,0,0.625594235
2023-03-15 04:00:00+00:00,0.16331344,0,0,0.635146635
2023-03-15 05:00:00+00:00,0.162938402,0,0.010803685,0.647416424
2023-03-15 06:00:00+00:00,0.158903221,0,0.045957139,0.661288541
2023-03-15 07:00:00+00:00,0.135602942,0,0.236510443,0.659166811
2023-03-15 08:00:00+00:00,0.12181114,0,0.540907057,0.635256276
2023-03-15 09:00:00+00:00,0.11893773,0,0.659851087,0.60583104
2023-03-15 10:00:00+00:00,0.11590641,0,0.690017804,0.59632998
2023-03-15 11:00:00+00:00,0.110562827,0,0.699864418,0.584635183
2023-03-15 12:00:00+00:00,0.105489947,0,0.697258839,0.581848462
2023-03-15 13:00:00+00:00,0.096855619,0,0.69128861,0.571873915
2023-03-15 14:00:00+00:00,0.090372823,0,0.683480402,0.585164992
2023-03-15 15:00:00+00:00,0.09009366,0,0.634746272,0.589764052
2023-03-15 16:00:00+00:00,0.089549432,0,0.492688925,0.594299331
2023-03-15 17:00:00+00:00,0.085226628,0,0.215303534,0.615304287
2023-03-15 18:00:00+00:00,0.088627347,0,0.051821332,0.644335483
2023-03-15 19:00:00+00:00,0.101945417,0,0.043767281,0.650090481
2023-03-15 20:00:00+00:00,0.122414584,0,0.040651172,0.644032248
2023-03-15 21:00:00+00:00,0.14694431,0,0.038173252,0.622993633
2023-03-15 22:00:00+00:00,0.179445704,0,0.006071366,0.597939251
2023-03-15 23:00:00+00:00,0.200160196,0,0,0.529922816
2023-03-16 00:00:00+00:00,0.213827926,0,0,0.503884579
2023-03-16 01:00:00+00:00,0.219791872,0,0,0.50124341
2023-03-16 02:00:00+00:00,0.238024911,0,0,0.495654101
2023-03-16 03:00:00+00:00,0.257653768,0,0,0.490764705
2023-03-16 04:00:00+00:00,0.268673675,0,0,0.492474347
2023-03-16 05:00:00+00:00,0.277451815,0,0,0.50374291
2023-03-16 06:00:00+00:00,0.297574142,0,0.013172885,0.519224573
2023-03-16 07:00:00+00:00,0.31093451,0,0.227990271,0.537438026
2023-03-16 08:00:00+00:00,0.278658703,0,0.524130712,0.542247756
2023-03-16 09:00:00+00:00,0.282916651,0,0.630311244,0.51052922
2023-03-16 10:00:00+00:00,0.31868905,0,0.639897727,0.493412965
2023-03-16 11:00:00+00:00,0.329373397,0,0.638319881,0.490143101
2023-03-16 12:00:00+00:00,0.330687439,0,0.643936161,0.485065608
2023-03-16 13:00:00+00:00,0.35512975,0,0.629356007,0.480876732
2023-03-16 14:00:00+00:00,0.379157546,0,0.580293514,0.480867296
2023-03-16 15:00:00+00:00,0.392371283,0,0.512889623,0.490688301
2023-03-16 16:00:00+00:00,0.391344864,0,0.358998429,0.529795403
2023-03-16 17:00:00+00:00,0.379360574,0,0.126061396,0.565299961
2023-03-16 18:00:00+00:00,0.383339358,0,0.029770123,0.58686091
2023-03-16 19:00:00+00:00,0.403738029,0,0.008025694,0.566841513
2023-03-16 20:00:00+00:00,0.431589518,0,0,0.557749463
2023-03-16 21:00:00+00:00,0.442397938,0,0,0.551724191
2023-03-16 22:00:00+00:00,0.437607042,0,0,0.541085807
2023-03-16 23:00:00+00:00,0.442082116,0,0,0.537763175
2023-03-17 00:00:00+00:00,0.431237039,0,0,0.566514734
2023-03-17 01:00:00+00:00,0.413818932,0,0,0.570908473
2023-03-17 02:00:00+00:00,0.399914336,0,0,0.552214424
2023-03-17 03:00:00+00:00,0.389393539,0,0,0.547355627
2023-03-17 04:00:00+00:00,0.373703989,0,0,0.523372499
2023-03-17 05:00:00+00:00,0.369747764,0,0,0.527526655
2023-03-17 06:00:00+00:00,0.360450775,0,0.007936141,0.553105184
2023-03-17 07:00:00+00:00,0.366896913,0,0.12545158,0.568443254
2023-03-17 08:00:00+00:00,0.372818562,0,0.312213152,0.5849574
2023-03-17 09:00:00+00:00,0.393236972,0,0.408649416,0.565227295
2023-03-17 10:00:00+00:00,0.404031292,0,0.484300753,0.522739003
2023-03-17 11:00:00+00:00,0.39224721,0,0.543337794,0.520331573
2023-03-17 12:00:00+00:00,0.375441006,0,0.560459559,0.533715435
2023-03-17 13:00:00+00:00,0.373300753,0,0.545380465,0.535153264
2023-03-17 14:00:00+00:00,0.386229687,0,0.498740179,0.532653984
2023-03-17 15:00:00+00:00,0.433659276,0,0.403638688,0.533430376
2023-03-17 16:00:00+00:00,0.444817354,0,0.284536874,0.551551539
2023-03-17 17:00:00+00:00,0.416644404,0,0.120445116,0.573950571
2023-03-17 18:00:00+00:00,0.384244525,0,0.034503662,0.606456236
2023-03-17 19:00:00+00:00,0.385784153,0,0.008865791,0.627792809
2023-03-17 20:00:00+00:00,0.386624463,0,0,0.630804126
2023-03-17 21:00:00+00:00,0.373498142,0,0,0.638698058
2023-03-17 22:00:00+00:00,0.357216427,0,0,0.629088328
2023-03-17 23:00:00+00:00,0.335805436,0,0,0.597922156
2023-03-18 00:00:00+00:00,0.325360775,0,0,0.563063351
2023-03-18 01:00:00+00:00,0.307669143,0,0,0.579692048
2023-03-18 02:00:00+00:00,0.294136766,0,0,0.576440763
2023-03-18 03:00:00+00:00,0.293231599,0,0,0.571096021
2023-03-18 04:00:00+00:00,0.278858911,0,0,0.567326048
2023-03-18 05:00:00+00:00,0.259794021,0,0,0.572399547
2023-03-18 06:00:00+00:00,0.254769079,0,0.006771946,0.579124843
2023-03-18 07:00:00+00:00,0.239468666,0,0.121801211,0.578696099
2023-03-18 08:00:00+00:00,0.244231364,0,0.332899997,0.564604555
2023-03-18 09:00:00+00:00,0.242556383,0,0.423583519,0.554480351
2023-03-18 10:00:00+00:00,0.236818023,0,0.485047031,0.561108282
2023-03-18 11:00:00+00:00,0.243475648,0,0.499286029,0.560775621
2023-03-18 12:00:00+00:00,0.24243795,0,0.492978908,0.565992547
2023-03-18 13:00:00+00:00,0.255245631,0,0.453788616,0.580650564
2023-03-18 14:00:00+00:00,0.259889895,0,0.423327652,0.573956361
2023-03-18 15:00:00+00:00,0.264666692,0,0.351164635,0.579770266
2023-03-18 16:00:00+00:00,0.254033103,0,0.29758609,0.590186529
2023-03-18 17:00:00+00:00,0.230907653,0,0.138219342,0.609679982
2023-03-18 18:00:00+00:00,0.209414887,0,0.038682557,0.618519752
2023-03-18 19:00:00+00:00,0.231209375,0,0.036767721,0.630105879
2023-03-18 20:00:00+00:00,0.228237272,0,0.03034136,0.629647838
2023-03-18 21:00:00+00:00,0.223000842,0,0,0.624912094
2023-03-18 22:00:00+00:00,0.20312948,0,0,0.608064518
2023-03-18 23:00:00+00:00,0.192873748,0,0,0.556093598
2023-03-19 00:00:00+00:00,0.186740611,0,0,0.533980047
2023-03-19 01:00:00+00:00,0.164740275,0,0,0.525222361
2023-03-19 02:00:00+00:00,0.166212228,0,0,0.522618204
2023-03-19 03:00:00+00:00,0.170072579,0,0,0.51931186
2023-03-19 04:00:00+00:00,0.169965426,0,0,0.519785567
2023-03-19 05:00:00+00:00,0.16618121,0,0,0.519142122
2023-03-19 06:00:00+00:00,0.146481858,0,0.015629208,0.522592626
2023-03-19 07:00:00+00:00,0.133160967,0,0.238979758,0.538200529
2023-03-19 08:00:00+00:00,0.14897459,0,0.527060389,0.516361557
2023-03-19 09:00:00+00:00,0.164179129,0,0.6124432,0.5026299
2023-03-19 10:00:00+00:00,0.140241567,0,0.634908321,0.498759503
2023-03-19 11:00:00+00:00,0.121252813,0,0.614008253,0.499230956
2023-03-19 12:00:00+00:00,0.109189568,0,0.605709634,0.505373307
2023-03-19 13:00:00+00:00,0.09970929,0,0.601283135,0.502911222
2023-03-19 14:00:00+00:00,0.081981001,0,0.594391785,0.499031718
2023-03-19 15:00:00+00:00,0.072012892,0,0.559841214,0.498931165
2023-03-19 16:00:00+00:00,0.07608755,0,0.435562358,0.506764524
2023-03-19 17:00:00+00:00,0.0799761,0,0.201196734,0.543481803
2023-03-19 18:00:00+00:00,0.077900703,0,0.043318279,0.619627668
2023-03-19 19:00:00+00:00,0.074077009,0,0.033972457,0.627622411
2023-03-19 20:00:00+00:00,0.074643796,0,0.02314926,0.61242251
2023-03-19 21:00:00+00:00,0.083233006,0,0,0.595936196
2023-03-19 22:00:00+00:00,0.087287926,0,0,0.556257216
2023-03-19 23:00:00+00:00,0.087443017,0,0,0.527262629
2023-03-20 00:00:00+00:00,0.079609521,0,0,0.510937625
2023-03-20 01:00:00+00:00,0.090319246,0,0,0.50780725
2023-03-20 02:00:00+00:00,0.096661051,0,0,0.502359499
2023-03-20 03:00:00+00:00,0.09970365,0,0,0.491717175
2023-03-20 04:00:00+00:00,0.101296856,0,0,0.490442213
2023-03-20 05:00:00+00:00,0.100335293,0,0,0.502843905
2023-03-20 06:00:00+00:00,0.096593375,0,0.021360628,0.524029795
2023-03-20 07:00:00+00:00,0.085686261,0,0.251837074,0.522307182
2023-03-20 08:00:00+00:00,0.080514688,0,0.550676911,0.508801201
2023-03-20 09:00:00+00:00,0.086966465,0,0.645889279,0.493327161
2023-03-20 10:00:00+00:00,0.096407266,0,0.678840681,0.483887993
2023-03-20 11:00:00+00:00,0.102176644,0,0.683139246,0.482790887
2023-03-20 12:00:00+00:00,0.10662352,0,0.675151932,0.487411493
2023-03-20 13:00:00+00:00,0.108228005,0,0.675996293,0.486386962
2023-03-20 14:00:00+00:00,0.115469336,0,0.662379905,0.486547081
2023-03-20 15:00:00+00:00,0.121489679,0,0.583462,0.490934883
2023-03-20 16:00:00+00:00,0.110103194,0,0.463221578,0.508997067
2023-03-20 17:00:00+00:00,0.096545437,0,0.228327163,0.532205416
2023-03-20 18:00:00+00:00,0.099311693,0,0.046710081,0.591940308
2023-03-20 19:00:00+00:00,0.112105275,0,0.044802284,0.59095266
2023-03-20 20:00:00+00:00,0.121314849,0,0.039043391,0.559115138
2023-03-20 21:00:00+00:00,0.112333682,0,0.036835922,0.531465852
2023-03-20 22:00:00+00:00,0.111076036,0,0.032809926,0.513590172
2023-03-20 23:00:00+00:00,0.107587903,0,8.66623E-12,0.480279551
2023-03-21 00:00:00+00:00,0.103989796,0,0,0.460456295
2023-03-21 01:00:00+00:00,0.101869282,0,0,0.453123081
2023-03-21 02:00:00+00:00,0.097064287,0,0,0.451956185
2023-03-21 03:00:00+00:00,0.100459365,0,0,0.453876735
2023-03-21 04:00:00+00:00,0.091734803,0,0,0.456680331
2023-03-21 05:00:00+00:00,0.08283541,0,0,0.486684682
2023-03-21 06:00:00+00:00,0.080889725,0,0.045247501,0.527754035
2023-03-21 07:00:00+00:00,0.065112761,0,0.222312558,0.519326921
2023-03-21 08:00:00+00:00,0.045286516,0,0.482995831,0.490136688
2023-03-21 09:00:00+00:00,0.037534795,0,0.618507247,0.454458946
2023-03-21 10:00:00+00:00,0.034604989,0,0.65762078,0.452812737
2023-03-21 11:00:00+00:00,0.039096983,0,0.672981327,0.453514575
2023-03-21 12:00:00+00:00,0.044093726,0,0.68454225,0.450299697
2023-03-21 13:00:00+00:00,0.055705798,0,0.682712801,0.452942734
2023-03-21 14:00:00+00:00,0.063206554,0,0.663991867,0.453793038
2023-03-21 15:00:00+00:00,0.075732251,0,0.646648351,0.456434683
2023-03-21 16:00:00+00:00,0.083937965,0,0.52662968,0.462507062
2023-03-21 17:00:00+00:00,0.082020478,0,0.238971229,0.494688622
2023-03-21 18:00:00+00:00,0.081450872,0,0.043983534,0.552952595
2023-03-21 19:00:00+00:00,0.086089497,0,0.02968057,0.532007938
2023-03-21 20:00:00+00:00,0.097738227,0,0.033114142,0.52252443
2023-03-21 21:00:00+00:00,0.117852095,0,0.023405775,0.509908092
2023-03-21 22:00:00+00:00,0.129593879,0,0,0.488377705
2023-03-21 23:00:00+00:00,0.133223003,0,0,0.467142528
2023-03-22 00:00:00+00:00,0.140275405,0,0,0.455849614
2023-03-22 01:00:00+00:00,0.14391299,0,0,0.453487843
2023-03-22 02:00:00+00:00,0.148348587,0,0,0.45149109
2023-03-22 03:00:00+00:00,0.146639768,0,0,0.446806649
2023-03-22 04:00:00+00:00,0.144527713,0,0,0.448673606
2023-03-22 05:00:00+00:00,0.146887913,0,1.17994E-13,0.46047612
2023-03-22 06:00:00+00:00,0.140667362,0,0.019113263,0.473382904
2023-03-22 07:00:00+00:00,0.13446937,0,0.235073522,0.476033087
2023-03-22 08:00:00+00:00,0.130022493,0,0.529499655,0.466025377
2023-03-22 09:00:00+00:00,0.139175671,0,0.630818714,0.421128885
2023-03-22 10:00:00+00:00,0.154295614,0,0.669731817,0.412159906
2023-03-22 11:00:00+00:00,0.161993758,0,0.679514464,0.415632287
2023-03-22 12:00:00+00:00,0.170771898,0,0.673211608,0.41222026
2023-03-22 13:00:00+00:00,0.193209308,0,0.672030355,0.417758798
2023-03-22 14:00:00+00:00,0.203214075,0,0.639360406,0.435258028
2023-03-22 15:00:00+00:00,0.213774349,0,0.573824344,0.485937166
2023-03-22 16:00:00+00:00,0.210494883,0,0.439298016,0.488238803
2023-03-22 17:00:00+00:00,0.201409382,0,0.201508039,0.535147108
2023-03-22 18:00:00+00:00,0.202559874,0,0.048642758,0.548944176
2023-03-22 19:00:00+00:00,0.208540739,0,0.037884117,0.508960349
2023-03-22 20:00:00+00:00,0.222679381,0,0.036002268,0.494846671
2023-03-22 21:00:00+00:00,0.236039749,0,0.015840743,0.479393005
2023-03-22 22:00:00+00:00,0.248280644,0,0,0.464446026
2023-03-22 23:00:00+00:00,0.248909466,0,0,0.450066343
2023-03-23 00:00:00+00:00,0.250753637,0,0,0.43117445
2023-03-23 01:00:00+00:00,0.24091524,0,0,0.423076864
2023-03-23 02:00:00+00:00,0.235704189,0,0,0.423726337
2023-03-23 03:00:00+00:00,0.231054285,0,0,0.426016229
2023-03-23 04:00:00+00:00,0.217693917,0,0,0.438344576
2023-03-23 05:00:00+00:00,0.201677266,0,9.71717E-14,0.454004625
2023-03-23 06:00:00+00:00,0.202173556,0,0.022349981,0.474880867
2023-03-23 07:00:00+00:00,0.19452899,0,0.266157096,0.480869146
2023-03-23 08:00:00+00:00,0.186571421,0,0.530800312,0.49002155
2023-03-23 09:00:00+00:00,0.200676225,0,0.6124432,0.504002098
2023-03-23 10:00:00+00:00,0.213325995,0,0.645134471,0.496194904
2023-03-23 11:00:00+00:00,0.239993155,0,0.653752924,0.450271884
2023-03-23 12:00:00+00:00,0.287862637,0,0.62658838,0.434193462
2023-03-23 13:00:00+00:00,0.327399514,0,0.598430219,0.448373431
2023-03-23 14:00:00+00:00,0.349523923,0,0.553807017,0.440965627
2023-03-23 15:00:00+00:00,0.366911012,0,0.473234506,0.481882684
2023-03-23 16:00:00+00:00,0.375130825,0,0.383919873,0.509991642
2023-03-23 17:00:00+00:00,0.376853743,0,0.184770074,0.534585747
2023-03-23 18:00:00+00:00,0.371699088,0,0.042554943,0.527815268
2023-03-23 19:00:00+00:00,0.384616742,0,0.027181602,0.552696394
2023-03-23 20:00:00+00:00,0.389734739,0,0.008887113,0.5435264
2023-03-23 21:00:00+00:00,0.373424826,0,0,0.556162014
2023-03-23 22:00:00+00:00,0.363484915,0,0,0.554382949
2023-03-23 23:00:00+00:00,0.355685257,0,0,0.512588213
2023-03-24 00:00:00+00:00,0.343579715,0,0,0.479715332
2023-03-24 01:00:00+00:00,0.336363763,0,0,0.472574228
2023-03-24 02:00:00+00:00,0.333966905,0,0,0.474022648
2023-03-24 03:00:00+00:00,0.338176915,0,0,0.479700821
2023-03-24 04:00:00+00:00,0.341963951,0,0,0.499121186
2023-03-24 05:00:00+00:00,0.34467381,0,1.31876E-13,0.574406541
2023-03-24 06:00:00+00:00,0.334920008,0,0.019676171,0.612233276
2023-03-24 07:00:00+00:00,0.322306896,0,0.163682371,0.609285666
2023-03-24 08:00:00+00:00,0.306405858,0,0.319688732,0.542954596
2023-03-24 09:00:00+00:00,0.30992501,0,0.402303915,0.497405169
2023-03-24 10:00:00+00:00,0.343540237,0,0.443443061,0.483297977
2023-03-24 11:00:00+00:00,0.367178896,0,0.482654675,0.477907831
2023-03-24 12:00:00+00:00,0.399277054,0,0.486283722,0.477684518
2023-03-24 13:00:00+00:00,0.439524528,0,0.479064009,0.475264482
2023-03-24 14:00:00+00:00,0.445169833,0,0.469208865,0.474810106
2023-03-24 15:00:00+00:00,0.43965142,0,0.449844,0.476027371
2023-03-24 16:00:00+00:00,0.43088174,0,0.353441851,0.483654328
2023-03-24 17:00:00+00:00,0.389418918,0,0.183657053,0.502341946
2023-03-24 18:00:00+00:00,0.350350134,0,0.038695616,0.554111192
2023-03-24 19:00:00+00:00,0.332641583,0,0.02553126,0.623281275
2023-03-24 20:00:00+00:00,0.31363027,0,0.012098244,0.623524432
2023-03-24 21:00:00+00:00,0.302788013,0,0,0.627713216
2023-03-24 22:00:00+00:00,0.275398976,0,0,0.605150878
2023-03-24 23:00:00+00:00,0.242471788,0,0,0.532023585
2023-03-25 00:00:00+00:00,0.216131729,0,0,0.515983164
2023-03-25 01:00:00+00:00,0.195143713,0,0,0.523488369
2023-03-25 02:00:00+00:00,0.177212396,0,0,0.492305579
2023-03-25 03:00:00+00:00,0.165044817,0,0,0.48010285
2023-03-25 04:00:00+00:00,0.148678507,0,0,0.478845533
2023-03-25 05:00:00+00:00,0.134162008,0,1.87403E-13,0.479750987
2023-03-25 06:00:00+00:00,0.129196282,0,0.029360736,0.489283892
2023-03-25 07:00:00+00:00,0.114651584,0,0.249883956,0.512647981
2023-03-25 08:00:00+00:00,0.097428045,0,0.496961904,0.512196078
2023-03-25 09:00:00+00:00,0.119972609,0,0.553018094,0.487562873
2023-03-25 10:00:00+00:00,0.134903624,0,0.573892575,0.438450388
2023-03-25 11:00:00+00:00,0.156159524,0,0.582946002,0.426771037
2023-03-25 12:00:00+00:00,0.168989763,0,0.572361638,0.42178849
2023-03-25 13:00:00+00:00,0.183593678,0,0.579862805,0.414317474
2023-03-25 14:00:00+00:00,0.22033046,0,0.560523526,0.419235453
2023-03-25 15:00:00+00:00,0.240559941,0,0.528753376,0.459167976
2023-03-25 16:00:00+00:00,0.270740612,0,0.434935484,0.480254339
2023-03-25 17:00:00+00:00,0.363490555,0,0.23454473,0.490447729
2023-03-25 18:00:00+00:00,0.374981374,0,0.034593216,0.487721838
2023-03-25 19:00:00+00:00,0.390174633,0,0.01572729,0.542258859
2023-03-25 20:00:00+00:00,0.394353625,0,0,0.550223333
2023-03-25 21:00:00+00:00,0.404792647,0,0,0.497646254
2023-03-25 22:00:00+00:00,0.410573304,0,0,0.477750863
2023-03-25 23:00:00+00:00,0.423877275,0,0,0.508081023
2023-03-26 00:00:00+00:00,0.420885433,0,0,0.511219386
2023-03-26 01:00:00+00:00,0.439200247,0,0,0.504949291
2023-03-26 02:00:00+00:00,0.432773848,0,0,0.511402464
2023-03-26 03:00:00+00:00,0.44116849,0,0,0.517661859
2023-03-26 04:00:00+00:00,0.45264239,0,0,0.508310803
2023-03-26 05:00:00+00:00,0.467846929,0,3.05397E-13,0.509045805
2023-03-26 06:00:00+00:00,0.454145361,0,0.028900175,0.5114641
2023-03-26 07:00:00+00:00,0.369392465,0,0.241538428,0.495737028
2023-03-26 08:00:00+00:00,0.336149455,0,0.421421443,0.470373749
2023-03-26 09:00:00+00:00,0.295696133,0,0.501878814,0.432488383
2023-03-26 10:00:00+00:00,0.300174028,0,0.512514352,0.42455306
2023-03-26 11:00:00+00:00,0.287270473,0,0.52143558,0.432497508
2023-03-26 12:00:00+00:00,0.298668237,0,0.539312153,0.414811518
2023-03-26 13:00:00+00:00,0.242226462,0,0.468151282,0.415178808
2023-03-26 14:00:00+00:00,0.223325123,0,0.432918399,0.422749608
2023-03-26 15:00:00+00:00,0.225578169,0,0.399480849,0.447972171
2023-03-26 16:00:00+00:00,0.252806475,0,0.360840671,0.472218701
2023-03-26 17:00:00+00:00,0.391054421,0,0.215256625,0.514664247
2023-03-26 18:00:00+00:00,0.443511772,0,0.041876896,0.538186458
2023-03-26 19:00:00+00:00,0.448387263,0,0.009394583,0.529934909
2023-03-26 20:00:00+00:00,0.442603785,0,0,0.51764797
2023-03-26 21:00:00+00:00,0.419162515,0,0,0.505533921
2023-03-26 22:00:00+00:00,0.381529025,0,0,0.462075021
2023-03-26 23:00:00+00:00,0.355899565,0,0,0.448110761
2023-03-27 00:00:00+00:00,0.338783179,0,0,0.445219419
2023-03-27 01:00:00+00:00,0.331547488,0,0,0.441463628
2023-03-27 02:00:00+00:00,0.32223358,0,0,0.440000954
2023-03-27 03:00:00+00:00,0.330625403,0,0,0.443524564
2023-03-27 04:00:00+00:00,0.319422207,0,0,0.460488945
2023-03-27 05:00:00+00:00,0.298197325,0,0.016649214,0.524003558
2023-03-27 06:00:00+00:00,0.26098963,0,0.063342748,0.550683884
2023-03-27 07:00:00+00:00,0.248029678,0,0.252941566,0.509130857
2023-03-27 08:00:00+00:00,0.244476689,0,0.482283668,0.487545796
2023-03-27 09:00:00+00:00,0.226841454,0,0.593875786,0.439631685
2023-03-27 10:00:00+00:00,0.207536879,0,0.656409676,0.435600509
2023-03-27 11:00:00+00:00,0.212161404,0,0.687864256,0.420871823
2023-03-27 12:00:00+00:00,0.203056164,0,0.699484882,0.414832076
2023-03-27 13:00:00+00:00,0.186706773,0,0.666482306,0.415255268
2023-03-27 14:00:00+00:00,0.172131057,0,0.651932004,0.419565255
2023-03-27 15:00:00+00:00,0.161872505,0,0.621496627,0.43706912
2023-03-27 16:00:00+00:00,0.162707176,0,0.518923819,0.475400251
2023-03-27 17:00:00+00:00,0.147347546,0,0.264766885,0.5161182
2023-03-27 18:00:00+00:00,0.132853605,0,0.053919357,0.550485343
2023-03-27 19:00:00+00:00,0.119318408,0,0.040688719,0.555144793
2023-03-27 20:00:00+00:00,0.108617142,0,0.036827428,0.54193492
2023-03-27 21:00:00+00:00,0.111501831,0,0.036128366,0.509327969
2023-03-27 22:00:00+00:00,0.107429992,0,0.005810424,0.482279821
2023-03-27 23:00:00+00:00,0.110698179,0,0,0.458690129
2023-03-28 00:00:00+00:00,0.123779383,0,0,0.424517276
2023-03-28 01:00:00+00:00,0.118297628,0,0,0.417670411
2023-03-28 02:00:00+00:00,0.122606333,0,0,0.421767713
2023-03-28 03:00:00+00:00,0.127493103,0,0,0.430736362
2023-03-28 04:00:00+00:00,0.126652793,0,0,0.465023455
2023-03-28 05:00:00+00:00,0.131435229,0,0.023837692,0.502253632
2023-03-28 06:00:00+00:00,0.13716795,0,0.067994547,0.495887308
2023-03-28 07:00:00+00:00,0.1346301,0,0.310498843,0.472124048
2023-03-28 08:00:00+00:00,0.123590454,0,0.575862751,0.453986889
2023-03-28 09:00:00+00:00,0.11978932,0,0.670149733,0.448119702
2023-03-28 10:00:00+00:00,0.128434927,0,0.723425502,0.442336451
2023-03-28 11:00:00+00:00,0.13834382,0,0.725672867,0.449508281
2023-03-28 12:00:00+00:00,0.146859715,0,0.720973444,0.412757838
2023-03-28 13:00:00+00:00,0.14913532,0,0.723579022,0.403104739
2023-03-28 14:00:00+00:00,0.145463898,0,0.701066993,0.409595692
2023-03-28 15:00:00+00:00,0.160121389,0,0.650627082,0.437578225
2023-03-28 16:00:00+00:00,0.16972292,0,0.512267013,0.453278528
2023-03-28 17:00:00+00:00,0.17225231,0,0.231308013,0.493127557
2023-03-28 18:00:00+00:00,0.189222064,0,0.033966341,0.522102429
2023-03-28 19:00:00+00:00,0.212291117,0,0.018737992,0.513951361
2023-03-28 20:00:00+00:00,0.227306727,0,0.002933941,0.490819636
2023-03-28 21:00:00+00:00,0.243540505,0,0,0.442047489
2023-03-28 22:00:00+00:00,0.254151536,0,0,0.415734361
2023-03-28 23:00:00+00:00,0.265143244,0,0,0.411254855
2023-03-29 00:00:00+00:00,0.27246635,0,0,0.40732841
2023-03-29 01:00:00+00:00,0.267040992,0,0,0.404284387
2023-03-29 02:00:00+00:00,0.260527178,0,0,0.404353738
2023-03-29 03:00:00+00:00,0.260126761,0,0,0.405696547
2023-03-29 04:00:00+00:00,0.262329051,0,0,0.408642673
2023-03-29 05:00:00+00:00,0.261350569,0,0.000187636,0.414130769
2023-03-29 06:00:00+00:00,0.259754543,0,0.043608262,0.42882021
2023-03-29 07:00:00+00:00,0.249151972,0,0.302200224,0.454863394
2023-03-29 08:00:00+00:00,0.23787264,0,0.551794197,0.415910567
2023-03-29 09:00:00+00:00,0.249476253,0,0.644230408,0.3990452
2023-03-29 10:00:00+00:00,0.233081744,0,0.676465383,0.38933433
2023-03-29 11:00:00+00:00,0.256666826,0,0.648725138,0.386797214
2023-03-29 12:00:00+00:00,0.272612981,0,0.609176632,0.382449977
2023-03-29 13:00:00+00:00,0.274186448,0,0.577308399,0.381525706
2023-03-29 14:00:00+00:00,0.261091144,0,0.556259076,0.379050043
2023-03-29 15:00:00+00:00,0.272359196,0,0.513627373,0.377793056
2023-03-29 16:00:00+00:00,0.3026724,0,0.405361525,0.389329603
2023-03-29 17:00:00+00:00,0.374662732,0,0.196516118,0.444159434
2023-03-29 18:00:00+00:00,0.402404248,0,0.045035628,0.458228589
2023-03-29 19:00:00+00:00,0.396894295,0,0.024893794,0.494966719
2023-03-29 20:00:00+00:00,0.376501264,0,5.83752E-12,0.464893311
2023-03-29 21:00:00+00:00,0.360650983,0,0,0.439419073
2023-03-29 22:00:00+00:00,0.348596198,0,0,0.406312178
2023-03-29 23:00:00+00:00,0.342505359,0,0,0.38981051
2023-03-30 00:00:00+00:00,0.338303808,0,0,0.384567749
2023-03-30 01:00:00+00:00,0.337824436,0,0,0.383027956
2023-03-30 02:00:00+00:00,0.350634937,0,0,0.382308565
2023-03-30 03:00:00+00:00,0.356810371,0,0,0.384457156
2023-03-30 04:00:00+00:00,0.359105715,0,0,0.405601399
2023-03-30 05:00:00+00:00,0.347279336,0,0.000251603,0.421706809
2023-03-30 06:00:00+00:00,0.325419991,0,0.038286229,0.434502707
2023-03-30 07:00:00+00:00,0.298637219,0,0.255180402,0.424050221
2023-03-30 08:00:00+00:00,0.294968616,0,0.447144603,0.398390982
2023-03-30 09:00:00+00:00,0.294091648,0,0.538373974,0.413586962
2023-03-30 10:00:00+00:00,0.319284035,0,0.588860794,0.372320588
2023-03-30 11:00:00+00:00,0.315113502,0,0.572566331,0.360475383
2023-03-30 12:00:00+00:00,0.29102085,0,0.57528705,0.357653227
2023-03-30 13:00:00+00:00,0.290081846,0,0.546327173,0.355446078
2023-03-30 14:00:00+00:00,0.288748065,0,0.542958258,0.362334443
2023-03-30 15:00:00+00:00,0.316751825,0,0.470748332,0.403450372
2023-03-30 16:00:00+00:00,0.372201018,0,0.339723116,0.42120408
2023-03-30 17:00:00+00:00,0.445784557,0,0.164258071,0.420252673
2023-03-30 18:00:00+00:00,0.461372593,0,0.013079067,0.415746289
2023-03-30 19:00:00+00:00,0.473923669,0,0,0.421608913
2023-03-30 20:00:00+00:00,0.491274101,0,0,0.427698698
2023-03-30 21:00:00+00:00,0.505364805,0,0,0.458626001
2023-03-30 22:00:00+00:00,0.510623794,0,0,0.441019549
2023-03-30 23:00:00+00:00,0.513844043,0,0,0.432492451
2023-03-31 00:00:00+00:00,0.53463749,0,0,0.425525812
2023-03-31 01:00:00+00:00,0.531535674,0,0,0.428819275
2023-03-31 02:00:00+00:00,0.543438189,0,0,0.440508704
2023-03-31 03:00:00+00:00,0.544791708,0,0,0.438231124
2023-03-31 04:00:00+00:00,0.545068052,0,0,0.422216629
2023-03-31 05:00:00+00:00,0.560819638,0,0.000162049,0.427301066
2023-03-31 06:00:00+00:00,0.545719433,0,0.033940755,0.438235192
2023-03-31 07:00:00+00:00,0.523910846,0,0.210288541,0.440197626
2023-03-31 08:00:00+00:00,0.506357386,0,0.350687016,0.429705913
2023-03-31 09:00:00+00:00,0.508912155,0,0.40009493,0.413559808
2023-03-31 10:00:00+00:00,0.516362153,0,0.457085035,0.394556423
2023-03-31 11:00:00+00:00,0.508455342,0,0.469166221,0.39172571
2023-03-31 12:00:00+00:00,0.459432548,0,0.487136612,0.388877389
2023-03-31 13:00:00+00:00,0.440697578,0,0.501371345,0.38765525
2023-03-31 14:00:00+00:00,0.435218643,0,0.485673906,0.384287857
2023-03-31 15:00:00+00:00,0.453860558,0,0.432385343,0.385463383
2023-03-31 16:00:00+00:00,0.537694189,0,0.313270735,0.395568257
2023-03-31 17:00:00+00:00,0.571808527,0,0.140168195,0.413120768
2023-03-31 18:00:00+00:00,0.556161274,0,0.009931903,0.434587576
2023-03-31 19:00:00+00:00,0.509605834,0,0,0.443718598
2023-03-31 20:00:00+00:00,0.484568538,0,0,0.461558898
2023-03-31 21:00:00+00:00,0.46868442,0,0,0.438520141
2023-03-31 22:00:00+00:00,0.450321668,0,0,0.429769821
2023-03-31 23:00:00+00:00,0.443689421,0,0,0.424466817
2023-04-01 00:00:00+00:00,0.425017888,0,0,0.407656453
2023-04-01 01:00:00+00:00,0.398303557,0,0,0.402192615
2023-04-01 02:00:00+00:00,0.373910496,0,0,0.399806714
2023-04-01 03:00:00+00:00,0.35423322,0,0,0.399641263
2023-04-01 04:00:00+00:00,0.346531334,0,0,0.403264363
2023-04-01 05:00:00+00:00,0.336279995,0,5.8288E-05,0.409913658
2023-04-01 06:00:00+00:00,0.320588882,0,0.027686823,0.419789338
2023-04-01 07:00:00+00:00,0.293553403,0,0.192733599,0.415339312
2023-04-01 08:00:00+00:00,0.299122763,0,0.392182813,0.368886666
2023-04-01 09:00:00+00:00,0.306162635,0,0.493366703,0.342884451
2023-04-01 10:00:00+00:00,0.307162697,0,0.534022618,0.333499755
2023-04-01 11:00:00+00:00,0.302210278,0,0.528098054,0.329908298
2023-04-01 12:00:00+00:00,0.307886686,0,0.516182311,0.32693729
2023-04-01 13:00:00+00:00,0.289527802,0,0.499749245,0.326491562
2023-04-01 14:00:00+00:00,0.300610179,0,0.451178646,0.325314405
2023-04-01 15:00:00+00:00,0.344528393,0,0.387453154,0.32682054
2023-04-01 16:00:00+00:00,0.430753455,0,0.285320002,0.329519589
2023-04-01 17:00:00+00:00,0.521581619,0,0.151399045,0.340238445
2023-04-01 18:00:00+00:00,0.564387089,0,0.014663608,0.369149592
2023-04-01 19:00:00+00:00,0.528562333,0,0,0.379439155
2023-04-01 20:00:00+00:00,0.503394577,0,0,0.380224287
2023-04-01 21:00:00+00:00,0.51162889,0,0,0.378543027
2023-04-01 22:00:00+00:00,0.49470108,0,0,0.394939708
2023-04-01 23:00:00+00:00,0.462592048,0,0,0.396025968
2023-04-02 00:00:00+00:00,0.443827505,0,0,0.38763876
2023-04-02 01:00:00+00:00,0.406687175,0,0,0.384258175
2023-04-02 02:00:00+00:00,0.388826913,0,0,0.382602126
2023-04-02 03:00:00+00:00,0.393959626,0,0,0.382123143
2023-04-02 04:00:00+00:00,0.410822643,0,0,0.380466215
2023-04-02 05:00:00+00:00,0.387674729,0,0.000170701,0.358684519
2023-04-02 06:00:00+00:00,0.377820597,0,0.056710109,0.363220952
2023-04-02 07:00:00+00:00,0.329673952,0,0.304538404,0.385405393
2023-04-02 08:00:00+00:00,0.263605068,0,0.471138139,0.370818723
2023-04-02 09:00:00+00:00,0.205959243,0,0.528830818,0.361047224
2023-04-02 10:00:00+00:00,0.203342179,0,0.548561323,0.36228948
2023-04-02 11:00:00+00:00,0.209936954,0,0.545842602,0.36498895
2023-04-02 12:00:00+00:00,0.197127709,0,0.558091419,0.366027902
2023-04-02 13:00:00+00:00,0.196806563,0,0.529971598,0.36907808
2023-04-02 14:00:00+00:00,0.184938222,0,0.505544742,0.366276499
2023-04-02 15:00:00+00:00,0.181949304,0,0.46792397,0.360613094
2023-04-02 16:00:00+00:00,0.215433069,0,0.403041044,0.368918071
2023-04-02 17:00:00+00:00,0.309309309,0,0.240096802,0.360160862
2023-04-02 18:00:00+00:00,0.383313896,0,0.02418954,0.397059899
2023-04-02 19:00:00+00:00,0.377893841,0,0,0.407689873
2023-04-02 20:00:00+00:00,0.374065435,0,0,0.41253775
2023-04-02 21:00:00+00:00,0.357036211,0,0,0.408089154
2023-04-02 22:00:00+00:00,0.345010113,0,0,0.39242425
2023-04-02 23:00:00+00:00,0.33383759,0,0,0.383159969
2023-04-03 00:00:00+00:00,0.324729983,0,0,0.387520691
2023-04-03 01:00:00+00:00,0.30910648,0,0,0.389524516
2023-04-03 02:00:00+00:00,0.297097285,0,0,0.396583884
2023-04-03 03:00:00+00:00,0.293381562,0,0,0.407348527
2023-04-03 04:00:00+00:00,0.301872229,0,0,0.412210861
2023-04-03 05:00:00+00:00,0.300962313,0,0.000228989,0.418535941
2023-04-03 06:00:00+00:00,0.279977914,0,0.066431723,0.420651331
2023-04-03 07:00:00+00:00,0.256373634,0,0.357593019,0.391598094
2023-04-03 08:00:00+00:00,0.222419418,0,0.568091983,0.403774788
2023-04-03 09:00:00+00:00,0.18182817,0,0.633270512,0.406333725
2023-04-03 10:00:00+00:00,0.15820417,0,0.658550872,0.406829693
2023-04-03 11:00:00+00:00,0.146259768,0,0.664721078,0.408073177
2023-04-03 12:00:00+00:00,0.138360687,0,0.657318496,0.406771043
2023-04-03 13:00:00+00:00,0.135430928,0,0.645369446,0.406965352
2023-04-03 14:00:00+00:00,0.13842548,0,0.622125004,0.406276779
2023-04-03 15:00:00+00:00,0.143879339,0,0.539793135,0.407731208
2023-04-03 16:00:00+00:00,0.144087803,0,0.401567189,0.419685835
2023-04-03 17:00:00+00:00,0.154643386,0,0.161495368,0.435430038
2023-04-03 18:00:00+00:00,0.165525751,0,0.012332086,0.458779689
2023-04-03 19:00:00+00:00,0.192364034,0,0,0.459536146
2023-04-03 20:00:00+00:00,0.216159875,0,0,0.432981768
2023-04-03 21:00:00+00:00,0.230160742,0,0,0.421217602
2023-04-03 22:00:00+00:00,0.252528326,0,0,0.424797938
2023-04-03 23:00:00+00:00,0.276042459,0,0,0.423688812
2023-04-04 00:00:00+00:00,0.297370541,0,0,0.4225743
2023-04-04 01:00:00+00:00,0.325104654,0,0,0.424000861
2023-04-04 02:00:00+00:00,0.349452642,0,0,0.423601964
2023-04-04 03:00:00+00:00,0.359402555,0,0,0.420736201
2023-04-04 04:00:00+00:00,0.363492949,0,0,0.425097619
2023-04-04 05:00:00+00:00,0.378485427,0,0.000612025,0.428068956
2023-04-04 06:00:00+00:00,0.382691322,0,0.060960973,0.423728609
2023-04-04 07:00:00+00:00,0.361726642,0,0.289225301,0.41692154
2023-04-04 08:00:00+00:00,0.342153598,0,0.484631823,0.408802883
2023-04-04 09:00:00+00:00,0.316974573,0,0.579508113,0.410012013
2023-04-04 10:00:00+00:00,0.31096575,0,0.605821004,0.408859078
2023-04-04 11:00:00+00:00,0.292756171,0,0.619052392,0.409310559
2023-04-04 12:00:00+00:00,0.269391343,0,0.602773372,0.40996606
2023-04-04 13:00:00+00:00,0.270123782,0,0.551629772,0.407054124
2023-04-04 14:00:00+00:00,0.314980083,0,0.526178712,0.401763249
2023-04-04 15:00:00+00:00,0.352092242,0,0.486172293,0.396971512
2023-04-04 16:00:00+00:00,0.381947614,0,0.440070609,0.395825228
2023-04-04 17:00:00+00:00,0.40396588,0,0.237798588,0.394533648
2023-04-04 18:00:00+00:00,0.42117258,0,0.022878059,0.4360663
2023-04-04 19:00:00+00:00,0.433671946,0,0,0.447607849
2023-04-04 20:00:00+00:00,0.421065531,0,0,0.442420569
2023-04-04 21:00:00+00:00,0.392737015,0,0,0.422649715
2023-04-04 22:00:00+00:00,0.357157345,0,0,0.371348715
2023-04-04 23:00:00+00:00,0.317053451,0,0,0.355975741
2023-04-05 00:00:00+00:00,0.271315405,0,0,0.358177942
2023-04-05 01:00:00+00:00,0.245457465,0,0,0.363825425
2023-04-05 02:00:00+00:00,0.230701621,0,0,0.378640062
2023-04-05 03:00:00+00:00,0.212675152,0,0,0.391303636
2023-04-05 04:00:00+00:00,0.189290604,0,0,0.400612036
2023-04-05 05:00:00+00:00,0.16891751,0,0.000341401,0.409576453
2023-04-05 06:00:00+00:00,0.144716011,0,0.082648291,0.41056696
2023-04-05 07:00:00+00:00,0.114564846,0,0.403336648,0.401253942
2023-04-05 08:00:00+00:00,0.096315828,0,0.635194018,0.385684387
2023-04-05 09:00:00+00:00,0.103203579,0,0.695313977,0.361803131
2023-04-05 10:00:00+00:00,0.109299731,0,0.719441066,0.348454155
2023-04-05 11:00:00+00:00,0.118458045,0,0.716014562,0.352173814
2023-04-05 12:00:00+00:00,0.121728671,0,0.688161201,0.355128368
2023-04-05 13:00:00+00:00,0.130813741,0,0.678227252,0.353217713
2023-04-05 14:00:00+00:00,0.134906952,0,0.658625814,0.354080549
2023-04-05 15:00:00+00:00,0.137757833,0,0.630572608,0.362198455
2023-04-05 16:00:00+00:00,0.16955417,0,0.528210467,0.368645324
2023-04-05 17:00:00+00:00,0.181281657,0,0.268158334,0.395352731
2023-04-05 18:00:00+00:00,0.201708275,0,0.024593393,0.429498393
2023-04-05 19:00:00+00:00,0.230769231,0,0,0.436919664
2023-04-05 20:00:00+00:00,0.240930424,0,0,0.43217049
2023-04-05 21:00:00+00:00,0.247804089,0,0,0.424384696
2023-04-05 22:00:00+00:00,0.25235085,0,0,0.42758312
2023-04-05 23:00:00+00:00,0.247640699,0,0,0.415031313
2023-04-06 00:00:00+00:00,0.228893058,0,0,0.406073291
2023-04-06 01:00:00+00:00,0.213768177,0,0,0.402136219
2023-04-06 02:00:00+00:00,0.191893582,0,0,0.401006792
2023-04-06 03:00:00+00:00,0.167331497,0,0,0.400320436
2023-04-06 04:00:00+00:00,0.156536461,0,0,0.398120928
2023-04-06 05:00:00+00:00,0.157184389,0,0.000574554,0.398132819
2023-04-06 06:00:00+00:00,0.163807335,0,0.074150726,0.387959988
2023-04-06 07:00:00+00:00,0.157708365,0,0.363192836,0.363762488
2023-04-06 08:00:00+00:00,0.128844604,0,0.58103193,0.352406912
2023-04-06 09:00:00+00:00,0.118734119,0,0.674888179,0.340695771
2023-04-06 10:00:00+00:00,0.109964561,0,0.70780011,0.339811021
2023-04-06 11:00:00+00:00,0.114142285,0,0.695892694,0.340444022
2023-04-06 12:00:00+00:00,0.111854819,0,0.685371701,0.336814216
2023-04-06 13:00:00+00:00,0.110150488,0,0.663234733,0.324511208
2023-04-06 14:00:00+00:00,0.117103032,0,0.617882467,0.32102122
2023-04-06 15:00:00+00:00,0.131109534,0,0.573633511,0.322244201
2023-04-06 16:00:00+00:00,0.170985244,0,0.499312084,0.331857284
2023-04-06 17:00:00+00:00,0.188313079,0,0.279684091,0.372444722
2023-04-06 18:00:00+00:00,0.204590144,0,0.058777959,0.375334488
2023-04-06 19:00:00+00:00,0.227622557,0,0.024352669,0.380169228
2023-04-06 20:00:00+00:00,0.237476689,0,0.005666623,0.409150092
2023-04-06 21:00:00+00:00,0.234563832,0,0,0.408815379
2023-04-06 22:00:00+00:00,0.227247886,0,0,0.394275321
2023-04-06 23:00:00+00:00,0.200998372,0,0,0.389735461
2023-04-07 00:00:00+00:00,0.166751179,0,0,0.387143837
2023-04-07 01:00:00+00:00,0.136949332,0,0,0.385850296
2023-04-07 02:00:00+00:00,0.112502747,0,0,0.386396687
2023-04-07 03:00:00+00:00,0.100873857,0,0,0.384498051
2023-04-07 04:00:00+00:00,0.099896332,0,0,0.381889423
2023-04-07 05:00:00+00:00,0.099916051,0,0.000666149,0.38065336
2023-04-07 06:00:00+00:00,0.094594595,0,0.084871563,0.374451717
2023-04-07 07:00:00+00:00,0.088695637,0,0.3967043,0.36777558
2023-04-07 08:00:00+00:00,0.078976725,0,0.608997703,0.363420373
2023-04-07 09:00:00+00:00,0.056287995,0,0.630672531,0.360404989
2023-04-07 10:00:00+00:00,0.058107826,0,0.627716494,0.357378061
2023-04-07 11:00:00+00:00,0.06035867,0,0.631442765,0.355587673
2023-04-07 12:00:00+00:00,0.063536332,0,0.621475509,0.353488371
2023-04-07 13:00:00+00:00,0.057338765,0,0.593080902,0.341579422
2023-04-07 14:00:00+00:00,0.051820113,0,0.570015488,0.334907004
2023-04-07 15:00:00+00:00,0.064953321,0,0.550588914,0.339709552
2023-04-07 16:00:00+00:00,0.088774516,0,0.498608464,0.347458481
2023-04-07 17:00:00+00:00,0.115463494,0,0.275423523,0.361537494
2023-04-07 18:00:00+00:00,0.114066224,0,0.033923645,0.386046804
2023-04-07 19:00:00+00:00,0.115018396,0,0,0.400127557
2023-04-07 20:00:00+00:00,0.106888314,0,0,0.40599806
2023-04-07 21:00:00+00:00,0.100645674,0,0,0.400150918
2023-04-07 22:00:00+00:00,0.097955366,0,0,0.395843367
2023-04-07 23:00:00+00:00,0.097515902,0,0,0.387134932
2023-04-08 00:00:00+00:00,0.098355391,0,0,0.382376981
2023-04-08 01:00:00+00:00,0.097067987,0,0,0.378283143
2023-04-08 02:00:00+00:00,0.101017528,0,0,0.370142078
2023-04-08 03:00:00+00:00,0.094495997,0,0,0.366170376
2023-04-08 04:00:00+00:00,0.088594223,0,0,0.367355851
2023-04-08 05:00:00+00:00,0.082960071,0,0.001494672,0.368665515
2023-04-08 06:00:00+00:00,0.078371054,0,0.092503134,0.372765877
2023-04-08 07:00:00+00:00,0.066190017,0,0.400434736,0.370328361
2023-04-08 08:00:00+00:00,0.051228527,0,0.596686434,0.359752749
2023-04-08 09:00:00+00:00,0.042501225,0,0.657389274,0.354126099
2023-04-08 10:00:00+00:00,0.04454924,0,0.713237552,0.351975182
2023-04-08 11:00:00+00:00,0.054192091,0,0.71791725,0.351055857
2023-04-08 12:00:00+00:00,0.068609886,0,0.694660318,0.347746729
2023-04-08 13:00:00+00:00,0.084819341,0,0.654349969,0.336692408
2023-04-08 14:00:00+00:00,0.091816958,0,0.605050769,0.333498125
2023-04-08 15:00:00+00:00,0.110440647,0,0.576552077,0.332011302
2023-04-08 16:00:00+00:00,0.127900884,0,0.502721935,0.333109104
2023-04-08 17:00:00+00:00,0.126771237,0,0.252595425,0.345537345
2023-04-08 18:00:00+00:00,0.125478199,0,0.029472936,0.373436035
2023-04-08 19:00:00+00:00,0.118551009,0,0,0.388398131
2023-04-08 20:00:00+00:00,0.111361831,0,0,0.392345592
2023-04-08 21:00:00+00:00,0.112443588,0,0,0.379555851
2023-04-08 22:00:00+00:00,0.095453803,0,0,0.366872471
2023-04-08 23:00:00+00:00,0.075317344,0,0,0.360578025
2023-04-09 00:00:00+00:00,0.060471353,0,0,0.357017807
2023-04-09 01:00:00+00:00,0.050298892,0,0,0.352659137
2023-04-09 02:00:00+00:00,0.044802777,0,0,0.350378406
2023-04-09 03:00:00+00:00,0.041095505,0,0,0.348609162
2023-04-09 04:00:00+00:00,0.04172653,0,0,0.349696356
2023-04-09 05:00:00+00:00,0.042946323,0,0.000895138,0.355785005
2023-04-09 06:00:00+00:00,0.044332325,0,0.069458538,0.359262223
2023-04-09 07:00:00+00:00,0.043135068,0,0.315400798,0.348015683
2023-04-09 08:00:00+00:00,0.030461043,0,0.535013515,0.312690482
2023-04-09 09:00:00+00:00,0.029601834,0,0.626675636,0.305021804
2023-04-09 10:00:00+00:00,0.039608088,0,0.645519329,0.328555741
2023-04-09 11:00:00+00:00,0.064063125,0,0.654941176,0.307932494
2023-04-09 12:00:00+00:00,0.092521227,0,0.645781626,0.296582927
2023-04-09 13:00:00+00:00,0.085332049,0,0.576472971,0.285731435
2023-04-09 14:00:00+00:00,0.096682048,0,0.52526692,0.281713158
2023-04-09 15:00:00+00:00,0.125027466,0,0.474751999,0.282835
2023-04-09 16:00:00+00:00,0.154882838,0,0.393369391,0.291904074
2023-04-09 17:00:00+00:00,0.149527576,0,0.189348728,0.328376255
2023-04-09 18:00:00+00:00,0.128881226,0,0.021687318,0.36208962
2023-04-09 19:00:00+00:00,0.139250883,0,0,0.371048595
2023-04-09 20:00:00+00:00,0.149778296,0,0,0.36964851
2023-04-09 21:00:00+00:00,0.154127861,0,0,0.353207709
2023-04-09 22:00:00+00:00,0.154708179,0,0,0.313661585
2023-04-09 23:00:00+00:00,0.1490036,0,0,0.299537115
2023-04-10 00:00:00+00:00,0.133089938,0,0,0.29305415
2023-04-10 01:00:00+00:00,0.113891565,0,0,0.294820188
2023-04-10 02:00:00+00:00,0.114423992,0,0,0.295056015
2023-04-10 03:00:00+00:00,0.120291962,0,0,0.294279477
2023-04-10 04:00:00+00:00,0.1264022,0,0,0.298470497
2023-04-10 05:00:00+00:00,0.132982889,0,0.001024204,0.300960836
2023-04-10 06:00:00+00:00,0.135264721,0,0.066910517,0.298143333
2023-04-10 07:00:00+00:00,0.112812625,0,0.293734298,0.29742953
2023-04-10 08:00:00+00:00,0.089405541,0,0.49842111,0.290030484
2023-04-10 09:00:00+00:00,0.095107302,0,0.564299096,0.283130723
2023-04-10 10:00:00+00:00,0.085039073,0,0.583667382,0.281742254
2023-04-10 11:00:00+00:00,0.090625335,0,0.60326882,0.281955307
2023-04-10 12:00:00+00:00,0.112136527,0,0.578796167,0.277977998
2023-04-10 13:00:00+00:00,0.11309715,0,0.552462459,0.264822341
2023-04-10 14:00:00+00:00,0.111347745,0,0.521061854,0.258590522
2023-04-10 15:00:00+00:00,0.16235654,0,0.531861797,0.257446803
2023-04-10 16:00:00+00:00,0.212548383,0,0.472287247,0.258741993
2023-04-10 17:00:00+00:00,0.224937883,0,0.240762951,0.270861154
2023-04-10 18:00:00+00:00,0.21617396,0,0.03430668,0.295352214
2023-04-10 19:00:00+00:00,0.225447774,0,0,0.305881379
2023-04-10 20:00:00+00:00,0.240595192,0,0,0.312582966
2023-04-10 21:00:00+00:00,0.263543093,0,0,0.304750596
2023-04-10 22:00:00+00:00,0.24718715,0,0,0.287950292
2023-04-10 23:00:00+00:00,0.222087003,0,0,0.278777806
2023-04-11 00:00:00+00:00,0.207235378,0,0,0.273273586
2023-04-11 01:00:00+00:00,0.183222622,0,0,0.273428813
2023-04-11 02:00:00+00:00,0.154372947,0,0,0.27984545
2023-04-11 03:00:00+00:00,0.118525655,0,0,0.28744377
2023-04-11 04:00:00+00:00,0.092901532,0,0,0.302286697
2023-04-11 05:00:00+00:00,0.083906608,0,0.001823583,0.33461359
2023-04-11 06:00:00+00:00,0.078455566,0,0.094759714,0.33218038
2023-04-11 07:00:00+00:00,0.067939422,0,0.388098486,0.327949454
2023-04-11 08:00:00+00:00,0.061378452,0,0.589745993,0.326082405
2023-04-11 09:00:00+00:00,0.068657776,0,0.675108841,0.327261486
2023-04-11 10:00:00+00:00,0.08708427,0,0.709253148,0.329141415
2023-04-11 11:00:00+00:00,0.115190237,0,0.726939407,0.319555834
2023-04-11 12:00:00+00:00,0.155812473,0,0.709094937,0.291659855
2023-04-11 13:00:00+00:00,0.193372547,0,0.694489618,0.27672299
2023-04-11 14:00:00+00:00,0.196691063,0,0.683310803,0.272874012
2023-04-11 15:00:00+00:00,0.231907329,0,0.639461536,0.273006116
2023-04-11 16:00:00+00:00,0.2752903,0,0.534447288,0.275272519
2023-04-11 17:00:00+00:00,0.273126785,0,0.291764994,0.30806742
2023-04-11 18:00:00+00:00,0.261041529,0,0.038440969,0.390886875
2023-04-11 19:00:00+00:00,0.287922068,0,0,0.409181515
2023-04-11 20:00:00+00:00,0.317383049,0,0,0.408008059
2023-04-11 21:00:00+00:00,0.34482982,0,0,0.395597884
2023-04-11 22:00:00+00:00,0.360771653,0,0,0.371911853
2023-04-11 23:00:00+00:00,0.374952814,0,0,0.30628022
2023-04-12 00:00:00+00:00,0.386778899,0,0,0.28024627
2023-04-12 01:00:00+00:00,0.392131343,0,0,0.279259501
2023-04-12 02:00:00+00:00,0.392669405,0,0,0.279145902
2023-04-12 03:00:00+00:00,0.386398594,0,0,0.282429563
2023-04-12 04:00:00+00:00,0.391646806,0,0,0.296287864
2023-04-12 05:00:00+00:00,0.396962629,0,0.001756968,0.312373431
2023-04-12 06:00:00+00:00,0.388795925,0,0.105663743,0.324113521
2023-04-12 07:00:00+00:00,0.35473466,0,0.3937441,0.315664586
2023-04-12 08:00:00+00:00,0.349466728,0,0.557175464,0.300681053
2023-04-12 09:00:00+00:00,0.365000085,0,0.579741266,0.283276825
2023-04-12 10:00:00+00:00,0.368743978,0,0.589666888,0.289009013
2023-04-12 11:00:00+00:00,0.411453668,0,0.582181037,0.287000552
2023-04-12 12:00:00+00:00,0.403529233,0,0.569390973,0.277840471
2023-04-12 13:00:00+00:00,0.418755529,0,0.49758426,0.276404511
2023-04-12 14:00:00+00:00,0.449667303,0,0.444642058,0.274497043
2023-04-12 15:00:00+00:00,0.510490791,0,0.35525317,0.273460803
2023-04-12 16:00:00+00:00,0.546166241,0,0.266172377,0.279671314
2023-04-12 17:00:00+00:00,0.555189336,0,0.142410195,0.301700473
2023-04-12 18:00:00+00:00,0.532587935,0,0.020908756,0.327575788
2023-04-12 19:00:00+00:00,0.47921843,0,0,0.343706373
2023-04-12 20:00:00+00:00,0.459932728,0,0,0.346353313
2023-04-12 21:00:00+00:00,0.439286378,0,0,0.336901283
2023-04-12 22:00:00+00:00,0.426747573,0,0,0.316771183
2023-04-12 23:00:00+00:00,0.414896134,0,0,0.310166723
2023-04-13 00:00:00+00:00,0.377479731,0,0,0.307923846
2023-04-13 01:00:00+00:00,0.358878578,0,0,0.306514215
2023-04-13 02:00:00+00:00,0.35632349,0,0,0.3052785
2023-04-13 03:00:00+00:00,0.351309095,0,0,0.308264752
2023-04-13 04:00:00+00:00,0.319538112,0,0,0.316724846
2023-04-13 05:00:00+00:00,0.312644727,0,0.003259967,0.347818443
2023-04-13 06:00:00+00:00,0.291403974,0,0.095879678,0.33660578
2023-04-13 07:00:00+00:00,0.275343824,0,0.380008938,0.332567514
2023-04-13 08:00:00+00:00,0.287899532,0,0.589396265,0.316757313
2023-04-13 09:00:00+00:00,0.269430782,0,0.622841115,0.305467257
2023-04-13 10:00:00+00:00,0.299719983,0,0.615117948,0.296735571
2023-04-13 11:00:00+00:00,0.304503378,0,0.621217376,0.291024326
2023-04-13 12:00:00+00:00,0.298387506,0,0.593917752,0.27461841
2023-04-13 13:00:00+00:00,0.307292283,0,0.577588771,0.267188564
2023-04-13 14:00:00+00:00,0.32342286,0,0.539834769,0.266463897
2023-04-13 15:00:00+00:00,0.344967857,0,0.515462038,0.268565325
2023-04-13 16:00:00+00:00,0.390505891,0,0.417733796,0.277232205
2023-04-13 17:00:00+00:00,0.484046899,0,0.246337787,0.305865805
2023-04-13 18:00:00+00:00,0.47859304,0,0.037370967,0.372355822
2023-04-13 19:00:00+00:00,0.410557837,0,0,0.388461233
2023-04-13 20:00:00+00:00,0.38247159,0,0,0.385354438
2023-04-13 21:00:00+00:00,0.356562942,0,0,0.381345689
2023-04-13 22:00:00+00:00,0.337201179,0,0,0.383444497
2023-04-13 23:00:00+00:00,0.326172326,0,0,0.380401941
2023-04-14 00:00:00+00:00,0.324313056,0,0,0.377124766
2023-04-14 01:00:00+00:00,0.335170067,0,0,0.371159738
2023-04-14 02:00:00+00:00,0.348799081,0,0,0.330711
2023-04-14 03:00:00+00:00,0.38006299,0,0,0.319267403
2023-04-14 04:00:00+00:00,0.400030424,0,0,0.326358157
2023-04-14 05:00:00+00:00,0.410450789,0,0.002527203,0.348624077
2023-04-14 06:00:00+00:00,0.420147164,0,0.09274045,0.362853113
2023-04-14 07:00:00+00:00,0.416780758,0,0.330855458,0.366625009
2023-04-14 08:00:00+00:00,0.429547747,0,0.495115345,0.360151041
2023-04-14 09:00:00+00:00,0.393999065,0,0.544127268,0.339553335
2023-04-14 10:00:00+00:00,0.358129236,0,0.608614667,0.332860763
2023-04-14 11:00:00+00:00,0.370270834,0,0.584312714,0.334174769
2023-04-14 12:00:00+00:00,0.362425277,0,0.570427668,0.326163793
2023-04-14 13:00:00+00:00,0.346945445,0,0.555497601,0.325228089
2023-04-14 14:00:00+00:00,0.357892602,0,0.515803439,0.320632419
2023-04-14 15:00:00+00:00,0.4144285,0,0.453601763,0.316054797
2023-04-14 16:00:00+00:00,0.465242916,0,0.389118527,0.320252633
2023-04-14 17:00:00+00:00,0.575384953,0,0.213038657,0.339697825
2023-04-14 18:00:00+00:00,0.569446557,0,0.038278595,0.384125154
2023-04-14 19:00:00+00:00,0.517144724,0,0,0.399072354
2023-04-14 20:00:00+00:00,0.48421874,0,0,0.399404135
2023-04-14 21:00:00+00:00,0.474913938,0,0,0.407214957
2023-04-14 22:00:00+00:00,0.472415192,0,0,0.39730758
2023-04-14 23:00:00+00:00,0.462135682,0,0,0.384366496
2023-04-15 00:00:00+00:00,0.440658294,0,0,0.376368749
2023-04-15 01:00:00+00:00,0.420045749,0,0,0.37208456
2023-04-15 02:00:00+00:00,0.401345999,0,0,0.366996678
2023-04-15 03:00:00+00:00,0.403644733,0,0,0.364910311
2023-04-15 04:00:00+00:00,0.404261673,0,0,0.36304962
2023-04-15 05:00:00+00:00,0.410281764,0,0.002543857,0.369075387
2023-04-15 06:00:00+00:00,0.388466327,0,0.11748789,0.372664957
2023-04-15 07:00:00+00:00,0.354996648,0,0.408124595,0.380238817
2023-04-15 08:00:00+00:00,0.285634603,0,0.547378908,0.364041391
2023-04-15 09:00:00+00:00,0.266709486,0,0.590878447,0.354587712
2023-04-15 10:00:00+00:00,0.267971536,0,0.617441143,0.353637716
2023-04-15 11:00:00+00:00,0.269802636,0,0.626771395,0.351202399
2023-04-15 12:00:00+00:00,0.264886838,0,0.622416445,0.338751256
2023-04-15 13:00:00+00:00,0.255928536,0,0.588596886,0.333706981
2023-04-15 14:00:00+00:00,0.253010046,0,0.546292252,0.332825511
2023-04-15 15:00:00+00:00,0.267540524,0,0.499711774,0.332727633
2023-04-15 16:00:00+00:00,0.302734254,0,0.452844019,0.348340923
2023-04-15 17:00:00+00:00,0.419383736,0,0.262229607,0.362785723
2023-04-15 18:00:00+00:00,0.472454631,0,0.047296589,0.375597451
2023-04-15 19:00:00+00:00,0.465434478,0,0,0.391421815
2023-04-15 20:00:00+00:00,0.434860752,0,0,0.391916555
2023-04-15 21:00:00+00:00,0.399590961,0,0,0.372514457
2023-04-15 22:00:00+00:00,0.37763467,0,0,0.361393242
2023-04-15 23:00:00+00:00,0.362825302,0,0,0.358151705
2023-04-16 00:00:00+00:00,0.355267087,0,0,0.360067161
2023-04-16 01:00:00+00:00,0.345920029,0,0,0.359771988
2023-04-16 02:00:00+00:00,0.323591885,0,0,0.354150944
2023-04-16 03:00:00+00:00,0.308402211,0,0,0.352001291
2023-04-16 04:00:00+00:00,0.30445267,0,0,0.347395874
2023-04-16 05:00:00+00:00,0.294970393,0,0.00353059,0.345097425
2023-04-16 06:00:00+00:00,0.284217613,0,0.125194403,0.345441519
2023-04-16 07:00:00+00:00,0.218760036,0,0.408032999,0.341104561
2023-04-16 08:00:00+00:00,0.152865811,0,0.532365572,0.334797803
2023-04-16 09:00:00+00:00,0.143391985,0,0.538335933,0.330968576
2023-04-16 10:00:00+00:00,0.138262089,0,0.560989168,0.328930287
2023-04-16 11:00:00+00:00,0.143484948,0,0.563324853,0.329369437
2023-04-16 12:00:00+00:00,0.145431548,0,0.56220489,0.329715546
2023-04-16 13:00:00+00:00,0.142963789,0,0.559065662,0.332377657
2023-04-16 14:00:00+00:00,0.140791824,0,0.537257605,0.335074214
2023-04-16 15:00:00+00:00,0.147910575,0,0.514596044,0.3362231
2023-04-16 16:00:00+00:00,0.179890021,0,0.474764489,0.340062385
2023-04-16 17:00:00+00:00,0.283566869,0,0.304163695,0.357516542
2023-04-16 18:00:00+00:00,0.316481585,0,0.052992164,0.369435971
2023-04-16 19:00:00+00:00,0.328445706,0,0,0.408499758
2023-04-16 20:00:00+00:00,0.334448895,0,0,0.414937869
2023-04-16 21:00:00+00:00,0.342905758,0,0,0.396114025
2023-04-16 22:00:00+00:00,0.341069024,0,0,0.378240378
2023-04-16 23:00:00+00:00,0.333079796,0,0,0.372445309
2023-04-17 00:00:00+00:00,0.328899256,0,0,0.368422048
2023-04-17 01:00:00+00:00,0.31736333,0,0,0.365219611
2023-04-17 02:00:00+00:00,0.307914857,0,0,0.368614066
2023-04-17 03:00:00+00:00,0.302675095,0,0,0.382624003
2023-04-17 04:00:00+00:00,0.293930891,0,0,0.392669073
2023-04-17 05:00:00+00:00,0.286944543,0,0.003393197,0.400220286
2023-04-17 06:00:00+00:00,0.27467336,0,0.140715678,0.399449867
2023-04-17 07:00:00+00:00,0.255717256,0,0.460712905,0.386830799
2023-04-17 08:00:00+00:00,0.216661314,0,0.635127403,0.373822637
2023-04-17 09:00:00+00:00,0.207418488,0,0.69107144,0.366124863
2023-04-17 10:00:00+00:00,0.192037253,0,0.717588339,0.359283825
2023-04-17 11:00:00+00:00,0.187251041,0,0.729225132,0.348550677
2023-04-17 12:00:00+00:00,0.198846126,0,0.713966153,0.315378372
2023-04-17 13:00:00+00:00,0.190786471,0,0.706034815,0.305020979
2023-04-17 14:00:00+00:00,0.196702331,0,0.682423991,0.30799556
2023-04-17 15:00:00+00:00,0.232445391,0,0.630181246,0.332179831
2023-04-17 16:00:00+00:00,0.283462637,0,0.537869629,0.336404601
2023-04-17 17:00:00+00:00,0.328893622,0,0.311662036,0.351033724
2023-04-17 18:00:00+00:00,0.366400171,0,0.051589087,0.376286408
2023-04-17 19:00:00+00:00,0.399458558,0,0,0.388772896
2023-04-17 20:00:00+00:00,0.427865952,0,0,0.390430429
2023-04-17 21:00:00+00:00,0.435674887,0,0,0.377010545
2023-04-17 22:00:00+00:00,0.437007364,0,0,0.352400407
2023-04-17 23:00:00+00:00,0.418285077,0,0,0.314386363
2023-04-18 00:00:00+00:00,0.392277831,0,0,0.297549468
2023-04-18 01:00:00+00:00,0.369507406,0,0,0.295368539
2023-04-18 02:00:00+00:00,0.346779237,0,0,0.303437542
2023-04-18 03:00:00+00:00,0.330741623,0,0,0.339523323
2023-04-18 04:00:00+00:00,0.326949839,0,0,0.352631489
2023-04-18 05:00:00+00:00,0.31621678,0,0.004434055,0.362833068
2023-04-18 06:00:00+00:00,0.2826316,0,0.13829256,0.376135909
2023-04-18 07:00:00+00:00,0.240921973,0,0.445029257,0.37737745
2023-04-18 08:00:00+00:00,0.21170326,0,0.615809078,0.344081963
2023-04-18 09:00:00+00:00,0.187462322,0,0.678389626,0.318529305
2023-04-18 10:00:00+00:00,0.16536236,0,0.713907865,0.313823683
2023-04-18 11:00:00+00:00,0.153623605,0,0.720935738,0.308080612
2023-04-18 12:00:00+00:00,0.152817921,0,0.719474374,0.299422527
2023-04-18 13:00:00+00:00,0.139394554,0,0.707079836,0.302482379
2023-04-18 14:00:00+00:00,0.145758329,0,0.691262958,0.304429662
2023-04-18 15:00:00+00:00,0.16749207,0,0.647780073,0.309431043
2023-04-18 16:00:00+00:00,0.196333294,0,0.558603521,0.318472744
2023-04-18 17:00:00+00:00,0.243299585,0,0.318756525,0.36064208
2023-04-18 18:00:00+00:00,0.269205416,0,0.052613291,0.399835407
2023-04-18 19:00:00+00:00,0.288772825,0,0,0.41607752
2023-04-18 20:00:00+00:00,0.298243835,0,0,0.413445623
2023-04-18 21:00:00+00:00,0.296683175,0,0,0.397231836
2023-04-18 22:00:00+00:00,0.298136786,0,0,0.362567229
2023-04-18 23:00:00+00:00,0.29922136,0,0,0.319574926
2023-04-19 00:00:00+00:00,0.293891452,0,0,0.304916707
2023-04-19 01:00:00+00:00,0.27228448,0,0,0.302150873
2023-04-19 02:00:00+00:00,0.253074838,0,0,0.301634292
2023-04-19 03:00:00+00:00,0.241443132,0,0,0.31599994
2023-04-19 04:00:00+00:00,0.216258472,0,0,0.351316456
2023-04-19 05:00:00+00:00,0.2000462,0,0.004567285,0.370708019
2023-04-19 06:00:00+00:00,0.183008524,0,0.12886655,0.372650446
2023-04-19 07:00:00+00:00,0.154218008,0,0.415572975,0.357852097
2023-04-19 08:00:00+00:00,0.149017686,0,0.597252661,0.321449083
2023-04-19 09:00:00+00:00,0.149612089,0,0.664962557,0.325348412
2023-04-19 10:00:00+00:00,0.14415823,0,0.703607534,0.307949351
2023-04-19 11:00:00+00:00,0.133613914,0,0.711147509,0.300854199
2023-04-19 12:00:00+00:00,0.123075233,0,0.706355399,0.300688749
2023-04-19 13:00:00+00:00,0.124424612,0,0.683135938,0.303569024
2023-04-19 14:00:00+00:00,0.123294965,0,0.639494843,0.30481608
2023-04-19 15:00:00+00:00,0.129382666,0,0.591086618,0.310127256
2023-04-19 16:00:00+00:00,0.129424922,0,0.500311308,0.315621601
2023-04-19 17:00:00+00:00,0.123024525,0,0.292501922,0.327277756
2023-04-19 18:00:00+00:00,0.119049631,0,0.055814971,0.351167111
2023-04-19 19:00:00+00:00,0.119751083,0,0,0.355090661
2023-04-19 20:00:00+00:00,0.123035794,0,0,0.351494678
2023-04-19 21:00:00+00:00,0.125813431,0,0,0.341096041
2023-04-19 22:00:00+00:00,0.125664126,0,0,0.324118138
2023-04-19 23:00:00+00:00,0.127883982,0,0,0.310927138
2023-04-20 00:00:00+00:00,0.119551071,0,0,0.305050277
2023-04-20 01:00:00+00:00,0.107417924,0,0,0.303553248
2023-04-20 02:00:00+00:00,0.099600539,0,0,0.30652629
2023-04-20 03:00:00+00:00,0.091523982,0,0,0.318923199
2023-04-20 04:00:00+00:00,0.085315146,0,0,0.350071122
2023-04-20 05:00:00+00:00,0.083720681,0,0.005862112,0.360630244
2023-04-20 06:00:00+00:00,0.077627346,0,0.146169774,0.357713031
2023-04-20 07:00:00+00:00,0.058155717,0,0.447198405,0.345698765
2023-04-20 08:00:00+00:00,0.045997217,0,0.617665969,0.309849636
2023-04-20 09:00:00+00:00,0.041968798,0,0.668622214,0.29066649
2023-04-20 10:00:00+00:00,0.050417209,0,0.686870537,0.286790816
2023-04-20 11:00:00+00:00,0.08146702,0,0.687303534,0.284016206
2023-04-20 12:00:00+00:00,0.113956358,0,0.686691509,0.275270979
2023-04-20 13:00:00+00:00,0.126782505,0,0.685475787,0.27223086
2023-04-20 14:00:00+00:00,0.153251751,0,0.658017953,0.267825541
2023-04-20 15:00:00+00:00,0.165579275,0,0.608602177,0.266511425
2023-04-20 16:00:00+00:00,0.166863862,0,0.507855447,0.279005938
2023-04-20 17:00:00+00:00,0.149355735,0,0.297044226,0.302082531
2023-04-20 18:00:00+00:00,0.127506493,0,0.062326578,0.344736182
2023-04-20 19:00:00+00:00,0.119576424,0,0,0.352380344
2023-04-20 20:00:00+00:00,0.114516956,0,0,0.34667128
2023-04-20 21:00:00+00:00,0.116508629,0,0,0.345516165
2023-04-20 22:00:00+00:00,0.110787147,0,0,0.354521367
2023-04-20 23:00:00+00:00,0.106293911,0,0,0.349512528
2023-04-21 00:00:00+00:00,0.103651494,0,0,0.343557028
2023-04-21 01:00:00+00:00,0.102631712,0,0,0.342371553
2023-04-21 02:00:00+00:00,0.09359735,0,0,0.341425917
2023-04-21 03:00:00+00:00,0.084816524,0,0,0.342549261
2023-04-21 04:00:00+00:00,0.089850639,0,0,0.356865163
2023-04-21 05:00:00+00:00,0.090484481,0,0.006370051,0.368553859
2023-04-21 06:00:00+00:00,0.08403056,0,0.133750256,0.370988791
2023-04-21 07:00:00+00:00,0.065505468,0,0.385583773,0.362231765
2023-04-21 08:00:00+00:00,0.0654942,0,0.544019018,0.351831553
2023-04-21 09:00:00+00:00,0.09616934,0,0.599230291,0.337342009
2023-04-21 10:00:00+00:00,0.161226893,0,0.610367472,0.322505679
2023-04-21 11:00:00+00:00,0.242288254,0,0.629860661,0.286826929
2023-04-21 12:00:00+00:00,0.258139941,0,0.616150479,0.266725577
2023-04-21 13:00:00+00:00,0.308917736,0,0.577422234,0.262513724
2023-04-21 14:00:00+00:00,0.328318938,0,0.520404031,0.2638084
2023-04-21 15:00:00+00:00,0.385559105,0,0.445183304,0.26426569
2023-04-21 16:00:00+00:00,0.443824688,0,0.302623225,0.275686311
2023-04-21 17:00:00+00:00,0.413783389,0,0.152785468,0.317393502
2023-04-21 18:00:00+00:00,0.360295568,0,0.023356854,0.351691936
2023-04-21 19:00:00+00:00,0.325391996,0,0,0.363446427
2023-04-21 20:00:00+00:00,0.321710078,0,0,0.358355339
2023-04-21 21:00:00+00:00,0.321146663,0,0,0.346026479
2023-04-21 22:00:00+00:00,0.288395337,0,0,0.306696761
2023-04-21 23:00:00+00:00,0.258232905,0,0,0.286625603
2023-04-22 00:00:00+00:00,0.245018001,0,0,0.279618656
2023-04-22 01:00:00+00:00,0.227425362,0,0,0.276209542
2023-04-22 02:00:00+00:00,0.214602032,0,0,0.278787664
2023-04-22 03:00:00+00:00,0.202643544,0,0,0.282309405
2023-04-22 04:00:00+00:00,0.2050944,0,0,0.289362121
2023-04-22 05:00:00+00:00,0.206325462,0,0.002851951,0.295338582
2023-04-22 06:00:00+00:00,0.210860955,0,0.055461079,0.298002067
2023-04-22 07:00:00+00:00,0.191141423,0,0.181879531,0.306532299
2023-04-22 08:00:00+00:00,0.180264692,0,0.341234895,0.298115739
2023-04-22 09:00:00+00:00,0.182831049,0,0.430040901,0.282988028
2023-04-22 10:00:00+00:00,0.187028492,0,0.503708669,0.280224613
2023-04-22 11:00:00+00:00,0.193550023,0,0.547778597,0.280577172
2023-04-22 12:00:00+00:00,0.19284012,0,0.577159938,0.270539743
2023-04-22 13:00:00+00:00,0.188963823,0,0.58554509,0.265725725
2023-04-22 14:00:00+00:00,0.189794861,0,0.555510091,0.266949073
2023-04-22 15:00:00+00:00,0.20046031,0,0.542287031,0.271238704
2023-04-22 16:00:00+00:00,0.227864825,0,0.471746001,0.286973252
2023-04-22 17:00:00+00:00,0.229008558,0,0.300970343,0.325350757
2023-04-22 18:00:00+00:00,0.22133766,0,0.065557402,0.32969279
2023-04-22 19:00:00+00:00,0.227633825,0,0,0.330606343
2023-04-22 20:00:00+00:00,0.24826609,0,0,0.327114431
2023-04-22 21:00:00+00:00,0.272743663,0,0,0.32139309
2023-04-22 22:00:00+00:00,0.290381376,0,0,0.310099333
2023-04-22 23:00:00+00:00,0.302615937,0,0,0.30913653
2023-04-23 00:00:00+00:00,0.310754469,0,0,0.312295818
2023-04-23 01:00:00+00:00,0.31194891,0,0,0.311873726
2023-04-23 02:00:00+00:00,0.300365093,0,0,0.310097684
2023-04-23 03:00:00+00:00,0.289874302,0,0,0.313320734
2023-04-23 04:00:00+00:00,0.28531909,0,0,0.322415863
2023-04-23 05:00:00+00:00,0.289389765,0,0.008218615,0.33115748
2023-04-23 06:00:00+00:00,0.289772887,0,0.168585692,0.336259708
2023-04-23 07:00:00+00:00,0.247753382,0,0.435220211,0.336450608
2023-04-23 08:00:00+00:00,0.184777648,0,0.540371852,0.329753254
2023-04-23 09:00:00+00:00,0.17386993,0,0.567496612,0.330909981
2023-04-23 10:00:00+00:00,0.174867175,0,0.560364653,0.342558386
2023-04-23 11:00:00+00:00,0.171159903,0,0.560060722,0.353288693
2023-04-23 12:00:00+00:00,0.19440078,0,0.534821997,0.368180413
2023-04-23 13:00:00+00:00,0.184039574,0,0.508009494,0.369101386
2023-04-23 14:00:00+00:00,0.191234386,0,0.480143643,0.367569692
2023-04-23 15:00:00+00:00,0.209351002,0,0.463506568,0.367612383
2023-04-23 16:00:00+00:00,0.246212441,0,0.407933077,0.370153841
2023-04-23 17:00:00+00:00,0.346483444,0,0.278242167,0.378633173
2023-04-23 18:00:00+00:00,0.345153784,0,0.061768679,0.410978224
2023-04-23 19:00:00+00:00,0.285972652,0,0,0.432471563
2023-04-23 20:00:00+00:00,0.263052922,0,0,0.433023066
2023-04-23 21:00:00+00:00,0.240998034,0,0,0.419436119
2023-04-23 22:00:00+00:00,0.206700134,0,0,0.381383451
2023-04-23 23:00:00+00:00,0.184774831,0,0,0.396666518
2023-04-24 00:00:00+00:00,0.172509282,0,0,0.403579544
2023-04-24 01:00:00+00:00,0.157956268,0,0,0.399258252
2023-04-24 02:00:00+00:00,0.150764273,0,0,0.399734487
2023-04-24 03:00:00+00:00,0.138904383,0,0,0.40535718
2023-04-24 04:00:00+00:00,0.124216149,0,0,0.418910909
2023-04-24 05:00:00+00:00,0.116108604,0,0.008455931,0.425052729
2023-04-24 06:00:00+00:00,0.103603604,0,0.167840438,0.430799244
2023-04-24 07:00:00+00:00,0.098710343,0,0.474423087,0.42653149
2023-04-24 08:00:00+00:00,0.097659573,0,0.630414398,0.414882609
2023-04-24 09:00:00+00:00,0.11038994,0,0.694260629,0.398797848
2023-04-24 10:00:00+00:00,0.129658739,0,0.719565969,0.390446479
2023-04-24 11:00:00+00:00,0.157573145,0,0.727946958,0.387918946
2023-04-24 12:00:00+00:00,0.180191448,0,0.725174112,0.384821917
2023-04-24 13:00:00+00:00,0.195792415,0,0.715044482,0.380824491
2023-04-24 14:00:00+00:00,0.220554513,0,0.678993323,0.359977088
2023-04-24 15:00:00+00:00,0.237293579,0,0.626334234,0.375028432
2023-04-24 16:00:00+00:00,0.221253148,0,0.531358021,0.380931622
2023-04-24 17:00:00+00:00,0.208674904,0,0.316275119,0.373041115
2023-04-24 18:00:00+00:00,0.189163836,0,0.066635731,0.423367035
2023-04-24 19:00:00+00:00,0.168779474,0,0,0.442504815
2023-04-24 20:00:00+00:00,0.150730468,0,0,0.438606659
2023-04-24 21:00:00+00:00,0.135075977,0,0,0.429815663
2023-04-24 22:00:00+00:00,0.132484267,0,0,0.41380683
2023-04-24 23:00:00+00:00,0.12415699,0,0,0.402316108
2023-04-25 00:00:00+00:00,0.126337407,0,0,0.391326942
2023-04-25 01:00:00+00:00,0.131909583,0,0,0.361377246
2023-04-25 02:00:00+00:00,0.136166185,0,0,0.354686726
2023-04-25 03:00:00+00:00,0.141208751,0,0,0.366854167
2023-04-25 04:00:00+00:00,0.148316234,0,0,0.403108147
2023-04-25 05:00:00+00:00,0.156373071,0,0.008347681,0.423558321
2023-04-25 06:00:00+00:00,0.159860611,0,0.165946076,0.418952299
2023-04-25 07:00:00+00:00,0.145879463,0,0.470950785,0.384677738
2023-04-25 08:00:00+00:00,0.156060376,0,0.626325907,0.362843402
2023-04-25 09:00:00+00:00,0.190910423,0,0.687903068,0.345771432
2023-04-25 10:00:00+00:00,0.207829781,0,0.713308331,0.34204252
2023-04-25 11:00:00+00:00,0.222210954,0,0.721830876,0.339203635
2023-04-25 12:00:00+00:00,0.220551696,0,0.722359632,0.331289364
2023-04-25 13:00:00+00:00,0.221582746,0,0.712263309,0.330141596
2023-04-25 14:00:00+00:00,0.248761895,0,0.675521021,0.326401728
2023-04-25 15:00:00+00:00,0.261881018,0,0.622220763,0.326134991
2023-04-25 16:00:00+00:00,0.267526438,0,0.525487582,0.328685903
2023-04-25 17:00:00+00:00,0.242122047,0,0.334519279,0.337721392
2023-04-25 18:00:00+00:00,0.196079757,0,0.078076842,0.361207838
2023-04-25 19:00:00+00:00,0.172914941,0,0,0.373431913
2023-04-25 20:00:00+00:00,0.169644316,0,0,0.370574119
2023-04-25 21:00:00+00:00,0.158604195,0,0,0.364479369
2023-04-25 22:00:00+00:00,0.155068765,0,0,0.37795378
2023-04-25 23:00:00+00:00,0.147699294,0,0,0.348016507
2023-04-26 00:00:00+00:00,0.134005488,0,0,0.333281701
2023-04-26 01:00:00+00:00,0.121452597,0,0,0.333944879
2023-04-26 02:00:00+00:00,0.109488475,0,0,0.336381185
2023-04-26 03:00:00+00:00,0.094318521,0,0,0.348140403
2023-04-26 04:00:00+00:00,0.083072754,0,0,0.38056752
2023-04-26 05:00:00+00:00,0.073804574,0,0.012852515,0.392556812
2023-04-26 06:00:00+00:00,0.05891351,0,0.195160879,0.397810529
2023-04-26 07:00:00+00:00,0.044574593,0,0.502347226,0.401011098
2023-04-26 08:00:00+00:00,0.036199426,0,0.649507897,0.398732657
2023-04-26 09:00:00+00:00,0.030801909,0,0.700135232,0.388602553
2023-04-26 10:00:00+00:00,0.035576853,0,0.725715358,0.359109689
2023-04-26 11:00:00+00:00,0.048541036,0,0.737618611,0.349006794
2023-04-26 12:00:00+00:00,0.070409997,0,0.736781761,0.335472139
2023-04-26 13:00:00+00:00,0.091743714,0,0.720340368,0.330683627
2023-04-26 14:00:00+00:00,0.102488042,0,0.685217654,0.326575937
2023-04-26 15:00:00+00:00,0.106440399,0,0.630347783,0.328108419
2023-04-26 16:00:00+00:00,0.115277566,0,0.519954381,0.337428088
2023-04-26 17:00:00+00:00,0.110333598,0,0.288284365,0.364936475
2023-04-26 18:00:00+00:00,0.095017156,0,0.06363806,0.362538041
2023-04-26 19:00:00+00:00,0.089267504,0,0,0.362908574
2023-04-26 20:00:00+00:00,0.085664464,0,0,0.356368902
2023-04-26 21:00:00+00:00,0.07552299,0,0,0.346249316
2023-04-26 22:00:00+00:00,0.074136989,0,0,0.337680332
2023-04-26 23:00:00+00:00,0.067361921,0,0,0.331568047
2023-04-27 00:00:00+00:00,0.060189646,0,0,0.322776502
2023-04-27 01:00:00+00:00,0.057009167,0,0,0.318129529
2023-04-27 02:00:00+00:00,0.062964465,0,0,0.318175574
2023-04-27 03:00:00+00:00,0.070635363,0,0,0.326965213
2023-04-27 04:00:00+00:00,0.076708979,0,0,0.355111933
2023-04-27 05:00:00+00:00,0.086889892,0,0.008301884,0.415507402
2023-04-27 06:00:00+00:00,0.091653567,0,0.128233709,0.423471692
2023-04-27 07:00:00+00:00,0.090301371,0,0.337654343,0.366476708
2023-04-27 08:00:00+00:00,0.081345886,0,0.488578757,0.340590564
2023-04-27 09:00:00+00:00,0.081154325,0,0.597514957,0.332291524
2023-04-27 10:00:00+00:00,0.088535064,0,0.65947099,0.33720833
2023-04-27 11:00:00+00:00,0.100268186,0,0.684609793,0.328439064
2023-04-27 12:00:00+00:00,0.117156556,0,0.687178631,0.311433934
2023-04-27 13:00:00+00:00,0.127883982,0,0.6833566,0.307638897
2023-04-27 14:00:00+00:00,0.129991154,0,0.644465981,0.306340941
2023-04-27 15:00:00+00:00,0.118610167,0,0.570977241,0.309840108
2023-04-27 16:00:00+00:00,0.096932768,0,0.440999054,0.316212992
2023-04-27 17:00:00+00:00,0.073227073,0,0.258765632,0.34420956
2023-04-27 18:00:00+00:00,0.063074331,0,0.07826836,0.419772628
2023-04-27 19:00:00+00:00,0.072812963,0,0,0.428553399
2023-04-27 20:00:00+00:00,0.076185003,0,0,0.375400962
2023-04-27 21:00:00+00:00,0.08190085,0,0,0.355066256
2023-04-27 22:00:00+00:00,0.090991554,0,0,0.363138337
2023-04-27 23:00:00+00:00,0.111753404,0,0,0.357900615
2023-04-28 00:00:00+00:00,0.133749134,0,0,0.348041352
2023-04-28 01:00:00+00:00,0.156998462,0,0,0.341789011
2023-04-28 02:00:00+00:00,0.166613142,0,0,0.339412766
2023-04-28 03:00:00+00:00,0.178661776,0,0,0.347754424
2023-04-28 04:00:00+00:00,0.188214481,0,0,0.369020804
2023-04-28 05:00:00+00:00,0.186352394,0,0.009059628,0.374871006
2023-04-28 06:00:00+00:00,0.17893785,0,0.111750681,0.355035914
2023-04-28 07:00:00+00:00,0.155246241,0,0.329864562,0.344799614
2023-04-28 08:00:00+00:00,0.148217636,0,0.504499721,0.335224128
2023-04-28 09:00:00+00:00,0.152527762,0,0.565514818,0.331653026
2023-04-28 10:00:00+00:00,0.16214526,0,0.603227186,0.331735202
2023-04-28 11:00:00+00:00,0.18185634,0,0.625518202,0.318524871
2023-04-28 12:00:00+00:00,0.212731493,0,0.61337347,0.305841363
2023-04-28 13:00:00+00:00,0.216903583,0,0.569636616,0.300180853
2023-04-28 14:00:00+00:00,0.219078365,0,0.531791018,0.300044901
2023-04-28 15:00:00+00:00,0.233425733,0,0.449496619,0.304950566
2023-04-28 16:00:00+00:00,0.235732919,0,0.330730555,0.320900365
2023-04-28 17:00:00+00:00,0.189752604,0,0.168693942,0.358848394
2023-04-28 18:00:00+00:00,0.15517018,0,0.036042832,0.395313374
2023-04-28 19:00:00+00:00,0.148231721,0,0,0.402173322
2023-04-28 20:00:00+00:00,0.156170242,0,0,0.397013543
2023-04-28 21:00:00+00:00,0.14882049,0,0,0.3836653
2023-04-28 22:00:00+00:00,0.134994281,0,0,0.366967179
2023-04-28 23:00:00+00:00,0.136408453,0,0,0.360711558
2023-04-29 00:00:00+00:00,0.128441763,0,0,0.357909263
2023-04-29 01:00:00+00:00,0.127498042,0,0,0.353921951
2023-04-29 02:00:00+00:00,0.146189341,0,0,0.349621143
2023-04-29 03:00:00+00:00,0.151769969,0,0,0.353653602
2023-04-29 04:00:00+00:00,0.154539155,0,0,0.352266947
2023-04-29 05:00:00+00:00,0.164483433,0,0.009921459,0.351749139
2023-04-29 06:00:00+00:00,0.172940295,0,0.105226583,0.352772149
2023-04-29 07:00:00+00:00,0.166520179,0,0.261326142,0.346427244
2023-04-29 08:00:00+00:00,0.163212932,0,0.405143577,0.336882375
2023-04-29 09:00:00+00:00,0.171013415,0,0.442493727,0.325974157
2023-04-29 10:00:00+00:00,0.193873987,0,0.502501273,0.320044253
2023-04-29 11:00:00+00:00,0.204215473,0,0.558949086,0.315915107
2023-04-29 12:00:00+00:00,0.23929652,0,0.560785159,0.301226766
2023-04-29 13:00:00+00:00,0.268726513,0,0.523618201,0.294943314
2023-04-29 14:00:00+00:00,0.30525272,0,0.512006389,0.269490348
2023-04-29 15:00:00+00:00,0.318315501,0,0.486705212,0.262508942
2023-04-29 16:00:00+00:00,0.344939686,0,0.423396064,0.274223252
2023-04-29 17:00:00+00:00,0.340838024,0,0.269490633,0.309704926
2023-04-29 18:00:00+00:00,0.339606962,0,0.070578501,0.324027003
2023-04-29 19:00:00+00:00,0.329372524,0,0,0.327494821
2023-04-29 20:00:00+00:00,0.322222786,0,0,0.335457188
2023-04-29 21:00:00+00:00,0.327425925,0,0,0.356154054
2023-04-29 22:00:00+00:00,0.327110412,0,0,0.344790104
2023-04-29 23:00:00+00:00,0.306940148,0,0,0.338154826
2023-04-30 00:00:00+00:00,0.290347571,0,0,0.334947973
2023-04-30 01:00:00+00:00,0.284138735,0,0,0.33188889
2023-04-30 02:00:00+00:00,0.274766324,0,0,0.325889031
2023-04-30 03:00:00+00:00,0.259985126,0,0,0.324621857
2023-04-30 04:00:00+00:00,0.246285685,0,0,0.330402635
2023-04-30 05:00:00+00:00,0.234380722,0,0.016312327,0.335533299
2023-04-30 06:00:00+00:00,0.222909589,0,0.145665999,0.336721211
2023-04-30 07:00:00+00:00,0.202739325,0,0.328319928,0.335734772
2023-04-30 08:00:00+00:00,0.175027748,0,0.460150842,0.327154923
2023-04-30 09:00:00+00:00,0.178878691,0,0.534697094,0.321765987
2023-04-30 10:00:00+00:00,0.178374434,0,0.59733593,0.31930665
2023-04-30 11:00:00+00:00,0.160570514,0,0.565406569,0.319592259
2023-04-30 12:00:00+00:00,0.164976421,0,0.542778316,0.306893983
2023-04-30 13:00:00+00:00,0.149403625,0,0.476009355,0.301505559
2023-04-30 14:00:00+00:00,0.195992428,0,0.467349416,0.296982721
2023-04-30 15:00:00+00:00,0.239519069,0,0.448588991,0.290775985
2023-04-30 16:00:00+00:00,0.241927669,0,0.435216047,0.278615946
2023-04-30 17:00:00+00:00,0.288203776,0,0.268279074,0.32359771
2023-04-30 18:00:00+00:00,0.284383821,0,0.073068233,0.368427984
2023-04-30 19:00:00+00:00,0.270861856,0,0,0.378779386
2023-04-30 20:00:00+00:00,0.268126475,0,0,0.384195366
2023-04-30 21:00:00+00:00,0.268072951,0,0,0.379286072
2023-04-30 22:00:00+00:00,0.253376266,0,0,0.365115558
2023-04-30 23:00:00+00:00,0.253097375,0,0,0.359769936
2023-05-01 00:00:00+00:00,0.247749608,0,0,0.346581317
2023-05-01 01:00:00+00:00,0.242050921,0,0,0.341200919
2023-05-01 02:00:00+00:00,0.242461181,0,0,0.336534506
2023-05-01 03:00:00+00:00,0.2341801,0,0,0.333227943
2023-05-01 04:00:00+00:00,0.218182748,0,0,0.33316682
2023-05-01 05:00:00+00:00,0.202227546,0,0.017939472,0.332923316
2023-05-01 06:00:00+00:00,0.185117433,0,0.210098581,0.322206383
2023-05-01 07:00:00+00:00,0.167307629,0,0.476393099,0.290782471
2023-05-01 08:00:00+00:00,0.14644335,0,0.578341009,0.273250902
2023-05-01 09:00:00+00:00,0.120093944,0,0.576036895,0.266427655
2023-05-01 10:00:00+00:00,0.115558598,0,0.582170326,0.268598085
2023-05-01 11:00:00+00:00,0.110978292,0,0.601895997,0.268314419
2023-05-01 12:00:00+00:00,0.123555869,0,0.589559806,0.254035876
2023-05-01 13:00:00+00:00,0.111436322,0,0.535745468,0.248980773
2023-05-01 14:00:00+00:00,0.11703666,0,0.502545823,0.248709162
2023-05-01 15:00:00+00:00,0.114473936,0,0.489153409,0.252211738
2023-05-01 16:00:00+00:00,0.148772843,0,0.473102088,0.262450457
2023-05-01 17:00:00+00:00,0.213695172,0,0.33901891,0.303279824
2023-05-01 18:00:00+00:00,0.209187926,0,0.087491119,0.348359502
2023-05-01 19:00:00+00:00,0.195576267,0,0,0.36497072
2023-05-01 20:00:00+00:00,0.19063909,0,0,0.364329712
2023-05-01 21:00:00+00:00,0.188239347,0,0,0.35051663
2023-05-01 22:00:00+00:00,0.177465792,0,0,0.323691044
2023-05-01 23:00:00+00:00,0.173489637,0,0,0.287284805
2023-05-02 00:00:00+00:00,0.170620623,0,0,0.275029894
2023-05-02 01:00:00+00:00,0.168903711,0,0,0.274253484
2023-05-02 02:00:00+00:00,0.17537515,0,0,0.278582636
2023-05-02 03:00:00+00:00,0.173413767,0,0,0.30713177
2023-05-02 04:00:00+00:00,0.161701671,0,0,0.332618578
2023-05-02 05:00:00+00:00,0.152985039,0,0.016589628,0.347615834
2023-05-02 06:00:00+00:00,0.142492485,0,0.190250568,0.351833422
2023-05-02 07:00:00+00:00,0.120655945,0,0.43975971,0.333487223
2023-05-02 08:00:00+00:00,0.111357642,0,0.558872258,0.295212341
2023-05-02 09:00:00+00:00,0.105692674,0,0.62601376,0.275836261
2023-05-02 10:00:00+00:00,0.105543744,0,0.676965286,0.272901953
2023-05-02 11:00:00+00:00,0.105408864,0,0.691621904,0.273622773
2023-05-02 12:00:00+00:00,0.103677902,0,0.687266515,0.263403036
2023-05-02 13:00:00+00:00,0.109174269,0,0.668087306,0.25938082
2023-05-02 14:00:00+00:00,0.110705721,0,0.621266875,0.259229166
2023-05-02 15:00:00+00:00,0.113703995,0,0.535325426,0.269550995
2023-05-02 16:00:00+00:00,0.118927792,0,0.419475342,0.30746553
2023-05-02 17:00:00+00:00,0.122724108,0,0.261947285,0.317571925
2023-05-02 18:00:00+00:00,0.123946459,0,0.070583401,0.335718831
2023-05-02 19:00:00+00:00,0.13905304,0,0,0.346592145
2023-05-02 20:00:00+00:00,0.151639047,0,0,0.341966097
2023-05-02 21:00:00+00:00,0.168920571,0,0,0.335759287
2023-05-02 22:00:00+00:00,0.188899698,0,0,0.341674185
2023-05-02 23:00:00+00:00,0.209502646,0,0,0.327292121
2023-05-03 00:00:00+00:00,0.231462826,0,0,0.319543558
2023-05-03 01:00:00+00:00,0.246929087,0,0,0.316573686
2023-05-03 02:00:00+00:00,0.258115713,0,0,0.315651852
2023-05-03 03:00:00+00:00,0.260917286,0,0,0.321790502
2023-05-03 04:00:00+00:00,0.264494421,0,0,0.339828006
2023-05-03 05:00:00+00:00,0.2784208,0,0.018216781,0.350669145
2023-05-03 06:00:00+00:00,0.2633648,0,0.178689212,0.35282052
2023-05-03 07:00:00+00:00,0.228793323,0,0.394692853,0.331940559
2023-05-03 08:00:00+00:00,0.223878626,0,0.510754997,0.303677309
2023-05-03 09:00:00+00:00,0.228675302,0,0.575657633,0.289894313
2023-05-03 10:00:00+00:00,0.243430633,0,0.616707582,0.283915323
2023-05-03 11:00:00+00:00,0.256671371,0,0.644116355,0.252957495
2023-05-03 12:00:00+00:00,0.255423729,0,0.64251367,0.238038585
2023-05-03 13:00:00+00:00,0.269954259,0,0.610900397,0.235619264
2023-05-03 14:00:00+00:00,0.300945791,0,0.572333998,0.237724833
2023-05-03 15:00:00+00:00,0.348642796,0,0.501244915,0.240517271
2023-05-03 16:00:00+00:00,0.38074428,0,0.398962602,0.256315361
2023-05-03 17:00:00+00:00,0.38776367,0,0.247592445,0.314039337
2023-05-03 18:00:00+00:00,0.381095531,0,0.074971415,0.350285768
2023-05-03 19:00:00+00:00,0.36566861,0,0,0.361957644
2023-05-03 20:00:00+00:00,0.378330487,0,0,0.361099992
2023-05-03 21:00:00+00:00,0.407784947,0,0,0.342237598
2023-05-03 22:00:00+00:00,0.411151332,0,0,0.288686411
2023-05-03 23:00:00+00:00,0.370513056,0,0,0.26792811
2023-05-04 00:00:00+00:00,0.345593942,0,0,0.263175363
2023-05-04 01:00:00+00:00,0.324794294,0,0,0.2610422
2023-05-04 02:00:00+00:00,0.315900632,0,0,0.262587948
2023-05-04 03:00:00+00:00,0.28535308,0,0,0.273036018
2023-05-04 04:00:00+00:00,0.265489163,0,0,0.285234973
2023-05-04 05:00:00+00:00,0.246990907,0,0.021409918,0.298407358
2023-05-04 06:00:00+00:00,0.204540179,0,0.195132029,0.305339074
2023-05-04 07:00:00+00:00,0.174068498,0,0.407073902,0.312250305
2023-05-04 08:00:00+00:00,0.164581925,0,0.52958349,0.294374277
2023-05-04 09:00:00+00:00,0.169850682,0,0.600574699,0.283062124
2023-05-04 10:00:00+00:00,0.179404695,0,0.660155442,0.280283593
2023-05-04 11:00:00+00:00,0.180919287,0,0.679383587,0.278418321
2023-05-04 12:00:00+00:00,0.178688144,0,0.680415341,0.263720966
2023-05-04 13:00:00+00:00,0.191675982,0,0.675790799,0.254785462
2023-05-04 14:00:00+00:00,0.214906284,0,0.648561462,0.263756511
2023-05-04 15:00:00+00:00,0.232095077,0,0.615977606,0.286099055
2023-05-04 16:00:00+00:00,0.225691078,0,0.550528507,0.274068465
2023-05-04 17:00:00+00:00,0.213150031,0,0.377226438,0.290983614
2023-05-04 18:00:00+00:00,0.195890988,0,0.107828502,0.320392469
2023-05-04 19:00:00+00:00,0.194674256,0,0,0.338168
2023-05-04 20:00:00+00:00,0.196045538,0,0,0.337178134
2023-05-04 21:00:00+00:00,0.184527332,0,0,0.329278338
2023-05-04 22:00:00+00:00,0.174571488,0,0,0.333065405
2023-05-04 23:00:00+00:00,0.16136447,0,0,0.329762781
2023-05-05 00:00:00+00:00,0.149441624,0,0,0.320973252
2023-05-05 01:00:00+00:00,0.144243117,0,0,0.313906408
2023-05-05 02:00:00+00:00,0.142166524,0,0,0.30665297
2023-05-05 03:00:00+00:00,0.133275672,0,0,0.336436372
2023-05-05 04:00:00+00:00,0.123423799,0,0,0.350739687
2023-05-05 05:00:00+00:00,0.116334159,0,0.026597235,0.358692947
2023-05-05 06:00:00+00:00,0.100525077,0,0.238176159,0.358728932
2023-05-05 07:00:00+00:00,0.085769747,0,0.525892828,0.333565716
2023-05-05 08:00:00+00:00,0.084890216,0,0.663593263,0.292681547
2023-05-05 09:00:00+00:00,0.091780345,0,0.721053404,0.296913719
2023-05-05 10:00:00+00:00,0.103840882,0,0.753881944,0.295866651
2023-05-05 11:00:00+00:00,0.114898247,0,0.762144134,0.292181896
2023-05-05 12:00:00+00:00,0.122117147,0,0.760451731,0.291187358
2023-05-05 13:00:00+00:00,0.130347648,0,0.744616548,0.292502116
2023-05-05 14:00:00+00:00,0.144510067,0,0.701706994,0.292550176
2023-05-05 15:00:00+00:00,0.150801666,0,0.636498502,0.293233013
2023-05-05 16:00:00+00:00,0.143686736,0,0.559899934,0.308891541
2023-05-05 17:00:00+00:00,0.13908676,0,0.354756219,0.332188332
2023-05-05 18:00:00+00:00,0.13192968,0,0.106649937,0.358124184
2023-05-05 19:00:00+00:00,0.132514161,0,0,0.366011246
2023-05-05 20:00:00+00:00,0.141933294,0,0,0.36768919
2023-05-05 21:00:00+00:00,0.150585296,0,0,0.354200854
2023-05-05 22:00:00+00:00,0.149635514,0,0,0.328210768
2023-05-05 23:00:00+00:00,0.150700506,0,0,0.31460165
2023-05-06 00:00:00+00:00,0.157568155,0,0,0.301728506
2023-05-06 01:00:00+00:00,0.157953126,0,0,0.295967296
2023-05-06 02:00:00+00:00,0.152414608,0,0,0.294354159
2023-05-06 03:00:00+00:00,0.135172425,0,0,0.299150879
2023-05-06 04:00:00+00:00,0.115381568,0,0,0.307311128
2023-05-06 05:00:00+00:00,0.103995432,0,0.026764436,0.314759479
2023-05-06 06:00:00+00:00,0.094593159,0,0.222703925,0.310878986
2023-05-06 07:00:00+00:00,0.074161621,0,0.483990561,0.28731075
2023-05-06 08:00:00+00:00,0.064346278,0,0.611059442,0.278465043
2023-05-06 09:00:00+00:00,0.070497376,0,0.676895958,0.305999888
2023-05-06 10:00:00+00:00,0.092513756,0,0.710650223,0.3124677
2023-05-06 11:00:00+00:00,0.105678624,0,0.72373678,0.307435885
2023-05-06 12:00:00+00:00,0.132682761,0,0.716922309,0.296068765
2023-05-06 13:00:00+00:00,0.144526927,0,0.679179683,0.291495669
2023-05-06 14:00:00+00:00,0.166163957,0,0.610353934,0.287226284
2023-05-06 15:00:00+00:00,0.188315217,0,0.551552105,0.284453671
2023-05-06 16:00:00+00:00,0.211118398,0,0.459244774,0.288606159
2023-05-06 17:00:00+00:00,0.217081227,0,0.293572792,0.313447525
2023-05-06 18:00:00+00:00,0.222068983,0,0.100565442,0.356985267
2023-05-06 19:00:00+00:00,0.20486614,0,0,0.370094311
2023-05-06 20:00:00+00:00,0.215108604,0,0,0.362476845
2023-05-06 21:00:00+00:00,0.242447131,0,0,0.340600788
2023-05-06 22:00:00+00:00,0.213121931,0,0,0.321369619
2023-05-06 23:00:00+00:00,0.185609184,0,0,0.309924721
2023-05-07 00:00:00+00:00,0.189419549,0,0,0.295072981
2023-05-07 01:00:00+00:00,0.194042005,0,0,0.290474985
2023-05-07 02:00:00+00:00,0.193154044,0,0,0.289253946
2023-05-07 03:00:00+00:00,0.200280214,0,0,0.29232034
2023-05-07 04:00:00+00:00,0.200120043,0,0,0.296393291
2023-05-07 05:00:00+00:00,0.189200368,0,0.025231078,0.30104237
2023-05-07 06:00:00+00:00,0.165290046,0,0.218793047,0.30441068
2023-05-07 07:00:00+00:00,0.152192618,0,0.501934111,0.312792281
2023-05-07 08:00:00+00:00,0.126703073,0,0.61783721,0.308480406
2023-05-07 09:00:00+00:00,0.107007756,0,0.681683624,0.306917399
2023-05-07 10:00:00+00:00,0.096762482,0,0.698974681,0.309213704
2023-05-07 11:00:00+00:00,0.092128786,0,0.704117139,0.307725048
2023-05-07 12:00:00+00:00,0.110520261,0,0.675558348,0.293883714
2023-05-07 13:00:00+00:00,0.143675496,0,0.627954925,0.288135366
2023-05-07 14:00:00+00:00,0.174335448,0,0.60756045,0.284359054
2023-05-07 15:00:00+00:00,0.198959512,0,0.57517642,0.281873516
2023-05-07 16:00:00+00:00,0.216707496,0,0.491583945,0.285694003
2023-05-07 17:00:00+00:00,0.223046865,0,0.327449399,0.300267664
2023-05-07 18:00:00+00:00,0.228034621,0,0.102808386,0.334942257
2023-05-07 19:00:00+00:00,0.211657919,0,0,0.353786072
2023-05-07 20:00:00+00:00,0.203115507,0,0,0.357700425
2023-05-07 21:00:00+00:00,0.1904452,0,0,0.335756759
2023-05-07 22:00:00+00:00,0.185901424,0,0,0.285354251
2023-05-07 23:00:00+00:00,0.179317585,0,0,0.26266263
2023-05-08 00:00:00+00:00,0.172382495,0,0,0.250810517
2023-05-08 01:00:00+00:00,0.163848514,0,0,0.252603763
2023-05-08 02:00:00+00:00,0.14622417,0,0,0.254854739
2023-05-08 03:00:00+00:00,0.135647315,0,0,0.265096902
2023-05-08 04:00:00+00:00,0.123968939,0,0,0.279788614
2023-05-08 05:00:00+00:00,0.111928073,0,0.035026625,0.304902269
2023-05-08 06:00:00+00:00,0.100117627,0,0.241283655,0.313451116
2023-05-08 07:00:00+00:00,0.108008118,0,0.498345401,0.313518011
2023-05-08 08:00:00+00:00,0.125396421,0,0.605921062,0.301129768
2023-05-08 09:00:00+00:00,0.132545071,0,0.653920058,0.289344532
2023-05-08 10:00:00+00:00,0.138516329,0,0.663307797,0.282730672
2023-05-08 11:00:00+00:00,0.148255803,0,0.669282184,0.271386785
2023-05-08 12:00:00+00:00,0.160454029,0,0.66612575,0.256765651
2023-05-08 13:00:00+00:00,0.17591467,0,0.650323192,0.253352965
2023-05-08 14:00:00+00:00,0.178083993,0,0.637142839,0.250983407
2023-05-08 15:00:00+00:00,0.20532417,0,0.594641094,0.258179624
2023-05-08 16:00:00+00:00,0.208527575,0,0.514482362,0.281041424
2023-05-08 17:00:00+00:00,0.214838843,0,0.304591763,0.301761706
2023-05-08 18:00:00+00:00,0.192769073,0,0.096079555,0.324840186
2023-05-08 19:00:00+00:00,0.174220238,0,0,0.331436951
2023-05-08 20:00:00+00:00,0.188762008,0,0,0.325540173
2023-05-08 21:00:00+00:00,0.201395785,0,0,0.313755744
2023-05-08 22:00:00+00:00,0.195671807,0,0,0.299238607
2023-05-08 23:00:00+00:00,0.171710905,0,0,0.292012524
2023-05-09 00:00:00+00:00,0.152827679,0,0,0.285484523
2023-05-09 01:00:00+00:00,0.136973637,0,0,0.281845592
2023-05-09 02:00:00+00:00,0.130333598,0,0,0.285174143
2023-05-09 03:00:00+00:00,0.133801143,0,0,0.294112816
2023-05-09 04:00:00+00:00,0.13878328,0,0,0.303695283
2023-05-09 05:00:00+00:00,0.133961313,0,0.022209221,0.314917931
2023-05-09 06:00:00+00:00,0.129442827,0,0.209539884,0.316502449
2023-05-09 07:00:00+00:00,0.129381007,0,0.443898961,0.313469805
2023-05-09 08:00:00+00:00,0.142854975,0,0.589200935,0.297236376
2023-05-09 09:00:00+00:00,0.164267204,0,0.659588589,0.279006433
2023-05-09 10:00:00+00:00,0.217078417,0,0.682976375,0.275549718
2023-05-09 11:00:00+00:00,0.259936595,0,0.679860722,0.270696619
2023-05-09 12:00:00+00:00,0.298079587,0,0.669930598,0.263806055
2023-05-09 13:00:00+00:00,0.301325142,0,0.632791528,0.253499617
2023-05-09 14:00:00+00:00,0.328846319,0,0.597275533,0.249061025
2023-05-09 15:00:00+00:00,0.378035436,0,0.567999,0.252036833
2023-05-09 16:00:00+00:00,0.405112633,0,0.490013884,0.265597102
2023-05-09 17:00:00+00:00,0.44635787,0,0.32094894,0.277255511
2023-05-09 18:00:00+00:00,0.438141419,0,0.094786803,0.298718838
2023-05-09 19:00:00+00:00,0.40251619,0,0.002940295,0.307507635
2023-05-09 20:00:00+00:00,0.383599244,0,0,0.303871013
2023-05-09 21:00:00+00:00,0.349435217,0,0,0.298361772
2023-05-09 22:00:00+00:00,0.314239919,0,0,0.308789797
2023-05-09 23:00:00+00:00,0.28585326,0,0,0.312434775
2023-05-10 00:00:00+00:00,0.267529225,0,0,0.312303953
2023-05-10 01:00:00+00:00,0.255190499,0,0,0.313447543
2023-05-10 02:00:00+00:00,0.24122478,0,0,0.313683993
2023-05-10 03:00:00+00:00,0.234815161,0,0,0.315883629
2023-05-10 04:00:00+00:00,0.230819335,0,0,0.326975987
2023-05-10 05:00:00+00:00,0.233876619,0,0.034109057,0.351446746
2023-05-10 06:00:00+00:00,0.225025107,0,0.246613705,0.353986372
2023-05-10 07:00:00+00:00,0.232547488,0,0.528992169,0.316173196
2023-05-10 08:00:00+00:00,0.243795933,0,0.660587718,0.300784318
2023-05-10 09:00:00+00:00,0.247285958,0,0.711898115,0.290623066
2023-05-10 10:00:00+00:00,0.236984484,0,0.743038331,0.288766828
2023-05-10 11:00:00+00:00,0.243989823,0,0.749053498,0.27619908
2023-05-10 12:00:00+00:00,0.250790033,0,0.73777353,0.255169297
2023-05-10 13:00:00+00:00,0.250823753,0,0.729796806,0.250135796
2023-05-10 14:00:00+00:00,0.259871965,0,0.691833964,0.249206431
2023-05-10 15:00:00+00:00,0.281084684,0,0.63718362,0.250543377
2023-05-10 16:00:00+00:00,0.309538783,0,0.536218526,0.254102221
2023-05-10 17:00:00+00:00,0.330237271,0,0.35804723,0.27678492
2023-05-10 18:00:00+00:00,0.345664192,0,0.143629962,0.335961016
2023-05-10 19:00:00+00:00,0.342314668,0,0.032282078,0.365590473
2023-05-10 20:00:00+00:00,0.356499567,0,7.65967E-12,0.36906432
2023-05-10 21:00:00+00:00,0.354105444,0,0,0.343700382
2023-05-10 22:00:00+00:00,0.338897703,0,0,0.27809178
2023-05-10 23:00:00+00:00,0.329801721,0,0,0.265871901
2023-05-11 00:00:00+00:00,0.309395473,0,0,0.268660528
2023-05-11 01:00:00+00:00,0.293330681,0,0,0.277316909
2023-05-11 02:00:00+00:00,0.286884532,0,0,0.278784146
2023-05-11 03:00:00+00:00,0.276327347,0,0,0.281569218
2023-05-11 04:00:00+00:00,0.269603008,0,0,0.29060883
2023-05-11 05:00:00+00:00,0.258357373,0,0.026189427,0.298981764
2023-05-11 06:00:00+00:00,0.254015917,0,0.220004236,0.290186737
2023-05-11 07:00:00+00:00,0.258992434,0,0.465292566,0.277799355
2023-05-11 08:00:00+00:00,0.257536852,0,0.598123773,0.254759572
2023-05-11 09:00:00+00:00,0.251486914,0,0.660379736,0.246992394
2023-05-11 10:00:00+00:00,0.239977138,0,0.697665618,0.251613641
2023-05-11 11:00:00+00:00,0.237642025,0,0.684187565,0.252188285
2023-05-11 12:00:00+00:00,0.240289048,0,0.683062015,0.248069748
2023-05-11 13:00:00+00:00,0.233615289,0,0.663597341,0.241444566
2023-05-11 14:00:00+00:00,0.254606018,0,0.645245983,0.237919747
2023-05-11 15:00:00+00:00,0.281379734,0,0.607413639,0.238697641
2023-05-11 16:00:00+00:00,0.324934794,0,0.538441079,0.244700266
2023-05-11 17:00:00+00:00,0.380303109,0,0.367337095,0.264542761
2023-05-11 18:00:00+00:00,0.391450395,0,0.136077359,0.296565887
2023-05-11 19:00:00+00:00,0.357845559,0,0.006712519,0.316918934
2023-05-11 20:00:00+00:00,0.339192753,0,0,0.319547662
2023-05-11 21:00:00+00:00,0.313110298,0,0,0.302334023
2023-05-11 22:00:00+00:00,0.287581413,0,0,0.267937601
2023-05-11 23:00:00+00:00,0.268962327,0,0,0.263189288
2023-05-12 00:00:00+00:00,0.250719782,0,0,0.266862335
2023-05-12 01:00:00+00:00,0.239831018,0,0,0.267991469
2023-05-12 02:00:00+00:00,0.220610591,0,0,0.282934014
2023-05-12 03:00:00+00:00,0.198633551,0,0,0.296513009
2023-05-12 04:00:00+00:00,0.186477475,0,0,0.312626005
2023-05-12 05:00:00+00:00,0.18303241,0,0.030116618,0.37676726
2023-05-12 06:00:00+00:00,0.193884645,0,0.225252725,0.339910072
2023-05-12 07:00:00+00:00,0.218874009,0,0.455076977,0.314945836
2023-05-12 08:00:00+00:00,0.221810463,0,0.562909556,0.295589086
2023-05-12 09:00:00+00:00,0.240384588,0,0.60726275,0.290642525
2023-05-12 10:00:00+00:00,0.251725764,0,0.642493279,0.293037111
2023-05-12 11:00:00+00:00,0.264384831,0,0.627636835,0.290362705
2023-05-12 12:00:00+00:00,0.294687913,0,0.577615111,0.279458262
2023-05-12 13:00:00+00:00,0.304601606,0,0.571379728,0.272917069
2023-05-12 14:00:00+00:00,0.322565961,0,0.548110206,0.269011694
2023-05-12 15:00:00+00:00,0.35151743,0,0.495670181,0.27049445
2023-05-12 16:00:00+00:00,0.394903889,0,0.42151846,0.275022089
2023-05-12 17:00:00+00:00,0.421346026,0,0.280425063,0.286761922
2023-05-12 18:00:00+00:00,0.420224834,0,0.093400256,0.320406981
2023-05-12 19:00:00+00:00,0.405101393,0,0.002915827,0.343357167
2023-05-12 20:00:00+00:00,0.388483031,0,0,0.346586264
2023-05-12 21:00:00+00:00,0.378906538,0,0,0.333978464
2023-05-12 22:00:00+00:00,0.371780368,0,0,0.339004489
2023-05-12 23:00:00+00:00,0.346653314,0,0,0.340077098
2023-05-13 00:00:00+00:00,0.337582621,0,0,0.338027339
2023-05-13 01:00:00+00:00,0.327747608,0,0,0.335861416
2023-05-13 02:00:00+00:00,0.315684261,0,0,0.33674525
2023-05-13 03:00:00+00:00,0.302347983,0,0,0.336518493
2023-05-13 04:00:00+00:00,0.301606142,0,0,0.336405151
2023-05-13 05:00:00+00:00,0.301679202,0,0.030797657,0.34009685
2023-05-13 06:00:00+00:00,0.297017406,0,0.241279577,0.349212481
2023-05-13 07:00:00+00:00,0.286336581,0,0.506860431,0.336324624
2023-05-13 08:00:00+00:00,0.256606741,0,0.585591835,0.352545538
2023-05-13 09:00:00+00:00,0.243245172,0,0.600501294,0.34094785
2023-05-13 10:00:00+00:00,0.227579401,0,0.615231317,0.334857827
2023-05-13 11:00:00+00:00,0.229566074,0,0.636522971,0.332786741
2023-05-13 12:00:00+00:00,0.235936352,0,0.630018434,0.322380079
2023-05-13 13:00:00+00:00,0.236914234,0,0.577920967,0.330568086
2023-05-13 14:00:00+00:00,0.246931897,0,0.525109837,0.3327103
2023-05-13 15:00:00+00:00,0.258006122,0,0.491926504,0.344659448
2023-05-13 16:00:00+00:00,0.279095201,0,0.445375225,0.354443369
2023-05-13 17:00:00+00:00,0.319129326,0,0.336453798,0.358222319
2023-05-13 18:00:00+00:00,0.354316194,0,0.117358974,0.367331721
2023-05-13 19:00:00+00:00,0.33709649,0,0.002968842,0.388546157
2023-05-13 20:00:00+00:00,0.322683981,0,0,0.382421101
2023-05-13 21:00:00+00:00,0.317322493,0,0,0.376253868
2023-05-13 22:00:00+00:00,0.310609394,0,0,0.339943327
2023-05-13 23:00:00+00:00,0.30035569,0,0,0.330020064
2023-05-14 00:00:00+00:00,0.297070796,0,0,0.325795844
2023-05-14 01:00:00+00:00,0.288725084,0,0,0.324393523
2023-05-14 02:00:00+00:00,0.27088437,0,0,0.325180286
2023-05-14 03:00:00+00:00,0.254218237,0,0,0.3272052
2023-05-14 04:00:00+00:00,0.250256132,0,0,0.328409968
2023-05-14 05:00:00+00:00,0.246190056,0,0.038280933,0.330157738
2023-05-14 06:00:00+00:00,0.239721427,0,0.252013083,0.328551014
2023-05-14 07:00:00+00:00,0.177184792,0,0.45445303,0.333121472
2023-05-14 08:00:00+00:00,0.150652736,0,0.499254813,0.339818203
2023-05-14 09:00:00+00:00,0.195399237,0,0.523078953,0.343148952
2023-05-14 10:00:00+00:00,0.213012341,0,0.546886782,0.342495558
2023-05-14 11:00:00+00:00,0.223561095,0,0.550626381,0.342570259
2023-05-14 12:00:00+00:00,0.238192785,0,0.532776627,0.328059938
2023-05-14 13:00:00+00:00,0.237754425,0,0.502562135,0.32598614
2023-05-14 14:00:00+00:00,0.240218798,0,0.474292888,0.324114474
2023-05-14 15:00:00+00:00,0.253389286,0,0.442687771,0.325873677
2023-05-14 16:00:00+00:00,0.278735521,0,0.394313591,0.33586367
2023-05-14 17:00:00+00:00,0.294392862,0,0.314766571,0.3461809
2023-05-14 18:00:00+00:00,0.370676036,0,0.105756837,0.325438558
2023-05-14 19:00:00+00:00,0.36573886,0,0.002834265,0.330197773
2023-05-14 20:00:00+00:00,0.354496034,0,0,0.357120192
2023-05-14 21:00:00+00:00,0.345804692,0,0,0.357611232
2023-05-14 22:00:00+00:00,0.320922108,0,0,0.320935764
2023-05-14 23:00:00+00:00,0.302912794,0,0,0.309999513
2023-05-15 00:00:00+00:00,0.284852899,0,0,0.30572989
2023-05-15 01:00:00+00:00,0.272966583,0,0,0.303662358
2023-05-15 02:00:00+00:00,0.275335416,0,0,0.301886188
2023-05-15 03:00:00+00:00,0.291509798,0,0,0.308920509
2023-05-15 04:00:00+00:00,0.306821509,0,0,0.341536658
2023-05-15 05:00:00+00:00,0.320747888,0,0.034606583,0.345655891
2023-05-15 06:00:00+00:00,0.309148192,0,0.248257172,0.320954013
2023-05-15 07:00:00+00:00,0.281607345,0,0.494304024,0.310770481
2023-05-15 08:00:00+00:00,0.286024671,0,0.603824929,0.297836287
2023-05-15 09:00:00+00:00,0.288508714,0,0.655881614,0.300357077
2023-05-15 10:00:00+00:00,0.299698149,0,0.671892155,0.307538582
2023-05-15 11:00:00+00:00,0.313793129,0,0.674865075,0.309109889
2023-05-15 12:00:00+00:00,0.29999601,0,0.681761107,0.301062415
2023-05-15 13:00:00+00:00,0.311758686,0,0.640046431,0.303300015
2023-05-15 14:00:00+00:00,0.339344494,0,0.600175047,0.304866613
2023-05-15 15:00:00+00:00,0.362383715,0,0.542201068,0.305552126
2023-05-15 16:00:00+00:00,0.410864711,0,0.461438781,0.310152376
2023-05-15 17:00:00+00:00,0.466216167,0,0.304208423,0.319399691
2023-05-15 18:00:00+00:00,0.485318573,0,0.106817138,0.34268415
2023-05-15 19:00:00+00:00,0.452076228,0,0.00299331,0.350933446
2023-05-15 20:00:00+00:00,0.436298056,0,0,0.352569944
2023-05-15 21:00:00+00:00,0.433769053,0,0,0.341918569
2023-05-15 22:00:00+00:00,0.436744847,0,0,0.325959371
2023-05-15 23:00:00+00:00,0.419735893,0,0,0.320955882
2023-05-16 00:00:00+00:00,0.414208616,0,0,0.317547043
2023-05-16 01:00:00+00:00,0.418255021,0,0,0.313254609
2023-05-16 02:00:00+00:00,0.430020507,0,0,0.310239426
2023-05-16 03:00:00+00:00,0.45363578,0,0,0.310762126
2023-05-16 04:00:00+00:00,0.457120184,0,0,0.322248708
2023-05-16 05:00:00+00:00,0.457856405,0,0.041119276,0.329413374
2023-05-16 06:00:00+00:00,0.434432213,0,0.265788836,0.332390904
2023-05-16 07:00:00+00:00,0.411839783,0,0.519180309,0.328003047
2023-05-16 08:00:00+00:00,0.381148921,0,0.624468167,0.316207166
2023-05-16 09:00:00+00:00,0.390728224,0,0.668197415,0.313815218
2023-05-16 10:00:00+00:00,0.376290424,0,0.711233388,0.316823841
2023-05-16 11:00:00+00:00,0.348881647,0,0.72711343,0.31539893
2023-05-16 12:00:00+00:00,0.339687314,0,0.729433857,0.305548718
2023-05-16 13:00:00+00:00,0.348977187,0,0.714642663,0.30492039
2023-05-16 14:00:00+00:00,0.369228884,0,0.668168868,0.307383886
2023-05-16 15:00:00+00:00,0.415335427,0,0.609864565,0.309476336
2023-05-16 16:00:00+00:00,0.444225077,0,0.51297755,0.3121003
2023-05-16 17:00:00+00:00,0.456560994,0,0.335862477,0.320877646
2023-05-16 18:00:00+00:00,0.466929908,0,0.113370612,0.344246755
2023-05-16 19:00:00+00:00,0.463288143,0,0.004200422,0.354134399
2023-05-16 20:00:00+00:00,0.481856648,0,0,0.354700285
2023-05-16 21:00:00+00:00,0.500804504,0,0,0.344385712
2023-05-16 22:00:00+00:00,0.500655574,0,0,0.330935926
2023-05-16 23:00:00+00:00,0.499315202,0,0,0.326626543
2023-05-17 00:00:00+00:00,0.485858094,0,0,0.329373321
2023-05-17 01:00:00+00:00,0.491525871,0,0,0.332486382
2023-05-17 02:00:00+00:00,0.495721207,0,0,0.332110242
2023-05-17 03:00:00+00:00,0.495709967,0,0,0.340604636
2023-05-17 04:00:00+00:00,0.496274778,0,0,0.381581113
2023-05-17 05:00:00+00:00,0.506185661,0,0.041041793,0.386707068
2023-05-17 06:00:00+00:00,0.485669823,0,0.196901916,0.352613075
2023-05-17 07:00:00+00:00,0.457701855,0,0.390247746,0.329136303
2023-05-17 08:00:00+00:00,0.434069723,0,0.494446757,0.318067398
2023-05-17 09:00:00+00:00,0.401184248,0,0.551282952,0.316923387
2023-05-17 10:00:00+00:00,0.384352325,0,0.587985668,0.321133755
2023-05-17 11:00:00+00:00,0.361501374,0,0.610655712,0.32025736
2023-05-17 12:00:00+00:00,0.355299695,0,0.60756045,0.319915245
2023-05-17 13:00:00+00:00,0.35854806,0,0.583157221,0.321669025
2023-05-17 14:00:00+00:00,0.379766399,0,0.555246845,0.319245636
2023-05-17 15:00:00+00:00,0.443446706,0,0.48027543,0.316256306
2023-05-17 16:00:00+00:00,0.464296934,0,0.380386949,0.315677778
2023-05-17 17:00:00+00:00,0.498904942,0,0.254370213,0.323455125
2023-05-17 18:00:00+00:00,0.513595642,0,0.091422388,0.344974189
2023-05-17 19:00:00+00:00,0.521429932,0,0.003543851,0.363941021
2023-05-17 20:00:00+00:00,0.516984506,0,0,0.367301306
2023-05-17 21:00:00+00:00,0.502664727,0,0,0.349595272
2023-05-17 22:00:00+00:00,0.476576651,0,0,0.331729925
2023-05-17 23:00:00+00:00,0.45422869,0,0,0.31832611
2023-05-18 00:00:00+00:00,0.433007541,0,0,0.314207353
2023-05-18 01:00:00+00:00,0.406084895,0,0,0.315279321
2023-05-18 02:00:00+00:00,0.3804689,0,0,0.324332107
2023-05-18 03:00:00+00:00,0.367629992,0,0,0.351337838
2023-05-18 04:00:00+00:00,0.378923398,0,0,0.360329849
2023-05-18 05:00:00+00:00,0.382669133,0,0.03076911,0.36414363
2023-05-18 06:00:00+00:00,0.381269751,0,0.193382533,0.350547632
2023-05-18 07:00:00+00:00,0.381719351,0,0.415327935,0.316839122
2023-05-18 08:00:00+00:00,0.369113674,0,0.539921422,0.297083641
2023-05-18 09:00:00+00:00,0.342887908,0,0.597593623,0.295155652
2023-05-18 10:00:00+00:00,0.336031499,0,0.620398244,0.297503021
2023-05-18 11:00:00+00:00,0.349859528,0,0.629753359,0.299352425
2023-05-18 12:00:00+00:00,0.357657289,0,0.601088537,0.301251721
2023-05-18 13:00:00+00:00,0.371853428,0,0.551030111,0.304202464
2023-05-18 14:00:00+00:00,0.395744081,0,0.517243221,0.302761924
2023-05-18 15:00:00+00:00,0.425131101,0,0.447826151,0.302477268
2023-05-18 16:00:00+00:00,0.490963871,0,0.399174662,0.305026421
2023-05-18 17:00:00+00:00,0.515132714,0,0.262187891,0.315990962
2023-05-18 18:00:00+00:00,0.524506886,0,0.088004957,0.338408591
2023-05-18 19:00:00+00:00,0.501537915,0,0.002981076,0.34843827
2023-05-18 20:00:00+00:00,0.481516638,0,0,0.346902544
2023-05-18 21:00:00+00:00,0.448209662,0,0,0.334772188
2023-05-18 22:00:00+00:00,0.40995989,0,0,0.310546161
2023-05-18 23:00:00+00:00,0.390407883,0,0,0.303209392
2023-05-19 00:00:00+00:00,0.368040253,0,0,0.30277409
2023-05-19 01:00:00+00:00,0.359674871,0,0,0.301700912
2023-05-19 02:00:00+00:00,0.360967473,0,0,0.303062191
2023-05-19 03:00:00+00:00,0.3736715,0,0,0.303394998
2023-05-19 04:00:00+00:00,0.384487205,0,0.000110108,0.309471389
2023-05-19 05:00:00+00:00,0.377552116,0,0.027249728,0.313749441
2023-05-19 06:00:00+00:00,0.357927049,0,0.194585566,0.311776489
2023-05-19 07:00:00+00:00,0.362459585,0,0.427064648,0.307651759
2023-05-19 08:00:00+00:00,0.356699077,0,0.546087478,0.304573602
2023-05-19 09:00:00+00:00,0.339760374,0,0.60705069,0.300417211
2023-05-19 10:00:00+00:00,0.341123226,0,0.604257205,0.300816162
2023-05-19 11:00:00+00:00,0.341451996,0,0.623672942,0.297385813
2023-05-19 12:00:00+00:00,0.347412015,0,0.589050046,0.287127599
2023-05-19 13:00:00+00:00,0.355676236,0,0.580371893,0.286198326
2023-05-19 14:00:00+00:00,0.366868481,0,0.55795469,0.28409763
2023-05-19 15:00:00+00:00,0.394139568,0,0.488814929,0.28220024
2023-05-19 16:00:00+00:00,0.406438955,0,0.408020017,0.282579623
2023-05-19 17:00:00+00:00,0.452936089,0,0.273027427,0.288747076
2023-05-19 18:00:00+00:00,0.459820598,0,0.095402593,0.308248701
2023-05-19 19:00:00+00:00,0.442682385,0,0.005162849,0.325215061
2023-05-19 20:00:00+00:00,0.427997305,0,0,0.327795913
2023-05-19 21:00:00+00:00,0.415071287,0,0,0.319814765
2023-05-19 22:00:00+00:00,0.38807558,0,0,0.325449661
2023-05-19 23:00:00+00:00,0.363726897,0,0,0.320794828
2023-05-20 00:00:00+00:00,0.349131737,0,0,0.309411255
2023-05-20 01:00:00+00:00,0.330529512,0,0,0.303676924
2023-05-20 02:00:00+00:00,0.315442601,0,0,0.307013078
2023-05-20 03:00:00+00:00,0.301561182,0,0,0.309714014
2023-05-20 04:00:00+00:00,0.287502733,0,0.000159045,0.307881082
2023-05-20 05:00:00+00:00,0.287474633,0,0.033464721,0.31593801
2023-05-20 06:00:00+00:00,0.2708647,0,0.185679041,0.315940575
2023-05-20 07:00:00+00:00,0.256918651,0,0.390700413,0.308023501
2023-05-20 08:00:00+00:00,0.200566834,0,0.509735477,0.295280867
2023-05-20 09:00:00+00:00,0.187654866,0,0.552388111,0.293669562
2023-05-20 10:00:00+00:00,0.176853212,0,0.569883072,0.292832303
2023-05-20 11:00:00+00:00,0.171443954,0,0.566783732,0.287902012
2023-05-20 12:00:00+00:00,0.19003494,0,0.550822129,0.275384432
2023-05-20 13:00:00+00:00,0.199085962,0,0.494389664,0.273698426
2023-05-20 14:00:00+00:00,0.22709327,0,0.450958116,0.274362997
2023-05-20 15:00:00+00:00,0.257817852,0,0.383453665,0.277170202
2023-05-20 16:00:00+00:00,0.315234661,0,0.26898605,0.286089161
2023-05-20 17:00:00+00:00,0.352520602,0,0.184655443,0.293402605
2023-05-20 18:00:00+00:00,0.38044923,0,0.077968803,0.286148855
2023-05-20 19:00:00+00:00,0.383441884,0,0.010647866,0.291529199
2023-05-20 20:00:00+00:00,0.378709837,0,0,0.29472951
2023-05-20 21:00:00+00:00,0.361636254,0,0,0.292180174
2023-05-20 22:00:00+00:00,0.343424619,0,0,0.303055631
2023-05-20 23:00:00+00:00,0.320702928,0,0,0.294237189
2023-05-21 00:00:00+00:00,0.303087014,0,0,0.28841163
2023-05-21 01:00:00+00:00,0.288786904,0,0,0.289620741
2023-05-21 02:00:00+00:00,0.280680043,0,0,0.291833258
2023-05-21 03:00:00+00:00,0.278805771,0,0,0.291195164
2023-05-21 04:00:00+00:00,0.280435573,0,0.000676961,0.290256106
2023-05-21 05:00:00+00:00,0.272983443,0,0.03444346,0.286763204
2023-05-21 06:00:00+00:00,0.242815242,0,0.1660594,0.284950903
2023-05-21 07:00:00+00:00,0.217317267,0,0.321103907,0.288360786
2023-05-21 08:00:00+00:00,0.188478197,0,0.421971127,0.286305915
2023-05-21 09:00:00+00:00,0.166754058,0,0.517736669,0.284329775
2023-05-21 10:00:00+00:00,0.173573937,0,0.558138203,0.287162064
2023-05-21 11:00:00+00:00,0.160102779,0,0.539219992,0.286602664
2023-05-21 12:00:00+00:00,0.183743341,0,0.490796876,0.274228144
2023-05-21 13:00:00+00:00,0.197234169,0,0.449363587,0.271358642
2023-05-21 14:00:00+00:00,0.200049793,0,0.387898772,0.271605298
2023-05-21 15:00:00+00:00,0.21991652,0,0.344459068,0.273080541
2023-05-21 16:00:00+00:00,0.231190256,0,0.285918236,0.276442603
2023-05-21 17:00:00+00:00,0.259470134,0,0.19355789,0.264367745
2023-05-21 18:00:00+00:00,0.278777671,0,0.069902362,0.283240217
2023-05-21 19:00:00+00:00,0.273455524,0,0.004159641,0.298175653
2023-05-21 20:00:00+00:00,0.280680043,0,0,0.292272445
2023-05-21 21:00:00+00:00,0.296269945,0,0,0.267078026
2023-05-21 22:00:00+00:00,0.284009898,0,0,0.258292966
2023-05-21 23:00:00+00:00,0.272778313,0,0,0.254504892
2023-05-22 00:00:00+00:00,0.260835796,0,0,0.249885311
2023-05-22 01:00:00+00:00,0.240364918,0,0,0.248594739
2023-05-22 02:00:00+00:00,0.220295871,0,0,0.251008252
2023-05-22 03:00:00+00:00,0.205546161,0,0,0.258763155
2023-05-22 04:00:00+00:00,0.201109165,0,0.000110108,0.267524303
2023-05-22 05:00:00+00:00,0.196233808,0,0.013963344,0.278013471
2023-05-22 06:00:00+00:00,0.167096878,0,0.082283411,0.281093313
2023-05-22 07:00:00+00:00,0.157731135,0,0.199866679,0.272194252
2023-05-22 08:00:00+00:00,0.138035819,0,0.328134516,0.250888827
2023-05-22 09:00:00+00:00,0.125357081,0,0.416791966,0.245799498
2023-05-22 10:00:00+00:00,0.137648038,0,0.447377562,0.256105496
2023-05-22 11:00:00+00:00,0.164126704,0,0.440518233,0.259999438
2023-05-22 12:00:00+00:00,0.19743087,0,0.415230061,0.264847351
2023-05-22 13:00:00+00:00,0.228090822,0,0.376684053,0.263722285
2023-05-22 14:00:00+00:00,0.272193832,0,0.316242836,0.263009838
2023-05-22 15:00:00+00:00,0.313427828,0,0.264194306,0.265849072
2023-05-22 16:00:00+00:00,0.345023511,0,0.196987555,0.266471024
2023-05-22 17:00:00+00:00,0.326342606,0,0.12208139,0.281649177
2023-05-22 18:00:00+00:00,0.301131251,0,0.048745285,0.312641451
2023-05-22 19:00:00+00:00,0.298613488,0,0.00634957,0.32114244
2023-05-22 20:00:00+00:00,0.282677956,0,0,0.319092754
2023-05-22 21:00:00+00:00,0.273278493,0,0,0.303823301
2023-05-22 22:00:00+00:00,0.259767995,0,0,0.288294825
2023-05-22 23:00:00+00:00,0.257132211,0,0,0.277280723
2023-05-23 00:00:00+00:00,0.24886799,0,0,0.270162888
2023-05-23 01:00:00+00:00,0.235911062,0,0,0.264241779
2023-05-23 02:00:00+00:00,0.227719901,0,0,0.262744054
2023-05-23 03:00:00+00:00,0.231710107,0,0,0.259230705
2023-05-23 04:00:00+00:00,0.246768917,0,0.002063508,0.262288359
2023-05-23 05:00:00+00:00,0.267512365,0,0.031927285,0.273773603
2023-05-23 06:00:00+00:00,0.25621615,0,0.135380007,0.28054694
2023-05-23 07:00:00+00:00,0.247277528,0,0.248840337,0.273528303
2023-05-23 08:00:00+00:00,0.250879953,0,0.307087547,0.263611472
2023-05-23 09:00:00+00:00,0.24186827,0,0.367663341,0.255034408
2023-05-23 10:00:00+00:00,0.253569126,0,0.380024,0.251766725
2023-05-23 11:00:00+00:00,0.273508914,0,0.410776798,0.253547438
2023-05-23 12:00:00+00:00,0.292038079,0,0.389713517,0.255712372
2023-05-23 13:00:00+00:00,0.318806175,0,0.386964892,0.25928853
2023-05-23 14:00:00+00:00,0.335424538,0,0.336351846,0.256686755
2023-05-23 15:00:00+00:00,0.349075537,0,0.293360732,0.259179805
2023-05-23 16:00:00+00:00,0.351865871,0,0.218654392,0.266768506
2023-05-23 17:00:00+00:00,0.297483866,0,0.129544275,0.297393912
2023-05-23 18:00:00+00:00,0.238889666,0,0.048574006,0.326725997
2023-05-23 19:00:00+00:00,0.207114143,0,0.003193136,0.337684015
2023-05-23 20:00:00+00:00,0.210980708,0,0,0.333494863
2023-05-23 21:00:00+00:00,0.207296793,0,0,0.318099023
2023-05-23 22:00:00+00:00,0.193699185,0,0,0.297861517
2023-05-23 23:00:00+00:00,0.18311109,0,0,0.285896483
2023-05-24 00:00:00+00:00,0.180635477,0,0,0.272775914
2023-05-24 01:00:00+00:00,0.185221403,0,0,0.267636161
2023-05-24 02:00:00+00:00,0.182273709,0,0,0.273651246
2023-05-24 03:00:00+00:00,0.183597221,0,0,0.294776379
2023-05-24 04:00:00+00:00,0.192971394,0,0.000101952,0.304534246
2023-05-24 05:00:00+00:00,0.185429343,0,0.026116022,0.314742439
2023-05-24 06:00:00+00:00,0.172812426,0,0.174855817,0.322955365
2023-05-24 07:00:00+00:00,0.174282058,0,0.402286237,0.316088382
2023-05-24 08:00:00+00:00,0.170806083,0,0.52272416,0.289211182
2023-05-24 09:00:00+00:00,0.164160424,0,0.543371477,0.275143786
2023-05-24 10:00:00+00:00,0.158655627,0,0.539448365,0.272384823
2023-05-24 11:00:00+00:00,0.156978054,0,0.53009325,0.275221692
2023-05-24 12:00:00+00:00,0.180992347,0,0.526427057,0.260817715
2023-05-24 13:00:00+00:00,0.220090741,0,0.533429119,0.259082294
2023-05-24 14:00:00+00:00,0.249553631,0,0.503871199,0.259290949
2023-05-24 15:00:00+00:00,0.300549581,0,0.434764062,0.263551997
2023-05-24 16:00:00+00:00,0.315717981,0,0.336461954,0.274984766
2023-05-24 17:00:00+00:00,0.317867634,0,0.228971933,0.305820989
2023-05-24 18:00:00+00:00,0.291920059,0,0.097188792,0.329345838
2023-05-24 19:00:00+00:00,0.27084784,0,0.005823498,0.340333538
2023-05-24 20:00:00+00:00,0.265163202,0,0,0.340425846
2023-05-24 21:00:00+00:00,0.258458533,0,0,0.323478651
2023-05-24 22:00:00+00:00,0.271494141,0,0,0.29864029
2023-05-24 23:00:00+00:00,0.280637893,0,0,0.28470509
2023-05-25 00:00:00+00:00,0.281584865,0,0,0.275974558
2023-05-25 01:00:00+00:00,0.279100821,0,0,0.263909283
2023-05-25 02:00:00+00:00,0.260085525,0,0,0.268758443
2023-05-25 03:00:00+00:00,0.247072398,0,0,0.30195552
2023-05-25 04:00:00+00:00,0.244408514,0,0.000101952,0.319091179
2023-05-25 05:00:00+00:00,0.245389205,0,0.030194101,0.329766666
2023-05-25 06:00:00+00:00,0.24876121,0,0.209792725,0.327871401
2023-05-25 07:00:00+00:00,0.258705813,0,0.43876058,0.29103433
2023-05-25 08:00:00+00:00,0.266984085,0,0.555165283,0.267406472
2023-05-25 09:00:00+00:00,0.264688312,0,0.616483288,0.25813631
2023-05-25 10:00:00+00:00,0.240525089,0,0.628933665,0.258125921
2023-05-25 11:00:00+00:00,0.247634398,0,0.654796845,0.255964891
2023-05-25 12:00:00+00:00,0.256713521,0,0.631217389,0.249952921
2023-05-25 13:00:00+00:00,0.274410925,0,0.57889155,0.24990367
2023-05-25 14:00:00+00:00,0.320686068,0,0.527246751,0.251896117
2023-05-25 15:00:00+00:00,0.362102715,0,0.456944737,0.264840865
2023-05-25 16:00:00+00:00,0.411890363,0,0.319146429,0.308428884
2023-05-25 17:00:00+00:00,0.411362082,0,0.227903476,0.314336892
2023-05-25 18:00:00+00:00,0.387122989,0,0.077312232,0.329076939
2023-05-25 19:00:00+00:00,0.342955348,0,0.004392092,0.341299749
2023-05-25 20:00:00+00:00,0.313149638,0,0,0.340686134
2023-05-25 21:00:00+00:00,0.298399928,0,0,0.321935285
2023-05-25 22:00:00+00:00,0.283287727,0,0,0.300590412
2023-05-25 23:00:00+00:00,0.289888426,0,0,0.290024218
2023-05-26 00:00:00+00:00,0.304669046,0,0,0.285212876
2023-05-26 01:00:00+00:00,0.312562347,0,0,0.280139359
2023-05-26 02:00:00+00:00,0.321630229,0,0,0.279668933
2023-05-26 03:00:00+00:00,0.334171276,0,0,0.282442755
2023-05-26 04:00:00+00:00,0.347648055,0,0.000142733,0.288002785
2023-05-26 05:00:00+00:00,0.356715937,0,0.011724479,0.297060298
2023-05-26 06:00:00+00:00,0.353765433,0,0.082736078,0.292042866
2023-05-26 07:00:00+00:00,0.338948283,0,0.19096831,0.282191885
2023-05-26 08:00:00+00:00,0.342362438,0,0.294200816,0.284450812
2023-05-26 09:00:00+00:00,0.35126453,0,0.3990931,0.273876025
2023-05-26 10:00:00+00:00,0.354838855,0,0.460769976,0.260753128
2023-05-26 11:00:00+00:00,0.339066303,0,0.479190661,0.239884746
2023-05-26 12:00:00+00:00,0.293704411,0,0.500706609,0.231508496
2023-05-26 13:00:00+00:00,0.253569126,0,0.492044768,0.229292828
2023-05-26 14:00:00+00:00,0.260268176,0,0.479394565,0.227053414
2023-05-26 15:00:00+00:00,0.301223981,0,0.425592461,0.228716168
2023-05-26 16:00:00+00:00,0.30024329,0,0.344875033,0.238094707
2023-05-26 17:00:00+00:00,0.290239676,0,0.249113568,0.274654066
2023-05-26 18:00:00+00:00,0.255111818,0,0.089787078,0.319631945
2023-05-26 19:00:00+00:00,0.240929729,0,0.005868356,0.367970548
2023-05-26 20:00:00+00:00,0.230201134,0,0,0.337647517
2023-05-26 21:00:00+00:00,0.224746917,0,0,0.310444197
2023-05-26 22:00:00+00:00,0.208864775,0,0,0.321966177
2023-05-26 23:00:00+00:00,0.188511918,0,0,0.312352764
2023-05-27 00:00:00+00:00,0.184926353,0,0,0.293594367
2023-05-27 01:00:00+00:00,0.175001419,0,0,0.286693909
2023-05-27 02:00:00+00:00,0.174568678,0,0,0.290191978
2023-05-27 03:00:00+00:00,0.157509145,0,0,0.291911385
2023-05-27 04:00:00+00:00,0.13155876,0,0.000252841,0.294334444
2023-05-27 05:00:00+00:00,0.115041557,0,0.023726267,0.305129283
2023-05-27 06:00:00+00:00,0.099440416,0,0.098346967,0.311704592
2023-05-27 07:00:00+00:00,0.092575576,0,0.180977015,0.306542083
2023-05-27 08:00:00+00:00,0.084991376,0,0.267089743,0.299072057
2023-05-27 09:00:00+00:00,0.057863599,0,0.341339338,0.293975509
2023-05-27 10:00:00+00:00,0.056601907,0,0.378466174,0.291204508
2023-05-27 11:00:00+00:00,0.078739118,0,0.381430938,0.283394162
2023-05-27 12:00:00+00:00,0.10237968,0,0.412016534,0.270555353
2023-05-27 13:00:00+00:00,0.126290003,0,0.379922048,0.26496674
2023-05-27 14:00:00+00:00,0.139527931,0,0.339981337,0.26228409
2023-05-27 15:00:00+00:00,0.153310999,0,0.26458988,0.26299683
2023-05-27 16:00:00+00:00,0.168988011,0,0.227071548,0.274484401
2023-05-27 17:00:00+00:00,0.156244643,0,0.143014172,0.289882073
2023-05-27 18:00:00+00:00,0.14643773,0,0.052374776,0.313122743
2023-05-27 19:00:00+00:00,0.124604,0,0.003857863,0.326224972
2023-05-27 20:00:00+00:00,0.097642013,0,0,0.325390406
2023-05-27 21:00:00+00:00,0.076389954,0,0,0.315318898
2023-05-27 22:00:00+00:00,0.072787529,0,0,0.303170018
2023-05-27 23:00:00+00:00,0.082215092,0,0,0.291562564
2023-05-28 00:00:00+00:00,0.072200239,0,0,0.271073363
2023-05-28 01:00:00+00:00,0.068876004,0,0,0.266689463
2023-05-28 02:00:00+00:00,0.060451613,0,0,0.268382651
2023-05-28 03:00:00+00:00,0.048781667,0,0,0.269932027
2023-05-28 04:00:00+00:00,0.045229822,0,0.000371105,0.275953561
2023-05-28 05:00:00+00:00,0.041155316,0,0.02284948,0.287941955
2023-05-28 06:00:00+00:00,0.033897076,0,0.100014901,0.28846253
2023-05-28 07:00:00+00:00,0.024753324,0,0.215465334,0.280017992
2023-05-28 08:00:00+00:00,0.024640924,0,0.337350976,0.27343834
2023-05-28 09:00:00+00:00,0.033368796,0,0.417799251,0.273852939
2023-05-28 10:00:00+00:00,0.051681591,0,0.479068319,0.278553284
2023-05-28 11:00:00+00:00,0.077884876,0,0.497248397,0.275188052
2023-05-28 12:00:00+00:00,0.107364627,0,0.445391538,0.261544709
2023-05-28 13:00:00+00:00,0.119866334,0,0.408542011,0.253241601
2023-05-28 14:00:00+00:00,0.117845941,0,0.376741146,0.248703922
2023-05-28 15:00:00+00:00,0.134599184,0,0.32096933,0.248185399
2023-05-28 16:00:00+00:00,0.155974883,0,0.251625665,0.252391316
2023-05-28 17:00:00+00:00,0.159366558,0,0.168000566,0.272353253
2023-05-28 18:00:00+00:00,0.156683004,0,0.067679808,0.277509349
2023-05-28 19:00:00+00:00,0.136906197,0,0.005089443,0.283622788
2023-05-28 20:00:00+00:00,0.129077526,0,0,0.293268082
2023-05-28 21:00:00+00:00,0.109410309,0,0,0.310339649
2023-05-28 22:00:00+00:00,0.097408783,0,0,0.274725596
2023-05-28 23:00:00+00:00,0.09495846,0,0,0.26367014
2023-05-29 00:00:00+00:00,0.102888291,0,0,0.259041508
2023-05-29 01:00:00+00:00,0.111225572,0,0,0.258654925
2023-05-29 02:00:00+00:00,0.113195385,0,0,0.269630477
2023-05-29 03:00:00+00:00,0.110362901,0,0,0.293682204
2023-05-29 04:00:00+00:00,0.105271174,0,0.000587243,0.299317045
2023-05-29 05:00:00+00:00,0.097602673,0,0.032437045,0.311560322
2023-05-29 06:00:00+00:00,0.08064149,0,0.155358519,0.31017145
2023-05-29 07:00:00+00:00,0.068850714,0,0.310215434,0.275713849
2023-05-29 08:00:00+00:00,0.06572318,0,0.422109781,0.264246121
2023-05-29 09:00:00+00:00,0.062590025,0,0.497489004,0.25391143
2023-05-29 10:00:00+00:00,0.063196986,0,0.540639164,0.248819554
2023-05-29 11:00:00+00:00,0.069112044,0,0.538596046,0.248969266
2023-05-29 12:00:00+00:00,0.078592997,0,0.548566951,0.246325753
2023-05-29 13:00:00+00:00,0.110548361,0,0.520481217,0.237090733
2023-05-29 14:00:00+00:00,0.135203335,0,0.460211279,0.235379644
2023-05-29 15:00:00+00:00,0.16093173,0,0.412844385,0.235066955
2023-05-29 16:00:00+00:00,0.157385505,0,0.351889329,0.236474552
2023-05-29 17:00:00+00:00,0.159835828,0,0.239016243,0.256684043
2023-05-29 18:00:00+00:00,0.164278444,0,0.084538589,0.288067646
2023-05-29 19:00:00+00:00,0.147173951,0,0.005452392,0.307271771
2023-05-29 20:00:00+00:00,0.126582243,0,0,0.307944294
2023-05-29 21:00:00+00:00,0.107018996,0,0,0.294486703
2023-05-29 22:00:00+00:00,0.082293772,0,0,0.276632404
2023-05-29 23:00:00+00:00,0.070033726,0,0,0.272255888
2023-05-30 00:00:00+00:00,0.064565458,0,0,0.276548085
2023-05-30 01:00:00+00:00,0.050537919,0,0,0.274557891
2023-05-30 02:00:00+00:00,0.045628842,0,0,0.285844631
2023-05-30 03:00:00+00:00,0.052277311,0,0,0.318672
2023-05-30 04:00:00+00:00,0.052139621,0,0.000260997,0.332831575
2023-05-30 05:00:00+00:00,0.041380117,0,0.032530841,0.337827552
2023-05-30 06:00:00+00:00,0.029794471,0,0.157589229,0.330374602
2023-05-30 07:00:00+00:00,0.020993539,0,0.304803823,0.294047351
2023-05-30 08:00:00+00:00,0.0216005,0,0.408468605,0.277188634
2023-05-30 09:00:00+00:00,0.026175186,0,0.493345675,0.263383468
2023-05-30 10:00:00+00:00,0.037749592,0,0.536075793,0.247743958
2023-05-30 11:00:00+00:00,0.053783473,0,0.555544545,0.237045807
2023-05-30 12:00:00+00:00,0.064424958,0,0.550120699,0.229717448
2023-05-30 13:00:00+00:00,0.090639484,0,0.529106355,0.227335834
2023-05-30 14:00:00+00:00,0.103472771,0,0.483203491,0.228290393
2023-05-30 15:00:00+00:00,0.120678425,0,0.437936808,0.245843362
2023-05-30 16:00:00+00:00,0.143453506,0,0.367777527,0.26415735
2023-05-30 17:00:00+00:00,0.148331673,0,0.264279946,0.280018743
2023-05-30 18:00:00+00:00,0.128765616,0,0.10823631,0.306192603
2023-05-30 19:00:00+00:00,0.106791386,0,0.009273553,0.326847309
2023-05-30 20:00:00+00:00,0.08073422,0,0,0.326792873
2023-05-30 21:00:00+00:00,0.060752283,0,0,0.31758662
2023-05-30 22:00:00+00:00,0.0513472,0,0,0.307621472
2023-05-30 23:00:00+00:00,0.036027059,0,0,0.299294783
2023-05-31 00:00:00+00:00,0.030145721,0,0,0.297271225
2023-05-31 01:00:00+00:00,0.030910042,0,0,0.29136056
2023-05-31 02:00:00+00:00,0.035529689,0,0,0.299864132
2023-05-31 03:00:00+00:00,0.03649914,0,0,0.331282218
2023-05-31 04:00:00+00:00,0.037783312,0,0.000301778,0.344436006
2023-05-31 05:00:00+00:00,0.03626591,0,0.042697493,0.359329906
2023-05-31 06:00:00+00:00,0.026644456,0,0.227524215,0.351725686
2023-05-31 07:00:00+00:00,0.019155796,0,0.441093242,0.309023627
2023-05-31 08:00:00+00:00,0.015738831,0,0.545944745,0.287728829
2023-05-31 09:00:00+00:00,0.012698407,0,0.621870431,0.272488106
2023-05-31 10:00:00+00:00,0.015297661,0,0.665726098,0.261528109
2023-05-31 11:00:00+00:00,0.028440049,0,0.652480496,0.25858759
2023-05-31 12:00:00+00:00,0.040849026,0,0.653475547,0.256272596
2023-05-31 13:00:00+00:00,0.073653011,0,0.623240666,0.251308409
2023-05-31 14:00:00+00:00,0.086865649,0,0.572798899,0.251086782
2023-05-31 15:00:00+00:00,0.120748675,0,0.477877519,0.25918937
2023-05-31 16:00:00+00:00,0.145367119,0,0.367161737,0.27118687
2023-05-31 17:00:00+00:00,0.141331953,0,0.280111051,0.289374104
2023-05-31 18:00:00+00:00,0.115367518,0,0.11401087,0.317906198
2023-05-31 19:00:00+00:00,0.082456753,0,0.009187913,0.329314232
2023-05-31 20:00:00+00:00,0.073619291,0,0,0.330382664
2023-05-31 21:00:00+00:00,0.06552367,0,0,0.317801761
2023-05-31 22:00:00+00:00,0.057456148,0,0,0.299479473
2023-05-31 23:00:00+00:00,0.053999844,0,0,0.290452778
2023-06-01 00:00:00+00:00,0.054111115,0,0,0.281707515
2023-06-01 01:00:00+00:00,0.050977613,0,0,0.27875122
2023-06-01 02:00:00+00:00,0.049319691,0,0,0.279427151
2023-06-01 03:00:00+00:00,0.054268211,0,0,0.293059757
2023-06-01 04:00:00+00:00,0.061040165,0,0,0.328515395
2023-06-01 05:00:00+00:00,0.067147268,0,0.041698392,0.348982829
2023-06-01 06:00:00+00:00,0.064431753,0,0.200666861,0.327965285
2023-06-01 07:00:00+00:00,0.057971185,0,0.371225446,0.304912254
2023-06-01 08:00:00+00:00,0.058074981,0,0.453097326,0.294424516
2023-06-01 09:00:00+00:00,0.062479276,0,0.517726046,0.282209365
2023-06-01 10:00:00+00:00,0.07433721,0,0.555570254,0.272491569
2023-06-01 11:00:00+00:00,0.094835417,0,0.566331186,0.269637147
2023-06-01 12:00:00+00:00,0.112093521,0,0.510243782,0.266933352
2023-06-01 13:00:00+00:00,0.136311535,0,0.436077948,0.262590238
2023-06-01 14:00:00+00:00,0.166112062,0,0.40553305,0.258739995
2023-06-01 15:00:00+00:00,0.177139632,0,0.356265429,0.264984549
2023-06-01 16:00:00+00:00,0.151406766,0,0.275026597,0.282770853
2023-06-01 17:00:00+00:00,0.137357905,0,0.20402641,0.308650328
2023-06-01 18:00:00+00:00,0.131738922,0,0.098014848,0.336018952
2023-06-01 19:00:00+00:00,0.123314656,0,0.038172319,0.354011437
2023-06-01 20:00:00+00:00,0.115541215,0,0.029927769,0.354508633
2023-06-01 21:00:00+00:00,0.111664313,0,0.029506321,0.336934044
2023-06-01 22:00:00+00:00,0.115179333,0,0.009619716,0.325560145
2023-06-01 23:00:00+00:00,0.118301614,0,0,0.300939252
2023-06-02 00:00:00+00:00,0.116206067,0,0,0.288469896
2023-06-02 01:00:00+00:00,0.115162502,0,0,0.281576254
2023-06-02 02:00:00+00:00,0.113484942,0,0,0.278481424
2023-06-02 03:00:00+00:00,0.104120905,0,0,0.289338925
2023-06-02 04:00:00+00:00,0.104449124,0,0.002276423,0.3355381
2023-06-02 05:00:00+00:00,0.099755884,0,0.033105473,0.351625646
2023-06-02 06:00:00+00:00,0.079280119,0,0.138138775,0.329205782
2023-06-02 07:00:00+00:00,0.059749735,0,0.284330447,0.319167528
2023-06-02 08:00:00+00:00,0.05564841,0,0.422552651,0.308744688
2023-06-02 09:00:00+00:00,0.050525963,0,0.538888614,0.299464961
2023-06-02 10:00:00+00:00,0.04907002,0,0.582402864,0.290864372
2023-06-02 11:00:00+00:00,0.050155665,0,0.585958534,0.288787972
2023-06-02 12:00:00+00:00,0.056335705,0,0.54070419,0.286545058
2023-06-02 13:00:00+00:00,0.062992643,0,0.491222771,0.28362878
2023-06-02 14:00:00+00:00,0.086298939,0,0.411063268,0.280955346
2023-06-02 15:00:00+00:00,0.10545622,0,0.353223044,0.284105509
2023-06-02 16:00:00+00:00,0.093006372,0,0.279571014,0.292209416
2023-06-02 17:00:00+00:00,0.090868746,0,0.188555629,0.307247128
2023-06-02 18:00:00+00:00,0.076906849,0,0.104382346,0.332086167
2023-06-02 19:00:00+00:00,0.081173686,0,0.042335477,0.353474904
2023-06-02 20:00:00+00:00,0.094686737,0,0.035098497,0.351495081
2023-06-02 21:00:00+00:00,0.086068906,0,0.031839509,0.335295365
2023-06-02 22:00:00+00:00,0.064566407,0,0.022789112,0.315746267
2023-06-02 23:00:00+00:00,0.050871012,0,0.010860739,0.306369267
2023-06-03 00:00:00+00:00,0.043540806,0,0,0.30213922
2023-06-03 01:00:00+00:00,0.037057796,0,0,0.297523084
2023-06-03 02:00:00+00:00,0.029946402,0,0,0.296884513
2023-06-03 03:00:00+00:00,0.02319689,0,0,0.297019366
2023-06-03 04:00:00+00:00,0.021847549,0,0.000297961,0.297730805
2023-06-03 05:00:00+00:00,0.019047876,0,0.035810961,0.294897123
2023-06-03 06:00:00+00:00,0.015260743,0,0.199415484,0.289115099
2023-06-03 07:00:00+00:00,0.011448362,0,0.39060724,0.279288689
2023-06-03 08:00:00+00:00,0.009826908,0,0.505616282,0.272217008
2023-06-03 09:00:00+00:00,0.012273116,0,0.55516524,0.267367153
2023-06-03 10:00:00+00:00,0.0173086,0,0.603526325,0.264569493
2023-06-03 11:00:00+00:00,0.033172478,0,0.579168992,0.259339137
2023-06-03 12:00:00+00:00,0.05490501,0,0.542539631,0.247755557
2023-06-03 13:00:00+00:00,0.069436379,0,0.502660507,0.244641836
2023-06-03 14:00:00+00:00,0.073720047,0,0.465192882,0.245293947
2023-06-03 15:00:00+00:00,0.100479647,0,0.393797411,0.246078401
2023-06-03 16:00:00+00:00,0.114576197,0,0.319350818,0.255338046
2023-06-03 17:00:00+00:00,0.149398183,0,0.215568953,0.26687626
2023-06-03 18:00:00+00:00,0.122972411,0,0.088244182,0.29510882
2023-06-03 19:00:00+00:00,0.081459825,0,0.006992156,0.316622112
2023-06-03 20:00:00+00:00,0.062984227,0,0,0.328410774
2023-06-03 21:00:00+00:00,0.051715403,0,0,0.328355001
2023-06-03 22:00:00+00:00,0.044303844,0,0,0.343113828
2023-06-03 23:00:00+00:00,0.042157802,0,0,0.343362005
2023-06-04 00:00:00+00:00,0.037360767,0,0,0.338608451
2023-06-04 01:00:00+00:00,0.032210266,0,0,0.333127133
2023-06-04 02:00:00+00:00,0.037262582,0,0,0.32816137
2023-06-04 03:00:00+00:00,0.043100377,0,0,0.315823715
2023-06-04 04:00:00+00:00,0.043044271,0,0.000560167,0.31741067
2023-06-04 05:00:00+00:00,0.040129582,0,0.043907559,0.318357954
2023-06-04 06:00:00+00:00,0.031626767,0,0.226243909,0.311726909
2023-06-04 07:00:00+00:00,0.026779237,0,0.392939283,0.310821546
2023-06-04 08:00:00+00:00,0.027258941,0,0.478203854,0.308953856
2023-06-04 09:00:00+00:00,0.026995244,0,0.534625782,0.306437096
2023-06-04 10:00:00+00:00,0.025836662,0,0.5546011,0.307345592
2023-06-04 11:00:00+00:00,0.030398053,0,0.541216684,0.303651731
2023-06-04 12:00:00+00:00,0.040735523,0,0.528456,0.290214221
2023-06-04 13:00:00+00:00,0.050803686,0,0.489705155,0.285168188
2023-06-04 14:00:00+00:00,0.0556961,0,0.440688555,0.28522211
2023-06-04 15:00:00+00:00,0.062128616,0,0.398687947,0.289037596
2023-06-04 16:00:00+00:00,0.072625987,0,0.323995039,0.298375624
2023-06-04 17:00:00+00:00,0.083558177,0,0.234694088,0.325086988
2023-06-04 18:00:00+00:00,0.089137886,0,0.089193685,0.359349071
2023-06-04 19:00:00+00:00,0.089979471,0,0.01094908,0.37484836
2023-06-04 20:00:00+00:00,0.083114942,0,0,0.377611152
2023-06-04 21:00:00+00:00,0.088408512,0,0,0.364282916
2023-06-04 22:00:00+00:00,0.091286733,0,0,0.32436604
2023-06-04 23:00:00+00:00,0.081381277,0,0,0.314842223
2023-06-05 00:00:00+00:00,0.060170528,0,0,0.314409082
2023-06-05 01:00:00+00:00,0.046146915,0,0,0.313984022
2023-06-05 02:00:00+00:00,0.037217697,0,0,0.315606925
2023-06-05 03:00:00+00:00,0.030765545,0,0,0.330505863
2023-06-05 04:00:00+00:00,0.027138313,0,0.000385363,0.339056103
2023-06-05 05:00:00+00:00,0.025191447,0,0.038011901,0.347626571
2023-06-05 06:00:00+00:00,0.018455961,0,0.218802825,0.34697642
2023-06-05 07:00:00+00:00,0.015513218,0,0.461716669,0.312572467
2023-06-05 08:00:00+00:00,0.015653482,0,0.586749125,0.296635219
2023-06-05 09:00:00+00:00,0.016534341,0,0.642678424,0.290012602
2023-06-05 10:00:00+00:00,0.020046556,0,0.640425838,0.286104222
2023-06-05 11:00:00+00:00,0.028636335,0,0.612826687,0.281801069
2023-06-05 12:00:00+00:00,0.046783714,0,0.564072292,0.269980178
2023-06-05 13:00:00+00:00,0.072684898,0,0.500654235,0.266967212
2023-06-05 14:00:00+00:00,0.103341037,0,0.450839099,0.266929211
2023-06-05 15:00:00+00:00,0.115013822,0,0.422814857,0.269411378
2023-06-05 16:00:00+00:00,0.122231816,0,0.360791258,0.283292491
2023-06-05 17:00:00+00:00,0.108135266,0,0.239731618,0.31510361
2023-06-05 18:00:00+00:00,0.095062645,0,0.104592159,0.342259805
2023-06-05 19:00:00+00:00,0.09279317,0,0.040686086,0.355246658
2023-06-05 20:00:00+00:00,0.099581957,0,0.028417867,0.356212649
2023-06-05 21:00:00+00:00,0.114724877,0,0.004618161,0.3409141
2023-06-05 22:00:00+00:00,0.107548962,0,0,0.328633959
2023-06-05 23:00:00+00:00,0.106062162,0,0,0.317114562
2023-06-06 00:00:00+00:00,0.091398944,0,0,0.313772234
2023-06-06 01:00:00+00:00,0.084217418,0,0,0.312003448
2023-06-06 02:00:00+00:00,0.072328627,0,0,0.306288575
2023-06-06 03:00:00+00:00,0.075593977,0,0,0.325266621
2023-06-06 04:00:00+00:00,0.081055864,0,0.00059195,0.338788468
2023-06-06 05:00:00+00:00,0.08314019,0,0.048003532,0.351538981
2023-06-06 06:00:00+00:00,0.074081929,0,0.249115409,0.352488959
2023-06-06 07:00:00+00:00,0.064358816,0,0.46327004,0.340114659
2023-06-06 08:00:00+00:00,0.067035057,0,0.570889644,0.332692967
2023-06-06 09:00:00+00:00,0.074272688,0,0.624709379,0.3294926
2023-06-06 10:00:00+00:00,0.080870715,0,0.626377961,0.312680642
2023-06-06 11:00:00+00:00,0.089337061,0,0.622564058,0.301957279
2023-06-06 12:00:00+00:00,0.103189551,0,0.615532174,0.286415996
2023-06-06 13:00:00+00:00,0.113628012,0,0.587738356,0.282499206
2023-06-06 14:00:00+00:00,0.118941219,0,0.56662284,0.285755291
2023-06-06 15:00:00+00:00,0.124231983,0,0.516140271,0.299465511
2023-06-06 16:00:00+00:00,0.140693388,0,0.406955377,0.316716326
2023-06-06 17:00:00+00:00,0.156560072,0,0.268061767,0.336366124
2023-06-06 18:00:00+00:00,0.184691455,0,0.118723625,0.359492865
2023-06-06 19:00:00+00:00,0.232886227,0,0.045254344,0.366031859
2023-06-06 20:00:00+00:00,0.253078658,0,0.039863233,0.361197064
2023-06-06 21:00:00+00:00,0.273251453,0,0.027448184,0.33560483
2023-06-06 22:00:00+00:00,0.282138591,0,0.015629057,0.311521661
2023-06-06 23:00:00+00:00,0.291819625,0,0,0.286492107
2023-06-07 00:00:00+00:00,0.29399933,0,0,0.27289871
2023-06-07 01:00:00+00:00,0.290815333,0,0,0.26771394
2023-06-07 02:00:00+00:00,0.254862819,0,0,0.271781193
2023-06-07 03:00:00+00:00,0.224506845,0,0,0.297649509
2023-06-07 04:00:00+00:00,0.197671502,0,0.000333717,0.314275402
2023-06-07 05:00:00+00:00,0.172676426,0,0.010019441,0.333062272
2023-06-07 06:00:00+00:00,0.158905289,0,0.04510735,0.342324226
2023-06-07 07:00:00+00:00,0.153328385,0,0.079190135,0.320928673
2023-06-07 08:00:00+00:00,0.148127389,0,0.118846782,0.31242631
2023-06-07 09:00:00+00:00,0.148152637,0,0.168912205,0.311003102
2023-06-07 10:00:00+00:00,0.150520296,0,0.223852274,0.305756439
2023-06-07 11:00:00+00:00,0.165368662,0,0.293992335,0.304982411
2023-06-07 12:00:00+00:00,0.180822969,0,0.326017203,0.304445199
2023-06-07 13:00:00+00:00,0.180668679,0,0.331865187,0.308133545
2023-06-07 14:00:00+00:00,0.185345086,0,0.320149354,0.312247117
2023-06-07 15:00:00+00:00,0.188834859,0,0.304099178,0.322791343
2023-06-07 16:00:00+00:00,0.193286844,0,0.251399778,0.336767658
2023-06-07 17:00:00+00:00,0.178494584,0,0.176198349,0.347606196
2023-06-07 18:00:00+00:00,0.161256116,0,0.106165646,0.361023808
2023-06-07 19:00:00+00:00,0.153364853,0,0.052417033,0.364628989
2023-06-07 20:00:00+00:00,0.150071451,0,0.041440681,0.357124003
2023-06-07 21:00:00+00:00,0.154607594,0,0.033439521,0.341567219
2023-06-07 22:00:00+00:00,0.161191595,0,0.025327623,0.323702807
2023-06-07 23:00:00+00:00,0.162347372,0,0.007903338,0.31126251
2023-06-08 00:00:00+00:00,0.166328069,0,0,0.299488048
2023-06-08 01:00:00+00:00,0.173377747,0,0,0.295144329
2023-06-08 02:00:00+00:00,0.162414698,0,0,0.304434426
2023-06-08 03:00:00+00:00,0.157281029,0,0,0.331704256
2023-06-08 04:00:00+00:00,0.156919148,0,0.000742917,0.349927878
2023-06-08 05:00:00+00:00,0.145005108,0,0.028401659,0.377618041
2023-06-08 06:00:00+00:00,0.121609043,0,0.077823487,0.38329823
2023-06-08 07:00:00+00:00,0.115813327,0,0.1486429,0.354158914
2023-06-08 08:00:00+00:00,0.123990729,0,0.226597489,0.328581319
2023-06-08 09:00:00+00:00,0.136008564,0,0.307344969,0.306735677
2023-06-08 10:00:00+00:00,0.141178702,0,0.342587817,0.296835776
2023-06-08 11:00:00+00:00,0.139501142,0,0.331281183,0.29126204
2023-06-08 12:00:00+00:00,0.151583498,0,0.328615424,0.288187255
2023-06-08 13:00:00+00:00,0.151064521,0,0.322016577,0.284330599
2023-06-08 14:00:00+00:00,0.16723137,0,0.330685261,0.288093188
2023-06-08 15:00:00+00:00,0.172151838,0,0.273317802,0.295894519
2023-06-08 16:00:00+00:00,0.172505303,0,0.211536545,0.309382837
2023-06-08 17:00:00+00:00,0.17370877,0,0.163107922,0.34161614
2023-06-08 18:00:00+00:00,0.180087985,0,0.102947573,0.370118882
2023-06-08 19:00:00+00:00,0.188983539,0,0.051451936,0.379728997
2023-06-08 20:00:00+00:00,0.179397885,0,0.043800293,0.377130483
2023-06-08 21:00:00+00:00,0.191081891,0,0.043712891,0.364234655
2023-06-08 22:00:00+00:00,0.192377932,0,0.026880071,0.341246431
2023-06-08 23:00:00+00:00,0.194521169,0,0.025469721,0.327295456
2023-06-09 00:00:00+00:00,0.201629758,0,0.004135701,0.3222121
2023-06-09 01:00:00+00:00,0.226013282,0,0,0.321613453
2023-06-09 02:00:00+00:00,0.232285897,0,0,0.323685034
2023-06-09 03:00:00+00:00,0.241330131,0,0,0.326182042
2023-06-09 04:00:00+00:00,0.254408363,0,0.000214532,0.336755236
2023-06-09 05:00:00+00:00,0.254638396,0,0.031714988,0.361290655
2023-06-09 06:00:00+00:00,0.241004718,0,0.209649458,0.374709403
2023-06-09 07:00:00+00:00,0.255614635,0,0.396840588,0.374212885
2023-06-09 08:00:00+00:00,0.27980179,0,0.453826657,0.367004154
2023-06-09 09:00:00+00:00,0.295828375,0,0.487833959,0.351083671
2023-06-09 10:00:00+00:00,0.290369293,0,0.512469389,0.354009019
2023-06-09 11:00:00+00:00,0.269225871,0,0.56854171,0.351025296
2023-06-09 12:00:00+00:00,0.26234451,0,0.581985718,0.347340082
2023-06-09 13:00:00+00:00,0.277638916,0,0.570162619,0.345329496
2023-06-09 14:00:00+00:00,0.289036783,0,0.551061321,0.347061802
2023-06-09 15:00:00+00:00,0.294563192,0,0.471640762,0.352012394
2023-06-09 16:00:00+00:00,0.278163504,0,0.437442765,0.367679113
2023-06-09 17:00:00+00:00,0.253521893,0,0.304123015,0.392589536
2023-06-09 18:00:00+00:00,0.195051368,0,0.147848337,0.419944894
2023-06-09 19:00:00+00:00,0.164689783,0,0.049751571,0.429289958
2023-06-09 20:00:00+00:00,0.149754454,0,0.037801341,0.430384206
2023-06-09 21:00:00+00:00,0.151687294,0,0.026967473,0.41966863
2023-06-09 22:00:00+00:00,0.160212551,0,0,0.421080789
2023-06-09 23:00:00+00:00,0.158257268,0,0,0.419582038
2023-06-10 00:00:00+00:00,0.144488936,0,0,0.412440128
2023-06-10 01:00:00+00:00,0.126843703,0,0,0.40536548
2023-06-10 02:00:00+00:00,0.117799468,0,0,0.402127497
2023-06-10 03:00:00+00:00,0.112418934,0,0,0.404876108
2023-06-10 04:00:00+00:00,0.097921229,0,0.00069127,0.411756008
2023-06-10 05:00:00+00:00,0.084691511,0,0.037916553,0.42166661
2023-06-10 06:00:00+00:00,0.063966076,0,0.180266513,0.419457116
2023-06-10 07:00:00+00:00,0.048823155,0,0.361895701,0.401796302
2023-06-10 08:00:00+00:00,0.044435692,0,0.489915714,0.388270479
2023-06-10 09:00:00+00:00,0.040541958,0,0.578569097,0.380787333
2023-06-10 10:00:00+00:00,0.039599383,0,0.625035149,0.374483213
2023-06-10 11:00:00+00:00,0.037795586,0,0.646766451,0.370848295
2023-06-10 12:00:00+00:00,0.043815724,0,0.639424688,0.366363091
2023-06-10 13:00:00+00:00,0.045810281,0,0.620871639,0.363876875
2023-06-10 14:00:00+00:00,0.050231408,0,0.605270391,0.361618442
2023-06-10 15:00:00+00:00,0.058495773,0,0.561235702,0.35960093
2023-06-10 16:00:00+00:00,0.063783733,0,0.492160355,0.366184283
2023-06-10 17:00:00+00:00,0.07087549,0,0.327320286,0.382947649
2023-06-10 18:00:00+00:00,0.070903543,0,0.118600467,0.409822266
2023-06-10 19:00:00+00:00,0.067063109,0,0.012863977,0.425887496
2023-06-10 20:00:00+00:00,0.072452059,0,0,0.428544715
2023-06-10 21:00:00+00:00,0.087404221,0,0,0.417383208
2023-06-10 22:00:00+00:00,0.086032437,0,0,0.399152715
2023-06-10 23:00:00+00:00,0.086986233,0,0,0.389981311
2023-06-11 00:00:00+00:00,0.078410481,0,0,0.38204432
2023-06-11 01:00:00+00:00,0.071576811,0,0,0.374148464
2023-06-11 02:00:00+00:00,0.05886046,0,0,0.371702044
2023-06-11 03:00:00+00:00,0.049103684,0,0,0.370430545
2023-06-11 04:00:00+00:00,0.039955654,0,0.000444955,0.372458501
2023-06-11 05:00:00+00:00,0.041156315,0,0.042401862,0.377134917
2023-06-11 06:00:00+00:00,0.029306798,0,0.215580871,0.371261428
2023-06-11 07:00:00+00:00,0.019956787,0,0.403046126,0.350915691
2023-06-11 08:00:00+00:00,0.013381203,0,0.548510773,0.343652084
2023-06-11 09:00:00+00:00,0.019345236,0,0.582899466,0.341965731
2023-06-11 10:00:00+00:00,0.031382707,0,0.602986022,0.338215327
2023-06-11 11:00:00+00:00,0.059028777,0,0.588568674,0.334359092
2023-06-11 12:00:00+00:00,0.094257528,0,0.549893313,0.331786926
2023-06-11 13:00:00+00:00,0.114169431,0,0.550374024,0.3301682
2023-06-11 14:00:00+00:00,0.112573225,0,0.533950404,0.329249462
2023-06-11 15:00:00+00:00,0.104805395,0,0.510780943,0.33294893
2023-06-11 16:00:00+00:00,0.106266947,0,0.449806167,0.345717069
2023-06-11 17:00:00+00:00,0.120057722,0,0.355388229,0.36886948
2023-06-11 18:00:00+00:00,0.114043194,0,0.147884092,0.400674754
2023-06-11 19:00:00+00:00,0.09783146,0,0.016066067,0.419172827
2023-06-11 20:00:00+00:00,0.073217902,0,0,0.419705824
2023-06-11 21:00:00+00:00,0.064751556,0,0,0.403238968
2023-06-11 22:00:00+00:00,0.052231575,0,0,0.376658591
2023-06-11 23:00:00+00:00,0.039445092,0,0,0.367848851
2023-06-12 00:00:00+00:00,0.032389804,0,0,0.361476957
2023-06-12 01:00:00+00:00,0.033551192,0,0,0.358494443
2023-06-12 02:00:00+00:00,0.032140134,0,0,0.361379189
2023-06-12 03:00:00+00:00,0.028075278,0,0,0.383858124
2023-06-12 04:00:00+00:00,0.020099857,0,0.000862101,0.399757298
2023-06-12 05:00:00+00:00,0.017990284,0,0.042763388,0.410598291
2023-06-12 06:00:00+00:00,0.014472458,0,0.227634394,0.404955261
2023-06-12 07:00:00+00:00,0.009209746,0,0.451887923,0.37508939
2023-06-12 08:00:00+00:00,0.00825595,0,0.562705644,0.360011937
2023-06-12 09:00:00+00:00,0.012932357,0,0.639178373,0.347548408
2023-06-12 10:00:00+00:00,0.017131867,0,0.644843609,0.343003949
2023-06-12 11:00:00+00:00,0.029141286,0,0.62646139,0.342635376
2023-06-12 12:00:00+00:00,0.050730748,0,0.57235164,0.332711253
2023-06-12 13:00:00+00:00,0.08205174,0,0.51046709,0.331881909
2023-06-12 14:00:00+00:00,0.103450443,0,0.437418928,0.335500649
2023-06-12 15:00:00+00:00,0.148865179,0,0.406812356,0.345772751
2023-06-12 16:00:00+00:00,0.149872275,0,0.332294251,0.369347584
2023-06-12 17:00:00+00:00,0.140325895,0,0.259706936,0.387879919
2023-06-12 18:00:00+00:00,0.166729224,0,0.138333015,0.403291957
2023-06-12 19:00:00+00:00,0.173383357,0,0.045312644,0.429603161
2023-06-12 20:00:00+00:00,0.129205751,0,0.02952265,0.444607416
2023-06-12 21:00:00+00:00,0.113431642,0,0.004676002,0.439746896
2023-06-12 22:00:00+00:00,0.120860033,0,0,0.423462458
2023-06-12 23:00:00+00:00,0.109392033,0,0,0.409059323
2023-06-13 00:00:00+00:00,0.084705538,0,0,0.396014425
2023-06-13 01:00:00+00:00,0.07651411,0,0,0.391418682
2023-06-13 02:00:00+00:00,0.090341353,0,0,0.392709254
2023-06-13 03:00:00+00:00,0.095693834,0,0,0.411236459
2023-06-13 04:00:00+00:00,0.094299608,0,0.001231573,0.428359146
2023-06-13 05:00:00+00:00,0.080057183,0,0.042306514,0.444662713
2023-06-13 06:00:00+00:00,0.075560313,0,0.222298903,0.446814124
2023-06-13 07:00:00+00:00,0.072550244,0,0.38191472,0.424882038
2023-06-13 08:00:00+00:00,0.071697438,0,0.480337256,0.402740454
2023-06-13 09:00:00+00:00,0.072275326,0,0.569336273,0.383901988
2023-06-13 10:00:00+00:00,0.081796459,0,0.622238287,0.375785768
2023-06-13 11:00:00+00:00,0.105231798,0,0.606986648,0.376839964
2023-06-13 12:00:00+00:00,0.15076155,0,0.552932517,0.373785076
2023-06-13 13:00:00+00:00,0.191396083,0,0.555463201,0.371334259
2023-06-13 14:00:00+00:00,0.237419566,0,0.526461646,0.374610132
2023-06-13 15:00:00+00:00,0.273930331,0,0.447406586,0.37730253
2023-06-13 16:00:00+00:00,0.311585653,0,0.379574731,0.388182275
2023-06-13 17:00:00+00:00,0.336552677,0,0.30789719,0.410430862
2023-06-13 18:00:00+00:00,0.300978876,0,0.169223159,0.460012491
2023-06-13 19:00:00+00:00,0.282898823,0,0.048856684,0.481877242
2023-06-13 20:00:00+00:00,0.283802124,0,0.019614642,0.483323884
2023-06-13 21:00:00+00:00,0.302291748,0,0,0.464224728
2023-06-13 22:00:00+00:00,0.29256022,0,0,0.435274664
2023-06-13 23:00:00+00:00,0.276682315,0,0,0.426085414
2023-06-14 00:00:00+00:00,0.265898804,0,0,0.421687131
2023-06-14 01:00:00+00:00,0.273035446,0,0,0.415712154
2023-06-14 02:00:00+00:00,0.276774889,0,0,0.417710922
2023-06-14 03:00:00+00:00,0.267074218,0,0,0.437675737
2023-06-14 04:00:00+00:00,0.255684767,0,0.001549398,0.443130725
2023-06-14 05:00:00+00:00,0.256198134,0,0.06700551,0.445448889
2023-06-14 06:00:00+00:00,0.242182937,0,0.302347167,0.445834831
2023-06-14 07:00:00+00:00,0.222955523,0,0.511833739,0.413808644
2023-06-14 08:00:00+00:00,0.216761457,0,0.565284001,0.403876697
2023-06-14 09:00:00+00:00,0.201035037,0,0.589855866,0.401260153
2023-06-14 10:00:00+00:00,0.206791479,0,0.627820093,0.40020473
2023-06-14 11:00:00+00:00,0.197615397,0,0.627963115,0.395262585
2023-06-14 12:00:00+00:00,0.188980734,0,0.617899972,0.386747854
2023-06-14 13:00:00+00:00,0.181793597,0,0.602473529,0.38912463
2023-06-14 14:00:00+00:00,0.187031062,0,0.582180386,0.393485206
2023-06-14 15:00:00+00:00,0.197663087,0,0.553647624,0.403025696
2023-06-14 16:00:00+00:00,0.204631411,0,0.490189839,0.410490666
2023-06-14 17:00:00+00:00,0.196532557,0,0.392065264,0.433386765
2023-06-14 18:00:00+00:00,0.192964237,0,0.224567381,0.474862178
2023-06-14 19:00:00+00:00,0.183375777,0,0.064848271,0.481594382
2023-06-14 20:00:00+00:00,0.187474297,0,0.042636258,0.486191627
2023-06-14 21:00:00+00:00,0.187255484,0,0.027340918,0.472481554
2023-06-14 22:00:00+00:00,0.184828914,0,0.000794563,0.430734383
2023-06-14 23:00:00+00:00,0.186837497,0,0,0.418338023
2023-06-15 00:00:00+00:00,0.179846731,0,0,0.411866162
2023-06-15 01:00:00+00:00,0.168109424,0,0,0.407582467
2023-06-15 02:00:00+00:00,0.158812714,0,0,0.416450234
2023-06-15 03:00:00+00:00,0.148494881,0,0,0.441897758
2023-06-15 04:00:00+00:00,0.143911048,0,0.00150967,0.451461756
2023-06-15 05:00:00+00:00,0.137293384,0,0.062973102,0.456503722
2023-06-15 06:00:00+00:00,0.121367789,0,0.300762013,0.44956006
2023-06-15 07:00:00+00:00,0.104160179,0,0.527434986,0.421415704
2023-06-15 08:00:00+00:00,0.098297137,0,0.613736462,0.408643259
2023-06-15 09:00:00+00:00,0.092063797,0,0.647660335,0.397145757
2023-06-15 10:00:00+00:00,0.089241681,0,0.658851757,0.394789318
2023-06-15 11:00:00+00:00,0.097452746,0,0.66358338,0.391724354
2023-06-15 12:00:00+00:00,0.102917439,0,0.663654891,0.389740702
2023-06-15 13:00:00+00:00,0.107304902,0,0.654418094,0.390354464
2023-06-15 14:00:00+00:00,0.105585264,0,0.631483029,0.387541872
2023-06-15 15:00:00+00:00,0.115709532,0,0.600439447,0.386999163
2023-06-15 16:00:00+00:00,0.137167146,0,0.538074186,0.394209361
2023-06-15 17:00:00+00:00,0.145094877,0,0.407388414,0.413114648
2023-06-15 18:00:00+00:00,0.145916826,0,0.191461907,0.457373411
2023-06-15 19:00:00+00:00,0.142828208,0,0.049705259,0.47383292
2023-06-15 20:00:00+00:00,0.150713861,0,0.029132632,0.471087332
2023-06-15 21:00:00+00:00,0.153496702,0,0.022029397,0.451952008
2023-06-15 22:00:00+00:00,0.143408902,0,0,0.432467001
2023-06-15 23:00:00+00:00,0.140244542,0,0,0.419670499
2023-06-16 00:00:00+00:00,0.129721923,0,0,0.418740895
2023-06-16 01:00:00+00:00,0.104508035,0,0,0.415792626
2023-06-16 02:00:00+00:00,0.080222695,0,0,0.413285632
2023-06-16 03:00:00+00:00,0.065273338,0,0,0.420187519
2023-06-16 04:00:00+00:00,0.050183718,0,0.000727025,0.413909564
2023-06-16 05:00:00+00:00,0.04485929,0,0.060136511,0.428903393
2023-06-16 06:00:00+00:00,0.031020826,0,0.282741321,0.43578234
2023-06-16 07:00:00+00:00,0.028086499,0,0.508436981,0.418008569
2023-06-16 08:00:00+00:00,0.034743437,0,0.611098512,0.391318623
2023-06-16 09:00:00+00:00,0.044545098,0,0.6464963,0.365498568
2023-06-16 10:00:00+00:00,0.052332565,0,0.652721702,0.350628873
2023-06-16 11:00:00+00:00,0.057429766,0,0.667933613,0.344985366
2023-06-16 12:00:00+00:00,0.067085552,0,0.669165186,0.343122788
2023-06-16 13:00:00+00:00,0.072502554,0,0.645773247,0.338892136
2023-06-16 14:00:00+00:00,0.075442491,0,0.628475608,0.34061911
2023-06-16 15:00:00+00:00,0.077235068,0,0.588497163,0.352485991
2023-06-16 16:00:00+00:00,0.083855537,0,0.522766928,0.359182246
2023-06-16 17:00:00+00:00,0.084060323,0,0.380671228,0.378176873
2023-06-16 18:00:00+00:00,0.085962305,0,0.190826257,0.400208413
2023-06-16 19:00:00+00:00,0.098420569,0,0.051881,0.413830851
2023-06-16 20:00:00+00:00,0.104101268,0,0.032100351,0.426124367
2023-06-16 21:00:00+00:00,0.106575529,0,0.01000355,0.426645272
2023-06-16 22:00:00+00:00,0.109004904,0,0,0.426896527
2023-06-16 23:00:00+00:00,0.106794341,0,0,0.418363491
2023-06-17 00:00:00+00:00,0.098897467,0,0,0.409033379
2023-06-17 01:00:00+00:00,0.086596299,0,0,0.402537753
2023-06-17 02:00:00+00:00,0.077846619,0,0,0.404662946
2023-06-17 03:00:00+00:00,0.072460475,0,0,0.407164168
2023-06-17 04:00:00+00:00,0.074763613,0,0.001235546,0.403717842
2023-06-17 05:00:00+00:00,0.07572302,0,0.057339649,0.398209297
2023-06-17 06:00:00+00:00,0.064698255,0,0.286034785,0.396775829
2023-06-17 07:00:00+00:00,0.05366788,0,0.510081727,0.38773105
2023-06-17 08:00:00+00:00,0.057003362,0,0.60796396,0.366492227
2023-06-17 09:00:00+00:00,0.074715923,0,0.654497551,0.353312366
2023-06-17 10:00:00+00:00,0.094936407,0,0.663321174,0.354830062
2023-06-17 11:00:00+00:00,0.126408884,0,0.643766976,0.347528766
2023-06-17 12:00:00+00:00,0.155227562,0,0.624832536,0.34116519
2023-06-17 13:00:00+00:00,0.178329072,0,0.584830255,0.338908681
2023-06-17 14:00:00+00:00,0.189581065,0,0.541808633,0.335079638
2023-06-17 15:00:00+00:00,0.234964942,0,0.495290934,0.333377893
2023-06-17 16:00:00+00:00,0.263643356,0,0.43430424,0.337789222
2023-06-17 17:00:00+00:00,0.264215634,0,0.32621187,0.361592498
2023-06-17 18:00:00+00:00,0.259253088,0,0.15490392,0.391424014
2023-06-17 19:00:00+00:00,0.253311497,0,0.047341828,0.40954034
2023-06-17 20:00:00+00:00,0.190223475,0,0.027187355,0.4177258
2023-06-17 21:00:00+00:00,0.174306295,0,0.013572105,0.408710172
2023-06-17 22:00:00+00:00,0.200729262,0,0,0.390577411
2023-06-17 23:00:00+00:00,0.211364092,0,0,0.39264978
2023-06-18 00:00:00+00:00,0.219695784,0,0,0.397584504
2023-06-18 01:00:00+00:00,0.211484719,0,0,0.398462384
2023-06-18 02:00:00+00:00,0.210309305,0,0,0.392641864
2023-06-18 03:00:00+00:00,0.207576959,0,0,0.397602094
2023-06-18 04:00:00+00:00,0.200692793,0,0.000802509,0.394381078
2023-06-18 05:00:00+00:00,0.189541791,0,0.023256863,0.389100738
2023-06-18 06:00:00+00:00,0.174070652,0,0.12597004,0.380571093
2023-06-18 07:00:00+00:00,0.175400356,0,0.297178533,0.373641832
2023-06-18 08:00:00+00:00,0.175992271,0,0.41970017,0.367651189
2023-06-18 09:00:00+00:00,0.179465212,0,0.494925435,0.365791213
2023-06-18 10:00:00+00:00,0.176261578,0,0.531276699,0.362070271
2023-06-18 11:00:00+00:00,0.184610102,0,0.535762008,0.363863224
2023-06-18 12:00:00+00:00,0.187146078,0,0.540271154,0.366088475
2023-06-18 13:00:00+00:00,0.204311609,0,0.540763783,0.367697856
2023-06-18 14:00:00+00:00,0.238219071,0,0.507737766,0.371736123
2023-06-18 15:00:00+00:00,0.25254846,0,0.4635243,0.368323327
2023-06-18 16:00:00+00:00,0.230369888,0,0.376730195,0.368640212
2023-06-18 17:00:00+00:00,0.206836364,0,0.243732244,0.388160398
2023-06-18 18:00:00+00:00,0.160027402,0,0.090886105,0.417307684
2023-06-18 19:00:00+00:00,0.16707708,0,0.009979713,0.429613934
2023-06-18 20:00:00+00:00,0.190332881,0,0,0.427092741
2023-06-18 21:00:00+00:00,0.210637523,0,0,0.412950223
2023-06-18 22:00:00+00:00,0.152354951,0,0,0.400375733
2023-06-18 23:00:00+00:00,0.138137774,0,0,0.393948102
2023-06-19 00:00:00+00:00,0.122425381,0,0,0.388993479
2023-06-19 01:00:00+00:00,0.109007709,0,0,0.385422378
2023-06-19 02:00:00+00:00,0.101573708,0,0,0.384684096
2023-06-19 03:00:00+00:00,0.106440875,0,0,0.376084789
2023-06-19 04:00:00+00:00,0.129048655,0,0.000961421,0.357800538
2023-06-19 05:00:00+00:00,0.149241087,0,0.023376048,0.374622225
2023-06-19 06:00:00+00:00,0.141147843,0,0.133208511,0.401892165
2023-06-19 07:00:00+00:00,0.113260519,0,0.285577911,0.405280171
2023-06-19 08:00:00+00:00,0.107145001,0,0.411877696,0.396965209
2023-06-19 09:00:00+00:00,0.107745332,0,0.525782295,0.395663955
2023-06-19 10:00:00+00:00,0.13320328,0,0.587623144,0.40473006
2023-06-19 11:00:00+00:00,0.171717019,0,0.617224594,0.410509465
2023-06-19 12:00:00+00:00,0.195054173,0,0.600260671,0.40630855
2023-06-19 13:00:00+00:00,0.213151057,0,0.601841851,0.405277203
2023-06-19 14:00:00+00:00,0.236886562,0,0.582271761,0.406934442
2023-06-19 15:00:00+00:00,0.232459824,0,0.501635521,0.411409056
2023-06-19 16:00:00+00:00,0.212402047,0,0.380166681,0.422234164
2023-06-19 17:00:00+00:00,0.166370148,0,0.236668577,0.434471046
2023-06-19 18:00:00+00:00,0.142126887,0,0.096492896,0.456171501
2023-06-19 19:00:00+00:00,0.138076058,0,0.040373641,0.471347198
2023-06-19 20:00:00+00:00,0.143209727,0,0.028663543,0.474311958
2023-06-19 21:00:00+00:00,0.127317795,0,0.014477127,0.472620731
2023-06-19 22:00:00+00:00,0.108219425,0,0,0.485064839
2023-06-19 23:00:00+00:00,0.090854719,0,0,0.474863974
2023-06-20 00:00:00+00:00,0.076300908,0,0,0.440196417
2023-06-20 01:00:00+00:00,0.07078011,0,0,0.434666014
2023-06-20 02:00:00+00:00,0.075358333,0,0,0.447559478
2023-06-20 03:00:00+00:00,0.088851747,0,0,0.457847337
2023-06-20 04:00:00+00:00,0.09937156,0,0.000556194,0.446693362
2023-06-20 05:00:00+00:00,0.096922548,0,0.027583259,0.454619194
2023-06-20 06:00:00+00:00,0.092052576,0,0.172730081,0.460491144
2023-06-20 07:00:00+00:00,0.076732922,0,0.338869261,0.447528037
2023-06-20 08:00:00+00:00,0.067315585,0,0.45743,0.431965023
2023-06-20 09:00:00+00:00,0.07859002,0,0.521590974,0.420718061
2023-06-20 10:00:00+00:00,0.099985917,0,0.574036114,0.414253767
2023-06-20 11:00:00+00:00,0.110954576,0,0.574401613,0.415365367
2023-06-20 12:00:00+00:00,0.120506567,0,0.575339198,0.416638734
2023-06-20 13:00:00+00:00,0.116682965,0,0.576300619,0.41638737
2023-06-20 14:00:00+00:00,0.115852601,0,0.557314533,0.420719344
2023-06-20 15:00:00+00:00,0.138564177,0,0.502076503,0.427854878
2023-06-20 16:00:00+00:00,0.143882995,0,0.401886064,0.433634667
2023-06-20 17:00:00+00:00,0.117387092,0,0.283575612,0.449077925
2023-06-20 18:00:00+00:00,0.087031118,0,0.144542954,0.468264369
2023-06-20 19:00:00+00:00,0.083577814,0,0.049898565,0.480813574
2023-06-20 20:00:00+00:00,0.082323852,0,0.019689275,0.475737401
2023-06-20 21:00:00+00:00,0.067489512,0,0,0.474254242
2023-06-20 22:00:00+00:00,0.056532075,0,0,0.483665761
2023-06-20 23:00:00+00:00,0.056680755,0,0,0.482039377
2023-06-21 00:00:00+00:00,0.054660951,0,0,0.477861292
2023-06-21 01:00:00+00:00,0.051816393,0,0,0.471605434
2023-06-21 02:00:00+00:00,0.049263585,0,0,0.469257221
2023-06-21 03:00:00+00:00,0.053895108,0,0,0.462269659
2023-06-21 04:00:00+00:00,0.06138241,0,0.001275274,0.444133874
2023-06-21 05:00:00+00:00,0.058978282,0,0.027658743,0.447357126
2023-06-21 06:00:00+00:00,0.054428112,0,0.150502177,0.451425203
2023-06-21 07:00:00+00:00,0.048138666,0,0.287588156,0.447034432
2023-06-21 08:00:00+00:00,0.032964887,0,0.369130199,0.438374148
2023-06-21 09:00:00+00:00,0.02987627,0,0.434483017,0.427622477
2023-06-21 10:00:00+00:00,0.029794917,0,0.469884778,0.422551159
2023-06-21 11:00:00+00:00,0.038948557,0,0.51666071,0.424950087
2023-06-21 12:00:00+00:00,0.058288182,0,0.511809902,0.427098531
2023-06-21 13:00:00+00:00,0.093404722,0,0.473869512,0.427680797
2023-06-21 14:00:00+00:00,0.133267802,0,0.43213111,0.431070159
2023-06-21 15:00:00+00:00,0.157811228,0,0.36748148,0.437621429
2023-06-21 16:00:00+00:00,0.159508425,0,0.330442919,0.443635323
2023-06-21 17:00:00+00:00,0.175167518,0,0.260537254,0.458907213
2023-06-21 18:00:00+00:00,0.168244078,0,0.131928735,0.479122127
2023-06-21 19:00:00+00:00,0.153025414,0,0.044300729,0.491702609
2023-06-21 20:00:00+00:00,0.142581343,0,0.019061477,0.49398028
2023-06-21 21:00:00+00:00,0.150879372,0,0,0.483413078
2023-06-21 22:00:00+00:00,0.136395693,0,0,0.491081316
2023-06-21 23:00:00+00:00,0.120178349,0,0,0.489759541
2023-06-22 00:00:00+00:00,0.084941182,0,0,0.483536644
2023-06-22 01:00:00+00:00,0.073274007,0,0,0.482801789
2023-06-22 02:00:00+00:00,0.08047517,0,0,0.483065649
2023-06-22 03:00:00+00:00,0.082660486,0,0,0.480811925
2023-06-22 04:00:00+00:00,0.091867427,0,0.000746889,0.459150937
2023-06-22 05:00:00+00:00,0.099138722,0,0.05508309,0.461802622
2023-06-22 06:00:00+00:00,0.080203058,0,0.283372999,0.465316594
2023-06-22 07:00:00+00:00,0.072715756,0,0.518718628,0.452735563
2023-06-22 08:00:00+00:00,0.074407342,0,0.633640268,0.441777784
2023-06-22 09:00:00+00:00,0.067450238,0,0.67937135,0.435763102
2023-06-22 10:00:00+00:00,0.067626971,0,0.689744372,0.440259409
2023-06-22 11:00:00+00:00,0.071840507,0,0.677492208,0.443043749
2023-06-22 12:00:00+00:00,0.088470228,0,0.666892736,0.443885918
2023-06-22 13:00:00+00:00,0.100908856,0,0.658947104,0.447031079
2023-06-22 14:00:00+00:00,0.109787578,0,0.641077379,0.44354809
2023-06-22 15:00:00+00:00,0.113622401,0,0.617101437,0.441030378
2023-06-22 16:00:00+00:00,0.11490161,0,0.557433717,0.441815912
2023-06-22 17:00:00+00:00,0.109793189,0,0.427725257,0.455570234
2023-06-22 18:00:00+00:00,0.108617775,0,0.203540937,0.482458519
2023-06-22 19:00:00+00:00,0.107851933,0,0.05078935,0.488555358
2023-06-22 20:00:00+00:00,0.125710368,0,0.018480953,0.483761239
2023-06-22 21:00:00+00:00,0.137705761,0,0,0.472696805
2023-06-22 22:00:00+00:00,0.149381351,0,0,0.488708277
2023-06-22 23:00:00+00:00,0.158229215,0,0,0.488752397
2023-06-23 00:00:00+00:00,0.151488119,0,0,0.482627268
2023-06-23 01:00:00+00:00,0.145619466,0,0,0.465704992
2023-06-23 02:00:00+00:00,0.129935125,0,0,0.459700241
2023-06-23 03:00:00+00:00,0.122888253,0,0,0.455482763
2023-06-23 04:00:00+00:00,0.123771917,0,0.000925666,0.440889607
2023-06-23 05:00:00+00:00,0.122013004,0,0.054173315,0.442753779
2023-06-23 06:00:00+00:00,0.097253571,0,0.273715084,0.443556225
2023-06-23 07:00:00+00:00,0.081577647,0,0.49926375,0.440877459
2023-06-23 08:00:00+00:00,0.085446133,0,0.605131343,0.435055053
2023-06-23 09:00:00+00:00,0.088279469,0,0.629738963,0.426646701
2023-06-23 10:00:00+00:00,0.085771546,0,0.643802731,0.425600842
2023-06-23 11:00:00+00:00,0.084396957,0,0.650802832,0.425262007
2023-06-23 12:00:00+00:00,0.082626823,0,0.653349407,0.42364319
2023-06-23 13:00:00+00:00,0.087126498,0,0.649559341,0.423055592
2023-06-23 14:00:00+00:00,0.09283525,0,0.631419464,0.421688377
2023-06-23 15:00:00+00:00,0.103537406,0,0.589879703,0.419114122
2023-06-23 16:00:00+00:00,0.119420922,0,0.524904302,0.420355114
2023-06-23 17:00:00+00:00,0.140575566,0,0.414213711,0.441579096
2023-06-23 18:00:00+00:00,0.15980859,0,0.209415062,0.469838627
2023-06-23 19:00:00+00:00,0.187718356,0,0.053422453,0.47880024
2023-06-23 20:00:00+00:00,0.226490181,0,0.019180754,0.471878052
2023-06-23 21:00:00+00:00,0.254248462,0,0,0.46024687
2023-06-23 22:00:00+00:00,0.26807851,0,0,0.472942838
2023-06-23 23:00:00+00:00,0.266212996,0,0,0.473522007
2023-06-24 00:00:00+00:00,0.254113808,0,0,0.473660818
2023-06-24 01:00:00+00:00,0.227466419,0,0,0.473809229
2023-06-24 02:00:00+00:00,0.199466884,0,0,0.472667966
2023-06-24 03:00:00+00:00,0.183925613,0,0,0.469524655
2023-06-24 04:00:00+00:00,0.171108272,0,0.001573235,0.464643193
2023-06-24 05:00:00+00:00,0.160835324,0,0.061618372,0.464515321
2023-06-24 06:00:00+00:00,0.139324409,0,0.293324902,0.463878875
2023-06-24 07:00:00+00:00,0.101312817,0,0.513538077,0.455177751
2023-06-24 08:00:00+00:00,0.078034573,0,0.568176211,0.439269929
2023-06-24 09:00:00+00:00,0.073010311,0,0.589311591,0.426994863
2023-06-24 10:00:00+00:00,0.068420867,0,0.627959142,0.417292348
2023-06-24 11:00:00+00:00,0.06247086,0,0.64325051,0.4158995
2023-06-24 12:00:00+00:00,0.062254853,0,0.638534777,0.412096914
2023-06-24 13:00:00+00:00,0.061214093,0,0.628574928,0.410301469
2023-06-24 14:00:00+00:00,0.069728129,0,0.63618287,0.409050455
2023-06-24 15:00:00+00:00,0.071467405,0,0.612890252,0.411264383
2023-06-24 16:00:00+00:00,0.075983911,0,0.550528964,0.413527377
2023-06-24 17:00:00+00:00,0.077936389,0,0.434057926,0.431320662
2023-06-24 18:00:00+00:00,0.07809629,0,0.195931325,0.457339881
2023-06-24 19:00:00+00:00,0.090874356,0,0.022394762,0.467685291
2023-06-24 20:00:00+00:00,0.101890705,0,0,0.463957442
2023-06-24 21:00:00+00:00,0.100838724,0,0,0.450497579
2023-06-24 22:00:00+00:00,0.094784922,0,0,0.440322896
2023-06-24 23:00:00+00:00,0.086986233,0,0,0.438158604
2023-06-25 00:00:00+00:00,0.080612629,0,0,0.437020639
2023-06-25 01:00:00+00:00,0.070348096,0,0,0.429858153
2023-06-25 02:00:00+00:00,0.065009642,0,0,0.426078451
2023-06-25 03:00:00+00:00,0.060322013,0,0,0.424530249
2023-06-25 04:00:00+00:00,0.054986364,0,0.001847359,0.421283783
2023-06-25 05:00:00+00:00,0.053962435,0,0.058825482,0.421222183
2023-06-25 06:00:00+00:00,0.050357646,0,0.268427266,0.419928954
2023-06-25 07:00:00+00:00,0.043136846,0,0.4529288,0.410462413
2023-06-25 08:00:00+00:00,0.03427215,0,0.483928681,0.39585546
2023-06-25 09:00:00+00:00,0.043069519,0,0.529874295,0.378057888
2023-06-25 10:00:00+00:00,0.047182065,0,0.5664679,0.36762541
2023-06-25 11:00:00+00:00,0.055087354,0,0.58256575,0.36244075
2023-06-25 12:00:00+00:00,0.072224831,0,0.568450335,0.357205355
2023-06-25 13:00:00+00:00,0.085914615,0,0.549865504,0.354388731
2023-06-25 14:00:00+00:00,0.105590874,0,0.575510029,0.358275124
2023-06-25 15:00:00+00:00,0.130123079,0,0.599712422,0.380663327
2023-06-25 16:00:00+00:00,0.141529362,0,0.524884438,0.383040764
2023-06-25 17:00:00+00:00,0.168157114,0,0.383889209,0.397835887
2023-06-25 18:00:00+00:00,0.185460103,0,0.169671013,0.4221062
2023-06-25 19:00:00+00:00,0.223216415,0,0.052159097,0.442643442
2023-06-25 20:00:00+00:00,0.306788618,0,0.026010024,0.449432646
2023-06-25 21:00:00+00:00,0.342194102,0,0,0.443683969
2023-06-25 22:00:00+00:00,0.304339605,0,0,0.424917327
2023-06-25 23:00:00+00:00,0.27564997,0,0,0.404934043
2023-06-26 00:00:00+00:00,0.289048005,0,0,0.38348061
2023-06-26 01:00:00+00:00,0.296843888,0,0,0.375899055
2023-06-26 02:00:00+00:00,0.28475031,0,0,0.376101133
2023-06-26 03:00:00+00:00,0.259446652,0,0,0.377410485
2023-06-26 04:00:00+00:00,0.249255057,0,0.001863251,0.361701662
2023-06-26 05:00:00+00:00,0.263915469,0,0.048404787,0.376270065
2023-06-26 06:00:00+00:00,0.245235086,0,0.244920115,0.373323793
2023-06-26 07:00:00+00:00,0.225906682,0,0.466929003,0.359054942
2023-06-26 08:00:00+00:00,0.20798653,0,0.586979548,0.356543441
2023-06-26 09:00:00+00:00,0.202656491,0,0.63447456,0.35218653
2023-06-26 10:00:00+00:00,0.188206476,0,0.666654367,0.35966832
2023-06-26 11:00:00+00:00,0.174628903,0,0.697908508,0.354957824
2023-06-26 12:00:00+00:00,0.173885503,0,0.691945312,0.341691555
2023-06-26 13:00:00+00:00,0.182609935,0,0.68443669,0.332183678
2023-06-26 14:00:00+00:00,0.189819514,0,0.634780466,0.325769753
2023-06-26 15:00:00+00:00,0.223872851,0,0.571926549,0.329462698
2023-06-26 16:00:00+00:00,0.27228924,0,0.498016286,0.335394306
2023-06-26 17:00:00+00:00,0.324621806,0,0.374457744,0.358528852
2023-06-26 18:00:00+00:00,0.354916063,0,0.185280206,0.384247511
2023-06-26 19:00:00+00:00,0.397009343,0,0.065050884,0.395838475
2023-06-26 20:00:00+00:00,0.4055879,0,0.041841695,0.404759944
2023-06-26 21:00:00+00:00,0.390832109,0,0.011088129,0.400902208
2023-06-26 22:00:00+00:00,0.383925501,0,0,0.384819114
2023-06-26 23:00:00+00:00,0.37492054,0,0,0.362603892
2023-06-27 00:00:00+00:00,0.351179425,0,0,0.350587867
2023-06-27 01:00:00+00:00,0.335705481,0,0,0.349530136
2023-06-27 02:00:00+00:00,0.31264044,0,0,0.35715724
2023-06-27 03:00:00+00:00,0.293177382,0,0,0.365156453
2023-06-27 04:00:00+00:00,0.293839429,0,0.000838264,0.379421566
2023-06-27 05:00:00+00:00,0.300925575,0,0.040923975,0.377945168
2023-06-27 06:00:00+00:00,0.287665,0,0.20392463,0.368179093
2023-06-27 07:00:00+00:00,0.254164303,0,0.394814452,0.352607193
2023-06-27 08:00:00+00:00,0.219690173,0,0.514920617,0.343470033
2023-06-27 09:00:00+00:00,0.193306481,0,0.593971703,0.345604002
2023-06-27 10:00:00+00:00,0.178472142,0,0.639063162,0.345358904
2023-06-27 11:00:00+00:00,0.179998216,0,0.674639726,0.340516395
2023-06-27 12:00:00+00:00,0.185462908,0,0.687563296,0.330643391
2023-06-27 13:00:00+00:00,0.196928102,0,0.679824251,0.326040612
2023-06-27 14:00:00+00:00,0.201169691,0,0.637581301,0.321315953
2023-06-27 15:00:00+00:00,0.212416073,0,0.566297069,0.320521752
2023-06-27 16:00:00+00:00,0.233278967,0,0.455443593,0.328387047
2023-06-27 17:00:00+00:00,0.254688891,0,0.293602999,0.351281809
2023-06-27 18:00:00+00:00,0.273756404,0,0.151896636,0.363769524
2023-06-27 19:00:00+00:00,0.282750143,0,0.052568297,0.370220241
2023-06-27 20:00:00+00:00,0.292010384,0,0.033296168,0.37513745
2023-06-27 21:00:00+00:00,0.293093224,0,0.00887527,0.380349685
2023-06-27 22:00:00+00:00,0.295741411,0,0,0.385582277
2023-06-27 23:00:00+00:00,0.291567149,0,0,0.372435928
2023-06-28 00:00:00+00:00,0.293384973,0,0,0.363420483
2023-06-28 01:00:00+00:00,0.286366153,0,0,0.362585093
2023-06-28 02:00:00+00:00,0.280926709,0,0,0.362269985
2023-06-28 03:00:00+00:00,0.26956531,0,0,0.356229469
2023-06-28 04:00:00+00:00,0.253631299,0,0.000778672,0.33685709
2023-06-28 05:00:00+00:00,0.222641332,0,0.029911329,0.333263745
2023-06-28 06:00:00+00:00,0.178646069,0,0.166476869,0.332065389
2023-06-28 07:00:00+00:00,0.136620116,0,0.360191363,0.322097768
2023-06-28 08:00:00+00:00,0.100092518,0,0.496721148,0.318895789
2023-06-28 09:00:00+00:00,0.079801902,0,0.590328631,0.318629345
2023-06-28 10:00:00+00:00,0.069262452,0,0.654759757,0.326155164
2023-06-28 11:00:00+00:00,0.070146116,0,0.684158593,0.324550106
2023-06-28 12:00:00+00:00,0.079799097,0,0.698500458,0.320445018
2023-06-28 13:00:00+00:00,0.091014621,0,0.688504853,0.326335016
2023-06-28 14:00:00+00:00,0.10238163,0,0.657806906,0.33181331
2023-06-28 15:00:00+00:00,0.119263826,0,0.591452938,0.342058735
2023-06-28 16:00:00+00:00,0.139874245,0,0.484238561,0.344119011
2023-06-28 17:00:00+00:00,0.162072454,0,0.323478573,0.346026149
2023-06-28 18:00:00+00:00,0.193300871,0,0.130832767,0.355131557
2023-06-28 19:00:00+00:00,0.216138684,0,0.01601442,0.366470332
2023-06-28 20:00:00+00:00,0.239930294,0,0,0.361216853
2023-06-28 21:00:00+00:00,0.242314785,0,0,0.350655807
2023-06-28 22:00:00+00:00,0.219746279,0,0,0.336955976
2023-06-28 23:00:00+00:00,0.200005498,0,0,0.318963912
2023-06-29 00:00:00+00:00,0.185948222,0,0,0.305534757
2023-06-29 01:00:00+00:00,0.181802013,0,0,0.304831178
2023-06-29 02:00:00+00:00,0.183072807,0,0,0.312770037
2023-06-29 03:00:00+00:00,0.189519348,0,0,0.317263083
2023-06-29 04:00:00+00:00,0.197449885,0,0.000909775,0.322612645
2023-06-29 05:00:00+00:00,0.196288498,0,0.034174161,0.334195877
2023-06-29 06:00:00+00:00,0.186441952,0,0.191628766,0.333772997
2023-06-29 07:00:00+00:00,0.172090121,0,0.397166359,0.334999202
2023-06-29 08:00:00+00:00,0.151440429,0,0.547040832,0.321635935
2023-06-29 09:00:00+00:00,0.149631021,0,0.63966703,0.309383992
2023-06-29 10:00:00+00:00,0.159567336,0,0.6938761,0.314495766
2023-06-29 11:00:00+00:00,0.183162576,0,0.715766315,0.309009483
2023-06-29 12:00:00+00:00,0.223942983,0,0.716691981,0.295531297
2023-06-29 13:00:00+00:00,0.274985118,0,0.700288225,0.292275871
2023-06-29 14:00:00+00:00,0.321331208,0,0.663015268,0.29533686
2023-06-29 15:00:00+00:00,0.382393816,0,0.588711695,0.295748307
2023-06-29 16:00:00+00:00,0.449325077,0,0.489220472,0.303319253
2023-06-29 17:00:00+00:00,0.471472791,0,0.377116391,0.321893364
2023-06-29 18:00:00+00:00,0.473778734,0,0.191162686,0.346145208
2023-06-29 19:00:00+00:00,0.461118489,0,0.051910841,0.364658342
2023-06-29 20:00:00+00:00,0.461704793,0,0.034271366,0.36140418
2023-06-29 21:00:00+00:00,0.44634306,0,0.033861629,0.362353572
2023-06-29 22:00:00+00:00,0.410393351,0,0.008778096,0.375844253
2023-06-29 23:00:00+00:00,0.40014004,0,0,0.374493016
2023-06-30 00:00:00+00:00,0.39381132,0,0,0.366649579
2023-06-30 01:00:00+00:00,0.368684395,0,0,0.361225647
2023-06-30 02:00:00+00:00,0.337949708,0,0,0.357820143
2023-06-30 03:00:00+00:00,0.315173611,0,0,0.353251902
2023-06-30 04:00:00+00:00,0.28934817,0,0.002562466,0.33608024
2023-06-30 05:00:00+00:00,0.291219294,0,0.041285501,0.341382347
2023-06-30 06:00:00+00:00,0.264423225,0,0.225040146,0.339317526
2023-06-30 07:00:00+00:00,0.244300926,0,0.448852691,0.338949027
2023-06-30 08:00:00+00:00,0.228352889,0,0.582077093,0.34205507
2023-06-30 09:00:00+00:00,0.217106507,0,0.655073609,0.345515065
2023-06-30 10:00:00+00:00,0.208713099,0,0.701925025,0.344542203
2023-06-30 11:00:00+00:00,0.199587511,0,0.724061554,0.34147766
2023-06-30 12:00:00+00:00,0.19304559,0,0.718217542,0.331757903
2023-06-30 13:00:00+00:00,0.197037508,0,0.713299196,0.328630001
2023-06-30 14:00:00+00:00,0.20215154,0,0.683276628,0.326476849
2023-06-30 15:00:00+00:00,0.20996145,0,0.642253333,0.325826845
2023-06-30 16:00:00+00:00,0.227314934,0,0.576463505,0.326173687
2023-06-30 17:00:00+00:00,0.259875861,0,0.43911532,0.345494141
2023-06-30 18:00:00+00:00,0.258060842,0,0.198934774,0.378536211
2023-06-30 19:00:00+00:00,0.245271554,0,0.050474624,0.387776233
2023-06-30 20:00:00+00:00,0.235211807,0,0.026307986,0.373582394
2023-06-30 21:00:00+00:00,0.227396287,0,0,0.358160243
2023-06-30 22:00:00+00:00,0.218747598,0,0,0.349927218
2023-06-30 23:00:00+00:00,0.206339829,0,0,0.336575035
2023-07-01 00:00:00+00:00,0.197669089,0,0,0.327197614
2023-07-01 01:00:00+00:00,0.191459237,0,0,0.324001113
2023-07-01 02:00:00+00:00,0.18769518,0,0,0.32645937
2023-07-01 03:00:00+00:00,0.177642735,0,0,0.32556817
2023-07-01 04:00:00+00:00,0.170316568,0,0.003145083,0.326381023
2023-07-01 05:00:00+00:00,0.162230296,0,0.055737429,0.323280623
2023-07-01 06:00:00+00:00,0.145853002,0,0.2451526,0.318429705
2023-07-01 07:00:00+00:00,0.147639667,0,0.475188509,0.319442528
2023-07-01 08:00:00+00:00,0.146498109,0,0.54602702,0.317254069
2023-07-01 09:00:00+00:00,0.133220131,0,0.55778011,0.314368847
2023-07-01 10:00:00+00:00,0.127630142,0,0.596761972,0.312633041
2023-07-01 11:00:00+00:00,0.121596992,0,0.610204666,0.310483003
2023-07-01 12:00:00+00:00,0.116744668,0,0.621727533,0.306712371
2023-07-01 13:00:00+00:00,0.121285658,0,0.61813371,0.294894448
2023-07-01 14:00:00+00:00,0.127153324,0,0.594170986,0.288617684
2023-07-01 15:00:00+00:00,0.147802346,0,0.581551632,0.288151966
2023-07-01 16:00:00+00:00,0.203769554,0,0.540193398,0.290301839
2023-07-01 17:00:00+00:00,0.23336312,0,0.445879924,0.314547563
2023-07-01 18:00:00+00:00,0.245496735,0,0.199049426,0.35864945
2023-07-01 19:00:00+00:00,0.258449354,0,0.023205719,0.362103691
2023-07-01 20:00:00+00:00,0.266821717,0,0,0.362454821
2023-07-01 21:00:00+00:00,0.280144571,0,0,0.351445244
2023-07-01 22:00:00+00:00,0.293307552,0,0,0.330829564
2023-07-01 23:00:00+00:00,0.2868649,0,0,0.314627522
2023-07-02 00:00:00+00:00,0.275359563,0,0,0.309438189
2023-07-02 01:00:00+00:00,0.255571618,0,0,0.312804153
2023-07-02 02:00:00+00:00,0.239143837,0,0,0.315659144
2023-07-02 03:00:00+00:00,0.235368561,0,0,0.317713594
2023-07-02 04:00:00+00:00,0.234154077,0,0.001162822,0.318506604
2023-07-02 05:00:00+00:00,0.225624646,0,0.055557933,0.320267291
2023-07-02 06:00:00+00:00,0.187120193,0,0.264210399,0.319918323
2023-07-02 07:00:00+00:00,0.137974287,0,0.445376554,0.311338841
2023-07-02 08:00:00+00:00,0.116624062,0,0.502132429,0.333428939
2023-07-02 09:00:00+00:00,0.126132373,0,0.533680813,0.342437678
2023-07-02 10:00:00+00:00,0.137859289,0,0.559590679,0.348152221
2023-07-02 11:00:00+00:00,0.148051974,0,0.583096859,0.347963482
2023-07-02 12:00:00+00:00,0.158659771,0,0.599743168,0.340629151
2023-07-02 13:00:00+00:00,0.144444987,0,0.554635027,0.329212488
2023-07-02 14:00:00+00:00,0.150514599,0,0.542928762,0.325972581
2023-07-02 15:00:00+00:00,0.153650378,0,0.51657796,0.32723884
2023-07-02 16:00:00+00:00,0.186118876,0,0.481252354,0.321217086
2023-07-02 17:00:00+00:00,0.245513564,0,0.355242217,0.333083233
2023-07-02 18:00:00+00:00,0.278859968,0,0.158256995,0.346366176
2023-07-02 19:00:00+00:00,0.30732039,0,0.018133004,0.365875863
2023-07-02 20:00:00+00:00,0.303107563,0,0,0.377469263
2023-07-02 21:00:00+00:00,0.306105906,0,0,0.374748759
2023-07-02 22:00:00+00:00,0.298361822,0,0,0.356297628
2023-07-02 23:00:00+00:00,0.28649186,0,0,0.344250822
2023-07-03 00:00:00+00:00,0.267615478,0,0,0.328142059
2023-07-03 01:00:00+00:00,0.240204056,0,0,0.327018751
2023-07-03 02:00:00+00:00,0.212399959,0,0,0.319942216
2023-07-03 03:00:00+00:00,0.185723397,0,0,0.317981063
2023-07-03 04:00:00+00:00,0.165615704,0,0.000714082,0.302223155
2023-07-03 05:00:00+00:00,0.145137775,0,0.043851668,0.304041741
2023-07-03 06:00:00+00:00,0.107788905,0,0.241765587,0.303017704
2023-07-03 07:00:00+00:00,0.079788472,0,0.466291748,0.303722767
2023-07-03 08:00:00+00:00,0.070089434,0,0.571542776,0.302267623
2023-07-03 09:00:00+00:00,0.070857953,0,0.61002517,0.301916164
2023-07-03 10:00:00+00:00,0.083145832,0,0.62779528,0.304505058
2023-07-03 11:00:00+00:00,0.074296651,0,0.618402954,0.3035245
2023-07-03 12:00:00+00:00,0.089509949,0,0.589121683,0.302089969
2023-07-03 13:00:00+00:00,0.107519643,0,0.559863825,0.294871197
2023-07-03 14:00:00+00:00,0.110913465,0,0.584322115,0.284958891
2023-07-03 15:00:00+00:00,0.127666604,0,0.557261132,0.272905856
2023-07-03 16:00:00+00:00,0.138456714,0,0.480631922,0.277113586
2023-07-03 17:00:00+00:00,0.157445288,0,0.364380908,0.303743819
2023-07-03 18:00:00+00:00,0.187967247,0,0.170677342,0.330554784
2023-07-03 19:00:00+00:00,0.166765677,0,0.022238001,0.351864368
2023-07-03 20:00:00+00:00,0.143968169,0,0,0.359488138
2023-07-03 21:00:00+00:00,0.134992772,0,0,0.360082772
2023-07-03 22:00:00+00:00,0.129930087,0,0,0.372347027
2023-07-03 23:00:00+00:00,0.120438605,0,0,0.363641011
2023-07-04 00:00:00+00:00,0.109440939,0,0,0.353450113
2023-07-04 01:00:00+00:00,0.102165258,0,0,0.348140953
2023-07-04 02:00:00+00:00,0.09707733,0,0,0.346356281
2023-07-04 03:00:00+00:00,0.095332738,0,0,0.341501918
2023-07-04 04:00:00+00:00,0.092424148,0,0.002079813,0.316465841
2023-07-04 05:00:00+00:00,0.086951961,0,0.045045707,0.315714294
2023-07-04 06:00:00+00:00,0.071747078,0,0.246053982,0.309247343
2023-07-04 07:00:00+00:00,0.062275229,0,0.47717077,0.302204301
2023-07-04 08:00:00+00:00,0.055933551,0,0.592485283,0.292841758
2023-07-04 09:00:00+00:00,0.051420609,0,0.629668283,0.288936126
2023-07-04 10:00:00+00:00,0.059498466,0,0.627073394,0.282823732
2023-07-04 11:00:00+00:00,0.078276679,0,0.648121258,0.276011166
2023-07-04 12:00:00+00:00,0.105545056,0,0.642525664,0.270905714
2023-07-04 13:00:00+00:00,0.120853717,0,0.632009536,0.265088162
2023-07-04 14:00:00+00:00,0.135859459,0,0.592625759,0.267634476
2023-07-04 15:00:00+00:00,0.146498109,0,0.551388489,0.27411722
2023-07-04 16:00:00+00:00,0.166482391,0,0.523867061,0.278472977
2023-07-04 17:00:00+00:00,0.193977958,0,0.434321938,0.29738039
2023-07-04 18:00:00+00:00,0.217810441,0,0.200563437,0.33396758
2023-07-04 19:00:00+00:00,0.220376843,0,0.050235485,0.350277688
2023-07-04 20:00:00+00:00,0.234992716,0,0.021410759,0.354828578
2023-07-04 21:00:00+00:00,0.242958381,0,0,0.348602017
2023-07-04 22:00:00+00:00,0.241777555,0,0,0.348685512
2023-07-04 23:00:00+00:00,0.212315815,0,0,0.330329712
2023-07-05 00:00:00+00:00,0.189537941,0,0,0.309955979
2023-07-05 01:00:00+00:00,0.180113774,0,0,0.307431891
2023-07-05 02:00:00+00:00,0.167436026,0,0,0.311427814
2023-07-05 03:00:00+00:00,0.152994052,0,0,0.314895981
2023-07-05 04:00:00+00:00,0.135834215,0,0.000667257,0.306229376
2023-07-05 05:00:00+00:00,0.119283023,0,0.04286444,0.309328328
2023-07-05 06:00:00+00:00,0.092735482,0,0.223386751,0.302925139
2023-07-05 07:00:00+00:00,0.067267794,0,0.399281185,0.296579959
2023-07-05 08:00:00+00:00,0.041710352,0,0.488291722,0.290438817
2023-07-05 09:00:00+00:00,0.026258645,0,0.545028086,0.287637144
2023-07-05 10:00:00+00:00,0.02336408,0,0.576728651,0.291764073
2023-07-05 11:00:00+00:00,0.033786759,0,0.60630648,0.284831075
2023-07-05 12:00:00+00:00,0.048800915,0,0.605549475,0.280235497
2023-07-05 13:00:00+00:00,0.056127083,0,0.570294107,0.27565487
2023-07-05 14:00:00+00:00,0.06442091,0,0.512753913,0.275052101
2023-07-05 15:00:00+00:00,0.076801348,0,0.494819915,0.27173
2023-07-05 16:00:00+00:00,0.104179113,0,0.436440772,0.276401872
2023-07-05 17:00:00+00:00,0.131677485,0,0.288457976,0.300995245
2023-07-05 18:00:00+00:00,0.141227868,0,0.128335782,0.338481477
2023-07-05 19:00:00+00:00,0.13212345,0,0.015604451,0.355487743
2023-07-05 20:00:00+00:00,0.155467896,0,0,0.347841089
2023-07-05 21:00:00+00:00,0.164569509,0,0,0.3438367
2023-07-05 22:00:00+00:00,0.161916157,0,0,0.347232347
2023-07-05 23:00:00+00:00,0.160656797,0,0,0.336982855
2023-07-06 00:00:00+00:00,0.147359186,0,0,0.328149094
2023-07-06 01:00:00+00:00,0.129141935,0,0,0.32843245
2023-07-06 02:00:00+00:00,0.121953203,0,0,0.327959311
2023-07-06 03:00:00+00:00,0.115757375,0,0,0.324498071
2023-07-06 04:00:00+00:00,0.113541574,0,0.000413621,0.309458802
2023-07-06 05:00:00+00:00,0.11069469,0,0.026245446,0.313503152
2023-07-06 06:00:00+00:00,0.089128495,0,0.169362339,0.309021099
2023-07-06 07:00:00+00:00,0.072877417,0,0.383021183,0.299006426
2023-07-06 08:00:00+00:00,0.070986974,0,0.494624811,0.296393804
2023-07-06 09:00:00+00:00,0.077073415,0,0.533380352,0.286226139
2023-07-06 10:00:00+00:00,0.08845534,0,0.583986535,0.280495876
2023-07-06 11:00:00+00:00,0.100342131,0,0.585367874,0.278057664
2023-07-06 12:00:00+00:00,0.128365002,0,0.584150423,0.27024292
2023-07-06 13:00:00+00:00,0.156141051,0,0.562766979,0.268780906
2023-07-06 14:00:00+00:00,0.167127497,0,0.542585378,0.266635504
2023-07-06 15:00:00+00:00,0.171862019,0,0.513151926,0.269368614
2023-07-06 16:00:00+00:00,0.171634829,0,0.482169345,0.271064349
2023-07-06 17:00:00+00:00,0.202658849,0,0.382162724,0.293875322
2023-07-06 18:00:00+00:00,0.17460232,0,0.18286781,0.340469307
2023-07-06 19:00:00+00:00,0.157815523,0,0.045590791,0.35326383
2023-07-06 20:00:00+00:00,0.173435518,0,0.012586045,0.347077596
2023-07-06 21:00:00+00:00,0.18002402,0,0,0.337965996
2023-07-06 22:00:00+00:00,0.173974042,0,0,0.344486961
2023-07-06 23:00:00+00:00,0.169710729,0,0,0.338698707
2023-07-07 00:00:00+00:00,0.168473807,0,0,0.334937309
2023-07-07 01:00:00+00:00,0.168162473,0,0,0.333277194
2023-07-07 02:00:00+00:00,0.159018787,0,0,0.332125084
2023-07-07 03:00:00+00:00,0.146439208,0,0,0.335216432
2023-07-07 04:00:00+00:00,0.13800514,0,0.001006739,0.331015628
2023-07-07 05:00:00+00:00,0.127927452,0,0.036379169,0.337967938
2023-07-07 06:00:00+00:00,0.117333679,0,0.214868492,0.337150504
2023-07-07 07:00:00+00:00,0.10712136,0,0.42812152,0.321519075
2023-07-07 08:00:00+00:00,0.120054346,0,0.541847884,0.32026839
2023-07-07 09:00:00+00:00,0.135152646,0,0.59240334,0.321454983
2023-07-07 10:00:00+00:00,0.165991549,0,0.605701656,0.315998016
2023-07-07 11:00:00+00:00,0.216391206,0,0.612120592,0.303329074
2023-07-07 12:00:00+00:00,0.269662991,0,0.624611176,0.287043939
2023-07-07 13:00:00+00:00,0.313277809,0,0.62386978,0.281148005
2023-07-07 14:00:00+00:00,0.322887093,0,0.605233406,0.281219188
2023-07-07 15:00:00+00:00,0.335923857,0,0.570770162,0.281385958
2023-07-07 16:00:00+00:00,0.320343129,0,0.527999372,0.295978949
2023-07-07 17:00:00+00:00,0.318783654,0,0.40680051,0.310558931
2023-07-07 18:00:00+00:00,0.29646016,0,0.198611096,0.33987885
2023-07-07 19:00:00+00:00,0.262174144,0,0.049068623,0.363386183
2023-07-07 20:00:00+00:00,0.254918097,0,0.025303014,0.361235212
2023-07-07 21:00:00+00:00,0.249538468,0,0,0.347165067
2023-07-07 22:00:00+00:00,0.249114942,0,0,0.345510503
2023-07-07 23:00:00+00:00,0.228300436,0,0,0.336997989
2023-07-08 00:00:00+00:00,0.202987012,0,0,0.325992296
2023-07-08 01:00:00+00:00,0.177157503,0,0,0.323477937
2023-07-08 02:00:00+00:00,0.165514731,0,0,0.327805514
2023-07-08 03:00:00+00:00,0.15339514,0,0,0.33231395
2023-07-08 04:00:00+00:00,0.138793292,0,0.00033558,0.335959587
2023-07-08 05:00:00+00:00,0.116214559,0,0.042673238,0.333798868
2023-07-08 06:00:00+00:00,0.082638161,0,0.253889375,0.33214784
2023-07-08 07:00:00+00:00,0.055961599,0,0.480261224,0.338497637
2023-07-08 08:00:00+00:00,0.050859647,0,0.560133069,0.337639345
2023-07-08 09:00:00+00:00,0.056918039,0,0.594600215,0.331824304
2023-07-08 10:00:00+00:00,0.079881031,0,0.613322435,0.328370502
2023-07-08 11:00:00+00:00,0.106927828,0,0.623854171,0.323130563
2023-07-08 12:00:00+00:00,0.131340907,0,0.610430988,0.314935777
2023-07-08 13:00:00+00:00,0.143979388,0,0.621762652,0.308388648
2023-07-08 14:00:00+00:00,0.162134933,0,0.604355436,0.311642369
2023-07-08 15:00:00+00:00,0.166092522,0,0.574106448,0.311203842
2023-07-08 16:00:00+00:00,0.165778383,0,0.519383561,0.313800597
2023-07-08 17:00:00+00:00,0.155605332,0,0.409110546,0.327557649
2023-07-08 18:00:00+00:00,0.132740508,0,0.192119318,0.347246638
2023-07-08 19:00:00+00:00,0.123818403,0,0.02096592,0.361181454
2023-07-08 20:00:00+00:00,0.127080399,0,0,0.361104463
2023-07-08 21:00:00+00:00,0.131419442,0,0,0.350620628
2023-07-08 22:00:00+00:00,0.129571071,0,0,0.342973937
2023-07-08 23:00:00+00:00,0.127910623,0,0,0.33501364
2023-07-09 00:00:00+00:00,0.114873859,0,0,0.318108257
2023-07-09 01:00:00+00:00,0.10139674,0,0,0.312409655
2023-07-09 02:00:00+00:00,0.095377615,0,0,0.313347925
2023-07-09 03:00:00+00:00,0.088242174,0,0,0.313145499
2023-07-09 04:00:00+00:00,0.075258702,0,0.000647747,0.320433145
2023-07-09 05:00:00+00:00,0.06063722,0,0.040488068,0.319908722
2023-07-09 06:00:00+00:00,0.05155524,0,0.240360835,0.312204792
2023-07-09 07:00:00+00:00,0.040274288,0,0.466186391,0.315559104
2023-07-09 08:00:00+00:00,0.035873539,0,0.53655275,0.314675929
2023-07-09 09:00:00+00:00,0.036218531,0,0.574141566,0.309232063
2023-07-09 10:00:00+00:00,0.047735087,0,0.577790019,0.308790072
2023-07-09 11:00:00+00:00,0.059375054,0,0.585836125,0.313340156
2023-07-09 12:00:00+00:00,0.070888805,0,0.594264636,0.305175382
2023-07-09 13:00:00+00:00,0.079479943,0,0.591404405,0.3006777
2023-07-09 14:00:00+00:00,0.088536679,0,0.585761985,0.29977842
2023-07-09 15:00:00+00:00,0.091554657,0,0.566774424,0.29871664
2023-07-09 16:00:00+00:00,0.094446417,0,0.507911422,0.301837506
2023-07-09 17:00:00+00:00,0.092654143,0,0.400814706,0.308845534
2023-07-09 18:00:00+00:00,0.089237882,0,0.191167208,0.323090254
2023-07-09 19:00:00+00:00,0.112658058,0,0.02358032,0.34718568
2023-07-09 20:00:00+00:00,0.153224047,0,0,0.353416254
2023-07-09 21:00:00+00:00,0.162771625,0,0,0.340489095
2023-07-09 22:00:00+00:00,0.174759389,0,0,0.319746496
2023-07-09 23:00:00+00:00,0.187939198,0,0,0.31816982
2023-07-10 00:00:00+00:00,0.173084917,0,0,0.317427875
2023-07-10 01:00:00+00:00,0.156516895,0,0,0.316478373
2023-07-10 02:00:00+00:00,0.138880241,0,0,0.31852128
2023-07-10 03:00:00+00:00,0.116747473,0,0,0.322091502
2023-07-10 04:00:00+00:00,0.091086253,0,0.000975522,0.325870324
2023-07-10 05:00:00+00:00,0.064117991,0,0.038123403,0.333665115
2023-07-10 06:00:00+00:00,0.044627356,0,0.234137004,0.335934852
2023-07-10 07:00:00+00:00,0.035464036,0,0.457137449,0.341543583
2023-07-10 08:00:00+00:00,0.034846978,0,0.562630406,0.344112708
2023-07-10 09:00:00+00:00,0.051616946,0,0.599345155,0.330153964
2023-07-10 10:00:00+00:00,0.065037969,0,0.606357207,0.326271254
2023-07-10 11:00:00+00:00,0.076411479,0,0.608257524,0.320567045
2023-07-10 12:00:00+00:00,0.090701994,0,0.611195797,0.305928101
2023-07-10 13:00:00+00:00,0.104827024,0,0.601104996,0.298846252
2023-07-10 14:00:00+00:00,0.120909814,0,0.578808464,0.288666421
2023-07-10 15:00:00+00:00,0.132134669,0,0.538566227,0.267413984
2023-07-10 16:00:00+00:00,0.130359223,0,0.470166521,0.266049152
2023-07-10 17:00:00+00:00,0.13397743,0,0.343508637,0.272920917
2023-07-10 18:00:00+00:00,0.13368012,0,0.157964339,0.305507383
2023-07-10 19:00:00+00:00,0.103138528,0,0.017996431,0.321674027
2023-07-10 20:00:00+00:00,0.096765996,0,0,0.317009539
2023-07-10 21:00:00+00:00,0.10607797,0,0,0.307834579
2023-07-10 22:00:00+00:00,0.121953203,0,0,0.314512421
2023-07-10 23:00:00+00:00,0.131346517,0,0,0.313298601
2023-07-11 00:00:00+00:00,0.140119967,0,0,0.301022729
2023-07-11 01:00:00+00:00,0.148136119,0,0,0.295597587
2023-07-11 02:00:00+00:00,0.160362292,0,0,0.296697662
2023-07-11 03:00:00+00:00,0.15496303,0,0,0.301217312
2023-07-11 04:00:00+00:00,0.136992603,0,0.000331678,0.303035019
2023-07-11 05:00:00+00:00,0.119958982,0,0.029058852,0.313746473
2023-07-11 06:00:00+00:00,0.104838244,0,0.202253041,0.314361591
2023-07-11 07:00:00+00:00,0.082391337,0,0.429463838,0.312990547
2023-07-11 08:00:00+00:00,0.075062365,0,0.554158972,0.308956568
2023-07-11 09:00:00+00:00,0.084450069,0,0.61962821,0.302685263
2023-07-11 10:00:00+00:00,0.108725712,0,0.649135801,0.301754725
2023-07-11 11:00:00+00:00,0.147538694,0,0.665657243,0.304021366
2023-07-11 12:00:00+00:00,0.188631987,0,0.663811555,0.302799155
2023-07-11 13:00:00+00:00,0.230134782,0,0.634768312,0.29300468
2023-07-11 14:00:00+00:00,0.25896544,0,0.60557679,0.287385652
2023-07-11 15:00:00+00:00,0.265705402,0,0.580583914,0.289306934
2023-07-11 16:00:00+00:00,0.295136289,0,0.528576881,0.290580027
2023-07-11 17:00:00+00:00,0.290788831,0,0.404310977,0.302452642
2023-07-11 18:00:00+00:00,0.278988989,0,0.182387509,0.33243081
2023-07-11 19:00:00+00:00,0.260393089,0,0.020138678,0.345196256
2023-07-11 20:00:00+00:00,0.270582969,0,0,0.342377984
2023-07-11 21:00:00+00:00,0.266636599,0,0,0.325541456
2023-07-11 22:00:00+00:00,0.245883799,0,0,0.306651688
2023-07-11 23:00:00+00:00,0.226059391,0,0,0.286202467
2023-07-12 00:00:00+00:00,0.213412496,0,0,0.275479085
2023-07-12 01:00:00+00:00,0.195907668,0,0,0.271299773
2023-07-12 02:00:00+00:00,0.177017262,0,0,0.275245035
2023-07-12 03:00:00+00:00,0.173449542,0,0,0.279789164
2023-07-12 04:00:00+00:00,0.167077011,0,0.000394111,0.288815254
2023-07-12 05:00:00+00:00,0.151518721,0,0.035903114,0.296542691
2023-07-12 06:00:00+00:00,0.125686407,0,0.20886708,0.292190398
2023-07-12 07:00:00+00:00,0.114972028,0,0.433514206,0.269685609
2023-07-12 08:00:00+00:00,0.10817036,0,0.549499879,0.262771318
2023-07-12 09:00:00+00:00,0.114946784,0,0.591693159,0.254618527
2023-07-12 10:00:00+00:00,0.132033696,0,0.61308831,0.24800038
2023-07-12 11:00:00+00:00,0.147190897,0,0.631974417,0.247670504
2023-07-12 12:00:00+00:00,0.16582326,0,0.641058479,0.260478348
2023-07-12 13:00:00+00:00,0.186876175,0,0.622699153,0.263152716
2023-07-12 14:00:00+00:00,0.207637389,0,0.604472499,0.264432387
2023-07-12 15:00:00+00:00,0.228317265,0,0.555025236,0.265323147
2023-07-12 16:00:00+00:00,0.253033263,0,0.478989143,0.266148038
2023-07-12 17:00:00+00:00,0.264603111,0,0.376898807,0.259234003
2023-07-12 18:00:00+00:00,0.254892853,0,0.18119347,0.278745779
2023-07-12 19:00:00+00:00,0.244416882,0,0.022031191,0.293267752
2023-07-12 20:00:00+00:00,0.241651338,0,0,0.291403819
2023-07-12 21:00:00+00:00,0.241763531,0,0,0.27839234
2023-07-12 22:00:00+00:00,0.229669184,0,0,0.26671255
2023-07-12 23:00:00+00:00,0.218960413,0,0,0.262245649
2023-07-13 00:00:00+00:00,0.20570207,0,0,0.259283913
2023-07-13 01:00:00+00:00,0.194238805,0,0,0.26020681
2023-07-13 02:00:00+00:00,0.182130434,0,0,0.268717254
2023-07-13 03:00:00+00:00,0.175000603,0,0,0.276742888
2023-07-13 04:00:00+00:00,0.170016453,0,0.000608726,0.299217115
2023-07-13 05:00:00+00:00,0.15473584,0,0.042232302,0.302485513
2023-07-13 06:00:00+00:00,0.135991285,0,0.261958894,0.294399305
2023-07-13 07:00:00+00:00,0.122143931,0,0.513179241,0.286812363
2023-07-13 08:00:00+00:00,0.090976865,0,0.60824972,0.282925109
2023-07-13 09:00:00+00:00,0.067085481,0,0.636489133,0.28031311
2023-07-13 10:00:00+00:00,0.052480828,0,0.658325219,0.279576551
2023-07-13 11:00:00+00:00,0.047266683,0,0.672400052,0.277414842
2023-07-13 12:00:00+00:00,0.052127421,0,0.674456452,0.263541883
2023-07-13 13:00:00+00:00,0.061498297,0,0.664431988,0.261841257
2023-07-13 14:00:00+00:00,0.070571862,0,0.641007751,0.261824418
2023-07-13 15:00:00+00:00,0.074198483,0,0.60460517,0.260785834
2023-07-13 16:00:00+00:00,0.082904618,0,0.556293414,0.263065483
2023-07-13 17:00:00+00:00,0.092884137,0,0.440908663,0.281968902
2023-07-13 18:00:00+00:00,0.099054722,0,0.199193804,0.31917165
2023-07-13 19:00:00+00:00,0.097326959,0,0.020657655,0.330697533
2023-07-13 20:00:00+00:00,0.1080189,0,0,0.329446208
2023-07-13 21:00:00+00:00,0.121504434,0,0,0.316504977
2023-07-13 22:00:00+00:00,0.126306271,0,0,0.299437258
2023-07-13 23:00:00+00:00,0.133896091,0,0,0.27820307
2023-07-14 00:00:00+00:00,0.135346178,0,0,0.269256481
2023-07-14 01:00:00+00:00,0.14722175,0,0,0.266456458
2023-07-14 02:00:00+00:00,0.162322855,0,0,0.267993887
2023-07-14 03:00:00+00:00,0.17288297,0,0,0.266561665
2023-07-14 04:00:00+00:00,0.183664666,0,0.000288755,0.25715927
2023-07-14 05:00:00+00:00,0.19149009,0,0.034357888,0.259547499
2023-07-14 06:00:00+00:00,0.183417842,0,0.235982692,0.248409775
2023-07-14 07:00:00+00:00,0.169907065,0,0.49256841,0.248684225
2023-07-14 08:00:00+00:00,0.179990363,0,0.590932252,0.252667159
2023-07-14 09:00:00+00:00,0.206840823,0,0.643423144,0.241864514
2023-07-14 10:00:00+00:00,0.249274816,0,0.680297879,0.237007623
2023-07-14 11:00:00+00:00,0.295369088,0,0.705368796,0.229760982
2023-07-14 12:00:00+00:00,0.325787269,0,0.710687342,0.218853974
2023-07-14 13:00:00+00:00,0.337623573,0,0.707097421,0.216762421
2023-07-14 14:00:00+00:00,0.341300681,0,0.687278715,0.214348212
2023-07-14 15:00:00+00:00,0.345793989,0,0.65130146,0.213662552
2023-07-14 16:00:00+00:00,0.351294224,0,0.598369633,0.216128431
2023-07-14 17:00:00+00:00,0.351305443,0,0.456727729,0.234505997
2023-07-14 18:00:00+00:00,0.333884759,0,0.202264747,0.263875643
2023-07-14 19:00:00+00:00,0.299049001,0,0.044522828,0.286803623
2023-07-14 20:00:00+00:00,0.278399978,0,0.008869447,0.299297019
2023-07-14 21:00:00+00:00,0.267938032,0,0,0.290030301
2023-07-14 22:00:00+00:00,0.266605746,0,0,0.294546342
2023-07-14 23:00:00+00:00,0.268448507,0,0,0.279295486
2023-07-15 00:00:00+00:00,0.258550328,0,0,0.267059227
2023-07-15 01:00:00+00:00,0.246369031,0,0,0.260769343
2023-07-15 02:00:00+00:00,0.235102104,0,0,0.262153195
2023-07-15 03:00:00+00:00,0.225313311,0,0,0.266389508
2023-07-15 04:00:00+00:00,0.21834616,0,0.000717984,0.268912277
2023-07-15 05:00:00+00:00,0.208902359,0,0.039524252,0.272775327
2023-07-15 06:00:00+00:00,0.187414699,0,0.227070322,0.267312955
2023-07-15 07:00:00+00:00,0.172128476,0,0.452958312,0.274683876
2023-07-15 08:00:00+00:00,0.153473675,0,0.578145109,0.272282969
2023-07-15 09:00:00+00:00,0.158182953,0,0.633882538,0.255048369
2023-07-15 10:00:00+00:00,0.185358772,0,0.637308572,0.249756358
2023-07-15 11:00:00+00:00,0.206094743,0,0.624911637,0.246863038
2023-07-15 12:00:00+00:00,0.22942797,0,0.614660851,0.235510979
2023-07-15 13:00:00+00:00,0.227428139,0,0.611453335,0.233893518
2023-07-15 14:00:00+00:00,0.252211454,0,0.585746377,0.231041789
2023-07-15 15:00:00+00:00,0.268905692,0,0.561877303,0.230875055
2023-07-15 16:00:00+00:00,0.297671838,0,0.507185633,0.244286969
2023-07-15 17:00:00+00:00,0.310916158,0,0.42350535,0.257087795
2023-07-15 18:00:00+00:00,0.328022703,0,0.201436141,0.270546559
2023-07-15 19:00:00+00:00,0.310949816,0,0.036090379,0.291360944
2023-07-15 20:00:00+00:00,0.284483615,0,0.006810609,0.290400449
2023-07-15 21:00:00+00:00,0.274602264,0,0,0.273444203
2023-07-15 22:00:00+00:00,0.263736424,0,0,0.244348477
2023-07-15 23:00:00+00:00,0.250060163,0,0,0.239432477
2023-07-16 00:00:00+00:00,0.233733356,0,0,0.239559085
2023-07-16 01:00:00+00:00,0.216994241,0,0,0.239318219
2023-07-16 02:00:00+00:00,0.19788506,0,0,0.244609021
2023-07-16 03:00:00+00:00,0.180130603,0,0,0.248137028
2023-07-16 04:00:00+00:00,0.162536021,0,0.000257538,0.249405064
2023-07-16 05:00:00+00:00,0.146374697,0,0.037023014,0.254411777
2023-07-16 06:00:00+00:00,0.114077293,0,0.238948279,0.251692189
2023-07-16 07:00:00+00:00,0.07454067,0,0.452735893,0.258514539
2023-07-16 08:00:00+00:00,0.040128438,0,0.533072087,0.253945583
2023-07-16 09:00:00+00:00,0.043536284,0,0.593191561,0.251115694
2023-07-16 10:00:00+00:00,0.046290609,0,0.617314271,0.247021856
2023-07-16 11:00:00+00:00,0.059097378,0,0.636422798,0.244429462
2023-07-16 12:00:00+00:00,0.077600719,0,0.647239386,0.231832802
2023-07-16 13:00:00+00:00,0.093175838,0,0.61564808,0.228502676
2023-07-16 14:00:00+00:00,0.1123327,0,0.577868061,0.227364014
2023-07-16 15:00:00+00:00,0.123882914,0,0.557155776,0.228917347
2023-07-16 16:00:00+00:00,0.143544642,0,0.545890447,0.241695765
2023-07-16 17:00:00+00:00,0.179552812,0,0.420305637,0.254105904
2023-07-16 18:00:00+00:00,0.188693693,0,0.191752413,0.26610269
2023-07-16 19:00:00+00:00,0.186940686,0,0.037478157,0.281347041
2023-07-16 20:00:00+00:00,0.215611469,0,0.005521878,0.281864758
2023-07-16 21:00:00+00:00,0.238462268,0,0,0.272082339
2023-07-16 22:00:00+00:00,0.259400185,0,0,0.255315345
2023-07-16 23:00:00+00:00,0.275867234,0,0,0.249606848
2023-07-17 00:00:00+00:00,0.275011766,0,0,0.250446635
2023-07-17 01:00:00+00:00,0.264866763,0,0,0.249183382
2023-07-17 02:00:00+00:00,0.247788266,0,0,0.25073371
2023-07-17 03:00:00+00:00,0.23069294,0,0,0.246304426
2023-07-17 04:00:00+00:00,0.209031381,0,0.000195104,0.229101322
2023-07-17 05:00:00+00:00,0.191032905,0,0.020275251,0.236237204
2023-07-17 06:00:00+00:00,0.165991549,0,0.172296709,0.240427675
2023-07-17 07:00:00+00:00,0.151759935,0,0.405688414,0.253721519
2023-07-17 08:00:00+00:00,0.139884363,0,0.522251596,0.254323244
2023-07-17 09:00:00+00:00,0.135797753,0,0.580400516,0.234716265
2023-07-17 10:00:00+00:00,0.13777795,0,0.602658028,0.229842883
2023-07-17 11:00:00+00:00,0.147625643,0,0.607660505,0.227455443
2023-07-17 12:00:00+00:00,0.160258514,0,0.613603385,0.216017452
2023-07-17 13:00:00+00:00,0.174557443,0,0.594810928,0.213112937
2023-07-17 14:00:00+00:00,0.179620128,0,0.573021667,0.210306702
2023-07-17 15:00:00+00:00,0.18605717,0,0.549195516,0.207718522
2023-07-17 16:00:00+00:00,0.199315514,0,0.508996202,0.212151178
2023-07-17 17:00:00+00:00,0.20673985,0,0.365493912,0.227689419
2023-07-17 18:00:00+00:00,0.197798111,0,0.168625423,0.257197912
2023-07-17 19:00:00+00:00,0.184601473,0,0.041479609,0.278065286
2023-07-17 20:00:00+00:00,0.196939838,0,0.026286678,0.278890086
2023-07-17 21:00:00+00:00,0.217064361,0,0.004228675,0.257959536
2023-07-17 22:00:00+00:00,0.224477478,0,0,0.244571203
2023-07-17 23:00:00+00:00,0.238812869,0,0,0.23974546
2023-07-18 00:00:00+00:00,0.254519813,0,0,0.234397126
2023-07-18 01:00:00+00:00,0.25999761,0,0,0.223128214
2023-07-18 02:00:00+00:00,0.253524105,0,0,0.221975444
2023-07-18 03:00:00+00:00,0.22928212,0,0,0.219180148
2023-07-18 04:00:00+00:00,0.205822676,0,0.000265342,0.218356192
2023-07-18 05:00:00+00:00,0.182152872,0,0.022550168,0.222848395
2023-07-18 06:00:00+00:00,0.147016999,0,0.156988817,0.229006724
2023-07-18 07:00:00+00:00,0.109603618,0,0.389151364,0.231006536
2023-07-18 08:00:00+00:00,0.091857576,0,0.540427523,0.225430639
2023-07-18 09:00:00+00:00,0.092592437,0,0.615839282,0.213326374
2023-07-18 10:00:00+00:00,0.115120683,0,0.65329933,0.211069315
2023-07-18 11:00:00+00:00,0.132316982,0,0.668076538,0.212003096
2023-07-18 12:00:00+00:00,0.135601416,0,0.654251439,0.211477171
2023-07-18 13:00:00+00:00,0.147131996,0,0.62564523,0.211618327
2023-07-18 14:00:00+00:00,0.143569886,0,0.573060688,0.209737133
2023-07-18 15:00:00+00:00,0.137393691,0,0.501227144,0.211548518
2023-07-18 16:00:00+00:00,0.135949213,0,0.393369522,0.220512715
2023-07-18 17:00:00+00:00,0.143637201,0,0.256281355,0.24236083
2023-07-18 18:00:00+00:00,0.160662407,0,0.094770019,0.266378405
2023-07-18 19:00:00+00:00,0.19438746,0,0.017824739,0.285894193
2023-07-18 20:00:00+00:00,0.240506975,0,0.001217452,0.286543702
2023-07-18 21:00:00+00:00,0.236748528,0,0,0.264747751
2023-07-18 22:00:00+00:00,0.226028538,0,0,0.240313233
2023-07-18 23:00:00+00:00,0.234549556,0,0,0.232960176
2023-07-19 00:00:00+00:00,0.239881502,0,0,0.231571708
2023-07-19 01:00:00+00:00,0.233186417,0,0,0.229512421
2023-07-19 02:00:00+00:00,0.214035164,0,0,0.231733971
2023-07-19 03:00:00+00:00,0.200877794,0,0,0.234099644
2023-07-19 04:00:00+00:00,0.172613708,0,0.000199007,0.236101325
2023-07-19 05:00:00+00:00,0.156211171,0,0.019479225,0.24144856
2023-07-19 06:00:00+00:00,0.135433127,0,0.15979832,0.245563029
2023-07-19 07:00:00+00:00,0.113608889,0,0.391223373,0.258864404
2023-07-19 08:00:00+00:00,0.09306645,0,0.545090519,0.253447252
2023-07-19 09:00:00+00:00,0.082080003,0,0.622866943,0.24534525
2023-07-19 10:00:00+00:00,0.084009714,0,0.655133311,0.242576448
2023-07-19 11:00:00+00:00,0.092659752,0,0.665817229,0.242175371
2023-07-19 12:00:00+00:00,0.107539277,0,0.665368489,0.231650091
2023-07-19 13:00:00+00:00,0.123540727,0,0.648921187,0.227191491
2023-07-19 14:00:00+00:00,0.139763756,0,0.611078734,0.227577213
2023-07-19 15:00:00+00:00,0.174044162,0,0.584173835,0.224431154
2023-07-19 16:00:00+00:00,0.217428986,0,0.485493924,0.231044738
2023-07-19 17:00:00+00:00,0.259520792,0,0.343130135,0.248165648
2023-07-19 18:00:00+00:00,0.276722701,0,0.152712446,0.281987298
2023-07-19 19:00:00+00:00,0.290802855,0,0.038274134,0.298393818
2023-07-19 20:00:00+00:00,0.299436065,0,0.023368611,0.290525408
2023-07-19 21:00:00+00:00,0.296137606,0,0.01525298,0.271845101
2023-07-19 22:00:00+00:00,0.279451783,0,0,0.250214564
2023-07-19 23:00:00+00:00,0.2542786,0,0,0.243372811
2023-07-20 00:00:00+00:00,0.220817199,0,0,0.23078348
2023-07-20 01:00:00+00:00,0.200779625,0,0,0.221825989
2023-07-20 02:00:00+00:00,0.182402501,0,0,0.222654691
2023-07-20 03:00:00+00:00,0.170473637,0,0,0.229396221
2023-07-20 04:00:00+00:00,0.154365605,0,0.000569705,0.233556075
2023-07-20 05:00:00+00:00,0.140240574,0,0.025055309,0.23596497
2023-07-20 06:00:00+00:00,0.115173974,0,0.194682989,0.240504409
2023-07-20 07:00:00+00:00,0.081224536,0,0.418132174,0.252969844
2023-07-20 08:00:00+00:00,0.067907291,0,0.543631138,0.257124659
2023-07-20 09:00:00+00:00,0.07707622,0,0.633316735,0.243533425
2023-07-20 10:00:00+00:00,0.098109501,0,0.670854825,0.24005192
2023-07-20 11:00:00+00:00,0.127142105,0,0.656206385,0.237446004
2023-07-20 12:00:00+00:00,0.156244829,0,0.661146429,0.226200874
2023-07-20 13:00:00+00:00,0.195301829,0,0.642650531,0.216761707
2023-07-20 14:00:00+00:00,0.227467407,0,0.60453103,0.213603701
2023-07-20 15:00:00+00:00,0.264423603,0,0.584763051,0.213001628
2023-07-20 16:00:00+00:00,0.291964047,0,0.539810993,0.21160431
2023-07-20 17:00:00+00:00,0.319361445,0,0.428511729,0.220581589
2023-07-20 18:00:00+00:00,0.36169727,0,0.183057918,0.241164783
2023-07-20 19:00:00+00:00,0.365354744,0,0.041099799,0.262598483
2023-07-20 20:00:00+00:00,0.340902398,0,0.011478673,0.267408488
2023-07-20 21:00:00+00:00,0.32099665,0,0,0.257327964
2023-07-20 22:00:00+00:00,0.310170078,0,0,0.232980844
2023-07-20 23:00:00+00:00,0.302445627,0,0,0.217233434
2023-07-21 00:00:00+00:00,0.289731417,0,0,0.213813932
2023-07-21 01:00:00+00:00,0.280899065,0,0,0.214658226
2023-07-21 02:00:00+00:00,0.270033226,0,0,0.216402588
2023-07-21 03:00:00+00:00,0.264036539,0,0,0.229158873
2023-07-21 04:00:00+00:00,0.247210475,0,0.000288755,0.235274675
2023-07-21 05:00:00+00:00,0.227918981,0,0.029917311,0.235516989
2023-07-21 06:00:00+00:00,0.199797941,0,0.226922043,0.235519774
2023-07-21 07:00:00+00:00,0.184621106,0,0.493095192,0.23790485
2023-07-21 08:00:00+00:00,0.164962183,0,0.620010614,0.245078696
2023-07-21 09:00:00+00:00,0.151274703,0,0.643251452,0.245223443
2023-07-21 10:00:00+00:00,0.14082117,0,0.654430935,0.240981963
2023-07-21 11:00:00+00:00,0.136016528,0,0.653927566,0.23082848
2023-07-21 12:00:00+00:00,0.145045216,0,0.653962685,0.211610961
2023-07-21 13:00:00+00:00,0.163189542,0,0.63061649,0.205087687
2023-07-21 14:00:00+00:00,0.198364683,0,0.613829706,0.211304648
2023-07-21 15:00:00+00:00,0.233309829,0,0.561799261,0.212826063
2023-07-21 16:00:00+00:00,0.259905052,0,0.486672355,0.213191924
2023-07-21 17:00:00+00:00,0.276170153,0,0.35087578,0.223095893
2023-07-21 18:00:00+00:00,0.295088607,0,0.149617772,0.234950974
2023-07-21 19:00:00+00:00,0.293562789,0,0.010906337,0.255438416
2023-07-21 20:00:00+00:00,0.30031958,0,0,0.258707601
2023-07-21 21:00:00+00:00,0.302740133,0,0,0.247993344
2023-07-21 22:00:00+00:00,0.259658228,0,0,0.226662927
2023-07-21 23:00:00+00:00,0.221554864,0,0,0.218736198
2023-07-22 00:00:00+00:00,0.196521922,0,0,0.21361583
2023-07-22 01:00:00+00:00,0.185145606,0,0,0.208637132
2023-07-22 02:00:00+00:00,0.177984922,0,0,0.209995698
2023-07-22 03:00:00+00:00,0.175777536,0,0,0.210397508
2023-07-22 04:00:00+00:00,0.163885135,0,0.000440936,0.210988074
2023-07-22 05:00:00+00:00,0.143452083,0,0.025125547,0.215313764
2023-07-22 06:00:00+00:00,0.106333208,0,0.195221478,0.215207677
2023-07-22 07:00:00+00:00,0.073446794,0,0.41812437,0.22476266
2023-07-22 08:00:00+00:00,0.054455415,0,0.552094767,0.224708408
2023-07-22 09:00:00+00:00,0.045168684,0,0.631268139,0.218579028
2023-07-22 10:00:00+00:00,0.041413042,0,0.663335501,0.215622899
2023-07-22 11:00:00+00:00,0.050590385,0,0.678190751,0.21062694
2023-07-22 12:00:00+00:00,0.068566422,0,0.671697676,0.194603266
2023-07-22 13:00:00+00:00,0.088200102,0,0.652226255,0.187422751
2023-07-22 14:00:00+00:00,0.09931557,0,0.59879496,0.187840629
2023-07-22 15:00:00+00:00,0.108375111,0,0.556129527,0.193450496
2023-07-22 16:00:00+00:00,0.115199217,0,0.500497454,0.205115666
2023-07-22 17:00:00+00:00,0.122286976,0,0.387602235,0.21472972
2023-07-22 18:00:00+00:00,0.129007304,0,0.156633727,0.237210012
2023-07-22 19:00:00+00:00,0.145536058,0,0.011487748,0.24213039
2023-07-22 20:00:00+00:00,0.144077556,0,0,0.240825966
2023-07-22 21:00:00+00:00,0.150020952,0,0,0.223958107
2023-07-22 22:00:00+00:00,0.143194041,0,0,0.210745229
2023-07-22 23:00:00+00:00,0.129576681,0,0,0.199542205
2023-07-23 00:00:00+00:00,0.116730644,0,0,0.19678392
2023-07-23 01:00:00+00:00,0.116113586,0,0,0.197893211
2023-07-23 02:00:00+00:00,0.105887243,0,0,0.197282911
2023-07-23 03:00:00+00:00,0.090550534,0,0,0.197063263
2023-07-23 04:00:00+00:00,0.085002617,0,0.000222419,0.197645419
2023-07-23 05:00:00+00:00,0.079782863,0,0.019756273,0.200485696
2023-07-23 06:00:00+00:00,0.073556181,0,0.171828458,0.211417147
2023-07-23 07:00:00+00:00,0.068748734,0,0.404997745,0.226415356
2023-07-23 08:00:00+00:00,0.068883365,0,0.53681419,0.228632361
2023-07-23 09:00:00+00:00,0.083207538,0,0.575421451,0.221825164
2023-07-23 10:00:00+00:00,0.106251869,0,0.596879035,0.214866277
2023-07-23 11:00:00+00:00,0.141696271,0,0.601479597,0.203008722
2023-07-23 12:00:00+00:00,0.157703331,0,0.602010281,0.186365569
2023-07-23 13:00:00+00:00,0.178722588,0,0.599516847,0.180925311
2023-07-23 14:00:00+00:00,0.18598705,0,0.58958213,0.180160554
2023-07-23 15:00:00+00:00,0.259745177,0,0.573603078,0.18183782
2023-07-23 16:00:00+00:00,0.288615102,0,0.496950456,0.19387825
2023-07-23 17:00:00+00:00,0.297495135,0,0.372153868,0.201462462
2023-07-23 18:00:00+00:00,0.278436441,0,0.152407765,0.209844869
2023-07-23 19:00:00+00:00,0.242767653,0,0.011866251,0.211800268
2023-07-23 20:00:00+00:00,0.213782731,0,0,0.214649468
2023-07-23 21:00:00+00:00,0.205634754,0,0,0.212005845
2023-07-23 22:00:00+00:00,0.203604071,0,0,0.210388218
2023-07-23 23:00:00+00:00,0.194508067,0,0,0.202862033
2023-07-24 00:00:00+00:00,0.203065547,0,0,0.196173346
2023-07-24 01:00:00+00:00,0.213314328,0,0,0.196674316
2023-07-24 02:00:00+00:00,0.212629954,0,0,0.200095723
2023-07-24 03:00:00+00:00,0.205833896,0,0,0.204721607
2023-07-24 04:00:00+00:00,0.203491878,0,0.000202909,0.216111006
2023-07-24 05:00:00+00:00,0.193677843,0,0.015783947,0.228854575
2023-07-24 06:00:00+00:00,0.182657738,0,0.168421935,0.240339068
2023-07-24 07:00:00+00:00,0.170740094,0,0.418662858,0.247644193
2023-07-24 08:00:00+00:00,0.161400072,0,0.568335259,0.242809728
2023-07-24 09:00:00+00:00,0.157849181,0,0.614699872,0.23786423
2023-07-24 10:00:00+00:00,0.187697985,0,0.63751148,0.240164877
2023-07-24 11:00:00+00:00,0.210386105,0,0.661076192,0.233520951
2023-07-24 12:00:00+00:00,0.239441147,0,0.677168404,0.219207302
2023-07-24 13:00:00+00:00,0.26141404,0,0.680149599,0.214441986
2023-07-24 14:00:00+00:00,0.30515788,0,0.642642726,0.213412342
2023-07-24 15:00:00+00:00,0.322090527,0,0.596453707,0.211700777
2023-07-24 16:00:00+00:00,0.346091299,0,0.520203,0.208281385
2023-07-24 17:00:00+00:00,0.370902661,0,0.38890163,0.21209185
2023-07-24 18:00:00+00:00,0.399853925,0,0.162674159,0.225733874
2023-07-24 19:00:00+00:00,0.381064493,0,0.01263106,0.238040564
2023-07-24 20:00:00+00:00,0.371230824,0,0,0.24386484
2023-07-24 21:00:00+00:00,0.350082546,0,0,0.240746154
2023-07-24 22:00:00+00:00,0.321089209,0,0,0.229061471
2023-07-24 23:00:00+00:00,0.302100636,0,0,0.221910034
2023-07-25 00:00:00+00:00,0.279549951,0,0,0.214127464
2023-07-25 01:00:00+00:00,0.257933269,0,0,0.207412575
2023-07-25 02:00:00+00:00,0.238453853,0,0,0.206639811
2023-07-25 03:00:00+00:00,0.215204771,0,0,0.212586297
2023-07-25 04:00:00+00:00,0.194376241,0,0.000546292,0.224666193
2023-07-25 05:00:00+00:00,0.165133276,0,0.028633524,0.227034102
2023-07-25 06:00:00+00:00,0.149650717,0,0.224771992,0.22862866
2023-07-25 07:00:00+00:00,0.147906124,0,0.486578705,0.236804025
2023-07-25 08:00:00+00:00,0.151678596,0,0.628325964,0.235980105
2023-07-25 09:00:00+00:00,0.162634189,0,0.651395111,0.231077444
2023-07-25 10:00:00+00:00,0.172557612,0,0.676255315,0.23043191
2023-07-25 11:00:00+00:00,0.179451839,0,0.692101696,0.228170088
2023-07-25 12:00:00+00:00,0.174944507,0,0.692843092,0.218067395
2023-07-25 13:00:00+00:00,0.170566196,0,0.687797692,0.214095308
2023-07-25 14:00:00+00:00,0.176147771,0,0.669535919,0.21279792
2023-07-25 15:00:00+00:00,0.187498843,0,0.628349377,0.215326846
2023-07-25 16:00:00+00:00,0.214957947,0,0.577434929,0.220675583
2023-07-25 17:00:00+00:00,0.247611563,0,0.429666747,0.236325555
2023-07-25 18:00:00+00:00,0.250048944,0,0.174275068,0.250693217
2023-07-25 19:00:00+00:00,0.242330103,0,0.012115984,0.263956885
2023-07-25 20:00:00+00:00,0.251692563,0,0,0.263217321
2023-07-25 21:00:00+00:00,0.244223351,0,0,0.251797176
2023-07-25 22:00:00+00:00,0.241115619,0,0,0.233455265
2023-07-25 23:00:00+00:00,0.239087741,0,0,0.225214471
2023-07-26 00:00:00+00:00,0.21767581,0,0,0.216966184
2023-07-26 01:00:00+00:00,0.198670407,0,0,0.213287842
2023-07-26 02:00:00+00:00,0.183518816,0,0,0.20984256
2023-07-26 03:00:00+00:00,0.172667,0,0,0.210190502
2023-07-26 04:00:00+00:00,0.163234419,0,0.000476055,0.22068938
2023-07-26 05:00:00+00:00,0.145937146,0,0.025761587,0.228674833
2023-07-26 06:00:00+00:00,0.113432186,0,0.211657074,0.234911618
2023-07-26 07:00:00+00:00,0.102571956,0,0.472207314,0.243377703
2023-07-26 08:00:00+00:00,0.08897423,0,0.597995032,0.244925595
2023-07-26 09:00:00+00:00,0.070984169,0,0.6235342,0.23778035
2023-07-26 10:00:00+00:00,0.064673343,0,0.637078349,0.224622165
2023-07-26 11:00:00+00:00,0.063543004,0,0.644991784,0.221951406
2023-07-26 12:00:00+00:00,0.068959095,0,0.638046066,0.215008806
2023-07-26 13:00:00+00:00,0.071211359,0,0.627323128,0.212894827
2023-07-26 14:00:00+00:00,0.080697231,0,0.608503356,0.214665848
2023-07-26 15:00:00+00:00,0.090960036,0,0.584603065,0.22353585
2023-07-26 16:00:00+00:00,0.098964968,0,0.541223549,0.225609373
2023-07-26 17:00:00+00:00,0.103489129,0,0.41920915,0.231722428
2023-07-26 18:00:00+00:00,0.115945297,0,0.170977803,0.263569697
2023-07-26 19:00:00+00:00,0.129083034,0,0.011316056,0.296574407
2023-07-26 20:00:00+00:00,0.125989327,0,0,0.300705752
2023-07-26 21:00:00+00:00,0.118262071,0,0,0.284722789
2023-07-26 22:00:00+00:00,0.117078441,0,0,0.25746956
2023-07-26 23:00:00+00:00,0.114994466,0,0,0.230713379
2023-07-27 00:00:00+00:00,0.109365209,0,0,0.217742099
2023-07-27 01:00:00+00:00,0.103839731,0,0,0.21595369
2023-07-27 02:00:00+00:00,0.09827779,0,0,0.215528392
2023-07-27 03:00:00+00:00,0.096662218,0,0,0.220625893
2023-07-27 04:00:00+00:00,0.092917795,0,0,0.235206901
2023-07-27 05:00:00+00:00,0.088887281,0,0.020880075,0.244546505
2023-07-27 06:00:00+00:00,0.079622988,0,0.179172188,0.249075646
2023-07-27 07:00:00+00:00,0.074192873,0,0.407424844,0.257005088
2023-07-27 08:00:00+00:00,0.074765055,0,0.559524344,0.252812382
2023-07-27 09:00:00+00:00,0.07848143,0,0.616381672,0.238333319
2023-07-27 10:00:00+00:00,0.094667997,0,0.634908787,0.234049844
2023-07-27 11:00:00+00:00,0.11791147,0,0.634780019,0.229816792
2023-07-27 12:00:00+00:00,0.149165484,0,0.630795986,0.221501738
2023-07-27 13:00:00+00:00,0.185266213,0,0.602938978,0.21798324
2023-07-27 14:00:00+00:00,0.220780736,0,0.573798183,0.216219475
2023-07-27 15:00:00+00:00,0.269273122,0,0.565229197,0.220975044
2023-07-27 16:00:00+00:00,0.26104661,0,0.519972777,0.228567152
2023-07-27 17:00:00+00:00,0.246068916,0,0.395801465,0.2347801
2023-07-27 18:00:00+00:00,0.208386274,0,0.180459846,0.250502482
2023-07-27 19:00:00+00:00,0.176806902,0,0.037055363,0.270563873
2023-07-27 20:00:00+00:00,0.169405004,0,0.020175601,0.273132137
2023-07-27 21:00:00+00:00,0.15600642,0,0.014797436,0.261289222
2023-07-27 22:00:00+00:00,0.151574818,0,0,0.2413448
2023-07-27 23:00:00+00:00,0.136254937,0,0,0.231046552
2023-07-28 00:00:00+00:00,0.122631968,0,0,0.225163535
2023-07-28 01:00:00+00:00,0.114997271,0,0,0.222632851
2023-07-28 02:00:00+00:00,0.107104531,0,0,0.224288606
2023-07-28 03:00:00+00:00,0.098448883,0,0,0.225955941
2023-07-28 04:00:00+00:00,0.089888598,0,0,0.23413977
2023-07-28 05:00:00+00:00,0.085356023,0,0.022838923,0.243448812
2023-07-28 06:00:00+00:00,0.079036783,0,0.21079081,0.249811875
2023-07-28 07:00:00+00:00,0.070184798,0,0.468984189,0.257968056
2023-07-28 08:00:00+00:00,0.065711123,0,0.611109951,0.259871365
2023-07-28 09:00:00+00:00,0.073180336,0,0.659605104,0.255647621
2023-07-28 10:00:00+00:00,0.095125182,0,0.686529514,0.243987453
2023-07-28 11:00:00+00:00,0.11701954,0,0.700522402,0.238502324
2023-07-28 12:00:00+00:00,0.138086479,0,0.698512827,0.226911708
2023-07-28 13:00:00+00:00,0.151347628,0,0.686958743,0.223342476
2023-07-28 14:00:00+00:00,0.158558798,0,0.681612882,0.223566119
2023-07-28 15:00:00+00:00,0.17095887,0,0.653798797,0.223701301
2023-07-28 16:00:00+00:00,0.17720238,0,0.58749061,0.22720133
2023-07-28 17:00:00+00:00,0.180026825,0,0.431691931,0.237789548
2023-07-28 18:00:00+00:00,0.18226787,0,0.17896731,0.256954188
2023-07-28 19:00:00+00:00,0.171289837,0,0.029501719,0.276498175
2023-07-28 20:00:00+00:00,0.172504321,0,0.012730184,0.278043519
2023-07-28 21:00:00+00:00,0.183269187,0,0,0.260471092
2023-07-28 22:00:00+00:00,0.181566667,0,0,0.234150269
2023-07-28 23:00:00+00:00,0.167968941,0,0,0.21518624
2023-07-29 00:00:00+00:00,0.158934643,0,0,0.205484879
2023-07-29 01:00:00+00:00,0.151131657,0,0,0.203118931
2023-07-29 02:00:00+00:00,0.136986993,0,0,0.198815503
2023-07-29 03:00:00+00:00,0.124281197,0,0,0.200993079
2023-07-29 04:00:00+00:00,0.109976658,0,0,0.207054245
2023-07-29 05:00:00+00:00,0.095616024,0,0.022991104,0.209187572
2023-07-29 06:00:00+00:00,0.070383939,0,0.212823798,0.203349408
2023-07-29 07:00:00+00:00,0.043561527,0,0.479032066,0.208886572
2023-07-29 08:00:00+00:00,0.03838665,0,0.590417177,0.213507252
2023-07-29 09:00:00+00:00,0.039758203,0,0.64332169,0.216195326
2023-07-29 10:00:00+00:00,0.052621068,0,0.664814392,0.211307488
2023-07-29 11:00:00+00:00,0.07260535,0,0.675389051,0.212317874
2023-07-29 12:00:00+00:00,0.092710239,0,0.670175862,0.193154663
2023-07-29 13:00:00+00:00,0.107968413,0,0.670187568,0.192473456
2023-07-29 14:00:00+00:00,0.125919207,0,0.651239027,0.192236933
2023-07-29 15:00:00+00:00,0.143224894,0,0.627248988,0.193115197
2023-07-29 16:00:00+00:00,0.163556972,0,0.578468982,0.189165867
2023-07-29 17:00:00+00:00,0.175382057,0,0.428031772,0.188731682
2023-07-29 18:00:00+00:00,0.201741676,0,0.161948371,0.18599652
2023-07-29 19:00:00+00:00,0.220034656,0,0.00625895,0.190902772
2023-07-29 20:00:00+00:00,0.257220847,0,0,0.194650024
2023-07-29 21:00:00+00:00,0.251686954,0,0,0.189873348
2023-07-29 22:00:00+00:00,0.234050299,0,0,0.188456077
2023-07-29 23:00:00+00:00,0.228499577,0,0,0.183176965
2023-07-30 00:00:00+00:00,0.216767051,0,0,0.181567382
2023-07-30 01:00:00+00:00,0.202661654,0,0,0.18278188
2023-07-30 02:00:00+00:00,0.190909494,0,0,0.1854168
2023-07-30 03:00:00+00:00,0.175637295,0,0,0.187366739
2023-07-30 04:00:00+00:00,0.157804304,0,0,0.186732419
2023-07-30 05:00:00+00:00,0.142879902,0,0.020880075,0.187446698
2023-07-30 06:00:00+00:00,0.119521432,0,0.212511631,0.19382801
2023-07-30 07:00:00+00:00,0.093551682,0,0.461589731,0.204806421
2023-07-30 08:00:00+00:00,0.078402895,0,0.542827308,0.209470982
2023-07-30 09:00:00+00:00,0.057630462,0,0.598517912,0.208676488
2023-07-30 10:00:00+00:00,0.051356098,0,0.609412542,0.212218237
2023-07-30 11:00:00+00:00,0.055395027,0,0.622082623,0.210422096
2023-07-30 12:00:00+00:00,0.067724978,0,0.65331884,0.190232173
2023-07-30 13:00:00+00:00,0.079667865,0,0.630312127,0.184831987
2023-07-30 14:00:00+00:00,0.085392486,0,0.613860923,0.182610254
2023-07-30 15:00:00+00:00,0.116402481,0,0.598841785,0.196072096
2023-07-30 16:00:00+00:00,0.133351957,0,0.57597945,0.204431875
2023-07-30 17:00:00+00:00,0.159515239,0,0.42821517,0.203416944
2023-07-30 18:00:00+00:00,0.189178925,0,0.160641171,0.200583025
2023-07-30 19:00:00+00:00,0.20807494,0,0.006044335,0.200231236
2023-07-30 20:00:00+00:00,0.223515427,0,0,0.202130348
2023-07-30 21:00:00+00:00,0.226056587,0,0,0.20035678
2023-07-30 22:00:00+00:00,0.211423885,0,0,0.197565717
2023-07-30 23:00:00+00:00,0.194373436,0,0,0.190142284
2023-07-31 00:00:00+00:00,0.176568493,0,0,0.186427022
2023-07-31 01:00:00+00:00,0.155153757,0,0,0.184646693
2023-07-31 02:00:00+00:00,0.126729797,0,0,0.185536445
2023-07-31 03:00:00+00:00,0.106490278,0,0,0.189491987
2023-07-31 04:00:00+00:00,0.094973722,0,0,0.200460558
2023-07-31 05:00:00+00:00,0.082063174,0,0.019650917,0.204525777
2023-07-31 06:00:00+00:00,0.065377351,0,0.206599967,0.206492206
2023-07-31 07:00:00+00:00,0.043435311,0,0.48574756,0.205849091
2023-07-31 08:00:00+00:00,0.032589105,0,0.619468224,0.214372837
2023-07-31 09:00:00+00:00,0.029133577,0,0.660510389,0.222539956
2023-07-31 10:00:00+00:00,0.028440788,0,0.694731703,0.229217907
2023-07-31 11:00:00+00:00,0.041480357,0,0.699558586,0.227568602
2023-07-31 12:00:00+00:00,0.062292058,0,0.700955534,0.215296724
2023-07-31 13:00:00+00:00,0.089857746,0,0.696877852,0.211765199
2023-07-31 14:00:00+00:00,0.122359901,0,0.680547612,0.213744014
2023-07-31 15:00:00+00:00,0.147906124,0,0.649034347,0.217011037
2023-07-31 16:00:00+00:00,0.178060652,0,0.57526927,0.220798874
2023-07-31 17:00:00+00:00,0.206072305,0,0.412532677,0.228332314
2023-07-31 18:00:00+00:00,0.226404383,0,0.148931004,0.24112015
2023-07-31 19:00:00+00:00,0.231492311,0,0.005158561,0.251812072
2023-07-31 20:00:00+00:00,0.249112137,0,0,0.246680144
2023-07-31 21:00:00+00:00,0.261400016,0,0,0.233176197
2023-07-31 22:00:00+00:00,0.28112345,0,0,0.221620027
2023-07-31 23:00:00+00:00,0.28879461,0,0,0.2068706
2023-08-01 00:00:00+00:00,0.286976867,0,0,0.20850697
2023-08-01 01:00:00+00:00,0.284839889,0,0,0.211563469
2023-08-01 02:00:00+00:00,0.27826651,0,0,0.21239721
2023-08-01 03:00:00+00:00,0.268996001,0,0,0.21311563
2023-08-01 04:00:00+00:00,0.259501431,0,0,0.207056059
2023-08-01 05:00:00+00:00,0.244058052,0,0.019671999,0.205933374
2023-08-01 06:00:00+00:00,0.214574472,0,0.207462742,0.212273424
2023-08-01 07:00:00+00:00,0.191070511,0,0.481914018,0.213378373
2023-08-01 08:00:00+00:00,0.1725547,0,0.61157631,0.220494338
2023-08-01 09:00:00+00:00,0.164348479,0,0.661413321,0.22737695
2023-08-01 10:00:00+00:00,0.162427159,0,0.694475342,0.21898463
2023-08-01 11:00:00+00:00,0.182183706,0,0.707461935,0.208662197
2023-08-01 12:00:00+00:00,0.198988254,0,0.703404585,0.193892541
2023-08-01 13:00:00+00:00,0.216532202,0,0.690721525,0.192839867
2023-08-01 14:00:00+00:00,0.220912588,0,0.673266469,0.198940242
2023-08-01 15:00:00+00:00,0.220111571,0,0.641103519,0.211824783
2023-08-01 16:00:00+00:00,0.204094036,0,0.571475402,0.211515978
2023-08-01 17:00:00+00:00,0.193123467,0,0.409377365,0.221173695
2023-08-01 18:00:00+00:00,0.171456803,0,0.161178615,0.237117887
2023-08-01 19:00:00+00:00,0.15330229,0,0.025987875,0.245559786
2023-08-01 20:00:00+00:00,0.150983262,0,0.00254185,0.243340637
2023-08-01 21:00:00+00:00,0.157730288,0,0,0.234284553
2023-08-01 22:00:00+00:00,0.165757261,0,0,0.213296142
2023-08-01 23:00:00+00:00,0.170423323,0,0,0.204518375
2023-08-02 00:00:00+00:00,0.171627649,0,0,0.198356088
2023-08-02 01:00:00+00:00,0.17362459,0,0,0.191729202
2023-08-02 02:00:00+00:00,0.185757473,0,0,0.191662673
2023-08-02 03:00:00+00:00,0.197019321,0,0,0.194535986
2023-08-02 04:00:00+00:00,0.20850523,0,0,0.203589504
2023-08-02 05:00:00+00:00,0.216974722,0,0.019295464,0.204816736
2023-08-02 06:00:00+00:00,0.208894535,0,0.196604721,0.202304484
2023-08-02 07:00:00+00:00,0.189028759,0,0.469911025,0.198071689
2023-08-02 08:00:00+00:00,0.181959646,0,0.614822959,0.210869235
2023-08-02 09:00:00+00:00,0.186452061,0,0.672298237,0.214208595
2023-08-02 10:00:00+00:00,0.206830377,0,0.710593317,0.210011309
2023-08-02 11:00:00+00:00,0.232014792,0,0.723257167,0.202478803
2023-08-02 12:00:00+00:00,0.254686928,0,0.72152434,0.184821653
2023-08-02 13:00:00+00:00,0.274751559,0,0.713398114,0.182063515
2023-08-02 14:00:00+00:00,0.296491042,0,0.690825264,0.180964393
2023-08-02 15:00:00+00:00,0.31883549,0,0.643504886,0.181675227
2023-08-02 16:00:00+00:00,0.331817003,0,0.567033834,0.192601694
2023-08-02 17:00:00+00:00,0.350332814,0,0.408063337,0.207081014
2023-08-02 18:00:00+00:00,0.364969575,0,0.159500719,0.221667079
2023-08-02 19:00:00+00:00,0.36073763,0,0.030238014,0.227704664
2023-08-02 20:00:00+00:00,0.376794376,0,0.013770399,0.228363059
2023-08-02 21:00:00+00:00,0.367061742,0,0,0.220169886
2023-08-02 22:00:00+00:00,0.361471429,0,0,0.212249184
2023-08-02 23:00:00+00:00,0.361678685,0,0,0.200027967
2023-08-03 00:00:00+00:00,0.357169464,0,0,0.189759896
2023-08-03 01:00:00+00:00,0.345647146,0,0,0.187869358
2023-08-03 02:00:00+00:00,0.326428345,0,0,0.184975121
2023-08-03 03:00:00+00:00,0.30158002,0,0,0.176350346
2023-08-03 04:00:00+00:00,0.273183134,0,0,0.184666701
2023-08-03 05:00:00+00:00,0.252127036,0,0.016202504,0.19491383
2023-08-03 06:00:00+00:00,0.228099333,0,0.192989222,0.195086207
2023-08-03 07:00:00+00:00,0.212863209,0,0.454649857,0.190395755
2023-08-03 08:00:00+00:00,0.205581239,0,0.577330896,0.185506763
2023-08-03 09:00:00+00:00,0.204808229,0,0.638191141,0.184181177
2023-08-03 10:00:00+00:00,0.204175258,0,0.67831126,0.182509903
2023-08-03 11:00:00+00:00,0.220635313,0,0.683332999,0.181462065
2023-08-03 12:00:00+00:00,0.233787672,0,0.670573095,0.184164797
2023-08-03 13:00:00+00:00,0.250810679,0,0.650213345,0.184293255
2023-08-03 14:00:00+00:00,0.275255695,0,0.655553985,0.185207449
2023-08-03 15:00:00+00:00,0.308730355,0,0.638717521,0.183949765
2023-08-03 16:00:00+00:00,0.333979188,0,0.564928315,0.187184523
2023-08-03 17:00:00+00:00,0.359345653,0,0.403314394,0.195977296
2023-08-03 18:00:00+00:00,0.403141106,0,0.142986998,0.219932208
2023-08-03 19:00:00+00:00,0.387019943,0,0.004641362,0.233590704
2023-08-03 20:00:00+00:00,0.383059671,0,0,0.226758387
2023-08-03 21:00:00+00:00,0.369711259,0,0,0.215958967
2023-08-03 22:00:00+00:00,0.348817604,0,0,0.204766405
2023-08-03 23:00:00+00:00,0.349271327,0,0,0.199573499
2023-08-04 00:00:00+00:00,0.351024601,0,0,0.190103111
2023-08-04 01:00:00+00:00,0.347114743,0,0,0.188286943
2023-08-04 02:00:00+00:00,0.341474017,0,0,0.188303232
2023-08-04 03:00:00+00:00,0.33487263,0,0,0.187226243
2023-08-04 04:00:00+00:00,0.329708032,0,0,0.188476799
2023-08-04 05:00:00+00:00,0.322888186,0,0.014631049,0.193016916
2023-08-04 06:00:00+00:00,0.302456657,0,0.181105337,0.196063301
2023-08-04 07:00:00+00:00,0.287156116,0,0.444471903,0.197739193
2023-08-04 08:00:00+00:00,0.280462304,0,0.574998688,0.201733266
2023-08-04 09:00:00+00:00,0.259837522,0,0.632769815,0.19932153
2023-08-04 10:00:00+00:00,0.241033233,0,0.64173748,0.195554856
2023-08-04 11:00:00+00:00,0.241697013,0,0.661332635,0.195499266
2023-08-04 12:00:00+00:00,0.244405346,0,0.673716004,0.18805064
2023-08-04 13:00:00+00:00,0.224741224,0,0.670069769,0.181412045
2023-08-04 14:00:00+00:00,0.227099462,0,0.649279694,0.179906313
2023-08-04 15:00:00+00:00,0.248953777,0,0.619948436,0.17841381
2023-08-04 16:00:00+00:00,0.281787063,0,0.559011347,0.179528433
2023-08-04 17:00:00+00:00,0.315009654,0,0.410956504,0.184959108
2023-08-04 18:00:00+00:00,0.342440278,0,0.145864796,0.201509
2023-08-04 19:00:00+00:00,0.360311915,0,0.004414673,0.219947049
2023-08-04 20:00:00+00:00,0.374100046,0,0,0.21982385
2023-08-04 21:00:00+00:00,0.346753445,0,0,0.214705388
2023-08-04 22:00:00+00:00,0.32474789,0,0,0.209225445
2023-08-04 23:00:00+00:00,0.307327175,0,0,0.209979391
2023-08-05 00:00:00+00:00,0.288791759,0,0,0.211727601
2023-08-05 01:00:00+00:00,0.267987728,0,0,0.217895897
2023-08-05 02:00:00+00:00,0.246956836,0,0,0.215352131
2023-08-05 03:00:00+00:00,0.238585371,0,0,0.213898911
2023-08-05 04:00:00+00:00,0.233563612,0,0,0.206316312
2023-08-05 05:00:00+00:00,0.226822187,0,0.016363875,0.206470256
2023-08-05 06:00:00+00:00,0.211401214,0,0.199455624,0.208359108
2023-08-05 07:00:00+00:00,0.186342832,0,0.475297771,0.205219279
2023-08-05 08:00:00+00:00,0.18208848,0,0.554304667,0.202436625
2023-08-05 09:00:00+00:00,0.183990195,0,0.567149099,0.195805176
2023-08-05 10:00:00+00:00,0.174663671,0,0.601567413,0.191934174
2023-08-05 11:00:00+00:00,0.181281862,0,0.612340906,0.186275643
2023-08-05 12:00:00+00:00,0.196834471,0,0.605985928,0.172522548
2023-08-05 13:00:00+00:00,0.196722441,0,0.589525998,0.17314582
2023-08-05 14:00:00+00:00,0.205382385,0,0.566718774,0.174199484
2023-08-05 15:00:00+00:00,0.214221577,0,0.537264567,0.178170526
2023-08-05 16:00:00+00:00,0.22642448,0,0.46607268,0.195328611
2023-08-05 17:00:00+00:00,0.249485921,0,0.333655539,0.182432234
2023-08-05 18:00:00+00:00,0.270427188,0,0.132993469,0.184349046
2023-08-05 19:00:00+00:00,0.286159046,0,0.003792239,0.194207448
2023-08-05 20:00:00+00:00,0.305145385,0,0,0.195831487
2023-08-05 21:00:00+00:00,0.306430932,0,0,0.189726476
2023-08-05 22:00:00+00:00,0.319423649,0,0,0.184869585
2023-08-05 23:00:00+00:00,0.323437135,0,0,0.175757508
2023-08-06 00:00:00+00:00,0.313166755,0,0,0.173001312
2023-08-06 01:00:00+00:00,0.302795549,0,0,0.173207548
2023-08-06 02:00:00+00:00,0.299588681,0,0,0.173174641
2023-08-06 03:00:00+00:00,0.309130863,0,0,0.173170061
2023-08-06 04:00:00+00:00,0.324680672,0,0,0.172914244
2023-08-06 05:00:00+00:00,0.325509696,0,0.014446624,0.168418486
2023-08-06 06:00:00+00:00,0.302022539,0,0.171572871,0.157213886
2023-08-06 07:00:00+00:00,0.259465022,0,0.416819682,0.149781676
2023-08-06 08:00:00+00:00,0.22701824,0,0.5111838,0.148343884
2023-08-06 09:00:00+00:00,0.201318485,0,0.532907527,0.1473374
2023-08-06 10:00:00+00:00,0.210617001,0,0.550132052,0.146822138
2023-08-06 11:00:00+00:00,0.208149534,0,0.580996342,0.148961238
2023-08-06 12:00:00+00:00,0.205082704,0,0.569615784,0.149371182
2023-08-06 13:00:00+00:00,0.208412805,0,0.561097654,0.148604281
2023-08-06 14:00:00+00:00,0.216098085,0,0.529038444,0.148235269
2023-08-06 15:00:00+00:00,0.220324429,0,0.514388184,0.14768732
2023-08-06 16:00:00+00:00,0.265873156,0,0.466591375,0.150156937
2023-08-06 17:00:00+00:00,0.353097162,0,0.3777139,0.166665806
2023-08-06 18:00:00+00:00,0.385983663,0,0.131233747,0.177805435
2023-08-06 19:00:00+00:00,0.400637228,0,0.003438758,0.192848497
2023-08-06 20:00:00+00:00,0.412733702,0,0,0.192845345
2023-08-06 21:00:00+00:00,0.422376712,0,0,0.178672705
2023-08-06 22:00:00+00:00,0.410935616,0,0,0.172074896
2023-08-06 23:00:00+00:00,0.400144295,0,0,0.169117337
2023-08-07 00:00:00+00:00,0.393901405,0,0,0.168267876
2023-08-07 01:00:00+00:00,0.388313893,0,0,0.167577325
2023-08-07 02:00:00+00:00,0.370926788,0,0,0.166660785
2023-08-07 03:00:00+00:00,0.349288131,0,0,0.168554255
2023-08-07 04:00:00+00:00,0.345341863,0,0,0.174479541
2023-08-07 05:00:00+00:00,0.323017021,0,0.013870296,0.182535682
2023-08-07 06:00:00+00:00,0.268480662,0,0.173816708,0.189129204
2023-08-07 07:00:00+00:00,0.235347695,0,0.43931953,0.191516479
2023-08-07 08:00:00+00:00,0.196123079,0,0.580550648,0.195114606
2023-08-07 09:00:00+00:00,0.166132562,0,0.616501994,0.198627186
2023-08-07 10:00:00+00:00,0.155338441,0,0.663107725,0.200674435
2023-08-07 11:00:00+00:00,0.136354903,0,0.684435707,0.200388844
2023-08-07 12:00:00+00:00,0.129381016,0,0.675902209,0.190687411
2023-08-07 13:00:00+00:00,0.130266055,0,0.666738592,0.18805806
2023-08-07 14:00:00+00:00,0.139970682,0,0.653167987,0.187251895
2023-08-07 15:00:00+00:00,0.154246145,0,0.62060545,0.190475787
2023-08-07 16:00:00+00:00,0.165093481,0,0.545540638,0.199143712
2023-08-07 17:00:00+00:00,0.175380665,0,0.355433056,0.202904102
2023-08-07 18:00:00+00:00,0.187673192,0,0.104749551,0.210232277
2023-08-07 19:00:00+00:00,0.206082574,0,0,0.224984617
2023-08-07 20:00:00+00:00,0.214134753,0,0,0.222743298
2023-08-07 21:00:00+00:00,0.21785416,0,0,0.214071947
2023-08-07 22:00:00+00:00,0.224251091,0,0,0.210374806
2023-08-07 23:00:00+00:00,0.224013027,0,0,0.202849464
2023-08-08 00:00:00+00:00,0.214756522,0,0,0.194013909
2023-08-08 01:00:00+00:00,0.200920777,0,0,0.190015218
2023-08-08 02:00:00+00:00,0.189356447,0,0,0.191557063
2023-08-08 03:00:00+00:00,0.178103002,0,0,0.195593113
2023-08-08 04:00:00+00:00,0.170137646,0,0,0.199089569
2023-08-08 05:00:00+00:00,0.155954608,0,0.008191543,0.201372975
2023-08-08 06:00:00+00:00,0.14358646,0,0.10350084,0.208208938
2023-08-08 07:00:00+00:00,0.134209522,0,0.306656489,0.225233344
2023-08-08 08:00:00+00:00,0.118273209,0,0.497847568,0.238222322
2023-08-08 09:00:00+00:00,0.103392782,0,0.611572468,0.23342223
2023-08-08 10:00:00+00:00,0.095984777,0,0.663365152,0.237301752
2023-08-08 11:00:00+00:00,0.090570912,0,0.676105845,0.234580863
2023-08-08 12:00:00+00:00,0.088265888,0,0.678280523,0.221468758
2023-08-08 13:00:00+00:00,0.086291354,0,0.673431683,0.226632531
2023-08-08 14:00:00+00:00,0.09351731,0,0.64974844,0.223416828
2023-08-08 15:00:00+00:00,0.102925056,0,0.588742192,0.229094561
2023-08-08 16:00:00+00:00,0.106190739,0,0.486670646,0.236355658
2023-08-08 17:00:00+00:00,0.109674882,0,0.304954401,0.250279572
2023-08-08 18:00:00+00:00,0.119665186,0,0.103744131,0.262834567
2023-08-08 19:00:00+00:00,0.134058282,0,0.024312557,0.27600446
2023-08-08 20:00:00+00:00,0.140018295,0,0.020049167,0.275936521
2023-08-08 21:00:00+00:00,0.138900792,0,0.006604101,0.261106622
2023-08-08 22:00:00+00:00,0.13615885,0,0,0.217769253
2023-08-08 23:00:00+00:00,0.126190952,0,0,0.198971903
2023-08-09 00:00:00+00:00,0.103207932,0,0,0.192949526
2023-08-09 01:00:00+00:00,0.085851635,0,0,0.190796245
2023-08-09 02:00:00+00:00,0.07304937,0,0,0.192025676
2023-08-09 03:00:00+00:00,0.072178334,0,0,0.19396169
2023-08-09 04:00:00+00:00,0.071761021,0,0,0.200611223
2023-08-09 05:00:00+00:00,0.082770801,0,0.008737134,0.206561795
2023-08-09 06:00:00+00:00,0.087946602,0,0.103304888,0.211409562
2023-08-09 07:00:00+00:00,0.075418811,0,0.288482944,0.210936845
2023-08-09 08:00:00+00:00,0.061252577,0,0.450838408,0.212876853
2023-08-09 09:00:00+00:00,0.053889385,0,0.546581871,0.211992323
2023-08-09 10:00:00+00:00,0.058320184,0,0.58480395,0.21037695
2023-08-09 11:00:00+00:00,0.074301309,0,0.605786134,0.20441031
2023-08-09 12:00:00+00:00,0.085829229,0,0.601390672,0.194625692
2023-08-09 13:00:00+00:00,0.101199789,0,0.586851836,0.19477916
2023-08-09 14:00:00+00:00,0.118732534,0,0.550289582,0.194818737
2023-08-09 15:00:00+00:00,0.131918502,0,0.482186813,0.195753837
2023-08-09 16:00:00+00:00,0.141463486,0,0.373095591,0.20206829
2023-08-09 17:00:00+00:00,0.159147472,0,0.203132597,0.218075053
2023-08-09 18:00:00+00:00,0.174700081,0,0.057352329,0.232361145
2023-08-09 19:00:00+00:00,0.186281215,0,0,0.248045508
2023-08-09 20:00:00+00:00,0.183906172,0,0,0.273504594
2023-08-09 21:00:00+00:00,0.171613646,0,0,0.281880771
2023-08-09 22:00:00+00:00,0.190782033,0,0,0.270023822
2023-08-09 23:00:00+00:00,0.201052413,0,0,0.235001178
2023-08-10 00:00:00+00:00,0.206096578,0,0,0.21725663
2023-08-10 01:00:00+00:00,0.204530954,0,0,0.214105202
2023-08-10 02:00:00+00:00,0.180464041,0,0,0.212915
2023-08-10 03:00:00+00:00,0.155808968,0,0,0.21575449
2023-08-10 04:00:00+00:00,0.163032123,0,0,0.224110476
2023-08-10 05:00:00+00:00,0.16446051,0,0.007023518,0.234420982
2023-08-10 06:00:00+00:00,0.16416643,0,0.121148006,0.237861262
2023-08-10 07:00:00+00:00,0.139738219,0,0.370913229,0.244686195
2023-08-10 08:00:00+00:00,0.132596286,0,0.554223982,0.242361343
2023-08-10 09:00:00+00:00,0.145698232,0,0.636784901,0.238644652
2023-08-10 10:00:00+00:00,0.15914187,0,0.680824051,0.240310375
2023-08-10 11:00:00+00:00,0.174181941,0,0.699823667,0.231811181
2023-08-10 12:00:00+00:00,0.196924096,0,0.70235951,0.214325675
2023-08-10 13:00:00+00:00,0.220175988,0,0.69213545,0.21227991
2023-08-10 14:00:00+00:00,0.216058874,0,0.673965747,0.213442281
2023-08-10 15:00:00+00:00,0.219052884,0,0.629707592,0.21882594
2023-08-10 16:00:00+00:00,0.219632641,0,0.545663588,0.234087661
2023-08-10 17:00:00+00:00,0.215885227,0,0.35932135,0.247506702
2023-08-10 18:00:00+00:00,0.201859031,0,0.110220825,0.268637222
2023-08-10 19:00:00+00:00,0.199016262,0,0,0.274968166
2023-08-10 20:00:00+00:00,0.201122432,0,0,0.26707634
2023-08-10 21:00:00+00:00,0.188678664,0,0,0.25680138
2023-08-10 22:00:00+00:00,0.184163842,0,0,0.239344493
2023-08-10 23:00:00+00:00,0.174484422,0,0,0.237468723
2023-08-11 00:00:00+00:00,0.163079736,0,0,0.234882265
2023-08-11 01:00:00+00:00,0.147742785,0,0,0.232733712
2023-08-11 02:00:00+00:00,0.132898768,0,0,0.2241089
2023-08-11 03:00:00+00:00,0.101605899,0,0,0.222293264
2023-08-11 04:00:00+00:00,0.08103153,0,0,0.230722192
2023-08-11 05:00:00+00:00,0.072214744,0,0.010162585,0.238660959
2023-08-11 06:00:00+00:00,0.063061867,0,0.166351338,0.249250661
2023-08-11 07:00:00+00:00,0.042986034,0,0.442992661,0.242454861
2023-08-11 08:00:00+00:00,0.031984656,0,0.603715195,0.252308114
2023-08-11 09:00:00+00:00,0.033009734,0,0.667568505,0.242186292
2023-08-11 10:00:00+00:00,0.03528675,0,0.697710464,0.234981206
2023-08-11 11:00:00+00:00,0.039333845,0,0.707673255,0.226424004
2023-08-11 12:00:00+00:00,0.045358276,0,0.706201697,0.215480754
2023-08-11 13:00:00+00:00,0.059163212,0,0.698306003,0.209961729
2023-08-11 14:00:00+00:00,0.07434332,0,0.684593236,0.208313339
2023-08-11 15:00:00+00:00,0.088268689,0,0.641756691,0.213973996
2023-08-11 16:00:00+00:00,0.098085346,0,0.562730584,0.230919853
2023-08-11 17:00:00+00:00,0.10796642,0,0.3759926,0.245516051
2023-08-11 18:00:00+00:00,0.109352795,0,0.110013347,0.267319551
2023-08-11 19:00:00+00:00,0.120625846,0,0,0.270235995
2023-08-11 20:00:00+00:00,0.148280531,0,0,0.238040088
2023-08-11 21:00:00+00:00,0.163527857,0,0,0.222034589
2023-08-11 22:00:00+00:00,0.163743516,0,0,0.213679922
2023-08-11 23:00:00+00:00,0.158581719,0,0,0.208376954
2023-08-12 00:00:00+00:00,0.141231023,0,0,0.21009266
2023-08-12 01:00:00+00:00,0.111898684,0,0,0.211100866
2023-08-12 02:00:00+00:00,0.088543163,0,0,0.211588901
2023-08-12 03:00:00+00:00,0.083168509,0,0,0.223106557
2023-08-12 04:00:00+00:00,0.081006324,0,0,0.241260646
2023-08-12 05:00:00+00:00,0.070898388,0,0.008545024,0.241295495
2023-08-12 06:00:00+00:00,0.065518132,0,0.152738469,0.221757775
2023-08-12 07:00:00+00:00,0.046349744,0,0.435139231,0.245316502
2023-08-12 08:00:00+00:00,0.038499219,0,0.599508,0.226941647
2023-08-12 09:00:00+00:00,0.040910672,0,0.667341816,0.215792967
2023-08-12 10:00:00+00:00,0.04578119,0,0.695581892,0.217099534
2023-08-12 11:00:00+00:00,0.053600907,0,0.704368974,0.215387749
2023-08-12 12:00:00+00:00,0.069268347,0,0.700407679,0.208348994
2023-08-12 13:00:00+00:00,0.088503953,0,0.691893392,0.205418919
2023-08-12 14:00:00+00:00,0.110041782,0,0.673101254,0.205566671
2023-08-12 15:00:00+00:00,0.130871019,0,0.627160222,0.208818523
2023-08-12 16:00:00+00:00,0.147899628,0,0.543408224,0.218971218
2023-08-12 17:00:00+00:00,0.172092575,0,0.35738873,0.239428043
2023-08-12 18:00:00+00:00,0.204757816,0,0.102836141,0.233663535
2023-08-12 19:00:00+00:00,0.227869671,0,0,0.241660202
2023-08-12 20:00:00+00:00,0.244550985,0,0,0.234073956
2023-08-12 21:00:00+00:00,0.233182709,0,0,0.229033988
2023-08-12 22:00:00+00:00,0.216350153,0,0,0.22421233
2023-08-12 23:00:00+00:00,0.20362911,0,0,0.219315917
2023-08-13 00:00:00+00:00,0.187995279,0,0,0.215500652
2023-08-13 01:00:00+00:00,0.164903029,0,0,0.212009033
2023-08-13 02:00:00+00:00,0.153425523,0,0,0.217764453
2023-08-13 03:00:00+00:00,0.149521266,0,0,0.207777337
2023-08-13 04:00:00+00:00,0.13978023,0,0,0.210032306
2023-08-13 05:00:00+00:00,0.13106147,0,0.007688217,0.218071169
2023-08-13 06:00:00+00:00,0.116556345,0,0.15358375,0.236849318
2023-08-13 07:00:00+00:00,0.095570265,0,0.437525229,0.233018881
2023-08-13 08:00:00+00:00,0.080832677,0,0.58276759,0.207158004
2023-08-13 09:00:00+00:00,0.081053936,0,0.642744133,0.18419173
2023-08-13 10:00:00+00:00,0.101933587,0,0.654293748,0.179935299
2023-08-13 11:00:00+00:00,0.124723355,0,0.649925181,0.179102365
2023-08-13 12:00:00+00:00,0.141729558,0,0.650194134,0.178697001
2023-08-13 13:00:00+00:00,0.164634157,0,0.62678753,0.17886564
2023-08-13 14:00:00+00:00,0.197164961,0,0.623740675,0.181107637
2023-08-13 15:00:00+00:00,0.228289784,0,0.587320582,0.190155219
2023-08-13 16:00:00+00:00,0.264654826,0,0.501674387,0.193210895
2023-08-13 17:00:00+00:00,0.279577265,0,0.334865828,0.207402608
2023-08-13 18:00:00+00:00,0.270287151,0,0.098613577,0.226512647
2023-08-13 19:00:00+00:00,0.249474718,0,0,0.225760588
2023-08-13 20:00:00+00:00,0.230510785,0,0,0.218887247
2023-08-13 21:00:00+00:00,0.223186803,0,0,0.211291602
2023-08-13 22:00:00+00:00,0.219957529,0,0,0.21061853
2023-08-13 23:00:00+00:00,0.208309177,0,0,0.202768663
2023-08-14 00:00:00+00:00,0.177296383,0,0,0.197677135
2023-08-14 01:00:00+00:00,0.156534364,0,0,0.197494754
2023-08-14 02:00:00+00:00,0.140175137,0,0,0.198445172
2023-08-14 03:00:00+00:00,0.12023374,0,0,0.200729787
2023-08-14 04:00:00+00:00,0.112097538,0,0,0.205247806
2023-08-14 05:00:00+00:00,0.109848529,0,0.007323209,0.21098386
2023-08-14 06:00:00+00:00,0.101496669,0,0.154747933,0.214870729
2023-08-14 07:00:00+00:00,0.084414846,0,0.437675074,0.223681513
2023-08-14 08:00:00+00:00,0.07585573,0,0.606477728,0.231928884
2023-08-14 09:00:00+00:00,0.082636365,0,0.672905303,0.213177853
2023-08-14 10:00:00+00:00,0.100594825,0,0.704611032,0.206819205
2023-08-14 11:00:00+00:00,0.126871537,0,0.719138342,0.204460623
2023-08-14 12:00:00+00:00,0.163018119,0,0.714397083,0.194093281
2023-08-14 13:00:00+00:00,0.187743211,0,0.704226813,0.192379243
2023-08-14 14:00:00+00:00,0.210496569,0,0.679010538,0.190997388
2023-08-14 15:00:00+00:00,0.232897031,0,0.619894646,0.18845069
2023-08-14 16:00:00+00:00,0.247637421,0,0.511752444,0.187712647
2023-08-14 17:00:00+00:00,0.27874544,0,0.318859212,0.19029938
2023-08-14 18:00:00+00:00,0.272289692,0,0.105213903,0.206777485
2023-08-14 19:00:00+00:00,0.251227992,0,0.027880856,0.217581815
2023-08-14 20:00:00+00:00,0.233549608,0,0.016997595,0.21882191
2023-08-14 21:00:00+00:00,0.212247043,0,0,0.213423006
2023-08-14 22:00:00+00:00,0.202029877,0,0,0.201743875
2023-08-14 23:00:00+00:00,0.181130621,0,0,0.196560057
2023-08-15 00:00:00+00:00,0.160015707,0,0,0.19755137
2023-08-15 01:00:00+00:00,0.133234859,0,0,0.197678179
2023-08-15 02:00:00+00:00,0.111593402,0,0,0.195426306
2023-08-15 03:00:00+00:00,0.096805399,0,0,0.193646948
2023-08-15 04:00:00+00:00,0.092637872,0,0,0.196460933
2023-08-15 05:00:00+00:00,0.088646791,0,0.00439162,0.196857759
2023-08-15 06:00:00+00:00,0.076155411,0,0.125078563,0.202228519
2023-08-15 07:00:00+00:00,0.051659981,0,0.397662536,0.227174231
2023-08-15 08:00:00+00:00,0.037591774,0,0.585276539,0.232015256
2023-08-15 09:00:00+00:00,0.036104571,0,0.644411642,0.206925017
2023-08-15 10:00:00+00:00,0.045131414,0,0.666811594,0.205123691
2023-08-15 11:00:00+00:00,0.061316995,0,0.672202183,0.202090039
2023-08-15 12:00:00+00:00,0.091021834,0,0.677058707,0.191007759
2023-08-15 13:00:00+00:00,0.122289496,0,0.665970155,0.18700577
2023-08-15 14:00:00+00:00,0.149484857,0,0.63286587,0.187349003
2023-08-15 15:00:00+00:00,0.171848909,0,0.571221818,0.192404802
2023-08-15 16:00:00+00:00,0.199173104,0,0.457243334,0.213644138
2023-08-15 17:00:00+00:00,0.236417584,0,0.262959294,0.221944186
2023-08-15 18:00:00+00:00,0.256006085,0,0.063507513,0.221361902
2023-08-15 19:00:00+00:00,0.257398062,0,0,0.22812857
2023-08-15 20:00:00+00:00,0.246987645,0,0,0.224309823
2023-08-15 21:00:00+00:00,0.24364634,0,0,0.212628072
2023-08-15 22:00:00+00:00,0.222455805,0,0,0.197537684
2023-08-15 23:00:00+00:00,0.200733126,0,0,0.186403313
2023-08-16 00:00:00+00:00,0.183334818,0,0,0.184480967
2023-08-16 01:00:00+00:00,0.164194438,0,0,0.184391426
2023-08-16 02:00:00+00:00,0.150711589,0,0,0.182222333
2023-08-16 03:00:00+00:00,0.143328791,0,0,0.182864056
2023-08-16 04:00:00+00:00,0.141376662,0,0,0.196786613
2023-08-16 05:00:00+00:00,0.132459049,0,0.004622151,0.20569522
2023-08-16 06:00:00+00:00,0.107902003,0,0.118877273,0.210666956
2023-08-16 07:00:00+00:00,0.083244129,0,0.37261916,0.220473469
2023-08-16 08:00:00+00:00,0.061784721,0,0.550450954,0.229451261
2023-08-16 09:00:00+00:00,0.052460998,0,0.635317185,0.213129042
2023-08-16 10:00:00+00:00,0.063767658,0,0.681196743,0.209819804
2023-08-16 11:00:00+00:00,0.076777179,0,0.695966111,0.206658353
2023-08-16 12:00:00+00:00,0.095976375,0,0.703669696,0.197821698
2023-08-16 13:00:00+00:00,0.114755457,0,0.679705974,0.19469594
2023-08-16 14:00:00+00:00,0.14085292,0,0.649444908,0.194076278
2023-08-16 15:00:00+00:00,0.158707753,0,0.620167441,0.20394723
2023-08-16 16:00:00+00:00,0.180332405,0,0.528116319,0.218922683
2023-08-16 17:00:00+00:00,0.223004754,0,0.3318305,0.240420199
2023-08-16 18:00:00+00:00,0.218904444,0,0.09717835,0.262886566
2023-08-16 19:00:00+00:00,0.201864633,0,0.013250494,0.257676621
2023-08-16 20:00:00+00:00,0.185177716,0,0,0.2395338
2023-08-16 21:00:00+00:00,0.182206112,0,0,0.226153602
2023-08-16 22:00:00+00:00,0.164547333,0,0,0.216025422
2023-08-16 23:00:00+00:00,0.141247827,0,0,0.210409161
2023-08-17 00:00:00+00:00,0.114052467,0,0,0.207344086
2023-08-17 01:00:00+00:00,0.08749568,0,0,0.205257371
2023-08-17 02:00:00+00:00,0.070755549,0,0,0.202285429
2023-08-17 03:00:00+00:00,0.062028387,0,0,0.203397559
2023-08-17 04:00:00+00:00,0.051172649,0,0,0.212664185
2023-08-17 05:00:00+00:00,0.04389628,0,0.005805545,0.216997442
2023-08-17 06:00:00+00:00,0.038199538,0,0.135763686,0.214249711
2023-08-17 07:00:00+00:00,0.029013052,0,0.422767388,0.207674328
2023-08-17 08:00:00+00:00,0.025654943,0,0.606462359,0.207619508
2023-08-17 09:00:00+00:00,0.029161492,0,0.668878691,0.20090854
2023-08-17 10:00:00+00:00,0.038342377,0,0.69238135,0.19704232
2023-08-17 11:00:00+00:00,0.057440746,0,0.70416918,0.192156791
2023-08-17 12:00:00+00:00,0.086232538,0,0.717401673,0.190211945
2023-08-17 13:00:00+00:00,0.113996452,0,0.703857963,0.190902222
2023-08-17 14:00:00+00:00,0.132310609,0,0.683959276,0.191635996
2023-08-17 15:00:00+00:00,0.137657256,0,0.642525128,0.189392716
2023-08-17 16:00:00+00:00,0.141023767,0,0.558146855,0.194926307
2023-08-17 17:00:00+00:00,0.146006315,0,0.349665933,0.203567444
2023-08-17 18:00:00+00:00,0.143390407,0,0.082918243,0.214907117
2023-08-17 19:00:00+00:00,0.150960856,0,0,0.225208004
2023-08-17 20:00:00+00:00,0.161967835,0,0,0.222420971
2023-08-17 21:00:00+00:00,0.16117522,0,0,0.219288873
2023-08-17 22:00:00+00:00,0.157357787,0,0,0.233209617
2023-08-17 23:00:00+00:00,0.154629849,0,0,0.225509645
2023-08-18 00:00:00+00:00,0.145384547,0,0,0.212162831
2023-08-18 01:00:00+00:00,0.137584436,0,0,0.203215014
2023-08-18 02:00:00+00:00,0.140107919,0,0,0.198356565
2023-08-18 03:00:00+00:00,0.132302206,0,0,0.198599483
2023-08-18 04:00:00+00:00,0.13076459,0,0,0.205487133
2023-08-18 05:00:00+00:00,0.133862228,0,0.005840125,0.207706942
2023-08-18 06:00:00+00:00,0.136206463,0,0.133992437,0.208367024
2023-08-18 07:00:00+00:00,0.123014893,0,0.386454876,0.213051318
2023-08-18 08:00:00+00:00,0.12570082,0,0.549913047,0.211037581
2023-08-18 09:00:00+00:00,0.145667423,0,0.61473843,0.208894048
2023-08-18 10:00:00+00:00,0.187600372,0,0.63943601,0.20617719
2023-08-18 11:00:00+00:00,0.225895136,0,0.664371805,0.203512954
2023-08-18 12:00:00+00:00,0.250172107,0,0.656691273,0.190392567
2023-08-18 13:00:00+00:00,0.269194855,0,0.653740473,0.18815843
2023-08-18 14:00:00+00:00,0.28997928,0,0.613589616,0.187270877
2023-08-18 15:00:00+00:00,0.296348204,0,0.524170393,0.18544421
2023-08-18 16:00:00+00:00,0.284500997,0,0.422598331,0.191003911
2023-08-18 17:00:00+00:00,0.262016512,0,0.257707024,0.204958881
2023-08-18 18:00:00+00:00,0.235507338,0,0.085304241,0.222017439
2023-08-18 19:00:00+00:00,0.200993597,0,0.020820314,0.229208783
2023-08-18 20:00:00+00:00,0.185158111,0,0.003002351,0.253979553
2023-08-18 21:00:00+00:00,0.171218739,0,0,0.254048408
2023-08-18 22:00:00+00:00,0.157195343,0,0,0.217139495
2023-08-18 23:00:00+00:00,0.14861102,0,0,0.198073594
2023-08-19 00:00:00+00:00,0.136791821,0,0,0.190565384
2023-08-19 01:00:00+00:00,0.121115979,0,0,0.186190718
2023-08-19 02:00:00+00:00,0.107201813,0,0,0.182611244
2023-08-19 03:00:00+00:00,0.093035579,0,0,0.180241246
2023-08-19 04:00:00+00:00,0.079006582,0,0,0.184360205
2023-08-19 05:00:00+00:00,0.064803939,0,0.005671068,0.185657776
2023-08-19 06:00:00+00:00,0.057507964,0,0.137811572,0.191742339
2023-08-19 07:00:00+00:00,0.042613533,0,0.419866536,0.218416436
2023-08-19 08:00:00+00:00,0.036902787,0,0.584027828,0.217834701
2023-08-19 09:00:00+00:00,0.039275029,0,0.647055067,0.195701948
2023-08-19 10:00:00+00:00,0.042980432,0,0.672793879,0.193700266
2023-08-19 11:00:00+00:00,0.047845349,0,0.682145763,0.1886061
2023-08-19 12:00:00+00:00,0.052334964,0,0.681093004,0.187501628
2023-08-19 13:00:00+00:00,0.060639211,0,0.671214741,0.174742284
2023-08-19 14:00:00+00:00,0.072808505,0,0.645921622,0.168460591
2023-08-19 15:00:00+00:00,0.081840949,0,0.600710605,0.171112313
2023-08-19 16:00:00+00:00,0.085535149,0,0.514737823,0.189637374
2023-08-19 17:00:00+00:00,0.08358022,0,0.318582639,0.208029819
2023-08-19 18:00:00+00:00,0.077127274,0,0.072210067,0.232082242
2023-08-19 19:00:00+00:00,0.073802774,0,0,0.247230786
2023-08-19 20:00:00+00:00,0.069013478,0,0,0.24424851
2023-08-19 21:00:00+00:00,0.066260333,0,0,0.228323153
2023-08-19 22:00:00+00:00,0.066061479,0,0,0.20300416
2023-08-19 23:00:00+00:00,0.061812729,0,0,0.20851822
2023-08-20 00:00:00+00:00,0.058815918,0,0,0.194241143
2023-08-20 01:00:00+00:00,0.050828156,0,0,0.19118981
2023-08-20 02:00:00+00:00,0.04312047,0,0,0.188032024
2023-08-20 03:00:00+00:00,0.04226904,0,0,0.187277033
2023-08-20 04:00:00+00:00,0.040207682,0,0,0.191025018
2023-08-20 05:00:00+00:00,0.039319842,0,0.00484884,0.19162995
2023-08-20 06:00:00+00:00,0.032158303,0,0.130649735,0.18933665
2023-08-20 07:00:00+00:00,0.024991164,0,0.40446705,0.184989578
2023-08-20 08:00:00+00:00,0.018947128,0,0.573550183,0.182161173
2023-08-20 09:00:00+00:00,0.01784643,0,0.638448568,0.178061032
2023-08-20 10:00:00+00:00,0.024523437,0,0.667553136,0.177331509
2023-08-20 11:00:00+00:00,0.034015206,0,0.677166289,0.171977165
2023-08-20 12:00:00+00:00,0.039261026,0,0.675433462,0.16735938
2023-08-20 13:00:00+00:00,0.048817212,0,0.66756082,0.167254723
2023-08-20 14:00:00+00:00,0.062697769,0,0.645475928,0.166814803
2023-08-20 15:00:00+00:00,0.079799197,0,0.604879378,0.168484776
2023-08-20 16:00:00+00:00,0.101028942,0,0.511637178,0.17440605
2023-08-20 17:00:00+00:00,0.12588567,0,0.292936039,0.201257178
2023-08-20 18:00:00+00:00,0.145300524,0,0.061801582,0.22114797
2023-08-20 19:00:00+00:00,0.172313835,0,0,0.232204984
2023-08-20 20:00:00+00:00,0.180959775,0,0,0.235888823
2023-08-20 21:00:00+00:00,0.181757991,0,0,0.221163581
2023-08-20 22:00:00+00:00,0.182099683,0,0,0.194442652
2023-08-20 23:00:00+00:00,0.166082148,0,0,0.184761556
2023-08-21 00:00:00+00:00,0.158251229,0,0,0.181224497
2023-08-21 01:00:00+00:00,0.154330168,0,0,0.181631803
2023-08-21 02:00:00+00:00,0.14824132,0,0,0.182291518
2023-08-21 03:00:00+00:00,0.134699655,0,0,0.182083523
2023-08-21 04:00:00+00:00,0.125835256,0,0,0.192673261
2023-08-21 05:00:00+00:00,0.108361327,0,0.004218722,0.222927218
2023-08-21 06:00:00+00:00,0.08827149,0,0.124786557,0.236161569
2023-08-21 07:00:00+00:00,0.063420364,0,0.397720169,0.209073735
2023-08-21 08:00:00+00:00,0.050433249,0,0.567525634,0.205043384
2023-08-21 09:00:00+00:00,0.053175191,0,0.628620253,0.205574146
2023-08-21 10:00:00+00:00,0.064479051,0,0.659972501,0.200902439
2023-08-21 11:00:00+00:00,0.07984681,0,0.669512652,0.195313697
2023-08-21 12:00:00+00:00,0.101185785,0,0.673051306,0.190128176
2023-08-21 13:00:00+00:00,0.118942591,0,0.666588747,0.178988271
2023-08-21 14:00:00+00:00,0.130658161,0,0.646578636,0.178234544
2023-08-21 15:00:00+00:00,0.137850508,0,0.60135225,0.177587545
2023-08-21 16:00:00+00:00,0.147616751,0,0.505370571,0.182591199
2023-08-21 17:00:00+00:00,0.162026651,0,0.29697802,0.223659453
2023-08-21 18:00:00+00:00,0.186793754,0,0.060610504,0.241234152
2023-08-21 19:00:00+00:00,0.207384927,0,0,0.245159791
2023-08-21 20:00:00+00:00,0.21822386,0,0,0.240693752
2023-08-21 21:00:00+00:00,0.212457099,0,0,0.219232257
2023-08-21 22:00:00+00:00,0.197747518,0,0,0.222100275
2023-08-21 23:00:00+00:00,0.187227871,0,0,0.205674589
2023-08-22 00:00:00+00:00,0.178164618,0,0,0.186500128
2023-08-22 01:00:00+00:00,0.155411261,0,0,0.182356215
2023-08-22 02:00:00+00:00,0.143225162,0,0,0.181471263
2023-08-22 03:00:00+00:00,0.135999207,0,0,0.184031337
2023-08-22 04:00:00+00:00,0.129999983,0,0,0.199771986
2023-08-22 05:00:00+00:00,0.12769776,0,0.00381145,0.227261666
2023-08-22 06:00:00+00:00,0.117374166,0,0.116952337,0.235818905
2023-08-22 07:00:00+00:00,0.109492833,0,0.390635176,0.217826529
2023-08-22 08:00:00+00:00,0.097833278,0,0.568463127,0.208657213
2023-08-22 09:00:00+00:00,0.099006795,0,0.629042893,0.20211056
2023-08-22 10:00:00+00:00,0.101779546,0,0.653990215,0.197008625
2023-08-22 11:00:00+00:00,0.112019117,0,0.66520556,0.193624302
2023-08-22 12:00:00+00:00,0.118432853,0,0.662554451,0.189631053
2023-08-22 13:00:00+00:00,0.132027732,0,0.654658756,0.174901359
2023-08-22 14:00:00+00:00,0.144373473,0,0.62840509,0.173339726
2023-08-22 15:00:00+00:00,0.15947516,0,0.585288065,0.194268186
2023-08-22 16:00:00+00:00,0.182057672,0,0.490958527,0.186067207
2023-08-22 17:00:00+00:00,0.19420736,0,0.284855919,0.226561422
2023-08-22 18:00:00+00:00,0.22350609,0,0.057844129,0.258128505
2023-08-22 19:00:00+00:00,0.24900419,0,0,0.263044596
2023-08-22 20:00:00+00:00,0.273003886,0,0,0.256099377
2023-08-22 21:00:00+00:00,0.256647459,0,0,0.247591315
2023-08-22 22:00:00+00:00,0.239380786,0,0,0.208024359
2023-08-22 23:00:00+00:00,0.208538839,0,0,0.191168593
2023-08-23 00:00:00+00:00,0.196190297,0,0,0.185029539
2023-08-23 01:00:00+00:00,0.182797072,0,0,0.203681794
2023-08-23 02:00:00+00:00,0.160116534,0,0,0.211966781
2023-08-23 03:00:00+00:00,0.141390666,0,0,0.21428467
2023-08-23 04:00:00+00:00,0.133131231,0,0,0.222509779
2023-08-23 05:00:00+00:00,0.124947416,0,0.004737417,0.224278089
2023-08-23 06:00:00+00:00,0.111400149,0,0.119330651,0.22268474
2023-08-23 07:00:00+00:00,0.09629006,0,0.395499385,0.205666601
2023-08-23 08:00:00+00:00,0.082317078,0,0.568132699,0.198494386
2023-08-23 09:00:00+00:00,0.087445266,0,0.62754444,0.197194634
2023-08-23 10:00:00+00:00,0.100860897,0,0.646267419,0.198488174
2023-08-23 11:00:00+00:00,0.118354431,0,0.651830906,0.194919876
2023-08-23 12:00:00+00:00,0.129201767,0,0.65067825,0.188894384
2023-08-23 13:00:00+00:00,0.143359599,0,0.64763908,0.179423941
2023-08-23 14:00:00+00:00,0.145504979,0,0.626414837,0.179868789
2023-08-23 15:00:00+00:00,0.151450989,0,0.582575481,0.182031414
2023-08-23 16:00:00+00:00,0.157111321,0,0.495369358,0.188653079
2023-08-23 17:00:00+00:00,0.162690431,0,0.287964249,0.222654141
2023-08-23 18:00:00+00:00,0.168339559,0,0.056215041,0.240171418
2023-08-23 19:00:00+00:00,0.188482611,0,0,0.245630969
2023-08-23 20:00:00+00:00,0.196428361,0,0,0.2430846
2023-08-23 21:00:00+00:00,0.183239592,0,0,0.219033386
2023-08-23 22:00:00+00:00,0.175938016,0,0,0.207674988
2023-08-23 23:00:00+00:00,0.169429054,0,0,0.203783795
2023-08-24 00:00:00+00:00,0.153985675,0,0,0.199821621
2023-08-24 01:00:00+00:00,0.145939097,0,0,0.194128075
2023-08-24 02:00:00+00:00,0.139214477,0,0,0.191202892
2023-08-24 03:00:00+00:00,0.131400362,0,0,0.190484912
2023-08-24 04:00:00+00:00,0.122706809,0,0,0.193306702
2023-08-24 05:00:00+00:00,0.124751363,0,0.003473337,0.195518688
2023-08-24 06:00:00+00:00,0.114814273,0,0.1142167,0.207130484
2023-08-24 07:00:00+00:00,0.094239905,0,0.388495078,0.194657958
2023-08-24 08:00:00+00:00,0.082541139,0,0.57261269,0.18859606
2023-08-24 09:00:00+00:00,0.082289071,0,0.638598413,0.174418583
2023-08-24 10:00:00+00:00,0.079082203,0,0.664825183,0.168059661
2023-08-24 11:00:00+00:00,0.092948756,0,0.674834081,0.167204007
2023-08-24 12:00:00+00:00,0.118928587,0,0.676858914,0.171704858
2023-08-24 13:00:00+00:00,0.142712624,0,0.673308733,0.173638105
2023-08-24 14:00:00+00:00,0.160612268,0,0.652057595,0.174045283
2023-08-24 15:00:00+00:00,0.181116617,0,0.606523834,0.177117357
2023-08-24 16:00:00+00:00,0.191098519,0,0.510011933,0.182812331
2023-08-24 17:00:00+00:00,0.196921295,0,0.278170513,0.209881843
2023-08-24 18:00:00+00:00,0.191134929,0,0.047489434,0.227141141
2023-08-24 19:00:00+00:00,0.194072924,0,0,0.232460031
2023-08-24 20:00:00+00:00,0.197405826,0,0,0.227193763
2023-08-24 21:00:00+00:00,0.176293712,0,0,0.198493286
2023-08-24 22:00:00+00:00,0.177937757,0,0,0.190077441
2023-08-24 23:00:00+00:00,0.18112502,0,0,0.183240433
2023-08-25 00:00:00+00:00,0.186407249,0,0,0.180458696
2023-08-25 01:00:00+00:00,0.170863042,0,0,0.182413545
2023-08-25 02:00:00+00:00,0.148034064,0,0,0.178788979
2023-08-25 03:00:00+00:00,0.132111755,0,0,0.181501971
2023-08-25 04:00:00+00:00,0.120665057,0,0,0.193765073
2023-08-25 05:00:00+00:00,0.112705303,0,0.003231279,0.197290863
2023-08-25 06:00:00+00:00,0.107775968,0,0.102071546,0.20054136
2023-08-25 07:00:00+00:00,0.085960864,0,0.359037028,0.210266081
2023-08-25 08:00:00+00:00,0.067596294,0,0.542397729,0.197663247
2023-08-25 09:00:00+00:00,0.064686307,0,0.607695701,0.187672576
2023-08-25 10:00:00+00:00,0.09255945,0,0.655039132,0.184746843
2023-08-25 11:00:00+00:00,0.138052162,0,0.671979336,0.184633849
2023-08-25 12:00:00+00:00,0.184354294,0,0.671695014,0.183172091
2023-08-25 13:00:00+00:00,0.226715758,0,0.64640958,0.177343381
2023-08-25 14:00:00+00:00,0.259070115,0,0.609697481,0.175588282
2023-08-25 15:00:00+00:00,0.273272759,0,0.535516372,0.178885978
2023-08-25 16:00:00+00:00,0.267744062,0,0.423612669,0.182949749
2023-08-25 17:00:00+00:00,0.249872425,0,0.209898688,0.195132745
2023-08-25 18:00:00+00:00,0.221080633,0,0.033557663,0.211110101
2023-08-25 19:00:00+00:00,0.214857349,0,0,0.216531614
2023-08-25 20:00:00+00:00,0.240629924,0,0,0.213447668
2023-08-25 21:00:00+00:00,0.243962826,0,0,0.203172194
2023-08-25 22:00:00+00:00,0.231160561,0,0,0.187869688
2023-08-25 23:00:00+00:00,0.210401343,0,0,0.183180226
2023-08-26 00:00:00+00:00,0.194092529,0,0,0.177715948
2023-08-26 01:00:00+00:00,0.188205336,0,0,0.164837765
2023-08-26 02:00:00+00:00,0.187524752,0,0,0.158969681
2023-08-26 03:00:00+00:00,0.156478349,0,0,0.156394876
2023-08-26 04:00:00+00:00,0.133122828,0,0,0.159928105
2023-08-26 05:00:00+00:00,0.102504942,0,0.001575297,0.163914593
2023-08-26 06:00:00+00:00,0.086246542,0,0.061240622,0.168038114
2023-08-26 07:00:00+00:00,0.06336995,0,0.238776568,0.179701304
2023-08-26 08:00:00+00:00,0.058555447,0,0.368154538,0.182781788
2023-08-26 09:00:00+00:00,0.058863531,0,0.412666277,0.181645105
2023-08-26 10:00:00+00:00,0.09152317,0,0.44847162,0.183325559
2023-08-26 11:00:00+00:00,0.135058152,0,0.445670666,0.183544914
2023-08-26 12:00:00+00:00,0.197613082,0,0.461604216,0.184144349
2023-08-26 13:00:00+00:00,0.260887807,0,0.414414473,0.169600223
2023-08-26 14:00:00+00:00,0.314553131,0,0.357642314,0.164776477
2023-08-26 15:00:00+00:00,0.375281966,0,0.301377324,0.159848128
2023-08-26 16:00:00+00:00,0.429090129,0,0.241685103,0.161133039
2023-08-26 17:00:00+00:00,0.443987361,0,0.141715234,0.165203754
2023-08-26 18:00:00+00:00,0.47361658,0,0.029715476,0.171074495
2023-08-26 19:00:00+00:00,0.45702769,0,0,0.177140663
2023-08-26 20:00:00+00:00,0.438570695,0,0,0.174000613
2023-08-26 21:00:00+00:00,0.427773773,0,0,0.170140825
2023-08-26 22:00:00+00:00,0.426177341,0,0,0.171314207
2023-08-26 23:00:00+00:00,0.40005187,0,0,0.177927278
2023-08-27 00:00:00+00:00,0.370164981,0,0,0.177358333
2023-08-27 01:00:00+00:00,0.370873573,0,0,0.178624115
2023-08-27 02:00:00+00:00,0.370571091,0,0,0.179625138
2023-08-27 03:00:00+00:00,0.355797093,0,0,0.175068953
2023-08-27 04:00:00+00:00,0.365361681,0,0,0.172447848
2023-08-27 05:00:00+00:00,0.402180446,0,0.00163293,0.172110698
2023-08-27 06:00:00+00:00,0.428611199,0,0.076978221,0.166095687
2023-08-27 07:00:00+00:00,0.388269081,0,0.294503651,0.164791593
2023-08-27 08:00:00+00:00,0.320768013,0,0.404770583,0.166948336
2023-08-27 09:00:00+00:00,0.272917062,0,0.455817882,0.166744958
2023-08-27 10:00:00+00:00,0.247012852,0,0.499488182,0.166678668
2023-08-27 11:00:00+00:00,0.25280762,0,0.530848114,0.170010223
2023-08-27 12:00:00+00:00,0.27778478,0,0.53753352,0.171108575
2023-08-27 13:00:00+00:00,0.267934514,0,0.519748036,0.172482477
2023-08-27 14:00:00+00:00,0.25498661,0,0.491961337,0.168229033
2023-08-27 15:00:00+00:00,0.258159868,0,0.45818467,0.167261759
2023-08-27 16:00:00+00:00,0.313054725,0,0.39058907,0.172487314
2023-08-27 17:00:00+00:00,0.394388737,0,0.257357385,0.182498158
2023-08-27 18:00:00+00:00,0.442995892,0,0.046402095,0.193084525
2023-08-27 19:00:00+00:00,0.414108874,0,0,0.208420781
2023-08-27 20:00:00+00:00,0.396032782,0,0,0.209883529
2023-08-27 21:00:00+00:00,0.381508051,0,0,0.204772176
2023-08-27 22:00:00+00:00,0.353996206,0,0,0.196771882
2023-08-27 23:00:00+00:00,0.330203766,0,0,0.187044266
2023-08-28 00:00:00+00:00,0.308629527,0,0,0.184064097
2023-08-28 01:00:00+00:00,0.320947261,0,0,0.185571624
2023-08-28 02:00:00+00:00,0.324501423,0,0,0.185062519
2023-08-28 03:00:00+00:00,0.313023917,0,0,0.185818426
2023-08-28 04:00:00+00:00,0.3151777,0,0,0.190025497
2023-08-28 05:00:00+00:00,0.312833465,0,0.002305312,0.195221902
2023-08-28 06:00:00+00:00,0.290105314,0,0.112138077,0.199096165
2023-08-28 07:00:00+00:00,0.279241174,0,0.393397708,0.201530218
2023-08-28 08:00:00+00:00,0.238016817,0,0.56391782,0.213555037
2023-08-28 09:00:00+00:00,0.239926934,0,0.599123782,0.221445672
2023-08-28 10:00:00+00:00,0.267704852,0,0.631263678,0.218502074
2023-08-28 11:00:00+00:00,0.2664053,0,0.632923503,0.219085055
2023-08-28 12:00:00+00:00,0.268629102,0,0.633453724,0.220124373
2023-08-28 13:00:00+00:00,0.281134486,0,0.625227602,0.217811303
2023-08-28 14:00:00+00:00,0.27242693,0,0.598282343,0.216083999
2023-08-28 15:00:00+00:00,0.266545338,0,0.555438113,0.218378618
2023-08-28 16:00:00+00:00,0.298633622,0,0.492591456,0.220883029
2023-08-28 17:00:00+00:00,0.374254088,0,0.28389153,0.229147623
2023-08-28 18:00:00+00:00,0.373105777,0,0.051742735,0.252495258
2023-08-28 19:00:00+00:00,0.355461002,0,0,0.264610498
2023-08-28 20:00:00+00:00,0.339692734,0,0,0.258702801
2023-08-28 21:00:00+00:00,0.315121685,0,0,0.24511164
2023-08-28 22:00:00+00:00,0.28122411,0,0,0.229055205
2023-08-28 23:00:00+00:00,0.257454077,0,0,0.224997425
2023-08-29 00:00:00+00:00,0.240702744,0,0,0.22564043
2023-08-29 01:00:00+00:00,0.238624581,0,0,0.223925292
2023-08-29 02:00:00+00:00,0.229354072,0,0,0.223113703
2023-08-29 03:00:00+00:00,0.226740965,0,0,0.222299091
2023-08-29 04:00:00+00:00,0.225735493,0,0,0.224962081
2023-08-29 05:00:00+00:00,0.241111654,0,0.00254737,0.238119607
2023-08-29 06:00:00+00:00,0.241019229,0,0.09824857,0.25875425
2023-08-29 07:00:00+00:00,0.215347482,0,0.375147319,0.239948142
2023-08-29 08:00:00+00:00,0.189210808,0,0.54656266,0.226835524
2023-08-29 09:00:00+00:00,0.192622131,0,0.602685489,0.223531892
2023-08-29 10:00:00+00:00,0.191683877,0,0.608379611,0.227183026
2023-08-29 11:00:00+00:00,0.195338867,0,0.611484098,0.225574139
2023-08-29 12:00:00+00:00,0.214868552,0,0.616801685,0.220067317
2023-08-29 13:00:00+00:00,0.22568788,0,0.618396193,0.217570437
2023-08-29 14:00:00+00:00,0.226967827,0,0.596783889,0.216459534
2023-08-29 15:00:00+00:00,0.256342176,0,0.564401936,0.218116096
2023-08-29 16:00:00+00:00,0.278171284,0,0.476984492,0.220014824
2023-08-29 17:00:00+00:00,0.314611947,0,0.268338356,0.229121972
2023-08-29 18:00:00+00:00,0.325330447,0,0.043236133,0.25058889
2023-08-29 19:00:00+00:00,0.328268443,0,0,0.26733802
2023-08-29 20:00:00+00:00,0.306736215,0,0,0.252734841
2023-08-29 21:00:00+00:00,0.260445287,0,0,0.238910253
2023-08-29 22:00:00+00:00,0.222506219,0,0,0.23130105
2023-08-29 23:00:00+00:00,0.212064993,0,0,0.222717537
2023-08-30 00:00:00+00:00,0.200441848,0,0,0.219646159
2023-08-30 01:00:00+00:00,0.18352807,0,0,0.219772858
2023-08-30 02:00:00+00:00,0.180912162,0,0,0.21890546
2023-08-30 03:00:00+00:00,0.171574435,0,0,0.220056104
2023-08-30 04:00:00+00:00,0.173434138,0,0,0.226409639
2023-08-30 05:00:00+00:00,0.165860889,0,0.001886514,0.235008763
2023-08-30 06:00:00+00:00,0.154414191,0,0.095213242,0.259542698
2023-08-30 07:00:00+00:00,0.149652902,0,0.350123154,0.273419523
2023-08-30 08:00:00+00:00,0.159573187,0,0.532776892,0.264996642
2023-08-30 09:00:00+00:00,0.167583355,0,0.602259006,0.249110935
2023-08-30 10:00:00+00:00,0.180763722,0,0.636792585,0.24359092
2023-08-30 11:00:00+00:00,0.179245711,0,0.652484078,0.247536714
2023-08-30 12:00:00+00:00,0.167101624,0,0.641449316,0.250581414
2023-08-30 13:00:00+00:00,0.1614693,0,0.62831672,0.239736189
2023-08-30 14:00:00+00:00,0.156352315,0,0.601648099,0.237966835
2023-08-30 15:00:00+00:00,0.17347615,0,0.57134861,0.241739739
2023-08-30 16:00:00+00:00,0.174103519,0,0.496541225,0.254852137
2023-08-30 17:00:00+00:00,0.178276649,0,0.267543023,0.271173073
2023-08-30 18:00:00+00:00,0.171790093,0,0.042786597,0.28710968
2023-08-30 19:00:00+00:00,0.167238862,0,0,0.295157191
2023-08-30 20:00:00+00:00,0.175702752,0,0,0.270072596
2023-08-30 21:00:00+00:00,0.180492048,0,0,0.24988663
2023-08-30 22:00:00+00:00,0.180648891,0,0,0.221346126
2023-08-30 23:00:00+00:00,0.179934698,0,0,0.209888622
2023-08-31 00:00:00+00:00,0.173246487,0,0,0.205337678
2023-08-31 01:00:00+00:00,0.161634545,0,0,0.203324893
2023-08-31 02:00:00+00:00,0.146670095,0,0,0.202543701
2023-08-31 03:00:00+00:00,0.122421132,0,0,0.200850605
2023-08-31 04:00:00+00:00,0.106683673,0,0,0.203919747
2023-08-31 05:00:00+00:00,0.101216593,0,0.002067097,0.208445443
2023-08-31 06:00:00+00:00,0.088809235,0,0.101525955,0.213631441
2023-08-31 07:00:00+00:00,0.071097242,0,0.385252271,0.213900505
2023-08-31 08:00:00+00:00,0.068094829,0,0.595458335,0.208462373
2023-08-31 09:00:00+00:00,0.060804456,0,0.65085499,0.204745792
2023-08-31 10:00:00+00:00,0.053256413,0,0.651796326,0.206257332
2023-08-31 11:00:00+00:00,0.052640247,0,0.657636451,0.210511363
2023-08-31 12:00:00+00:00,0.059160411,0,0.653702051,0.209974041
2023-08-31 13:00:00+00:00,0.065266064,0,0.653217936,0.205572607
2023-08-31 14:00:00+00:00,0.071167261,0,0.629484745,0.205242438
2023-08-31 15:00:00+00:00,0.075656876,0,0.601532833,0.207901013
2023-08-31 16:00:00+00:00,0.079227842,0,0.523897598,0.215798024
2023-08-31 17:00:00+00:00,0.083835089,0,0.277371338,0.226548486
2023-08-31 18:00:00+00:00,0.087224006,0,0.06317523,0.241416533
2023-08-31 19:00:00+00:00,0.087722541,0,0.021009564,0.246169316
2023-08-31 20:00:00+00:00,0.092971162,0,0.003455988,0.241283659
2023-08-31 21:00:00+00:00,0.094315526,0,0,0.228866448
2023-08-31 22:00:00+00:00,0.092511837,0,0,0.207400702
2023-08-31 23:00:00+00:00,0.095547859,0,0,0.196354957
2023-09-01 00:00:00+00:00,0.104633544,0,0,0.192662708
2023-09-01 01:00:00+00:00,0.11184647,0,0,0.191470747
2023-09-01 02:00:00+00:00,0.116784572,0,0,0.189568574
2023-09-01 03:00:00+00:00,0.122488401,0,0,0.188994315
2023-09-01 04:00:00+00:00,0.118925254,0,0,0.190700878
2023-09-01 05:00:00+00:00,0.115373286,0,0.002494617,0.190564504
2023-09-01 06:00:00+00:00,0.110980136,0,0.082303952,0.192172182
2023-09-01 07:00:00+00:00,0.093108511,0,0.316311597,0.201544894
2023-09-01 08:00:00+00:00,0.097543581,0,0.481354308,0.197477531
2023-09-01 09:00:00+00:00,0.102970742,0,0.575891834,0.191646806
2023-09-01 10:00:00+00:00,0.126054342,0,0.627567632,0.196774521
2023-09-01 11:00:00+00:00,0.178811267,0,0.640958237,0.197323147
2023-09-01 12:00:00+00:00,0.230576101,0,0.633806018,0.194786856
2023-09-01 13:00:00+00:00,0.264732004,0,0.609055139,0.17939151
2023-09-01 14:00:00+00:00,0.28259804,0,0.565581731,0.17630531
2023-09-01 15:00:00+00:00,0.304904734,0,0.525387807,0.179338687
2023-09-01 16:00:00+00:00,0.297359247,0,0.41970004,0.185146344
2023-09-01 17:00:00+00:00,0.318852706,0,0.204024333,0.205715302
2023-09-01 18:00:00+00:00,0.314797706,0,0.046852473,0.228057442
2023-09-01 19:00:00+00:00,0.293947011,0,0.012946373,0.231541751
2023-09-01 20:00:00+00:00,0.275471747,0,0,0.227496302
2023-09-01 21:00:00+00:00,0.252184139,0,0,0.219165637
2023-09-01 22:00:00+00:00,0.25023908,0,0,0.204549065
2023-09-01 23:00:00+00:00,0.224687826,0,0,0.186830187
2023-09-02 00:00:00+00:00,0.207375126,0,0,0.176294609
2023-09-02 01:00:00+00:00,0.199167314,0,0,0.176329239
2023-09-02 02:00:00+00:00,0.189992561,0,0,0.175223924
2023-09-02 03:00:00+00:00,0.166115287,0,0,0.175838163
2023-09-02 04:00:00+00:00,0.181902122,0,0,0.17774673
2023-09-02 05:00:00+00:00,0.203873462,0,0.000460601,0.18241065
2023-09-02 06:00:00+00:00,0.223145194,0,0.019345261,0.190284172
2023-09-02 07:00:00+00:00,0.213039831,0,0.114789251,0.20103392
2023-09-02 08:00:00+00:00,0.195514739,0,0.253231307,0.208128833
2023-09-02 09:00:00+00:00,0.17648614,0,0.34001599,0.243777699
2023-09-02 10:00:00+00:00,0.159151082,0,0.387948019,0.264537007
2023-09-02 11:00:00+00:00,0.185789445,0,0.41404017,0.245621588
2023-09-02 12:00:00+00:00,0.246586506,0,0.382505552,0.207954661
2023-09-02 13:00:00+00:00,0.287597623,0,0.347404037,0.188590087
2023-09-02 14:00:00+00:00,0.280535607,0,0.314240733,0.194709425
2023-09-02 15:00:00+00:00,0.261096197,0,0.23195889,0.203165598
2023-09-02 16:00:00+00:00,0.309963005,0,0.169423952,0.213663267
2023-09-02 17:00:00+00:00,0.310270413,0,0.090867454,0.234571555
2023-09-02 18:00:00+00:00,0.303828804,0,0.014934541,0.258715883
2023-09-02 19:00:00+00:00,0.331308348,0,0,0.262431438
2023-09-02 20:00:00+00:00,0.349274991,0,0,0.258219787
2023-09-02 21:00:00+00:00,0.324548151,0,0,0.245868427
2023-09-02 22:00:00+00:00,0.315281176,0,0,0.223304549
2023-09-02 23:00:00+00:00,0.306785516,0,0,0.218224271
2023-09-03 00:00:00+00:00,0.285286469,0,0,0.216109907
2023-09-03 01:00:00+00:00,0.273814534,0,0,0.213922602
2023-09-03 02:00:00+00:00,0.2854262,0,0,0.214331612
2023-09-03 03:00:00+00:00,0.315272792,0,0,0.213095402
2023-09-03 04:00:00+00:00,0.334326543,0,0,0.212750978
2023-09-03 05:00:00+00:00,0.362588583,0,0.000423753,0.22629747
2023-09-03 06:00:00+00:00,0.395039765,0,0.01154083,0.238540545
2023-09-03 07:00:00+00:00,0.411061348,0,0.054859475,0.238808784
2023-09-03 08:00:00+00:00,0.434835221,0,0.101667637,0.236047714
2023-09-03 09:00:00+00:00,0.449713802,0,0.153944059,0.224018241
2023-09-03 10:00:00+00:00,0.456504741,0,0.183510987,0.216330985
2023-09-03 11:00:00+00:00,0.446801804,0,0.212480976,0.2139722
2023-09-03 12:00:00+00:00,0.432096488,0,0.219975882,0.208130115
2023-09-03 13:00:00+00:00,0.439759349,0,0.19988629,0.195549524
2023-09-03 14:00:00+00:00,0.42303352,0,0.184259004,0.191643984
2023-09-03 15:00:00+00:00,0.412757685,0,0.184830149,0.191655161
2023-09-03 16:00:00+00:00,0.445027217,0,0.148855334,0.194703746
2023-09-03 17:00:00+00:00,0.456851274,0,0.081928101,0.220243432
2023-09-03 18:00:00+00:00,0.462868101,0,0.012653643,0.264302957
2023-09-03 19:00:00+00:00,0.466618487,0,0,0.240947993
2023-09-03 20:00:00+00:00,0.463835041,0,0,0.225968473
2023-09-03 21:00:00+00:00,0.422161598,0,0,0.211925263
2023-09-03 22:00:00+00:00,0.381214756,0,0,0.188096702
2023-09-03 23:00:00+00:00,0.367602139,0,0,0.180172794
2023-09-04 00:00:00+00:00,0.354512117,0,0,0.176819105
2023-09-04 01:00:00+00:00,0.331948317,0,0,0.17653608
2023-09-04 02:00:00+00:00,0.314688715,0,0,0.174936996
2023-09-04 03:00:00+00:00,0.321010156,0,0,0.175441081
2023-09-04 04:00:00+00:00,0.323709764,0,0,0.183189735
2023-09-04 05:00:00+00:00,0.319657558,0,0.000777495,0.202220494
2023-09-04 06:00:00+00:00,0.304639245,0,0.032606898,0.229613561
2023-09-04 07:00:00+00:00,0.277922632,0,0.179619826,0.218202834
2023-09-04 08:00:00+00:00,0.25396152,0,0.346799728,0.229939662
2023-09-04 09:00:00+00:00,0.266688241,0,0.461570555,0.208166394
2023-09-04 10:00:00+00:00,0.300771484,0,0.513566931,0.197970934
2023-09-04 11:00:00+00:00,0.320149412,0,0.518633547,0.191477727
2023-09-04 12:00:00+00:00,0.334882673,0,0.532223132,0.184060689
2023-09-04 13:00:00+00:00,0.34883344,0,0.521555602,0.171340371
2023-09-04 14:00:00+00:00,0.340150541,0,0.487109984,0.172520423
2023-09-04 15:00:00+00:00,0.355822796,0,0.425728392,0.184220973
2023-09-04 16:00:00+00:00,0.302607553,0,0.338825796,0.226006346
2023-09-04 17:00:00+00:00,0.289774636,0,0.17768201,0.230695679
2023-09-04 18:00:00+00:00,0.257505104,0,0.04731329,0.293370541
2023-09-04 19:00:00+00:00,0.200894392,0,0.027683518,0.300491527
2023-09-04 20:00:00+00:00,0.198261855,0,0.018639004,0.246813677
2023-09-04 21:00:00+00:00,0.207883748,0,0,0.220051157
2023-09-04 22:00:00+00:00,0.21826019,0,0,0.200743968
2023-09-04 23:00:00+00:00,0.211318342,0,0,0.188005273
2023-09-05 00:00:00+00:00,0.227015749,0,0,0.181249123
2023-09-05 01:00:00+00:00,0.229670642,0,0,0.178460972
2023-09-05 02:00:00+00:00,0.210069145,0,0,0.17667828
2023-09-05 03:00:00+00:00,0.190065221,0,0,0.177148688
2023-09-05 04:00:00+00:00,0.17435943,0,0,0.183878528
2023-09-05 05:00:00+00:00,0.160875366,0,0.000711169,0.196283756
2023-09-05 06:00:00+00:00,0.153164996,0,0.06053777,0.215555069
2023-09-05 07:00:00+00:00,0.138666483,0,0.281759118,0.214804988
2023-09-05 08:00:00+00:00,0.139535612,0,0.470226177,0.204523285
2023-09-05 09:00:00+00:00,0.151507784,0,0.557412504,0.200168793
2023-09-05 10:00:00+00:00,0.154825003,0,0.576824092,0.196675745
2023-09-05 11:00:00+00:00,0.157418415,0,0.582082318,0.193740686
2023-09-05 12:00:00+00:00,0.157189256,0,0.591404891,0.191247305
2023-09-05 13:00:00+00:00,0.150339631,0,0.572671309,0.182555141
2023-09-05 14:00:00+00:00,0.139571942,0,0.534975686,0.182168319
2023-09-05 15:00:00+00:00,0.127085559,0,0.465299584,0.191157049
2023-09-05 16:00:00+00:00,0.118167911,0,0.360068734,0.20707013
2023-09-05 17:00:00+00:00,0.109110532,0,0.170204417,0.23531515
2023-09-05 18:00:00+00:00,0.116547029,0,0.043216633,0.277423381
2023-09-05 19:00:00+00:00,0.126557374,0,0.024006669,0.259560947
2023-09-05 20:00:00+00:00,0.127208522,0,5.5016E-12,0.239370584
2023-09-05 21:00:00+00:00,0.116725885,0,0,0.223850592
2023-09-05 22:00:00+00:00,0.10685527,0,0,0.205094668
2023-09-05 23:00:00+00:00,0.107665711,0,0,0.199133543
2023-09-06 00:00:00+00:00,0.101154236,0,0,0.195820567
2023-09-06 01:00:00+00:00,0.101690804,0,0,0.19272559
2023-09-06 02:00:00+00:00,0.100790935,0,0,0.189503273
2023-09-06 03:00:00+00:00,0.102783502,0,0,0.189090177
2023-09-06 04:00:00+00:00,0.112170646,0,0,0.194007807
2023-09-06 05:00:00+00:00,0.112489234,0,0.000622733,0.206434418
2023-09-06 06:00:00+00:00,0.104532937,0,0.063765665,0.217986483
2023-09-06 07:00:00+00:00,0.089528597,0,0.298974558,0.210119539
2023-09-06 08:00:00+00:00,0.089771729,0,0.501609717,0.194797922
2023-09-06 09:00:00+00:00,0.09189285,0,0.578456463,0.185274362
2023-09-06 10:00:00+00:00,0.091286416,0,0.607492778,0.181265888
2023-09-06 11:00:00+00:00,0.091733556,0,0.613930144,0.179479292
2023-09-06 12:00:00+00:00,0.099474666,0,0.608259219,0.174346466
2023-09-06 13:00:00+00:00,0.113458968,0,0.590174164,0.169228261
2023-09-06 14:00:00+00:00,0.126828453,0,0.548053083,0.166739388
2023-09-06 15:00:00+00:00,0.137601731,0,0.459219645,0.173457758
2023-09-06 16:00:00+00:00,0.142559396,0,0.316289488,0.198492407
2023-09-06 17:00:00+00:00,0.139091266,0,0.120183815,0.257026048
2023-09-06 18:00:00+00:00,0.139451773,0,0.011238675,0.286745798
2023-09-06 19:00:00+00:00,0.142190505,0,0,0.248395868
2023-09-06 20:00:00+00:00,0.134960811,0,0,0.233531101
2023-09-06 21:00:00+00:00,0.132283561,0,0,0.217146146
2023-09-06 22:00:00+00:00,0.134399091,0,0,0.192411014
2023-09-06 23:00:00+00:00,0.13679129,0,0,0.177839698
2023-09-07 00:00:00+00:00,0.135212327,0,0,0.17121675
2023-09-07 01:00:00+00:00,0.130388805,0,0,0.168073128
2023-09-07 02:00:00+00:00,0.128144721,0,0,0.164276313
2023-09-07 03:00:00+00:00,0.123586688,0,0,0.16298521
2023-09-07 04:00:00+00:00,0.112134316,0,0,0.168392596
2023-09-07 05:00:00+00:00,0.108688544,0,0.000593255,0.211220255
2023-09-07 06:00:00+00:00,0.10547752,0,0.051819505,0.233611536
2023-09-07 07:00:00+00:00,0.097560349,0,0.227260755,0.21354943
2023-09-07 08:00:00+00:00,0.095836065,0,0.408774574,0.213135968
2023-09-07 09:00:00+00:00,0.099840762,0,0.511153379,0.184719414
2023-09-07 10:00:00+00:00,0.10979801,0,0.566823513,0.171953694
2023-09-07 11:00:00+00:00,0.115968541,0,0.569119151,0.171497376
2023-09-07 12:00:00+00:00,0.112696036,0,0.542570083,0.167849797
2023-09-07 13:00:00+00:00,0.111519499,0,0.500964875,0.154902355
2023-09-07 14:00:00+00:00,0.128795869,0,0.436779142,0.152216608
2023-09-07 15:00:00+00:00,0.125621175,0,0.379701411,0.154779833
2023-09-07 16:00:00+00:00,0.128410211,0,0.285178624,0.159310495
2023-09-07 17:00:00+00:00,0.136394453,0,0.113274793,0.2012257
2023-09-07 18:00:00+00:00,0.13961945,0,0.009974785,0.239193884
2023-09-07 19:00:00+00:00,0.14472523,0,0,0.252408465
2023-09-07 20:00:00+00:00,0.135964081,0,0,0.249896305
2023-09-07 21:00:00+00:00,0.127622126,0,0,0.239296562
2023-09-07 22:00:00+00:00,0.106131462,0,0,0.185073677
2023-09-07 23:00:00+00:00,0.098572003,0,0,0.159607885
2023-09-08 00:00:00+00:00,0.094486261,0,0,0.151688045
2023-09-08 01:00:00+00:00,0.08843031,0,0,0.147208997
2023-09-08 02:00:00+00:00,0.083808,0,0,0.143973854
2023-09-08 03:00:00+00:00,0.08150523,0,0,0.144051028
2023-09-08 04:00:00+00:00,0.081477283,0,0,0.151805894
2023-09-08 05:00:00+00:00,0.076843796,0,0.001131237,0.173573666
2023-09-08 06:00:00+00:00,0.073688664,0,0.058068946,0.205720578
2023-09-08 07:00:00+00:00,0.075804195,0,0.288671825,0.177391093
2023-09-08 08:00:00+00:00,0.081703648,0,0.506256265,0.166717804
2023-09-08 09:00:00+00:00,0.09535539,0,0.594463285,0.166270702
2023-09-08 10:00:00+00:00,0.101975856,0,0.603579509,0.16472162
2023-09-08 11:00:00+00:00,0.114808772,0,0.602647251,0.161874948
2023-09-08 12:00:00+00:00,0.132196927,0,0.60784652,0.156836921
2023-09-08 13:00:00+00:00,0.153011292,0,0.596250418,0.146634371
2023-09-08 14:00:00+00:00,0.166973237,0,0.55816789,0.144173714
2023-09-08 15:00:00+00:00,0.182094951,0,0.481015305,0.146397243
2023-09-08 16:00:00+00:00,0.197311683,0,0.337679819,0.158027343
2023-09-08 17:00:00+00:00,0.200687589,0,0.128916818,0.223831316
2023-09-08 18:00:00+00:00,0.188581275,0,0.010671214,0.24507734
2023-09-08 19:00:00+00:00,0.188570097,0,0,0.225811872
2023-09-08 20:00:00+00:00,0.187407533,0,0,0.196831668
2023-09-08 21:00:00+00:00,0.177296581,0,0,0.179853508
2023-09-08 22:00:00+00:00,0.169362641,0,0,0.16649134
2023-09-08 23:00:00+00:00,0.162641569,0,0,0.15585422
2023-09-09 00:00:00+00:00,0.162267089,0,0,0.144069057
2023-09-09 01:00:00+00:00,0.166375187,0,0,0.141390566
2023-09-09 02:00:00+00:00,0.152821257,0,0,0.139734573
2023-09-09 03:00:00+00:00,0.161411934,0,0,0.139636072
2023-09-09 04:00:00+00:00,0.1685522,0,0,0.140569908
2023-09-09 05:00:00+00:00,0.148198948,0,0.000342687,0.142910314
2023-09-09 06:00:00+00:00,0.126339394,0,0.051907941,0.153074095
2023-09-09 07:00:00+00:00,0.109471039,0,0.250902506,0.188701505
2023-09-09 08:00:00+00:00,0.094938991,0,0.440287083,0.208306486
2023-09-09 09:00:00+00:00,0.094296227,0,0.524934575,0.219743561
2023-09-09 10:00:00+00:00,0.109272621,0,0.550975138,0.233632149
2023-09-09 11:00:00+00:00,0.132867637,0,0.545956425,0.185185169
2023-09-09 12:00:00+00:00,0.159173439,0,0.54321861,0.156464135
2023-09-09 13:00:00+00:00,0.180214169,0,0.50067009,0.14701958
2023-09-09 14:00:00+00:00,0.200120281,0,0.449631765,0.175958101
2023-09-09 15:00:00+00:00,0.205882797,0,0.392495076,0.180322048
2023-09-09 16:00:00+00:00,0.215054755,0,0.287990135,0.204896732
2023-09-09 17:00:00+00:00,0.207176708,0,0.1125452,0.236206606
2023-09-09 18:00:00+00:00,0.16441895,0,0.009160442,0.264353967
2023-09-09 19:00:00+00:00,0.136296642,0,0,0.258508163
2023-09-09 20:00:00+00:00,0.111069564,0,0,0.257381282
2023-09-09 21:00:00+00:00,0.097456947,0,0,0.241501292
2023-09-09 22:00:00+00:00,0.098054997,0,0,0.178356645
2023-09-09 23:00:00+00:00,0.102266497,0,0,0.158438662
2023-09-10 00:00:00+00:00,0.102587878,0,0,0.155664583
2023-09-10 01:00:00+00:00,0.100139787,0,0,0.154889053
2023-09-10 02:00:00+00:00,0.095148587,0,0,0.151746896
2023-09-10 03:00:00+00:00,0.086124744,0,0,0.149456051
2023-09-10 04:00:00+00:00,0.074867996,0,0,0.150780208
2023-09-10 05:00:00+00:00,0.069119453,0,0.000357427,0.153788813
2023-09-10 06:00:00+00:00,0.060933997,0,0.054037762,0.158376659
2023-09-10 07:00:00+00:00,0.049886846,0,0.275819202,0.172685141
2023-09-10 08:00:00+00:00,0.04103068,0,0.493915831,0.193631741
2023-09-10 09:00:00+00:00,0.045474133,0,0.55738671,0.168961781
2023-09-10 10:00:00+00:00,0.060601437,0,0.556008591,0.163667846
2023-09-10 11:00:00+00:00,0.08109442,0,0.569178107,0.16854568
2023-09-10 12:00:00+00:00,0.096853308,0,0.576440871,0.171212133
2023-09-10 13:00:00+00:00,0.095685155,0,0.558263696,0.154286669
2023-09-10 14:00:00+00:00,0.109381611,0,0.541527281,0.17460177
2023-09-10 15:00:00+00:00,0.128443746,0,0.482839287,0.184547917
2023-09-10 16:00:00+00:00,0.138758706,0,0.348078357,0.179267504
2023-09-10 17:00:00+00:00,0.138166246,0,0.13778616,0.176351629
2023-09-10 18:00:00+00:00,0.132848075,0,0.009204659,0.22468873
2023-09-10 19:00:00+00:00,0.126792123,0,0,0.236641817
2023-09-10 20:00:00+00:00,0.143612969,0,0,0.20113134
2023-09-10 21:00:00+00:00,0.141005584,0,0,0.172865433
2023-09-10 22:00:00+00:00,0.119447849,0,0,0.157696387
2023-09-10 23:00:00+00:00,0.100790935,0,0,0.149835361
2023-09-11 00:00:00+00:00,0.081927218,0,0,0.145448181
2023-09-11 01:00:00+00:00,0.077967235,0,0,0.14368044
2023-09-11 02:00:00+00:00,0.071019798,0,0,0.143335173
2023-09-11 03:00:00+00:00,0.062035079,0,0,0.146579404
2023-09-11 04:00:00+00:00,0.060634972,0,0,0.159612814
2023-09-11 05:00:00+00:00,0.060092815,0,0.000541667,0.170002234
2023-09-11 06:00:00+00:00,0.044881673,0,0.048396315,0.202226651
2023-09-11 07:00:00+00:00,0.0321298,0,0.25239854,0.216574764
2023-09-11 08:00:00+00:00,0.024740813,0,0.437247113,0.180211271
2023-09-11 09:00:00+00:00,0.02386889,0,0.528921541,0.163699232
2023-09-11 10:00:00+00:00,0.026101795,0,0.569962972,0.163556867
2023-09-11 11:00:00+00:00,0.037408846,0,0.583206185,0.163381632
2023-09-11 12:00:00+00:00,0.054903197,0,0.567085135,0.16303391
2023-09-11 13:00:00+00:00,0.074504695,0,0.551771058,0.154706397
2023-09-11 14:00:00+00:00,0.09319235,0,0.514211773,0.151214998
2023-09-11 15:00:00+00:00,0.110211615,0,0.451934772,0.155457357
2023-09-11 16:00:00+00:00,0.117519558,0,0.3383394,0.171117315
2023-09-11 17:00:00+00:00,0.10916363,0,0.156859215,0.228115268
2023-09-11 18:00:00+00:00,0.104239502,0,0.036408339,0.255884199
2023-09-11 19:00:00+00:00,0.098108095,0,0.01639877,0.251583409
2023-09-11 20:00:00+00:00,0.083503386,0,0,0.204603794
2023-09-11 21:00:00+00:00,0.0712266,0,0,0.182658589
2023-09-11 22:00:00+00:00,0.07119027,0,0,0.171209879
2023-09-11 23:00:00+00:00,0.066380721,0,0,0.165238897
2023-09-12 00:00:00+00:00,0.059955878,0,0,0.164698204
2023-09-12 01:00:00+00:00,0.054852894,0,0,0.163117021
2023-09-12 02:00:00+00:00,0.046879829,0,0,0.161313038
2023-09-12 03:00:00+00:00,0.044811807,0,0,0.161156784
2023-09-12 04:00:00+00:00,0.049696811,0,0,0.169862856
2023-09-12 05:00:00+00:00,0.048422462,0,0.000493765,0.214810522
2023-09-12 06:00:00+00:00,0.047195622,0,0.04078718,0.240231442
2023-09-12 07:00:00+00:00,0.037763764,0,0.22941637,0.204254331
2023-09-12 08:00:00+00:00,0.030223866,0,0.433005895,0.179198521
2023-09-12 09:00:00+00:00,0.028776251,0,0.546649169,0.167256262
2023-09-12 10:00:00+00:00,0.027677963,0,0.580221488,0.163007416
2023-09-12 11:00:00+00:00,0.030137233,0,0.582351309,0.164050362
2023-09-12 12:00:00+00:00,0.035941668,0,0.571226863,0.163967251
2023-09-12 13:00:00+00:00,0.048411284,0,0.547990441,0.15571268
2023-09-12 14:00:00+00:00,0.073409202,0,0.508308705,0.154304844
2023-09-12 15:00:00+00:00,0.122918773,0,0.465019538,0.163691537
2023-09-12 16:00:00+00:00,0.158416096,0,0.337245011,0.177757668
2023-09-12 17:00:00+00:00,0.167484653,0,0.159751838,0.225121797
2023-09-12 18:00:00+00:00,0.138202576,0,0.036899811,0.262775092
2023-09-12 19:00:00+00:00,0.14654453,0,0.02080252,0.250790454
2023-09-12 20:00:00+00:00,0.168940653,0,0,0.202326947
2023-09-12 21:00:00+00:00,0.174932328,0,0,0.178158323
2023-09-12 22:00:00+00:00,0.166819533,0,0,0.164609377
2023-09-12 23:00:00+00:00,0.166718926,0,0,0.161203177
2023-09-13 00:00:00+00:00,0.177757694,0,0,0.157342509
2023-09-13 01:00:00+00:00,0.184937085,0,0,0.155935186
2023-09-13 02:00:00+00:00,0.18288583,0,0,0.154225655
2023-09-13 03:00:00+00:00,0.179026453,0,0,0.153896292
2023-09-13 04:00:00+00:00,0.170569919,0,0,0.15903489
2023-09-13 05:00:00+00:00,0.160238191,0,0.000346372,0.172566156
2023-09-13 06:00:00+00:00,0.145647456,0,0.055799102,0.187891345
2023-09-13 07:00:00+00:00,0.130975676,0,0.302478814,0.193137788
2023-09-13 08:00:00+00:00,0.127798188,0,0.504778655,0.179067626
2023-09-13 09:00:00+00:00,0.119475795,0,0.577247845,0.170069367
2023-09-13 10:00:00+00:00,0.111181349,0,0.587609535,0.169592033
2023-09-13 11:00:00+00:00,0.105840822,0,0.589953075,0.170952065
2023-09-13 12:00:00+00:00,0.105089067,0,0.56873593,0.169589835
2023-09-13 13:00:00+00:00,0.117530737,0,0.555702751,0.160033367
2023-09-13 14:00:00+00:00,0.126389697,0,0.539419569,0.156735196
2023-09-13 15:00:00+00:00,0.142917108,0,0.501093844,0.156393777
2023-09-13 16:00:00+00:00,0.168714288,0,0.371462172,0.165341099
2023-09-13 17:00:00+00:00,0.191479301,0,0.148722681,0.187404666
2023-09-13 18:00:00+00:00,0.208146443,0,0.008814069,0.200481885
2023-09-13 19:00:00+00:00,0.222558322,0,0,0.201999856
2023-09-13 20:00:00+00:00,0.230198826,0,0,0.1967232
2023-09-13 21:00:00+00:00,0.237288789,0,0,0.186951518
2023-09-13 22:00:00+00:00,0.239152804,0,0,0.171493455
2023-09-13 23:00:00+00:00,0.224710183,0,0,0.159975615
2023-09-14 00:00:00+00:00,0.210119448,0,0,0.152242443
2023-09-14 01:00:00+00:00,0.187276185,0,0,0.151334551
2023-09-14 02:00:00+00:00,0.163890766,0,0,0.151082454
2023-09-14 03:00:00+00:00,0.14885289,0,0,0.15356616
2023-09-14 04:00:00+00:00,0.14282209,0,0,0.156370691
2023-09-14 05:00:00+00:00,0.135771252,0,0.000232143,0.173996326
2023-09-14 06:00:00+00:00,0.125235517,0,0.043790301,0.186431419
2023-09-14 07:00:00+00:00,0.104493812,0,0.242795921,0.196471487
2023-09-14 08:00:00+00:00,0.100947434,0,0.443537087,0.185887575
2023-09-14 09:00:00+00:00,0.107964736,0,0.527793988,0.170920038
2023-09-14 10:00:00+00:00,0.107933995,0,0.544047692,0.163934326
2023-09-14 11:00:00+00:00,0.107352713,0,0.528980498,0.163594685
2023-09-14 12:00:00+00:00,0.113472942,0,0.528704137,0.166444618
2023-09-14 13:00:00+00:00,0.121281123,0,0.527720292,0.158156516
2023-09-14 14:00:00+00:00,0.126428822,0,0.517192786,0.157860921
2023-09-14 15:00:00+00:00,0.135251452,0,0.440714521,0.163408346
2023-09-14 16:00:00+00:00,0.150144007,0,0.303797977,0.175011128
2023-09-14 17:00:00+00:00,0.159173439,0,0.112349905,0.202584743
2023-09-14 18:00:00+00:00,0.174216904,0,0.007594397,0.231073706
2023-09-14 19:00:00+00:00,0.189106665,0,0,0.221880132
2023-09-14 20:00:00+00:00,0.198750915,0,0,0.206266805
2023-09-14 21:00:00+00:00,0.207744017,0,0,0.192344888
2023-09-14 22:00:00+00:00,0.216558263,0,0,0.174506695
2023-09-14 23:00:00+00:00,0.215731054,0,0,0.16094648
2023-09-15 00:00:00+00:00,0.200721125,0,0,0.155880384
2023-09-15 01:00:00+00:00,0.19174479,0,0,0.153313256
2023-09-15 02:00:00+00:00,0.181628249,0,0,0.151018692
2023-09-15 03:00:00+00:00,0.170989113,0,0,0.152516728
2023-09-15 04:00:00+00:00,0.169616952,0,0,0.167329258
2023-09-15 05:00:00+00:00,0.159371858,0,0.000445862,0.190234665
2023-09-15 06:00:00+00:00,0.141296225,0,0.022090445,0.196697292
2023-09-15 07:00:00+00:00,0.120996071,0,0.150845132,0.197964668
2023-09-15 08:00:00+00:00,0.094279459,0,0.35633602,0.209688835
2023-09-15 09:00:00+00:00,0.083595609,0,0.444561464,0.201291551
2023-09-15 10:00:00+00:00,0.091065641,0,0.462355419,0.19963028
2023-09-15 11:00:00+00:00,0.091347898,0,0.443621837,0.191020768
2023-09-15 12:00:00+00:00,0.097579911,0,0.409058305,0.182152672
2023-09-15 13:00:00+00:00,0.109037872,0,0.365326961,0.173013075
2023-09-15 14:00:00+00:00,0.117986261,0,0.322222035,0.172708557
2023-09-15 15:00:00+00:00,0.117885654,0,0.266463466,0.175036193
2023-09-15 16:00:00+00:00,0.101707572,0,0.188478113,0.187814941
2023-09-15 17:00:00+00:00,0.097194253,0,0.069624515,0.215393796
2023-09-15 18:00:00+00:00,0.113305264,0,0.003581637,0.25875491
2023-09-15 19:00:00+00:00,0.142718689,0,0,0.289176058
2023-09-15 20:00:00+00:00,0.154643353,0,0,0.287943054
2023-09-15 21:00:00+00:00,0.141489054,0,0,0.282324686
2023-09-15 22:00:00+00:00,0.145415502,0,0,0.267547005
2023-09-15 23:00:00+00:00,0.1487439,0,0,0.247634043
2023-09-16 00:00:00+00:00,0.14643554,0,0,0.237742313
2023-09-16 01:00:00+00:00,0.159201386,0,0,0.236116276
2023-09-16 02:00:00+00:00,0.166992799,0,0,0.243927942
2023-09-16 03:00:00+00:00,0.167328154,0,0,0.238546151
2023-09-16 04:00:00+00:00,0.176732066,0,0,0.233251392
2023-09-16 05:00:00+00:00,0.18392543,0,0.000140023,0.23515329
2023-09-16 06:00:00+00:00,0.177288197,0,0.02718654,0.239847662
2023-09-16 07:00:00+00:00,0.158281954,0,0.129885924,0.243271122
2023-09-16 08:00:00+00:00,0.150104882,0,0.242622735,0.243738819
2023-09-16 09:00:00+00:00,0.162348133,0,0.303775868,0.228303695
2023-09-16 10:00:00+00:00,0.15771744,0,0.373227197,0.222656212
2023-09-16 11:00:00+00:00,0.176215061,0,0.411180756,0.226050448
2023-09-16 12:00:00+00:00,0.191769942,0,0.406935853,0.236891972
2023-09-16 13:00:00+00:00,0.206830175,0,0.385132823,0.217511018
2023-09-16 14:00:00+00:00,0.207509268,0,0.315441981,0.209454529
2023-09-16 15:00:00+00:00,0.209837191,0,0.259141745,0.218371692
2023-09-16 16:00:00+00:00,0.191213812,0,0.148085208,0.252411598
2023-09-16 17:00:00+00:00,0.163832079,0,0.048289456,0.267163371
2023-09-16 18:00:00+00:00,0.141869123,0,0.002737815,0.26815703
2023-09-16 19:00:00+00:00,0.142984179,0,0,0.261894465
2023-09-16 20:00:00+00:00,0.170290457,0,0,0.252021992
2023-09-16 21:00:00+00:00,0.189564983,0,0,0.237405255
2023-09-16 22:00:00+00:00,0.189956231,0,0,0.202827496
2023-09-16 23:00:00+00:00,0.189710304,0,0,0.189215649
2023-09-17 00:00:00+00:00,0.208383986,0,0,0.182331864
2023-09-17 01:00:00+00:00,0.213584782,0,0,0.177093556
2023-09-17 02:00:00+00:00,0.207744017,0,0,0.175578572
2023-09-17 03:00:00+00:00,0.205119864,0,0,0.174998156
2023-09-17 04:00:00+00:00,0.225788909,0,0,0.175288987
2023-09-17 05:00:00+00:00,0.251088646,0,7.31685E-13,0.179337257
2023-09-17 06:00:00+00:00,0.241480726,0,0.027779795,0.181665553
2023-09-17 07:00:00+00:00,0.229595187,0,0.14385136,0.178663966
2023-09-17 08:00:00+00:00,0.223251389,0,0.270958936,0.172820653
2023-09-17 09:00:00+00:00,0.250267026,0,0.364332061,0.170275714
2023-09-17 10:00:00+00:00,0.280566347,0,0.407153257,0.171382971
2023-09-17 11:00:00+00:00,0.310493983,0,0.432025735,0.16905211
2023-09-17 12:00:00+00:00,0.31279396,0,0.445121556,0.165558768
2023-09-17 13:00:00+00:00,0.322410263,0,0.419062568,0.155931723
2023-09-17 14:00:00+00:00,0.333957652,0,0.369173904,0.153841985
2023-09-17 15:00:00+00:00,0.368887667,0,0.290845864,0.155459886
2023-09-17 16:00:00+00:00,0.409186155,0,0.210885452,0.168340927
2023-09-17 17:00:00+00:00,0.415798237,0,0.080177815,0.188449664
2023-09-17 18:00:00+00:00,0.386935353,0,0.002951534,0.211604035
2023-09-17 19:00:00+00:00,0.348106837,0,0,0.21451751
2023-09-17 20:00:00+00:00,0.328578,0,0,0.2124539
2023-09-17 21:00:00+00:00,0.336601367,0,0,0.207973129
2023-09-17 22:00:00+00:00,0.319945404,0,0,0.195343233
2023-09-17 23:00:00+00:00,0.304016043,0,0,0.184694643
2023-09-18 00:00:00+00:00,0.301674148,0,0,0.180862704
2023-09-18 01:00:00+00:00,0.294986611,0,0,0.171596848
2023-09-18 02:00:00+00:00,0.27201759,0,0,0.170389642
2023-09-18 03:00:00+00:00,0.250415142,0,0,0.172015752
2023-09-18 04:00:00+00:00,0.232317152,0,0,0.176701146
2023-09-18 05:00:00+00:00,0.218757633,0,6.83705E-13,0.180599741
2023-09-18 06:00:00+00:00,0.204393262,0,0.034817785,0.196437407
2023-09-18 07:00:00+00:00,0.187645076,0,0.192192403,0.200424775
2023-09-18 08:00:00+00:00,0.187035848,0,0.355868049,0.201056145
2023-09-18 09:00:00+00:00,0.18605214,0,0.417905537,0.197695054
2023-09-18 10:00:00+00:00,0.168943447,0,0.455733813,0.191269347
2023-09-18 11:00:00+00:00,0.142145791,0,0.492058686,0.188346619
2023-09-18 12:00:00+00:00,0.12558764,0,0.50204084,0.191580736
2023-09-18 13:00:00+00:00,0.100245983,0,0.465001114,0.190620626
2023-09-18 14:00:00+00:00,0.082664999,0,0.424169717,0.185664702
2023-09-18 15:00:00+00:00,0.077017062,0,0.37277765,0.187360803
2023-09-18 16:00:00+00:00,0.066548398,0,0.286409351,0.195858824
2023-09-18 17:00:00+00:00,0.061112853,0,0.109099902,0.207030297
2023-09-18 18:00:00+00:00,0.063862764,0,0.00372166,0.221057714
2023-09-18 19:00:00+00:00,0.060450527,0,0,0.221228057
2023-09-18 20:00:00+00:00,0.05253615,0,0,0.217194994
2023-09-18 21:00:00+00:00,0.051242239,0,0,0.211474643
2023-09-18 22:00:00+00:00,0.059209714,0,0,0.20099253
2023-09-18 23:00:00+00:00,0.06627732,0,0,0.194845267
2023-09-19 00:00:00+00:00,0.06954703,0,0,0.182613625
2023-09-19 01:00:00+00:00,0.070354677,0,0,0.180399386
2023-09-19 02:00:00+00:00,0.067465035,0,0,0.18038548
2023-09-19 03:00:00+00:00,0.067523722,0,0,0.182256339
2023-09-19 04:00:00+00:00,0.06586092,0,0,0.189935846
2023-09-19 05:00:00+00:00,0.06419253,0,4.13822E-13,0.194409855
2023-09-19 06:00:00+00:00,0.062300569,0,0.034839894,0.195211861
2023-09-19 07:00:00+00:00,0.04646902,0,0.236907592,0.187196781
2023-09-19 08:00:00+00:00,0.03261886,0,0.454816295,0.17127344
2023-09-19 09:00:00+00:00,0.035536448,0,0.538933174,0.165879446
2023-09-19 10:00:00+00:00,0.040890949,0,0.571374255,0.157382085
2023-09-19 11:00:00+00:00,0.05108015,0,0.564973737,0.15624881
2023-09-19 12:00:00+00:00,0.060389045,0,0.550315557,0.158766376
2023-09-19 13:00:00+00:00,0.074239205,0,0.530686566,0.160703801
2023-09-19 14:00:00+00:00,0.090663215,0,0.500213174,0.159774142
2023-09-19 15:00:00+00:00,0.104292599,0,0.429844327,0.15977854
2023-09-19 16:00:00+00:00,0.128969136,0,0.315519362,0.167069264
2023-09-19 17:00:00+00:00,0.122398973,0,0.117958189,0.178554526
2023-09-19 18:00:00+00:00,0.128837788,0,0.003507941,0.186350838
2023-09-19 19:00:00+00:00,0.113660181,0,0,0.193271633
2023-09-19 20:00:00+00:00,0.127292361,0,0,0.187458644
2023-09-19 21:00:00+00:00,0.104563678,0,0,0.178538916
2023-09-19 22:00:00+00:00,0.081329168,0,0,0.17668647
2023-09-19 23:00:00+00:00,0.087985964,0,0,0.17116215
2023-09-20 00:00:00+00:00,0.099877092,0,0,0.169989775
2023-09-20 01:00:00+00:00,0.109194371,0,0,0.163850062
2023-09-20 02:00:00+00:00,0.123117191,0,0,0.162573982
2023-09-20 03:00:00+00:00,0.137241225,0,0,0.16285109
2023-09-20 04:00:00+00:00,0.148034065,0,0,0.16888763
2023-09-20 05:00:00+00:00,0.142794144,0,4.25816E-13,0.180645547
2023-09-20 06:00:00+00:00,0.144674926,0,0.039781226,0.189863674
2023-09-20 07:00:00+00:00,0.13928689,0,0.276965179,0.206500726
2023-09-20 08:00:00+00:00,0.124162381,0,0.540823482,0.201682293
2023-09-20 09:00:00+00:00,0.134896535,0,0.614785021,0.213820968
2023-09-20 10:00:00+00:00,0.171028237,0,0.647012383,0.212538036
2023-09-20 11:00:00+00:00,0.207414251,0,0.643095428,0.216967503
2023-09-20 12:00:00+00:00,0.228270535,0,0.628039288,0.173434122
2023-09-20 13:00:00+00:00,0.217821434,0,0.608200262,0.160024078
2023-09-20 14:00:00+00:00,0.244792357,0,0.588939752,0.15616636
2023-09-20 15:00:00+00:00,0.289240863,0,0.555021061,0.166051054
2023-09-20 16:00:00+00:00,0.323760067,0,0.400317931,0.218352564
2023-09-20 17:00:00+00:00,0.320593757,0,0.157448073,0.225123226
2023-09-20 18:00:00+00:00,0.319073481,0,0.02948764,0.219930999
2023-09-20 19:00:00+00:00,0.354794374,0,0.017356874,0.186364964
2023-09-20 20:00:00+00:00,0.362328683,0,0,0.183955592
2023-09-20 21:00:00+00:00,0.370486192,0,0,0.204282969
2023-09-20 22:00:00+00:00,0.363432559,0,0,0.186441039
2023-09-20 23:00:00+00:00,0.359134426,0,0,0.188723144
2023-09-21 00:00:00+00:00,0.358790688,0,0,0.214942186
2023-09-21 01:00:00+00:00,0.35084557,0,0,0.19401924
2023-09-21 02:00:00+00:00,0.358606242,0,0,0.181670757
2023-09-21 03:00:00+00:00,0.376039111,0,0,0.183900405
2023-09-21 04:00:00+00:00,0.393530667,0,0,0.203248544
2023-09-21 05:00:00+00:00,0.393080733,0,2.27902E-13,0.235249592
2023-09-21 06:00:00+00:00,0.400676523,0,0.028133537,0.250312515
2023-09-21 07:00:00+00:00,0.407305373,0,0.184192677,0.231095033
2023-09-21 08:00:00+00:00,0.416751204,0,0.320773904,0.239897902
2023-09-21 09:00:00+00:00,0.423349313,0,0.373389328,0.248759146
2023-09-21 10:00:00+00:00,0.434156127,0,0.407230638,0.243016624
2023-09-21 11:00:00+00:00,0.425967876,0,0.431889397,0.253143613
2023-09-21 12:00:00+00:00,0.441377437,0,0.410546968,0.243030146
2023-09-21 13:00:00+00:00,0.472719153,0,0.345126823,0.249631143
2023-09-21 14:00:00+00:00,0.477497961,0,0.299932609,0.249585301
2023-09-21 15:00:00+00:00,0.474516097,0,0.240824546,0.234164505
2023-09-21 16:00:00+00:00,0.448489757,0,0.152241676,0.230688772
2023-09-21 17:00:00+00:00,0.41827148,0,0.047246654,0.266464886
2023-09-21 18:00:00+00:00,0.355621583,0,0.001182825,0.277150414
2023-09-21 19:00:00+00:00,0.355043096,0,0,0.228449907
2023-09-21 20:00:00+00:00,0.353125983,0,0,0.243966162
2023-09-21 21:00:00+00:00,0.348196265,0,0,0.236993771
2023-09-21 22:00:00+00:00,0.352882851,0,0,0.205615481
2023-09-21 23:00:00+00:00,0.345619621,0,0,0.220209279
2023-09-22 00:00:00+00:00,0.333253407,0,0,0.229561012
2023-09-22 01:00:00+00:00,0.308233132,0,0,0.245539284
2023-09-22 02:00:00+00:00,0.284026093,0,0,0.230413771
2023-09-22 03:00:00+00:00,0.28580068,0,0,0.216592518
2023-09-22 04:00:00+00:00,0.276184376,0,0,0.201304853
2023-09-22 05:00:00+00:00,0.279356275,0,8.99612E-13,0.233591272
2023-09-22 06:00:00+00:00,0.264603451,0,0.044567796,0.261878689
2023-09-22 07:00:00+00:00,0.244146798,0,0.283984745,0.265160444
2023-09-22 08:00:00+00:00,0.245233907,0,0.504657057,0.254894608
2023-09-22 09:00:00+00:00,0.25254744,0,0.612504122,0.244603964
2023-09-22 10:00:00+00:00,0.254327616,0,0.647487723,0.236926107
2023-09-22 11:00:00+00:00,0.249425844,0,0.638043551,0.213525831
2023-09-22 12:00:00+00:00,0.236808114,0,0.628897849,0.20860756
2023-09-22 13:00:00+00:00,0.235726594,0,0.611148112,0.210674377
2023-09-22 14:00:00+00:00,0.249998742,0,0.585365485,0.219937375
2023-09-22 15:00:00+00:00,0.259296459,0,0.535650007,0.26277927
2023-09-22 16:00:00+00:00,0.261825594,0,0.36709567,0.289643938
2023-09-22 17:00:00+00:00,0.250281,0,0.108259765,0.308298465
2023-09-22 18:00:00+00:00,0.218176351,0,0.002914686,0.305972405
2023-09-22 19:00:00+00:00,0.217846585,0,0,0.283545614
2023-09-22 20:00:00+00:00,0.192476982,0,0,0.256836888
2023-09-22 21:00:00+00:00,0.165416631,0,0,0.241964664
2023-09-22 22:00:00+00:00,0.151004751,0,0,0.220669811
2023-09-22 23:00:00+00:00,0.13303252,0,0,0.214003495
2023-09-23 00:00:00+00:00,0.12007664,0,0,0.209868065
2023-09-23 01:00:00+00:00,0.108803124,0,0,0.205331082
2023-09-23 02:00:00+00:00,0.095855627,0,0,0.201898754
2023-09-23 03:00:00+00:00,0.094357709,0,0,0.200979338
2023-09-23 04:00:00+00:00,0.089648766,0,0,0.202541227
2023-09-23 05:00:00+00:00,0.085356222,0,5.45765E-13,0.207677443
2023-09-23 06:00:00+00:00,0.081753951,0,0.050010263,0.209767365
2023-09-23 07:00:00+00:00,0.069871207,0,0.324620847,0.209031466
2023-09-23 08:00:00+00:00,0.05603502,0,0.555518511,0.209741677
2023-09-23 09:00:00+00:00,0.05953389,0,0.617445455,0.20666909
2023-09-23 10:00:00+00:00,0.064603339,0,0.597477461,0.196652109
2023-09-23 11:00:00+00:00,0.073766914,0,0.576031857,0.183163333
2023-09-23 12:00:00+00:00,0.076726421,0,0.571160536,0.17878165
2023-09-23 13:00:00+00:00,0.078682659,0,0.560264548,0.179706306
2023-09-23 14:00:00+00:00,0.077967235,0,0.550709832,0.194425392
2023-09-23 15:00:00+00:00,0.07546884,0,0.524820346,0.218256811
2023-09-23 16:00:00+00:00,0.070835352,0,0.386816782,0.214031821
2023-09-23 17:00:00+00:00,0.064877213,0,0.122287842,0.261094969
2023-09-23 18:00:00+00:00,0.066830655,0,0.002129821,0.267113205
2023-09-23 19:00:00+00:00,0.066855807,0,0,0.25297666
2023-09-23 20:00:00+00:00,0.064343439,0,0,0.23065035
2023-09-23 21:00:00+00:00,0.063356937,0,0,0.225052172
2023-09-23 22:00:00+00:00,0.071740811,0,0,0.235529228
2023-09-23 23:00:00+00:00,0.0822486,0,0,0.203931546
2023-09-24 00:00:00+00:00,0.095813708,0,0,0.19063805
2023-09-24 01:00:00+00:00,0.110418417,0,0,0.188494884
2023-09-24 02:00:00+00:00,0.124383156,0,0,0.188157202
2023-09-24 03:00:00+00:00,0.135187176,0,0,0.187834949
2023-09-24 04:00:00+00:00,0.145742473,0,0,0.185503905
2023-09-24 05:00:00+00:00,0.157778922,0,0,0.198165279
2023-09-24 06:00:00+00:00,0.1751028,0,0.048694785,0.247992135
2023-09-24 07:00:00+00:00,0.145261798,0,0.308411361,0.255503717
2023-09-24 08:00:00+00:00,0.113341594,0,0.509204114,0.227423159
2023-09-24 09:00:00+00:00,0.10871649,0,0.550761419,0.185015247
2023-09-24 10:00:00+00:00,0.104116538,0,0.548410509,0.170206125
2023-09-24 11:00:00+00:00,0.110398854,0,0.552769641,0.169351387
2023-09-24 12:00:00+00:00,0.111757042,0,0.547747243,0.169791784
2023-09-24 13:00:00+00:00,0.097110414,0,0.512428324,0.166055616
2023-09-24 14:00:00+00:00,0.105759777,0,0.542809596,0.177967771
2023-09-24 15:00:00+00:00,0.107693658,0,0.549143787,0.233025367
2023-09-24 16:00:00+00:00,0.109560467,0,0.403925362,0.264276408
2023-09-24 17:00:00+00:00,0.093628312,0,0.115139308,0.26798971
2023-09-24 18:00:00+00:00,0.09389939,0,0,0.255042213
2023-09-24 19:00:00+00:00,0.088720951,0,0,0.253067301
2023-09-24 20:00:00+00:00,0.079523841,0,0,0.257382858
2023-09-24 21:00:00+00:00,0.070773871,0,0,0.250771051
2023-09-24 22:00:00+00:00,0.061741644,0,0,0.210222877
2023-09-24 23:00:00+00:00,0.057734152,0,0,0.20223288
2023-09-25 00:00:00+00:00,0.056297715,0,0,0.201540112
2023-09-25 01:00:00+00:00,0.056253001,0,0,0.200953008
2023-09-25 02:00:00+00:00,0.058544593,0,0,0.197846214
2023-09-25 03:00:00+00:00,0.064343439,0,0,0.187777233
2023-09-25 04:00:00+00:00,0.066640621,0,0,0.189170044
2023-09-25 05:00:00+00:00,0.064273574,0,0,0.19444551
2023-09-25 06:00:00+00:00,0.057373645,0,0.044490415,0.199160367
2023-09-25 07:00:00+00:00,0.049188189,0,0.319941136,0.190818452
2023-09-25 08:00:00+00:00,0.044110356,0,0.565530144,0.173401765
2023-09-25 09:00:00+00:00,0.049028896,0,0.626705386,0.156164784
2023-09-25 10:00:00+00:00,0.050205433,0,0.61342164,0.14962535
2023-09-25 11:00:00+00:00,0.069393326,0,0.606394705,0.15492927
2023-09-25 12:00:00+00:00,0.078629561,0,0.599574118,0.160083057
2023-09-25 13:00:00+00:00,0.086060468,0,0.583165652,0.156733089
2023-09-25 14:00:00+00:00,0.094665117,0,0.570136158,0.153743557
2023-09-25 15:00:00+00:00,0.104278626,0,0.52942636,0.155008057
2023-09-25 16:00:00+00:00,0.113246577,0,0.389344563,0.169351387
2023-09-25 17:00:00+00:00,0.115954568,0,0.137576429,0.231351327
2023-09-25 18:00:00+00:00,0.125836361,0,0.02796794,0.255434788
2023-09-25 19:00:00+00:00,0.138772679,0,0.019343433,0.239979418
2023-09-25 20:00:00+00:00,0.136939405,0,0,0.198802531
2023-09-25 21:00:00+00:00,0.139789922,0,0,0.17577682
2023-09-25 22:00:00+00:00,0.145938097,0,0,0.165533868
2023-09-25 23:00:00+00:00,0.152849204,0,0,0.160354118
2023-09-26 00:00:00+00:00,0.144934827,0,0,0.159722803
2023-09-26 01:00:00+00:00,0.132431676,0,0,0.159883472
2023-09-26 02:00:00+00:00,0.117608986,0,0,0.159437781
2023-09-26 03:00:00+00:00,0.104233912,0,0,0.158134035
2023-09-26 04:00:00+00:00,0.095665593,0,0,0.155994331
2023-09-26 05:00:00+00:00,0.088556068,0,0,0.169334861
2023-09-26 06:00:00+00:00,0.075938337,0,0.034010811,0.19416122
2023-09-26 07:00:00+00:00,0.060478473,0,0.270093005,0.168690738
2023-09-26 08:00:00+00:00,0.050901294,0,0.505010798,0.157773377
2023-09-26 09:00:00+00:00,0.048305088,0,0.571282135,0.151957493
2023-09-26 10:00:00+00:00,0.052505409,0,0.576020803,0.150779933
2023-09-26 11:00:00+00:00,0.052818407,0,0.578312755,0.151624283
2023-09-26 12:00:00+00:00,0.053589723,0,0.578987076,0.151420465
2023-09-26 13:00:00+00:00,0.059366213,0,0.580549436,0.149385089
2023-09-26 14:00:00+00:00,0.063315017,0,0.570659402,0.147451585
2023-09-26 15:00:00+00:00,0.067417526,0,0.536375915,0.149366015
2023-09-26 16:00:00+00:00,0.068390056,0,0.388241851,0.162741101
2023-09-26 17:00:00+00:00,0.0737222,0,0.129906754,0.211562663
2023-09-26 18:00:00+00:00,0.086728383,0,0.033408954,0.226169763
2023-09-26 19:00:00+00:00,0.095816503,0,0.024048293,0.210580383
2023-09-26 20:00:00+00:00,0.098806751,0,0,0.175039638
2023-09-26 21:00:00+00:00,0.097149539,0,0,0.15663948
2023-09-26 22:00:00+00:00,0.09494458,0,0,0.154956442
2023-09-26 23:00:00+00:00,0.106693182,0,0,0.154562237
2023-09-27 00:00:00+00:00,0.135391183,0,0,0.1514286
2023-09-27 01:00:00+00:00,0.157614039,0,0,0.147937366
2023-09-27 02:00:00+00:00,0.178151736,0,0,0.147301891
2023-09-27 03:00:00+00:00,0.189156968,0,0,0.150650706
2023-09-27 04:00:00+00:00,0.203021101,0,0,0.157101258
2023-09-27 05:00:00+00:00,0.209929413,0,0,0.165964902
2023-09-27 06:00:00+00:00,0.207252163,0,0.029541135,0.169837956
2023-09-27 07:00:00+00:00,0.194377327,0,0.246156469,0.163789928
2023-09-27 08:00:00+00:00,0.172467469,0,0.482964571,0.157608146
2023-09-27 09:00:00+00:00,0.162912647,0,0.585118602,0.141006181
2023-09-27 10:00:00+00:00,0.162459918,0,0.607087449,0.133828964
2023-09-27 11:00:00+00:00,0.176226239,0,0.609596806,0.135058706
2023-09-27 12:00:00+00:00,0.186264531,0,0.608310807,0.141646988
2023-09-27 13:00:00+00:00,0.183360916,0,0.597930692,0.143486901
2023-09-27 14:00:00+00:00,0.174211315,0,0.563392953,0.145389806
2023-09-27 15:00:00+00:00,0.159369063,0,0.475996592,0.148588011
2023-09-27 16:00:00+00:00,0.14170983,0,0.31145133,0.160643887
2023-09-27 17:00:00+00:00,0.119609937,0,0.110017217,0.172889105
2023-09-27 18:00:00+00:00,0.117078007,0,0.030347926,0.212747021
2023-09-27 19:00:00+00:00,0.112478055,0,0.014347883,0.220532943
2023-09-27 20:00:00+00:00,0.105298664,0,0,0.181317685
2023-09-27 21:00:00+00:00,0.102853368,0,0,0.162984
2023-09-27 22:00:00+00:00,0.094950169,0,0,0.152191763
2023-09-27 23:00:00+00:00,0.098748064,0,0,0.149276419
2023-09-28 00:00:00+00:00,0.102260907,0,0,0.148412556
2023-09-28 01:00:00+00:00,0.099656317,0,0,0.145385079
2023-09-28 02:00:00+00:00,0.100519856,0,0,0.14656951
2023-09-28 03:00:00+00:00,0.103498926,0,0,0.149763537
2023-09-28 04:00:00+00:00,0.108674571,0,0,0.153511962
2023-09-28 05:00:00+00:00,0.116815313,0,0,0.161957435
2023-09-28 06:00:00+00:00,0.122642105,0,0.033498622,0.166812128
2023-09-28 07:00:00+00:00,0.119869838,0,0.285528681,0.162314391
2023-09-28 08:00:00+00:00,0.112609403,0,0.52932687,0.157623647
2023-09-28 09:00:00+00:00,0.117441309,0,0.604073273,0.147177006
2023-09-28 10:00:00+00:00,0.133599829,0,0.598391294,0.142071553
2023-09-28 11:00:00+00:00,0.146298603,0,0.595624,0.144505936
2023-09-28 12:00:00+00:00,0.143615764,0,0.606877415,0.145401569
2023-09-28 13:00:00+00:00,0.141553331,0,0.616015748,0.146787729
2023-09-28 14:00:00+00:00,0.14018117,0,0.605090281,0.146334507
2023-09-28 15:00:00+00:00,0.141463903,0,0.559932915,0.148847895
2023-09-28 16:00:00+00:00,0.13738934,0,0.377936386,0.156626013
2023-09-28 17:00:00+00:00,0.131190862,0,0.11304918,0.161770767
2023-09-28 18:00:00+00:00,0.126495893,0,0.027374931,0.173631234
2023-09-28 19:00:00+00:00,0.127230879,0,0.016920735,0.177206678
2023-09-28 20:00:00+00:00,0.126409259,0,0,0.169157354
2023-09-28 21:00:00+00:00,0.115761739,0,0,0.162742365
2023-09-28 22:00:00+00:00,0.104736945,0,0,0.154900871
2023-09-28 23:00:00+00:00,0.088357649,0,0,0.152811975
2023-09-29 00:00:00+00:00,0.073411996,0,0,0.152164939
2023-09-29 01:00:00+00:00,0.06065174,0,0,0.160130934
2023-09-29 02:00:00+00:00,0.050247352,0,0,0.160124136
2023-09-29 03:00:00+00:00,0.043325067,0,0,0.155307627
2023-09-29 04:00:00+00:00,0.039815018,0,0,0.160662026
2023-09-29 05:00:00+00:00,0.038563026,0,0,0.162713342
2023-09-29 06:00:00+00:00,0.039270066,0,0.036402254,0.170406865
2023-09-29 07:00:00+00:00,0.039046496,0,0.297110044,0.167108455
2023-09-29 08:00:00+00:00,0.035147995,0,0.556786086,0.15642793
2023-09-29 09:00:00+00:00,0.03704275,0,0.591555968,0.1468859
2023-09-29 10:00:00+00:00,0.042251931,0,0.596589421,0.145106286
2023-09-29 11:00:00+00:00,0.051354024,0,0.597223209,0.143830024
2023-09-29 12:00:00+00:00,0.058893921,0,0.598394979,0.143804006
2023-09-29 13:00:00+00:00,0.06418694,0,0.585697118,0.142484851
2023-09-29 14:00:00+00:00,0.069035614,0,0.582977727,0.141277462
2023-09-29 15:00:00+00:00,0.074524257,0,0.539047403,0.142090022
2023-09-29 16:00:00+00:00,0.082363179,0,0.364862674,0.156664929
2023-09-29 17:00:00+00:00,0.089221188,0,0.105667172,0.176616827
2023-09-29 18:00:00+00:00,0.104613981,0,0.028343119,0.192894779
2023-09-29 19:00:00+00:00,0.110887914,0,0.008389438,0.193545644
2023-09-29 20:00:00+00:00,0.113618262,0,0,0.184981534
2023-09-29 21:00:00+00:00,0.110720236,0,0,0.174218723
2023-09-29 22:00:00+00:00,0.107819416,0,0,0.152350288
2023-09-29 23:00:00+00:00,0.10000844,0,0,0.146547706
2023-09-30 00:00:00+00:00,0.096875665,0,0,0.146390427
2023-09-30 01:00:00+00:00,0.095497915,0,0,0.145586698
2023-09-30 02:00:00+00:00,0.091943153,0,0,0.145059198
2023-09-30 03:00:00+00:00,0.089486678,0,0,0.140859419
2023-09-30 04:00:00+00:00,0.087949634,0,0,0.139656025
2023-09-30 05:00:00+00:00,0.093253832,0,0,0.142490146
2023-09-30 06:00:00+00:00,0.096671658,0,0.034939384,0.142142351
2023-09-30 07:00:00+00:00,0.097781124,0,0.292614573,0.142899138
2023-09-30 08:00:00+00:00,0.092884941,0,0.55005762,0.14676435
2023-09-30 09:00:00+00:00,0.093611544,0,0.60090065,0.138465713
2023-09-30 10:00:00+00:00,0.097769945,0,0.589743041,0.130669896
2023-09-30 11:00:00+00:00,0.103051786,0,0.582741899,0.128541149
2023-09-30 12:00:00+00:00,0.101008915,0,0.578555953,0.128614842
2023-09-30 13:00:00+00:00,0.098968839,0,0.574554248,0.128870603
2023-09-30 14:00:00+00:00,0.097968364,0,0.559568119,0.127375883
2023-09-30 15:00:00+00:00,0.09859436,0,0.525896311,0.12843444
2023-09-30 16:00:00+00:00,0.10049191,0,0.357437779,0.135978892
2023-09-30 17:00:00+00:00,0.101841714,0,0.084091085,0.142569738
2023-09-30 18:00:00+00:00,0.112486439,0,0,0.151236545
2023-09-30 19:00:00+00:00,0.116083121,0,0,0.152220951
2023-09-30 20:00:00+00:00,0.114702576,0,0,0.140639881
2023-09-30 21:00:00+00:00,0.107556721,0,0,0.128987738
2023-09-30 22:00:00+00:00,0.099826789,0,0,0.125540148
2023-09-30 23:00:00+00:00,0.093527705,0,0,0.122807276
2023-10-01 00:00:00+00:00,0.092005289,0,0,0.115928109
2023-10-01 01:00:00+00:00,0.090924517,0,0,0.114925949
2023-10-01 02:00:00+00:00,0.085171568,0,0,0.116713222
2023-10-01 03:00:00+00:00,0.084289077,0,0,0.118398989
2023-10-01 04:00:00+00:00,0.083850624,0,0,0.124346977
2023-10-01 05:00:00+00:00,0.082605083,0,0,0.131893701
2023-10-01 06:00:00+00:00,0.084138271,0,0.034834153,0.136658835
2023-10-01 07:00:00+00:00,0.082549229,0,0.291911873,0.133258296
2023-10-01 08:00:00+00:00,0.073383609,0,0.518553783,0.123116741
2023-10-01 09:00:00+00:00,0.078491445,0,0.579814346,0.119130931
2023-10-01 10:00:00+00:00,0.082588326,0,0.579930666,0.118518927
2023-10-01 11:00:00+00:00,0.083199926,0,0.595459363,0.1165824
2023-10-01 12:00:00+00:00,0.081479627,0,0.611478784,0.114928038
2023-10-01 13:00:00+00:00,0.076759975,0,0.606931405,0.114516389
2023-10-01 14:00:00+00:00,0.080577587,0,0.59056666,0.116035881
2023-10-01 15:00:00+00:00,0.0832865,0,0.558306083,0.1242089
2023-10-01 16:00:00+00:00,0.084079625,0,0.361107629,0.132060288
2023-10-01 17:00:00+00:00,0.091614312,0,0.080809564,0.137626109
2023-10-01 18:00:00+00:00,0.110026541,0,0,0.138980095
2023-10-01 19:00:00+00:00,0.119960152,0,0,0.14133406
2023-10-01 20:00:00+00:00,0.127344033,0,0,0.136464874
2023-10-01 21:00:00+00:00,0.127377546,0,0,0.128589337
2023-10-01 22:00:00+00:00,0.124858536,0,0,0.12553575
2023-10-01 23:00:00+00:00,0.127715462,0,0,0.125335798
2023-10-02 00:00:00+00:00,0.129620079,0,0,0.124795069
2023-10-02 01:00:00+00:00,0.131452086,0,0,0.125691307
2023-10-02 02:00:00+00:00,0.133203104,0,0,0.125743361
2023-10-02 03:00:00+00:00,0.139430811,0,0,0.127585638
2023-10-02 04:00:00+00:00,0.153483645,0,0,0.135427627
2023-10-02 05:00:00+00:00,0.167190185,0,0,0.142786858
2023-10-02 06:00:00+00:00,0.17223379,0,0.029399836,0.141490221
2023-10-02 07:00:00+00:00,0.158504908,0,0.259124222,0.13557307
2023-10-02 08:00:00+00:00,0.148191491,0,0.504246444,0.129453016
2023-10-02 09:00:00+00:00,0.145993641,0,0.569192892,0.122913106
2023-10-02 10:00:00+00:00,0.156348949,0,0.589796041,0.125539983
2023-10-02 11:00:00+00:00,0.190693494,0,0.592798547,0.126861392
2023-10-02 12:00:00+00:00,0.213009908,0,0.60061742,0.125013398
2023-10-02 13:00:00+00:00,0.212024087,0,0.612038573,0.12448467
2023-10-02 14:00:00+00:00,0.202833333,0,0.598843542,0.135449632
2023-10-02 15:00:00+00:00,0.188157728,0,0.507405255,0.140025129
2023-10-02 16:00:00+00:00,0.191070508,0,0.322085962,0.144856845
2023-10-02 17:00:00+00:00,0.177576212,0,0.069777355,0.164381483
2023-10-02 18:00:00+00:00,0.189447953,0,0,0.167542201
2023-10-02 19:00:00+00:00,0.18980821,0,0,0.165856305
2023-10-02 20:00:00+00:00,0.17458803,0,0,0.159448114
2023-10-02 21:00:00+00:00,0.162230361,0,0,0.151175202
2023-10-02 22:00:00+00:00,0.153226717,0,0,0.142081173
2023-10-02 23:00:00+00:00,0.136802886,0,0,0.135834805
2023-10-03 00:00:00+00:00,0.122160794,0,0,0.136814721
2023-10-03 01:00:00+00:00,0.102346633,0,0,0.13844477
2023-10-03 02:00:00+00:00,0.086003791,0,0,0.136268458
2023-10-03 03:00:00+00:00,0.078538921,0,0,0.135345011
2023-10-03 04:00:00+00:00,0.075302189,0,0,0.135306919
2023-10-03 05:00:00+00:00,0.073710354,0,0,0.136135914
2023-10-03 06:00:00+00:00,0.086478549,0,0.023285775,0.135767928
2023-10-03 07:00:00+00:00,0.100816237,0,0.214417424,0.132350624
2023-10-03 08:00:00+00:00,0.102382938,0,0.450346745,0.138848577
2023-10-03 09:00:00+00:00,0.109118915,0,0.547975429,0.139122789
2023-10-03 10:00:00+00:00,0.116086686,0,0.579592611,0.135596376
2023-10-03 11:00:00+00:00,0.126992154,0,0.581442824,0.133731288
2023-10-03 12:00:00+00:00,0.140796438,0,0.589567036,0.123680446
2023-10-03 13:00:00+00:00,0.163869672,0,0.578723848,0.12029211
2023-10-03 14:00:00+00:00,0.183555369,0,0.559331152,0.119177689
2023-10-03 15:00:00+00:00,0.210828814,0,0.508204953,0.122453251
2023-10-03 16:00:00+00:00,0.245946936,0,0.312900331,0.125934097
2023-10-03 17:00:00+00:00,0.266732954,0,0.06336886,0.130909937
2023-10-03 18:00:00+00:00,0.291769452,0,0,0.137720029
2023-10-03 19:00:00+00:00,0.312611324,0,0,0.133992931
2023-10-03 20:00:00+00:00,0.331791543,0,0,0.129761162
2023-10-03 21:00:00+00:00,0.333106902,0,0,0.125855824
2023-10-03 22:00:00+00:00,0.323187254,0,0,0.123708535
2023-10-03 23:00:00+00:00,0.301116597,0,0,0.125769452
2023-10-04 00:00:00+00:00,0.271642509,0,0,0.128431581
2023-10-04 01:00:00+00:00,0.238051991,0,0,0.127926434
2023-10-04 02:00:00+00:00,0.205268562,0,0,0.128229852
2023-10-04 03:00:00+00:00,0.188914548,0,0,0.131080115
2023-10-04 04:00:00+00:00,0.182069656,0,0,0.132573846
2023-10-04 05:00:00+00:00,0.167690077,0,0,0.139504957
2023-10-04 06:00:00+00:00,0.151556686,0,0.018324008,0.146493325
2023-10-04 07:00:00+00:00,0.124093338,0,0.191626008,0.149608585
2023-10-04 08:00:00+00:00,0.096956735,0,0.447911299,0.145022919
2023-10-04 09:00:00+00:00,0.084523663,0,0.562602647,0.135093262
2023-10-04 10:00:00+00:00,0.081957178,0,0.581893563,0.130759382
2023-10-04 11:00:00+00:00,0.082040959,0,0.593336526,0.130196831
2023-10-04 12:00:00+00:00,0.082686071,0,0.600064901,0.129392406
2023-10-04 13:00:00+00:00,0.087782736,0,0.596157282,0.130650438
2023-10-04 14:00:00+00:00,0.095836865,0,0.568098759,0.135111804
2023-10-04 15:00:00+00:00,0.099260707,0,0.497939729,0.141834755
2023-10-04 16:00:00+00:00,0.096778002,0,0.299919765,0.145523321
2023-10-04 17:00:00+00:00,0.086305402,0,0.059334016,0.148711321
2023-10-04 18:00:00+00:00,0.085883705,0,0,0.154992116
2023-10-04 19:00:00+00:00,0.08538102,0,0,0.151632198
2023-10-04 20:00:00+00:00,0.080147512,0,0,0.143948533
2023-10-04 21:00:00+00:00,0.067281573,0,0,0.13401052
2023-10-04 22:00:00+00:00,0.061201879,0,0,0.130566943
2023-10-04 23:00:00+00:00,0.061218635,0,0,0.128586808
2023-10-05 00:00:00+00:00,0.063899621,0,0,0.126733208
2023-10-05 01:00:00+00:00,0.063810255,0,0,0.125941298
2023-10-05 02:00:00+00:00,0.062224005,0,0,0.125586632
2023-10-05 03:00:00+00:00,0.058783407,0,0,0.126366358
2023-10-05 04:00:00+00:00,0.05606053,0,0,0.128906277
2023-10-05 05:00:00+00:00,0.054471488,0,0,0.141046747
2023-10-05 06:00:00+00:00,0.058543235,0,0.021653663,0.144696451
2023-10-05 07:00:00+00:00,0.059283299,0,0.220596914,0.141294484
2023-10-05 08:00:00+00:00,0.058311441,0,0.468009184,0.132755769
2023-10-05 09:00:00+00:00,0.057923257,0,0.552548252,0.126467058
2023-10-05 10:00:00+00:00,0.058490174,0,0.574903468,0.127798086
2023-10-05 11:00:00+00:00,0.065511005,0,0.561224984,0.12652514
2023-10-05 12:00:00+00:00,0.078843324,0,0.555198163,0.124717236
2023-10-05 13:00:00+00:00,0.082228069,0,0.557982569,0.124771653
2023-10-05 14:00:00+00:00,0.08415782,0,0.541705063,0.125050043
2023-10-05 15:00:00+00:00,0.078698104,0,0.48728556,0.131977288
2023-10-05 16:00:00+00:00,0.072593276,0,0.291930047,0.139318417
2023-10-05 17:00:00+00:00,0.066695107,0,0.050813589,0.151754921
2023-10-05 18:00:00+00:00,0.071277918,0,0,0.173473479
2023-10-05 19:00:00+00:00,0.084786176,0,0,0.150756023
2023-10-05 20:00:00+00:00,0.087665443,0,0,0.142459767
2023-10-05 21:00:00+00:00,0.083063084,0,0,0.137912304
2023-10-05 22:00:00+00:00,0.084694017,0,0,0.13133027
2023-10-05 23:00:00+00:00,0.085506691,0,0,0.127794403
2023-10-06 00:00:00+00:00,0.078932691,0,0,0.125269325
2023-10-06 01:00:00+00:00,0.073523243,0,0,0.123309968
2023-10-06 02:00:00+00:00,0.069526899,0,0,0.123262074
2023-10-06 03:00:00+00:00,0.06983968,0,0,0.124775501
2023-10-06 04:00:00+00:00,0.070113364,0,0,0.128339731
2023-10-06 05:00:00+00:00,0.072146445,0,0,0.138304512
2023-10-06 06:00:00+00:00,0.071068466,0,0.021326513,0.144777913
2023-10-06 07:00:00+00:00,0.07033678,0,0.214606443,0.146148352
2023-10-06 08:00:00+00:00,0.067052572,0,0.442498792,0.139645966
2023-10-06 09:00:00+00:00,0.064784905,0,0.54687766,0.125306483
2023-10-06 10:00:00+00:00,0.073241181,0,0.578578448,0.116822478
2023-10-06 11:00:00+00:00,0.077885431,0,0.569265592,0.115580424
2023-10-06 12:00:00+00:00,0.081359541,0,0.582933171,0.114829647
2023-10-06 13:00:00+00:00,0.084649334,0,0.582427907,0.11402993
2023-10-06 14:00:00+00:00,0.086796916,0,0.572893316,0.113144356
2023-10-06 15:00:00+00:00,0.085489935,0,0.491469438,0.115002133
2023-10-06 16:00:00+00:00,0.089343852,0,0.278298818,0.121514908
2023-10-06 17:00:00+00:00,0.105452109,0,0.052863726,0.134641762
2023-10-06 18:00:00+00:00,0.120563373,0,0,0.14513366
2023-10-06 19:00:00+00:00,0.1371799,0,0,0.149777664
2023-10-06 20:00:00+00:00,0.15069933,0,0,0.145849221
2023-10-06 21:00:00+00:00,0.145180967,0,0,0.135672285
2023-10-06 22:00:00+00:00,0.135250149,0,0,0.124971403
2023-10-06 23:00:00+00:00,0.129952409,0,0,0.120118176
2023-10-07 00:00:00+00:00,0.121817293,0,0,0.11427272
2023-10-07 01:00:00+00:00,0.119764663,0,0,0.112522898
2023-10-07 02:00:00+00:00,0.118477231,0,0,0.11234191
2023-10-07 03:00:00+00:00,0.111079386,0,0,0.112594905
2023-10-07 04:00:00+00:00,0.109004415,0,0,0.115331221
2023-10-07 05:00:00+00:00,0.108755865,0,0,0.122224368
2023-10-07 06:00:00+00:00,0.109618807,0,0.018974672,0.12744921
2023-10-07 07:00:00+00:00,0.111132447,0,0.204075864,0.140691275
2023-10-07 08:00:00+00:00,0.100081759,0,0.437119,0.167632347
2023-10-07 09:00:00+00:00,0.083839453,0,0.547193905,0.13561479
2023-10-07 10:00:00+00:00,0.082518509,0,0.586386416,0.122601607
2023-10-07 11:00:00+00:00,0.084395199,0,0.578498478,0.121112934
2023-10-07 12:00:00+00:00,0.086992404,0,0.557041105,0.117203345
2023-10-07 13:00:00+00:00,0.0902431,0,0.564601894,0.106605801
2023-10-07 14:00:00+00:00,0.088684777,0,0.554536594,0.123155804
2023-10-07 15:00:00+00:00,0.088489288,0,0.470891734,0.17225244
2023-10-07 16:00:00+00:00,0.089444389,0,0.260879924,0.133495754
2023-10-07 17:00:00+00:00,0.096400989,0,0.041446208,0.140615952
2023-10-07 18:00:00+00:00,0.100461565,0,0,0.149626669
2023-10-07 19:00:00+00:00,0.103223539,0,0,0.148315154
2023-10-07 20:00:00+00:00,0.103086697,0,0,0.153629116
2023-10-07 21:00:00+00:00,0.103798834,0,0,0.148044606
2023-10-07 22:00:00+00:00,0.099939332,0,0,0.122243772
2023-10-07 23:00:00+00:00,0.090810016,0,0,0.119274212
2023-10-08 00:00:00+00:00,0.082800571,0,0,0.116019024
2023-10-08 01:00:00+00:00,0.076193058,0,0,0.107954199
2023-10-08 02:00:00+00:00,0.070557403,0,0,0.105478939
2023-10-08 03:00:00+00:00,0.065969007,0,0,0.106147925
2023-10-08 04:00:00+00:00,0.063977817,0,0,0.106619213
2023-10-08 05:00:00+00:00,0.064899406,0,0,0.109287022
2023-10-08 06:00:00+00:00,0.065996934,0,0.019654416,0.114173889
2023-10-08 07:00:00+00:00,0.067887588,0,0.208368793,0.128948107
2023-10-08 08:00:00+00:00,0.062327335,0,0.4469662,0.15608171
2023-10-08 09:00:00+00:00,0.061654296,0,0.555496232,0.134340213
2023-10-08 10:00:00+00:00,0.061405746,0,0.56681197,0.1266551
2023-10-08 11:00:00+00:00,0.062707141,0,0.565914127,0.125375595
2023-10-08 12:00:00+00:00,0.066893389,0,0.586575436,0.121077535
2023-10-08 13:00:00+00:00,0.070621635,0,0.581624573,0.110170197
2023-10-08 14:00:00+00:00,0.076542145,0,0.565474292,0.126017647
2023-10-08 15:00:00+00:00,0.090106258,0,0.485664352,0.156847365
2023-10-08 16:00:00+00:00,0.09883901,0,0.265569067,0.125674597
2023-10-08 17:00:00+00:00,0.103550284,0,0.044277869,0.143007056
2023-10-08 18:00:00+00:00,0.11387208,0,0,0.14244489
2023-10-08 19:00:00+00:00,0.123668849,0,0,0.139861712
2023-10-08 20:00:00+00:00,0.118706232,0,0,0.136268568
2023-10-08 21:00:00+00:00,0.111875304,0,0,0.12878502
2023-10-08 22:00:00+00:00,0.109833845,0,0,0.116415227
2023-10-08 23:00:00+00:00,0.099090353,0,0,0.113640818
2023-10-09 00:00:00+00:00,0.088430641,0,0,0.112571269
2023-10-09 01:00:00+00:00,0.08165836,0,0,0.112641572
2023-10-09 02:00:00+00:00,0.075215615,0,0,0.112405745
2023-10-09 03:00:00+00:00,0.067518952,0,0,0.11340435
2023-10-09 04:00:00+00:00,0.062411116,0,0,0.115165166
2023-10-09 05:00:00+00:00,0.057325621,0,0,0.12678616
2023-10-09 06:00:00+00:00,0.054985343,0,0.017066299,0.153510973
2023-10-09 07:00:00+00:00,0.057666329,0,0.204043149,0.138894181
2023-10-09 08:00:00+00:00,0.055035612,0,0.443978235,0.12519369
2023-10-09 09:00:00+00:00,0.052561285,0,0.532752072,0.116018035
2023-10-09 10:00:00+00:00,0.053695119,0,0.555714332,0.115073206
2023-10-09 11:00:00+00:00,0.054569232,0,0.546794055,0.118882993
2023-10-09 12:00:00+00:00,0.058498552,0,0.542715592,0.1201343
2023-10-09 13:00:00+00:00,0.061972663,0,0.538906117,0.119168693
2023-10-09 14:00:00+00:00,0.065935495,0,0.524195294,0.1162884
2023-10-09 15:00:00+00:00,0.072780387,0,0.454232554,0.114077367
2023-10-09 16:00:00+00:00,0.076022704,0,0.254256964,0.119562258
2023-10-09 17:00:00+00:00,0.08199069,0,0.039152526,0.145870365
2023-10-09 18:00:00+00:00,0.101874668,0,0,0.173501182
2023-10-09 19:00:00+00:00,0.10774491,0,0,0.152079905
2023-10-09 20:00:00+00:00,0.101302166,0,0,0.135672505
2023-10-09 21:00:00+00:00,0.095032569,0,0,0.128804918
2023-10-09 22:00:00+00:00,0.084702395,0,0,0.122074363
2023-10-09 23:00:00+00:00,0.07614279,0,0,0.120009928
2023-10-10 00:00:00+00:00,0.068560627,0,0,0.118309723
2023-10-10 01:00:00+00:00,0.064606173,0,0,0.110709864
2023-10-10 02:00:00+00:00,0.059498336,0,0,0.110160083
2023-10-10 03:00:00+00:00,0.056546459,0,0,0.111708066
2023-10-10 04:00:00+00:00,0.053901778,0,0,0.118944428
2023-10-10 05:00:00+00:00,0.050145605,0,0,0.129606814
2023-10-10 06:00:00+00:00,0.041988148,0,0.015070687,0.130012655
2023-10-10 07:00:00+00:00,0.03787451,0,0.21031715,0.128704273
2023-10-10 08:00:00+00:00,0.036679237,0,0.474770273,0.121608151
2023-10-10 09:00:00+00:00,0.03633015,0,0.559770986,0.118255855
2023-10-10 10:00:00+00:00,0.036240784,0,0.57045787,0.113886356
2023-10-10 11:00:00+00:00,0.038988795,0,0.565652407,0.112995285
2023-10-10 12:00:00+00:00,0.039851737,0,0.562435437,0.109846551
2023-10-10 13:00:00+00:00,0.043339811,0,0.561112299,0.108926567
2023-10-10 14:00:00+00:00,0.048229818,0,0.548033589,0.110991478
2023-10-10 15:00:00+00:00,0.054393292,0,0.479375812,0.12036879
2023-10-10 16:00:00+00:00,0.058917456,0,0.270912509,0.130372689
2023-10-10 17:00:00+00:00,0.06358684,0,0.039334276,0.15493605
2023-10-10 18:00:00+00:00,0.071515297,0,0,0.185713439
2023-10-10 19:00:00+00:00,0.073009388,0,0,0.189427235
2023-10-10 20:00:00+00:00,0.071607455,0,0,0.155885478
2023-10-10 21:00:00+00:00,0.072691021,0,0,0.130946215
2023-10-10 22:00:00+00:00,0.065295968,0,0,0.118093207
2023-10-10 23:00:00+00:00,0.05760489,0,0,0.113244652
2023-10-11 00:00:00+00:00,0.051016926,0,0,0.107891042
2023-10-11 01:00:00+00:00,0.046721763,0,0,0.105142138
2023-10-11 02:00:00+00:00,0.043426385,0,0,0.1058223
2023-10-11 03:00:00+00:00,0.041538524,0,0,0.113244726
2023-10-11 04:00:00+00:00,0.043116396,0,0,0.117915389
2023-10-11 05:00:00+00:00,0.045470636,0,0,0.123054371
2023-10-11 06:00:00+00:00,0.04717418,0,0.015677731,0.125621884
2023-10-11 07:00:00+00:00,0.048813491,0,0.211229533,0.135024059
2023-10-11 08:00:00+00:00,0.048006402,0,0.478372553,0.123697376
2023-10-11 09:00:00+00:00,0.050399741,0,0.571399334,0.119642564
2023-10-11 10:00:00+00:00,0.049930568,0,0.589952346,0.121391892
2023-10-11 11:00:00+00:00,0.054398878,0,0.588516523,0.143258842
2023-10-11 12:00:00+00:00,0.056998875,0,0.590693885,0.127781431
2023-10-11 13:00:00+00:00,0.059629593,0,0.585688497,0.123075314
2023-10-11 14:00:00+00:00,0.066410253,0,0.565590612,0.122153754
2023-10-11 15:00:00+00:00,0.072685435,0,0.49676926,0.123103512
2023-10-11 16:00:00+00:00,0.075888655,0,0.254009784,0.129032701
2023-10-11 17:00:00+00:00,0.086009376,0,0.035055887,0.140326935
2023-10-11 18:00:00+00:00,0.093650186,0,0,0.173879026
2023-10-11 19:00:00+00:00,0.094191968,0,0,0.16581497
2023-10-11 20:00:00+00:00,0.093181013,0,0,0.141169653
2023-10-11 21:00:00+00:00,0.091952228,0,0,0.137154308
2023-10-11 22:00:00+00:00,0.091790252,0,0,0.121001406
2023-10-11 23:00:00+00:00,0.094588531,0,0,0.117556161
2023-10-12 00:00:00+00:00,0.093937833,0,0,0.123429797
2023-10-12 01:00:00+00:00,0.090539125,0,0,0.127084173
2023-10-12 02:00:00+00:00,0.084118723,0,0,0.12651869
2023-10-12 03:00:00+00:00,0.083093804,0,0,0.125014608
2023-10-12 04:00:00+00:00,0.087341491,0,0,0.116095593
2023-10-12 05:00:00+00:00,0.091639446,0,0,0.114380822
2023-10-12 06:00:00+00:00,0.090829565,0,0.012577081,0.116625421
2023-10-12 07:00:00+00:00,0.095482193,0,0.185730047,0.127969418
2023-10-12 08:00:00+00:00,0.096071451,0,0.442775051,0.157981886
2023-10-12 09:00:00+00:00,0.101263068,0,0.551937573,0.164867502
2023-10-12 10:00:00+00:00,0.104927082,0,0.575248793,0.157861068
2023-10-12 11:00:00+00:00,0.111347485,0,0.590141366,0.173536948
2023-10-12 12:00:00+00:00,0.11654748,0,0.58748055,0.173236791
2023-10-12 13:00:00+00:00,0.120976692,0,0.582973156,0.174990076
2023-10-12 14:00:00+00:00,0.125433831,0,0.56364589,0.179962893
2023-10-12 15:00:00+00:00,0.128053378,0,0.477863654,0.173272739
2023-10-12 16:00:00+00:00,0.134012986,0,0.247452254,0.166200784
2023-10-12 17:00:00+00:00,0.14334896,0,0.032958496,0.1755538
2023-10-12 18:00:00+00:00,0.158921019,0,0,0.173346835
2023-10-12 19:00:00+00:00,0.167058928,0,0,0.169261021
2023-10-12 20:00:00+00:00,0.180273954,0,0,0.168136945
2023-10-12 21:00:00+00:00,0.199914968,0,0,0.161545512
2023-10-12 22:00:00+00:00,0.212484882,0,0,0.161490984
2023-10-12 23:00:00+00:00,0.218218282,0,0,0.173408178
2023-10-13 00:00:00+00:00,0.218827089,0,0,0.178891584
2023-10-13 01:00:00+00:00,0.214911732,0,0,0.176683227
2023-10-13 02:00:00+00:00,0.216981118,0,0,0.170620907
2023-10-13 03:00:00+00:00,0.227872623,0,0,0.171163322
2023-10-13 04:00:00+00:00,0.237462733,0,0,0.169793543
2023-10-13 05:00:00+00:00,0.245137055,0,0,0.171782142
2023-10-13 06:00:00+00:00,0.236245119,0,0.012827896,0.189731423
2023-10-13 07:00:00+00:00,0.227529122,0,0.174014459,0.188260339
2023-10-13 08:00:00+00:00,0.210404325,0,0.384506089,0.180712864
2023-10-13 09:00:00+00:00,0.206636981,0,0.460266645,0.187470627
2023-10-13 10:00:00+00:00,0.241696456,0,0.479521211,0.185529959
2023-10-13 11:00:00+00:00,0.265437144,0,0.479503036,0.192010835
2023-10-13 12:00:00+00:00,0.262298157,0,0.464828563,0.199946176
2023-10-13 13:00:00+00:00,0.247172928,0,0.418605973,0.202942322
2023-10-13 14:00:00+00:00,0.22590936,0,0.346731225,0.201543117
2023-10-13 15:00:00+00:00,0.209879299,0,0.223842965,0.19960571
2023-10-13 16:00:00+00:00,0.186543551,0,0.10004959,0.18926893
2023-10-13 17:00:00+00:00,0.185166753,0,0.011537473,0.20750492
2023-10-13 18:00:00+00:00,0.174169126,0,0,0.228663509
2023-10-13 19:00:00+00:00,0.168851838,0,0,0.235208605
2023-10-13 20:00:00+00:00,0.13833049,0,0,0.234595667
2023-10-13 21:00:00+00:00,0.10965232,0,0,0.21192911
2023-10-13 22:00:00+00:00,0.083278122,0,0,0.145429492
2023-10-13 23:00:00+00:00,0.069350959,0,0,0.128431032
2023-10-14 00:00:00+00:00,0.073590268,0,0,0.126106803
2023-10-14 01:00:00+00:00,0.068630444,0,0,0.125212709
2023-10-14 02:00:00+00:00,0.092871024,0,0,0.123776162
2023-10-14 03:00:00+00:00,0.135107721,0,0,0.121351271
2023-10-14 04:00:00+00:00,0.16787998,0,0,0.120022937
2023-10-14 05:00:00+00:00,0.194371471,0,0,0.121089298
2023-10-14 06:00:00+00:00,0.181340763,0,0.00332602,0.127629172
2023-10-14 07:00:00+00:00,0.162216398,0,0.059966505,0.148251832
2023-10-14 08:00:00+00:00,0.127344033,0,0.175304882,0.15211294
2023-10-14 09:00:00+00:00,0.104999692,0,0.265332792,0.145128823
2023-10-14 10:00:00+00:00,0.084976079,0,0.318847182,0.147120335
2023-10-14 11:00:00+00:00,0.068890165,0,0.341398688,0.146226259
2023-10-14 12:00:00+00:00,0.054010693,0,0.364215549,0.14912493
2023-10-14 13:00:00+00:00,0.059392214,0,0.363841145,0.168641927
2023-10-14 14:00:00+00:00,0.070987477,0,0.371311058,0.168533514
2023-10-14 15:00:00+00:00,0.081770067,0,0.325015768,0.16811166
2023-10-14 16:00:00+00:00,0.086126669,0,0.172993026,0.170312487
2023-10-14 17:00:00+00:00,0.093569198,0,0.022089862,0.19196829
2023-10-14 18:00:00+00:00,0.113564883,0,0,0.204251198
2023-10-14 19:00:00+00:00,0.123987216,0,0,0.204422146
2023-10-14 20:00:00+00:00,0.134116315,0,0,0.15149588
2023-10-14 21:00:00+00:00,0.150403304,0,0,0.135003666
2023-10-14 22:00:00+00:00,0.15590491,0,0,0.158041745
2023-10-14 23:00:00+00:00,0.149506849,0,0,0.184469974
2023-10-15 00:00:00+00:00,0.127237911,0,0,0.190261526
2023-10-15 01:00:00+00:00,0.117360154,0,0,0.18599641
2023-10-15 02:00:00+00:00,0.11817562,0,0,0.176781398
2023-10-15 03:00:00+00:00,0.11539689,0,0,0.179477094
2023-10-15 04:00:00+00:00,0.102491853,0,0,0.180742271
2023-10-15 05:00:00+00:00,0.093362538,0,0,0.160325719
2023-10-15 06:00:00+00:00,0.080773076,0,0.01005803,0.179744564
2023-10-15 07:00:00+00:00,0.057571378,0,0.134363939,0.197814113
2023-10-15 08:00:00+00:00,0.043644215,0,0.281781143,0.192319457
2023-10-15 09:00:00+00:00,0.039628322,0,0.375433142,0.152383598
2023-10-15 10:00:00+00:00,0.031956792,0,0.438318548,0.14509194
2023-10-15 11:00:00+00:00,0.032702442,0,0.462752981,0.15196834
2023-10-15 12:00:00+00:00,0.040552703,0,0.447209745,0.172370289
2023-10-15 13:00:00+00:00,0.050042276,0,0.381409073,0.178591079
2023-10-15 14:00:00+00:00,0.057367511,0,0.30712796,0.165151609
2023-10-15 15:00:00+00:00,0.061849784,0,0.208725022,0.162675305
2023-10-15 16:00:00+00:00,0.065187053,0,0.080675069,0.1617158
2023-10-15 17:00:00+00:00,0.059054298,0,0.009116566,0.193568309
2023-10-15 18:00:00+00:00,0.059850216,0,0,0.204119717
2023-10-15 19:00:00+00:00,0.064044841,0,0,0.184936864
2023-10-15 20:00:00+00:00,0.071473406,0,0,0.168647259
2023-10-15 21:00:00+00:00,0.082119154,0,0,0.158094568
2023-10-15 22:00:00+00:00,0.101405496,0,0,0.152592033
2023-10-15 23:00:00+00:00,0.106504954,0,0,0.157088964
2023-10-16 00:00:00+00:00,0.105312474,0,0,0.116700836
2023-10-16 01:00:00+00:00,0.104664569,0,0,0.107445094
2023-10-16 02:00:00+00:00,0.112685185,0,0,0.107434558
2023-10-16 03:00:00+00:00,0.115916331,0,0,0.115630737
2023-10-16 04:00:00+00:00,0.117837705,0,0,0.155481653
2023-10-16 05:00:00+00:00,0.118410207,0,0,0.188557106
2023-10-16 06:00:00+00:00,0.117857253,0,0.004132989,0.204788776
2023-10-16 07:00:00+00:00,0.119200539,0,0.063103505,0.216509902
2023-10-16 08:00:00+00:00,0.118435341,0,0.177518594,0.197345097
2023-10-16 09:00:00+00:00,0.120697423,0,0.278015288,0.179539426
2023-10-16 10:00:00+00:00,0.121230827,0,0.327400324,0.188928354
2023-10-16 11:00:00+00:00,0.129578188,0,0.372525147,0.17240851
2023-10-16 12:00:00+00:00,0.145962921,0,0.37393916,0.163965053
2023-10-16 13:00:00+00:00,0.151017697,0,0.344372114,0.173300607
2023-10-16 14:00:00+00:00,0.154514149,0,0.277255574,0.201430507
2023-10-16 15:00:00+00:00,0.157929613,0,0.202941746,0.201218444
2023-10-16 16:00:00+00:00,0.158798141,0,0.0869418,0.200019063
2023-10-16 17:00:00+00:00,0.159479558,0,0.009749055,0.233938078
2023-10-16 18:00:00+00:00,0.175615741,0,0,0.241096954
2023-10-16 19:00:00+00:00,0.186018525,0,0,0.226538647
2023-10-16 20:00:00+00:00,0.203525921,0,0,0.229253929
2023-10-16 21:00:00+00:00,0.222158772,0,0,0.207934103
2023-10-16 22:00:00+00:00,0.226875632,0,0,0.140588102
2023-10-16 23:00:00+00:00,0.241609883,0,0,0.122538157
2023-10-17 00:00:00+00:00,0.26050804,0,0,0.119861443
2023-10-17 01:00:00+00:00,0.271930157,0,0,0.120438378
2023-10-17 02:00:00+00:00,0.287035836,0,0,0.124872976
2023-10-17 03:00:00+00:00,0.314284147,0,0,0.122169511
2023-10-17 04:00:00+00:00,0.330227635,0,0,0.139544991
2023-10-17 05:00:00+00:00,0.340809151,0,0,0.158673262
2023-10-17 06:00:00+00:00,0.355373047,0,0.004100274,0.188245443
2023-10-17 07:00:00+00:00,0.368509878,0,0.085862206,0.169320386
2023-10-17 08:00:00+00:00,0.37243082,0,0.237735914,0.183053582
2023-10-17 09:00:00+00:00,0.399299324,0,0.294950728,0.182833604
2023-10-17 10:00:00+00:00,0.43978221,0,0.32699684,0.174499769
2023-10-17 11:00:00+00:00,0.466474775,0,0.371111134,0.156225358
2023-10-17 12:00:00+00:00,0.496110839,0,0.374124544,0.12382501
2023-10-17 13:00:00+00:00,0.527453239,0,0.35330693,0.120440247
2023-10-17 14:00:00+00:00,0.558242685,0,0.269654801,0.129676329
2023-10-17 15:00:00+00:00,0.567344074,0,0.199782936,0.167364437
2023-10-17 16:00:00+00:00,0.56393978,0,0.083299535,0.165478407
2023-10-17 17:00:00+00:00,0.543382763,0,0.007706188,0.156457978
2023-10-17 18:00:00+00:00,0.531586425,0,0,0.204604417
2023-10-17 19:00:00+00:00,0.534446144,0,0,0.213339401
2023-10-17 20:00:00+00:00,0.527587288,0,0,0.214488268
2023-10-17 21:00:00+00:00,0.52516323,0,0,0.223114033
2023-10-17 22:00:00+00:00,0.532926918,0,0,0.227931953
2023-10-17 23:00:00+00:00,0.542416491,0,0,0.229981657
2023-10-18 00:00:00+00:00,0.533331859,0,0,0.233015803
2023-10-18 01:00:00+00:00,0.511749923,0,0,0.227892651
2023-10-18 02:00:00+00:00,0.519072366,0,0,0.224321696
2023-10-18 03:00:00+00:00,0.51055465,0,0,0.2252218
2023-10-18 04:00:00+00:00,0.494136405,0,0,0.237823059
2023-10-18 05:00:00+00:00,0.50406443,0,0,0.259482857
2023-10-18 06:00:00+00:00,0.486193984,0,0.004383803,0.274327964
2023-10-18 07:00:00+00:00,0.481697748,0,0.074419243,0.276437271
2023-10-18 08:00:00+00:00,0.48984962,0,0.225329677,0.269309176
2023-10-18 09:00:00+00:00,0.513151855,0,0.292966021,0.258576597
2023-10-18 10:00:00+00:00,0.543086737,0,0.336520526,0.258317592
2023-10-18 11:00:00+00:00,0.548191781,0,0.365022518,0.26988186
2023-10-18 12:00:00+00:00,0.545248282,0,0.367937784,0.271860602
2023-10-18 13:00:00+00:00,0.552238394,0,0.368817452,0.268175718
2023-10-18 14:00:00+00:00,0.555017124,0,0.332220327,0.263838229
2023-10-18 15:00:00+00:00,0.534733791,0,0.260709079,0.250485002
2023-10-18 16:00:00+00:00,0.518801474,0,0.10016591,0.264899515
2023-10-18 17:00:00+00:00,0.507407285,0,0.008055148,0.283276092
2023-10-18 18:00:00+00:00,0.498169054,0,0,0.284533373
2023-10-18 19:00:00+00:00,0.534655596,0,0,0.268683339
2023-10-18 20:00:00+00:00,0.534633254,0,0,0.273664035
2023-10-18 21:00:00+00:00,0.517078382,0,0,0.274493855
2023-10-18 22:00:00+00:00,0.525635195,0,0,0.273694414
2023-10-18 23:00:00+00:00,0.50412587,0,0,0.273610351
2023-10-19 00:00:00+00:00,0.503327159,0,0,0.272252847
2023-10-19 01:00:00+00:00,0.502709974,0,0,0.273590801
2023-10-19 02:00:00+00:00,0.507586017,0,0,0.266197746
2023-10-19 03:00:00+00:00,0.527668276,0,0,0.27330041
2023-10-19 04:00:00+00:00,0.538238621,0,0,0.285185173
2023-10-19 05:00:00+00:00,0.524372898,0,0,0.295013141
2023-10-19 06:00:00+00:00,0.509010291,0,0.001777512,0.30724896
2023-10-19 07:00:00+00:00,0.480851562,0,0.030646639,0.321141176
2023-10-19 08:00:00+00:00,0.494424052,0,0.076084071,0.311085589
2023-10-19 09:00:00+00:00,0.529070208,0,0.115927246,0.313389223
2023-10-19 10:00:00+00:00,0.551545806,0,0.144578273,0.347328484
2023-10-19 11:00:00+00:00,0.560658365,0,0.147453554,0.348440926
2023-10-19 12:00:00+00:00,0.555799078,0,0.135338117,0.346701914
2023-10-19 13:00:00+00:00,0.580170915,0,0.117134064,0.344164854
2023-10-19 14:00:00+00:00,0.573929245,0,0.07673837,0.368988392
2023-10-19 15:00:00+00:00,0.613289468,0,0.040257565,0.375329322
2023-10-19 16:00:00+00:00,0.601920412,0,0.022987706,0.37119816
2023-10-19 17:00:00+00:00,0.597689482,0,0.002457256,0.387630515
2023-10-19 18:00:00+00:00,0.588306031,0,0,0.410168449
2023-10-19 19:00:00+00:00,0.584214735,0,0,0.394933222
2023-10-19 20:00:00+00:00,0.573957172,0,0,0.373916667
2023-10-19 21:00:00+00:00,0.564774796,0,0,0.375547651
2023-10-19 22:00:00+00:00,0.549099407,0,0,0.374516523
2023-10-19 23:00:00+00:00,0.548119171,0,0,0.380789202
2023-10-20 00:00:00+00:00,0.544712085,0,0,0.376036638
2023-10-20 01:00:00+00:00,0.555335491,0,0,0.375888777
2023-10-20 02:00:00+00:00,0.554522817,0,0,0.370489616
2023-10-20 03:00:00+00:00,0.563196924,0,0,0.374705555
2023-10-20 04:00:00+00:00,0.579176716,0,0,0.37282766
2023-10-20 05:00:00+00:00,0.592659841,0,0,0.379475745
2023-10-20 06:00:00+00:00,0.593338465,0,0.004670968,0.371832096
2023-10-20 07:00:00+00:00,0.59069937,0,0.089159146,0.37030511
2023-10-20 08:00:00+00:00,0.603246942,0,0.220240685,0.377967522
2023-10-20 09:00:00+00:00,0.587797761,0,0.315321237,0.381925262
2023-10-20 10:00:00+00:00,0.585513338,0,0.337000345,0.398263018
2023-10-20 11:00:00+00:00,0.590833419,0,0.362954206,0.396580696
2023-10-20 12:00:00+00:00,0.559633447,0,0.364982533,0.399892243
2023-10-20 13:00:00+00:00,0.514969899,0,0.394160634,0.433260506
2023-10-20 14:00:00+00:00,0.519041646,0,0.350809689,0.443917359
2023-10-20 15:00:00+00:00,0.592654255,0,0.281835668,0.438711646
2023-10-20 16:00:00+00:00,0.603277662,0,0.139078527,0.439492179
2023-10-20 17:00:00+00:00,0.603609992,0,0.013998364,0.455653894
2023-10-20 18:00:00+00:00,0.589384011,0,0,0.462575826
2023-10-20 19:00:00+00:00,0.582123008,0,0,0.449997708
2023-10-20 20:00:00+00:00,0.557790269,0,0,0.457934991
2023-10-20 21:00:00+00:00,0.531918756,0,0,0.462961695
2023-10-20 22:00:00+00:00,0.503084195,0,0,0.458548827
2023-10-20 23:00:00+00:00,0.471370367,0,0,0.450271187
2023-10-21 00:00:00+00:00,0.454189716,0,0,0.439002312
2023-10-21 01:00:00+00:00,0.442527428,0,0,0.423836784
2023-10-21 02:00:00+00:00,0.428583509,0,0,0.41536042
2023-10-21 03:00:00+00:00,0.407945504,0,0,0.410147012
2023-10-21 04:00:00+00:00,0.405594056,0,0,0.408310012
2023-10-21 05:00:00+00:00,0.384196438,0,0,0.411132645
2023-10-21 06:00:00+00:00,0.34354599,0,0.004765478,0.410744064
2023-10-21 07:00:00+00:00,0.29960575,0,0.122190342,0.389995199
2023-10-21 08:00:00+00:00,0.272843368,0,0.328389043,0.378722
2023-10-21 09:00:00+00:00,0.27158107,0,0.439587161,0.379561127
2023-10-21 10:00:00+00:00,0.255830278,0,0.471451523,0.380076939
2023-10-21 11:00:00+00:00,0.246457999,0,0.482214742,0.389747114
2023-10-21 12:00:00+00:00,0.233136851,0,0.477761874,0.392457944
2023-10-21 13:00:00+00:00,0.217980903,0,0.45377818,0.391814939
2023-10-21 14:00:00+00:00,0.192366317,0,0.4068504,0.399383064
2023-10-21 15:00:00+00:00,0.168661935,0,0.31032312,0.400147949
2023-10-21 16:00:00+00:00,0.120845435,0,0.124629423,0.421738745
2023-10-21 17:00:00+00:00,0.082247618,0,0.00988355,0.440027632
2023-10-21 18:00:00+00:00,0.066614119,0,0,0.446054699
2023-10-21 19:00:00+00:00,0.058065684,0,0,0.445875561
2023-10-21 20:00:00+00:00,0.051022511,0,0,0.436403615
2023-10-21 21:00:00+00:00,0.047729926,0,0,0.42098751
2023-10-21 22:00:00+00:00,0.053689534,0,0,0.404277352
2023-10-21 23:00:00+00:00,0.062358054,0,0,0.401185435
2023-10-22 00:00:00+00:00,0.068116588,0,0,0.404415704
2023-10-22 01:00:00+00:00,0.085601643,0,0,0.401865011
2023-10-22 02:00:00+00:00,0.100199052,0,0,0.396798732
2023-10-22 03:00:00+00:00,0.10684287,0,0,0.392337127
2023-10-22 04:00:00+00:00,0.120247799,0,0,0.392070317
2023-10-22 05:00:00+00:00,0.13940847,0,0,0.38424326
2023-10-22 06:00:00+00:00,0.16946623,0,0.002111932,0.364202115
2023-10-22 07:00:00+00:00,0.197116689,0,0.038872632,0.359664362
2023-10-22 08:00:00+00:00,0.208846002,0,0.134676548,0.346724268
2023-10-22 09:00:00+00:00,0.222035894,0,0.187253109,0.336101073
2023-10-22 10:00:00+00:00,0.25438087,0,0.231356498,0.332268603
2023-10-22 11:00:00+00:00,0.288376329,0,0.251058169,0.342807753
2023-10-22 12:00:00+00:00,0.309181896,0,0.221505663,0.34652624
2023-10-22 13:00:00+00:00,0.319079202,0,0.18668605,0.349814151
2023-10-22 14:00:00+00:00,0.327281343,0,0.120249255,0.349953584
2023-10-22 15:00:00+00:00,0.328205725,0,0.064212179,0.348951058
2023-10-22 16:00:00+00:00,0.33023322,0,0.022780511,0.338708711
2023-10-22 17:00:00+00:00,0.372531357,0,0.002646276,0.352179165
2023-10-22 18:00:00+00:00,0.410983954,0,0,0.37790299
2023-10-22 19:00:00+00:00,0.429840221,0,0,0.372879604
2023-10-22 20:00:00+00:00,0.417946139,0,0,0.348728258
2023-10-22 21:00:00+00:00,0.399802009,0,0,0.330106143
2023-10-22 22:00:00+00:00,0.381222219,0,0,0.335031083
2023-10-22 23:00:00+00:00,0.342526657,0,0,0.333012069
2023-10-23 00:00:00+00:00,0.320185109,0,0,0.331690514
2023-10-23 01:00:00+00:00,0.302864823,0,0,0.33567876
2023-10-23 02:00:00+00:00,0.294883305,0,0,0.351874317
2023-10-23 03:00:00+00:00,0.278833695,0,0,0.365005294
2023-10-23 04:00:00+00:00,0.253428562,0,0,0.37382949
2023-10-23 05:00:00+00:00,0.245550373,0,0,0.383806602
2023-10-23 06:00:00+00:00,0.217634609,0,0.00302795,0.391980171
2023-10-23 07:00:00+00:00,0.183946346,0,0.060715314,0.394981263
2023-10-23 08:00:00+00:00,0.161236162,0,0.172396887,0.398611033
2023-10-23 09:00:00+00:00,0.159599644,0,0.250211215,0.401046331
2023-10-23 10:00:00+00:00,0.148970652,0,0.274565678,0.401957301
2023-10-23 11:00:00+00:00,0.145342943,0,0.288422278,0.405947783
2023-10-23 12:00:00+00:00,0.143890743,0,0.274271244,0.409485758
2023-10-23 13:00:00+00:00,0.143293106,0,0.239466171,0.419348666
2023-10-23 14:00:00+00:00,0.141977748,0,0.215195312,0.41919474
2023-10-23 15:00:00+00:00,0.134250365,0,0.158652972,0.419257366
2023-10-23 16:00:00+00:00,0.136347677,0,0.075211672,0.427172901
2023-10-23 17:00:00+00:00,0.158208883,0,0.008992977,0.436573353
2023-10-23 18:00:00+00:00,0.155108993,0,0,0.445740177
2023-10-23 19:00:00+00:00,0.155162054,0,0,0.447922865
2023-10-23 20:00:00+00:00,0.170197916,0,0,0.439594381
2023-10-23 21:00:00+00:00,0.20127501,0,0,0.422044307
2023-10-23 22:00:00+00:00,0.231533844,0,0,0.410894014
2023-10-23 23:00:00+00:00,0.261664215,0,0,0.404551692
2023-10-24 00:00:00+00:00,0.285597599,0,0,0.402360594
2023-10-24 01:00:00+00:00,0.30429189,0,0,0.400699379
2023-10-24 02:00:00+00:00,0.329158033,0,0,0.406029244
2023-10-24 03:00:00+00:00,0.360422237,0,0,0.408592433
2023-10-24 04:00:00+00:00,0.369034904,0,0,0.408221735
2023-10-24 05:00:00+00:00,0.391072049,0,0,0.415253857
2023-10-24 06:00:00+00:00,0.387058949,0,0.004005764,0.421183523
2023-10-24 07:00:00+00:00,0.394227793,0,0.128704252,0.409825344
2023-10-24 08:00:00+00:00,0.406571498,0,0.346364091,0.393050306
2023-10-24 09:00:00+00:00,0.425452899,0,0.439863421,0.375538087
2023-10-24 10:00:00+00:00,0.426374488,0,0.45673343,0.388372076
2023-10-24 11:00:00+00:00,0.425871804,0,0.447115235,0.409775874
2023-10-24 12:00:00+00:00,0.433576845,0,0.412728186,0.421209467
2023-10-24 13:00:00+00:00,0.461559634,0,0.364757163,0.420115347
2023-10-24 14:00:00+00:00,0.513824894,0,0.308483813,0.415837168
2023-10-24 15:00:00+00:00,0.523169247,0,0.185115733,0.439318263
2023-10-24 16:00:00+00:00,0.49980278,0,0.067011125,0.44538498
2023-10-24 17:00:00+00:00,0.48346273,0,0.004441963,0.463596894
2023-10-24 18:00:00+00:00,0.493586244,0,0,0.470841446
2023-10-24 19:00:00+00:00,0.52216667,0,0,0.470484105
2023-10-24 20:00:00+00:00,0.525087827,0,0,0.467625615
2023-10-24 21:00:00+00:00,0.52725775,0,0,0.435221676
2023-10-24 22:00:00+00:00,0.531564084,0,0,0.433991403
2023-10-24 23:00:00+00:00,0.536096625,0,0,0.415461742
2023-10-25 00:00:00+00:00,0.539500919,0,0,0.407251346
2023-10-25 01:00:00+00:00,0.548004671,0,0,0.396946886
2023-10-25 02:00:00+00:00,0.543712301,0,0,0.39815957
2023-10-25 03:00:00+00:00,0.536244638,0,0,0.406939353
2023-10-25 04:00:00+00:00,0.557659012,0,0,0.395064429
2023-10-25 05:00:00+00:00,0.57187103,0,0,0.41651766
2023-10-25 06:00:00+00:00,0.573393048,0,0.002224617,0.416113469
2023-10-25 07:00:00+00:00,0.554207243,0,0.073935789,0.412626247
2023-10-25 08:00:00+00:00,0.559155896,0,0.18346908,0.408713397
2023-10-25 09:00:00+00:00,0.560284144,0,0.249705951,0.40225066
2023-10-25 10:00:00+00:00,0.531234546,0,0.306251926,0.386754835
2023-10-25 11:00:00+00:00,0.543871484,0,0.32331459,0.397378708
2023-10-25 12:00:00+00:00,0.530631324,0,0.295572312,0.376930073
2023-10-25 13:00:00+00:00,0.518781925,0,0.294256444,0.367579402
2023-10-25 14:00:00+00:00,0.539330565,0,0.258866137,0.386326916
2023-10-25 15:00:00+00:00,0.539565151,0,0.188718012,0.412973089
2023-10-25 16:00:00+00:00,0.532248294,0,0.07983175,0.419412483
2023-10-25 17:00:00+00:00,0.531929927,0,0.005815991,0.450247845
2023-10-25 18:00:00+00:00,0.538959136,0,0,0.468274263
2023-10-25 19:00:00+00:00,0.546091676,0,0,0.470987768
2023-10-25 20:00:00+00:00,0.533689324,0,0,0.456284953
2023-10-25 21:00:00+00:00,0.531198241,0,0,0.427296852
2023-10-25 22:00:00+00:00,0.536118967,0,0,0.405625144
2023-10-25 23:00:00+00:00,0.530726276,0,0,0.404621207
2023-10-26 00:00:00+00:00,0.521502009,0,0,0.409466629
2023-10-26 01:00:00+00:00,0.499534681,0,0,0.412588979
2023-10-26 02:00:00+00:00,0.495130604,0,0,0.416420735
2023-10-26 03:00:00+00:00,0.475813542,0,0,0.418697032
2023-10-26 04:00:00+00:00,0.467480145,0,0,0.412187939
2023-10-26 05:00:00+00:00,0.486157679,0,0,0.419344397
2023-10-26 06:00:00+00:00,0.490762831,0,0.001417648,0.42738381
2023-10-26 07:00:00+00:00,0.517815653,0,0.043350945,0.437584326
2023-10-26 08:00:00+00:00,0.51545862,0,0.11340456,0.444032717
2023-10-26 09:00:00+00:00,0.5395847,0,0.184726788,0.449315676
2023-10-26 10:00:00+00:00,0.558686724,0,0.22358488,0.46871389
2023-10-26 11:00:00+00:00,0.579402924,0,0.243170231,0.46387118
2023-10-26 12:00:00+00:00,0.611273143,0,0.232265247,0.476613979
2023-10-26 13:00:00+00:00,0.632785262,0,0.201509558,0.504579473
2023-10-26 14:00:00+00:00,0.646731973,0,0.146522995,0.490973727
2023-10-26 15:00:00+00:00,0.636446483,0,0.098980902,0.493384986
2023-10-26 16:00:00+00:00,0.63542715,0,0.044186994,0.497740963
2023-10-26 17:00:00+00:00,0.640171936,0,0.003707694,0.515449763
2023-10-26 18:00:00+00:00,0.66020672,0,0,0.555060253
2023-10-26 19:00:00+00:00,0.646332618,0,0,0.566648469
2023-10-26 20:00:00+00:00,0.598393241,0,0,0.561140712
2023-10-26 21:00:00+00:00,0.551079426,0,0,0.549765164
2023-10-26 22:00:00+00:00,0.526073648,0,0,0.543098866
2023-10-26 23:00:00+00:00,0.519494062,0,0,0.539753863
2023-10-27 00:00:00+00:00,0.509577207,0,0,0.531170789
2023-10-27 01:00:00+00:00,0.494778724,0,0,0.524909324
2023-10-27 02:00:00+00:00,0.495529959,0,0,0.514423967
2023-10-27 03:00:00+00:00,0.500498161,0,0,0.4932457
2023-10-27 04:00:00+00:00,0.510912115,0,0,0.473421711
2023-10-27 05:00:00+00:00,0.510571406,0,0,0.504710661
2023-10-27 06:00:00+00:00,0.523350772,0,0.001181373,0.525121661
2023-10-27 07:00:00+00:00,0.537375679,0,0.05973023,0.531751351
2023-10-27 08:00:00+00:00,0.526271929,0,0.209862775,0.523467116
2023-10-27 09:00:00+00:00,0.533650226,0,0.307724099,0.536254145
2023-10-27 10:00:00+00:00,0.496063363,0,0.356672935,0.531124617
2023-10-27 11:00:00+00:00,0.479005591,0,0.374840638,0.532111825
2023-10-27 12:00:00+00:00,0.461981331,0,0.35688013,0.546128652
2023-10-27 13:00:00+00:00,0.457353838,0,0.347472764,0.547100965
2023-10-27 14:00:00+00:00,0.471328477,0,0.314099879,0.543238812
2023-10-27 15:00:00+00:00,0.516612002,0,0.247470429,0.535190752
2023-10-27 16:00:00+00:00,0.492608801,0,0.105160392,0.551619479
2023-10-27 17:00:00+00:00,0.461439549,0,0.004867258,0.564861581
2023-10-27 18:00:00+00:00,0.445577049,0,0,0.571795971
2023-10-27 19:00:00+00:00,0.452849223,0,0,0.576761313
2023-10-27 20:00:00+00:00,0.450785423,0,0,0.560968958
2023-10-27 21:00:00+00:00,0.446046222,0,0,0.539659026
2023-10-27 22:00:00+00:00,0.440287688,0,0,0.530598747
2023-10-27 23:00:00+00:00,0.429334744,0,0,0.531694222
2023-10-28 00:00:00+00:00,0.418747642,0,0,0.525868884
2023-10-28 01:00:00+00:00,0.395649274,0,0,0.516858295
2023-10-28 02:00:00+00:00,0.395238748,0,0,0.514810166
2023-10-28 03:00:00+00:00,0.381696977,0,0,0.515447565
2023-10-28 04:00:00+00:00,0.390382254,0,0,0.513268065
2023-10-28 05:00:00+00:00,0.411629066,0,0,0.510387368
2023-10-28 06:00:00+00:00,0.413223694,0,0.002155552,0.512447351
2023-10-28 07:00:00+00:00,0.403418547,0,0.096647235,0.489710602
2023-10-28 08:00:00+00:00,0.363052955,0,0.274798318,0.481662889
2023-10-28 09:00:00+00:00,0.323634085,0,0.360340645,0.48382731
2023-10-28 10:00:00+00:00,0.327161257,0,0.371812688,0.500413407
2023-10-28 11:00:00+00:00,0.339901525,0,0.362656136,0.499960699
2023-10-28 12:00:00+00:00,0.349483257,0,0.352078302,0.495161852
2023-10-28 13:00:00+00:00,0.333542562,0,0.33714938,0.487829243
2023-10-28 14:00:00+00:00,0.355669073,0,0.292071812,0.474677562
2023-10-28 15:00:00+00:00,0.347855116,0,0.254525954,0.478963272
2023-10-28 16:00:00+00:00,0.401335198,0,0.106901555,0.494223234
2023-10-28 17:00:00+00:00,0.444739241,0,0.006975555,0.496989215
2023-10-28 18:00:00+00:00,0.45904621,0,0,0.502926283
2023-10-28 19:00:00+00:00,0.466458019,0,0,0.496391741
2023-10-28 20:00:00+00:00,0.45954331,0,0,0.492083182
2023-10-28 21:00:00+00:00,0.456781336,0,0,0.478528593
2023-10-28 22:00:00+00:00,0.435411645,0,0,0.459572699
2023-10-28 23:00:00+00:00,0.393043691,0,0,0.453547152
2023-10-29 00:00:00+00:00,0.361607736,0,0,0.452679112
2023-10-29 01:00:00+00:00,0.355366066,0,0,0.452975385
2023-10-29 02:00:00+00:00,0.354713972,0,0,0.455969002
2023-10-29 03:00:00+00:00,0.327147294,0,0,0.469636458
2023-10-29 04:00:00+00:00,0.329018398,0,0,0.468344401
2023-10-29 05:00:00+00:00,0.319858364,0,0,0.475415843
2023-10-29 06:00:00+00:00,0.325231506,0,0.002333667,0.47783183
2023-10-29 07:00:00+00:00,0.335193044,0,0.070308065,0.468735382
2023-10-29 08:00:00+00:00,0.304305853,0,0.182593046,0.480705106
2023-10-29 09:00:00+00:00,0.291685671,0,0.255801837,0.493793282
2023-10-29 10:00:00+00:00,0.301041194,0,0.291966397,0.515429096
2023-10-29 11:00:00+00:00,0.308151392,0,0.307335154,0.520578559
2023-10-29 12:00:00+00:00,0.302993287,0,0.295408737,0.524076847
2023-10-29 13:00:00+00:00,0.329325595,0,0.271530458,0.530648932
2023-10-29 14:00:00+00:00,0.31475332,0,0.214351994,0.532465557
2023-10-29 15:00:00+00:00,0.29567643,0,0.125232832,0.530908486
2023-10-29 16:00:00+00:00,0.283486323,0,0.043957989,0.519783973
2023-10-29 17:00:00+00:00,0.282349696,0,0.002886186,0.517452617
2023-10-29 18:00:00+00:00,0.26992221,0,0,0.543371833
2023-10-29 19:00:00+00:00,0.284435838,0,0,0.555808245
2023-10-29 20:00:00+00:00,0.303300483,0,0,0.553979637
2023-10-29 21:00:00+00:00,0.31865192,0,0,0.524541319
2023-10-29 22:00:00+00:00,0.3256923,0,0,0.520025113
2023-10-29 23:00:00+00:00,0.331495518,0,0,0.514144368
2023-10-30 00:00:00+00:00,0.36169012,0,0,0.502732689
2023-10-30 01:00:00+00:00,0.376924264,0,0,0.506700543
2023-10-30 02:00:00+00:00,0.378172598,0,0,0.503138895
2023-10-30 03:00:00+00:00,0.374341022,0,0,0.50105971
2023-10-30 04:00:00+00:00,0.361246082,0,0,0.505626486
2023-10-30 05:00:00+00:00,0.36453029,0,0,0.510368459
2023-10-30 06:00:00+00:00,0.379303639,0,0.000323515,0.537696041
2023-10-30 07:00:00+00:00,0.358422669,0,0.046509755,0.55122443
2023-10-30 08:00:00+00:00,0.324396491,0,0.219779041,0.526850046
2023-10-30 09:00:00+00:00,0.344534604,0,0.34010463,0.503237836
2023-10-30 10:00:00+00:00,0.368261328,0,0.368617528,0.493355854
2023-10-30 11:00:00+00:00,0.380892681,0,0.387828474,0.528120482
2023-10-30 12:00:00+00:00,0.438282534,0,0.375564002,0.540129654
2023-10-30 13:00:00+00:00,0.467787341,0,0.373644725,0.538300954
2023-10-30 14:00:00+00:00,0.494203429,0,0.343074421,0.547253168
2023-10-30 15:00:00+00:00,0.505019532,0,0.282435442,0.543657332
2023-10-30 16:00:00+00:00,0.560781244,0,0.108551842,0.553813655
2023-10-30 17:00:00+00:00,0.566305192,0,0.004634618,0.592719558
2023-10-30 18:00:00+00:00,0.529408124,0,0,0.616659446
2023-10-30 19:00:00+00:00,0.512126937,0,0,0.624023551
2023-10-30 20:00:00+00:00,0.509297938,0,0,0.62227426
2023-10-30 21:00:00+00:00,0.4947117,0,0,0.610744218
2023-10-30 22:00:00+00:00,0.470596791,0,0,0.58426355
2023-10-30 23:00:00+00:00,0.443376407,0,0,0.578024951
2023-10-31 00:00:00+00:00,0.406613389,0,0,0.572970948
2023-10-31 01:00:00+00:00,0.36814962,0,0,0.574415483
2023-10-31 02:00:00+00:00,0.348489058,0,0,0.574976367
2023-10-31 03:00:00+00:00,0.306324971,0,0,0.572763832
2023-10-31 04:00:00+00:00,0.270352285,0,0,0.573288328
2023-10-31 05:00:00+00:00,0.254257992,0,0,0.578648461
2023-10-31 06:00:00+00:00,0.24373233,0,0.000861494,0.584781615
2023-10-31 07:00:00+00:00,0.230042546,0,0.039265211,0.586587229
2023-10-31 08:00:00+00:00,0.214294547,0,0.114844018,0.587959152
2023-10-31 09:00:00+00:00,0.211247719,0,0.15691908,0.588726823
2023-10-31 10:00:00+00:00,0.190707457,0,0.200826179,0.587050437
2023-10-31 11:00:00+00:00,0.179433354,0,0.241981587,0.586105296
2023-10-31 12:00:00+00:00,0.168717788,0,0.252548516,0.59439294
2023-10-31 13:00:00+00:00,0.160105121,0,0.215253472,0.596259072
2023-10-31 14:00:00+00:00,0.163855709,0,0.165872071,0.601462293
2023-10-31 15:00:00+00:00,0.168675898,0,0.11323735,0.604818656
2023-10-31 16:00:00+00:00,0.179469659,0,0.044070674,0.59774071
2023-10-31 17:00:00+00:00,0.212331284,0,0.002119202,0.61336908
2023-10-31 18:00:00+00:00,0.253886564,0,0,0.619222561
2023-10-31 19:00:00+00:00,0.292132502,0,0,0.612688734
2023-10-31 20:00:00+00:00,0.312290164,0,0,0.601797446
2023-10-31 21:00:00+00:00,0.318744079,0,0,0.595622114
2023-10-31 22:00:00+00:00,0.325633654,0,0,0.588910798
2023-10-31 23:00:00+00:00,0.327138916,0,0,0.571755845
2023-11-01 00:00:00+00:00,0.324857618,0,0,0.558404451
2023-11-01 01:00:00+00:00,0.344116805,0,0,0.556873288
2023-11-01 02:00:00+00:00,0.367237867,0,0,0.559650335
2023-11-01 03:00:00+00:00,0.360423121,0,0,0.553198298
2023-11-01 04:00:00+00:00,0.370974267,0,0,0.55159304
2023-11-01 05:00:00+00:00,0.404889062,0,0,0.543622666
2023-11-01 06:00:00+00:00,0.442130368,0,0.001473475,0.540681084
2023-11-01 07:00:00+00:00,0.434760738,0,0.058283718,0.555985184
2023-11-01 08:00:00+00:00,0.396264671,0,0.161781149,0.5683366
2023-11-01 09:00:00+00:00,0.40621632,0,0.212881677,0.56722216
2023-11-01 10:00:00+00:00,0.431219524,0,0.229235121,0.547691586
2023-11-01 11:00:00+00:00,0.441076369,0,0.249559155,0.534930941
2023-11-01 12:00:00+00:00,0.430168313,0,0.258350415,0.546291684
2023-11-01 13:00:00+00:00,0.434562765,0,0.239857599,0.545790879
2023-11-01 14:00:00+00:00,0.432853502,0,0.212509766,0.540643413
2023-11-01 15:00:00+00:00,0.445038625,0,0.147938987,0.533665965
2023-11-01 16:00:00+00:00,0.465290467,0,0.055273012,0.547234809
2023-11-01 17:00:00+00:00,0.467822296,0,0.003456998,0.548638559
2023-11-01 18:00:00+00:00,0.46754346,0,0,0.533315055
2023-11-01 19:00:00+00:00,0.469350316,0,0,0.540686581
2023-11-01 20:00:00+00:00,0.482968655,0,0,0.536321058
2023-11-01 21:00:00+00:00,0.475638063,0,0,0.510157093
2023-11-01 22:00:00+00:00,0.458174578,0,0,0.49033085
2023-11-01 23:00:00+00:00,0.46768009,0,0,0.474208876
2023-11-02 00:00:00+00:00,0.445378805,0,0,0.45705801
2023-11-02 01:00:00+00:00,0.382509703,0,0,0.452189685
2023-11-02 02:00:00+00:00,0.358839334,0,0,0.452748078
2023-11-02 03:00:00+00:00,0.363755209,0,0,0.453921588
2023-11-02 04:00:00+00:00,0.380750249,0,0,0.455771285
2023-11-02 05:00:00+00:00,0.474157445,0,0,0.475334089
2023-11-02 06:00:00+00:00,0.53973683,0,0,0.513038247
2023-11-02 07:00:00+00:00,0.567202154,0,0.032752934,0.524221795
2023-11-02 08:00:00+00:00,0.544164742,0,0.094327176,0.535976305
2023-11-02 09:00:00+00:00,0.55495011,0,0.157279258,0.540412845
2023-11-02 10:00:00+00:00,0.545059805,0,0.201876663,0.55695244
2023-11-02 11:00:00+00:00,0.516704995,0,0.244338237,0.575752832
2023-11-02 12:00:00+00:00,0.501377393,0,0.255226365,0.591514094
2023-11-02 13:00:00+00:00,0.519989681,0,0.249243916,0.602089156
2023-11-02 14:00:00+00:00,0.511886713,0,0.205060927,0.614034658
2023-11-02 15:00:00+00:00,0.559489557,0,0.132106218,0.597544532
2023-11-02 16:00:00+00:00,0.590075053,0,0.046116925,0.609257523
2023-11-02 17:00:00+00:00,0.593078114,0,0.001778087,0.637854937
2023-11-02 18:00:00+00:00,0.602000859,0,0,0.663812409
2023-11-02 19:00:00+00:00,0.616385996,0,0,0.673657014
2023-11-02 20:00:00+00:00,0.617113758,0,0,0.653276282
2023-11-02 21:00:00+00:00,0.61970693,0,0,0.643818132
2023-11-02 22:00:00+00:00,0.571881018,0,0,0.638921665
2023-11-02 23:00:00+00:00,0.512929559,0,0,0.6315309
2023-11-03 00:00:00+00:00,0.493517012,0,0,0.62455151
2023-11-03 01:00:00+00:00,0.472693557,0,0,0.621450267
2023-11-03 02:00:00+00:00,0.473203826,0,0,0.618496336
2023-11-03 03:00:00+00:00,0.478855828,0,0,0.609065084
2023-11-03 04:00:00+00:00,0.483662956,0,0,0.607141455
2023-11-03 05:00:00+00:00,0.496422481,0,0,0.615501509
2023-11-03 06:00:00+00:00,0.562408967,0,0,0.626242627
2023-11-03 07:00:00+00:00,0.570760099,0,0.052683805,0.624324276
2023-11-03 08:00:00+00:00,0.532506619,0,0.187584666,0.613272301
2023-11-03 09:00:00+00:00,0.475749597,0,0.247812946,0.626436221
2023-11-03 10:00:00+00:00,0.478471034,0,0.265165236,0.631487696
2023-11-03 11:00:00+00:00,0.487321282,0,0.273078078,0.634938823
2023-11-03 12:00:00+00:00,0.488467297,0,0.292130531,0.635432354
2023-11-03 13:00:00+00:00,0.47684821,0,0.287175264,0.653027263
2023-11-03 14:00:00+00:00,0.490078967,0,0.256037485,0.671699856
2023-11-03 15:00:00+00:00,0.499930235,0,0.17112142,0.679927109
2023-11-03 16:00:00+00:00,0.550101156,0,0.060401838,0.681858488
2023-11-03 17:00:00+00:00,0.550226632,0,0.001501811,0.690702087
2023-11-03 18:00:00+00:00,0.541632914,0,0,0.696751434
2023-11-03 19:00:00+00:00,0.556740236,0,0,0.684218115
2023-11-03 20:00:00+00:00,0.552069737,0,0,0.680790789
2023-11-03 21:00:00+00:00,0.540238735,0,0,0.664421335
2023-11-03 22:00:00+00:00,0.511434999,0,0,0.641104298
2023-11-03 23:00:00+00:00,0.418064052,0,0,0.632575788
2023-11-04 00:00:00+00:00,0.389935099,0,0,0.630368456
2023-11-04 01:00:00+00:00,0.386379943,0,0,0.62536079
2023-11-04 02:00:00+00:00,0.382604507,0,0,0.622738659
2023-11-04 03:00:00+00:00,0.361178766,0,0,0.61849018
2023-11-04 04:00:00+00:00,0.356513843,0,0,0.601844552
2023-11-04 05:00:00+00:00,0.367382862,0,0,0.582015049
2023-11-04 06:00:00+00:00,0.380616408,0,0,0.576003042
2023-11-04 07:00:00+00:00,0.386544456,0,0.029292394,0.592619372
2023-11-04 08:00:00+00:00,0.392695573,0,0.108427904,0.602447926
2023-11-04 09:00:00+00:00,0.38602861,0,0.197736057,0.593800614
2023-11-04 10:00:00+00:00,0.38731962,0,0.235699283,0.588978242
2023-11-04 11:00:00+00:00,0.390855257,0,0.240201174,0.591872442
2023-11-04 12:00:00+00:00,0.388582746,0,0.247982962,0.589339376
2023-11-04 13:00:00+00:00,0.374456926,0,0.242407844,0.56791546
2023-11-04 14:00:00+00:00,0.378165441,0,0.214691642,0.568155941
2023-11-04 15:00:00+00:00,0.39779548,0,0.133781587,0.578985006
2023-11-04 16:00:00+00:00,0.433394443,0,0.034254745,0.585986933
2023-11-04 17:00:00+00:00,0.475833248,0,0.000750905,0.598476664
2023-11-04 18:00:00+00:00,0.489482259,0,0,0.600600043
2023-11-04 19:00:00+00:00,0.508164256,0,0,0.601638921
2023-11-04 20:00:00+00:00,0.503794899,0,0,0.605346524
2023-11-04 21:00:00+00:00,0.483629496,0,0,0.606811213
2023-11-04 22:00:00+00:00,0.463636971,0,0,0.600997125
2023-11-04 23:00:00+00:00,0.455626019,0,0,0.607040499
2023-11-05 00:00:00+00:00,0.438226667,0,0,0.595467876
2023-11-05 01:00:00+00:00,0.43491131,0,0,0.571169951
2023-11-05 02:00:00+00:00,0.434749585,0,0,0.566291091
2023-11-05 03:00:00+00:00,0.435212452,0,0,0.579732889
2023-11-05 04:00:00+00:00,0.425525697,0,0,0.586723877
2023-11-05 05:00:00+00:00,0.424719862,0,0,0.585145387
2023-11-05 06:00:00+00:00,0.425135327,0,0,0.577722522
2023-11-05 07:00:00+00:00,0.410633079,0,0.067053726,0.583706844
2023-11-05 08:00:00+00:00,0.344744185,0,0.239637994,0.577327016
2023-11-05 09:00:00+00:00,0.312602786,0,0.331411384,0.576465205
2023-11-05 10:00:00+00:00,0.328432293,0,0.350084842,0.569424417
2023-11-05 11:00:00+00:00,0.314830684,0,0.36079587,0.581677074
2023-11-05 12:00:00+00:00,0.333844495,0,0.35228797,0.588967029
2023-11-05 13:00:00+00:00,0.341353542,0,0.33918963,0.573110015
2023-11-05 14:00:00+00:00,0.317677597,0,0.314115766,0.580399236
2023-11-05 15:00:00+00:00,0.35628241,0,0.212368086,0.600188559
2023-11-05 16:00:00+00:00,0.390163745,0,0.065247302,0.619722047
2023-11-05 17:00:00+00:00,0.415677218,0,0.001363673,0.636810965
2023-11-05 18:00:00+00:00,0.409197075,0,0,0.636363277
2023-11-05 19:00:00+00:00,0.411996586,0,0,0.638134756
2023-11-05 20:00:00+00:00,0.420791066,0,0,0.634500149
2023-11-05 21:00:00+00:00,0.410365396,0,0,0.641732241
2023-11-05 22:00:00+00:00,0.394218017,0,0,0.634583827
2023-11-05 23:00:00+00:00,0.383231887,0,0,0.622932839
2023-11-06 00:00:00+00:00,0.372142589,0,0,0.624941776
2023-11-06 01:00:00+00:00,0.362606405,0,0,0.62171158
2023-11-06 02:00:00+00:00,0.329572731,0,0,0.620653391
2023-11-06 03:00:00+00:00,0.341710452,0,0,0.617896865
2023-11-06 04:00:00+00:00,0.336560356,0,0,0.617106493
2023-11-06 05:00:00+00:00,0.311295046,0,0,0.636065318
2023-11-06 06:00:00+00:00,0.295529671,0,0,0.649520857
2023-11-06 07:00:00+00:00,0.265178397,0,0.068743263,0.649021646
2023-11-06 08:00:00+00:00,0.250899217,0,0.294843708,0.612124955
2023-11-06 09:00:00+00:00,0.260028301,0,0.438631464,0.611572902
2023-11-06 10:00:00+00:00,0.244343788,0,0.476059847,0.636378063
2023-11-06 11:00:00+00:00,0.296633861,0,0.481291391,0.635770402
2023-11-06 12:00:00+00:00,0.327498193,0,0.468338273,0.638315488
2023-11-06 13:00:00+00:00,0.347496295,0,0.433633693,0.657859859
2023-11-06 14:00:00+00:00,0.324383597,0,0.403466423,0.654969122
2023-11-06 15:00:00+00:00,0.296014846,0,0.297737528,0.655955854
2023-11-06 16:00:00+00:00,0.288291095,0,0.090696619,0.66973874
2023-11-06 17:00:00+00:00,0.260761639,0,0.002394396,0.690167514
2023-11-06 18:00:00+00:00,0.27403701,0,0,0.698993322
2023-11-06 19:00:00+00:00,0.280310815,0,0,0.700732645
2023-11-06 20:00:00+00:00,0.289155486,0,0,0.698444421
2023-11-06 21:00:00+00:00,0.279117398,0,0,0.689166526
2023-11-06 22:00:00+00:00,0.2774165,0,0,0.680807572
2023-11-06 23:00:00+00:00,0.277756679,0,0,0.668877113
2023-11-07 00:00:00+00:00,0.275135623,0,0,0.656637886
2023-11-07 01:00:00+00:00,0.267119094,0,0,0.652147624
2023-11-07 02:00:00+00:00,0.262691182,0,0,0.649007392
2023-11-07 03:00:00+00:00,0.265016673,0,0,0.646123232
2023-11-07 04:00:00+00:00,0.263416155,0,0,0.648999275
2023-11-07 05:00:00+00:00,0.262194855,0,0,0.660429332
2023-11-07 06:00:00+00:00,0.252271089,0,0,0.669854501
2023-11-07 07:00:00+00:00,0.229194641,0,0.083201734,0.667305787
2023-11-07 08:00:00+00:00,0.200814736,0,0.303454326,0.653497066
2023-11-07 09:00:00+00:00,0.190032156,0,0.411173829,0.63755914
2023-11-07 10:00:00+00:00,0.211948648,0,0.441822812,0.621209291
2023-11-07 11:00:00+00:00,0.214859694,0,0.431504947,0.626968266
2023-11-07 12:00:00+00:00,0.218593305,0,0.446760369,0.635627817
2023-11-07 13:00:00+00:00,0.220966197,0,0.402471119,0.649699885
2023-11-07 14:00:00+00:00,0.225106908,0,0.358468772,0.642148929
2023-11-07 15:00:00+00:00,0.223481296,0,0.249314756,0.648446361
2023-11-07 16:00:00+00:00,0.200728297,0,0.069054959,0.673354475
2023-11-07 17:00:00+00:00,0.192430144,0,0.001406177,0.682018607
2023-11-07 18:00:00+00:00,0.204473061,0,0,0.692874716
2023-11-07 19:00:00+00:00,0.221838953,0,0,0.696038236
2023-11-07 20:00:00+00:00,0.227401727,0,0,0.692183413
2023-11-07 21:00:00+00:00,0.224802977,0,0,0.685941937
2023-11-07 22:00:00+00:00,0.218612823,0,0,0.677393347
2023-11-07 23:00:00+00:00,0.213560319,0,0,0.671783772
2023-11-08 00:00:00+00:00,0.221253398,0,0,0.663278129
2023-11-08 01:00:00+00:00,0.24109814,0,0,0.656051387
2023-11-08 02:00:00+00:00,0.248596034,0,0,0.65209863
2023-11-08 03:00:00+00:00,0.249290335,0,0,0.647976282
2023-11-08 04:00:00+00:00,0.250377795,0,0,0.647962266
2023-11-08 05:00:00+00:00,0.242885477,0,0,0.657803884
2023-11-08 06:00:00+00:00,0.232086168,0,0,0.671887843
2023-11-08 07:00:00+00:00,0.225371802,0,0.044083813,0.667522907
2023-11-08 08:00:00+00:00,0.220745917,0,0.162337244,0.634593117
2023-11-08 09:00:00+00:00,0.224473951,0,0.302728215,0.587876262
2023-11-08 10:00:00+00:00,0.236070731,0,0.361309461,0.586014197
2023-11-08 11:00:00+00:00,0.239731845,0,0.393647981,0.599726872
2023-11-08 12:00:00+00:00,0.249778298,0,0.388327887,0.61573413
2023-11-08 13:00:00+00:00,0.260323867,0,0.372286139,0.606736128
2023-11-08 14:00:00+00:00,0.261363924,0,0.311324665,0.613111174
2023-11-08 15:00:00+00:00,0.251415064,0,0.190921237,0.631938976
2023-11-08 16:00:00+00:00,0.244006397,0,0.047186611,0.663856603
2023-11-08 17:00:00+00:00,0.244092836,0,0.000913838,0.680043676
2023-11-08 18:00:00+00:00,0.241067468,0,0,0.686719502
2023-11-08 19:00:00+00:00,0.267573597,0,0,0.68749844
2023-11-08 20:00:00+00:00,0.289609988,0,0,0.68282076
2023-11-08 21:00:00+00:00,0.312095305,0,0,0.66598163
2023-11-08 22:00:00+00:00,0.344284106,0,0,0.636619423
2023-11-08 23:00:00+00:00,0.357007383,0,0,0.647679167
2023-11-09 00:00:00+00:00,0.37037477,0,0,0.652950913
2023-11-09 01:00:00+00:00,0.385643817,0,0,0.642500022
2023-11-09 02:00:00+00:00,0.383834173,0,0,0.637569841
2023-11-09 03:00:00+00:00,0.383705908,0,0,0.638806893
2023-11-09 04:00:00+00:00,0.375154015,0,0,0.632693894
2023-11-09 05:00:00+00:00,0.386731276,0,0,0.658702266
2023-11-09 06:00:00+00:00,0.383672448,0,0,0.680514048
2023-11-09 07:00:00+00:00,0.370581108,0,0.029047996,0.676395694
2023-11-09 08:00:00+00:00,0.374947676,0,0.143337921,0.661665725
2023-11-09 09:00:00+00:00,0.38691252,0,0.268406172,0.640759764
2023-11-09 10:00:00+00:00,0.388409868,0,0.342168458,0.639019286
2023-11-09 11:00:00+00:00,0.385716314,0,0.376362989,0.629157275
2023-11-09 12:00:00+00:00,0.390395178,0,0.407429928,0.615061553
2023-11-09 13:00:00+00:00,0.388987058,0,0.414266001,0.631935073
2023-11-09 14:00:00+00:00,0.378285341,0,0.400763872,0.627617757
2023-11-09 15:00:00+00:00,0.331703036,0,0.293115209,0.658356486
2023-11-09 16:00:00+00:00,0.331254111,0,0.076223981,0.682325213
2023-11-09 17:00:00+00:00,0.320605373,0,0.001600987,0.697102527
2023-11-09 18:00:00+00:00,0.310815449,0,0,0.699166138
2023-11-09 19:00:00+00:00,0.318229692,0,0,0.697282801
2023-11-09 20:00:00+00:00,0.335977589,0,0,0.696923078
2023-11-09 21:00:00+00:00,0.345650402,0,0,0.693095134
2023-11-09 22:00:00+00:00,0.367614296,0,0,0.680205847
2023-11-09 23:00:00+00:00,0.379743652,0,0,0.66746347
2023-11-10 00:00:00+00:00,0.380744672,0,0,0.654762519
2023-11-10 01:00:00+00:00,0.405739511,0,0,0.631210827
2023-11-10 02:00:00+00:00,0.400408171,0,0,0.628900982
2023-11-10 03:00:00+00:00,0.39667456,0,0,0.628003553
2023-11-10 04:00:00+00:00,0.399655314,0,0,0.626060081
2023-11-10 05:00:00+00:00,0.400974208,0,0,0.643515154
2023-11-10 06:00:00+00:00,0.402711354,0,0,0.66636651
2023-11-10 07:00:00+00:00,0.397140216,0,0.054787757,0.668567172
2023-11-10 08:00:00+00:00,0.389525211,0,0.26455601,0.637942627
2023-11-10 09:00:00+00:00,0.386176393,0,0.396350532,0.630745201
2023-11-10 10:00:00+00:00,0.430466667,0,0.421615664,0.639199963
2023-11-10 11:00:00+00:00,0.452804201,0,0.428550913,0.649567836
2023-11-10 12:00:00+00:00,0.479301965,0,0.416026378,0.629825272
2023-11-10 13:00:00+00:00,0.477291559,0,0.389819072,0.638185161
2023-11-10 14:00:00+00:00,0.499146707,0,0.324653235,0.652487578
2023-11-10 15:00:00+00:00,0.494972535,0,0.201299316,0.675261833
2023-11-10 16:00:00+00:00,0.475724502,0,0.044622198,0.6850197
2023-11-10 17:00:00+00:00,0.451488096,0,2.64036E-12,0.688301858
2023-11-10 18:00:00+00:00,0.458143906,0,0,0.690959663
2023-11-10 19:00:00+00:00,0.461793867,0,0,0.695422
2023-11-10 20:00:00+00:00,0.453314471,0,0,0.696459669
2023-11-10 21:00:00+00:00,0.46238221,0,0,0.687368113
2023-11-10 22:00:00+00:00,0.476499665,0,0,0.674589695
2023-11-10 23:00:00+00:00,0.481206413,0,0,0.669009584
2023-11-11 00:00:00+00:00,0.471452738,0,0,0.657854527
2023-11-11 01:00:00+00:00,0.458191308,0,0,0.644691559
2023-11-11 02:00:00+00:00,0.451290123,0,0,0.646080101
2023-11-11 03:00:00+00:00,0.436907774,0,0,0.635878687
2023-11-11 04:00:00+00:00,0.454993062,0,0,0.634846845
2023-11-11 05:00:00+00:00,0.448786178,0,0,0.63873364
2023-11-11 06:00:00+00:00,0.446396555,0,0,0.634734602
2023-11-11 07:00:00+00:00,0.460302095,0,0.026823616,0.64688711
2023-11-11 08:00:00+00:00,0.466021017,0,0.10923194,0.6521444
2023-11-11 09:00:00+00:00,0.477746061,0,0.185788869,0.654867945
2023-11-11 10:00:00+00:00,0.466099091,0,0.224127548,0.632902439
2023-11-11 11:00:00+00:00,0.46239894,0,0.25659358,0.632886718
2023-11-11 12:00:00+00:00,0.475484703,0,0.265292748,0.651801881
2023-11-11 13:00:00+00:00,0.477333384,0,0.243551912,0.657569633
2023-11-11 14:00:00+00:00,0.460670158,0,0.213122534,0.656267041
2023-11-11 15:00:00+00:00,0.489111407,0,0.143507937,0.63832813
2023-11-11 16:00:00+00:00,0.507729272,0,0.052223344,0.666995663
2023-11-11 17:00:00+00:00,0.523305038,0,3.82218E-12,0.655234539
2023-11-11 18:00:00+00:00,0.552568853,0,0,0.641593505
2023-11-11 19:00:00+00:00,0.576847083,0,0,0.647983483
2023-11-11 20:00:00+00:00,0.583469433,0,0,0.657615054
2023-11-11 21:00:00+00:00,0.557816542,0,0,0.650666591
2023-11-11 22:00:00+00:00,0.532339317,0,0,0.642723573
2023-11-11 23:00:00+00:00,0.503089445,0,0,0.634451192
2023-11-12 00:00:00+00:00,0.46391023,0,0,0.648612032
2023-11-12 01:00:00+00:00,0.443630504,0,0,0.646683127
2023-11-12 02:00:00+00:00,0.427251691,0,0,0.648416569
2023-11-12 03:00:00+00:00,0.423038482,0,0,0.652940909
2023-11-12 04:00:00+00:00,0.403913137,0,0,0.652243212
2023-11-12 05:00:00+00:00,0.414489378,0,0,0.648338992
2023-11-12 06:00:00+00:00,0.43419749,0,0,0.643876617
2023-11-12 07:00:00+00:00,0.419355062,0,0.030896923,0.663634921
2023-11-12 08:00:00+00:00,0.385917076,0,0.153259081,0.650177897
2023-11-12 09:00:00+00:00,0.366314921,0,0.262434349,0.633063163
2023-11-12 10:00:00+00:00,0.341387003,0,0.314678945,0.629680324
2023-11-12 11:00:00+00:00,0.32254607,0,0.337493009,0.62797955
2023-11-12 12:00:00+00:00,0.322752408,0,0.344066973,0.644424419
2023-11-12 13:00:00+00:00,0.314437525,0,0.335590952,0.651470265
2023-11-12 14:00:00+00:00,0.289478935,0,0.299706883,0.650327848
2023-11-12 15:00:00+00:00,0.295591015,0,0.207568667,0.666705107
2023-11-12 16:00:00+00:00,0.304544432,0,0.05523405,0.681345315
2023-11-12 17:00:00+00:00,0.306323404,0,3.11886E-12,0.677706146
2023-11-12 18:00:00+00:00,0.329073615,0,0,0.69199887
2023-11-12 19:00:00+00:00,0.353142719,0,0,0.700213426
2023-11-12 20:00:00+00:00,0.366671831,0,0,0.69794488
2023-11-12 21:00:00+00:00,0.364265478,0,0,0.680629149
2023-11-12 22:00:00+00:00,0.346361433,0,0,0.672045764
2023-11-12 23:00:00+00:00,0.348723172,0,0,0.655544041
2023-11-13 00:00:00+00:00,0.353145507,0,0,0.649987858
2023-11-13 01:00:00+00:00,0.351625852,0,0,0.655310321
2023-11-13 02:00:00+00:00,0.354246909,0,0,0.649354014
2023-11-13 03:00:00+00:00,0.352872248,0,0,0.644808529
2023-11-13 04:00:00+00:00,0.34028839,0,0,0.64757876
2023-11-13 05:00:00+00:00,0.34546637,0,0,0.64691681
2023-11-13 06:00:00+00:00,0.352914074,0,0,0.670752883
2023-11-13 07:00:00+00:00,0.337447053,0,0.042985791,0.67985939
2023-11-13 08:00:00+00:00,0.3143957,0,0.197427903,0.668375593
2023-11-13 09:00:00+00:00,0.330317223,0,0.318872681,0.653026878
2023-11-13 10:00:00+00:00,0.332269073,0,0.366045124,0.658685959
2023-11-13 11:00:00+00:00,0.333797093,0,0.407490142,0.65553946
2023-11-13 12:00:00+00:00,0.328766896,0,0.409785363,0.64996807
2023-11-13 13:00:00+00:00,0.324835311,0,0.416323907,0.644954742
2023-11-13 14:00:00+00:00,0.322387133,0,0.415441947,0.658020784
2023-11-13 15:00:00+00:00,0.289802385,0,0.308363547,0.672950467
2023-11-13 16:00:00+00:00,0.276794696,0,0.080828589,0.681184426
2023-11-13 17:00:00+00:00,0.291436362,0,0.003658893,0.687098885
2023-11-13 18:00:00+00:00,0.308247371,0,0.001349504,0.687102732
2023-11-13 19:00:00+00:00,0.312053479,0,0.001190114,0.69275945
2023-11-13 20:00:00+00:00,0.327297431,0,3.22839E-13,0.690493945
2023-11-13 21:00:00+00:00,0.327874621,0,0,0.687017643
2023-11-13 22:00:00+00:00,0.321893594,0,0,0.665487916
2023-11-13 23:00:00+00:00,0.321737446,0,0,0.632903502
2023-11-14 00:00:00+00:00,0.318107004,0,0,0.627888232
2023-11-14 01:00:00+00:00,0.304597411,0,0,0.621872414
2023-11-14 02:00:00+00:00,0.301432625,0,0,0.612369338
2023-11-14 03:00:00+00:00,0.278925001,0,0,0.629479859
2023-11-14 04:00:00+00:00,0.27712651,0,0,0.634593831
2023-11-14 05:00:00+00:00,0.293591763,0,0,0.64911542
2023-11-14 06:00:00+00:00,0.306019473,0,0,0.66566425
2023-11-14 07:00:00+00:00,0.326254585,0,0.040605563,0.672312904
2023-11-14 08:00:00+00:00,0.306197928,0,0.224315274,0.664890863
2023-11-14 09:00:00+00:00,0.277737161,0,0.363331947,0.652549544
2023-11-14 10:00:00+00:00,0.257318017,0,0.419090214,0.649168628
2023-11-14 11:00:00+00:00,0.24493492,0,0.445924455,0.639275506
2023-11-14 12:00:00+00:00,0.249134187,0,0.461197588,0.625852911
2023-11-14 13:00:00+00:00,0.258924111,0,0.471628797,0.620646208
2023-11-14 14:00:00+00:00,0.258667582,0,0.444458065,0.633465082
2023-11-14 15:00:00+00:00,0.250653842,0,0.314866671,0.639454515
2023-11-14 16:00:00+00:00,0.237456545,0,0.081034026,0.66827832
2023-11-14 17:00:00+00:00,0.248322775,0,4.02396E-12,0.676682292
2023-11-14 18:00:00+00:00,0.24148851,0,0,0.677540548
2023-11-14 19:00:00+00:00,0.244480418,0,0,0.675528313
2023-11-14 20:00:00+00:00,0.247837601,0,0,0.677181613
2023-11-14 21:00:00+00:00,0.23350823,0,0,0.676611825
2023-11-14 22:00:00+00:00,0.219488368,0,0,0.674158204
2023-11-14 23:00:00+00:00,0.209374994,0,0,0.662198942
2023-11-15 00:00:00+00:00,0.19764995,0,0,0.647839304
2023-11-15 01:00:00+00:00,0.193768556,0,0,0.636844019
2023-11-15 02:00:00+00:00,0.194981491,0,0,0.632441302
2023-11-15 03:00:00+00:00,0.185375599,0,0,0.630819956
2023-11-15 04:00:00+00:00,0.167669527,0,0,0.642695979
2023-11-15 05:00:00+00:00,0.150883614,0,0,0.646188789
2023-11-15 06:00:00+00:00,0.126245685,0,0,0.657407974
2023-11-15 07:00:00+00:00,0.090264717,0,0.044044851,0.672982623
2023-11-15 08:00:00+00:00,0.061926637,0,0.218184061,0.676339811
2023-11-15 09:00:00+00:00,0.055959551,0,0.337698446,0.673652507
2023-11-15 10:00:00+00:00,0.065200169,0,0.377638111,0.663021213
2023-11-15 11:00:00+00:00,0.083871012,0,0.391993864,0.644603942
2023-11-15 12:00:00+00:00,0.104485341,0,0.401851268,0.612574512
2023-11-15 13:00:00+00:00,0.115502143,0,0.403459339,0.613066193
2023-11-15 14:00:00+00:00,0.122486979,0,0.392429531,0.619934971
2023-11-15 15:00:00+00:00,0.128270033,0,0.27405213,0.655108371
2023-11-15 16:00:00+00:00,0.129845455,0,0.071240378,0.670080306
2023-11-15 17:00:00+00:00,0.149706927,0,3.53394E-12,0.670647749
2023-11-15 18:00:00+00:00,0.167209448,0,0,0.672568776
2023-11-15 19:00:00+00:00,0.181812078,0,0,0.671949022
2023-11-15 20:00:00+00:00,0.194836497,0,0,0.680047707
2023-11-15 21:00:00+00:00,0.205000061,0,0,0.67894067
2023-11-15 22:00:00+00:00,0.216605206,0,0,0.67115832
2023-11-15 23:00:00+00:00,0.229071953,0,0,0.664452702
2023-11-16 00:00:00+00:00,0.244020339,0,0,0.655413109
2023-11-16 01:00:00+00:00,0.263031362,0,0,0.646498822
2023-11-16 02:00:00+00:00,0.269215939,0,0,0.641031814
2023-11-16 03:00:00+00:00,0.280715127,0,0,0.633288858
2023-11-16 04:00:00+00:00,0.291243966,0,0,0.63216555
2023-11-16 05:00:00+00:00,0.288990973,0,0,0.636533125
2023-11-16 06:00:00+00:00,0.271820266,0,0,0.653506521
2023-11-16 07:00:00+00:00,0.247879426,0,0.028725673,0.668604934
2023-11-16 08:00:00+00:00,0.234746261,0,0.141952996,0.669269321
2023-11-16 09:00:00+00:00,0.218434368,0,0.241072507,0.664558203
2023-11-16 10:00:00+00:00,0.210470819,0,0.306769644,0.664337785
2023-11-16 11:00:00+00:00,0.206162806,0,0.346914747,0.66127828
2023-11-16 12:00:00+00:00,0.205128325,0,0.336079749,0.644953972
2023-11-16 13:00:00+00:00,0.206946334,0,0.360147683,0.631853832
2023-11-16 14:00:00+00:00,0.197256791,0,0.359333021,0.633797193
2023-11-16 15:00:00+00:00,0.199777467,0,0.2619243,0.64286995
2023-11-16 16:00:00+00:00,0.20186037,0,0.066515341,0.657943189
2023-11-16 17:00:00+00:00,0.19895769,0,3.55123E-12,0.672554154
2023-11-16 18:00:00+00:00,0.207604387,0,0,0.677519221
2023-11-16 19:00:00+00:00,0.203483194,0,0,0.682245346
2023-11-16 20:00:00+00:00,0.197401786,0,0,0.680455599
2023-11-16 21:00:00+00:00,0.205738976,0,0,0.675189386
2023-11-16 22:00:00+00:00,0.200190144,0,0,0.661792149
2023-11-16 23:00:00+00:00,0.190322146,0,0,0.648122312
2023-11-17 00:00:00+00:00,0.174573501,0,0,0.637640931
2023-11-17 01:00:00+00:00,0.161978489,0,0,0.628667005
2023-11-17 02:00:00+00:00,0.16318306,0,0,0.625155342
2023-11-17 03:00:00+00:00,0.167457612,0,0,0.626643667
2023-11-17 04:00:00+00:00,0.156608112,0,0,0.630483558
2023-11-17 05:00:00+00:00,0.142644017,0,0,0.634198893
2023-11-17 06:00:00+00:00,0.144007524,0,0,0.640894543
2023-11-17 07:00:00+00:00,0.143184958,0,0.034095355,0.64830559
2023-11-17 08:00:00+00:00,0.130832533,0,0.190131369,0.644331525
2023-11-17 09:00:00+00:00,0.136565397,0,0.312507695,0.642855329
2023-11-17 10:00:00+00:00,0.156217742,0,0.357622232,0.642091122
2023-11-17 11:00:00+00:00,0.16401399,0,0.379285144,0.639153296
2023-11-17 12:00:00+00:00,0.16535519,0,0.403700195,0.633266651
2023-11-17 13:00:00+00:00,0.169116685,0,0.423546058,0.635680146
2023-11-17 14:00:00+00:00,0.156415716,0,0.421303968,0.641518163
2023-11-17 15:00:00+00:00,0.135840424,0,0.286325183,0.647348778
2023-11-17 16:00:00+00:00,0.123632994,0,0.065328769,0.661334438
2023-11-17 17:00:00+00:00,0.132438627,0,2.99203E-12,0.670683111
2023-11-17 18:00:00+00:00,0.139334236,0,0,0.669981805
2023-11-17 19:00:00+00:00,0.138865792,0,0,0.668907363
2023-11-17 20:00:00+00:00,0.13747719,0,0,0.672123725
2023-11-17 21:00:00+00:00,0.131306554,0,0,0.666051878
2023-11-17 22:00:00+00:00,0.125941754,0,0,0.655781663
2023-11-17 23:00:00+00:00,0.128629731,0,0,0.637491568
2023-11-18 00:00:00+00:00,0.134644218,0,0,0.62374954
2023-11-18 01:00:00+00:00,0.135737255,0,0,0.616108621
2023-11-18 02:00:00+00:00,0.138968961,0,0,0.598201975
2023-11-18 03:00:00+00:00,0.135238139,0,0,0.596268746
2023-11-18 04:00:00+00:00,0.136872116,0,0,0.606452058
2023-11-18 05:00:00+00:00,0.135115451,0,0,0.617799646
2023-11-18 06:00:00+00:00,0.136161085,0,0,0.618721921
2023-11-18 07:00:00+00:00,0.139674416,0,0.040028216,0.605102616
2023-11-18 08:00:00+00:00,0.138400136,0,0.226185454,0.597924795
2023-11-18 09:00:00+00:00,0.136755005,0,0.383326574,0.599932083
2023-11-18 10:00:00+00:00,0.137658433,0,0.440235993,0.585950985
2023-11-18 11:00:00+00:00,0.138475422,0,0.468324105,0.577702221
2023-11-18 12:00:00+00:00,0.135993784,0,0.476024427,0.576443109
2023-11-18 13:00:00+00:00,0.125724262,0,0.482375245,0.575778557
2023-11-18 14:00:00+00:00,0.117769077,0,0.463769084,0.579062034
2023-11-18 15:00:00+00:00,0.117969839,0,0.310173513,0.579990574
2023-11-18 16:00:00+00:00,0.116352592,0,0.075519121,0.605114489
2023-11-18 17:00:00+00:00,0.119857557,0,3.17651E-12,0.622656794
2023-11-18 18:00:00+00:00,0.122938693,0,0,0.627977718
2023-11-18 19:00:00+00:00,0.122643127,0,0,0.61964097
2023-11-18 20:00:00+00:00,0.121608646,0,0,0.612606796
2023-11-18 21:00:00+00:00,0.122785333,0,0,0.601280645
2023-11-18 22:00:00+00:00,0.126513367,0,0,0.57980627
2023-11-18 23:00:00+00:00,0.121129048,0,0,0.580319644
2023-11-19 00:00:00+00:00,0.11501418,0,0,0.576218403
2023-11-19 01:00:00+00:00,0.101758327,0,0,0.576626589
2023-11-19 02:00:00+00:00,0.091700721,0,0,0.575140682
2023-11-19 03:00:00+00:00,0.080979485,0,0,0.569039372
2023-11-19 04:00:00+00:00,0.06969779,0,0,0.573822608
2023-11-19 05:00:00+00:00,0.059821427,0,0,0.57711466
2023-11-19 06:00:00+00:00,0.053399839,0,0,0.582588429
2023-11-19 07:00:00+00:00,0.046242125,0,0.045429776,0.584449559
2023-11-19 08:00:00+00:00,0.039683907,0,0.274810119,0.551266572
2023-11-19 09:00:00+00:00,0.041264906,0,0.440473307,0.555009684
2023-11-19 10:00:00+00:00,0.041883922,0,0.478170883,0.560634355
2023-11-19 11:00:00+00:00,0.043085704,0,0.482881752,0.563531341
2023-11-19 12:00:00+00:00,0.042809656,0,0.480080024,0.554157364
2023-11-19 13:00:00+00:00,0.039497087,0,0.476693866,0.537415489
2023-11-19 14:00:00+00:00,0.033301356,0,0.460322712,0.544261933
2023-11-19 15:00:00+00:00,0.027752525,0,0.314342454,0.565996394
2023-11-19 16:00:00+00:00,0.025067336,0,0.070921597,0.586688918
2023-11-19 17:00:00+00:00,0.022315227,0,2.7499E-12,0.600027066
2023-11-19 18:00:00+00:00,0.021489873,0,0,0.602355801
2023-11-19 19:00:00+00:00,0.021149693,0,0,0.607030422
2023-11-19 20:00:00+00:00,0.023020681,0,0,0.604208192
2023-11-19 21:00:00+00:00,0.026971784,0,0,0.591146804
2023-11-19 22:00:00+00:00,0.028087127,0,0,0.583921655
2023-11-19 23:00:00+00:00,0.03069703,0,0,0.57135356
2023-11-20 00:00:00+00:00,0.031196146,0,0,0.558278246
2023-11-20 01:00:00+00:00,0.033136843,0,0,0.554249544
2023-11-20 02:00:00+00:00,0.035038503,0,0,0.557638576
2023-11-20 03:00:00+00:00,0.035361953,0,0,0.561818786
2023-11-20 04:00:00+00:00,0.034422276,0,0,0.56977791
2023-11-20 05:00:00+00:00,0.040132833,0,0,0.582289371
2023-11-20 06:00:00+00:00,0.053090331,0,0,0.599152869
2023-11-20 07:00:00+00:00,0.071850402,0,0.036755402,0.598551145
2023-11-20 08:00:00+00:00,0.088480168,0,0.250543833,0.590082201
2023-11-20 09:00:00+00:00,0.100790767,0,0.423312286,0.58108365
2023-11-20 10:00:00+00:00,0.115159175,0,0.451442902,0.574797009
2023-11-20 11:00:00+00:00,0.150852942,0,0.459656815,0.566699607
2023-11-20 12:00:00+00:00,0.19140124,0,0.455413491,0.555028152
2023-11-20 13:00:00+00:00,0.232878061,0,0.452289441,0.535503514
2023-11-20 14:00:00+00:00,0.251317471,0,0.428108162,0.546352624
2023-11-20 15:00:00+00:00,0.248939002,0,0.288436219,0.557087989
2023-11-20 16:00:00+00:00,0.257122832,0,0.062385361,0.575319416
2023-11-20 17:00:00+00:00,0.293346387,0,0,0.585227068
2023-11-20 18:00:00+00:00,0.324821369,0,0,0.593519843
2023-11-20 19:00:00+00:00,0.364399319,0,0,0.601439665
2023-11-20 20:00:00+00:00,0.382414898,0,0,0.595469378
2023-11-20 21:00:00+00:00,0.402312619,0,0,0.58074945
2023-11-20 22:00:00+00:00,0.421053172,0,0,0.552947923
2023-11-20 23:00:00+00:00,0.40845816,0,0,0.544020114
2023-11-21 00:00:00+00:00,0.40271972,0,0,0.531478605
2023-11-21 01:00:00+00:00,0.41175121,0,0,0.515519022
2023-11-21 02:00:00+00:00,0.417102069,0,0,0.513386409
2023-11-21 03:00:00+00:00,0.419954559,0,0,0.521180192
2023-11-21 04:00:00+00:00,0.401197276,0,0,0.519218361
2023-11-21 05:00:00+00:00,0.402248487,0,0,0.555899234
2023-11-21 06:00:00+00:00,0.400765081,0,0,0.584664645
2023-11-21 07:00:00+00:00,0.402318196,0,0.030879213,0.587580594
2023-11-21 08:00:00+00:00,0.39207377,0,0.215021049,0.568871832
2023-11-21 09:00:00+00:00,0.382236444,0,0.360696694,0.55346203
2023-11-21 10:00:00+00:00,0.403826698,0,0.396779115,0.540116517
2023-11-21 11:00:00+00:00,0.425804533,0,0.422139881,0.540052041
2023-11-21 12:00:00+00:00,0.444006933,0,0.426840124,0.549934243
2023-11-21 13:00:00+00:00,0.437546308,0,0.416270777,0.556632697
2023-11-21 14:00:00+00:00,0.452550461,0,0.383121137,0.538511753
2023-11-21 15:00:00+00:00,0.48262011,0,0.259129656,0.535846179
2023-11-21 16:00:00+00:00,0.498363178,0,0.062002824,0.571974779
2023-11-21 17:00:00+00:00,0.510916365,0,0,0.601072833
2023-11-21 18:00:00+00:00,0.520106792,0,0,0.613787196
2023-11-21 19:00:00+00:00,0.518216285,0,0,0.62599533
2023-11-21 20:00:00+00:00,0.519005391,0,0,0.62882652
2023-11-21 21:00:00+00:00,0.527152972,0,0,0.605353266
2023-11-21 22:00:00+00:00,0.518907798,0,0,0.583835027
2023-11-21 23:00:00+00:00,0.491537279,0,0,0.564602502
2023-11-22 00:00:00+00:00,0.48613623,0,0,0.549175807
2023-11-22 01:00:00+00:00,0.482608957,0,0,0.543253489
2023-11-22 02:00:00+00:00,0.469272242,0,0,0.55395175
2023-11-22 03:00:00+00:00,0.456468103,0,0,0.544766897
2023-11-22 04:00:00+00:00,0.459468376,0,0,0.534589467
2023-11-22 05:00:00+00:00,0.481323524,0,0,0.543132286
2023-11-22 06:00:00+00:00,0.488503545,0,0,0.558108508
2023-11-22 07:00:00+00:00,0.497900311,0,0.039050622,0.564885455
2023-11-22 08:00:00+00:00,0.455269109,0,0.261658649,0.547146202
2023-11-22 09:00:00+00:00,0.425054465,0,0.439237147,0.541665654
2023-11-22 10:00:00+00:00,0.435315621,0,0.471511911,0.547314402
2023-11-22 11:00:00+00:00,0.461420227,0,0.457513901,0.561273256
2023-11-22 12:00:00+00:00,0.462287406,0,0.457577657,0.582255658
2023-11-22 13:00:00+00:00,0.484410236,0,0.436421252,0.579568042
2023-11-22 14:00:00+00:00,0.485807203,0,0.41461666,0.563961989
2023-11-22 15:00:00+00:00,0.519122502,0,0.28919775,0.572938627
2023-11-22 16:00:00+00:00,0.53262373,0,0.064000516,0.594912763
2023-11-22 17:00:00+00:00,0.550775939,0,0,0.620222156
2023-11-22 18:00:00+00:00,0.553321709,0,0,0.619767065
2023-11-22 19:00:00+00:00,0.539845576,0,0,0.633212069
2023-11-22 20:00:00+00:00,0.511248179,0,0,0.627809152
2023-11-22 21:00:00+00:00,0.486646499,0,0,0.626433913
2023-11-22 22:00:00+00:00,0.462465861,0,0,0.605964116
2023-11-22 23:00:00+00:00,0.455232861,0,0,0.586517842
2023-11-23 00:00:00+00:00,0.44603128,0,0,0.580942384
2023-11-23 01:00:00+00:00,0.448094665,0,0,0.58517485
2023-11-23 02:00:00+00:00,0.458233134,0,0,0.585915
2023-11-23 03:00:00+00:00,0.454109153,0,0,0.583029814
2023-11-23 04:00:00+00:00,0.4539781,0,0,0.58844671
2023-11-23 05:00:00+00:00,0.439040867,0,0,0.595412029
2023-11-23 06:00:00+00:00,0.433243872,0,0,0.612171493
2023-11-23 07:00:00+00:00,0.429237002,0,0.039018744,0.600143266
2023-11-23 08:00:00+00:00,0.398877363,0,0.277080546,0.596098605
2023-11-23 09:00:00+00:00,0.395154905,0,0.463528228,0.579485207
2023-11-23 10:00:00+00:00,0.386544456,0,0.485658685,0.586464982
2023-11-23 11:00:00+00:00,0.382431629,0,0.491219635,0.583748454
2023-11-23 12:00:00+00:00,0.384322135,0,0.482566513,0.58350429
2023-11-23 13:00:00+00:00,0.381107159,0,0.508954462,0.589188546
2023-11-23 14:00:00+00:00,0.353998745,0,0.483292624,0.603726167
2023-11-23 15:00:00+00:00,0.338576338,0,0.325542279,0.625298732
2023-11-23 16:00:00+00:00,0.341657473,0,0.072402156,0.639809548
2023-11-23 17:00:00+00:00,0.364212499,0,0,0.646339143
2023-11-23 18:00:00+00:00,0.392115595,0,0,0.657420177
2023-11-23 19:00:00+00:00,0.409738016,0,0,0.663990942
2023-11-23 20:00:00+00:00,0.414709658,0,0,0.657970837
2023-11-23 21:00:00+00:00,0.417726661,0,0,0.618626168
2023-11-23 22:00:00+00:00,0.411979856,0,0,0.593938362
2023-11-23 23:00:00+00:00,0.420333775,0,0,0.567498498
2023-11-24 00:00:00+00:00,0.42713458,0,0,0.550094307
2023-11-24 01:00:00+00:00,0.434983807,0,0,0.533557185
2023-11-24 02:00:00+00:00,0.419923887,0,0,0.522779001
2023-11-24 03:00:00+00:00,0.391875796,0,0,0.529322356
2023-11-24 04:00:00+00:00,0.358203588,0,0,0.541181559
2023-11-24 05:00:00+00:00,0.349233441,0,0,0.558029099
2023-11-24 06:00:00+00:00,0.361820088,0,0,0.580521336
2023-11-24 07:00:00+00:00,0.376592808,0,0.03560425,0.580738676
2023-11-24 08:00:00+00:00,0.356550092,0,0.277640183,0.57220991
2023-11-24 09:00:00+00:00,0.301650117,0,0.486852341,0.559743119
2023-11-24 10:00:00+00:00,0.268881337,0,0.51903147,0.552620539
2023-11-24 11:00:00+00:00,0.271340668,0,0.512067885,0.548706095
2023-11-24 12:00:00+00:00,0.273769328,0,0.510707755,0.549511436
2023-11-24 13:00:00+00:00,0.271652964,0,0.515811786,0.55629366
2023-11-24 14:00:00+00:00,0.265086382,0,0.495693189,0.554395884
2023-11-24 15:00:00+00:00,0.250748646,0,0.324734702,0.545857554
2023-11-24 16:00:00+00:00,0.28717854,0,0.068668881,0.581393939
2023-11-24 17:00:00+00:00,0.352707735,0,0,0.597655932
2023-11-24 18:00:00+00:00,0.383217946,0,0,0.600347634
2023-11-24 19:00:00+00:00,0.399245426,0,0,0.601416744
2023-11-24 20:00:00+00:00,0.400224139,0,0,0.603496148
2023-11-24 21:00:00+00:00,0.394343493,0,0,0.597892254
2023-11-24 22:00:00+00:00,0.388052958,0,0,0.583430359
2023-11-24 23:00:00+00:00,0.380228826,0,0,0.562972655
2023-11-25 00:00:00+00:00,0.364265478,0,0,0.555003197
2023-11-25 01:00:00+00:00,0.348723172,0,0,0.546237706
2023-11-25 02:00:00+00:00,0.342176108,0,0,0.556626046
2023-11-25 03:00:00+00:00,0.3478783,0,0,0.556523697
2023-11-25 04:00:00+00:00,0.34293733,0,0,0.566343786
2023-11-25 05:00:00+00:00,0.34241033,0,0,0.578151559
2023-11-25 06:00:00+00:00,0.334368706,0,0,0.587977621
2023-11-25 07:00:00+00:00,0.319417532,0,0.031325506,0.586942921
2023-11-25 08:00:00+00:00,0.283283204,0,0.247154132,0.566462662
2023-11-25 09:00:00+00:00,0.248124802,0,0.435425948,0.528842383
2023-11-25 10:00:00+00:00,0.221543387,0,0.479045759,0.5378328
2023-11-25 11:00:00+00:00,0.191816705,0,0.473785879,0.532002368
2023-11-25 12:00:00+00:00,0.173801126,0,0.459791411,0.510722924
2023-11-25 13:00:00+00:00,0.163977742,0,0.457312006,0.50280541
2023-11-25 14:00:00+00:00,0.161911569,0,0.429694981,0.508841144
2023-11-25 15:00:00+00:00,0.1523001,0,0.287373617,0.549570031
2023-11-25 16:00:00+00:00,0.142669112,0,0.060426632,0.585458425
2023-11-25 17:00:00+00:00,0.137237391,0,0,0.593360878
2023-11-25 18:00:00+00:00,0.134867287,0,0,0.600190098
2023-11-25 19:00:00+00:00,0.12070243,0,0,0.602049195
2023-11-25 20:00:00+00:00,0.111930256,0,0,0.59860056
2023-11-25 21:00:00+00:00,0.097918759,0,0,0.594172412
2023-11-25 22:00:00+00:00,0.079465407,0,0,0.585844129
2023-11-25 23:00:00+00:00,0.065359105,0,0,0.578456846
2023-11-26 00:00:00+00:00,0.051754708,0,0,0.567018672
2023-11-26 01:00:00+00:00,0.041013954,0,0,0.547036708
2023-11-26 02:00:00+00:00,0.033716822,0,0,0.539429374
2023-11-26 03:00:00+00:00,0.028335291,0,0,0.541448534
2023-11-26 04:00:00+00:00,0.022532719,0,0,0.541916194
2023-11-26 05:00:00+00:00,0.020678461,0,0,0.549428069
2023-11-26 06:00:00+00:00,0.02324375,0,0,0.557014333
2023-11-26 07:00:00+00:00,0.0258425,0,0.027369085,0.555713207
2023-11-26 08:00:00+00:00,0.021938799,0,0.222629279,0.555247215
2023-11-26 09:00:00+00:00,0.016487559,0,0.417577777,0.549607738
2023-11-26 10:00:00+00:00,0.015483751,0,0.462387702,0.548981224
2023-11-26 11:00:00+00:00,0.019136499,0,0.463319249,0.548726543
2023-11-26 12:00:00+00:00,0.024905611,0,0.464165789,0.546385348
2023-11-26 13:00:00+00:00,0.029319582,0,0.443360043,0.544783003
2023-11-26 14:00:00+00:00,0.027808292,0,0.365453609,0.549049309
2023-11-26 15:00:00+00:00,0.031653437,0,0.192394711,0.560123711
2023-11-26 16:00:00+00:00,0.041025107,0,0.035257133,0.570449003
2023-11-26 17:00:00+00:00,0.051645962,0,0,0.577913478
2023-11-26 18:00:00+00:00,0.0618876,0,0,0.584836692
2023-11-26 19:00:00+00:00,0.077042324,0,0,0.584311262
2023-11-26 20:00:00+00:00,0.097419643,0,0,0.574833929
2023-11-26 21:00:00+00:00,0.112646864,0,0,0.562293152
2023-11-26 22:00:00+00:00,0.119620547,0,0,0.551799716
2023-11-26 23:00:00+00:00,0.13372406,0,0,0.539657011
2023-11-27 00:00:00+00:00,0.156535615,0,0,0.522108586
2023-11-27 01:00:00+00:00,0.176670346,0,0,0.517171442
2023-11-27 02:00:00+00:00,0.193400493,0,0,0.515985362
2023-11-27 03:00:00+00:00,0.207253054,0,0,0.512004426
2023-11-27 04:00:00+00:00,0.215710143,0,0,0.510764369
2023-11-27 05:00:00+00:00,0.225056718,0,0,0.532164411
2023-11-27 06:00:00+00:00,0.228882345,0,0,0.55736942
2023-11-27 07:00:00+00:00,0.232925464,0,0.017260198,0.568536918
2023-11-27 08:00:00+00:00,0.230527476,0,0.140585782,0.561998748
2023-11-27 09:00:00+00:00,0.227937092,0,0.252785923,0.550063306
2023-11-27 10:00:00+00:00,0.244067741,0,0.286388939,0.534293249
2023-11-27 11:00:00+00:00,0.274352094,0,0.32805002,0.501110866
2023-11-27 12:00:00+00:00,0.29785795,0,0.347931302,0.512138546
2023-11-27 13:00:00+00:00,0.321940996,0,0.358249167,0.536007178
2023-11-27 14:00:00+00:00,0.33938775,0,0.328358174,0.542448276
2023-11-27 15:00:00+00:00,0.350538393,0,0.199811673,0.561191722
2023-11-27 16:00:00+00:00,0.372334985,0,0.04225968,0.571877433
2023-11-27 17:00:00+00:00,0.38828718,0,0,0.582227661
2023-11-27 18:00:00+00:00,0.382844306,0,0,0.585422312
2023-11-27 19:00:00+00:00,0.371517996,0,0,0.58852207
2023-11-27 20:00:00+00:00,0.360796761,0,0,0.58621021
2023-11-27 21:00:00+00:00,0.365863207,0,0,0.576959799
2023-11-27 22:00:00+00:00,0.37139252,0,0,0.564585224
2023-11-27 23:00:00+00:00,0.384062818,0,0,0.546391175
2023-11-28 00:00:00+00:00,0.386243314,0,0,0.537952078
2023-11-28 01:00:00+00:00,0.376475697,0,0,0.538336463
2023-11-28 02:00:00+00:00,0.361781051,0,0,0.539967721
2023-11-28 03:00:00+00:00,0.349523431,0,0,0.541577707
2023-11-28 04:00:00+00:00,0.338651624,0,0,0.548808242
2023-11-28 05:00:00+00:00,0.331683518,0,0,0.554986451
2023-11-28 06:00:00+00:00,0.323298926,0,0,0.568936584
2023-11-28 07:00:00+00:00,0.314705208,0,0.007140685,0.578245094
2023-11-28 08:00:00+00:00,0.296042729,0,0.061910732,0.576868004
2023-11-28 09:00:00+00:00,0.280684455,0,0.119843791,0.565967152
2023-11-28 10:00:00+00:00,0.278464922,0,0.166311375,0.559870588
2023-11-28 11:00:00+00:00,0.287607947,0,0.199783337,0.551106617
2023-11-28 12:00:00+00:00,0.290633315,0,0.201968755,0.567214685
2023-11-28 13:00:00+00:00,0.28704191,0,0.189476098,0.575931365
2023-11-28 14:00:00+00:00,0.279834006,0,0.15034401,0.584474349
2023-11-28 15:00:00+00:00,0.265245318,0,0.087009391,0.591903151
2023-11-28 16:00:00+00:00,0.237314339,0,0.020320492,0.600239953
2023-11-28 17:00:00+00:00,0.226732521,0,0,0.609450769
2023-11-28 18:00:00+00:00,0.244042646,0,0,0.614142833
2023-11-28 19:00:00+00:00,0.26074212,0,0,0.619709679
2023-11-28 20:00:00+00:00,0.267637729,0,0,0.618466251
2023-11-28 21:00:00+00:00,0.269712267,0,0,0.612656963
2023-11-28 22:00:00+00:00,0.273010894,0,0,0.595974453
2023-11-28 23:00:00+00:00,0.275740697,0,0,0.588695675
2023-11-29 00:00:00+00:00,0.280625899,0,0,0.585042159
2023-11-29 01:00:00+00:00,0.288093121,0,0,0.585330352
2023-11-29 02:00:00+00:00,0.297238935,0,0,0.584441149
2023-11-29 03:00:00+00:00,0.30018344,0,0,0.5841562
2023-11-29 04:00:00+00:00,0.314250705,0,0,0.585529223
2023-11-29 05:00:00+00:00,0.33303866,0,0,0.601691432
2023-11-29 06:00:00+00:00,0.33935429,0,0,0.624359455
2023-11-29 07:00:00+00:00,0.338818925,0,0.011097106,0.641331916
2023-11-29 08:00:00+00:00,0.346322396,0,0.083959723,0.641088467
2023-11-29 09:00:00+00:00,0.357952636,0,0.160109322,0.618711037
2023-11-29 10:00:00+00:00,0.385783235,0,0.211542799,0.60826185
2023-11-29 11:00:00+00:00,0.414810039,0,0.229096983,0.591996961
2023-11-29 12:00:00+00:00,0.434239315,0,0.22517244,0.584880006
2023-11-29 13:00:00+00:00,0.453930698,0,0.222427385,0.589673741
2023-11-29 14:00:00+00:00,0.480191451,0,0.185009628,0.597528299
2023-11-29 15:00:00+00:00,0.489008238,0,0.102271897,0.606739426
2023-11-29 16:00:00+00:00,0.484371199,0,0.020263819,0.640722166
2023-11-29 17:00:00+00:00,0.486178055,0,0,0.656715279
2023-11-29 18:00:00+00:00,0.505716078,0,0,0.661424859
2023-11-29 19:00:00+00:00,0.521492606,0,0,0.662513152
2023-11-29 20:00:00+00:00,0.507258039,0,0,0.661228077
2023-11-29 21:00:00+00:00,0.497883581,0,0,0.643846825
2023-11-29 22:00:00+00:00,0.488180096,0,0,0.616631962
2023-11-29 23:00:00+00:00,0.470747283,0,0,0.612992482
2023-11-30 00:00:00+00:00,0.484663977,0,0,0.608864893
2023-11-30 01:00:00+00:00,0.490731443,0,0,0.608016586
2023-11-30 02:00:00+00:00,0.476312845,0,0,0.597472269
2023-11-30 03:00:00+00:00,0.471642346,0,0,0.599083501
2023-11-30 04:00:00+00:00,0.462502109,0,0,0.60584775
2023-11-30 05:00:00+00:00,0.438828952,0,0,0.612075118
2023-11-30 06:00:00+00:00,0.422165726,0,0,0.63281713
2023-11-30 07:00:00+00:00,0.395272016,0,0.00967322,0.662577134
2023-11-30 08:00:00+00:00,0.375432851,0,0.067627531,0.672327067
2023-11-30 09:00:00+00:00,0.373171493,0,0.129531179,0.670789271
2023-11-30 10:00:00+00:00,0.380911974,0,0.153882474,0.670638606
2023-11-30 11:00:00+00:00,0.345396661,0,0.168836826,0.660755177
2023-11-30 12:00:00+00:00,0.339956575,0,0.180142911,0.668732403
2023-11-30 13:00:00+00:00,0.359530847,0,0.159517807,0.686274158
2023-11-30 14:00:00+00:00,0.391867431,0,0.119634813,0.690860465
2023-11-30 15:00:00+00:00,0.393361991,0,0.06282457,0.694647844
2023-11-30 16:00:00+00:00,0.364223653,0,0.012822064,0.707853961
2023-11-30 17:00:00+00:00,0.3644997,0,0,0.719263717
2023-11-30 18:00:00+00:00,0.388844851,0,0,0.730272781
2023-11-30 19:00:00+00:00,0.389720396,0,0,0.739986234
2023-11-30 20:00:00+00:00,0.348876532,0,0,0.743894467
2023-11-30 21:00:00+00:00,0.320571912,0,0,0.740227979
2023-11-30 22:00:00+00:00,0.31093256,0,0,0.734041709
2023-11-30 23:00:00+00:00,0.318076332,0,0,0.729135805
2023-12-01 00:00:00+00:00,0.325534692,0,0,0.723125851
2023-12-01 01:00:00+00:00,0.306946474,0,0,0.721777123
2023-12-01 02:00:00+00:00,0.298608927,0,0,0.722127978
2023-12-01 03:00:00+00:00,0.296436821,0,0,0.719840688
2023-12-01 04:00:00+00:00,0.29992333,0,0,0.720679156
2023-12-01 05:00:00+00:00,0.289513928,0,0,0.723456056
2023-12-01 06:00:00+00:00,0.27934123,0,0,0.733050817
2023-12-01 07:00:00+00:00,0.276247371,0,0.005585105,0.747200609
2023-12-01 08:00:00+00:00,0.299243851,0,0.050506504,0.748243499
2023-12-01 09:00:00+00:00,0.305077906,0,0.174644358,0.749124952
2023-12-01 10:00:00+00:00,0.321895021,0,0.240142094,0.750545741
2023-12-01 11:00:00+00:00,0.360288393,0,0.287713106,0.744841513
2023-12-01 12:00:00+00:00,0.389962708,0,0.316196445,0.727831583
2023-12-01 13:00:00+00:00,0.407877016,0,0.307034363,0.720961192
2023-12-01 14:00:00+00:00,0.448565023,0,0.282752054,0.705673911
2023-12-01 15:00:00+00:00,0.4471448,0,0.193526337,0.708746681
2023-12-01 16:00:00+00:00,0.488063941,0,0.038802885,0.73939935
2023-12-01 17:00:00+00:00,0.479609435,0,0,0.75843458
2023-12-01 18:00:00+00:00,0.475677366,0,0,0.764777158
2023-12-01 19:00:00+00:00,0.48106586,0,0,0.764041589
2023-12-01 20:00:00+00:00,0.479408933,0,0,0.763215177
2023-12-01 21:00:00+00:00,0.474691564,0,0,0.757091771
2023-12-01 22:00:00+00:00,0.486532328,0,0,0.733961017
2023-12-01 23:00:00+00:00,0.47517611,0,0,0.731013187
2023-12-02 00:00:00+00:00,0.472057189,0,0,0.719941497
2023-12-02 01:00:00+00:00,0.442107184,0,0,0.716116448
2023-12-02 02:00:00+00:00,0.407275509,0,0,0.70947232
2023-12-02 03:00:00+00:00,0.382365905,0,0,0.71190542
2023-12-02 04:00:00+00:00,0.351733636,0,0,0.704460843
2023-12-02 05:00:00+00:00,0.327865529,0,0,0.712337754
2023-12-02 06:00:00+00:00,0.296654032,0,0,0.720356609
2023-12-02 07:00:00+00:00,0.272883391,0,0.015583908,0.725549129
2023-12-02 08:00:00+00:00,0.249090472,0,0.166702492,0.719175953
2023-12-02 09:00:00+00:00,0.243028068,0,0.347562982,0.695584923
2023-12-02 10:00:00+00:00,0.241321015,0,0.407106061,0.672127885
2023-12-02 11:00:00+00:00,0.255732105,0,0.425214074,0.671333812
2023-12-02 12:00:00+00:00,0.251382323,0,0.423561552,0.691054976
2023-12-02 13:00:00+00:00,0.253835689,0,0.421013043,0.683843294
2023-12-02 14:00:00+00:00,0.252852672,0,0.380630849,0.684455591
2023-12-02 15:00:00+00:00,0.250457785,0,0.248049097,0.706491712
2023-12-02 16:00:00+00:00,0.235188992,0,0.047403668,0.738079701
2023-12-02 17:00:00+00:00,0.224219855,0,0,0.74445777
2023-12-02 18:00:00+00:00,0.228764569,0,0,0.743861413
2023-12-02 19:00:00+00:00,0.224696047,0,0,0.744887044
2023-12-02 20:00:00+00:00,0.200112259,0,0,0.742824221
2023-12-02 21:00:00+00:00,0.187525181,0,0,0.736268151
2023-12-02 22:00:00+00:00,0.180710894,0,0,0.733624344
2023-12-02 23:00:00+00:00,0.172078163,0,0,0.735899431
2023-12-03 00:00:00+00:00,0.181022786,0,0,0.725880251
2023-12-03 01:00:00+00:00,0.208925998,0,0,0.718535604
2023-12-03 02:00:00+00:00,0.226347405,0,0,0.716287945
2023-12-03 03:00:00+00:00,0.235060893,0,0,0.714589792
2023-12-03 04:00:00+00:00,0.226375252,0,0,0.711255049
2023-12-03 05:00:00+00:00,0.210722163,0,0,0.706888867
2023-12-03 06:00:00+00:00,0.202980553,0,0,0.706118925
2023-12-03 07:00:00+00:00,0.196517144,0,0.017497905,0.707152141
2023-12-03 08:00:00+00:00,0.193025066,0,0.186058612,0.69530558
2023-12-03 09:00:00+00:00,0.178121075,0,0.369251459,0.669332863
2023-12-03 10:00:00+00:00,0.185018905,0,0.431838107,0.648881425
2023-12-03 11:00:00+00:00,0.203568136,0,0.426308783,0.651740758
2023-12-03 12:00:00+00:00,0.221872309,0,0.409232724,0.666612213
2023-12-03 13:00:00+00:00,0.238806384,0,0.355239887,0.675480712
2023-12-03 14:00:00+00:00,0.254130873,0,0.276103617,0.675608639
2023-12-03 15:00:00+00:00,0.261928178,0,0.146286527,0.683020107
2023-12-03 16:00:00+00:00,0.287099549,0,0.024801772,0.697249766
2023-12-03 17:00:00+00:00,0.303721732,0,0,0.706143
2023-12-03 18:00:00+00:00,0.317077401,0,0,0.712635822
2023-12-03 19:00:00+00:00,0.342170799,0,0,0.713451754
2023-12-03 20:00:00+00:00,0.350895426,0,0,0.713024806
2023-12-03 21:00:00+00:00,0.378915598,0,0,0.713767045
2023-12-03 22:00:00+00:00,0.382686151,0,0,0.716654741
2023-12-03 23:00:00+00:00,0.399631366,0,0,0.687877732
2023-12-04 00:00:00+00:00,0.413432595,0,0,0.681115827
2023-12-04 01:00:00+00:00,0.409703813,0,0,0.684773282
2023-12-04 02:00:00+00:00,0.424616158,0,0,0.672258212
2023-12-04 03:00:00+00:00,0.4242068,0,0,0.65339087
2023-12-04 04:00:00+00:00,0.416376078,0,0,0.660331014
2023-12-04 05:00:00+00:00,0.422978724,0,0,0.676138924
2023-12-04 06:00:00+00:00,0.436548819,0,0,0.704333484
2023-12-04 07:00:00+00:00,0.415454325,0,0.004124332,0.713337752
2023-12-04 08:00:00+00:00,0.411313399,0,0.046444926,0.71275151
2023-12-04 09:00:00+00:00,0.41382246,0,0.124238958,0.709327244
2023-12-04 10:00:00+00:00,0.422856195,0,0.161340512,0.694819506
2023-12-04 11:00:00+00:00,0.445557491,0,0.1915461,0.685645811
2023-12-04 12:00:00+00:00,0.470542284,0,0.216651183,0.68458524
2023-12-04 13:00:00+00:00,0.478108454,0,0.230931203,0.705789617
2023-12-04 14:00:00+00:00,0.449375386,0,0.197553052,0.708111115
2023-12-04 15:00:00+00:00,0.417392512,0,0.118911841,0.712968263
2023-12-04 16:00:00+00:00,0.379778871,0,0.021179472,0.736063398
2023-12-04 17:00:00+00:00,0.353621698,0,0,0.755943765
2023-12-04 18:00:00+00:00,0.32964777,0,0,0.769732771
2023-12-04 19:00:00+00:00,0.317347522,0,0,0.774778804
2023-12-04 20:00:00+00:00,0.323448913,0,0,0.774198663
2023-12-04 21:00:00+00:00,0.342660915,0,0,0.768951909
2023-12-04 22:00:00+00:00,0.363451871,0,0,0.757973663
2023-12-04 23:00:00+00:00,0.343877851,0,0,0.739140217
2023-12-05 00:00:00+00:00,0.309383132,0,0,0.73115896
2023-12-05 01:00:00+00:00,0.268319183,0,0,0.725169197
2023-12-05 02:00:00+00:00,0.234462171,0,0,0.723050399
2023-12-05 03:00:00+00:00,0.196001965,0,0,0.716553216
2023-12-05 04:00:00+00:00,0.163228222,0,0,0.693967461
2023-12-05 05:00:00+00:00,0.152156049,0,0,0.709574449
2023-12-05 06:00:00+00:00,0.146714645,0,0.000871583,0.727175495
2023-12-05 07:00:00+00:00,0.132323048,0,0.015618771,0.729070761
2023-12-05 08:00:00+00:00,0.123428551,0,0.097816041,0.725152157
2023-12-05 09:00:00+00:00,0.118215495,0,0.200401386,0.727447143
2023-12-05 10:00:00+00:00,0.120501777,0,0.262688209,0.725220426
2023-12-05 11:00:00+00:00,0.128947929,0,0.285673601,0.726002022
2023-12-05 12:00:00+00:00,0.131223071,0,0.261380834,0.728696435
2023-12-05 13:00:00+00:00,0.131857994,0,0.228372234,0.729585252
2023-12-05 14:00:00+00:00,0.133403531,0,0.143853067,0.730697347
2023-12-05 15:00:00+00:00,0.131220286,0,0.060526225,0.741764749
2023-12-05 16:00:00+00:00,0.141944365,0,0.010354409,0.751071941
2023-12-05 17:00:00+00:00,0.159641462,0,0,0.760470707
2023-12-05 18:00:00+00:00,0.171412608,0,0,0.768500299
2023-12-05 19:00:00+00:00,0.163306195,0,0,0.76496641
2023-12-05 20:00:00+00:00,0.15288287,0,0,0.75857306
2023-12-05 21:00:00+00:00,0.147733864,0,0,0.753418321
2023-12-05 22:00:00+00:00,0.137694834,0,0,0.744273722
2023-12-05 23:00:00+00:00,0.115447452,0,0,0.729613102
2023-12-06 00:00:00+00:00,0.101565465,0,0,0.721498495
2023-12-06 01:00:00+00:00,0.099655125,0,0,0.718748052
2023-12-06 02:00:00+00:00,0.096455445,0,0,0.713533361
2023-12-06 03:00:00+00:00,0.101830016,0,0,0.708993483
2023-12-06 04:00:00+00:00,0.109964276,0,0,0.703383158
2023-12-06 05:00:00+00:00,0.10616309,0,0,0.705878902
2023-12-06 06:00:00+00:00,0.100618649,0,0,0.715103075
2023-12-06 07:00:00+00:00,0.098095664,0,0.008353254,0.716768907
2023-12-06 08:00:00+00:00,0.104600844,0,0.103415092,0.719381419
2023-12-06 09:00:00+00:00,0.104882104,0,0.213820281,0.712712886
2023-12-06 10:00:00+00:00,0.108791896,0,0.258780029,0.706473682
2023-12-06 11:00:00+00:00,0.111189567,0,0.275476078,0.703440782
2023-12-06 12:00:00+00:00,0.11553378,0,0.259313438,0.702677326
2023-12-06 13:00:00+00:00,0.107875712,0,0.212704654,0.699925619
2023-12-06 14:00:00+00:00,0.115001892,0,0.162783854,0.700302564
2023-12-06 15:00:00+00:00,0.125912549,0,0.101546417,0.706810521
2023-12-06 16:00:00+00:00,0.131927613,0,0.020339266,0.712525229
2023-12-06 17:00:00+00:00,0.140646671,0,0,0.720318169
2023-12-06 18:00:00+00:00,0.140813756,0,0,0.71527875
2023-12-06 19:00:00+00:00,0.154085882,0,0,0.713682066
2023-12-06 20:00:00+00:00,0.168616717,0,0,0.706137907
2023-12-06 21:00:00+00:00,0.182273139,0,0,0.701285889
2023-12-06 22:00:00+00:00,0.198129516,0,0,0.693082052
2023-12-06 23:00:00+00:00,0.206533896,0,0,0.678337864
2023-12-07 00:00:00+00:00,0.210170782,0,0,0.666594843
2023-12-07 01:00:00+00:00,0.215183335,0,0,0.662966686
2023-12-07 02:00:00+00:00,0.223643411,0,0,0.661823004
2023-12-07 03:00:00+00:00,0.236180363,0,0,0.658374955
2023-12-07 04:00:00+00:00,0.255047056,0,0,0.663686919
2023-12-07 05:00:00+00:00,0.264284078,0,0,0.664125538
2023-12-07 06:00:00+00:00,0.27065002,0,0,0.683668169
2023-12-07 07:00:00+00:00,0.284618335,0,0.007962784,0.695007274
2023-12-07 08:00:00+00:00,0.27591877,0,0.073031701,0.699261634
2023-12-07 09:00:00+00:00,0.261307178,0,0.177848298,0.703218202
2023-12-07 10:00:00+00:00,0.263671432,0,0.229867871,0.70683597
2023-12-07 11:00:00+00:00,0.270811536,0,0.229662177,0.708397054
2023-12-07 12:00:00+00:00,0.267441986,0,0.233270532,0.708378951
2023-12-07 13:00:00+00:00,0.270001173,0,0.184664079,0.711410221
2023-12-07 14:00:00+00:00,0.273278826,0,0.129517266,0.717128026
2023-12-07 15:00:00+00:00,0.285063895,0,0.057154941,0.722161178
2023-12-07 16:00:00+00:00,0.319631018,0,0.009047034,0.72907972
2023-12-07 17:00:00+00:00,0.380892771,0,0,0.738349168
2023-12-07 18:00:00+00:00,0.41915526,0,0,0.749579969
2023-12-07 19:00:00+00:00,0.43749285,0,0,0.758296484
2023-12-07 20:00:00+00:00,0.44467751,0,0,0.761202796
2023-12-07 21:00:00+00:00,0.451377622,0,0,0.765928389
2023-12-07 22:00:00+00:00,0.433967354,0,0,0.762809392
2023-12-07 23:00:00+00:00,0.418854507,0,0,0.731396491
2023-12-08 00:00:00+00:00,0.445368128,0,0,0.699476373
2023-12-08 01:00:00+00:00,0.441714534,0,0,0.71215596
2023-12-08 02:00:00+00:00,0.445003326,0,0,0.7135526
2023-12-08 03:00:00+00:00,0.456487642,0,0,0.723569435
2023-12-08 04:00:00+00:00,0.461820441,0,0,0.722929453
2023-12-08 05:00:00+00:00,0.482772913,0,0,0.718777295
2023-12-08 06:00:00+00:00,0.498520684,0,0,0.730759569
2023-12-08 07:00:00+00:00,0.505034218,0,0.006934316,0.733818378
2023-12-08 08:00:00+00:00,0.507615683,0,0.096933999,0.714807755
2023-12-08 09:00:00+00:00,0.473226784,0,0.257294852,0.686210397
2023-12-08 10:00:00+00:00,0.471658969,0,0.320934372,0.684019079
2023-12-08 11:00:00+00:00,0.484596926,0,0.339669925,0.669473029
2023-12-08 12:00:00+00:00,0.502469462,0,0.309788566,0.669419821
2023-12-08 13:00:00+00:00,0.512099134,0,0.281542297,0.673449238
2023-12-08 14:00:00+00:00,0.499528764,0,0.234183951,0.693086083
2023-12-08 15:00:00+00:00,0.467857783,0,0.157651972,0.699826623
2023-12-08 16:00:00+00:00,0.433986848,0,0.030941204,0.728439793
2023-12-08 17:00:00+00:00,0.422530379,0,0,0.741197269
2023-12-08 18:00:00+00:00,0.427083448,0,0,0.753854319
2023-12-08 19:00:00+00:00,0.447854911,0,0,0.759454696
2023-12-08 20:00:00+00:00,0.46368901,0,0,0.760856906
2023-12-08 21:00:00+00:00,0.45482793,0,0,0.749973423
2023-12-08 22:00:00+00:00,0.440675821,0,0,0.741982254
2023-12-08 23:00:00+00:00,0.439431037,0,0,0.727320279
2023-12-09 00:00:00+00:00,0.428035833,0,0,0.725792084
2023-12-09 01:00:00+00:00,0.434819488,0,0,0.723701081
2023-12-09 02:00:00+00:00,0.436637931,0,0,0.710517464
2023-12-09 03:00:00+00:00,0.440622911,0,0,0.70230311
2023-12-09 04:00:00+00:00,0.441825924,0,0,0.687710558
2023-12-09 05:00:00+00:00,0.440561647,0,0,0.678697202
2023-12-09 06:00:00+00:00,0.445858244,0,0,0.673752767
2023-12-09 07:00:00+00:00,0.447125306,0,0.007335244,0.678712062
2023-12-09 08:00:00+00:00,0.439531288,0,0.076040406,0.70747346
2023-12-09 09:00:00+00:00,0.44983487,0,0.18121261,0.709514352
2023-12-09 10:00:00+00:00,0.452700379,0,0.246156018,0.688016395
2023-12-09 11:00:00+00:00,0.470233176,0,0.271024031,0.703201345
2023-12-09 12:00:00+00:00,0.479035776,0,0.266589415,0.714684446
2023-12-09 13:00:00+00:00,0.486724476,0,0.254212933,0.694855015
2023-12-09 14:00:00+00:00,0.47725632,0,0.2137645,0.701658273
2023-12-09 15:00:00+00:00,0.4545411,0,0.133115161,0.718820609
2023-12-09 16:00:00+00:00,0.429603649,0,0.024397357,0.74360851
2023-12-09 17:00:00+00:00,0.409352934,0,0,0.761155597
2023-12-09 18:00:00+00:00,0.400798177,0,0,0.767332688
2023-12-09 19:00:00+00:00,0.384880536,0,0,0.772824779
2023-12-09 20:00:00+00:00,0.372591426,0,0,0.77105341
2023-12-09 21:00:00+00:00,0.364239956,0,0,0.762438969
2023-12-09 22:00:00+00:00,0.369845661,0,0,0.746331964
2023-12-09 23:00:00+00:00,0.360962303,0,0,0.743325081
2023-12-10 00:00:00+00:00,0.343855573,0,0,0.729760597
2023-12-10 01:00:00+00:00,0.34181992,0,0,0.714001644
2023-12-10 02:00:00+00:00,0.338815173,0,0,0.690403066
2023-12-10 03:00:00+00:00,0.323134236,0,0,0.676400641
2023-12-10 04:00:00+00:00,0.325481782,0,0,0.683137407
2023-12-10 05:00:00+00:00,0.325701777,0,0,0.682091347
2023-12-10 06:00:00+00:00,0.331435581,0,0,0.669316813
2023-12-10 07:00:00+00:00,0.333384907,0,0.007927921,0.683277023
2023-12-10 08:00:00+00:00,0.327642749,0,0.089741694,0.703508208
2023-12-10 09:00:00+00:00,0.322652474,0,0.195391525,0.713048515
2023-12-10 10:00:00+00:00,0.324365096,0,0.242042145,0.728311885
2023-12-10 11:00:00+00:00,0.328831838,0,0.271055408,0.715868693
2023-12-10 12:00:00+00:00,0.318252566,0,0.28387814,0.717667509
2023-12-10 13:00:00+00:00,0.30923554,0,0.268879936,0.736071533
2023-12-10 14:00:00+00:00,0.291162501,0,0.241299557,0.728509693
2023-12-10 15:00:00+00:00,0.277737213,0,0.165691456,0.716158663
2023-12-10 16:00:00+00:00,0.285503886,0,0.033538522,0.736508192
2023-12-10 17:00:00+00:00,0.302440746,0,0,0.75911925
2023-12-10 18:00:00+00:00,0.336253201,0,0,0.764292239
2023-12-10 19:00:00+00:00,0.35438472,0,0,0.766737834
2023-12-10 20:00:00+00:00,0.374610371,0,0,0.754064404
2023-12-10 21:00:00+00:00,0.386537463,0,0,0.747620392
2023-12-10 22:00:00+00:00,0.403850265,0,0,0.729130345
2023-12-10 23:00:00+00:00,0.408896235,0,0,0.725086966
2023-12-11 00:00:00+00:00,0.402741933,0,0,0.70080042
2023-12-11 01:00:00+00:00,0.383204115,0,0,0.686795246
2023-12-11 02:00:00+00:00,0.360168649,0,0,0.686347228
2023-12-11 03:00:00+00:00,0.357698574,0,0,0.686743577
2023-12-11 04:00:00+00:00,0.385986082,0,0,0.687835004
2023-12-11 05:00:00+00:00,0.391176859,0,0,0.705053479
2023-12-11 06:00:00+00:00,0.386247849,0,0,0.730677558
2023-12-11 07:00:00+00:00,0.371836759,0,0.009099329,0.743571792
2023-12-11 08:00:00+00:00,0.357044158,0,0.122046055,0.735760584
2023-12-11 09:00:00+00:00,0.350416448,0,0.28700538,0.726699371
2023-12-11 10:00:00+00:00,0.345966415,0,0.365175936,0.729677377
2023-12-11 11:00:00+00:00,0.341031835,0,0.387711591,0.739751488
2023-12-11 12:00:00+00:00,0.333777557,0,0.386655233,0.749587554
2023-12-11 13:00:00+00:00,0.309697809,0,0.359322383,0.753265017
2023-12-11 14:00:00+00:00,0.278865038,0,0.280646309,0.752866927
2023-12-11 15:00:00+00:00,0.25354329,0,0.14350792,0.752632841
2023-12-11 16:00:00+00:00,0.256222221,0,0.028988858,0.754881764
2023-12-11 17:00:00+00:00,0.27788759,0,0,0.757914518
2023-12-11 18:00:00+00:00,0.295364692,0,0,0.758928991
2023-12-11 19:00:00+00:00,0.315849325,0,0,0.761440876
2023-12-11 20:00:00+00:00,0.33212063,0,0,0.756712058
2023-12-11 21:00:00+00:00,0.356086203,0,0,0.745164023
2023-12-11 22:00:00+00:00,0.372739018,0,0,0.736978215
2023-12-11 23:00:00+00:00,0.385529383,0,0,0.711920517
2023-12-12 00:00:00+00:00,0.387896422,0,0,0.702681283
2023-12-12 01:00:00+00:00,0.387370104,0,0,0.692601749
2023-12-12 02:00:00+00:00,0.38007127,0,0,0.695453515
2023-12-12 03:00:00+00:00,0.376417675,0,0,0.684248402
2023-12-12 04:00:00+00:00,0.387617947,0,0,0.670635418
2023-12-12 05:00:00+00:00,0.405994523,0,0,0.676637989
2023-12-12 06:00:00+00:00,0.404680121,0,0,0.70621094
2023-12-12 07:00:00+00:00,0.4059806,0,0.007966271,0.705076584
2023-12-12 08:00:00+00:00,0.398152663,0,0.093796299,0.69985308
2023-12-12 09:00:00+00:00,0.39291176,0,0.202256115,0.683522726
2023-12-12 10:00:00+00:00,0.394847162,0,0.255712057,0.669429935
2023-12-12 11:00:00+00:00,0.399043783,0,0.303028566,0.671295298
2023-12-12 12:00:00+00:00,0.428077605,0,0.314578787,0.683854397
2023-12-12 13:00:00+00:00,0.445409899,0,0.289707288,0.68400803
2023-12-12 14:00:00+00:00,0.440617342,0,0.249893367,0.668823062
2023-12-12 15:00:00+00:00,0.425529557,0,0.154566568,0.676008836
2023-12-12 16:00:00+00:00,0.426930287,0,0.03025091,0.690338095
2023-12-12 17:00:00+00:00,0.454833499,0,0,0.722304679
2023-12-12 18:00:00+00:00,0.476225962,0,0,0.735022486
2023-12-12 19:00:00+00:00,0.471906812,0,0,0.73598463
2023-12-12 20:00:00+00:00,0.486273346,0,0,0.730727212
2023-12-12 21:00:00+00:00,0.512942913,0,0,0.72134008
2023-12-12 22:00:00+00:00,0.513692012,0,0,0.704717044
2023-12-12 23:00:00+00:00,0.508025042,0,0,0.688018117
2023-12-13 00:00:00+00:00,0.512346977,0,0,0.676203199
2023-12-13 01:00:00+00:00,0.521859688,0,0,0.652909578
2023-12-13 02:00:00+00:00,0.509734879,0,0,0.67265064
2023-12-13 03:00:00+00:00,0.50586129,0,0,0.6781398
2023-12-13 04:00:00+00:00,0.51898304,0,0,0.664311016
2023-12-13 05:00:00+00:00,0.525440879,0,0,0.684120475
2023-12-13 06:00:00+00:00,0.539707162,0,0,0.69485463
2023-12-13 07:00:00+00:00,0.520375416,0,0.003981392,0.705267155
2023-12-13 08:00:00+00:00,0.488916075,0,0.055345534,0.715073026
2023-12-13 09:00:00+00:00,0.477958077,0,0.158007578,0.705407651
2023-12-13 10:00:00+00:00,0.491085397,0,0.247564497,0.681439968
2023-12-13 11:00:00+00:00,0.500403176,0,0.29083686,0.662327309
2023-12-13 12:00:00+00:00,0.507125567,0,0.304851918,0.658661774
2023-12-13 13:00:00+00:00,0.508935656,0,0.312138354,0.65737318
2023-12-13 14:00:00+00:00,0.498615366,0,0.311873393,0.660044342
2023-12-13 15:00:00+00:00,0.479623359,0,0.213224118,0.687363276
2023-12-13 16:00:00+00:00,0.465362645,0,0.044157892,0.715454369
2023-12-13 17:00:00+00:00,0.464719368,0,0,0.745972992
2023-12-13 18:00:00+00:00,0.458431398,0,0,0.764181205
2023-12-13 19:00:00+00:00,0.476284442,0,0,0.765526305
2023-12-13 20:00:00+00:00,0.477075311,0,0,0.763178642
2023-12-13 21:00:00+00:00,0.461650571,0,0,0.74006
2023-12-13 22:00:00+00:00,0.468631944,0,0,0.703901113
2023-12-13 23:00:00+00:00,0.459564792,0,0,0.689851526
2023-12-14 00:00:00+00:00,0.450419668,0,0,0.679239141
2023-12-14 01:00:00+00:00,0.464463171,0,0,0.661522206
2023-12-14 02:00:00+00:00,0.44971791,0,0,0.653258949
2023-12-14 03:00:00+00:00,0.44758479,0,0,0.653652513
2023-12-14 04:00:00+00:00,0.447103028,0,0,0.667657192
2023-12-14 05:00:00+00:00,0.442694766,0,0,0.696958294
2023-12-14 06:00:00+00:00,0.428431268,0,0,0.711864854
2023-12-14 07:00:00+00:00,0.415632549,0,0.008339308,0.70490767
2023-12-14 08:00:00+00:00,0.39352719,0,0.163948289,0.686519678
2023-12-14 09:00:00+00:00,0.351552627,0,0.396605227,0.665269037
2023-12-14 10:00:00+00:00,0.353379424,0,0.467147686,0.654076145
2023-12-14 11:00:00+00:00,0.369987684,0,0.463689244,0.656640121
2023-12-14 12:00:00+00:00,0.379873552,0,0.462218011,0.65719756
2023-12-14 13:00:00+00:00,0.386217217,0,0.450263376,0.66522193
2023-12-14 14:00:00+00:00,0.366478896,0,0.441666079,0.662695588
2023-12-14 15:00:00+00:00,0.369386177,0,0.286921708,0.685091707
2023-12-14 16:00:00+00:00,0.389316645,0,0.066801624,0.720984113
2023-12-14 17:00:00+00:00,0.388049583,0,0.022190509,0.740313032
2023-12-14 18:00:00+00:00,0.395727144,0,0.007812872,0.751650689
2023-12-14 19:00:00+00:00,0.396119794,0,0,0.757126455
2023-12-14 20:00:00+00:00,0.382519066,0,0,0.753716389
2023-12-14 21:00:00+00:00,0.367531533,0,0,0.741760352
2023-12-14 22:00:00+00:00,0.366788004,0,0,0.732429304
2023-12-14 23:00:00+00:00,0.352939434,0,0,0.724248278
2023-12-15 00:00:00+00:00,0.342755596,0,0,0.713768144
2023-12-15 01:00:00+00:00,0.340355141,0,0,0.704209039
2023-12-15 02:00:00+00:00,0.338127339,0,0,0.697972766
2023-12-15 03:00:00+00:00,0.333571485,0,0,0.691216579
2023-12-15 04:00:00+00:00,0.320736565,0,0,0.688164971
2023-12-15 05:00:00+00:00,0.293657639,0,0,0.694114334
2023-12-15 06:00:00+00:00,0.302145562,0,0,0.701612503
2023-12-15 07:00:00+00:00,0.312727619,0,0.008872717,0.699352587
2023-12-15 08:00:00+00:00,0.30811607,0,0.169592662,0.680024621
2023-12-15 09:00:00+00:00,0.293582451,0,0.404456448,0.652085841
2023-12-15 10:00:00+00:00,0.305776878,0,0.476686292,0.63492902
2023-12-15 11:00:00+00:00,0.313036726,0,0.472983807,0.637295811
2023-12-15 12:00:00+00:00,0.311432709,0,0.460408604,0.629926521
2023-12-15 13:00:00+00:00,0.311262839,0,0.463434741,0.622552907
2023-12-15 14:00:00+00:00,0.324487625,0,0.448851411,0.6216395
2023-12-15 15:00:00+00:00,0.342502184,0,0.292029186,0.650479154
2023-12-15 16:00:00+00:00,0.358105148,0,0.052877211,0.690146754
2023-12-15 17:00:00+00:00,0.384980787,0,0,0.71893483
2023-12-15 18:00:00+00:00,0.394176037,0,0,0.735732221
2023-12-15 19:00:00+00:00,0.39144698,0,0,0.740691517
2023-12-15 20:00:00+00:00,0.390786994,0,0,0.736905622
2023-12-15 21:00:00+00:00,0.389060448,0,0,0.732079549
2023-12-15 22:00:00+00:00,0.395936,0,0,0.72621599
2023-12-15 23:00:00+00:00,0.401480441,0,0,0.716707307
2023-12-16 00:00:00+00:00,0.395947139,0,0,0.702389188
2023-12-16 01:00:00+00:00,0.36817481,0,0,0.698152106
2023-12-16 02:00:00+00:00,0.334546148,0,0,0.688342753
2023-12-16 03:00:00+00:00,0.289388614,0,0,0.683545812
2023-12-16 04:00:00+00:00,0.270279648,0,0,0.677911027
2023-12-16 05:00:00+00:00,0.267539452,0,0,0.677024627
2023-12-16 06:00:00+00:00,0.25948595,0,0,0.698433867
2023-12-16 07:00:00+00:00,0.23705756,0,0.008918039,0.726955517
2023-12-16 08:00:00+00:00,0.214826887,0,0.176994147,0.729098757
2023-12-16 09:00:00+00:00,0.158207315,0,0.401116541,0.706813379
2023-12-16 10:00:00+00:00,0.130629919,0,0.447104758,0.691399839
2023-12-16 11:00:00+00:00,0.112203216,0,0.463772916,0.70130062
2023-12-16 12:00:00+00:00,0.092116802,0,0.473172069,0.70409009
2023-12-16 13:00:00+00:00,0.08221144,0,0.480876865,0.70122647
2023-12-16 14:00:00+00:00,0.072612401,0,0.464811843,0.706457485
2023-12-16 15:00:00+00:00,0.062523246,0,0.29215818,0.725758114
2023-12-16 16:00:00+00:00,0.065394325,0,0.065647648,0.726932596
2023-12-16 17:00:00+00:00,0.064806742,0,0.021249199,0.735355367
2023-12-16 18:00:00+00:00,0.061155933,0,0.006725136,0.739321132
2023-12-16 19:00:00+00:00,0.055043403,0,0,0.741660751
2023-12-16 20:00:00+00:00,0.055759084,0,0,0.739408933
2023-12-16 21:00:00+00:00,0.051105764,0,0,0.736169869
2023-12-16 22:00:00+00:00,0.051721194,0,0,0.731281537
2023-12-16 23:00:00+00:00,0.055770223,0,0,0.711010299
2023-12-17 00:00:00+00:00,0.056717038,0,0,0.695536112
2023-12-17 01:00:00+00:00,0.061047327,0,0,0.687440065
2023-12-17 02:00:00+00:00,0.065352553,0,0,0.678664772
2023-12-17 03:00:00+00:00,0.068321099,0,0,0.670320402
2023-12-17 04:00:00+00:00,0.073623266,0,0,0.6676606
2023-12-17 05:00:00+00:00,0.080120092,0,0,0.669613965
2023-12-17 06:00:00+00:00,0.081788158,0,0,0.674518238
2023-12-17 07:00:00+00:00,0.076591811,0,0.007223682,0.680133016
2023-12-17 08:00:00+00:00,0.070654721,0,0.159810012,0.669019734
2023-12-17 09:00:00+00:00,0.066577844,0,0.387052675,0.665594992
2023-12-17 10:00:00+00:00,0.065658876,0,0.45969042,0.66531444
2023-12-17 11:00:00+00:00,0.06270147,0,0.462211038,0.65929045
2023-12-17 12:00:00+00:00,0.057532971,0,0.435533619,0.655273273
2023-12-17 13:00:00+00:00,0.05080501,0,0.443939168,0.663160829
2023-12-17 14:00:00+00:00,0.045530691,0,0.441951958,0.662872399
2023-12-17 15:00:00+00:00,0.042239114,0,0.284038511,0.668922919
2023-12-17 16:00:00+00:00,0.043456051,0,0.055300212,0.704101138
2023-12-17 17:00:00+00:00,0.046029161,0,0,0.713876906
2023-12-17 18:00:00+00:00,0.051913342,0,0,0.718588318
2023-12-17 19:00:00+00:00,0.055820348,0,0,0.722752899
2023-12-17 20:00:00+00:00,0.065010029,0,0,0.719911339
2023-12-17 21:00:00+00:00,0.070317766,0,0,0.71265638
2023-12-17 22:00:00+00:00,0.072108361,0,0,0.703533878
2023-12-17 23:00:00+00:00,0.071013954,0,0,0.687961465
2023-12-18 00:00:00+00:00,0.068719318,0,0,0.674117198
2023-12-18 01:00:00+00:00,0.068880834,0,0,0.670843304
2023-12-18 02:00:00+00:00,0.062216923,0,0,0.666595026
2023-12-18 03:00:00+00:00,0.055138084,0,0,0.662872362
2023-12-18 04:00:00+00:00,0.05277383,0,0,0.662487208
2023-12-18 05:00:00+00:00,0.055622631,0,0,0.67328507
2023-12-18 06:00:00+00:00,0.053528498,0,0,0.699593892
2023-12-18 07:00:00+00:00,0.051005513,0,0.006376503,0.700975985
2023-12-18 08:00:00+00:00,0.041701657,0,0.149664784,0.698833807
2023-12-18 09:00:00+00:00,0.03179908,0,0.381369952,0.684311284
2023-12-18 10:00:00+00:00,0.025057196,0,0.450413288,0.666554387
2023-12-18 11:00:00+00:00,0.025758953,0,0.450360993,0.664070095
2023-12-18 12:00:00+00:00,0.026357675,0,0.454272659,0.668064443
2023-12-18 13:00:00+00:00,0.025246559,0,0.458825809,0.673450777
2023-12-18 14:00:00+00:00,0.024244049,0,0.453666037,0.678526804
2023-12-18 15:00:00+00:00,0.017023187,0,0.293601522,0.691309913
2023-12-18 16:00:00+00:00,0.0127291,0,0.066878323,0.700261742
2023-12-18 17:00:00+00:00,0.015900932,0,0.021712881,0.701522211
2023-12-18 18:00:00+00:00,0.019468199,0,0,0.70748024
2023-12-18 19:00:00+00:00,0.022369911,0,0,0.719217581
2023-12-18 20:00:00+00:00,0.023960004,0,0,0.715436835
2023-12-18 21:00:00+00:00,0.022258521,0,0,0.710565762
2023-12-18 22:00:00+00:00,0.025282761,0,0,0.703658873
2023-12-18 23:00:00+00:00,0.030699103,0,0,0.685071112
2023-12-19 00:00:00+00:00,0.035363562,0,0,0.670818404
2023-12-19 01:00:00+00:00,0.042239114,0,0,0.66217406
2023-12-19 02:00:00+00:00,0.05108627,0,0,0.659392176
2023-12-19 03:00:00+00:00,0.050270338,0,0,0.658938808
2023-12-19 04:00:00+00:00,0.049991863,0,0,0.658617635
2023-12-19 05:00:00+00:00,0.047254452,0,0,0.670577978
2023-12-19 06:00:00+00:00,0.044823364,0,0,0.688455142
2023-12-19 07:00:00+00:00,0.053868237,0,0.006909912,0.686174338
2023-12-19 08:00:00+00:00,0.054188484,0,0.150822246,0.676594968
2023-12-19 09:00:00+00:00,0.051893848,0,0.366877266,0.655163558
2023-12-19 10:00:00+00:00,0.050657419,0,0.445929864,0.646690767
2023-12-19 11:00:00+00:00,0.052044225,0,0.445431318,0.641069815
2023-12-19 12:00:00+00:00,0.061492888,0,0.445211679,0.635650683
2023-12-19 13:00:00+00:00,0.080674257,0,0.463870533,0.648451308
2023-12-19 14:00:00+00:00,0.104823624,0,0.456503912,0.656923568
2023-12-19 15:00:00+00:00,0.133325558,0,0.298869371,0.666320337
2023-12-19 16:00:00+00:00,0.19786218,0,0.071515146,0.680040671
2023-12-19 17:00:00+00:00,0.281477135,0,0.022898234,0.690300131
2023-12-19 18:00:00+00:00,0.340151854,0,0,0.692872517
2023-12-19 19:00:00+00:00,0.362204303,0,0,0.683868469
2023-12-19 20:00:00+00:00,0.364381978,0,0,0.675432891
2023-12-19 21:00:00+00:00,0.369338836,0,0,0.660434132
2023-12-19 22:00:00+00:00,0.389029816,0,0,0.629983962
2023-12-19 23:00:00+00:00,0.409990642,0,0,0.60178986
2023-12-20 00:00:00+00:00,0.425487785,0,0,0.604090013
2023-12-20 01:00:00+00:00,0.440854045,0,0,0.602861883
2023-12-20 02:00:00+00:00,0.445415469,0,0,0.61086936
2023-12-20 03:00:00+00:00,0.454282118,0,0,0.607681342
2023-12-20 04:00:00+00:00,0.475357119,0,0,0.618510682
2023-12-20 05:00:00+00:00,0.485563234,0,0,0.620061725
2023-12-20 06:00:00+00:00,0.495273664,0,0,0.652920682
2023-12-20 07:00:00+00:00,0.491787155,0,0.005543269,0.66428716
2023-12-20 08:00:00+00:00,0.48213799,0,0.070803934,0.670159678
2023-12-20 09:00:00+00:00,0.472421991,0,0.156114499,0.657196131
2023-12-20 10:00:00+00:00,0.458531649,0,0.224812688,0.636177873
2023-12-20 11:00:00+00:00,0.465521376,0,0.283348217,0.637499923
2023-12-20 12:00:00+00:00,0.476050523,0,0.300249959,0.666017139
2023-12-20 13:00:00+00:00,0.478398068,0,0.30841495,0.667321398
2023-12-20 14:00:00+00:00,0.480520049,0,0.295107618,0.667812144
2023-12-20 15:00:00+00:00,0.474961685,0,0.185019685,0.685875867
2023-12-20 16:00:00+00:00,0.4890943,0,0.038687836,0.702765988
2023-12-20 17:00:00+00:00,0.487888502,0,0,0.71368661
2023-12-20 18:00:00+00:00,0.479060839,0,0,0.718729913
2023-12-20 19:00:00+00:00,0.468130689,0,0,0.720844991
2023-12-20 20:00:00+00:00,0.45179812,0,0,0.7193244
2023-12-20 21:00:00+00:00,0.44528737,0,0,0.706171583
2023-12-20 22:00:00+00:00,0.427205977,0,0,0.671797532
2023-12-20 23:00:00+00:00,0.404279116,0,0,0.638242345
2023-12-21 00:00:00+00:00,0.395760561,0,0,0.62214659
2023-12-21 01:00:00+00:00,0.391107241,0,0,0.622832799
2023-12-21 02:00:00+00:00,0.377576132,0,0,0.623097081
2023-12-21 03:00:00+00:00,0.369004666,0,0,0.615284939
2023-12-21 04:00:00+00:00,0.364735642,0,0,0.614846796
2023-12-21 05:00:00+00:00,0.360257761,0,0,0.62406058
2023-12-21 06:00:00+00:00,0.364512862,0,0,0.64944962
2023-12-21 07:00:00+00:00,0.348698257,0,0.006766972,0.661528747
2023-12-21 08:00:00+00:00,0.343170524,0,0.149570653,0.650035679
2023-12-21 09:00:00+00:00,0.311655489,0,0.375063176,0.608741437
2023-12-21 10:00:00+00:00,0.298583865,0,0.446954846,0.611811129
2023-12-21 11:00:00+00:00,0.295311781,0,0.441191938,0.615900131
2023-12-21 12:00:00+00:00,0.295236593,0,0.438287822,0.617130953
2023-12-21 13:00:00+00:00,0.302103791,0,0.439888049,0.620324046
2023-12-21 14:00:00+00:00,0.305879914,0,0.432852629,0.624875779
2023-12-21 15:00:00+00:00,0.319040651,0,0.290676489,0.626136431
2023-12-21 16:00:00+00:00,0.338208097,0,0.060784213,0.671389952
2023-12-21 17:00:00+00:00,0.370527925,0,0,0.692211776
2023-12-21 18:00:00+00:00,0.384529657,0,0,0.696864886
2023-12-21 19:00:00+00:00,0.384454469,0,0,0.695986952
2023-12-21 20:00:00+00:00,0.383922581,0,0,0.695859612
2023-12-21 21:00:00+00:00,0.392079119,0,0,0.690123283
2023-12-21 22:00:00+00:00,0.387590099,0,0,0.681118301
2023-12-21 23:00:00+00:00,0.375902496,0,0,0.631845422
2023-12-22 00:00:00+00:00,0.383975492,0,0,0.594207811
2023-12-22 01:00:00+00:00,0.38371094,0,0,0.599796149
2023-12-22 02:00:00+00:00,0.376665518,0,0,0.603534259
2023-12-22 03:00:00+00:00,0.378035616,0,0,0.603411389
2023-12-22 04:00:00+00:00,0.385696468,0,0,0.605362831
2023-12-22 05:00:00+00:00,0.396790919,0,0,0.602165432
2023-12-22 06:00:00+00:00,0.39936403,0,0,0.643859358
2023-12-22 07:00:00+00:00,0.392758598,0,0.006202186,0.650901301
2023-12-22 08:00:00+00:00,0.375211878,0,0.149016326,0.650105597
2023-12-22 09:00:00+00:00,0.338041012,0,0.382715676,0.608849283
2023-12-22 10:00:00+00:00,0.290522008,0,0.441320932,0.614131784
2023-12-22 11:00:00+00:00,0.282039655,0,0.437043201,0.601087124
2023-12-22 12:00:00+00:00,0.271964423,0,0.438197178,0.603044209
2023-12-22 13:00:00+00:00,0.25786244,0,0.460729347,0.59301409
2023-12-22 14:00:00+00:00,0.259689237,0,0.460412091,0.604351546
2023-12-22 15:00:00+00:00,0.271752782,0,0.30709363,0.616697043
2023-12-22 16:00:00+00:00,0.303426548,0,0.07220544,0.653642619
2023-12-22 17:00:00+00:00,0.343604946,0,0.014851778,0.670832292
2023-12-22 18:00:00+00:00,0.358567417,0,0,0.678859868
2023-12-22 19:00:00+00:00,0.357840597,0,0,0.68157898
2023-12-22 20:00:00+00:00,0.338859729,0,0,0.685751312
2023-12-22 21:00:00+00:00,0.329775869,0,0,0.675315701
2023-12-22 22:00:00+00:00,0.329689541,0,0,0.652618582
2023-12-22 23:00:00+00:00,0.325880001,0,0,0.621984474
2023-12-23 00:00:00+00:00,0.32219299,0,0,0.617882134
2023-12-23 01:00:00+00:00,0.311836498,0,0,0.620229338
2023-12-23 02:00:00+00:00,0.312797237,0,0,0.612043383
2023-12-23 03:00:00+00:00,0.311510682,0,0,0.616649991
2023-12-23 04:00:00+00:00,0.31057779,0,0,0.614202582
2023-12-23 05:00:00+00:00,0.309817553,0,0,0.613908233
2023-12-23 06:00:00+00:00,0.306111049,0,0,0.623762402
2023-12-23 07:00:00+00:00,0.298508676,0,0.006606601,0.633287703
2023-12-23 08:00:00+00:00,0.29476597,0,0.150525908,0.621128526
2023-12-23 09:00:00+00:00,0.282290282,0,0.366577442,0.595252295
2023-12-23 10:00:00+00:00,0.261073259,0,0.443569617,0.586195314
2023-12-23 11:00:00+00:00,0.235303166,0,0.447795052,0.597295312
2023-12-23 12:00:00+00:00,0.214473224,0,0.459801982,0.60020296
2023-12-23 13:00:00+00:00,0.199869986,0,0.462768852,0.584885613
2023-12-23 14:00:00+00:00,0.192557227,0,0.446508595,0.572044239
2023-12-23 15:00:00+00:00,0.192267613,0,0.298409175,0.587436306
2023-12-23 16:00:00+00:00,0.198625201,0,0.062659861,0.626464694
2023-12-23 17:00:00+00:00,0.220145763,0,0,0.660010666
2023-12-23 18:00:00+00:00,0.213284135,0,0,0.675744224
2023-12-23 19:00:00+00:00,0.201451724,0,0,0.680950706
2023-12-23 20:00:00+00:00,0.186285967,0,0,0.681921498
2023-12-23 21:00:00+00:00,0.176188457,0,0,0.671273201
2023-12-23 22:00:00+00:00,0.17968889,0,0,0.636275659
2023-12-23 23:00:00+00:00,0.170510348,0,0,0.64649928
2023-12-24 00:00:00+00:00,0.148218411,0,0,0.651824638
2023-12-24 01:00:00+00:00,0.123409057,0,0,0.647115278
2023-12-24 02:00:00+00:00,0.102439877,0,0,0.6304512
2023-12-24 03:00:00+00:00,0.087541455,0,0,0.623452388
2023-12-24 04:00:00+00:00,0.075299687,0,0,0.621911166
2023-12-24 05:00:00+00:00,0.06735479,0,0,0.622340294
2023-12-24 06:00:00+00:00,0.062684761,0,0,0.630839634
2023-12-24 07:00:00+00:00,0.060618476,0,0.005525838,0.641612908
2023-12-24 08:00:00+00:00,0.050515396,0,0.137874006,0.633648709
2023-12-24 09:00:00+00:00,0.034413962,0,0.368013811,0.600285301
2023-12-24 10:00:00+00:00,0.021890933,0,0.452989688,0.601997361
2023-12-24 11:00:00+00:00,0.017284954,0,0.458731678,0.607153731
2023-12-24 12:00:00+00:00,0.016282443,0,0.45251206,0.610012386
2023-12-24 13:00:00+00:00,0.019434782,0,0.458623602,0.601789695
2023-12-24 14:00:00+00:00,0.024497461,0,0.441397631,0.588392037
2023-12-24 15:00:00+00:00,0.025424783,0,0.299043688,0.625311815
2023-12-24 16:00:00+00:00,0.031384152,0,0.060784213,0.64767902
2023-12-24 17:00:00+00:00,0.039281708,0,0,0.655455544
2023-12-24 18:00:00+00:00,0.04223076,0,0,0.660000112
2023-12-24 19:00:00+00:00,0.048605057,0,0,0.662695918
2023-12-24 20:00:00+00:00,0.051671068,0,0,0.659310825
2023-12-24 21:00:00+00:00,0.056652989,0,0,0.653052493
2023-12-24 22:00:00+00:00,0.06006431,0,0,0.649531851
2023-12-24 23:00:00+00:00,0.060665816,0,0,0.644581112
2023-12-25 00:00:00+00:00,0.06213895,0,0,0.637729978
2023-12-25 01:00:00+00:00,0.068156798,0,0,0.63370254
2023-12-25 02:00:00+00:00,0.072484303,0,0,0.629740256
2023-12-25 03:00:00+00:00,0.0738544,0,0,0.602000384
2023-12-25 04:00:00+00:00,0.074386288,0,0,0.592295176
2023-12-25 05:00:00+00:00,0.072941002,0,0,0.593014695
2023-12-25 06:00:00+00:00,0.070025367,0,0,0.606569468
2023-12-25 07:00:00+00:00,0.062356161,0,0.005097019,0.612457542
2023-12-25 08:00:00+00:00,0.051036145,0,0.118625962,0.605000744
2023-12-25 09:00:00+00:00,0.034196751,0,0.316308008,0.588211012
2023-12-25 10:00:00+00:00,0.023146856,0,0.401507011,0.587016247
2023-12-25 11:00:00+00:00,0.021022091,0,0.418262326,0.583542584
2023-12-25 12:00:00+00:00,0.023269385,0,0.424614425,0.582340967
2023-12-25 13:00:00+00:00,0.025199218,0,0.433752103,0.579341963
2023-12-25 14:00:00+00:00,0.026644504,0,0.418436643,0.581659265
2023-12-25 15:00:00+00:00,0.030855049,0,0.273729425,0.615263062
2023-12-25 16:00:00+00:00,0.036561005,0,0.054059077,0.631631655
2023-12-25 17:00:00+00:00,0.044118822,0,0,0.641202249
2023-12-25 18:00:00+00:00,0.05198296,0,0,0.644084063
2023-12-25 19:00:00+00:00,0.059000535,0,0,0.647455799
2023-12-25 20:00:00+00:00,0.06309412,0,0,0.646699067
2023-12-25 21:00:00+00:00,0.070599026,0,0,0.632614631
2023-12-25 22:00:00+00:00,0.07138711,0,0,0.623577658
2023-12-25 23:00:00+00:00,0.068229202,0,0,0.615224695
2023-12-26 00:00:00+00:00,0.075909547,0,0,0.601960258
2023-12-26 01:00:00+00:00,0.077572044,0,0,0.586482956
2023-12-26 02:00:00+00:00,0.074461476,0,0,0.57505442
2023-12-26 03:00:00+00:00,0.069805371,0,0,0.575024298
2023-12-26 04:00:00+00:00,0.067251754,0,0,0.57475441
2023-12-26 05:00:00+00:00,0.075681198,0,0,0.580509683
2023-12-26 06:00:00+00:00,0.084884802,0,0,0.582033921
2023-12-26 07:00:00+00:00,0.088939401,0,0.004737926,0.586746688
2023-12-26 08:00:00+00:00,0.083177749,0,0.100856123,0.588888389
2023-12-26 09:00:00+00:00,0.067307449,0,0.25786661,0.582432652
2023-12-26 10:00:00+00:00,0.058429661,0,0.318263841,0.565886625
2023-12-26 11:00:00+00:00,0.061180995,0,0.338383468,0.54780229
2023-12-26 12:00:00+00:00,0.06376246,0,0.349278258,0.549899504
2023-12-26 13:00:00+00:00,0.064227514,0,0.358144002,0.551757556
2023-12-26 14:00:00+00:00,0.058254221,0,0.345582745,0.554869664
2023-12-26 15:00:00+00:00,0.059607611,0,0.230694132,0.566178225
2023-12-26 16:00:00+00:00,0.064912563,0,0.047787165,0.589546217
2023-12-26 17:00:00+00:00,0.080966656,0,0,0.604208962
2023-12-26 18:00:00+00:00,0.097953642,0,0,0.613841064
2023-12-26 19:00:00+00:00,0.111106024,0,0,0.613304145
2023-12-26 20:00:00+00:00,0.123108304,0,0,0.60913196
2023-12-26 21:00:00+00:00,0.135408553,0,0,0.603038822
2023-12-26 22:00:00+00:00,0.140613254,0,0,0.593233464
2023-12-26 23:00:00+00:00,0.138572031,0,0,0.58520281
2023-12-27 00:00:00+00:00,0.138945187,0,0,0.571928882
2023-12-27 01:00:00+00:00,0.144662283,0,0,0.567152572
2023-12-27 02:00:00+00:00,0.149084468,0,0,0.546914754
2023-12-27 03:00:00+00:00,0.158558194,0,0,0.520739246
2023-12-27 04:00:00+00:00,0.166750933,0,0,0.525595807
2023-12-27 05:00:00+00:00,0.173782431,0,0,0.547518549
2023-12-27 06:00:00+00:00,0.171468303,0,0,0.564553948
2023-12-27 07:00:00+00:00,0.172309298,0,0.004434615,0.576047126
2023-12-27 08:00:00+00:00,0.176032511,0,0.099154793,0.568426856
2023-12-27 09:00:00+00:00,0.177533492,0,0.260561546,0.551663837
2023-12-27 10:00:00+00:00,0.175180377,0,0.335019157,0.534835225
2023-12-27 11:00:00+00:00,0.171543491,0,0.358300887,0.527385829
2023-12-27 12:00:00+00:00,0.172899665,0,0.366005683,0.519282288
2023-12-27 13:00:00+00:00,0.174478619,0,0.365538514,0.535490927
2023-12-27 14:00:00+00:00,0.171195397,0,0.34382912,0.537818252
2023-12-27 15:00:00+00:00,0.169449358,0,0.235717938,0.554737157
2023-12-27 16:00:00+00:00,0.165712221,0,0.049934746,0.578945265
2023-12-27 17:00:00+00:00,0.160674605,0,0,0.594727982
2023-12-27 18:00:00+00:00,0.153080587,0,0,0.606936428
2023-12-27 19:00:00+00:00,0.140961348,0,0,0.618270806
2023-12-27 20:00:00+00:00,0.139321129,0,0,0.616476589
2023-12-27 21:00:00+00:00,0.139226447,0,0,0.607193344
2023-12-27 22:00:00+00:00,0.150649499,0,0,0.600384737
2023-12-27 23:00:00+00:00,0.153194762,0,0,0.588209766
2023-12-28 00:00:00+00:00,0.15675089,0,0,0.575300893
2023-12-28 01:00:00+00:00,0.154208411,0,0,0.5677405
2023-12-28 02:00:00+00:00,0.149992297,0,0,0.567629393
2023-12-28 03:00:00+00:00,0.148602706,0,0,0.564676415
2023-12-28 04:00:00+00:00,0.148755868,0,0,0.565766467
2023-12-28 05:00:00+00:00,0.151866435,0,0,0.569645036
2023-12-28 06:00:00+00:00,0.154709667,0,0,0.582286439
2023-12-28 07:00:00+00:00,0.161735595,0,0.005156286,0.594941896
2023-12-28 08:00:00+00:00,0.160911309,0,0.056900439,0.601332607
2023-12-28 09:00:00+00:00,0.149017634,0,0.144466661,0.592419621
2023-12-28 10:00:00+00:00,0.124163725,0,0.222243261,0.582646639
2023-12-28 11:00:00+00:00,0.109722003,0,0.289571321,0.577694526
2023-12-28 12:00:00+00:00,0.100816367,0,0.315746708,0.590028773
2023-12-28 13:00:00+00:00,0.092528946,0,0.310179035,0.606294413
2023-12-28 14:00:00+00:00,0.078362914,0,0.251598184,0.611040088
2023-12-28 15:00:00+00:00,0.065681154,0,0.165883204,0.611616546
2023-12-28 16:00:00+00:00,0.067388207,0,0.030969095,0.618854611
2023-12-28 17:00:00+00:00,0.067778072,0,0,0.630461387
2023-12-28 18:00:00+00:00,0.067123656,0,0,0.640747451
2023-12-28 19:00:00+00:00,0.065845455,0,0,0.644963372
2023-12-28 20:00:00+00:00,0.066480378,0,0,0.641892049
2023-12-28 21:00:00+00:00,0.079226187,0,0,0.634562335
2023-12-28 22:00:00+00:00,0.087354877,0,0,0.633790817
2023-12-28 23:00:00+00:00,0.091406691,0,0,0.624550814
2023-12-29 00:00:00+00:00,0.094085622,0,0,0.603547158
2023-12-29 01:00:00+00:00,0.087446774,0,0,0.599845345
2023-12-29 02:00:00+00:00,0.082793454,0,0,0.599541853
2023-12-29 03:00:00+00:00,0.076886995,0,0,0.597413051
2023-12-29 04:00:00+00:00,0.069284623,0,0,0.594916116
2023-12-29 05:00:00+00:00,0.065307997,0,0,0.599189074
2023-12-29 06:00:00+00:00,0.055667187,0,0,0.616293915
2023-12-29 07:00:00+00:00,0.055029479,0,0.001809407,0.63173219
2023-12-29 08:00:00+00:00,0.052626238,0,0.03822764,0.631791518
2023-12-29 09:00:00+00:00,0.043258333,0,0.107766035,0.623261103
2023-12-29 10:00:00+00:00,0.039448793,0,0.164073797,0.619226629
2023-12-29 11:00:00+00:00,0.04285176,0,0.192208503,0.615213848
2023-12-29 12:00:00+00:00,0.042559361,0,0.203744779,0.613500927
2023-12-29 13:00:00+00:00,0.040468012,0,0.186637344,0.614192853
2023-12-29 14:00:00+00:00,0.043765158,0,0.131881,0.60877123
2023-12-29 15:00:00+00:00,0.041361917,0,0.069914919,0.609313095
2023-12-29 16:00:00+00:00,0.040640667,0,0.018341597,0.615850605
2023-12-29 17:00:00+00:00,0.043378078,0,0,0.637979016
2023-12-29 18:00:00+00:00,0.049359724,0,0,0.646663888
2023-12-29 19:00:00+00:00,0.045241077,0,0,0.653761238
2023-12-29 20:00:00+00:00,0.046274219,0,0,0.652153451
2023-12-29 21:00:00+00:00,0.05372343,0,0,0.645685914
2023-12-29 22:00:00+00:00,0.056547169,0,0,0.640658624
2023-12-29 23:00:00+00:00,0.060225826,0,0,0.627181502
2023-12-30 00:00:00+00:00,0.068226417,0,0,0.618525029
2023-12-30 01:00:00+00:00,0.076232578,0,0,0.613349933
2023-12-30 02:00:00+00:00,0.084096717,0,0,0.600103836
2023-12-30 03:00:00+00:00,0.093227918,0,0,0.592267582
2023-12-30 04:00:00+00:00,0.103968706,0,0,0.588559063
2023-12-30 05:00:00+00:00,0.119610656,0,0,0.588844013
2023-12-30 06:00:00+00:00,0.125558886,0,0,0.591038408
2023-12-30 07:00:00+00:00,0.132016725,0,0.003475874,0.595484366
2023-12-30 08:00:00+00:00,0.146466802,0,0.106730594,0.591221302
2023-12-30 09:00:00+00:00,0.142409418,0,0.318811195,0.565062723
2023-12-30 10:00:00+00:00,0.143308893,0,0.408605184,0.549543647
2023-12-30 11:00:00+00:00,0.162122676,0,0.422738778,0.547123593
2023-12-30 12:00:00+00:00,0.186828993,0,0.416365761,0.54661665
2023-12-30 13:00:00+00:00,0.204088884,0,0.414723698,0.552857667
2023-12-30 14:00:00+00:00,0.207536407,0,0.405289682,0.54692824
2023-12-30 15:00:00+00:00,0.216709379,0,0.275629476,0.546230121
2023-12-30 16:00:00+00:00,0.237191228,0,0.061512857,0.569315087
2023-12-30 17:00:00+00:00,0.260390995,0,0,0.596717718
2023-12-30 18:00:00+00:00,0.299112967,0,0,0.606852548
2023-12-30 19:00:00+00:00,0.341107023,0,0,0.603541276
2023-12-30 20:00:00+00:00,0.364908296,0,0,0.58383292
2023-12-30 21:00:00+00:00,0.382449448,0,0,0.535829689
2023-12-30 22:00:00+00:00,0.405504407,0,0,0.512858835
2023-12-30 23:00:00+00:00,0.416161652,0,0,0.517236303
2023-12-31 00:00:00+00:00,0.420617255,0,0,0.523196384
2023-12-31 01:00:00+00:00,0.358386408,0,0,0.518416831
2023-12-31 02:00:00+00:00,0.330895339,0,0,0.516261847
2023-12-31 03:00:00+00:00,0.318809516,0,0,0.483405053
2023-12-31 04:00:00+00:00,0.322722093,0,0,0.476469581
2023-12-31 05:00:00+00:00,0.331477352,0,0,0.491398476
2023-12-31 06:00:00+00:00,0.344671506,0,0,0.500448147
2023-12-31 07:00:00+00:00,0.370483369,0,0.003210913,0.50435779
2023-12-31 08:00:00+00:00,0.390057389,0,0.045189847,0.526722853
2023-12-31 09:00:00+00:00,0.38298412,0,0.133638111,0.537035777
2023-12-31 10:00:00+00:00,0.379603431,0,0.192902284,0.530922613
2023-12-31 11:00:00+00:00,0.39655143,0,0.218579125,0.530501473
2023-12-31 12:00:00+00:00,0.400945769,0,0.239057844,0.545358453
2023-12-31 13:00:00+00:00,0.412243506,0,0.231088088,0.546769348
2023-12-31 14:00:00+00:00,0.380720117,0,0.213632019,0.540839389
2023-12-31 15:00:00+00:00,0.349177234,0,0.136479473,0.555309254
2023-12-31 16:00:00+00:00,0.2699232,0,0.030996985,0.577082266
2023-12-31 17:00:00+00:00,0.227377763,0,0,0.597156575
2023-12-31 18:00:00+00:00,0.216659254,0,0,0.609185022
2023-12-31 19:00:00+00:00,0.212877561,0,0,0.611631387
2023-12-31 20:00:00+00:00,0.19454554,0,0,0.604537885
2023-12-31 21:00:00+00:00,0.181432144,0,0,0.594966576
2023-12-31 22:00:00+00:00,0.178385626,0,0,0.594777874
2023-12-31 23:00:00+00:00,0.184656887,0,0,0.588736387
