2019-01-01 00:00:00+00:00,22685
2019-01-01 01:00:00+00:00,21316.4
2019-01-01 02:00:00+00:00,20262.16667
2019-01-01 03:00:00+00:00,19429.71429
2019-01-01 04:00:00+00:00,19151.4
2019-01-01 05:00:00+00:00,19298.16667
2019-01-01 06:00:00+00:00,19758.28571
2019-01-01 07:00:00+00:00,19728
2019-01-01 08:00:00+00:00,20262.33333
2019-01-01 09:00:00+00:00,22035.71429
2019-01-01 10:00:00+00:00,23364.8
2019-01-01 11:00:00+00:00,23805
2019-01-01 12:00:00+00:00,24350
2019-01-01 13:00:00+00:00,24261
2019-01-01 14:00:00+00:00,23116
2019-01-01 15:00:00+00:00,22519.71429
2019-01-01 16:00:00+00:00,22872.6
2019-01-01 17:00:00+00:00,25344.5
2019-01-01 18:00:00+00:00,27049.71429
2019-01-01 19:00:00+00:00,28166.8
2019-01-01 20:00:00+00:00,28549.16667
2019-01-01 21:00:00+00:00,27529.14286
2019-01-01 22:00:00+00:00,25618.4
2019-01-01 23:00:00+00:00,23385.66667
2019-01-02 00:00:00+00:00,21332.71429
2019-01-02 01:00:00+00:00,20111.2
2019-01-02 02:00:00+00:00,19671.16667
2019-01-02 03:00:00+00:00,19553.71429
2019-01-02 04:00:00+00:00,20400
2019-01-02 05:00:00+00:00,22843.5
2019-01-02 06:00:00+00:00,27016.42857
2019-01-02 07:00:00+00:00,30440.4
2019-01-02 08:00:00+00:00,32801.83333
2019-01-02 09:00:00+00:00,34625.42857
2019-01-02 10:00:00+00:00,34831.8
2019-01-02 11:00:00+00:00,34342.5
2019-01-02 12:00:00+00:00,34081.28571
2019-01-02 13:00:00+00:00,33364
2019-01-02 14:00:00+00:00,32424.33333
2019-01-02 15:00:00+00:00,31803.85714
2019-01-02 16:00:00+00:00,32042
2019-01-02 17:00:00+00:00,33928.16667
2019-01-02 18:00:00+00:00,34778.28571
2019-01-02 19:00:00+00:00,35219.4
2019-01-02 20:00:00+00:00,34930.66667
2019-01-02 21:00:00+00:00,32649.85714
2019-01-02 22:00:00+00:00,29660.8
2019-01-02 23:00:00+00:00,27280.5
2019-01-03 00:00:00+00:00,24714
2019-01-03 01:00:00+00:00,23416.8
2019-01-03 02:00:00+00:00,22831
2019-01-03 03:00:00+00:00,22696.28571
2019-01-03 04:00:00+00:00,23295
2019-01-03 05:00:00+00:00,25427.33333
2019-01-03 06:00:00+00:00,29249.28571
2019-01-03 07:00:00+00:00,32711.4
2019-01-03 08:00:00+00:00,34887.66667
2019-01-03 09:00:00+00:00,36103.42857
2019-01-03 10:00:00+00:00,36131.2
2019-01-03 11:00:00+00:00,35634.16667
2019-01-03 12:00:00+00:00,35183
2019-01-03 13:00:00+00:00,34222.8
2019-01-03 14:00:00+00:00,33340.5
2019-01-03 15:00:00+00:00,33020.28571
2019-01-03 16:00:00+00:00,33460.4
2019-01-03 17:00:00+00:00,35059.33333
2019-01-03 18:00:00+00:00,35785.28571
2019-01-03 19:00:00+00:00,36139
2019-01-03 20:00:00+00:00,35795.33333
2019-01-03 21:00:00+00:00,33382.28571
2019-01-03 22:00:00+00:00,30478
2019-01-03 23:00:00+00:00,27885.16667
2019-01-04 00:00:00+00:00,25376.14286
2019-01-04 01:00:00+00:00,24143.4
2019-01-04 02:00:00+00:00,23564.5
2019-01-04 03:00:00+00:00,23375
2019-01-04 04:00:00+00:00,23902.6
2019-01-04 05:00:00+00:00,25937.66667
2019-01-04 06:00:00+00:00,29820.42857
2019-01-04 07:00:00+00:00,33036.2
2019-01-04 08:00:00+00:00,35404.33333
2019-01-04 09:00:00+00:00,36741.57143
2019-01-04 10:00:00+00:00,36649.2
2019-01-04 11:00:00+00:00,35945.33333
2019-01-04 12:00:00+00:00,35346.28571
2019-01-04 13:00:00+00:00,34106.8
2019-01-04 14:00:00+00:00,33171.16667
2019-01-04 15:00:00+00:00,32678.28571
2019-01-04 16:00:00+00:00,32936.4
2019-01-04 17:00:00+00:00,34702.66667
2019-01-04 18:00:00+00:00,35578.42857
2019-01-04 19:00:00+00:00,35628.6
2019-01-04 20:00:00+00:00,35248.83333
2019-01-04 21:00:00+00:00,33135.14286
2019-01-04 22:00:00+00:00,30805.4
2019-01-04 23:00:00+00:00,28648.83333
2019-01-05 00:00:00+00:00,26159
2019-01-05 01:00:00+00:00,24467.8
2019-01-05 02:00:00+00:00,23566
2019-01-05 03:00:00+00:00,23221.57143
2019-01-05 04:00:00+00:00,23065
2019-01-05 05:00:00+00:00,23608.66667
2019-01-05 06:00:00+00:00,25091
2019-01-05 07:00:00+00:00,26802.2
2019-01-05 08:00:00+00:00,29126.5
2019-01-05 09:00:00+00:00,31790.57143
2019-01-05 10:00:00+00:00,32184.4
2019-01-05 11:00:00+00:00,31584
2019-01-05 12:00:00+00:00,31267.85714
2019-01-05 13:00:00+00:00,30709.4
2019-01-05 14:00:00+00:00,29744.66667
2019-01-05 15:00:00+00:00,28908.85714
2019-01-05 16:00:00+00:00,28746.6
2019-01-05 17:00:00+00:00,30427
2019-01-05 18:00:00+00:00,30914.85714
2019-01-05 19:00:00+00:00,31538
2019-01-05 20:00:00+00:00,31819.83333
2019-01-05 21:00:00+00:00,30850
2019-01-05 22:00:00+00:00,29258.8
2019-01-05 23:00:00+00:00,27359.5
2019-01-06 00:00:00+00:00,24810.85714
2019-01-06 01:00:00+00:00,23190
2019-01-06 02:00:00+00:00,22273.16667
2019-01-06 03:00:00+00:00,21706.85714
2019-01-06 04:00:00+00:00,21679.8
2019-01-06 05:00:00+00:00,21865.66667
2019-01-06 06:00:00+00:00,22738
2019-01-06 07:00:00+00:00,23496.8
2019-01-06 08:00:00+00:00,25323.5
2019-01-06 09:00:00+00:00,27557.42857
2019-01-06 10:00:00+00:00,28357.8
2019-01-06 11:00:00+00:00,28086
2019-01-06 12:00:00+00:00,27649.85714
2019-01-06 13:00:00+00:00,26996.2
2019-01-06 14:00:00+00:00,25819.66667
2019-01-06 15:00:00+00:00,25200.57143
2019-01-06 16:00:00+00:00,25413.2
2019-01-06 17:00:00+00:00,27856.16667
2019-01-06 18:00:00+00:00,29755.71429
2019-01-06 19:00:00+00:00,30831
2019-01-06 20:00:00+00:00,31270.5
2019-01-06 21:00:00+00:00,30577.57143
2019-01-06 22:00:00+00:00,28496.8
2019-01-06 23:00:00+00:00,26089.33333
2019-01-07 00:00:00+00:00,23977.57143
2019-01-07 01:00:00+00:00,22748.2
2019-01-07 02:00:00+00:00,22188.66667
2019-01-07 03:00:00+00:00,22114.14286
2019-01-07 04:00:00+00:00,22774.4
2019-01-07 05:00:00+00:00,24755
2019-01-07 06:00:00+00:00,27856.57143
2019-01-07 07:00:00+00:00,30239.4
2019-01-07 08:00:00+00:00,32067.33333
2019-01-07 09:00:00+00:00,33831
2019-01-07 10:00:00+00:00,34351.2
2019-01-07 11:00:00+00:00,33902.5
2019-01-07 12:00:00+00:00,33973.85714
2019-01-07 13:00:00+00:00,33197.2
2019-01-07 14:00:00+00:00,32364.66667
2019-01-07 15:00:00+00:00,31794.28571
2019-01-07 16:00:00+00:00,31906
2019-01-07 17:00:00+00:00,34119.83333
2019-01-07 18:00:00+00:00,35773.42857
2019-01-07 19:00:00+00:00,36748.6
2019-01-07 20:00:00+00:00,36425.66667
2019-01-07 21:00:00+00:00,33681
2019-01-07 22:00:00+00:00,30547
2019-01-07 23:00:00+00:00,28285.16667
2019-01-08 00:00:00+00:00,25979.71429
2019-01-08 01:00:00+00:00,24768
2019-01-08 02:00:00+00:00,24221.66667
2019-01-08 03:00:00+00:00,24401.14286
2019-01-08 04:00:00+00:00,25171.8
2019-01-08 05:00:00+00:00,27812.66667
2019-01-08 06:00:00+00:00,33142.57143
2019-01-08 07:00:00+00:00,36769
2019-01-08 08:00:00+00:00,37766.83333
2019-01-08 09:00:00+00:00,38621.85714
2019-01-08 10:00:00+00:00,38282
2019-01-08 11:00:00+00:00,37867.33333
2019-01-08 12:00:00+00:00,37395
2019-01-08 13:00:00+00:00,36267.6
2019-01-08 14:00:00+00:00,35651.83333
2019-01-08 15:00:00+00:00,35263.71429
2019-01-08 16:00:00+00:00,35469.4
2019-01-08 17:00:00+00:00,37442.16667
2019-01-08 18:00:00+00:00,38835.57143
2019-01-08 19:00:00+00:00,39364.6
2019-01-08 20:00:00+00:00,38685.83333
2019-01-08 21:00:00+00:00,35535.85714
2019-01-08 22:00:00+00:00,32040.4
2019-01-08 23:00:00+00:00,29584.5
2019-01-09 00:00:00+00:00,27142.28571
2019-01-09 01:00:00+00:00,25653.8
2019-01-09 02:00:00+00:00,25281.66667
2019-01-09 03:00:00+00:00,25171.71429
2019-01-09 04:00:00+00:00,25776.6
2019-01-09 05:00:00+00:00,28249.66667
2019-01-09 06:00:00+00:00,33415.42857
2019-01-09 07:00:00+00:00,36877.6
2019-01-09 08:00:00+00:00,37718.83333
2019-01-09 09:00:00+00:00,38250.14286
2019-01-09 10:00:00+00:00,37828.8
2019-01-09 11:00:00+00:00,37308.66667
2019-01-09 12:00:00+00:00,36946.71429
2019-01-09 13:00:00+00:00,35911.4
2019-01-09 14:00:00+00:00,35193.33333
2019-01-09 15:00:00+00:00,35000.57143
2019-01-09 16:00:00+00:00,35253.8
2019-01-09 17:00:00+00:00,37112.16667
2019-01-09 18:00:00+00:00,38680.42857
2019-01-09 19:00:00+00:00,39193.4
2019-01-09 20:00:00+00:00,38433.5
2019-01-09 21:00:00+00:00,35145.57143
2019-01-09 22:00:00+00:00,31643.4
2019-01-09 23:00:00+00:00,29255.5
2019-01-10 00:00:00+00:00,26991.57143
2019-01-10 01:00:00+00:00,25693.2
2019-01-10 02:00:00+00:00,25206.83333
2019-01-10 03:00:00+00:00,25111
2019-01-10 04:00:00+00:00,25789.6
2019-01-10 05:00:00+00:00,28335
2019-01-10 06:00:00+00:00,33657.57143
2019-01-10 07:00:00+00:00,37135
2019-01-10 08:00:00+00:00,38021.16667
2019-01-10 09:00:00+00:00,38647.42857
2019-01-10 10:00:00+00:00,38242
2019-01-10 11:00:00+00:00,37761.16667
2019-01-10 12:00:00+00:00,37484.42857
2019-01-10 13:00:00+00:00,36279
2019-01-10 14:00:00+00:00,35757.33333
2019-01-10 15:00:00+00:00,35570.14286
2019-01-10 16:00:00+00:00,35878.4
2019-01-10 17:00:00+00:00,37935.33333
2019-01-10 18:00:00+00:00,39611.42857
2019-01-10 19:00:00+00:00,40150.2
2019-01-10 20:00:00+00:00,39361.16667
2019-01-10 21:00:00+00:00,36031
2019-01-10 22:00:00+00:00,32470.6
2019-01-10 23:00:00+00:00,29926.66667
2019-01-11 00:00:00+00:00,27625.71429
2019-01-11 01:00:00+00:00,26307
2019-01-11 02:00:00+00:00,25898.83333
2019-01-11 03:00:00+00:00,25703.42857
2019-01-11 04:00:00+00:00,26478
2019-01-11 05:00:00+00:00,29027.16667
2019-01-11 06:00:00+00:00,34287.57143
2019-01-11 07:00:00+00:00,38116.8
2019-01-11 08:00:00+00:00,39177.16667
2019-01-11 09:00:00+00:00,39794.42857
2019-01-11 10:00:00+00:00,39425.4
2019-01-11 11:00:00+00:00,38808.33333
2019-01-11 12:00:00+00:00,38166.71429
2019-01-11 13:00:00+00:00,36999.6
2019-01-11 14:00:00+00:00,36217.83333
2019-01-11 15:00:00+00:00,35735.42857
2019-01-11 16:00:00+00:00,36001.4
2019-01-11 17:00:00+00:00,37774.83333
2019-01-11 18:00:00+00:00,39030.57143
2019-01-11 19:00:00+00:00,38833.4
2019-01-11 20:00:00+00:00,38243.33333
2019-01-11 21:00:00+00:00,35574.42857
2019-01-11 22:00:00+00:00,32703
2019-01-11 23:00:00+00:00,30605.33333
2019-01-12 00:00:00+00:00,28083.85714
2019-01-12 01:00:00+00:00,26190
2019-01-12 02:00:00+00:00,25327.33333
2019-01-12 03:00:00+00:00,24823.57143
2019-01-12 04:00:00+00:00,24731.4
2019-01-12 05:00:00+00:00,25348
2019-01-12 06:00:00+00:00,27068.28571
2019-01-12 07:00:00+00:00,29116.4
2019-01-12 08:00:00+00:00,31645
2019-01-12 09:00:00+00:00,34159.28571
2019-01-12 10:00:00+00:00,34435
2019-01-12 11:00:00+00:00,33713.16667
2019-01-12 12:00:00+00:00,33400.42857
2019-01-12 13:00:00+00:00,32679.8
2019-01-12 14:00:00+00:00,31587.16667
2019-01-12 15:00:00+00:00,30623.28571
2019-01-12 16:00:00+00:00,30599.4
2019-01-12 17:00:00+00:00,32739.16667
2019-01-12 18:00:00+00:00,34185
2019-01-12 19:00:00+00:00,34784.6
2019-01-12 20:00:00+00:00,34823.5
2019-01-12 21:00:00+00:00,33259.42857
2019-01-12 22:00:00+00:00,30951.4
2019-01-12 23:00:00+00:00,28449
2019-01-13 00:00:00+00:00,26011.28571
2019-01-13 01:00:00+00:00,24415.4
2019-01-13 02:00:00+00:00,23612
2019-01-13 03:00:00+00:00,23095.57143
2019-01-13 04:00:00+00:00,23117.4
2019-01-13 05:00:00+00:00,23505.83333
2019-01-13 06:00:00+00:00,24575.85714
2019-01-13 07:00:00+00:00,25386.4
2019-01-13 08:00:00+00:00,27285
2019-01-13 09:00:00+00:00,29977
2019-01-13 10:00:00+00:00,31220.8
2019-01-13 11:00:00+00:00,30868.16667
2019-01-13 12:00:00+00:00,30946.71429
2019-01-13 13:00:00+00:00,30781.8
2019-01-13 14:00:00+00:00,29486.5
2019-01-13 15:00:00+00:00,28668.85714
2019-01-13 16:00:00+00:00,28680.6
2019-01-13 17:00:00+00:00,31074
2019-01-13 18:00:00+00:00,33442.85714
2019-01-13 19:00:00+00:00,34648
2019-01-13 20:00:00+00:00,34703.66667
2019-01-13 21:00:00+00:00,33118.28571
2019-01-13 22:00:00+00:00,30497.6
2019-01-13 23:00:00+00:00,27897
2019-01-14 00:00:00+00:00,25495.28571
2019-01-14 01:00:00+00:00,24500.6
2019-01-14 02:00:00+00:00,24011.33333
2019-01-14 03:00:00+00:00,23981.71429
2019-01-14 04:00:00+00:00,24805.6
2019-01-14 05:00:00+00:00,27570
2019-01-14 06:00:00+00:00,33064.28571
2019-01-14 07:00:00+00:00,36811.4
2019-01-14 08:00:00+00:00,37963.16667
2019-01-14 09:00:00+00:00,38601.28571
2019-01-14 10:00:00+00:00,38206.2
2019-01-14 11:00:00+00:00,37550.66667
2019-01-14 12:00:00+00:00,37096
2019-01-14 13:00:00+00:00,35839.8
2019-01-14 14:00:00+00:00,35217
2019-01-14 15:00:00+00:00,34804.71429
2019-01-14 16:00:00+00:00,34836.2
2019-01-14 17:00:00+00:00,36473.83333
2019-01-14 18:00:00+00:00,38279.85714
2019-01-14 19:00:00+00:00,38777
2019-01-14 20:00:00+00:00,38077.16667
2019-01-14 21:00:00+00:00,35058.71429
2019-01-14 22:00:00+00:00,31687.4
2019-01-14 23:00:00+00:00,29155.83333
2019-01-15 00:00:00+00:00,26859.28571
2019-01-15 01:00:00+00:00,25697.8
2019-01-15 02:00:00+00:00,25284.16667
2019-01-15 03:00:00+00:00,25224.42857
2019-01-15 04:00:00+00:00,25918.4
2019-01-15 05:00:00+00:00,28320
2019-01-15 06:00:00+00:00,33614.85714
2019-01-15 07:00:00+00:00,36891.6
2019-01-15 08:00:00+00:00,37850.16667
2019-01-15 09:00:00+00:00,38389.57143
2019-01-15 10:00:00+00:00,38063.8
2019-01-15 11:00:00+00:00,37432.33333
2019-01-15 12:00:00+00:00,36854.57143
2019-01-15 13:00:00+00:00,35601
2019-01-15 14:00:00+00:00,35150.66667
2019-01-15 15:00:00+00:00,34878.85714
2019-01-15 16:00:00+00:00,35011.8
2019-01-15 17:00:00+00:00,36690
2019-01-15 18:00:00+00:00,38433.57143
2019-01-15 19:00:00+00:00,39119.8
2019-01-15 20:00:00+00:00,38232.16667
2019-01-15 21:00:00+00:00,35253.85714
2019-01-15 22:00:00+00:00,31675.4
2019-01-15 23:00:00+00:00,29338.16667
2019-01-16 00:00:00+00:00,27056.42857
2019-01-16 01:00:00+00:00,25858.8
2019-01-16 02:00:00+00:00,25283.83333
2019-01-16 03:00:00+00:00,25283.14286
2019-01-16 04:00:00+00:00,26140.6
2019-01-16 05:00:00+00:00,28372.16667
2019-01-16 06:00:00+00:00,33685.28571
2019-01-16 07:00:00+00:00,37115.4
2019-01-16 08:00:00+00:00,37992.5
2019-01-16 09:00:00+00:00,38440.28571
2019-01-16 10:00:00+00:00,38273
2019-01-16 11:00:00+00:00,37668
2019-01-16 12:00:00+00:00,37231.42857
2019-01-16 13:00:00+00:00,36045.2
2019-01-16 14:00:00+00:00,35599.16667
2019-01-16 15:00:00+00:00,35301.14286
2019-01-16 16:00:00+00:00,35372.8
2019-01-16 17:00:00+00:00,36817.5
2019-01-16 18:00:00+00:00,38349.28571
2019-01-16 19:00:00+00:00,38808.6
2019-01-16 20:00:00+00:00,37986.83333
2019-01-16 21:00:00+00:00,35065
2019-01-16 22:00:00+00:00,31631
2019-01-16 23:00:00+00:00,29283.66667
2019-01-17 00:00:00+00:00,27025
2019-01-17 01:00:00+00:00,25906.8
2019-01-17 02:00:00+00:00,25403.83333
2019-01-17 03:00:00+00:00,25345.28571
2019-01-17 04:00:00+00:00,25910
2019-01-17 05:00:00+00:00,28300.83333
2019-01-17 06:00:00+00:00,33461.14286
2019-01-17 07:00:00+00:00,36680.6
2019-01-17 08:00:00+00:00,37572.66667
2019-01-17 09:00:00+00:00,38091.42857
2019-01-17 10:00:00+00:00,38082.8
2019-01-17 11:00:00+00:00,37664.16667
2019-01-17 12:00:00+00:00,37443.85714
2019-01-17 13:00:00+00:00,36469
2019-01-17 14:00:00+00:00,36053.66667
2019-01-17 15:00:00+00:00,35764
2019-01-17 16:00:00+00:00,35952
2019-01-17 17:00:00+00:00,37323.5
2019-01-17 18:00:00+00:00,38739.85714
2019-01-17 19:00:00+00:00,39083.4
2019-01-17 20:00:00+00:00,38359.16667
2019-01-17 21:00:00+00:00,35338.42857
2019-01-17 22:00:00+00:00,31974.2
2019-01-17 23:00:00+00:00,29536.5
2019-01-18 00:00:00+00:00,27333.28571
2019-01-18 01:00:00+00:00,26010
2019-01-18 02:00:00+00:00,25380
2019-01-18 03:00:00+00:00,25400.71429
2019-01-18 04:00:00+00:00,26051.2
2019-01-18 05:00:00+00:00,28383.33333
2019-01-18 06:00:00+00:00,33935.14286
2019-01-18 07:00:00+00:00,37104.8
2019-01-18 08:00:00+00:00,38001.83333
2019-01-18 09:00:00+00:00,38759
2019-01-18 10:00:00+00:00,38697.2
2019-01-18 11:00:00+00:00,38203.5
2019-01-18 12:00:00+00:00,37771.85714
2019-01-18 13:00:00+00:00,36573.6
2019-01-18 14:00:00+00:00,35659
2019-01-18 15:00:00+00:00,35363.71429
2019-01-18 16:00:00+00:00,35600.2
2019-01-18 17:00:00+00:00,36907.33333
2019-01-18 18:00:00+00:00,38004.71429
2019-01-18 19:00:00+00:00,37858
2019-01-18 20:00:00+00:00,37222.16667
2019-01-18 21:00:00+00:00,34741.85714
2019-01-18 22:00:00+00:00,31895.6
2019-01-18 23:00:00+00:00,29718.83333
2019-01-19 00:00:00+00:00,27315.85714
2019-01-19 01:00:00+00:00,25732.6
2019-01-19 02:00:00+00:00,24971.16667
2019-01-19 03:00:00+00:00,24553.71429
2019-01-19 04:00:00+00:00,24487.6
2019-01-19 05:00:00+00:00,24942.83333
2019-01-19 06:00:00+00:00,26612.57143
2019-01-19 07:00:00+00:00,28644
2019-01-19 08:00:00+00:00,31491.83333
2019-01-19 09:00:00+00:00,33975.42857
2019-01-19 10:00:00+00:00,34517.2
2019-01-19 11:00:00+00:00,34099.16667
2019-01-19 12:00:00+00:00,34122.14286
2019-01-19 13:00:00+00:00,33390.4
2019-01-19 14:00:00+00:00,32113.16667
2019-01-19 15:00:00+00:00,31261
2019-01-19 16:00:00+00:00,31266.2
2019-01-19 17:00:00+00:00,32917.66667
2019-01-19 18:00:00+00:00,34152.14286
2019-01-19 19:00:00+00:00,34504
2019-01-19 20:00:00+00:00,34091.66667
2019-01-19 21:00:00+00:00,32428.42857
2019-01-19 22:00:00+00:00,30050.8
2019-01-19 23:00:00+00:00,27931.83333
2019-01-20 00:00:00+00:00,25441.14286
2019-01-20 01:00:00+00:00,23840.8
2019-01-20 02:00:00+00:00,22981.5
2019-01-20 03:00:00+00:00,22632
2019-01-20 04:00:00+00:00,22548
2019-01-20 05:00:00+00:00,22813.33333
2019-01-20 06:00:00+00:00,23627.57143
2019-01-20 07:00:00+00:00,24453
2019-01-20 08:00:00+00:00,26508
2019-01-20 09:00:00+00:00,29263.42857
2019-01-20 10:00:00+00:00,30651.8
2019-01-20 11:00:00+00:00,30760.33333
2019-01-20 12:00:00+00:00,31340.57143
2019-01-20 13:00:00+00:00,30939.8
2019-01-20 14:00:00+00:00,29520.16667
2019-01-20 15:00:00+00:00,28440.85714
2019-01-20 16:00:00+00:00,28206.6
2019-01-20 17:00:00+00:00,30018.16667
2019-01-20 18:00:00+00:00,32234.71429
2019-01-20 19:00:00+00:00,33464.2
2019-01-20 20:00:00+00:00,33630.5
2019-01-20 21:00:00+00:00,32269
2019-01-20 22:00:00+00:00,29547.2
2019-01-20 23:00:00+00:00,27026
2019-01-21 00:00:00+00:00,24790.85714
2019-01-21 01:00:00+00:00,23595.4
2019-01-21 02:00:00+00:00,23216.5
2019-01-21 03:00:00+00:00,23360.28571
2019-01-21 04:00:00+00:00,24280.2
2019-01-21 05:00:00+00:00,27159
2019-01-21 06:00:00+00:00,32817
2019-01-21 07:00:00+00:00,36476
2019-01-21 08:00:00+00:00,37550.33333
2019-01-21 09:00:00+00:00,38301.42857
2019-01-21 10:00:00+00:00,38070.8
2019-01-21 11:00:00+00:00,37706.5
2019-01-21 12:00:00+00:00,37423.14286
2019-01-21 13:00:00+00:00,36220.2
2019-01-21 14:00:00+00:00,35716.66667
2019-01-21 15:00:00+00:00,35407.57143
2019-01-21 16:00:00+00:00,35406.2
2019-01-21 17:00:00+00:00,36612.16667
2019-01-21 18:00:00+00:00,38463.42857
2019-01-21 19:00:00+00:00,39032
2019-01-21 20:00:00+00:00,38178
2019-01-21 21:00:00+00:00,35016.57143
2019-01-21 22:00:00+00:00,31615.2
2019-01-21 23:00:00+00:00,29393.83333
2019-01-22 00:00:00+00:00,27046.85714
2019-01-22 01:00:00+00:00,25794.6
2019-01-22 02:00:00+00:00,25295.16667
2019-01-22 03:00:00+00:00,25338.85714
2019-01-22 04:00:00+00:00,26112.2
2019-01-22 05:00:00+00:00,28530.5
2019-01-22 06:00:00+00:00,33765.42857
2019-01-22 07:00:00+00:00,37147.4
2019-01-22 08:00:00+00:00,38219.5
2019-01-22 09:00:00+00:00,39065.85714
2019-01-22 10:00:00+00:00,39128
2019-01-22 11:00:00+00:00,38796.33333
2019-01-22 12:00:00+00:00,38603.85714
2019-01-22 13:00:00+00:00,37685.6
2019-01-22 14:00:00+00:00,37192.16667
2019-01-22 15:00:00+00:00,37115.42857
2019-01-22 16:00:00+00:00,37418.2
2019-01-22 17:00:00+00:00,38486.83333
2019-01-22 18:00:00+00:00,39878.14286
2019-01-22 19:00:00+00:00,40147.4
2019-01-22 20:00:00+00:00,39102.83333
2019-01-22 21:00:00+00:00,35724.71429
2019-01-22 22:00:00+00:00,32166
2019-01-22 23:00:00+00:00,29857.66667
2019-01-23 00:00:00+00:00,27579.28571
2019-01-23 01:00:00+00:00,26129.2
2019-01-23 02:00:00+00:00,25660
2019-01-23 03:00:00+00:00,25502.71429
2019-01-23 04:00:00+00:00,26241
2019-01-23 05:00:00+00:00,28697.16667
2019-01-23 06:00:00+00:00,33846.71429
2019-01-23 07:00:00+00:00,37091
2019-01-23 08:00:00+00:00,38072.33333
2019-01-23 09:00:00+00:00,38669.85714
2019-01-23 10:00:00+00:00,38714.4
2019-01-23 11:00:00+00:00,38141.83333
2019-01-23 12:00:00+00:00,37855
2019-01-23 13:00:00+00:00,36771.8
2019-01-23 14:00:00+00:00,36356.16667
2019-01-23 15:00:00+00:00,36093.42857
2019-01-23 16:00:00+00:00,36204.2
2019-01-23 17:00:00+00:00,37282.16667
2019-01-23 18:00:00+00:00,38822
2019-01-23 19:00:00+00:00,39222.2
2019-01-23 20:00:00+00:00,38174.5
2019-01-23 21:00:00+00:00,35088.14286
2019-01-23 22:00:00+00:00,31606
2019-01-23 23:00:00+00:00,29239.66667
2019-01-24 00:00:00+00:00,27119.42857
2019-01-24 01:00:00+00:00,25819.8
2019-01-24 02:00:00+00:00,25344.5
2019-01-24 03:00:00+00:00,25324.71429
2019-01-24 04:00:00+00:00,25925.4
2019-01-24 05:00:00+00:00,28377.66667
2019-01-24 06:00:00+00:00,33443.28571
2019-01-24 07:00:00+00:00,36389.6
2019-01-24 08:00:00+00:00,37081.5
2019-01-24 09:00:00+00:00,37497.57143
2019-01-24 10:00:00+00:00,37477.6
2019-01-24 11:00:00+00:00,37190.33333
2019-01-24 12:00:00+00:00,37011.14286
2019-01-24 13:00:00+00:00,35887.8
2019-01-24 14:00:00+00:00,35456.16667
2019-01-24 15:00:00+00:00,35084.14286
2019-01-24 16:00:00+00:00,35093.6
2019-01-24 17:00:00+00:00,36154.83333
2019-01-24 18:00:00+00:00,37986.14286
2019-01-24 19:00:00+00:00,38325
2019-01-24 20:00:00+00:00,37421.33333
2019-01-24 21:00:00+00:00,34524.85714
2019-01-24 22:00:00+00:00,31292.4
2019-01-24 23:00:00+00:00,29371.5
2019-01-25 00:00:00+00:00,27266.14286
2019-01-25 01:00:00+00:00,25834.2
2019-01-25 02:00:00+00:00,25497.33333
2019-01-25 03:00:00+00:00,25298.57143
2019-01-25 04:00:00+00:00,25878.2
2019-01-25 05:00:00+00:00,28225.5
2019-01-25 06:00:00+00:00,33277.14286
2019-01-25 07:00:00+00:00,36047.6
2019-01-25 08:00:00+00:00,36933.33333
2019-01-25 09:00:00+00:00,37141.14286
2019-01-25 10:00:00+00:00,36669.6
2019-01-25 11:00:00+00:00,36106.66667
2019-01-25 12:00:00+00:00,35635
2019-01-25 13:00:00+00:00,34439.4
2019-01-25 14:00:00+00:00,33599.33333
2019-01-25 15:00:00+00:00,33087.57143
2019-01-25 16:00:00+00:00,32932.6
2019-01-25 17:00:00+00:00,33900
2019-01-25 18:00:00+00:00,35826.57143
2019-01-25 19:00:00+00:00,36116.4
2019-01-25 20:00:00+00:00,35510.5
2019-01-25 21:00:00+00:00,33110.85714
2019-01-25 22:00:00+00:00,30518.6
2019-01-25 23:00:00+00:00,28821
2019-01-26 00:00:00+00:00,26677.14286
2019-01-26 01:00:00+00:00,25055.2
2019-01-26 02:00:00+00:00,24406
2019-01-26 03:00:00+00:00,24050.71429
2019-01-26 04:00:00+00:00,23851.8
2019-01-26 05:00:00+00:00,24312.33333
2019-01-26 06:00:00+00:00,26046
2019-01-26 07:00:00+00:00,27654.6
2019-01-26 08:00:00+00:00,30253.83333
2019-01-26 09:00:00+00:00,32107.14286
2019-01-26 10:00:00+00:00,32139.8
2019-01-26 11:00:00+00:00,31518.5
2019-01-26 12:00:00+00:00,31171.28571
2019-01-26 13:00:00+00:00,30422.8
2019-01-26 14:00:00+00:00,29055.16667
2019-01-26 15:00:00+00:00,28218
2019-01-26 16:00:00+00:00,27857.8
2019-01-26 17:00:00+00:00,29167.83333
2019-01-26 18:00:00+00:00,31538
2019-01-26 19:00:00+00:00,32217.4
2019-01-26 20:00:00+00:00,32281.16667
2019-01-26 21:00:00+00:00,30885.28571
2019-01-26 22:00:00+00:00,28916.2
2019-01-26 23:00:00+00:00,26741.16667
2019-01-27 00:00:00+00:00,24680.57143
2019-01-27 01:00:00+00:00,23272.8
2019-01-27 02:00:00+00:00,22442.16667
2019-01-27 03:00:00+00:00,22162.71429
2019-01-27 04:00:00+00:00,22136.6
2019-01-27 05:00:00+00:00,22474.5
2019-01-27 06:00:00+00:00,23284
2019-01-27 07:00:00+00:00,24118.8
2019-01-27 08:00:00+00:00,25942
2019-01-27 09:00:00+00:00,28292.14286
2019-01-27 10:00:00+00:00,29206.2
2019-01-27 11:00:00+00:00,29138.33333
2019-01-27 12:00:00+00:00,29290.42857
2019-01-27 13:00:00+00:00,29021.2
2019-01-27 14:00:00+00:00,27659
2019-01-27 15:00:00+00:00,26795
2019-01-27 16:00:00+00:00,26660.6
2019-01-27 17:00:00+00:00,28275.16667
2019-01-27 18:00:00+00:00,31015.42857
2019-01-27 19:00:00+00:00,32522.8
2019-01-27 20:00:00+00:00,32577.83333
2019-01-27 21:00:00+00:00,31340.28571
2019-01-27 22:00:00+00:00,28641.4
2019-01-27 23:00:00+00:00,26420.16667
2019-01-28 00:00:00+00:00,24484.14286
2019-01-28 01:00:00+00:00,23306.8
2019-01-28 02:00:00+00:00,22952.33333
2019-01-28 03:00:00+00:00,23053.28571
2019-01-28 04:00:00+00:00,23988.2
2019-01-28 05:00:00+00:00,26921.16667
2019-01-28 06:00:00+00:00,32296.42857
2019-01-28 07:00:00+00:00,35452.4
2019-01-28 08:00:00+00:00,36517.16667
2019-01-28 09:00:00+00:00,37185
2019-01-28 10:00:00+00:00,37042.4
2019-01-28 11:00:00+00:00,36676.5
2019-01-28 12:00:00+00:00,36394.57143
2019-01-28 13:00:00+00:00,35339.8
2019-01-28 14:00:00+00:00,34743.5
2019-01-28 15:00:00+00:00,34297.57143
2019-01-28 16:00:00+00:00,34254.4
2019-01-28 17:00:00+00:00,35214.5
2019-01-28 18:00:00+00:00,37224.14286
2019-01-28 19:00:00+00:00,37476.2
2019-01-28 20:00:00+00:00,36760.83333
2019-01-28 21:00:00+00:00,33687.57143
2019-01-28 22:00:00+00:00,30473.8
2019-01-28 23:00:00+00:00,28193.83333
2019-01-29 00:00:00+00:00,26227.71429
2019-01-29 01:00:00+00:00,25030.2
2019-01-29 02:00:00+00:00,24732.83333
2019-01-29 03:00:00+00:00,24580
2019-01-29 04:00:00+00:00,25249.8
2019-01-29 05:00:00+00:00,27776.5
2019-01-29 06:00:00+00:00,32786.85714
2019-01-29 07:00:00+00:00,35581
2019-01-29 08:00:00+00:00,36446.33333
2019-01-29 09:00:00+00:00,37081.14286
2019-01-29 10:00:00+00:00,37173.6
2019-01-29 11:00:00+00:00,37137.33333
2019-01-29 12:00:00+00:00,37189.85714
2019-01-29 13:00:00+00:00,36026
2019-01-29 14:00:00+00:00,35531
2019-01-29 15:00:00+00:00,35223.14286
2019-01-29 16:00:00+00:00,35220.6
2019-01-29 17:00:00+00:00,35870.33333
2019-01-29 18:00:00+00:00,37784.14286
2019-01-29 19:00:00+00:00,37949.4
2019-01-29 20:00:00+00:00,37118.5
2019-01-29 21:00:00+00:00,34124.57143
2019-01-29 22:00:00+00:00,30899.6
2019-01-29 23:00:00+00:00,28750.66667
2019-01-30 00:00:00+00:00,26707.85714
2019-01-30 01:00:00+00:00,25418.2
2019-01-30 02:00:00+00:00,24973.16667
2019-01-30 03:00:00+00:00,24840.71429
2019-01-30 04:00:00+00:00,25447.4
2019-01-30 05:00:00+00:00,27756.5
2019-01-30 06:00:00+00:00,32741.71429
2019-01-30 07:00:00+00:00,35680.2
2019-01-30 08:00:00+00:00,36567.5
2019-01-30 09:00:00+00:00,37038
2019-01-30 10:00:00+00:00,36906.8
2019-01-30 11:00:00+00:00,36562.33333
2019-01-30 12:00:00+00:00,36318.14286
2019-01-30 13:00:00+00:00,35192.4
2019-01-30 14:00:00+00:00,34827.5
2019-01-30 15:00:00+00:00,34734.85714
2019-01-30 16:00:00+00:00,35010
2019-01-30 17:00:00+00:00,35990.16667
2019-01-30 18:00:00+00:00,37835.71429
2019-01-30 19:00:00+00:00,38160.8
2019-01-30 20:00:00+00:00,37278.33333
2019-01-30 21:00:00+00:00,34318.57143
2019-01-30 22:00:00+00:00,31157.4
2019-01-30 23:00:00+00:00,28834
2019-01-31 00:00:00+00:00,26695.28571
2019-01-31 01:00:00+00:00,25581
2019-01-31 02:00:00+00:00,25122.5
2019-01-31 03:00:00+00:00,24945.42857
2019-01-31 04:00:00+00:00,25556.4
2019-01-31 05:00:00+00:00,28061.16667
2019-01-31 06:00:00+00:00,32825.14286
2019-01-31 07:00:00+00:00,35549
2019-01-31 08:00:00+00:00,36369.83333
2019-01-31 09:00:00+00:00,36825.57143
2019-01-31 10:00:00+00:00,36878.8
2019-01-31 11:00:00+00:00,36686.16667
2019-01-31 12:00:00+00:00,36394
2019-01-31 13:00:00+00:00,35201.8
2019-01-31 14:00:00+00:00,34605.33333
2019-01-31 15:00:00+00:00,34328.71429
2019-01-31 16:00:00+00:00,34371
2019-01-31 17:00:00+00:00,35235
2019-01-31 18:00:00+00:00,36948.71429
2019-01-31 19:00:00+00:00,37259.6
2019-01-31 20:00:00+00:00,36379.83333
2019-01-31 21:00:00+00:00,33623.57143
2019-01-31 22:00:00+00:00,30648.8
2019-01-31 23:00:00+00:00,28746.16667
2019-02-01 00:00:00+00:00,26795.42857
2019-02-01 01:00:00+00:00,25539
2019-02-01 02:00:00+00:00,25254.5
2019-02-01 03:00:00+00:00,24854.14286
2019-02-01 04:00:00+00:00,25386.6
2019-02-01 05:00:00+00:00,27811.33333
2019-02-01 06:00:00+00:00,32351.71429
2019-02-01 07:00:00+00:00,34801
2019-02-01 08:00:00+00:00,35673
2019-02-01 09:00:00+00:00,36340.28571
2019-02-01 10:00:00+00:00,36438.4
2019-02-01 11:00:00+00:00,36099.33333
2019-02-01 12:00:00+00:00,35949.14286
2019-02-01 13:00:00+00:00,34760.6
2019-02-01 14:00:00+00:00,34087.66667
2019-02-01 15:00:00+00:00,33751.28571
2019-02-01 16:00:00+00:00,33579.6
2019-02-01 17:00:00+00:00,34291
2019-02-01 18:00:00+00:00,36112
2019-02-01 19:00:00+00:00,36176.6
2019-02-01 20:00:00+00:00,35486.83333
2019-02-01 21:00:00+00:00,33150.42857
2019-02-01 22:00:00+00:00,30516.8
2019-02-01 23:00:00+00:00,28910.33333
2019-02-02 00:00:00+00:00,26822.71429
2019-02-02 01:00:00+00:00,25203.4
2019-02-02 02:00:00+00:00,24471.5
2019-02-02 03:00:00+00:00,24049.57143
2019-02-02 04:00:00+00:00,24099.2
2019-02-02 05:00:00+00:00,24619.33333
2019-02-02 06:00:00+00:00,26173.71429
2019-02-02 07:00:00+00:00,27767.8
2019-02-02 08:00:00+00:00,30421.83333
2019-02-02 09:00:00+00:00,32756.42857
2019-02-02 10:00:00+00:00,33269.8
2019-02-02 11:00:00+00:00,33015.5
2019-02-02 12:00:00+00:00,32738.71429
2019-02-02 13:00:00+00:00,31816.6
2019-02-02 14:00:00+00:00,30507.5
2019-02-02 15:00:00+00:00,29774.14286
2019-02-02 16:00:00+00:00,29385.2
2019-02-02 17:00:00+00:00,30419
2019-02-02 18:00:00+00:00,32778.71429
2019-02-02 19:00:00+00:00,33404.4
2019-02-02 20:00:00+00:00,33279.33333
2019-02-02 21:00:00+00:00,31842.85714
2019-02-02 22:00:00+00:00,29774.4
2019-02-02 23:00:00+00:00,27780.66667
2019-02-03 00:00:00+00:00,25245.57143
2019-02-03 01:00:00+00:00,23783.4
2019-02-03 02:00:00+00:00,22821.83333
2019-02-03 03:00:00+00:00,22588.57143
2019-02-03 04:00:00+00:00,22639.4
2019-02-03 05:00:00+00:00,23075.83333
2019-02-03 06:00:00+00:00,23982.42857
2019-02-03 07:00:00+00:00,24513.2
2019-02-03 08:00:00+00:00,26741.33333
2019-02-03 09:00:00+00:00,29131.14286
2019-02-03 10:00:00+00:00,30136.2
2019-02-03 11:00:00+00:00,29834.5
2019-02-03 12:00:00+00:00,29908.71429
2019-02-03 13:00:00+00:00,29864.8
2019-02-03 14:00:00+00:00,28432.16667
2019-02-03 15:00:00+00:00,27580.42857
2019-02-03 16:00:00+00:00,27328.4
2019-02-03 17:00:00+00:00,28583.16667
2019-02-03 18:00:00+00:00,31783.28571
2019-02-03 19:00:00+00:00,33619
2019-02-03 20:00:00+00:00,33517.83333
2019-02-03 21:00:00+00:00,32275.14286
2019-02-03 22:00:00+00:00,29922.4
2019-02-03 23:00:00+00:00,27318.83333
2019-02-04 00:00:00+00:00,25221.71429
2019-02-04 01:00:00+00:00,24033.2
2019-02-04 02:00:00+00:00,23783.33333
2019-02-04 03:00:00+00:00,23527.71429
2019-02-04 04:00:00+00:00,24498
2019-02-04 05:00:00+00:00,27288.33333
2019-02-04 06:00:00+00:00,32974.57143
2019-02-04 07:00:00+00:00,36350.2
2019-02-04 08:00:00+00:00,37802.33333
2019-02-04 09:00:00+00:00,38221.71429
2019-02-04 10:00:00+00:00,38083.8
2019-02-04 11:00:00+00:00,37662
2019-02-04 12:00:00+00:00,36987.42857
2019-02-04 13:00:00+00:00,35860.6
2019-02-04 14:00:00+00:00,35345.16667
2019-02-04 15:00:00+00:00,34992.42857
2019-02-04 16:00:00+00:00,34792
2019-02-04 17:00:00+00:00,35515
2019-02-04 18:00:00+00:00,37831
2019-02-04 19:00:00+00:00,38444
2019-02-04 20:00:00+00:00,37781.83333
2019-02-04 21:00:00+00:00,34601.71429
2019-02-04 22:00:00+00:00,31235
2019-02-04 23:00:00+00:00,29132
2019-02-05 00:00:00+00:00,26859.71429
2019-02-05 01:00:00+00:00,25667.8
2019-02-05 02:00:00+00:00,25244
2019-02-05 03:00:00+00:00,25141.14286
2019-02-05 04:00:00+00:00,25875.8
2019-02-05 05:00:00+00:00,28286
2019-02-05 06:00:00+00:00,33316
2019-02-05 07:00:00+00:00,36246.4
2019-02-05 08:00:00+00:00,37163.83333
2019-02-05 09:00:00+00:00,37494.14286
2019-02-05 10:00:00+00:00,37040.8
2019-02-05 11:00:00+00:00,36567.83333
2019-02-05 12:00:00+00:00,36076.28571
2019-02-05 13:00:00+00:00,34873.2
2019-02-05 14:00:00+00:00,34192.33333
2019-02-05 15:00:00+00:00,33815.28571
2019-02-05 16:00:00+00:00,33677.2
2019-02-05 17:00:00+00:00,34308.66667
2019-02-05 18:00:00+00:00,37039.28571
2019-02-05 19:00:00+00:00,37772.2
2019-02-05 20:00:00+00:00,37297
2019-02-05 21:00:00+00:00,34193.71429
2019-02-05 22:00:00+00:00,30879
2019-02-05 23:00:00+00:00,28792.5
2019-02-06 00:00:00+00:00,26606.85714
2019-02-06 01:00:00+00:00,25366.6
2019-02-06 02:00:00+00:00,24968.66667
2019-02-06 03:00:00+00:00,24945.28571
2019-02-06 04:00:00+00:00,25571.6
2019-02-06 05:00:00+00:00,28038
2019-02-06 06:00:00+00:00,33006.57143
2019-02-06 07:00:00+00:00,35777.6
2019-02-06 08:00:00+00:00,36618.66667
2019-02-06 09:00:00+00:00,36450.85714
2019-02-06 10:00:00+00:00,36050.6
2019-02-06 11:00:00+00:00,35563.33333
2019-02-06 12:00:00+00:00,35156
2019-02-06 13:00:00+00:00,34167.6
2019-02-06 14:00:00+00:00,33502.33333
2019-02-06 15:00:00+00:00,33096.57143
2019-02-06 16:00:00+00:00,32905.2
2019-02-06 17:00:00+00:00,33422.83333
2019-02-06 18:00:00+00:00,36362.28571
2019-02-06 19:00:00+00:00,37204.6
2019-02-06 20:00:00+00:00,36387.16667
2019-02-06 21:00:00+00:00,33379.57143
2019-02-06 22:00:00+00:00,30250.2
2019-02-06 23:00:00+00:00,28124.66667
2019-02-07 00:00:00+00:00,26150.28571
2019-02-07 01:00:00+00:00,24972.8
2019-02-07 02:00:00+00:00,24508.66667
2019-02-07 03:00:00+00:00,24478
2019-02-07 04:00:00+00:00,25183.4
2019-02-07 05:00:00+00:00,27539.16667
2019-02-07 06:00:00+00:00,32345.42857
2019-02-07 07:00:00+00:00,35224.4
2019-02-07 08:00:00+00:00,36128.33333
2019-02-07 09:00:00+00:00,36444.85714
2019-02-07 10:00:00+00:00,35966.6
2019-02-07 11:00:00+00:00,35527.66667
2019-02-07 12:00:00+00:00,35032.14286
2019-02-07 13:00:00+00:00,33946.6
2019-02-07 14:00:00+00:00,33374.66667
2019-02-07 15:00:00+00:00,32938.28571
2019-02-07 16:00:00+00:00,32699.4
2019-02-07 17:00:00+00:00,33278.33333
2019-02-07 18:00:00+00:00,35915.85714
2019-02-07 19:00:00+00:00,36694.2
2019-02-07 20:00:00+00:00,36039.83333
2019-02-07 21:00:00+00:00,33421.28571
2019-02-07 22:00:00+00:00,30348
2019-02-07 23:00:00+00:00,28352.5
2019-02-08 00:00:00+00:00,26270.57143
2019-02-08 01:00:00+00:00,24995.2
2019-02-08 02:00:00+00:00,24434.33333
2019-02-08 03:00:00+00:00,24528.28571
2019-02-08 04:00:00+00:00,25116.6
2019-02-08 05:00:00+00:00,27525.16667
2019-02-08 06:00:00+00:00,32467.71429
2019-02-08 07:00:00+00:00,35172.4
2019-02-08 08:00:00+00:00,36125.83333
2019-02-08 09:00:00+00:00,36240.28571
2019-02-08 10:00:00+00:00,35840.4
2019-02-08 11:00:00+00:00,35109.16667
2019-02-08 12:00:00+00:00,34677.85714
2019-02-08 13:00:00+00:00,33500.8
2019-02-08 14:00:00+00:00,32678.66667
2019-02-08 15:00:00+00:00,32269.57143
2019-02-08 16:00:00+00:00,31924.4
2019-02-08 17:00:00+00:00,32441.5
2019-02-08 18:00:00+00:00,34881
2019-02-08 19:00:00+00:00,35275.8
2019-02-08 20:00:00+00:00,34846
2019-02-08 21:00:00+00:00,32580
2019-02-08 22:00:00+00:00,29904.8
2019-02-08 23:00:00+00:00,28300
2019-02-09 00:00:00+00:00,26255.28571
2019-02-09 01:00:00+00:00,24816.8
2019-02-09 02:00:00+00:00,24105.5
2019-02-09 03:00:00+00:00,23638.28571
2019-02-09 04:00:00+00:00,23435.8
2019-02-09 05:00:00+00:00,24141.66667
2019-02-09 06:00:00+00:00,25495.85714
2019-02-09 07:00:00+00:00,27184
2019-02-09 08:00:00+00:00,29888
2019-02-09 09:00:00+00:00,31813.71429
2019-02-09 10:00:00+00:00,31768.2
2019-02-09 11:00:00+00:00,31235.5
2019-02-09 12:00:00+00:00,31007.85714
2019-02-09 13:00:00+00:00,30209
2019-02-09 14:00:00+00:00,28978.83333
2019-02-09 15:00:00+00:00,28018.57143
2019-02-09 16:00:00+00:00,27657.4
2019-02-09 17:00:00+00:00,28587.83333
2019-02-09 18:00:00+00:00,31221.14286
2019-02-09 19:00:00+00:00,32070.2
2019-02-09 20:00:00+00:00,32115.66667
2019-02-09 21:00:00+00:00,30721.42857
2019-02-09 22:00:00+00:00,28564.2
2019-02-09 23:00:00+00:00,26715.16667
2019-02-10 00:00:00+00:00,24601.85714
2019-02-10 01:00:00+00:00,22952.2
2019-02-10 02:00:00+00:00,22324.66667
2019-02-10 03:00:00+00:00,21874.14286
2019-02-10 04:00:00+00:00,21770.4
2019-02-10 05:00:00+00:00,22089
2019-02-10 06:00:00+00:00,22902.71429
2019-02-10 07:00:00+00:00,23618.2
2019-02-10 08:00:00+00:00,25498
2019-02-10 09:00:00+00:00,27828.85714
2019-02-10 10:00:00+00:00,28829.8
2019-02-10 11:00:00+00:00,28712.5
2019-02-10 12:00:00+00:00,29034.71429
2019-02-10 13:00:00+00:00,28934.6
2019-02-10 14:00:00+00:00,27642
2019-02-10 15:00:00+00:00,26566
2019-02-10 16:00:00+00:00,26525.8
2019-02-10 17:00:00+00:00,27492.5
2019-02-10 18:00:00+00:00,30557.85714
2019-02-10 19:00:00+00:00,31831.8
2019-02-10 20:00:00+00:00,31902
2019-02-10 21:00:00+00:00,30570.14286
2019-02-10 22:00:00+00:00,28353.8
2019-02-10 23:00:00+00:00,26137
2019-02-11 00:00:00+00:00,24169.28571
2019-02-11 01:00:00+00:00,22992.8
2019-02-11 02:00:00+00:00,22669.83333
2019-02-11 03:00:00+00:00,22645.85714
2019-02-11 04:00:00+00:00,23369.6
2019-02-11 05:00:00+00:00,26381.66667
2019-02-11 06:00:00+00:00,31313.71429
2019-02-11 07:00:00+00:00,34121.6
2019-02-11 08:00:00+00:00,35115.66667
2019-02-11 09:00:00+00:00,35387
2019-02-11 10:00:00+00:00,35281
2019-02-11 11:00:00+00:00,34955.16667
2019-02-11 12:00:00+00:00,34609
2019-02-11 13:00:00+00:00,33565.6
2019-02-11 14:00:00+00:00,32901.5
2019-02-11 15:00:00+00:00,32454.85714
2019-02-11 16:00:00+00:00,32228.6
2019-02-11 17:00:00+00:00,32502.66667
2019-02-11 18:00:00+00:00,35140.42857
2019-02-11 19:00:00+00:00,36149.4
2019-02-11 20:00:00+00:00,35500.83333
2019-02-11 21:00:00+00:00,32653
2019-02-11 22:00:00+00:00,29562.2
2019-02-11 23:00:00+00:00,27820
2019-02-12 00:00:00+00:00,26053.57143
2019-02-12 01:00:00+00:00,24877.8
2019-02-12 02:00:00+00:00,24454
2019-02-12 03:00:00+00:00,24436.85714
2019-02-12 04:00:00+00:00,25047.6
2019-02-12 05:00:00+00:00,27542.33333
2019-02-12 06:00:00+00:00,32383.57143
2019-02-12 07:00:00+00:00,34836.8
2019-02-12 08:00:00+00:00,35898.83333
2019-02-12 09:00:00+00:00,36038
2019-02-12 10:00:00+00:00,35509.8
2019-02-12 11:00:00+00:00,35320.33333
2019-02-12 12:00:00+00:00,34910.85714
2019-02-12 13:00:00+00:00,33795.8
2019-02-12 14:00:00+00:00,33087.16667
2019-02-12 15:00:00+00:00,32842.42857
2019-02-12 16:00:00+00:00,32567.2
2019-02-12 17:00:00+00:00,32754.83333
2019-02-12 18:00:00+00:00,35542.28571
2019-02-12 19:00:00+00:00,36533.4
2019-02-12 20:00:00+00:00,35798.16667
2019-02-12 21:00:00+00:00,32842.57143
2019-02-12 22:00:00+00:00,29604
2019-02-12 23:00:00+00:00,27755.5
2019-02-13 00:00:00+00:00,25906.42857
2019-02-13 01:00:00+00:00,24741.6
2019-02-13 02:00:00+00:00,24365.5
2019-02-13 03:00:00+00:00,24201.28571
2019-02-13 04:00:00+00:00,25013
2019-02-13 05:00:00+00:00,27310
2019-02-13 06:00:00+00:00,32455.14286
2019-02-13 07:00:00+00:00,34925.2
2019-02-13 08:00:00+00:00,35789.33333
2019-02-13 09:00:00+00:00,35935.57143
2019-02-13 10:00:00+00:00,35544.4
2019-02-13 11:00:00+00:00,35034.16667
2019-02-13 12:00:00+00:00,34486
2019-02-13 13:00:00+00:00,33354
2019-02-13 14:00:00+00:00,32749.5
2019-02-13 15:00:00+00:00,32351.42857
2019-02-13 16:00:00+00:00,32088
2019-02-13 17:00:00+00:00,32190.66667
2019-02-13 18:00:00+00:00,35169.14286
2019-02-13 19:00:00+00:00,36243
2019-02-13 20:00:00+00:00,35650.66667
2019-02-13 21:00:00+00:00,32724.14286
2019-02-13 22:00:00+00:00,29654.6
2019-02-13 23:00:00+00:00,27715.5
2019-02-14 00:00:00+00:00,25810
2019-02-14 01:00:00+00:00,24555.2
2019-02-14 02:00:00+00:00,24189.83333
2019-02-14 03:00:00+00:00,24058.71429
2019-02-14 04:00:00+00:00,24665.8
2019-02-14 05:00:00+00:00,27081.66667
2019-02-14 06:00:00+00:00,32100.42857
2019-02-14 07:00:00+00:00,34573.6
2019-02-14 08:00:00+00:00,35342.16667
2019-02-14 09:00:00+00:00,35541
2019-02-14 10:00:00+00:00,35110
2019-02-14 11:00:00+00:00,34814.16667
2019-02-14 12:00:00+00:00,34291.14286
2019-02-14 13:00:00+00:00,33334
2019-02-14 14:00:00+00:00,32798.83333
2019-02-14 15:00:00+00:00,32438.85714
2019-02-14 16:00:00+00:00,32276
2019-02-14 17:00:00+00:00,32359.33333
2019-02-14 18:00:00+00:00,35053.42857
2019-02-14 19:00:00+00:00,36056.2
2019-02-14 20:00:00+00:00,35464.66667
2019-02-14 21:00:00+00:00,32740
2019-02-14 22:00:00+00:00,29691.4
2019-02-14 23:00:00+00:00,27917.33333
2019-02-15 00:00:00+00:00,25959.28571
2019-02-15 01:00:00+00:00,24782
2019-02-15 02:00:00+00:00,24361.5
2019-02-15 03:00:00+00:00,24232.14286
2019-02-15 04:00:00+00:00,24857.8
2019-02-15 05:00:00+00:00,27285.16667
2019-02-15 06:00:00+00:00,32169
2019-02-15 07:00:00+00:00,34457.8
2019-02-15 08:00:00+00:00,35470.66667
2019-02-15 09:00:00+00:00,35577.57143
2019-02-15 10:00:00+00:00,35479.2
2019-02-15 11:00:00+00:00,34941.33333
2019-02-15 12:00:00+00:00,34424.42857
2019-02-15 13:00:00+00:00,33314.4
2019-02-15 14:00:00+00:00,32462.16667
2019-02-15 15:00:00+00:00,31865
2019-02-15 16:00:00+00:00,31537.6
2019-02-15 17:00:00+00:00,31711.16667
2019-02-15 18:00:00+00:00,34353.42857
2019-02-15 19:00:00+00:00,34905.2
2019-02-15 20:00:00+00:00,34333.33333
2019-02-15 21:00:00+00:00,31894
2019-02-15 22:00:00+00:00,29440.6
2019-02-15 23:00:00+00:00,27777.16667
2019-02-16 00:00:00+00:00,25736
2019-02-16 01:00:00+00:00,24272.8
2019-02-16 02:00:00+00:00,23550
2019-02-16 03:00:00+00:00,23161
2019-02-16 04:00:00+00:00,23011.6
2019-02-16 05:00:00+00:00,23586.33333
2019-02-16 06:00:00+00:00,25162.85714
2019-02-16 07:00:00+00:00,26799.4
2019-02-16 08:00:00+00:00,29405.66667
2019-02-16 09:00:00+00:00,31111.28571
2019-02-16 10:00:00+00:00,31113
2019-02-16 11:00:00+00:00,30569
2019-02-16 12:00:00+00:00,30310.42857
2019-02-16 13:00:00+00:00,29622
2019-02-16 14:00:00+00:00,28349.66667
2019-02-16 15:00:00+00:00,27424.85714
2019-02-16 16:00:00+00:00,26944
2019-02-16 17:00:00+00:00,27655.83333
2019-02-16 18:00:00+00:00,30516.42857
2019-02-16 19:00:00+00:00,31617.6
2019-02-16 20:00:00+00:00,31540.5
2019-02-16 21:00:00+00:00,30007.28571
2019-02-16 22:00:00+00:00,27892.6
2019-02-16 23:00:00+00:00,25980.33333
2019-02-17 00:00:00+00:00,23929.71429
2019-02-17 01:00:00+00:00,22608
2019-02-17 02:00:00+00:00,21864.66667
2019-02-17 03:00:00+00:00,21369.71429
2019-02-17 04:00:00+00:00,21423.6
2019-02-17 05:00:00+00:00,21704.33333
2019-02-17 06:00:00+00:00,22485.28571
2019-02-17 07:00:00+00:00,23198
2019-02-17 08:00:00+00:00,25306.66667
2019-02-17 09:00:00+00:00,27255.14286
2019-02-17 10:00:00+00:00,27985.4
2019-02-17 11:00:00+00:00,27679.33333
2019-02-17 12:00:00+00:00,27786.57143
2019-02-17 13:00:00+00:00,27501
2019-02-17 14:00:00+00:00,26371.83333
2019-02-17 15:00:00+00:00,25558.42857
2019-02-17 16:00:00+00:00,25432.4
2019-02-17 17:00:00+00:00,26219
2019-02-17 18:00:00+00:00,29524
2019-02-17 19:00:00+00:00,31304.4
2019-02-17 20:00:00+00:00,31289.66667
2019-02-17 21:00:00+00:00,30021
2019-02-17 22:00:00+00:00,27689.6
2019-02-17 23:00:00+00:00,25542.83333
2019-02-18 00:00:00+00:00,23733.28571
2019-02-18 01:00:00+00:00,22781.6
2019-02-18 02:00:00+00:00,22391.5
2019-02-18 03:00:00+00:00,22361.28571
2019-02-18 04:00:00+00:00,23278.4
2019-02-18 05:00:00+00:00,26051.33333
2019-02-18 06:00:00+00:00,31125.85714
2019-02-18 07:00:00+00:00,33941.4
2019-02-18 08:00:00+00:00,35090.33333
2019-02-18 09:00:00+00:00,35400.71429
2019-02-18 10:00:00+00:00,35433.8
2019-02-18 11:00:00+00:00,35170.83333
2019-02-18 12:00:00+00:00,34822.14286
2019-02-18 13:00:00+00:00,33770.6
2019-02-18 14:00:00+00:00,33147.16667
2019-02-18 15:00:00+00:00,32661.42857
2019-02-18 16:00:00+00:00,32455.6
2019-02-18 17:00:00+00:00,32595.33333
2019-02-18 18:00:00+00:00,35252.85714
2019-02-18 19:00:00+00:00,36080.8
2019-02-18 20:00:00+00:00,35381
2019-02-18 21:00:00+00:00,32393.42857
2019-02-18 22:00:00+00:00,29188.8
2019-02-18 23:00:00+00:00,27432
2019-02-19 00:00:00+00:00,25508.42857
2019-02-19 01:00:00+00:00,24334.2
2019-02-19 02:00:00+00:00,23903.16667
2019-02-19 03:00:00+00:00,24094.28571
2019-02-19 04:00:00+00:00,24822.2
2019-02-19 05:00:00+00:00,27313
2019-02-19 06:00:00+00:00,31955.85714
2019-02-19 07:00:00+00:00,34318
2019-02-19 08:00:00+00:00,35372
2019-02-19 09:00:00+00:00,35506.28571
2019-02-19 10:00:00+00:00,35354.8
2019-02-19 11:00:00+00:00,34911
2019-02-19 12:00:00+00:00,34520.71429
2019-02-19 13:00:00+00:00,33426.2
2019-02-19 14:00:00+00:00,32810.16667
2019-02-19 15:00:00+00:00,32175.85714
2019-02-19 16:00:00+00:00,31989
2019-02-19 17:00:00+00:00,32160.83333
2019-02-19 18:00:00+00:00,35080.28571
2019-02-19 19:00:00+00:00,36217.2
2019-02-19 20:00:00+00:00,35401.16667
2019-02-19 21:00:00+00:00,32422.14286
2019-02-19 22:00:00+00:00,29174.6
2019-02-19 23:00:00+00:00,27466.66667
2019-02-20 00:00:00+00:00,25487.14286
2019-02-20 01:00:00+00:00,24315
2019-02-20 02:00:00+00:00,23856.83333
2019-02-20 03:00:00+00:00,23855.14286
2019-02-20 04:00:00+00:00,24487
2019-02-20 05:00:00+00:00,26961.83333
2019-02-20 06:00:00+00:00,31673.85714
2019-02-20 07:00:00+00:00,34053.4
2019-02-20 08:00:00+00:00,34994
2019-02-20 09:00:00+00:00,35143.14286
2019-02-20 10:00:00+00:00,34804
2019-02-20 11:00:00+00:00,34415.16667
2019-02-20 12:00:00+00:00,34108.14286
2019-02-20 13:00:00+00:00,32983.8
2019-02-20 14:00:00+00:00,32512.66667
2019-02-20 15:00:00+00:00,31930
2019-02-20 16:00:00+00:00,31600.8
2019-02-20 17:00:00+00:00,31672.66667
2019-02-20 18:00:00+00:00,34533.71429
2019-02-20 19:00:00+00:00,35957.8
2019-02-20 20:00:00+00:00,35330.5
2019-02-20 21:00:00+00:00,32893.57143
2019-02-20 22:00:00+00:00,29934.8
2019-02-20 23:00:00+00:00,28119.83333
2019-02-21 00:00:00+00:00,26278.85714
2019-02-21 01:00:00+00:00,25342.4
2019-02-21 02:00:00+00:00,24798.16667
2019-02-21 03:00:00+00:00,24758.14286
2019-02-21 04:00:00+00:00,25319.8
2019-02-21 05:00:00+00:00,27278.33333
2019-02-21 06:00:00+00:00,31606.14286
2019-02-21 07:00:00+00:00,33722.8
2019-02-21 08:00:00+00:00,34776.83333
2019-02-21 09:00:00+00:00,34870.57143
2019-02-21 10:00:00+00:00,34541.2
2019-02-21 11:00:00+00:00,34230.33333
2019-02-21 12:00:00+00:00,33873.42857
2019-02-21 13:00:00+00:00,32820.8
2019-02-21 14:00:00+00:00,32155.83333
2019-02-21 15:00:00+00:00,31611
2019-02-21 16:00:00+00:00,31357
2019-02-21 17:00:00+00:00,31466
2019-02-21 18:00:00+00:00,34438.28571
2019-02-21 19:00:00+00:00,35544
2019-02-21 20:00:00+00:00,34997.33333
2019-02-21 21:00:00+00:00,32264.85714
2019-02-21 22:00:00+00:00,29275.8
2019-02-21 23:00:00+00:00,27442.33333
2019-02-22 00:00:00+00:00,25567.28571
2019-02-22 01:00:00+00:00,24358.2
2019-02-22 02:00:00+00:00,24009.66667
2019-02-22 03:00:00+00:00,23919.42857
2019-02-22 04:00:00+00:00,24651.2
2019-02-22 05:00:00+00:00,27044.66667
2019-02-22 06:00:00+00:00,31816.85714
2019-02-22 07:00:00+00:00,34093.6
2019-02-22 08:00:00+00:00,34957.66667
2019-02-22 09:00:00+00:00,34848.57143
2019-02-22 10:00:00+00:00,34327.6
2019-02-22 11:00:00+00:00,33876.83333
2019-02-22 12:00:00+00:00,33421.71429
2019-02-22 13:00:00+00:00,32262.4
2019-02-22 14:00:00+00:00,31447
2019-02-22 15:00:00+00:00,30889.42857
2019-02-22 16:00:00+00:00,30456.2
2019-02-22 17:00:00+00:00,30366.16667
2019-02-22 18:00:00+00:00,32916.71429
2019-02-22 19:00:00+00:00,33847.2
2019-02-22 20:00:00+00:00,33474.66667
2019-02-22 21:00:00+00:00,31155.28571
2019-02-22 22:00:00+00:00,28791.6
2019-02-22 23:00:00+00:00,27310.83333
2019-02-23 00:00:00+00:00,25275.71429
2019-02-23 01:00:00+00:00,23869.4
2019-02-23 02:00:00+00:00,23324
2019-02-23 03:00:00+00:00,22950.85714
2019-02-23 04:00:00+00:00,22782.6
2019-02-23 05:00:00+00:00,23453.5
2019-02-23 06:00:00+00:00,24741.71429
2019-02-23 07:00:00+00:00,26467.8
2019-02-23 08:00:00+00:00,29014
2019-02-23 09:00:00+00:00,30360.57143
2019-02-23 10:00:00+00:00,30416.2
2019-02-23 11:00:00+00:00,29771.16667
2019-02-23 12:00:00+00:00,29480.71429
2019-02-23 13:00:00+00:00,28817.8
2019-02-23 14:00:00+00:00,27706.33333
2019-02-23 15:00:00+00:00,26719.28571
2019-02-23 16:00:00+00:00,26357.4
2019-02-23 17:00:00+00:00,26556.16667
2019-02-23 18:00:00+00:00,29238.85714
2019-02-23 19:00:00+00:00,30372
2019-02-23 20:00:00+00:00,30508.5
2019-02-23 21:00:00+00:00,29106.28571
2019-02-23 22:00:00+00:00,27113.4
2019-02-23 23:00:00+00:00,25328.5
2019-02-24 00:00:00+00:00,23307.85714
2019-02-24 01:00:00+00:00,22043.2
2019-02-24 02:00:00+00:00,21382.66667
2019-02-24 03:00:00+00:00,21063.14286
2019-02-24 04:00:00+00:00,21084
2019-02-24 05:00:00+00:00,21538.5
2019-02-24 06:00:00+00:00,21948.14286
2019-02-24 07:00:00+00:00,22756.8
2019-02-24 08:00:00+00:00,24863.83333
2019-02-24 09:00:00+00:00,26566.28571
2019-02-24 10:00:00+00:00,27069.6
2019-02-24 11:00:00+00:00,26772.66667
2019-02-24 12:00:00+00:00,26783.71429
2019-02-24 13:00:00+00:00,26453
2019-02-24 14:00:00+00:00,25484.33333
2019-02-24 15:00:00+00:00,24629.71429
2019-02-24 16:00:00+00:00,24229.4
2019-02-24 17:00:00+00:00,24720.66667
2019-02-24 18:00:00+00:00,28007.42857
2019-02-24 19:00:00+00:00,30108.4
2019-02-24 20:00:00+00:00,30173.83333
2019-02-24 21:00:00+00:00,28887.85714
2019-02-24 22:00:00+00:00,26682
2019-02-24 23:00:00+00:00,24760.83333
2019-02-25 00:00:00+00:00,23004.14286
2019-02-25 01:00:00+00:00,22058
2019-02-25 02:00:00+00:00,21778.83333
2019-02-25 03:00:00+00:00,21965.57143
2019-02-25 04:00:00+00:00,22743.2
2019-02-25 05:00:00+00:00,25573.33333
2019-02-25 06:00:00+00:00,30318
2019-02-25 07:00:00+00:00,33069.4
2019-02-25 08:00:00+00:00,34074.83333
2019-02-25 09:00:00+00:00,34121.42857
2019-02-25 10:00:00+00:00,33810.6
2019-02-25 11:00:00+00:00,33509.33333
2019-02-25 12:00:00+00:00,33366.28571
2019-02-25 13:00:00+00:00,32330.8
2019-02-25 14:00:00+00:00,31694.16667
2019-02-25 15:00:00+00:00,31071.85714
2019-02-25 16:00:00+00:00,30833
2019-02-25 17:00:00+00:00,30574
2019-02-25 18:00:00+00:00,33178.14286
2019-02-25 19:00:00+00:00,34674.4
2019-02-25 20:00:00+00:00,34270.66667
2019-02-25 21:00:00+00:00,31327.85714
2019-02-25 22:00:00+00:00,28268.8
2019-02-25 23:00:00+00:00,26614.5
2019-02-26 00:00:00+00:00,24789.57143
2019-02-26 01:00:00+00:00,23755.2
2019-02-26 02:00:00+00:00,23397.66667
2019-02-26 03:00:00+00:00,23404.57143
2019-02-26 04:00:00+00:00,23979.8
2019-02-26 05:00:00+00:00,26366
2019-02-26 06:00:00+00:00,30904.14286
2019-02-26 07:00:00+00:00,33119.2
2019-02-26 08:00:00+00:00,33965
2019-02-26 09:00:00+00:00,33805.57143
2019-02-26 10:00:00+00:00,33522.4
2019-02-26 11:00:00+00:00,33315.5
2019-02-26 12:00:00+00:00,33177.85714
2019-02-26 13:00:00+00:00,32197
2019-02-26 14:00:00+00:00,31424.83333
2019-02-26 15:00:00+00:00,30960.71429
2019-02-26 16:00:00+00:00,30611.2
2019-02-26 17:00:00+00:00,30420
2019-02-26 18:00:00+00:00,33267.42857
2019-02-26 19:00:00+00:00,34679.4
2019-02-26 20:00:00+00:00,34166.5
2019-02-26 21:00:00+00:00,31229.42857
2019-02-26 22:00:00+00:00,28313
2019-02-26 23:00:00+00:00,26617
2019-02-27 00:00:00+00:00,24800.28571
2019-02-27 01:00:00+00:00,23752
2019-02-27 02:00:00+00:00,23550.83333
2019-02-27 03:00:00+00:00,23519.14286
2019-02-27 04:00:00+00:00,24170.2
2019-02-27 05:00:00+00:00,26645.66667
2019-02-27 06:00:00+00:00,30895.42857
2019-02-27 07:00:00+00:00,33094.2
2019-02-27 08:00:00+00:00,33870.33333
2019-02-27 09:00:00+00:00,33805.85714
2019-02-27 10:00:00+00:00,33433.8
2019-02-27 11:00:00+00:00,33188.16667
2019-02-27 12:00:00+00:00,32842.71429
2019-02-27 13:00:00+00:00,31810.4
2019-02-27 14:00:00+00:00,31187.33333
2019-02-27 15:00:00+00:00,30782.71429
2019-02-27 16:00:00+00:00,30410
2019-02-27 17:00:00+00:00,30330.5
2019-02-27 18:00:00+00:00,33141.85714
2019-02-27 19:00:00+00:00,34508.2
2019-02-27 20:00:00+00:00,33637.16667
2019-02-27 21:00:00+00:00,30973.28571
2019-02-27 22:00:00+00:00,28344.6
2019-02-27 23:00:00+00:00,26742.16667
2019-02-28 00:00:00+00:00,25098.28571
2019-02-28 01:00:00+00:00,23956.2
2019-02-28 02:00:00+00:00,23705.83333
2019-02-28 03:00:00+00:00,23606.28571
2019-02-28 04:00:00+00:00,24126
2019-02-28 05:00:00+00:00,26170.5
2019-02-28 06:00:00+00:00,29462
2019-02-28 07:00:00+00:00,31375.4
2019-02-28 08:00:00+00:00,32451
2019-02-28 09:00:00+00:00,32596.71429
2019-02-28 10:00:00+00:00,32429.2
2019-02-28 11:00:00+00:00,32120.83333
2019-02-28 12:00:00+00:00,31786.85714
2019-02-28 13:00:00+00:00,30865
2019-02-28 14:00:00+00:00,30370.83333
2019-02-28 15:00:00+00:00,29821.42857
2019-02-28 16:00:00+00:00,29525.6
2019-02-28 17:00:00+00:00,29425.33333
2019-02-28 18:00:00+00:00,32100.42857
2019-02-28 19:00:00+00:00,33550.2
2019-02-28 20:00:00+00:00,33035.83333
2019-02-28 21:00:00+00:00,30539.57143
2019-02-28 22:00:00+00:00,28125.4
2019-02-28 23:00:00+00:00,26574.5
2019-03-01 00:00:00+00:00,25096.42857
2019-03-01 01:00:00+00:00,23966.2
2019-03-01 02:00:00+00:00,23554.33333
2019-03-01 03:00:00+00:00,23546.14286
2019-03-01 04:00:00+00:00,24150.6
2019-03-01 05:00:00+00:00,26347.66667
2019-03-01 06:00:00+00:00,30001.14286
2019-03-01 07:00:00+00:00,32231.2
2019-03-01 08:00:00+00:00,33312.83333
2019-03-01 09:00:00+00:00,33812.57143
2019-03-01 10:00:00+00:00,33487.4
2019-03-01 11:00:00+00:00,33021.16667
2019-03-01 12:00:00+00:00,32568
2019-03-01 13:00:00+00:00,31582.4
2019-03-01 14:00:00+00:00,30649
2019-03-01 15:00:00+00:00,30113
2019-03-01 16:00:00+00:00,29865.6
2019-03-01 17:00:00+00:00,29719.83333
2019-03-01 18:00:00+00:00,32211.57143
2019-03-01 19:00:00+00:00,33200.2
2019-03-01 20:00:00+00:00,32591
2019-03-01 21:00:00+00:00,30419.71429
2019-03-01 22:00:00+00:00,28080.4
2019-03-01 23:00:00+00:00,26710
2019-03-02 00:00:00+00:00,24852.57143
2019-03-02 01:00:00+00:00,23742
2019-03-02 02:00:00+00:00,23121.66667
2019-03-02 03:00:00+00:00,22815.42857
2019-03-02 04:00:00+00:00,22846.2
2019-03-02 05:00:00+00:00,23240
2019-03-02 06:00:00+00:00,24358.71429
2019-03-02 07:00:00+00:00,25963.6
2019-03-02 08:00:00+00:00,28193.5
2019-03-02 09:00:00+00:00,29518
2019-03-02 10:00:00+00:00,29624.8
2019-03-02 11:00:00+00:00,29338.16667
2019-03-02 12:00:00+00:00,28999.28571
2019-03-02 13:00:00+00:00,28178.4
2019-03-02 14:00:00+00:00,27101.16667
2019-03-02 15:00:00+00:00,26136.57143
2019-03-02 16:00:00+00:00,25562.6
2019-03-02 17:00:00+00:00,25651.33333
2019-03-02 18:00:00+00:00,28107.85714
2019-03-02 19:00:00+00:00,29654
2019-03-02 20:00:00+00:00,29506.66667
2019-03-02 21:00:00+00:00,28133.57143
2019-03-02 22:00:00+00:00,26569.8
2019-03-02 23:00:00+00:00,24845.33333
2019-03-03 00:00:00+00:00,23130.42857
2019-03-03 01:00:00+00:00,21758
2019-03-03 02:00:00+00:00,21269.16667
2019-03-03 03:00:00+00:00,20927.57143
2019-03-03 04:00:00+00:00,21036.8
2019-03-03 05:00:00+00:00,21275.83333
2019-03-03 06:00:00+00:00,21632
2019-03-03 07:00:00+00:00,22381
2019-03-03 08:00:00+00:00,24354
2019-03-03 09:00:00+00:00,25918.57143
2019-03-03 10:00:00+00:00,26367
2019-03-03 11:00:00+00:00,26059.66667
2019-03-03 12:00:00+00:00,26147.71429
2019-03-03 13:00:00+00:00,25927.6
2019-03-03 14:00:00+00:00,24815
2019-03-03 15:00:00+00:00,23946.42857
2019-03-03 16:00:00+00:00,23532
2019-03-03 17:00:00+00:00,24117.83333
2019-03-03 18:00:00+00:00,27134
2019-03-03 19:00:00+00:00,29287.8
2019-03-03 20:00:00+00:00,29439.66667
2019-03-03 21:00:00+00:00,28106.85714
2019-03-03 22:00:00+00:00,25948.4
2019-03-03 23:00:00+00:00,24129.33333
2019-03-04 00:00:00+00:00,22408.71429
2019-03-04 01:00:00+00:00,21651.4
2019-03-04 02:00:00+00:00,21248.5
2019-03-04 03:00:00+00:00,21423.14286
2019-03-04 04:00:00+00:00,22314.8
2019-03-04 05:00:00+00:00,25068.83333
2019-03-04 06:00:00+00:00,28570.14286
2019-03-04 07:00:00+00:00,30796.8
2019-03-04 08:00:00+00:00,32480.66667
2019-03-04 09:00:00+00:00,32961.42857
2019-03-04 10:00:00+00:00,32982.4
2019-03-04 11:00:00+00:00,32775
2019-03-04 12:00:00+00:00,32637.42857
2019-03-04 13:00:00+00:00,31826.6
2019-03-04 14:00:00+00:00,31111.5
2019-03-04 15:00:00+00:00,30430.14286
2019-03-04 16:00:00+00:00,30223
2019-03-04 17:00:00+00:00,30334
2019-03-04 18:00:00+00:00,32511.42857
2019-03-04 19:00:00+00:00,33856
2019-03-04 20:00:00+00:00,33286
2019-03-04 21:00:00+00:00,30583
2019-03-04 22:00:00+00:00,27801.6
2019-03-04 23:00:00+00:00,26176
2019-03-05 00:00:00+00:00,24467
2019-03-05 01:00:00+00:00,23492.2
2019-03-05 02:00:00+00:00,23134
2019-03-05 03:00:00+00:00,23181.28571
2019-03-05 04:00:00+00:00,23746.8
2019-03-05 05:00:00+00:00,25861
2019-03-05 06:00:00+00:00,29634.42857
2019-03-05 07:00:00+00:00,31779
2019-03-05 08:00:00+00:00,32747.66667
2019-03-05 09:00:00+00:00,33198
2019-03-05 10:00:00+00:00,33225.6
2019-03-05 11:00:00+00:00,33081.5
2019-03-05 12:00:00+00:00,32900.14286
2019-03-05 13:00:00+00:00,32083.2
2019-03-05 14:00:00+00:00,31336.66667
2019-03-05 15:00:00+00:00,30676.57143
2019-03-05 16:00:00+00:00,30412
2019-03-05 17:00:00+00:00,30340.66667
2019-03-05 18:00:00+00:00,32827.42857
2019-03-05 19:00:00+00:00,34139.2
2019-03-05 20:00:00+00:00,33507.16667
2019-03-05 21:00:00+00:00,30926.57143
2019-03-05 22:00:00+00:00,28295
2019-03-05 23:00:00+00:00,26632.5
2019-03-06 00:00:00+00:00,24870.71429
2019-03-06 01:00:00+00:00,23863.8
2019-03-06 02:00:00+00:00,23510.16667
2019-03-06 03:00:00+00:00,23443.57143
2019-03-06 04:00:00+00:00,23966.6
2019-03-06 05:00:00+00:00,26290.83333
2019-03-06 06:00:00+00:00,30173.71429
2019-03-06 07:00:00+00:00,32332.4
2019-03-06 08:00:00+00:00,33396.33333
2019-03-06 09:00:00+00:00,34042.85714
2019-03-06 10:00:00+00:00,34267.2
2019-03-06 11:00:00+00:00,34521.16667
2019-03-06 12:00:00+00:00,34386.14286
2019-03-06 13:00:00+00:00,33208.2
2019-03-06 14:00:00+00:00,32512.16667
2019-03-06 15:00:00+00:00,31995.85714
2019-03-06 16:00:00+00:00,31917.2
2019-03-06 17:00:00+00:00,31838
2019-03-06 18:00:00+00:00,33833.85714
2019-03-06 19:00:00+00:00,35210.8
2019-03-06 20:00:00+00:00,34251.16667
2019-03-06 21:00:00+00:00,31544.85714
2019-03-06 22:00:00+00:00,28589.6
2019-03-06 23:00:00+00:00,26990.16667
2019-03-07 00:00:00+00:00,25071.71429
2019-03-07 01:00:00+00:00,24103.4
2019-03-07 02:00:00+00:00,23540.33333
2019-03-07 03:00:00+00:00,23663.85714
2019-03-07 04:00:00+00:00,24231.4
2019-03-07 05:00:00+00:00,26548.16667
2019-03-07 06:00:00+00:00,30294.57143
2019-03-07 07:00:00+00:00,32585
2019-03-07 08:00:00+00:00,33499.16667
2019-03-07 09:00:00+00:00,33774.71429
2019-03-07 10:00:00+00:00,33414.6
2019-03-07 11:00:00+00:00,33352.5
2019-03-07 12:00:00+00:00,33051.42857
2019-03-07 13:00:00+00:00,32154.2
2019-03-07 14:00:00+00:00,31572.5
2019-03-07 15:00:00+00:00,30940.71429
2019-03-07 16:00:00+00:00,30637
2019-03-07 17:00:00+00:00,30612.83333
2019-03-07 18:00:00+00:00,33043.71429
2019-03-07 19:00:00+00:00,34503.2
2019-03-07 20:00:00+00:00,33773
2019-03-07 21:00:00+00:00,31315.57143
2019-03-07 22:00:00+00:00,28404.4
2019-03-07 23:00:00+00:00,26858
2019-03-08 00:00:00+00:00,24987.28571
2019-03-08 01:00:00+00:00,24006
2019-03-08 02:00:00+00:00,23591.5
2019-03-08 03:00:00+00:00,23576.28571
2019-03-08 04:00:00+00:00,24005.4
2019-03-08 05:00:00+00:00,26199.5
2019-03-08 06:00:00+00:00,29909.14286
2019-03-08 07:00:00+00:00,32133.6
2019-03-08 08:00:00+00:00,33227
2019-03-08 09:00:00+00:00,33605
2019-03-08 10:00:00+00:00,33516.6
2019-03-08 11:00:00+00:00,33102.16667
2019-03-08 12:00:00+00:00,32701.28571
2019-03-08 13:00:00+00:00,31612.8
2019-03-08 14:00:00+00:00,30868.66667
2019-03-08 15:00:00+00:00,30245.14286
2019-03-08 16:00:00+00:00,29857.4
2019-03-08 17:00:00+00:00,29648.5
2019-03-08 18:00:00+00:00,31695.85714
2019-03-08 19:00:00+00:00,32961.4
2019-03-08 20:00:00+00:00,32353.5
2019-03-08 21:00:00+00:00,30416.57143
2019-03-08 22:00:00+00:00,28026.8
2019-03-08 23:00:00+00:00,26620.33333
2019-03-09 00:00:00+00:00,24793.42857
2019-03-09 01:00:00+00:00,23479.4
2019-03-09 02:00:00+00:00,22878
2019-03-09 03:00:00+00:00,22652.42857
2019-03-09 04:00:00+00:00,22611
2019-03-09 05:00:00+00:00,23189
2019-03-09 06:00:00+00:00,24024.28571
2019-03-09 07:00:00+00:00,25795
2019-03-09 08:00:00+00:00,28042.33333
2019-03-09 09:00:00+00:00,29358.42857
2019-03-09 10:00:00+00:00,29314.4
2019-03-09 11:00:00+00:00,29030.83333
2019-03-09 12:00:00+00:00,28781.14286
2019-03-09 13:00:00+00:00,28176.8
2019-03-09 14:00:00+00:00,26983.33333
2019-03-09 15:00:00+00:00,26001.71429
2019-03-09 16:00:00+00:00,25473.6
2019-03-09 17:00:00+00:00,25481.33333
2019-03-09 18:00:00+00:00,27623.14286
2019-03-09 19:00:00+00:00,29336.6
2019-03-09 20:00:00+00:00,29354.66667
2019-03-09 21:00:00+00:00,28015.14286
2019-03-09 22:00:00+00:00,26229.6
2019-03-09 23:00:00+00:00,24512.83333
2019-03-10 00:00:00+00:00,22760.71429
2019-03-10 01:00:00+00:00,21394.6
2019-03-10 02:00:00+00:00,20904
2019-03-10 03:00:00+00:00,20554.57143
2019-03-10 04:00:00+00:00,20623.2
2019-03-10 05:00:00+00:00,21087.66667
2019-03-10 06:00:00+00:00,21415
2019-03-10 07:00:00+00:00,22139.2
2019-03-10 08:00:00+00:00,24158.33333
2019-03-10 09:00:00+00:00,25492.85714
2019-03-10 10:00:00+00:00,26033.2
2019-03-10 11:00:00+00:00,25686
2019-03-10 12:00:00+00:00,25870.71429
2019-03-10 13:00:00+00:00,25680.4
2019-03-10 14:00:00+00:00,24586.66667
2019-03-10 15:00:00+00:00,23770.57143
2019-03-10 16:00:00+00:00,23404.8
2019-03-10 17:00:00+00:00,23656.66667
2019-03-10 18:00:00+00:00,26414.28571
2019-03-10 19:00:00+00:00,28819.2
2019-03-10 20:00:00+00:00,28928.5
2019-03-10 21:00:00+00:00,27673.85714
2019-03-10 22:00:00+00:00,25628
2019-03-10 23:00:00+00:00,23767.83333
2019-03-11 00:00:00+00:00,22298
2019-03-11 01:00:00+00:00,21564
2019-03-11 02:00:00+00:00,21104.16667
2019-03-11 03:00:00+00:00,21208.28571
2019-03-11 04:00:00+00:00,22090.2
2019-03-11 05:00:00+00:00,24788.33333
2019-03-11 06:00:00+00:00,28740.57143
2019-03-11 07:00:00+00:00,31164.2
2019-03-11 08:00:00+00:00,32326.16667
2019-03-11 09:00:00+00:00,32565.71429
2019-03-11 10:00:00+00:00,32537
2019-03-11 11:00:00+00:00,32505.5
2019-03-11 12:00:00+00:00,32193.42857
2019-03-11 13:00:00+00:00,31308.2
2019-03-11 14:00:00+00:00,30701.16667
2019-03-11 15:00:00+00:00,30000.14286
2019-03-11 16:00:00+00:00,29620.8
2019-03-11 17:00:00+00:00,29357.16667
2019-03-11 18:00:00+00:00,31624.71429
2019-03-11 19:00:00+00:00,33454.2
2019-03-11 20:00:00+00:00,32766.33333
2019-03-11 21:00:00+00:00,30160.85714
2019-03-11 22:00:00+00:00,27486.6
2019-03-11 23:00:00+00:00,26042
2019-03-12 00:00:00+00:00,24380.71429
2019-03-12 01:00:00+00:00,23366.8
2019-03-12 02:00:00+00:00,23170.5
2019-03-12 03:00:00+00:00,23049
2019-03-12 04:00:00+00:00,23634.8
2019-03-12 05:00:00+00:00,25967.66667
2019-03-12 06:00:00+00:00,29665.85714
2019-03-12 07:00:00+00:00,31812.4
2019-03-12 08:00:00+00:00,32590
2019-03-12 09:00:00+00:00,32865
2019-03-12 10:00:00+00:00,32865.8
2019-03-12 11:00:00+00:00,32554.5
2019-03-12 12:00:00+00:00,32282.57143
2019-03-12 13:00:00+00:00,31288.8
2019-03-12 14:00:00+00:00,30692.33333
2019-03-12 15:00:00+00:00,30146.85714
2019-03-12 16:00:00+00:00,30008.8
2019-03-12 17:00:00+00:00,29835
2019-03-12 18:00:00+00:00,32073.14286
2019-03-12 19:00:00+00:00,33951.2
2019-03-12 20:00:00+00:00,33222.5
2019-03-12 21:00:00+00:00,30513.28571
2019-03-12 22:00:00+00:00,27851.8
2019-03-12 23:00:00+00:00,26314.16667
2019-03-13 00:00:00+00:00,24617.85714
2019-03-13 01:00:00+00:00,23714.6
2019-03-13 02:00:00+00:00,23472
2019-03-13 03:00:00+00:00,23441.14286
2019-03-13 04:00:00+00:00,24168.6
2019-03-13 05:00:00+00:00,26291.5
2019-03-13 06:00:00+00:00,30002.57143
2019-03-13 07:00:00+00:00,32127.6
2019-03-13 08:00:00+00:00,32968.5
2019-03-13 09:00:00+00:00,33348.14286
2019-03-13 10:00:00+00:00,33411.4
2019-03-13 11:00:00+00:00,33278
2019-03-13 12:00:00+00:00,32900.85714
2019-03-13 13:00:00+00:00,31849.2
2019-03-13 14:00:00+00:00,31237.16667
2019-03-13 15:00:00+00:00,30537.42857
2019-03-13 16:00:00+00:00,30461.2
2019-03-13 17:00:00+00:00,30269
2019-03-13 18:00:00+00:00,32564.42857
2019-03-13 19:00:00+00:00,34575.6
2019-03-13 20:00:00+00:00,33693
2019-03-13 21:00:00+00:00,30850.71429
2019-03-13 22:00:00+00:00,28156.2
2019-03-13 23:00:00+00:00,26495.66667
2019-03-14 00:00:00+00:00,24984.28571
2019-03-14 01:00:00+00:00,24028.2
2019-03-14 02:00:00+00:00,23634
2019-03-14 03:00:00+00:00,23632.42857
2019-03-14 04:00:00+00:00,24367
2019-03-14 05:00:00+00:00,26507.5
2019-03-14 06:00:00+00:00,30058.42857
2019-03-14 07:00:00+00:00,32308.4
2019-03-14 08:00:00+00:00,33096.33333
2019-03-14 09:00:00+00:00,33285.42857
2019-03-14 10:00:00+00:00,33113
2019-03-14 11:00:00+00:00,33060.66667
2019-03-14 12:00:00+00:00,32704.14286
2019-03-14 13:00:00+00:00,31540.6
2019-03-14 14:00:00+00:00,30996.66667
2019-03-14 15:00:00+00:00,30520.28571
2019-03-14 16:00:00+00:00,30137
2019-03-14 17:00:00+00:00,30053.83333
2019-03-14 18:00:00+00:00,32016.57143
2019-03-14 19:00:00+00:00,33963.8
2019-03-14 20:00:00+00:00,33285.5
2019-03-14 21:00:00+00:00,30755.85714
2019-03-14 22:00:00+00:00,28110
2019-03-14 23:00:00+00:00,26593
2019-03-15 00:00:00+00:00,24843.57143
2019-03-15 01:00:00+00:00,24055.4
2019-03-15 02:00:00+00:00,23650
2019-03-15 03:00:00+00:00,23463.71429
2019-03-15 04:00:00+00:00,24155.6
2019-03-15 05:00:00+00:00,26384.5
2019-03-15 06:00:00+00:00,29856.85714
2019-03-15 07:00:00+00:00,31987
2019-03-15 08:00:00+00:00,32760
2019-03-15 09:00:00+00:00,32983
2019-03-15 10:00:00+00:00,32960.6
2019-03-15 11:00:00+00:00,32708.16667
2019-03-15 12:00:00+00:00,32241.85714
2019-03-15 13:00:00+00:00,31089.6
2019-03-15 14:00:00+00:00,30246.33333
2019-03-15 15:00:00+00:00,29573.14286
2019-03-15 16:00:00+00:00,29248
2019-03-15 17:00:00+00:00,28873
2019-03-15 18:00:00+00:00,30735.57143
2019-03-15 19:00:00+00:00,32371.2
2019-03-15 20:00:00+00:00,31762.83333
2019-03-15 21:00:00+00:00,29540.71429
2019-03-15 22:00:00+00:00,27239.6
2019-03-15 23:00:00+00:00,26065.33333
2019-03-16 00:00:00+00:00,24392.85714
2019-03-16 01:00:00+00:00,23263.8
2019-03-16 02:00:00+00:00,22766.16667
2019-03-16 03:00:00+00:00,22412.71429
2019-03-16 04:00:00+00:00,22336.4
2019-03-16 05:00:00+00:00,22853.16667
2019-03-16 06:00:00+00:00,23532.14286
2019-03-16 07:00:00+00:00,25580.6
2019-03-16 08:00:00+00:00,27603
2019-03-16 09:00:00+00:00,28898
2019-03-16 10:00:00+00:00,28885
2019-03-16 11:00:00+00:00,28375.66667
2019-03-16 12:00:00+00:00,28387.57143
2019-03-16 13:00:00+00:00,27622.4
2019-03-16 14:00:00+00:00,26442.5
2019-03-16 15:00:00+00:00,25364.85714
2019-03-16 16:00:00+00:00,25203.8
2019-03-16 17:00:00+00:00,25111
2019-03-16 18:00:00+00:00,27093.57143
2019-03-16 19:00:00+00:00,29110.4
2019-03-16 20:00:00+00:00,29230.66667
2019-03-16 21:00:00+00:00,27734.14286
2019-03-16 22:00:00+00:00,25731.4
2019-03-16 23:00:00+00:00,24086.33333
2019-03-17 00:00:00+00:00,22396.28571
2019-03-17 01:00:00+00:00,21380.6
2019-03-17 02:00:00+00:00,20801
2019-03-17 03:00:00+00:00,20552.14286
2019-03-17 04:00:00+00:00,20674.2
2019-03-17 05:00:00+00:00,20942.66667
2019-03-17 06:00:00+00:00,21037.42857
2019-03-17 07:00:00+00:00,22143.8
2019-03-17 08:00:00+00:00,23991.33333
2019-03-17 09:00:00+00:00,25425.42857
2019-03-17 10:00:00+00:00,26120.4
2019-03-17 11:00:00+00:00,25980.16667
2019-03-17 12:00:00+00:00,26261
2019-03-17 13:00:00+00:00,26125.2
2019-03-17 14:00:00+00:00,24794.5
2019-03-17 15:00:00+00:00,23859.28571
2019-03-17 16:00:00+00:00,23522.2
2019-03-17 17:00:00+00:00,23871.83333
2019-03-17 18:00:00+00:00,26218.42857
2019-03-17 19:00:00+00:00,28682.4
2019-03-17 20:00:00+00:00,28768.16667
2019-03-17 21:00:00+00:00,27359.14286
2019-03-17 22:00:00+00:00,25396.8
2019-03-17 23:00:00+00:00,23660.5
2019-03-18 00:00:00+00:00,22345.57143
2019-03-18 01:00:00+00:00,21452.6
2019-03-18 02:00:00+00:00,21086
2019-03-18 03:00:00+00:00,21318.85714
2019-03-18 04:00:00+00:00,22082.6
2019-03-18 05:00:00+00:00,24458
2019-03-18 06:00:00+00:00,27578.28571
2019-03-18 07:00:00+00:00,30127.2
2019-03-18 08:00:00+00:00,31294.83333
2019-03-18 09:00:00+00:00,31630.42857
2019-03-18 10:00:00+00:00,31820
2019-03-18 11:00:00+00:00,31738
2019-03-18 12:00:00+00:00,31702.42857
2019-03-18 13:00:00+00:00,30680.8
2019-03-18 14:00:00+00:00,29981.5
2019-03-18 15:00:00+00:00,29293.85714
2019-03-18 16:00:00+00:00,28965.6
2019-03-18 17:00:00+00:00,28752.16667
2019-03-18 18:00:00+00:00,30674
2019-03-18 19:00:00+00:00,32611.2
2019-03-18 20:00:00+00:00,32048.5
2019-03-18 21:00:00+00:00,29597.42857
2019-03-18 22:00:00+00:00,26886
2019-03-18 23:00:00+00:00,25463.16667
2019-03-19 00:00:00+00:00,23916.71429
2019-03-19 01:00:00+00:00,22947.6
2019-03-19 02:00:00+00:00,22630
2019-03-19 03:00:00+00:00,22514.71429
2019-03-19 04:00:00+00:00,22960
2019-03-19 05:00:00+00:00,24763
2019-03-19 06:00:00+00:00,27053.85714
2019-03-19 07:00:00+00:00,28848.6
2019-03-19 08:00:00+00:00,30049.83333
2019-03-19 09:00:00+00:00,30631.85714
2019-03-19 10:00:00+00:00,30939
2019-03-19 11:00:00+00:00,30870
2019-03-19 12:00:00+00:00,30762.42857
2019-03-19 13:00:00+00:00,29743
2019-03-19 14:00:00+00:00,28712.16667
2019-03-19 15:00:00+00:00,27990
2019-03-19 16:00:00+00:00,27953
2019-03-19 17:00:00+00:00,27911.66667
2019-03-19 18:00:00+00:00,29894.42857
2019-03-19 19:00:00+00:00,32194.8
2019-03-19 20:00:00+00:00,31758.5
2019-03-19 21:00:00+00:00,29576.42857
2019-03-19 22:00:00+00:00,27033.2
2019-03-19 23:00:00+00:00,25683.83333
2019-03-20 00:00:00+00:00,24180
2019-03-20 01:00:00+00:00,23480
2019-03-20 02:00:00+00:00,23126
2019-03-20 03:00:00+00:00,23054.14286
2019-03-20 04:00:00+00:00,23745.8
2019-03-20 05:00:00+00:00,26399.83333
2019-03-20 06:00:00+00:00,29949.28571
2019-03-20 07:00:00+00:00,32386.6
2019-03-20 08:00:00+00:00,33153.66667
2019-03-20 09:00:00+00:00,33314
2019-03-20 10:00:00+00:00,33276.6
2019-03-20 11:00:00+00:00,33266.83333
2019-03-20 12:00:00+00:00,33126.57143
2019-03-20 13:00:00+00:00,32034.8
2019-03-20 14:00:00+00:00,31385.16667
2019-03-20 15:00:00+00:00,30824.14286
2019-03-20 16:00:00+00:00,30380.8
2019-03-20 17:00:00+00:00,30245
2019-03-20 18:00:00+00:00,32196.28571
2019-03-20 19:00:00+00:00,34704.6
2019-03-20 20:00:00+00:00,34061
2019-03-20 21:00:00+00:00,31062.42857
2019-03-20 22:00:00+00:00,28057.6
2019-03-20 23:00:00+00:00,26446.33333
2019-03-21 00:00:00+00:00,25005.28571
2019-03-21 01:00:00+00:00,23972.8
2019-03-21 02:00:00+00:00,23549.5
2019-03-21 03:00:00+00:00,23616.28571
2019-03-21 04:00:00+00:00,24332.6
2019-03-21 05:00:00+00:00,26588.66667
2019-03-21 06:00:00+00:00,29948.57143
2019-03-21 07:00:00+00:00,32529
2019-03-21 08:00:00+00:00,33362.83333
2019-03-21 09:00:00+00:00,33416
2019-03-21 10:00:00+00:00,33413.6
2019-03-21 11:00:00+00:00,33260.5
2019-03-21 12:00:00+00:00,32931.42857
2019-03-21 13:00:00+00:00,31955.8
2019-03-21 14:00:00+00:00,31335
2019-03-21 15:00:00+00:00,30814.57143
2019-03-21 16:00:00+00:00,30466.6
2019-03-21 17:00:00+00:00,30300.5
2019-03-21 18:00:00+00:00,32161.42857
2019-03-21 19:00:00+00:00,34573.4
2019-03-21 20:00:00+00:00,34006.66667
2019-03-21 21:00:00+00:00,31159.57143
2019-03-21 22:00:00+00:00,28450.6
2019-03-21 23:00:00+00:00,26784
2019-03-22 00:00:00+00:00,25014
2019-03-22 01:00:00+00:00,24061.4
2019-03-22 02:00:00+00:00,23605.33333
2019-03-22 03:00:00+00:00,23523
2019-03-22 04:00:00+00:00,24164
2019-03-22 05:00:00+00:00,26515
2019-03-22 06:00:00+00:00,30176.42857
2019-03-22 07:00:00+00:00,32464.8
2019-03-22 08:00:00+00:00,33261
2019-03-22 09:00:00+00:00,33618.71429
2019-03-22 10:00:00+00:00,33478.8
2019-03-22 11:00:00+00:00,33231.33333
2019-03-22 12:00:00+00:00,32782.14286
2019-03-22 13:00:00+00:00,31692.4
2019-03-22 14:00:00+00:00,30874.83333
2019-03-22 15:00:00+00:00,30155.28571
2019-03-22 16:00:00+00:00,29741.6
2019-03-22 17:00:00+00:00,29431.16667
2019-03-22 18:00:00+00:00,31109.71429
2019-03-22 19:00:00+00:00,33093.8
2019-03-22 20:00:00+00:00,32520.83333
2019-03-22 21:00:00+00:00,30308.28571
2019-03-22 22:00:00+00:00,27956.8
2019-03-22 23:00:00+00:00,26594
2019-03-23 00:00:00+00:00,24907.42857
2019-03-23 01:00:00+00:00,23531.8
2019-03-23 02:00:00+00:00,22977
2019-03-23 03:00:00+00:00,22543
2019-03-23 04:00:00+00:00,22409.2
2019-03-23 05:00:00+00:00,23074.16667
2019-03-23 06:00:00+00:00,23762.85714
2019-03-23 07:00:00+00:00,25946.4
2019-03-23 08:00:00+00:00,28153
2019-03-23 09:00:00+00:00,29452.71429
2019-03-23 10:00:00+00:00,29531.4
2019-03-23 11:00:00+00:00,29127.83333
2019-03-23 12:00:00+00:00,29010.42857
2019-03-23 13:00:00+00:00,28335.8
2019-03-23 14:00:00+00:00,27105.66667
2019-03-23 15:00:00+00:00,26125.71429
2019-03-23 16:00:00+00:00,25613.8
2019-03-23 17:00:00+00:00,25443.33333
2019-03-23 18:00:00+00:00,27129.28571
2019-03-23 19:00:00+00:00,29254.4
2019-03-23 20:00:00+00:00,29311.33333
2019-03-23 21:00:00+00:00,27719.71429
2019-03-23 22:00:00+00:00,25907
2019-03-23 23:00:00+00:00,24310.5
2019-03-24 00:00:00+00:00,22643.14286
2019-03-24 01:00:00+00:00,21464
2019-03-24 02:00:00+00:00,20961.33333
2019-03-24 03:00:00+00:00,20382.42857
2019-03-24 04:00:00+00:00,20347.2
2019-03-24 05:00:00+00:00,20763.16667
2019-03-24 06:00:00+00:00,20748.14286
2019-03-24 07:00:00+00:00,21956.8
2019-03-24 08:00:00+00:00,23745.5
2019-03-24 09:00:00+00:00,25491.28571
2019-03-24 10:00:00+00:00,26141
2019-03-24 11:00:00+00:00,25873
2019-03-24 12:00:00+00:00,26148.71429
2019-03-24 13:00:00+00:00,25959.8
2019-03-24 14:00:00+00:00,24828.66667
2019-03-24 15:00:00+00:00,23897
2019-03-24 16:00:00+00:00,23671.6
2019-03-24 17:00:00+00:00,23707.5
2019-03-24 18:00:00+00:00,25942
2019-03-24 19:00:00+00:00,28859.8
2019-03-24 20:00:00+00:00,28986.66667
2019-03-24 21:00:00+00:00,27601.28571
2019-03-24 22:00:00+00:00,25403.6
2019-03-24 23:00:00+00:00,23858.16667
2019-03-25 00:00:00+00:00,22263
2019-03-25 01:00:00+00:00,21425.4
2019-03-25 02:00:00+00:00,21104.16667
2019-03-25 03:00:00+00:00,21291.42857
2019-03-25 04:00:00+00:00,22155.8
2019-03-25 05:00:00+00:00,24804.83333
2019-03-25 06:00:00+00:00,28125.42857
2019-03-25 07:00:00+00:00,30722.4
2019-03-25 08:00:00+00:00,31732.83333
2019-03-25 09:00:00+00:00,32079.14286
2019-03-25 10:00:00+00:00,32079.4
2019-03-25 11:00:00+00:00,31982.5
2019-03-25 12:00:00+00:00,31925.28571
2019-03-25 13:00:00+00:00,31061.8
2019-03-25 14:00:00+00:00,30442.16667
2019-03-25 15:00:00+00:00,29941
2019-03-25 16:00:00+00:00,29551
2019-03-25 17:00:00+00:00,29244.66667
2019-03-25 18:00:00+00:00,30965
2019-03-25 19:00:00+00:00,33280.4
2019-03-25 20:00:00+00:00,32628.5
2019-03-25 21:00:00+00:00,29802.14286
2019-03-25 22:00:00+00:00,27197.6
2019-03-25 23:00:00+00:00,25558.83333
2019-03-26 00:00:00+00:00,24063.57143
2019-03-26 01:00:00+00:00,23165.8
2019-03-26 02:00:00+00:00,22860.66667
2019-03-26 03:00:00+00:00,22828.14286
2019-03-26 04:00:00+00:00,23572.4
2019-03-26 05:00:00+00:00,25825
2019-03-26 06:00:00+00:00,28935.85714
2019-03-26 07:00:00+00:00,31391.6
2019-03-26 08:00:00+00:00,32028.16667
2019-03-26 09:00:00+00:00,32348.42857
2019-03-26 10:00:00+00:00,32479.8
2019-03-26 11:00:00+00:00,32378.83333
2019-03-26 12:00:00+00:00,32086.28571
2019-03-26 13:00:00+00:00,31138.2
2019-03-26 14:00:00+00:00,30572.33333
2019-03-26 15:00:00+00:00,30129.14286
2019-03-26 16:00:00+00:00,29770.6
2019-03-26 17:00:00+00:00,29422.66667
2019-03-26 18:00:00+00:00,31291
2019-03-26 19:00:00+00:00,33776.6
2019-03-26 20:00:00+00:00,32947.66667
2019-03-26 21:00:00+00:00,30045.85714
2019-03-26 22:00:00+00:00,27256
2019-03-26 23:00:00+00:00,25778.16667
2019-03-27 00:00:00+00:00,24190.28571
2019-03-27 01:00:00+00:00,23294.4
2019-03-27 02:00:00+00:00,22998.33333
2019-03-27 03:00:00+00:00,23000.14286
2019-03-27 04:00:00+00:00,23621.8
2019-03-27 05:00:00+00:00,25708.66667
2019-03-27 06:00:00+00:00,29076.57143
2019-03-27 07:00:00+00:00,31534
2019-03-27 08:00:00+00:00,32208.66667
2019-03-27 09:00:00+00:00,32362
2019-03-27 10:00:00+00:00,32415.6
2019-03-27 11:00:00+00:00,32385.16667
2019-03-27 12:00:00+00:00,32300.57143
2019-03-27 13:00:00+00:00,31299.4
2019-03-27 14:00:00+00:00,30617.5
2019-03-27 15:00:00+00:00,29948.42857
2019-03-27 16:00:00+00:00,29582.6
2019-03-27 17:00:00+00:00,29364.66667
2019-03-27 18:00:00+00:00,31092.85714
2019-03-27 19:00:00+00:00,33674
2019-03-27 20:00:00+00:00,32926.66667
2019-03-27 21:00:00+00:00,30265.28571
2019-03-27 22:00:00+00:00,27348.6
2019-03-27 23:00:00+00:00,25863.83333
2019-03-28 00:00:00+00:00,24490.14286
2019-03-28 01:00:00+00:00,23482.2
2019-03-28 02:00:00+00:00,23156.5
2019-03-28 03:00:00+00:00,23154.14286
2019-03-28 04:00:00+00:00,23787.6
2019-03-28 05:00:00+00:00,25917.83333
2019-03-28 06:00:00+00:00,29120.28571
2019-03-28 07:00:00+00:00,31516
2019-03-28 08:00:00+00:00,32117.33333
2019-03-28 09:00:00+00:00,32335.28571
2019-03-28 10:00:00+00:00,32371.2
2019-03-28 11:00:00+00:00,32351.33333
2019-03-28 12:00:00+00:00,32170.71429
2019-03-28 13:00:00+00:00,31174.8
2019-03-28 14:00:00+00:00,30556
2019-03-28 15:00:00+00:00,30002.28571
2019-03-28 16:00:00+00:00,29660.6
2019-03-28 17:00:00+00:00,29248.5
2019-03-28 18:00:00+00:00,30795.57143
2019-03-28 19:00:00+00:00,33264.6
2019-03-28 20:00:00+00:00,32759.83333
2019-03-28 21:00:00+00:00,30122.57143
2019-03-28 22:00:00+00:00,27423
2019-03-28 23:00:00+00:00,26001.5
2019-03-29 00:00:00+00:00,24517.28571
2019-03-29 01:00:00+00:00,23644
2019-03-29 02:00:00+00:00,23391.16667
2019-03-29 03:00:00+00:00,23246.28571
2019-03-29 04:00:00+00:00,23852.6
2019-03-29 05:00:00+00:00,26120.66667
2019-03-29 06:00:00+00:00,29260.14286
2019-03-29 07:00:00+00:00,31521.8
2019-03-29 08:00:00+00:00,32198.66667
2019-03-29 09:00:00+00:00,32545.85714
2019-03-29 10:00:00+00:00,32580.6
2019-03-29 11:00:00+00:00,32519.83333
2019-03-29 12:00:00+00:00,32105.42857
2019-03-29 13:00:00+00:00,31274.4
2019-03-29 14:00:00+00:00,30430
2019-03-29 15:00:00+00:00,29777.14286
2019-03-29 16:00:00+00:00,29389.8
2019-03-29 17:00:00+00:00,29124.83333
2019-03-29 18:00:00+00:00,30372.28571
2019-03-29 19:00:00+00:00,32356
2019-03-29 20:00:00+00:00,31804.33333
2019-03-29 21:00:00+00:00,29515.57143
2019-03-29 22:00:00+00:00,27234.2
2019-03-29 23:00:00+00:00,26116.66667
2019-03-30 00:00:00+00:00,24414.28571
2019-03-30 01:00:00+00:00,23233
2019-03-30 02:00:00+00:00,22765.16667
2019-03-30 03:00:00+00:00,22346.57143
2019-03-30 04:00:00+00:00,22218.4
2019-03-30 05:00:00+00:00,22602.33333
2019-03-30 06:00:00+00:00,23374.14286
2019-03-30 07:00:00+00:00,25532.8
2019-03-30 08:00:00+00:00,27515.16667
2019-03-30 09:00:00+00:00,28791.71429
2019-03-30 10:00:00+00:00,28872.8
2019-03-30 11:00:00+00:00,28745.16667
2019-03-30 12:00:00+00:00,28591.28571
2019-03-30 13:00:00+00:00,27943.6
2019-03-30 14:00:00+00:00,26724
2019-03-30 15:00:00+00:00,25872.71429
2019-03-30 16:00:00+00:00,25394.4
2019-03-30 17:00:00+00:00,25273.5
2019-03-30 18:00:00+00:00,26817.71429
2019-03-30 19:00:00+00:00,29095.8
2019-03-30 20:00:00+00:00,29045
2019-03-30 21:00:00+00:00,27759
2019-03-30 22:00:00+00:00,25892.4
2019-03-30 23:00:00+00:00,24185.83333
2019-03-31 00:00:00+00:00,22354.14286
2019-03-31 01:00:00+00:00,21474.2
2019-03-31 02:00:00+00:00,20888.66667
2019-03-31 03:00:00+00:00,20617.57143
2019-03-31 04:00:00+00:00,20847.4
2019-03-31 05:00:00+00:00,21455.5
2019-03-31 06:00:00+00:00,21407.28571
2019-03-31 07:00:00+00:00,22843.4
2019-03-31 08:00:00+00:00,24642
2019-03-31 09:00:00+00:00,26190.71429
2019-03-31 10:00:00+00:00,26877.2
2019-03-31 11:00:00+00:00,27254.83333
2019-03-31 12:00:00+00:00,27120.57143
2019-03-31 13:00:00+00:00,25713.4
2019-03-31 14:00:00+00:00,24784.33333
2019-03-31 15:00:00+00:00,24362
2019-03-31 16:00:00+00:00,24182.8
2019-03-31 17:00:00+00:00,25112.66667
2019-03-31 18:00:00+00:00,27498.14286
2019-03-31 19:00:00+00:00,29685.6
2019-03-31 20:00:00+00:00,28610.66667
2019-03-31 21:00:00+00:00,26487.85714
2019-03-31 22:00:00+00:00,24418.6
2019-03-31 23:00:00+00:00,22938.5
2019-04-01 00:00:00+00:00,21720.71429
2019-04-01 01:00:00+00:00,21361.2
2019-04-01 02:00:00+00:00,21316.5
2019-04-01 03:00:00+00:00,22023.14286
2019-04-01 04:00:00+00:00,25062.6
2019-04-01 05:00:00+00:00,28840.5
2019-04-01 06:00:00+00:00,31455.85714
2019-04-01 07:00:00+00:00,32670
2019-04-01 08:00:00+00:00,33072.66667
2019-04-01 09:00:00+00:00,33161
2019-04-01 10:00:00+00:00,33372.8
2019-04-01 11:00:00+00:00,33034.83333
2019-04-01 12:00:00+00:00,32017.85714
2019-04-01 13:00:00+00:00,31361.6
2019-04-01 14:00:00+00:00,30824.66667
2019-04-01 15:00:00+00:00,30370
2019-04-01 16:00:00+00:00,29769.4
2019-04-01 17:00:00+00:00,29988.16667
2019-04-01 18:00:00+00:00,32001.42857
2019-04-01 19:00:00+00:00,33575.6
2019-04-01 20:00:00+00:00,31225.5
2019-04-01 21:00:00+00:00,28124
2019-04-01 22:00:00+00:00,26105.4
2019-04-01 23:00:00+00:00,24692
2019-04-02 00:00:00+00:00,23617
2019-04-02 01:00:00+00:00,23079
2019-04-02 02:00:00+00:00,22968.5
2019-04-02 03:00:00+00:00,23541.71429
2019-04-02 04:00:00+00:00,26007.4
2019-04-02 05:00:00+00:00,29606.16667
2019-04-02 06:00:00+00:00,31796.57143
2019-04-02 07:00:00+00:00,32675.2
2019-04-02 08:00:00+00:00,33068.66667
2019-04-02 09:00:00+00:00,33111.57143
2019-04-02 10:00:00+00:00,33209.4
2019-04-02 11:00:00+00:00,32922.5
2019-04-02 12:00:00+00:00,31703.14286
2019-04-02 13:00:00+00:00,31231.2
2019-04-02 14:00:00+00:00,30836.66667
2019-04-02 15:00:00+00:00,30389.42857
2019-04-02 16:00:00+00:00,29877.8
2019-04-02 17:00:00+00:00,30099.83333
2019-04-02 18:00:00+00:00,31961.71429
2019-04-02 19:00:00+00:00,33537
2019-04-02 20:00:00+00:00,31218.33333
2019-04-02 21:00:00+00:00,28306.57143
2019-04-02 22:00:00+00:00,26494.6
2019-04-02 23:00:00+00:00,24934.83333
2019-04-03 00:00:00+00:00,23819.85714
2019-04-03 01:00:00+00:00,23433.2
2019-04-03 02:00:00+00:00,23234.83333
2019-04-03 03:00:00+00:00,23821.71429
2019-04-03 04:00:00+00:00,26219.6
2019-04-03 05:00:00+00:00,29648.33333
2019-04-03 06:00:00+00:00,31870.14286
2019-04-03 07:00:00+00:00,32804
2019-04-03 08:00:00+00:00,32952
2019-04-03 09:00:00+00:00,32931.57143
2019-04-03 10:00:00+00:00,33227
2019-04-03 11:00:00+00:00,32913.33333
2019-04-03 12:00:00+00:00,31877.85714
2019-04-03 13:00:00+00:00,31155
2019-04-03 14:00:00+00:00,30720.66667
2019-04-03 15:00:00+00:00,30446.28571
2019-04-03 16:00:00+00:00,30182.8
2019-04-03 17:00:00+00:00,30406.66667
2019-04-03 18:00:00+00:00,32017.71429
2019-04-03 19:00:00+00:00,33458.4
2019-04-03 20:00:00+00:00,31011.5
2019-04-03 21:00:00+00:00,28138.85714
2019-04-03 22:00:00+00:00,26468.8
2019-04-03 23:00:00+00:00,24912.16667
2019-04-04 00:00:00+00:00,23845.57143
2019-04-04 01:00:00+00:00,23375.8
2019-04-04 02:00:00+00:00,23234.5
2019-04-04 03:00:00+00:00,23824.71429
2019-04-04 04:00:00+00:00,26340.4
2019-04-04 05:00:00+00:00,29890.5
2019-04-04 06:00:00+00:00,32283.57143
2019-04-04 07:00:00+00:00,33549
2019-04-04 08:00:00+00:00,33662.83333
2019-04-04 09:00:00+00:00,33501
2019-04-04 10:00:00+00:00,33420.4
2019-04-04 11:00:00+00:00,32973.83333
2019-04-04 12:00:00+00:00,31693.71429
2019-04-04 13:00:00+00:00,31020.4
2019-04-04 14:00:00+00:00,30655.5
2019-04-04 15:00:00+00:00,30286.85714
2019-04-04 16:00:00+00:00,30066.6
2019-04-04 17:00:00+00:00,30263.33333
2019-04-04 18:00:00+00:00,32390.57143
2019-04-04 19:00:00+00:00,33818
2019-04-04 20:00:00+00:00,31173.16667
2019-04-04 21:00:00+00:00,28504.57143
2019-04-04 22:00:00+00:00,26679
2019-04-04 23:00:00+00:00,25068.83333
2019-04-05 00:00:00+00:00,23826
2019-04-05 01:00:00+00:00,23433.4
2019-04-05 02:00:00+00:00,23320.5
2019-04-05 03:00:00+00:00,23827.28571
2019-04-05 04:00:00+00:00,26474.2
2019-04-05 05:00:00+00:00,29933
2019-04-05 06:00:00+00:00,32535.42857
2019-04-05 07:00:00+00:00,33744.4
2019-04-05 08:00:00+00:00,34347.16667
2019-04-05 09:00:00+00:00,34437.14286
2019-04-05 10:00:00+00:00,34605.2
2019-04-05 11:00:00+00:00,34304.5
2019-04-05 12:00:00+00:00,32883.71429
2019-04-05 13:00:00+00:00,32155
2019-04-05 14:00:00+00:00,31725
2019-04-05 15:00:00+00:00,31405.57143
2019-04-05 16:00:00+00:00,31137.4
2019-04-05 17:00:00+00:00,31243
2019-04-05 18:00:00+00:00,32300.14286
2019-04-05 19:00:00+00:00,33453.8
2019-04-05 20:00:00+00:00,31105.66667
2019-04-05 21:00:00+00:00,28741.57143
2019-04-05 22:00:00+00:00,26987.4
2019-04-05 23:00:00+00:00,25286
2019-04-06 00:00:00+00:00,23833.42857
2019-04-06 01:00:00+00:00,22926.4
2019-04-06 02:00:00+00:00,22613.83333
2019-04-06 03:00:00+00:00,22501.42857
2019-04-06 04:00:00+00:00,23110.6
2019-04-06 05:00:00+00:00,24221.33333
2019-04-06 06:00:00+00:00,25657.71429
2019-04-06 07:00:00+00:00,28276.2
2019-04-06 08:00:00+00:00,30123.5
2019-04-06 09:00:00+00:00,30609.71429
2019-04-06 10:00:00+00:00,30374.2
2019-04-06 11:00:00+00:00,30174.5
2019-04-06 12:00:00+00:00,29442.28571
2019-04-06 13:00:00+00:00,28039.2
2019-04-06 14:00:00+00:00,27241.5
2019-04-06 15:00:00+00:00,26665.14286
2019-04-06 16:00:00+00:00,26606.8
2019-04-06 17:00:00+00:00,27024.33333
2019-04-06 18:00:00+00:00,28414.57143
2019-04-06 19:00:00+00:00,30359.6
2019-04-06 20:00:00+00:00,28835
2019-04-06 21:00:00+00:00,27296.14286
2019-04-06 22:00:00+00:00,25214.6
2019-04-06 23:00:00+00:00,23487.5
2019-04-07 00:00:00+00:00,21977.85714
2019-04-07 01:00:00+00:00,21144.6
2019-04-07 02:00:00+00:00,20956.5
2019-04-07 03:00:00+00:00,20880
2019-04-07 04:00:00+00:00,21226.4
2019-04-07 05:00:00+00:00,21796
2019-04-07 06:00:00+00:00,22347.71429
2019-04-07 07:00:00+00:00,24411.4
2019-04-07 08:00:00+00:00,26317.66667
2019-04-07 09:00:00+00:00,27272.14286
2019-04-07 10:00:00+00:00,27663
2019-04-07 11:00:00+00:00,27741.5
2019-04-07 12:00:00+00:00,27521.28571
2019-04-07 13:00:00+00:00,26179.6
2019-04-07 14:00:00+00:00,25365.66667
2019-04-07 15:00:00+00:00,25220.85714
2019-04-07 16:00:00+00:00,25508
2019-04-07 17:00:00+00:00,26329.83333
2019-04-07 18:00:00+00:00,28187.14286
2019-04-07 19:00:00+00:00,30486.2
2019-04-07 20:00:00+00:00,29292.33333
2019-04-07 21:00:00+00:00,27077.85714
2019-04-07 22:00:00+00:00,24850.4
2019-04-07 23:00:00+00:00,23223.83333
2019-04-08 00:00:00+00:00,22131.85714
2019-04-08 01:00:00+00:00,21759
2019-04-08 02:00:00+00:00,21727.83333
2019-04-08 03:00:00+00:00,22519
2019-04-08 04:00:00+00:00,25630.6
2019-04-08 05:00:00+00:00,29521.66667
2019-04-08 06:00:00+00:00,32329
2019-04-08 07:00:00+00:00,33843.2
2019-04-08 08:00:00+00:00,34265.5
2019-04-08 09:00:00+00:00,34311.14286
2019-04-08 10:00:00+00:00,34232.4
2019-04-08 11:00:00+00:00,33963.83333
2019-04-08 12:00:00+00:00,32648
2019-04-08 13:00:00+00:00,31956.6
2019-04-08 14:00:00+00:00,31566
2019-04-08 15:00:00+00:00,30928.14286
2019-04-08 16:00:00+00:00,30508
2019-04-08 17:00:00+00:00,30672.66667
2019-04-08 18:00:00+00:00,32636.42857
2019-04-08 19:00:00+00:00,34313.2
2019-04-08 20:00:00+00:00,31724.83333
2019-04-08 21:00:00+00:00,28730.28571
2019-04-08 22:00:00+00:00,26732.2
2019-04-08 23:00:00+00:00,25027.33333
2019-04-09 00:00:00+00:00,23883.85714
2019-04-09 01:00:00+00:00,23450.2
2019-04-09 02:00:00+00:00,23288
2019-04-09 03:00:00+00:00,23946.85714
2019-04-09 04:00:00+00:00,26394.8
2019-04-09 05:00:00+00:00,29824.83333
2019-04-09 06:00:00+00:00,32370.71429
2019-04-09 07:00:00+00:00,33502.2
2019-04-09 08:00:00+00:00,33970
2019-04-09 09:00:00+00:00,34113.57143
2019-04-09 10:00:00+00:00,34376
2019-04-09 11:00:00+00:00,33988.5
2019-04-09 12:00:00+00:00,32850.57143
2019-04-09 13:00:00+00:00,32231.6
2019-04-09 14:00:00+00:00,31579.16667
2019-04-09 15:00:00+00:00,31543.71429
2019-04-09 16:00:00+00:00,31294.6
2019-04-09 17:00:00+00:00,31483.16667
2019-04-09 18:00:00+00:00,32811.28571
2019-04-09 19:00:00+00:00,34391.8
2019-04-09 20:00:00+00:00,31816.83333
2019-04-09 21:00:00+00:00,28852.28571
2019-04-09 22:00:00+00:00,26867.6
2019-04-09 23:00:00+00:00,25388.5
2019-04-10 00:00:00+00:00,24161.71429
2019-04-10 01:00:00+00:00,23675.8
2019-04-10 02:00:00+00:00,23622.83333
2019-04-10 03:00:00+00:00,24079
2019-04-10 04:00:00+00:00,26597.6
2019-04-10 05:00:00+00:00,30031.33333
2019-04-10 06:00:00+00:00,32659.42857
2019-04-10 07:00:00+00:00,33792.8
2019-04-10 08:00:00+00:00,33991.83333
2019-04-10 09:00:00+00:00,33856.57143
2019-04-10 10:00:00+00:00,33880.4
2019-04-10 11:00:00+00:00,33795.66667
2019-04-10 12:00:00+00:00,32480.28571
2019-04-10 13:00:00+00:00,31971.2
2019-04-10 14:00:00+00:00,31551
2019-04-10 15:00:00+00:00,31097.57143
2019-04-10 16:00:00+00:00,30663.8
2019-04-10 17:00:00+00:00,30924
2019-04-10 18:00:00+00:00,32391.42857
2019-04-10 19:00:00+00:00,33802.4
2019-04-10 20:00:00+00:00,31348.16667
2019-04-10 21:00:00+00:00,28780.57143
2019-04-10 22:00:00+00:00,26897.8
2019-04-10 23:00:00+00:00,25180.5
2019-04-11 00:00:00+00:00,24108.71429
2019-04-11 01:00:00+00:00,23643.8
2019-04-11 02:00:00+00:00,23466.83333
2019-04-11 03:00:00+00:00,24049.42857
2019-04-11 04:00:00+00:00,26515.2
2019-04-11 05:00:00+00:00,29959
2019-04-11 06:00:00+00:00,32445.14286
2019-04-11 07:00:00+00:00,33503.4
2019-04-11 08:00:00+00:00,33607.5
2019-04-11 09:00:00+00:00,33574.85714
2019-04-11 10:00:00+00:00,33572
2019-04-11 11:00:00+00:00,33301.16667
2019-04-11 12:00:00+00:00,32207
2019-04-11 13:00:00+00:00,31745.2
2019-04-11 14:00:00+00:00,31463.83333
2019-04-11 15:00:00+00:00,31061.42857
2019-04-11 16:00:00+00:00,30632
2019-04-11 17:00:00+00:00,30570.66667
2019-04-11 18:00:00+00:00,32004.28571
2019-04-11 19:00:00+00:00,33509
2019-04-11 20:00:00+00:00,31313.16667
2019-04-11 21:00:00+00:00,28788
2019-04-11 22:00:00+00:00,26944.8
2019-04-11 23:00:00+00:00,25263
2019-04-12 00:00:00+00:00,23928.71429
2019-04-12 01:00:00+00:00,23547
2019-04-12 02:00:00+00:00,23445.5
2019-04-12 03:00:00+00:00,23977.71429
2019-04-12 04:00:00+00:00,26360.2
2019-04-12 05:00:00+00:00,29568
2019-04-12 06:00:00+00:00,31793.71429
2019-04-12 07:00:00+00:00,32915
2019-04-12 08:00:00+00:00,33217
2019-04-12 09:00:00+00:00,33247.42857
2019-04-12 10:00:00+00:00,33090
2019-04-12 11:00:00+00:00,32664
2019-04-12 12:00:00+00:00,31597
2019-04-12 13:00:00+00:00,30809.8
2019-04-12 14:00:00+00:00,30307
2019-04-12 15:00:00+00:00,29713.57143
2019-04-12 16:00:00+00:00,29190
2019-04-12 17:00:00+00:00,29120.5
2019-04-12 18:00:00+00:00,30157.14286
2019-04-12 19:00:00+00:00,31839.6
2019-04-12 20:00:00+00:00,29953.83333
2019-04-12 21:00:00+00:00,27777.42857
2019-04-12 22:00:00+00:00,26434.6
2019-04-12 23:00:00+00:00,24899.83333
2019-04-13 00:00:00+00:00,23490
2019-04-13 01:00:00+00:00,22713.2
2019-04-13 02:00:00+00:00,22468.83333
2019-04-13 03:00:00+00:00,22224.57143
2019-04-13 04:00:00+00:00,22829.4
2019-04-13 05:00:00+00:00,23818.33333
2019-04-13 06:00:00+00:00,25309.57143
2019-04-13 07:00:00+00:00,27628.2
2019-04-13 08:00:00+00:00,28939.5
2019-04-13 09:00:00+00:00,29052.28571
2019-04-13 10:00:00+00:00,28863.6
2019-04-13 11:00:00+00:00,28712.83333
2019-04-13 12:00:00+00:00,27892.57143
2019-04-13 13:00:00+00:00,26577.8
2019-04-13 14:00:00+00:00,25911.16667
2019-04-13 15:00:00+00:00,25379.42857
2019-04-13 16:00:00+00:00,25185.4
2019-04-13 17:00:00+00:00,25310
2019-04-13 18:00:00+00:00,26456.14286
2019-04-13 19:00:00+00:00,28986.4
2019-04-13 20:00:00+00:00,27753.83333
2019-04-13 21:00:00+00:00,25977.28571
2019-04-13 22:00:00+00:00,24368.6
2019-04-13 23:00:00+00:00,22800.16667
2019-04-14 00:00:00+00:00,21585.85714
2019-04-14 01:00:00+00:00,20953.6
2019-04-14 02:00:00+00:00,20584.33333
2019-04-14 03:00:00+00:00,20492.28571
2019-04-14 04:00:00+00:00,20894.2
2019-04-14 05:00:00+00:00,21130.33333
2019-04-14 06:00:00+00:00,21819.57143
2019-04-14 07:00:00+00:00,23917.4
2019-04-14 08:00:00+00:00,25367.66667
2019-04-14 09:00:00+00:00,25928.57143
2019-04-14 10:00:00+00:00,25994.2
2019-04-14 11:00:00+00:00,26016.83333
2019-04-14 12:00:00+00:00,25730.71429
2019-04-14 13:00:00+00:00,24640.2
2019-04-14 14:00:00+00:00,23958.33333
2019-04-14 15:00:00+00:00,23597.85714
2019-04-14 16:00:00+00:00,23509.4
2019-04-14 17:00:00+00:00,23909.5
2019-04-14 18:00:00+00:00,25353.14286
2019-04-14 19:00:00+00:00,28074.4
2019-04-14 20:00:00+00:00,27347.16667
2019-04-14 21:00:00+00:00,25670.57143
2019-04-14 22:00:00+00:00,24137.8
2019-04-14 23:00:00+00:00,22750.5
2019-04-15 00:00:00+00:00,21632.14286
2019-04-15 01:00:00+00:00,21368
2019-04-15 02:00:00+00:00,21269.83333
2019-04-15 03:00:00+00:00,21832.71429
2019-04-15 04:00:00+00:00,24513.8
2019-04-15 05:00:00+00:00,27218.33333
2019-04-15 06:00:00+00:00,29264.85714
2019-04-15 07:00:00+00:00,30841.2
2019-04-15 08:00:00+00:00,31611.66667
2019-04-15 09:00:00+00:00,31802
2019-04-15 10:00:00+00:00,32122
2019-04-15 11:00:00+00:00,31984.33333
2019-04-15 12:00:00+00:00,31058.85714
2019-04-15 13:00:00+00:00,30246.6
2019-04-15 14:00:00+00:00,29794
2019-04-15 15:00:00+00:00,29552.57143
2019-04-15 16:00:00+00:00,28999
2019-04-15 17:00:00+00:00,29036
2019-04-15 18:00:00+00:00,30225.57143
2019-04-15 19:00:00+00:00,31916.2
2019-04-15 20:00:00+00:00,29608.66667
2019-04-15 21:00:00+00:00,27243.42857
2019-04-15 22:00:00+00:00,25670.8
2019-04-15 23:00:00+00:00,24283.16667
2019-04-16 00:00:00+00:00,23219.42857
2019-04-16 01:00:00+00:00,22682.2
2019-04-16 02:00:00+00:00,22634.16667
2019-04-16 03:00:00+00:00,23209.71429
2019-04-16 04:00:00+00:00,25233
2019-04-16 05:00:00+00:00,27542.66667
2019-04-16 06:00:00+00:00,29436.42857
2019-04-16 07:00:00+00:00,31081.4
2019-04-16 08:00:00+00:00,31647
2019-04-16 09:00:00+00:00,31843.42857
2019-04-16 10:00:00+00:00,31837.8
2019-04-16 11:00:00+00:00,31717.16667
2019-04-16 12:00:00+00:00,30735.57143
2019-04-16 13:00:00+00:00,29960.2
2019-04-16 14:00:00+00:00,29504.5
2019-04-16 15:00:00+00:00,29074.71429
2019-04-16 16:00:00+00:00,28652.4
2019-04-16 17:00:00+00:00,28485.83333
2019-04-16 18:00:00+00:00,29589.57143
2019-04-16 19:00:00+00:00,31227
2019-04-16 20:00:00+00:00,29315.5
2019-04-16 21:00:00+00:00,27174.85714
2019-04-16 22:00:00+00:00,25764.4
2019-04-16 23:00:00+00:00,24174.33333
2019-04-17 00:00:00+00:00,23126.28571
2019-04-17 01:00:00+00:00,22782.8
2019-04-17 02:00:00+00:00,22511.66667
2019-04-17 03:00:00+00:00,23022.71429
2019-04-17 04:00:00+00:00,24925.6
2019-04-17 05:00:00+00:00,27153.16667
2019-04-17 06:00:00+00:00,29194
2019-04-17 07:00:00+00:00,30764.4
2019-04-17 08:00:00+00:00,31204
2019-04-17 09:00:00+00:00,31593.28571
2019-04-17 10:00:00+00:00,31714.2
2019-04-17 11:00:00+00:00,31558.83333
2019-04-17 12:00:00+00:00,30488.28571
2019-04-17 13:00:00+00:00,29619.6
2019-04-17 14:00:00+00:00,29280
2019-04-17 15:00:00+00:00,28851.57143
2019-04-17 16:00:00+00:00,28618.8
2019-04-17 17:00:00+00:00,28655.83333
2019-04-17 18:00:00+00:00,29351.57143
2019-04-17 19:00:00+00:00,30666.2
2019-04-17 20:00:00+00:00,28578.16667
2019-04-17 21:00:00+00:00,26350.57143
2019-04-17 22:00:00+00:00,24777.6
2019-04-17 23:00:00+00:00,23215.83333
2019-04-18 00:00:00+00:00,21940.71429
2019-04-18 01:00:00+00:00,21262.6
2019-04-18 02:00:00+00:00,20998.5
2019-04-18 03:00:00+00:00,21021.42857
2019-04-18 04:00:00+00:00,21799
2019-04-18 05:00:00+00:00,22681.33333
2019-04-18 06:00:00+00:00,23640.85714
2019-04-18 07:00:00+00:00,25601.2
2019-04-18 08:00:00+00:00,26929.66667
2019-04-18 09:00:00+00:00,27754.85714
2019-04-18 10:00:00+00:00,28078.6
2019-04-18 11:00:00+00:00,28098.66667
2019-04-18 12:00:00+00:00,27405.28571
2019-04-18 13:00:00+00:00,26201
2019-04-18 14:00:00+00:00,25433
2019-04-18 15:00:00+00:00,24941.42857
2019-04-18 16:00:00+00:00,24807
2019-04-18 17:00:00+00:00,25173.16667
2019-04-18 18:00:00+00:00,26219.14286
2019-04-18 19:00:00+00:00,27785.6
2019-04-18 20:00:00+00:00,26610.5
2019-04-18 21:00:00+00:00,24865.71429
2019-04-18 22:00:00+00:00,23427.8
2019-04-18 23:00:00+00:00,22085.83333
2019-04-19 00:00:00+00:00,20803.71429
2019-04-19 01:00:00+00:00,20044.8
2019-04-19 02:00:00+00:00,19780.33333
2019-04-19 03:00:00+00:00,19609.42857
2019-04-19 04:00:00+00:00,20084.8
2019-04-19 05:00:00+00:00,20294.66667
2019-04-19 06:00:00+00:00,20685.14286
2019-04-19 07:00:00+00:00,22487.8
2019-04-19 08:00:00+00:00,24069
2019-04-19 09:00:00+00:00,24949.14286
2019-04-19 10:00:00+00:00,25171.4
2019-04-19 11:00:00+00:00,25318.33333
2019-04-19 12:00:00+00:00,24951.14286
2019-04-19 13:00:00+00:00,23892.8
2019-04-19 14:00:00+00:00,23132.5
2019-04-19 15:00:00+00:00,22715.71429
2019-04-19 16:00:00+00:00,22731.4
2019-04-19 17:00:00+00:00,23069.33333
2019-04-19 18:00:00+00:00,24339.28571
2019-04-19 19:00:00+00:00,26490
2019-04-19 20:00:00+00:00,25638.16667
2019-04-19 21:00:00+00:00,24079.85714
2019-04-19 22:00:00+00:00,22645.4
2019-04-19 23:00:00+00:00,21170.33333
2019-04-20 00:00:00+00:00,20082.28571
2019-04-20 01:00:00+00:00,19305.8
2019-04-20 02:00:00+00:00,19152
2019-04-20 03:00:00+00:00,19132
2019-04-20 04:00:00+00:00,19700.2
2019-04-20 05:00:00+00:00,20160.16667
2019-04-20 06:00:00+00:00,21358
2019-04-20 07:00:00+00:00,23799.4
2019-04-20 08:00:00+00:00,25585
2019-04-20 09:00:00+00:00,26291.85714
2019-04-20 10:00:00+00:00,26437.8
2019-04-20 11:00:00+00:00,26553.66667
2019-04-20 12:00:00+00:00,26214.85714
2019-04-20 13:00:00+00:00,25074.2
2019-04-20 14:00:00+00:00,24307
2019-04-20 15:00:00+00:00,23896.57143
2019-04-20 16:00:00+00:00,23860.4
2019-04-20 17:00:00+00:00,24128.66667
2019-04-20 18:00:00+00:00,25363.57143
2019-04-20 19:00:00+00:00,27423.8
2019-04-20 20:00:00+00:00,26181.83333
2019-04-20 21:00:00+00:00,24434.42857
2019-04-20 22:00:00+00:00,22726.2
2019-04-20 23:00:00+00:00,21134.66667
2019-04-21 00:00:00+00:00,19895
2019-04-21 01:00:00+00:00,19245.4
2019-04-21 02:00:00+00:00,18794
2019-04-21 03:00:00+00:00,18810.57143
2019-04-21 04:00:00+00:00,19212.4
2019-04-21 05:00:00+00:00,19338.16667
2019-04-21 06:00:00+00:00,19994.71429
2019-04-21 07:00:00+00:00,21899.8
2019-04-21 08:00:00+00:00,23581.66667
2019-04-21 09:00:00+00:00,24629.71429
2019-04-21 10:00:00+00:00,24933.6
2019-04-21 11:00:00+00:00,25014.5
2019-04-21 12:00:00+00:00,24835.71429
2019-04-21 13:00:00+00:00,23762.4
2019-04-21 14:00:00+00:00,23151.83333
2019-04-21 15:00:00+00:00,22697.28571
2019-04-21 16:00:00+00:00,22906.6
2019-04-21 17:00:00+00:00,23345.16667
2019-04-21 18:00:00+00:00,24792.57143
2019-04-21 19:00:00+00:00,27100
2019-04-21 20:00:00+00:00,26257.16667
2019-04-21 21:00:00+00:00,24368.85714
2019-04-21 22:00:00+00:00,22388
2019-04-21 23:00:00+00:00,20825.66667
2019-04-22 00:00:00+00:00,19771.14286
2019-04-22 01:00:00+00:00,19369.2
2019-04-22 02:00:00+00:00,19303.33333
2019-04-22 03:00:00+00:00,19568.71429
2019-04-22 04:00:00+00:00,20998.2
2019-04-22 05:00:00+00:00,22370.5
2019-04-22 06:00:00+00:00,24194.85714
2019-04-22 07:00:00+00:00,26020.2
2019-04-22 08:00:00+00:00,27122
2019-04-22 09:00:00+00:00,27537.57143
2019-04-22 10:00:00+00:00,27804
2019-04-22 11:00:00+00:00,28044
2019-04-22 12:00:00+00:00,27175.57143
2019-04-22 13:00:00+00:00,26131.2
2019-04-22 14:00:00+00:00,25611.33333
2019-04-22 15:00:00+00:00,25205.71429
2019-04-22 16:00:00+00:00,25055.4
2019-04-22 17:00:00+00:00,25359.66667
2019-04-22 18:00:00+00:00,26871.42857
2019-04-22 19:00:00+00:00,29044.2
2019-04-22 20:00:00+00:00,27383.66667
2019-04-22 21:00:00+00:00,25131.71429
2019-04-22 22:00:00+00:00,23202.8
2019-04-22 23:00:00+00:00,21773
2019-04-23 00:00:00+00:00,20686
2019-04-23 01:00:00+00:00,20251.2
2019-04-23 02:00:00+00:00,20237.5
2019-04-23 03:00:00+00:00,20897.28571
2019-04-23 04:00:00+00:00,23284
2019-04-23 05:00:00+00:00,25931.66667
2019-04-23 06:00:00+00:00,28442.85714
2019-04-23 07:00:00+00:00,30201.4
2019-04-23 08:00:00+00:00,30748.33333
2019-04-23 09:00:00+00:00,31107
2019-04-23 10:00:00+00:00,31347
2019-04-23 11:00:00+00:00,31277.5
2019-04-23 12:00:00+00:00,30189.28571
2019-04-23 13:00:00+00:00,29306.6
2019-04-23 14:00:00+00:00,28784.16667
2019-04-23 15:00:00+00:00,28331.14286
2019-04-23 16:00:00+00:00,27952.8
2019-04-23 17:00:00+00:00,28174
2019-04-23 18:00:00+00:00,29636.71429
2019-04-23 19:00:00+00:00,31525.2
2019-04-23 20:00:00+00:00,29624.16667
2019-04-23 21:00:00+00:00,27009.42857
2019-04-23 22:00:00+00:00,25031.4
2019-04-23 23:00:00+00:00,23583.16667
2019-04-24 00:00:00+00:00,22350.42857
2019-04-24 01:00:00+00:00,22026
2019-04-24 02:00:00+00:00,22015.66667
2019-04-24 03:00:00+00:00,22615.85714
2019-04-24 04:00:00+00:00,25031.2
2019-04-24 05:00:00+00:00,27953.5
2019-04-24 06:00:00+00:00,30758.28571
2019-04-24 07:00:00+00:00,32310.8
2019-04-24 08:00:00+00:00,32788.66667
2019-04-24 09:00:00+00:00,32989.42857
2019-04-24 10:00:00+00:00,33224.2
2019-04-24 11:00:00+00:00,32968.33333
2019-04-24 12:00:00+00:00,31944.57143
2019-04-24 13:00:00+00:00,31204.2
2019-04-24 14:00:00+00:00,30851.83333
2019-04-24 15:00:00+00:00,30460.85714
2019-04-24 16:00:00+00:00,30298.2
2019-04-24 17:00:00+00:00,30481.33333
2019-04-24 18:00:00+00:00,31744.14286
2019-04-24 19:00:00+00:00,33399.2
2019-04-24 20:00:00+00:00,30918.16667
2019-04-24 21:00:00+00:00,28059.28571
2019-04-24 22:00:00+00:00,25987.4
2019-04-24 23:00:00+00:00,24468
2019-04-25 00:00:00+00:00,23285.42857
2019-04-25 01:00:00+00:00,22782.4
2019-04-25 02:00:00+00:00,22599.16667
2019-04-25 03:00:00+00:00,23219.28571
2019-04-25 04:00:00+00:00,25738
2019-04-25 05:00:00+00:00,28155.33333
2019-04-25 06:00:00+00:00,31032.57143
2019-04-25 07:00:00+00:00,32452.2
2019-04-25 08:00:00+00:00,32772
2019-04-25 09:00:00+00:00,32931.42857
2019-04-25 10:00:00+00:00,32878.6
2019-04-25 11:00:00+00:00,32682.83333
2019-04-25 12:00:00+00:00,31438.57143
2019-04-25 13:00:00+00:00,30817.2
2019-04-25 14:00:00+00:00,30380.33333
2019-04-25 15:00:00+00:00,30050.85714
2019-04-25 16:00:00+00:00,29660.6
2019-04-25 17:00:00+00:00,29732
2019-04-25 18:00:00+00:00,30714.28571
2019-04-25 19:00:00+00:00,32639.4
2019-04-25 20:00:00+00:00,30593.66667
2019-04-25 21:00:00+00:00,28154.14286
2019-04-25 22:00:00+00:00,26276
2019-04-25 23:00:00+00:00,24531.5
2019-04-26 00:00:00+00:00,23349.42857
2019-04-26 01:00:00+00:00,22756.8
2019-04-26 02:00:00+00:00,22747.66667
2019-04-26 03:00:00+00:00,23399.71429
2019-04-26 04:00:00+00:00,25661.2
2019-04-26 05:00:00+00:00,28464.5
2019-04-26 06:00:00+00:00,30758.71429
2019-04-26 07:00:00+00:00,31830
2019-04-26 08:00:00+00:00,32032.16667
2019-04-26 09:00:00+00:00,32023.14286
2019-04-26 10:00:00+00:00,31898.8
2019-04-26 11:00:00+00:00,31600
2019-04-26 12:00:00+00:00,30405.71429
2019-04-26 13:00:00+00:00,29601.2
2019-04-26 14:00:00+00:00,29059.16667
2019-04-26 15:00:00+00:00,28635.71429
2019-04-26 16:00:00+00:00,28292.2
2019-04-26 17:00:00+00:00,28367.66667
2019-04-26 18:00:00+00:00,29003
2019-04-26 19:00:00+00:00,31051.2
2019-04-26 20:00:00+00:00,29569.16667
2019-04-26 21:00:00+00:00,27487.28571
2019-04-26 22:00:00+00:00,25965.4
2019-04-26 23:00:00+00:00,24227.5
2019-04-27 00:00:00+00:00,22915.71429
2019-04-27 01:00:00+00:00,22128.8
2019-04-27 02:00:00+00:00,21885.66667
2019-04-27 03:00:00+00:00,21708.14286
2019-04-27 04:00:00+00:00,22313.6
2019-04-27 05:00:00+00:00,22862.5
2019-04-27 06:00:00+00:00,24297.57143
2019-04-27 07:00:00+00:00,26381.4
2019-04-27 08:00:00+00:00,27516.5
2019-04-27 09:00:00+00:00,27862.14286
2019-04-27 10:00:00+00:00,27688.8
2019-04-27 11:00:00+00:00,27596.83333
2019-04-27 12:00:00+00:00,26786.85714
2019-04-27 13:00:00+00:00,25426.6
2019-04-27 14:00:00+00:00,24677.83333
2019-04-27 15:00:00+00:00,24209.14286
2019-04-27 16:00:00+00:00,24064.8
2019-04-27 17:00:00+00:00,24372.83333
2019-04-27 18:00:00+00:00,25292.28571
2019-04-27 19:00:00+00:00,27579.6
2019-04-27 20:00:00+00:00,26913.5
2019-04-27 21:00:00+00:00,25156.42857
2019-04-27 22:00:00+00:00,23477
2019-04-27 23:00:00+00:00,21928
2019-04-28 00:00:00+00:00,20711.14286
2019-04-28 01:00:00+00:00,20021.6
2019-04-28 02:00:00+00:00,19674
2019-04-28 03:00:00+00:00,19517.71429
2019-04-28 04:00:00+00:00,19841.4
2019-04-28 05:00:00+00:00,19801.83333
2019-04-28 06:00:00+00:00,20683
2019-04-28 07:00:00+00:00,22155.2
2019-04-28 08:00:00+00:00,23382
2019-04-28 09:00:00+00:00,23846.71429
2019-04-28 10:00:00+00:00,23818.6
2019-04-28 11:00:00+00:00,23763.5
2019-04-28 12:00:00+00:00,23579.71429
2019-04-28 13:00:00+00:00,22564.2
2019-04-28 14:00:00+00:00,21966.16667
2019-04-28 15:00:00+00:00,21613.14286
2019-04-28 16:00:00+00:00,21984.6
2019-04-28 17:00:00+00:00,22552
2019-04-28 18:00:00+00:00,24229.28571
2019-04-28 19:00:00+00:00,26537.8
2019-04-28 20:00:00+00:00,26427
2019-04-28 21:00:00+00:00,24744
2019-04-28 22:00:00+00:00,22893.8
2019-04-28 23:00:00+00:00,21745.83333
2019-04-29 00:00:00+00:00,20743.71429
2019-04-29 01:00:00+00:00,20392.6
2019-04-29 02:00:00+00:00,20367.66667
2019-04-29 03:00:00+00:00,21202.42857
2019-04-29 04:00:00+00:00,23825.8
2019-04-29 05:00:00+00:00,26369.83333
2019-04-29 06:00:00+00:00,28582.57143
2019-04-29 07:00:00+00:00,29665.2
2019-04-29 08:00:00+00:00,29969.33333
2019-04-29 09:00:00+00:00,30138.85714
2019-04-29 10:00:00+00:00,30346.8
2019-04-29 11:00:00+00:00,30145.5
2019-04-29 12:00:00+00:00,29447.14286
2019-04-29 13:00:00+00:00,28841.8
2019-04-29 14:00:00+00:00,28447.33333
2019-04-29 15:00:00+00:00,28099.42857
2019-04-29 16:00:00+00:00,27576
2019-04-29 17:00:00+00:00,27433.5
2019-04-29 18:00:00+00:00,28425.42857
2019-04-29 19:00:00+00:00,30447.4
2019-04-29 20:00:00+00:00,28776
2019-04-29 21:00:00+00:00,26078.14286
2019-04-29 22:00:00+00:00,24594
2019-04-29 23:00:00+00:00,23182.33333
2019-04-30 00:00:00+00:00,22171.42857
2019-04-30 01:00:00+00:00,21823.2
2019-04-30 02:00:00+00:00,21767.5
2019-04-30 03:00:00+00:00,22274.85714
2019-04-30 04:00:00+00:00,24680.4
2019-04-30 05:00:00+00:00,26975.66667
2019-04-30 06:00:00+00:00,29396.28571
2019-04-30 07:00:00+00:00,30477.4
2019-04-30 08:00:00+00:00,30465.66667
2019-04-30 09:00:00+00:00,30492
2019-04-30 10:00:00+00:00,30866.4
2019-04-30 11:00:00+00:00,30854.16667
2019-04-30 12:00:00+00:00,30066.71429
2019-04-30 13:00:00+00:00,29424.6
2019-04-30 14:00:00+00:00,29022.5
2019-04-30 15:00:00+00:00,28689.71429
2019-04-30 16:00:00+00:00,28188.8
2019-04-30 17:00:00+00:00,27790.16667
2019-04-30 18:00:00+00:00,28167.28571
2019-04-30 19:00:00+00:00,29689
2019-04-30 20:00:00+00:00,28246.5
2019-04-30 21:00:00+00:00,25885.71429
2019-04-30 22:00:00+00:00,24373
2019-04-30 23:00:00+00:00,22962.33333
2019-05-01 00:00:00+00:00,21600.57143
2019-05-01 01:00:00+00:00,21043.8
2019-05-01 02:00:00+00:00,20685.16667
2019-05-01 03:00:00+00:00,20299.28571
2019-05-01 04:00:00+00:00,20079.8
2019-05-01 05:00:00+00:00,19934.5
2019-05-01 06:00:00+00:00,20823.57143
2019-05-01 07:00:00+00:00,22518.6
2019-05-01 08:00:00+00:00,23850.5
2019-05-01 09:00:00+00:00,24550.85714
2019-05-01 10:00:00+00:00,24865.4
2019-05-01 11:00:00+00:00,25043.66667
2019-05-01 12:00:00+00:00,24563.57143
2019-05-01 13:00:00+00:00,23273.6
2019-05-01 14:00:00+00:00,22667.66667
2019-05-01 15:00:00+00:00,22267.71429
2019-05-01 16:00:00+00:00,22369
2019-05-01 17:00:00+00:00,22860.83333
2019-05-01 18:00:00+00:00,24388.57143
2019-05-01 19:00:00+00:00,26565.2
2019-05-01 20:00:00+00:00,25974
2019-05-01 21:00:00+00:00,24073
2019-05-01 22:00:00+00:00,22446.4
2019-05-01 23:00:00+00:00,21152.83333
2019-05-02 00:00:00+00:00,20175.28571
2019-05-02 01:00:00+00:00,19854.8
2019-05-02 02:00:00+00:00,19836.83333
2019-05-02 03:00:00+00:00,20415.28571
2019-05-02 04:00:00+00:00,23170.4
2019-05-02 05:00:00+00:00,25252.5
2019-05-02 06:00:00+00:00,27630.14286
2019-05-02 07:00:00+00:00,28989
2019-05-02 08:00:00+00:00,29594.83333
2019-05-02 09:00:00+00:00,29930.28571
2019-05-02 10:00:00+00:00,30328
2019-05-02 11:00:00+00:00,30244.5
2019-05-02 12:00:00+00:00,29630
2019-05-02 13:00:00+00:00,28920.4
2019-05-02 14:00:00+00:00,28585
2019-05-02 15:00:00+00:00,28386.85714
2019-05-02 16:00:00+00:00,27952.4
2019-05-02 17:00:00+00:00,27968
2019-05-02 18:00:00+00:00,28726.42857
2019-05-02 19:00:00+00:00,30295
2019-05-02 20:00:00+00:00,28769.33333
2019-05-02 21:00:00+00:00,26157.71429
2019-05-02 22:00:00+00:00,24636
2019-05-02 23:00:00+00:00,23638
2019-05-03 00:00:00+00:00,22362.14286
2019-05-03 01:00:00+00:00,21948
2019-05-03 02:00:00+00:00,21763
2019-05-03 03:00:00+00:00,22363.42857
2019-05-03 04:00:00+00:00,24348.6
2019-05-03 05:00:00+00:00,26454.66667
2019-05-03 06:00:00+00:00,28802.85714
2019-05-03 07:00:00+00:00,30072.2
2019-05-03 08:00:00+00:00,30654.33333
2019-05-03 09:00:00+00:00,30993
2019-05-03 10:00:00+00:00,31324
2019-05-03 11:00:00+00:00,31169.16667
2019-05-03 12:00:00+00:00,30232.85714
2019-05-03 13:00:00+00:00,29447
2019-05-03 14:00:00+00:00,28905.83333
2019-05-03 15:00:00+00:00,28586
2019-05-03 16:00:00+00:00,28281.2
2019-05-03 17:00:00+00:00,28227.66667
2019-05-03 18:00:00+00:00,28550.71429
2019-05-03 19:00:00+00:00,29723.4
2019-05-03 20:00:00+00:00,28492
2019-05-03 21:00:00+00:00,26335.42857
2019-05-03 22:00:00+00:00,24985.4
2019-05-03 23:00:00+00:00,23640.5
2019-05-04 00:00:00+00:00,22488.57143
2019-05-04 01:00:00+00:00,21827
2019-05-04 02:00:00+00:00,21456.33333
2019-05-04 03:00:00+00:00,21441.71429
2019-05-04 04:00:00+00:00,22010.6
2019-05-04 05:00:00+00:00,22177.83333
2019-05-04 06:00:00+00:00,24220.57143
2019-05-04 07:00:00+00:00,26397.2
2019-05-04 08:00:00+00:00,27729.5
2019-05-04 09:00:00+00:00,27943
2019-05-04 10:00:00+00:00,27869.8
2019-05-04 11:00:00+00:00,27738
2019-05-04 12:00:00+00:00,27125.71429
2019-05-04 13:00:00+00:00,26036.8
2019-05-04 14:00:00+00:00,25182.66667
2019-05-04 15:00:00+00:00,24778.42857
2019-05-04 16:00:00+00:00,24491
2019-05-04 17:00:00+00:00,24862.16667
2019-05-04 18:00:00+00:00,25597.28571
2019-05-04 19:00:00+00:00,27598.8
2019-05-04 20:00:00+00:00,26886.83333
2019-05-04 21:00:00+00:00,25004.42857
2019-05-04 22:00:00+00:00,23368.2
2019-05-04 23:00:00+00:00,21953
2019-05-05 00:00:00+00:00,20832.14286
2019-05-05 01:00:00+00:00,20237.8
2019-05-05 02:00:00+00:00,19852.16667
2019-05-05 03:00:00+00:00,19922.14286
2019-05-05 04:00:00+00:00,20184
2019-05-05 05:00:00+00:00,19968.66667
2019-05-05 06:00:00+00:00,21003
2019-05-05 07:00:00+00:00,22868.4
2019-05-05 08:00:00+00:00,24278.66667
2019-05-05 09:00:00+00:00,24994.28571
2019-05-05 10:00:00+00:00,25202.8
2019-05-05 11:00:00+00:00,25179.33333
2019-05-05 12:00:00+00:00,24703
2019-05-05 13:00:00+00:00,23597.2
2019-05-05 14:00:00+00:00,23006.66667
2019-05-05 15:00:00+00:00,22851
2019-05-05 16:00:00+00:00,22925.4
2019-05-05 17:00:00+00:00,23435
2019-05-05 18:00:00+00:00,24718.28571
2019-05-05 19:00:00+00:00,27075.4
2019-05-05 20:00:00+00:00,26848.66667
2019-05-05 21:00:00+00:00,24928.42857
2019-05-05 22:00:00+00:00,23181.6
2019-05-05 23:00:00+00:00,22058.66667
2019-05-06 00:00:00+00:00,21159.42857
2019-05-06 01:00:00+00:00,20960.2
2019-05-06 02:00:00+00:00,21013
2019-05-06 03:00:00+00:00,21643.71429
2019-05-06 04:00:00+00:00,24264
2019-05-06 05:00:00+00:00,27018.33333
2019-05-06 06:00:00+00:00,29516
2019-05-06 07:00:00+00:00,30476.2
2019-05-06 08:00:00+00:00,30655.16667
2019-05-06 09:00:00+00:00,30657.42857
2019-05-06 10:00:00+00:00,30582.6
2019-05-06 11:00:00+00:00,30791.16667
2019-05-06 12:00:00+00:00,30135.71429
2019-05-06 13:00:00+00:00,29496.6
2019-05-06 14:00:00+00:00,29068.16667
2019-05-06 15:00:00+00:00,28901.42857
2019-05-06 16:00:00+00:00,28391.4
2019-05-06 17:00:00+00:00,28498.83333
2019-05-06 18:00:00+00:00,29370.71429
2019-05-06 19:00:00+00:00,31110.2
2019-05-06 20:00:00+00:00,29373.16667
2019-05-06 21:00:00+00:00,26583.71429
2019-05-06 22:00:00+00:00,25047.8
2019-05-06 23:00:00+00:00,23807.66667
2019-05-07 00:00:00+00:00,22909.71429
2019-05-07 01:00:00+00:00,22636.2
2019-05-07 02:00:00+00:00,22514.33333
2019-05-07 03:00:00+00:00,23029
2019-05-07 04:00:00+00:00,25024.4
2019-05-07 05:00:00+00:00,27571.5
2019-05-07 06:00:00+00:00,29873.85714
2019-05-07 07:00:00+00:00,30978.8
2019-05-07 08:00:00+00:00,31058.66667
2019-05-07 09:00:00+00:00,31169.14286
2019-05-07 10:00:00+00:00,31537.6
2019-05-07 11:00:00+00:00,31314
2019-05-07 12:00:00+00:00,30498.71429
2019-05-07 13:00:00+00:00,29914.4
2019-05-07 14:00:00+00:00,29522.16667
2019-05-07 15:00:00+00:00,29548.85714
2019-05-07 16:00:00+00:00,29427
2019-05-07 17:00:00+00:00,29595.33333
2019-05-07 18:00:00+00:00,30736.28571
2019-05-07 19:00:00+00:00,31743.8
2019-05-07 20:00:00+00:00,29718.66667
2019-05-07 21:00:00+00:00,27090.42857
2019-05-07 22:00:00+00:00,25770.4
2019-05-07 23:00:00+00:00,24433
2019-05-08 00:00:00+00:00,23423.14286
2019-05-08 01:00:00+00:00,23056.4
2019-05-08 02:00:00+00:00,22966.83333
2019-05-08 03:00:00+00:00,23424
2019-05-08 04:00:00+00:00,25463.4
2019-05-08 05:00:00+00:00,27782
2019-05-08 06:00:00+00:00,30032.57143
2019-05-08 07:00:00+00:00,30947.8
2019-05-08 08:00:00+00:00,31491.83333
2019-05-08 09:00:00+00:00,31798.14286
2019-05-08 10:00:00+00:00,32033
2019-05-08 11:00:00+00:00,32098.33333
2019-05-08 12:00:00+00:00,30901
2019-05-08 13:00:00+00:00,30213.8
2019-05-08 14:00:00+00:00,30052.83333
2019-05-08 15:00:00+00:00,29834.28571
2019-05-08 16:00:00+00:00,29472.8
2019-05-08 17:00:00+00:00,29639.16667
2019-05-08 18:00:00+00:00,30437.28571
2019-05-08 19:00:00+00:00,31688.2
2019-05-08 20:00:00+00:00,29789
2019-05-08 21:00:00+00:00,27096
2019-05-08 22:00:00+00:00,25678.4
2019-05-08 23:00:00+00:00,24422.16667
2019-05-09 00:00:00+00:00,23408.28571
2019-05-09 01:00:00+00:00,23099
2019-05-09 02:00:00+00:00,22942.83333
2019-05-09 03:00:00+00:00,23331.28571
2019-05-09 04:00:00+00:00,25431.6
2019-05-09 05:00:00+00:00,27781
2019-05-09 06:00:00+00:00,29924.57143
2019-05-09 07:00:00+00:00,31139.8
2019-05-09 08:00:00+00:00,31436.83333
2019-05-09 09:00:00+00:00,31736.85714
2019-05-09 10:00:00+00:00,32001.6
2019-05-09 11:00:00+00:00,31874
2019-05-09 12:00:00+00:00,30979.42857
2019-05-09 13:00:00+00:00,30379.4
2019-05-09 14:00:00+00:00,30032.66667
2019-05-09 15:00:00+00:00,29966.14286
2019-05-09 16:00:00+00:00,29610.8
2019-05-09 17:00:00+00:00,29474.5
2019-05-09 18:00:00+00:00,30191
2019-05-09 19:00:00+00:00,31329.6
2019-05-09 20:00:00+00:00,29644.5
2019-05-09 21:00:00+00:00,26895
2019-05-09 22:00:00+00:00,25572.8
2019-05-09 23:00:00+00:00,24425.5
2019-05-10 00:00:00+00:00,23317
2019-05-10 01:00:00+00:00,22949.8
2019-05-10 02:00:00+00:00,22902.16667
2019-05-10 03:00:00+00:00,23294.85714
2019-05-10 04:00:00+00:00,25216.6
2019-05-10 05:00:00+00:00,27790
2019-05-10 06:00:00+00:00,30052.28571
2019-05-10 07:00:00+00:00,31011
2019-05-10 08:00:00+00:00,31230
2019-05-10 09:00:00+00:00,31615.85714
2019-05-10 10:00:00+00:00,31842.4
2019-05-10 11:00:00+00:00,31991.33333
2019-05-10 12:00:00+00:00,30906.14286
2019-05-10 13:00:00+00:00,30106.8
2019-05-10 14:00:00+00:00,29819.16667
2019-05-10 15:00:00+00:00,29652.42857
2019-05-10 16:00:00+00:00,29094.8
2019-05-10 17:00:00+00:00,28958
2019-05-10 18:00:00+00:00,28992.42857
2019-05-10 19:00:00+00:00,29548.4
2019-05-10 20:00:00+00:00,28678
2019-05-10 21:00:00+00:00,26623.42857
2019-05-10 22:00:00+00:00,25658.4
2019-05-10 23:00:00+00:00,24235.16667
2019-05-11 00:00:00+00:00,22956
2019-05-11 01:00:00+00:00,22245.6
2019-05-11 02:00:00+00:00,21952.66667
2019-05-11 03:00:00+00:00,21796.42857
2019-05-11 04:00:00+00:00,22078.8
2019-05-11 05:00:00+00:00,22312.83333
2019-05-11 06:00:00+00:00,24209.71429
2019-05-11 07:00:00+00:00,26530.2
2019-05-11 08:00:00+00:00,27675.33333
2019-05-11 09:00:00+00:00,28001.85714
2019-05-11 10:00:00+00:00,28197.4
2019-05-11 11:00:00+00:00,28258.5
2019-05-11 12:00:00+00:00,27556.28571
2019-05-11 13:00:00+00:00,26295.4
2019-05-11 14:00:00+00:00,25379.66667
2019-05-11 15:00:00+00:00,24935.85714
2019-05-11 16:00:00+00:00,24922.2
2019-05-11 17:00:00+00:00,24889.5
2019-05-11 18:00:00+00:00,25490.57143
2019-05-11 19:00:00+00:00,26873.6
2019-05-11 20:00:00+00:00,26404.83333
2019-05-11 21:00:00+00:00,24707.28571
2019-05-11 22:00:00+00:00,23266.6
2019-05-11 23:00:00+00:00,21984
2019-05-12 00:00:00+00:00,20807.28571
2019-05-12 01:00:00+00:00,20113.2
2019-05-12 02:00:00+00:00,19820.5
2019-05-12 03:00:00+00:00,19730.71429
2019-05-12 04:00:00+00:00,19769.2
2019-05-12 05:00:00+00:00,19646.16667
2019-05-12 06:00:00+00:00,20794
2019-05-12 07:00:00+00:00,22637.2
2019-05-12 08:00:00+00:00,23850.83333
2019-05-12 09:00:00+00:00,24595
2019-05-12 10:00:00+00:00,24919.2
2019-05-12 11:00:00+00:00,25147.16667
2019-05-12 12:00:00+00:00,25025.57143
2019-05-12 13:00:00+00:00,23952
2019-05-12 14:00:00+00:00,23341.5
2019-05-12 15:00:00+00:00,23010.85714
2019-05-12 16:00:00+00:00,23178.2
2019-05-12 17:00:00+00:00,23510.5
2019-05-12 18:00:00+00:00,24661.85714
2019-05-12 19:00:00+00:00,26593.2
2019-05-12 20:00:00+00:00,26712.16667
2019-05-12 21:00:00+00:00,24801.57143
2019-05-12 22:00:00+00:00,23161.8
2019-05-12 23:00:00+00:00,21888.66667
2019-05-13 00:00:00+00:00,21025.14286
2019-05-13 01:00:00+00:00,20783.4
2019-05-13 02:00:00+00:00,20932.16667
2019-05-13 03:00:00+00:00,21425.85714
2019-05-13 04:00:00+00:00,23884.6
2019-05-13 05:00:00+00:00,26240.33333
2019-05-13 06:00:00+00:00,28638.57143
2019-05-13 07:00:00+00:00,29667.2
2019-05-13 08:00:00+00:00,30017.83333
2019-05-13 09:00:00+00:00,30291
2019-05-13 10:00:00+00:00,30960.2
2019-05-13 11:00:00+00:00,31231.33333
2019-05-13 12:00:00+00:00,30466.28571
2019-05-13 13:00:00+00:00,29828.4
2019-05-13 14:00:00+00:00,29653.16667
2019-05-13 15:00:00+00:00,29688.71429
2019-05-13 16:00:00+00:00,29369.4
2019-05-13 17:00:00+00:00,29170
2019-05-13 18:00:00+00:00,29526
2019-05-13 19:00:00+00:00,30284
2019-05-13 20:00:00+00:00,29181.16667
2019-05-13 21:00:00+00:00,26533.57143
2019-05-13 22:00:00+00:00,25310.6
2019-05-13 23:00:00+00:00,23897.66667
2019-05-14 00:00:00+00:00,23026.42857
2019-05-14 01:00:00+00:00,22721.2
2019-05-14 02:00:00+00:00,22699.33333
2019-05-14 03:00:00+00:00,23092
2019-05-14 04:00:00+00:00,24984.6
2019-05-14 05:00:00+00:00,27176.66667
2019-05-14 06:00:00+00:00,29462.28571
2019-05-14 07:00:00+00:00,30541.2
2019-05-14 08:00:00+00:00,30774.66667
2019-05-14 09:00:00+00:00,31095.14286
2019-05-14 10:00:00+00:00,31563.8
2019-05-14 11:00:00+00:00,31759.33333
2019-05-14 12:00:00+00:00,30888.57143
2019-05-14 13:00:00+00:00,30581.2
2019-05-14 14:00:00+00:00,30415.66667
2019-05-14 15:00:00+00:00,30420.14286
2019-05-14 16:00:00+00:00,30046.2
2019-05-14 17:00:00+00:00,29799.83333
2019-05-14 18:00:00+00:00,30093.42857
2019-05-14 19:00:00+00:00,30872.8
2019-05-14 20:00:00+00:00,29724.33333
2019-05-14 21:00:00+00:00,27036.28571
2019-05-14 22:00:00+00:00,25659.8
2019-05-14 23:00:00+00:00,24356.33333
2019-05-15 00:00:00+00:00,23446.28571
2019-05-15 01:00:00+00:00,23055.6
2019-05-15 02:00:00+00:00,22919.16667
2019-05-15 03:00:00+00:00,23201.28571
2019-05-15 04:00:00+00:00,24847.4
2019-05-15 05:00:00+00:00,26793.16667
2019-05-15 06:00:00+00:00,28722.57143
2019-05-15 07:00:00+00:00,29894.8
2019-05-15 08:00:00+00:00,30419.66667
2019-05-15 09:00:00+00:00,31048.85714
2019-05-15 10:00:00+00:00,31655.6
2019-05-15 11:00:00+00:00,31692
2019-05-15 12:00:00+00:00,30972.28571
2019-05-15 13:00:00+00:00,30430
2019-05-15 14:00:00+00:00,30227
2019-05-15 15:00:00+00:00,30141.85714
2019-05-15 16:00:00+00:00,29800
2019-05-15 17:00:00+00:00,29569.83333
2019-05-15 18:00:00+00:00,30088.14286
2019-05-15 19:00:00+00:00,30831.8
2019-05-15 20:00:00+00:00,29526.5
2019-05-15 21:00:00+00:00,26884.71429
2019-05-15 22:00:00+00:00,25693.4
2019-05-15 23:00:00+00:00,24507.33333
2019-05-16 00:00:00+00:00,23409.85714
2019-05-16 01:00:00+00:00,23153.2
2019-05-16 02:00:00+00:00,23068
2019-05-16 03:00:00+00:00,23532.85714
2019-05-16 04:00:00+00:00,25480.4
2019-05-16 05:00:00+00:00,27562.83333
2019-05-16 06:00:00+00:00,29622.85714
2019-05-16 07:00:00+00:00,30837.4
2019-05-16 08:00:00+00:00,31180.16667
2019-05-16 09:00:00+00:00,31443.71429
2019-05-16 10:00:00+00:00,32070.8
2019-05-16 11:00:00+00:00,32135.33333
2019-05-16 12:00:00+00:00,31147.28571
2019-05-16 13:00:00+00:00,30659
2019-05-16 14:00:00+00:00,30379.5
2019-05-16 15:00:00+00:00,30333.85714
2019-05-16 16:00:00+00:00,29955.8
2019-05-16 17:00:00+00:00,29936.5
2019-05-16 18:00:00+00:00,30273.28571
2019-05-16 19:00:00+00:00,31001
2019-05-16 20:00:00+00:00,29386.16667
2019-05-16 21:00:00+00:00,26988.42857
2019-05-16 22:00:00+00:00,25797.6
2019-05-16 23:00:00+00:00,24665.16667
2019-05-17 00:00:00+00:00,23741.71429
2019-05-17 01:00:00+00:00,23281.8
2019-05-17 02:00:00+00:00,23152.66667
2019-05-17 03:00:00+00:00,23570.85714
2019-05-17 04:00:00+00:00,25235.2
2019-05-17 05:00:00+00:00,27196.83333
2019-05-17 06:00:00+00:00,29223
2019-05-17 07:00:00+00:00,30333.2
2019-05-17 08:00:00+00:00,31000.5
2019-05-17 09:00:00+00:00,31399.71429
2019-05-17 10:00:00+00:00,31549
2019-05-17 11:00:00+00:00,31324.66667
2019-05-17 12:00:00+00:00,30194.71429
2019-05-17 13:00:00+00:00,29382.6
2019-05-17 14:00:00+00:00,28946.5
2019-05-17 15:00:00+00:00,28613.28571
2019-05-17 16:00:00+00:00,28312.4
2019-05-17 17:00:00+00:00,28242.83333
2019-05-17 18:00:00+00:00,28567.85714
2019-05-17 19:00:00+00:00,29139
2019-05-17 20:00:00+00:00,28186.66667
2019-05-17 21:00:00+00:00,26036.57143
2019-05-17 22:00:00+00:00,25077
2019-05-17 23:00:00+00:00,23901.83333
2019-05-18 00:00:00+00:00,22696
2019-05-18 01:00:00+00:00,22099.8
2019-05-18 02:00:00+00:00,21754.33333
2019-05-18 03:00:00+00:00,21477.85714
2019-05-18 04:00:00+00:00,21785.6
2019-05-18 05:00:00+00:00,21933.5
2019-05-18 06:00:00+00:00,23846.28571
2019-05-18 07:00:00+00:00,25969
2019-05-18 08:00:00+00:00,27264.5
2019-05-18 09:00:00+00:00,27733.28571
2019-05-18 10:00:00+00:00,27890
2019-05-18 11:00:00+00:00,27878.83333
2019-05-18 12:00:00+00:00,26975.85714
2019-05-18 13:00:00+00:00,25609.4
2019-05-18 14:00:00+00:00,24956.66667
2019-05-18 15:00:00+00:00,24634.71429
2019-05-18 16:00:00+00:00,24584
2019-05-18 17:00:00+00:00,24864.83333
2019-05-18 18:00:00+00:00,25281
2019-05-18 19:00:00+00:00,26571.2
2019-05-18 20:00:00+00:00,25979
2019-05-18 21:00:00+00:00,24331.57143
2019-05-18 22:00:00+00:00,23033.6
2019-05-18 23:00:00+00:00,21847.66667
2019-05-19 00:00:00+00:00,20658.14286
2019-05-19 01:00:00+00:00,20056.4
2019-05-19 02:00:00+00:00,19852.83333
2019-05-19 03:00:00+00:00,19690.42857
2019-05-19 04:00:00+00:00,19803.8
2019-05-19 05:00:00+00:00,19469.66667
2019-05-19 06:00:00+00:00,20706
2019-05-19 07:00:00+00:00,22479.2
2019-05-19 08:00:00+00:00,24013.5
2019-05-19 09:00:00+00:00,24905.71429
2019-05-19 10:00:00+00:00,25252.8
2019-05-19 11:00:00+00:00,25530.5
2019-05-19 12:00:00+00:00,25250.28571
2019-05-19 13:00:00+00:00,24094.8
2019-05-19 14:00:00+00:00,23267.83333
2019-05-19 15:00:00+00:00,22828.14286
2019-05-19 16:00:00+00:00,23070.8
2019-05-19 17:00:00+00:00,23648.33333
2019-05-19 18:00:00+00:00,24731.28571
2019-05-19 19:00:00+00:00,26260
2019-05-19 20:00:00+00:00,26376.66667
2019-05-19 21:00:00+00:00,24459.71429
2019-05-19 22:00:00+00:00,22990.6
2019-05-19 23:00:00+00:00,21743
2019-05-20 00:00:00+00:00,20869.71429
2019-05-20 01:00:00+00:00,20779.8
2019-05-20 02:00:00+00:00,20823.33333
2019-05-20 03:00:00+00:00,21431
2019-05-20 04:00:00+00:00,23814
2019-05-20 05:00:00+00:00,26237.5
2019-05-20 06:00:00+00:00,28987.14286
2019-05-20 07:00:00+00:00,30394.6
2019-05-20 08:00:00+00:00,30875.83333
2019-05-20 09:00:00+00:00,31015.42857
2019-05-20 10:00:00+00:00,31359.4
2019-05-20 11:00:00+00:00,31333
2019-05-20 12:00:00+00:00,30322
2019-05-20 13:00:00+00:00,29836.6
2019-05-20 14:00:00+00:00,29460.5
2019-05-20 15:00:00+00:00,29228.28571
2019-05-20 16:00:00+00:00,28906.6
2019-05-20 17:00:00+00:00,28650.83333
2019-05-20 18:00:00+00:00,29188
2019-05-20 19:00:00+00:00,30203.4
2019-05-20 20:00:00+00:00,28804.33333
2019-05-20 21:00:00+00:00,26308.57143
2019-05-20 22:00:00+00:00,24911.6
2019-05-20 23:00:00+00:00,23670.33333
2019-05-21 00:00:00+00:00,22825.42857
2019-05-21 01:00:00+00:00,22576
2019-05-21 02:00:00+00:00,22595.16667
2019-05-21 03:00:00+00:00,22918.71429
2019-05-21 04:00:00+00:00,24873.6
2019-05-21 05:00:00+00:00,27203.5
2019-05-21 06:00:00+00:00,29705
2019-05-21 07:00:00+00:00,30762
2019-05-21 08:00:00+00:00,31072.66667
2019-05-21 09:00:00+00:00,31429.71429
2019-05-21 10:00:00+00:00,31829
2019-05-21 11:00:00+00:00,31736.33333
2019-05-21 12:00:00+00:00,30874
2019-05-21 13:00:00+00:00,30152.6
2019-05-21 14:00:00+00:00,29898.16667
2019-05-21 15:00:00+00:00,29745.14286
2019-05-21 16:00:00+00:00,29277.8
2019-05-21 17:00:00+00:00,29131.33333
2019-05-21 18:00:00+00:00,29510.57143
2019-05-21 19:00:00+00:00,30114.2
2019-05-21 20:00:00+00:00,29056.66667
2019-05-21 21:00:00+00:00,26567.42857
2019-05-21 22:00:00+00:00,25232
2019-05-21 23:00:00+00:00,23956.33333
2019-05-22 00:00:00+00:00,23065.28571
2019-05-22 01:00:00+00:00,22824.8
2019-05-22 02:00:00+00:00,22696.33333
2019-05-22 03:00:00+00:00,23258.57143
2019-05-22 04:00:00+00:00,25015.2
2019-05-22 05:00:00+00:00,27234
2019-05-22 06:00:00+00:00,29563.85714
2019-05-22 07:00:00+00:00,30799
2019-05-22 08:00:00+00:00,31185.5
2019-05-22 09:00:00+00:00,31386.85714
2019-05-22 10:00:00+00:00,31614.4
2019-05-22 11:00:00+00:00,31900.83333
2019-05-22 12:00:00+00:00,31258.14286
2019-05-22 13:00:00+00:00,30861.4
2019-05-22 14:00:00+00:00,30585.33333
2019-05-22 15:00:00+00:00,30522
2019-05-22 16:00:00+00:00,30000.6
2019-05-22 17:00:00+00:00,29810.33333
2019-05-22 18:00:00+00:00,30167.14286
2019-05-22 19:00:00+00:00,30654.2
2019-05-22 20:00:00+00:00,29617.33333
2019-05-22 21:00:00+00:00,26913.28571
2019-05-22 22:00:00+00:00,25334.2
2019-05-22 23:00:00+00:00,24098.33333
2019-05-23 00:00:00+00:00,23036.14286
2019-05-23 01:00:00+00:00,22700.2
2019-05-23 02:00:00+00:00,22623.16667
2019-05-23 03:00:00+00:00,23064.28571
2019-05-23 04:00:00+00:00,24822
2019-05-23 05:00:00+00:00,27065
2019-05-23 06:00:00+00:00,29316.71429
2019-05-23 07:00:00+00:00,30455.8
2019-05-23 08:00:00+00:00,31030.16667
2019-05-23 09:00:00+00:00,31452.57143
2019-05-23 10:00:00+00:00,32129.6
2019-05-23 11:00:00+00:00,32279
2019-05-23 12:00:00+00:00,31372.57143
2019-05-23 13:00:00+00:00,30828.6
2019-05-23 14:00:00+00:00,30651.83333
2019-05-23 15:00:00+00:00,30457.71429
2019-05-23 16:00:00+00:00,29976
2019-05-23 17:00:00+00:00,29921.66667
2019-05-23 18:00:00+00:00,30079.85714
2019-05-23 19:00:00+00:00,30668.2
2019-05-23 20:00:00+00:00,29457.66667
2019-05-23 21:00:00+00:00,26785.14286
2019-05-23 22:00:00+00:00,25696.4
2019-05-23 23:00:00+00:00,24412
2019-05-24 00:00:00+00:00,23449
2019-05-24 01:00:00+00:00,23074.2
2019-05-24 02:00:00+00:00,22990.5
2019-05-24 03:00:00+00:00,23297.28571
2019-05-24 04:00:00+00:00,25083.6
2019-05-24 05:00:00+00:00,27245.33333
2019-05-24 06:00:00+00:00,29542.57143
2019-05-24 07:00:00+00:00,30799.2
2019-05-24 08:00:00+00:00,31177
2019-05-24 09:00:00+00:00,31531.42857
2019-05-24 10:00:00+00:00,32109.6
2019-05-24 11:00:00+00:00,32171.5
2019-05-24 12:00:00+00:00,31022.28571
2019-05-24 13:00:00+00:00,30142.2
2019-05-24 14:00:00+00:00,29723.66667
2019-05-24 15:00:00+00:00,29546
2019-05-24 16:00:00+00:00,29133
2019-05-24 17:00:00+00:00,28990.33333
2019-05-24 18:00:00+00:00,29129
2019-05-24 19:00:00+00:00,29357.2
2019-05-24 20:00:00+00:00,28367.16667
2019-05-24 21:00:00+00:00,26272
2019-05-24 22:00:00+00:00,25393.8
2019-05-24 23:00:00+00:00,24049.83333
2019-05-25 00:00:00+00:00,22857.85714
2019-05-25 01:00:00+00:00,22084
2019-05-25 02:00:00+00:00,21815.66667
2019-05-25 03:00:00+00:00,21704.42857
2019-05-25 04:00:00+00:00,21927.6
2019-05-25 05:00:00+00:00,22239.16667
2019-05-25 06:00:00+00:00,24187.28571
2019-05-25 07:00:00+00:00,26207
2019-05-25 08:00:00+00:00,27485.5
2019-05-25 09:00:00+00:00,27842.28571
2019-05-25 10:00:00+00:00,28077.2
2019-05-25 11:00:00+00:00,28175.33333
2019-05-25 12:00:00+00:00,27349.28571
2019-05-25 13:00:00+00:00,26078.6
2019-05-25 14:00:00+00:00,25286.16667
2019-05-25 15:00:00+00:00,24842.14286
2019-05-25 16:00:00+00:00,24777
2019-05-25 17:00:00+00:00,25021.33333
2019-05-25 18:00:00+00:00,25458.71429
2019-05-25 19:00:00+00:00,26482.4
2019-05-25 20:00:00+00:00,26325.33333
2019-05-25 21:00:00+00:00,24896
2019-05-25 22:00:00+00:00,23375.2
2019-05-25 23:00:00+00:00,22110.16667
2019-05-26 00:00:00+00:00,20825.14286
2019-05-26 01:00:00+00:00,20245.6
2019-05-26 02:00:00+00:00,19817.83333
2019-05-26 03:00:00+00:00,19663.85714
2019-05-26 04:00:00+00:00,19663.6
2019-05-26 05:00:00+00:00,19518.33333
2019-05-26 06:00:00+00:00,20761.85714
2019-05-26 07:00:00+00:00,22359
2019-05-26 08:00:00+00:00,23538.16667
2019-05-26 09:00:00+00:00,24329.14286
2019-05-26 10:00:00+00:00,24486.6
2019-05-26 11:00:00+00:00,24695.5
2019-05-26 12:00:00+00:00,24635.85714
2019-05-26 13:00:00+00:00,23634.2
2019-05-26 14:00:00+00:00,22935
2019-05-26 15:00:00+00:00,22634.42857
2019-05-26 16:00:00+00:00,22999.4
2019-05-26 17:00:00+00:00,23341
2019-05-26 18:00:00+00:00,24485.28571
2019-05-26 19:00:00+00:00,25863.6
2019-05-26 20:00:00+00:00,26511.16667
2019-05-26 21:00:00+00:00,24851.14286
2019-05-26 22:00:00+00:00,23247
2019-05-26 23:00:00+00:00,21986
2019-05-27 00:00:00+00:00,21095.28571
2019-05-27 01:00:00+00:00,20794.2
2019-05-27 02:00:00+00:00,20763.66667
2019-05-27 03:00:00+00:00,21273.14286
2019-05-27 04:00:00+00:00,23566.6
2019-05-27 05:00:00+00:00,25918.16667
2019-05-27 06:00:00+00:00,28747.57143
2019-05-27 07:00:00+00:00,30155
2019-05-27 08:00:00+00:00,30661.66667
2019-05-27 09:00:00+00:00,30924.71429
2019-05-27 10:00:00+00:00,31571.6
2019-05-27 11:00:00+00:00,31785.83333
2019-05-27 12:00:00+00:00,31016.28571
2019-05-27 13:00:00+00:00,30373.6
2019-05-27 14:00:00+00:00,30260.16667
2019-05-27 15:00:00+00:00,30147.57143
2019-05-27 16:00:00+00:00,29878
2019-05-27 17:00:00+00:00,29796.66667
2019-05-27 18:00:00+00:00,30077.28571
2019-05-27 19:00:00+00:00,30611
2019-05-27 20:00:00+00:00,29411.83333
2019-05-27 21:00:00+00:00,26685.14286
2019-05-27 22:00:00+00:00,25454.4
2019-05-27 23:00:00+00:00,24004
2019-05-28 00:00:00+00:00,23133.71429
2019-05-28 01:00:00+00:00,22821
2019-05-28 02:00:00+00:00,22788.16667
2019-05-28 03:00:00+00:00,23246
2019-05-28 04:00:00+00:00,24814.2
2019-05-28 05:00:00+00:00,27126.5
2019-05-28 06:00:00+00:00,29480.28571
2019-05-28 07:00:00+00:00,30654.8
2019-05-28 08:00:00+00:00,31201
2019-05-28 09:00:00+00:00,31703.14286
2019-05-28 10:00:00+00:00,32275.8
2019-05-28 11:00:00+00:00,32384.33333
2019-05-28 12:00:00+00:00,31592.57143
2019-05-28 13:00:00+00:00,30801.8
2019-05-28 14:00:00+00:00,30608.16667
2019-05-28 15:00:00+00:00,30542.28571
2019-05-28 16:00:00+00:00,30318
2019-05-28 17:00:00+00:00,29986
2019-05-28 18:00:00+00:00,30231.42857
2019-05-28 19:00:00+00:00,30557.4
2019-05-28 20:00:00+00:00,29480.83333
2019-05-28 21:00:00+00:00,26833.14286
2019-05-28 22:00:00+00:00,25427
2019-05-28 23:00:00+00:00,24290.33333
2019-05-29 00:00:00+00:00,23314.14286
2019-05-29 01:00:00+00:00,22997.6
2019-05-29 02:00:00+00:00,22830.5
2019-05-29 03:00:00+00:00,23193.28571
2019-05-29 04:00:00+00:00,24979.4
2019-05-29 05:00:00+00:00,27282.5
2019-05-29 06:00:00+00:00,29579.85714
2019-05-29 07:00:00+00:00,30577.8
2019-05-29 08:00:00+00:00,31025.5
2019-05-29 09:00:00+00:00,31549.14286
2019-05-29 10:00:00+00:00,32023.2
2019-05-29 11:00:00+00:00,32286.16667
2019-05-29 12:00:00+00:00,31314.42857
2019-05-29 13:00:00+00:00,30702.2
2019-05-29 14:00:00+00:00,30545.5
2019-05-29 15:00:00+00:00,30464.28571
2019-05-29 16:00:00+00:00,30073.6
2019-05-29 17:00:00+00:00,29929.5
2019-05-29 18:00:00+00:00,30043.57143
2019-05-29 19:00:00+00:00,30275.2
2019-05-29 20:00:00+00:00,29277.83333
2019-05-29 21:00:00+00:00,26620.85714
2019-05-29 22:00:00+00:00,25214.6
2019-05-29 23:00:00+00:00,24057
2019-05-30 00:00:00+00:00,22941.42857
2019-05-30 01:00:00+00:00,22544.6
2019-05-30 02:00:00+00:00,22461.33333
2019-05-30 03:00:00+00:00,22903.85714
2019-05-30 04:00:00+00:00,24656
2019-05-30 05:00:00+00:00,26812.66667
2019-05-30 06:00:00+00:00,29132
2019-05-30 07:00:00+00:00,30222.6
2019-05-30 08:00:00+00:00,30689.66667
2019-05-30 09:00:00+00:00,31174.57143
2019-05-30 10:00:00+00:00,31955.8
2019-05-30 11:00:00+00:00,32219.5
2019-05-30 12:00:00+00:00,31288
2019-05-30 13:00:00+00:00,30722.2
2019-05-30 14:00:00+00:00,30591.16667
2019-05-30 15:00:00+00:00,30532.28571
2019-05-30 16:00:00+00:00,30162.2
2019-05-30 17:00:00+00:00,29953.66667
2019-05-30 18:00:00+00:00,30020.14286
2019-05-30 19:00:00+00:00,30217.4
2019-05-30 20:00:00+00:00,29320.16667
2019-05-30 21:00:00+00:00,26876.57143
2019-05-30 22:00:00+00:00,25576.2
2019-05-30 23:00:00+00:00,24339.66667
2019-05-31 00:00:00+00:00,23276.42857
2019-05-31 01:00:00+00:00,22873.8
2019-05-31 02:00:00+00:00,22636.16667
2019-05-31 03:00:00+00:00,23063.42857
2019-05-31 04:00:00+00:00,24597.6
2019-05-31 05:00:00+00:00,26758.5
2019-05-31 06:00:00+00:00,28977
2019-05-31 07:00:00+00:00,30131.6
2019-05-31 08:00:00+00:00,31050.33333
2019-05-31 09:00:00+00:00,31842.42857
2019-05-31 10:00:00+00:00,32439.2
2019-05-31 11:00:00+00:00,32563.83333
2019-05-31 12:00:00+00:00,31663
2019-05-31 13:00:00+00:00,30955
2019-05-31 14:00:00+00:00,30580.5
2019-05-31 15:00:00+00:00,30398.85714
2019-05-31 16:00:00+00:00,30065.4
2019-05-31 17:00:00+00:00,29917.16667
2019-05-31 18:00:00+00:00,29585.71429
2019-05-31 19:00:00+00:00,29526.8
2019-05-31 20:00:00+00:00,28903.5
2019-05-31 21:00:00+00:00,26889.28571
2019-05-31 22:00:00+00:00,25965.6
2019-05-31 23:00:00+00:00,24639.16667
2019-06-01 00:00:00+00:00,23252.28571
2019-06-01 01:00:00+00:00,22648.8
2019-06-01 02:00:00+00:00,22281.5
2019-06-01 03:00:00+00:00,21954.42857
2019-06-01 04:00:00+00:00,21865
2019-06-01 05:00:00+00:00,22290.83333
2019-06-01 06:00:00+00:00,24343.85714
2019-06-01 07:00:00+00:00,26725.2
2019-06-01 08:00:00+00:00,27918.33333
2019-06-01 09:00:00+00:00,28608.85714
2019-06-01 10:00:00+00:00,28818.2
2019-06-01 11:00:00+00:00,29199.33333
2019-06-01 12:00:00+00:00,28496.85714
2019-06-01 13:00:00+00:00,27475.8
2019-06-01 14:00:00+00:00,26789.5
2019-06-01 15:00:00+00:00,26449.14286
2019-06-01 16:00:00+00:00,26363.4
2019-06-01 17:00:00+00:00,26474.66667
2019-06-01 18:00:00+00:00,26809.85714
2019-06-01 19:00:00+00:00,27211.2
2019-06-01 20:00:00+00:00,27083.33333
2019-06-01 21:00:00+00:00,25467.42857
2019-06-01 22:00:00+00:00,24065.6
2019-06-01 23:00:00+00:00,22636.83333
2019-06-02 00:00:00+00:00,21509
2019-06-02 01:00:00+00:00,20851.8
2019-06-02 02:00:00+00:00,20682.66667
2019-06-02 03:00:00+00:00,20413.14286
2019-06-02 04:00:00+00:00,20076
2019-06-02 05:00:00+00:00,19867.33333
2019-06-02 06:00:00+00:00,21289.42857
2019-06-02 07:00:00+00:00,23138.4
2019-06-02 08:00:00+00:00,24506.83333
2019-06-02 09:00:00+00:00,25352.14286
2019-06-02 10:00:00+00:00,25737
2019-06-02 11:00:00+00:00,26282.66667
2019-06-02 12:00:00+00:00,26173.85714
2019-06-02 13:00:00+00:00,25323
2019-06-02 14:00:00+00:00,24822.5
2019-06-02 15:00:00+00:00,24625.42857
2019-06-02 16:00:00+00:00,24709.4
2019-06-02 17:00:00+00:00,25071.66667
2019-06-02 18:00:00+00:00,25762.28571
2019-06-02 19:00:00+00:00,27050
2019-06-02 20:00:00+00:00,27609.5
2019-06-02 21:00:00+00:00,25825.85714
2019-06-02 22:00:00+00:00,24131.4
2019-06-02 23:00:00+00:00,22841.33333
2019-06-03 00:00:00+00:00,21941.28571
2019-06-03 01:00:00+00:00,21479.2
2019-06-03 02:00:00+00:00,21427.33333
2019-06-03 03:00:00+00:00,22054.28571
2019-06-03 04:00:00+00:00,24296
2019-06-03 05:00:00+00:00,26757.33333
2019-06-03 06:00:00+00:00,29126
2019-06-03 07:00:00+00:00,30451.2
2019-06-03 08:00:00+00:00,31274
2019-06-03 09:00:00+00:00,32159.28571
2019-06-03 10:00:00+00:00,32917
2019-06-03 11:00:00+00:00,33206.66667
2019-06-03 12:00:00+00:00,32568.71429
2019-06-03 13:00:00+00:00,32338.6
2019-06-03 14:00:00+00:00,32216.16667
2019-06-03 15:00:00+00:00,32361.42857
2019-06-03 16:00:00+00:00,31753.4
2019-06-03 17:00:00+00:00,31323.16667
2019-06-03 18:00:00+00:00,31127.42857
2019-06-03 19:00:00+00:00,31282
2019-06-03 20:00:00+00:00,30154.5
2019-06-03 21:00:00+00:00,27561.28571
2019-06-03 22:00:00+00:00,26462.6
2019-06-03 23:00:00+00:00,25100.66667
2019-06-04 00:00:00+00:00,24063.14286
2019-06-04 01:00:00+00:00,23600.6
2019-06-04 02:00:00+00:00,23564
2019-06-04 03:00:00+00:00,23895.14286
2019-06-04 04:00:00+00:00,25620.8
2019-06-04 05:00:00+00:00,27804.5
2019-06-04 06:00:00+00:00,30006.42857
2019-06-04 07:00:00+00:00,31089.8
2019-06-04 08:00:00+00:00,31913.83333
2019-06-04 09:00:00+00:00,32595
2019-06-04 10:00:00+00:00,33318.4
2019-06-04 11:00:00+00:00,33450.5
2019-06-04 12:00:00+00:00,32666.42857
2019-06-04 13:00:00+00:00,32338.2
2019-06-04 14:00:00+00:00,32132.16667
2019-06-04 15:00:00+00:00,32142
2019-06-04 16:00:00+00:00,31545.8
2019-06-04 17:00:00+00:00,31060.5
2019-06-04 18:00:00+00:00,30940.57143
2019-06-04 19:00:00+00:00,30993
2019-06-04 20:00:00+00:00,30045.5
2019-06-04 21:00:00+00:00,27454.42857
2019-06-04 22:00:00+00:00,26419.8
2019-06-04 23:00:00+00:00,25093.16667
2019-06-05 00:00:00+00:00,24143
2019-06-05 01:00:00+00:00,23663.8
2019-06-05 02:00:00+00:00,23549.33333
2019-06-05 03:00:00+00:00,23986.85714
2019-06-05 04:00:00+00:00,25656.2
2019-06-05 05:00:00+00:00,27834.66667
2019-06-05 06:00:00+00:00,29751.14286
2019-06-05 07:00:00+00:00,30745.2
2019-06-05 08:00:00+00:00,31363.66667
2019-06-05 09:00:00+00:00,31837.57143
2019-06-05 10:00:00+00:00,32230.8
2019-06-05 11:00:00+00:00,32554.5
2019-06-05 12:00:00+00:00,31655.71429
2019-06-05 13:00:00+00:00,30862.8
2019-06-05 14:00:00+00:00,30699.66667
2019-06-05 15:00:00+00:00,30567.71429
2019-06-05 16:00:00+00:00,30029.8
2019-06-05 17:00:00+00:00,29679.5
2019-06-05 18:00:00+00:00,29909.57143
2019-06-05 19:00:00+00:00,30298.6
2019-06-05 20:00:00+00:00,29390.66667
2019-06-05 21:00:00+00:00,26884.71429
2019-06-05 22:00:00+00:00,25673.4
2019-06-05 23:00:00+00:00,24459.16667
2019-06-06 00:00:00+00:00,23606.71429
2019-06-06 01:00:00+00:00,23123.8
2019-06-06 02:00:00+00:00,23072
2019-06-06 03:00:00+00:00,23334.14286
2019-06-06 04:00:00+00:00,24955.8
2019-06-06 05:00:00+00:00,27085.66667
2019-06-06 06:00:00+00:00,29266.71429
2019-06-06 07:00:00+00:00,30202.2
2019-06-06 08:00:00+00:00,30748.16667
2019-06-06 09:00:00+00:00,31219.42857
2019-06-06 10:00:00+00:00,31733.6
2019-06-06 11:00:00+00:00,31895.5
2019-06-06 12:00:00+00:00,31010.28571
2019-06-06 13:00:00+00:00,30569
2019-06-06 14:00:00+00:00,30523.5
2019-06-06 15:00:00+00:00,30341.42857
2019-06-06 16:00:00+00:00,30124.6
2019-06-06 17:00:00+00:00,29942.16667
2019-06-06 18:00:00+00:00,30019.14286
2019-06-06 19:00:00+00:00,30388
2019-06-06 20:00:00+00:00,29557.33333
2019-06-06 21:00:00+00:00,27077.28571
2019-06-06 22:00:00+00:00,25935.6
2019-06-06 23:00:00+00:00,24740.83333
2019-06-07 00:00:00+00:00,23738.42857
2019-06-07 01:00:00+00:00,23336.4
2019-06-07 02:00:00+00:00,23288
2019-06-07 03:00:00+00:00,23660.14286
2019-06-07 04:00:00+00:00,25273
2019-06-07 05:00:00+00:00,27285
2019-06-07 06:00:00+00:00,29289
2019-06-07 07:00:00+00:00,30429.6
2019-06-07 08:00:00+00:00,30881.66667
2019-06-07 09:00:00+00:00,31473.85714
2019-06-07 10:00:00+00:00,31904
2019-06-07 11:00:00+00:00,32001.5
2019-06-07 12:00:00+00:00,31001.71429
2019-06-07 13:00:00+00:00,30292.8
2019-06-07 14:00:00+00:00,30123.33333
2019-06-07 15:00:00+00:00,29986
2019-06-07 16:00:00+00:00,29677.6
2019-06-07 17:00:00+00:00,29399
2019-06-07 18:00:00+00:00,29165.28571
2019-06-07 19:00:00+00:00,29190.2
2019-06-07 20:00:00+00:00,28547.5
2019-06-07 21:00:00+00:00,26345.42857
2019-06-07 22:00:00+00:00,25469.6
2019-06-07 23:00:00+00:00,24166.66667
2019-06-08 00:00:00+00:00,23028.42857
2019-06-08 01:00:00+00:00,22358.2
2019-06-08 02:00:00+00:00,21953.5
2019-06-08 03:00:00+00:00,21879.14286
2019-06-08 04:00:00+00:00,21898.2
2019-06-08 05:00:00+00:00,22302.66667
2019-06-08 06:00:00+00:00,24262.14286
2019-06-08 07:00:00+00:00,26346.6
2019-06-08 08:00:00+00:00,27738.33333
2019-06-08 09:00:00+00:00,28344.42857
2019-06-08 10:00:00+00:00,28515.6
2019-06-08 11:00:00+00:00,28624.83333
2019-06-08 12:00:00+00:00,27944.57143
2019-06-08 13:00:00+00:00,26731.6
2019-06-08 14:00:00+00:00,26216.5
2019-06-08 15:00:00+00:00,25924.42857
2019-06-08 16:00:00+00:00,25656.2
2019-06-08 17:00:00+00:00,25640.16667
2019-06-08 18:00:00+00:00,25844
2019-06-08 19:00:00+00:00,26771.6
2019-06-08 20:00:00+00:00,26812.5
2019-06-08 21:00:00+00:00,25071.71429
2019-06-08 22:00:00+00:00,23455.2
2019-06-08 23:00:00+00:00,22251.66667
2019-06-09 00:00:00+00:00,21263.57143
2019-06-09 01:00:00+00:00,20713.4
2019-06-09 02:00:00+00:00,20364.33333
2019-06-09 03:00:00+00:00,20120.42857
2019-06-09 04:00:00+00:00,20190.8
2019-06-09 05:00:00+00:00,20105.5
2019-06-09 06:00:00+00:00,21204.14286
2019-06-09 07:00:00+00:00,22898.6
2019-06-09 08:00:00+00:00,24288.33333
2019-06-09 09:00:00+00:00,25134.71429
2019-06-09 10:00:00+00:00,25522.2
2019-06-09 11:00:00+00:00,25848.83333
2019-06-09 12:00:00+00:00,25643.14286
2019-06-09 13:00:00+00:00,24510.6
2019-06-09 14:00:00+00:00,23832
2019-06-09 15:00:00+00:00,23634.14286
2019-06-09 16:00:00+00:00,23582.8
2019-06-09 17:00:00+00:00,23898.66667
2019-06-09 18:00:00+00:00,24640.42857
2019-06-09 19:00:00+00:00,26024.8
2019-06-09 20:00:00+00:00,26776.33333
2019-06-09 21:00:00+00:00,24997.28571
2019-06-09 22:00:00+00:00,23561
2019-06-09 23:00:00+00:00,22317.16667
2019-06-10 00:00:00+00:00,21462.85714
2019-06-10 01:00:00+00:00,21096.2
2019-06-10 02:00:00+00:00,21008.16667
2019-06-10 03:00:00+00:00,21666.85714
2019-06-10 04:00:00+00:00,23482.8
2019-06-10 05:00:00+00:00,25644.66667
2019-06-10 06:00:00+00:00,27812.71429
2019-06-10 07:00:00+00:00,29124.6
2019-06-10 08:00:00+00:00,29886.33333
2019-06-10 09:00:00+00:00,30452.85714
2019-06-10 10:00:00+00:00,30931.2
2019-06-10 11:00:00+00:00,31275.83333
2019-06-10 12:00:00+00:00,30440.14286
2019-06-10 13:00:00+00:00,29910.4
2019-06-10 14:00:00+00:00,29642
2019-06-10 15:00:00+00:00,29512.85714
2019-06-10 16:00:00+00:00,29094.6
2019-06-10 17:00:00+00:00,28803.33333
2019-06-10 18:00:00+00:00,29221.57143
2019-06-10 19:00:00+00:00,29666.6
2019-06-10 20:00:00+00:00,29002.66667
2019-06-10 21:00:00+00:00,26470.85714
2019-06-10 22:00:00+00:00,25394.8
2019-06-10 23:00:00+00:00,24200
2019-06-11 00:00:00+00:00,23184.85714
2019-06-11 01:00:00+00:00,22721.2
2019-06-11 02:00:00+00:00,22689.66667
2019-06-11 03:00:00+00:00,23073.57143
2019-06-11 04:00:00+00:00,24805.2
2019-06-11 05:00:00+00:00,27021.66667
2019-06-11 06:00:00+00:00,29325.57143
2019-06-11 07:00:00+00:00,30292.2
2019-06-11 08:00:00+00:00,30916.16667
2019-06-11 09:00:00+00:00,31318.71429
2019-06-11 10:00:00+00:00,31697.4
2019-06-11 11:00:00+00:00,31661.33333
2019-06-11 12:00:00+00:00,30609.85714
2019-06-11 13:00:00+00:00,30037
2019-06-11 14:00:00+00:00,29912.33333
2019-06-11 15:00:00+00:00,29876.85714
2019-06-11 16:00:00+00:00,29563.6
2019-06-11 17:00:00+00:00,29609
2019-06-11 18:00:00+00:00,29861.57143
2019-06-11 19:00:00+00:00,29992.4
2019-06-11 20:00:00+00:00,29235
2019-06-11 21:00:00+00:00,26785.14286
2019-06-11 22:00:00+00:00,25793.8
2019-06-11 23:00:00+00:00,24554.66667
2019-06-12 00:00:00+00:00,23467.42857
2019-06-12 01:00:00+00:00,23202.8
2019-06-12 02:00:00+00:00,23163.33333
2019-06-12 03:00:00+00:00,23640.85714
2019-06-12 04:00:00+00:00,25181
2019-06-12 05:00:00+00:00,27395.5
2019-06-12 06:00:00+00:00,29647.85714
2019-06-12 07:00:00+00:00,30581
2019-06-12 08:00:00+00:00,31052.66667
2019-06-12 09:00:00+00:00,31520.57143
2019-06-12 10:00:00+00:00,32045.4
2019-06-12 11:00:00+00:00,31998.66667
2019-06-12 12:00:00+00:00,30824.71429
2019-06-12 13:00:00+00:00,30346.4
2019-06-12 14:00:00+00:00,30192.66667
2019-06-12 15:00:00+00:00,30177.71429
2019-06-12 16:00:00+00:00,29791
2019-06-12 17:00:00+00:00,29608.66667
2019-06-12 18:00:00+00:00,29900
2019-06-12 19:00:00+00:00,30133.6
2019-06-12 20:00:00+00:00,29428.83333
2019-06-12 21:00:00+00:00,26970.28571
2019-06-12 22:00:00+00:00,25900.4
2019-06-12 23:00:00+00:00,24626.33333
2019-06-13 00:00:00+00:00,23712
2019-06-13 01:00:00+00:00,23276.6
2019-06-13 02:00:00+00:00,23205.5
2019-06-13 03:00:00+00:00,23585.85714
2019-06-13 04:00:00+00:00,25225.2
2019-06-13 05:00:00+00:00,27431.33333
2019-06-13 06:00:00+00:00,29562.28571
2019-06-13 07:00:00+00:00,30444.4
2019-06-13 08:00:00+00:00,30944.33333
2019-06-13 09:00:00+00:00,31414.14286
2019-06-13 10:00:00+00:00,31997.6
2019-06-13 11:00:00+00:00,32189.5
2019-06-13 12:00:00+00:00,31283
2019-06-13 13:00:00+00:00,30758.4
2019-06-13 14:00:00+00:00,30674.33333
2019-06-13 15:00:00+00:00,30656.14286
2019-06-13 16:00:00+00:00,30380
2019-06-13 17:00:00+00:00,30141.66667
2019-06-13 18:00:00+00:00,30271.28571
2019-06-13 19:00:00+00:00,30271
2019-06-13 20:00:00+00:00,29469
2019-06-13 21:00:00+00:00,27122
2019-06-13 22:00:00+00:00,26065.6
2019-06-13 23:00:00+00:00,24855.66667
2019-06-14 00:00:00+00:00,23834.42857
2019-06-14 01:00:00+00:00,23469.6
2019-06-14 02:00:00+00:00,23394.16667
2019-06-14 03:00:00+00:00,23714.57143
2019-06-14 04:00:00+00:00,25271.8
2019-06-14 05:00:00+00:00,27419.5
2019-06-14 06:00:00+00:00,29462.14286
2019-06-14 07:00:00+00:00,30568.6
2019-06-14 08:00:00+00:00,31285.5
2019-06-14 09:00:00+00:00,31727.85714
2019-06-14 10:00:00+00:00,32281.8
2019-06-14 11:00:00+00:00,32194.66667
2019-06-14 12:00:00+00:00,31319.57143
2019-06-14 13:00:00+00:00,30479.8
2019-06-14 14:00:00+00:00,30338
2019-06-14 15:00:00+00:00,30145.28571
2019-06-14 16:00:00+00:00,29713.4
2019-06-14 17:00:00+00:00,29546.16667
2019-06-14 18:00:00+00:00,29267.85714
2019-06-14 19:00:00+00:00,29163
2019-06-14 20:00:00+00:00,28730.16667
2019-06-14 21:00:00+00:00,26665.42857
2019-06-14 22:00:00+00:00,25820.6
2019-06-14 23:00:00+00:00,24352.33333
2019-06-15 00:00:00+00:00,23162.42857
2019-06-15 01:00:00+00:00,22679
2019-06-15 02:00:00+00:00,22285.16667
2019-06-15 03:00:00+00:00,22052
2019-06-15 04:00:00+00:00,22001.8
2019-06-15 05:00:00+00:00,22425.66667
2019-06-15 06:00:00+00:00,24338.42857
2019-06-15 07:00:00+00:00,26340.2
2019-06-15 08:00:00+00:00,27823.83333
2019-06-15 09:00:00+00:00,28438.28571
2019-06-15 10:00:00+00:00,28784.4
2019-06-15 11:00:00+00:00,28903.66667
2019-06-15 12:00:00+00:00,28074.42857
2019-06-15 13:00:00+00:00,26837.4
2019-06-15 14:00:00+00:00,26148.5
2019-06-15 15:00:00+00:00,25816.42857
2019-06-15 16:00:00+00:00,25730
2019-06-15 17:00:00+00:00,25843.5
2019-06-15 18:00:00+00:00,26106.14286
2019-06-15 19:00:00+00:00,26465.4
2019-06-15 20:00:00+00:00,26790
2019-06-15 21:00:00+00:00,25280.14286
2019-06-15 22:00:00+00:00,23818.4
2019-06-15 23:00:00+00:00,22717.16667
2019-06-16 00:00:00+00:00,21477.28571
2019-06-16 01:00:00+00:00,20835
2019-06-16 02:00:00+00:00,20529
2019-06-16 03:00:00+00:00,20222.71429
2019-06-16 04:00:00+00:00,20176.4
2019-06-16 05:00:00+00:00,20009
2019-06-16 06:00:00+00:00,21246.42857
2019-06-16 07:00:00+00:00,22992.6
2019-06-16 08:00:00+00:00,24307.83333
2019-06-16 09:00:00+00:00,25376.85714
2019-06-16 10:00:00+00:00,25736.8
2019-06-16 11:00:00+00:00,25954
2019-06-16 12:00:00+00:00,25770.71429
2019-06-16 13:00:00+00:00,24664
2019-06-16 14:00:00+00:00,23979.83333
2019-06-16 15:00:00+00:00,23770.71429
2019-06-16 16:00:00+00:00,23858.8
2019-06-16 17:00:00+00:00,24284.16667
2019-06-16 18:00:00+00:00,25096.71429
2019-06-16 19:00:00+00:00,26201.2
2019-06-16 20:00:00+00:00,26876.66667
2019-06-16 21:00:00+00:00,25255.42857
2019-06-16 22:00:00+00:00,23657.6
2019-06-16 23:00:00+00:00,22545.66667
2019-06-17 00:00:00+00:00,21497
2019-06-17 01:00:00+00:00,20929
2019-06-17 02:00:00+00:00,20932.5
2019-06-17 03:00:00+00:00,21939.85714
2019-06-17 04:00:00+00:00,24023.8
2019-06-17 05:00:00+00:00,26385.16667
2019-06-17 06:00:00+00:00,28951.14286
2019-06-17 07:00:00+00:00,30578
2019-06-17 08:00:00+00:00,31328.33333
2019-06-17 09:00:00+00:00,31758.85714
2019-06-17 10:00:00+00:00,32240
2019-06-17 11:00:00+00:00,32585.83333
2019-06-17 12:00:00+00:00,31710.57143
2019-06-17 13:00:00+00:00,31137
2019-06-17 14:00:00+00:00,30943.33333
2019-06-17 15:00:00+00:00,30939.28571
2019-06-17 16:00:00+00:00,30632.2
2019-06-17 17:00:00+00:00,30496.16667
2019-06-17 18:00:00+00:00,30520.28571
2019-06-17 19:00:00+00:00,30606.6
2019-06-17 20:00:00+00:00,29813.5
2019-06-17 21:00:00+00:00,27278
2019-06-17 22:00:00+00:00,26156.8
2019-06-17 23:00:00+00:00,24971.66667
2019-06-18 00:00:00+00:00,23782.42857
2019-06-18 01:00:00+00:00,23550.2
2019-06-18 02:00:00+00:00,23336.83333
2019-06-18 03:00:00+00:00,23726.28571
2019-06-18 04:00:00+00:00,25275.4
2019-06-18 05:00:00+00:00,27277.33333
2019-06-18 06:00:00+00:00,29585.71429
2019-06-18 07:00:00+00:00,31063.6
2019-06-18 08:00:00+00:00,31875.66667
2019-06-18 09:00:00+00:00,32305.57143
2019-06-18 10:00:00+00:00,32981.6
2019-06-18 11:00:00+00:00,33131.5
2019-06-18 12:00:00+00:00,32270
2019-06-18 13:00:00+00:00,31667.2
2019-06-18 14:00:00+00:00,31526.16667
2019-06-18 15:00:00+00:00,31371.28571
2019-06-18 16:00:00+00:00,31088.2
2019-06-18 17:00:00+00:00,30713.16667
2019-06-18 18:00:00+00:00,30672
2019-06-18 19:00:00+00:00,30661.8
2019-06-18 20:00:00+00:00,29933.33333
2019-06-18 21:00:00+00:00,27384.28571
2019-06-18 22:00:00+00:00,26407.6
2019-06-18 23:00:00+00:00,24985
2019-06-19 00:00:00+00:00,24114.42857
2019-06-19 01:00:00+00:00,23678.8
2019-06-19 02:00:00+00:00,23461
2019-06-19 03:00:00+00:00,23936.85714
2019-06-19 04:00:00+00:00,25557.6
2019-06-19 05:00:00+00:00,27699.16667
2019-06-19 06:00:00+00:00,29884.57143
2019-06-19 07:00:00+00:00,31408.6
2019-06-19 08:00:00+00:00,32107.33333
2019-06-19 09:00:00+00:00,32557.85714
2019-06-19 10:00:00+00:00,33359.8
2019-06-19 11:00:00+00:00,33395.66667
2019-06-19 12:00:00+00:00,32485.57143
2019-06-19 13:00:00+00:00,31845.6
2019-06-19 14:00:00+00:00,31737.16667
2019-06-19 15:00:00+00:00,31659.85714
2019-06-19 16:00:00+00:00,31358.6
2019-06-19 17:00:00+00:00,31128.16667
2019-06-19 18:00:00+00:00,30881.85714
2019-06-19 19:00:00+00:00,30648.4
2019-06-19 20:00:00+00:00,29885.83333
2019-06-19 21:00:00+00:00,27469.28571
2019-06-19 22:00:00+00:00,26641.2
2019-06-19 23:00:00+00:00,25210.5
2019-06-20 00:00:00+00:00,24134
2019-06-20 01:00:00+00:00,23776.8
2019-06-20 02:00:00+00:00,23606.33333
2019-06-20 03:00:00+00:00,23930.14286
2019-06-20 04:00:00+00:00,25262.8
2019-06-20 05:00:00+00:00,27332.66667
2019-06-20 06:00:00+00:00,29249.57143
2019-06-20 07:00:00+00:00,30822
2019-06-20 08:00:00+00:00,31532.16667
2019-06-20 09:00:00+00:00,32160
2019-06-20 10:00:00+00:00,32787
2019-06-20 11:00:00+00:00,32961.66667
2019-06-20 12:00:00+00:00,31980.42857
2019-06-20 13:00:00+00:00,31308.8
2019-06-20 14:00:00+00:00,31087.5
2019-06-20 15:00:00+00:00,30890.42857
2019-06-20 16:00:00+00:00,30413.4
2019-06-20 17:00:00+00:00,30280.16667
2019-06-20 18:00:00+00:00,30137.71429
2019-06-20 19:00:00+00:00,30135.2
2019-06-20 20:00:00+00:00,29517.16667
2019-06-20 21:00:00+00:00,27262.57143
2019-06-20 22:00:00+00:00,26491
2019-06-20 23:00:00+00:00,25160.16667
2019-06-21 00:00:00+00:00,23988.14286
2019-06-21 01:00:00+00:00,23591.6
2019-06-21 02:00:00+00:00,23498
2019-06-21 03:00:00+00:00,23802.85714
2019-06-21 04:00:00+00:00,25378.2
2019-06-21 05:00:00+00:00,27440.83333
2019-06-21 06:00:00+00:00,29472
2019-06-21 07:00:00+00:00,30973.8
2019-06-21 08:00:00+00:00,31728.83333
2019-06-21 09:00:00+00:00,32289
2019-06-21 10:00:00+00:00,32751.6
2019-06-21 11:00:00+00:00,32855.83333
2019-06-21 12:00:00+00:00,31777
2019-06-21 13:00:00+00:00,31052.6
2019-06-21 14:00:00+00:00,30750.16667
2019-06-21 15:00:00+00:00,30637.14286
2019-06-21 16:00:00+00:00,30225.2
2019-06-21 17:00:00+00:00,30030
2019-06-21 18:00:00+00:00,29675.42857
2019-06-21 19:00:00+00:00,29327.4
2019-06-21 20:00:00+00:00,28857.5
2019-06-21 21:00:00+00:00,26874.57143
2019-06-21 22:00:00+00:00,26187.8
2019-06-21 23:00:00+00:00,24908.33333
2019-06-22 00:00:00+00:00,23718.28571
2019-06-22 01:00:00+00:00,23115.2
2019-06-22 02:00:00+00:00,22829.33333
2019-06-22 03:00:00+00:00,22571.14286
2019-06-22 04:00:00+00:00,22508.4
2019-06-22 05:00:00+00:00,22933
2019-06-22 06:00:00+00:00,24779.28571
2019-06-22 07:00:00+00:00,26964.4
2019-06-22 08:00:00+00:00,28534.16667
2019-06-22 09:00:00+00:00,29271.71429
2019-06-22 10:00:00+00:00,29490.2
2019-06-22 11:00:00+00:00,29744.5
2019-06-22 12:00:00+00:00,29217.28571
2019-06-22 13:00:00+00:00,28070.2
2019-06-22 14:00:00+00:00,27200.83333
2019-06-22 15:00:00+00:00,27141.42857
2019-06-22 16:00:00+00:00,26891.2
2019-06-22 17:00:00+00:00,27026.66667
2019-06-22 18:00:00+00:00,27148.14286
2019-06-22 19:00:00+00:00,27560
2019-06-22 20:00:00+00:00,27848.16667
2019-06-22 21:00:00+00:00,25991.57143
2019-06-22 22:00:00+00:00,24303.4
2019-06-22 23:00:00+00:00,23186.66667
2019-06-23 00:00:00+00:00,21936.28571
2019-06-23 01:00:00+00:00,21386
2019-06-23 02:00:00+00:00,20985.16667
2019-06-23 03:00:00+00:00,20814.71429
2019-06-23 04:00:00+00:00,20678
2019-06-23 05:00:00+00:00,20460.66667
2019-06-23 06:00:00+00:00,21886.42857
2019-06-23 07:00:00+00:00,23566.6
2019-06-23 08:00:00+00:00,25102.66667
2019-06-23 09:00:00+00:00,25986
2019-06-23 10:00:00+00:00,26549.4
2019-06-23 11:00:00+00:00,27055.33333
2019-06-23 12:00:00+00:00,27165.42857
2019-06-23 13:00:00+00:00,26118.6
2019-06-23 14:00:00+00:00,25678.16667
2019-06-23 15:00:00+00:00,25562.85714
2019-06-23 16:00:00+00:00,25391.4
2019-06-23 17:00:00+00:00,25584.33333
2019-06-23 18:00:00+00:00,26146.85714
2019-06-23 19:00:00+00:00,26605.4
2019-06-23 20:00:00+00:00,27291
2019-06-23 21:00:00+00:00,25946.57143
2019-06-23 22:00:00+00:00,24470.8
2019-06-23 23:00:00+00:00,23306.83333
2019-06-24 00:00:00+00:00,22256
2019-06-24 01:00:00+00:00,21698.4
2019-06-24 02:00:00+00:00,21466.16667
2019-06-24 03:00:00+00:00,21745.71429
2019-06-24 04:00:00+00:00,22923.6
2019-06-24 05:00:00+00:00,24377.83333
2019-06-24 06:00:00+00:00,26086.14286
2019-06-24 07:00:00+00:00,27934
2019-06-24 08:00:00+00:00,28930.66667
2019-06-24 09:00:00+00:00,29590.42857
2019-06-24 10:00:00+00:00,30250.6
2019-06-24 11:00:00+00:00,30610.5
2019-06-24 12:00:00+00:00,30261.57143
2019-06-24 13:00:00+00:00,29282.4
2019-06-24 14:00:00+00:00,28990
2019-06-24 15:00:00+00:00,29065.42857
2019-06-24 16:00:00+00:00,28934.8
2019-06-24 17:00:00+00:00,28993
2019-06-24 18:00:00+00:00,29061.85714
2019-06-24 19:00:00+00:00,29195.2
2019-06-24 20:00:00+00:00,29280
2019-06-24 21:00:00+00:00,27141.14286
2019-06-24 22:00:00+00:00,26271.2
2019-06-24 23:00:00+00:00,24864.16667
2019-06-25 00:00:00+00:00,23934.85714
2019-06-25 01:00:00+00:00,23416.4
2019-06-25 02:00:00+00:00,23389.16667
2019-06-25 03:00:00+00:00,23870
2019-06-25 04:00:00+00:00,25786.6
2019-06-25 05:00:00+00:00,27830.66667
2019-06-25 06:00:00+00:00,30105
2019-06-25 07:00:00+00:00,32081
2019-06-25 08:00:00+00:00,33093.16667
2019-06-25 09:00:00+00:00,33712.57143
2019-06-25 10:00:00+00:00,34650.4
2019-06-25 11:00:00+00:00,34943.33333
2019-06-25 12:00:00+00:00,34099.42857
2019-06-25 13:00:00+00:00,33709
2019-06-25 14:00:00+00:00,33728.66667
2019-06-25 15:00:00+00:00,33764.14286
2019-06-25 16:00:00+00:00,33285
2019-06-25 17:00:00+00:00,32920.33333
2019-06-25 18:00:00+00:00,32529.57143
2019-06-25 19:00:00+00:00,32177
2019-06-25 20:00:00+00:00,31496.83333
2019-06-25 21:00:00+00:00,29188.85714
2019-06-25 22:00:00+00:00,27921.2
2019-06-25 23:00:00+00:00,26452.33333
2019-06-26 00:00:00+00:00,25404.14286
2019-06-26 01:00:00+00:00,24840
2019-06-26 02:00:00+00:00,24597
2019-06-26 03:00:00+00:00,25007.42857
2019-06-26 04:00:00+00:00,26528.8
2019-06-26 05:00:00+00:00,28546.83333
2019-06-26 06:00:00+00:00,31057
2019-06-26 07:00:00+00:00,33177.4
2019-06-26 08:00:00+00:00,34182.16667
2019-06-26 09:00:00+00:00,34864.85714
2019-06-26 10:00:00+00:00,35678.8
2019-06-26 11:00:00+00:00,36050.83333
2019-06-26 12:00:00+00:00,35483.71429
2019-06-26 13:00:00+00:00,34850.8
2019-06-26 14:00:00+00:00,34866
2019-06-26 15:00:00+00:00,34884
2019-06-26 16:00:00+00:00,34311.4
2019-06-26 17:00:00+00:00,33961.33333
2019-06-26 18:00:00+00:00,33389.14286
2019-06-26 19:00:00+00:00,33015.2
2019-06-26 20:00:00+00:00,32399.5
2019-06-26 21:00:00+00:00,29920.85714
2019-06-26 22:00:00+00:00,28548.8
2019-06-26 23:00:00+00:00,26936.83333
2019-06-27 00:00:00+00:00,25517
2019-06-27 01:00:00+00:00,24883
2019-06-27 02:00:00+00:00,24684.16667
2019-06-27 03:00:00+00:00,25044
2019-06-27 04:00:00+00:00,26699.6
2019-06-27 05:00:00+00:00,28695.83333
2019-06-27 06:00:00+00:00,31228.14286
2019-06-27 07:00:00+00:00,33404.4
2019-06-27 08:00:00+00:00,34494.5
2019-06-27 09:00:00+00:00,35400
2019-06-27 10:00:00+00:00,36303.6
2019-06-27 11:00:00+00:00,36916.5
2019-06-27 12:00:00+00:00,36525.57143
2019-06-27 13:00:00+00:00,36106.6
2019-06-27 14:00:00+00:00,36155.33333
2019-06-27 15:00:00+00:00,36188.71429
2019-06-27 16:00:00+00:00,35712.2
2019-06-27 17:00:00+00:00,35190.83333
2019-06-27 18:00:00+00:00,34441.28571
2019-06-27 19:00:00+00:00,33789.6
2019-06-27 20:00:00+00:00,33338.5
2019-06-27 21:00:00+00:00,30753.57143
2019-06-27 22:00:00+00:00,29193.8
2019-06-27 23:00:00+00:00,27428.33333
2019-06-28 00:00:00+00:00,25942.14286
2019-06-28 01:00:00+00:00,25305.8
2019-06-28 02:00:00+00:00,25174.33333
2019-06-28 03:00:00+00:00,25385.71429
2019-06-28 04:00:00+00:00,26972.4
2019-06-28 05:00:00+00:00,29004.83333
2019-06-28 06:00:00+00:00,31348.42857
2019-06-28 07:00:00+00:00,33654.4
2019-06-28 08:00:00+00:00,35141.33333
2019-06-28 09:00:00+00:00,36166.14286
2019-06-28 10:00:00+00:00,37345.4
2019-06-28 11:00:00+00:00,37930.66667
2019-06-28 12:00:00+00:00,37366.42857
2019-06-28 13:00:00+00:00,36933.8
2019-06-28 14:00:00+00:00,36753.5
2019-06-28 15:00:00+00:00,36536
2019-06-28 16:00:00+00:00,35946.6
2019-06-28 17:00:00+00:00,35634.66667
2019-06-28 18:00:00+00:00,34732.85714
2019-06-28 19:00:00+00:00,33825.8
2019-06-28 20:00:00+00:00,33101.33333
2019-06-28 21:00:00+00:00,30786.28571
2019-06-28 22:00:00+00:00,29719.6
2019-06-28 23:00:00+00:00,27994.5
2019-06-29 00:00:00+00:00,26362.85714
2019-06-29 01:00:00+00:00,25500.2
2019-06-29 02:00:00+00:00,24839.33333
2019-06-29 03:00:00+00:00,24539.57143
2019-06-29 04:00:00+00:00,24171.8
2019-06-29 05:00:00+00:00,24464.5
2019-06-29 06:00:00+00:00,26512.42857
2019-06-29 07:00:00+00:00,28883.6
2019-06-29 08:00:00+00:00,30799.16667
2019-06-29 09:00:00+00:00,31993
2019-06-29 10:00:00+00:00,32991.2
2019-06-29 11:00:00+00:00,33648.16667
2019-06-29 12:00:00+00:00,33522.85714
2019-06-29 13:00:00+00:00,32871.6
2019-06-29 14:00:00+00:00,32200.33333
2019-06-29 15:00:00+00:00,32010.14286
2019-06-29 16:00:00+00:00,31965.8
2019-06-29 17:00:00+00:00,31728
2019-06-29 18:00:00+00:00,31381.28571
2019-06-29 19:00:00+00:00,31319
2019-06-29 20:00:00+00:00,31171.16667
2019-06-29 21:00:00+00:00,29420.28571
2019-06-29 22:00:00+00:00,27559.6
2019-06-29 23:00:00+00:00,25880
2019-06-30 00:00:00+00:00,24450.85714
2019-06-30 01:00:00+00:00,23523.8
2019-06-30 02:00:00+00:00,22877.83333
2019-06-30 03:00:00+00:00,22643.42857
2019-06-30 04:00:00+00:00,22369.8
2019-06-30 05:00:00+00:00,22208.83333
2019-06-30 06:00:00+00:00,23481.28571
2019-06-30 07:00:00+00:00,25220.6
2019-06-30 08:00:00+00:00,26861.16667
2019-06-30 09:00:00+00:00,28325.57143
2019-06-30 10:00:00+00:00,29231.4
2019-06-30 11:00:00+00:00,30005
2019-06-30 12:00:00+00:00,30628.57143
2019-06-30 13:00:00+00:00,30155.8
2019-06-30 14:00:00+00:00,29707.16667
2019-06-30 15:00:00+00:00,29637.42857
2019-06-30 16:00:00+00:00,29617.4
2019-06-30 17:00:00+00:00,29848.33333
2019-06-30 18:00:00+00:00,30264.57143
2019-06-30 19:00:00+00:00,30771.6
2019-06-30 20:00:00+00:00,31569.16667
2019-06-30 21:00:00+00:00,29774.71429
2019-06-30 22:00:00+00:00,27581.6
2019-06-30 23:00:00+00:00,25977.16667
2019-07-01 00:00:00+00:00,24489.14286
2019-07-01 01:00:00+00:00,23979.4
2019-07-01 02:00:00+00:00,23775.33333
2019-07-01 03:00:00+00:00,24125.14286
2019-07-01 04:00:00+00:00,26262.6
2019-07-01 05:00:00+00:00,28432.83333
2019-07-01 06:00:00+00:00,30914.57143
2019-07-01 07:00:00+00:00,32763.6
2019-07-01 08:00:00+00:00,34336.5
2019-07-01 09:00:00+00:00,35085.42857
2019-07-01 10:00:00+00:00,36347.6
2019-07-01 11:00:00+00:00,36996.16667
2019-07-01 12:00:00+00:00,36718.57143
2019-07-01 13:00:00+00:00,36435
2019-07-01 14:00:00+00:00,36346.33333
2019-07-01 15:00:00+00:00,36232.71429
2019-07-01 16:00:00+00:00,35448.6
2019-07-01 17:00:00+00:00,34892.66667
2019-07-01 18:00:00+00:00,34203.42857
2019-07-01 19:00:00+00:00,33730
2019-07-01 20:00:00+00:00,32749.66667
2019-07-01 21:00:00+00:00,30246
2019-07-01 22:00:00+00:00,28722.8
2019-07-01 23:00:00+00:00,27072.66667
2019-07-02 00:00:00+00:00,25813.14286
2019-07-02 01:00:00+00:00,25192.2
2019-07-02 02:00:00+00:00,25024.83333
2019-07-02 03:00:00+00:00,25259.28571
2019-07-02 04:00:00+00:00,26930.6
2019-07-02 05:00:00+00:00,29029.16667
2019-07-02 06:00:00+00:00,31509.85714
2019-07-02 07:00:00+00:00,33653.6
2019-07-02 08:00:00+00:00,34799.16667
2019-07-02 09:00:00+00:00,35625.14286
2019-07-02 10:00:00+00:00,36445
2019-07-02 11:00:00+00:00,36950
2019-07-02 12:00:00+00:00,36535
2019-07-02 13:00:00+00:00,36148.2
2019-07-02 14:00:00+00:00,36154.33333
2019-07-02 15:00:00+00:00,35918.14286
2019-07-02 16:00:00+00:00,35255.8
2019-07-02 17:00:00+00:00,34804
2019-07-02 18:00:00+00:00,34123.85714
2019-07-02 19:00:00+00:00,33864.2
2019-07-02 20:00:00+00:00,33207
2019-07-02 21:00:00+00:00,30627.14286
2019-07-02 22:00:00+00:00,29089.6
2019-07-02 23:00:00+00:00,27417.5
2019-07-03 00:00:00+00:00,26064.42857
2019-07-03 01:00:00+00:00,25357
2019-07-03 02:00:00+00:00,25192.5
2019-07-03 03:00:00+00:00,25510.71429
2019-07-03 04:00:00+00:00,27185.8
2019-07-03 05:00:00+00:00,29173.16667
2019-07-03 06:00:00+00:00,31712.57143
2019-07-03 07:00:00+00:00,33675
2019-07-03 08:00:00+00:00,34699.83333
2019-07-03 09:00:00+00:00,35523
2019-07-03 10:00:00+00:00,36510.4
2019-07-03 11:00:00+00:00,37050.5
2019-07-03 12:00:00+00:00,36396.42857
2019-07-03 13:00:00+00:00,35824.8
2019-07-03 14:00:00+00:00,35649.5
2019-07-03 15:00:00+00:00,35469.57143
2019-07-03 16:00:00+00:00,34734.8
2019-07-03 17:00:00+00:00,34433.16667
2019-07-03 18:00:00+00:00,33885.85714
2019-07-03 19:00:00+00:00,33629.6
2019-07-03 20:00:00+00:00,32979.5
2019-07-03 21:00:00+00:00,30305.57143
2019-07-03 22:00:00+00:00,28897.8
2019-07-03 23:00:00+00:00,27168.5
2019-07-04 00:00:00+00:00,25927.28571
2019-07-04 01:00:00+00:00,25284.8
2019-07-04 02:00:00+00:00,25186.33333
2019-07-04 03:00:00+00:00,25417.85714
2019-07-04 04:00:00+00:00,26920
2019-07-04 05:00:00+00:00,28947.33333
2019-07-04 06:00:00+00:00,31407.14286
2019-07-04 07:00:00+00:00,33582.2
2019-07-04 08:00:00+00:00,34588.16667
2019-07-04 09:00:00+00:00,35278.14286
2019-07-04 10:00:00+00:00,36283.8
2019-07-04 11:00:00+00:00,36720.83333
2019-07-04 12:00:00+00:00,36058.28571
2019-07-04 13:00:00+00:00,35670.8
2019-07-04 14:00:00+00:00,35601.83333
2019-07-04 15:00:00+00:00,35585.28571
2019-07-04 16:00:00+00:00,35052.6
2019-07-04 17:00:00+00:00,34802.16667
2019-07-04 18:00:00+00:00,34172.28571
2019-07-04 19:00:00+00:00,33725.4
2019-07-04 20:00:00+00:00,33089
2019-07-04 21:00:00+00:00,30711.42857
2019-07-04 22:00:00+00:00,29298.4
2019-07-04 23:00:00+00:00,27685
2019-07-05 00:00:00+00:00,26210.28571
2019-07-05 01:00:00+00:00,25631.6
2019-07-05 02:00:00+00:00,25391.66667
2019-07-05 03:00:00+00:00,25626.42857
2019-07-05 04:00:00+00:00,27264.8
2019-07-05 05:00:00+00:00,29135.66667
2019-07-05 06:00:00+00:00,31697.28571
2019-07-05 07:00:00+00:00,33849.8
2019-07-05 08:00:00+00:00,35088.5
2019-07-05 09:00:00+00:00,35765
2019-07-05 10:00:00+00:00,36781.2
2019-07-05 11:00:00+00:00,37116.16667
2019-07-05 12:00:00+00:00,36350.57143
2019-07-05 13:00:00+00:00,35531.2
2019-07-05 14:00:00+00:00,35365.83333
2019-07-05 15:00:00+00:00,35187.14286
2019-07-05 16:00:00+00:00,34650.6
2019-07-05 17:00:00+00:00,34155.33333
2019-07-05 18:00:00+00:00,33481.42857
2019-07-05 19:00:00+00:00,32720
2019-07-05 20:00:00+00:00,32053.5
2019-07-05 21:00:00+00:00,30014.71429
2019-07-05 22:00:00+00:00,28920.4
2019-07-05 23:00:00+00:00,27504.33333
2019-07-06 00:00:00+00:00,26106.42857
2019-07-06 01:00:00+00:00,25247
2019-07-06 02:00:00+00:00,24834.5
2019-07-06 03:00:00+00:00,24408.42857
2019-07-06 04:00:00+00:00,24473.8
2019-07-06 05:00:00+00:00,24772
2019-07-06 06:00:00+00:00,26331.42857
2019-07-06 07:00:00+00:00,28456.2
2019-07-06 08:00:00+00:00,30106.5
2019-07-06 09:00:00+00:00,31320.57143
2019-07-06 10:00:00+00:00,32035.6
2019-07-06 11:00:00+00:00,32632.33333
2019-07-06 12:00:00+00:00,32344.28571
2019-07-06 13:00:00+00:00,31587.8
2019-07-06 14:00:00+00:00,31065.33333
2019-07-06 15:00:00+00:00,30718.85714
2019-07-06 16:00:00+00:00,30412.4
2019-07-06 17:00:00+00:00,30405
2019-07-06 18:00:00+00:00,30271.14286
2019-07-06 19:00:00+00:00,30525.2
2019-07-06 20:00:00+00:00,30120.33333
2019-07-06 21:00:00+00:00,28347.42857
2019-07-06 22:00:00+00:00,26734.6
2019-07-06 23:00:00+00:00,25364.33333
2019-07-07 00:00:00+00:00,23888
2019-07-07 01:00:00+00:00,22978.2
2019-07-07 02:00:00+00:00,22667.5
2019-07-07 03:00:00+00:00,22334.14286
2019-07-07 04:00:00+00:00,22240.4
2019-07-07 05:00:00+00:00,21998.83333
2019-07-07 06:00:00+00:00,23132.14286
2019-07-07 07:00:00+00:00,24944.6
2019-07-07 08:00:00+00:00,26462.66667
2019-07-07 09:00:00+00:00,27840
2019-07-07 10:00:00+00:00,28768
2019-07-07 11:00:00+00:00,29513.33333
2019-07-07 12:00:00+00:00,29861.57143
2019-07-07 13:00:00+00:00,29328.4
2019-07-07 14:00:00+00:00,28764.33333
2019-07-07 15:00:00+00:00,28397
2019-07-07 16:00:00+00:00,28254.6
2019-07-07 17:00:00+00:00,28366.66667
2019-07-07 18:00:00+00:00,28814.42857
2019-07-07 19:00:00+00:00,29535
2019-07-07 20:00:00+00:00,30345.16667
2019-07-07 21:00:00+00:00,28638.14286
2019-07-07 22:00:00+00:00,26866.4
2019-07-07 23:00:00+00:00,25427.66667
2019-07-08 00:00:00+00:00,24406.85714
2019-07-08 01:00:00+00:00,23635.2
2019-07-08 02:00:00+00:00,23493.5
2019-07-08 03:00:00+00:00,24052
2019-07-08 04:00:00+00:00,26315
2019-07-08 05:00:00+00:00,28579
2019-07-08 06:00:00+00:00,31290.85714
2019-07-08 07:00:00+00:00,33480
2019-07-08 08:00:00+00:00,34357.83333
2019-07-08 09:00:00+00:00,34988.57143
2019-07-08 10:00:00+00:00,35729
2019-07-08 11:00:00+00:00,35902
2019-07-08 12:00:00+00:00,34944.85714
2019-07-08 13:00:00+00:00,34103.6
2019-07-08 14:00:00+00:00,33674.33333
2019-07-08 15:00:00+00:00,33531.85714
2019-07-08 16:00:00+00:00,32962.4
2019-07-08 17:00:00+00:00,32629
2019-07-08 18:00:00+00:00,32270.42857
2019-07-08 19:00:00+00:00,32080.4
2019-07-08 20:00:00+00:00,31309.83333
2019-07-08 21:00:00+00:00,28736.14286
2019-07-08 22:00:00+00:00,27424.2
2019-07-08 23:00:00+00:00,26046.33333
2019-07-09 00:00:00+00:00,24982.42857
2019-07-09 01:00:00+00:00,24445.4
2019-07-09 02:00:00+00:00,24382.5
2019-07-09 03:00:00+00:00,24729.71429
2019-07-09 04:00:00+00:00,26369.6
2019-07-09 05:00:00+00:00,28212.16667
2019-07-09 06:00:00+00:00,30260.85714
2019-07-09 07:00:00+00:00,32202.6
2019-07-09 08:00:00+00:00,33250.33333
2019-07-09 09:00:00+00:00,33935.57143
2019-07-09 10:00:00+00:00,34670.4
2019-07-09 11:00:00+00:00,34973.66667
2019-07-09 12:00:00+00:00,34291
2019-07-09 13:00:00+00:00,33352
2019-07-09 14:00:00+00:00,33235.66667
2019-07-09 15:00:00+00:00,33095.71429
2019-07-09 16:00:00+00:00,32688.4
2019-07-09 17:00:00+00:00,32349.83333
2019-07-09 18:00:00+00:00,32077.28571
2019-07-09 19:00:00+00:00,31977.6
2019-07-09 20:00:00+00:00,31464.5
2019-07-09 21:00:00+00:00,29115.28571
2019-07-09 22:00:00+00:00,27821.6
2019-07-09 23:00:00+00:00,26351.33333
2019-07-10 00:00:00+00:00,25234.57143
2019-07-10 01:00:00+00:00,24636.8
2019-07-10 02:00:00+00:00,24329
2019-07-10 03:00:00+00:00,24685.42857
2019-07-10 04:00:00+00:00,26378.2
2019-07-10 05:00:00+00:00,28141.66667
2019-07-10 06:00:00+00:00,30398.28571
2019-07-10 07:00:00+00:00,32242.8
2019-07-10 08:00:00+00:00,33273.5
2019-07-10 09:00:00+00:00,34169.71429
2019-07-10 10:00:00+00:00,35136.2
2019-07-10 11:00:00+00:00,35774.66667
2019-07-10 12:00:00+00:00,35322.57143
2019-07-10 13:00:00+00:00,34802
2019-07-10 14:00:00+00:00,34598.33333
2019-07-10 15:00:00+00:00,34527.57143
2019-07-10 16:00:00+00:00,34111.6
2019-07-10 17:00:00+00:00,33738.83333
2019-07-10 18:00:00+00:00,33146.42857
2019-07-10 19:00:00+00:00,32886.2
2019-07-10 20:00:00+00:00,32271.83333
2019-07-10 21:00:00+00:00,29935.57143
2019-07-10 22:00:00+00:00,28618.2
2019-07-10 23:00:00+00:00,26975.66667
2019-07-11 00:00:00+00:00,25811.57143
2019-07-11 01:00:00+00:00,25261.6
2019-07-11 02:00:00+00:00,24907.83333
2019-07-11 03:00:00+00:00,25186
2019-07-11 04:00:00+00:00,26713.2
2019-07-11 05:00:00+00:00,28641
2019-07-11 06:00:00+00:00,31064.57143
2019-07-11 07:00:00+00:00,33486.4
2019-07-11 08:00:00+00:00,34818
2019-07-11 09:00:00+00:00,36016.14286
2019-07-11 10:00:00+00:00,37350.4
2019-07-11 11:00:00+00:00,37822.83333
2019-07-11 12:00:00+00:00,37109.57143
2019-07-11 13:00:00+00:00,36722.2
2019-07-11 14:00:00+00:00,36612.66667
2019-07-11 15:00:00+00:00,36596.85714
2019-07-11 16:00:00+00:00,36011.2
2019-07-11 17:00:00+00:00,35651.5
2019-07-11 18:00:00+00:00,34818.14286
2019-07-11 19:00:00+00:00,34346.4
2019-07-11 20:00:00+00:00,33768.16667
2019-07-11 21:00:00+00:00,31285.71429
2019-07-11 22:00:00+00:00,29911.6
2019-07-11 23:00:00+00:00,28123.5
2019-07-12 00:00:00+00:00,26506.57143
2019-07-12 01:00:00+00:00,25960.6
2019-07-12 02:00:00+00:00,25654
2019-07-12 03:00:00+00:00,25744.14286
2019-07-12 04:00:00+00:00,27445.2
2019-07-12 05:00:00+00:00,29322.66667
2019-07-12 06:00:00+00:00,31905
2019-07-12 07:00:00+00:00,34222.2
2019-07-12 08:00:00+00:00,35688.5
2019-07-12 09:00:00+00:00,36614.42857
2019-07-12 10:00:00+00:00,37889.4
2019-07-12 11:00:00+00:00,38624
2019-07-12 12:00:00+00:00,37939.28571
2019-07-12 13:00:00+00:00,37113.4
2019-07-12 14:00:00+00:00,36862.83333
2019-07-12 15:00:00+00:00,36438.14286
2019-07-12 16:00:00+00:00,35298.2
2019-07-12 17:00:00+00:00,34919.83333
2019-07-12 18:00:00+00:00,34329.28571
2019-07-12 19:00:00+00:00,33519.2
2019-07-12 20:00:00+00:00,32739.83333
2019-07-12 21:00:00+00:00,30439.42857
2019-07-12 22:00:00+00:00,29406.8
2019-07-12 23:00:00+00:00,27688
2019-07-13 00:00:00+00:00,26252.85714
2019-07-13 01:00:00+00:00,25273.2
2019-07-13 02:00:00+00:00,24927.66667
2019-07-13 03:00:00+00:00,24511.85714
2019-07-13 04:00:00+00:00,24610.6
2019-07-13 05:00:00+00:00,24673.66667
2019-07-13 06:00:00+00:00,26590.14286
2019-07-13 07:00:00+00:00,28793.8
2019-07-13 08:00:00+00:00,30581.83333
2019-07-13 09:00:00+00:00,31715.14286
2019-07-13 10:00:00+00:00,32498.6
2019-07-13 11:00:00+00:00,32830.83333
2019-07-13 12:00:00+00:00,32604.42857
2019-07-13 13:00:00+00:00,31891.4
2019-07-13 14:00:00+00:00,31212.83333
2019-07-13 15:00:00+00:00,30819.14286
2019-07-13 16:00:00+00:00,30574
2019-07-13 17:00:00+00:00,30324.33333
2019-07-13 18:00:00+00:00,30006.85714
2019-07-13 19:00:00+00:00,29900.6
2019-07-13 20:00:00+00:00,29739.16667
2019-07-13 21:00:00+00:00,28022.85714
2019-07-13 22:00:00+00:00,26403.2
2019-07-13 23:00:00+00:00,24910
2019-07-14 00:00:00+00:00,23753.28571
2019-07-14 01:00:00+00:00,22939.2
2019-07-14 02:00:00+00:00,22479.83333
2019-07-14 03:00:00+00:00,22088.71429
2019-07-14 04:00:00+00:00,21978.6
2019-07-14 05:00:00+00:00,21625
2019-07-14 06:00:00+00:00,22823.28571
2019-07-14 07:00:00+00:00,24596.4
2019-07-14 08:00:00+00:00,26088.16667
2019-07-14 09:00:00+00:00,27150.85714
2019-07-14 10:00:00+00:00,27950
2019-07-14 11:00:00+00:00,28498.33333
2019-07-14 12:00:00+00:00,28806.85714
2019-07-14 13:00:00+00:00,28142
2019-07-14 14:00:00+00:00,27552.83333
2019-07-14 15:00:00+00:00,27481
2019-07-14 16:00:00+00:00,27560.4
2019-07-14 17:00:00+00:00,27726.66667
2019-07-14 18:00:00+00:00,27976.71429
2019-07-14 19:00:00+00:00,28746.2
2019-07-14 20:00:00+00:00,29833
2019-07-14 21:00:00+00:00,28307.71429
2019-07-14 22:00:00+00:00,26489.6
2019-07-14 23:00:00+00:00,25104.66667
2019-07-15 00:00:00+00:00,23780.14286
2019-07-15 01:00:00+00:00,23185.4
2019-07-15 02:00:00+00:00,22950.66667
2019-07-15 03:00:00+00:00,23560.71429
2019-07-15 04:00:00+00:00,25819
2019-07-15 05:00:00+00:00,27897.83333
2019-07-15 06:00:00+00:00,30619.14286
2019-07-15 07:00:00+00:00,32908.8
2019-07-15 08:00:00+00:00,34236.66667
2019-07-15 09:00:00+00:00,35167.57143
2019-07-15 10:00:00+00:00,36259.6
2019-07-15 11:00:00+00:00,36853.33333
2019-07-15 12:00:00+00:00,36463.28571
2019-07-15 13:00:00+00:00,35965.6
2019-07-15 14:00:00+00:00,35968.5
2019-07-15 15:00:00+00:00,35848.42857
2019-07-15 16:00:00+00:00,35154
2019-07-15 17:00:00+00:00,34698.5
2019-07-15 18:00:00+00:00,34011.28571
2019-07-15 19:00:00+00:00,33636
2019-07-15 20:00:00+00:00,33063.5
2019-07-15 21:00:00+00:00,30442.28571
2019-07-15 22:00:00+00:00,29008.6
2019-07-15 23:00:00+00:00,27471
2019-07-16 00:00:00+00:00,26028.57143
2019-07-16 01:00:00+00:00,25373
2019-07-16 02:00:00+00:00,25085.66667
2019-07-16 03:00:00+00:00,25291.42857
2019-07-16 04:00:00+00:00,27070
2019-07-16 05:00:00+00:00,28660.33333
2019-07-16 06:00:00+00:00,31101.71429
2019-07-16 07:00:00+00:00,33262.8
2019-07-16 08:00:00+00:00,34527
2019-07-16 09:00:00+00:00,35400
2019-07-16 10:00:00+00:00,36370
2019-07-16 11:00:00+00:00,36987.66667
2019-07-16 12:00:00+00:00,36589.85714
2019-07-16 13:00:00+00:00,36080.4
2019-07-16 14:00:00+00:00,35871.83333
2019-07-16 15:00:00+00:00,35591.71429
2019-07-16 16:00:00+00:00,34836.4
2019-07-16 17:00:00+00:00,34248.5
2019-07-16 18:00:00+00:00,33573.85714
2019-07-16 19:00:00+00:00,33156
2019-07-16 20:00:00+00:00,32386.33333
2019-07-16 21:00:00+00:00,30152.57143
2019-07-16 22:00:00+00:00,28657.8
2019-07-16 23:00:00+00:00,27089.5
2019-07-17 00:00:00+00:00,25673.28571
2019-07-17 01:00:00+00:00,25227.8
2019-07-17 02:00:00+00:00,24862.83333
2019-07-17 03:00:00+00:00,25157.42857
2019-07-17 04:00:00+00:00,26921.2
2019-07-17 05:00:00+00:00,28820
2019-07-17 06:00:00+00:00,31241.57143
2019-07-17 07:00:00+00:00,33310.2
2019-07-17 08:00:00+00:00,34340.16667
2019-07-17 09:00:00+00:00,35193.14286
2019-07-17 10:00:00+00:00,36100.8
2019-07-17 11:00:00+00:00,36624.5
2019-07-17 12:00:00+00:00,35957.14286
2019-07-17 13:00:00+00:00,35335.6
2019-07-17 14:00:00+00:00,35142
2019-07-17 15:00:00+00:00,34849.14286
2019-07-17 16:00:00+00:00,34190.4
2019-07-17 17:00:00+00:00,33541.66667
2019-07-17 18:00:00+00:00,32841.71429
2019-07-17 19:00:00+00:00,32468.8
2019-07-17 20:00:00+00:00,31808.66667
2019-07-17 21:00:00+00:00,29398.14286
2019-07-17 22:00:00+00:00,28118.2
2019-07-17 23:00:00+00:00,26651.16667
2019-07-18 00:00:00+00:00,25476.71429
2019-07-18 01:00:00+00:00,24917.2
2019-07-18 02:00:00+00:00,24614.16667
2019-07-18 03:00:00+00:00,25052.71429
2019-07-18 04:00:00+00:00,26679.6
2019-07-18 05:00:00+00:00,28500.66667
2019-07-18 06:00:00+00:00,30840.28571
2019-07-18 07:00:00+00:00,33040.6
2019-07-18 08:00:00+00:00,34185.66667
2019-07-18 09:00:00+00:00,35079.42857
2019-07-18 10:00:00+00:00,36163.2
2019-07-18 11:00:00+00:00,36776
2019-07-18 12:00:00+00:00,36374.14286
2019-07-18 13:00:00+00:00,35920.8
2019-07-18 14:00:00+00:00,35896.83333
2019-07-18 15:00:00+00:00,35594.14286
2019-07-18 16:00:00+00:00,35015.8
2019-07-18 17:00:00+00:00,34586.16667
2019-07-18 18:00:00+00:00,33905.57143
2019-07-18 19:00:00+00:00,33549.4
2019-07-18 20:00:00+00:00,32975.33333
2019-07-18 21:00:00+00:00,30643.57143
2019-07-18 22:00:00+00:00,29167
2019-07-18 23:00:00+00:00,27463.33333
2019-07-19 00:00:00+00:00,26079
2019-07-19 01:00:00+00:00,25443.8
2019-07-19 02:00:00+00:00,25191.33333
2019-07-19 03:00:00+00:00,25335
2019-07-19 04:00:00+00:00,27108.6
2019-07-19 05:00:00+00:00,28877.16667
2019-07-19 06:00:00+00:00,31289.28571
2019-07-19 07:00:00+00:00,33620.8
2019-07-19 08:00:00+00:00,34929.5
2019-07-19 09:00:00+00:00,35977.14286
2019-07-19 10:00:00+00:00,37038
2019-07-19 11:00:00+00:00,37710.33333
2019-07-19 12:00:00+00:00,37229.42857
2019-07-19 13:00:00+00:00,36518.4
2019-07-19 14:00:00+00:00,36251.5
2019-07-19 15:00:00+00:00,35999.71429
2019-07-19 16:00:00+00:00,35302.8
2019-07-19 17:00:00+00:00,34866.66667
2019-07-19 18:00:00+00:00,34124.14286
2019-07-19 19:00:00+00:00,33492.2
2019-07-19 20:00:00+00:00,32716.16667
2019-07-19 21:00:00+00:00,30560.85714
2019-07-19 22:00:00+00:00,29474.8
2019-07-19 23:00:00+00:00,27776.66667
2019-07-20 00:00:00+00:00,26218.42857
2019-07-20 01:00:00+00:00,25227.4
2019-07-20 02:00:00+00:00,24835.5
2019-07-20 03:00:00+00:00,24441.71429
2019-07-20 04:00:00+00:00,24626
2019-07-20 05:00:00+00:00,24640.83333
2019-07-20 06:00:00+00:00,26261.71429
2019-07-20 07:00:00+00:00,28683.4
2019-07-20 08:00:00+00:00,30602.5
2019-07-20 09:00:00+00:00,31718.57143
2019-07-20 10:00:00+00:00,32445.2
2019-07-20 11:00:00+00:00,33005.83333
2019-07-20 12:00:00+00:00,32935.85714
2019-07-20 13:00:00+00:00,32244.4
2019-07-20 14:00:00+00:00,31755
2019-07-20 15:00:00+00:00,31397.14286
2019-07-20 16:00:00+00:00,31110.4
2019-07-20 17:00:00+00:00,31025.5
2019-07-20 18:00:00+00:00,30944.14286
2019-07-20 19:00:00+00:00,31029.2
2019-07-20 20:00:00+00:00,30880.66667
2019-07-20 21:00:00+00:00,28888.57143
2019-07-20 22:00:00+00:00,27266.6
2019-07-20 23:00:00+00:00,25742.5
2019-07-21 00:00:00+00:00,24378.42857
2019-07-21 01:00:00+00:00,23514.2
2019-07-21 02:00:00+00:00,22998.66667
2019-07-21 03:00:00+00:00,22632.71429
2019-07-21 04:00:00+00:00,22570.8
2019-07-21 05:00:00+00:00,22226.83333
2019-07-21 06:00:00+00:00,23214.28571
2019-07-21 07:00:00+00:00,25044.2
2019-07-21 08:00:00+00:00,26472.66667
2019-07-21 09:00:00+00:00,27777.57143
2019-07-21 10:00:00+00:00,28799.8
2019-07-21 11:00:00+00:00,29719
2019-07-21 12:00:00+00:00,30403.57143
2019-07-21 13:00:00+00:00,30035.8
2019-07-21 14:00:00+00:00,29567.16667
2019-07-21 15:00:00+00:00,29300.42857
2019-07-21 16:00:00+00:00,29128.2
2019-07-21 17:00:00+00:00,29249.66667
2019-07-21 18:00:00+00:00,29431.57143
2019-07-21 19:00:00+00:00,30259.4
2019-07-21 20:00:00+00:00,31277.33333
2019-07-21 21:00:00+00:00,29660.28571
2019-07-21 22:00:00+00:00,27828.6
2019-07-21 23:00:00+00:00,26226.33333
2019-07-22 00:00:00+00:00,24888.57143
2019-07-22 01:00:00+00:00,24149.2
2019-07-22 02:00:00+00:00,23905.66667
2019-07-22 03:00:00+00:00,24270.42857
2019-07-22 04:00:00+00:00,26545
2019-07-22 05:00:00+00:00,28504.5
2019-07-22 06:00:00+00:00,31433.71429
2019-07-22 07:00:00+00:00,34172.6
2019-07-22 08:00:00+00:00,35619
2019-07-22 09:00:00+00:00,36851.14286
2019-07-22 10:00:00+00:00,38310.4
2019-07-22 11:00:00+00:00,39057.66667
2019-07-22 12:00:00+00:00,38910.85714
2019-07-22 13:00:00+00:00,38610.2
2019-07-22 14:00:00+00:00,38513.66667
2019-07-22 15:00:00+00:00,38206
2019-07-22 16:00:00+00:00,37420
2019-07-22 17:00:00+00:00,36750
2019-07-22 18:00:00+00:00,35981.14286
2019-07-22 19:00:00+00:00,35620.4
2019-07-22 20:00:00+00:00,34748.66667
2019-07-22 21:00:00+00:00,32109.42857
2019-07-22 22:00:00+00:00,30360.8
2019-07-22 23:00:00+00:00,28595
2019-07-23 00:00:00+00:00,27218.42857
2019-07-23 01:00:00+00:00,26451.4
2019-07-23 02:00:00+00:00,26036.5
2019-07-23 03:00:00+00:00,26318.42857
2019-07-23 04:00:00+00:00,28029
2019-07-23 05:00:00+00:00,29827
2019-07-23 06:00:00+00:00,32322.42857
2019-07-23 07:00:00+00:00,34853.4
2019-07-23 08:00:00+00:00,36403.83333
2019-07-23 09:00:00+00:00,37644.14286
2019-07-23 10:00:00+00:00,38928
2019-07-23 11:00:00+00:00,39687
2019-07-23 12:00:00+00:00,39441.42857
2019-07-23 13:00:00+00:00,39092
2019-07-23 14:00:00+00:00,38924.16667
2019-07-23 15:00:00+00:00,38719.71429
2019-07-23 16:00:00+00:00,38034.6
2019-07-23 17:00:00+00:00,37137.33333
2019-07-23 18:00:00+00:00,35913.57143
2019-07-23 19:00:00+00:00,35648.8
2019-07-23 20:00:00+00:00,34831.83333
2019-07-23 21:00:00+00:00,31989.85714
2019-07-23 22:00:00+00:00,30502.6
2019-07-23 23:00:00+00:00,28738.5
2019-07-24 00:00:00+00:00,27423
2019-07-24 01:00:00+00:00,26619
2019-07-24 02:00:00+00:00,26267.66667
2019-07-24 03:00:00+00:00,26382.42857
2019-07-24 04:00:00+00:00,28167.4
2019-07-24 05:00:00+00:00,29745.83333
2019-07-24 06:00:00+00:00,32213.42857
2019-07-24 07:00:00+00:00,34840.6
2019-07-24 08:00:00+00:00,36366.5
2019-07-24 09:00:00+00:00,37551
2019-07-24 10:00:00+00:00,38919.2
2019-07-24 11:00:00+00:00,39608.16667
2019-07-24 12:00:00+00:00,39349.71429
2019-07-24 13:00:00+00:00,38979
2019-07-24 14:00:00+00:00,38867.83333
2019-07-24 15:00:00+00:00,38656.28571
2019-07-24 16:00:00+00:00,37837.8
2019-07-24 17:00:00+00:00,37248.5
2019-07-24 18:00:00+00:00,36141.42857
2019-07-24 19:00:00+00:00,35748
2019-07-24 20:00:00+00:00,34861.33333
2019-07-24 21:00:00+00:00,32228.57143
2019-07-24 22:00:00+00:00,30658
2019-07-24 23:00:00+00:00,28758.33333
2019-07-25 00:00:00+00:00,27136.85714
2019-07-25 01:00:00+00:00,26405.6
2019-07-25 02:00:00+00:00,25948.83333
2019-07-25 03:00:00+00:00,26019.71429
2019-07-25 04:00:00+00:00,27462.2
2019-07-25 05:00:00+00:00,28809.5
2019-07-25 06:00:00+00:00,31024
2019-07-25 07:00:00+00:00,33406
2019-07-25 08:00:00+00:00,34912.16667
2019-07-25 09:00:00+00:00,36183.85714
2019-07-25 10:00:00+00:00,37578
2019-07-25 11:00:00+00:00,38321.5
2019-07-25 12:00:00+00:00,38012.28571
2019-07-25 13:00:00+00:00,37659.4
2019-07-25 14:00:00+00:00,37544.5
2019-07-25 15:00:00+00:00,37181.71429
2019-07-25 16:00:00+00:00,36456.6
2019-07-25 17:00:00+00:00,35694.66667
2019-07-25 18:00:00+00:00,34701.85714
2019-07-25 19:00:00+00:00,34260.2
2019-07-25 20:00:00+00:00,33610.16667
2019-07-25 21:00:00+00:00,31250.14286
2019-07-25 22:00:00+00:00,29766.8
2019-07-25 23:00:00+00:00,27977
2019-07-26 00:00:00+00:00,26632
2019-07-26 01:00:00+00:00,25958.8
2019-07-26 02:00:00+00:00,25605.16667
2019-07-26 03:00:00+00:00,25594.57143
2019-07-26 04:00:00+00:00,27442.2
2019-07-26 05:00:00+00:00,29121
2019-07-26 06:00:00+00:00,31284.85714
2019-07-26 07:00:00+00:00,33665.2
2019-07-26 08:00:00+00:00,34953.66667
2019-07-26 09:00:00+00:00,35838.57143
2019-07-26 10:00:00+00:00,36728.8
2019-07-26 11:00:00+00:00,37100
2019-07-26 12:00:00+00:00,36400.28571
2019-07-26 13:00:00+00:00,35484.8
2019-07-26 14:00:00+00:00,35212.66667
2019-07-26 15:00:00+00:00,34878.42857
2019-07-26 16:00:00+00:00,34108.4
2019-07-26 17:00:00+00:00,33442
2019-07-26 18:00:00+00:00,32639.71429
2019-07-26 19:00:00+00:00,32191.2
2019-07-26 20:00:00+00:00,31298
2019-07-26 21:00:00+00:00,29196.14286
2019-07-26 22:00:00+00:00,28337.6
2019-07-26 23:00:00+00:00,26879.5
2019-07-27 00:00:00+00:00,25405.14286
2019-07-27 01:00:00+00:00,24620.6
2019-07-27 02:00:00+00:00,24195.5
2019-07-27 03:00:00+00:00,23788.71429
2019-07-27 04:00:00+00:00,24014.4
2019-07-27 05:00:00+00:00,24179.33333
2019-07-27 06:00:00+00:00,25593.71429
2019-07-27 07:00:00+00:00,27673.8
2019-07-27 08:00:00+00:00,29107.83333
2019-07-27 09:00:00+00:00,29825.28571
2019-07-27 10:00:00+00:00,29992.4
2019-07-27 11:00:00+00:00,30369.16667
2019-07-27 12:00:00+00:00,30071.85714
2019-07-27 13:00:00+00:00,29249.6
2019-07-27 14:00:00+00:00,28746.83333
2019-07-27 15:00:00+00:00,28175.42857
2019-07-27 16:00:00+00:00,28045
2019-07-27 17:00:00+00:00,28110
2019-07-27 18:00:00+00:00,28259.71429
2019-07-27 19:00:00+00:00,28685
2019-07-27 20:00:00+00:00,28488.16667
2019-07-27 21:00:00+00:00,26678.85714
2019-07-27 22:00:00+00:00,25188.4
2019-07-27 23:00:00+00:00,23913
2019-07-28 00:00:00+00:00,22629.14286
2019-07-28 01:00:00+00:00,21912.2
2019-07-28 02:00:00+00:00,21592
2019-07-28 03:00:00+00:00,21262.71429
2019-07-28 04:00:00+00:00,21357.8
2019-07-28 05:00:00+00:00,20933.5
2019-07-28 06:00:00+00:00,21919.42857
2019-07-28 07:00:00+00:00,23582.8
2019-07-28 08:00:00+00:00,24806.66667
2019-07-28 09:00:00+00:00,25898.71429
2019-07-28 10:00:00+00:00,26577.4
2019-07-28 11:00:00+00:00,27046.16667
2019-07-28 12:00:00+00:00,27355
2019-07-28 13:00:00+00:00,26731.8
2019-07-28 14:00:00+00:00,26193.16667
2019-07-28 15:00:00+00:00,26010.57143
2019-07-28 16:00:00+00:00,25879.4
2019-07-28 17:00:00+00:00,26047.5
2019-07-28 18:00:00+00:00,26571.71429
2019-07-28 19:00:00+00:00,27738
2019-07-28 20:00:00+00:00,28745.5
2019-07-28 21:00:00+00:00,27194.28571
2019-07-28 22:00:00+00:00,25491.4
2019-07-28 23:00:00+00:00,24104.16667
2019-07-29 00:00:00+00:00,22898.42857
2019-07-29 01:00:00+00:00,22366.6
2019-07-29 02:00:00+00:00,22273
2019-07-29 03:00:00+00:00,22736.85714
2019-07-29 04:00:00+00:00,24883.8
2019-07-29 05:00:00+00:00,26745.16667
2019-07-29 06:00:00+00:00,29119.28571
2019-07-29 07:00:00+00:00,31577
2019-07-29 08:00:00+00:00,32951.66667
2019-07-29 09:00:00+00:00,33875.71429
2019-07-29 10:00:00+00:00,34856.2
2019-07-29 11:00:00+00:00,35392
2019-07-29 12:00:00+00:00,34821.71429
2019-07-29 13:00:00+00:00,33936
2019-07-29 14:00:00+00:00,33864.5
2019-07-29 15:00:00+00:00,33704.71429
2019-07-29 16:00:00+00:00,33195.4
2019-07-29 17:00:00+00:00,32689
2019-07-29 18:00:00+00:00,32118.71429
2019-07-29 19:00:00+00:00,32206
2019-07-29 20:00:00+00:00,31398.33333
2019-07-29 21:00:00+00:00,28922.28571
2019-07-29 22:00:00+00:00,27603
2019-07-29 23:00:00+00:00,26072.33333
2019-07-30 00:00:00+00:00,24843.85714
2019-07-30 01:00:00+00:00,24363.8
2019-07-30 02:00:00+00:00,24062.33333
2019-07-30 03:00:00+00:00,24408.28571
2019-07-30 04:00:00+00:00,26245
2019-07-30 05:00:00+00:00,27874.66667
2019-07-30 06:00:00+00:00,29917.71429
2019-07-30 07:00:00+00:00,32038.2
2019-07-30 08:00:00+00:00,33269.5
2019-07-30 09:00:00+00:00,34029.85714
2019-07-30 10:00:00+00:00,34791
2019-07-30 11:00:00+00:00,35233.33333
2019-07-30 12:00:00+00:00,34527.14286
2019-07-30 13:00:00+00:00,33824.4
2019-07-30 14:00:00+00:00,33626.33333
2019-07-30 15:00:00+00:00,33432
2019-07-30 16:00:00+00:00,32776.6
2019-07-30 17:00:00+00:00,32363
2019-07-30 18:00:00+00:00,31813.42857
2019-07-30 19:00:00+00:00,31985
2019-07-30 20:00:00+00:00,31254.83333
2019-07-30 21:00:00+00:00,28827.85714
2019-07-30 22:00:00+00:00,27526.2
2019-07-30 23:00:00+00:00,25924.66667
2019-07-31 00:00:00+00:00,24587.57143
2019-07-31 01:00:00+00:00,24116
2019-07-31 02:00:00+00:00,23802
2019-07-31 03:00:00+00:00,24055
2019-07-31 04:00:00+00:00,25820.4
2019-07-31 05:00:00+00:00,27324
2019-07-31 06:00:00+00:00,29107
2019-07-31 07:00:00+00:00,31181.4
2019-07-31 08:00:00+00:00,32301
2019-07-31 09:00:00+00:00,33154.42857
2019-07-31 10:00:00+00:00,33988.6
2019-07-31 11:00:00+00:00,34473
2019-07-31 12:00:00+00:00,33869.57143
2019-07-31 13:00:00+00:00,33157.4
2019-07-31 14:00:00+00:00,33102
2019-07-31 15:00:00+00:00,33012.85714
2019-07-31 16:00:00+00:00,32590.8
2019-07-31 17:00:00+00:00,32165.83333
2019-07-31 18:00:00+00:00,31554.42857
2019-07-31 19:00:00+00:00,31756.2
2019-07-31 20:00:00+00:00,31006
2019-07-31 21:00:00+00:00,28590.71429
2019-07-31 22:00:00+00:00,27540.2
2019-07-31 23:00:00+00:00,26132.33333
2019-08-01 00:00:00+00:00,24876.71429
2019-08-01 01:00:00+00:00,24303.8
2019-08-01 02:00:00+00:00,24052.83333
2019-08-01 03:00:00+00:00,24338.28571
2019-08-01 04:00:00+00:00,26248.6
2019-08-01 05:00:00+00:00,27916.5
2019-08-01 06:00:00+00:00,30357.42857
2019-08-01 07:00:00+00:00,32644
2019-08-01 08:00:00+00:00,33582.5
2019-08-01 09:00:00+00:00,34576.85714
2019-08-01 10:00:00+00:00,35683.8
2019-08-01 11:00:00+00:00,36125.66667
2019-08-01 12:00:00+00:00,35535
2019-08-01 13:00:00+00:00,34844
2019-08-01 14:00:00+00:00,34625.66667
2019-08-01 15:00:00+00:00,34478
2019-08-01 16:00:00+00:00,34062.2
2019-08-01 17:00:00+00:00,33479.16667
2019-08-01 18:00:00+00:00,32787.14286
2019-08-01 19:00:00+00:00,32794
2019-08-01 20:00:00+00:00,31889.66667
2019-08-01 21:00:00+00:00,29593.14286
2019-08-01 22:00:00+00:00,27745.4
2019-08-01 23:00:00+00:00,26193
2019-08-02 00:00:00+00:00,24978.71429
2019-08-02 01:00:00+00:00,24359.8
2019-08-02 02:00:00+00:00,24036.5
2019-08-02 03:00:00+00:00,24345.28571
2019-08-02 04:00:00+00:00,26056.2
2019-08-02 05:00:00+00:00,27451.83333
2019-08-02 06:00:00+00:00,29997.28571
2019-08-02 07:00:00+00:00,32143
2019-08-02 08:00:00+00:00,33522.16667
2019-08-02 09:00:00+00:00,34761.85714
2019-08-02 10:00:00+00:00,35769
2019-08-02 11:00:00+00:00,36176.66667
2019-08-02 12:00:00+00:00,35528.14286
2019-08-02 13:00:00+00:00,34679.4
2019-08-02 14:00:00+00:00,34359.5
2019-08-02 15:00:00+00:00,34027.85714
2019-08-02 16:00:00+00:00,33738
2019-08-02 17:00:00+00:00,33127.5
2019-08-02 18:00:00+00:00,32309.28571
2019-08-02 19:00:00+00:00,32272
2019-08-02 20:00:00+00:00,31333.5
2019-08-02 21:00:00+00:00,29058
2019-08-02 22:00:00+00:00,27510
2019-08-02 23:00:00+00:00,26062.5
2019-08-03 00:00:00+00:00,24560.85714
2019-08-03 01:00:00+00:00,23757.6
2019-08-03 02:00:00+00:00,23293.66667
2019-08-03 03:00:00+00:00,22975.85714
2019-08-03 04:00:00+00:00,23274.6
2019-08-03 05:00:00+00:00,23406.16667
2019-08-03 06:00:00+00:00,24851.85714
2019-08-03 07:00:00+00:00,27010.2
2019-08-03 08:00:00+00:00,28715.83333
2019-08-03 09:00:00+00:00,29844.14286
2019-08-03 10:00:00+00:00,30599
2019-08-03 11:00:00+00:00,31139.16667
2019-08-03 12:00:00+00:00,31269.85714
2019-08-03 13:00:00+00:00,30642.4
2019-08-03 14:00:00+00:00,30115.16667
2019-08-03 15:00:00+00:00,29642.57143
2019-08-03 16:00:00+00:00,29384
2019-08-03 17:00:00+00:00,29367.66667
2019-08-03 18:00:00+00:00,29197.57143
2019-08-03 19:00:00+00:00,29823.6
2019-08-03 20:00:00+00:00,29395.66667
2019-08-03 21:00:00+00:00,27514.14286
2019-08-03 22:00:00+00:00,25855.4
2019-08-03 23:00:00+00:00,24522.5
2019-08-04 00:00:00+00:00,23182.85714
2019-08-04 01:00:00+00:00,22443.4
2019-08-04 02:00:00+00:00,21933.16667
2019-08-04 03:00:00+00:00,21735.71429
2019-08-04 04:00:00+00:00,21838.4
2019-08-04 05:00:00+00:00,21375.83333
2019-08-04 06:00:00+00:00,22307.71429
2019-08-04 07:00:00+00:00,23925.6
2019-08-04 08:00:00+00:00,25387.66667
2019-08-04 09:00:00+00:00,26773.71429
2019-08-04 10:00:00+00:00,27604.4
2019-08-04 11:00:00+00:00,28320.5
2019-08-04 12:00:00+00:00,28987.85714
2019-08-04 13:00:00+00:00,28528.8
2019-08-04 14:00:00+00:00,28000.33333
2019-08-04 15:00:00+00:00,27744.14286
2019-08-04 16:00:00+00:00,27515.2
2019-08-04 17:00:00+00:00,27629.5
2019-08-04 18:00:00+00:00,27867.28571
2019-08-04 19:00:00+00:00,29055.8
2019-08-04 20:00:00+00:00,29516.5
2019-08-04 21:00:00+00:00,27721.85714
2019-08-04 22:00:00+00:00,25951.8
2019-08-04 23:00:00+00:00,24454.66667
2019-08-05 00:00:00+00:00,23205.42857
2019-08-05 01:00:00+00:00,22732.6
2019-08-05 02:00:00+00:00,22489.83333
2019-08-05 03:00:00+00:00,22758
2019-08-05 04:00:00+00:00,24719.6
2019-08-05 05:00:00+00:00,26213.33333
2019-08-05 06:00:00+00:00,28746.42857
2019-08-05 07:00:00+00:00,31215
2019-08-05 08:00:00+00:00,32592.16667
2019-08-05 09:00:00+00:00,33871.57143
2019-08-05 10:00:00+00:00,34996.4
2019-08-05 11:00:00+00:00,35848.5
2019-08-05 12:00:00+00:00,35740.85714
2019-08-05 13:00:00+00:00,35110.8
2019-08-05 14:00:00+00:00,34911.83333
2019-08-05 15:00:00+00:00,34732.14286
2019-08-05 16:00:00+00:00,34329.6
2019-08-05 17:00:00+00:00,33631.83333
2019-08-05 18:00:00+00:00,32960.71429
2019-08-05 19:00:00+00:00,33348.6
2019-08-05 20:00:00+00:00,32501.83333
2019-08-05 21:00:00+00:00,29925.85714
2019-08-05 22:00:00+00:00,27956.4
2019-08-05 23:00:00+00:00,26207
2019-08-06 00:00:00+00:00,24922
2019-08-06 01:00:00+00:00,24145.4
2019-08-06 02:00:00+00:00,23936
2019-08-06 03:00:00+00:00,24275
2019-08-06 04:00:00+00:00,25869.6
2019-08-06 05:00:00+00:00,27292.83333
2019-08-06 06:00:00+00:00,29718.14286
2019-08-06 07:00:00+00:00,32041.6
2019-08-06 08:00:00+00:00,33419.83333
2019-08-06 09:00:00+00:00,34621.42857
2019-08-06 10:00:00+00:00,35709.6
2019-08-06 11:00:00+00:00,36334.16667
2019-08-06 12:00:00+00:00,36240.71429
2019-08-06 13:00:00+00:00,35590.6
2019-08-06 14:00:00+00:00,35535.66667
2019-08-06 15:00:00+00:00,35058.57143
2019-08-06 16:00:00+00:00,34400
2019-08-06 17:00:00+00:00,33900.33333
2019-08-06 18:00:00+00:00,33220.85714
2019-08-06 19:00:00+00:00,33743.6
2019-08-06 20:00:00+00:00,32761
2019-08-06 21:00:00+00:00,30044.57143
2019-08-06 22:00:00+00:00,27955
2019-08-06 23:00:00+00:00,26396.83333
2019-08-07 00:00:00+00:00,25087.57143
2019-08-07 01:00:00+00:00,24474.8
2019-08-07 02:00:00+00:00,24262.5
2019-08-07 03:00:00+00:00,24420.42857
2019-08-07 04:00:00+00:00,26120.6
2019-08-07 05:00:00+00:00,27686.66667
2019-08-07 06:00:00+00:00,29932.42857
2019-08-07 07:00:00+00:00,32263
2019-08-07 08:00:00+00:00,33281.5
2019-08-07 09:00:00+00:00,34434
2019-08-07 10:00:00+00:00,35405
2019-08-07 11:00:00+00:00,35907.33333
2019-08-07 12:00:00+00:00,35254.71429
2019-08-07 13:00:00+00:00,34421.2
2019-08-07 14:00:00+00:00,34165.33333
2019-08-07 15:00:00+00:00,33905.28571
2019-08-07 16:00:00+00:00,33288
2019-08-07 17:00:00+00:00,32820.66667
2019-08-07 18:00:00+00:00,32350.28571
2019-08-07 19:00:00+00:00,33086
2019-08-07 20:00:00+00:00,32056
2019-08-07 21:00:00+00:00,29705.14286
2019-08-07 22:00:00+00:00,27854.2
2019-08-07 23:00:00+00:00,26284.5
2019-08-08 00:00:00+00:00,24872.28571
2019-08-08 01:00:00+00:00,24304.8
2019-08-08 02:00:00+00:00,24016.33333
2019-08-08 03:00:00+00:00,24218.57143
2019-08-08 04:00:00+00:00,25748
2019-08-08 05:00:00+00:00,27078.66667
2019-08-08 06:00:00+00:00,29582.71429
2019-08-08 07:00:00+00:00,32265.2
2019-08-08 08:00:00+00:00,33771.5
2019-08-08 09:00:00+00:00,35074.42857
2019-08-08 10:00:00+00:00,36256.2
2019-08-08 11:00:00+00:00,36896.16667
2019-08-08 12:00:00+00:00,36614.14286
2019-08-08 13:00:00+00:00,35838
2019-08-08 14:00:00+00:00,35724.66667
2019-08-08 15:00:00+00:00,35467.14286
2019-08-08 16:00:00+00:00,34926.8
2019-08-08 17:00:00+00:00,34191.16667
2019-08-08 18:00:00+00:00,33494.14286
2019-08-08 19:00:00+00:00,33912.2
2019-08-08 20:00:00+00:00,33116.66667
2019-08-08 21:00:00+00:00,30549.42857
2019-08-08 22:00:00+00:00,28500.2
2019-08-08 23:00:00+00:00,26817.16667
2019-08-09 00:00:00+00:00,25370.14286
2019-08-09 01:00:00+00:00,24731.2
2019-08-09 02:00:00+00:00,24416.83333
2019-08-09 03:00:00+00:00,24478.28571
2019-08-09 04:00:00+00:00,26027.8
2019-08-09 05:00:00+00:00,27392
2019-08-09 06:00:00+00:00,29667.42857
2019-08-09 07:00:00+00:00,32305.4
2019-08-09 08:00:00+00:00,33924.5
2019-08-09 09:00:00+00:00,35298.28571
2019-08-09 10:00:00+00:00,36374.8
2019-08-09 11:00:00+00:00,37175.83333
2019-08-09 12:00:00+00:00,36729.57143
2019-08-09 13:00:00+00:00,35871.8
2019-08-09 14:00:00+00:00,35616.33333
2019-08-09 15:00:00+00:00,35217.71429
2019-08-09 16:00:00+00:00,34610.2
2019-08-09 17:00:00+00:00,33894.66667
2019-08-09 18:00:00+00:00,33095.57143
2019-08-09 19:00:00+00:00,33206.4
2019-08-09 20:00:00+00:00,32322.83333
2019-08-09 21:00:00+00:00,30051.42857
2019-08-09 22:00:00+00:00,28381.2
2019-08-09 23:00:00+00:00,26656.83333
2019-08-10 00:00:00+00:00,25168.71429
2019-08-10 01:00:00+00:00,24255.8
2019-08-10 02:00:00+00:00,23641.5
2019-08-10 03:00:00+00:00,23362.57143
2019-08-10 04:00:00+00:00,23698.8
2019-08-10 05:00:00+00:00,23759.66667
2019-08-10 06:00:00+00:00,25174.28571
2019-08-10 07:00:00+00:00,27601.4
2019-08-10 08:00:00+00:00,29401.66667
2019-08-10 09:00:00+00:00,30532.57143
2019-08-10 10:00:00+00:00,31375.2
2019-08-10 11:00:00+00:00,31991.33333
2019-08-10 12:00:00+00:00,31917.28571
2019-08-10 13:00:00+00:00,31183.4
2019-08-10 14:00:00+00:00,30675.16667
2019-08-10 15:00:00+00:00,30244.85714
2019-08-10 16:00:00+00:00,29918.2
2019-08-10 17:00:00+00:00,29568
2019-08-10 18:00:00+00:00,29337.14286
2019-08-10 19:00:00+00:00,30263.6
2019-08-10 20:00:00+00:00,29481.66667
2019-08-10 21:00:00+00:00,27561.57143
2019-08-10 22:00:00+00:00,26077.6
2019-08-10 23:00:00+00:00,24542
2019-08-11 00:00:00+00:00,23238.28571
2019-08-11 01:00:00+00:00,22416.8
2019-08-11 02:00:00+00:00,21963.83333
2019-08-11 03:00:00+00:00,21793.42857
2019-08-11 04:00:00+00:00,21944.8
2019-08-11 05:00:00+00:00,21471.5
2019-08-11 06:00:00+00:00,22067.14286
2019-08-11 07:00:00+00:00,23688
2019-08-11 08:00:00+00:00,25206.83333
2019-08-11 09:00:00+00:00,26577.71429
2019-08-11 10:00:00+00:00,27345.8
2019-08-11 11:00:00+00:00,28014.66667
2019-08-11 12:00:00+00:00,28366.42857
2019-08-11 13:00:00+00:00,27792
2019-08-11 14:00:00+00:00,27201.66667
2019-08-11 15:00:00+00:00,26836.57143
2019-08-11 16:00:00+00:00,26686.6
2019-08-11 17:00:00+00:00,26607.66667
2019-08-11 18:00:00+00:00,26827.71429
2019-08-11 19:00:00+00:00,28375.2
2019-08-11 20:00:00+00:00,28454.33333
2019-08-11 21:00:00+00:00,26702.57143
2019-08-11 22:00:00+00:00,25032.4
2019-08-11 23:00:00+00:00,23700.83333
2019-08-12 00:00:00+00:00,22541
2019-08-12 01:00:00+00:00,21984.4
2019-08-12 02:00:00+00:00,21699.16667
2019-08-12 03:00:00+00:00,22017.71429
2019-08-12 04:00:00+00:00,23398.4
2019-08-12 05:00:00+00:00,24774.66667
2019-08-12 06:00:00+00:00,26820.28571
2019-08-12 07:00:00+00:00,29057.6
2019-08-12 08:00:00+00:00,30187.5
2019-08-12 09:00:00+00:00,31118.42857
2019-08-12 10:00:00+00:00,31903
2019-08-12 11:00:00+00:00,32289.66667
2019-08-12 12:00:00+00:00,31955.28571
2019-08-12 13:00:00+00:00,31242
2019-08-12 14:00:00+00:00,30932.66667
2019-08-12 15:00:00+00:00,30470.85714
2019-08-12 16:00:00+00:00,30207.8
2019-08-12 17:00:00+00:00,29897.16667
2019-08-12 18:00:00+00:00,29431.14286
2019-08-12 19:00:00+00:00,30589.6
2019-08-12 20:00:00+00:00,29608.5
2019-08-12 21:00:00+00:00,27217.42857
2019-08-12 22:00:00+00:00,25545.2
2019-08-12 23:00:00+00:00,24054.5
2019-08-13 00:00:00+00:00,22959.57143
2019-08-13 01:00:00+00:00,22440.4
2019-08-13 02:00:00+00:00,22171.5
2019-08-13 03:00:00+00:00,22406.57143
2019-08-13 04:00:00+00:00,23713.4
2019-08-13 05:00:00+00:00,24919.16667
2019-08-13 06:00:00+00:00,26603.71429
2019-08-13 07:00:00+00:00,28574.2
2019-08-13 08:00:00+00:00,29708
2019-08-13 09:00:00+00:00,30627.71429
2019-08-13 10:00:00+00:00,31583
2019-08-13 11:00:00+00:00,32178.33333
2019-08-13 12:00:00+00:00,31860.14286
2019-08-13 13:00:00+00:00,31060.8
2019-08-13 14:00:00+00:00,30866.83333
2019-08-13 15:00:00+00:00,30608.14286
2019-08-13 16:00:00+00:00,30305.2
2019-08-13 17:00:00+00:00,29845
2019-08-13 18:00:00+00:00,29604.57143
2019-08-13 19:00:00+00:00,30809.2
2019-08-13 20:00:00+00:00,29697.33333
2019-08-13 21:00:00+00:00,27360.14286
2019-08-13 22:00:00+00:00,25757
2019-08-13 23:00:00+00:00,24316.33333
2019-08-14 00:00:00+00:00,23059.71429
2019-08-14 01:00:00+00:00,22452.8
2019-08-14 02:00:00+00:00,22136.33333
2019-08-14 03:00:00+00:00,22436.14286
2019-08-14 04:00:00+00:00,23771.8
2019-08-14 05:00:00+00:00,24960.83333
2019-08-14 06:00:00+00:00,26793.71429
2019-08-14 07:00:00+00:00,28829.6
2019-08-14 08:00:00+00:00,30078.16667
2019-08-14 09:00:00+00:00,31173.57143
2019-08-14 10:00:00+00:00,32219.4
2019-08-14 11:00:00+00:00,32905.33333
2019-08-14 12:00:00+00:00,32746
2019-08-14 13:00:00+00:00,32043.2
2019-08-14 14:00:00+00:00,31697.5
2019-08-14 15:00:00+00:00,31554.42857
2019-08-14 16:00:00+00:00,31169.4
2019-08-14 17:00:00+00:00,30763.16667
2019-08-14 18:00:00+00:00,30239.57143
2019-08-14 19:00:00+00:00,31075.8
2019-08-14 20:00:00+00:00,30096.33333
2019-08-14 21:00:00+00:00,27776.42857
2019-08-14 22:00:00+00:00,26259
2019-08-14 23:00:00+00:00,24748.16667
2019-08-15 00:00:00+00:00,23406.57143
2019-08-15 01:00:00+00:00,22690.4
2019-08-15 02:00:00+00:00,22194.83333
2019-08-15 03:00:00+00:00,22003.28571
2019-08-15 04:00:00+00:00,22180.6
2019-08-15 05:00:00+00:00,22129.33333
2019-08-15 06:00:00+00:00,22757.85714
2019-08-15 07:00:00+00:00,24292.2
2019-08-15 08:00:00+00:00,25754.5
2019-08-15 09:00:00+00:00,27123.28571
2019-08-15 10:00:00+00:00,28076.6
2019-08-15 11:00:00+00:00,28732.33333
2019-08-15 12:00:00+00:00,28970.28571
2019-08-15 13:00:00+00:00,28398.4
2019-08-15 14:00:00+00:00,27951.33333
2019-08-15 15:00:00+00:00,27599.42857
2019-08-15 16:00:00+00:00,27474.6
2019-08-15 17:00:00+00:00,27201.5
2019-08-15 18:00:00+00:00,27298.85714
2019-08-15 19:00:00+00:00,28707.6
2019-08-15 20:00:00+00:00,28620.5
2019-08-15 21:00:00+00:00,26890
2019-08-15 22:00:00+00:00,25468.8
2019-08-15 23:00:00+00:00,24089.83333
2019-08-16 00:00:00+00:00,22819.28571
2019-08-16 01:00:00+00:00,22311.2
2019-08-16 02:00:00+00:00,21984.83333
2019-08-16 03:00:00+00:00,22190.42857
2019-08-16 04:00:00+00:00,23222
2019-08-16 05:00:00+00:00,24293.33333
2019-08-16 06:00:00+00:00,25916.28571
2019-08-16 07:00:00+00:00,28020.8
2019-08-16 08:00:00+00:00,29337
2019-08-16 09:00:00+00:00,30490.57143
2019-08-16 10:00:00+00:00,31419.6
2019-08-16 11:00:00+00:00,32311.33333
2019-08-16 12:00:00+00:00,32471.71429
2019-08-16 13:00:00+00:00,32074.6
2019-08-16 14:00:00+00:00,31872
2019-08-16 15:00:00+00:00,31569.42857
2019-08-16 16:00:00+00:00,31268
2019-08-16 17:00:00+00:00,30833.33333
2019-08-16 18:00:00+00:00,30500.42857
2019-08-16 19:00:00+00:00,31452.6
2019-08-16 20:00:00+00:00,30312.33333
2019-08-16 21:00:00+00:00,28227
2019-08-16 22:00:00+00:00,26594.4
2019-08-16 23:00:00+00:00,25030.5
2019-08-17 00:00:00+00:00,23576
2019-08-17 01:00:00+00:00,22699.8
2019-08-17 02:00:00+00:00,22222.66667
2019-08-17 03:00:00+00:00,22034.85714
2019-08-17 04:00:00+00:00,22552
2019-08-17 05:00:00+00:00,22519.16667
2019-08-17 06:00:00+00:00,23632.57143
2019-08-17 07:00:00+00:00,25935.4
2019-08-17 08:00:00+00:00,27704.16667
2019-08-17 09:00:00+00:00,29045.14286
2019-08-17 10:00:00+00:00,30123
2019-08-17 11:00:00+00:00,30875
2019-08-17 12:00:00+00:00,31031.14286
2019-08-17 13:00:00+00:00,30568.6
2019-08-17 14:00:00+00:00,30121.5
2019-08-17 15:00:00+00:00,29642.28571
2019-08-17 16:00:00+00:00,29441.2
2019-08-17 17:00:00+00:00,29030.5
2019-08-17 18:00:00+00:00,28935.85714
2019-08-17 19:00:00+00:00,30037
2019-08-17 20:00:00+00:00,29160.16667
2019-08-17 21:00:00+00:00,27163
2019-08-17 22:00:00+00:00,25567
2019-08-17 23:00:00+00:00,24130.5
2019-08-18 00:00:00+00:00,22838.57143
2019-08-18 01:00:00+00:00,22064
2019-08-18 02:00:00+00:00,21679
2019-08-18 03:00:00+00:00,21564.28571
2019-08-18 04:00:00+00:00,21531.6
2019-08-18 05:00:00+00:00,21149.16667
2019-08-18 06:00:00+00:00,21755.42857
2019-08-18 07:00:00+00:00,23314.6
2019-08-18 08:00:00+00:00,24906.83333
2019-08-18 09:00:00+00:00,26380.71429
2019-08-18 10:00:00+00:00,27499.4
2019-08-18 11:00:00+00:00,28334
2019-08-18 12:00:00+00:00,28888.42857
2019-08-18 13:00:00+00:00,28391
2019-08-18 14:00:00+00:00,27974.66667
2019-08-18 15:00:00+00:00,27533.85714
2019-08-18 16:00:00+00:00,27326.6
2019-08-18 17:00:00+00:00,27209.5
2019-08-18 18:00:00+00:00,27367.42857
2019-08-18 19:00:00+00:00,28980
2019-08-18 20:00:00+00:00,28771
2019-08-18 21:00:00+00:00,27179.28571
2019-08-18 22:00:00+00:00,25564.2
2019-08-18 23:00:00+00:00,24070.33333
2019-08-19 00:00:00+00:00,22839
2019-08-19 01:00:00+00:00,22291.8
2019-08-19 02:00:00+00:00,22049
2019-08-19 03:00:00+00:00,22445.57143
2019-08-19 04:00:00+00:00,24153
2019-08-19 05:00:00+00:00,25790
2019-08-19 06:00:00+00:00,28000.85714
2019-08-19 07:00:00+00:00,30270.6
2019-08-19 08:00:00+00:00,31637.5
2019-08-19 09:00:00+00:00,32821.57143
2019-08-19 10:00:00+00:00,33786.8
2019-08-19 11:00:00+00:00,34535.33333
2019-08-19 12:00:00+00:00,34502.28571
2019-08-19 13:00:00+00:00,33814.8
2019-08-19 14:00:00+00:00,33360.33333
2019-08-19 15:00:00+00:00,33013
2019-08-19 16:00:00+00:00,32207.6
2019-08-19 17:00:00+00:00,31674.5
2019-08-19 18:00:00+00:00,31383.14286
2019-08-19 19:00:00+00:00,32579.2
2019-08-19 20:00:00+00:00,31066
2019-08-19 21:00:00+00:00,28609.14286
2019-08-19 22:00:00+00:00,26929.4
2019-08-19 23:00:00+00:00,25288.83333
2019-08-20 00:00:00+00:00,24120
2019-08-20 01:00:00+00:00,23609.8
2019-08-20 02:00:00+00:00,23318
2019-08-20 03:00:00+00:00,23482.28571
2019-08-20 04:00:00+00:00,25043.6
2019-08-20 05:00:00+00:00,26613.83333
2019-08-20 06:00:00+00:00,28418.28571
2019-08-20 07:00:00+00:00,30433.8
2019-08-20 08:00:00+00:00,31676.83333
2019-08-20 09:00:00+00:00,32647.85714
2019-08-20 10:00:00+00:00,33569.6
2019-08-20 11:00:00+00:00,34048.16667
2019-08-20 12:00:00+00:00,33428.71429
2019-08-20 13:00:00+00:00,32584.2
2019-08-20 14:00:00+00:00,32123.66667
2019-08-20 15:00:00+00:00,31731
2019-08-20 16:00:00+00:00,31158.2
2019-08-20 17:00:00+00:00,30604.66667
2019-08-20 18:00:00+00:00,30534.85714
2019-08-20 19:00:00+00:00,31604.2
2019-08-20 20:00:00+00:00,30132.66667
2019-08-20 21:00:00+00:00,27892.14286
2019-08-20 22:00:00+00:00,26138.2
2019-08-20 23:00:00+00:00,24689.16667
2019-08-21 00:00:00+00:00,23557.71429
2019-08-21 01:00:00+00:00,23107.8
2019-08-21 02:00:00+00:00,22924.33333
2019-08-21 03:00:00+00:00,23248.42857
2019-08-21 04:00:00+00:00,24809.6
2019-08-21 05:00:00+00:00,26312.83333
2019-08-21 06:00:00+00:00,27960.14286
2019-08-21 07:00:00+00:00,29977
2019-08-21 08:00:00+00:00,31098.66667
2019-08-21 09:00:00+00:00,31984.71429
2019-08-21 10:00:00+00:00,33030.2
2019-08-21 11:00:00+00:00,33613.5
2019-08-21 12:00:00+00:00,33379.42857
2019-08-21 13:00:00+00:00,32842
2019-08-21 14:00:00+00:00,32584.83333
2019-08-21 15:00:00+00:00,32190.85714
2019-08-21 16:00:00+00:00,31818.8
2019-08-21 17:00:00+00:00,31319.5
2019-08-21 18:00:00+00:00,30976.57143
2019-08-21 19:00:00+00:00,32001.2
2019-08-21 20:00:00+00:00,30367.5
2019-08-21 21:00:00+00:00,28138.28571
2019-08-21 22:00:00+00:00,26440
2019-08-21 23:00:00+00:00,25091.5
2019-08-22 00:00:00+00:00,23830.85714
2019-08-22 01:00:00+00:00,23308.4
2019-08-22 02:00:00+00:00,22930.5
2019-08-22 03:00:00+00:00,23248.42857
2019-08-22 04:00:00+00:00,24673.8
2019-08-22 05:00:00+00:00,26151
2019-08-22 06:00:00+00:00,27948.42857
2019-08-22 07:00:00+00:00,30263.6
2019-08-22 08:00:00+00:00,31441
2019-08-22 09:00:00+00:00,32675.28571
2019-08-22 10:00:00+00:00,33606.4
2019-08-22 11:00:00+00:00,34215.66667
2019-08-22 12:00:00+00:00,33938.14286
2019-08-22 13:00:00+00:00,33078.2
2019-08-22 14:00:00+00:00,32857.16667
2019-08-22 15:00:00+00:00,32411.85714
2019-08-22 16:00:00+00:00,32041.6
2019-08-22 17:00:00+00:00,31464.5
2019-08-22 18:00:00+00:00,31149.28571
2019-08-22 19:00:00+00:00,32200
2019-08-22 20:00:00+00:00,30781.66667
2019-08-22 21:00:00+00:00,28378.28571
2019-08-22 22:00:00+00:00,26729.2
2019-08-22 23:00:00+00:00,25224.66667
2019-08-23 00:00:00+00:00,23995.14286
2019-08-23 01:00:00+00:00,23332.6
2019-08-23 02:00:00+00:00,23013
2019-08-23 03:00:00+00:00,23234.42857
2019-08-23 04:00:00+00:00,24638.8
2019-08-23 05:00:00+00:00,26032.33333
2019-08-23 06:00:00+00:00,27781.71429
2019-08-23 07:00:00+00:00,30095.6
2019-08-23 08:00:00+00:00,31539
2019-08-23 09:00:00+00:00,32722
2019-08-23 10:00:00+00:00,33742.8
2019-08-23 11:00:00+00:00,34356.5
2019-08-23 12:00:00+00:00,33996.42857
2019-08-23 13:00:00+00:00,33061.4
2019-08-23 14:00:00+00:00,32796
2019-08-23 15:00:00+00:00,32551.14286
2019-08-23 16:00:00+00:00,31966.4
2019-08-23 17:00:00+00:00,31402
2019-08-23 18:00:00+00:00,31073.14286
2019-08-23 19:00:00+00:00,31987.6
2019-08-23 20:00:00+00:00,30275.16667
2019-08-23 21:00:00+00:00,28005.14286
2019-08-23 22:00:00+00:00,26634.2
2019-08-23 23:00:00+00:00,25357.16667
2019-08-24 00:00:00+00:00,23963.42857
2019-08-24 01:00:00+00:00,23081
2019-08-24 02:00:00+00:00,22559.5
2019-08-24 03:00:00+00:00,22250.57143
2019-08-24 04:00:00+00:00,22604.6
2019-08-24 05:00:00+00:00,22762.16667
2019-08-24 06:00:00+00:00,23762
2019-08-24 07:00:00+00:00,26054.6
2019-08-24 08:00:00+00:00,27789.33333
2019-08-24 09:00:00+00:00,29019.28571
2019-08-24 10:00:00+00:00,29797
2019-08-24 11:00:00+00:00,30566.16667
2019-08-24 12:00:00+00:00,30451.28571
2019-08-24 13:00:00+00:00,29836.2
2019-08-24 14:00:00+00:00,29219
2019-08-24 15:00:00+00:00,28842.71429
2019-08-24 16:00:00+00:00,28593.4
2019-08-24 17:00:00+00:00,28451.83333
2019-08-24 18:00:00+00:00,28595.85714
2019-08-24 19:00:00+00:00,29784.4
2019-08-24 20:00:00+00:00,28458.83333
2019-08-24 21:00:00+00:00,26668.42857
2019-08-24 22:00:00+00:00,25196.6
2019-08-24 23:00:00+00:00,23865.83333
2019-08-25 00:00:00+00:00,22576.85714
2019-08-25 01:00:00+00:00,21946.8
2019-08-25 02:00:00+00:00,21448.66667
2019-08-25 03:00:00+00:00,21243.85714
2019-08-25 04:00:00+00:00,21348
2019-08-25 05:00:00+00:00,21161
2019-08-25 06:00:00+00:00,21542.85714
2019-08-25 07:00:00+00:00,23269
2019-08-25 08:00:00+00:00,24717
2019-08-25 09:00:00+00:00,26176
2019-08-25 10:00:00+00:00,26986
2019-08-25 11:00:00+00:00,27751
2019-08-25 12:00:00+00:00,28179.57143
2019-08-25 13:00:00+00:00,27577.6
2019-08-25 14:00:00+00:00,27097.83333
2019-08-25 15:00:00+00:00,26751.14286
2019-08-25 16:00:00+00:00,26462.6
2019-08-25 17:00:00+00:00,26250.16667
2019-08-25 18:00:00+00:00,26953.85714
2019-08-25 19:00:00+00:00,28801
2019-08-25 20:00:00+00:00,28324.5
2019-08-25 21:00:00+00:00,26627.28571
2019-08-25 22:00:00+00:00,25004.8
2019-08-25 23:00:00+00:00,23775.16667
2019-08-26 00:00:00+00:00,22845
2019-08-26 01:00:00+00:00,22435
2019-08-26 02:00:00+00:00,22234
2019-08-26 03:00:00+00:00,22726.14286
2019-08-26 04:00:00+00:00,24750
2019-08-26 05:00:00+00:00,26958
2019-08-26 06:00:00+00:00,29188.85714
2019-08-26 07:00:00+00:00,31421
2019-08-26 08:00:00+00:00,32828.5
2019-08-26 09:00:00+00:00,33896.42857
2019-08-26 10:00:00+00:00,34685
2019-08-26 11:00:00+00:00,35013.5
2019-08-26 12:00:00+00:00,34492
2019-08-26 13:00:00+00:00,33435.6
2019-08-26 14:00:00+00:00,33230.83333
2019-08-26 15:00:00+00:00,33077.71429
2019-08-26 16:00:00+00:00,32318.8
2019-08-26 17:00:00+00:00,31618.66667
2019-08-26 18:00:00+00:00,31770.28571
2019-08-26 19:00:00+00:00,32879.6
2019-08-26 20:00:00+00:00,30888.16667
2019-08-26 21:00:00+00:00,28359.28571
2019-08-26 22:00:00+00:00,26593.8
2019-08-26 23:00:00+00:00,25181.16667
2019-08-27 00:00:00+00:00,24065.14286
2019-08-27 01:00:00+00:00,23539
2019-08-27 02:00:00+00:00,23216.16667
2019-08-27 03:00:00+00:00,23470
2019-08-27 04:00:00+00:00,25259.4
2019-08-27 05:00:00+00:00,27187.5
2019-08-27 06:00:00+00:00,29204.28571
2019-08-27 07:00:00+00:00,31382.2
2019-08-27 08:00:00+00:00,32472.5
2019-08-27 09:00:00+00:00,33562.28571
2019-08-27 10:00:00+00:00,34370.2
2019-08-27 11:00:00+00:00,34489
2019-08-27 12:00:00+00:00,33529.14286
2019-08-27 13:00:00+00:00,32652.8
2019-08-27 14:00:00+00:00,32189.66667
2019-08-27 15:00:00+00:00,31811.85714
2019-08-27 16:00:00+00:00,31450.6
2019-08-27 17:00:00+00:00,31014.83333
2019-08-27 18:00:00+00:00,31188.42857
2019-08-27 19:00:00+00:00,32264.8
2019-08-27 20:00:00+00:00,30423.16667
2019-08-27 21:00:00+00:00,27965.57143
2019-08-27 22:00:00+00:00,26204
2019-08-27 23:00:00+00:00,24812.33333
2019-08-28 00:00:00+00:00,23654.85714
2019-08-28 01:00:00+00:00,23239.8
2019-08-28 02:00:00+00:00,23048.33333
2019-08-28 03:00:00+00:00,23357.57143
2019-08-28 04:00:00+00:00,25246.8
2019-08-28 05:00:00+00:00,27057.33333
2019-08-28 06:00:00+00:00,29216.14286
2019-08-28 07:00:00+00:00,31345.4
2019-08-28 08:00:00+00:00,32546
2019-08-28 09:00:00+00:00,33778.85714
2019-08-28 10:00:00+00:00,34618.2
2019-08-28 11:00:00+00:00,35102.33333
2019-08-28 12:00:00+00:00,34700.14286
2019-08-28 13:00:00+00:00,33833
2019-08-28 14:00:00+00:00,33556.16667
2019-08-28 15:00:00+00:00,33121.71429
2019-08-28 16:00:00+00:00,32704
2019-08-28 17:00:00+00:00,32082.33333
2019-08-28 18:00:00+00:00,32046.28571
2019-08-28 19:00:00+00:00,33155.6
2019-08-28 20:00:00+00:00,31122.66667
2019-08-28 21:00:00+00:00,28656.85714
2019-08-28 22:00:00+00:00,27004.4
2019-08-28 23:00:00+00:00,25564.66667
2019-08-29 00:00:00+00:00,24385.42857
2019-08-29 01:00:00+00:00,23828.4
2019-08-29 02:00:00+00:00,23614.33333
2019-08-29 03:00:00+00:00,23792.28571
2019-08-29 04:00:00+00:00,25662.6
2019-08-29 05:00:00+00:00,27651.83333
2019-08-29 06:00:00+00:00,29590.28571
2019-08-29 07:00:00+00:00,31864.4
2019-08-29 08:00:00+00:00,33212
2019-08-29 09:00:00+00:00,34408.71429
2019-08-29 10:00:00+00:00,35567.2
2019-08-29 11:00:00+00:00,36054
2019-08-29 12:00:00+00:00,35498.14286
2019-08-29 13:00:00+00:00,34569.8
2019-08-29 14:00:00+00:00,34162.83333
2019-08-29 15:00:00+00:00,33895.14286
2019-08-29 16:00:00+00:00,33364.2
2019-08-29 17:00:00+00:00,32853.33333
2019-08-29 18:00:00+00:00,32774.42857
2019-08-29 19:00:00+00:00,33651.4
2019-08-29 20:00:00+00:00,31735.5
2019-08-29 21:00:00+00:00,29504.57143
2019-08-29 22:00:00+00:00,27649.8
2019-08-29 23:00:00+00:00,26189.16667
2019-08-30 00:00:00+00:00,24826.14286
2019-08-30 01:00:00+00:00,24232.2
2019-08-30 02:00:00+00:00,23936.33333
2019-08-30 03:00:00+00:00,24129.42857
2019-08-30 04:00:00+00:00,25903.4
2019-08-30 05:00:00+00:00,27835.16667
2019-08-30 06:00:00+00:00,29666.28571
2019-08-30 07:00:00+00:00,32064.8
2019-08-30 08:00:00+00:00,33476.16667
2019-08-30 09:00:00+00:00,34874
2019-08-30 10:00:00+00:00,36068.4
2019-08-30 11:00:00+00:00,36589.83333
2019-08-30 12:00:00+00:00,36157.57143
2019-08-30 13:00:00+00:00,35186.2
2019-08-30 14:00:00+00:00,34960
2019-08-30 15:00:00+00:00,34537
2019-08-30 16:00:00+00:00,33754.8
2019-08-30 17:00:00+00:00,32956.33333
2019-08-30 18:00:00+00:00,32641.14286
2019-08-30 19:00:00+00:00,33283.4
2019-08-30 20:00:00+00:00,31271.83333
2019-08-30 21:00:00+00:00,28981.71429
2019-08-30 22:00:00+00:00,27357.2
2019-08-30 23:00:00+00:00,25781.16667
2019-08-31 00:00:00+00:00,24648.42857
2019-08-31 01:00:00+00:00,23868.6
2019-08-31 02:00:00+00:00,23415
2019-08-31 03:00:00+00:00,22920.42857
2019-08-31 04:00:00+00:00,23055.8
2019-08-31 05:00:00+00:00,23585.5
2019-08-31 06:00:00+00:00,24462.57143
2019-08-31 07:00:00+00:00,26823.8
2019-08-31 08:00:00+00:00,28567.5
2019-08-31 09:00:00+00:00,29929.42857
2019-08-31 10:00:00+00:00,30857
2019-08-31 11:00:00+00:00,31410
2019-08-31 12:00:00+00:00,31345.28571
2019-08-31 13:00:00+00:00,30674.2
2019-08-31 14:00:00+00:00,29968.16667
2019-08-31 15:00:00+00:00,29612.85714
2019-08-31 16:00:00+00:00,29199
2019-08-31 17:00:00+00:00,28968.16667
2019-08-31 18:00:00+00:00,29376.71429
2019-08-31 19:00:00+00:00,30734.4
2019-08-31 20:00:00+00:00,29013.66667
2019-08-31 21:00:00+00:00,27022.57143
2019-08-31 22:00:00+00:00,25572.2
2019-08-31 23:00:00+00:00,24047.83333
2019-09-01 00:00:00+00:00,22784
2019-09-01 01:00:00+00:00,22133.8
2019-09-01 02:00:00+00:00,21636.16667
2019-09-01 03:00:00+00:00,21328.71429
2019-09-01 04:00:00+00:00,21637.6
2019-09-01 05:00:00+00:00,21576
2019-09-01 06:00:00+00:00,21843
2019-09-01 07:00:00+00:00,23504.2
2019-09-01 08:00:00+00:00,24979.5
2019-09-01 09:00:00+00:00,26434.14286
2019-09-01 10:00:00+00:00,27434.4
2019-09-01 11:00:00+00:00,28385
2019-09-01 12:00:00+00:00,28908
2019-09-01 13:00:00+00:00,28282.6
2019-09-01 14:00:00+00:00,27731.5
2019-09-01 15:00:00+00:00,27317.28571
2019-09-01 16:00:00+00:00,27342.2
2019-09-01 17:00:00+00:00,27106.33333
2019-09-01 18:00:00+00:00,28146.28571
2019-09-01 19:00:00+00:00,29928.4
2019-09-01 20:00:00+00:00,29241
2019-09-01 21:00:00+00:00,27301.14286
2019-09-01 22:00:00+00:00,25599.4
2019-09-01 23:00:00+00:00,24188.66667
2019-09-02 00:00:00+00:00,23012.57143
2019-09-02 01:00:00+00:00,22521.4
2019-09-02 02:00:00+00:00,22365.33333
2019-09-02 03:00:00+00:00,23000.71429
2019-09-02 04:00:00+00:00,25277.4
2019-09-02 05:00:00+00:00,27742.5
2019-09-02 06:00:00+00:00,29719.85714
2019-09-02 07:00:00+00:00,31733
2019-09-02 08:00:00+00:00,32771.16667
2019-09-02 09:00:00+00:00,33491.71429
2019-09-02 10:00:00+00:00,34564.4
2019-09-02 11:00:00+00:00,35182.5
2019-09-02 12:00:00+00:00,34999.57143
2019-09-02 13:00:00+00:00,34599.4
2019-09-02 14:00:00+00:00,34570.16667
2019-09-02 15:00:00+00:00,34225.85714
2019-09-02 16:00:00+00:00,33506.8
2019-09-02 17:00:00+00:00,32838.66667
2019-09-02 18:00:00+00:00,32914.71429
2019-09-02 19:00:00+00:00,34055.6
2019-09-02 20:00:00+00:00,31712.5
2019-09-02 21:00:00+00:00,29100.42857
2019-09-02 22:00:00+00:00,27665.6
2019-09-02 23:00:00+00:00,26254.16667
2019-09-03 00:00:00+00:00,25153
2019-09-03 01:00:00+00:00,24695.8
2019-09-03 02:00:00+00:00,24431
2019-09-03 03:00:00+00:00,24634.28571
2019-09-03 04:00:00+00:00,26516.6
2019-09-03 05:00:00+00:00,28636.16667
2019-09-03 06:00:00+00:00,30268
2019-09-03 07:00:00+00:00,32355.2
2019-09-03 08:00:00+00:00,33581.66667
2019-09-03 09:00:00+00:00,34897.14286
2019-09-03 10:00:00+00:00,36074
2019-09-03 11:00:00+00:00,36865
2019-09-03 12:00:00+00:00,36452
2019-09-03 13:00:00+00:00,36038
2019-09-03 14:00:00+00:00,35989.16667
2019-09-03 15:00:00+00:00,35580.71429
2019-09-03 16:00:00+00:00,34768
2019-09-03 17:00:00+00:00,33761.33333
2019-09-03 18:00:00+00:00,33675.85714
2019-09-03 19:00:00+00:00,34625.2
2019-09-03 20:00:00+00:00,32107
2019-09-03 21:00:00+00:00,29523.42857
2019-09-03 22:00:00+00:00,28212.8
2019-09-03 23:00:00+00:00,26840.83333
2019-09-04 00:00:00+00:00,25661.14286
2019-09-04 01:00:00+00:00,25114.4
2019-09-04 02:00:00+00:00,24776.66667
2019-09-04 03:00:00+00:00,25028.42857
2019-09-04 04:00:00+00:00,26997.6
2019-09-04 05:00:00+00:00,29008.16667
2019-09-04 06:00:00+00:00,30746
2019-09-04 07:00:00+00:00,32709.2
2019-09-04 08:00:00+00:00,33766.5
2019-09-04 09:00:00+00:00,35075.57143
2019-09-04 10:00:00+00:00,36294.2
2019-09-04 11:00:00+00:00,36918.5
2019-09-04 12:00:00+00:00,36486.57143
2019-09-04 13:00:00+00:00,35976.4
2019-09-04 14:00:00+00:00,35863
2019-09-04 15:00:00+00:00,35528
2019-09-04 16:00:00+00:00,34760.4
2019-09-04 17:00:00+00:00,33879.33333
2019-09-04 18:00:00+00:00,33917.28571
2019-09-04 19:00:00+00:00,34660.4
2019-09-04 20:00:00+00:00,32312.33333
2019-09-04 21:00:00+00:00,29549
2019-09-04 22:00:00+00:00,28327.2
2019-09-04 23:00:00+00:00,26841.83333
2019-09-05 00:00:00+00:00,25654
2019-09-05 01:00:00+00:00,25110.8
2019-09-05 02:00:00+00:00,24855.16667
2019-09-05 03:00:00+00:00,25002.28571
2019-09-05 04:00:00+00:00,26855.4
2019-09-05 05:00:00+00:00,28925
2019-09-05 06:00:00+00:00,30388.57143
2019-09-05 07:00:00+00:00,32209.2
2019-09-05 08:00:00+00:00,32868.83333
2019-09-05 09:00:00+00:00,33728.14286
2019-09-05 10:00:00+00:00,34547
2019-09-05 11:00:00+00:00,35215.16667
2019-09-05 12:00:00+00:00,34591.71429
2019-09-05 13:00:00+00:00,34109.4
2019-09-05 14:00:00+00:00,33859.16667
2019-09-05 15:00:00+00:00,33641.57143
2019-09-05 16:00:00+00:00,33060
2019-09-05 17:00:00+00:00,32379.16667
2019-09-05 18:00:00+00:00,32763
2019-09-05 19:00:00+00:00,33577.6
2019-09-05 20:00:00+00:00,31108.83333
2019-09-05 21:00:00+00:00,28363.71429
2019-09-05 22:00:00+00:00,27134.8
2019-09-05 23:00:00+00:00,25887.66667
2019-09-06 00:00:00+00:00,24778.57143
2019-09-06 01:00:00+00:00,24363
2019-09-06 02:00:00+00:00,24125.33333
2019-09-06 03:00:00+00:00,24385.71429
2019-09-06 04:00:00+00:00,26069.4
2019-09-06 05:00:00+00:00,28149.83333
2019-09-06 06:00:00+00:00,29477.28571
2019-09-06 07:00:00+00:00,31197
2019-09-06 08:00:00+00:00,31958.33333
2019-09-06 09:00:00+00:00,32746.14286
2019-09-06 10:00:00+00:00,33498
2019-09-06 11:00:00+00:00,33950.66667
2019-09-06 12:00:00+00:00,33188.71429
2019-09-06 13:00:00+00:00,32592.4
2019-09-06 14:00:00+00:00,32436.83333
2019-09-06 15:00:00+00:00,32084.28571
2019-09-06 16:00:00+00:00,31454.4
2019-09-06 17:00:00+00:00,30925.66667
2019-09-06 18:00:00+00:00,31393.28571
2019-09-06 19:00:00+00:00,32106.4
2019-09-06 20:00:00+00:00,29848.16667
2019-09-06 21:00:00+00:00,27559
2019-09-06 22:00:00+00:00,26529.4
2019-09-06 23:00:00+00:00,25246.5
2019-09-07 00:00:00+00:00,24058.14286
2019-09-07 01:00:00+00:00,23409.4
2019-09-07 02:00:00+00:00,23128.83333
2019-09-07 03:00:00+00:00,22820.85714
2019-09-07 04:00:00+00:00,22940.2
2019-09-07 05:00:00+00:00,23641.16667
2019-09-07 06:00:00+00:00,24269
2019-09-07 07:00:00+00:00,26312
2019-09-07 08:00:00+00:00,27802
2019-09-07 09:00:00+00:00,28620.28571
2019-09-07 10:00:00+00:00,29118.8
2019-09-07 11:00:00+00:00,29440.5
2019-09-07 12:00:00+00:00,29103
2019-09-07 13:00:00+00:00,27943.8
2019-09-07 14:00:00+00:00,27519.83333
2019-09-07 15:00:00+00:00,27264.42857
2019-09-07 16:00:00+00:00,27055.6
2019-09-07 17:00:00+00:00,27051.66667
2019-09-07 18:00:00+00:00,27809.14286
2019-09-07 19:00:00+00:00,29184.6
2019-09-07 20:00:00+00:00,27555.33333
2019-09-07 21:00:00+00:00,25705.42857
2019-09-07 22:00:00+00:00,24503.6
2019-09-07 23:00:00+00:00,23199.33333
2019-09-08 00:00:00+00:00,22215.71429
2019-09-08 01:00:00+00:00,21643.2
2019-09-08 02:00:00+00:00,21181.83333
2019-09-08 03:00:00+00:00,20974.28571
2019-09-08 04:00:00+00:00,21346.2
2019-09-08 05:00:00+00:00,21450.16667
2019-09-08 06:00:00+00:00,21562.71429
2019-09-08 07:00:00+00:00,23134.2
2019-09-08 08:00:00+00:00,24391
2019-09-08 09:00:00+00:00,25448
2019-09-08 10:00:00+00:00,26028.2
2019-09-08 11:00:00+00:00,26698.83333
2019-09-08 12:00:00+00:00,26851.42857
2019-09-08 13:00:00+00:00,25981.2
2019-09-08 14:00:00+00:00,25452
2019-09-08 15:00:00+00:00,25066.85714
2019-09-08 16:00:00+00:00,25021.2
2019-09-08 17:00:00+00:00,25238.66667
2019-09-08 18:00:00+00:00,26534
2019-09-08 19:00:00+00:00,28397.8
2019-09-08 20:00:00+00:00,27338.66667
2019-09-08 21:00:00+00:00,25778.14286
2019-09-08 22:00:00+00:00,24130
2019-09-08 23:00:00+00:00,23170.66667
2019-09-09 00:00:00+00:00,22333.28571
2019-09-09 01:00:00+00:00,22035.8
2019-09-09 02:00:00+00:00,21990.5
2019-09-09 03:00:00+00:00,22553
2019-09-09 04:00:00+00:00,24586.6
2019-09-09 05:00:00+00:00,26972.66667
2019-09-09 06:00:00+00:00,28517.57143
2019-09-09 07:00:00+00:00,30153.8
2019-09-09 08:00:00+00:00,30989
2019-09-09 09:00:00+00:00,31755.28571
2019-09-09 10:00:00+00:00,32606.2
2019-09-09 11:00:00+00:00,32989.33333
2019-09-09 12:00:00+00:00,32319.85714
2019-09-09 13:00:00+00:00,31694
2019-09-09 14:00:00+00:00,31556.33333
2019-09-09 15:00:00+00:00,31354
2019-09-09 16:00:00+00:00,31110
2019-09-09 17:00:00+00:00,30654.16667
2019-09-09 18:00:00+00:00,31704.42857
2019-09-09 19:00:00+00:00,32294.2
2019-09-09 20:00:00+00:00,29750.33333
2019-09-09 21:00:00+00:00,26976.57143
2019-09-09 22:00:00+00:00,26040.4
2019-09-09 23:00:00+00:00,24880.33333
2019-09-10 00:00:00+00:00,23914.42857
2019-09-10 01:00:00+00:00,23659.4
2019-09-10 02:00:00+00:00,23306.16667
2019-09-10 03:00:00+00:00,23570.42857
2019-09-10 04:00:00+00:00,25500.6
2019-09-10 05:00:00+00:00,28035
2019-09-10 06:00:00+00:00,29460.71429
2019-09-10 07:00:00+00:00,30848.6
2019-09-10 08:00:00+00:00,31423.16667
2019-09-10 09:00:00+00:00,31722.28571
2019-09-10 10:00:00+00:00,32073.4
2019-09-10 11:00:00+00:00,32092
2019-09-10 12:00:00+00:00,31330.85714
2019-09-10 13:00:00+00:00,30730.6
2019-09-10 14:00:00+00:00,30539
2019-09-10 15:00:00+00:00,30293.28571
2019-09-10 16:00:00+00:00,29813.8
2019-09-10 17:00:00+00:00,29712
2019-09-10 18:00:00+00:00,31039.71429
2019-09-10 19:00:00+00:00,31718.2
2019-09-10 20:00:00+00:00,29079.33333
2019-09-10 21:00:00+00:00,26381.85714
2019-09-10 22:00:00+00:00,25332.8
2019-09-10 23:00:00+00:00,24049.83333
2019-09-11 00:00:00+00:00,23321.71429
2019-09-11 01:00:00+00:00,22737.2
2019-09-11 02:00:00+00:00,22656.66667
2019-09-11 03:00:00+00:00,22724.28571
2019-09-11 04:00:00+00:00,24198.6
2019-09-11 05:00:00+00:00,26367.16667
2019-09-11 06:00:00+00:00,27534.14286
2019-09-11 07:00:00+00:00,28783.4
2019-09-11 08:00:00+00:00,29384.33333
2019-09-11 09:00:00+00:00,29860.42857
2019-09-11 10:00:00+00:00,30596.6
2019-09-11 11:00:00+00:00,30746.5
2019-09-11 12:00:00+00:00,29925.42857
2019-09-11 13:00:00+00:00,28968.2
2019-09-11 14:00:00+00:00,28717.16667
2019-09-11 15:00:00+00:00,28710.85714
2019-09-11 16:00:00+00:00,28419
2019-09-11 17:00:00+00:00,28438.33333
2019-09-11 18:00:00+00:00,29843.14286
2019-09-11 19:00:00+00:00,30955.6
2019-09-11 20:00:00+00:00,28537.16667
2019-09-11 21:00:00+00:00,26077.57143
2019-09-11 22:00:00+00:00,24915
2019-09-11 23:00:00+00:00,23791.33333
2019-09-12 00:00:00+00:00,22764.71429
2019-09-12 01:00:00+00:00,22446.2
2019-09-12 02:00:00+00:00,22549.33333
2019-09-12 03:00:00+00:00,22825
2019-09-12 04:00:00+00:00,24749.6
2019-09-12 05:00:00+00:00,27202.83333
2019-09-12 06:00:00+00:00,28852.57143
2019-09-12 07:00:00+00:00,30224.2
2019-09-12 08:00:00+00:00,31016.33333
2019-09-12 09:00:00+00:00,31406.85714
2019-09-12 10:00:00+00:00,31971
2019-09-12 11:00:00+00:00,32042.83333
2019-09-12 12:00:00+00:00,31271.28571
2019-09-12 13:00:00+00:00,30718.2
2019-09-12 14:00:00+00:00,30475.16667
2019-09-12 15:00:00+00:00,30388.14286
2019-09-12 16:00:00+00:00,30034.2
2019-09-12 17:00:00+00:00,29886.33333
2019-09-12 18:00:00+00:00,31143.42857
2019-09-12 19:00:00+00:00,31426.6
2019-09-12 20:00:00+00:00,28811.16667
2019-09-12 21:00:00+00:00,26360.57143
2019-09-12 22:00:00+00:00,25218.2
2019-09-12 23:00:00+00:00,23797.66667
2019-09-13 00:00:00+00:00,22865.57143
2019-09-13 01:00:00+00:00,22639.6
2019-09-13 02:00:00+00:00,22379
2019-09-13 03:00:00+00:00,22721.28571
2019-09-13 04:00:00+00:00,24547.4
2019-09-13 05:00:00+00:00,27062.83333
2019-09-13 06:00:00+00:00,28597
2019-09-13 07:00:00+00:00,30108.4
2019-09-13 08:00:00+00:00,30777.33333
2019-09-13 09:00:00+00:00,31144.57143
2019-09-13 10:00:00+00:00,31652.8
2019-09-13 11:00:00+00:00,31717.16667
2019-09-13 12:00:00+00:00,30596.57143
2019-09-13 13:00:00+00:00,29561
2019-09-13 14:00:00+00:00,29274.16667
2019-09-13 15:00:00+00:00,29194.57143
2019-09-13 16:00:00+00:00,28975.6
2019-09-13 17:00:00+00:00,28971.66667
2019-09-13 18:00:00+00:00,30126.14286
2019-09-13 19:00:00+00:00,30607
2019-09-13 20:00:00+00:00,28154.33333
2019-09-13 21:00:00+00:00,25878
2019-09-13 22:00:00+00:00,24739.8
2019-09-13 23:00:00+00:00,23646.66667
2019-09-14 00:00:00+00:00,22615.28571
2019-09-14 01:00:00+00:00,22112.6
2019-09-14 02:00:00+00:00,21774.5
2019-09-14 03:00:00+00:00,21336.14286
2019-09-14 04:00:00+00:00,21709.4
2019-09-14 05:00:00+00:00,22327.83333
2019-09-14 06:00:00+00:00,23091.85714
2019-09-14 07:00:00+00:00,25072.2
2019-09-14 08:00:00+00:00,26769.16667
2019-09-14 09:00:00+00:00,27549.71429
2019-09-14 10:00:00+00:00,28094.8
2019-09-14 11:00:00+00:00,28281.16667
2019-09-14 12:00:00+00:00,27670.42857
2019-09-14 13:00:00+00:00,26270.2
2019-09-14 14:00:00+00:00,25579
2019-09-14 15:00:00+00:00,25193.71429
2019-09-14 16:00:00+00:00,25082.2
2019-09-14 17:00:00+00:00,25247.66667
2019-09-14 18:00:00+00:00,26900.85714
2019-09-14 19:00:00+00:00,28038
2019-09-14 20:00:00+00:00,26376.83333
2019-09-14 21:00:00+00:00,24499.42857
2019-09-14 22:00:00+00:00,23140
2019-09-14 23:00:00+00:00,21854.66667
2019-09-15 00:00:00+00:00,20915.71429
2019-09-15 01:00:00+00:00,20386
2019-09-15 02:00:00+00:00,19922.16667
2019-09-15 03:00:00+00:00,19798.14286
2019-09-15 04:00:00+00:00,20213.6
2019-09-15 05:00:00+00:00,20546.5
2019-09-15 06:00:00+00:00,20813.14286
2019-09-15 07:00:00+00:00,22386.8
2019-09-15 08:00:00+00:00,23940.5
2019-09-15 09:00:00+00:00,25051.14286
2019-09-15 10:00:00+00:00,25721.8
2019-09-15 11:00:00+00:00,26236.16667
2019-09-15 12:00:00+00:00,26095.28571
2019-09-15 13:00:00+00:00,25011
2019-09-15 14:00:00+00:00,24441.5
2019-09-15 15:00:00+00:00,24011
2019-09-15 16:00:00+00:00,24053.8
2019-09-15 17:00:00+00:00,24353.83333
2019-09-15 18:00:00+00:00,26339.28571
2019-09-15 19:00:00+00:00,27802.2
2019-09-15 20:00:00+00:00,26652.16667
2019-09-15 21:00:00+00:00,24784
2019-09-15 22:00:00+00:00,23093.8
2019-09-15 23:00:00+00:00,22084.16667
2019-09-16 00:00:00+00:00,21278.85714
2019-09-16 01:00:00+00:00,20928
2019-09-16 02:00:00+00:00,21068.16667
2019-09-16 03:00:00+00:00,21613.71429
2019-09-16 04:00:00+00:00,24081.2
2019-09-16 05:00:00+00:00,27227.33333
2019-09-16 06:00:00+00:00,29243.85714
2019-09-16 07:00:00+00:00,30656.2
2019-09-16 08:00:00+00:00,31645.5
2019-09-16 09:00:00+00:00,32215.85714
2019-09-16 10:00:00+00:00,32924.2
2019-09-16 11:00:00+00:00,33014.5
2019-09-16 12:00:00+00:00,32233
2019-09-16 13:00:00+00:00,31703.8
2019-09-16 14:00:00+00:00,31559.66667
2019-09-16 15:00:00+00:00,31601.28571
2019-09-16 16:00:00+00:00,31107.4
2019-09-16 17:00:00+00:00,30736
2019-09-16 18:00:00+00:00,32140.85714
2019-09-16 19:00:00+00:00,32251
2019-09-16 20:00:00+00:00,29223.5
2019-09-16 21:00:00+00:00,26608.14286
2019-09-16 22:00:00+00:00,25474.4
2019-09-16 23:00:00+00:00,24294.5
2019-09-17 00:00:00+00:00,23354.85714
2019-09-17 01:00:00+00:00,23020.2
2019-09-17 02:00:00+00:00,22945.66667
2019-09-17 03:00:00+00:00,23376.28571
2019-09-17 04:00:00+00:00,25444.4
2019-09-17 05:00:00+00:00,28407.5
2019-09-17 06:00:00+00:00,29948.71429
2019-09-17 07:00:00+00:00,30994.8
2019-09-17 08:00:00+00:00,31556
2019-09-17 09:00:00+00:00,32399.28571
2019-09-17 10:00:00+00:00,33433.4
2019-09-17 11:00:00+00:00,33601.16667
2019-09-17 12:00:00+00:00,32723.57143
2019-09-17 13:00:00+00:00,32283.6
2019-09-17 14:00:00+00:00,32282.66667
2019-09-17 15:00:00+00:00,32046.14286
2019-09-17 16:00:00+00:00,31538
2019-09-17 17:00:00+00:00,31250.33333
2019-09-17 18:00:00+00:00,32560.42857
2019-09-17 19:00:00+00:00,32659.4
2019-09-17 20:00:00+00:00,29692.16667
2019-09-17 21:00:00+00:00,27008
2019-09-17 22:00:00+00:00,25601.8
2019-09-17 23:00:00+00:00,24356
2019-09-18 00:00:00+00:00,23383.85714
2019-09-18 01:00:00+00:00,22828.8
2019-09-18 02:00:00+00:00,22918.83333
2019-09-18 03:00:00+00:00,23290.28571
2019-09-18 04:00:00+00:00,25280.2
2019-09-18 05:00:00+00:00,28252.83333
2019-09-18 06:00:00+00:00,29913
2019-09-18 07:00:00+00:00,31256.2
2019-09-18 08:00:00+00:00,31950.16667
2019-09-18 09:00:00+00:00,32643.85714
2019-09-18 10:00:00+00:00,33399.2
2019-09-18 11:00:00+00:00,33685.33333
2019-09-18 12:00:00+00:00,32936.57143
2019-09-18 13:00:00+00:00,32429.2
2019-09-18 14:00:00+00:00,32289.66667
2019-09-18 15:00:00+00:00,32240.57143
2019-09-18 16:00:00+00:00,31672
2019-09-18 17:00:00+00:00,31284.5
2019-09-18 18:00:00+00:00,32718.28571
2019-09-18 19:00:00+00:00,32639.8
2019-09-18 20:00:00+00:00,29578.16667
2019-09-18 21:00:00+00:00,27000
2019-09-18 22:00:00+00:00,25656.8
2019-09-18 23:00:00+00:00,24428.33333
2019-09-19 00:00:00+00:00,23399.71429
2019-09-19 01:00:00+00:00,23171.8
2019-09-19 02:00:00+00:00,23070.66667
2019-09-19 03:00:00+00:00,23417.57143
2019-09-19 04:00:00+00:00,25556.8
2019-09-19 05:00:00+00:00,28489.83333
2019-09-19 06:00:00+00:00,30184.85714
2019-09-19 07:00:00+00:00,31268.6
2019-09-19 08:00:00+00:00,31902.66667
2019-09-19 09:00:00+00:00,32620.85714
2019-09-19 10:00:00+00:00,33537
2019-09-19 11:00:00+00:00,33890.33333
2019-09-19 12:00:00+00:00,33098.71429
2019-09-19 13:00:00+00:00,32702.4
2019-09-19 14:00:00+00:00,32363
2019-09-19 15:00:00+00:00,32312.28571
2019-09-19 16:00:00+00:00,31606
2019-09-19 17:00:00+00:00,31356.33333
2019-09-19 18:00:00+00:00,32812
2019-09-19 19:00:00+00:00,32720
2019-09-19 20:00:00+00:00,29862
2019-09-19 21:00:00+00:00,27154.42857
2019-09-19 22:00:00+00:00,25753.6
2019-09-19 23:00:00+00:00,24592.33333
2019-09-20 00:00:00+00:00,23635.28571
2019-09-20 01:00:00+00:00,23250.6
2019-09-20 02:00:00+00:00,23097
2019-09-20 03:00:00+00:00,23461.28571
2019-09-20 04:00:00+00:00,25570.8
2019-09-20 05:00:00+00:00,28590.5
2019-09-20 06:00:00+00:00,30125
2019-09-20 07:00:00+00:00,31408.4
2019-09-20 08:00:00+00:00,32271.66667
2019-09-20 09:00:00+00:00,32800.28571
2019-09-20 10:00:00+00:00,33432.4
2019-09-20 11:00:00+00:00,33523.33333
2019-09-20 12:00:00+00:00,32589.71429
2019-09-20 13:00:00+00:00,31791.8
2019-09-20 14:00:00+00:00,31319
2019-09-20 15:00:00+00:00,30913.85714
2019-09-20 16:00:00+00:00,30609.2
2019-09-20 17:00:00+00:00,30340.5
2019-09-20 18:00:00+00:00,31771.28571
2019-09-20 19:00:00+00:00,31589
2019-09-20 20:00:00+00:00,28885.16667
2019-09-20 21:00:00+00:00,26623.42857
2019-09-20 22:00:00+00:00,25509
2019-09-20 23:00:00+00:00,24313.5
2019-09-21 00:00:00+00:00,23184.42857
2019-09-21 01:00:00+00:00,22727.6
2019-09-21 02:00:00+00:00,22422
2019-09-21 03:00:00+00:00,22062.85714
2019-09-21 04:00:00+00:00,22428.8
2019-09-21 05:00:00+00:00,23315.83333
2019-09-21 06:00:00+00:00,24302.28571
2019-09-21 07:00:00+00:00,26404.4
2019-09-21 08:00:00+00:00,27920.5
2019-09-21 09:00:00+00:00,28638
2019-09-21 10:00:00+00:00,28977
2019-09-21 11:00:00+00:00,29289.16667
2019-09-21 12:00:00+00:00,28509.57143
2019-09-21 13:00:00+00:00,27075.6
2019-09-21 14:00:00+00:00,26245.83333
2019-09-21 15:00:00+00:00,25965.42857
2019-09-21 16:00:00+00:00,25835.4
2019-09-21 17:00:00+00:00,25865
2019-09-21 18:00:00+00:00,27861.42857
2019-09-21 19:00:00+00:00,28466.6
2019-09-21 20:00:00+00:00,26748.83333
2019-09-21 21:00:00+00:00,24848.71429
2019-09-21 22:00:00+00:00,23289.8
2019-09-21 23:00:00+00:00,22149.66667
2019-09-22 00:00:00+00:00,21116.28571
2019-09-22 01:00:00+00:00,20553.6
2019-09-22 02:00:00+00:00,20287.66667
2019-09-22 03:00:00+00:00,20209.42857
2019-09-22 04:00:00+00:00,20630
2019-09-22 05:00:00+00:00,20812.33333
2019-09-22 06:00:00+00:00,21048.28571
2019-09-22 07:00:00+00:00,22899.6
2019-09-22 08:00:00+00:00,24253.66667
2019-09-22 09:00:00+00:00,25408
2019-09-22 10:00:00+00:00,25879.6
2019-09-22 11:00:00+00:00,26169
2019-09-22 12:00:00+00:00,25963.57143
2019-09-22 13:00:00+00:00,24726.6
2019-09-22 14:00:00+00:00,24034.33333
2019-09-22 15:00:00+00:00,23854.42857
2019-09-22 16:00:00+00:00,23845.4
2019-09-22 17:00:00+00:00,24331.83333
2019-09-22 18:00:00+00:00,26713
2019-09-22 19:00:00+00:00,27658.8
2019-09-22 20:00:00+00:00,26368.66667
2019-09-22 21:00:00+00:00,24612.14286
2019-09-22 22:00:00+00:00,22979
2019-09-22 23:00:00+00:00,22031.83333
2019-09-23 00:00:00+00:00,21152.28571
2019-09-23 01:00:00+00:00,20756.6
2019-09-23 02:00:00+00:00,20729.66667
2019-09-23 03:00:00+00:00,21341.14286
2019-09-23 04:00:00+00:00,23855.8
2019-09-23 05:00:00+00:00,26960.5
2019-09-23 06:00:00+00:00,28645.57143
2019-09-23 07:00:00+00:00,29830
2019-09-23 08:00:00+00:00,30703.66667
2019-09-23 09:00:00+00:00,31271.42857
2019-09-23 10:00:00+00:00,31785.4
2019-09-23 11:00:00+00:00,31933
2019-09-23 12:00:00+00:00,31008.85714
2019-09-23 13:00:00+00:00,30485.8
2019-09-23 14:00:00+00:00,30235.66667
2019-09-23 15:00:00+00:00,30081.85714
2019-09-23 16:00:00+00:00,29879
2019-09-23 17:00:00+00:00,29701.33333
2019-09-23 18:00:00+00:00,31812.14286
2019-09-23 19:00:00+00:00,31603.2
2019-09-23 20:00:00+00:00,28711.5
2019-09-23 21:00:00+00:00,26143.85714
2019-09-23 22:00:00+00:00,24902
2019-09-23 23:00:00+00:00,23647.5
2019-09-24 00:00:00+00:00,22826.57143
2019-09-24 01:00:00+00:00,22522.8
2019-09-24 02:00:00+00:00,22564.33333
2019-09-24 03:00:00+00:00,22925.14286
2019-09-24 04:00:00+00:00,24764.6
2019-09-24 05:00:00+00:00,27713.33333
2019-09-24 06:00:00+00:00,29056.28571
2019-09-24 07:00:00+00:00,30192
2019-09-24 08:00:00+00:00,30823.33333
2019-09-24 09:00:00+00:00,31603.71429
2019-09-24 10:00:00+00:00,32354.6
2019-09-24 11:00:00+00:00,32761.33333
2019-09-24 12:00:00+00:00,31827.71429
2019-09-24 13:00:00+00:00,31413
2019-09-24 14:00:00+00:00,31375.33333
2019-09-24 15:00:00+00:00,31314.85714
2019-09-24 16:00:00+00:00,30950.6
2019-09-24 17:00:00+00:00,30639.5
2019-09-24 18:00:00+00:00,32385.28571
2019-09-24 19:00:00+00:00,32223
2019-09-24 20:00:00+00:00,29372.5
2019-09-24 21:00:00+00:00,26670.28571
2019-09-24 22:00:00+00:00,25582.8
2019-09-24 23:00:00+00:00,24375.5
2019-09-25 00:00:00+00:00,23302.28571
2019-09-25 01:00:00+00:00,23018.4
2019-09-25 02:00:00+00:00,23003.5
2019-09-25 03:00:00+00:00,23421.14286
2019-09-25 04:00:00+00:00,25464.6
2019-09-25 05:00:00+00:00,28588
2019-09-25 06:00:00+00:00,30020.14286
2019-09-25 07:00:00+00:00,31163.6
2019-09-25 08:00:00+00:00,31746
2019-09-25 09:00:00+00:00,32524.14286
2019-09-25 10:00:00+00:00,33149
2019-09-25 11:00:00+00:00,33138
2019-09-25 12:00:00+00:00,32235.28571
2019-09-25 13:00:00+00:00,31669.2
2019-09-25 14:00:00+00:00,31508.16667
2019-09-25 15:00:00+00:00,31391
2019-09-25 16:00:00+00:00,30899.8
2019-09-25 17:00:00+00:00,30827.83333
2019-09-25 18:00:00+00:00,32654.42857
2019-09-25 19:00:00+00:00,32266
2019-09-25 20:00:00+00:00,29332.83333
2019-09-25 21:00:00+00:00,26610.57143
2019-09-25 22:00:00+00:00,25543
2019-09-25 23:00:00+00:00,24304.33333
2019-09-26 00:00:00+00:00,23458.42857
2019-09-26 01:00:00+00:00,23118.2
2019-09-26 02:00:00+00:00,22926.83333
2019-09-26 03:00:00+00:00,23317.57143
2019-09-26 04:00:00+00:00,25371.2
2019-09-26 05:00:00+00:00,28307.66667
2019-09-26 06:00:00+00:00,29921.42857
2019-09-26 07:00:00+00:00,30849.8
2019-09-26 08:00:00+00:00,31426.5
2019-09-26 09:00:00+00:00,32133
2019-09-26 10:00:00+00:00,32753.2
2019-09-26 11:00:00+00:00,33146.83333
2019-09-26 12:00:00+00:00,32377.42857
2019-09-26 13:00:00+00:00,32003
2019-09-26 14:00:00+00:00,31945.66667
2019-09-26 15:00:00+00:00,31812.57143
2019-09-26 16:00:00+00:00,31335.4
2019-09-26 17:00:00+00:00,31039.5
2019-09-26 18:00:00+00:00,32932.42857
2019-09-26 19:00:00+00:00,32636
2019-09-26 20:00:00+00:00,29721.33333
2019-09-26 21:00:00+00:00,26969.14286
2019-09-26 22:00:00+00:00,25801.6
2019-09-26 23:00:00+00:00,24710.16667
2019-09-27 00:00:00+00:00,23664.28571
2019-09-27 01:00:00+00:00,23294.4
2019-09-27 02:00:00+00:00,22964.33333
2019-09-27 03:00:00+00:00,23444.71429
2019-09-27 04:00:00+00:00,25509.4
2019-09-27 05:00:00+00:00,28326
2019-09-27 06:00:00+00:00,29771.71429
2019-09-27 07:00:00+00:00,31002
2019-09-27 08:00:00+00:00,31775.83333
2019-09-27 09:00:00+00:00,32450.57143
2019-09-27 10:00:00+00:00,33184.2
2019-09-27 11:00:00+00:00,33507.33333
2019-09-27 12:00:00+00:00,32564
2019-09-27 13:00:00+00:00,31781.6
2019-09-27 14:00:00+00:00,31501.5
2019-09-27 15:00:00+00:00,31303
2019-09-27 16:00:00+00:00,30647.2
2019-09-27 17:00:00+00:00,30366
2019-09-27 18:00:00+00:00,31744.71429
2019-09-27 19:00:00+00:00,31205.4
2019-09-27 20:00:00+00:00,28628.16667
2019-09-27 21:00:00+00:00,26252.71429
2019-09-27 22:00:00+00:00,25236.6
2019-09-27 23:00:00+00:00,24043
2019-09-28 00:00:00+00:00,22932.42857
2019-09-28 01:00:00+00:00,22354.2
2019-09-28 02:00:00+00:00,22030.33333
2019-09-28 03:00:00+00:00,21792
2019-09-28 04:00:00+00:00,22205
2019-09-28 05:00:00+00:00,23174.83333
2019-09-28 06:00:00+00:00,24109.42857
2019-09-28 07:00:00+00:00,26200
2019-09-28 08:00:00+00:00,27670.83333
2019-09-28 09:00:00+00:00,28372.14286
2019-09-28 10:00:00+00:00,28833.8
2019-09-28 11:00:00+00:00,29020.66667
2019-09-28 12:00:00+00:00,28366.71429
2019-09-28 13:00:00+00:00,27254.2
2019-09-28 14:00:00+00:00,26501.5
2019-09-28 15:00:00+00:00,26128.42857
2019-09-28 16:00:00+00:00,26010.4
2019-09-28 17:00:00+00:00,26045.66667
2019-09-28 18:00:00+00:00,27910.42857
2019-09-28 19:00:00+00:00,28170.4
2019-09-28 20:00:00+00:00,26337.66667
2019-09-28 21:00:00+00:00,24462.14286
2019-09-28 22:00:00+00:00,22954.2
2019-09-28 23:00:00+00:00,21724.66667
2019-09-29 00:00:00+00:00,20674.14286
2019-09-29 01:00:00+00:00,19982.2
2019-09-29 02:00:00+00:00,19662.16667
2019-09-29 03:00:00+00:00,19663.28571
2019-09-29 04:00:00+00:00,19963.2
2019-09-29 05:00:00+00:00,20311.66667
2019-09-29 06:00:00+00:00,20692.85714
2019-09-29 07:00:00+00:00,22317.2
2019-09-29 08:00:00+00:00,23819.83333
2019-09-29 09:00:00+00:00,24794.28571
2019-09-29 10:00:00+00:00,25493.6
2019-09-29 11:00:00+00:00,26108.16667
2019-09-29 12:00:00+00:00,26145.28571
2019-09-29 13:00:00+00:00,25180.2
2019-09-29 14:00:00+00:00,24567.66667
2019-09-29 15:00:00+00:00,24394.28571
2019-09-29 16:00:00+00:00,24472.2
2019-09-29 17:00:00+00:00,24789.33333
2019-09-29 18:00:00+00:00,27352.42857
2019-09-29 19:00:00+00:00,27996.8
2019-09-29 20:00:00+00:00,26475.66667
2019-09-29 21:00:00+00:00,24540.28571
2019-09-29 22:00:00+00:00,22897.8
2019-09-29 23:00:00+00:00,21929.5
2019-09-30 00:00:00+00:00,21070
2019-09-30 01:00:00+00:00,20728.8
2019-09-30 02:00:00+00:00,20751.83333
2019-09-30 03:00:00+00:00,21387.14286
2019-09-30 04:00:00+00:00,23935.6
2019-09-30 05:00:00+00:00,27233
2019-09-30 06:00:00+00:00,28963.85714
2019-09-30 07:00:00+00:00,30165
2019-09-30 08:00:00+00:00,30990
2019-09-30 09:00:00+00:00,31677.14286
2019-09-30 10:00:00+00:00,32581.2
2019-09-30 11:00:00+00:00,32915.33333
2019-09-30 12:00:00+00:00,32103.57143
2019-09-30 13:00:00+00:00,31592.8
2019-09-30 14:00:00+00:00,31577.33333
2019-09-30 15:00:00+00:00,31480.85714
2019-09-30 16:00:00+00:00,30934
2019-09-30 17:00:00+00:00,30757.33333
2019-09-30 18:00:00+00:00,32630.57143
2019-09-30 19:00:00+00:00,31914.2
2019-09-30 20:00:00+00:00,28887.33333
2019-09-30 21:00:00+00:00,26240
2019-09-30 22:00:00+00:00,25062.4
2019-09-30 23:00:00+00:00,23794.33333
2019-10-01 00:00:00+00:00,22968.85714
2019-10-01 01:00:00+00:00,22659.8
2019-10-01 02:00:00+00:00,22523.33333
2019-10-01 03:00:00+00:00,23023.57143
2019-10-01 04:00:00+00:00,25300.4
2019-10-01 05:00:00+00:00,28424
2019-10-01 06:00:00+00:00,30269.71429
2019-10-01 07:00:00+00:00,31213
2019-10-01 08:00:00+00:00,32046
2019-10-01 09:00:00+00:00,32625.42857
2019-10-01 10:00:00+00:00,33260
2019-10-01 11:00:00+00:00,33421
2019-10-01 12:00:00+00:00,32617.57143
2019-10-01 13:00:00+00:00,31980.6
2019-10-01 14:00:00+00:00,31992.66667
2019-10-01 15:00:00+00:00,32079
2019-10-01 16:00:00+00:00,31504
2019-10-01 17:00:00+00:00,31217.66667
2019-10-01 18:00:00+00:00,33139.42857
2019-10-01 19:00:00+00:00,32472.4
2019-10-01 20:00:00+00:00,29586.33333
2019-10-01 21:00:00+00:00,26854.14286
2019-10-01 22:00:00+00:00,25614
2019-10-01 23:00:00+00:00,24348.83333
2019-10-02 00:00:00+00:00,23441.14286
2019-10-02 01:00:00+00:00,22893.2
2019-10-02 02:00:00+00:00,22774
2019-10-02 03:00:00+00:00,23219.42857
2019-10-02 04:00:00+00:00,25360.2
2019-10-02 05:00:00+00:00,28302.33333
2019-10-02 06:00:00+00:00,29937
2019-10-02 07:00:00+00:00,31016
2019-10-02 08:00:00+00:00,31395
2019-10-02 09:00:00+00:00,31989.14286
2019-10-02 10:00:00+00:00,32810.6
2019-10-02 11:00:00+00:00,32892
2019-10-02 12:00:00+00:00,31990.85714
2019-10-02 13:00:00+00:00,31467
2019-10-02 14:00:00+00:00,31222.16667
2019-10-02 15:00:00+00:00,31035.42857
2019-10-02 16:00:00+00:00,30417
2019-10-02 17:00:00+00:00,30269.83333
2019-10-02 18:00:00+00:00,32300.57143
2019-10-02 19:00:00+00:00,31699.6
2019-10-02 20:00:00+00:00,28822.33333
2019-10-02 21:00:00+00:00,26276.57143
2019-10-02 22:00:00+00:00,25112.2
2019-10-02 23:00:00+00:00,23973.66667
2019-10-03 00:00:00+00:00,23133.71429
2019-10-03 01:00:00+00:00,22771
2019-10-03 02:00:00+00:00,22575.83333
2019-10-03 03:00:00+00:00,23026.85714
2019-10-03 04:00:00+00:00,24976.4
2019-10-03 05:00:00+00:00,27866.5
2019-10-03 06:00:00+00:00,29533.57143
2019-10-03 07:00:00+00:00,30457.4
2019-10-03 08:00:00+00:00,30790.83333
2019-10-03 09:00:00+00:00,31266.14286
2019-10-03 10:00:00+00:00,31935
2019-10-03 11:00:00+00:00,32010.16667
2019-10-03 12:00:00+00:00,31233.71429
2019-10-03 13:00:00+00:00,30788
2019-10-03 14:00:00+00:00,30644.33333
2019-10-03 15:00:00+00:00,30402.71429
2019-10-03 16:00:00+00:00,30068.8
2019-10-03 17:00:00+00:00,29939.83333
2019-10-03 18:00:00+00:00,32000.28571
2019-10-03 19:00:00+00:00,31383.4
2019-10-03 20:00:00+00:00,28564.5
2019-10-03 21:00:00+00:00,26111.28571
2019-10-03 22:00:00+00:00,25018.6
2019-10-03 23:00:00+00:00,23792.66667
2019-10-04 00:00:00+00:00,22956
2019-10-04 01:00:00+00:00,22591.6
2019-10-04 02:00:00+00:00,22570
2019-10-04 03:00:00+00:00,22873.42857
2019-10-04 04:00:00+00:00,24924
2019-10-04 05:00:00+00:00,27992.83333
2019-10-04 06:00:00+00:00,29525.85714
2019-10-04 07:00:00+00:00,30517
2019-10-04 08:00:00+00:00,31213.16667
2019-10-04 09:00:00+00:00,31773.14286
2019-10-04 10:00:00+00:00,32347.8
2019-10-04 11:00:00+00:00,32544.33333
2019-10-04 12:00:00+00:00,31600.71429
2019-10-04 13:00:00+00:00,30844.6
2019-10-04 14:00:00+00:00,30576.5
2019-10-04 15:00:00+00:00,30304.14286
2019-10-04 16:00:00+00:00,29682.8
2019-10-04 17:00:00+00:00,29599.66667
2019-10-04 18:00:00+00:00,31353.42857
2019-10-04 19:00:00+00:00,30558.2
2019-10-04 20:00:00+00:00,28032
2019-10-04 21:00:00+00:00,25935.57143
2019-10-04 22:00:00+00:00,25003
2019-10-04 23:00:00+00:00,23704.5
2019-10-05 00:00:00+00:00,22562
2019-10-05 01:00:00+00:00,22006.2
2019-10-05 02:00:00+00:00,21723.16667
2019-10-05 03:00:00+00:00,21642.85714
2019-10-05 04:00:00+00:00,22074.2
2019-10-05 05:00:00+00:00,23097.5
2019-10-05 06:00:00+00:00,24171.14286
2019-10-05 07:00:00+00:00,26139.2
2019-10-05 08:00:00+00:00,27513.66667
2019-10-05 09:00:00+00:00,28174.14286
2019-10-05 10:00:00+00:00,28542.6
2019-10-05 11:00:00+00:00,28752.66667
2019-10-05 12:00:00+00:00,28019.42857
2019-10-05 13:00:00+00:00,26810.2
2019-10-05 14:00:00+00:00,26118.83333
2019-10-05 15:00:00+00:00,25700.57143
2019-10-05 16:00:00+00:00,25410.4
2019-10-05 17:00:00+00:00,25682.16667
2019-10-05 18:00:00+00:00,27822
2019-10-05 19:00:00+00:00,27715.4
2019-10-05 20:00:00+00:00,25972.16667
2019-10-05 21:00:00+00:00,23978.85714
2019-10-05 22:00:00+00:00,22867
2019-10-05 23:00:00+00:00,21678.5
2019-10-06 00:00:00+00:00,20497.57143
2019-10-06 01:00:00+00:00,20066.8
2019-10-06 02:00:00+00:00,19794.16667
2019-10-06 03:00:00+00:00,19760.14286
2019-10-06 04:00:00+00:00,19892.6
2019-10-06 05:00:00+00:00,20370
2019-10-06 06:00:00+00:00,20883.57143
2019-10-06 07:00:00+00:00,22519.4
2019-10-06 08:00:00+00:00,24066.83333
2019-10-06 09:00:00+00:00,25189.71429
2019-10-06 10:00:00+00:00,25528.4
2019-10-06 11:00:00+00:00,26189.16667
2019-10-06 12:00:00+00:00,25881
2019-10-06 13:00:00+00:00,24765.6
2019-10-06 14:00:00+00:00,24108
2019-10-06 15:00:00+00:00,23754.85714
2019-10-06 16:00:00+00:00,23717.8
2019-10-06 17:00:00+00:00,24448.33333
2019-10-06 18:00:00+00:00,27299.85714
2019-10-06 19:00:00+00:00,27525.6
2019-10-06 20:00:00+00:00,26003.16667
2019-10-06 21:00:00+00:00,24186
2019-10-06 22:00:00+00:00,22928.8
2019-10-06 23:00:00+00:00,21799.16667
2019-10-07 00:00:00+00:00,20987.71429
2019-10-07 01:00:00+00:00,20769
2019-10-07 02:00:00+00:00,20858.5
2019-10-07 03:00:00+00:00,21491.42857
2019-10-07 04:00:00+00:00,23961.8
2019-10-07 05:00:00+00:00,27369.5
2019-10-07 06:00:00+00:00,29157.85714
2019-10-07 07:00:00+00:00,30082.2
2019-10-07 08:00:00+00:00,30684.66667
2019-10-07 09:00:00+00:00,31401
2019-10-07 10:00:00+00:00,31991.4
2019-10-07 11:00:00+00:00,32286.66667
2019-10-07 12:00:00+00:00,31436.14286
2019-10-07 13:00:00+00:00,30952.8
2019-10-07 14:00:00+00:00,30696.83333
2019-10-07 15:00:00+00:00,30610.85714
2019-10-07 16:00:00+00:00,30041
2019-10-07 17:00:00+00:00,30295.66667
2019-10-07 18:00:00+00:00,32176.42857
2019-10-07 19:00:00+00:00,31720.2
2019-10-07 20:00:00+00:00,28736.16667
2019-10-07 21:00:00+00:00,26025.57143
2019-10-07 22:00:00+00:00,24702.6
2019-10-07 23:00:00+00:00,23585.33333
2019-10-08 00:00:00+00:00,22714.42857
2019-10-08 01:00:00+00:00,22506.6
2019-10-08 02:00:00+00:00,22309.5
2019-10-08 03:00:00+00:00,22765.71429
2019-10-08 04:00:00+00:00,24992.4
2019-10-08 05:00:00+00:00,28144
2019-10-08 06:00:00+00:00,29653.14286
2019-10-08 07:00:00+00:00,30638.4
2019-10-08 08:00:00+00:00,31121.16667
2019-10-08 09:00:00+00:00,31977
2019-10-08 10:00:00+00:00,32717.8
2019-10-08 11:00:00+00:00,33216.33333
2019-10-08 12:00:00+00:00,32267.28571
2019-10-08 13:00:00+00:00,31639.2
2019-10-08 14:00:00+00:00,31515.83333
2019-10-08 15:00:00+00:00,31495.57143
2019-10-08 16:00:00+00:00,30999.4
2019-10-08 17:00:00+00:00,31027.66667
2019-10-08 18:00:00+00:00,32994.42857
2019-10-08 19:00:00+00:00,31946.4
2019-10-08 20:00:00+00:00,29050
2019-10-08 21:00:00+00:00,26340
2019-10-08 22:00:00+00:00,25102.4
2019-10-08 23:00:00+00:00,23888.83333
2019-10-09 00:00:00+00:00,22863.14286
2019-10-09 01:00:00+00:00,22623.6
2019-10-09 02:00:00+00:00,22494.16667
2019-10-09 03:00:00+00:00,22791.28571
2019-10-09 04:00:00+00:00,24698.4
2019-10-09 05:00:00+00:00,27431.66667
2019-10-09 06:00:00+00:00,29013
2019-10-09 07:00:00+00:00,29879.2
2019-10-09 08:00:00+00:00,30444.66667
2019-10-09 09:00:00+00:00,30971.71429
2019-10-09 10:00:00+00:00,31844.2
2019-10-09 11:00:00+00:00,31978.5
2019-10-09 12:00:00+00:00,31137.14286
2019-10-09 13:00:00+00:00,30476.4
2019-10-09 14:00:00+00:00,30239.16667
2019-10-09 15:00:00+00:00,30162.71429
2019-10-09 16:00:00+00:00,29679.8
2019-10-09 17:00:00+00:00,29788.16667
2019-10-09 18:00:00+00:00,31820
2019-10-09 19:00:00+00:00,31107.6
2019-10-09 20:00:00+00:00,28482.83333
2019-10-09 21:00:00+00:00,25884.71429
2019-10-09 22:00:00+00:00,24803
2019-10-09 23:00:00+00:00,23709.16667
2019-10-10 00:00:00+00:00,22804.85714
2019-10-10 01:00:00+00:00,22538.6
2019-10-10 02:00:00+00:00,22394
2019-10-10 03:00:00+00:00,22800.57143
2019-10-10 04:00:00+00:00,25055.2
2019-10-10 05:00:00+00:00,27933.66667
2019-10-10 06:00:00+00:00,29634.71429
2019-10-10 07:00:00+00:00,30579.8
2019-10-10 08:00:00+00:00,31216.5
2019-10-10 09:00:00+00:00,31575.42857
2019-10-10 10:00:00+00:00,32158.4
2019-10-10 11:00:00+00:00,32487.33333
2019-10-10 12:00:00+00:00,31581.42857
2019-10-10 13:00:00+00:00,31061.6
2019-10-10 14:00:00+00:00,31012.16667
2019-10-10 15:00:00+00:00,30817.85714
2019-10-10 16:00:00+00:00,30243.6
2019-10-10 17:00:00+00:00,30458.16667
2019-10-10 18:00:00+00:00,32383.42857
2019-10-10 19:00:00+00:00,31589.6
2019-10-10 20:00:00+00:00,28801.66667
2019-10-10 21:00:00+00:00,26373.85714
2019-10-10 22:00:00+00:00,25187.4
2019-10-10 23:00:00+00:00,24148.33333
2019-10-11 00:00:00+00:00,23336.42857
2019-10-11 01:00:00+00:00,22659.2
2019-10-11 02:00:00+00:00,22413.16667
2019-10-11 03:00:00+00:00,22784.71429
2019-10-11 04:00:00+00:00,24705.6
2019-10-11 05:00:00+00:00,27780.5
2019-10-11 06:00:00+00:00,29457.57143
2019-10-11 07:00:00+00:00,30259
2019-10-11 08:00:00+00:00,30863.33333
2019-10-11 09:00:00+00:00,31398
2019-10-11 10:00:00+00:00,31948.4
2019-10-11 11:00:00+00:00,32012.83333
2019-10-11 12:00:00+00:00,31131.28571
2019-10-11 13:00:00+00:00,30311.6
2019-10-11 14:00:00+00:00,30034.83333
2019-10-11 15:00:00+00:00,29844
2019-10-11 16:00:00+00:00,29369.4
2019-10-11 17:00:00+00:00,29788.66667
2019-10-11 18:00:00+00:00,31426.71429
2019-10-11 19:00:00+00:00,30511
2019-10-11 20:00:00+00:00,28089.5
2019-10-11 21:00:00+00:00,25821.28571
2019-10-11 22:00:00+00:00,24684.6
2019-10-11 23:00:00+00:00,23433
2019-10-12 00:00:00+00:00,22296.28571
2019-10-12 01:00:00+00:00,21614.8
2019-10-12 02:00:00+00:00,21327
2019-10-12 03:00:00+00:00,20864.42857
2019-10-12 04:00:00+00:00,21133
2019-10-12 05:00:00+00:00,21845.66667
2019-10-12 06:00:00+00:00,22733.57143
2019-10-12 07:00:00+00:00,24577.4
2019-10-12 08:00:00+00:00,25970.83333
2019-10-12 09:00:00+00:00,26578.57143
2019-10-12 10:00:00+00:00,26939.4
2019-10-12 11:00:00+00:00,27131.66667
2019-10-12 12:00:00+00:00,26561.42857
2019-10-12 13:00:00+00:00,25524
2019-10-12 14:00:00+00:00,24640.66667
2019-10-12 15:00:00+00:00,24353.71429
2019-10-12 16:00:00+00:00,24124.4
2019-10-12 17:00:00+00:00,24876
2019-10-12 18:00:00+00:00,27158
2019-10-12 19:00:00+00:00,27119.6
2019-10-12 20:00:00+00:00,25527.33333
2019-10-12 21:00:00+00:00,24118.28571
2019-10-12 22:00:00+00:00,22684.8
2019-10-12 23:00:00+00:00,21628
2019-10-13 00:00:00+00:00,20557.28571
2019-10-13 01:00:00+00:00,19801
2019-10-13 02:00:00+00:00,19589.83333
2019-10-13 03:00:00+00:00,19505.85714
2019-10-13 04:00:00+00:00,19905.4
2019-10-13 05:00:00+00:00,20503.16667
2019-10-13 06:00:00+00:00,20736.57143
2019-10-13 07:00:00+00:00,22233.4
2019-10-13 08:00:00+00:00,23702.5
2019-10-13 09:00:00+00:00,24712.85714
2019-10-13 10:00:00+00:00,25177.8
2019-10-13 11:00:00+00:00,25663
2019-10-13 12:00:00+00:00,25645.57143
2019-10-13 13:00:00+00:00,24445
2019-10-13 14:00:00+00:00,23739.5
2019-10-13 15:00:00+00:00,23442
2019-10-13 16:00:00+00:00,23407.8
2019-10-13 17:00:00+00:00,24604.66667
2019-10-13 18:00:00+00:00,27359.14286
2019-10-13 19:00:00+00:00,27217.6
2019-10-13 20:00:00+00:00,26020
2019-10-13 21:00:00+00:00,24176.85714
2019-10-13 22:00:00+00:00,22777.6
2019-10-13 23:00:00+00:00,21636.33333
2019-10-14 00:00:00+00:00,20935.71429
2019-10-14 01:00:00+00:00,20582.6
2019-10-14 02:00:00+00:00,20559.5
2019-10-14 03:00:00+00:00,21209.28571
2019-10-14 04:00:00+00:00,23970.4
2019-10-14 05:00:00+00:00,27615.33333
2019-10-14 06:00:00+00:00,29799.57143
2019-10-14 07:00:00+00:00,30741.4
2019-10-14 08:00:00+00:00,31311.33333
2019-10-14 09:00:00+00:00,31792
2019-10-14 10:00:00+00:00,32156.2
2019-10-14 11:00:00+00:00,32283
2019-10-14 12:00:00+00:00,31067.85714
2019-10-14 13:00:00+00:00,30333.2
2019-10-14 14:00:00+00:00,30281
2019-10-14 15:00:00+00:00,30127.14286
2019-10-14 16:00:00+00:00,29920.2
2019-10-14 17:00:00+00:00,30367.33333
2019-10-14 18:00:00+00:00,32068.71429
2019-10-14 19:00:00+00:00,31050.2
2019-10-14 20:00:00+00:00,28162.5
2019-10-14 21:00:00+00:00,25531.28571
2019-10-14 22:00:00+00:00,24333.6
2019-10-14 23:00:00+00:00,23309.33333
2019-10-15 00:00:00+00:00,22478.71429
2019-10-15 01:00:00+00:00,22166.2
2019-10-15 02:00:00+00:00,22000.66667
2019-10-15 03:00:00+00:00,22568.14286
2019-10-15 04:00:00+00:00,24556.8
2019-10-15 05:00:00+00:00,27699.33333
2019-10-15 06:00:00+00:00,29541.14286
2019-10-15 07:00:00+00:00,30353
2019-10-15 08:00:00+00:00,30671.66667
2019-10-15 09:00:00+00:00,30963.28571
2019-10-15 10:00:00+00:00,31267.6
2019-10-15 11:00:00+00:00,31240
2019-10-15 12:00:00+00:00,30098.85714
2019-10-15 13:00:00+00:00,29455.6
2019-10-15 14:00:00+00:00,29240
2019-10-15 15:00:00+00:00,29154.14286
2019-10-15 16:00:00+00:00,28861
2019-10-15 17:00:00+00:00,29651.83333
2019-10-15 18:00:00+00:00,31861
2019-10-15 19:00:00+00:00,30938.6
2019-10-15 20:00:00+00:00,28333.16667
2019-10-15 21:00:00+00:00,25698.14286
2019-10-15 22:00:00+00:00,24285.2
2019-10-15 23:00:00+00:00,23251.33333
2019-10-16 00:00:00+00:00,22356.28571
2019-10-16 01:00:00+00:00,21922.8
2019-10-16 02:00:00+00:00,21860.33333
2019-10-16 03:00:00+00:00,22275
2019-10-16 04:00:00+00:00,24573.4
2019-10-16 05:00:00+00:00,27915.33333
2019-10-16 06:00:00+00:00,29937.28571
2019-10-16 07:00:00+00:00,30520.6
2019-10-16 08:00:00+00:00,30932.33333
2019-10-16 09:00:00+00:00,31104.71429
2019-10-16 10:00:00+00:00,31532.6
2019-10-16 11:00:00+00:00,31521.5
2019-10-16 12:00:00+00:00,30540.28571
2019-10-16 13:00:00+00:00,30073.4
2019-10-16 14:00:00+00:00,29797.66667
2019-10-16 15:00:00+00:00,29589
2019-10-16 16:00:00+00:00,29307.8
2019-10-16 17:00:00+00:00,30289.83333
2019-10-16 18:00:00+00:00,32405.85714
2019-10-16 19:00:00+00:00,31501.4
2019-10-16 20:00:00+00:00,28673.5
2019-10-16 21:00:00+00:00,25965.42857
2019-10-16 22:00:00+00:00,24711
2019-10-16 23:00:00+00:00,23467.5
2019-10-17 00:00:00+00:00,22546.14286
2019-10-17 01:00:00+00:00,22367.6
2019-10-17 02:00:00+00:00,22170.16667
2019-10-17 03:00:00+00:00,22457
2019-10-17 04:00:00+00:00,24489.6
2019-10-17 05:00:00+00:00,27793.83333
2019-10-17 06:00:00+00:00,29768.28571
2019-10-17 07:00:00+00:00,30679.2
2019-10-17 08:00:00+00:00,31062.66667
2019-10-17 09:00:00+00:00,31346.85714
2019-10-17 10:00:00+00:00,31794.6
2019-10-17 11:00:00+00:00,31830.5
2019-10-17 12:00:00+00:00,30779
2019-10-17 13:00:00+00:00,30062.2
2019-10-17 14:00:00+00:00,29959.83333
2019-10-17 15:00:00+00:00,29841.14286
2019-10-17 16:00:00+00:00,29558
2019-10-17 17:00:00+00:00,30377.66667
2019-10-17 18:00:00+00:00,32327.28571
2019-10-17 19:00:00+00:00,31261.4
2019-10-17 20:00:00+00:00,28648.16667
2019-10-17 21:00:00+00:00,26087.85714
2019-10-17 22:00:00+00:00,24747.4
2019-10-17 23:00:00+00:00,23541.66667
2019-10-18 00:00:00+00:00,22601.14286
2019-10-18 01:00:00+00:00,22311.8
2019-10-18 02:00:00+00:00,22120.5
2019-10-18 03:00:00+00:00,22513.71429
2019-10-18 04:00:00+00:00,24667.6
2019-10-18 05:00:00+00:00,27532
2019-10-18 06:00:00+00:00,29387.28571
2019-10-18 07:00:00+00:00,30126.6
2019-10-18 08:00:00+00:00,30604.5
2019-10-18 09:00:00+00:00,30953.85714
2019-10-18 10:00:00+00:00,31105.6
2019-10-18 11:00:00+00:00,31144.33333
2019-10-18 12:00:00+00:00,30074.85714
2019-10-18 13:00:00+00:00,29165.2
2019-10-18 14:00:00+00:00,28813
2019-10-18 15:00:00+00:00,28687.42857
2019-10-18 16:00:00+00:00,28594
2019-10-18 17:00:00+00:00,29323.66667
2019-10-18 18:00:00+00:00,31070.85714
2019-10-18 19:00:00+00:00,30018.8
2019-10-18 20:00:00+00:00,27816.83333
2019-10-18 21:00:00+00:00,25713.71429
2019-10-18 22:00:00+00:00,24400.8
2019-10-18 23:00:00+00:00,23165.16667
2019-10-19 00:00:00+00:00,22043
2019-10-19 01:00:00+00:00,21568.8
2019-10-19 02:00:00+00:00,21235.5
2019-10-19 03:00:00+00:00,21158.57143
2019-10-19 04:00:00+00:00,21618.2
2019-10-19 05:00:00+00:00,22783
2019-10-19 06:00:00+00:00,23892.14286
2019-10-19 07:00:00+00:00,25683.8
2019-10-19 08:00:00+00:00,27006
2019-10-19 09:00:00+00:00,27611.85714
2019-10-19 10:00:00+00:00,28047.8
2019-10-19 11:00:00+00:00,28059.66667
2019-10-19 12:00:00+00:00,27436.85714
2019-10-19 13:00:00+00:00,26163.2
2019-10-19 14:00:00+00:00,25436.83333
2019-10-19 15:00:00+00:00,25273.71429
2019-10-19 16:00:00+00:00,25289
2019-10-19 17:00:00+00:00,26422.33333
2019-10-19 18:00:00+00:00,28332.42857
2019-10-19 19:00:00+00:00,27869.4
2019-10-19 20:00:00+00:00,25873.83333
2019-10-19 21:00:00+00:00,24165.42857
2019-10-19 22:00:00+00:00,22751.6
2019-10-19 23:00:00+00:00,21416.83333
2019-10-20 00:00:00+00:00,20447.85714
2019-10-20 01:00:00+00:00,19932
2019-10-20 02:00:00+00:00,19508.33333
2019-10-20 03:00:00+00:00,19522.57143
2019-10-20 04:00:00+00:00,19890.4
2019-10-20 05:00:00+00:00,20479.5
2019-10-20 06:00:00+00:00,20998.42857
2019-10-20 07:00:00+00:00,22310.6
2019-10-20 08:00:00+00:00,23944.66667
2019-10-20 09:00:00+00:00,24893.14286
2019-10-20 10:00:00+00:00,25359.4
2019-10-20 11:00:00+00:00,25681.83333
2019-10-20 12:00:00+00:00,25453.28571
2019-10-20 13:00:00+00:00,23789.6
2019-10-20 14:00:00+00:00,23031.66667
2019-10-20 15:00:00+00:00,22806.71429
2019-10-20 16:00:00+00:00,23184.4
2019-10-20 17:00:00+00:00,24648.83333
2019-10-20 18:00:00+00:00,27231.71429
2019-10-20 19:00:00+00:00,27085.2
2019-10-20 20:00:00+00:00,25686.5
2019-10-20 21:00:00+00:00,23869.42857
2019-10-20 22:00:00+00:00,22210.6
2019-10-20 23:00:00+00:00,21179.16667
2019-10-21 00:00:00+00:00,20415.28571
2019-10-21 01:00:00+00:00,20106.4
2019-10-21 02:00:00+00:00,20200.66667
2019-10-21 03:00:00+00:00,20900.42857
2019-10-21 04:00:00+00:00,23597.6
2019-10-21 05:00:00+00:00,27170.16667
2019-10-21 06:00:00+00:00,29799.57143
2019-10-21 07:00:00+00:00,30482.4
2019-10-21 08:00:00+00:00,31123.66667
2019-10-21 09:00:00+00:00,31398.71429
2019-10-21 10:00:00+00:00,31593.4
2019-10-21 11:00:00+00:00,31253.83333
2019-10-21 12:00:00+00:00,30272.28571
2019-10-21 13:00:00+00:00,29571.2
2019-10-21 14:00:00+00:00,29211.33333
2019-10-21 15:00:00+00:00,29107.57143
2019-10-21 16:00:00+00:00,29160.4
2019-10-21 17:00:00+00:00,30393.5
2019-10-21 18:00:00+00:00,32384.14286
2019-10-21 19:00:00+00:00,31567.6
2019-10-21 20:00:00+00:00,28582.83333
2019-10-21 21:00:00+00:00,25918.85714
2019-10-21 22:00:00+00:00,24485
2019-10-21 23:00:00+00:00,23023.83333
2019-10-22 00:00:00+00:00,22126.57143
2019-10-22 01:00:00+00:00,21711.4
2019-10-22 02:00:00+00:00,21660.66667
2019-10-22 03:00:00+00:00,22196
2019-10-22 04:00:00+00:00,24464.2
2019-10-22 05:00:00+00:00,27977.66667
2019-10-22 06:00:00+00:00,30721
2019-10-22 07:00:00+00:00,31603.2
2019-10-22 08:00:00+00:00,32017.16667
2019-10-22 09:00:00+00:00,32332.57143
2019-10-22 10:00:00+00:00,32645.2
2019-10-22 11:00:00+00:00,32451.5
2019-10-22 12:00:00+00:00,31450.85714
2019-10-22 13:00:00+00:00,30913.6
2019-10-22 14:00:00+00:00,30591.33333
2019-10-22 15:00:00+00:00,30434.71429
2019-10-22 16:00:00+00:00,30395.6
2019-10-22 17:00:00+00:00,31643
2019-10-22 18:00:00+00:00,33255.42857
2019-10-22 19:00:00+00:00,32283.2
2019-10-22 20:00:00+00:00,29352.33333
2019-10-22 21:00:00+00:00,26577.85714
2019-10-22 22:00:00+00:00,24739.2
2019-10-22 23:00:00+00:00,23371.5
2019-10-23 00:00:00+00:00,22320.57143
2019-10-23 01:00:00+00:00,21864.4
2019-10-23 02:00:00+00:00,21875.16667
2019-10-23 03:00:00+00:00,22364.42857
2019-10-23 04:00:00+00:00,24637.4
2019-10-23 05:00:00+00:00,28097.33333
2019-10-23 06:00:00+00:00,31047.85714
2019-10-23 07:00:00+00:00,31771.6
2019-10-23 08:00:00+00:00,32176.33333
2019-10-23 09:00:00+00:00,32463.71429
2019-10-23 10:00:00+00:00,32916.6
2019-10-23 11:00:00+00:00,32852
2019-10-23 12:00:00+00:00,31753.42857
2019-10-23 13:00:00+00:00,31088
2019-10-23 14:00:00+00:00,30638.33333
2019-10-23 15:00:00+00:00,30411.28571
2019-10-23 16:00:00+00:00,30474
2019-10-23 17:00:00+00:00,31830.33333
2019-10-23 18:00:00+00:00,33615.85714
2019-10-23 19:00:00+00:00,32632.6
2019-10-23 20:00:00+00:00,29730.66667
2019-10-23 21:00:00+00:00,27027.28571
2019-10-23 22:00:00+00:00,25176.4
2019-10-23 23:00:00+00:00,23872
2019-10-24 00:00:00+00:00,22787.71429
2019-10-24 01:00:00+00:00,22357.8
2019-10-24 02:00:00+00:00,22343.16667
2019-10-24 03:00:00+00:00,22714.28571
2019-10-24 04:00:00+00:00,25019.8
2019-10-24 05:00:00+00:00,28572.16667
2019-10-24 06:00:00+00:00,31236.28571
2019-10-24 07:00:00+00:00,31627.8
2019-10-24 08:00:00+00:00,32073.16667
2019-10-24 09:00:00+00:00,32148.57143
2019-10-24 10:00:00+00:00,32324.8
2019-10-24 11:00:00+00:00,31890.33333
2019-10-24 12:00:00+00:00,30839.85714
2019-10-24 13:00:00+00:00,30241.6
2019-10-24 14:00:00+00:00,29947.66667
2019-10-24 15:00:00+00:00,29645.71429
2019-10-24 16:00:00+00:00,29542.6
2019-10-24 17:00:00+00:00,30953.66667
2019-10-24 18:00:00+00:00,33067.85714
2019-10-24 19:00:00+00:00,32478.6
2019-10-24 20:00:00+00:00,29881.66667
2019-10-24 21:00:00+00:00,27125.57143
2019-10-24 22:00:00+00:00,25396.6
2019-10-24 23:00:00+00:00,23947.33333
2019-10-25 00:00:00+00:00,22901
2019-10-25 01:00:00+00:00,22421.8
2019-10-25 02:00:00+00:00,22245.83333
2019-10-25 03:00:00+00:00,22651.28571
2019-10-25 04:00:00+00:00,24953
2019-10-25 05:00:00+00:00,28491.5
2019-10-25 06:00:00+00:00,31087.28571
2019-10-25 07:00:00+00:00,31920
2019-10-25 08:00:00+00:00,32017.66667
2019-10-25 09:00:00+00:00,32014
2019-10-25 10:00:00+00:00,32086.6
2019-10-25 11:00:00+00:00,31757.5
2019-10-25 12:00:00+00:00,30662.71429
2019-10-25 13:00:00+00:00,29986
2019-10-25 14:00:00+00:00,29574.33333
2019-10-25 15:00:00+00:00,29095
2019-10-25 16:00:00+00:00,28984.8
2019-10-25 17:00:00+00:00,30123.83333
2019-10-25 18:00:00+00:00,31791.42857
2019-10-25 19:00:00+00:00,31129
2019-10-25 20:00:00+00:00,28708
2019-10-25 21:00:00+00:00,26430.28571
2019-10-25 22:00:00+00:00,24971.4
2019-10-25 23:00:00+00:00,23433.33333
2019-10-26 00:00:00+00:00,22117.42857
2019-10-26 01:00:00+00:00,21450.6
2019-10-26 02:00:00+00:00,21266.66667
2019-10-26 03:00:00+00:00,21087.28571
2019-10-26 04:00:00+00:00,21722
2019-10-26 05:00:00+00:00,22771.83333
2019-10-26 06:00:00+00:00,24364.14286
2019-10-26 07:00:00+00:00,26351.2
2019-10-26 08:00:00+00:00,27545
2019-10-26 09:00:00+00:00,27728.42857
2019-10-26 10:00:00+00:00,27709.6
2019-10-26 11:00:00+00:00,27735.5
2019-10-26 12:00:00+00:00,27117.28571
2019-10-26 13:00:00+00:00,25926.4
2019-10-26 14:00:00+00:00,25231.83333
2019-10-26 15:00:00+00:00,24858.85714
2019-10-26 16:00:00+00:00,24795
2019-10-26 17:00:00+00:00,26196.83333
2019-10-26 18:00:00+00:00,27976.71429
2019-10-26 19:00:00+00:00,27777
2019-10-26 20:00:00+00:00,26211.16667
2019-10-26 21:00:00+00:00,24538
2019-10-26 22:00:00+00:00,23074.4
2019-10-26 23:00:00+00:00,21647
2019-10-27 00:00:00+00:00,20573.14286
2019-10-27 01:00:00+00:00,19931.8
2019-10-27 02:00:00+00:00,19479.33333
2019-10-27 03:00:00+00:00,19266.42857
2019-10-27 04:00:00+00:00,19367
2019-10-27 05:00:00+00:00,19758.33333
2019-10-27 06:00:00+00:00,20306.85714
2019-10-27 07:00:00+00:00,21441.6
2019-10-27 08:00:00+00:00,23327.5
2019-10-27 09:00:00+00:00,24501.71429
2019-10-27 10:00:00+00:00,24912.4
2019-10-27 11:00:00+00:00,24784.5
2019-10-27 12:00:00+00:00,25241.57143
2019-10-27 13:00:00+00:00,25016.8
2019-10-27 14:00:00+00:00,23949.66667
2019-10-27 15:00:00+00:00,23222.28571
2019-10-27 16:00:00+00:00,23334.6
2019-10-27 17:00:00+00:00,24897.5
2019-10-27 18:00:00+00:00,26901.71429
2019-10-27 19:00:00+00:00,27554.6
2019-10-27 20:00:00+00:00,27306.5
2019-10-27 21:00:00+00:00,25725.57143
2019-10-27 22:00:00+00:00,23696
2019-10-27 23:00:00+00:00,22252.83333
2019-10-28 00:00:00+00:00,21184.28571
2019-10-28 01:00:00+00:00,20615.6
2019-10-28 02:00:00+00:00,20404.16667
2019-10-28 03:00:00+00:00,20491.28571
2019-10-28 04:00:00+00:00,21313.8
2019-10-28 05:00:00+00:00,23809
2019-10-28 06:00:00+00:00,27448.85714
2019-10-28 07:00:00+00:00,29606.2
2019-10-28 08:00:00+00:00,30423.66667
2019-10-28 09:00:00+00:00,30796
2019-10-28 10:00:00+00:00,31016.6
2019-10-28 11:00:00+00:00,31193.16667
2019-10-28 12:00:00+00:00,31283
2019-10-28 13:00:00+00:00,30463
2019-10-28 14:00:00+00:00,29954.83333
2019-10-28 15:00:00+00:00,29667.85714
2019-10-28 16:00:00+00:00,29764.4
2019-10-28 17:00:00+00:00,31139.5
2019-10-28 18:00:00+00:00,32457.14286
2019-10-28 19:00:00+00:00,32673.4
2019-10-28 20:00:00+00:00,31476.16667
2019-10-28 21:00:00+00:00,28201.14286
2019-10-28 22:00:00+00:00,25892.4
2019-10-28 23:00:00+00:00,24402.83333
2019-10-29 00:00:00+00:00,23147.14286
2019-10-29 01:00:00+00:00,22358.4
2019-10-29 02:00:00+00:00,22036.66667
2019-10-29 03:00:00+00:00,22120.71429
2019-10-29 04:00:00+00:00,22541
2019-10-29 05:00:00+00:00,24677.83333
2019-10-29 06:00:00+00:00,28127.57143
2019-10-29 07:00:00+00:00,30168
2019-10-29 08:00:00+00:00,30920.16667
2019-10-29 09:00:00+00:00,31324.28571
2019-10-29 10:00:00+00:00,31484.4
2019-10-29 11:00:00+00:00,31584.5
2019-10-29 12:00:00+00:00,31668.57143
2019-10-29 13:00:00+00:00,30763.4
2019-10-29 14:00:00+00:00,30136.83333
2019-10-29 15:00:00+00:00,30034
2019-10-29 16:00:00+00:00,30225.6
2019-10-29 17:00:00+00:00,31403.66667
2019-10-29 18:00:00+00:00,32474.71429
2019-10-29 19:00:00+00:00,32630.8
2019-10-29 20:00:00+00:00,31595.66667
2019-10-29 21:00:00+00:00,28486.71429
2019-10-29 22:00:00+00:00,26122
2019-10-29 23:00:00+00:00,24573.66667
2019-10-30 00:00:00+00:00,23231.57143
2019-10-30 01:00:00+00:00,22461.8
2019-10-30 02:00:00+00:00,22162.33333
2019-10-30 03:00:00+00:00,22103.57143
2019-10-30 04:00:00+00:00,22588.6
2019-10-30 05:00:00+00:00,24686.5
2019-10-30 06:00:00+00:00,28211.14286
2019-10-30 07:00:00+00:00,29961
2019-10-30 08:00:00+00:00,30735.83333
2019-10-30 09:00:00+00:00,31032.14286
2019-10-30 10:00:00+00:00,31342.2
2019-10-30 11:00:00+00:00,31633.5
2019-10-30 12:00:00+00:00,31660.28571
2019-10-30 13:00:00+00:00,30882
2019-10-30 14:00:00+00:00,30440.16667
2019-10-30 15:00:00+00:00,30058.28571
2019-10-30 16:00:00+00:00,30310.8
2019-10-30 17:00:00+00:00,31589.33333
2019-10-30 18:00:00+00:00,32220.57143
2019-10-30 19:00:00+00:00,32161.8
2019-10-30 20:00:00+00:00,31198.66667
2019-10-30 21:00:00+00:00,28238.57143
2019-10-30 22:00:00+00:00,25999.8
2019-10-30 23:00:00+00:00,24670.83333
2019-10-31 00:00:00+00:00,23439
2019-10-31 01:00:00+00:00,22482.4
2019-10-31 02:00:00+00:00,22212
2019-10-31 03:00:00+00:00,22060.42857
2019-10-31 04:00:00+00:00,22377.6
2019-10-31 05:00:00+00:00,24445.66667
2019-10-31 06:00:00+00:00,27535.28571
2019-10-31 07:00:00+00:00,29479
2019-10-31 08:00:00+00:00,30370.83333
2019-10-31 09:00:00+00:00,30767.28571
2019-10-31 10:00:00+00:00,30943.4
2019-10-31 11:00:00+00:00,31504.66667
2019-10-31 12:00:00+00:00,31616.57143
2019-10-31 13:00:00+00:00,30699.6
2019-10-31 14:00:00+00:00,29903.33333
2019-10-31 15:00:00+00:00,29460.42857
2019-10-31 16:00:00+00:00,29451.4
2019-10-31 17:00:00+00:00,30578.66667
2019-10-31 18:00:00+00:00,31254.57143
2019-10-31 19:00:00+00:00,30793.4
2019-10-31 20:00:00+00:00,29852.16667
2019-10-31 21:00:00+00:00,27309.28571
2019-10-31 22:00:00+00:00,25403.4
2019-10-31 23:00:00+00:00,24309.16667
2019-11-01 00:00:00+00:00,23088.71429
2019-11-01 01:00:00+00:00,22030.4
2019-11-01 02:00:00+00:00,21427.83333
2019-11-01 03:00:00+00:00,21023.14286
2019-11-01 04:00:00+00:00,20855.8
2019-11-01 05:00:00+00:00,21054.33333
2019-11-01 06:00:00+00:00,21670.28571
2019-11-01 07:00:00+00:00,22117.2
2019-11-01 08:00:00+00:00,23789.5
2019-11-01 09:00:00+00:00,25198.14286
2019-11-01 10:00:00+00:00,25572.8
2019-11-01 11:00:00+00:00,25834.5
2019-11-01 12:00:00+00:00,26284.71429
2019-11-01 13:00:00+00:00,25995
2019-11-01 14:00:00+00:00,24849.83333
2019-11-01 15:00:00+00:00,24021.28571
2019-11-01 16:00:00+00:00,23793
2019-11-01 17:00:00+00:00,25456.5
2019-11-01 18:00:00+00:00,26455.42857
2019-11-01 19:00:00+00:00,26913.8
2019-11-01 20:00:00+00:00,26585.16667
2019-11-01 21:00:00+00:00,25294
2019-11-01 22:00:00+00:00,23815.6
2019-11-01 23:00:00+00:00,22612.66667
2019-11-02 00:00:00+00:00,21168.28571
2019-11-02 01:00:00+00:00,20360
2019-11-02 02:00:00+00:00,19856.66667
2019-11-02 03:00:00+00:00,19669.42857
2019-11-02 04:00:00+00:00,19722.8
2019-11-02 05:00:00+00:00,20436.66667
2019-11-02 06:00:00+00:00,21311
2019-11-02 07:00:00+00:00,22418
2019-11-02 08:00:00+00:00,24551.33333
2019-11-02 09:00:00+00:00,25999.28571
2019-11-02 10:00:00+00:00,26349.6
2019-11-02 11:00:00+00:00,26363.66667
2019-11-02 12:00:00+00:00,26954.85714
2019-11-02 13:00:00+00:00,26517.8
2019-11-02 14:00:00+00:00,25141.5
2019-11-02 15:00:00+00:00,24449.42857
2019-11-02 16:00:00+00:00,24426.2
2019-11-02 17:00:00+00:00,26153.16667
2019-11-02 18:00:00+00:00,26959
2019-11-02 19:00:00+00:00,27336.4
2019-11-02 20:00:00+00:00,26961.16667
2019-11-02 21:00:00+00:00,25313.42857
2019-11-02 22:00:00+00:00,23777.6
2019-11-02 23:00:00+00:00,22665.33333
2019-11-03 00:00:00+00:00,20969.42857
2019-11-03 01:00:00+00:00,19946
2019-11-03 02:00:00+00:00,19515.16667
2019-11-03 03:00:00+00:00,19294.28571
2019-11-03 04:00:00+00:00,19244
2019-11-03 05:00:00+00:00,19588
2019-11-03 06:00:00+00:00,19875.14286
2019-11-03 07:00:00+00:00,20633
2019-11-03 08:00:00+00:00,22288.16667
2019-11-03 09:00:00+00:00,23855.42857
2019-11-03 10:00:00+00:00,24563.8
2019-11-03 11:00:00+00:00,24570.5
2019-11-03 12:00:00+00:00,25021
2019-11-03 13:00:00+00:00,24970.8
2019-11-03 14:00:00+00:00,23683.5
2019-11-03 15:00:00+00:00,22859.42857
2019-11-03 16:00:00+00:00,22914.2
2019-11-03 17:00:00+00:00,24887.33333
2019-11-03 18:00:00+00:00,26418.57143
2019-11-03 19:00:00+00:00,27101.6
2019-11-03 20:00:00+00:00,27000.5
2019-11-03 21:00:00+00:00,25643
2019-11-03 22:00:00+00:00,23935
2019-11-03 23:00:00+00:00,22613.83333
2019-11-04 00:00:00+00:00,21268.57143
2019-11-04 01:00:00+00:00,20679.4
2019-11-04 02:00:00+00:00,20346
2019-11-04 03:00:00+00:00,20430.85714
2019-11-04 04:00:00+00:00,21043.4
2019-11-04 05:00:00+00:00,23539.33333
2019-11-04 06:00:00+00:00,27116.28571
2019-11-04 07:00:00+00:00,29362.2
2019-11-04 08:00:00+00:00,30561.66667
2019-11-04 09:00:00+00:00,31173
2019-11-04 10:00:00+00:00,31543.4
2019-11-04 11:00:00+00:00,31711.5
2019-11-04 12:00:00+00:00,31670.71429
2019-11-04 13:00:00+00:00,30933.8
2019-11-04 14:00:00+00:00,30214.16667
2019-11-04 15:00:00+00:00,29768.85714
2019-11-04 16:00:00+00:00,29971.8
2019-11-04 17:00:00+00:00,31253.5
2019-11-04 18:00:00+00:00,32335.85714
2019-11-04 19:00:00+00:00,32521.4
2019-11-04 20:00:00+00:00,31446.16667
2019-11-04 21:00:00+00:00,28502.71429
2019-11-04 22:00:00+00:00,26181
2019-11-04 23:00:00+00:00,24867.5
2019-11-05 00:00:00+00:00,23442
2019-11-05 01:00:00+00:00,22628
2019-11-05 02:00:00+00:00,22081.33333
2019-11-05 03:00:00+00:00,22023
2019-11-05 04:00:00+00:00,22567.4
2019-11-05 05:00:00+00:00,24840
2019-11-05 06:00:00+00:00,28488.85714
2019-11-05 07:00:00+00:00,30346.2
2019-11-05 08:00:00+00:00,31169.66667
2019-11-05 09:00:00+00:00,31541
2019-11-05 10:00:00+00:00,31790.2
2019-11-05 11:00:00+00:00,31967.83333
2019-11-05 12:00:00+00:00,32001.42857
2019-11-05 13:00:00+00:00,31183.2
2019-11-05 14:00:00+00:00,30571.33333
2019-11-05 15:00:00+00:00,30122
2019-11-05 16:00:00+00:00,30174.6
2019-11-05 17:00:00+00:00,31837
2019-11-05 18:00:00+00:00,32828.57143
2019-11-05 19:00:00+00:00,33076.6
2019-11-05 20:00:00+00:00,32119.83333
2019-11-05 21:00:00+00:00,29031.28571
2019-11-05 22:00:00+00:00,26483.4
2019-11-05 23:00:00+00:00,25071.5
2019-11-06 00:00:00+00:00,23625.57143
2019-11-06 01:00:00+00:00,22638.6
2019-11-06 02:00:00+00:00,22403.5
2019-11-06 03:00:00+00:00,22317.14286
2019-11-06 04:00:00+00:00,22969.8
2019-11-06 05:00:00+00:00,25170.83333
2019-11-06 06:00:00+00:00,28768.85714
2019-11-06 07:00:00+00:00,30634
2019-11-06 08:00:00+00:00,31363.66667
2019-11-06 09:00:00+00:00,31627
2019-11-06 10:00:00+00:00,31756.6
2019-11-06 11:00:00+00:00,31852.16667
2019-11-06 12:00:00+00:00,31828.85714
2019-11-06 13:00:00+00:00,30884.4
2019-11-06 14:00:00+00:00,30213.33333
2019-11-06 15:00:00+00:00,29969.57143
2019-11-06 16:00:00+00:00,30322.2
2019-11-06 17:00:00+00:00,31783.33333
2019-11-06 18:00:00+00:00,32960.57143
2019-11-06 19:00:00+00:00,33423.6
2019-11-06 20:00:00+00:00,32314.33333
2019-11-06 21:00:00+00:00,29429
2019-11-06 22:00:00+00:00,26703.6
2019-11-06 23:00:00+00:00,25393.16667
2019-11-07 00:00:00+00:00,23901.85714
2019-11-07 01:00:00+00:00,22990.8
2019-11-07 02:00:00+00:00,22601.66667
2019-11-07 03:00:00+00:00,22577
2019-11-07 04:00:00+00:00,23068.2
2019-11-07 05:00:00+00:00,25499.66667
2019-11-07 06:00:00+00:00,29146.57143
2019-11-07 07:00:00+00:00,31045
2019-11-07 08:00:00+00:00,31835.83333
2019-11-07 09:00:00+00:00,32202
2019-11-07 10:00:00+00:00,32234.8
2019-11-07 11:00:00+00:00,32466.16667
2019-11-07 12:00:00+00:00,32461.71429
2019-11-07 13:00:00+00:00,31457
2019-11-07 14:00:00+00:00,30953.5
2019-11-07 15:00:00+00:00,30751
2019-11-07 16:00:00+00:00,31123.4
2019-11-07 17:00:00+00:00,32841.66667
2019-11-07 18:00:00+00:00,33871.42857
2019-11-07 19:00:00+00:00,34148.2
2019-11-07 20:00:00+00:00,32956.16667
2019-11-07 21:00:00+00:00,29912.71429
2019-11-07 22:00:00+00:00,27656.4
2019-11-07 23:00:00+00:00,26092.83333
2019-11-08 00:00:00+00:00,24468.42857
2019-11-08 01:00:00+00:00,23580.6
2019-11-08 02:00:00+00:00,23245.16667
2019-11-08 03:00:00+00:00,23116.71429
2019-11-08 04:00:00+00:00,23727.6
2019-11-08 05:00:00+00:00,25929.33333
2019-11-08 06:00:00+00:00,29671.28571
2019-11-08 07:00:00+00:00,31853.2
2019-11-08 08:00:00+00:00,32810.83333
2019-11-08 09:00:00+00:00,33164.14286
2019-11-08 10:00:00+00:00,33149.4
2019-11-08 11:00:00+00:00,33341
2019-11-08 12:00:00+00:00,32976
2019-11-08 13:00:00+00:00,32019.8
2019-11-08 14:00:00+00:00,31183.33333
2019-11-08 15:00:00+00:00,30853.85714
2019-11-08 16:00:00+00:00,31058
2019-11-08 17:00:00+00:00,32691.5
2019-11-08 18:00:00+00:00,33541.42857
2019-11-08 19:00:00+00:00,33502.4
2019-11-08 20:00:00+00:00,32541.5
2019-11-08 21:00:00+00:00,29909.85714
2019-11-08 22:00:00+00:00,27803.6
2019-11-08 23:00:00+00:00,26104.33333
2019-11-09 00:00:00+00:00,24332.28571
2019-11-09 01:00:00+00:00,23143
2019-11-09 02:00:00+00:00,22403.5
2019-11-09 03:00:00+00:00,22191
2019-11-09 04:00:00+00:00,22123.8
2019-11-09 05:00:00+00:00,22674.83333
2019-11-09 06:00:00+00:00,23799.57143
2019-11-09 07:00:00+00:00,25288.2
2019-11-09 08:00:00+00:00,27570.83333
2019-11-09 09:00:00+00:00,29096.85714
2019-11-09 10:00:00+00:00,29361
2019-11-09 11:00:00+00:00,29210.5
2019-11-09 12:00:00+00:00,29257.85714
2019-11-09 13:00:00+00:00,28668.6
2019-11-09 14:00:00+00:00,27743.83333
2019-11-09 15:00:00+00:00,27159.14286
2019-11-09 16:00:00+00:00,27223.6
2019-11-09 17:00:00+00:00,28955.5
2019-11-09 18:00:00+00:00,29707.14286
2019-11-09 19:00:00+00:00,29920.8
2019-11-09 20:00:00+00:00,29476.83333
2019-11-09 21:00:00+00:00,27879.14286
2019-11-09 22:00:00+00:00,25957.2
2019-11-09 23:00:00+00:00,24080.16667
2019-11-10 00:00:00+00:00,22220.71429
2019-11-10 01:00:00+00:00,21203.8
2019-11-10 02:00:00+00:00,20595.83333
2019-11-10 03:00:00+00:00,20176.71429
2019-11-10 04:00:00+00:00,20325.2
2019-11-10 05:00:00+00:00,20591.83333
2019-11-10 06:00:00+00:00,21193.28571
2019-11-10 07:00:00+00:00,21865.4
2019-11-10 08:00:00+00:00,23759.16667
2019-11-10 09:00:00+00:00,25716.57143
2019-11-10 10:00:00+00:00,26501.2
2019-11-10 11:00:00+00:00,26437.66667
2019-11-10 12:00:00+00:00,26718.57143
2019-11-10 13:00:00+00:00,26739.6
2019-11-10 14:00:00+00:00,25693
2019-11-10 15:00:00+00:00,24897.28571
2019-11-10 16:00:00+00:00,25115.4
2019-11-10 17:00:00+00:00,27186.16667
2019-11-10 18:00:00+00:00,28740.42857
2019-11-10 19:00:00+00:00,29680
2019-11-10 20:00:00+00:00,29434.5
2019-11-10 21:00:00+00:00,28228.85714
2019-11-10 22:00:00+00:00,26227.2
2019-11-10 23:00:00+00:00,24227.66667
2019-11-11 00:00:00+00:00,22785.85714
2019-11-11 01:00:00+00:00,21914.6
2019-11-11 02:00:00+00:00,21504
2019-11-11 03:00:00+00:00,21473.57143
2019-11-11 04:00:00+00:00,22414
2019-11-11 05:00:00+00:00,25021.66667
2019-11-11 06:00:00+00:00,29500.28571
2019-11-11 07:00:00+00:00,32191.8
2019-11-11 08:00:00+00:00,33509.5
2019-11-11 09:00:00+00:00,34286.28571
2019-11-11 10:00:00+00:00,34340.2
2019-11-11 11:00:00+00:00,34422
2019-11-11 12:00:00+00:00,34198.42857
2019-11-11 13:00:00+00:00,33206.4
2019-11-11 14:00:00+00:00,32522.33333
2019-11-11 15:00:00+00:00,32311.85714
2019-11-11 16:00:00+00:00,32536.4
2019-11-11 17:00:00+00:00,33966.83333
2019-11-11 18:00:00+00:00,35025.71429
2019-11-11 19:00:00+00:00,35235.4
2019-11-11 20:00:00+00:00,34392.83333
2019-11-11 21:00:00+00:00,31445.85714
2019-11-11 22:00:00+00:00,28433.4
2019-11-11 23:00:00+00:00,26434.83333
2019-11-12 00:00:00+00:00,24727.14286
2019-11-12 01:00:00+00:00,23735.4
2019-11-12 02:00:00+00:00,23359
2019-11-12 03:00:00+00:00,23224.85714
2019-11-12 04:00:00+00:00,23961.8
2019-11-12 05:00:00+00:00,26080.5
2019-11-12 06:00:00+00:00,30472.42857
2019-11-12 07:00:00+00:00,32976.4
2019-11-12 08:00:00+00:00,33894.5
2019-11-12 09:00:00+00:00,34131.57143
2019-11-12 10:00:00+00:00,34008.4
2019-11-12 11:00:00+00:00,33807.33333
2019-11-12 12:00:00+00:00,33589
2019-11-12 13:00:00+00:00,32562.4
2019-11-12 14:00:00+00:00,32111
2019-11-12 15:00:00+00:00,31844.42857
2019-11-12 16:00:00+00:00,32128.8
2019-11-12 17:00:00+00:00,34154
2019-11-12 18:00:00+00:00,35181.85714
2019-11-12 19:00:00+00:00,35563.2
2019-11-12 20:00:00+00:00,34604.33333
2019-11-12 21:00:00+00:00,31595.71429
2019-11-12 22:00:00+00:00,28517
2019-11-12 23:00:00+00:00,26708.16667
2019-11-13 00:00:00+00:00,24938
2019-11-13 01:00:00+00:00,23777.4
2019-11-13 02:00:00+00:00,23453.33333
2019-11-13 03:00:00+00:00,23334.28571
2019-11-13 04:00:00+00:00,23918.6
2019-11-13 05:00:00+00:00,26292
2019-11-13 06:00:00+00:00,30822
2019-11-13 07:00:00+00:00,33096
2019-11-13 08:00:00+00:00,33845.5
2019-11-13 09:00:00+00:00,34404.85714
2019-11-13 10:00:00+00:00,34581.4
2019-11-13 11:00:00+00:00,34271.5
2019-11-13 12:00:00+00:00,33954.85714
2019-11-13 13:00:00+00:00,32992.8
2019-11-13 14:00:00+00:00,32294.16667
2019-11-13 15:00:00+00:00,31815.14286
2019-11-13 16:00:00+00:00,32218
2019-11-13 17:00:00+00:00,34191.33333
2019-11-13 18:00:00+00:00,35194.42857
2019-11-13 19:00:00+00:00,35709.4
2019-11-13 20:00:00+00:00,34204.33333
2019-11-13 21:00:00+00:00,31360
2019-11-13 22:00:00+00:00,28600.6
2019-11-13 23:00:00+00:00,26550.33333
2019-11-14 00:00:00+00:00,24711.28571
2019-11-14 01:00:00+00:00,23824.8
2019-11-14 02:00:00+00:00,23336.16667
2019-11-14 03:00:00+00:00,23226.71429
2019-11-14 04:00:00+00:00,23947.4
2019-11-14 05:00:00+00:00,26432.5
2019-11-14 06:00:00+00:00,30543.14286
2019-11-14 07:00:00+00:00,32983.4
2019-11-14 08:00:00+00:00,34059
2019-11-14 09:00:00+00:00,34701
2019-11-14 10:00:00+00:00,35262.8
2019-11-14 11:00:00+00:00,35356.66667
2019-11-14 12:00:00+00:00,35217.14286
2019-11-14 13:00:00+00:00,34192.4
2019-11-14 14:00:00+00:00,33838.66667
2019-11-14 15:00:00+00:00,33460.42857
2019-11-14 16:00:00+00:00,34014.8
2019-11-14 17:00:00+00:00,35599.83333
2019-11-14 18:00:00+00:00,36359.42857
2019-11-14 19:00:00+00:00,36567.2
2019-11-14 20:00:00+00:00,35453
2019-11-14 21:00:00+00:00,32316
2019-11-14 22:00:00+00:00,29359.4
2019-11-14 23:00:00+00:00,27365
2019-11-15 00:00:00+00:00,25568.71429
2019-11-15 01:00:00+00:00,24136.6
2019-11-15 02:00:00+00:00,23761
2019-11-15 03:00:00+00:00,23586.28571
2019-11-15 04:00:00+00:00,24375.6
2019-11-15 05:00:00+00:00,26978.66667
2019-11-15 06:00:00+00:00,31373.14286
2019-11-15 07:00:00+00:00,33709.2
2019-11-15 08:00:00+00:00,34778.16667
2019-11-15 09:00:00+00:00,35585.42857
2019-11-15 10:00:00+00:00,35388
2019-11-15 11:00:00+00:00,35385.83333
2019-11-15 12:00:00+00:00,34832.71429
2019-11-15 13:00:00+00:00,33752.8
2019-11-15 14:00:00+00:00,33012.33333
2019-11-15 15:00:00+00:00,33003.42857
2019-11-15 16:00:00+00:00,33439.6
2019-11-15 17:00:00+00:00,35268.33333
2019-11-15 18:00:00+00:00,35681.14286
2019-11-15 19:00:00+00:00,35320.2
2019-11-15 20:00:00+00:00,34352.66667
2019-11-15 21:00:00+00:00,31668.57143
2019-11-15 22:00:00+00:00,29168.4
2019-11-15 23:00:00+00:00,27458.83333
2019-11-16 00:00:00+00:00,25534.85714
2019-11-16 01:00:00+00:00,24047.4
2019-11-16 02:00:00+00:00,23208.16667
2019-11-16 03:00:00+00:00,22997.85714
2019-11-16 04:00:00+00:00,22887.6
2019-11-16 05:00:00+00:00,23554
2019-11-16 06:00:00+00:00,24989.71429
2019-11-16 07:00:00+00:00,26711
2019-11-16 08:00:00+00:00,29199.5
2019-11-16 09:00:00+00:00,31063.85714
2019-11-16 10:00:00+00:00,31279.6
2019-11-16 11:00:00+00:00,30844
2019-11-16 12:00:00+00:00,30641.28571
2019-11-16 13:00:00+00:00,30052.4
2019-11-16 14:00:00+00:00,29039.66667
2019-11-16 15:00:00+00:00,28209
2019-11-16 16:00:00+00:00,28618.2
2019-11-16 17:00:00+00:00,30579.16667
2019-11-16 18:00:00+00:00,31444.42857
2019-11-16 19:00:00+00:00,31955.6
2019-11-16 20:00:00+00:00,31651.16667
2019-11-16 21:00:00+00:00,29809
2019-11-16 22:00:00+00:00,27829.2
2019-11-16 23:00:00+00:00,25917.33333
2019-11-17 00:00:00+00:00,23712.28571
2019-11-17 01:00:00+00:00,22212.8
2019-11-17 02:00:00+00:00,21430.5
2019-11-17 03:00:00+00:00,21148.57143
2019-11-17 04:00:00+00:00,21139.4
2019-11-17 05:00:00+00:00,21610.33333
2019-11-17 06:00:00+00:00,22350
2019-11-17 07:00:00+00:00,22989.8
2019-11-17 08:00:00+00:00,25060.33333
2019-11-17 09:00:00+00:00,27497.14286
2019-11-17 10:00:00+00:00,28695
2019-11-17 11:00:00+00:00,28993.33333
2019-11-17 12:00:00+00:00,29561.85714
2019-11-17 13:00:00+00:00,29474
2019-11-17 14:00:00+00:00,28202.33333
2019-11-17 15:00:00+00:00,27244
2019-11-17 16:00:00+00:00,27506.4
2019-11-17 17:00:00+00:00,29539.5
2019-11-17 18:00:00+00:00,30813.14286
2019-11-17 19:00:00+00:00,31646.6
2019-11-17 20:00:00+00:00,31417.66667
2019-11-17 21:00:00+00:00,29827.42857
2019-11-17 22:00:00+00:00,27610.6
2019-11-17 23:00:00+00:00,25252.66667
2019-11-18 00:00:00+00:00,23269.14286
2019-11-18 01:00:00+00:00,22136.6
2019-11-18 02:00:00+00:00,21703.16667
2019-11-18 03:00:00+00:00,21825.28571
2019-11-18 04:00:00+00:00,22911.6
2019-11-18 05:00:00+00:00,25805.66667
2019-11-18 06:00:00+00:00,30766.85714
2019-11-18 07:00:00+00:00,33712.2
2019-11-18 08:00:00+00:00,34884.66667
2019-11-18 09:00:00+00:00,35247.85714
2019-11-18 10:00:00+00:00,35163.2
2019-11-18 11:00:00+00:00,34798
2019-11-18 12:00:00+00:00,34832
2019-11-18 13:00:00+00:00,34061.2
2019-11-18 14:00:00+00:00,33580.66667
2019-11-18 15:00:00+00:00,33262.57143
2019-11-18 16:00:00+00:00,33891.4
2019-11-18 17:00:00+00:00,35749.33333
2019-11-18 18:00:00+00:00,36668.28571
2019-11-18 19:00:00+00:00,36924.8
2019-11-18 20:00:00+00:00,35886.16667
2019-11-18 21:00:00+00:00,32754.42857
2019-11-18 22:00:00+00:00,29654.4
2019-11-18 23:00:00+00:00,27401.5
2019-11-19 00:00:00+00:00,25391.71429
2019-11-19 01:00:00+00:00,24364
2019-11-19 02:00:00+00:00,23925
2019-11-19 03:00:00+00:00,23915.57143
2019-11-19 04:00:00+00:00,24580.8
2019-11-19 05:00:00+00:00,27097.33333
2019-11-19 06:00:00+00:00,32048.28571
2019-11-19 07:00:00+00:00,34950.6
2019-11-19 08:00:00+00:00,36150
2019-11-19 09:00:00+00:00,36221.85714
2019-11-19 10:00:00+00:00,35937.8
2019-11-19 11:00:00+00:00,35504.33333
2019-11-19 12:00:00+00:00,35313.85714
2019-11-19 13:00:00+00:00,34484.6
2019-11-19 14:00:00+00:00,34040.66667
2019-11-19 15:00:00+00:00,33866.42857
2019-11-19 16:00:00+00:00,34686.4
2019-11-19 17:00:00+00:00,36790.33333
2019-11-19 18:00:00+00:00,37365
2019-11-19 19:00:00+00:00,37640.4
2019-11-19 20:00:00+00:00,36531.16667
2019-11-19 21:00:00+00:00,33243.14286
2019-11-19 22:00:00+00:00,29930.2
2019-11-19 23:00:00+00:00,27833.5
2019-11-20 00:00:00+00:00,25958.14286
2019-11-20 01:00:00+00:00,24657.4
2019-11-20 02:00:00+00:00,24148.33333
2019-11-20 03:00:00+00:00,24149.28571
2019-11-20 04:00:00+00:00,24808.8
2019-11-20 05:00:00+00:00,27328
2019-11-20 06:00:00+00:00,32118.71429
2019-11-20 07:00:00+00:00,35099
2019-11-20 08:00:00+00:00,35983
2019-11-20 09:00:00+00:00,36298.42857
2019-11-20 10:00:00+00:00,36426.2
2019-11-20 11:00:00+00:00,36374.33333
2019-11-20 12:00:00+00:00,36011.57143
2019-11-20 13:00:00+00:00,35203.2
2019-11-20 14:00:00+00:00,34818
2019-11-20 15:00:00+00:00,34688
2019-11-20 16:00:00+00:00,35320.2
2019-11-20 17:00:00+00:00,36776
2019-11-20 18:00:00+00:00,37324.42857
2019-11-20 19:00:00+00:00,37342.2
2019-11-20 20:00:00+00:00,36238
2019-11-20 21:00:00+00:00,33160.14286
2019-11-20 22:00:00+00:00,29984.2
2019-11-20 23:00:00+00:00,27880.33333
2019-11-21 00:00:00+00:00,25733.57143
2019-11-21 01:00:00+00:00,24682.6
2019-11-21 02:00:00+00:00,24269.83333
2019-11-21 03:00:00+00:00,24241.14286
2019-11-21 04:00:00+00:00,24886.2
2019-11-21 05:00:00+00:00,27397
2019-11-21 06:00:00+00:00,32110
2019-11-21 07:00:00+00:00,34803.4
2019-11-21 08:00:00+00:00,35807.16667
2019-11-21 09:00:00+00:00,36275.14286
2019-11-21 10:00:00+00:00,36179.4
2019-11-21 11:00:00+00:00,36261.16667
2019-11-21 12:00:00+00:00,36012.71429
2019-11-21 13:00:00+00:00,35160.8
2019-11-21 14:00:00+00:00,34605.5
2019-11-21 15:00:00+00:00,34448.42857
2019-11-21 16:00:00+00:00,34938.6
2019-11-21 17:00:00+00:00,36721.16667
2019-11-21 18:00:00+00:00,36846
2019-11-21 19:00:00+00:00,37237.4
2019-11-21 20:00:00+00:00,36390.66667
2019-11-21 21:00:00+00:00,33437.42857
2019-11-21 22:00:00+00:00,30226.4
2019-11-21 23:00:00+00:00,28073.16667
2019-11-22 00:00:00+00:00,26019
2019-11-22 01:00:00+00:00,24712
2019-11-22 02:00:00+00:00,24341.16667
2019-11-22 03:00:00+00:00,24321.28571
2019-11-22 04:00:00+00:00,24820.4
2019-11-22 05:00:00+00:00,27439.33333
2019-11-22 06:00:00+00:00,32166.57143
2019-11-22 07:00:00+00:00,34740
2019-11-22 08:00:00+00:00,35944.5
2019-11-22 09:00:00+00:00,36822.14286
2019-11-22 10:00:00+00:00,36720.2
2019-11-22 11:00:00+00:00,36736.16667
2019-11-22 12:00:00+00:00,36416.85714
2019-11-22 13:00:00+00:00,35259.2
2019-11-22 14:00:00+00:00,34494.66667
2019-11-22 15:00:00+00:00,34100.85714
2019-11-22 16:00:00+00:00,34421.4
2019-11-22 17:00:00+00:00,35644.5
2019-11-22 18:00:00+00:00,35849.57143
2019-11-22 19:00:00+00:00,35671.2
2019-11-22 20:00:00+00:00,34625.5
2019-11-22 21:00:00+00:00,32112.71429
2019-11-22 22:00:00+00:00,29386.8
2019-11-22 23:00:00+00:00,27291
2019-11-23 00:00:00+00:00,25279.28571
2019-11-23 01:00:00+00:00,23971.4
2019-11-23 02:00:00+00:00,23265.83333
2019-11-23 03:00:00+00:00,22928.71429
2019-11-23 04:00:00+00:00,22644
2019-11-23 05:00:00+00:00,23138.16667
2019-11-23 06:00:00+00:00,24540
2019-11-23 07:00:00+00:00,26114
2019-11-23 08:00:00+00:00,28640.66667
2019-11-23 09:00:00+00:00,30548.28571
2019-11-23 10:00:00+00:00,30777
2019-11-23 11:00:00+00:00,30614.33333
2019-11-23 12:00:00+00:00,30659.85714
2019-11-23 13:00:00+00:00,29902.8
2019-11-23 14:00:00+00:00,28751
2019-11-23 15:00:00+00:00,27798.42857
2019-11-23 16:00:00+00:00,27924
2019-11-23 17:00:00+00:00,29892.33333
2019-11-23 18:00:00+00:00,30657.28571
2019-11-23 19:00:00+00:00,31089.6
2019-11-23 20:00:00+00:00,30855.83333
2019-11-23 21:00:00+00:00,29366.28571
2019-11-23 22:00:00+00:00,27457.8
2019-11-23 23:00:00+00:00,25464.33333
2019-11-24 00:00:00+00:00,23292.42857
2019-11-24 01:00:00+00:00,21953.8
2019-11-24 02:00:00+00:00,21342.66667
2019-11-24 03:00:00+00:00,20916.71429
2019-11-24 04:00:00+00:00,20864
2019-11-24 05:00:00+00:00,21206.66667
2019-11-24 06:00:00+00:00,21829.57143
2019-11-24 07:00:00+00:00,22555.6
2019-11-24 08:00:00+00:00,24524.66667
2019-11-24 09:00:00+00:00,26774.42857
2019-11-24 10:00:00+00:00,27482.8
2019-11-24 11:00:00+00:00,27372.66667
2019-11-24 12:00:00+00:00,27741.71429
2019-11-24 13:00:00+00:00,27665.6
2019-11-24 14:00:00+00:00,26646.5
2019-11-24 15:00:00+00:00,26037.57143
2019-11-24 16:00:00+00:00,26399.2
2019-11-24 17:00:00+00:00,28703
2019-11-24 18:00:00+00:00,30238.14286
2019-11-24 19:00:00+00:00,31182
2019-11-24 20:00:00+00:00,31040.33333
2019-11-24 21:00:00+00:00,29671.42857
2019-11-24 22:00:00+00:00,27326
2019-11-24 23:00:00+00:00,24980.83333
2019-11-25 00:00:00+00:00,23227.85714
2019-11-25 01:00:00+00:00,22233.2
2019-11-25 02:00:00+00:00,21912.16667
2019-11-25 03:00:00+00:00,21905
2019-11-25 04:00:00+00:00,22765.6
2019-11-25 05:00:00+00:00,25699.83333
2019-11-25 06:00:00+00:00,30651.28571
2019-11-25 07:00:00+00:00,33406.4
2019-11-25 08:00:00+00:00,34270.33333
2019-11-25 09:00:00+00:00,34476.28571
2019-11-25 10:00:00+00:00,34178
2019-11-25 11:00:00+00:00,34305.33333
2019-11-25 12:00:00+00:00,34091.57143
2019-11-25 13:00:00+00:00,33322.2
2019-11-25 14:00:00+00:00,32850.66667
2019-11-25 15:00:00+00:00,32737.14286
2019-11-25 16:00:00+00:00,33288.4
2019-11-25 17:00:00+00:00,35010
2019-11-25 18:00:00+00:00,35393.57143
2019-11-25 19:00:00+00:00,35763.8
2019-11-25 20:00:00+00:00,34764.5
2019-11-25 21:00:00+00:00,31787.42857
2019-11-25 22:00:00+00:00,28767
2019-11-25 23:00:00+00:00,26790.33333
2019-11-26 00:00:00+00:00,24957.42857
2019-11-26 01:00:00+00:00,23880.2
2019-11-26 02:00:00+00:00,23516.33333
2019-11-26 03:00:00+00:00,23498.28571
2019-11-26 04:00:00+00:00,24133.6
2019-11-26 05:00:00+00:00,26671.5
2019-11-26 06:00:00+00:00,31364
2019-11-26 07:00:00+00:00,33697.8
2019-11-26 08:00:00+00:00,34461.66667
2019-11-26 09:00:00+00:00,34514.85714
2019-11-26 10:00:00+00:00,34422.4
2019-11-26 11:00:00+00:00,34184.83333
2019-11-26 12:00:00+00:00,34248.42857
2019-11-26 13:00:00+00:00,33383.8
2019-11-26 14:00:00+00:00,32705.5
2019-11-26 15:00:00+00:00,32420.71429
2019-11-26 16:00:00+00:00,33194
2019-11-26 17:00:00+00:00,34713.5
2019-11-26 18:00:00+00:00,35234.71429
2019-11-26 19:00:00+00:00,35391.6
2019-11-26 20:00:00+00:00,34516.5
2019-11-26 21:00:00+00:00,31759.28571
2019-11-26 22:00:00+00:00,28762
2019-11-26 23:00:00+00:00,26927.16667
2019-11-27 00:00:00+00:00,25189.71429
2019-11-27 01:00:00+00:00,23827.8
2019-11-27 02:00:00+00:00,23318.66667
2019-11-27 03:00:00+00:00,23158
2019-11-27 04:00:00+00:00,23756.6
2019-11-27 05:00:00+00:00,26341.66667
2019-11-27 06:00:00+00:00,30824.85714
2019-11-27 07:00:00+00:00,32988
2019-11-27 08:00:00+00:00,33627
2019-11-27 09:00:00+00:00,33770.28571
2019-11-27 10:00:00+00:00,33601
2019-11-27 11:00:00+00:00,33541.16667
2019-11-27 12:00:00+00:00,33426.71429
2019-11-27 13:00:00+00:00,32567.6
2019-11-27 14:00:00+00:00,32172.33333
2019-11-27 15:00:00+00:00,31848.71429
2019-11-27 16:00:00+00:00,32474
2019-11-27 17:00:00+00:00,34129.83333
2019-11-27 18:00:00+00:00,34423.57143
2019-11-27 19:00:00+00:00,35012
2019-11-27 20:00:00+00:00,34243.66667
2019-11-27 21:00:00+00:00,31426.57143
2019-11-27 22:00:00+00:00,28513.2
2019-11-27 23:00:00+00:00,26608.16667
2019-11-28 00:00:00+00:00,24888
2019-11-28 01:00:00+00:00,23681
2019-11-28 02:00:00+00:00,23306.83333
2019-11-28 03:00:00+00:00,23171.14286
2019-11-28 04:00:00+00:00,23927.6
2019-11-28 05:00:00+00:00,26216
2019-11-28 06:00:00+00:00,30633.85714
2019-11-28 07:00:00+00:00,32799.2
2019-11-28 08:00:00+00:00,33508
2019-11-28 09:00:00+00:00,33854.71429
2019-11-28 10:00:00+00:00,33726.8
2019-11-28 11:00:00+00:00,33681.16667
2019-11-28 12:00:00+00:00,33643.71429
2019-11-28 13:00:00+00:00,32661.4
2019-11-28 14:00:00+00:00,32324.66667
2019-11-28 15:00:00+00:00,32095.57143
2019-11-28 16:00:00+00:00,32715.2
2019-11-28 17:00:00+00:00,34219.5
2019-11-28 18:00:00+00:00,34885.42857
2019-11-28 19:00:00+00:00,35153
2019-11-28 20:00:00+00:00,34241
2019-11-28 21:00:00+00:00,31652.14286
2019-11-28 22:00:00+00:00,28757.4
2019-11-28 23:00:00+00:00,26849.5
2019-11-29 00:00:00+00:00,24906.85714
2019-11-29 01:00:00+00:00,23963
2019-11-29 02:00:00+00:00,23476
2019-11-29 03:00:00+00:00,23239.42857
2019-11-29 04:00:00+00:00,24051.4
2019-11-29 05:00:00+00:00,26218.5
2019-11-29 06:00:00+00:00,30544.71429
2019-11-29 07:00:00+00:00,32677.2
2019-11-29 08:00:00+00:00,33325.33333
2019-11-29 09:00:00+00:00,33678.57143
2019-11-29 10:00:00+00:00,33485
2019-11-29 11:00:00+00:00,33355
2019-11-29 12:00:00+00:00,32908.42857
2019-11-29 13:00:00+00:00,31930
2019-11-29 14:00:00+00:00,31309.16667
2019-11-29 15:00:00+00:00,30951.28571
2019-11-29 16:00:00+00:00,31560.8
2019-11-29 17:00:00+00:00,33121.33333
2019-11-29 18:00:00+00:00,33412
2019-11-29 19:00:00+00:00,33390
2019-11-29 20:00:00+00:00,32665.33333
2019-11-29 21:00:00+00:00,30506.85714
2019-11-29 22:00:00+00:00,28253.6
2019-11-29 23:00:00+00:00,26673.83333
2019-11-30 00:00:00+00:00,24714.42857
2019-11-30 01:00:00+00:00,23355.2
2019-11-30 02:00:00+00:00,22792.83333
2019-11-30 03:00:00+00:00,22212.57143
2019-11-30 04:00:00+00:00,22259.4
2019-11-30 05:00:00+00:00,22803.33333
2019-11-30 06:00:00+00:00,24229
2019-11-30 07:00:00+00:00,25695.2
2019-11-30 08:00:00+00:00,27834.66667
2019-11-30 09:00:00+00:00,29212.42857
2019-11-30 10:00:00+00:00,29494.8
2019-11-30 11:00:00+00:00,29048.5
2019-11-30 12:00:00+00:00,29094.14286
2019-11-30 13:00:00+00:00,28488.4
2019-11-30 14:00:00+00:00,27327.33333
2019-11-30 15:00:00+00:00,26544.71429
2019-11-30 16:00:00+00:00,26740
2019-11-30 17:00:00+00:00,28769.5
2019-11-30 18:00:00+00:00,29286
2019-11-30 19:00:00+00:00,29490
2019-11-30 20:00:00+00:00,29569.66667
2019-11-30 21:00:00+00:00,27982.28571
2019-11-30 22:00:00+00:00,26220.6
2019-11-30 23:00:00+00:00,24416.5
2019-12-01 00:00:00+00:00,22550.14286
2019-12-01 01:00:00+00:00,21496
2019-12-01 02:00:00+00:00,20876.83333
2019-12-01 03:00:00+00:00,20597.85714
2019-12-01 04:00:00+00:00,20523.6
2019-12-01 05:00:00+00:00,20960
2019-12-01 06:00:00+00:00,21704.57143
2019-12-01 07:00:00+00:00,22313.6
2019-12-01 08:00:00+00:00,24261.5
2019-12-01 09:00:00+00:00,26341.42857
2019-12-01 10:00:00+00:00,27351.6
2019-12-01 11:00:00+00:00,27327
2019-12-01 12:00:00+00:00,27766.57143
2019-12-01 13:00:00+00:00,27755.8
2019-12-01 14:00:00+00:00,26571.66667
2019-12-01 15:00:00+00:00,25847.57143
2019-12-01 16:00:00+00:00,26447.2
2019-12-01 17:00:00+00:00,28265.83333
2019-12-01 18:00:00+00:00,29312.14286
2019-12-01 19:00:00+00:00,30345.6
2019-12-01 20:00:00+00:00,30128.16667
2019-12-01 21:00:00+00:00,28580.14286
2019-12-01 22:00:00+00:00,26386.6
2019-12-01 23:00:00+00:00,24219.83333
2019-12-02 00:00:00+00:00,22660.71429
2019-12-02 01:00:00+00:00,21644.2
2019-12-02 02:00:00+00:00,21410.66667
2019-12-02 03:00:00+00:00,21402
2019-12-02 04:00:00+00:00,22347.6
2019-12-02 05:00:00+00:00,25136.66667
2019-12-02 06:00:00+00:00,30022.57143
2019-12-02 07:00:00+00:00,32744.8
2019-12-02 08:00:00+00:00,33753
2019-12-02 09:00:00+00:00,34232.42857
2019-12-02 10:00:00+00:00,34182
2019-12-02 11:00:00+00:00,34045
2019-12-02 12:00:00+00:00,33933.85714
2019-12-02 13:00:00+00:00,33162.6
2019-12-02 14:00:00+00:00,32756.66667
2019-12-02 15:00:00+00:00,32579
2019-12-02 16:00:00+00:00,33172.8
2019-12-02 17:00:00+00:00,34671.83333
2019-12-02 18:00:00+00:00,35116.57143
2019-12-02 19:00:00+00:00,35377.8
2019-12-02 20:00:00+00:00,34538.33333
2019-12-02 21:00:00+00:00,31349
2019-12-02 22:00:00+00:00,28274.4
2019-12-02 23:00:00+00:00,26271.16667
2019-12-03 00:00:00+00:00,24318.42857
2019-12-03 01:00:00+00:00,23201
2019-12-03 02:00:00+00:00,22780.66667
2019-12-03 03:00:00+00:00,22834.71429
2019-12-03 04:00:00+00:00,23525.2
2019-12-03 05:00:00+00:00,25951.16667
2019-12-03 06:00:00+00:00,30773.42857
2019-12-03 07:00:00+00:00,33357.6
2019-12-03 08:00:00+00:00,34402.83333
2019-12-03 09:00:00+00:00,34892
2019-12-03 10:00:00+00:00,34745.2
2019-12-03 11:00:00+00:00,34690.33333
2019-12-03 12:00:00+00:00,34744.57143
2019-12-03 13:00:00+00:00,34050
2019-12-03 14:00:00+00:00,33359.66667
2019-12-03 15:00:00+00:00,33360
2019-12-03 16:00:00+00:00,33977
2019-12-03 17:00:00+00:00,35304.16667
2019-12-03 18:00:00+00:00,35843.85714
2019-12-03 19:00:00+00:00,36139.8
2019-12-03 20:00:00+00:00,35446.83333
2019-12-03 21:00:00+00:00,32417.71429
2019-12-03 22:00:00+00:00,29166.2
2019-12-03 23:00:00+00:00,27103.5
2019-12-04 00:00:00+00:00,25089.71429
2019-12-04 01:00:00+00:00,23832.4
2019-12-04 02:00:00+00:00,23305.83333
2019-12-04 03:00:00+00:00,23137.71429
2019-12-04 04:00:00+00:00,23849.8
2019-12-04 05:00:00+00:00,26374.83333
2019-12-04 06:00:00+00:00,31143.57143
2019-12-04 07:00:00+00:00,33773.2
2019-12-04 08:00:00+00:00,34909.83333
2019-12-04 09:00:00+00:00,35446.71429
2019-12-04 10:00:00+00:00,35405.8
2019-12-04 11:00:00+00:00,35367.16667
2019-12-04 12:00:00+00:00,35364.28571
2019-12-04 13:00:00+00:00,34426
2019-12-04 14:00:00+00:00,34047.66667
2019-12-04 15:00:00+00:00,33941
2019-12-04 16:00:00+00:00,34428.6
2019-12-04 17:00:00+00:00,35619.83333
2019-12-04 18:00:00+00:00,35882.71429
2019-12-04 19:00:00+00:00,36322
2019-12-04 20:00:00+00:00,35460.33333
2019-12-04 21:00:00+00:00,32343.85714
2019-12-04 22:00:00+00:00,29171.8
2019-12-04 23:00:00+00:00,27140.83333
2019-12-05 00:00:00+00:00,25009.85714
2019-12-05 01:00:00+00:00,23888.2
2019-12-05 02:00:00+00:00,23404
2019-12-05 03:00:00+00:00,23442.57143
2019-12-05 04:00:00+00:00,24061.2
2019-12-05 05:00:00+00:00,26557.33333
2019-12-05 06:00:00+00:00,31372.42857
2019-12-05 07:00:00+00:00,33906.8
2019-12-05 08:00:00+00:00,34718.66667
2019-12-05 09:00:00+00:00,35368
2019-12-05 10:00:00+00:00,35111.6
2019-12-05 11:00:00+00:00,34920.83333
2019-12-05 12:00:00+00:00,34585.57143
2019-12-05 13:00:00+00:00,33693.2
2019-12-05 14:00:00+00:00,33182.33333
2019-12-05 15:00:00+00:00,33219.14286
2019-12-05 16:00:00+00:00,33629.6
2019-12-05 17:00:00+00:00,34902.5
2019-12-05 18:00:00+00:00,34902
2019-12-05 19:00:00+00:00,34913.8
2019-12-05 20:00:00+00:00,34322
2019-12-05 21:00:00+00:00,31873.28571
2019-12-05 22:00:00+00:00,29284.2
2019-12-05 23:00:00+00:00,27753.33333
2019-12-06 00:00:00+00:00,25504
2019-12-06 01:00:00+00:00,23992.6
2019-12-06 02:00:00+00:00,23358.83333
2019-12-06 03:00:00+00:00,22846
2019-12-06 04:00:00+00:00,22797
2019-12-06 05:00:00+00:00,23096.16667
2019-12-06 06:00:00+00:00,24267.71429
2019-12-06 07:00:00+00:00,25247.8
2019-12-06 08:00:00+00:00,26964.33333
2019-12-06 09:00:00+00:00,28935
2019-12-06 10:00:00+00:00,29597.8
2019-12-06 11:00:00+00:00,29362.16667
2019-12-06 12:00:00+00:00,29436.71429
2019-12-06 13:00:00+00:00,29048
2019-12-06 14:00:00+00:00,27824.66667
2019-12-06 15:00:00+00:00,27165.42857
2019-12-06 16:00:00+00:00,27469
2019-12-06 17:00:00+00:00,29330.83333
2019-12-06 18:00:00+00:00,30075.85714
2019-12-06 19:00:00+00:00,30523.8
2019-12-06 20:00:00+00:00,30478
2019-12-06 21:00:00+00:00,29497.71429
2019-12-06 22:00:00+00:00,27752.4
2019-12-06 23:00:00+00:00,25832
2019-12-07 00:00:00+00:00,23646.71429
2019-12-07 01:00:00+00:00,22332
2019-12-07 02:00:00+00:00,21669.16667
2019-12-07 03:00:00+00:00,21337.14286
2019-12-07 04:00:00+00:00,21493.6
2019-12-07 05:00:00+00:00,22334.5
2019-12-07 06:00:00+00:00,23747.57143
2019-12-07 07:00:00+00:00,25065.2
2019-12-07 08:00:00+00:00,27286.5
2019-12-07 09:00:00+00:00,29172.71429
2019-12-07 10:00:00+00:00,29428.8
2019-12-07 11:00:00+00:00,28999
2019-12-07 12:00:00+00:00,28899
2019-12-07 13:00:00+00:00,28633
2019-12-07 14:00:00+00:00,27768
2019-12-07 15:00:00+00:00,26932.85714
2019-12-07 16:00:00+00:00,27386.2
2019-12-07 17:00:00+00:00,29402.66667
2019-12-07 18:00:00+00:00,29977.28571
2019-12-07 19:00:00+00:00,30592.2
2019-12-07 20:00:00+00:00,30421.33333
2019-12-07 21:00:00+00:00,29115.42857
2019-12-07 22:00:00+00:00,27347.2
2019-12-07 23:00:00+00:00,25459.5
2019-12-08 00:00:00+00:00,23341.28571
2019-12-08 01:00:00+00:00,21844.6
2019-12-08 02:00:00+00:00,21175.66667
2019-12-08 03:00:00+00:00,20660.71429
2019-12-08 04:00:00+00:00,20596
2019-12-08 05:00:00+00:00,21027.83333
2019-12-08 06:00:00+00:00,21881.85714
2019-12-08 07:00:00+00:00,22541
2019-12-08 08:00:00+00:00,24331
2019-12-08 09:00:00+00:00,26585.71429
2019-12-08 10:00:00+00:00,27572
2019-12-08 11:00:00+00:00,27499.83333
2019-12-08 12:00:00+00:00,27583.71429
2019-12-08 13:00:00+00:00,27494
2019-12-08 14:00:00+00:00,26588.66667
2019-12-08 15:00:00+00:00,25958.14286
2019-12-08 16:00:00+00:00,26414.8
2019-12-08 17:00:00+00:00,28155.33333
2019-12-08 18:00:00+00:00,29327.71429
2019-12-08 19:00:00+00:00,30297.8
2019-12-08 20:00:00+00:00,30267.16667
2019-12-08 21:00:00+00:00,29058.42857
2019-12-08 22:00:00+00:00,26734
2019-12-08 23:00:00+00:00,24692.83333
2019-12-09 00:00:00+00:00,22728.14286
2019-12-09 01:00:00+00:00,21773.6
2019-12-09 02:00:00+00:00,21069.66667
2019-12-09 03:00:00+00:00,21008.28571
2019-12-09 04:00:00+00:00,21766.2
2019-12-09 05:00:00+00:00,23867
2019-12-09 06:00:00+00:00,27130.14286
2019-12-09 07:00:00+00:00,28954.8
2019-12-09 08:00:00+00:00,30621.83333
2019-12-09 09:00:00+00:00,31701.71429
2019-12-09 10:00:00+00:00,32071.6
2019-12-09 11:00:00+00:00,32010
2019-12-09 12:00:00+00:00,32028.28571
2019-12-09 13:00:00+00:00,31549.6
2019-12-09 14:00:00+00:00,30831.5
2019-12-09 15:00:00+00:00,30267.42857
2019-12-09 16:00:00+00:00,30746.2
2019-12-09 17:00:00+00:00,32563.16667
2019-12-09 18:00:00+00:00,33465.85714
2019-12-09 19:00:00+00:00,34059.4
2019-12-09 20:00:00+00:00,33656.5
2019-12-09 21:00:00+00:00,31119.28571
2019-12-09 22:00:00+00:00,28227
2019-12-09 23:00:00+00:00,26186.33333
2019-12-10 00:00:00+00:00,24187.71429
2019-12-10 01:00:00+00:00,23083.8
2019-12-10 02:00:00+00:00,22589.16667
2019-12-10 03:00:00+00:00,22503.71429
2019-12-10 04:00:00+00:00,23306
2019-12-10 05:00:00+00:00,25848.66667
2019-12-10 06:00:00+00:00,30921
2019-12-10 07:00:00+00:00,33925.2
2019-12-10 08:00:00+00:00,34862.33333
2019-12-10 09:00:00+00:00,35140.28571
2019-12-10 10:00:00+00:00,34818
2019-12-10 11:00:00+00:00,34591.5
2019-12-10 12:00:00+00:00,34405
2019-12-10 13:00:00+00:00,33583.6
2019-12-10 14:00:00+00:00,33206.5
2019-12-10 15:00:00+00:00,33034.85714
2019-12-10 16:00:00+00:00,33627.8
2019-12-10 17:00:00+00:00,35295.5
2019-12-10 18:00:00+00:00,35936.42857
2019-12-10 19:00:00+00:00,36524.4
2019-12-10 20:00:00+00:00,35750
2019-12-10 21:00:00+00:00,32756.42857
2019-12-10 22:00:00+00:00,29551.4
2019-12-10 23:00:00+00:00,27350.66667
2019-12-11 00:00:00+00:00,25120
2019-12-11 01:00:00+00:00,24020.4
2019-12-11 02:00:00+00:00,23596.66667
2019-12-11 03:00:00+00:00,23469.57143
2019-12-11 04:00:00+00:00,24179.8
2019-12-11 05:00:00+00:00,26679.33333
2019-12-11 06:00:00+00:00,31815.28571
2019-12-11 07:00:00+00:00,34634.2
2019-12-11 08:00:00+00:00,35340.16667
2019-12-11 09:00:00+00:00,35606.57143
2019-12-11 10:00:00+00:00,35295
2019-12-11 11:00:00+00:00,34963.83333
2019-12-11 12:00:00+00:00,34659.14286
2019-12-11 13:00:00+00:00,33777.2
2019-12-11 14:00:00+00:00,33609.5
2019-12-11 15:00:00+00:00,33360.71429
2019-12-11 16:00:00+00:00,33945
2019-12-11 17:00:00+00:00,35558.33333
2019-12-11 18:00:00+00:00,36296.57143
2019-12-11 19:00:00+00:00,36790.6
2019-12-11 20:00:00+00:00,36060.33333
2019-12-11 21:00:00+00:00,32987
2019-12-11 22:00:00+00:00,29642.4
2019-12-11 23:00:00+00:00,27505.66667
2019-12-12 00:00:00+00:00,25345.28571
2019-12-12 01:00:00+00:00,24167
2019-12-12 02:00:00+00:00,23577.16667
2019-12-12 03:00:00+00:00,23555.85714
2019-12-12 04:00:00+00:00,24252.2
2019-12-12 05:00:00+00:00,26901
2019-12-12 06:00:00+00:00,31838.28571
2019-12-12 07:00:00+00:00,34663.4
2019-12-12 08:00:00+00:00,35519.33333
2019-12-12 09:00:00+00:00,35954.28571
2019-12-12 10:00:00+00:00,35958.4
2019-12-12 11:00:00+00:00,35762.66667
2019-12-12 12:00:00+00:00,35785
2019-12-12 13:00:00+00:00,35177.2
2019-12-12 14:00:00+00:00,34868.16667
2019-12-12 15:00:00+00:00,34885
2019-12-12 16:00:00+00:00,35716.8
2019-12-12 17:00:00+00:00,36973
2019-12-12 18:00:00+00:00,37264.71429
2019-12-12 19:00:00+00:00,37361.8
2019-12-12 20:00:00+00:00,36500.16667
2019-12-12 21:00:00+00:00,33475.14286
2019-12-12 22:00:00+00:00,30232
2019-12-12 23:00:00+00:00,28097.5
2019-12-13 00:00:00+00:00,25876.85714
2019-12-13 01:00:00+00:00,24578.8
2019-12-13 02:00:00+00:00,23862.5
2019-12-13 03:00:00+00:00,23817
2019-12-13 04:00:00+00:00,24512.6
2019-12-13 05:00:00+00:00,27062.5
2019-12-13 06:00:00+00:00,31711.42857
2019-12-13 07:00:00+00:00,34299.4
2019-12-13 08:00:00+00:00,34870.5
2019-12-13 09:00:00+00:00,35155.71429
2019-12-13 10:00:00+00:00,35088.2
2019-12-13 11:00:00+00:00,34766
2019-12-13 12:00:00+00:00,34778.85714
2019-12-13 13:00:00+00:00,33508
2019-12-13 14:00:00+00:00,32824.66667
2019-12-13 15:00:00+00:00,32629.14286
2019-12-13 16:00:00+00:00,33122
2019-12-13 17:00:00+00:00,34256.5
2019-12-13 18:00:00+00:00,34464.71429
2019-12-13 19:00:00+00:00,34389.8
2019-12-13 20:00:00+00:00,33729.33333
2019-12-13 21:00:00+00:00,31268.85714
2019-12-13 22:00:00+00:00,28810.2
2019-12-13 23:00:00+00:00,27091.66667
2019-12-14 00:00:00+00:00,25106.71429
2019-12-14 01:00:00+00:00,23764
2019-12-14 02:00:00+00:00,22987.66667
2019-12-14 03:00:00+00:00,22575.71429
2019-12-14 04:00:00+00:00,22490.8
2019-12-14 05:00:00+00:00,22976.5
2019-12-14 06:00:00+00:00,24641.85714
2019-12-14 07:00:00+00:00,26221.8
2019-12-14 08:00:00+00:00,28373.16667
2019-12-14 09:00:00+00:00,30094.28571
2019-12-14 10:00:00+00:00,30337
2019-12-14 11:00:00+00:00,30060
2019-12-14 12:00:00+00:00,30014.28571
2019-12-14 13:00:00+00:00,29508
2019-12-14 14:00:00+00:00,28508.83333
2019-12-14 15:00:00+00:00,27770.14286
2019-12-14 16:00:00+00:00,28135.4
2019-12-14 17:00:00+00:00,30091.5
2019-12-14 18:00:00+00:00,30540.57143
2019-12-14 19:00:00+00:00,30988.6
2019-12-14 20:00:00+00:00,30693.33333
2019-12-14 21:00:00+00:00,29284.57143
2019-12-14 22:00:00+00:00,27320.4
2019-12-14 23:00:00+00:00,25375.16667
2019-12-15 00:00:00+00:00,23233.42857
2019-12-15 01:00:00+00:00,21893.2
2019-12-15 02:00:00+00:00,21099.33333
2019-12-15 03:00:00+00:00,20656.71429
2019-12-15 04:00:00+00:00,20539
2019-12-15 05:00:00+00:00,21260.5
2019-12-15 06:00:00+00:00,22313.57143
2019-12-15 07:00:00+00:00,23179.8
2019-12-15 08:00:00+00:00,24873.16667
2019-12-15 09:00:00+00:00,27100.85714
2019-12-15 10:00:00+00:00,27948.6
2019-12-15 11:00:00+00:00,27830
2019-12-15 12:00:00+00:00,28188.28571
2019-12-15 13:00:00+00:00,28223
2019-12-15 14:00:00+00:00,27086.66667
2019-12-15 15:00:00+00:00,26439.14286
2019-12-15 16:00:00+00:00,26761.4
2019-12-15 17:00:00+00:00,28888.16667
2019-12-15 18:00:00+00:00,30014.71429
2019-12-15 19:00:00+00:00,31150
2019-12-15 20:00:00+00:00,31161.66667
2019-12-15 21:00:00+00:00,29759.85714
2019-12-15 22:00:00+00:00,27425.2
2019-12-15 23:00:00+00:00,25121.33333
2019-12-16 00:00:00+00:00,23095
2019-12-16 01:00:00+00:00,22009.4
2019-12-16 02:00:00+00:00,21591
2019-12-16 03:00:00+00:00,21635
2019-12-16 04:00:00+00:00,22568.4
2019-12-16 05:00:00+00:00,25375
2019-12-16 06:00:00+00:00,30555.71429
2019-12-16 07:00:00+00:00,33632.4
2019-12-16 08:00:00+00:00,34311
2019-12-16 09:00:00+00:00,34920.42857
2019-12-16 10:00:00+00:00,35115.4
2019-12-16 11:00:00+00:00,35013.5
2019-12-16 12:00:00+00:00,34871.28571
2019-12-16 13:00:00+00:00,33766.6
2019-12-16 14:00:00+00:00,33277.66667
2019-12-16 15:00:00+00:00,33138.57143
2019-12-16 16:00:00+00:00,33737.4
2019-12-16 17:00:00+00:00,35028.5
2019-12-16 18:00:00+00:00,35447
2019-12-16 19:00:00+00:00,35795.8
2019-12-16 20:00:00+00:00,35003.66667
2019-12-16 21:00:00+00:00,31924.14286
2019-12-16 22:00:00+00:00,28886.8
2019-12-16 23:00:00+00:00,26882.33333
2019-12-17 00:00:00+00:00,24842.71429
2019-12-17 01:00:00+00:00,23856.6
2019-12-17 02:00:00+00:00,23356.83333
2019-12-17 03:00:00+00:00,23276
2019-12-17 04:00:00+00:00,24064
2019-12-17 05:00:00+00:00,26513.5
2019-12-17 06:00:00+00:00,31140
2019-12-17 07:00:00+00:00,33976.4
2019-12-17 08:00:00+00:00,34585.5
2019-12-17 09:00:00+00:00,35020.85714
2019-12-17 10:00:00+00:00,35057.6
2019-12-17 11:00:00+00:00,34826.16667
2019-12-17 12:00:00+00:00,34753.57143
2019-12-17 13:00:00+00:00,33692.6
2019-12-17 14:00:00+00:00,33226.16667
2019-12-17 15:00:00+00:00,32971.85714
2019-12-17 16:00:00+00:00,33243.4
2019-12-17 17:00:00+00:00,34735.16667
2019-12-17 18:00:00+00:00,35374.28571
2019-12-17 19:00:00+00:00,35938
2019-12-17 20:00:00+00:00,35332
2019-12-17 21:00:00+00:00,32612.71429
2019-12-17 22:00:00+00:00,29287.4
2019-12-17 23:00:00+00:00,27101.83333
2019-12-18 00:00:00+00:00,24974.71429
2019-12-18 01:00:00+00:00,23922.4
2019-12-18 02:00:00+00:00,23490.16667
2019-12-18 03:00:00+00:00,23337.28571
2019-12-18 04:00:00+00:00,23963
2019-12-18 05:00:00+00:00,26556.16667
2019-12-18 06:00:00+00:00,31367
2019-12-18 07:00:00+00:00,34092.2
2019-12-18 08:00:00+00:00,34673.33333
2019-12-18 09:00:00+00:00,34978.14286
2019-12-18 10:00:00+00:00,34965
2019-12-18 11:00:00+00:00,34725.33333
2019-12-18 12:00:00+00:00,34565
2019-12-18 13:00:00+00:00,33712.6
2019-12-18 14:00:00+00:00,33328.16667
2019-12-18 15:00:00+00:00,33132.71429
2019-12-18 16:00:00+00:00,33690.6
2019-12-18 17:00:00+00:00,35140.83333
2019-12-18 18:00:00+00:00,35672.28571
2019-12-18 19:00:00+00:00,35749.6
2019-12-18 20:00:00+00:00,34715.33333
2019-12-18 21:00:00+00:00,32260.85714
2019-12-18 22:00:00+00:00,29154.6
2019-12-18 23:00:00+00:00,27234.66667
2019-12-19 00:00:00+00:00,25110.71429
2019-12-19 01:00:00+00:00,23983.4
2019-12-19 02:00:00+00:00,23423.5
2019-12-19 03:00:00+00:00,23189.14286
2019-12-19 04:00:00+00:00,24033.4
2019-12-19 05:00:00+00:00,26447.33333
2019-12-19 06:00:00+00:00,31057.57143
2019-12-19 07:00:00+00:00,33552.4
2019-12-19 08:00:00+00:00,34421.66667
2019-12-19 09:00:00+00:00,34754.71429
2019-12-19 10:00:00+00:00,34931.4
2019-12-19 11:00:00+00:00,34998.16667
2019-12-19 12:00:00+00:00,35165.42857
2019-12-19 13:00:00+00:00,34176.8
2019-12-19 14:00:00+00:00,33713.5
2019-12-19 15:00:00+00:00,33576.71429
2019-12-19 16:00:00+00:00,33933.2
2019-12-19 17:00:00+00:00,34933.83333
2019-12-19 18:00:00+00:00,35245.57143
2019-12-19 19:00:00+00:00,35390
2019-12-19 20:00:00+00:00,34543
2019-12-19 21:00:00+00:00,31865.42857
2019-12-19 22:00:00+00:00,28830.2
2019-12-19 23:00:00+00:00,26841.83333
2019-12-20 00:00:00+00:00,24814.28571
2019-12-20 01:00:00+00:00,23209.4
2019-12-20 02:00:00+00:00,22738.33333
2019-12-20 03:00:00+00:00,22650.28571
2019-12-20 04:00:00+00:00,23112.6
2019-12-20 05:00:00+00:00,25393
2019-12-20 06:00:00+00:00,29591.42857
2019-12-20 07:00:00+00:00,32134.8
2019-12-20 08:00:00+00:00,32861.5
2019-12-20 09:00:00+00:00,33176.42857
2019-12-20 10:00:00+00:00,33214.4
2019-12-20 11:00:00+00:00,33003.33333
2019-12-20 12:00:00+00:00,32977.85714
2019-12-20 13:00:00+00:00,31985.6
2019-12-20 14:00:00+00:00,31292.33333
2019-12-20 15:00:00+00:00,30950.57143
2019-12-20 16:00:00+00:00,31398.8
2019-12-20 17:00:00+00:00,32428.83333
2019-12-20 18:00:00+00:00,32603.57143
2019-12-20 19:00:00+00:00,32569
2019-12-20 20:00:00+00:00,31706.16667
2019-12-20 21:00:00+00:00,29537.28571
2019-12-20 22:00:00+00:00,27122
2019-12-20 23:00:00+00:00,25377
2019-12-21 00:00:00+00:00,23337.42857
2019-12-21 01:00:00+00:00,21968.2
2019-12-21 02:00:00+00:00,21209.5
2019-12-21 03:00:00+00:00,20847.28571
2019-12-21 04:00:00+00:00,20903.2
2019-12-21 05:00:00+00:00,21615
2019-12-21 06:00:00+00:00,23088.28571
2019-12-21 07:00:00+00:00,24635
2019-12-21 08:00:00+00:00,26779.33333
2019-12-21 09:00:00+00:00,28543.85714
2019-12-21 10:00:00+00:00,28789.6
2019-12-21 11:00:00+00:00,28758.33333
2019-12-21 12:00:00+00:00,28863.42857
2019-12-21 13:00:00+00:00,28387.8
2019-12-21 14:00:00+00:00,27272.16667
2019-12-21 15:00:00+00:00,26614.42857
2019-12-21 16:00:00+00:00,26886.6
2019-12-21 17:00:00+00:00,28262
2019-12-21 18:00:00+00:00,28695.85714
2019-12-21 19:00:00+00:00,29037.6
2019-12-21 20:00:00+00:00,28897
2019-12-21 21:00:00+00:00,27415.57143
2019-12-21 22:00:00+00:00,25479
2019-12-21 23:00:00+00:00,23575.33333
2019-12-22 00:00:00+00:00,21591.28571
2019-12-22 01:00:00+00:00,20456.2
2019-12-22 02:00:00+00:00,19814.5
2019-12-22 03:00:00+00:00,19381.28571
2019-12-22 04:00:00+00:00,19372.4
2019-12-22 05:00:00+00:00,19739.66667
2019-12-22 06:00:00+00:00,20745.14286
2019-12-22 07:00:00+00:00,21887.2
2019-12-22 08:00:00+00:00,23678.83333
2019-12-22 09:00:00+00:00,25990
2019-12-22 10:00:00+00:00,26642.8
2019-12-22 11:00:00+00:00,26431.83333
2019-12-22 12:00:00+00:00,26686.71429
2019-12-22 13:00:00+00:00,26293.8
2019-12-22 14:00:00+00:00,25128.83333
2019-12-22 15:00:00+00:00,24137.57143
2019-12-22 16:00:00+00:00,24404.6
2019-12-22 17:00:00+00:00,26248.5
2019-12-22 18:00:00+00:00,27191.42857
2019-12-22 19:00:00+00:00,27994.4
2019-12-22 20:00:00+00:00,28211.66667
2019-12-22 21:00:00+00:00,26902.42857
2019-12-22 22:00:00+00:00,24767.4
2019-12-22 23:00:00+00:00,22902.33333
2019-12-23 00:00:00+00:00,21098.28571
2019-12-23 01:00:00+00:00,20055
2019-12-23 02:00:00+00:00,19407
2019-12-23 03:00:00+00:00,19278.85714
2019-12-23 04:00:00+00:00,20125.4
2019-12-23 05:00:00+00:00,21929.66667
2019-12-23 06:00:00+00:00,25114.85714
2019-12-23 07:00:00+00:00,27638.8
2019-12-23 08:00:00+00:00,29286.33333
2019-12-23 09:00:00+00:00,30070.57143
2019-12-23 10:00:00+00:00,29900.6
2019-12-23 11:00:00+00:00,29530.83333
2019-12-23 12:00:00+00:00,29505.57143
2019-12-23 13:00:00+00:00,28845.6
2019-12-23 14:00:00+00:00,28080.66667
2019-12-23 15:00:00+00:00,27698.85714
2019-12-23 16:00:00+00:00,27894.4
2019-12-23 17:00:00+00:00,29461.5
2019-12-23 18:00:00+00:00,29717.85714
2019-12-23 19:00:00+00:00,29888.2
2019-12-23 20:00:00+00:00,29778
2019-12-23 21:00:00+00:00,27976.71429
2019-12-23 22:00:00+00:00,25541.2
2019-12-23 23:00:00+00:00,23486.83333
2019-12-24 00:00:00+00:00,21208.28571
2019-12-24 01:00:00+00:00,19799.8
2019-12-24 02:00:00+00:00,19172.33333
2019-12-24 03:00:00+00:00,18862.85714
2019-12-24 04:00:00+00:00,19216.8
2019-12-24 05:00:00+00:00,20512.16667
2019-12-24 06:00:00+00:00,22940.14286
2019-12-24 07:00:00+00:00,24939.8
2019-12-24 08:00:00+00:00,26869.83333
2019-12-24 09:00:00+00:00,27963.85714
2019-12-24 10:00:00+00:00,27911.8
2019-12-24 11:00:00+00:00,27237
2019-12-24 12:00:00+00:00,26881.14286
2019-12-24 13:00:00+00:00,25943.4
2019-12-24 14:00:00+00:00,24980
2019-12-24 15:00:00+00:00,24406.71429
2019-12-24 16:00:00+00:00,24790.8
2019-12-24 17:00:00+00:00,26974
2019-12-24 18:00:00+00:00,27372.85714
2019-12-24 19:00:00+00:00,26348
2019-12-24 20:00:00+00:00,24888.16667
2019-12-24 21:00:00+00:00,22500.85714
2019-12-24 22:00:00+00:00,21523.8
2019-12-24 23:00:00+00:00,20996.5
2019-12-25 00:00:00+00:00,19955
2019-12-25 01:00:00+00:00,18745.8
2019-12-25 02:00:00+00:00,17792.33333
2019-12-25 03:00:00+00:00,17212.42857
2019-12-25 04:00:00+00:00,17205.4
2019-12-25 05:00:00+00:00,17471.66667
2019-12-25 06:00:00+00:00,18016.57143
2019-12-25 07:00:00+00:00,18232
2019-12-25 08:00:00+00:00,19401.33333
2019-12-25 09:00:00+00:00,21494.42857
2019-12-25 10:00:00+00:00,22713.8
2019-12-25 11:00:00+00:00,22987.66667
2019-12-25 12:00:00+00:00,22844.71429
2019-12-25 13:00:00+00:00,22082.8
2019-12-25 14:00:00+00:00,20631.16667
2019-12-25 15:00:00+00:00,20099
2019-12-25 16:00:00+00:00,20613
2019-12-25 17:00:00+00:00,22593.16667
2019-12-25 18:00:00+00:00,23819.71429
2019-12-25 19:00:00+00:00,24710.6
2019-12-25 20:00:00+00:00,25004.5
2019-12-25 21:00:00+00:00,24271.57143
2019-12-25 22:00:00+00:00,22404.6
2019-12-25 23:00:00+00:00,20588.66667
2019-12-26 00:00:00+00:00,18813
2019-12-26 01:00:00+00:00,17890.2
2019-12-26 02:00:00+00:00,17385.16667
2019-12-26 03:00:00+00:00,17170.57143
2019-12-26 04:00:00+00:00,17718.2
2019-12-26 05:00:00+00:00,19343.66667
2019-12-26 06:00:00+00:00,22033.42857
2019-12-26 07:00:00+00:00,24443.6
2019-12-26 08:00:00+00:00,26251.66667
2019-12-26 09:00:00+00:00,27865.42857
2019-12-26 10:00:00+00:00,28128.8
2019-12-26 11:00:00+00:00,27995.83333
2019-12-26 12:00:00+00:00,28108.85714
2019-12-26 13:00:00+00:00,27402.2
2019-12-26 14:00:00+00:00,26254.33333
2019-12-26 15:00:00+00:00,25748.85714
2019-12-26 16:00:00+00:00,26174.8
2019-12-26 17:00:00+00:00,27878.66667
2019-12-26 18:00:00+00:00,28539.71429
2019-12-26 19:00:00+00:00,28990.8
2019-12-26 20:00:00+00:00,28830.66667
2019-12-26 21:00:00+00:00,27102
2019-12-26 22:00:00+00:00,24763
2019-12-26 23:00:00+00:00,22991.5
2019-12-27 00:00:00+00:00,21032
2019-12-27 01:00:00+00:00,19983.2
2019-12-27 02:00:00+00:00,19527.83333
2019-12-27 03:00:00+00:00,19411.28571
2019-12-27 04:00:00+00:00,19973
2019-12-27 05:00:00+00:00,21823
2019-12-27 06:00:00+00:00,24689.28571
2019-12-27 07:00:00+00:00,27111
2019-12-27 08:00:00+00:00,28986
2019-12-27 09:00:00+00:00,30155.42857
2019-12-27 10:00:00+00:00,30187
2019-12-27 11:00:00+00:00,29876.66667
2019-12-27 12:00:00+00:00,29847.57143
2019-12-27 13:00:00+00:00,29057.2
2019-12-27 14:00:00+00:00,27972.33333
2019-12-27 15:00:00+00:00,27568.85714
2019-12-27 16:00:00+00:00,27902.8
2019-12-27 17:00:00+00:00,29593.66667
2019-12-27 18:00:00+00:00,30187.57143
2019-12-27 19:00:00+00:00,30354.6
2019-12-27 20:00:00+00:00,30050
2019-12-27 21:00:00+00:00,28139.85714
2019-12-27 22:00:00+00:00,25904.8
2019-12-27 23:00:00+00:00,24182
2019-12-28 00:00:00+00:00,22026.28571
2019-12-28 01:00:00+00:00,20753.6
2019-12-28 02:00:00+00:00,20137.33333
2019-12-28 03:00:00+00:00,19664.57143
2019-12-28 04:00:00+00:00,19790.6
2019-12-28 05:00:00+00:00,20669
2019-12-28 06:00:00+00:00,22189.71429
2019-12-28 07:00:00+00:00,23850.2
2019-12-28 08:00:00+00:00,25916.16667
2019-12-28 09:00:00+00:00,27951.85714
2019-12-28 10:00:00+00:00,28235.2
2019-12-28 11:00:00+00:00,27906.16667
2019-12-28 12:00:00+00:00,27937.28571
2019-12-28 13:00:00+00:00,27379.4
2019-12-28 14:00:00+00:00,26348.5
2019-12-28 15:00:00+00:00,25685.42857
2019-12-28 16:00:00+00:00,25752.2
2019-12-28 17:00:00+00:00,27715.16667
2019-12-28 18:00:00+00:00,28710.85714
2019-12-28 19:00:00+00:00,29343.2
2019-12-28 20:00:00+00:00,29266.16667
2019-12-28 21:00:00+00:00,27846.14286
2019-12-28 22:00:00+00:00,25798.2
2019-12-28 23:00:00+00:00,23858.66667
2019-12-29 00:00:00+00:00,21724
2019-12-29 01:00:00+00:00,20432.8
2019-12-29 02:00:00+00:00,19646
2019-12-29 03:00:00+00:00,19247.14286
2019-12-29 04:00:00+00:00,19374.4
2019-12-29 05:00:00+00:00,19789.83333
2019-12-29 06:00:00+00:00,20676.71429
2019-12-29 07:00:00+00:00,21549.2
2019-12-29 08:00:00+00:00,23115.83333
2019-12-29 09:00:00+00:00,25216.85714
2019-12-29 10:00:00+00:00,26091.2
2019-12-29 11:00:00+00:00,25961.83333
2019-12-29 12:00:00+00:00,26227.57143
2019-12-29 13:00:00+00:00,26094.8
2019-12-29 14:00:00+00:00,24966.16667
2019-12-29 15:00:00+00:00,24285.14286
2019-12-29 16:00:00+00:00,24576
2019-12-29 17:00:00+00:00,26630.83333
2019-12-29 18:00:00+00:00,27782.28571
2019-12-29 19:00:00+00:00,28761.8
2019-12-29 20:00:00+00:00,28965.33333
2019-12-29 21:00:00+00:00,27781.28571
2019-12-29 22:00:00+00:00,25669.2
2019-12-29 23:00:00+00:00,23483
2019-12-30 00:00:00+00:00,21291.57143
2019-12-30 01:00:00+00:00,20230.6
2019-12-30 02:00:00+00:00,19627.33333
2019-12-30 03:00:00+00:00,19607.57143
2019-12-30 04:00:00+00:00,20104
2019-12-30 05:00:00+00:00,21805.33333
2019-12-30 06:00:00+00:00,24905.71429
2019-12-30 07:00:00+00:00,27607.4
2019-12-30 08:00:00+00:00,29790.33333
2019-12-30 09:00:00+00:00,31062.85714
2019-12-30 10:00:00+00:00,31002.4
2019-12-30 11:00:00+00:00,30463.5
2019-12-30 12:00:00+00:00,30518.85714
2019-12-30 13:00:00+00:00,29779.4
2019-12-30 14:00:00+00:00,28839.5
2019-12-30 15:00:00+00:00,28351.14286
2019-12-30 16:00:00+00:00,28638.6
2019-12-30 17:00:00+00:00,30337
2019-12-30 18:00:00+00:00,31077.14286
2019-12-30 19:00:00+00:00,31289.8
2019-12-30 20:00:00+00:00,31148.66667
2019-12-30 21:00:00+00:00,29249.28571
2019-12-30 22:00:00+00:00,26699.6
2019-12-30 23:00:00+00:00,24422.16667
2019-12-31 00:00:00+00:00,22079.28571
2019-12-31 01:00:00+00:00,20637.8
2019-12-31 02:00:00+00:00,19961.5
2019-12-31 03:00:00+00:00,19761.42857
2019-12-31 04:00:00+00:00,20038.2
2019-12-31 05:00:00+00:00,21344.33333
2019-12-31 06:00:00+00:00,23693.42857
2019-12-31 07:00:00+00:00,25833
2019-12-31 08:00:00+00:00,28108.83333
2019-12-31 09:00:00+00:00,29855.42857
2019-12-31 10:00:00+00:00,30097.2
2019-12-31 11:00:00+00:00,29497.66667
2019-12-31 12:00:00+00:00,28974.28571
2019-12-31 13:00:00+00:00,28098
2019-12-31 14:00:00+00:00,27172.16667
2019-12-31 15:00:00+00:00,26594
2019-12-31 16:00:00+00:00,26907.8
2019-12-31 17:00:00+00:00,29124.83333
2019-12-31 18:00:00+00:00,30171
2019-12-31 19:00:00+00:00,29359.6
2019-12-31 20:00:00+00:00,27830.33333
2019-12-31 21:00:00+00:00,25239.71429
2019-12-31 22:00:00+00:00,23960.6
2019-12-31 23:00:00+00:00,23001
